:10000000C0930020E91A01000B260200D51A010056
:10001000D51A0100D51A0100D51A01000000000010
:10002000000000000000000000000000C51B0100EF
:10003000D51A010000000000B91D0100D51A010009
:10004000311E0100AB4E0200311E0100311E0100C5
:10005000311E0100311E0100311E0100311E010060
:10006000C14E0200311E0100311E0100D74E0200B8
:10007000311E0100311E0100311E0100311E010040
:10008000311E0100311E0100311E0100311E010030
:10009000311E0100311E0100311E0100311E010020
:1000A000311E0100311E0100311E0100311E010010
:1000B000311E0100311E0100311E0100311E010000
:1000C000311E0100311E0100311E0100311E0100F0
:1000D000311E0100311E0100311E0100311E0100E0
:1000E000311E0100311E0100311E0100311E0100D0
:1000F000311E0100311E0100311E0100311E0100C0
:1001000080EA101404F0F01480EA0410604081EAE0
:10011000111404F0F01481EA0411614082EA12140F
:1001200004F0F01482EA0412624083EA131404F02B
:10013000F01483EA0413634080EA102404F47F443B
:1001400080EA0420604081EA112404F47F4481EABB
:100150000421614082EA122404F47F4482EA0422EA
:10016000624083EA132404F47F4483EA0423634057
:1001700081EA500404F0553480EA4400614083EA87
:10018000520404F0553482EA4402634082EA900447
:1001900004F0333480EA8400624083EA910404F07E
:1001A000333481EA84016340704700BF82EA9004DF
:1001B00004F0333480EA8400624083EA910404F05E
:1001C000333481EA8401634081EA500404F05534F9
:1001D00080EA4400614083EA520404F0553482EA24
:1001E0004402634080EA102404F47F4480EA04203F
:1001F000604081EA112404F47F4481EA04216140D3
:1002000082EA122404F47F4482EA0422624083EAF0
:10021000132404F47F4483EA0423634080EA101427
:1002200004F0F01480EA0410604081EA111404F034
:10023000F01481EA0411614082EA121404F0F0140F
:1002400082EA0412624083EA131404F0F01483EA91
:1002500004136340704700BF2DE9F14F94464FEA05
:10026000930B8A68CB6808684968FFF749FF0BF170
:10027000060E33E083EA134480EA134582EA13470B
:1002800046BA96EA3444604000F00F1684EA063419
:1002900020F00F1684EA161054BA94EA0106724050
:1002A00002F00F1486EA043622F00F1486EA1412C4
:1002B0004CBA6540694001F00F1485EA043521F01D
:1002C0000F1485EA14115CBA67407B4003F00F14E9
:1002D00087EA043723F00F1487EA1413BCE8F00010
:1002E0006040694072407B4000F0E03400F010351F
:1002F00000F00F3040EA540040EAC50080EA900464
:1003000004F0332480EA8400604001F0E03401F01E
:10031000103501F00F3141EA540141EAC50181EA8B
:10032000910404F0332481EA8401614002F0E03456
:1003300002F0103502F00F3242EA540242EAC502DE
:1003400082EA920404F0332482EA8402624003F0D9
:10035000E03403F0103503F00F3343EA540343EA6B
:10036000C50383EA930404F0332483EA84036340DF
:1003700081EA324787EA134581EA354690EA060466
:1003800084EA034B82EA1B4280EA044484EA05447F
:1003900083EA144A85EA14448BEA044B84EA37441E
:1003A00081EA0B4181EA164104EA0A00454082EAEB
:1003B00004082BEA080041408AEA0B0602EA06001C
:1003C00084EA34438AEA3A4603EA0607784045401D
:1003D000414088EA38478BEA3B4007EA000985EA52
:1003E000090583EA0709464006EA0906714085EADD
:1003F000010005EA3546464006EA314181EA3041CE
:1004000081EA364606EA304686EA3546344008EA4E
:10041000010886EA01052A4086EA364003405A4030
:1004200081EA31431F407C4080EA030709EA07095B
:1004300088EA0908544088EA020806EA0A0601EA3E
:100440000B018AEA0B0215408AEA3A421040454005
:100450008BEA3B4003405E404240174079404D40AC
:100460004E40E443F64386EA18435D4085EA054082
:1004700083EA134386EA034183EA384284EA11435C
:1004800083EA04435FEA3343BEF1010E3FF6F2AE66
:100490001ED4BCE8F0006040694072407B4020BC44
:1004A000FFF784FE28606960AA60EB60BDE8F08F0A
:1004B0002DE9E0414FF2F00280EA1031114080EA6C
:1004C0000130484041088208C3084FF0000E4FE752
:1004D00000F0113001F0113102F0113203F011334C
:1004E00040EA410040EA820040EAC3004FF2F002D5
:1004F00080EA1031114080EA01304840BDE8E081D7
:100500002DE9F04F02F11C050646074600EB850871
:1005100051F8040B043A46F8040BF9D14FF0010CE2
:10052000FFF7C6FF5FEA302080EA0C001ECF414093
:100530004A4053405C401EC62000464517D04FEA53
:100540004C0C1CF4807F18BFACF1E50C2C2DE7D0CF
:100550003C2D06D1FFF7ACFF06CF41404A4006C60E
:10056000100006CF41404A4006C61000D8E736E9E1
:100570000F00FFF7C5FD043D86E80F00F7D1BDE889
:10058000F08F00BF2DE9F14F03F11C0402EB840C46
:100590004FEA930B8A68CB6808684968FFF7B0FD9B
:1005A0003CE9F0006040694072407B400BF1060E70
:1005B0004EE083EA134480EA134582EA134746BAC1
:1005C00096EA3444604000F00F1684EA063420F0C6
:1005D0000F1684EA161054BA94EA0106724002F02B
:1005E0000F1486EA043622F00F1486EA14124CBA6D
:1005F0006540694001F00F1485EA043521F00F14BD
:1006000085EA14115CBA67407B4003F00F1487EA57
:10061000043723F00F1487EA141344BA44404DBA48
:100620004D4056BA56405FBA5F4087EA174886EA9F
:10063000174B84EA17464FEA38488BEA1B4485EA91
:100640001B4788EA1B4580EA3440694072407B4082
:1006500000F0703400F0803500F00F3040EA4400C4
:1006600040EAD50080EA900404F0332480EA840054
:10067000604001F0703401F0803501F00F3141EA43
:10068000440141EAD50181EA910404F0332481EA6E
:100690008401614002F0703402F0803502F00F32C4
:1006A00042EA440242EAD50282EA920404F0332488
:1006B00082EA8402624003F0703403F0803503F074
:1006C0000F3343EA440343EAD50383EA930404F077
:1006D000332483EA84036340C943DB4381EA000493
:1006E00083EA044686EA020183EA014382EA33454B
:1006F00083EA14435C4084EA00077FEA040A8AEA3A
:10070000024A8AEA010B87EA11488AEA374A80EAF4
:10071000060181EA1A418AEA030A04EA0A0045400E
:1007200088EA040707EA0B0041408AEA0B0608EA58
:10073000060084EA34428AEA3A4602EA060358404E
:100740004540414087EA37438BEA3B4003EA0009D2
:1007500085EA090582EA0309464006EA090671406E
:1007600085EA010005EA3546464006EA314181EA5C
:10077000304181EA364606EA304686EA354634405C
:100780000F4086EA010508EA050886EA364002407D
:1007900088EA020881EA314213405C4080EA0203A1
:1007A00009EA030987EA0907674088EA040806EAB4
:1007B0000A0601EA0B018AEA0B0425408AEA3A4458
:1007C000204045408BEA3B4B02EA0B02564084EA4C
:1007D0000B04234059406E40694087EA364080EA66
:1007E000384080EA060380EA104481EA134585EA2E
:1007F000344585EA17427D4082EA354180EA05406A
:100800003CE9F0006040694072407B40BEF1010E5F
:100810003FF6CFAE20BCFFF7C9FC28606960AA6034
:10082000EB60BDE8F08F00BFFFF76ABE2DE9F0076F
:1008300091E8F807B2E802105B1854EB0C04B2E838
:1008400002104D4156EB0C06B2E802104F4158EB36
:100850000C08B2E8021059EB01095AEB0C0A80E8C7
:10086000F80780410130BDE8F00770472DE9F00737
:1008700091E8F807B2E802105B1A74EB0C04B2E8D6
:1008800002108D4176EB0C06B2E802108F4178EB36
:100890000C08B2E8021079EB01097AEB0C0A80E847
:1008A000F80780414042BDE8F00770472DE9F007A6
:1008B000524290E87800B1E880071740DB1918EA47
:1008C000020854EB080419EA020955EB09051AEA73
:1008D000020A56EB0A0678C090E87800B1E8800773
:1008E00017407B4118EA020854EB080419EA020990
:1008F00055EB09051AEA020A56EB0A0678C0804150
:100900000130BDE8F00770472DE9F007524290E84A
:100910007800B1E880071740DB1B18EA020874EB87
:10092000080419EA020975EB09051AEA020A76EBCE
:100930000A0678C090E87800B1E880071740BB410C
:1009400018EA020874EB080419EA020975EB0905B4
:100950001AEA020A76EB0A0678C080414042BDE8F6
:10096000F00770472DE9F00152424FF0040890E87B
:10097000300091E8C000A31B1340E41AF618EB1BEB
:100980001340ED1AFF1830C0C0C1B8F10108EED114
:10099000BDE8F001704700BF00B592E8DC072DE923
:1009A000DC07B1E8805702B4A7FB02510A95A8FB07
:1009B000020BE7FB6310E9FB62B00B91A8FB03514C
:1009C000EAFB6201E7FB64B5E7FB6605E8FB661539
:1009D000CDF830B0A9FB03B6EAFB6316ECFB635617
:1009E000E8FB640BE9FB641BEAFB645BECFB646BF8
:1009F0000D90ACFB0230059CEEFB6250E9FB64609D
:100A0000EAFB64B0E7FB6431E8FB6451069CE8FB59
:100A10006461E9FB64B1EAFB64010E93A7FB043255
:100A2000079CE7FB6462E8FB64B2E9FB6402EAFB53
:100A30006412049CE9FB6453EAFB6463089CE7FBD3
:100A400064B3E8FB6403E9FB6413EAFB64230F95DA
:100A50005DF8049B99E80006DDF80080A9FB0854C6
:100A6000EAFB68B4DDF81080ECFB6804EEFB681468
:100A7000E9FB6824EAFB6834DDF80480EEFB686576
:100A8000E9FB68B5EAFB6805DDF81480ECFB681546
:100A9000EEFB6825E9FB6835EAFB68450F96DDF853
:100AA0000880AEFB0876E9FB6806EAFB6816DDF80D
:100AB0001880ECFB6826EEFB6836E9FB6846EAFB2B
:100AC0006856DDF80C80ECFB68B7EEFB6807E9FBC5
:100AD0006817EAFB6827DDF81C80ECFB6837EEFB43
:100AE0006847E9FB6857EAFB686708B000BD00BFCC
:100AF0002DE9F14F87B0FFF74FFFDDF81C8008F1BB
:100B0000200888E8FF00FFBC87E87F08BDE8F08F79
:100B100000B591E89857A3FB03520195A3FB04018C
:100B2000E3FB6420E3FB67100292A3FB0752E3FBA5
:100B30006802E4FB6415E3FB6805E3FB69250391A8
:100B4000A4FB07B6E3FB6926E3FB6A56E4FB670BED
:100B5000E4FB682BE3FB6A5BE3FB6C6B0490A4FB98
:100B60000810E4FB6950E3FB6C60E3FB6EB0E7FB4D
:100B70006721E4FB6951E4FB6A61E3FB6EB1E4FBCE
:100B80006E010592A7FB0832E4FB6A62E4FB6CB2DB
:100B9000E4FB6E02E7FB6E12E7FB6853E7FB696359
:100BA000E4FB6CB3E7FB6C03E7FB6E13E8FB6E231F
:100BB0000695A7FB0954E7FB6AB4E7FB6C04E8FB66
:100BC0006C14E8FB6E24E9FB6E34E8FB6865E7FB18
:100BD0006AB5E8FB6A05E8FB6C15E9FB6C25E9FBE7
:100BE0006E35EAFB6E450796A8FB0976E8FB6A06B8
:100BF000E9FB6A16E9FB6C26EAFB6C36EAFB6E46FB
:100C0000ECFB6E56E8FB69B7E9FB6907E9FB6A177D
:100C1000EAFB6A27EAFB6C37ECFB6C47ECFB6E5790
:100C2000EEFB6E6700BD00BF2DE9F14F87B0FFF707
:100C30006FFFDDF81C8008F1200888E8FF00FFBC8A
:100C400087E87F08BDE8F08F30B44FF0000310F85C
:100C5000014B11F8015B013A84EA050443EA0403FD
:100C6000F5D1A3F101034FEAD37030BC704700BF48
:100C70004FF0000310F8012B013943EA0203F9D1C8
:100C8000A3F101034FEAD370704700BF30B411F8ED
:100C9000014B12F8015B6C4000F8014B013BF6D1AF
:100CA00030BC70472DE9F00791E8F807B2E8021070
:100CB0005B1854EB0C04B2E802104D4156EB0C06E5
:100CC000B2E802104F4158EB0C08B2E8021059EBA1
:100CD00001095AEB0C0A8941B3F1FF3374F1FF3477
:100CE00075F1FF3576F1000677F1000778F100081D
:100CF00079F101097AF1FF3A51F100015B184C4199
:100D00004D4156F1000657F1000758F1000859EB24
:100D1000D1795AEB010A80E8F807BDE8F00770477F
:100D20002DE9F00791E8F807B2E802105B1A74EBBE
:100D30000C04B2E802108D4176EB0C06B2E802100A
:100D40008F4178EB0C08B2E8021079EB01097AEBDD
:100D50000C0A89415B184C414D4156F1000657F190
:100D6000000758F1000859EBD1795AEB010A80E8E5
:100D7000F807BDE8F007704718EB040859EB0509C0
:100D80005AEB060A5BEB070B5FF0000C4CF1000C12
:100D900018EB050859EB06095AEB070A5BEB070B42
:100DA00050EB0C005FF0000C51EB0C0152EB0C020D
:100DB00063414CF1000CB8EB070879F100097AF1B6
:100DC000000A7BEB040BA841B141A241B3416CF195
:100DD000000CBBEB050BB041B941AA41BB416CF122
:100DE000000C4CF001068CF0020718EB060859EBDA
:100DF0006C095AEB6C0A7BEB6C0B70EB6C0471EBBF
:100E00006C0572EB670653EB6C076CEB6C0C18EB24
:100E10000C0059EB0C015AEB0C025BF1000354F18E
:100E2000000455F1000556EBDC7657EB0C077047D4
:100E30002DE9F14F87B0FFF7AFFDDDF81080DDF849
:100E40001490DDF818A0FFF797FFBDE8000FFFF73B
:100E500093FF03B05DF8048B88E8FF00BDE8F08FD6
:100E60002DE9F14F87B0FFF753FEDDF81080DDF874
:100E70001490DDF818A0FFF77FFFBDE8000FFFF723
:100E80007BFF03B05DF8048B88E8FF00BDE8F08FBE
:100E9000064B074A5B7802604FF426728280C3716A
:100EA0000822002382710372704700BF18290020B6
:100EB000A7D50000064B074A5B7A02604FF49C728C
:100EC0008280C3710822FF2382710372704700BFC2
:100ED00018290020D5D00000F8B5C41D002824F042
:100EE0000704054614BF2046002000F053FA071EF1
:100EF00002DA6FF00B00F8BD254EB1887088F379E7
:100F0000B2790331033089B280B209F0DCFF0028E6
:100F1000EFDB737831783C4403341944002D24F01E
:100F2000030400FB01F114BF2046002000F0B8FBD1
:100F300023180DB9002BDCDB717A184679B1033325
:100F4000002D23F0030414BF20460020728900F016
:100F500019FC0028CDDB20440DB90028C9DB317A0B
:100F600091B1737A83B1C41D002D24F0070414BF1E
:100F70002046002003F05EF80028BADB0DB1002007
:100F8000B9E72018B7D5B4E7002DF8D1B3E700BF13
:100F9000182900201FB572B6194BDD68EDB9BFF3F3
:100FA0004F8F1849184BCA6802F4E0621343CB60B4
:100FB000BFF34F8F00BFFDE72346B2FBF6F25C1C88
:100FC000002AF9D104AEDCB256FA83F303F80C2CF4
:100FD0000A2234B901A8A847E1E7024600230A26FD
:100FE000EDE7631E04AEDCB256FA83F3B0FBF2F613
:100FF00002FB1600303003F80C0C3046E9E700BF66
:101000001829002000ED00E00400FA0507B50A4B9E
:10101000DA88ADF8002068469A885B88ADF804202D
:10102000ADF8023001F0FAFC18B1FA219C20FFF76C
:10103000B1FF03B05DF804FB1829002010B5044689
:1010400028B309F007F810B94FF0FF3010BD06F0D3
:10105000A5FFB0F5FA7FF7D80E4B00221A744FF4B3
:1010600080721A801B225A809A8040F20322DA8012
:101070004FF484721A811F22DC605A81EFF31084CE
:1010800072B600F0DDFB04B962B60020DEE76FF057
:101090001500DBE71829002010B5002840D1234CAB
:1010A000237C032B39D059B1002A3CD002390529C1
:1010B00036D8DFE801F0031227352A2D1378637044
:1010C0000020FFF709FF0028B7BF01230223237484
:1010D0006FF00B00A8BF237410BD13791BB35379B5
:1010E0000BB31188FB291ED853881B3B9BB2E02B06
:1010F00019D81A2917D91368C4F802300C4B9288F2
:101100009A80DDE713786372DAE713886381D7E7A3
:101110001388FF2B07D82372D2E74FF0FF30DBE7AD
:101120006FF02C00D8E76FF01500D5E718290020E4
:101130001A290020F8B50D46064620B319B311F060
:10114000070420D1114F3B7C012B02D16FF00B0023
:10115000F8BD032B02D14FF0FF30F9E700F0ACFBF4
:101160000028F8D02846FFF7B7FE0028EEDB0CF089
:1011700071FA3046214601F0D3FCFFF747FF032305
:101180003B742046E4E76FF01500E1E718290020E2
:1011900010B5064C237C032B03D101F0D7FC02F0E1
:1011A000EDF909F09AFF0020207410BD18290020E5
:1011B00008B501F081FCBDE808400249012000F0BB
:1011C000E1B800BFB50E000008B501F089FCBDE82C
:1011D00008400249002000F0D5B800BF910E000081
:1011E000074B4FF0FF3141F6FF72C3E9001205498A
:1011F0000022C1E900221F21C3E90212704700BF8B
:10120000C02000202C2900203F280CD801380B4B8F
:10121000C0F3421200F01F0053F8223023FA00F00E
:1012200000F001007047FF2806D04038C0F342129A
:10123000034B00F01F00EFE701207047C0200020A3
:101240002C2900200146074B006849681A4603C252
:1012500040F48C221A6041F0107242F4FF625A602E
:1012600000207047C02000200246034B00685168F0
:1012700003C30020704700BF2C2900200246034B07
:101280000068516803C30020704700BFC8200020D9
:101290000138064BC0F3421203EB820300F01F003B
:1012A0009B6823FA00F000F001007047C020002086
:1012B000F0B50C88C37C0288A5B2C4F30E0404F117
:1012C00018060233865B1A44334497B213FA82F34A
:1012D000013B4288B3FBF7F313FB07439BB29A42EF
:1012E000044A93BF22EA05032A4013439BB20B80B2
:1012F000F0BD00BF0080FFFF4A1E062A08B5034666
:10130000084604D84FF4D1711520FFF743FE094A6F
:10131000914202D940F2A311F6E711B903B1196065
:1013200008BD2BB11B680022C3E901211A1D1A60F8
:101330000430F5E7FAFFFF7F10B5114B00EB4104D5
:101340001A786389B3FBF2F303FB0223013A1A44D0
:10135000B2F5706F0279807828BF00231A440B1809
:10136000B2FBF0F100FB11215B1AB3FBF0F100FBC3
:10137000113313446FEA43436FEA5343638110BD53
:1013800034290020024B03EB80035960704700BFF3
:10139000342900202DE9F04F10F0070A85B00546EA
:1013A00004D040F26F111720FFF7F4FD534F07F1FF
:1013B0000C06B1460446B04657F8043B8DF80BA026
:1013C0003BB101A898479DF80A30082B01D9F521B7
:1013D000E9E79DF80B1041BB05B131604F4506F1BF
:1013E0000406E9D1002D70D0DFF81491002289F8AD
:1013F00000209646022758F827A0013FBAF1000FB7
:1014000056D09AF804609AF802C0FF2E61D039468F
:101410000023481C39D19C44BCF1FF0F40D90AB1CC
:1014200089F800E04FF49A71BDE79DF80AC0604664
:10143000022838BF02204B1D5A0004EB4303441E10
:101440002344BDF808406444013CCCF1000C04EA9C
:101450000C044042B4F5803F03EA000302D340F29B
:101460000511A0E775B19A1A0120326091701480BD
:10147000D0709DF80C001071019810814FEA104C4B
:10148000A2F806C004FB0134A8E758F8210028B1EF
:1014900090F804B0B34504BF80781B180139B8E751
:1014A000DBB2E6458AF804303CBF5FFA8CFE0122CD
:1014B0007B1CA0D10AB189F800E0022640F6FF6A41
:1014C00058F82670B7B9013EFAD2601B05B0BDE8E6
:1014D000F08F0023E5E707EB41033846A3F80AA0A5
:1014E000FFF72AFF09F10109BB785FFA89F18B4206
:1014F000F1D8E8E74FF00009F6E700BF38290020EF
:101500003429002038B54FF6FF730380184B03EBE6
:10151000810302461869A8B184780379B3FBF4F11A
:1015200004FB1133DBB2194600EB4105B5F90A5053
:10153000002D0EDB0131B1FBF4F504FB1511C9B22E
:101540008B42F1D1002038BD6381BDE8384009F0FD
:1015500096BC00EB41046389C3F30E031380C27889
:10156000002AF1D14FF4E5711720FFF713FD00BFFA
:10157000342900201C4B03EB810370B51C69054620
:1015800044B3030404D54FF4EC711720FFF702FDB8
:101590000146204609F055FCFF28014604D02046AC
:1015A000BDE8704009F06BBCA078B5FBF0F300FB20
:1015B0001353DBB219460A1D04EB4206B6F902606A
:1015C000002E09DB0131B1FBF0F200FB1211C9B2B0
:1015D0008B42F0D1002070BD8B4201D00023E3701C
:1015E00004EB42025580DAE734290020094B03EB73
:1015F000810310B51C690146204609F022FCFF2832
:10160000014604D02046BDE8104009F038BC002057
:1016100010BD00BF34290020F8B5104B03EB810347
:1016200007461C690146204609F00BFCFF280546C9
:1016300011D0E288238953EA024606D001462046AB
:1016400009F01DFC01463846B04720462946FFF701
:1016500073FE0020F8BD0520FCE700BF3429002000
:1016600038B50E4B827903EB82030446186908B93A
:10167000052038BD8278E1799142F9D24B1CE371A3
:1016800000EB41035D89B3F90A30002BF3DBA58041
:1016900009F0F5FB20600020EBE700BF34290020B3
:1016A00070B5044610F003000E4603D04E211820FA
:1016B000FFF770FCFFF720FE054624B103483146D2
:1016C0000460FFF719FE284670BD00BF50290020B6
:1016D0002DE9F14FDFF870B09DF828A09DF82C900F
:1016E0001E46DBF8003007460D4690461BB96021C8
:1016F0001820FFF74FFC52460921404609F026FA10
:101700004A4684B20921304609F020FA14FA80F1E1
:10171000DBF8000009F069FB386018B9286001B0F7
:10172000BDE8F08F04442C603868534641460922D6
:1017300009F0CFF928684B460922314601B0BDE8CF
:10174000F04F09F0C6B900BF5029002070B50E4611
:10175000044609F00EFA0546304609F00AFA044B31
:101760002A1821461868BDE8704009F063BB00BF25
:1017700050290020024B186808B109F02ABB7047B5
:10178000502900201F2AF8B5044626D80420032338
:10179000134D12FB003254B1A30703D06821092076
:1017A000FFF7F8FB22F0030329706C602B8122F015
:1017B00003022823120403FB01F001276B68120CBB
:1017C0000025EEB2B14200D8F8BD14B126181F7042
:1017D0005E60104401352833F3E74FF0FF30F3E744
:1017E0005429002070B5154A157853680021C8B2F5
:1017F000854203D8BA210920FFF7CCFB1C461846C6
:1018000014F8286B01310EB92346F0E700219970D6
:10181000128999610124D96159685C70920803F1B9
:101820001E0403F1260524F8022FAC4243F8041FDE
:101830001144F8D100234361037070BD5429002086
:10184000134B012200214FF0FF309A60C3F80012C1
:10185000C3F80803C3F80015C3F804259A60C3F859
:101860000803C3F80015C3F804250A490A4A03F51A
:1018700080334FF40040C3F80825C1F88000BFF35F
:101880004F8FBFF36F8FC1F88001C3F808257047F1
:1018900000F0004000E100E00000F63F024B02686B
:1018A0001A600020704700BF60290020014B1B68B0
:1018B000184700BF60290020024B1868003818BF85
:1018C00001207047602900200A468F2302F8033B5D
:1018D0000448C368C1F803300369536043699360E7
:1018E000704700BF64290020024B5A8C02435A847F
:1018F0005B6A184764290020014B00215B6A184786
:101900006429002010B5154C05F05AFB05F056FD72
:10191000208DFFF7F1FF237E63B12246104952F874
:101920000C3BE3606368536004F11900A3689360A3
:101930000AF012FD218DE06A02F0B0FBE36AB3F811
:10194000AA0002F02DFB636B94F8301094F831007C
:101950009847002384F8383010BD00BF6429002068
:10196000C9180000034B93F838300BB1FFF7CABF1A
:10197000704700BF6429002070B5184CE66AE36C1C
:10198000E3634FF481730546A4F8403094F85000A7
:10199000337D96F8151100EB83002DB9FF2803D194
:1019A00096F814318B4201D005F082F8337D73B183
:1019B000606D05F05BFA616DE06B05F0DBFC15B95D
:1019C000284605F0A7FA022384F8383070BDE06B92
:1019D00005F04CFA05F0F2FCF1E700BF64290020A5
:1019E000F0B590F86D40134A0B46012CD1E91E6703
:1019F00092F8502087B001F1800103F190034FF07D
:101A0000010006D0022C13D040F225410620FFF73A
:101A1000C1FA00240025CDE9013205900090CDE9FE
:101A2000034532463B46012005F002FC07B0F0BDFD
:101A30000446EFE76429002008B5094B93F83820E5
:101A4000022A04D040F257312720FFF7A3FADA7AAE
:101A500042F00102DA72BDE80840FFF753BF00BF51
:101A60006429002070B50F4DAE6D3478C90001F0C7
:101A7000080104F0F30492000C4302F00402144342
:101A80001B0103F0100304F0EC041C4300F00300FE
:101A900004433470B5F8643073700223A5F85C30E9
:101AA00070BD00BF64290020F7B5184CA56E06462E
:101AB0000DB1636C23B940F6C4012720FFF76AFA21
:101AC000B4F848306B702B782F4601F0030123F0F7
:101AD00003030B4307F8033BB4F84820616C384616
:101AE00008F05EFD0DF1020201A9E06EE563676496
:101AF00009F065F9019809F050F9B4F84810306020
:101B00000122E06E09F0F8F803B0F0BD642900206E
:101B10002DE9F0412C4C94F83830012B06460F4645
:101B20005FFA83F804D040F60C112720FFF732FA51
:101B3000E56A2B7933B1002129710420FFF7D4FE27
:101B400085F805802B7A052B0AD120490220FFF762
:101B5000CBFE236E1B78991E4B424B4184F87030AC
:101B60001EB1BDE8F041FFF7CDBE002FF9D0636F85
:101B7000304698470028F4D094F83030002BF0D14C
:101B8000638C9A0716D594F87030002BE9D02B7D22
:101B9000E46A23B1294604F1A800FFF721FF94F875
:101BA0001521012096210BF0C9FDBDE8F041002070
:101BB000FFF7E2BE002BD4D194F87830002BE6D1A9
:101BC00094F87930E1E700BF64290020C42900209F
:101BD0002DE9F04F964EF46A91B004F1A8030A93F0
:101BE0000023CDE90D3396F838300790022B099188
:101BF0005FFA83FA04D040F6AD112720FFF7CAF947
:101C0000F36B03221D785978A6F8481013447364C7
:101C1000079BA6F8402005F00308002B00F0F48095
:101C200019B1F06E09F048F80146627A338DB16659
:101C30000132D2B282EA950743F4007317F001072C
:101C4000338546D1237A23B3032B62720AD8012B42
:101C50001FD0D6F880000DA908F0D7FF90B940F248
:101C6000D471CAE7053B012B02D940F2B371C4E736
:101C700001F00EF810B940F2DE71BEE739460820D7
:101C8000FFF732FED4E91C32013342F10002C4E90D
:101C90001C326379002121721BB161711020FFF7A2
:101CA00023FE338D43F40063338500230893237DA3
:101CB000C5F3C007CBB1B6F84830B3B105F096FB19
:101CC0000328FBD0022806D1FFF71CFE11B0BDE8A7
:101CD000F08F079BEAE740B9A37A03F001039F4224
:101CE00003D1012386F83130EEE7A27A02F0010336
:101CF0009F4240D04FF0000BB36E002B40F0968017
:101D0000B6F84830B3FA83F35B0903EA151386F893
:101D10007930099B002B40F08F80728C96F88630CA
:101D2000110704D596F87020002A40F08580012B19
:101D300000F28280736F0120984700287CD096F8CB
:101D40003050002D78D1E37C002B00F0D78094F840
:101D50001461012ED4E91C2304F1800104F19007E1
:101D60004FF0010000F0BF80022E00F0F18040F241
:101D70002541062042E7B6F84830E3B108F1FF31CB
:101D8000012918D8318D41F48051318596F884109D
:101D9000994206D296F8303043F0100386F830307E
:101DA000A8E7B16E0029A5D096F8851019B12020BA
:101DB000FFF7A2FD9EE70132B8F1030FA27219D01E
:101DC00008F1FF32012A0BD8002B93D0D4E91E3240
:101DD000013342F10002C4E91E32DDF81CB08BE78A
:101DE000002B87D0D4E91E32013342F10002C4E94E
:101DF0001E327FE7338D0F49012043F48053207159
:101E00003385FFF771FDEDE7237D0BB105F02AFB6C
:101E100096F88630013386F88630338D4FF0000B0C
:101E200043F480633385CDF820B065E701236CE788
:101E300064290020A829002005F0C2F8BBF1000F9A
:101E40004CD101230993A54D2B8D5A0606D4402071
:101E5000FFF752FD2B8D43F040032B85089B63B1A8
:101E6000B5F80720B5F805301343E28813431EBFC9
:101E7000B5F809300133A5F80930079B002B00F0B5
:101E80002681B5F805300133A5F80530002385F823
:101E90008630934802F072F80D9830B108F07DFF5B
:101EA000002202720A9901F071FC0E9B33B10022EC
:101EB0001A720C220A990E9801F036FC099B002B2D
:101EC0007FF402AF2B8D1B063FF500AF8020FFF79C
:101ED00013FD2B8D43F080032B85F7E641460EA8BA
:101EE000FFF7E2FDADE72E4605900020CDE9036047
:101EF000FB26CDE90176009005F09AF9774F94F82A
:101F00001421962100200BF019FCD7F82C9097F89B
:101F1000503099F8142099F8141103EB8203FF2B29
:101F200003D199F815318B4202D0FF2004F0C0FD97
:101F3000FE6A00238DF83130ADF83230337A062B4B
:101F400000F2B280DFE803F0068E9191B0A3A30007
:101F50000646C9E797F88730A6F804310DF132013B
:101F60000FA8ADF8323000F085FE30B10F9820B1E7
:101F700005233372BDF8323014E0FB6A93F8513018
:101F8000002B6AD1D7F880000DF131020DF132013A
:101F900008F016FE002860D0BDF83230002B4BD17F
:101FA00001223272B865A7F8643003B1C31C3B66E6
:101FB000B27A96F809A0367A0B92022E07D0053E27
:101FC000012E74D81B78022B4FF003060CD0D7F8E3
:101FD000800008F050FE00286BD1032E04D000F0E2
:101FE00063FE80F00105EDB23C4F05F0010387F878
:101FF000783099F81330002B5DD0B7F86430002B9F
:1020000059D051460B9A2B463046FFF72BFD786D81
:1020100004F02CFFD7E9150105F072F9012387F8C8
:10202000883087F83830BBF1000F3FF40CAF4146E1
:102030000EA8FFF739FD06E79DF831201AB9028096
:102040008270032395E7027802F00302012A08BF99
:102050004FF0030A86F808A0A4E70023ADF8323059
:10206000012333721F4800239CE7B6F80431D7F8E8
:102070008000ADF832300DF131020DF1320108F07F
:102080009FFD00287FF476AF40F2C351B5E50DF116
:1020900032010FA800F0EEFD08B10F9810B940F220
:1020A000D251AAE5062364E740F2DC51A5E50126FA
:1020B0008DE7012598E70B9A2B4651463046FFF7EE
:1020C000D1FCB86D04F0D2FE05F078F9A6E7B5F8BA
:1020D00007300133A5F80730DBE600BF6429002094
:1020E00090290020DE29002010B5064B93F83820F7
:1020F00002F0FF0422B91C7601F0C8FF204610BD93
:102100000C24FBE764290020094B0A4A10B51A6029
:10211000FFF7EAFF20B14FF4B1712720FEF73AFF35
:1021200000F024FD044CE06400F024FD606510BD67
:10213000C4320020E022000064290020F8B55C4C85
:1021400094F83860054606F0FF0016B909B102B1EF
:1021500023B94FF420712720FEF71CFF63639DF81D
:10216000183084F885306162626784F8300084F842
:10217000860084F8310084F888006084208584F823
:10218000780084F8790084F87000A0652066A4F8CF
:102190006400E0636064A4F84800E56204F0CAFCEF
:1021A00005F00CF995F91C0104F00EFDD5F8D0608E
:1021B000D5F8C80004F00EFD304604F049FE95F84D
:1021C000240004F011FDE36A93F891320BB104F09E
:1021D0009FFC0AF050FC95F8152100F189010120BF
:1021E00004F070FD334B186804F038FED5F8BC30AD
:1021F000C4F88030D5F8C030E366AB7B233B072BB7
:1022000054D9EB7B233B072B50D9B5F8E630B5F812
:10221000EC0095F81411984228BF184609F01BFEEF
:1022200095F8E830834228BF034698B295F8E43029
:10223000984200D3C3B295F8151184F8873005F1A0
:10224000DC000AF000F92F7D95F81511B5F8F06063
:1022500009F001FE0FB9043080B2864228BF06465D
:10226000F3B284F8843084F850302B7D23B12946B2
:1022700005F1A800FFF7B4FB0120FFF77DFBE36A3F
:10228000D3F8C00104F00EFE002323606360A36056
:10229000EB886380B5F8AA30238095F82430237149
:1022A000D5F818310BB101221A60F8BD1B23C2E723
:1022B00064290020C4320020014B93F88800704745
:1022C00064290020024B93F82900C0F3C000704736
:1022D00064290020014B93F8860070476429002090
:1022E000391A0000D11B0000111B00006519000005
:1022F000F0B5070CA7F5AA42144B543A012A03EA99
:1023000090231FD927F4004042F6AA22801A18BF52
:1023100001200022162116461F2487EA060562EADC
:102320000505013510D0DD03ADB245EA5606E503DB
:10233000ADB2013945EA52024FEA53034FEA540461
:10234000EBD1F0BD0020E4E70020FAE7E0FF3F001A
:10235000304BF0B55A89B0F86070B0F85E609D8976
:10236000974228BF1746964228BF16461B2E85B0B7
:102370000C462ED0B5F5A47F2DD040F648039D42E3
:1023800001A928BF1D4608F0D9FEBDF80A30BB429E
:1023900028BF3B46E380BDF80C30AB4228BF2B463C
:1023A0002381BDF80630B34228BF33466380BDF8B1
:1023B0000830AB4228BF2B46A380FF232370E3885D
:1023C0001B3B9BB2E02B08D940F209513920FEF7A4
:1023D000E1FD1B2FCED105B0F0BD63881B3B9BB246
:1023E000E02B02D940F20B51F0E72389A3F5A47347
:1023F0009BB2B3F5E06F02D940F20D51E6E7A38836
:10240000A3F5A4739BB2B3F5E06FE4D940F20F518A
:10241000DCE700BFF029002010B501210020FFF704
:10242000E5F8044670B90121FFF7A4F8044620B985
:1024300040F225313920FEF7ADFD034B93F918101A
:102440000AF01AFE204610BDF0290020014BD88862
:10245000704700BFF0290020044BD87CC0F3400037
:1024600080F0010000F00100704700BFF02900205B
:1024700008B509F067FC00F0B9FD00F09BFB09F01E
:1024800043FF01F0E9FD03F0EDFF084B084800228F
:102490001A60084B4FF01B11C3E901014FF4A471FE
:1024A000D960DA741A801A8208BD00BFC8320020D1
:1024B00003021B00F0290020034B41F64C525A61E5
:1024C0001B229A74FFF7D4BFF0290020F7B5284DDE
:1024D0006B69C0F8DC3000F1A807264BC0F8C430A7
:1024E000044638460AF05BFC064600F053FB8306C0
:1024F00054BF1B23EB88A4F8063158BF1A461E4B65
:10250000A97C1B6848BF2A89A4F8082184F8E41034
:10251000A4F8E66023B194F91C11B4F8AA00984716
:102520001649384609F0F9F90123EA886979A4F8CF
:10253000DA302B89019129790091033303329BB260
:1025400092B204F1C00104F1BC00FFF7C1F8D4F865
:10255000BC3023B940F2E2413920FEF71BFDD4F82C
:10256000C03013B940F2E341F6E703B0F0BD00BF5D
:10257000F029002000093D00CC320020FE29002077
:10258000024B1B6803B118470C207047C83200206B
:10259000034BDA8802801B7983700020704700BFEC
:1025A000F029002037B583781A2B054608D8042B6C
:1025B00004D9144A22FA03F3DB0705D412241AE0E3
:1025C000292B01D03B2BF9D12888B0F5706FF5D2BB
:1025D00001A909F064FC88B9019B93F8202102F05D
:1025E000FF046AB9AA7883F82121FF2283F8202109
:1025F00001A808F076FE204603B030BD0224FAE7B9
:102600000C24F8E7200038040188A1F11B039BB2D9
:10261000E02B0CD84288A2F5A4739BB244F2481078
:10262000834204D8034B002059819A8170471220BD
:10263000704700BFF029002038B50278447802F0D6
:10264000010354EA030102F0020201D1112038BD56
:10265000BAB98578002DF9D0002B18BF002400E00E
:102660001D46204608F05DFD0028EFD0284608F002
:1026700058FD0028EAD0054B00209C73DD731882BA
:10268000E5E7002BECD000242546EAE7F0290020FE
:1026900013B5008801A909F01BFC044620B9019874
:1026A00090F832311BB13A24204602B010BD90F8A8
:1026B0005C3003F0FF04002BF5D190F853309B07FA
:1026C00006D1FF2380F8323101A808F00AFEEBE7BB
:1026D0000249543009F040FEE6E700BFCDC90000D2
:1026E000F7B50778EF2F05460C460FD890F9012073
:1026F0004378002A0ADB8278900707D113F0100094
:102700001DD1990603F0030202D51AB1122442E04A
:10271000032AFBD01E07F9D42979EA78EE7942EA38
:102720000122697942EA0142A97941EA06212E7A19
:1027300041EA06418A42E9D81F2A0FD8E6E713F09A
:10274000600FE3D103F00702052A05D003F00F0163
:102750000D22CA40D107D9D51A07DDD56A7A013AC8
:10276000062AD3D8AA7A032AD0D813F0040102D1BA
:10277000023A012A03D8EA7A012AC7D811B9AA7CF9
:10278000032AC3D82A7D48B1012ABFD12A7E012A53
:10279000BCD830B91124204603B0F0BD022AF5D1CF
:1027A000B4E7DB0712D46B782A7D03F01803082BFB
:1027B00011D1022AEED101213846FEF717FF064655
:1027C00078B10AF00DFCB8B10C24E4E700F0A2F9EE
:1027D0000028E8D1DEE7022AEDD02B7F002BEAD0DB
:1027E000D8E701213846FEF7C5FE064640B3154B33
:1027F00093F918100AF040FC30460AF02DFD2946E6
:102800002070E87430460AF07DFCEB7E0446002B15
:10281000C1D00028BFD1B16A0246684608F06AFB01
:10282000B06A2246012108F0B1FBB16A6846042271
:1028300008F060FBB06A2246214608F0A7FBAAE731
:102840000724A8E7F029002030B50279042A8BB0CC
:1028500003464FD84088B0F5804F4BD826498D5C51
:10286000114400244A79ADF8004042F0100242EAD7
:1028700045028D7AC97B8DF8084042EA850242EA1A
:10288000C10202F01F028DF80020BDF80020ADF853
:1028900009201A888DF80B208DF80E00120A000A04
:1028A0008DF80C208DF80D408DF80F008DF810403C
:1028B0005A7B8DF811205A798DF812209A79D3F825
:1028C00007008DF81320B3F80B209B7B8DF81A308E
:1028D0007F2305908DF81B3069464FF0011302A845
:1028E000CDE90734ADF818208DF82440FFF7F8FE45
:1028F0000BB030BD1220FBE7CC76020073B5064664
:10290000FFF78AFD04460AF0B2FC3378012B054636
:102910005FD120460AF0E3FB00287AD020460AF077
:10292000A6FC18B115B9122002B070BD20460AF0FD
:1029300057FB08B10C20F7E720460AF08EFB06464D
:102940000028F7D1204602F033FD0028EBD0ED013E
:1029500042F2107331462046ADB25D430AF073FC7B
:1029600020460AF07CFC014658B92A46204601F070
:102970001BFF08B90020D7E741F698213920FEF760
:1029800009FB31460DF10600FEF7BCFD064608B90D
:102990000D20C9E7BDF8061009F0A9FA3146204616
:1029A0000AF069FC3046FFF791FD2A463146204681
:1029B00001F0FAFE024610B141F6B421DEE7164BF3
:1029C000DB69002BD6D006F5917106F1A800984777
:1029D000D0E7002BA7D120460AF081FBC8B12046E2
:1029E0000AF0FEFA0028C5D020460AF0A8F90546EC
:1029F00020460AF0A7F9014600289BD1002DB9D046
:102A0000B5F8AA00FEF708FE0028B3D041F6D6219B
:102A1000B4E7422088E700BFF0290020027803468F
:102A200072B1427862B142881A2A09D982881A2A78
:102A300006D9044A006850609B88138100207047C3
:102A400012207047F0290020024B02685A610020D2
:102A5000704700BFF02900200378A3F10A02112A71
:102A60009DBF024A0020937412207047F029002075
:102A700008B5052000F082F803F0B4FC014B024ACF
:102A8000DA6108BDF02900205123000008B5094B88
:102A900001221A7002F07CFC0AF09EFD09F050F948
:102AA000FFF732FB002008F0F2F9BDE8084000F023
:102AB00075BD00BF102A002010B5064C0649201D28
:102AC00008F0DAFE04F108000449BDE8104008F0FF
:102AD000D3BE00BF102A00200821002010210020B2
:102AE00010B5084C0849201D08F0C6FE04F1080086
:102AF000064908F0C1FE04F10C000549BDE810408C
:102B000008F0BABE102A0020182100202021002041
:102B100028210020014B1878704700BF102A0020A0
:102B200010B5064C00F016FD606808F09DFEFFF73A
:102B3000C3FC00F0A9FE0123237410BD102A00205D
:102B4000014B187C704700BF102A002010B5064CBE
:102B5000A06808F089FEE06808F086FEFFF788FCB0
:102B60000023237410BD00BF102A002000487047C6
:102B7000212A002000487047232B0020C208044966
:102B800000F0070001238340885C03438B547047A7
:102B9000D0200020014BD3E900017047D020002055
:102BA000034B1868C0F30020400040F0010070475C
:102BB000D020002008B505F0F1F9084A002332F8CA
:102BC0002310814205D302EB83029378044A1370E9
:102BD00008BD01330C2BF2D10023F7E7E0760200A9
:102BE000252C002008B50068B0F8AA30A0F865319F
:102BF00090F8143180F86411012B06D0022B04D018
:102C00004FF43F710620FEF7C5F980F8673190F860
:102C10001531012B01D0022BF2D180F86831BDE8CB
:102C20000840024900F25B1009F096BB05B90000AC
:102C3000024B002283F822209A847047262C002021
:102C4000044B93F82220012A1ABF036001200020C0
:102C5000704700BF262C0020054B93F82210012955
:102C600002461DBF012083F822009A84002070478D
:102C7000262C0020054B024693F8220020B1136059
:102C800009B19B8C0B800120704700BF262C0020CF
:102C9000044B93F8220000229A8410B183F822207A
:102CA00001207047262C0020034B93F82200B0FA35
:102CB00080F04009704700BF262C002050B90A4A16
:102CC0001346012003F8010B0868C2F801008A8846
:102CD0009A807047012805D1034B0A689A608A8858
:102CE000D8719A81704700BF4C2C002050B90B4B13
:102CF000187888B1D3F80120B3F805300A608B80CA
:102D000001207047012806D1044BD87920B19A6878
:102D10000A609B89F3E70020704700BF4C2C00201D
:102D200010B9044B18787047012806BF014BD879B9
:102D3000002070474C2C0020F7B500238A888DF8BE
:102D40000600ADF8042008680B4A8DF80730019D95
:102D50001478014602F5A872D8B2844201D808203E
:102D600008E052F8087F5668AE4208BF8F4203F170
:102D70000103F1D103B0F0BD602C002030B5094B48
:102D800001465C78002203F20113D0B2844201D8DC
:102D9000082005E013F8015F8D4202F10102F4D131
:102DA00030BD00BF602C0020F8B52D4C6378013B8E
:102DB000DBB22218834292F80251637030D01A01BC
:102DC0000101961C8F1C2644274406F1100C56F86E
:102DD00004EB47F804EB6645F9D182328231224494
:102DE000214402F1100652F8047B41F8047BB24200
:102DF000F9D1E118221891F8026182F802610626E1
:102E00007343704303F5857300F58570E618E35846
:102E100023502718B388BB8091F83A3182F83A31B1
:102E20002846FFF7ABFF082818D12378013BDBB217
:102E30009D42237012D02B3304EBC30393E80300AD
:102E400005F12B0204EBC20282E803002078FFF7B1
:102E500095FF08281CBF241884F80251F8BD00BF54
:102E6000602C0020F0B5254D95F8984189B0224698
:102E700005F29911684607F093FB2146684608F071
:102E800080FF0446B8B300EB4001C9B202A8FEF7C8
:102E90000DFD631E95F8A161DBB2012495F8981130
:102EA00005E0721CB2FBF1F001FB1022D6B206F174
:102EB00020020DEB020010F8202C002AF1D103EBC8
:102EC00043012031694406EB46022A4411F8187C7C
:102ED00082F8A27111F8177C11F8161C82F8A37100
:102EE00082F8A41100F8204C013BAA19DBB2FF2B99
:102EF00082F89941D2D109B0F0BD00BF602C00200A
:102F000070B5064688B00C46002A4ED0294A92F881
:102F1000A131D01890F8991119B9FF212820FEF796
:102F200039F803EB43011144013391F8A251E570E4
:102F300091F8A35191F8A41161710021257180F8D5
:102F4000991192F89811B3FBF1F001FB103382F85C
:102F5000A13192F8C23123B9174902F5DD7009F0A9
:102F6000F8F9657905F03F0545F0400565710D22DA
:102F70000021684607F0D4FAE3788DF80F30237902
:102F80008DF80E3004AA0423694630468DF80D50A2
:102F900007F024F99DF81F3023709DF81E306370F0
:102FA0009DF81D30A37008B070BD03216018FEF7B6
:102FB0007DFCD6E7602C0020652E0000044B5A787B
:102FC000824286BF1B1893F84A010020704700BF59
:102FD000602C0020044B5A78824286BF1B1893F85D
:102FE00042010020704700BF602C0020064B0022E9
:102FF0004FF461711A8083F8C32183F8C421A3F8C8
:10300000C61183F8C2217047602C00202DE9F047DB
:103010008246894617469846FFF78EFE08280546E1
:10302000064603D0FFF7AAFE082860D1324C637829
:10303000072B5ED8082D15D12678731C072E237018
:1030400003D96C212820FDF7A5FF06F12B02D9F842
:10305000000044F8320004EBC203B9F804209A805F
:1030600083F806A065786B1C290163704B1C07F17F
:103070001002234412F8010D03F8010FBA42F9D1EE
:10308000813108F11003214413F8012D01F8012FBB
:103090009845F9D11021404608F0A3FE254410219F
:1030A00085F84201384608F09CFE85F80261667892
:1030B00085F84A010023114885F83A31314608F075
:1030C00060FE0128054607D80D48314608F059FE34
:1030D000002818BF0135EDB284F898510025284624
:1030E00084F8A151FFF7BEFE2846BDE8F087122004
:1030F000FBE70720F9E700BF602C0020A22D00208D
:10310000AA2D002010B5064B5878013840B200288F
:1031100000DA10BDC4B22046FFF746FE601EF5E798
:10312000602C0020014B83F8C3017047602C002005
:10313000014B93F8C3017047602C0020431E9BB2E3
:103140004AF2B71293429DBF024BA3F8C601012079
:1031500000207047602C0020014BB3F8C601704777
:10316000602C002030B50A4B5C7884420ED918449C
:1031700090F802012B3003EBC004A5790D7053F8D1
:1031800030001060A3889380012030BD0020FCE750
:10319000602C00200246074810B590F8C34124B1C6
:1031A000417821B1023003F07FF9204610BD0C4672
:1031B000FBE700BF602C00202DE9F74F2F4C9A460B
:1031C000637883428046894656D9231893F8425142
:1031D00085F00105F9B193F84A31E3B945F00207EA
:1031E0000135BAF1000F18D1FA070AD5062101FB03
:1031F000084104EB0810524601F585718230FFF753
:103200007FFEBB0734D504EB081052464946023016
:10321000FFF776FE2CE02F46E3E794F8A1614FF02C
:10322000010B002DE0D0A319019393F8991199B9DE
:103230000092DAB100F0F8FA06EB46012144019B56
:1032400081F8A2014FEA102C009A81F8A3C1000C6A
:1032500081F8A40183F899B194F898310136B6FB4E
:10326000F3F103FB1166F6B2013DDAE747F004071C
:10327000384603B0BDE8F08F0027F9E7602C002046
:10328000074B5A78824209D91A1892F842212AB972
:10329000062202FB003000F5857070470020704761
:1032A000602C0020064B5A78824281BF1B1893F88D
:1032B0003A01B0FA80F0400998BF0020704700BF83
:1032C000602C0020F8B50E4607460621304615460C
:1032D00008F087FD044670B10C4B0022587803F2C9
:1032E0003913D1B2884202D801242046F8BD03F830
:1032F000015F0132F5E73146384608F05EFD0828E7
:10330000F3D0024B034483F83A51EDE7602C0020E0
:10331000034B80F874101B680BB140881847704746
:10332000D03200200B2808B504D940F229112920F9
:10333000FDF730FE014B33F8100008BD1077020096
:10334000036830B50024D3F8C400A3F84040B3F8B4
:10335000444042F210754443B4FBF1F4A3F84440F6
:103360004C1E05FB0242B2FBF1F2A3F84220094ACF
:10337000B2FBF1F20132A3F848209A8F05FB024418
:103380005A6BB4FBF1F450439C63B0FBF1F058630B
:1033900030BD00BF005A620213B540F6B8338387D0
:1033A000B0F8CE20D0F8C4100190044601A8FFF771
:1033B000C7FF0C4B1B68062B01D001330FD10A4B02
:1033C0001B68063B08330AD9D4F8C800FEF790FF03
:1033D00080F00100C0B284F8910202B010BD00205C
:1033E000F9E700BF483200204C320020034608466F
:1033F00071B13F2B0BD8074AD35C03F07F02914297
:1034000005D08CBF0120002000EAD31070470120B6
:10341000704700BF28770200FF230B7002234B7018
:1034200083238B70014B1B78CB7070472C2E0020B0
:103430002DE9F84FD0F80480D8F8186030460C46D3
:1034400007F099FC054620B94FF4AA711020FDF74A
:10345000A1FD0146304607F09CFCB5F800B01FFA0C
:103460008BF7824617B94FF4AC71EFE7224B1B681C
:1034700000F10309D3B998F8023098F803202370BB
:103480006378A4F802B002F00F0223F00F03134395
:1034900023F0C00363709AF8003003F00303012B9C
:1034A0000FD0022B0DD04FF4BB71CFE7B8F802005C
:1034B0003A464946984705460028DCD12846BDE8EB
:1034C000F88F627863F305126270304607F067FC8C
:1034D000054610B94FF4C071B8E7FB2F02D940F28E
:1034E0008F11B3E73A464946201D07F059F8304698
:1034F00007F0B0FBE2E700BFD432002038B5134C30
:1035000010220021201D07F00BF801252574102240
:1035100004F10803002104F11400C4E9013306F0AA
:10352000FFFF84F8205004F11803C4E90533084A6A
:1035300000236362A36284F82C30C4F82D30C4F8F1
:10354000313084F835301360A36338BD2C2E002051
:10355000D432002010B5084C2378FF2B04D040F261
:1035600099111020FDF716FD06F07EFE2070BDE8D3
:103570001040FFF7C3BF00BFDD20002010B5034C93
:10358000207806F08BFEFF23237010BDDD20002085
:10359000014B187806F092BEDD200020014B024A54
:1035A0001A607047D8320020313400002DE9F34111
:1035B000DFF86881054608F11407D8F80830D8F814
:1035C0001840227A012A22D1D8F8382052B1137A31
:1035D0001BB9BF211020FDF7DDFCD8F83840C4B975
:1035E000002083E01A7A012AFAD04D4A1C46EFF3F4
:1035F000108172B650680068506001B962B6A3428B
:1036000008BFC8F83840237A1BB9EE21E2E73A46F2
:10361000EDE7267AF6B205232372731E0B2B6ED8C4
:10362000DFE803F06A062235676D3E6D6D6D6D5BF8
:10363000636813B94FF40371CCE7204629469847D5
:103640000420EFF3108272B6237A052BD9B24FF023
:10365000000359D12372D8F83810A14201D1C8F81B
:103660003830B2BB62B634E0636813B940F215215A
:10367000B0E72946204698470346C3F30723012BAA
:10368000ADF80400C0B22FD0022BDAD11AE0636883
:1036900013B940F21D219DE7204698470020D0E74E
:1036A00063680BB9FE2195E786222A7001225988AA
:1036B000AA706A7100225869A5F80310AA7107F070
:1036C000C9FA0420D8F83830A34202D10023C8F840
:1036D000383000283FF471AF08E0124B29461B68D0
:1036E00020469847034668B9267298B102B0BDE8F3
:1036F000F0814FF415716DE740F257216AE740F20F
:103700005A2167E70220DDE711B940F27B2161E72A
:103710001846A6E7002B7FF450AF61E72C2E00205F
:10372000302E0020D832002010B51346027A22B184
:1037300040F202311020FDF72DFC0A46BDE8104092
:103740000146014808F0E2BD302E0020044890F800
:103750002C301BB90349243008F0F5BD704700BF79
:103760002C2E0020FDC200000346064890F83C20A5
:103770003AB190F8352022B900F82D3B024908F003
:10378000E2BD70472C2E00201934000010B50A4607
:10379000037A23B140F20A311020FDF7FBFB01460A
:1037A000BDE810400148072308F0B0BD402E0020BE
:1037B0001346027A0AB1037270470A46014601486D
:1037C00008F0A4BD302E00201B234FF01B12838471
:1037D000038482618382C260038539B94FF4A47384
:1037E000034AC3844384C261C3820261704700BF3D
:1037F00048014801014908F0AFBD00BF5FC30000A8
:103800000B8BA2F80B304B8BA2F80D308B8BA2F8F0
:103810000F30CB8BA2F809000249A2F811301046F4
:1038200008F094BDAFC30000094AD2E90003434049
:1038300083EAB01181EA43214FEAF3435360054B19
:10384000116058434FEAF06000EB8000704700BF02
:103850006C2E0020BB79379E094AD2E90003434011
:1038600083EAB01181EA43214FEAF3435360054BE9
:10387000116058434FEAF06000EB8000704700BFD2
:10388000E0200020BB79379E10B50A4C094808217A
:10389000FEF70CF8D4E900321343F7D0064CFFF7DB
:1038A000DBFF2060FFF7D8FF236860601843F6D085
:1038B00010BD00BFE02000206C2E0020174B184ADE
:1038C0009A60184A5A60184A1A60184A9A62184A46
:1038D000DA62184ADA60184A9A61184A1A63184A72
:1038E0001A62184ADA64184A9A64184A5A62184BDB
:1038F000184A9A60184A5A62184ADA62184A1A61D3
:10390000184A5A61184A9A61184A1A63184A9A64FE
:10391000184ADA64184A9A63704700BFDC32002004
:10392000E9C600000FC7000075C7000031C80000DD
:103930007BC800007D3C00008DC80000F13E000007
:10394000793D000051C9000069C90000C53D000073
:10395000DC330020FFC6000025C90000ABC8000012
:103960005BC80000CBC80000093D0000EFC90000A3
:1039700097C9000089C900000FC90000044B054A1F
:103980005A65054B054A1A65054A5A65704700BFD6
:10399000DC3200209DCA0000DC33002087CA000012
:1039A00009CB0000054B064A9A65064A1A66064B83
:1039B000064A9A65064ADA65704700BFDC32002085
:1039C000F1BA0000A5BB0000DC33002041BA0000C2
:1039D00025BD000037B5044601A80D46FFF730F9B4
:1039E00020B94FF4AA615120FDF7D4FA00210198C3
:1039F000222206F095FD019B194601F8035F023D66
:103A0000232D00F28980DFE805F02587128A8A25B8
:103A1000872B878A313D418787458A8A4E4E656567
:103A200087878787878787878787876C77802168DD
:103A3000D1F8CE215A60D1F8D2219A602268D2F80A
:103A40009420DA600D20FFF707F9002869D140F2D1
:103A50005751C8E7226892F8A0201A710220F2E7B5
:103A6000204600F00BFA0028EDD13DE011221A713A
:103A700059225A7100229A713922DA7110221A726F
:103A80000620E0E7226892F89A20E6E7084600F070
:103A9000E3F9E8E7226892F89B10197192F89A20EE
:103AA0005A710320CFE72268B2F800111971090A90
:103AB0005971B2F8A2109971090AD971B2F8FC10C3
:103AC0001972090A5972B2F8A0209A72120ADA72AF
:103AD0000920B8E7226892F82E11197192F82F2167
:103AE000DEE7114B1B6813B940F249517BE72320F5
:103AF000224698470420A6E70B4B1B68002BF3D007
:103B000022462420984705209DE7074B1B68002B81
:103B1000EAD022462520F5E740F2445163E7012030
:103B200091E703B030BD00BFDC3400203F289ABFCE
:103B3000024B53F820000020704700BFDC32002009
:103B40003F289ABF024B53F820000020704700BF67
:103B5000DC330020F7B50568D5F8BC6004464FF6A5
:103B6000FF770DF102010DF101023046ADF8027050
:103B700007F026F801A9304607F047F848B1019848
:103B800007F00BF92168A83100220272FFF7FEFD51
:103B9000E7E7044905F1280003B0BDE8F04008F06C
:103BA000D5BB00BF7DC60000F0B5044685B00D460C
:103BB000FF2600F8A56C10F8A63CF3B1174F3B7830
:103BC0001BB162211F20FDF7E5F90C21381DFDF71F
:103BD0006DFE3E70002304F8A53C2A468A2302F8B5
:103BE000033BD4F80930C5F80330D4F80D305360E6
:103BF000D4F81130936005B0F0BD01A80C21FDF799
:103C000055FEA4F5F473039A1A6001AB03CB44F894
:103C1000AE0C44F8AA1C04F8A66CDBE7742E002056
:103C200010B5054C23782BB90C21201DFDF73EFE65
:103C3000FF23237010BD00BF742E0020024690F8B1
:103C4000D631BBB990F8D73103F0FF010BB100209A
:103C50007047094B18780028F9D01970D968C2F854
:103C60009410043303CBC2F8CE01C2F8D211FF2363
:103C700082F8D63101207047742E002038B50268D2
:103C8000D37B04460D463BB1122B05D0103B0F2BC6
:103C90008CBF0120082038BD92F8523013B920465D
:103CA00008F0B2FC2268D5F80B30C2F8C631D5F85E
:103CB0000F30C2F8CA312368D5F81320C3F890201A
:103CC000B3F8AA20A3F88522D5F80120C3F88722EB
:103CD000D5F80520C3F88B222368B5F80920A3F88E
:103CE0008F222368002583F89E5183F8D6512068DF
:103CF000044900F51F7008F026FB23681522DA73CB
:103D00002846C8E7A93B000010B50368DA7B1F2AE4
:103D1000044604D040F29D211F20FDF73BF993F8A3
:103D20005220B3F8AA00002183F8511082B1C3F8E1
:103D3000A91183F85210A3F8AD110D49A3F8AA01F7
:103D400003F5D07008F0FFFA23680022DA7310BD83
:103D50000121A3F8990183F89B1183F89821054963
:103D600083F89F21A3F89C2103F28F10EAE700BF9C
:103D700019C8000001C8000038B505682B6813F0A9
:103D8000010419D1D1F801200C4BD1F805101340D2
:103D90000B4AC5F86230C3F3076343F008030A40D7
:103DA00085F86530C5F8662008F02EFC2B6843F0D6
:103DB00001032B60204638BD0120FCE72FC904F722
:103DC0006FDB008010B50068837B042B2CD1D1F809
:103DD0000130D1F80540C0F86230C3F3076343F007
:103DE000080380F8653000234A1CC0F8664080F85C
:103DF0004A30837390F8713103F0FF040BB1002057
:103E000010BDB0F8AA30A0F8733180F87241D1F833
:103E10000130C0F875315368C0F87931034900F2B8
:103E2000691008F090FAEAE70120E9E7E5C8000028
:103E3000006890F871315BB9B0F8AA30A0F873311E
:103E40001A2380F87231034900F2691008F07BBA36
:103E5000704700BFE5C8000010B50446FEF79AFEA3
:103E6000044A054B02400B40C4F80120C4F8053059
:103E7000092010BD2FC904F76FDB008037B50C4651
:103E80000568FEF787FE0A4A0A4B0A4095F8621059
:103E90000192034000930B408DF800306B4603CB3A
:103EA000C4F801000920C4F8051003B030BD00BFFC
:103EB0006FDB00802FC904F738B5DB04154604D545
:103EC000037D13B10023436338BD446B0134446365
:103ED00008F06CFD836B9C42F6D3002343630349D7
:103EE0002846BDE8384008F037BA00BF45C9000091
:103EF00038B50468A37B012B054602D023689807D8
:103F000038D494F853309A0713D44A7884F85D2053
:103F10004A88A4F85E208A88A4F86020D80743F075
:103F2000020284F853200FD5134904F1540008F01D
:103F300013FA94F85330D90711D423689A0708D597
:103F400058214020FDF726F894F83231002BEBD1B0
:103F5000EFE743F002032360284608F055FBA37BFC
:103F6000012B4FF0000301D0002038BDA37384F86B
:103F70004A30F9E70120F8E7CDC9000070B50568BF
:103F8000044602F04DFA054BE8721B6801461BB16E
:103F90002046BDE87040184770BD00BFE4340020E3
:103FA000024B1B6803B11847704700BFE034002084
:103FB000F0B51F4D2B78002414709BB1013B6D6848
:103FC000DBB21E1B012E0FDC05EBC40655F8347066
:103FD00076688E4208BF874227D0B84271EB06064A
:103FE00012D214700020F0BD1E19771005EBC70E19
:103FF00055F837C0DEF804708445C6F347068F4194
:104000002CBF33463446DCE705EBC30455F8335088
:1040100064688C4208BF854206D0A84271EB040454
:1040200028BF01331370DDE71C4614700120DAE766
:10403000942E002010F0070208B503D06321482019
:10404000FCF7A8FF18B1034B197258601A70C8002A
:1040500008BD00BF942E0020014B00221A7070474B
:10406000942E0020FF230B70074A0D234B708223F0
:104070008B701368C1F803305368C1F80730936838
:10408000C1F80B30704700BFAA2E0020024816224C
:10409000002106F045BA00BFAA2E00200B4B5A7D26
:1040A00092B14A0610D5B0F8AA201A80D0F8502252
:1040B0005A60D0F854229A60C2885A800449022279
:1040C00003F10C00FFF774BB704700BFAA2E00205D
:1040D00065400000094B53F8203070B503F52343C9
:1040E0000C461646A1334FF47A72B3FBF2F503F097
:1040F0002BF834442C44204470BD00BF2C780200BF
:104100002DE9F04F8FB09A4690F815310793044689
:104110008946069207F0F4FB834694F81F01FFF7E7
:1041200001F9834408F0A7FCE37B0393069B1FFA85
:104130008BFB00F16007002B4BD1637B032B48D135
:10414000039B0C2B32D1B4F86C324B452ED1D4F8F2
:10415000F031C4F8E031D4F8C430B4F8C421C4F864
:10416000E431B4F862321344C4F8E831204602F076
:1041700003F9D4F8742294F81D31C4F8C42041F630
:104180004B518A428CBF002303F00103D4F8701214
:10419000D4F87822C4F8D41084F81E31B4F86E1222
:1041A000A4F8D8100223C4F8CC206373E37BA17B6E
:1041B000282B01D028290CD1B4F86C32A9EB0303C9
:1041C0001A0406D4A1F1280359425941204601F0AE
:1041D00095FCB4F86052B4F8068094F81531089351
:1041E000A9EB05052DB204F50C73A9EB0808002D09
:1041F00004930FFA88F817DAD4E99223C4E99623D6
:10420000012345460493D04B1B7813B103F0AAFE5B
:1042100068B90026637B032B00F2D681DFE813F038
:104220006C007201C1009801CDF810A0EBE7B4F862
:10423000D831012BEDD9637B022BEAD094F80262CE
:10424000002EE6D194F81F01FFF76CF8637B00F5B0
:10425000C86B012B1FFA8BFBD9B23FD1A27CD4F8DB
:10426000D430032A33D1D4F8E42113445946D4F886
:10427000E401099303F03AFED4F8E061099BD4F815
:10428000E821C4F8E001861B59461846564303F05E
:104290002DFED4F8EC31C4F8EC01C31A5946D4F819
:1042A000C4001E4403F022FEB4F8C431D4F8E8215F
:1042B00043445B1B9B1AD4F8F021013B821A02FB9A
:1042C00003660123C4F8F00184F80232A2E7304605
:1042D000099307F0CFFD099B0344C7E7D4F8C40056
:1042E000594603F003FEB4F8C461D4F8F0314644F3
:1042F000761BC31A5E43E4E70121002007F0BAFDF4
:104300008046D4F8D4005946404403F0EFFD5946A6
:10431000C4F8EC01D4F8C40003F0E8FD0BA9C4F81C
:10432000F0010CA802F05CFE0B9B0093D4E996010F
:10433000DDE90C2303F0BCFE049004F1A80008F0B2
:104340000CFCD4F8D410D4F8642294F815018D181C
:1043500002F002FFD4F8EC11049B203D6D1AED1B16
:10436000454400F52340ED1AA1304FF47A73B0FBB9
:10437000F3F0B4F8D83030312D1A03EB410194F842
:1043800015013A46FFF7A6FED4F86432EB1A223044
:10439000DA2BC4F8F4015DD840F2C7413020FCF7B5
:1043A000F9FDD4F8D430D4F8E4015946184403F0A8
:1043B0009DFD5946C4F8EC01D4F8C40003F096FD05
:1043C000C4F8F00104F1A80008F0C7FBD4F8D43019
:1043D000D4F8E4511D44B4F8C431002B40F08E8071
:1043E000BAF1000F00F08A8094F8150102F0B4FED3
:1043F000D4F8EC11D4F8503294F815216D1A203D00
:104400001D44D4E992BC514B53F82220A5EB0B0577
:104410004FF47A7302F2E732B2FBF3F21544ED1B6C
:1044200000F52340A130B0FBF3F02D1AD4F8E821B9
:10443000D4F8E03194F8150102FB0313B4F8D81056
:10444000303301EB43013A46FFF744FE0123C4F841
:10445000F4016373D4F8C430D4F8F0217E3B9B1A86
:10446000DF1B002384F83032D4E996328742A5EB73
:10447000060528BF07465B1942F10002C4E99032E5
:10448000C4F8C07104F1DC0007F0DBFF042384F8FA
:104490003932D4E99023C4E99623B4F8B031A4F8B2
:1044A0006092A3EB09031BB2002BD4BF00220122B0
:1044B000520084F83822039A38440C2AC4F8340293
:1044C00000F08580BAF1000F40F08480637B002B00
:1044D00000F09D80D4F8C410D4F8F03104F50C70CD
:1044E000C91A07F08AFC80B2002800F09080189B5F
:1044F00003B1188001200FB0BDE8F08FD4F8EC11A3
:104500006D1A93E7D4F8F011D4F8C430B4F8C4218C
:10451000D4F8E801D4F8E0C15B1A5D43D4F8EC317B
:104520004244121A3033013A0CFB003301FB0233D0
:10453000B4F8D81094F815013A4601EB4301FFF79F
:10454000C9FDC4F8F40185E7C02E00202C780200D4
:10455000D4F8F0E1D4F8C430B4F8C4C1A3EB0E032E
:104560005D43049B3BB3BCF1000F24D1D4E99423F9
:10457000D4E99201904271EB030302D340F20E5151
:104580000CE707992B4B53F82130D4E99201CDE980
:1045900004010498203A121A03F2E7314FF47A7BAF
:1045A00003F52343B1FBFBF10A44A133B3FBFBF357
:1045B000D21AD21B15440CEB08010EFB01F130316D
:1045C00008983A464900BAE740F22651E6E6BAF1C1
:1045D000000F1CD0B4F8D80118B3B4F8DA1194F86D
:1045E000DC21A4F8DA1101FB0222904201F101055D
:1045F0000DDD002B0BDD002384F83832A4F8DA51EE
:10460000FFF712F900F00700013084F8DC0104F52F
:104610000C7104F5027004F063FE20B940F276518B
:10462000BCE60146DBE7069B83F0010384F8003219
:10463000002060E72C7802002DE9F8430E4604467E
:1046400018B9D3213020FCF7A5FC052900F2A7807A
:10465000DFE801F00376413DA52E03F06BFEC4E9CF
:104660004601204600F0C8FFD4F80C01CB3803F017
:1046700017FD204608F0FBFD054600BB014620461D
:1046800008F032FD00F1E506D4F80C01B04209D281
:10469000301A322838BF3220032103F01BFE60B1EC
:1046A00003F002FDC4F80C61204608F0F2FD45B1AC
:1046B0002046BDE8F84308F0EDBD0125F2E70025EE
:1046C000F2E7D4E94623C4E94023BDE8F883BDE816
:1046D000F84302F091BC08F012FD042384F8113174
:1046E0008146884603F0DAFC07220F46A9FB023117
:1046F00002FB0811D4E940525B1941EB0205D4F8E2
:10470000E8203AB159EA080204D0984277EB050252
:1047100028BF012684F81061D4E94826121A66EBF6
:10472000070694F8301139B9012A76F100010BDA45
:10473000204600F069FF03E0012A76F10006F7DB6E
:10474000002384F82831C0E7984277EB05010FD2A7
:1047500059EA08080CD01B1A65EB07019A4276EB60
:10476000010005DB012B71F10000A4BF1A460E46C3
:104770000C490123914284F829314FF0000384F859
:104780000831B341B8BF0A4604F1C00004F5847192
:1047900004F03AFE002898D140F2B26152E7EF21CE
:1047A00050E700BF0040420F2DE9F84304460E4693
:1047B000154690F8283103F0FF07002B40F0948055
:1047C00000F1C00839467822404605F0A9FE474965
:1047D0002246404604F07EFDC4F8E860FF2384F8DA
:1047E000283166B1FFF738F800F00700013086F88D
:1047F000DC013F49324606F5027004F06BFD40F2E1
:1048000002434FF00009A4F8103184F8089103F036
:10481000CFFB00F19E06204608F029FDB6B2014606
:10482000C0B307F06DF800F1280189B2284603F003
:104830005DFB2844C4F80C0103F030FC301841F152
:104840000001C4E94601012084F8EC00A4F81E90A0
:1048500008F0BFFDE53D2D1AC4F8F0504FF0FF35CC
:104860006FF00041D4E94623C4E948510025C4E96A
:104870003E23C4E9402384F8295142F2107204F522
:104880008471404604F0C0FD38BB40F2B9113020BD
:10489000FCF780FB204608F027FCDFF85890E53055
:1048A000C4F80C01B9F8020048B1E08B38B1FEF74A
:1048B000D3FFB9F80230B0FBF3F202FB1300064459
:1048C00003F0ECFB361841F10001C4E94661002D0C
:1048D000C4D0AD1941F10001C4E72946204608F0D3
:1048E000DBFC3846BDE8F8830C27FAE739460000C0
:1048F00075CB0000C02E0020F0B5002385B0CDE9B7
:10490000003301238DF806306846FCF7A9FE70B12C
:10491000104E012333710023CDE9023302A8FCF7C6
:104920009FFE044638B10023337105B0F0BD0098F6
:1049300008F008FAE8E7029D6B7B002BEED005F546
:104940000277384603F060FC384603F071FC6C7364
:10495000E4E700BFC02E0020054B002201215A7160
:1049600019701A7142F210725A80FFF7C5BF00BF6A
:10497000C02E0020014B5871704700BFC02E002090
:1049800008B502F071F8044B9A6882422ABF187980
:10499000002080F0010008BDC02E00202DE9F34763
:1049A0000446062900F2DB80DFE801F0048473810D
:1049B000878CD300D0E99201D4E99423904271EB23
:1049C000030354D294F80232002B50D0637B032BA4
:1049D0004DD108F050F894F815A1814606F090FFEB
:1049E000064694F81F01FEF79DFC064494F81F014B
:1049F000FEF798FCD4E99223D4F85072D4F8C05151
:104A000080465046BF1A02F09FFB564A52F82A20B1
:104A1000A5F1600302F52342A1324FF47A71B2FB93
:104A2000F1F29B1AA3EB09031B1A09F1890909EB9F
:104A30005309B6B2603B08F5C86873431FFA88F89B
:104A4000B3FBF8F360335A08A9EB53039F4202D338
:104A500091444F4501D903F08BFAD4F8C400314694
:104A600003F044FA0023C4F8F00184F802323E4B0C
:104A70001B7903F0FF0263B90092B4F8B41101236B
:104A80002046FFF73DFB30B140F2CE613020FCF70D
:104A900081FA0423637302F079F904F007FCE288D9
:104AA000A4F8FE210023A4F8623284F8013202B097
:104AB000BDE8F08703234373F9E708F035FEC4E946
:104AC0009401F4E790F81501274F08F036F86E309E
:104AD000D4F8F031D4F8C45095288CBF0020C0F130
:104AE0009600C218954288BFED1A7B798CBF2D1AAB
:104AF000002523B9D4F8DC309D4228BF1D4604F1BF
:104B0000DC00D4F8C06107F09CFC0644022003F0EE
:104B1000B5FBAD1B25EAE575854228BF0546022198
:104B2000284603F0D7FB10B103F0BEFA2E44012350
:104B3000DC22314604F1A80007F02EFDD4F8C03184
:104B4000B860D4F8C400184402B0BDE8F04703F0E0
:104B5000A7BAA83002B0BDE8F04707F0FEBF40F2A8
:104B60009C7193E72C780200C02E0020014B5880E6
:104B7000704700BFC02E0020074A03461068D3F8D4
:104B80004920C0F80320B3F84D20A0F8072093F87F
:104B9000481007F0AFBA00BFCC2E002070B5044615
:104BA0000E466588807D15F00401134618BF04F198
:104BB00057013246FEF700FB4107054621D4C207E4
:104BC0000BD5012384F84830A07DFEF759FB03681C
:104BD000C4F849308388A4F84D30AB0701D40120D4
:104BE00070BD094B1868D4F85730012184F856106D
:104BF000C0F80930B4F85B30A0F80D3007F083FA44
:104C0000EDE70020ECE700BFCC2E002038B5C38CC8
:104C10000F4D0133C3F30E03C3842B7C04462BB129
:104C200002F09EF901F072FC00232B7400232B711B
:104C300094F869302BB101212046BDE8384008F0D6
:104C40004DB9637C13B1E28C9A42F4D20021F3E7B0
:104C5000CC2E002010B5074C2379012B05D1237CE5
:104C60001BB102F07DF901F051FCA069BDE81040D4
:104C7000FFF7CCBFCC2E002070B5254C2379012B3B
:104C800004D040F682412D20FCF784F998B9012523
:104C9000237C1BB102F064F901F038FC002D36D002
:104CA000A06908F06AF868B302F020F8E369BDE88B
:104CB00070409B6818472168A26911F8095B02F1EE
:104CC0004903E80992F8482007F03DF80028DED0B3
:104CD0002068002107F03CFA0028D8D02379A06989
:104CE000012B02D040F65C41CDE72379E26903F164
:104CF00080435269013B05F00F0152F82330984779
:104D00000546C5E7A069BDE87040FFF77FBF70BDED
:104D1000CC2E0020074A0346906903B909B9FFF772
:104D200075BF1379D26903F180431269023B52F8CF
:104D300023301847CC2E00202DE9F043032985B0FD
:104D40000546174607D14388980723D400242046F8
:104D500005B0BDE8F083428890F86830D107DBB237
:104D6000F4D5002BF2D14FF00108DFF8D49099F878
:104D70001060C6B107F02BF80828387016D002AAC8
:104D80000DF10701FEF7EEF938B940F6F7612D2075
:104D9000FCF700F94FF00208E7E79DF8070002A9C9
:104DA00007F051FE06463B78082B08D1D9F80010D1
:104DB00011F8030BC0F3801007F045FE0646D9F842
:104DC000001095F84F2011F8030B05F15003C0F3C4
:104DD000801006F0B8FFD9F80010044611F8030B54
:104DE000C0F3801006F0E9FF8146FEF75BFA40B1A0
:104DF000B9F1080F1BD04846FEF7E0F880F0010338
:104E0000D8B23A78082A14D01CB9AC7DA21A544200
:104E100054416A8853079AD4002897D176B9EC7C1C
:104E2000444518BF002C0CBF012400248FE700204C
:104E3000E7E780F001022240D4B2EAE7344686E791
:104E4000CC2E00202DE9F04F85B008230DF107028C
:104E5000052104468DF80730FFF76EFF064620B99E
:104E60000026304605B0BDE8F08F794F39687A7C6E
:104E700011F8030B07F11203C0F3801006F063FF73
:104E800080460028ECD13B68A16918468D7D10F85A
:104E9000032BC2F340122A408A75D3F80320C1F8CD
:104EA000AD208288A1F8B1201D46A26915F81F1B0C
:104EB000C1F3801182F8AC10D3F81F00029002A950
:104EC00028790871D3F80F00C2F8C800587D1D7DFD
:104ED000000440EA0520DD7C2843C2F8D000B3F886
:104EE000190082F81E8140F2E24909FB00F0C2F885
:104EF000C4009D7DC5EB451005EB800505EB8505E0
:104F00006D00A2F8D850B3F8170009FB00F0C2F802
:104F1000D400B3F81B00A2F8CC00B3F81D00A2F82F
:104F2000CE0093F8243003F01F005B0982F82200C2
:104F300082F81F31A56994F912A005F1160007F057
:104F400037F840F20113A5F814314FF0FF0B85F844
:104F500016B1414605F1DC00FEF736FC514605F17D
:104F6000A800FEF7D5F9A36984F87380B3F8AA20E6
:104F7000A4F8742084F891B04FF6FF72A4F8922040
:104F8000D3F8C420B2FBF9F2A4F88A20B3F8CC20FD
:104F9000A4F88C20B3F8CE20A4F88E2093F81F211B
:104FA00084F89020627D9DF8070004F17E0162B3D1
:104FB00094F84820012A28D194F84E2002F0C0022B
:104FC000402A22D1D4F84920C4F87E20B4F84D20DC
:104FD0008A8093F8AC2084F87720082803F1AD0587
:104FE00004F18401D3F8AD3004F1780227D0C4F87D
:104FF0008430AB888B8004F17701FEF7B3F840B9B9
:1050000040F6E2312D20FBF7C5FF0022C4F87E20D8
:10501000DEE794F8773043F0020384F8773004F148
:105020006A000C4907F08FF90B4BA0691B6800223E
:105030003A71002B3FF415AF2146984711E7A3675B
:10504000AB8893800023C4F884308B80E7E700BFEF
:10505000CC2E002005D00000EC340020032937B509
:10506000044604D0052953D0012003B030BD0823E5
:105070000DF107028DF80730FFF75EFE0028F3D030
:10508000237C284D03B39DF8070094F8B630DBB9B4
:10509000237884F8B730082804F1B90229D004F144
:1050A000B801FEF75FF820B94FF477612D20FBF7C8
:1050B00071FF94F8B83043F0020384F8B8301A490D
:1050C00004F1AE0007F03FF92B6804221A700622A3
:1050D0005A702046FFF750FD286894F83820616B1D
:1050E00007F027F8032328682B7101F0BFFE00208A
:1050F000BBE72868034613F8031BC1F3801184F84B
:10510000B810D0F80310C4F8B9109B889380D6E784
:10511000064B1B68002BEAD0984780F00100C0B214
:10512000A3E700BFCC2E0020EDCF0000E834002024
:10513000F8B504460F4619B300F12005284608F0DB
:1051400021F9A0B963881A072ED5284608F031F94D
:105150000646284608F016F9301AC0B208F039F9A8
:10516000474A936803442846936008F0E7F82846C6
:1051700008F0E9F801F038FD2179252001F098FCCC
:105180003F4E94F8562030680023037043706388C4
:10519000103B0D2B64D8DFE803F05F635B0C6340CA
:1051A00063636363636363402046BDE8F840FFF7D1
:1051B0002DBD06234370202303702046FFF7DCFC3F
:1051C000638823F008039BB2152B05D094F8302098
:1051D000E16A306806F09EFF306801F047FE022366
:1051E00021793371002001F00DFD054607B9F0600B
:1051F00063881B0704D508F0E9F80544C4F8F450A7
:105200006388103B0D2B36D8DFE803F038352F2F9D
:10521000352F353535353535352F0C23437003465D
:10522000212103F8091B52B1D4F85720C0F80920F6
:10523000B4F85B209A80012106F065FFBDE7226D7E
:10524000C0F80920B4F854209A8094F84F10F3E77E
:10525000062303704370B0E7022303700623F9E7C7
:1052600040F259612D20FBF795FE21790120BDE820
:10527000F84001F09BBE40F6F541F3E7F8BD00BFF2
:10528000CC2E002038B54388102B044604D1BDE84D
:1052900038400121FFF74CBF0B4D2B7C23B101F0AF
:1052A0001BF9402001F050FE286801F0DFFD608806
:1052B00010F0040002D1217901F078FE002001F005
:1052C00029FE01232B7138BDCC2E0020024B012179
:1052D0009869FFF72DBF00BFCC2E002010B5124CEF
:1052E000237C1BB101F03CFE01F010F9A06907F02E
:1052F00044FD38B12379012B09D040F686312D20A9
:10530000FBF748FEA069BDE81040FFF77FBC23799A
:10531000E269A069D26803F18043013BBDE8104017
:1053200052F82330184700BFCC2E002010B5074894
:10533000037903F0FF0433B914222146043005F049
:10534000EFF8204610BD0C24FBE700BFCC2E002058
:1053500010B50A4C00232371FDF708FC2060FFF70D
:10536000E5FF20B14FF442712D20FBF713FEE369F6
:1053700013B940F20B31F7E710BD00BFCC2E00206F
:10538000014B024ADA617047CC2E002054560000CF
:10539000034B044A1A60044B044A1A60704700BF6A
:1053A000E8340020454E0000EC3400208FCE000091
:1053B000F8B5057DAF1E0446FFB2002D3AD0012F8F
:1053C0002DD800F1500190F84F0006F0F6FC0828A7
:1053D000064624D0FDF7FEFD10BB023D18BF012597
:1053E000012F8CBF0027012784F848506775A675E8
:1053F000FDF7B2FE054602F051FE154B0022E5FB1B
:105400000301C4E9100184F8562011462046FFF735
:10541000C5FB70B940F2A3412D20FBF7BBFD082668
:10542000022D09D104F149010020FDF75FFC60B9AC
:105430000020F8BD0826F5E704F149010120FDF739
:1054400055FC0028F4D00125CAE70025C8E700BFB5
:1054500040420F00F0B5444E327985B0044602F068
:10546000FF0312B90278FF2A04D140F6DD112D2086
:10547000FBF790FDB36080F869303C4B00933C4BE8
:1054800001933C4B0293F36968465B68039301F018
:10549000E5FC01F04FFB01F063FD01F037F8364801
:1054A00001F098FB04F12005344801F0D1FC2846B6
:1054B00007F044FF284607F046FF01F095FB2179ED
:1054C000252001F0F5FA94F9120001F07DFB04F1BA
:1054D0002C01A06A05F07FFD04F134010746A06AA3
:1054E00005F0A0FD0546DFB1237FCBB1B4F926500E
:1054F000ED43ED0F637D13B963885B0709D5D4E9EC
:1055000010126FF000439A4208BFB1F1FF3F0DD176
:105510009DB930680330FDF73DFE307405B0F0BD35
:10552000002DE7D0657F002DE0D1E3E702F0B6FD66
:10553000D4E9102390429941EAD30122294620461A
:10554000FFF72CFB50B1FDF707FE054602F0A6FD64
:105550000B4BE5FB0301C4E91001DAE7002DD8D0BD
:1055600040F61C2183E700BFCC2E0020DD52000056
:10557000794C0000154D0000D6BE898E555555005A
:1055800040420F0073B50446FFF764FF0021204638
:10559000FFF7CEFD236E0BB101221A606388DB0793
:1055A00024D50023124EA569CDE90033FF2373747F
:1055B0006846FCF755F8C8B9009CA542F8D095F8A4
:1055C000B32094F8B30005F1B40304F1B40106F07C
:1055D000BAFB0028ECD094F8AC307374D4F8AD303A
:1055E000C6F81230034BB4F8B1209A8002B070BDF7
:1055F000CC2E0020DE2E0020024B9861DB691B6858
:10560000184700BFCC2E002043881B0710B5044666
:1056100012D583690A493C2280F87320B3F8AA3076
:10562000A0F87430FF2380F891304FF6FF73A0F894
:1056300092306A3006F087FEFF2384F8693010BD8F
:1056400005D0000051D000008552000057D0000066
:105650005D50000085550000554C0000CD52000003
:1056600044560000485600005056000001380228F9
:1056700008B503D9C4212F20FBF78CFC13290A4B52
:1056800005D811290CD8102907D0D221F3E7152904
:10569000FBD103EB4003D88801E033F8100008BDCC
:1056A00003EB40039889FAE7AC770200294A38B542
:1056B000948803461C43402B1068948004D1042135
:1056C000BDE83840FFF76AB9802B01D10521F7E723
:1056D00003F00304032C04D140F6A4313120FBF77E
:1056E00059FCDD0706D50C6891602478062C0FD094
:1056F0000B2C17D09C0706D509680978117305296A
:1057000019D00B2921D09B0644BF0823537338BD01
:10571000C47B1B2CEED100240025C0E91C450124CC
:10572000C474E7E7C47B112C01BF0024C4740124B6
:1057300080F85240DEE7C17B1729E4D10024002520
:10574000C0E91E4501210175DDE7C17B1029DAD1D1
:105750000021F8E7EC2E00200C4A517B034689B962
:1057600010683BB9B0F80411B0F8E820914209D8AC
:10577000FFF706B993881B0706D5007C073818BFCA
:10578000012070470020704701207047EC2E002058
:1057900073B504460068036813F0300F0D4649D115
:1057A000B1F805101A2904D9B5F80730B3F5A47F6C
:1057B00006D22978204602B0BDE8704006F04DBF01
:1057C000B5F801201A2AF4D9B5F80360B6F5A47F1C
:1057D000EFD30096DC3006F046FE174B9A8892070E
:1057E0000DD51B7B142B0AD12268136843F01003DC
:1057F0001360204606F008FF002002B070BD236849
:105800009A7B202AF0D093F82331002BECD1236827
:1058100093F82231002BE7D123681A68B3F8AA0065
:1058200042F020021A6003F1DC0103F5A472FDF7D7
:10583000E7FFDEE70120E0E7EC2E00202DE9F8434A
:10584000614D06462C6800287ED1AB881A0725D505
:1058500094F89E30FE2B04D140F2FB513120FBF72F
:1058600099FBFE2384F89E30E37B1D2B05D184F841
:105870005100284606F0D2FEE673A37B232B06D107
:10588000E37B233B072B94BF2A232423A373237C8E
:10589000072B02BF0223AB7384F89E30AB88DB0773
:1058A00017D4AB885F0776D499077DD5287B2B6802
:1058B00001220D2883F89F2073D011287DD007285E
:1058C0007DD0FEF73DF9034600286BD140F2EE5142
:1058D000C4E7D5F80080A96898F80F30D1F8009097
:1058E000103B0F2B99F8007009D8BB1EDBB2092BB7
:1058F00067D840F2333222FA03F3D80761D5097929
:105900003846FDF773FD20B939462F4806F0A5FE4D
:1059100039E0012F01D9162F21D198F80E0006F099
:105920008CFE40B198F80E30232B04D0242B07D1E5
:105930002A2388F80E303846FEF7F8F803461BE0B5
:10594000162F14BF022620266B7B1B0704D5E37B92
:10595000103B0F2B98BF08263046BDE8F883112F67
:1059600015D005D8072F14D00D2FE4D1174B05E023
:10597000142FE0D1164B1B68002BC5D0AA68124823
:1059800012794946984700288BD00646DCE7114B30
:10599000F4E7114BF2E7227C062A04BF0122AA7326
:1059A00082E70E4B08489847AB88DA06CCD5E37BF4
:1059B000092BC9D10A23E373C6E7094BF2E7094B68
:1059C000F0E70826C0E700BFEC2E002049D5000014
:1059D000F03400208DD500006D5A000073D4000013
:1059E000BFD40000E9D400002DE9F041A0F10E047D
:1059F0000B1EE4B208BF1F23172C16460AD8012538
:105A0000A54040F251210D4207D115F460051FD188
:105A1000082C07D00020BDE8F081BDE8F04100214E
:105A200007F0DBBC1468A17B242906D11946304657
:105A3000FDF7D8F884F82C5105E02A29EAD1E37B58
:105A4000233B072BF3D80023A37384F84A30E1E704
:105A5000054A1468002CDDD01A460146234630461C
:105A6000BDE8F041184700BFF434002070B54D7810
:105A7000A5F10E03DBB2152B04460CD8012101FA67
:105A800003F640F25122164207D10268152B927B91
:105A90002AD0082B07D0002070BD02462846BDE85A
:105AA000704007F09ABC242A01D02A2AF3D120465C
:105AB00006F0A2FD2368DA7B252AECD093F8632058
:105AC00022F0010283F86320226892F8633023F009
:105AD000080382F863301A212046FDF783F8236813
:105AE000002283F82C21D6E72C2AD4D1024B1B6844
:105AF000002BD0D09847CEE7F83400202DE9F041B4
:105B000090F86E7290F86F6204460D467FBB90F875
:105B1000141176BB94F8153184F8141184F81531FA
:105B2000FF2384F81631154B1B6804F1A8080BB14C
:105B30004046984794F82C31012B01D03E4303D0C6
:105B4000237B43F001032373404606F093FC18B116
:105B5000237B43F00203237306212046FEF71EFF3A
:105B6000002384F82C3135B1A373BDE8F0813946A8
:105B7000CFE73346D0E7E573F7E700BFFC340020FA
:105B800073B5484D002604462860AE806E73AE7330
:105B9000FF2380F84C30B0F8B231002B7CD090F865
:105BA0009E30FE2B78D190F82031002B74D0037CEE
:105BB000063B012B70D990F82131A0F8446080F8A1
:105BC000A0300221012207F061FC84F8BA610221B1
:105BD0002846FDF7FFFEB4F8B611B4F8B821B4F8C2
:105BE000DA30013989B2B1FBF3F31344A4F8B831C8
:105BF000B4F840300B44A4F84030204607F093FC42
:105C000010B1636B0B446363B4F8B231012B9CBFDA
:105C10000133A4F8B231002609B184F8BE61E37BF8
:105C200084F8BA61093B012B0FD8E388B4F86C22E1
:105C30009B1A190409D404F26E2104F1160006F02F
:105C4000B7F9E673FF2384F84B30B4F8B62104F1BA
:105C5000A801204606F0F2F9E37B134A1349103BF2
:105C60000F2B8CBF0023012300932868104BFCF7F7
:105C700065FA2C68237BDA0703D50A480021FCF774
:105C8000B1FF237B9B0703D504F23F10FDF7B2FD64
:105C90000023237302B070BD94F89E10FE299AD0A1
:105CA000004896E7EC2E002059570000AD56000042
:105CB000B55C00002DE9F047B24F0E46B9883C684C
:105CC0008D0556BFB4F8402000230132804646BF00
:105CD000A4F8403084F8BE31A4F84020204607F0F4
:105CE00022FC38B10B4604F59B7204F1A801204652
:105CF000FEF7E2F8BB8803F4C06323B1A37C002B5A
:105D000045D0032B49D0A27CBB88012A03D11805BA
:105D100044BF0222A274B8F1000F40F08F805906F0
:105D20005DBFB4F8D821013292B24246A4F8D8211E
:105D300003F00A020A2A0CD13A7B022A09D123F085
:105D400008033046BB80FFF779FD08233043C6B215
:105D5000BB803046FFF772FD3D6895F89E303043BA
:105D6000FE2BC6B23BD1D6BB2B7C063B012B36D9D2
:105D700095F82031ABB195F82131A5F8446085F84C
:105D8000A03001220221284607F080FB27E00121F4
:105D9000A1742046FEF702FEB5E70223A374012199
:105DA000F7E795F80FA0AAF10F0A5FFA8AFABAF19D
:105DB000100F40F2E9802B68DA0702D5324609213C
:105DC000E1E7980740F18D8032460C21284607F024
:105DD0005DFB95F8533043F0010385F85330B4F878
:105DE000B83194F8BB510133A4F8B831002D00F05C
:105DF000FB81FCF767FA10B10023A4F8B831A17C4D
:105E0000012940F22382237C072B40F00582B4F85D
:105E10004030022B40F21A82B4F842500135ADB244
:105E2000E3882B44A4F8B03194F8BC31002B00F087
:105E300011820123E2881344A4F8B431BB883D6881
:105E40005B065FBFB5F8C431B5F8B6219B189BB2AD
:105E500048BF0023A5F8C43195F820311BB92B7C2D
:105E6000063B012B06D8B5F84430B5F8B6211344EB
:105E7000A5F8443095F84A1031B1B5F84630B5F878
:105E8000B6211344A5F8463095F95020002AC1BF29
:105E9000B5F84E30B5F8B6011B18A5F84E3095F898
:105EA000313063B9B8F1000F40F05E82BB7B022B4A
:105EB00040F0168295F8A030062B18BF162395F8EF
:105EC000302022B92F4885F83130FDF743FE2846AF
:105ED00007F089FB002384F84C30BDE8F047FCF75D
:105EE000D7BE590702D5324613214CE71A0706D50B
:105EF00095F8983085F8A0303246072143E713F033
:105F0000300F3AD095F82331002B5BD195F8223130
:105F1000D3B1EB7B282B05F1A80005F5917105F2B3
:105F20006E2228D0AB7BA3F1280CDCF1000343EBFD
:105F30000C0306F08AFA2B6823F0200343F01003C9
:105F40002B60002385F822312B68DA063AD505F15B
:105F5000A80006F08FFA18B105F23F10FDF74AFCD1
:105F6000B5F8FE30A5F8A030B5F80231A5F8A2309A
:105F70000022152107E70123DBE75B0622D500227B
:105F8000242100E7EC2E0020D7F8009099F80F307C
:105F9000172B2DD011D8102B1DD0152B1FD0AB7B5C
:105FA000002B63D1EB7B0F3B102B67D995F83E306C
:105FB000002B63D001221221E5E61F2BEFD13246E0
:105FC00006210AE03868C37B252B3FD0342BE6D16D
:105FD00000221121D8E632460B214846D4E6484635
:105FE000FDF72CFE00283FF4FAAE00220421F4E76E
:105FF00099F86832012B07D132460521484607F04F
:1060000045FA89F86862EAE699F86832022BD9B253
:106010007FF4E5AE99F8523053B1062389F8A030E9
:106020003246484607F032FA002389F86832EAE738
:106030003B6840F20632A3F89A2099F8623013F0D8
:10604000040F32460CBF0D211121EAE790F82C31E4
:10605000022B02D10022172196E690F82C31012B59
:106060009DD190F82D31002BF4D098E7082B05D165
:1060700095F8993085F8A03001223EE7BAF1100F6B
:106080007FF6ADAE3D6895F80E90B9F1000F7FF444
:10609000A6AE95F833313BB101220E21284607F018
:1060A000F5F985F83391AEE795F8323183B195F87B
:1060B000539019F0030A0BD101220C21284649F014
:1060C000010907F0E3F985F8539085F832A19AE7C2
:1060D00095F822313BB395F8233123BBEB7B282B7A
:1060E00005F1A80005F5917105F26E2219D0AB7B80
:1060F000A3F1280CDCF1000343EB0C0306F0A5F937
:10610000002385F8223101221421284607F0BEF928
:10611000B5F8FE30A5F8A030B5F80231A5F8A230E8
:106120005DE60123EAE795F82C31012B3FD195F884
:106130002D31002B3BD1EA7BA2F12303072B36D96B
:1061400095F81401012806D0022804D04FF43F71BD
:106150000620FAF71FFF95F81511012901D0022931
:10616000F4D1022895F82E310BD0012B14BF002357
:10617000012343B9093A042A7FF631AE01221621E0
:1061800001E6022BF2E7022995F82F310DD0012B01
:1061900014BF00230123002BECD076480021FCF72C
:1061A00021FD002385F82C3119E6022BF0E795F844
:1061B00035314BB195F82D3133B9EB7B233B072BB0
:1061C00002D901222321DEE595F83431012B05D1D6
:1061D000002385F8343101222521D4E595F83431A6
:1061E000022B7FF4FCADF3E7FCF766F808B1A4F8E6
:1061F000B851FCF76FF800283FF401AE94F8BE31B7
:106200000133DBB2022B84F8BE3182BF0023A4F835
:10621000B83184F8BE31F2E594F83E3013B1A37B77
:106220000E2B13D1B4F84250B4F840302046ED1A8A
:10623000033D07F078F958B1A36B626B033B9B1ADF
:106240009D42A8BF1D46012D3FF7E9AD0125E7E5B9
:106250002B46F5E7012D7FF6ECADE37B13B10A2B5E
:106260007FF4E7ADA37B002B7FF4E3AD237C002B11
:106270007FF4DFAD02297FF4DCAD94F8BE31002B52
:106280007FF4D7ADD4F8BC00B4F8DA9004F0ECFC9D
:1062900000283FF4CEAD94F89E30FE2B7FF4C9ADBC
:1062A000B4F8B231012B7FF6C4ADB4F8B821B4F81C
:1062B000CC309A42BFF4BDAD9B1A9BB2013DADB24A
:1062C000B5FBF9F59D4228BF1D4619FB05F3003DBE
:1062D00003F1010318BF01259BB284F8BA51A9E567
:1062E000012B08D16B7C002B7FF4E9AD00212846FF
:1062F000FEF754FBEEE55EB1F00633D4310733D43C
:10630000B20633D4B30733D14FF43161312020E7E3
:1063100039B1B5F84610B5F84830994201D3222377
:10632000CDE5002A05DDB5F84E20B5F848309A4293
:10633000F5D2B5F84420B5F842309A4209D2AA7C89
:10634000B5F8403052B1B5F842209A42CED8082371
:10635000B5E595F82031002BE1D1F0E7052BC5D943
:106360003E23ACE51E23AAE53D23A8E52323A6E5AD
:106370002A23A4E5EC2E002013B5D0F87432D0F80F
:10638000C42001909342044605D1D0F87812D0F889
:10639000CC20914216D0B4F8AA20A4F8872140F26C
:1063A000E242B3FBF2F3A4F88931B4F87832A4F8EE
:1063B0008B31B4F87A320A49A4F88D3104F27D1099
:1063C00005F0CAFFB4F87A22D4F8741201A8FCF7D9
:1063D000B7FF0023E3730323A37402B010BD00BF13
:1063E00055C7000008B5FDF7C9FA024B024A1A600A
:1063F00008BD00BFF034002091570000074B93F90F
:1064000000301844142804DC10F17F0F03DB40B285
:106410007047142070476FF07E007047FD2E0020FB
:1064200007B57F230DF107008DF8073000F0A6FDBA
:1064300003469DF9070053B1094B5B785B4240FA74
:1064400083F0142806DC10F17F0F05DB40B203B0A7
:106450005DF804FB1420FAE76FF07E00F7E700BF59
:10646000FD2E0020024B00221A705A70704700BFA8
:10647000FD2E0020064BD3F8000138B1D3F80401FB
:1064800020B1D3F80801B0FA80F04009704700BF8E
:1064900000F00040034B00221A705A7010229A70CC
:1064A000704700BFFF2E002070B50646022014463C
:1064B0000D4600F0A3F8064B01221A70054B033C71
:1064C000C3F81045C3F80865C3F8045570BD00BF94
:1064D000FF2E002000F0004008B5022000F08EF8EA
:1064E000084B01221A70084B0022C3F80021C3F8A0
:1064F0000421C3F8082103F580334FF40002C3F8E8
:10650000042508BDFF2E002000F000400E4A08B50B
:10651000137883B10D4B4FF40001C3F80815FFF752
:10652000A9FF68B101235370094BD3F80034DBB2E3
:10653000937000231370BDE80840002000F05EB89F
:1065400050701023F4E700BFFF2E002000F0014040
:1065500000F00040094B1A7862B1094BD3F80021D2
:1065600052B1D3F8040140B1D3F80801B0FA80F079
:10657000400970475878704702207047FF2E00206E
:1065800000F0004008B5074B1A783AB1FFF772FFE8
:1065900030B1054BD3F80004C0B208BD9878FCE7D1
:1065A0001020FAE7FF2E002000F0004008B50A4B4B
:1065B000D3F80025032A04BF01229A600022C3F801
:1065C0000025C3F8002500F0F9FE044B4FF400024B
:1065D000C3F8082508BD00BF00F0004000F00140EE
:1065E000054B4FF40042C3F88020BFF34F8FBFF339
:1065F0006F8FFFF7DBBF00BF00E100E010B504467E
:10660000FFF7D4FF012C06D0022C0CD054B18C2102
:106610003D20FAF7BFFC0B4B0222C3F800250A4AC3
:10662000C3F8142510BD074B0322C3F80025064A02
:10663000C3F8142503F580334FF40002C3F8042592
:10664000F0E700BF00F00040022F0020044B186864
:10665000062818BFB0F1FF3F0CBF01200020704793
:1066600048320020044B1868062818BFB0F1FF3FDD
:106670000CBF0120002070474832002008B5FFF70A
:10668000E5FF38B1044B1868063810F1080F94BFC5
:106690000020012008BD00BF4C32002008B5FFF7E4
:1066A000E1FF38B1044B1868063810F1080F94BFA9
:1066B0000020012008BD00BF4C32002008B5FFF7C4
:1066C000C5FF38B1044B1868063810F1080F8CBFAD
:1066D0000020012008BD00BF4C320020064B0022E4
:1066E000C3F80021C3F80C21C3F81021C3F804211A
:1066F000C3F80821704700BF0010004070B5134D6B
:106700006E7F0346084626B940F6C1013E20FAF7DF
:1067100041FC63B9012EAC69297F05D100F03CFD35
:1067200020442B69C01A70BD07F014F8F8E7012B5C
:1067300009D1012EAC69297F02D100F01DFDEFE7E0
:1067400007F013F8ECE70020EBE700BF1030002063
:106750000B4B93F82B0088B193F82A307BB1094B8F
:10676000D3F8002242F00102C3F80022D3F850050A
:1067700000F0F600023818BF012070470120704772
:10678000103000200010004008B5094B0128187196
:10679000084B06D0022808D040F645513E20FAF7B3
:1067A000F9FB0322C3F8102508BD0422FAE700BF55
:1067B000103000200010004008B570B9104B28318F
:1067C000D96018460F4900F023FF0130012816D97F
:1067D00040F2C2613E20FAF7DDFB01280CD1084BE4
:1067E0002931D9601846074900F018FF0130012807
:1067F00005D940F2CC61EDE74FF4DA61EAE708BD74
:10680000E8200020C077020008B50C4B5B78012B14
:1068100009D100F009FF013001280ED940F611110D
:106820003E20FAF7B7FB022B07D100F003FF01303F
:10683000012802D940F61711F2E708BD10300020F8
:10684000094B0A4A1B89B3F5166F3ABFA3F63813F2
:1068500043F48073A3F5166300F07F00C2F8083597
:10686000C2F85405704700BF1030002000100040EF
:1068700010B50C46FFF788FF2046FFF7E1FF0F4AEF
:106880000023C2F81C31D2F8003243F48873C2F8F6
:10689000003240F20313C2F8343540F25B63C2F8B1
:1068A0003835FFF7EBFE40B9FFF708FF28B9D2F8FB
:1068B000683543F4C023C2F8683510BD00100040AD
:1068C00073B50C46154D0646FFF75EFF2046FFF7F1
:1068D000B7FF214695F9052001AB304600F034FEA4
:1068E0009DF8050000F0ACFE20B140F2E3513E20DF
:1068F000FAF750FB9DF90400294600F035FC084BDF
:1069000040F20312C3F83425284640F25B62C3F814
:10691000382502B0BDE8704000F0FABD103000200C
:10692000001000402DE9F04106460C46174601F0E4
:10693000C3FB0028FBD02C4B2C4D4FF40022C3F896
:1069400008259EBB01236B7095F82A301BB9A979E5
:106950003846FFF7B5FF264B33F817304FF47A72FD
:1069600003F5FA73B3FBF2F3224AE41A1E4BC3F8A1
:10697000AC252B691C4A204FE1184FF001081F4B32
:1069800085F82A80C7F84015C2F8A8352B6A43F469
:1069900000232B624FF40023C2F80435FFF7D8FE22
:1069A0000446B8B900242046BDE8F081012E0CD180
:1069B00002236B7095F82A301BB9A9793846FFF786
:1069C00057FF094B0E4A293CD1E740F634013E20DF
:1069D000FAF7E0FAC7F84C80D7F84C358B42E1DA89
:1069E0003046FFF7E9FEDEE700F0014010300020FE
:1069F00038780200001000400080004040810040D4
:106A00000410004008B540221048002103F088FD22
:106A10000F4B1B6823F004020A2A05D0102B03D069
:106A2000082B0ED1402200E024220A48FF2103F067
:106A300077FD4FF080430022C3F8082EC3F8102ED4
:106A400008BD0D2BEED03822EFE700BF103000203C
:106A500048320020000E0040024B0344187E00F52F
:106A600016607047C0770200024B98691B69C01A14
:106A7000704700BF103000200A4B1A7FD3E9043062
:106A8000C01A094B03EB82031B6CC01A074B53F867
:106A900022304FF47A7203F2F313B3FBF2F3C01A0D
:106AA000704700BF10300020C07702002C78020031
:106AB000FF2808B504D940F2CB213E20FAF76AFA44
:106AC000114B0129188504D0022919D04FF44F71B8
:106AD000F3E700230D4A43F4801340F0007043F4C1
:106AE000847340F44030C2F81435C2F81805D2F867
:106AF000503503F0F703032B05D140F25631DCE7A4
:106B00004FF08073E6E708BD103000200010004011
:106B100008B5FFF7B3FD50B1054AD2F8743723F03A
:106B2000807323F0010343F08073C2F8743708BD0B
:106B3000001000401E4B2DE9F0410226C3F8806092
:106B4000BFF34F8FBFF36F8F01F0B0FA044601F02F
:106B5000F1FB184D001B184C286100274FF001086D
:106B6000C4F8FC7FC4F8FC8F00F082FC40F20122E4
:106B7000C4F83085C4F85026104AC4F80062107C6E
:106B800000F076FD0E4A0A4B0E49C2F80415102299
:106B9000AF836F85AF61C3F88061C4F804231E60C2
:106BA0002B6C03B19847BDE8F04100F025BD00BF54
:106BB00000E100E01030002000100040E82000203C
:106BC00000F001400000020C014B5871704700BFFB
:106BD00010300020034B020E0002C3F82425C3F836
:106BE0001C05704700100040044B054A0344907197
:106BF0001B7E03F516631381704700BFC077020048
:106C000010300020F8B52B4C94F82B3006460F4678
:106C100023B940F206713E20FAF7BCF9264A012357
:106C200084F82A30D2F8003243F00103C2F800326F
:106C300001F042FA0028FBD02EBB0123A17963703A
:106C40003846FFF73DFE6378012B02D04FF4E9612F
:106C5000E1E71A4AD364A2F5E0421360174BD3F878
:106C60004C5530462946FFF7A7FD2369ED1AF6B9C2
:106C7000134B33F817304FF47A7203F5FA73B3FB02
:106C8000F2F35819F8BD012EE8D10223A1796370FF
:106C90003846FFF7EDFD6378022B02D040F25171C8
:106CA000B9E7064BDE64A3F5E0435E60D6E705F185
:106CB0002900E7E71030002000100040008000406D
:106CC0003878020008B5FFF72DFE58B9064BC3F817
:106CD0004005A3F5E04301221A610220BDE8084007
:106CE000FCF742BD08BD00BF0080004073B5234BD8
:106CF0002349D3F80443234D02224FF0FF30C3F859
:106D00000803C1F880212049C3F8002200226A85C7
:106D1000C1F8402501F5B8314FF46026C1F8086587
:106D2000D3F85015C9B204F01004D1B18DF80700A2
:106D3000C3F8102101221A619DF8072012B1D3F87F
:106D400010213AB19DF807305BB940F6FF013E20B3
:106D5000FAF720F99DF80720013AD2B28DF8072002
:106D6000EAE7FFF751FD054B0022C3F810212A8006
:106D700014B11022C3F8042302B070BD001000400B
:106D800000E100E0103000200080004038B51B4DCD
:106D90000024C5F84845C5F84445C5F84045C5F840
:106DA0004C45FFF7A3FF00F02DFC154B15491A6A5F
:106DB0001C6242F0446242F40032C1F80825C3E983
:106DC0000544DC70104BC5F848450222C5F844451F
:106DD000C5F84045C5F84C45C5F84841C5F844419B
:106DE000C5F84041C5F84C41C3F88020BFF34F8F30
:106DF000BFF36F8FC3F8802138BD00BF0080004013
:106E00001030002000F0014000E100E070B50F4DAF
:106E10002C7806461CB96C70EC706C8570BD18B18E
:106E2000BDE87040FFF762BF013C18BF0124AA789B
:106E300096212046FFF762FC2E80AA7885F82A600A
:106E400001462046BDE87040FFF73CBF10300020EF
:106E5000014BC3F83C0570470010004010B50FC847
:106E6000014C84E80F0010BD543000200A490B4B40
:106E700010B5C1F80405012483F82B405862FFF7D0
:106E800067FC40B9064BC3F840050C610320BDE820
:106E90001040FCF769BC10BD00100040103000200D
:106EA00000800040174B1A6910449A69824210B55D
:106EB000154C09D30220FCF757FC0023C4F84035D9
:106EC000124B01221A610CE00122DA706264D4F8DC
:106ED00044150531814205D30C4BD3F80411002928
:106EE000F0D010BD0022C4F84421C4F844051A6A49
:106EF00042F480021A62064B4FF48002C3F8042564
:106F0000EFE700BF1030002000800040001000407C
:106F100000F0014010B50B4C0346607F217F2279C1
:106F200001284FF0960009D100F044F9A3692269C5
:106F30009B1ABDE810401844FFF7B4BF00F054F9A5
:106F4000F4E700BF10300020044BC3F86005D3F80D
:106F5000002242F04002C3F80022704700100040B7
:106F6000054BD3F8002222F04002C3F80022002291
:106F7000C3F86025704700BF001000400A4A014670
:106F8000D2F81C0182B068B1D2F8483503F07F0313
:106F90005B420B700023C2F81C31D2F81C31019304
:106FA000019B012002B0704700100040034B0028F5
:106FB00014BF0222012299701A707047103000200D
:106FC000054B0022C3F84025044AD2F85035DBB205
:106FD0000BB1012313617047008000400010004096
:106FE00030B5044BD3E90C459B6BC0E900450B6001
:106FF00030BD00BF103000202DE9F04701F05AF8F5
:107000004D4C4E4E4FF00109C4E90C01C6F84C90AE
:10701000D6F84C35A363FFF7F7FB494B226AC3F858
:1070200008250025474A2562C3F8AC55D2F800323E
:1070300023F48E7323F00103C2F80032D6F84835EA
:10704000A361D6F84435636163786377D2F80C8125
:1070500084F82B50D2F81011FFF740FB6778022F0D
:107060004FD1E37813B1D6F8443113BBB8F1000F18
:1070700026D0FFF703FB50BBFFF720FB38BB314B9B
:10708000D3F85034D90122D51A0705D013F0F00FE8
:1070900002D013F4706F1AD12A4AC3F304410129B4
:1070A000D2F8542413D1012A11D0C3F34253022B36
:1070B0000DD80120FFF7AAFE636CBDE8F047184722
:1070C000002937D00120FFF7A1FE236DF5E72379D2
:1070D00023770020258DFFF799FE1A4BD3F8003453
:1070E000DB070CD5636A5878A84294BF00200120C2
:1070F000A36C002180F00100BDE8F0471847012093
:10710000F6E7012F13D123792377B8F1000F06D0CA
:107110002846FFF77BFEE36C39462846ECE749B189
:107120003846FFF773FEE36C41464046E4E709B199
:107130004846C8E7BDE8F0871030002000800040D6
:1071400000F0014000100040024B03EB8003186C7C
:10715000704700BFC0770200024B03EB8003D86C7E
:10716000704700BFC0770200024BC0B2C3F80C05E5
:10717000704700BF00100040064A4FF47A7332F99E
:107180001120584300F2E7301044B0FBF3F002380E
:10719000704700BF24780200054A4FF47A7332F931
:1071A000112000FB03301044B0FBF3F0704700BF28
:1071B0002478020038B51D460A4B33F9114003EB21
:1071C000820305359B681C4404F6B7344FF47A7388
:1071D00003FB00441046B4FBF3F4FFF7B5FF25446E
:1071E000284438BD2478020070B506460846154686
:1071F000FFF7B2FF094B03EB85039C684FF47A73EA
:1072000004F6B73403FB0644241A2846B4FBF3F40F
:10721000FFF79AFF0530204470BD00BF24780200BC
:10722000024B00221A705A709A7070476430002026
:107230002DE9F041054601200C4617469846079E69
:10724000FFF7DCF99DF8243005F0030141EA034122
:10725000244B41F08071C3F80415234B214604F1FF
:107260001002184651F8044B43F8044B9142F9D1EF
:107270001E499DF81830C0F814800761CB7633683A
:10728000CB6173680B62174B194AC3F80805126883
:10729000062A09D001321FBFD3F81825BDF82000F7
:1072A00060F30702C3F81825124B134AC3F80825E8
:1072B00015F0FB0F01BF114AC3F89825FC3AC3F83B
:1072C0009C250122022D4A7081F8245007D8054BD5
:1072D0000A700021C3F80011C3F800121A60BDE85B
:1072E000F08100BF00F000406730002064300020D3
:1072F0004832002000F001400000020200F100408E
:1073000070B5194C637823B94FF4D5713C20F9F767
:1073100041FE164BC3F80C15C3F8100594F8245021
:107320000122A270C5B924780CB99721EEE7104C60
:10733000C3F804514FF40035C4F80455D3F8006184
:1073400016B15A60C4F808550B7803704B780433B3
:1073500043708B78837070BD00212270C3F80411D4
:10736000C3F800221A60F6E76430002000F0004005
:1073700000F001400E4A08B5537823B94FF4DF718D
:107380003C20F9F707FE0B4BC3F80C150121C3F89D
:107390001005917012780AB9BA21F1E70022C3F8FA
:1073A0000421054B4FF00072C3F8042508BD00BF4F
:1073B0006430002000F0004000F00140084B1A78D3
:1073C0004AB10849084AC1F808250022C1F89825A1
:1073D000C1F89C251A7000225A709A70704700BF3D
:1073E0006430002000F0014000000202194B1B78BD
:1073F00070B523B94FF4F2713C20F9F7CBFD164C70
:10740000D4F80431BBB90223C4F80433134B144E2F
:107410001D691A6942F0100205F010051A61D4F8CE
:1074200004317BB125B90D4A136923F010031361B0
:107430000223C4F80833084BD3F80004003818BFFF
:10744000012070BD4FF40043C6F8803106F075FA94
:10745000E5E700BF6430002000F0004000ED00E0F0
:1074600000E100E0014B01229A60704700F000400B
:1074700010B5FFF7F7F888B1224B1B68063B0833BD
:1074800033D9214AD2F83C3723F0004323F0FF03DD
:1074900043F0004343F09603C2F83C37FFF7FEF891
:1074A000194C38B1D4F8403723F47F4343F4B05338
:1074B000C4F84037154BC4F8783700F0D3F838B12A
:1074C0004FF08053D3F830335A1C18BFC4F84C37F0
:1074D0004FF01023196E4B1C1FBF0B4AD2F88C358E
:1074E00061F31743C2F88C3510BD074AD2F83C3718
:1074F00043F48063C2F83C37FFF7B4F80028C0D1EA
:10750000CCE700BF4C320020001000402C00008966
:1075100008B50146FFF7C2F898B10B790948022B6C
:107520004FF08053D0F88825D3F8203322F4FE4260
:107530000CBFC3F30663C3F3062342EA0323C0F878
:10754000883508BD001000402DE9F04F264C85B06D
:10755000054698460E46174600F0C8F82378AB4219
:10756000814611D16378B3420ED194F90230BB4207
:107570000AD1E378834207D1A388A8F8003094F9B0
:10758000060005B0BDE8F08F012D06D0022D10D009
:1075900040F289410620F9F7FDFC00200DF10F03B0
:1075A0003A46314600F0A8F8824620B14621A9208B
:1075B000F1E70120F2E730469DF90FB0FFF74CFAF2
:1075C000A91E4A4203464A41CDF800A0414658460A
:1075D00000F03CF8B8F80030A071A3802570667008
:1075E000A77084F80390CAE700210020014B1B68B4
:1075F0001B68184730210020014B1B685B68184747
:1076000030210020014B1B689B6818473021002067
:10761000014B1B681B69184730210020014B1B6878
:107620005B69184730210020014B1B689B69184794
:1076300030210020014B1B68DB69184730210020F6
:10764000014B1B689B6A18473021002030B4044C62
:107650009DF8085024680295E468A44630BC604751
:1076600030210020014B1878704700BF0035002002
:1076700010B500220C49134640FA02F4E40744BF57
:10768000CA545C1C02F1010248BFE3B2042AF3D1E0
:10769000054AFF24D118032B01D9107110BD013305
:1076A00001F8014BDBB2F6E70C350020B5D700003E
:1076B000BBD70000BDD70000E3D70000C1D7000052
:1076C000EDD70000C7D70000F7D70000CDD70000E6
:1076D00003D80000D9D70000DDD70000CFD70000C5
:1076E000D5D70000F3D70000FDD70000014B187D6F
:1076F000704700BF98300020042810B511D883B11E
:1077000004280CBF10242824A1420AD2064C54F8A5
:10771000200018B141568A42A8BF0A461A700020BC
:1077200010BD6FF01500FBE79830002030B5034620
:10773000114890F91C209A4219DD90F924209A42B0
:1077400017DA9A1A846AA05C0C4A15569D420DD02D
:107750000E32002918BF01309442C0B206D129B1BF
:10776000013BDBB2012B01D80130C0B230BD0D208E
:10777000FCE70020FAE700BF9830002044780200C0
:1077800008B5054B93F91C30984203DAFFF7CEFF9A
:10779000024B1B56184608BD983000204478020062
:1077A00008B5184B93F82C20FAB9012283F82C2045
:1077B000154A1268A2F10800082803D813490141AC
:1077C000C90709D5911F092910D9013212D04FF4E8
:1077D000DF71742002F0BAFB0D4A9A62D8221A6255
:1077E00083F8242008229A611A7708BD094A0A41C1
:1077F000D207ECD4084A9A62D8221A6283F824206D
:107800000422F0E79830002048320020DEFEFFFF1F
:107810007F780200EEFCFFFF5278020010F0FF00BC
:1078200008B508D14FF0804301225A60C3F8000127
:10783000034B187008BD7C21B52002F087FB00BF08
:10784000C5300020014B01221A707047C53000205E
:1078500008B548B94FF08043D3F8003113B9044B51
:10786000187808BD0120FCE7C221B52002F06EFBAC
:10787000C5300020044B1868062818BFB0F1FF3F40
:107880000CBF0120002070474832002008B5094B8A
:107890001A680A2A02D1084B1B6823B1FFF7EAFFD6
:1078A00008B9082A04D14FF080430222C3F8342CCF
:1078B00008BD00BF483200204C320020F8B50F4E02
:1078C0000127375404460D4605F0A8FF60B934B9C6
:1078D0004FF08043B7707560C3F80473F8BD40F291
:1078E00025116D2002F032FB002DF7D01CB9204687
:1078F000A8477460F2E74FF4A071F2E7C8300020A7
:10790000044B191800228A7003EB80011A544A6054
:10791000704700BFC8300020014B9881704700BFFE
:10792000C8300020014BD889704700BFC830002004
:10793000014B9889704700BFC830002010B5EFF3A5
:10794000108472B6064B03441A7C0132D2B21A7408
:107950001B7C012B01D105F055FF04B962B610BDA7
:10796000C830002010B505F081FF05F057FF4FF03B
:107970008044084940B1FFF789FF012323610423B4
:107980008B740023CB7410BD03238B740123C4F8C4
:107990000433F6E7C830002010B5EFF3108472B658
:1079A000094B03441A7C22B940F257216D2002F0A2
:1079B000CDFA1A7C013AD2B21A741B7C0BB9FFF7CC
:1079C0002DFF04B962B610BDC8300020024B987C70
:1079D000003818BF01207047C830002038B5164C59
:1079E000237D23B940F206316D2002F0AFFA637DAA
:1079F000C3B9A37DB3B1E27C013B9A4212DA05F030
:107A00000DFF054602F0F4FBA37D012B82BFE37C52
:107A10000133E37455B1A369C31A0133022B09D9A9
:107A200035B1A061BDE83840FFF79CBFE369F3E7DB
:107A3000E061F7E738BD00BFC830002073B51B4DCB
:107A40006B7D63B9286A00F0030005F0FFFE30B1DA
:107A5000EFF3108372B6AA7C1AB103B962B602B012
:107A600070BD0122AA7403B962B64FF080430822A8
:107A7000C3F808234FF42073ADF80630BDF8064074
:107A8000A4B2631E9BB2ADF80630002CF6D14FF0C5
:107A900080460748C6F80C4105F031FF85F82540BF
:107AA000FFF760FF0823C6F80433D8E7C83000208A
:107AB000EC3000202DE9F347484C237D002B00F0EB
:107AC0008A800323ADF804304FF08043D3F800518F
:107AD000F5B9D3F80481B8F1000F09D04FF0804315
:107AE0000022C3F804210222C3F80823FFF7A6FFEF
:107AF00094F825603A484FF08047F6B2D7F80C81E9
:107B000005F001FF48B340F243316D2002F01EFA48
:107B100000258DF804500122D3F80481C3F808230E
:107B20000DF10409271DA61C19F8010B03280AD022
:107B3000337843B13B684FF0000A86F800A013B1D8
:107B40009847C7F800A06B1C022B07F1040706F149
:107B500001064FF00105E7D1BDE745B1A37C032B3A
:107B600005D10423A374FFF791FE01233B61B8F113
:107B7000000F1FD04FF080430022C3F80C21A37CDC
:107B8000042B02D040F26931BFE7164B1A680A2A6B
:107B900002D1154B1B6823B1FFF76CFE08B9082A08
:107BA00004D14FF080430022C3F8342C0223A37485
:107BB00005F05FFE4EB1002384F82530A37C022B34
:107BC00001D1FFF7CFFE05F054FE054802B0BDE835
:107BD000F04705F0A7BE02B0BDE8F087C83000202E
:107BE000EC300020483200204C32002010B5054C0B
:107BF000206A00F0030005F029FE0028F8D00020DC
:107C000010BD00BFC8300020F8B5054650B102785D
:107C1000042A07D8437842B9013B1F2B02D8837846
:107C2000212B07D96FF0150075E0002BFAD183786E
:107C3000002BF7D17B4B0127C3F88070BFF34F8F28
:107C4000BFF36F8F4FF08046C3F88071764C0B23E3
:107C5000C6F808330023C6F80031C6F80431C6F868
:107C60000C3123746374AB88E38105F0DAFD08B14D
:107C700027702774D6F80C24D6F80C34D20303D519
:107C8000DF0701D5FFF7DEFD4FF4AF63A3812B784B
:107C9000A978637500222262A175E274042B4DD885
:107CA000DFE803F005033A484A000123236205F0A8
:107CB000BFFD00284DD005F0C2FD236A03F0030389
:107CC000984246D1AB79002B3DD1FFF78FFFA37DC2
:107CD0006BB12B785BB905F0A1FD054602F088FA7F
:107CE0006FF00043002D00F09980C4E906034FF0C7
:107CF0008043D3F80C24D3F80C34D20303D5DB072C
:107D000001D5FFF79FFD474A01230020A07423758A
:107D1000C2F880311360F8BD05F0A8FD4FF0804334
:107D2000D3F80C14D3F80C24CE03F9D5D007F7D52B
:107D30000223BBE73D4BB9E73D4BB7E740F21E518D
:107D40006D2002F003F94FF080430222C3F80423B0
:107D5000BDE74FF080430122DA600022C3F804211E
:107D6000226AC3F81825334A1368A3F10E010129CA
:107D700004D90A2B02D0FFF77DFD48B14FF08053A4
:107D80004FF08041D3F84432C3F34233C1F83C355D
:107D90001368A3F10E02012A04D90A2B02D0FFF7BF
:107DA00069FD20B14FF080430122C3F84C254FF00C
:107DB000804301229A600222C3F80423AA79002A90
:107DC00085D1D3F80423910702D440F2D141B7E71B
:107DD000194A1669116941F010011161D3F8043193
:107DE00006F010060BB905F0AAFD4FF08047D7F852
:107DF000043183B1FFF7FAFE26B90F4A136923F065
:107E0000100313614FF080430222C3F808230022BD
:107E1000C3F804215BE705F090FDE8E7C4E906300C
:107E200065E700BF00E100E0C8300020010002006B
:107E3000010003004832002000ED00E010B50D4CB9
:107E400004F1240005F05FFD48B9A37C022B01D1A9
:107E5000FFF788FDBDE81040074805F063BD074AFD
:107E6000012384F82530BDE81040C2F8003105F048
:107E7000FDBC00BFC8300020EC30002000E100E075
:107E800038B50C4B0C46197919B183216F2002F0DB
:107E90005DF860B95D790DB1002038BD01225A71DD
:107EA000FFF74CFD21462846FFF708FDF4E76FF089
:107EB0001500F2E7F030002038B50B4D2B79044661
:107EC0001BB19A216F2002F041F850B96B790BB9C0
:107ED000002038BDFFF714FD20466C71FFF75CFDF4
:107EE000F6E76FF01500F4E7F030002010B501B3AD
:107EF000F0B14FF0FF33104A1C46E0FB01349442CE
:107F000003D9DB216F2002F021F81A0D42EA043276
:107F1000C3F30F10094B00EB02404FF22444B2FBB5
:107F2000F4F103FB1100B0FBF4F040EA0140013032
:107F300010BD0846FCE700BF3F420F00000024F4DC
:107F4000014B9B68184700BFF0300020014BDB68F5
:107F5000184700BFF0300020014B1B69184700BFD5
:107F6000F0300020014B1B6A184700BFF0300020A2
:107F7000014BDB69184700BFF030002008B5064B05
:107F80001B7923B140F237116F2001F0DFFFBDE80C
:107F90000840FFF723BD00BFF0300020034B1A79E3
:107FA0000AB9FFF7BFBC988D704700BFF0300020C2
:107FB000034B1A790AB9FFF7BBBC988A704700BF18
:107FC000F0300020024B1B790BB9FFF737BD70472B
:107FD000F0300020014B9B69184700BFF0300020B3
:107FE00010B5144C2379A3B1636A9847002806DBC7
:107FF00094F82E3023B1012384F83030002010BDD6
:10800000FFF7E8FF0028F6DA40F28D116F2001F04B
:108010009DFF094BA361094BE361094B2362094BA7
:10802000A360094BE360094B2361FFF7EDFD0028D6
:10803000E1D0E4E7F0300020ED7B00003D7E000061
:10804000CD7900006DD8000073D8000079D8000009
:1080500038B5084B1D79044625B140F2E1116F2077
:1080600001F074FF01F026F82046FFF755FC284682
:1080700038BD00BFF030002008B5074801F008F80F
:10808000054800F021F801F04FFA01F031FA00F054
:108090001FFB012008BD00BF2431002001F0E2BB1E
:1080A000103001F029B800BF01F03EB801F0D6BC95
:1080B00001F09EBD01F0B0BD01F050BC08B5272114
:1080C000032001F043FF00BF024B186000221A7129
:1080D0009A6070472C31002070B582B01E4C237915
:1080E000012B11D0DAB2022A0BD1A0680DF10701E1
:1080F00000F014FB0023A36023719DF8070002B079
:1081000070BD012002B070BDA0680DF1070100F044
:10811000FBFAA5686B7DDB07ECD5AB7F042BE9D0C0
:1081200001F046F806460028E4D001F047F82A6935
:10813000B3682E686D68961945F1000500220A3370
:1081400042F100021B1842EB0102B342AA41D1D313
:10815000A06800F085FCCDE72C310020837F0BB1B7
:108160000020704710B50A684B688C68D1F80CC0C5
:10817000C0F80CC08460026043600A694B694361C7
:10818000012402618477054B1A792AB998601C7121
:1081900000F0A4FF204610BDFFF790FF2C31002017
:1081A00070B5044682B00D4601F002F8A37F012BA2
:1081B00017D02B686A68A9680646E868E060A16085
:1081C000236062606A692B69626101222361A27780
:1081D0000DF10701204600F097FA2EB1012002B000
:1081E00070BD002002B070BD024B0421186805F07C
:1081F00057FBF3E72C310020024B0621186805F0ED
:108200004FBB00BF2C31002010B5084B1A7952B972
:108210000446986002221A7100F060FFA07FB0FA55
:1082200080F0400910BDFFF749FF00BF2C3100204E
:1082300038B5837FC3B1044609E0A37F042B09D07E
:10824000A37F012B11D005F078FBA37F63B1A37F3F
:10825000032BF2D1EFF3108572B6204600F0BCFA82
:1082600005B962B6A37F2BB938BD4FF482710320E4
:1082700001F06CFEFF21032001F068FE70B5054699
:1082800000F096FF08B3044600F098FFA468034688
:10829000E41841F1000628463346224600F072FBFE
:1082A000A04271EB06034FF000050CD3001B6FF0EA
:1082B000010361EB0601834275EB010100D370BD40
:1082C0004FF0FF3070BD284670BD40F229110320E9
:1082D00001F03CFE2DE9F04104460F4600F068FF36
:1082E00010B38568002362195B41064613B1002074
:1082F000BDE8F08100F062FF2A1841F10003384622
:10830000A51843F1000800F03DFBA84271EB0801FD
:10831000EDD301F0A7FA00F019FAB36837752344DA
:108320000120B360BDE8F0814FF4A371032001F098
:108330000DFE00BF00F042BFF8B50369002B4ED11F
:10834000044601F08FFA05460E46FFF705FE78B3A6
:10835000D4E90003643546F10006A84273EB060237
:1083600023D3C4E90003EFF3108672B600F020FFB8
:10837000054698B100F022FFAB6800220B3342F1B2
:1083800000021B1842EB0101D4E90002834271EBA9
:1083900002053CBF03461146C4E9003106B962B686
:1083A0002046BDE8F84000F083BB28463346D8E7B6
:1083B000FFF7FEFD074600F00FFFB8422168626834
:1083C00038BF3846963546F10006401946F100039D
:1083D000884273EB02053CBF08461346C1E74FF4E1
:1083E000D171032001F0B2FD1C4B1868A0B350E915
:1083F000063130B550F8104C13F10A02036841F110
:1084000000011519A0F1180041F1000C1BB922E080
:1084100014D31B68FBB153E90621AA4271EB0C048B
:1084200019D290F814E013F8044C7445F0D19C88EC
:10843000B0F81CE0A4EB0E042404EAD553F8100CA9
:108440000A3241F100018518A3F118001B6841F1BF
:10845000000C002BDFD130BD704700BF3831002049
:1084600070B5264D00236B60EFF3108172B6AA68D9
:108470006A60AB60EB6009B962B66A6872B3204C9F
:1084800000269379032BA2F1180028D0136873B348
:108490009A79042AA3F118038446A6460FD1818B4A
:1084A0009A8B521A12049A6944BF0CF1180E18469E
:1084B00042B19C46A2F118039A7F042AEFD09B7F19
:1084C000032B16D1DEF800201368CEF8003002210D
:1084D000C368867798476A68002AD2D170BD116850
:1084E00052F80C3C9671696001219847F3E7A64663
:1084F000EAE763219F2001F029FD00BF3831002009
:108500003C3100202DE9F04F6F4B04681B68456833
:1085100083B08283427D0646894602F00102002B29
:1085200000F0CB80A3F1180C002A6ED0DCE900012A
:10853000844275EB0107644A2FD39CF81420337DE5
:108540009A421BD8DCF808301B1841F1000113F1E6
:108550000A0E41F10007744575EB070280F0A88010
:108560003269121945F10000964577EB000801D2F7
:10857000724638469A428841C0F08280DCF8183052
:108580000CF11802002B00F09180A3F1180CDCE92B
:108590000001844275EB0107CFD21F466346B068E5
:1085A000001945F10008002B44D0CDE90027CA4648
:1085B000D3E9007110F10A0C48F10002674571EB34
:1085C000020245D21A7D96F814C0944519D39A68D0
:1085D000D21941F1000112F10A0941F1000E4C4596
:1085E00075EB0E0745D237693F1945F1000CB945C7
:1085F0007EEB0C0B01D24F46F44697427CEB010C0C
:108600003DD39B6923B3183BD2E7DCE900018442E8
:1086100075EB01012C4A0CD3DCF818300CF1180270
:108620003BB1A3F1180CDCE90001844275EB0101B8
:10863000F2D21F46334643F8187F1360FFF7D4FE8B
:10864000864210D0002389F8003003B0BDE8F08FD7
:10865000DDE900273346D14643F8187F1360FFF762
:10866000C3FE8642EED1012389F8003003B0BDE895
:10867000F08F2746AC4697427CEB010CC1D2D14625
:10868000114A0423B3779168002333767376B37667
:10869000F37606F118020C4B69B1DB681A600B4BDC
:1086A00009491878CA6001F009FECBE71F4676E752
:1086B000224628465EE79A60F1E712B91746024A59
:1086C000B8E7014A1F466AE738310020342100200C
:1086D00010B50A4C2378FF2B0AD1094801F0C4FDDC
:1086E000084B207000221A609A60DA601A8210BD6E
:1086F0004FF48D719F2001F029FC00BF3421002030
:108700006184000038310020034B1A8A02F1010C09
:10871000A3F810C0FFF7F6BE3831002038B5044684
:108720000D46FFF761FE0346E31AB3FA83F35B09D4
:1087300005482B7004F1180105F0D8F810B100239A
:10874000A377012038BD00BF383100202DE9F04368
:108750001F4E34686CB34FF000083546C6464FF0E4
:1087600004092346246853F8187C53F8082CD219BE
:1087700053F8147C47F1000C82427CEB010C1AD2B6
:108780002A6812682A6083F80690B26883F800E0CD
:1087900083F801E083F802E083F803E07AB1F2683D
:1087A0001360F3604FF00108002CDAD1B8F1000F2C
:1087B00007D1BDE8F0831D46002CD2D1F6E7B360A7
:1087C000EFE7044BBDE8F043187801F077BD00BF38
:1087D000383100203421002070B5154EB3680546AD
:1087E00000F11801BBB1B368002423B913E01A6883
:1087F0001C4682B113469942F9D10CB1AA69226094
:10880000B268914204BF1B68B360F36899420AD012
:108810000023AB7770BD074805F068F80028F9D051
:108820000023AB77F6E70023F460AB77F2E700BFF5
:10883000383100203C3100202DE9F843484E34689F
:10884000002C00F087804FF000080F460546B14627
:1088500041464FF0040E2346246853F8180C53F891
:10886000082C121853F8140C40F1000CAA427CEBAF
:10887000070C69D2D9F800201268C9F8002083F8E3
:1088800006E0B268197059709970D970002A5FD0EB
:10889000F2681360F3604FF00108002CDBD1B8F1EF
:1088A000000F03D02F4B187801F008FD3368002B20
:1088B00050D053E90612A94272EB070053F8100C8E
:1088C0003CBF29463A46A3F1180C0A304FF0000489
:1088D0001B6844F10004091842EB04021BB92DE0A7
:1088E00016D81B6853B353E90604884274EB020E92
:1088F00024D29CF8148013F804ECF045F0D1B3F8BE
:1089000004E0BCF81C80AEEB080E1EF4004FE8D06B
:10891000854277EB040E294638BF014653F8100C08
:108920003A46A3F1180C38BF22461B68091842F1D9
:1089300000020A3142F10002002BD4D10CF11803DD
:1089400073616046BDE8F8839946002C83D1A6E7A1
:10895000B3609FE700239C4673616046BDE8F883DF
:10896000383100203421002010B5054C61692046C3
:1089700004F0BCFF18B1606900231838636110BDB2
:10898000383100201C49096839B3A1F1180C9CF852
:10899000141081421DD870B5DCE9004112F10A05BE
:1089A00043F1000EAC4271EB0E0620D2DCF81060F1
:1089B000341941F10001AC4271EB0E0115D2DCF823
:1089C000181071B1A1F1180C9CF814108142F6D85E
:1089D000E2E7DCF818100029D7D14FF0FF3001464C
:1089E00070474FF0FF30014670BD2C467146B4F120
:1089F0000A0041F1FF3170BD3831002010B5837F8E
:108A0000022B06D0837F012B02D0837F042B1DD144
:108A100010BD437D13F0020313D103210E4A817769
:108A20009468037600F1180143768376C3765CB1CF
:108A3000D3681960094BD160BDE81040187801F087
:108A40003DBC0023837710BD9160F3E74FF4FF71C5
:108A50009F2001F07BFA00BF383100203421002034
:108A600070B5114D00F1180604463146284604F051
:108A70003DFF98B10423A377AA6800232376637689
:108A8000A376E37642B1EB681E60084BEE6018787F
:108A9000BDE8704001F012BCAE60F6E74FF4027121
:108AA0009F2001F053FA00BF38310020342100200C
:108AB0002DE9F04F066983B0002E70D1D0E9001582
:108AC0008368077DEFF3108472B6DFF8DCC0DCF852
:108AD0000020002A5CD013F10A0EBCF81080CDF8FB
:108AE000048046F10006183AB046D2E9003611EB90
:108AF0000E0A45EB08099A4579EB060C48D38B42E0
:108B000076EB050C28D3D2F810C01CEB030C46F111
:108B1000000BD4457BEB090B34BF4FF0010C4FF039
:108B2000000CBCF1000F13D092F814C0BC4526D045
:108B300034BF4FF0010C4FF0000CBCF1000F07D018
:108B400013F10A01936846F10005591845F1000533
:108B50009269EAB1183AC8E7D2F808A013F10A0CF2
:108B600046F100091AEB0C0C49F10009614575EB5F
:108B7000090934BF4FF0010C4FF0000CD1E7B2F8F7
:108B80001CC0DDF80490ACEB090CCCF3C03CD4E77E
:108B900004B962B6C0E9001503B0BDE8F08F40F239
:108BA00027219F2001F0D2F938310020024B052106
:108BB000186804F075BE00BF50310020054B58689E
:108BC00010B1C3680521184710B54FF41B71B020D0
:108BD00001F0BCF9503100202DE9F0471646002B7A
:108BE00055D0D3E900894B4C804579EB0103A38A2A
:108BF0003CBF804689466433B8EB000569EB01074A
:108C00000022AB422261BA41C4E9028916DBA369A2
:108C100003F2A3139D4277F1000769DA3E4AC4F8D4
:108C2000288040464946C4F82C9000F03FFD3B4A5E
:108C3000052384F830303260BDE8F087627F237FFF
:108C40001AB19A071ED40022627703F0010AA369C1
:108C500003F2A3139D4277F100072EDABAF1000F59
:108C6000DCD0A08A2C4AB8EB000069F10001C4E90D
:108C70000A0100F01BFD0623284A84F830303260D8
:108C8000BDE8F087236A01209847237FDBE7214C6A
:108C9000637F2BB1237F9B0702D5236A012098476E
:108CA0000025657701F03CF8FFF750F92B461C4A88
:108CB00084F830303260BDE8F08701F031F8FFF71A
:108CC00045F9A08AA369BAF1000F01D0984215D8DE
:108CD000B8EB0300104A69F10001C4E90A0100F091
:108CE000E5FC02230D4A84F830303260BDE8F0879D
:108CF00001F016F8FFF72AF9A369E9E7B8EB0000DD
:108D0000054A69F10001C4E90A0100F0CFFC034AF9
:108D100001238EE750310020AD8B0000698E0000EA
:108D20006190000002392DE9F04104292DD8DFE8D7
:108D300001F00309292C0C00164A137F003B18BFD1
:108D4000012353770020BDE8F081044600F07AFC4F
:108D500000F088FD0E460746FFF76EFD0D4D80467C
:108D60006868FFF74BFE22463846314643460024EA
:108D700000260027C5E902676C60FFF72DFF02207F
:108D8000BDE8F081FFF7A8F9DCE740F21721B02039
:108D900001F0DCF8503100202DE9F84F2E4C637FB4
:108DA000A769804683BB94F81C9019F0010934D15F
:108DB00000F058FD10EB070B41F1000A05460E4686
:108DC00058465146FFF738FDA8B3D0E900329B451D
:108DD0007AEB02011BD30023204AA56228463146C4
:108DE000C4E902BAE662236100F060FCB9F1000F49
:108DF00018D0A38A1A4A9F4216D0022384F8303032
:108E0000C8F80020BDE8F88F4FF00009D0E7DD1B5F
:108E10009B4662F100069246DDE7A38A9F4238BF77
:108E20001F46C5E70E4AE8E7012384F83030C8F84A
:108E30000020BDE8F88F637F2BB1237F9B0702D50D
:108E4000236A012098470023064A84F8303063776C
:108E5000C8F80020BDE8F88F50310020AD8B00002D
:108E6000698E000061900000023970B50546032943
:108E700000F2EB80DFE801F006024508754B0022A6
:108E800083F83120002070BD724C94F830301A1FE6
:108E9000012A40F29F8000F0E5FCA26A2369801A53
:108EA0009842B8BF184694F830302061022B7FD02A
:108EB000237FD90740F1C480607F002840F0C08044
:108EC000236A98470123637794F83020022AD4E973
:108ED00002034BD0012A70D02269323843F1FF31AE
:108EE000101841EBE2715C4AC4E90A0100F0DEFBB4
:108EF00094F83030062B0CBF0523042384F830305F
:108F0000C0E7544C94F83030042B0FD8022B25D8EE
:108F1000013B012B00F28F80FFF7DEF80028B1D073
:108F200000F08EFC2846FFF737FF15E0053B012BCC
:108F300000F28180FFF7D0F80028A3D000F080FC79
:108F400000F090FC06460C46FFF776FC2A460346E6
:108F500021463046FFF740FE022070BDFFF7BCF807
:108F600000288FD0012384F831308BE7227FD2078D
:108F70000ED5627F62B9A18A374A401A63F10001B7
:108F8000C4E90A0100F092FB032384F8303079E74A
:108F90002169314A323843F1FF33401843EBE17124
:108FA000C4E90A0100F082FB042384F8303069E749
:108FB00000F0AEFEFEF7C4FF86E7A169264A401A1C
:108FC00063F10001C4E90A0100F070FB022384F898
:108FD000303057E7042B94F8316019D0002EAFD110
:108FE000FFF7C2FC0028ABD06060C4E90D6600F05A
:108FF0001DFB6068022383773146C3689847D4E934
:109000000201FFF7A3FB154B84F830602B60A3E748
:1090100000F08EFE0028E1D100200021FFF70CFCBB
:1090200008B1FFF71DFD00F07BFEFEF78FFF28461D
:10903000FFF7B2FE90E74FF4CD71B02000F086FF4D
:1090400040F2B311B02000F081FF40F2F111B020E6
:1090500000F07CFF50310020AD8B0000258D00001A
:10906000032910B506D801290AD840F25D11B020B5
:1090700000F06CFF0429F8D10446FFF72DF808B979
:10908000002010BD2046FFF787FE022010BD00BF64
:1090900010B5064A064C02600023206084F8303088
:1090A0002377FEF785FF5130A06110BD619000006D
:1090B0005031002008B5074B074A196809689142EA
:1090C00002D15130986108BD40F25121B02000F02A
:1090D0003DFF00BF503100206190000010B5EFF35C
:1090E000108472B6034B0421186804F0D9FB04B94C
:1090F00062B610BD5031002008B5094B5A684AB11C
:10910000D3E902218018BDE80840064A41F1000178
:1091100000F0CCBA40F27221B02000F017FF00BF7F
:1091200050310020BD8B000008B5064B5B681BB1B9
:10913000BDE8084000F084BB4FF41E71B02000F081
:1091400005FF00BF5031002008B5054B5A680AB131
:10915000586308BD40F27E21B02000F0F7FE00BF4A
:109160005031002008B5054B5A680AB1986308BD14
:109170004FF42171B02000F0E9FE00BF5031002013
:10918000044B9B6B03B1184710B540F28A21B02005
:1091900000F0DCFE50310020044B5B6B03B118473C
:1091A00010B54FF42471B02000F0D0FE50310020F3
:1091B000014B5868704700BF5031002008B5054B7F
:1091C0005A6812B1D3E9020108BD40F29B21B020D8
:1091D00000F0BCFE50310020034B187F10F001005E
:1091E00018BF988A704700BF50310020054B1B689C
:1091F0001BB1D3E908200421104710B57221452086
:1092000000F0A4FE90310020054B1B681BB1D3E990
:1092100008200321104710B56C21452000F096FE70
:10922000903100202DE9F04104460D4679B9174FE1
:109230003B683BBB16483C60FFF786FF1548FFF7CD
:1092400091FFFFF777F8637D5B07064605D4D4E905
:1092500008302946BDE8F0411847FEF727FF2036C1
:10926000361A7E6000F07AFB0028FBD00A4B002201
:10927000C3F8A8252946C3F8AC25D4E90830BDE8D1
:10928000F04118478621452000F060FE9031002013
:1092900009920000ED91000000F00140024B002215
:1092A0001A601A81704700BF9031002008B5074B43
:1092B0001A683AB10648D06000211960BDE808403C
:1092C000FEF79ABFB921452000F040FE9031002002
:1092D00025920000C0E908122022002101F020B9E7
:1092E00030B587B04B7A00220D460592CDE90022B9
:1092F0000492C3F3800282F001024FF0000162F396
:10930000820104462A78287A8DF815108DF8140009
:1093100069682B4802910390002A40D1D5E90420C6
:109320009DF815C01CF0040FCDE9002028D19DF850
:1093300015202449C3F340035B0043F0010322F0EE
:10934000030213438DF815304B68C3F308038BB148
:10935000103B5BB2002B1CDB03F1604303F5614360
:1093600093F800335B092BB969462046FEF718FFD6
:1093700007B030BD69462046FEF7F0FE07B030BDAD
:10938000203A01F1200140F1FF300092029101905A
:10939000CDE703F00F0319440B7D5B09E3E72B696D
:1093A0000493FEF77BFE9DF815305B07CDE90001C5
:1093B00004D5029A6B7A20320292B8E76B7AB6E74C
:1093C0002592000000ED00E010B5037886B0B3B937
:1093D0000446D0E90401CDE90433CDE9000103934B
:1093E000217A6368029368468DF81410FEF7A4FF93
:1093F000DDE900230120C4E9042306B010BD4FF4C9
:10940000AB71452000F0A2FD30B50C7887B07CBB75
:109410004B7A05940C7A8DF81440C3F3800E174CE8
:109420004D6803948EF0010ED1E904414FF0000C19
:109430006EF3820C1CF0040FCDE900418DF815C0CD
:10944000029507D0203C05F1200541F1FF31009441
:10945000029501919DF815400492C3F3400363F314
:10946000410469468DF81540FEF778FE07B030BD1F
:1094700040F21F21452000F069FD00BF2592000049
:1094800070B4EFF3108672B617490D78ADB1174B73
:10949000D3F80445D3F848314FF6FF7294421FD0F9
:1094A000E3B147F6FE739C4218D84B68013306B906
:1094B00062B6C0E9004370BC70470C4AD2F804455C
:1094C000D2F8043153B14B6801334B60C2F80451F8
:1094D000D2F80445D2F80431002BF4D14B68E6E70A
:1094E000002BFBD11C46F9E7C831002000B000403A
:1094F00010B50A4C002222742277094B0948012139
:109500005960C3F84025C3F840214FF40022196187
:10951000C0F8082500F020FF206210BDC8310020EF
:109520000080004000F001403749384BF0B44D6AEC
:10953000374C002201204A6058609860C3F8084305
:10954000C3F84843C3F80421C3F84021C3F84421B9
:10955000C3F84821002D55D02E4C2F4EC4F8A865D5
:109560002E4AC4F8AC55C4F85C394FF40023C4F853
:1095700004350523C2F840351060D2F84031002B85
:10958000FBD02448002301244FF40025C0F80855DF
:109590005460D460C2F84031C2F84035C0F8A835F4
:1095A000C0F8AC35C0F8AC350B7833B391F828402F
:1095B000184816491A4E1B4DE30003F1804303F58A
:1095C000F8330122A2404FF6FF774FF48024C0F811
:1095D0000825C1F84443C1F84875C1F80443C3F8ED
:1095E0001065C3F81455C0F804250F4B4FF4006202
:1095F000C3F88021F0BC1A607047044B0222C3F804
:109600000423F2E71860CFE7C831002000B0004023
:109610000200070000F0014040810040008000404F
:1096200048B1004008B0004000E100E0044B4FF0BA
:1096300080411A6A0123C1F808351360704700BFE2
:10964000C831002010B4144C1449154A0023C4F842
:10965000A8350120C4F8AC354FF0FF3448600861EC
:10966000C1F808430F4891684FF48074C0F88041F6
:1096700041B10D494FF48030C1F808031374C1F8AB
:1096800040319360126A10BC4FF080410023C1F852
:1096900008351360704700BF00F0014000800040B3
:1096A000C831002000E100E000B00040F0B55A4CA5
:1096B000A36883B0002B40F09F802578A260002D26
:1096C0005CD1564B994200F29C80430F544E554F4B
:1096D00043EAC101A6FB0132C0F34F33920B03EB07
:1096E000014307FB1233A6FB03639B0B43EA0243D0
:1096F0004D4A02FB1300420B48F2376101FB02F2B4
:10970000120C43F60957494907FB120000FB01F10F
:10971000490D43F6085601EB422207FB0161B0EB0D
:10972000512F88BF01320026002D41D01F0C1B0491
:109730009D18684647F10007FFF7A2FEDDE90032F9
:10974000053346F100064FF48031E2FB01369D42BD
:1097500077EB060647D32A0C4FF6FF71ADB242EA0B
:109760000742002D08BF0D4631494FF48030C1F843
:109770004055E260C1F8040303B0F0BD2D4B99429F
:1097800044D8430D264E274F43EAC121A6FB0132A0
:10979000C0F34F13920B03EB014307FB1233A6FBFD
:1097A00003639B0B43EA0243234A02FB1300A2E735
:1097B0001F0A1B069E18684647F10007FFF760FE68
:1097C000DDE90032053345F100054FF08071E2FB21
:1097D00001359E4277EB050505D3320E42EA07229A
:1097E00026F07F45C0E7FF232374144B4FF400623B
:1097F000C3F8002103B0F0BD40F2F921052000F0CC
:10980000A5FB4FF49471052000F0A0FB40F223115A
:10981000052000F09BFB00BFC8310020FF7F841EA5
:1098200083DE1B43000024F40080841E6F0C0100C3
:1098300000B000407F841E0080841E0000E100E034
:10984000064B9A684AB106494FF48032C1F80823A2
:1098500000221A74C1F840219A607047C831002074
:1098600000B0004070B4EFF3108572B6364C20782B
:1098700020B3364BD3F80425D3F848614FF6FF7375
:109880009A4252D043F60951C2F3080301FB03F395
:10989000500A01FB00F003F5807300EB5320002118
:1098A000002E45D047F6FE739A4241D863680133D3
:1098B00025B3274A70BCE3FB02017047234AD2F864
:1098C0000435D2F8041111B3636801336360C2F840
:1098D0000401D2F80435D2F804110029F4D143F67A
:1098E000095CC3F30802580A0CFB02F202F580730C
:1098F0000CFB00F000EB532063681DB962B62278C0
:10990000002AD6D1134AE3FB020170BC704743F62C
:109910000956C3F30802580A06FB02F306FB00F0DF
:1099200003F5807300EB5320E6E71EB10A480021DF
:109930006368BDE7636815B928462946DEE7044A2F
:1099400030463146DFE700BFC831002000B000409C
:1099500080841E000080841E61841E0070B4EFF3BA
:10996000108072B6384A15780DB3384BD3F80455C9
:10997000D3F848614FF6FF739D4256D043F6095421
:10998000C5F3080104FB01F16B0A04FB03F301F5C5
:10999000807103EB51230024002E49D047F6FE715D
:1099A0008D4245D85168013108B3294824E0274940
:1099B000D1F80435D1F804414CB3536801335360F6
:1099C000C1F80451D1F80435D1F80441002CF4D188
:1099D00043F6095CC3F308010CFB01F15B0A01F5D6
:1099E00080710CFB03F303EB5123516818B962B685
:1099F00010780028D9D11748E1FB0034D2E90C12C5
:109A00008B4294412CBF0120002070BC7047C3F3EF
:109A1000080143F609555B0A05FB01F105FB03F359
:109A200001F5807103EB5123DFE71EB10A4B0024DF
:109A30005168B9E7516810B903460446D7E70448AE
:109A400033463446D8E700BFC831002000B000409C
:109A500080841E000080841E61841E002DE9F04772
:109A6000DFF874815D4E012100234FF4002284B0A1
:109A7000C8F80410C8F84035C8F84031C8F81010CC
:109A8000C6F80825D8F8042522F00302C8F80425F2
:109A9000D8F8082542F00302C8F80825102292FAE7
:109AA000A2F2B2FA82F2092A00F39180C8F81025D6
:109AB0004B4A4C4FC8F80C104FF48070C2F880012C
:109AC0001060494AC8F80410C8F80C10C6F8A82558
:109AD0003A78C6F8AC8502A8002A56D0019306E071
:109AE0000123C6F808A5C8F80430C8F80C30FFF701
:109AF000C7FCDDE90243019D4FF4002A4FF4803991
:109B0000C6F804A5E3FB0945FFF7BAFCDDE902321C
:109B10000199E2FB0931A94208BFA342E0D1013417
:109B200043F60952C4F3080345F1000502FB03F3B1
:109B3000210EC4F34E2441EA052102FB04F02D0E50
:109B400003F5807300EB53204C016B01641A43EA68
:109B5000D16363EB0506B201A3011B1B42EA9462C9
:109B600062EB0602D20042EA5372DB005B1845EB5F
:109B70000205E903DA03801841EA534141F100018B
:109B8000C7E90C0104B0BDE8F087019206E00123AB
:109B9000C6F808A5C8F80430C8F80C30FFF770FC08
:109BA000DDE90243019D4FF4002A4FF08079C6F8A9
:109BB00004A5E3FB0945FFF763FCDDE902320199E7
:109BC000E2FB0931A94208BFA342E0D1A7E7074859
:109BD00040F29F3100F0B0F90080004000F00140F9
:109BE00000E100E0C831002000B10040F481020033
:109BF00010B5029C201841F10001801A61EB0301AD
:109C0000B0F1004F71F1000100DA10BD40F2A9314E
:109C1000052000F09BF900BF70B4EFF3108572B619
:109C2000364C207820B3364BD3F80425D3F848615E
:109C30004FF6FF739A4252D043F60951C2F308031C
:109C400001FB03F3500A01FB00F003F5807300EB06
:109C500053200021002E45D047F6FE739A4241D88A
:109C60006368013325B3274A70BCE3FB02017047E8
:109C7000234AD2F80435D2F8041111B363680133D2
:109C80006360C2F80401D2F80435D2F80411002947
:109C9000F4D143F6095CC3F30802580A0CFB02F244
:109CA00002F580730CFB00F000EB532063681DB9D4
:109CB00062B62278002AD6D1134AE3FB020170BCB7
:109CC000704743F60956C3F30802580A06FB02F32D
:109CD00006FB00F003F5807300EB5320E6E71EB1AE
:109CE0000A4800216368BDE7636815B9284629461C
:109CF000DEE7044A30463146DFE700BFC8310020C6
:109D000000B0004080841E000080841E61841E001C
:109D1000024B0122C3F84423704700BF00B000404B
:109D2000024B0122C3F84823704700BF00B0004037
:109D300008B5FEF711F930B9074A936B0133312B9F
:109D4000936304D808BD044B00229A6308BD40F217
:109D5000F531052000F0FAF8C831002010B53F4C6D
:109D6000237882B0002B55D03D4BD3F80423520307
:109D70005BD43B4BE168D3F80423D00334D5D3F84C
:109D80004031002B30D0636899425DD800232374A2
:109D9000334AA168C2F840314FF48030C2F808035A
:109DA000002955D0A36088472D4BA169D3F804231F
:109DB000920324D5D3F844310BB363688B423FD36D
:109DC00000222277264B6169C3F844214FF400300A
:109DD000C3F8080300293BD08847214BD3F8403112
:109DE0000193019B02B010BD6268237C002BCDD192
:109DF0009142D9D91A4B0022C3F84021D4E76268B6
:109E0000237F002BDCD18A42E7D2154B0022C3F816
:109E10004421E2E7124AD2F804110029A9D0C2F87D
:109E20000431636801336360A3E7D3F84821002A53
:109E30009FD00022C3F8482163680133636098E72C
:109E4000237F002BE1D0BBE7237C002BD2D09DE702
:109E500040F23741052000F079F800BFC8310020FA
:109E600000B00040014B1879704700BF0832002055
:109E7000044B1A79824283BF1B68602202FB0030C8
:109E80000020704708320020BFF34F8F0549064B72
:109E9000CA6802F4E0621343CB60BFF34F8F00BF88
:109EA000FDE700BF00ED00E00400FA05094B0122C8
:109EB0005A604FF0FF32C3F80823074B4FF480423B
:109EC000C3F88020BFF34F8FBFF36F8FC3F880219B
:109ED000704700BF00E0004000E100E0094B0122B4
:109EE0005A604FF0FF32C3F80823074B4FF48052FB
:109EF000C3F88020BFF34F8FBFF36F8FC3F880216B
:109F0000704700BF00C0004000E100E0084B0022A5
:109F1000C3F8FC2F0122C3F8FC2F064B0222C3F822
:109F20008020BFF34F8FBFF36F8FC3F8802170473E
:109F30000010004000E100E008B572B6024B5B681B
:109F400003B19847FFF7A0FF103200201FB572B68B
:109F5000134B5D6895B9FFF797FF2346B2FBF6F206
:109F60005C1C002AF9D104AEDCB256FA83F303F884
:109F70000C2C0A2234B901A8A847ECE702460023BA
:109F80000A26EDE7631E04AEDCB256FA83F3B0FB9B
:109F9000F2F602FB1600303003F80C0C3046E9E70D
:109FA00010320020F8B51F4E337805460C46174690
:109FB000A3BB00F0C5F9FDF7F3FB77603472FFF740
:109FC000A5FFFFF78BFFFFF771FF174B002D14BFA5
:109FD00028461846FEF704F80546E8B9FFF75EF98B
:109FE000FDF7F0FF03F04BFCFEF746F818B9B82177
:109FF0001120FFF7ABFF002C0CDB04F01F026409FB
:10A00000A40004F1604404F5614401239340C4F8C2
:10A0100080312360012333702846F8BD4FF0FF35AF
:10A02000FAE700BF10320020B0780200074B93F926
:10A030000830002B09DB5A09012103F01F03994066
:10A0400002F14003024A42F8231070471032002008
:10A0500000E100E0014B1878704700BF103200208B
:10A0600050B1074B03F1140253F8041B40F8041BD2
:10A070009342F9D1002070476FF01500704700BF80
:10A080006AB60200F0B5284D284C294F83B02E78CF
:10A090000136F6B2D5E84F3F0133DBB2C5E8423FA7
:10A0A000002AF7D101236360C4F80021C4F8042119
:10A0B000EFF3108272B6C4F80405236052B962B699
:10A0C00008E0D4F804314BB92B789E4206D13B69A5
:10A0D000DB0613D4D4F80031002BF2D0D4F80431CD
:10A0E000002BD4D12A78B242D1D10322C4F8003156
:10A0F000C4F80431C4F8082303B0F0BD0D4B0321AC
:10A100004FF48042C4F80413C3F88021D4F800311E
:10A11000002BDFD1D4F80431002BDBD1019003F008
:10A120000CFC0198D6E700BF1932002000E0004087
:10A1300000ED00E000E100E070B51446DA078CB0F5
:10A140001D4686468C4633D5C36842681BBA0093C9
:10A15000CB681BBA049383681BBA019303681BBACC
:10A1600003938B6812BA1BBA029205934A680B6874
:10A1700012BA1BBA6E46069207933046FFF782FF6B
:10A18000AB070DD5DDE90A10DDE9083200BA09BADE
:10A1900012BA1BBA20606160A260E3600CB070BDAF
:10A1A00008AD0FCD20606160A260E3600CB070BDAF
:10A1B000DEF80410DEF80820DEF80C300068EE4609
:10A1C000AEE80F00DCF80000DCF80410DCF8082032
:10A1D000DCF80C306E46AEE80F00CEE710B5002478
:10A1E00082B0CDE90044FFF7A7FF02B010BD00BF69
:10A1F0001A4B4FF4805270B5C3F88020BFF34F8FD5
:10A20000BFF36F8F164C174D0021C4F80011C3F82F
:10A2100080212E692B6943F010032B610123C4F8C0
:10A22000043306F010062360D4F800319BB11EB948
:10A230002B6923F010032B610123D4F80805636018
:10A24000C4F808330023C4F80031044B4FF48052A3
:10A25000C3F8802170BD03F070FBE5E700E100E08A
:10A2600000C0004000ED00E00B4938B5042301EBCD
:10A27000C302157905F0FF042DB1013BF7D240214F
:10A280006920FFF763FE41F8330001215471947196
:10A290001171D8B238BD00BF1C320020042808B5A7
:10A2A00003D947216920FFF751FE034B03EBC0039D
:10A2B00000221A7108BD00BF1C320020042808B516
:10A2C00003D950216920FFF741FE094B03EBC00081
:10A2D0000379012B01D05121F4E7437982790133CD
:10A2E000DBB29A4218BF4371BDE80840FFF79EBE3B
:10A2F0001C32002038B5114D052495F8281005EBC7
:10A30000C1031A79012A09D158799A79904205D066
:10A310005A79D2B29A7155F83130984795F8283069
:10A320000133DBB2052B04F1FF3428BF002314F006
:10A33000FF0485F82830E0D138BD00BF1C32002072
:10A340004FF08052034BD2F830111960D2F834210B
:10A350005A60704748320020084B1B68083B082BA6
:10A360000AD840F2211222FA03F313F0010F044B32
:10A37000044818BF1846704702487047483200200A
:10A3800000E701400C050040144B1B68062B03D06E
:10A39000013301D020BF7047EFF3108072B6104A2E
:10A3A0001369116941F0100111610E49D1F80021C2
:10A3B000D1F804110A4303F0100300D040BF20BFBE
:10A3C00000BF00BF00BF00BF23B9054A136923F0D7
:10A3D0001003136100B962B6704700BF4832002015
:10A3E00000ED00E000E100E0914270B53FD2B2FA2A
:10A3F00082F33BB1C3F1200420FA04F499402143D5
:10A4000098409A40150CB1FBF5FC05FB1C1E4FEA69
:10A410000E4E030C84B20EEB10401FFA82FE0CFBB2
:10A420000EF6864206D9361A964294BF01260226B7
:10A43000ACEB060C03EB01430CFB1233B3FBF5F062
:10A4400005FB103304EB034400FB0EFEA6454FEA68
:10A450000C4C09D9AEEB040E964594BF4FF0010E9B
:10A460004FF0020EA0EB0E0040EA0C0070BD73210D
:10A470009620FFF76BFD00BF2DE9F8431C4652EA1A
:10A48000040349D0074615460E4684B9914204D2CA
:10A49000FFF7AAFF2146BDE8F88321463046FFF7C3
:10A4A000A3FF04462A46384604FB1561F0E74FF047
:10A4B0000108B4FA84F908FA09F3A3FB021220FA9E
:10A4C00008F003FB042240EAC67026FA08F1FFF701
:10A4D0008BFFC9F11F0230FA02F34FF0000C08D1D4
:10A4E00040461946AF42A6413CBF18466146BDE80A
:10A4F000F8835A1E61466CEB0C0C05FB0CFE02FB4C
:10A5000004EE18461346A5FB0228BA1A0EEB0807FC
:10A5100066EB07061746E5E7A6219620FFF716FD2E
:10A5200010F0030FC9B2034607D0BAB303F8011BFA
:10A5300013F0030F02F1FF32F7D170B5032A01EBDC
:10A54000012404EB04441ED9161FB508032E05F19F
:10A55000010521D94FEA550E03EBCE0E9C46CCE9FE
:10A5600000440CF1080CF445F9D115F0010F04D0AA
:10A5700025F0010503EB85052C6026F00306043366
:10A58000334402F0030232B1012A197003D0022AC7
:10A59000597018BF997070BD1D46EDE7704700BF38
:10A5A000844641EA000313F003037DD1403A51D3BE
:10A5B000F0B4F0C9F0C0F0C9F0C0F0C9F0C0F0C903
:10A5C000F0C0403AF5D2F0BC44E0403A42D300BF7C
:10A5D00051F8043B40F8043B51F8043B40F8043B7D
:10A5E00051F8043B40F8043B51F8043B40F8043B6D
:10A5F00051F8043B40F8043B51F8043B40F8043B5D
:10A6000051F8043B40F8043B51F8043B40F8043B4C
:10A6100051F8043B40F8043B51F8043B40F8043B3C
:10A6200051F8043B40F8043B51F8043B40F8043B2C
:10A6300051F8043B40F8043B51F8043B40F8043B1C
:10A6400051F8043B40F8043B51F8043B40F8043B0C
:10A65000403ABDD2303211D351F8043B40F8043BAC
:10A6600051F8043B40F8043B51F8043B40F8043BEC
:10A6700051F8043B40F8043B103AEDD20C3205D3BC
:10A6800051F8043B40F8043B043AF9D2043208D0B4
:10A69000D2071CBF11F8013B00F8013B01D30B8826
:10A6A00003806046704700BF082A14D38B078CD004
:10A6B00010F0030389D0C3F10403D21ADB071CBFD7
:10A6C00011F8013B00F8013BFFF47FAF31F8023B8A
:10A6D00020F8023B79E7043AD8D3013A11F8013B5C
:10A6E00000F8013BF9D20B7803704B7843708B78FC
:10A6F00083706046704700BF43D900004FD9000007
:10A7000053D900005BD900005FD900007BB972B952
:10A710000029BEBF00204FF0004106E008BF00281E
:10A720001CBF6FF000414FF0FF3000F057B8ADF1A3
:10A73000080C6DE904CE002909DB002B1ADB03F0BD
:10A7400020F9DDF804E0DDE9022304B0704740425F
:10A7500061EB4101002B1BDB03F013F9DDF804E092
:10A76000DDE9022304B0404261EB4101524263EB58
:10A7700043037047524263EB430303F002F9DDF8F1
:10A7800004E0DDE9022304B0404261EB410170477F
:10A79000524263EB430303F0F4F8DDF804E0DDE933
:10A7A000022304B0524263EB4303704753B94AB9E2
:10A7B000002908BF00281CBF4FF0FF314FF0FF30C9
:10A7C00000F00CB8ADF1080C6DE904CE03F0D9F837
:10A7D000DDF804E0DDE9022304B07047704700BFF4
:10A7E00008B5F6F7FDFCF8F7B1F9F6F70FFC002015
:10A7F00008BDFFF735BCF8F73BB901F030B801F000
:10A8000031B801F029B810B586B0044601A8FFF7A9
:10A8100027FC02232370A3709DF804306371BDF8F8
:10A820000530E380DDF80730A36000206070E07041
:10A83000207106B010BD00F01BBE70B5044602F0DA
:10A8400027FF012805461AD1601C02F028FFB0B18D
:10A85000A37963F03F03A3710020F8F761FAE61DC6
:10A8600038B1102200213046FFF75AFE2570002033
:10A8700070BD304602F026FF0028F2D0F6E7002532
:10A88000F4E710B5102204460021FFF749FE04F159
:10A890001003102200211846FFF742FE02F02BFFA2
:10A8A0000020F8F73DFA20B1204602F00BFF00200F
:10A8B00010BD02F0EDFE0028F6D0F8E710B5044612
:10A8C000FFF796FCB0F5007F09DA10F5007F08DD90
:10A8D000031EB8BF03339B102370002010BD7F23DD
:10A8E000FAE76FF07E03F7E78178008800F077BF22
:10A8F00037B505460C4600880DF1060100F0A4FEB0
:10A900002B882380BDF80630638003B030BDF7B5D7
:10A9100004462046F8F74AFE022805462ED00428B1
:10A920002CD123788A2B18D13E20F6F76DFC78B90C
:10A93000E378227901A943EA02236846ADF80030A2
:10A9400000F001FF0028E4D053210820F6F722FB95
:10A950000520F6F79DFC0028EAD0204600F013F809
:10A960002678A7783046F6F74FFC0028D1D03E2E47
:10A9700004D13846F6F78CFC0028CAD0284603B02C
:10A98000F0BD01F09ABC10B50378813B04460E2B54
:10A990002FD8DFE803F02F3541454F676D08613B45
:10A9A00071775B2E7D002920F6F772FC30B13E23D3
:10A9B0002370222363702923A3701AE00A20F6F77C
:10A9C00067FC3E23237018B11F2363700A23F3E74B
:10A9D0000123A37013236370E37903F00103E37190
:10A9E000D4F81A30C4F80E30E38B638294F8203028
:10A9F000237510BD3E230370042343701423DBE74B
:10AA00003E2303700A2343700323D5E73E230370DC
:10AA10000D2343700523CFE705232370042307E0AC
:10AA20005A20F6F7F1FB08230028F6D05A222270AC
:10AA30006370DEE75B20F6F7E7FB18B15B2323705A
:10AA40000623F5E7302323700323F1E73E23037049
:10AA50000B2343700723AFE73E23037006234370A5
:10AA60000C23A9E71323037083789B000133DFE7EE
:10AA7000572303700223DBE73E2303700623437052
:10AA8000122399E73E23037009234370132393E7AE
:10AA9000FF2303700D23437080238DE708B510B9A1
:10AAA0006FF0150008BDFFF76CFF0028F8D00020FC
:10AAB000F8E710B50C4648B141B1FFF728FF002870
:10AAC00020700CBF6FF02200002010BD6FF0150049
:10AAD000FBE7F8B5941C0C446343B3F5004FA8BFE3
:10AAE0004FF0FF330E4610F00301054617469CB2A7
:10AAF00003D0B0211420F6F74DFAB4F5004F01D978
:10AB0000B121F7E714220430FFF70AFDEF746C80DF
:10AB10002E80F8BD38B50388C48805898B42C4F3FC
:10AB20000E0203D2D1211420F6F734FA84EA050389
:10AB3000C3F30E030BB9AC4206D102F11803012294
:10AB4000C1528274184438BD1846FCE702310144F2
:10AB50004A43B2F5004FA8BF4FF0FF3290B21B300E
:10AB600020F00300B0F5004F34BF00B24FF0FF30CB
:10AB7000704740881B3020F00300B0F5004F34BF11
:10AB800000B24FF0FF3080B2704738B503888B4277
:10AB900003D2F7211420F6F7FDF9857C65B1C3884F
:10ABA000C3F30E031833C25A8A4207D3C152811D20
:10ABB000F6F77EFB00238374284638BD0025FBE7AB
:10ABC0000346F0B59E88DD88B4B2A54200F11800B6
:10ABD000C6F30E0616D05F89DD7C845B3D440235EA
:10ABE0003544E41B28440D88A4B2A54288BF0C80DC
:10ABF0005989B1FA81F14FEA511188BF2546117088
:10AC0000DD81F0BD00252846FAE7F8B58288C389C2
:10AC1000002604460D4692B20E60CBB1C2F30E027E
:10AC20004189183287180B44825A9BB29342438160
:10AC300004D94FF4A2711420F6F7ACF904D1011D28
:10AC4000F6F736FB46812F600023E3810120F8BD33
:10AC50001846FCE7838802899BB29A42014602D0DB
:10AC60000831F6F725BB70478388C0889BB2C31AAA
:10AC7000584258417047828873B5C48895B2AC4237
:10AC8000C2F30E0202F1180212D04189C689835A1A
:10AC9000314499420EDB0DF10601ADF80650F6F78E
:10ACA00007FBBDF80600001B18BF012002B070BDF5
:10ACB0000020FBE70120F9E770B5C488068984EA23
:10ACC0000602C2F30E020346C4F30E0518300AB999
:10ACD000B4420FD19C891A880CB1465B921B9142F9
:10ACE00007DCDA7C2C440232224410440A461A82E1
:10ACF00070BD00221046FAE7F8B5038A002B38D061
:10AD00008B4236D3C488858900F11803C4F30E043E
:10AD10001E1995B91D55757085891E5B0D44ADB220
:10AD2000314485811953D2B1811DF6F7C1FA002350
:10AD30008381002303820120F8BD1E5BAE4204D054
:10AD40004FF4F6711420F6F725F9C57C878A26445E
:10AD5000023535445E195F53857DB570DCE7C27CF2
:10AD6000254402322A4499189B5A83828B78837532
:10AD7000DFE70020E0E78388C2889BB29A4206D0D2
:10AD8000428922B9C3F30E031833184470470020D8
:10AD90007047C37C0233C81870470230704738B51B
:10ADA0008388C2889BB29A4207D045892DB9011D7C
:10ADB000F6F77EFAC581012038BD0020FCE7038844
:10ADC0001380C388C3F30E03183303440B608089D8
:10ADD00070470368002223B9C0E90132031D0360F4
:10ADE000704759681B680A44F5E7072970B50346A0
:10ADF00004D84FF4EC711520F6F7CCF80068C0B118
:10AE000044681A688C42064610D0106860B901F197
:10AE10000805AC420DD3546850501868651A541890
:10AE200000686560505002E01346E9E714681C6052
:10AE3000304670BD0023C1E9003203680B60016039
:10AE4000704730B590B18478B1FBF4F304FB131371
:10AE500000EB430252898A4201D1D8B230BDC27898
:10AE600022B900F10803D0B2844201D8FF20F5E7EF
:10AE700033F8025F8D4202F10102F4D1EEE78278ED
:10AE8000038805324B4303EB42031844704737B540
:10AE90000024CDE9004405468DF806006846ADF86B
:10AEA0000440F6F7DDFBBDF8044008B103B030BD47
:10AEB00029462046F6F7B0FB0028EFD040F23521B6
:10AEC0001720F6F767F870B50D4609211E46FFF703
:10AED0003DFE3246044609212846FFF737FE40EA88
:10AEE00004031B0454BF00194FF0FF3070BD012351
:10AEF0000370704710B5FF238B70C2F380035B00B3
:10AF0000DBB2CA180124127D032A08BF0133CA1814
:10AF1000147503F10C0401EB8303002221F81420C3
:10AF20005B688A700360828010BDF8B50C4684F0BF
:10AF300001046400054611461E46E4B2FF238370F7
:10AF400003191B7D012B06D0631CDCB250FA83F37E
:10AF50001B7D012B0AD105EB44073B8B3A8C9819DA
:10AF6000904205DD2C4400233B8323750020F8BD6F
:10AF700005EB8404324660681844FFF711FB3B8BF5
:10AF80001E443E830023AB700120F0E781F00101F5
:10AF9000490010B5C9B2FF23837043181C7D012CF2
:10AFA00007D10C3120F8112002221A75002383707A
:10AFB00010BD0131CBB250FA81F10C7D012C05D1CD
:10AFC0000C3320F8132002230B75EFE74FF499712F
:10AFD0000920F5F7DFFF30B50246837803F0FF0064
:10AFE000F3B9137D022B19D0537D022B15D10346E3
:10AFF000012089B1D5180C3300242C7522F8134098
:10B00000131803241C7502EB80035B680B6000F1CE
:10B010000C0332F813308B80012030BD0123E8E7A8
:10B020000020FAE730B50346827802F0FF00E2B96B
:10B030009A7D022A17D0DC7D022C13D1032281B124
:10B040001D190C340020287523F8140098180324C7
:10B05000047503EB82000C32406833F8123008604C
:10B060008B80012030BD0324E9E70020FAE7037D4F
:10B07000012B01D1008B7047437D012B0CBF408B0E
:10B0800000207047837D012B01D1808B7047C37DE9
:10B09000012B0CBFC08B00207047027D022A01D11A
:10B0A000008B7047437D022B01D1408B7047032AF0
:10B0B000F6D0032BF9D000207047827D022A01D1FF
:10B0C000808B7047C37D022B01D1C08B7047032A50
:10B0D000F6D0032BF9D000207047F6F7B1BBF6F796
:10B0E00011BC07B50023CDE9003301238DF80630EC
:10B0F0006846F6F7B5FA08B1002004E0009801F0C0
:10B100006FFF0028F4D003B05DF804FB1FB50022E8
:10B11000009240F6881303A9FCF798FA05B05DF891
:10B1200004FB10B5044638B1F7F73AFD24EA0000F5
:10B13000B0FA80F0400910BD0120FCE72DE9F04194
:10B140000F46B0F85E60B0F8605001F028FE0221B2
:10B15000044600F080FE02218046204600F07BFE7F
:10B16000464528BF4646B6B21B2E38BF1B26FB2ECF
:10B1700028BFFB26854228BF0546ADB21B2D38BF30
:10B180001B25FB2D28BFFB25B4F5A47F38BF4FF44A
:10B19000A47440F648039C4228BF1C467E80FD8074
:10B1A000BC803C81BDE8F0812DE9F04186B00546C8
:10B1B00002A9008800F073FE0446002870D1029AAC
:10B1C00092F85031D91E4B424B418DF8063013682E
:10B1D00098064ABF9DF80630234683F001038DF898
:10B1E000073092F862309B0603D49DF80730002B9D
:10B1F0005CD0EB881B3B9BB2E02B59D82989A1F589
:10B20000A4739BB244F24810834251D86B881B3B15
:10B210009BB2E02B4CD8AA88A2F5A4739BB28342C0
:10B2200046D840F64807B94244D8BA4242D8029EAE
:10B230004FF0FF0886F823819DF80630A3BB03A9D1
:10B2400006F1A800FFF77AFF6A88BDF81230BDF852
:10B250001410E888934228BF1346A6F82831BDF899
:10B260000E30AA88B94228BF3946834228BF034618
:10B27000A6F82431BDF810302889BB4228BF3B46D0
:10B28000834228BF03468A42A6F82631134628BFC8
:10B290000B46A6F82A3186F82281002386F823314E
:10B2A000204606B0BDE8F0813A24F6E71A24F7E715
:10B2B0001224F5E71124F3E710B5FFF712FF60B190
:10B2C000F7F7AAF8044601F0CEFF40B9204601F096
:10B2D000C6FF80F00100C0B210BD0120FCE70020D5
:10B2E000FAE7006890F8BA3123B1002380F8BA3148
:10B2F00001F06ABD704710B50378012B044601D9EF
:10B30000122010BDFFF7EDFE58B9207810F0FD00B7
:10B310000DD104F11703E21D611CBDE81040F7F7E1
:10B3200075BEF7F705FF0028EFD00C20E9E7A379F9
:10B3300003F0C003C02BE3D10120EAE710B5037886
:10B34000012B04460DD8FFF7CCFE60B9214611F859
:10B35000010B00F0FD00003818BF012000F01EFDB9
:10B3600038B9122010BDF7F7E3FE0028EED00C200C
:10B37000F8E70020F6E708B50088F7F7DFFE0028B9
:10B380000CBF3020002008BD38B50546FFF7A9FEE8
:10B39000044638B92878003818BF0120F7F7C2FEF4
:10B3A000204638BD0C20FCE708B5FFF79AFE18B917
:10B3B000F7F7A8FE002008BDF7F7BAFE0028F7D07F
:10B3C0000C20F8E708230370002070471122027058
:10B3D00041F23903C2705922A0F801308280C38043
:10B3E0000020704708B50821F6F760FA002008BD74
:10B3F00073B50646008808800C4680B201A900F0AB
:10B400004EFD054640B9B3784BB9019B93F91C0139
:10B41000A070FAF7F3FFA070284602B070BD7F203D
:10B42000FFF774FEF4E710B504466FF07F00FFF7F6
:10B430006DFEFAF7E3FF20707F20FFF767FEFAF753
:10B44000DDFF6070002010BD08B50A46072300F13B
:10B450001001FEF7C3FE002008BD10B501460446EA
:10B460000020F7F743FC08B92060A080002010BD41
:10B4700010B50446F7F764FB28B900202146F7F71A
:10B480001DFC002010BDFFF717FF0028F5D10C2090
:10B49000F8E710B50446FFF70FFF28B10120214659
:10B4A000F7F70CFC002010BD0C20FCE7FFF77CBE7A
:10B4B0001FB502880A80838844F290218B4215D8F8
:10B4C00040F648018B42ADF804204288ADF80620D2
:10B4D00028BF0B4601A8ADF80830ADF80A20ADF83A
:10B4E0000C30FFF761FE05B05DF804FB1220FAE7AF
:10B4F00037B508800D4601A900F0D1FC044620B9FB
:10B5000001982946A830FFF719FE204603B030BD48
:10B5100010B503466FF004040020482108221C7077
:10B5200058709970DA701C7158719971DA7110BD88
:10B5300010B50446FFF7D5FD78B92146E27911F838
:10B54000010B00F0FD00003818BF0120F7F7BAFE2C
:10B5500080F001004000C0B210BDF7F7E9FD0028FF
:10B56000EBD00C20F8E713B5008808800C4680B2B9
:10B5700001A900F094FCC8B9019B83F8160193F867
:10B580001421012A06D0022A04D04FF43F7106206C
:10B59000F5F700FDA27093F81521012A01D0022AC7
:10B5A000F3D1E27093F81621002AE6D102B010BD63
:10B5B0001FB5044603A9008800F071FC38B9A388C0
:10B5C000022B14D8E078FFF7ACFD10B9112004B0BD
:10B5D00010BDA078FFF7A5FD0028F7D00123009348
:10B5E000A388E278A17803A800F0ACF9EFE7122075
:10B5F000EDE737B58378C178027903F0010451EAA9
:10B60000040503F002031DD052EA03051AD0002CF2
:10B6100018BF0021002B18BF00228DF803200378EB
:10B6200042788DF8021043EA0223ADF800304379E6
:10B630008279684643EA0223ADF80430FFF7B8FF89
:10B6400003B030BD1120FBE713B50C4601A900F093
:10B6500026FC18B9019BDB880133238002B010BDA2
:10B6600007B5008801A900F033FC30B9019B93F8BD
:10B67000332112B9FF2283F8332103B05DF804FBB4
:10B6800010B50446F7F786FA20606160002010BD0F
:10B6900037B50446F6F7C0FE23781F2B054618D8A9
:10B6A000816A04226846FFF725FC2246A86A12F840
:10B6B000013B0021FFF739FC68B1AC6A2046FFF777
:10B6C000E1FC002102462046FFF760FC002003B0A9
:10B6D00030BD1220FBE70720F9E737B50446F6F73F
:10B6E0009BFE23781F2B054618D8816A00226846E6
:10B6F000FFF700FC2246A86A12F8013B0121FFF780
:10B7000014FC68B1AC6A2046FFF7B1FC0121024687
:10B710002046FFF73BFC002003B030BD1220FBE7C2
:10B720000720F9E710B5044634F8020B0880002121
:10B7300080B2F5F75BFF20B12146BDE8104001F073
:10B740005DBF022010BD008808B50880002180B2CE
:10B75000F5F74CFF20B1BDE80840002101F04EBFD5
:10B76000022008BD13B5008808800C4680B201A9EC
:10B7700000F095FB10B9019B9B8F638002B010BD58
:10B7800037B503880B80044698B2638813B912203A
:10B7900003B030BD01A900F082FB0028F8D1658814
:10B7A000019B42F21072A9B2D3F8C4405143B3F8DE
:10B7B000DA206243B3F8CC4004FB02229142E6D384
:10B7C000D3F8C420D3F8C4409442F9D100225A637C
:10B7D000621E0A449D87B2FBF4F29A63D8E710B563
:10B7E0000C460021F5F702FF90B1022C12D804F0AC
:10B7F0000102C4F3400480F8BC2180F8BB4112B1BF
:10B8000090F8BA310BB9002010BD01F0DDFAFAE76B
:10B810000220F9E71220F7E710B504460078FF2868
:10B820000AD00121F5F7E2FE58B16378A27843EA25
:10B830000223C383002010BDB4F80100F9F796F984
:10B84000F8E74220F7E708B50078003818BF012074
:10B85000F9F790F8002008BD0620F7F78FB9082007
:10B86000F7F78CB901F0F4BE10B5044604B910BD69
:10B87000236898476468F9E703680BB9016070476B
:10B880001A465B6813B18A42FAD170478A4218BFE0
:10B890005160704708B5F9F773FDF9F75DF8BDE839
:10B8A0000840F9F755BD08B50020FFF7F0FAF5F7A5
:10B8B00061FFF7F7BDF9F6F717FC20B140F243112D
:10B8C0009320F5F767FB08BD08B5F9F715F8F9F708
:10B8D0002DFD20B140F263119320F5F75BFBBDE82D
:10B8E00008400120FFF7D3BA08B5FFF7EDFF01F0DC
:10B8F00071FE20B14FF4BC719320F5F74BFB08BDEE
:10B90000FCF74CBB0B46892203F8032BD0F8092027
:10B91000C1F80320427B1A71704738B50D460446C2
:10B92000F7F73EF92B78002B08BF034684F8683000
:10B930006B78002B08BF034684F869306B88A4F845
:10B940006A3038BD2DE9F7430468994694F86330AE
:10B9500094F80F8043EAD303DB070F46164602D460
:10B96000B8F1250F36D16FBBF7F71AF90546BEBB04
:10B97000F7F716F945BBB8F1250F2ED10020054683
:10B98000FF2384F82D3194F82C3103F0FF08F3B92C
:10B990009DF8283084F82F0184F82C3184F82E513A
:10B9A00001A904F1A8008DF804708DF80560ADF8C8
:10B9B0000690FFF7B2FF002384F82D31404603B014
:10B9C000BDE8F0833D46D2E70028D4D0D8E74FF059
:10B9D0003A08F0E74FF01A08F0E74FF00908EDE7F2
:10B9E000002DC8D03046CBE738B5036893F82C312A
:10B9F000012B04460D4602D11E21F7F7F3F8236808
:10BA0000002083F82C0165B1182283F899200822C0
:10BA10009A7393F84A3093B940F25B41AE20F5F740
:10BA2000B9FADA7B233A072A03D8DD73204600F0FF
:10BA3000F5FD20461821BDE8384000F00EBE38BDA7
:10BA400008B503689A7B22B14FF4E671AE20F5F792
:10BA5000A1FA23229A7308BD034610F0010002BF29
:10BA6000C3F340035B00D8B270472DE9F84F074697
:10BA700010461E46FFF7F0FF83460846FFF7ECFF2F
:10BA800042EA01044BEA04040443E4B2003C0A9D88
:10BA900088469246814618BF0124F7F781F810EADC
:10BAA0000A0A18BFDA46F7F77BF897F8143110EA5C
:10BAB000080118BF4946534508BF4FF0000A85F8F2
:10BAC00000A097F815318B4208BF002169705AEA2F
:10BAD00001010AD1FB88013EF61AB6B247F6FD73A2
:10BAE0009E428CBF002404F001042046BDE8F88F7C
:10BAF000F7B50468E57BA5F12303072B06464FD96C
:10BB0000002D4BD1A37B282B4AD04B7813F0070391
:10BB10003DD08A7812F0070239D084F80C31252301
:10BB200084F80D21E37394F82D31F3B994F82C3196
:10BB3000012B1AD094F80C7194F8150194F8101197
:10BB400094F81121B4F81231874214D194F80D7190
:10BB500094F8140187420ED1022084F82C0184F855
:10BB60002E1184F82F21A4F83031304600F04CFD1E
:10BB7000284603B0F0BD022000903046FFF7E2FEF9
:10BB80000028F2D04FF46671AE20F5F703FA097879
:10BB9000304603B0BDE8F04000F05FBD0125E7E7A7
:10BBA0002025E5E72DE9F04F056895F80EB0ABF1DB
:10BBB0002403D3F1000848EB0308052A87B00446A4
:10BBC00070D1EB7B262B73D10F358A784F78039297
:10BBD00007F0070902F0070A09F1FF330AF1FF3005
:10BBE00003EA090300EA0A00034366D1B1F80360DF
:10BBF000F6F7D6FF039A174307F0070787435CD190
:10BC00005046FFF729FF2768A8B197F814319842EA
:10BC100011D097F82E211AEA020F4ED0BBF1240F53
:10BC200009D097F80D211AEA020F04D1022870D129
:10BC3000013B012B71D84846FFF70EFF40B197F842
:10BC40001531834204D097F82F3119EA030F34D00D
:10BC500005AB00933846334652464946FFF705FF89
:10BC60002368074678BB93F82C21012A28D1014686
:10BC70002046F6F7B7FF236883F82C712F702368EE
:10BC800003F10F02954201D10022DA73236803F118
:10BC90000F02954237D1204600F0C0FC002007B0CB
:10BCA000BDE8F08F414607B0BDE8F04FFFF79CBEFE
:10BCB000BBF1240F2BD10E3587E741462046F2E732
:10BCC00083F82C01DBE7DA88A3F86C62013EB61A30
:10BCD000B6B247F6FD72964206D9282283F8312083
:10BCE0002046F7F737FFD1E7DA7B0C2A02D0093A72
:10BCF000012A01D82A22F1E7BDF81420A3F86E2208
:10BD000028232B70C2E7002283F84A20C6E70220CE
:10BD1000C5E7012B8FD0022BCFD04FF4DD71062069
:10BD2000F5F738F908B50368DA7B252A05D022B182
:10BD300040F2D351AE20F5F72DF92622DA7308BD73
:10BD4000F6F776BF704730B542401C7808785D78CA
:10BD500060404C786C4020449D788C786C40204446
:10BD6000DD78CC786C4020441D790C795B79497979
:10BD70006C4020444B4018441044B0FA80F0400915
:10BD800030BD024600200139C9B2FF2900D17047F9
:10BD9000535C83F001030344D8B2F4E708B5F6F727
:10BDA000CBFF082807D0F6F7E9FF082803D0F6F7FD
:10BDB000FBFF012008BD0020FCE708B5F6F7BCFF3B
:10BDC000082803D0BDE80840F6F7D8BF08BD08B57D
:10BDD00001F04BFC18B1BDE80840FAF7D3BB0820CE
:10BDE00008BD01440023884203D1B3FA83F040091F
:10BDF000704710F8012B1343F5E7F8B5D0E9047646
:10BE000005460C46FDF7E0FA18B952212920F5F74E
:10BE1000C1F8E4B1D5E90423D21B63EB0603012A80
:10BE200073F100014FF0000113DB6FF0010090424D
:10BE3000994101DA5C21E9E7631E1344B3FBF4F393
:10BE40005C43E41946F10006C5E904461C46204659
:10BE5000F8BD0C46FBE7022905D13C2808D9801023
:10BE60000F3880B27047702802D9C0100E38F8E73A
:10BE700000207047012908B5034605D002290BD0E0
:10BE8000E7212920F5F786F840F6C41040F2E24297
:10BE9000002B08BF104608BD40F6C410FBE710B5E4
:10BEA0000C460021F5F7A2FB2060B0FA80F04009B3
:10BEB000400010BD0368587BC0B293F830302BB9F6
:10BEC00000F0FB00003818BF0120704700207047C9
:10BED00010B50C46FFF7E3FF38B92046FFF7EAFF3D
:10BEE00080F001004000C0B210BD0220FCE738B570
:10BEF0004FF4267204460D460021FEF711FB6FF049
:10BF0000360284F86320042284F864206FF03B0238
:10BF100084F865206F2284F86620032284F8672065
:10BF2000002284F868206FF07F0284F869202B22B9
:10BF300084F86220FE22012384F89E207F22A375CC
:10BF4000E27284F8A830A4F8AA5038BDC2B292FABE
:10BF5000A2F2030A93FAA3F31B0E100E40EA032089
:10BF6000704770B50131C9B20530002210F8013FA9
:10BF70008B4216D310F8054C0023012505FA03F671
:10BF800026421CBF01F1FF31C9B269B10133082B50
:10BF9000F4D10132D2B2052AE8D19B214620F4F730
:10BFA000F9FFC91AC9B2F4E703EBC200C0B270BD11
:10BFB0000B6870B5C0F801300B7903F01F034371B3
:10BFC00000230446C3720546461D15F8010F00F014
:10BFD00002FB6871E37AB5421844E072F5D170BD96
:10BFE00070B581EA11418CB20546C17A032682EA16
:10BFF0000400FFF7ABFF013E00EB0010221816F023
:10C00000FF0690B2F5D144402522B4FBF2F302FBC7
:10C010001343C3F3C4022A44D8B2567803F007038B
:10C02000012202FA03F31E4207D161432846C1F3FD
:10C030000741BDE87040FFF794BF70BDF8B590F8B8
:10C0400021506B1E242B044603D9E1214620F4F72E
:10C05000A1FFDAB1807D002843D194F8233094F811
:10C06000221002FB01322523B2FBF3F103FB112363
:10C07000DBB204EBD30284F82330D17D03F0070652
:10C080000122B240114202D084F82430F8BDB3FB43
:10C09000F5F205FB1233013303F0FF0304F11B013A
:10C0A00011F8012F9A4219D311F8055C00220126DC
:10C0B00006FA02F72F4208D0013B13F0FF0304D128
:10C0C00002EBC00284F82420E0E70132082AEFD115
:10C0D0000130C0B20528E3D1D721B7E79B1ADBB204
:10C0E000F6E7E288096A04F11600FFF779FF84F8A1
:10C0F0002400CBE70378890123F0400301F04001DD
:10C100000B4303707047037803F07F0343EAC113C6
:10C11000037070471F2A38B50546144603D9A82175
:10C120002A20F4F737FF09300634FEF739FA6C702D
:10C1300038BD1F2A38B50546144603D9CA212A201E
:10C14000F4F728FF09300634FEF72AFA6C7038BD80
:10C15000037803F00F03032B02463ED0052B42D198
:10C16000C37F90F82000034392F82100034392F824
:10C170002200034392F8230000F01F00184333D03D
:10C180005378222B2FD1B2F81930B1B1B3F5506FDB
:10C1900013D940F607518B4225D8B2F81B30B3F5BE
:10C1A000FA7F20D2B2F81D000A3880B240F67643FA
:10C1B00098428CBF002001207047991F89B240F639
:10C1C0007A4081420FD8917D481E07280BD89942AA
:10C1D00009D2B2F817109942DEE74078A0F10C03BB
:10C1E000584258417047002070478388A1B1B3F589
:10C1F000506F11D940F6075293421BD8C388B3F54C
:10C20000FA7F17D200890A3880B240F67643984206
:10C210008CBF0020012070479A420BD8B3F5486FBD
:10C2200008D84278511E072904D89A4202D242887F
:10C230009A42E2E7002070472DE9F3470E4601A934
:10C2400014469946FFF72BFE054618B9019F2CB9F5
:10C2500001237B75012002B0BDE8F087D7F8BC80D0
:10C2600021464046FEF756FC824608B90020F2E718
:10C27000F6F7ECF88442F9D851464046FEF789FDBE
:10C280007B7DA0F80150002B18BF0226494600F81C
:10C29000036B2246FEF784F921464046FEF775FC03
:10C2A00018B983212B20F4F775FE01A8FFF719F8C0
:10C2B000019BA3F8B2517D75CCE74378C3F301111C
:10C2C000012910B502460ED0022915D0047803F0DA
:10C2D0000F00131D5288022144EA0020FFF7ACFF33
:10C2E00038B1012010BD047803F00F00131D5288EF
:10C2F000F2E7F7F72BFAF4E70020F3E71A230B70C5
:10C3000001234B708B707047F7F7F8B810B521B95F
:10C3100040F2A9211020F4F73DFE4A600B72EFF3C2
:10C32000108472B6031D0B6042681AB1127A012A9A
:10C3300008BF036003681960016004B962B6BDE814
:10C340001040F7F725B90222F7F7EEB90322F7F705
:10C35000EBB90422F7F7E8B90222F7F729BA8D23DF
:10C360000B7030F8953CA1F8033030F8573CA1F839
:10C37000053030F8533CA1F8073030F8553CA1F8AF
:10C38000093030F8513CA1F80B307047012908B54D
:10C3900003D10E30C00080B208BD022902D10F3097
:10C3A0008000F8E74FF40C710620F4F7F3FD30B588
:10C3B00087B004460D46F6F74FF880B334F89E4C2C
:10C3C00069462046FFF794F818B1FB212C20F4F7BA
:10C3D000E1FDBDF80630ADF80E30BDF80830ADF81F
:10C3E0001030BDF80230ADF8123003A8BDF80430AB
:10C3F000ADF80C40ADF81430FFF758F810B14FF419
:10C400008271E3E7ADF80C009DF80C30002063F377
:10C4100007009DF80D3063F30F2007B030BD2B46A9
:10C420008E2203F8032BD4F80920C5F80320D4F892
:10C430000D205A60B4F811201A810423ADF80C3095
:10C44000E2E740687047C08A704710B58A880B8958
:10C45000CC884988A0F85410A0F85840A0F856207D
:10C46000A0F85A3010BD8383BDF8003001834283A9
:10C47000C3837047034670B5B3F84C10B3F8582027
:10C48000B3F85A40B3F84850B0F84260B0F84600EC
:10C49000914228BF1146B3F85020A3F84210A2429F
:10C4A00028BF2246B3F84A40A3F84620944238BF3A
:10C4B00014468D4238BF0D468E42A3F84850A3F86B
:10C4C0004A4021D1801A18BF0120B3F84E10B3F8AA
:10C4D0005420B3F85660B3F84050B3F8444091424A
:10C4E00028BF1146B3F85220A3F84010B24228BF2B
:10C4F00032468D42A3F8442008D1944218BF40F040
:10C50000010000F0010070BD0120DEE70120F8E726
:10C5100038B5C58B438C04469D42007A28BF1D4622
:10C52000FFF734FF6389AB4228BF2B46984238BFE0
:10C53000184680B238BD2DE9F04106460F46808985
:10C54000194698461446FFF721FF414605463046F6
:10C55000FFF7DEFF854228BF05469DF81810B08A18
:10C56000FFF714FFF38A834228BF0346ADB2A01D34
:10C5700015FA83F338441844BDE8F08107B590F804
:10C580006D30009390F86C30002296213430FFF724
:10C59000D2FF03B05DF804FB38B50D4619461446CA
:10C5A000FFF7ECFF96342044A84294BF281A0020DD
:10C5B00038BD38B50D4611460446FFF7DFFF284465
:10C5C000A06338BD01F19C0383423DBF9C38401AF3
:10C5D00040080020704700F05503400800F0550067
:10C5E000034403F033009B0803F03303034403F0D8
:10C5F0000F0000EB13107047036800229A7383F852
:10C600004A20A3F84620704703680022A3F84E2072
:10C6100093F85020013283F85020704708B5026823
:10C6200092F85030013B5BB2002B82F8503003DAB5
:10C6300052214A20F4F7AEFC08BDA0F10903042BF7
:10C6400009D9A0F14603012B05D9233807288CBF4F
:10C65000002001207047012070470268136810B560
:10C6600013F0080408D143F00803136082F898100F
:10C67000FFF7CAFF204610BD0120FCE730F8023C5E
:10C68000F7B5B0F8827005460E4673B101226846D0
:10C690008DF80020ADF80170ADF80330F5F770FFAC
:10C6A00018B195216320F4F775FC832300243370BF
:10C6B000B470A6F803706B7AD5F898007371FEF722
:10C6C000D3FA08B9BA21EDE721463846F4F7A4FFBA
:10C6D0004FF4017303F00402204662F307001B0AC3
:10C6E00063F30F2003B0F0BD03681A7C063A012AF9
:10C6F00081BF4A785A7406221A7400207047026873
:10C70000137C063B012B84BF07231374704770B55D
:10C710000268D57BE5B9CB88D688A2F86C32013B9C
:10C720009B1B9BB247F6FD76B34206D9282382F8BD
:10C730003130F7F70FFA284670BDD1F80130C2F852
:10C740006E324B7982F8723203680922DA73F2E7AB
:10C750000125F0E70B46822203F8032BD0F80920CD
:10C76000C1F80320D0F80D205A60427C1A720023D1
:10C77000CB70704770B50368DD7B06460C46002D14
:10C780003CD1062229462046FFF72FFD28B9217803
:10C790003046BDE87040FFF760BF32686389D188DA
:10C7A000A2F86C32013B5B1A9BB247F6FD718B42DB
:10C7B00007D9282382F831303046F7F7CBF92846DD
:10C7C00070BDA38840F2E2414B43C2F874326378F3
:10C7D000C3EB431003EB800303EB83035B00A2F87E
:10C7E0006E3263884B43C2F87032E388A2F8783225
:10C7F0002389A2F87A320C23D373E0E70125DEE720
:10C800000B46842203F8022BD0F80920C1F802203D
:10C81000D0F80D205A6070470B46852203F8022B92
:10C82000D0F80920C1F80220B0F80D209A80704796
:10C8300038B50368DC7B054634B1103C0F2C8CBF47
:10C8400001240824204638BD1B7D002BFAD0FFF7B9
:10C85000DBFE2B681022DA73F4E708B50368DA7B95
:10C86000152A04D040F253211F20F4F793FB012234
:10C8700083F851201722DA7308BD0368DA7B112A86
:10C8800003BF12220020DA730220704710B503683C
:10C89000DB7B1B2B044606D1FFF7C0FE23681F225B
:10C8A000DA73002010BD0220FCE708B50368DA7BCC
:10C8B000102A04D040F27E211F20F4F76BFB0122E6
:10C8C00083F851201122DA7308BD08B50368DA7BBA
:10C8D000172A04D040F28A211F20F4F75BFB1B22A9
:10C8E000DA7308BD3E230B700C234B7004238B704E
:10C8F000D0F80930C1F80330D0F80D30C1F8073056
:10C90000B0F81130A1F80B30C37C4B73704708B5F9
:10C9100003689A7B1AB1CF211C20F4F73BFB042259
:10C920009A7308BD026808B51368D90703D4DD21DE
:10C930001C20F4F72FFB23F001031360BDE808402F
:10C94000FFF76CBE87230B7030F88C3C4B80704730
:10C9500003689A7B0E2A01BF002283F83E2083F8E9
:10C960004A209A730020704738B505682B6813F089
:10C97000040407D1FFF748FE2B6843F004032B6043
:10C98000204638BD0120FCE70268136823F0040349
:10C990001360FFF743BE08B503689A7B1AB1722192
:10C9A0004B20F4F7F7FA0E229A7308BD10B5D0E9C0
:10C9B0000D42A24206D38B8C498E05334B43121B8A
:10C9C000934202D3012380F83E3010BD0C230B703C
:10C9D00008234B7000238B70B0F85630A1F8033059
:10C9E000437A4B714389CB8083890B81704710B5A3
:10C9F000046894F853309A070CD4A37B1BB17721B9
:10CA00004020F4F7C7FA0122A27384F84A20A4F860
:10CA1000463010BD23689B0705D5FFF7FFFD23684F
:10CA200023F002032360002384F83231F1E710B5CC
:10CA30000B794C790A68012843EA042108BF41F4C4
:10CA40008031104610BD07B5FFF7F1FF0DF1070269
:10CA5000F7F7AEFA03B05DF804FB07B5002301A8B1
:10CA60000193FAF7C3FD019810F0030018BF0120ED
:10CA700003B05DF804FB08B5FFF7EFFF002814BF13
:10CA80001420002008BD08B503689A7B1AB126213E
:10CA9000A320F4F77FFA20229A7308BDF7B5056842
:10CAA000AB7B203B022B06460C462BD8B1F8051079
:10CAB0001A2921D9B4F80730B3F5A47F1CD3B4F8F0
:10CAC00001201A2A18D9B4F80300B0F5A47F13D3B3
:10CAD000009005F1A80405F1DC00FFF7C4FC204636
:10CAE0003768FFF7C7FC18B107F23F10F6F782FE70
:10CAF00030680621F7F752FF002085F84A00A87336
:10CB000003B0F0BD0120FBE702681368D90610B539
:10CB1000044603D4B821A320F4F73CFA990601D5C2
:10CB2000B921F8E723F010031360FFF777FD2068C1
:10CB30000621BDE81040F7F731BF10B5FAF70CFB3E
:10CB40000446FFF798FF04F55F43BE304FF47A7256
:10CB50004133B3FBF2F3184410BD10B5044690F80E
:10CB60006D00FFF7EAFF012201462046BDE81040B4
:10CB7000FFF71FBD7FB5044618B9A5213020F4F793
:10CB800009FA052900F2B580DFE801F003AE2A2595
:10CB9000B3A990F80032C288A3B1B0F8FE31934235
:10CBA00008BFB0F8B4319A1AA0F8B621E380D4E9EE
:10CBB00090232046C4E99223F8F7E2FF94F84C3022
:10CBC00004B070BDB0F8FC319B1AA0F8B631B0F8D3
:10CBD000FC319BB2EAE704B0BDE87040FAF70CBA4A
:10CBE000FBF75CFAD4E99223801A61EB0301012878
:10CBF00071F1000302DA40F20161BFE76FF0010357
:10CC000083424FF000038B4102DA40F20261B5E744
:10CC1000D4F8C4300BB1B0FBF3F3E17BB4F8FE21E0
:10CC20000C2931D10132A4F8FE21B4F86232E58832
:10CC30000133A4F86232B4F842301D44B4F84030F5
:10CC4000013DED1AADB203AEB4F8FE116B1A180433
:10CC500034D4002300961A462046F7F751FA0128EB
:10CC6000AED1B4F8FE21B4F8B011BDF80C301344C5
:10CC7000521A12049BB204D5EA1A12F4004F18BFDC
:10CC80000B46A4F8FE31DFE7E1880B449BB2D11AD2
:10CC90000D044DBF0133013293B29BB2A4F8FE31B3
:10CCA00094F80132002BC0D1B4F8B431B4F8FE21AD
:10CCB000934204BF0133A4F8FE31B6E7A37C03948A
:10CCC000002B14BF08233E23304684F83130F6F79A
:10CCD00041FF204600F087FC0023637370E704B037
:10CCE000BDE87040FEF7FBB9437B042BF4D0C621AE
:10CCF00044E7CB2142E713B500234373A0F8603229
:10CD00001A46009319460446F7F7FAF920B140F2A3
:10CD1000E7113020F4F73EF901236373C4F8E8010A
:10CD2000C4F8E001A4F8FE01A4F8FC0184F80102B3
:10CD3000E388A4F86202013BE38002B010BDD0F8A2
:10CD4000E800704738B5044690F828319BB1FF23BE
:10CD500080F83031012100F09FFA94F8283153B166
:10CD600004F1C0052846FBF74FFA2846FBF760FAA6
:10CD7000002384F82831002038BD08B590F8302110
:10CD800042B990F8EC2042B1D0E93C31994202D945
:10CD9000F8F73AFC0022104608BD0122FBE710B567
:10CDA0000446FFF768FEE269636B9A4228BF1A46A1
:10CDB00000F5C1711046FFF705FC40F648039842A4
:10CDC00028BF184680B210BD7FB5044690F84C309D
:10CDD00003F0FF05002B58D1437B032B55D1FBF704
:10CDE0005DF9D4E99223801A61EB0301012871F106
:10CDF00000034ADB6FF00103834275EB010104DAA3
:10CE000040F2AA513020F4F7C5F8D4F8C420E388E2
:10CE10000AB1B0FBF2F2013313449BB2A4F8FC3127
:10CE2000B4F8FC21B4F8B4319B1A1BB2002B2CDDF2
:10CE300004F50270FBF7E8F938B3FF2384F80132F8
:10CE4000B4F84230E5881D44B4F84030013DED1A95
:10CE5000ADB20DF10E06B4F8FC31EB1A1B0414D47C
:10CE6000B4F8FC1100960023012289B22046F7F79E
:10CE700047F9012809D1B4F8FC31BDF80E2012FAA7
:10CE800083F39BB2A4F8FC31E5E704B070BD2DE953
:10CE900070430C461546E2B9F9F7E6FDD4E9468938
:10CEA000064684F8EC5084F82851D4F8E800F6F7E8
:10CEB00073FAD4F8E800C0E99289C0E99689C0F80D
:10CEC0006462FFF718FFF9F761FFBDE87043FCF7F4
:10CED000EDB940F2C3713020F4F75CF870B5044648
:10CEE00021B1012978D040F2D37172E000F007F946
:10CEF00094F8293105460E46DBB150EA010318D0FB
:10CF0000D4E93E32D4E94601C01A61EB020133464E
:10CF10002A46FDF7B1FA05FB01F300FB0633A5FB3A
:10CF200000021344D4E93E21121843EB0103C4E983
:10CF30003E23E08B30B1F6F777FCE38BB0FBF3F2E6
:10CF400002FB1300D4E93E32ED1846EB02062D1821
:10CF50004FF0000346F1000640F20242C4E93E569B
:10CF6000C4E9465684F80831A4F8102184F8293120
:10CF700094F8303103F0FF01DBB9D4E948026FF0D7
:10CF800000439A4208BFB0F1FF3F18D02046D4E9D1
:10CF9000465600F0A9F8D4E94832E5305B1B62EB55
:10CFA00006021B1A62F10002002A08DA2046F8F78E
:10CFB0002BFBF9F7EBFEBDE87040FCF777B904F501
:10CFC000847104F1C000FCF78BF90028F1D14FF413
:10CFD000E0613020F3F7DEFF002380F8EC30E8E773
:10CFE00090F82801003818BF012070470B468C22AA
:10CFF00003F8032BD0F80920C1F80320D0F80D2046
:10D000005A60704738B50B46882203F8032B0C464C
:10D0100000F10902293052F8041B43F8041B824234
:10D02000F9D112781A70A5880123A371002128462E
:10D03000F4F7DCFA58B1E3784BB100212846F4F755
:10D04000EBFA20B140F233212D20F3F7A3FF38BDD6
:10D050000121F8F76DB8FFF7FBBF90F872300BB104
:10D060000120704790F8AA2002F0FF03002AF7D1B0
:10D0700090F89C201846704737B504460D464FF48B
:10D080009C720021FDF74CFAFF2323701323638069
:10D0900042F21073E383F4F7A5FB00220146A0627D
:10D0A0006846FDF727FFA06A00220121FDF76EFF09
:10D0B000A16A68460422FDF71DFF0022A06A1146FE
:10D0C000FDF764FF04F12000A57403B0BDE8304013
:10D0D00000F019B9FF23886A0B70FDF708BF0078CC
:10D0E000FF3818BF0120704710B50446203000F00B
:10D0F00060F961882822F8F7B9FA6D3010BDD0E9DF
:10D10000020170472DE9F04F07460C4606460FCF47
:10D110008FB006AD0FC597E80F000DF1100885E838
:10D120000F00404600F0EFF8677894F8149094F8F8
:10D130000AA094F800B007F07F05B9F1010F2F465F
:10D1400007D0B9F1020F04D040F212310620F3F7F4
:10D1500021FF617A404600F0DDF8237D227F022B1B
:10D1600008BF617D02F1010206BF0131C9B2012190
:10D17000D2B2404600F0D0F815F0080360D1404626
:10D18000019300F016F928223946F8F76FFAE5788E
:10D19000019B00F52472207945EA0025607940F270
:10D1A000712145EA00454D43B2FBF1F24A43AA42E0
:10D1B0000AD9E079A57945EA0025207A45EA0045B3
:10D1C0004D43954228BF1546227E0393531E5A4273
:10D1D0005A41A17CB06A02910192FDF75EFFB06AEC
:10D1E000FDF76BFF039B019A02998DF818B0ADF81B
:10D1F0001A7008958DF828208DF82B108DF82CA02A
:10D200008DF81C90099306AF0FCF35460FC597E8F0
:10D210000F0085E80F0098E803003062B184E37ADC
:10D2200003F0FD03003B18BF012386F84F30E3688D
:10D230003365238AA6F8543000200FB0BDE8F08F84
:10D2400000252B46C0E74FF40043C38443881D2BC1
:10D2500008BF00214174704790F912007047408860
:10D2600000F0010070478078C0F34000704780787C
:10D27000C0F3C000704790F84830816181F8B33046
:10D28000D0F84930C1F8B430B0F84D30A1F8B8301A
:10D2900070477047F7F7BABC80F86810704782781B
:10D2A000034612F0010002D0D978C90710D59007C3
:10D2B00002D5D97889070AD512F0040008D0D878A9
:10D2C000C0F3800080F001008000C0B270470220EF
:10D2D0007047C0F34002C0F38003134400F0010024
:10D2E00018447047022808B507D0042807D0012841
:10D2F00007D039212E20F3F74DFE262008BD272028
:10D30000FCE72520FAE70023C0F802300123437030
:10D31000037070478170704710B54270017080785B
:10D320001446FFF7D6FF10FB01F010FB04F2FE2AB3
:10D3300003DD5C212E20F3F72DFE10BD0023C3700A
:10D3400043710371704710B50446FFF7A8FF637976
:10D3500062780133DBB29A4263710FD1E378A1782E
:10D360000343DBB29942E37008BF23794FF0000218
:10D3700008BF0133627104BFE2702371BDE8104041
:10D38000FFF7B0BF38B501468078FFF7A2FF04462B
:10D39000C8784D78FFF79DFF0A790B789B1A13FB2D
:10D3A00005F34A7913FB04F39B1A00FB1530C0B256
:10D3B00038BD08B501468078FFF78BFF4B780A78B7
:10D3C00013FB02F313FB00F0C0B208BD40F2EF20E4
:10D3D000704740F25A335843704738B513680E38D7
:10D3E00014460D469A7B09283ED8DFE800F0053D3B
:10D3F0003D3D0F3D183D3D27042A05D12046FFF74E
:10D40000FBF82046F6F714FD002038BD0E2AFBD1AC
:10D41000002220461146BDE83840FFF799BA202A7D
:10D42000F2D12046FFF7E8F8002DEDD0226892F8FF
:10D43000623023F0200382F86230E5E7DA7B262AA7
:10D44000E2D10025DD732046FFF7E8F8236893F862
:10D450002C31012B03D129462046F5F7C3FB236865
:10D46000002283F82C21CFE740F262213120F3F72C
:10D4700091FD08B50368DA7B172A04D040F27E518B
:10D480003120F3F787FD1D22DA7308BD08B590F847
:10D490009E30FE2B04D040F66F113120F3F77AFD59
:10D4A000002380F89E1080F89F3012B9A0F84E201B
:10D4B00008BDA0F84630012380F84A30F8E708B5E7
:10D4C0000368DA7B342A05D10022DA73BDE808400C
:10D4D000FFF7A4B8172A02D11D22DA7308BD40F263
:10D4E00093513120F3F756FD08B503689A7B082A5B
:10D4F0000AD193F8991093F8A020914204D1002208
:10D500009A7383F84A2008BD1A68110706D522F0DD
:10D5100008021A60BDE80840FFF780B84FF4AF6119
:10D520003120F3F737FD037D63B9C37BA3F10F020D
:10D53000032A07D990F8520028B11F2B8CBF002076
:10D540000120704701207047024600684978837BBC
:10D55000202B13D00AD8042B12D00E2B12D0C37B51
:10D56000262B0CBF1720FE20F8F73EBA2A2B03D03B
:10D570002C2B09D0242BF2D11620F5E71420F3E749
:10D580000E20F1E71220EFE72320EDE702460068C6
:10D590000B4690F8621041F0040180F8621099780F
:10D5A0005878F8F721BA38B50C460546D1E92F016D
:10D5B000F4F7CCF8637B3BB104F502742046FAF72C
:10D5C00023FE2046FAF734FE28460221BDE8384003
:10D5D000F4F722B80020704708B5F6F76FF9BDE8F8
:10D5E0000840F6F71DBB0022C281827490F84C30CF
:10D5F00013B10221F7F7D2B90321FBE738B504468E
:10D600000846E37B03F0FD0394F8682212B10C2571
:10D61000284638BD152BFAD194F8843203F0FF0563
:10D62000002BF4D191B194F8D63123B940F66C3186
:10D630003120F3F7AFFC052304F1800204F5E37118
:10D64000FCF7CCFD012384F86832E1E70223FAE716
:10D65000F6F7A8B908B5F9F7D5F9F8F7C1FFF8F763
:10D6600019FFBDE80840F9F7DBBD10B5C824F8F78D
:10D6700071FF022808D1013C14F0FF04F7D1062005
:10D68000F6F772F8204610BD431E58425841FAE79B
:10D690004FF08053D3F8A00000F0010070474FF026
:10D6A0008053D3F8A420D3F8A830511C9BB203D1E7
:10D6B0004FF6FF718B4203D00260838001207047D8
:10D6C000002070474FF0805330B5D3F89050D3F816
:10D6D0009440D3F89810D3F89C2005EA04030B403B
:10D6E000134001331FBF056044608160C2600CBFFE
:10D6F0000020012030BD4FF0805330B5D3F880506A
:10D70000D3F88440D3F88810D3F88C2005EA0403BA
:10D710000B40134001331FBF056044608160C2604D
:10D720000CBF0020012030BD10B5F9F7A5F9044663
:10D73000FAF700FE201841F1000110BD38B504468B
:10D740001546F8F7DBFF2A4601462046BDE838407B
:10D75000F9F7B8BA10B504460846F9F7FDFC4FF4DE
:10D760007A73B0FBF3F0201A10BD10B504460846DA
:10D77000F9F7F2FC023C00F2E7334FF47A72B3FBA4
:10D78000F2F3E01A10BD08B5FCF7DAFDBDE8084079
:10D79000FAF706B8801A00F3070038B540B20D4614
:10D7A00059B21446F9F7ECFF002328706B7020443F
:10D7B00040B238BD002303607047704700207047B7
:10D7C0004FF0FF3070474FF0FF30704770474FF019
:10D7D000FF3070470020704700207047002303701F
:10D7E00070479DF800300022FFF7D4BF4FF0FF30A4
:10D7F0007047002070474FF0FF3070474FF0FF3008
:10D8000070477047C0B208B520B94FF0804301227D
:10D810001A6008BD4D21B520FCF798FB0020FAF7EF
:10D8200017B84FF08043D3F8080400F001007047A8
:10D830004FF08043D3F8140400F0010070474FF01C
:10D840008043D3F81C0400F0030070474FF080427F
:10D85000D2F81834D2F81824C3F3004302F00302BC
:10D86000824214BF002003F0010070470020FAF745
:10D8700065B80020FAF790B80020F9F7E9BF70B555
:10D88000FCF7F0FA002405462646E0B2854200D8AF
:10D8900070BDFCF7EDFA0134068580F82A60F4E7E4
:10D8A000F8B5037904461BB11B219D20FCF74EFB04
:10D8B0004679017126B901234371217909B9617152
:10D8C000F8BD276826712046B84702280546F4D1DE
:10D8D00003212046B84708B12F21E6E723682946EF
:10D8E000204698470028E8D03021DEE7034600684C
:10D8F00000B970478842F9D102681A607047034640
:10D90000002018707047EFF3108272B6037801217F
:10D91000DBB2017002B962B6012B0CBF6FF02200BE
:10D9200000207047EFF3108372B60022027003B933
:10D9300062B600207047FCF7DDBCFCF725BDFCF7A4
:10D9400023BD00280CBF6FF0150000207047002099
:10D9500070470723037000207047002070470020A5
:10D960007047034611F8012B03F8012B002AF9D167
:10D970007047034613F8012B002AFBD1181A01380F
:10D9800070472DE9F0478C468E46089E15460446A2
:10D990001946002B40F0D080724547D9B2FA82F781
:10D9A0004FB1C7F120030EFA07FC20FA03F3BD4084
:10D9B00043EA0C0CBC404FEA154EA8B2BCFBFEF883
:10D9C000230C0EFB18CC08FB00F943EA0C439945E5
:10D9D00028D9EB1808F1FF3204D2994502D9A8F1F1
:10D9E00002022B44A3EB0903A4B2B3FBFEFC0EFB23
:10D9F0001C330CFB00F044EA0344A04214D92C1958
:10DA00000CF1FF3304D2A04202D9ACF102032C4442
:10DA1000241A43EA02401EB1FC40002334607360C4
:10DA2000BDE8F0874246DDE76346F1E7002A79D09A
:10DA3000B2FA82F3002B3FD01946C1F1200302FA5B
:10DA400001F52EFA03F20EFA01FE20FA03F343EA7F
:10DA50000E034FEA154E00FA01F4B2FBFEFCAFB222
:10DA60000EFB1C201A0C0CFB07F842EA0042904502
:10DA70005AD9AA180CF1FF3004D2904502D9ACF162
:10DA800002002A44A2EB08029BB2B2FBFEFC0EFB92
:10DA90001C220CFB07F743EA02439F4246D9EB18CE
:10DAA0000CF1FF3204D29F4202D9ACF102022B44A6
:10DAB000DB1B42EA004202E0AEEB020301224FEA26
:10DAC000154EAFB2B3FBFEFC200C0EFB1C330CFB5F
:10DAD00007F840EA034398452AD9EB180CF1FF30C8
:10DAE00004D2984502D9ACF102002B44A3EB080301
:10DAF000A4B2B3FBFEFC0EFB1C330CFB07F744EA9D
:10DB00000344A74216D92C190CF1FF3304D2A742C3
:10DB100002D9ACF102032C44E41B43EA00400F4657
:10DB2000114678E71F2188E76046ABE76246BFE70A
:10DB30006046DBE76346EFE7734506D916B9002177
:10DB400008466DE7C6E9000EF9E7B3FA83F787B92F
:10DB5000734501D3824207D8841A6EEB0303012078
:10DB60009C461EB900215BE73846FAE7C6E9004C3F
:10DB7000F8E7C7F1200CBB4022FA0CF51D4320FA50
:10DB80000CF12EFA0CF30EFA07FE41EA0E014FEAF1
:10DB9000154900FA07F4B3FBF9F81FFA85FE09FBF3
:10DBA00018300B0C08FB0EFA43EA00439A4502FAC0
:10DBB00007F240D9EB1808F1FF3004D29A4502D998
:10DBC000A8F102002B44A3EB0A0389B2B3FBF9F8D6
:10DBD00009FB183308FB0EFE41EA03418E452CD9A0
:10DBE000691808F1FF3304D28E4502D9A8F1020367
:10DBF000294443EA0040A0FB0298A1EB0E014145F5
:10DC0000CE46434602D306D14C4504D2B9EB020EB0
:10DC100068EB05030138002EA4D0B4EB0E0261EBD3
:10DC2000030101FA0CFC22FA07F34CEA0303F94062
:10DC3000C6E9003196E74046C5E74346D9E700000C
:10DC4000F0B5002285B0114602AF40F6034005F062
:10DC50000DFC044600285BD105F0DAF921463A1D97
:10DC600041F2030005F002FC0446002850D17A6816
:10DC7000294DD168D1F80100D1F8051005F17803DC
:10DC800003C3104604F07AFB21463A1D41F201001D
:10DC900005F0ECFB044600283AD17868C3685A784E
:10DCA00085F870205A88A5F872201A7985F87120B5
:10DCB000B3F80720A5F87420B3F80530A5F876303E
:10DCC00004F05CFB21463A1D41F2020005F0CEFB58
:10DCD0000446E8B9D7F804C0DCF80C2005F180064A
:10DCE000531C413218685968344603C408339342C0
:10DCF0002646F7D1604604F041FB95F87C305A0681
:10DD000010D4064A0648012114F09DFE6FF012045B
:10DD100020460C37BD46F0BD402100204B9C020040
:10DD20004C7502003A1D002142F2030005F09EFBF3
:10DD300004460028ECD17A68A94BD168D1F80100DB
:10DD4000D1F8051003C3104604F018FB21463A1D14
:10DD500042F2020005F08AFB04460028D8D17E6812
:10DD6000F468B4F801309AB292B1E27882B1A5F8C1
:10DD7000FC30E378032B06D00322009299489A4A9C
:10DD8000022114F07EFBE2789848114617F0E3FE7A
:10DD9000304604F0F3FA95F87C601F2316F0200655
:10DDA000A5F8103119D14FF0FF304FF0FF3105F0D9
:10DDB00057F90446002800F0BE8102210C3014F00F
:10DDC000DAFC0123037046702146324640F66D406E
:10DDD00005F04CFB044600289AD195F89C301B07AF
:10DDE00012D53A1D002142F21C0005F03FFB04460B
:10DDF00000288DD17868C368D3F80120D3F80530A6
:10DE0000C5E9382304F0BAFA95F8D8309E0623D530
:10DE1000B91C384605F0D2FB044600287FF478AFE1
:10DE20004FF0FF304FF0FF3105F01AF90646002899
:10DE300000F0818104210C3014F09DFC3B880380AC
:10DE40007B8843802246314642F2240005F00EFBD7
:10DE5000044600287FF45CAF95F8D8305C0610D5F6
:10DE60003A1D002142F22A0005F000FB044600287A
:10DE70007FF44EAF7868C3685B7885F8123104F0A0
:10DE80007DFA4FF0FF304FF0FF3105F0E9F806461C
:10DE9000002800F0508108210C3014F06CFC95F83B
:10DEA000D84014F0400F40F20223024608BF03237B
:10DEB000A0074CBF43F02C0343F00C03A10695F8D8
:10DEC000D91048BF43F0400311F0090F18BF43F4C5
:10DED000006304F0010443EA0410002114F0EAFD99
:10DEE0000022314642F2010005F0C0FA0446002843
:10DEF0007FF40EAF95F87C30B5F8FC1098065CD432
:10DF0000C9B93A1D41F2050005F0B0FA04460028EF
:10DF10007FF4FEAEB5F8FC307C684BB9E368B3F82B
:10DF20000120A5F8FC209A883048114617F013FE0E
:10DF3000204604F023FA4FF0FF304FF0FF3105F098
:10DF40008FF80446002800F0F68008210C3014F009
:10DF500012FC95F8D830D907024638D424484FF03F
:10DF6000005114F0A7FD2146002240F6014005F0C3
:10DF70007DFA044600287FF4CBAE01463A1D4FF6E9
:10DF8000014005F073FA002838D01A4A15480221DA
:10DF900014F059FDEB79002B40F0BD8006F0FCF940
:10DFA000044600287FF4B4AE07F0A0FE0446002823
:10DFB0007FF4AEAE05F040F9AAE60029BBD10E4AC7
:10DFC0000848012114F03FFD6FF00404A0E602A10F
:10DFD000D1E90001C5E700BF908800020080002061
:10DFE000182200204C7502006F9C02004022002085
:10DFF00010880002D89C0200B59C02007B68DC6897
:10E00000B4F80130042B96BF584A594952F82310EE
:10E010006E468AB002AA5748D3614FF40073138446
:10E02000554BC2E9050142F8103F54484FF41351D3
:10E0300014F01CFDB4F80120B4F80330022AB546F0
:10E0400049D1052B47D84E4A52F823106E468AB064
:10E0500002AA4C48D3614FF400731384464BC2E9C3
:10E06000050142F8103F4FF41351444814F0FEFCF0
:10E07000637994F806C0D4F80900032BB54698BF1D
:10E08000414AB4F8076094BF52F8231038496C46EF
:10E090008CB002AADFF8F4E0C2E9073C4FF4007349
:10E0A00093853B4BC2E905E1C2E909604FF4735126
:10E0B00042F8103F314814F0D9FCA546786804F0C6
:10E0C0005DF93A1D00214FF6024005F0CFF90446F4
:10E0D00018B1304A5AE72649B8E77868C368B3F8F8
:10E0E0000130A5F8C13004F049F995F8C1305A075C
:10E0F0007FF550AF3A1D21464FF6034005F0B6F9C3
:10E1000008B1254A42E77868C3685B7885F8C03073
:10E1100004F034F93EE72E78002E7FF43FAF95F8F7
:10E12000C1309B061FD54FF0FF304FF0FF3104F098
:10E1300097FF044610B96FF06804E9E506210C303A
:10E1400014F019FBD5F801300360144B9B888380D1
:10E15000214632464FF6064005F088F9044600286D
:10E160003FF41CAFD4E56FF08504D1E5E87C0200F4
:10E17000919A0200FC9C0200040000014C75020010
:10E18000D07C0200159D0200C07C02002D9D020083
:10E19000070000015A9D0200839D020041210020DA
:10E1A00008B5054813F0ECF8044816F050FC044B91
:10E1B00000221A8008BD00BF145B00203C720200E0
:10E1C0008663002010B5274C274886B00023CDE990
:10E1D0000333059323788DF80430244B1B788DF896
:10E1E0000530234B1B88ADF80630224B1B88ADF859
:10E1F0000830214B1B88ADF80A3013F0E0F903908A
:10E20000194813F0DAF9ADF8100013F054F80023B0
:10E210004FF47A72FCF77AFA23780590022B08BF44
:10E220009DF80530104804BF43F002038DF8053017
:10E2300013F0C7F928B19DF8053043F001038DF8BC
:10E240000530039A42B1BDF810304FF47A714B4358
:10E25000B3FBF2F3ADF8123001A801F093FA06B067
:10E2600010BD00BFA9630020C85A0020A863002089
:10E27000866300208463002000270020B0F5967F8D
:10E2800028BF4FF49670052898B538BF0520814205
:10E2900038BF0146114A4FF47A7303FB00F4B1F51D
:10E2A000616F146028BF4FF461610D4A00AF4B43AA
:10E2B0008AB013606A460B4B0791CDE905306423A1
:10E2C00058430523B0FBF1F04FF42351089042F876
:10E2D000103F054812F0FDFFBD4698BD64230020A5
:10E2E00060230020EC820200D475020058B1BFF315
:10E2F0005B8F054B012253E8001F43E800200028F4
:10E30000F9D1BFF35B8F7047C4580020F8B50546BC
:10E310000E46471C01241049104800F0A9FC48B9DA
:10E320000F4B01221A700F4B1B7843F004030D4A68
:10E330001370F8BDA54202DD304612F0CDFF013466
:10E34000BC42E8D1064B00221A70064B1B786FF0D6
:10E35000120003F0FB03EAE720720200145B0020C6
:10E36000AA630020A8630020064BBFF35B8F012245
:10E3700053E8001F43E800200028F9D1BFF35B8F6A
:10E38000704700BFC45800202DE9F04F9BB002AF8A
:10E39000304A3148032114F061F800237B6507F10E
:10E3A000540016F075FA78B12C4817F091FA00284D
:10E3B0006CD12B4A2848012114F050F86FF012005C
:10E3C0006437BD46BDE8F08F16F08BFA7B6DD90639
:10E3D00005D5244A2048022114F049F8E4E79A07B9
:10E3E00001D5214AF6E7214A214E224C22482349F1
:10E3F00013F0080F08BF164613F0010F08BF1446AC
:10E4000013F0200F08BF10466D4613F0800F8EB03A
:10E4100008BF114602AADFF868C09162C2E905C3CD
:10E42000184BBB6503F10233FB6507F160015062D5
:10E4300011E9030002F12C03C2E9076483E8030039
:10E44000114B42F8103F044844F6C00112F041FF5E
:10E45000AD46A9E729840200D475020020720200AB
:10E46000E384020040840200838402006A90020078
:10E47000148302001E830200238302002A83020009
:10E48000C78402000103020407000004BE4817F01D
:10E490001FFAB86200288CD0BB4816F0A8FAC82032
:10E4A00012F01AFF4FF0A043D3F81035C3F3005019
:10E4B000C3F38031DB0240F1CA81B44BB44A002976
:10E4C00018BF13466C468AB002AAB24DDFF8C89254
:10E4D000C2E9071340F20243C2E905509384AF4DED
:10E4E000AF4B42F8103FAF484FF4335112F0F1FEFA
:10E4F000AB68A5460124FB64FB6C5B69002B00F054
:10E50000AC81284698474FF0A043EA46D3F810B5AF
:10E510008AB0CBF3005602AACBF3803353620623B2
:10E52000C2E90706C2E905949E4842F8103F4FF43D
:10E5300043510BF4821B12F0CCFEBBF5821FD54673
:10E5400040F08E81984A97482346032113F08FFFAD
:10E55000964801F0A5F801F0A9F864210320FFF71F
:10E56000D5FE20B1924A8F48022113F077FF8B48E5
:10E5700000F01CFD20B98F4A137843F0100313708C
:10E58000864801F0C7F920B98A4A137843F0080396
:10E590001370FFF705FE502001F02AFA12F08BFEEF
:10E5A000C7E9101012F087FE834BDFF810A21B683A
:10E5B0001B18FB6441F10003BB6401F04DFB9AF8AA
:10E5C00000207F4B6C4688B053F8223002AA7D4968
:10E5D0007448C2E905134FF4007393837A4B42F8F1
:10E5E000103F4FF000094FF4E65112F072FEA546BD
:10E5F000C7E90599C7E90799C7E9039912F05BFED6
:10E6000004460D4601F076FB3B699C42FB6875EBC6
:10E6100003034BDB0023614887F8583007F15801AA
:10E6200000F010FE14F5FA633B6145F10003FB6056
:10E63000604B1B78002840F0238143F010035D4AB3
:10E6400097F8588013709AF80030B8F1000F00F076
:10E650001A81022B2AD0012B01D1FFF7A1FD6E46B2
:10E6600088B002AA574B5361584B93614FF4007323
:10E670009383554B42F8103F4FF4E651494812F04E
:10E6800028FE4148B54616F0B2F9142012F024FED7
:10E6900040F6B83203214E4812F09AFE3A4816F07E
:10E6A000D6F902238AF80030FFF78CFD3B6A9C42C2
:10E6B000FB6975EB030325DB9AF80030022B21D0B0
:10E6C000364807F1580100F0F9FC061E0BDD414BFE
:10E6D0001E8013F09EF813F0D9F83F4A31483346B4
:10E6E000032113F0C4FE00F043FD3C4B40EAE07010
:10E6F000188047F23053E3183B6245F10003FB6199
:10E70000FFF760FD13F030F99AF80060012E00F079
:10E710002481022E00F0D480002E7FF46FAF13F01E
:10E72000CDF800280DDBA0F57A700028B8BF404274
:10E7300078287B6CC8BF23467B643B6CC8BF2B46E4
:10E740003B6400F097FF60B107F1580013F0A3F8A5
:10E7500038B9B7F95C20B7F95A10B7F9580001F089
:10E7600073F801F031F950B113F0EEF81C4A0D487E
:10E77000032113F073FEC7E91054C7E91254BFF325
:10E780005B8F184B00222FE03C7202008083020056
:10E790005F830200058502003B85020020720200B3
:10E7A00005000001D475020064850200F8780200BB
:10E7B000F0850200A863002060230020A9630020E8
:10E7C000087902003F860200030000014B86020028
:10E7D000145B00208463002059860200002700207B
:10E7E00067860200C458002053E8001F012903D1A6
:10E7F00043E800200028F7D1BFF35B8F0CBF012650
:10E80000164611D0FB6C9C42BB6C75EB0303C0F247
:10E810009D807B6C9849E21A3B6C65EB0303914247
:10E8200076EB0303C0F29280944816F0E0F80346BA
:10E83000002849D0924A9348012113F018FE924BC8
:10E840001B681B19FB6445F10003BB64D6E68F4BC4
:10E850008F4A002908BF134634E66FF0570052E68E
:10E860000520013412F038FD062C7FF445AE002E51
:10E870007FF46EAE874A8348012113F0EFFD67E60F
:10E8800003F0EF03DBE6022B7FF410AF6E4688B097
:10E8900002AA814B5361814B93614FF400739383C0
:10E8A0007F4B42F8103F77484FF4E65112F011FDCC
:10E8B000B5468AF80080FFF785FCC7E91254F5E6F3
:10E8C000C82012F009FD99E6142012F005FD754BE1
:10E8D0001B7843B932210220FFF718FD18B16748B1
:10E8E00016F0B5F8ABE770488022012100F094FAE9
:10E8F000034628B16D4A6348012113F0B8FDEEE7E5
:10E900006B48642112F050FE01236A4A8AF80030F5
:10E91000694BE8468AB0002E18BF134602AA674921
:10E92000516167495748C2E90613664B1362664B4B
:10E9300042F8103F4FF4235112F0CBFCC546FFF7CD
:10E9400041FC86F00109C7E9055457E600F092FE44
:10E9500000280CBFC8201420B3E75C49524880222D
:10E9600012F0ACFD031EFB6340F3568197F83C1098
:10E970005648DFF85C8100F027FF544B7B62002390
:10E98000BB637A6A52F8043B7A62C3F31201C3F3A1
:10E99000C7430022012BA7F8582000F0A1804D4A60
:10E9A00000913848022113F06CFDBB6B0133BB634F
:10E9B000D7E90E239342E4D100F05CFE60B107F189
:10E9C000580012F068FF38B9B7F95C20B7F95A104F
:10E9D000B7F9580000F038FF354812F0F2FDBB6976
:10E9E000B4EB030B7B6965EB0308002840F01D8145
:10E9F000B9F1000F00F01D8141F271739B4578F170
:10EA00000003ACBF01260026334B1B68FB6300F0FC
:10EA10001BFE002840F00F81FB6B9B4578F100083E
:10EA200003DA002E00F00781BE6AFFF7B9FB00236E
:10EA30008AF80030144B294A1B681B19FB6445F106
:10EA40000003BB641C4B6C468AB0002E18BF1346F3
:10EA500002AA1A49516111490A48C2E90613194B21
:10EA60001362194B42F8103F4FF4235112F031FC5E
:10EA7000A546FFF7A7FBC1E520BF02003C720200DC
:10EA800073860200D475020060230020B783020061
:10EA9000338302008E8502003F8602005486020006
:10EAA00003000001AA630020145B00208C86020092
:10EAB000C85A0020E68302006A900200A286020083
:10EAC000B08602000002010304000002C8580020C2
:10EAD000C0580020BA860200642300201C84020073
:10EAE000564807F1580212F077FDD8F8003001338C
:10EAF000C8F8003070B1B7F858205AB10A21B2FBFB
:10EB0000F1F301FB132292B200924D484D4A0321CA
:10EB100013F0B7FCD8F80030632B7FF646AF4748B8
:10EB200012F04BFD7863454812F049FD031E3B632C
:10EB3000C1BF7B6B4FF47A765E430346B7F858004B
:10EB4000CCBF96FBF3F600264FF00A0B96FBFBF3C7
:10EB5000FB620BFB136600283CD03B4B1880053052
:10EB6000B0FBFBF080B212F086FEB7F85830B3FB72
:10EB7000FBF291B20BFB1233B9601FFA83FB00F07A
:10EB800055FD324A3249C7F804D08EB0002808BF7C
:10EB9000114602AA3B6B93617B6BD361FB6A2D48E4
:10EBA0005061C2E90836BB681163C2E90A3B40F60E
:10EBB00006039386284B42F8103F214844F6C04193
:10EBC00012F087FBD7F804D0FFF7FCFA0023C8F84F
:10EBD0000030EAE6194812F0F4FC204A204BEB46DC
:10EBE0008CB0002818BF134602AA396B9161796B6B
:10EBF000D1619362F96A1B48506140F204639385C6
:10EC0000194B0F48C2E9081642F8103F4FF47351F0
:10EC100012F05FFBDD46D7E73FF4CEAE134AFB6B45
:10EC20000748314613F023FCC6E6C7E910544FF0FD
:10EC300000094E46E8E6142043E600BFC85A00200B
:10EC4000D4750200DF860200866300206A9002000D
:10EC5000F7830200F086020009000001FD83020034
:10EC6000128402001A87020007000001398702009F
:10EC70002DE9F04F8DB000AF624B01604FF0000BFB
:10EC80000446FB60D9460126FB68206813F8015B47
:10EC9000FB60FF233B7507F11503C7E90636012228
:10ECA0002B4607F1180125714FF0030887F81590DE
:10ECB00087F8169087F8179087F8208012F01CFBD1
:10ECC0004FF00203786087F82030206807F1140ABB
:10ECD0002B46012207F11801C7E906A612F00CFB2A
:10ECE000B860002864D107F11603C7E9063620682A
:10ECF00087F820802B46012207F1180112F0FCFA58
:10ED0000804607F11703C7E90936072387F82C3037
:10ED100007F118012B46206887F820900222C7E9E6
:10ED200006A612F0E9FAC7F800D08EB0B97DFB7DD7
:10ED300082466A4634480C93CDE905057868079009
:10ED4000B8680923CDE90808CDE90A1A42F8103F4E
:10ED50002E48002344F6C00101F0AAFFD7F800D0E6
:10ED6000BAF1000F27D197F817A0BAF1360F28D0C3
:10ED7000E8468AB06A46264BCDF81CA0CDE9053599
:10ED800036230893052342F8103F204800234FF410
:10ED9000225101F08DFFC5460BF10103022B4FF00C
:10EDA000010B7FF471AF002323716FF0120025E097
:10EDB0004FF0FF38A5E7B8F1000FEDD197F816A096
:10EDC000D3E707F118020025FE2120463D7612F018
:10EDD000A2FA21793B7E6C468AB06A460D48CDE99D
:10EDE00007A30523CDE9050142F8103F07482B464C
:10EDF0004FF4235101F05CFF2846A5463437BD4649
:10EE0000BDE8F08F8EB6020054870200DC75020068
:10EE100098870200CF8702002DE9F04F8DB00E4693
:10EE200000AF15460D210122804612F091FA0446EA
:10EE3000002863D100214FF4A47017F07FF8214619
:10EE400007F10F02404612F066FA02220D214046F9
:10EE500012F07EFA0446002850D1434B434A7E7795
:10EE6000C7E90423424BBB6120233B772123FB836B
:10EE7000404B3B62012E4FF0230387F824300CBF38
:10EE80002B46002387F82530022E4FF0240387F805
:10EE900026300CBF2B46002387F82730032E4FF077
:10EEA000250387F828300CBF2B46002387F829302C
:10EEB00040F609737B85304BFB6207F110098246EF
:10EEC00099F801B099F8001079605A46404612F05E
:10EED0003FFA79680446B0B16D468AB0274ACDE959
:10EEE00005216A460523CDE907B042F8103F2448C2
:10EEF00000234FF4215101F0DBFEAD4620463437AC
:10EF0000BD46BDE8F08F0AF1010ABAF1100F09F110
:10EF10000209D5D102460D21404612F019FA0446E5
:10EF20000028EBD1174B53F826106E460C238CB0FB
:10EF30006B436A4614480795CDE905016420B3FB8D
:10EF4000F0F100FB113309934FF40073ADF8283052
:10EF50000E4B089142F8103F094823464FF4535195
:10EF600001F0A6FEB546C9E7110B12180200030016
:10EF70001340150122002A000A0E0A1E068802000C
:10EF8000DC750200147902002888020006000001E6
:10EF900008B505484FF4D012092112F0FDFBBDE879
:10EFA00008400A2012F006BC78710200F0B589B062
:10EFB000002304468DF80D308DF80E308DF80F309B
:10EFC000FFF7E6FF0DF10F020121204612F002FCCF
:10EFD000064648B1354A00906A233548012113F0AE
:10EFE00050FA304609B0F0BD0DF10D020321204664
:10EFF00012F0F0FB60BB9DF80D20C2F384031206F3
:10F0000022D50A25282213FB052543F60343ADF834
:10F01000103004AB0593022306938DF81C309DF845
:10F020001C30A26843F002038DF81C3097686A23F5
:10F03000012205A92046B84750B91E4A1C482B4654
:10F04000032113F014FA03E00F2B03F10505DCD1C3
:10F050000DF10E020221204612F0BCFB0028C0D1A7
:10F060009DF90E209DF80E30002ABADA03F07F03D6
:10F0700002258DF8113004ABCDE905358DF810501F
:10F080008DF81C509DF81C30A2682B438DF81C3065
:10F0900097686A23012205A92046B8470028A0D115
:10F0A000054A0348294613F0D9F99AE792880200E5
:10F0B00024760200E488020008890200F0B587B0D7
:10F0C000002306468DF806308DF8073048F20A0313
:10F0D0000C46ADF80830FFF75BFF0DF10602052185
:10F0E000304612F077FB00283CD102AB0393022399
:10F0F0009DF8065004938DF814309DF81430B268D2
:10F1000043F002038DF8143097686A23012203A9A3
:10F110003046B84730BB052012F04CFB0DF107021A
:10F120000A21304612F056FBE0B99DF807300E492F
:10F13000C3F34112C3F38203023BDBB2052B8A5CAB
:10F140009CBF0A49C85C1044C0B204B120706D086D
:10F150000A224FF4616315FB023515FB00F56420AC
:10F16000B5FBF0F007B0F0BD96B6020090B6020015
:10F17000F0B514228BB000210DEB0200ADF80610A3
:10F18000022617F0D9FE0DF1060307930896294DC4
:10F19000284616F09DFB002848D0AF6826493B68FA
:10F1A00028469847044600283DD14FF4D0120B2141
:10F1B000224812F0F1FA4FF4487012F0FBFA0C23D7
:10F1C0000696ADF8243005A97B68284698474FF489
:10F1D000B01204460B21194812F0DEFA1CBBBDF92F
:10F1E00006204FF4E17382FB032302A93046CDE9E8
:10F1F00002230AF01BFE0446A8B9DDE902321B0B0C
:10F2000043EA02531213CDE902324FF0FF3113F1FA
:10F21000004342F10002994270EB020202D2084818
:10F2200012F034FD029C20460BB0F0BD6FF01204CA
:10F23000F9E700BF047202002A790200947102000B
:10F24000508902002DE9F04F83B000AF00238346C0
:10F25000BB710D4601B10B704FF4D012092131483A
:10F26000DFF8C48012F098FA052012F0A3FABA1D54
:10F270000121584612F0AEFA064690B1D8F8003097
:10F28000023309D0294A03460221294813F0EFF836
:10F290006FF00103C8F8003030460C37BD46BDE8BA
:10F2A000F08F97F80690C9F3801484F0010419F0E8
:10F2B0004009E4B205D11B484FF4B012092112F005
:10F2C0006BFAD8F800309C4228D04FF0000A322068
:10F2D00087F807A012F06EFAFA1D5146584612F050
:10F2E00079FA144A144BF979D14508BF1346E94617
:10F2F0008AB06A4611480791CDE905034FF40073BF
:10F30000ADF820300E4B42F8103F094853464FF4F9
:10F31000135101F0CDFCCD46C8F80040002DBBD004
:10F320002C70B9E77871020068230020B3890200CD
:10F33000247602007489020097890200CA890200BB
:10F34000040000011FB514240294044C0194BDF87C
:10F350001840009414F081FD04B010BDAB63002090
:10F3600070B503788AB004460E4607AD032B20D84B
:10F37000DFE803F002191B1D11492846FEF7F1FAD8
:10F38000059563780493A3780393E3780293237934
:10F39000019363790093A3790A4A1E21304611F044
:10F3A0000DFD0AB070BD0849E7E70849E5E70849DF
:10F3B000E3E7084A0A21284611F000FDE0E700BF14
:10F3C000EC8902000E8A0200F3890200FA89020029
:10F3D000048A0200C38B02004B1E59420148594166
:10F3E00012F03EBA345B00204B1E5942014859418D
:10F3F00012F036BA305B00204B1E59420148594189
:10F4000012F02EBA2C5B0020F0B583B002AF1C4680
:10F410003B8B1546002B40F08280002C7FD0137868
:10F420005A1E032A71D8DFE802F002304E5A012C2E
:10F4300078D069783D48003918BF012112F010FAE0
:10F440003B4B1B6833B11B6823B16878003818BF89
:10F45000012098476978374A374B6D4688B00029B4
:10F4600018BF134602AA3549C2E905134FF40073C9
:10F470009383334B42F8103F324800234FF4E65158
:10F4800001F016FCAD46204646E0012C4AD06978D2
:10F490002D48003918BF012112F0E2F9244B1B68F6
:10F4A00033B15B6823B16878003818BF01209847F2
:10F4B0006978204A204B6D4688B0002918BF134652
:10F4C00002AA2249D0E71A4B1B6813B19B6803B10B
:10F4D00098471F4A1B48032112F0C0FFD3E7042CB2
:10F4E00020D9134BB5F801601B68B5F8035023B160
:10F4F000DB6813B1294630469847164A11480095F3
:10F500003346032112F0BDFFBDE70E48124A022127
:10F5100012F0ADFF6FF012000437BD46F0BD6FF082
:10F520000600F9E76FF00C00F6E700BF285B00204B
:10F53000205B00201B830200318A0200358A020012
:10F540000300000104750200245B00204F8A0200C2
:10F55000698A02007E8A02009C8A020090B589B006
:10F5600000AF13F0CCFD3946FFF7FAFEBFF35B8F17
:10F570000F4B3C4653E8001F013143E80012002ABC
:10F58000F8D1BFF35B8F88B06A460A4BCDE90534EA
:10F590004FF40073ADF81C30074B42F8103F07489A
:10F5A00000234FF4E65101F083FB2437BD4690BDA4
:10F5B000385B0020BB8A02000300000104750200D2
:10F5C0000B4621B1034A0448012112F050BFFFF756
:10F5D000C5BF00BFCB8A02000475020010B50E4BF8
:10F5E000BFF35B8F0C4653E8001F013943E800125C
:10F5F000002AF8D1BFF35B8F0021084812F030F9E0
:10F60000074812F02DF9074A074823460321BDE8B1
:10F61000104012F02CBF00BF385B0020285B002098
:10F62000245B0020E68A020004750200054BBFF34C
:10F630005B8F1868BFF35B8F0028D4BF00200120C8
:10F64000704700BF385B0020084BBFF35B8F186822
:10F65000BFF35B8F40B1BFF35B8F054B1868BFF3FF
:10F660005B8F003818BF0120704700BF285B002067
:10F67000305B0020084BBFF35B8F1868BFF35B8FD4
:10F6800040B1BFF35B8F054B1868BFF35B8F003849
:10F6900018BF0120704700BF245B00202C5B0020B6
:10F6A000014B1860704700BF205B0020F0B593B09D
:10F6B000002002AF04F0DAF8044648B1264A0346B7
:10F6C0002648012112F0D3FE20464437BD46F0BD46
:10F6D000234D0FCD07F10C040FC42B6823600125C7
:10F6E000204B21490095022207F10C0004F018FF7D
:10F6F000044610B11D4A0346E2E73F2301461A22A1
:10F7000007F124003B623D6017F016FC3946381DB6
:10F7100004F0B2FC3B6807F120051BB12946381DF7
:10F72000FFF71EFE6E468AB002AA114B5361114BC1
:10F73000C2E90635104B1362104B42F8103F0748E0
:10F7400000234FF4235101F0B3FAB5460C4A0348A5
:10F75000032112F083FEB7E7038B02000475020059
:10F7600060760200287A0200307A0200198B0200CB
:10F770003A8B0200558B02000002010304000002D4
:10F780005E8B020008B50D4B00F1140250F8041B0B
:10F7900043F8041B9042F9D1FFF748FF68B1BFF36B
:10F7A0005B8F074B1B68BFF35B8F33B1BDE808402D
:10F7B00002490448142212F03FB808BDAB63002090
:10F7C000345B00204C79020030B5ABB004460D46E6
:10F7D000FFF73AFF88B3002014F0CBFBC31E9BB2A7
:10F7E000052B2AD9282DA3F10503C3F3870128BFD0
:10F7F0002825A94228BF2946F9B1114A8DF80410DD
:10F8000013680093581C106020468A006C4600EB79
:10F81000810150F8043B6371C3F307251B0CE371AE
:10F8200088424FEA1323A571237204F10404F0D136
:10F8300004480532694611F0FFFF2BB030BD00BF10
:10F840001C5B00208879020013B50446FFF712FF05
:10F8500050B1ADF80210ADF804200448ADF80040F6
:10F860000622694611F0E8FF02B010BDC47902001B
:10F8700010B5104B88B0CDE905128DF80700186857
:10F880000DF1070302930123039300238DF8103039
:10F8900007238DF81C309DF81C30826843F002036A
:10F8A0008DF81C3094686B23022202A9A04708B08F
:10F8B00010BD00BF4C5B0020064BBFF35B8F0122E5
:10F8C00053E8001F43E800200028F9D1BFF35B8F05
:10F8D000704700BF3C5B00201FB50D4B8DF800004A
:10F8E00018688DF801100223CDF804D002938DF82A
:10F8F0000C309DF80C30826843F002038DF80C3018
:10F9000094686B23012201A9A04704B010BD00BF79
:10F910004C5B0020B0B584B002AF0023FB71224BDA
:10F9200001221860F91D0F20FFF7A2FF044650B115
:10F930001E4A00906B231E48012112F0A2FD2046B2
:10F940000837BD46B0BDFB79A3F17002012A07D983
:10F95000184A1748012112F08AFD6FF01204EEE7F1
:10F96000154A16496D468AB0712B18BF114602AA76
:10F97000134BC2E905316B23D3614FF40073138439
:10F98000104B42F8103F4FF413510346084801F062
:10F990008FF94421AD461220FFF79EFF062110206B
:10F9A000FFF79AFF0446CAE74C5B0020968B0200E3
:10F9B000BC750200AF8B02008E8B0200828B0200AE
:10F9C000CA8B020004000001084BBFF35B8F0022CA
:10F9D00053E8001F012903D143E800200028F7D194
:10F9E000BFF35B8F0CBF0120104670473C5B0020CB
:10F9F0002DE9F04385B0064600AF01215620FFF700
:10FA00006BFF0446002840F0B380C6F3C7053F2DC6
:10FA100028BF3F25012D38BF012501465420FFF79F
:10FA20005BFF29465B20FFF757FF21465C20FFF76D
:10FA300053FF20215E20FFF74FFF80215020FFF76A
:10FA40004BFF0446002840F093800122FF23B8605A
:10FA5000B91DC7F80B001046BB71FB71FFF708FF1B
:10FA6000F91D01220320FFF703FF07F1080101221E
:10FA70001020FFF7FDFE07F1090101225620FFF7D4
:10FA8000F7FE07F10A0101225420FFF7F1FE07F10A
:10FA90000B0101225B20FFF7EBFE07F10C010122B5
:10FAA0005C20FFF7E5FE07F10D0101225E20FFF764
:10FAB000DFFE07F10E0101225020FFF7D9FEE846D4
:10FAC0008CB097F806E097F807C0387A797ABB7A55
:10FAD0006A46DFF85491CDE909130723CDE9059E65
:10FAE000CDE907C042F8103F504823464FF4635118
:10FAF00001F0DEF8C5468AB097F80BC0387B797BF9
:10FB0000BB7B6A46DFF828E109930623CDE905ECC3
:10FB1000CDE9070142F8103F444823464FF44351D2
:10FB200001F0C6F8BB79C54623B1424A3F480121DE
:10FB300012F09DFCFB79D90604D53F4A3B480121D0
:10FB400012F095FCFB799A0604D53C4A374801210E
:10FB500012F08DFC7B7B9B0603D597F90E30002BB2
:10FB60000BDB374A3148012112F078FC6FF00404B6
:10FB700020461437BD46BDE8F083DFF8C880404614
:10FB800015F0A6FE00284BD0D8F81020D8F8089021
:10FB9000136823F480331360D9F800304FF48032B7
:10FBA000102140469847284A284B53604FF4803331
:10FBB0009360D9F81C301BB1234901224046984775
:10FBC000D8F80830D3F81880B8F1000F06D01D48D7
:10FBD0004FF080634FF0A0721021C047BFF35B8FDE
:10FBE0001B4B002053E8002F43E800010029F9D106
:10FBF000BFF35B8F11F0A8FEE8468AB06A46154B4A
:10FC00000795CDE9053610230893052342F8103FE8
:10FC1000064800234FF4235101F04AF8C546A7E7F0
:10FC20006FF01204A4E700BFD78B0200BC7502007E
:10FC3000288C02006F8C0200D28C02002B8D0200F7
:10FC4000768D020094710200405B0020B9F800003C
:10FC50003C5B0020908D02001E4BF0B50FCB85B0B1
:10FC60008DE80F001C4D284615F032FE48B91B4A9E
:10FC70001B48012112F0F2FB6FF01204204605B080
:10FC8000F0BDAE686946B36828469847041E06DA98
:10FC9000144A23461248012112F0E9FBEEE7124F05
:10FCA0003C600221336828469847041E05DA4FF06D
:10FCB000FF333B600D4A2346ECE73968F36828467A
:10FCC00098470B4A064842F21073032112F0CFFB0B
:10FCD0000024D3E774760200CC710200CD8D0200BF
:10FCE0003C760200FE8D0200F8230020358E0200D3
:10FCF000628E0200044B1968002903DB0348836805
:10FD0000DB681847704700BFF8230020CC71020061
:10FD10002DE9F84F8A4600AF002974D004680E1F01
:10FD2000361BF50826F0070604EB0608B8F802B003
:10FD30001BF0010B16D1E94688B06A46334BCDE97A
:10FD40000531032342F8103F31485B464FF4C2515E
:10FD500000F0AEFFCD468BF31188BFF36F8F042305
:10FD6000184602DF2946204611F0FFFD284434F8EA
:10FD70003030C01A854217D0E94688B06A46254B14
:10FD8000CDE9053A032342F8103F214800234FF400
:10FD9000C25100F08DFF0023CD4683F31188BFF3DD
:10FDA0006F8F0423184602DFB8F8023023F00103F6
:10FDB000A8F802302946204611F0D7FD05EB0008CF
:10FDC00004EBC8035B88DA0708D44146204611F0EB
:10FDD00015FE42462946204611F055FEA65BAE1B95
:10FDE00004EBC6035B88DB0709D43146204611F0DB
:10FDF00005FE2A463146204611F045FE3546294685
:10FE0000204611F0B7FDBD46BDE8F88FF08E020028
:10FE100014760200C78E02002DE9F04F91B08407DE
:10FE2000009302F004030293C2F3C20303F101033F
:10FE3000DDF868A0039205460E46059340F09D81CB
:10FE4000041D00284AD101F00706341DC6F108063A
:10FE5000009B00275A1E4FF004084FF0FF33019318
:10FE60000497B946BB4643460DB1009921600598F9
:10FE7000002800F3D78090480099814203D38F482F
:10FE80008142C0F0CF80039911F0020CA4EB050071
:10FE900040F0D680B9F10F0F00F2CF80002D00F0B6
:10FEA000D68009F140010DEB010EC0F387000199E6
:10FEB0000EF8200C0EF8101CBCF1000F00F0C380EF
:10FEC00060F07F000EF8200C013709F10109C5F13F
:10FED0000801043406914FF6DA7E8CE00729B7D882
:10FEE0006FF01B0011B0BDE8F08F7A285BD84B286B
:10FEF0000FD8472857D829282ED8252850D052D88F
:10FF0000202818BF23280CBF4FF0010B4FF0000B27
:10FF100071E04C382E2846D8DFE800F06D454545A5
:10FF2000454545454545454548454545454545457E
:10FF300045564548485656566D486A456D451848D9
:10FF40001845457F7C48454548457C0000204FF0DA
:10FF5000000B4FF0040835E02A38C0B2012101FA45
:10FF600000F010EA0E0F46D110F0625C2CD110EABE
:10FF7000010B40D06046013C4444B4FBF8F408FB5C
:10FF800004F425B1A3EB050CA444B445A8D800287B
:10FF900070D00599013905915AF8041B009163E767
:10FFA0000199013901914FF0000B24E012F8010C86
:10FFB0006C2834D112F8023C00206C2B8346C8D147
:10FFC0004FF008084346D6E70AF1070A2AF0070A65
:10FFD0000734FAE802BC24F0070435B1069820443F
:10FFE000B0423FF67DAFC4E900BC08344FF0000BCF
:10FFF0004FF00808434612F8010F002853D0BBF118
:020000021000EC
:10000000000F7FF472AF2528F5D1019B01330193D6
:100010004FF0010B4FF00408ECE7584697E700203B
:100020008346A8E7039988077FF551AF601B4FF01F
:10003000010CB0F5007FFFF42DAF6FF0150051E714
:100040004FF0000CF5E70498013004903DE7BCF157
:10005000000F01D0013638E70298023600287FF4FD
:1000600034AF0098CDE90632FDF783FCDDE90632B6
:1000700006442AE7042B08D10AF1040015B1DAF886
:100080000010216004348246B5E70AF1070323F02B
:10009000070303F1080A1DB1D3E90001C4E9000117
:1000A00008340823A7E7631BB3F5806FC5D23DB9B9
:1000B000A6F10804E01815E77C700200B8B8020049
:1000C000029A28609B082B709DF81030AAB1EB7043
:1000D000AF702FB108A80022C5F1010C91450ED1D7
:1000E000C5F101030DF120084FF0000A01930DF155
:1000F000300BD14512D1601BF4E66B70E8E710F8C5
:10010000013B190608D50CEB040EB64503F07F033E
:100110003FF6E6AE04F8013B0132DFE71FB198F984
:100120000020002A17DB029BD3B11AF80B2004F839
:10013000012B0022019B18191044B0423FF6D0AEAB
:1001400098F8000004F8010B00990392204616F07D
:10015000E5FE039A14440AF1010A08F10108C8E710
:1001600098F8002055F822300093029B45F8223081
:100170000098FDF7FEFB421CDCE76FF00D00B1E6D6
:100180002DE9F04F97B000AFC7E90A3205468A461D
:1001900049B903784678807800EB830028445645B7
:1001A00024D8A0EB050AD7F8803095F80280D7F85C
:1001B000804003F00103FB61EB787B62B8F1000F34
:1001C0000CBF002404F001041BB1D7F880309A075B
:1001D00015D4A4B9FB6A1BB1BA6A514628469847A0
:1001E000564630465C37BD46BDE8F08F441C20467D
:1001F000FDF7BFFB013020440AF1010ACFE7D7F831
:100200008030C3F3C0033B622B78BB619B003B6132
:100210006B687B61BB6905EB830BFB6A002B77D1B5
:100220005646D844BCB11C461BF8013B55F8230088
:10023000FDF79FFBD7F88430013043B1D7F8883001
:10024000A34282BFD7F8843023F814000134C34599
:100250000644E9D1D846D7F8803013F0050F0CBF1B
:100260004FF0020B4FF0010B4FF000097B6A9945EC
:10027000B7D298F8013055F823A0AE4B9A4508F153
:100280000208C0F04B81AC4B3A6A9A452CBF002360
:1002900001230AB318F8021C7869FB6211F0C8FC4C
:1002A000FB6AC8B1EA468AB06A46A44B05937B69EB
:1002B000CDE906314FF40073ADF82030A04B42F881
:1002C000103FA04800234FF4125100F0F1FC023E11
:1002D000D54609F10109C9E723B1FB6933B9A6EB9A
:1002E0000B06F6E7D7F880309B07F2D55046FDF7AE
:1002F00040FBD7F884304BB1D7F888309C423FBFE1
:10030000D7F88420431C22F8143001340644E0E777
:10031000002C69D1B8F1000F6CD0D7F880305807A5
:100320006BD5C14607F148004246594616F0F6FD26
:100330000BEB0803FB6000220233796A8A425ED32A
:10034000D7F8802095F801B0F969920704EB0B0308
:10035000DBB254BF4FEA59020022002940F0A680C8
:10036000D7F8801011F0040F14BF494600216B70BC
:10037000A970EA703969BA6AFB6A28469847061E6E
:10038000FFF62FAFBB692B707B6AEB704946BA6AE8
:10039000FB6A85F801B085F8028007F148009847AC
:1003A000B0F10009C0F2B6803B697A6A786A03EB63
:1003B0004201FB68BA6A414403EB4000AAEB010129
:1003C000FB6A98470028C0F2A780B14409EB0006F9
:1003D0004FF0000B07F1380AA34569D30021BA6A30
:1003E000FB6A08469847FCE6444607F138004FF0A0
:1003F000000999E74446C1469AE7A14698E713F8F1
:10040000016CDFF830C155F8260013F8021C604576
:10041000C0F08A80DFF820C16045386A2CBF4FF0F9
:10042000000B4FF0010B38B17869C7E9013211F0C8
:10043000FFFBD7E90132F0B9BBF1000F1ED0F9691B
:1004400049B1611C04F1280007F13004041904F8D3
:10045000206CCCB20FE0D7F8801049070BD509F11A
:10046000280007F1300C09F1010100EB0C0909F833
:10047000106C5FFA81F9013202335EE7D7F8800031
:100480008007DED409F1280C07F1300EF44409F19D
:1004900001000CF8101C07F1580151FA80F009F125
:1004A00002095FFA89F900F8106CE4E700215EE7C1
:1004B0001BF80A3087F8373055F82390D7F8843086
:1004C0002BB3D7F888309B4521D2D7F8843033F846
:1004D0001B80BA6AFB6A012107F1370098470028A0
:1004E0001ADB0644B8F1000F06D14846FDF741FA81
:1004F00000F101081FFA88F8BA6AFB6A41464846CB
:100500009847002808DB06440BF1010B64E74FF025
:100510000008DEE74E4664E6064662E63B6A002BCC
:100520003FF4E0AE0023B5E6386A0028A6D04FF0CD
:10053000000B79E77C700200B8B802001D8F020042
:10054000040000018C750200014B1860704700BF69
:10055000FC23002080B505460E46174698460EF04F
:10056000BDF9034601F076FCDFF81890044649F81F
:100570000030424630463946A84754F8090001F099
:1005800005FC00BF080000002DE9F047058B04467C
:10059000280717460CD501290CBF45F0100545F07A
:1005A0002005258387F31188BFF36F8FBDE8F0879F
:1005B000022905F0070540F09480204611F0DEFD89
:1005C000052864D801A353F820F000BFA505010059
:1005D000E30601008F060100510601006B060100D1
:1005E0007D06010001F007035A1F012A1FD80022CF
:1005F00021F00701062BD4F8008089B2C4E900225B
:1006000009D1434603E0628B013262831B68002BF1
:10061000F9D141F002012183204611F0AFFD4FF0E6
:10062000000900286DD041F02001218369E0042BEE
:100630000AD121F0070189B22183204611F09EFDE5
:1006400010B141F0200121834FF00008C14658E06D
:100650002369D3F80090238B23F0070343F00603AC
:1006600023834FF0000846464BE02369D3F80490FB
:10067000238B23F0070343F00403F1E72369D3F846
:100680000890238B23F0070343F00503E8E74FF0BE
:100690000008C146E7E7012243F00803238387F3FC
:1006A0001188BFF36F8F002A3BD1B8F1000F4AD1F8
:1006B000B9F1000F02D02D492046C847EFF311874A
:1006C000402383F31288BFF36F8F238B23F008033B
:1006D0009BB22383D9063FD523F01002228303F077
:1006E00007056669218B002EBFF67CAF0023D4F886
:1006F000008021F00701C4E9003341F001012183AA
:100700009946238B03F0070AAA4502D0A268002A63
:10071000C1D1B8F1000F02D1B9F1000FDAD0002237
:10072000BAE7A1680029C0D00D680029BDD04F6884
:10073000334652462046B8471DB12B6829461D4610
:10074000F3E72B46FAE74146334652462046D8F8AF
:10075000008011F03FFDA8E79A067FF523AF23F054
:100760002002228303F0070527E700BF01220200D1
:100770002DE9F047DFF85480044607464FF00109A1
:1007800094FAA4F5B5FA85F509FA05F32E0108EBFC
:1007900005156FEA030A24EA03042B7B63B158F8BA
:1007A00006301B696BB946440422736828461968F1
:1007B00007EA0A0711F0E2FD002CE1D13846BDE856
:1007C000F087284698470028F6D1ECE74C760200DF
:1007D00010B50F490F4888B0002215F0A2FC002286
:1007E0000023CDE9062300240E23CDE90334CDE90F
:1007F0000144094B094900944FF4407208480DF038
:10080000F5FD0849064815F0D8FA204608B010BD95
:1008100029080100A0450020590B01008068002034
:1008200018350020DC8F020001480DF0E3BA00BF4C
:10083000C42700202DE9F047804621480F4611F0DB
:100840007DFD0646002833D000252846BDE8F08708
:10085000237B83B12368DB680BB12046984763682C
:1008600083F8069023681B69D3B96368042219686A
:10087000204611F083FD013610345445E8D3B8F119
:10088000000FE2D0002DDFD02846FFF771FF0546AC
:10089000002FF7D000214FF4A47015F04FFBF1E7C3
:1008A000204698470028E0D009FA06F31D43E2E706
:1008B000044CDFF814A005464FF00109DDE700BF46
:1008C000605B00204C7602005C760200014B53F81E
:1008D00020007047547A020008B5034608462BB141
:1008E000044A136000F044FC002008BD6FF01500BE
:1008F000FBE700BF0024002010B5044C237813B997
:1009000003480DF077FA0123237010BDBF63002068
:10091000C427002010B504460B4811F00FFD5CB150
:10092000BFF35B8F094B53E8001F013943E8001206
:10093000002AF8D1BFF35B8F05480EF0F3FA0548A3
:10094000BDE810400DF056BA585B00205C5B0020FB
:10095000A0450020C4270020064BBFF35B8F002278
:1009600053E8000F43E800210029F9D1BFF35B8F62
:10097000704700BF585B002070B5FFF7EDFF084CD3
:10098000084E0546B44200D370BD63685B792BB155
:1009900023685B6813B12946204698471034F1E775
:1009A0004C7602005C76020010B5044C04492046E7
:1009B00011F079FA034B1C6010BD00BF2027002006
:1009C000407A0200505B00200D4A0E48002310B50B
:1009D00013700D4A13600D4A4FF400411360FFF786
:1009E0007BFFFFF7E1FF0A4B0A4918468B4200D311
:1009F00010BD1A1A5C681211013222711033F5E72A
:100A0000C063002039230200585B00205C5B00209B
:100A10004C7602005C760200014600220148002369
:100A200011F062BA20270020014811F0F9BA00BF86
:100A300020270020024B0146186811F04CBB00BF74
:100A4000505B0020014811F081BB00BF202700202F
:100A500070B52A4B1B78002B4ED0FFF7E5FF0446FC
:100A6000002846D1264B274D1B68002B19DD15F0B9
:100A700010FB4FF47A76A0FB063206FB0121D5E984
:100A80000020DB0B43EA41439B1A4FEAD13140F28D
:100A9000E93261EB0001934271F1000101D3FFF7EC
:100AA0006BFFD5E9003213F57A7342F10002C5E914
:100AB00000320CB3BDE87040FFF7C4BF6B685B79D0
:100AC00023B12B6821461B68284698471035B5424C
:100AD000F4D32046FFF7AEFFBFF35B8F0A4B53E81A
:100AE000001F013943E80012002AF8D1BFF35B8FE1
:100AF000B8E7064D064EEAE7002070BDBF63002050
:100B0000585B0020984500205C5B00204C7602007A
:100B10005C76020070B50D4D297861B90120FFF7B0
:100B200089FE0B4C0B4EB44206D3FFF791FF002811
:100B3000FBD101232B7070BD63685B791BB1236807
:100B400020469B6898471034EDE700BFC063002043
:100B50004C7602005C76020000212DE9F84308463D
:100B6000FFF768FE044648B340F267684FF000099B
:100B700001F070F91A4B1B4A1B58136033B11A4B22
:100B80001B68092B02DD19480DF034F9184F0025B8
:100B900044B12046FFF7ECFD044618B94FF0FF388A
:100BA0004FF0FF39FFF754FF064628B9B5B90F4893
:100BB00042464B460DF052F93546E9E74FF0FF3813
:100BC0004FF0FF39D4E72B689B691BB10022114617
:100BD000284698471035BD42F5D3E8E7054DFAE7BA
:100BE00008000000545B00205C5B0020C42700204C
:100BF0005C7602004C76020013B5184811F09EFB9B
:100C0000174B1B7873B1EFF31184402383F31288E1
:100C1000BFF36F8FFFF71CFF84F31188BFF36F8F53
:100C200002B010BD0F4B1B68002BF9D050B9002249
:100C30000023CDE900230C484FF4004200230EF0BE
:100C400039F9EDE70928EBD107480EF06BF90748B1
:100C500002B0BDE810400DF0CDB800BF5C5B0020D5
:100C6000C0630020545B0020A0450020C427002062
:100C700010B5064B1B68044698472146A0600448FF
:100C800011F0AFF9BDE81040FFF7B6BF0024002017
:100C900020270020044A054B9B1AB1EBD30F34BF29
:100CA00052F8310000207047F47402004C760200C4
:100CB0002DE9F04F8FB004AFC1F34A26B8600D465E
:100CC00090467B600C0D002E61D04FF000090A2386
:100CD0004FF0040B07F1140AFE60C7E90799C7F843
:100CE00024900093CDF808B0CDF804A007F11C03C0
:100CF000F9684A464046FFF743FAB0F5006F0346ED
:100D00001CD36C468AB0D8F8041004AB2448C3E95D
:100D1000050140F2FF71D9611A464FF40071198440
:100D2000204B42F8103F20484B464FF41251FFF73A
:100D3000BFFFA5462C37BD46BDE8F08FC0F30A06BD
:100D400004F11700184420F0070080083B60FFF70B
:100D500063FE66F35325044680B13B68134A00F1F5
:100D60001001C7E90839F961CDE901AB0A23009305
:100D7000F96807F11C034046FFF702FA66F35325B2
:100D80007B68B9682A46204611F018FBD2E704F1C7
:100D9000170020F007008008FFF73EFE0446EDE74D
:100DA000F18F020004000001C47502008F230200CD
:100DB0002DE9F04F87B0DDE9127ADDE9106B0546C9
:100DC000884614469946BFB11021CDF800A03B4695
:100DD0005A460020CDF814A0FFF71EF8B0F5006FBA
:100DE00001460BD3194A1A4840F2FF73022107B09B
:100DF000BDE8F04F11F03BBB3946384604F007031D
:100E000005F00704E40044EA831444EA402444EA79
:100E1000065406F11700084420F0070080080391EB
:100E2000FFF7FAFD054640B13FB10399CDF800A0A8
:100E30003B465A461030FEF7EFFF4B4622464146EE
:100E4000284607B0BDE8F04F11F0B8BA3090020064
:100E5000C4750200406820B1034BC01A40F3CF00B4
:100E600070474FF0FF307047F47402000EB403B5C2
:100E700003AB014653F8042B0448019301F070F9C9
:100E800002B05DF804EB03B0704700BFD12402004C
:100E9000CA0605D48B064CBF02490349FFF7E6BFDB
:100EA000704700BF69900200689002002DE9F04F82
:100EB00089B09846159B0693DDE916A39DF85090DE
:100EC000189F059204460D460493B9F1000F00F0F7
:100ED000B08007F48073079311F04EFA07F0020B0D
:100EE0000246002874D078492046FFF7BFFF064627
:100EF000BBF1000F08D017F0440F6BD173492A469D
:100F00002046FFF7B3FF064407F0010353B1704BCF
:100F1000704953F82920704B2046002A08BF1A4612
:100F2000FFF7A4FF07F48073002B07F0080318BF36
:100F30004FF00008002B79D0684B694953F82920FD
:100F40002046FFF793FF0546059B2BB165491A46DE
:100F50002046FFF78BFF0544B8F1000F05D062492A
:100F600042462046FFF782FF054460483544069B11
:100F70001BB15F49224610F02AFE049B002B00F0B3
:100F80008E80DDF810803946B8F1100F204628BF5A
:100F90004FF01008FFF77CFF0026B54250DC00261A
:100FA00033461AF8032053492046FFF75FFF013606
:100FB000102E4BD0710703D14F492046FFF756FF43
:100FC00046453346EDD34D492046FFF74FFFEEE748
:100FD00006468DE74A4B1868002894D0494B4FF4D9
:100FE0007A7B1B68B5FBF3F54FF46163B5FBF0F159
:100FF00000FB11550BFB05F54FF03C0CB1FBF3F278
:1010000003FB1211B5FBF0FEB1FBFCF300FB1E5518
:101010000CFB13110BFB05F50091B5FBF0F53A49FC
:10102000CDE901E52046FFF721FF6CE707F0080551
:101030008AE7B8F1010F0CBF2C4834484D4696E7BB
:101040002D492046FFF712FF0136A6E7304920461A
:101050000026FFF70BFF33461AF803202D49A2F1B3
:1010600020035F2B28BF2E222046FFF7FFFE01360C
:10107000102E0DD0720703D11F492046FFF7F6FE50
:10108000B0453346E8D81C492046FFF7EFFEEEE7AF
:10109000049BB3EB0803C24404937FF472AFB9F12D
:1010A000000F0AD0FB0704D50B4A0A492046FFF778
:1010B000DDFE39462046FFF7EBFE204609B0BDE8CD
:1010C000F04F11F0F8B900BF709002007490020068
:1010D000647A0200D09A02006B900200787A0200D3
:1010E000999002009F900200A3900200D124020078
:1010F00061210100A8900200B0900200AE900200B1
:10110000685B0020645B00207D90020007250200E0
:10111000B2900200B490020073B542F20F738B429A
:1011200028BF0B4605680F4A0446052168460FF0A4
:1011300045FE63680C495B6806460B22284611F0A1
:10114000ACF963683246694628465B6811F0A5F938
:10115000636806495B681B22284611F09EF902B0BD
:1011600070BD00BF59B502000BB70200EFB6020018
:10117000074A00210123904206D8064A01B90123FB
:101180001360054B1860704740085B000121F2E7CF
:1011900040420F00645B0020685B0020014B01228D
:1011A0001A707047C1630020014B0020196070471E
:1011B000805B00200148FFF7AFBF00BFA87A0200A4
:1011C00010B5064B18680C46FFF780FB2146034616
:1011D000BDE8104002480F22184700BF805B002086
:1011E000A87A0200F8B5094D094B0A4ED5E9004727
:1011F00001221A700CB92C60F8BD214630463A46DF
:1012000000F01EF8241A0644F4E700BF745B0020C7
:10121000C2630020C363002010B9074B18707047E9
:10122000064B1B781BB141F2883014F035BBA4206B
:10123000002114F083BE00BFC1630020C263002000
:101240002DE9F047DFF88090204E80460F460425B8
:1012500099F80040ACB914F012FB3A468246414678
:1012600020460CF041FA0446504614F010FBECB155
:101270000123337099F800307BB93C462046BDE825
:10128000F0873A46414600200CF02EFA0446EEE77D
:101290002846FFF7C1FF6C1E254600200CF0B4FA6B
:1012A0000028EAD03378002BF2D1E6E7337833B167
:1012B000013D2846FFF7B0FF3378002BC8D13378C3
:1012C000002BDAD0DAE700BFC2630020C163002040
:1012D000014B036000207047B87A020010B5DFF8B8
:1012E00024C086B04FF42814CDE904C40824029425
:1012F00004AC0194BDF82040009412F0AEFD06B09D
:1013000010BD00BF18002800024B01221A700020F7
:10131000704700BFD56300201FB501240294044C20
:101320000194BDF81840009412F097FD04B010BD70
:10133000D5630020B0B5144A144B012900AF6C46A8
:1013400088B006BF1346012500256A461049CDE93D
:1013500005134FF40073ADF81C300E4B42F8103FEC
:1013600000230D484FF4E651FFF7A2FC0B4BA546B6
:101370001C683CB154F8083C083C0BB1284698471F
:10138000A468F6E7BD46B0BD8F890200E790020071
:10139000F090020003000001A4750200845B0020AD
:1013A00070B516461D46104A1048032111F05FF82B
:1013B0000F4B1C687CB1083C6FF0850063682BB153
:1013C0003078984710B110F1860F09D1A4680CB19C
:1013D000083CF3E710B16FF07F0070BD2846FCE7D2
:1013E0006FF00D00F9E700BF05910200A47502003F
:1013F000845B002010B50D4C86B006236070182267
:1014000000216846237015F097FD094B6946CDE928
:10141000013400200223ADF80C3006F065FF10F116
:10142000800F08BF002006B010BD00BFD3630020AE
:10143000587B020010B5084C86B024788DF8174010
:10144000012402940DF117040194BDF8204000948A
:1014500012F003FD06B010BD0727002080B50D4A2D
:101460000D4B00AF88B0012908BF13466A460B49EF
:10147000CDE905134FF40073ADF81C30084B42F86A
:10148000103F084800234FF4E651FFF711FCBD461A
:1014900080BD00BF8F890200E79002002391020007
:1014A00003000001FC74020000B589B064288DF8C7
:1014B0000700C2B219D80E4B00211A7002A81822D8
:1014C00015F03AFD0B4B03930DF10703049302A9AA
:1014D00001230020ADF8143006F006FF10F1800F54
:1014E00008BF002009B05DF804FB6FF01500F9E7B4
:1014F00007270020F87B020008B5044810F0B9FB6C
:10150000034810F0B6FB002008BD00BF3C9102006C
:101510007191020008B50348034A0021121A11F024
:101520006CF808BD182900205C6800200748084AAC
:10153000084908B5121A11F062F80748074A084925
:10154000BDE80840121A11F05AB800BFC0200020B0
:1015500014290020C0B80200B8200020C0200020BC
:10156000B8B802002DE9F047064600AF0C46002946
:1015700036D0E9468AB0D1E90012A3686D46214809
:10158000E8464FF0050ACDE90501CDE9072348F803
:1015900010AF1D48424600234FF42151FFF788FB4E
:1015A000CD46D4E903126369AD461848C5F810A0CA
:1015B000C5E90501C5E907231348002342464FF456
:1015C0002151FFF775FBCD46E369114A0E48012111
:1015D00010F04DFFA3690F4A0B48012110F047FF9F
:1015E000012E07D1EFF305830B4A0748103B314624
:1015F00010F03DFF214630460CF026F9BD46BDE80F
:10160000F08700BF9E9102000C760200CD9102008F
:10161000FC9102000B9202003992020030BFFFF7EA
:10162000FDBF00BF2DE9F0410B4EDFF8308006EB27
:101630000807CC1B054632460949204615F06EFCCA
:10164000A01942460021083C15F076FC2C6707F1F2
:101650000800BDE8F08100BF0000000004000000A9
:101660005C76020010B5204C2049214810F0D4FFD0
:10167000A36A990136D51E481E4910F0CDFF1E20E1
:10168000A36ADA0104D51A481B4910F0C5FF1F20D0
:10169000154CA36A1B0304D51548184910F0BCFF6C
:1016A0002120A36A590304D51148154910F0B4FF4D
:1016B00022200D4CA36A9A0304D50D48114910F05D
:1016C000ABFF2320A36ADB0304D509480E4910F0C1
:1016D000A3FF2420044A936A6FEA03436FEA13438B
:1016E000936210BD1D20CBE700ED00E04C9202009C
:1016F0000C7602006492020077920200919202003E
:10170000AF920200D4920200EE92020070B506463B
:101710000D46284C2849294810F07EFFA36AD904B9
:101720003CD52648264910F077FF1720A36A1A05F2
:1017300004D52248234910F06FFF18201D4CA36ADE
:101740009B0512D51D48204910F066FFA36BA26AC5
:10175000100409D51D4A1948012110F088FE1EB158
:10176000A36A23F40043A3621920124CA36A59050B
:1017700004D51248164910F04FFF1A20A36ADA0563
:101780000ED50E48134910F047FF1B20094A936AF3
:1017900043F47F43936200232B7070BD1620C5E78E
:1017A000A36A9B04F2D505480B4910F035FF1C20B5
:1017B000ECE700BF00ED00E0199302000C76020098
:1017C0002F93020040930200539302006C93020097
:1017D000819302009C930200B49302002DE9F84328
:1017E000804689461746354D3549364810F014FF76
:1017F000AB6ADE0627D53449324810F00DFF1124BC
:10180000AB6A1D0704D531492E4810F005FF12249C
:101810002A4DAB6A980718D52D492A4810F0FCFECE
:101820006E6BAB6A190646D52A4A26483346012113
:1018300010F01DFEB9F1000F03D0AB6A23F0800356
:10184000AB62132403E01024DAE76FF015061B4D9A
:10185000AB6ADA0704D520491A4810F0DDFE1424DB
:10186000AB6A9B0604D51D49164810F0D5FE152419
:10187000124B9A6AD50602D49A6A90070AD55B6819
:10188000190507D54146304600F036FA10B180F30D
:1018900009880224094B9A6A920642BF5A6A22F4C6
:1018A00000525A629A6A42F0FF029A6200233B7029
:1018B0002046BDE8F8836FF01506C2E700ED00E0B2
:1018C000E39302000C760200F993020040930200B9
:1018D0002C940200449402005A940200B493020033
:1018E0002DE9F041684B8AB0D3F8048000AF04467C
:1018F000C8F30806002585F31188BFF36F8F02F047
:101900007F43B3F17F4F07D102F00C03082B12D1B4
:101910005E495F4810F080FE00252C460023FB71D5
:10192000F31E092B00F28F80DFE803F00A8588811F
:101930008D8D8D8D8D8B10074CBF0C460125EDE7ED
:1019400054495348504E10F067FE0023FB71F36A70
:101950009A0705D550494E4810F05EFE00232DE051
:10196000F36A002B01DA4D49F5E7F36A5B00F5D520
:101970004B49474810F050FE7369A26943F48073E5
:101980007361BFF34F8FBFF36F8F32F8023C726900
:1019900022F480727261BFF34F8FBFF36F8F03F435
:1019A0007F42B2F55F4F2BD1DBB2022B28D12368E7
:1019B0003C4A3748012110F05AFD2368FA79DAB918
:1019C00007F1080604F1200C20686168324603C262
:1019D000083464451646F7D17A6A002D50D0C2F318
:1019E000080121B96FEA52226FEA42227A6207F1B6
:1019F00008011846FFF7B6FD2837BD46BDE8F0815F
:101A0000214B9A6AD2B22AB1FA1D01212046FFF772
:101A1000E5FE0EE09A6A12F47F4F04D0F91D012012
:101A2000FFF774FE05E09B6AB3F5803F96D3FFF79E
:101A300019FE0346C2E7FA1D0021E7E7F91D002061
:101A4000EEE7194987E7194A194B18F4F87FE84679
:101A50008AB008BF13466A461649CDE905134FF40C
:101A60000073ADF82030103E134B079642F8103F3C
:101A7000074800234FF41151FFF71AF9C5466DE7E7
:101A80006FF30802B2E700BF00ED00E0A794020088
:101A90000C760200D2940200E99402000A9502003A
:101AA00018950200379502005395020079940200C0
:101AB0008E9402007795020004000001044B5A69DD
:101AC00042F010025A615A6922F008025A617047C6
:101AD00000ED00E0EFF30880EFF3098101B57246F5
:101AE000FFF7FEFE01BD00BF002080F31488BFF3A6
:101AF0006F8F0F4880F308880AF03EFC00200D49E4
:101B00000860BFF34F8F00F02BF8402080F311885E
:101B100009484FF40461401880F30988EFF31480FA
:101B20000221084380F31488BFF36F8F00F0B4F8EC
:101B3000C093002094ED00E0008200200749D1F816
:101B400090200023C2F307221846934200DB70471F
:101B5000C1F89830C1F8A0000133F6E700ED00E0CD
:101B600008B572B6002383F31388FFF7E7FF144B21
:101B70004FF0FF32C3F88020C3F88420C3F88820D8
:101B8000C3F88C20C3F89020C3F89420C3F89820A1
:101B9000C3F89C20C3F88021C3F88421C3F88821AE
:101BA000C3F88C21C3F89021C3F89421C3F898217D
:101BB000C3F89C2162B6BFF34F8FBFF36F8F08BD90
:101BC00000E100E01EF0040F0CBFEFF30880EFF31C
:101BD0000980816911F8021C0229FFD001B5724603
:101BE00010F00FFD01BD00BF40B2002807DB044A22
:101BF0004109012300F01F00834042F82130704763
:101C000000E100E040B200280CDB4309064900F087
:101C10001F0020330122824041F82320BFF34F8F61
:101C2000BFF36F8F704700BF00E100E0054B420932
:101C300000F01F0053F82220012303FA00F01040A7
:101C4000704700BF00E100E040B2D30754BF02314B
:101C500000210028ACBF00F16040074A4FEA411361
:101C6000ACBF00F5614000F00F00DBB2B4BF13540D
:101C700080F80033704700BF14ED00E0044B054AC4
:101C800023F07F039360BFF34F8FBFF36F8F7047D5
:101C90000000000000ED00E008B5FFF7EFFF074A85
:101CA000D2F8883023F47003C2F88830FFF732FC92
:101CB000FFF73CFC00F0B0F80BF0ECFE00ED00E0AC
:101CC00042F8203C009B42F81C3C0A49019B42F828
:101CD000183C029B42F8143C21F001014FF0807344
:101CE00042F8043C42F8081C0023203A026543678E
:101CF000704700BF55050100094A0346906870B15E
:101D000013F1160F006E05D0A0F14002934205D3E7
:101D1000834203D2814228BF0020704700207047D1
:101D2000185F002008B515460B4A0C4B9060026FF7
:101D30001A600E4600F0A0F82C4686F309880020B1
:101D4000034B98472046002100220023014C2047E6
:101D50002F26020055050100185F00208C5B002033
:101D6000014B10221A61704700ED00E0054B5A69E3
:101D70009B689A421FBF044A536843F080535360E4
:101D8000704700BF185F002000ED00E0084B9B6823
:101D900083420BD1EFF3058343B1064B5A6842F0FF
:101DA00080525A605A6A22F400425A620CF09CBD7A
:101DB000185F002000ED00E014498A684FF0300001
:101DC0001044EFF3098C80E8F01F402080F3128864
:101DD000BFF36F8F0E4F4FF000664A698A603E6016
:101DE000106F0C4C2060506F0023536780F31188F4
:101DF00004B5104600F040F8BDE8044002F13000A0
:101E000090E8F01F8CF3098870470000185F0020ED
:101E100004ED00E08C5B0020044800234021C21840
:101E20000133302B82F80013F9D1704700E100E054
:101E300008B5EFF30583064A103B02EBC30152F8E5
:101E4000330049688847BDE80840FFF78FBF00BFEF
:101E50005872020001480068704700008C5B002047
:101E6000024B034A0348012100F08AB80000022017
:101E700000000020487C0200036E054A403B1360CE
:101E8000044B4021C2E901131046012100F082B841
:101E9000905B002000000B1508B503461048D0F8F1
:101EA0009020C2F30722013A934207D90D480E4A07
:101EB000012110F0DCFA6FF0150008BDC0F8983071
:101EC0000A6822F01F021A4342F01002C0F89C2058
:101ED0008A6842F00102C0F8A0201846EDE700BF72
:101EE00000ED00E0EC7502008E950200F0B50E46A4
:101EF00085B01F4604460025B5420DDA606810B370
:101F000097B1431E18420AD0104A11482B460121AE
:101F100010F0ADFA6FF01502104605B0F0BD1F28A5
:101F2000F2D921680B42EFD12368019310F0A2FB94
:101F3000A36801A90343D0B20393FFF7ADFF10F1EB
:101F4000160FE7D0421C01350C34D5E7B4950200DA
:101F5000EC750200044B0522C3F89420BFF34F8FA9
:101F6000BFF36F8F704700BF00ED00E0BFF35F8FDE
:101F7000024B0022C3F89420704700BF00ED00E040
:101F800010B5034C01232278FFF7B0FF207010BD7D
:101F9000D663002008B50B4A00231278FFF7A6FF8E
:101FA00010F1160F07D0084A0021D2F89030C3F381
:101FB0000723984200DB08BDC2F89800C2F8A010C1
:101FC0000130F2E7D663002000ED00E02DE9F04398
:101FD0005D485E49D0F890300C68C3F307239C42FB
:101FE00085B000F2AE80FFF7C1FF4968002294423D
:101FF00001F10C011AD1564F564D3C706846FFF75F
:1020000067F9554C554E81464FF00008C14520D127
:102010003B784D490020D1F89020C2F3072293422B
:10202000C0F28980FFF796FF002050E0C0F89820AA
:1020300051F80C3C23F01F03134343F01003C0F886
:102040009C3051F8043C43F00103C0F8A030013249
:10205000CDE7009800EB08114FEA081CCB6823403D
:10206000B3F5000F49D00BD8B3F5001F32D0B3F54C
:10207000800F37D0B3F5801F14D008F10108C5E7F1
:10208000B3F1007F42D0B3F1805F48D0B3F1807FDD
:10209000F3D150F80C3088684A6810F0EBFA40F041
:1020A000887009E050F80C3088684A6810F0E2FA4D
:1020B00040F0885040F43020039001A93878CDE9F1
:1020C0000123FFF7E9FE002831DA6FF0150005B0B3
:1020D000BDE8F08350F80C3088684A6810F0CAFAFE
:1020E0003043E9E750F80C3088684A6810F0C2FACB
:1020F00040F0C06040F40030DEE750F80C308868F3
:102100004A6810F0B7FA40F08270D5E750F80C300A
:1021100088684A6810F0AEFA40F48020CCE750F8A6
:102120000C3088684A6810F0A5FA2843C4E73B7869
:1021300001333B70A1E7C1F89830C1F8A00001332A
:1021400069E74FF0FF30C2E700ED00E0547C020089
:10215000D6630020000002110000F0FF000008110B
:10216000F0B587B007460E46144600211022684697
:102170001D4614F0E1FE02238DF802302A46054B7D
:10218000019321466846CDE904760EF041FE07B082
:10219000F0BD00BF9526020008B502480EF0EEFD26
:1021A000FEE700BFE995020008B5024B1B6898479F
:1021B000002008BD9C5B0020034B044A1860937804
:1021C00043F00203937070479C5B0020842400203E
:1021D00008B50649064821F00701C1F1005202F591
:1021E00000320FF0B3FC002008BD00BFFDB8002096
:1021F000A05B002070B54169867A0B4D044659B149
:10220000437ADB0706D4242303FB0653DB691B68F0
:102210009B689847002363612420214600FB0650F9
:10222000BDE8704013F089BCF4270020024B242243
:1022300002FB0030704700BFF4270020827A064B73
:10224000242101FB02331A6A1B7D1B33801A23F001
:102250000303B0FBF3F07047F427002038B5074BB9
:10226000827A242404FB0233DB69D3E901240C6065
:102270001568FFF7E3FF04FB005038BDF42700208A
:102280002DE9F04385B005466846039190461C460B
:1022900013F001FFDDE90067EFF31189402383F3B9
:1022A0001288BFF36F8F6B8A002B41D02A8A9A4223
:1022B00025D90022002328460BF06AFD0446F0B120
:1022C00089F31188BFF36F8F039B002B41D03246F7
:1022D0003B46684613F004FFA27A264B242101FBFB
:1022E00002332046DB691B6803A91D68DDE9002372
:1022F000A847606170BB2046FFF77CFF24E0698A35
:102300004B1E6B8289F31188BFF36F8F2B7D2A8A56
:102310002C6A1B3323F00303521A02FB0344154BB0
:10232000154AEB1A9B105343A3722B7DE372CBE744
:1023300089F31188BFF36F8F2346424628460BF07E
:1023400027FD04460028BFD10024204605B0BDE883
:10235000F0836361012300252381039B6382E27A7A
:102360006560294604F1180014F0E6FD63692582D2
:10237000E360EAE7F4270020398EE33870B50D4CAE
:10238000242500B970BD037A4668002BFAD0013BC2
:10239000DBB20372002BF5D1C3604360837A05FB87
:1023A00003439B6913B198473046EAE7FFF722FFE2
:1023B000FAE700BFF4270020044A0123C2F84035A1
:1023C0004FF080420020C2F87835704700E00140AD
:1023D00048B1054B054A1B68B3FBF2F35843044B65
:1023E00043F00103184770478426002040420F0045
:1023F000F0780200BFF34F8F0549064BCA6802F41C
:10240000E0621343CB60BFF34F8F00BFFDE700BF17
:1024100000ED00E00400FA0570B50B7892B00646B6
:102420000C4607AD032B31D8DFE803F0022A2C2E2F
:1024300019492846FBF795FA059563780493A37824
:102440000393E37802932379019363790093A3794B
:10245000124A1E210AA80EF0B1FC10AD0AAB32469A
:102460001C4603CCAC4210605160234602F10802C6
:10247000F6D120681060A3889380304612B070BDFA
:102480000749D6E70749D4E70749D2E7074A0A21AF
:1024900028460EF093FCCFE7EC8902000E8A02007A
:1024A000F3890200FA890200048A0200C38B020049
:1024B0000E4B402970B528BF40210D4C46181D46D3
:1024C000B04203F1020304D1002305F8113007489C
:1024D00070BD02781209A25C03F8022C10F8012BDF
:1024E00002F00F02A25C03F8012CE9E7D763002099
:1024F00031B7020010B586B0094B0A480393002497
:10250000CDE9044413F0F6FB03AB009306490548FC
:102510000A234FF4E8620BF03FFE204606B010BDE0
:1025200010960200D8450020C06B002001460148EB
:102530000BF072BED84500200146014813F0AFBB36
:10254000D845002030B50378012B11D0022B21D0C3
:102550006BB9154B0A4603F1100453F8045B42F8BB
:10256000045BA342F9D143881A0A8A70CB7030BD4C
:102570000D4B0A4603F1100453F8045B42F8045B68
:10258000A342F9D143681A0C180E4A700870C3F3BD
:102590000722EAE700F11003013913F8012901F8D5
:1025A000012F9842F9D1E2E742B7020010B510F0CE
:1025B000C4F913F0FCFB044608B90CF0CBF8BFF3E8
:1025C0005B8F064B1B68BFF35B8F0BB10A209847EC
:1025D0001CB9BDE810400CF0D1B810BDAC5B0020B8
:1025E00038B50446084810F066F8054648B1631E41
:1025F000DBB21F2B96BF054A0021D15C0C3010F0D6
:10260000C9F8284638BD00BFA828002052B70200EC
:10261000054BBFF35B8F53E8002F43E8000100290F
:10262000F9D1BFF35B8F7047AC5B00200F2810B56A
:102630000CD80D280CD90A4810F03DF8044618B102
:1026400004210C3010F0A6F8204610BD1328F2D05B
:1026500009B10448F0E7BDE810400220FFF7C0BF11
:10266000F02800203C280020C3681B78024A034859
:10267000022110F0EAB900BF289602004C75020052
:1026800038B5C5682B7893B9B5F801400F212046BD
:1026900002F088FEEB78054650B90A4A118831B934
:1026A0006FEA04506FEA10501080074A137038BD6B
:1026B0000373012102F094FD2846BDE8384002F082
:1026C0003FBD00BF886300205864002070B5C36818
:1026D0001D78BDB9B3F801600F21304602F062FEEB
:1026E000044638B9084A094833460121BDE870401C
:1026F00010F0ABB9294602F073FD2046BDE87040EA
:1027000002F01EBD70BD00BF509602004C75020065
:1027100010B5C368B3F801400121204602F042FE23
:1027200038B9064A064823460121BDE8104010F09A
:102730008CB9BDE8104002F003BD00BF76960200E0
:102740004C75020010B5C3681C880121204602F0B8
:1027500029FE38B9054A064823460121BDE8104044
:1027600010F073B9BDE8104002F0EABC76960200A2
:102770004C75020010B501210C3010F02CF80378D4
:10278000034A0448BDE81040012110F05EB900BFC3
:102790009A9602004C750200014610B508480FF0E9
:1027A0008EFF0849084813F07AFA031E06DA074A32
:1027B0000748BDE81040012110F047B910BD00BF27
:1027C000742200202825002018470020BC96020013
:1027D0004C75020010B586B003AB00240093074986
:1027E000074805944FF0FF334FF48062CDE903446E
:1027F0000BF0D2FC204606B010BD00BF4073002095
:102800007846002010B5084C0146062294F86F0067
:1028100003F036F938B994F86F000449BDE8104068
:10282000052203F02DB910BD4021002017B702008A
:10283000024A0348012110F006B900BFD9960200F0
:102840004C750200B0B50B460D8A00AF0446294610
:10285000D868FFF72DFE8AB06A46094BCDE90534EA
:1028600040F20243ADF82430064BCDE907504FF457
:10287000325142F8103F044810F0F8F8BD46B0BDA0
:10288000F3960200050000014C75020070B5C568A2
:10289000B5F801600121304602F084FD044638B9E4
:1028A0000D4A0E4833460121BDE8704010F0CDB806
:1028B0002B783BB9D5F80330C0F89930D5F80730FC
:1028C000C0F89D30201D4FF4803110F0C0F8204634
:1028D000BDE8704002F034BC769602004C750200F0
:1028E0002DE9F84FD0F80C90018A99F80040A30028
:1028F00001338B4200AF63D96D468AB06A463248D5
:10290000CDE907310523CDE905044FF4215142F803
:10291000103F2E4810F0AAF8AD46BD46BDE8F88F2E
:102920002B4A2A482B46012110F08FF8013699F8DE
:1029300000309E42F1DA09EB86030F21B3F8015013
:10294000B3F80380284602F02DFD04460028E7D0A6
:1029500000F1C00AB8F1000F06D0656945B91D4AFB
:102960001A48012110F06FF8204602F0E9FBDDE77C
:10297000A2692B686361954208BFA361204602F0FB
:1029800001FB0BF037FAC5F800B0236AABB9C4E914
:102990000755BFF35B8F5AE8003F013B4AE800321E
:1029A000002AF8D1BFF35B8F0021204608F1FF38E1
:1029B00002F0F4FA1FFA88F8CCE71D602562E8E718
:1029C0000026B346B3E700BF159702004C7502001E
:1029D000409702005C97020037B502EBC303044640
:1029E00008469A4202D16FF05E0010E0114611F8DD
:1029F000085BA54211D1038A5178994209D9084848
:102A0000084A009401210FF03CFD6FF0150003B05F
:102A100030BD536898470020F9E70A46E1E700BF58
:102A20004C750200739702002DE9F0470C460BF03D
:102A300091FEE5682B78022B75D0042B0AD03E4A14
:102A40003E48012110F001F82046FFF797FC6FF097
:102A500015040EE0B4F81080B8F1020F0ED8384A11
:102A60004346364801210FF0F0FF2046FFF786FC71
:102A700000240BF083FE2046BDE8F08768783E28EE
:102A80000CD1B8F1030F02D12E4A4346E9E7EB78A7
:102A9000012B01D00A2B46D1032704E00FF0C1FF20
:102AA0000746F8073FD504F10C0601213046D4F85B
:102AB00014A00FF088FE022130460FF08CFE8146F4
:102AC00000783E2807D1E3681B78012B01D00A2B40
:102AD00006D1032614E00FF0A4FFC10706460FD469
:102AE000194A1A491A4841F268130FF0CFF8002327
:102AF00083F31188BFF36F8F0323184602DF02268A
:102B0000144A99F80000062321460FF0EAFFB207A5
:102B10000DD56369A4F81080A5EB0A0513FA85F5B5
:102B2000E560BB07A4D52046FFF736FEA0E72046A8
:102B3000FFF724FCF5E700BF3B9802004C7502004C
:102B400095970200B1970200D19702000598020004
:102B50001E980200FC7C020010B5012104460C30D6
:102B60000FF039FE2146034A0078BDE810400223E9
:102B70000FF0B7BF2C7D020073B53E480FF0B4FDD7
:102B80000446002873D000F10C0528460FF02BFEF8
:102B90000228034603D0042847D0374A03E0238A9B
:102BA000032B05D8354A364801210FF04EFF13E0BC
:102BB000042128460FF00FFEFF2342880688237663
:102BC000238AC6F30B009A42608309D02C480092F6
:102BD00001212C4A0FF055FC2046FFF7CFFB12E0F5
:102BE0000F2102F0DFFB054610B9638B264ADAE7B6
:102BF00002F0FEFB320B20762146284602F024FA32
:102C0000284602F09DFA214BD3F834317BB320499A
:102C1000204813F044F8031E29DA1F4A18480121FE
:102C200002B0BDE870400FF010BF284602210FF03F
:102C3000D2FD054600783E2812D00FF0F2FE10F0CB
:102C400002060DD1154A1649164840F69A430FF070
:102C50001DF886F31188BFF36F8F0323184602DF38
:102C6000114A2878062321460FF03BFFB4E702B053
:102C700070BD00BF74220020E49802004F9802004B
:102C80004C750200709802009498020040210020C8
:102C90002825002018470020BC960200D19702008A
:102CA000B69802001E9802003C7D020010B501217A
:102CB00004460C300FF08FFD2146034A0078BDE832
:102CC000104008230FF00DBF6C7D0200F8B5012104
:102CD00000AF04460C300FF07EFD0678114A002349
:102CE00021463046FFF778FE5F3019D1258AE0682B
:102CF0002946FFF7DDFB6C468AB06A460A4BCDE9F0
:102D0000053640F20243ADF82430084BCDE90750B8
:102D10004FF4325142F8103F05480FF0A7FEA54688
:102D2000BD46F8BDAC7D0200F89802000500000128
:102D30004C7502002DE9F74FDFF818A1BFF35B8F48
:102D400080468946174600235AE8004F4AE8003279
:102D5000002AF9D1BFF35B8F264644B93E4A3F486B
:102D60004346012103B0BDE8F04F0FF06EBE204690
:102D7000FFF764FA3A4D4FF00C0B0BFB0050438801
:102D800043451FD02046FFF759FA0BFB00504388FC
:102D9000344A00933148434601210FF072FBBFF3E0
:102DA0005B8F5AE8003F4AE80062002AF9D1BFF37E
:102DB0005B8F002B4BD01E46304603B0BDE8F04F72
:102DC000FFF7DCBAA74208D020460FF06FFC3A8A22
:102DD000F96804F10C000FF0D4FC2046FFF72EFA3E
:102DE0000C2707FB00504368ABB1B9F1000F12D1BB
:102DF0002046FFF723FA07FB005001214268536881
:102E000003F01F00814010685B0900EB8300137A18
:102E1000CBB10FF01CFE2046FFF710FA0C2707FB82
:102E200000508368002BC7D02046FFF707FA78438D
:102E300005F800902046FFF701FA07FB0055A86847
:102E40000AF0D8FFB8E7C9430FF013FEE3E703B079
:102E5000BDE8F08F702200202A9902004C75020014
:102E6000B05B00205299020073B5C568B5F80160E7
:102E70000121304602F096FA044640B93E4A3F48E6
:102E80003346012102B0BDE870400FF0DEBD2B7863
:102E90001A2B00F1040619D1C378012B50D14FF43D
:102EA000804130460FF0D3FD42040FD4D4F88C306B
:102EB00000936946D4F894300193204603F020F93A
:102EC000204602B0BDE8704002F03AB92B78BBBB97
:102ED000B5F803302A4940F2E2425343C4F888303F
:102EE000B5F80520A4F89020B5F80720A4F89220A2
:102EF000A3F5EA520C3A8A4204D9224A1F48022119
:102F00000FF0A3FDB4F89030B3F5FA7F04D31E4A56
:102F10001A4802210FF099FDB4F89230A3F10A0289
:102F200092B240F676418A4204D9184A13480221E7
:102F30000FF08BFD6FF4805130460FF09AFD17E0D3
:102F4000BFF35B8F6368BFF35B8FDB04F2D52B7835
:102F5000202BEFD194F89830002BEBD0013B84F874
:102F600098304FF42032002304F140000BF07EF93A
:102F7000204602F01FFCA3E7769602004C75020083
:102F800095F03C0085990200AC990200D3990200AB
:102F9000B0B53C2800AF04461AD101F0BDFA6FF479
:102FA000807110300FF065FD0020FFF72BFC054607
:102FB00030B9124A124801210FF045FDBD46B0BD9F
:102FC0000473002102F00CF9284602F0B9F8F5E785
:102FD0006D468AB06A460B4BCDE905300A4B079324
:102FE00040F20133ADF82030084B42F8103F04485E
:102FF0004FF412510FF03AFDAD46DFE7FF990200A2
:103000004C750200209A02006A9002000400000140
:10301000094BBFF35B8F1A68BFF35B8F02F00B02A3
:10302000BFF35B8F53E8001F43E800200028F9D16D
:10303000BFF35B8F704700BF1422002010B5C1E9B9
:1030400000239DF808300B720C46FFF7F7F8034B8E
:103050000C2202FB00335C6010BD00BFB05B00209F
:10306000F8B502460B4610480FF025FB0446C0B1E8
:1030700004210C300FF074FB2046FFF7DFF80B4DF6
:103080000C2707FB0050002646802046FFF7D6F8A5
:1030900007FB005086602046FFF7D0F807FB00557D
:1030A0006E602046F8BD00BF84280020B05B002081
:1030B00029289ABF014B185C0920704772B702009B
:1030C00070B5C368B3F801601D780F21304602F077
:1030D00069F9044638B91A4A1A4833460121BDE84D
:1030E00070400FF0B2BC65B12846FFF7E1FF2946FA
:1030F0000246204602F01CFC2046BDE8704002F06B
:103100001FB88378012B07D106F04AFC20460FF048
:1031100070FC002808BF05252846FFF7C9FF29468F
:103120000246204602F004FC002DE5D0064A054880
:1031300001210FF088FC052120460FF04EFFDBE750
:10314000509602004C7502003C9A02002DE9F041B5
:10315000C668B6F8017035780F21384602F022F9BA
:10316000044638B9204A21483B460121BDE8F041D8
:103170000FF06BBC65B12846FFF79AFF294602465F
:10318000204602F0D5FB2046BDE8F04101F0D8BF53
:10319000F278C37A934205D1154A144802210FF000
:1031A00054FCF0E78378C272012B08D10AB106F013
:1031B000F7FB20460FF01DFC002808BF0525284618
:1031C000FFF776FF29460246204602F0B1FB002DAC
:1031D000D9D0084A054801210FF035FC05212046C9
:1031E0000FF0FBFECFE700BF509602004C750200C7
:1031F000629A02003C9A020010B592B00446074958
:103200004822684613F08AFE112C9BBF12AB03EBD9
:103210008404034854F8480C12B010BD84760200B0
:10322000919A0200034B0146D3F84C0182689268E0
:10323000104700BF402100202DE9F04F91B004213C
:1032400000AF4A480FF003FC6D4688B06A46484B11
:103250000593484B06934FF40073ADF81C30464C71
:10326000464B42F8103F4648464E4FF4E6510FF0A9
:10327000FDFB454BE17907F12008AD46012998BFD8
:103280001E4640462146FFF7C7F88AB06A463F4BC4
:10329000CDF81C80CDE905363D4B08933D4B42F8F7
:1032A000103F37483C4EDFF8F4804FF423510FF0C5
:1032B000DDFBA246AD460125E3799D420AF1070AEE
:1032C0003BDB94F870502846FFF796FF6E468CB0B3
:1032D000B4F87210B4F876306A46DFF8C4C00993C7
:1032E000CDE907512F4B4FF40075CDE905C0ADF87E
:1032F00028504FF4535142F8103F21480FF0B6FBCD
:10330000B54694F871603046FFF776FF8AB0B4F89E
:1033100074306A462449ADF82450CDE90763234B45
:10332000CDE9051042F8103F15484FF433510FF026
:103330009DFB4437BD46BDE8F08F51463846FFF748
:103340006BF8E9468AB06A4640F20133CDE905657B
:103350000797ADF820300A4842F8108F4FF4135108
:103360000FF084FB0135CD46A6E700BF14220020F4
:103370009D9A0200AF9A0200402100200300000144
:103380004C750200999A02006A900200B39A0200FA
:103390000002010304000002C29A020004000001BE
:1033A000D39A020006000001119B020005000001F3
:1033B00000487047558B02000149024812F06FBC6B
:1033C000182500207846002070B505460C4639B116
:1033D000CB684A699B1A032B0ED86FF0150509E0DC
:1033E0004FF0FF304FF0FF31FFF73AFE044618B9B7
:1033F0006FF06805284670BD2046FEF71FFF174B8B
:103400000C2202FB0033A618032130465D800FF02A
:10341000C9F90580238A033B8370012130460FF0F0
:10342000C9F940F635439D420FD12046FFF7FAFE19
:1034300005460028DED00A4A0346012109480FF05C
:1034400004FB2046FEF79AFFD4E70748214612F016
:1034500069FB0025FFF7B0FFCCE700BFB05B0020A1
:10346000389B02004C7502007C2200202DE9F047B9
:1034700084B0804600AF91460C4671B94FF0FF30E2
:103480004FF0FF31FFF7ECFD044660B96FF06805BF
:1034900028461037BD46BDE8F087887AFEF7C6FE9D
:1034A0003C4B83426FD101220021384612F053FB7E
:1034B0002046FEF7C3FEDFF8E0A00C2303FB00A0CC
:1034C000876020460FF026F901464046FFF77CFF53
:1034D000054618B12046FEF751FFD9E74FF4A02268
:1034E000002338460AF0BAFC064690B14FF4F17357
:1034F0002A4A2B492B480EF0C9FB2B48324641463D
:103500000EF0C4FB85F31188BFF36F8F03231846B9
:1035100002DF2046FEF792FE0C2358431AF80060A3
:103520005EB36D468AB06A46204B0796CDE90538F2
:103530001F4B089340F20243ADF824301D4B42F874
:10354000103F1D484FF432510FF090FA2046AD461F
:10355000093EFEF713FF092E0CD8DFE806F0050B35
:103560000B08170B0B0B0B146FF06E0590E76FF049
:103570000C058DE76FF004058AE7B9F1000FA9D0BB
:10358000C9F8004084E76FF0150581E76FF00B057F
:103590007EE700BF84280020B05B0020D1970200A6
:1035A0005A9B02001E980200639B0200A89B020027
:1035B0006A900200050000014C75020073B50646D2
:1035C0000D4601AA002142F22F00FFF74FFF0446EB
:1035D00038B1154A154801210FF035FA204602B0DE
:1035E00070BD0198C368B3F801203280B3F803308E
:1035F0002B80FEF7C3FE3388A3F11B02E02A04D917
:103600000B4A0A4802210FF020FA2B88A3F5A47276
:1036100092B244F248118A42E0D9064A0348022194
:103620000FF013FADAE700BFC79B02004C750200E7
:10363000E79B02000C9C02002DE9F04F8DB0604B1F
:10364000B0F80190198849F4704291424FF0000699
:1036500008BF1E80054608BF5A4B00AF08BF1E7842
:1036600000F0A8FCEB78012B08BF574B05F1040ACA
:1036700050460CBF93F86F4000240FF05AF907F141
:103680000808514680B340460FF048F9D5F811308C
:10369000C7F80130B5F81530A7F805304FF0010B29
:1036A000EB78012B37D007F1100451462046FEF786
:1036B000B3FE6D4688B06A46444B4548CDE90534B3
:1036C0004FF40073ADF81C30424B42F8103F4FF4FA
:1036D000E2510FF0CBF91321AD4648460FF03DFA09
:1036E0003437BD46BDE8F08F20460FF088FB034617
:1036F0000068B8609A889B796868A8F8042088F800
:103700000630BAF804209AF8063095F804B038600C
:10371000BA80BB71C4E74046FFF774F8044600283E
:10372000C1D00346B5F8012023F8702BB86898F88B
:103730000620B8F8041020679A719980B5F8173000
:1037400040F2E2425343C4F88830B5F81930A4F887
:103750009030B5F81B30A4F89230EB78E37000227B
:10376000012B22731AD187F800B0BA88BB79386868
:10377000A4F87B2084F87D30C4F8770000F0CCFEFC
:10378000237A1149C3EBC3035A18CB58C4F87E30CF
:103790009388A4F88230937984F8843007212046F6
:1037A00001F01EFD26B126730121204601F018FD0F
:1037B000204601F059FE204601F0C2FC90E700BF10
:1037C0008863002058640020402100202F9C0200C4
:1037D0004C7502000300000100B5C368187889B079
:1037E00020B109B05DF804EBFFF7D2BBB3F80120BC
:1037F000ADF80120DA788DF800008DF80320B3F8D9
:103800000B20ADF81720B3F80D20ADF81920B3F850
:103810000F20ADF81B205A7C8DF81D2058680190B0
:103820001A899B7A8DF80A30094BADF80820684652
:103830001A689B88CDF80B20ADF80F30CDF8112019
:10384000ADF81530FFF7F8FE09B05DF804FB00BFD6
:103850002BB7020010B5FAF7F3F9034B1B6813B14D
:10386000BDE81040184710BDD45B002073B52A4D49
:103870000646D5F84C0112F02BF848B9274A2848DB
:1038800001210FF0E0F86FF01204204602B070BD85
:103890006FF0020105F1D4000FF0EBF801210FF0F9
:1038A000D6F810EA010434D11E4B1E600A4605F515
:1038B000907012F050F905F59E7012F02BF91A482D
:1038C00012F018FA1949184800946FF007034FF4E2
:1038D000C0620AF061FC1649134812F06EFAD5F87E
:1038E0004C01144983681B689847044630B1124A5A
:1038F000034601210A480FF0A8F8C6E726B902B02E
:10390000BDE87040FAF79CB905F1C4000AF03EFC2E
:10391000BBE76FF07704B8E740210020AC9D0200C0
:103920004C750200D45B00201847002080770020EF
:10393000C49D0200292A0100CD9D0200F0B5C56892
:103940002F88BCB287B00121204601F02BFD06462E
:1039500040B9284A28482346012107B0BDE8F04075
:103960000FF073B802ACD5F80220D5F806300194F8
:103970006989009110F01BFD48B34FF0FF304FF004
:10398000FF31FFF76DFB054648B91C4A1A48012173
:103990000FF059F8304601F0D3FB07B0F0BD12210B
:1039A0000C300EF0E8FE0346224623F8027B144654
:1039B00003CC596006A98C421860224603F1080323
:1039C000F5D1294642F21A00FFF7FEFCE2E74FF07C
:1039D000FF304FF0FF31FFF743FB04460028D4D0FF
:1039E00002210C300EF0C7FE2146078042F21B0078
:1039F000EAE700BF769602004C750200E99D0200DE
:103A000073B5C368D9789A781E8842EA0122ADF866
:103A1000002059791A7942EA0122ADF80220D979B9
:103A20009A7942EA0122ADF804201A7A5B7AB4B29C
:103A300042EA032301212046ADF8063001F0B2FC32
:103A4000054658B91D481E4A012123460EF0FDFFC8
:103A5000022120460FF0DFF802B070BD694601F088
:103A6000FBFE38B91E2120460FF0D5F8284601F09C
:103A700067FBF1E74FF0FF304FF0FF31FFF7F0FA4F
:103A800004460028F2D00E210C300EF074FE002304
:103A90000680C0F80A30BDF800304380BDF802301F
:103AA0008380BDF80430C380BDF806300381214611
:103AB00042F22000FFF788FCD8E700BF4C750200F7
:103AC0007696020038B5042104460C300EF083FED1
:103AD000034640885D7818B119782246FFF72AF925
:103AE00035B104480AF086F9BDE83840FFF764BCF8
:103AF00038BD00BF60220020B0B50321044600AFEE
:103B00000C300EF068FEE2680346B0F80100117850
:103B100040F63542904216D16C468AB06A46104B48
:103B20001048CDE90531104B079340F20133ADF851
:103B300020300E4B42F8103F4FF412510EF096FF1A
:103B4000A546BD46B0BD1D7810B12246FFF7F2F87C
:103B5000002DF6D006480AF04DF9FFF72DFCF0E7EE
:103B6000009E02004C7502006A90020004000001F1
:103B70006022002038B50AF0EDFD2F4DD5F83C311C
:103B8000002B56D00022002305F590700AF066F94C
:103B900000284ED10022002305F59E700AF0F8F8A7
:103BA000044668B9254A2649264840F6AA430EF03D
:103BB0006DF884F31188BFF36F8F0323184602DF7B
:103BC000D5F830315BB1204A204801210EF03BFF8F
:103BD000D5F83001FEF7D2FB0023C5F8303120467E
:103BE0000EF098FDC5F830012046FFF71BFB034699
:103BF000C8B1174A154801210EF027FF15480AF0F1
:103C0000F9F82046FEF71AFB134B0C2202FB003397
:103C1000588818B122461F21FFF78CF82046FEF77E
:103C2000ADFBFFF7C9FBFFF7C7FBBDE838400AF063
:103C3000A5BD01F029FCF8E740210020D197020042
:103C40001C9602001E980200389E02004C7502006D
:103C5000389B020060220020B05B0020F8B50A4DBE
:103C6000EF7906460024E3B29F4202D86FF00100CC
:103C700007E0294630460EF0EAFF0735631C08B11D
:103C80002046F8BD1C46EEE74021002037B504462B
:103C90000D4671B1124928460EF0D9FF48B91148B6
:103CA000C4EBC404294620440EF0DBFF002003B01F
:103CB00030BD68460EF024FE0028F8D16846FFF7B4
:103CC000CDFF0028F5DA074BC4EBC4001844694661
:103CD0000EF0C7FF002DE9D001462846E4E700BFFB
:103CE0001EB702004021002070B51A4E0622314650
:103CF000054613F030F938B34FF0FF304FF0FF3185
:103D0000FFF7AEF9044608B3062229460C300EF040
:103D100038FD2146002242F20500FFF7A7FB0446CA
:103D200048B110F10D0F04D10B4A0C4802210EF0DE
:103D300096FF204670BD33462A6843F86929AA8851
:103D4000B280012283F868200024F2E76FF0680453
:103D5000EFE700BFA9210020789F02005475020000
:103D6000084BBFF35B8F53E800CF4CF4806C43E803
:103D700000C2002AF7D1BFF35B8F037A19430172A7
:103D8000704700BF14220020F7B50021044602222C
:103D9000084601F075FE064648B120460121FFF7AE
:103DA000DFFF304603B0BDE8F04001F0C9B93B4D3C
:103DB00001463B4800F0AAFB95F813317BB1304631
:103DC0000EF099FF58B1374A022137480EF047FFED
:103DD0003648002103B0BDE8F04000F097BB95F8ED
:103DE000132195F812319A4218D1314A2E480221F6
:103DF0000EF035FF0022114642F22900FFF736FB94
:103E000010B12C4A0121E0E795F81331013385F810
:103E10001331237A43F004032372D9E72246671C47
:103E200012F82E0B39460EF029FF064610B1224A31
:103E300001210EE095F81331013385F81331237A0F
:103E400043F00403237295F8A7305B0708D41B4A9C
:103E5000022115480EF003FF01200EF04CFFB7E7DA
:103E6000394668460EF0FDFE01234FF0FF304FF05B
:103E7000FF318DF80730FFF7F3F8044660B10822F0
:103E800069460C300EF07DFC3246214642F24E006F
:103E9000FFF7ECFA0028DFD0094AC9E740210020EB
:103EA000C72D0200879F020054750200292D0200D1
:103EB000AC9F0200DD9F0200FD9F02001DA00200DA
:103EC00047A0020000212DE9F041022204460846E5
:103ED00001F0D6FD054640B120460221FFF740FF24
:103EE0002846BDE8F04101F02BB901462A4800F010
:103EF0000DFB28460EF0FFFE284D064688B1284AE5
:103F00000346012127480EF0B2FA95F8133113B198
:103F100001200EF0F0FEBDE8F0412348002100F042
:103F2000F5BA95F8133195F812219A420CD2013B5B
:103F300085F81331237A1D4923F0040302462372C6
:103F4000022005F017FEE0E74FF0FF304FF0FF31A1
:103F5000FFF786F804F10108074668B107210C3025
:103F60000EF009FC41460EF07CFE3246394642F224
:103F70002800FFF77BFA28B10D4A0A4801210EF00C
:103F80006EFEC2E795F81331013B85F81331237AB1
:103F900023F004032372B8E7C72D0200402100205C
:103FA00062A0020054750200292D0200E12C0200DB
:103FB0008FA002000A4BBFF35B8F53E8002F22F45F
:103FC000806143E800100028F7D1BFF35B8F5305F1
:103FD00004D504490022022005F0CCBD704700BF83
:103FE000142200205D2E02001FB50023CDE902330C
:103FF00001908DF80C1001AA0349022005F0BAFDCA
:10400000029805B05DF804FB9D2D020010B4034634
:1040100070B10A4991F8124191F813210CB1944200
:1040200008D2013281F813211A7A42F004021A727E
:1040300010BC704710BCFFF7A7BE00BF4021002096
:1040400010B4034698B10B4C94F8121194F8132154
:1040500029B101318A4203DC10BCFFF733BF12B132
:10406000013A84F813211A7A22F004021A7210BC61
:10407000704700BF4021002038B50D460649CC7975
:1040800038B12B689C4228BF1C46C4EBC40212F016
:1040900045FF2C6038BD00BF4021002070B50446AC
:1040A00011BB20B325490EF0D2FD00BB2046FFF71F
:1040B000D5FD00283BDA237853B92148C279002A7C
:1040C00035D121460EF0CDFD0123C371104670BDE0
:1040D000012B04D1A37903F0C003C02B07D0194AE8
:1040E000194801210EF0BBFD6FF01500EFE7144DEC
:1040F000EB79012B1ED005F1D4000EF0B9FDC307FA
:1041000007D4002CF0D00D4920460EF0A0FD002869
:10411000EAD1EE792146731C3046EB71FFF7B6FD0C
:1041200008B93046D3E7EB79013BEB71CFE76FF08D
:104130007700CCE76FF00B00C9E700BF1EB70200A5
:1041400040210020B4A00200547502002DE9F34183
:10415000044640B91A4A1B4802210EF080FD002097
:1041600002B0BDE8F08101AA002141F20900FFF789
:104170007DF9054608B1144AEDE7019E1349D6F8CA
:104180000C8008F101070622384612F0E4FE28B13F
:104190000F490622384612F0DEFE18B93046FEF707
:1041A000EDF8DCE7D8F80130C4F80130BB88A4F89A
:1041B000053030462570FEF7E1F80120D0E700BF5A
:1041C000E2A0020054750200FBA002002BB702001F
:1041D00025B7020007B56846FFF7B8FF044BD87152
:1041E00018B169460020FFF751FD03B05DF804FBEC
:1041F000402100202DE9F041304EF17988B00029AE
:1042000054D196F8C24014F0010411D12C4A2D4823
:1042100002210EF024FD0024F4711625002401274C
:10422000F379E0B283422BD8002B3FD000203AE054
:104230006A464FF60940FFF719F908B1224AE6E746
:10424000DDF800C0DCF80C5095F80180B8F1000FE3
:104250000ED0AB1C02AA123518685968174603C75E
:104260000833AB423A46F7D1186838609B88BB8068
:104270006046FEF783F8B8F1000FCDD1134AC6E7C8
:1042800008AB05FB0033694653F8182C33F8143C8F
:10429000CDF80120ADF805308DF80070FFF7F6FC81
:1042A00001340028BCD008B0BDE8F08100210846E8
:1042B00008B0BDE8F041FFF7F1BE00BF402100208B
:1042C00019A102005475020045A1020065A1020077
:1042D0002DE9F0411D460E461746034648B145B14B
:1042E0000A0311D54C0708D5284A294801210EF0A8
:1042F000B6FC6FF01500BDE8F0810EF094FD0028CB
:10430000F9D101232B70F6E7B107047824D02149B5
:104310002FB1B20603D591F8D820500632D5C4EBA0
:10432000C40411F80480B8F1010F09D1013421440B
:1043300018460EF070FD0028DDD185F8008002E0FF
:10434000B8F1000FF9D02FB1B30642BF2B7843F07C
:1043500002032B700020CEE7720710D50D49C4EB85
:10436000C4040F5D012F07D1013421440EF053FD29
:104370000028C0D12F70E7E7002FE5D1FAE70EF053
:1043800052FDBEE76FF08500B5E700BF8EA10200C9
:10439000547502004021002038B5104DEB7913B15F
:1043A0000024204638BDFFF715FF044628B10C4A0B
:1043B0000C4801210EF053FCF3E7EB79002BEFD111
:1043C000FFF718FF04460028F1D1681CFFF78CFCAA
:1043D00004460028E5D0044AEAE700BF4021002057
:1043E000ADA1020054750200CCA102002DE9F74FE7
:1043F000884601904FF0FF314FF0FF30FEF730FE5E
:10440000044600284ED020210C300EF0B4F90021D3
:1044100020220646002712F08FFDD8F8005006F142
:10442000010B3946D8F804309F4208D30198317007
:104430000022214603B0BDE8F04FFFF717B86A78B5
:1044400095F800C0881C13181F2B5FFA80F915D946
:10445000BCF1090FC9F11F0201D1002A0CDC134A7B
:10446000134801210DF0FAFF2046FDF787FF6FF09A
:10447000150003B0BDE8F08F4FF0080C5FFA82FA28
:104480000AF1010E0BF801E00131C9B258440BF8F2
:1044900001C0D144696812F041FD01375FFA89F12A
:1044A0000835BFE76FF06800E3E700BFEFA1020047
:1044B0000C750200F7B5CDE90001694642F208002B
:1044C0009DF8207016461D46FFF790FF044668B918
:1044D0007FB9BFF35B8F0C4B53E8001F41F0040121
:1044E00043E80012002AF7D1BFF35B8F204603B0E8
:1044F000F0BD694642F20900CDE90065FFF776FF9D
:104500000028E6D00446F1E7682100200346014870
:10451000184700BF5821002000487047582100204C
:104520002DE9F04FD0F8109089B0B9F1000405469C
:10453000A248029118BF012403930EF09FFC460786
:10454000924640F19A816E6870050CD56FF01504A3
:10455000029B002240F20110924540F097812046D4
:1045600009B0BDE8F08FD5F81080B8F1000F01D088
:10457000B107EBD0924F2878FB798342E6D9C0EBA4
:10458000C00090490722384412F0E5FC0028DDD035
:10459000B20706D197F87030082B02D8AB689F2B72
:1045A000D4D916F0300F7ED0B8F1000FCED0F3067C
:1045B0007CD406F46036B6F5603FC7D028460EF0CE
:1045C00049FC80460028C1D07F487F4E0EF056FC43
:1045D00010F4807F40F0548106F1AC000EF04EFCE8
:1045E00010F4806F06F1AC0B01D0FFF7E3FC6A68B2
:1045F0000023CDE90533CDF81B30AB68ADF81030A2
:1046000012F4004FEB68ADF8123014BF06230723F5
:10461000D00348BF03F00503910348BF03F0FB0339
:104620008DF81D30BFF35B8F5BE8003F23F4807390
:104630004BE80032002AF7D1BFF35B8F2B783B7633
:1046400087F86F302246696860480DF11503FFF75F
:104650003FFE044600287FF47BAF5D4BB9F1000FAD
:1046600031D02A6911684BF8B31C918899809279EE
:104670009A716B689A0728D0B9F1000F2CD013F00B
:10468000100F0CBF012304238DF814302B691A6816
:10469000CDF816209A88ADF81A209B798DF81C3039
:1046A0004FF000081BE0B8F1000F82D1D5E90223DA
:1046B0009A423FF64BAF1F2A7FF648AFB3F5804FC3
:1046C0007FF677AF42E73F4ACCE79B0502D4039BD6
:1046D000002B3CD0022300E04B468DF814304FF005
:1046E000FF304FF0FF31FEF7BBFC0446002800F01E
:1046F000CA800F2204A90C300EF043F82146002294
:1047000042F20600FEF7B2FE044600287FF420AF16
:10471000B9F1000F1FD0686810F0030027D10746D9
:104720002A4801210EF0B0FB0446002858D0294A3F
:10473000294801210DF092FE002F3FF409AF3846C1
:10474000002100F04DFD384600F0FAFC00E703239D
:104750008DF81430A4E7129B039A0298CDF80080DC
:104760005146FFF7A7FE04460028D4D0F0E63C7E71
:104770001449174887F86F40072212F0ECFB60B924
:104780001649204601F0FCF8074610B96FF00B04FB
:10479000DEE6052100F024FDC2E70D49204601F0C8
:1047A00035F900287FF4D2AE387E094901F0E8F8E7
:1047B00007460028EAD00621ECE700BF14220020BB
:1047C000402100201EB7020068210020582100204F
:1047D0006121002008A202000C75020017B7020038
:1047E00017B1384600F0ACFC6B68BFF35B8F9F07D6
:1047F00028D056E8003F43F4007346E80032002A10
:10480000F7D1BFF35B8FBFF35B8FB8F1000F22D0FE
:1048100056E8003F43F4806346E80032002AF7D1AF
:10482000BFF35B8F6B68BFF35B8F58071CD556E8EF
:10483000003F43F4805346E80032002AF7D1BFF32B
:104840005B8F85E656E8003F23F4007346E80032AC
:10485000002AD6D0F6E756E8003F23F4806346E806
:104860000032002ADCD0F6E756E8003F23F48053FC
:1048700046E80032002AE2D0F6E76FF00A0467E665
:104880006FF0770464E66FF0680461E6198881428E
:1048900004D1596811B10978C90702D4013208332B
:1048A0005AE60549054811F02BFA4FF4702200230F
:1048B000024809F00FFD52E63D4901007021002039
:1048C00010B518480EF008FB17480EF0D7FA03464B
:1048D000DA05C0F3002023D513480EF0CFFA830584
:1048E00015D512491248072212F035FB114903462B
:1048F000087E93B91049052201F0C2F8044630B190
:104900000021017300F06CFC204600F019FCBDE8AA
:104910001040044800210EF0B7BA06222131EBE71F
:1049200010BD00BF58210020682100201EB70200E2
:10493000612100204021002017B7020010B5FFF7C9
:10494000BFFF034630B1044A0448BDE810400221CD
:104950000DF08DBD10BD00BF23A202000C7502003A
:1049600070B59AB01822002103A812F0E5FA47F2B8
:104970001213ADF808304FF48073ADF80A303B4B9A
:1049800044F20102694602A8CDE904230BF0B8F80D
:10499000034638B3364A374801210DF068FD1F251C
:1049A000354BBFF35B8F53E8001F21F0010143E853
:1049B0000012002AF7D1BFF35B8F304E09F0CAFE18
:1049C000346804B1043C002D2D4D18BF0025002C87
:1049D00045D023680BB1284698476468002C3ED028
:1049E000043CF6E701AB0098412209A911F07FFDD4
:1049F000034608B1234ACEE7234A0DF125030DF102
:104A0000650153F8040B42F8040B8B42F9D101AB5A
:104A10001E490098202211F015FD034608B11C4ADA
:104A2000B9E700980AF062FF054610B1194A03463B
:104A3000B1E7154912480EF052FA174820310EF02E
:104A40004EFABFF35B8F154B53E8001F41F0100186
:104A500043E80012002AF7D1BFF35B8FA0E70023E1
:104A6000C6E9003309F08AFE1AB070BD00000209E1
:104A700049A202003C750200D85B0020E05B0020E8
:104A8000B964002067A20200796400205964002004
:104A90008AA20200AEA20200D964002014220020E3
:104AA00030B5A7B01822002107A812F045FA042358
:104AB0003D22002116A8159312F03EFA47F2121378
:104AC000ADF818304FF48073ADF81A302B4B2C49E9
:104AD00044F20102CDE9082306A804AB20220AF023
:104AE00043FF034600B3274A274801210DF0BFFCCE
:104AF0006FF0040409F02EFE244B1D6885B10020E0
:104B00001860234BBFF35B8F53E8001F21F00201B5
:104B100043E80012002AF7D1BFF35B8F44B3A847E4
:104B200009F02CFE27B030BD1A4B0DF1550203F1F0
:104B30004000194653F8044B42F8044B8342F9D124
:104B400005AB02932023CDE900130C4804994123BF
:104B500015AA11F09BFD034608B10F4AC4E704985B
:104B60000AF0C4FE04460028C4D00C4A0346BBE742
:104B70000DA808490EF0B3F90DA8D0E7000002090E
:104B800059640020CEA202003C750200DC5B0020CC
:104B9000D85B00207964002004A3020020A3020057
:104BA00008B50449402212F0D6F9B0FA80F0400965
:104BB00008BD00BF9CB7020010B59AB00446182289
:104BC000002103A812F0B8F944F21213ADF808302E
:104BD0004FF48073ADF80A30154B4FF48042CDE9A5
:104BE0000423214604230DF125008DF824300EF016
:104BF00076F904F120010DF145000EF070F901ABDA
:104C0000412209A902A80AF0AFFE044602A811F049
:104C100089FD2CB901980AF069FE01201AB010BD77
:104C20000448054A234601210DF021FC0020F5E748
:104C3000000002093C7502003DA3020010B50028E7
:104C40003FD0234A136823B1043B98423CD05B68B1
:104C5000F9E7204BBFF35B8F1968BFF35B8F8907C0
:104C600007D51D481D4A02210DF0F8FB6FF00F001B
:104C700010BD14684460011D5068116000B9516096
:104C8000BFF35B8F53E8002F42F0010143E80010AF
:104C90000028F7D1BFF35B8FD30701D50020E7E7EA
:104CA0000F4BBFF35B8F53E8001F21F0100143E867
:104CB0000012002AF7D1BFF35B8F0A48FDF73CFCD6
:104CC000ECE76FF01500D3E76FF07700D0E700BF97
:104CD000E05B0020D85B00203C75020061A302006D
:104CE0001422002048250020054BBFF35B8F1B6872
:104CF000BFF35B8F13F0100F024808BF002070470E
:104D000014220020B964002070B505461E480368CF
:104D10008B4232D0BFF35B8F1C4B1B68BFF35B8FA2
:104D2000DA062DD5036813B16FF00F0070BD184A75
:104D3000BFF35B8F1368BFF35B8FDB07F4D4BFF364
:104D40005B8F52E8003F43F0020442E80046002E29
:104D5000F7D1BFF35B8F13F00204E5D101600D487A
:104D600029460EF0BCF80C4805F120010EF0B7F80A
:104D70000A48FDF7E1FB2046D8E76FF07700D5E75A
:104D80006FF07C00D2E700BFDC5B00201422002023
:104D9000D85B002079640020996400203825002029
:104DA00070B50C4B1C68054644B154F81C3C1C3CC7
:104DB00013B1297B28469847E469F5E7064C074E6E
:104DC000B44200D370BD236813B1297B28469847AD
:104DD0002034F5E71C5C0020AC740200CC740200A7
:104DE00010B50446FDF72AFA044901EB00112046EC
:104DF0000DF0E0FDBDE81040FEF7DEBAE85B0020F4
:104E000070B5D1E9015600220446C1E901220648E5
:104E100010F088FE3DB1314620462B466FF06D0202
:104E2000BDE87040184770BDE427002013B5044664
:104E30004FF4806104300EF078F840053FD4BFF3A2
:104E40005B8F6368BFF35B8FD90326D5E37823B903
:104E50001C4A1D4802210EF066F8637B072B2ED1F9
:104E60001A4B93F8D8309B0629D50DF048FE30B385
:104E70000DF1060101A8FEF7A1FB00BBBDF806205D
:104E8000BDF8041020460DF0A7FE0346B8B1104A45
:104E90000D4801210EF047F811E00C4B93F8D83083
:104EA0001A07D3D520460DF07CFE034620B1094AEF
:104EB000054801210EF037F8637B072BC6D002B0FE
:104EC00010BD00BFB0A302002475020040210020E5
:104ED000C9A302008FA3020070B505460F48002247
:104EE000002308F0BBFFB8B90D4B1C6834B154F86F
:104EF000143C1C3C03B19847E469F7E7094C0A4E9F
:104F0000B44204D32846BDE8704009F03FB9A36815
:104F100003B198472034F3E770BD00BFD4270020C9
:104F20001C5C0020AC740200CC7402002DE9F0413E
:104F3000044640270025EFF3118287F31288BFF360
:104F40006F8FE16929B1206A0B68E361814208BF74
:104F5000236282F31188BFF36F8F71B1D1E90168C9
:104F60000748C1E9015510F0DDFD1EB100224146A0
:104F70002046B047FEF720FADDE7BDE8F08100BF2C
:104F8000E42700200448B0F8FC30002B00F58070C6
:104F900008BF0020704700BF4021002030B5044604
:104FA000FCF758FF0D4A0D460D490858D2F88010FD
:104FB000884289B005D1204609B0BDE83040FFF7EE
:104FC000B5BF24342146104610F069FE1DB1694674
:104FD000204610F074FE09B030BD00BF805700209D
:104FE0000800000038B5002204468A4202D100249D
:104FF000204638BD04F1C8030120BFF35B8F53E89E
:10500000005F002D04D143E8000CBCF1000FF6D185
:10501000BFF35B8F02D0D0340244E6E7002CE6D029
:10502000C8220021204611F087FF04F14000044906
:1050300010F066FE034904F1240010F014FED7E7D7
:10504000E55B0100552F0200F7B516460D4601211C
:105050000446FFF7A3FF012E23D0022E52D123696D
:105060003BB13148314A01210DF0F8F920460DF0ED
:105070008FFF256121690B8A012B53D9CA681288D9
:10508000043292B293424DD343D927480092012172
:10509000274A0DF0F6F9204603B0BDE8F0400DF0C8
:1050A00077BF206940B9234A1F4831460DF0D6F931
:1050B00020460DF06DFF01E02A8A2AB9284603B088
:1050C000BDE8F040FDF75AB9018A438A47695B1A87
:1050D000C168C91B5B1A9A420CD9174A124831465B
:1050E0000DF0BCF921690022204600F0DDFF00230D
:1050F0002361E3E7E9680C300DF043FB2846FDF738
:105100003DF9B7E70D4A0848334601210DF00BFF82
:10511000CEE7002301222046236103B0BDE8F04022
:1051200000F0C2BF03B0F0BD24750200E5A3020089
:1051300065A4020002A4020020A4020047A4020009
:1051400008B500F1C803BFF35B8F53E8002F013AA5
:1051500043E800210029F8D1BFF35B8FAAB90B4BBC
:10516000984212D303F1D00290420ED2C01AD0233B
:10517000B0FBF3F203FB120038B9054808F03AFE21
:10518000BDE80840034809F001B808BDB847002051
:10519000D42700206825002010B504460DF001FF3B
:1051A00009F0D8FA0C4BD3F8143104F1BC0143B91F
:1051B0000A480DF09EFE09F0E1FABDE81040FEF746
:1051C000FBB8994201D01B68F1E709F0D7FA2046F5
:1051D000FFF7B6FFF1E700BF402100205422002076
:1051E000F8B5467B8E4200AF04460D461BD1082E13
:1051F00096BF534B534B53F826306C4688B06A46E3
:105200005149CDE905134FF40073ADF81C304F4BF5
:1052100042F8103F4E4800234FF4E451FBF748FD9D
:10522000A546BD46F8BD41730EB90DF0BAFE637BCD
:10523000082B00F2818001A252F823F0895201006C
:10524000DF520100235201002352010023520100CA
:105250002352010023520100615201002352010038
:105260000023C4E90D33E378012BDAD1A378012BB5
:1052700004BF032384F898304FF42032002304F154
:10528000400008F0F3FFCCE7082ECAD8DFE806F0AC
:105290002005171C1C1C1720200004F1400528467F
:1052A00010F03AFD01212046FFF778FE20460DF070
:1052B0006FFE00220023284609F00CF8B1E7237B9B
:1052C00013B12046FFF76CFD2046FFF739FFA8E732
:1052D000204A2B461E4802210DF025FEA1E7237B24
:1052E0003E2B0FD16D4688B06A461B4BCDE9053485
:1052F000032342F8103F164800234FF4C451FBF734
:10530000D7FCAD46154D05F58076616911B9FEF7FC
:1053100053F886E7A2690B686361914208BFA361F5
:105320002046FFF76DFDB5F8FC30002B14BF30466A
:10533000002008F05FFDE8E7094A2B46CAE700BFF6
:10534000C07D020080A402008AA4020003000001C4
:10535000247502009BA40200B2A402004021002098
:10536000D9A40200F8B5074609480D4616460DF0C7
:1053700018FE044650B183781F4203D1BDE8F840BF
:10538000FFF7DEBE3146A8472046F7E7F8BD00BF6D
:10539000B8470020024900220120FFF7E3BF00BF09
:1053A000492F020070B505460E480E460DF0F9FD76
:1053B0000446A0B1437B012B02D0073B012B0CD844
:1053C0002388AB4208D1A3781E4209D1064A074878
:1053D0002B4602210DF0A7FD2046FFF7B1FE002469
:1053E000204670BDB8470020F5A4020024750200D5
:1053F000034BC01A034B00115843C0B2704700BFA3
:10540000B8470020C54EECC470B51C461443054691
:105410000E460DD00F49FCF71DFDD1F880400E4916
:1054200009588C4206D10D4A0D4802210DF016F89C
:10543000002213460B49002D14BF284608460DF0E4
:105440003AF9044618B1711D0C300DF089F9204667
:1054500070BD00BF80570020080000000CA50200AE
:1054600024750200F427002010B50446054808F012
:105470008DFE204600F05EFD2046BDE81040FFF79F
:105480008FBC00BF582500202DE9F04F87B000AF3A
:105490000023FB607B61BF4B5A8A3AB1BE4DD5F801
:1054A00014413CB91C37BD46BDE8F08F1B68002B8A
:1054B000F4D1F7E754F8BC3903B1BC3BB749002637
:1054C00001E01C461346B5F8FC20002A00F05F817D
:1054D000D5F808214AB904F1BC06002BE2D0D3F874
:1054E000BC20002AEDD0BC3AEBE70A68002AF2D0D3
:1054F000D4F8A820002AEED0D4F8AC20002AEAD0B4
:10550000D4F8B020002AE6D0637B072B6CD120466C
:105510009047002868D0BFF35B8FD4F8C030BFF34A
:105520005B8F022B60DC20460DF03BFD044600281B
:10553000B8D0637B072B40F02781D4F8A830B5F8AA
:10554000FC1007F11002204698478146002800F021
:105550000E81B5F8FC203B699A4208D30146D4F885
:10556000AC6007F1140307F10C022046B0477B69D9
:105570003B60B9F81030D7F80C80002B00F0FE80AB
:105580004846D7F810A00DF02BFA7860002840F0BC
:10559000F880B5F8FC30DFF808B2002B14BF58468D
:1055A00000200022002308F059FC78B97B48002233
:1055B000002308F0EDFB064600283BD1B5F8FC308F
:1055C000002B18BF5E46304608F014FC6FF00B0548
:1055D0004846FCF7D3FEB8F1000F00F0B3803968FD
:1055E0002A462046C047ADE0D4F8BC3004F1BC02E6
:1055F000C6B9D5F81811C5F814318A4201D1C5F8D9
:1056000018310023C4F8BC302046D4F8B030984795
:1056100000288ED0637B072B40F0B6802046FFF732
:10562000BBFD86E73360D5F818319A4208BFC5F84C
:105630001861E6E73B68C0F804808360B5F8FCB009
:105640005448DA454FF000024FF000034FF00001DC
:1056500098BF1FFA8AFBFCF713FE804650B1FCF797
:10566000EDFD504B5A4603EB0013494640460DF002
:105670007CF98046B5F8FC3094F8C4909A4584BF14
:1056800001237B607B6884F8C4309CBF09F1020968
:105690005FFA89F904F1C00ABFF35B8F5AE8003F53
:1056A00001334AE80032002AF8D1BFF35B8F04F1DE
:1056B000140B314658460DF01CFCA378012B5AD12F
:1056C00008F10C03042118467B600DF06BF822886A
:1056D0007B6809F0FD0942EA09320280B8F810201F
:1056E000043A4280022118460DF064F84046FDF766
:1056F00099FD8146002847D0BFF35B8F5AE8003FF1
:10570000013B4AE80032002AF8D1BFF35B8F3146F3
:1057100058460DF022FC244A24484B4601210DF046
:1057200002FC4046FCF72AFE20463146FFF768FBA4
:10573000B5F8FC301A48002B08BF002008F05AFBCF
:105740006FF004056E4688B0194A0794CDE9052527
:105750006A46042342F8103F14484FF401510023D5
:10576000FBF7A6FA1321B54620460DF036FC20467D
:10577000FFF7E6FC96E66FF01509BDE76FF07905D7
:1057800026E76FF0040523E7FDF716FEEFE79368C1
:10579000FFDE00BF6028002040210020E427002019
:1057A00040220020E85B0020389B020024750200A4
:1057B00035A502002DE9F04140F2E243D0F88860BF
:1057C000B6FBF3F60446B6B2031DBFF35B8F426827
:1057D000BFF35B8F920417D5B0F88C20B24213D878
:1057E000B0F88E20B2420FD3D0E9241291420BD1EF
:1057F000BFF35B8F53E8001F21F4005143E8001210
:10580000002AF7D1BFF35B8F104B1D6865B155F8C7
:105810000C7C1C3D37B1B4F89230B4F8902031467E
:105820002046B847ED69F1E7094DDFF82880454586
:1058300001D3BDE8F0812F6937B1B4F89230B4F8E4
:10584000902031462046B8472035F0E71C5C002008
:10585000AC740200CC7402002DE9F0410746084602
:105860000D460DF04EF9064618B900263046BDE843
:10587000F081144B1C6884B154F8103C1C3C0BB9EB
:10588000E469F8E72946384698470028EDD02846CD
:105890000DF037F90028F3D1E7E70B4CDFF82C8047
:1058A0004445E3D2E3680BB92034F9E7294638468A
:1058B00098470028D9D028460DF023F90028F3D1C5
:1058C000D3E700BF1C5C0020AC740200CC74020063
:1058D0002DE9F041C37804468BB900F17E06114BE7
:1058E0001D687DB11C3D04F170076B691BB13A4620
:1058F000314620469847ED6925B11C3DF5E700F19A
:105900007706ECE7084D094F04F17008BD4201D35A
:10591000BDE8F0816B691BB142463146204698478D
:105920002035F3E71C5C0020AC740200CC7402004C
:10593000F8B5437A8372054616460DF096FC0D4B7A
:105940001C684CB154F8043C1C3C1BB1697A3246CB
:1059500028469847E469F4E7074C084FBC4200D357
:10596000F8BDA3691BB1697A3246284698472034AE
:10597000F4E700BF1C5C0020AC740200CC74020091
:1059800038B505460C460F480121FFF72BFBC0B187
:10599000057223680367A388A0F87430A37980F8A0
:1059A00076300123437283728370074BC0F8A830AE
:1059B000064BC0F8AC30064BC0F8B030054BC0F811
:1059C0008C3038BDB8470020315E0100132F020033
:1059D000072F02001800280070B505460A480E4639
:1059E0000DF0DFFA044620B18378012B04D0FFF7D5
:1059F000A7FB0024204670BD324629460DF05FFB10
:105A00000028F7D12046F2E7B8470020F0B589B06A
:105A100000AF0D46FFF7E0FF044610B329463846B5
:105A2000FCF7FAFC637B082B96BF0F4A0F4B52F82A
:105A300023306D468AB06A460D49CDE907730D4B98
:105A400009930D4BCDE9051442F8103F0B48002394
:105A50004FF44251FBF72CF92046AD46FFF770FB9F
:105A600001202437BD46F0BDC07D020080A40200A5
:105A700058A502000103020405000002247502007B
:105A8000F8B505460E480E4617460DF08AFA04464C
:105A900020B18378012B03D0FFF752FB00240DE0E7
:105AA00036B1324629460DF00AFB08B92046F3E725
:105AB000637BBB42FAD1237AAB42F7D12046F8BDD3
:105AC000B847002070B58B78012B92B006460C4683
:105AD00042D191F8703007AD032B37D8DFE803F0DF
:105AE000023032341E492846F7F73BFF059594F8FB
:105AF0007130049394F87230039394F873300293E6
:105B000094F87430019394F87530009394F87630DB
:105B1000144A1E210AA80BF051F90AAB324610AD07
:105B20001C4603CCAC4210605160234602F10802CF
:105B3000F6D120681060A3889380304612B070BD03
:105B40000949D0E70949CEE70949CCE7094A0A21C2
:105B500028460BF033F9C9E700238DF82830DCE73D
:105B6000EC8902000E8A0200F3890200FA89020021
:105B7000048A0200C38B020038B5044608460D466D
:105B80000CF0BFFF48B3164B93F8D830990707D4F1
:105B9000E37883B129462046BDE8384000F0B0BA2A
:105BA00094F899309A07F3D5BFF35B8F6368BFF31E
:105BB0005B8F5B04ECD4294620460DF0A6FA58B959
:105BC0002B88A4F88C306B88A4F88E30AB88A4F8AE
:105BD0009430EB88A4F8963038BD6FF01500FBE7E1
:105BE00040210020F7B510F8333C0446A0F14006F0
:105BF0000BBB30460DF0DCFA354B1D684DB155F846
:105C0000183C1C3D1BB114F8341C30469847ED6914
:105C1000F4E7304D304FBD4205D3304603B0BDE808
:105C2000F040FFF78DBA6B681BB114F8341C304696
:105C300098472035EFE710F83E3C012B46D1BFF3E3
:105C40005B8FA0F13C0555E8003F23F4005245E886
:105C500000210029F7D1BFF35B8F990423D5E36CB2
:105C600000936946636D01933046FFF785FF034655
:105C700098B9BFF35B8F55E8003F23F4805345E8A4
:105C80000032002AF7D1BFF35B8F4FF40061284642
:105C900003B0BDE8F0400DF048B9104A10480221A9
:105CA0000DF041F9F1E70F4A4FF4281369463046E9
:105CB000CDE90023FFF760FF034628B94FF4805178
:105CC00028460DF032F9E0E7074AE7E703B0F0BDF8
:105CD0001C5C0020AC740200CC74020091A5020090
:105CE0002475020018002800B6A5020010B50E4861
:105CF0000FF010FF0D490C480FF014FF0C490A4833
:105D00000FF010FF0B4908480FF00CFF0DF0A2FE3A
:105D100002F06AFC044628B903F0F0FE044608B914
:105D20000DF007FB204610BDE4270020F85B0020A3
:105D3000045C0020105C00200346024A0248012156
:105D40000CF095BB69A602006475020080B500AF37
:105D500088B06A46074BCDE90530032342F8103F6F
:105D6000054800234FF4C251FAF7A2FF6FF00B0071
:105D7000BD4680BD91A602006475020008B5064AC2
:105D8000136823B9054850600A60184608BDFFF73C
:105D9000DDFF6FF00B00F9E7305C00200C7E0200A5
:105DA00070B5044652EA030008D0FCF753F8074DDB
:105DB000074ED5F880503058854201D10022134655
:105DC00020460431BDE87040FFF71EBB805700201D
:105DD0000800000073B5054618462B680BB35B7BC3
:105DE000072B1ED1002A0E7A0CBF012302239E42EC
:105DF00009DD0D4A0D48009601210CF042FB6FF0C1
:105E0000150002B070BDCB7A072BF8D9C8618A6142
:105E100005F130000FF086FE28460DF0A0F90020B5
:105E2000EFE76FF07F00ECE7B8A6020064750200B0
:105E30002DE9F84FD0F8B44000AF8846914644B100
:105E4000403C236B63B92068B4300DF0A7F9246C93
:105E5000F5E7FDF7B1FA00263046BD46BDE8F88FFC
:105E600004F1300A50460FF072FE05460028F0D0CB
:105E70000CF0B6FD80B16C4688B06A462A4BCDE97D
:105E80000535032342F8103F284800234FF4C25140
:105E9000FAF70EFFA546DEE728460CF03BFC656CE2
:105EA00006469DB9A38C058A403B9BB23F2B03D885
:105EB000238D9D4228BF1D46042106F10C000CF0E5
:105EC00071FC0580A38C438004356564454520D86A
:105ED000B6F810B0AB4506D100220023504607F0BB
:105EE00057FFFCF74BFAA38CA3F140023F2A07D8D7
:105EF000AB4514BF00220E4AB26118BF1346F361CE
:105F00002068B4300DF04AF9236B13B120460DF030
:105F100026F9636CC9F80030984534BFA3EB08013B
:105F20000021616498E700BFD8A6020064750200F2
:105F3000E3320200F7B5284D284F04460026BD4243
:105F400001D303B0F0BD298820460DF0C0F96B687D
:105F5000019001A920469847002838DB019B2A8838
:105F60009A829A8403F11002BFF35B8F52E8001FFC
:105F700042E800600028F9D1BFF35B8F1E645E64C5
:105F80009E60A16B03F1080219BBC4E90D221C60DD
:105F9000DE6003F130000FF0BDFD019843681B681F
:105FA00003B19847019BBFF35B8F103353E8001F89
:105FB00041F0010143E80012002AF7D1BFF35B8FE3
:105FC00001984368DB6913B100F110019847083567
:105FD000B5E70A60A263DAE794740200AC740200C9
:105FE00073B50D460646042105F10C000CF0F3FBD9
:105FF0002B8A42889A42044607D000921C4A1D48C8
:1060000001210CF03EFA02B070BD43783BB91A4A48
:106010001848012102B0BDE870400CF01FBA0378A7
:10602000012BF0D0132B06D1022AECD002230093CF
:106030001346124AE3E7124A0E4802210CF017FAFF
:1060400061783568022201200DF027F90446002806
:10605000D9D002210C300CF08EFB0023037043706A
:106060002146284602B0BDE870400DF047B900BF98
:10607000F0A602006475020011A7020032A7020018
:106080005DA7020008B50B8A032B06D8044A054811
:1060900001210CF0E3F9002008BDFFF7A1FFFAE7AA
:1060A00085A702006475020038B50B8A032B0546EC
:1060B0000C4609D80F4A104801210CF0CFF92046B0
:1060C000BDE83840FCF75AB9042104F10C000CF08B
:1060D00082FB418828460DF022F930B9074A06486C
:1060E0000B4602210CF0C3F9E9E7436821465B69DE
:1060F0009847E4E7A3A7020064750200C0A7020066
:1061000070B5144A137801330C4613F0FF010CBF2D
:1061100001230B461370064608BF194608221220B9
:106120000DF0BBF8054688B108210C300CF023FBBC
:106130002288028062884280A2888280E288C280AF
:1061400029463046BDE870400DF0D8B86FF00B001E
:1061500070BD00BFF964002023281FD81A2804D876
:10616000431E182B0ED906207047A0F11B03082BE5
:106170001ED8DFE803F0051D1B231D19251D050092
:10618000032070470F4A012383401A40C2B90E4AC8
:106190001A40002A0CBF06200120704700F07F0340
:1061A000522B05D100207047012070470520704711
:1061B00010F0400F14BF00200620704704207047E5
:1061C00002207047AAAA8A02545545012DE9F74FCB
:1061D000064608460C46FCF731F82E4F1823434379
:1061E000FA18054691680191E168BFF35B8FF06C86
:1061F000BFF35B8FC0070AD4274A284801210DF05E
:10620000BBF86FF01509484603B0BDE8F08FE068B1
:10621000007810710022FA500B78D22B0FD133681E
:10622000214618680EF030F9814640B11C4A1B48DF
:1062300001210DF0A1F82046FCF7A0F8E3E71823B0
:1062400003FB0573D4F80C80D4F814B0B4F810A094
:106250009E6000231A462146301DFFF7BBFD814694
:106260000028D0D010F1690F04D10E4A0B4801214B
:106270000DF082F86269019BA4F810A0A8EB0B084E
:1062800012FA88F2E260182255437A1947F805900D
:106290009360B8E7805C0020FCA702001475020040
:1062A00016A8020029A8020008B5EFF311814023C7
:1062B00083F31288BFF36F8F002303600F4B5A687C
:1062C000C2B9C3E9000081F31188BFF36F8F0C4896
:1062D00007F05CFF031E0CDA0A4A0B4801210CF0A0
:1062E000C6F8002383F31188BFF36F8F032318468A
:1062F00002DF08BD10605860E5E700BF785C002051
:10630000AC2500204CA8020014750200011F0148B2
:106310000FF02FBB78270020024A034801210DF01F
:106320002BB800BF75A802001475020010B500F16B
:1063300048030446BFF35B8F53E8001F41F001019F
:1063400043E80012002AF7D1BFF35B8F201F0DF046
:10635000E7F804F1640004490FF0D2FC2068BDE8BE
:10636000104002F0C3B800BF0976010073B50E46B5
:10637000438D418B8B4202F1010228BF0B469A42AA
:10638000054609D91E48009202211E4A0CF079F8F0
:106390000024204602B070BD3046FFF7DDFE6FF0EE
:1063A0001403034113F0010310D0FBF753FD164B08
:1063B0001958164BD3F8803099421ED0144B1B68E5
:1063C0005A1A18BF4FF0FF32134601E04FF4702203
:1063D00010480021FFF7E4FC04460028D9D0FBF761
:1063E0002DFF0D4B182202FB0033012104F10C009C
:1063F0009D600CF0C0F90670CBE70022E4E700BF17
:106400001475020092A802000800000080570020C6
:10641000C85C002018280020805C0020F0B51E46D3
:1064200003680D46003987B0044618BF012118687B
:1064300017460DF012FE38B904F14C000DF0D8F8F3
:10644000002848D1122014E0002E46D01822002146
:10645000684610F071FD77B1002213212046FFF746
:1064600085FF019038B91E481E4A01210CF084FFB7
:10647000112007B0F0BD23681B4A1B680093BDF8CC
:106480003030ADF812300D9B0393BDF83830ADF8C5
:10649000103001238DF8143031466B4630468DF8AC
:1064A00008500DF081F89DF814307BB14FB1019880
:1064B000FBF764FF9DF814303246294620460DF064
:1064C000A6F8182D07D19DF81400D2E7019911B153
:1064D00020460CF0BBFF0020CBE70120C9E700BF3E
:1064E00014750200B7A80200DB330200F7B51446AA
:1064F00005460E464FF49572014620680DF03BFDAF
:10650000207430B9206829460DF0EFFD20B908232A
:106510002374002003B0F0BD6B8A5B0612D5012303
:106520000193E3890093AF68A389A2682068294694
:10653000B84738B110F1FF0F26BF4042C0B20E205D
:106540002074E6E70A48002200230CF0B4F86060EB
:1065500008B90923DCE70683E38943836068A289DD
:10656000A1680C300CF00DF9002323740120D1E751
:10657000CC2800202DE9F3410B8A04460D4643B98F
:10658000294A2A4801210CF0F7FE002002B0BDE89C
:10659000F0810768012105F10C000CF01CF97B7BF0
:1065A000072B0646F1D154F8043C002BEDD00378BC
:1065B0001F4F043C002217F8320098424FEAC208ED
:1065C00007EBC20114D12A8A4878904226D917488D
:1065D000009301211346174A0BF053FF042347444D
:1065E000BA78012AD1D1002BCFD03178002211E026
:1065F00001320E2ADFD1104A0C4802210BF037FF7E
:1066000031780846FFF7A8FD2122C24012F00102AE
:10661000BBD1062320460CF0FAFFB6E74B682046B4
:10662000294698470346DAE7D0A80200147502000D
:10663000347E020005A90200EBA80200F8B54FF471
:1066400070220746002311480D460CF034F804462A
:1066500038B90F4A0F482B4601210BF008FF20469E
:10666000F8BD00F10C06092130460CF079F82046FF
:10667000FBF7E4FD084B182202FB003301213046F2
:106680009F600CF078F80570E9E700BF182800203B
:1066900069A6020014750200805C00202DE9F04F0D
:1066A000CB68524F1B7887B00646049300253068AC
:1066B000C36973B9002D40F08E8019213046FFF771
:1066C000BDFF0146002800F08E8030460CF0BEFE73
:1066D00081E01C300CF008F84FF00003B0F818A06F
:1066E000028AC168BB800446BB6840483B600CF02E
:1066F00048F8D6F80080D8F81C5035B1638BD5F82F
:10670000009005934FF0000BD5B9049B012B68D185
:10671000BB8802933B680193638B0093002253462E
:1067200018213046FFF77AFE054628B10346228B32
:10673000182130460CF06BFF2046FBF71FFEB6E732
:106740002A8B524532D16A8B002ADED0B988059B4C
:10675000581882422ED12A8AF888114481423EDCA0
:10676000E96838460CF00DF82A68BBF1000F14D127
:10677000D8F82010C8F81C208D4201D1C8F820207C
:1067800000232B602846FBF7F9FDB9F1000F0FD06D
:10679000D9F800204D469146B6E7CBF80020D8F84E
:1067A0002020954208BFC8F820B0E9E7AB46ECE7E7
:1067B0004A46EFE707252046FBF7E0FD30681C302E
:1067C0000BF092FF04460028F5D12B4652461821C3
:1067D00030460CF01CFF002007B0BDE8F08F0D25FF
:1067E000E9E70025A8E70E20F6E700BF782500209E
:1067F0002DE9F0410E8A043EF6B2022E04468CB01A
:10680000084601D0102E64D104210C300BF0E3FFB8
:106810000DF1080805884788011D324640460CF0F6
:106820004FF8002857D0A5B300268FB3AF4230D31E
:106830004FF4205301A940468DF80460ADF80630AE
:106840000CF011F848BB1422002107A810F074FBCB
:1068500011212046FFF7F2FE0990002837D00121D0
:106860000C30CDE907480BF086FF00230A9039462B
:1068700003701A4A0B93284607AB0CF095FEDDE92E
:1068800009131B78FBB90846FBF778FD0A2301E0E2
:106890003D4601232A4610210EE042F6010307A9D6
:1068A00040468DF81C60ADF81E300BF0DCFF002870
:1068B000C9D010232A46194620460CF0A8FE002015
:1068C0000CB0BDE8F08120460CF0C0FDF7E71120C8
:1068D000F6E70420F4E70E20F2E700BF116F010095
:1068E0002DE9FF41036804460D46186801210DF0AB
:1068F000B4FB40B904F14C000CF07AFEA0BB1220AE
:1069000004B0BDE8F08110220021684610F014FBAD
:1069100021212046FFF792FE029038B3009405F142
:106920000C074FF001082B8A012B04D8029920464E
:106930000CF08CFD18E038460BF05DFF6B460C4AFE
:106940008DF80C80014606460CF02EFE9DF80C30AA
:10695000002BE8D00298FBF711FD9DF80C30324671
:10696000202120460CF053FE0020C9E71120C7E784
:10697000653802002DE9FF41036804460D4618689A
:1069800001210DF06AFB40B904F14C000CF030FE1F
:10699000A0BB122004B0BDE8F0811022002168469F
:1069A00010F0CAFA0F212046FFF748FE029038B3D4
:1069B000009405F10C074FF001082B8A012B04D835
:1069C000029920460CF042FD18E038460BF013FF08
:1069D0006B460C4A8DF80C80014606460CF0E4FD2F
:1069E0009DF80C30002BE8D00298FBF7C7FC9DF80F
:1069F0000C3032460E2120460CF009FE0020C9E77B
:106A00001120C7E7E9380200F0B51D46036885B0DC
:106A100004460E461868012117460DF01EFB38B9D2
:106A200004F14C000CF0E4FD50BB122005B0F0BDA9
:106A300065B310220021684610F07EFA39462046E0
:106A4000FFF7FCFD029018B3BDF82830ADF8043014
:106A500001238DF80C3029466B460E4A00942846D7
:106A60000CF0A2FD9DF80C3002995BB10846FBF7D3
:106A700085FC9DF80C302A46314620460CF0C7FDB7
:106A80000020D3E720460CF0E1FCF9E70120CDE738
:106A90001120CBE7E93802002DE9F0410E8A043ECF
:106AA000F6B2022E04468CB0084601D0102E76D1E4
:106AB00004210C300BF08FFE0DF104080588478887
:106AC000011D324640460BF0FBFE002869D085B31D
:106AD00077B3BD422DD8606801210DF0BEFA06469D
:106AE00078BB8DF8000042F6020369464046ADF8D7
:106AF00002300BF0B8FE20B342F6030306A940466D
:106B00008DF81860ADF81A300BF0ADFEC8B1012D4C
:106B100003D14FF6FF739F4213D004F14C000CF0E9
:106B200067FD002814BF002012200CB0BDE8F081E2
:106B30003D4601232A46082120460CF068FD00202E
:106B4000F3E7182200210DEB020010F0F5F90921FE
:106B50002046FFF773FD0890F8B101210C30CDE914
:106B600006480BF008FE0023099003700A238DF8F5
:106B70002C30394606AB0C4A28460CF015FD9DF822
:106B80002C3008992BB10846FBF7F8FB9DF82C3008
:106B9000D0E720460CF05AFCD1E71120C5E70420CD
:106BA000C3E70E20C1E700BFC96F01002DE9F04324
:106BB0000F4687B00446062107F10C000BF00BFED0
:106BC0000588EDB1B0F80280B8F1000F17D0454547
:106BD00016D8002382888DF800308DF8043001A982
:106BE0004FF420536846D7F80C90ADF80220ADF86A
:106BF00006300BF038FE064660B10A2301E0454638
:106C000001232A46062120460CF001FD002007B092
:106C1000BDE8F0830146142201A83F7C10F08CF9F6
:106C200007212046FFF70AFD0290D8B10A238DF80C
:106C30001530414601AB0C4A01942846CDE9036961
:106C40008DF814700CF0B0FC9DF8153002992BB142
:106C50000846FBF793FB9DF81530D2E720460CF071
:106C6000F5FBD3E71120D2E7B56D01007FB5CB6806
:106C70001D8804468DB15E8876B1B5420DD81022CC
:106C80000021684610F058F905212046FFF7D6FC90
:106C9000019058B9112007E0354601232A46042106
:106CA00020460CF0B4FC002004B070BD6B463146A9
:106CB000084A009428460CF077FCDDE9011323B95B
:106CC0000846FBF75BFB0A23E8E720460CF0BEFB17
:106CD000E9E700BF693402002DE9F0470D4686B0B0
:106CE0000446042105F10C000BF075FD2368B0F893
:106CF0000090B0F802801868EF682E8A01211FFA10
:106D000089FA0DF0AAF940B904F14C000CF070FCBE
:106D100028BB122006B0BDE8F087BAF1000F43D0BF
:106D20001422002101A810F007F92368204A1B68EB
:106D3000019301238DF81430F6B201AB5146504651
:106D4000ADF812800397ADF810600CF02DFC9DF8A3
:106D5000143033B15246162120460CF058FC002066
:106D6000D8E7206802991C300BF0A9FC17212046B7
:106D7000FFF764FC0290C8B104210C300BF0FBFC5F
:106D8000A0F80090A0F802800546029831460C3029
:106D90000BF0F1FC39463246281D10F0BFF802997D
:106DA00020460CF053FBDAE70120B3E71120B1E7EE
:106DB000ED6401002DE9F04391B0D2F80080064661
:106DC0000F46002542F601030068D8F804908DF8BC
:106DD0002C500BA91446ADF82E300BF044FD0028C2
:106DE0006DD04FF4205330688DF82C500BA9ADF8BE
:106DF0002E300BF038FD38B1A3681BB15A88BA4267
:106E000000D25F80012010E0616808460CF09CFA17
:106E1000B8F82A20B8F81A309A4294BFC0EB0200A2
:106E2000C0EB0300032803D8002011B0BDE8F083B5
:106E300008460BF073FC6168054608460CF084FABE
:106E40006B8A2A8AA3EB020C6B69EA68D21AACEB54
:106E50000203B8F82AC0B8F81A20944594BFC0EBD2
:106E60000C00C0EB0200834228BF03466BB9887A4E
:106E7000FBF7DCF9002200230BF01DFC054600287F
:106E8000D2D0014660680BF05AFC00230093D6F87C
:106E900004803146102302AA4846C047061E0EDB76
:106EA000227CE068964227D001460BA80BF008FD33
:106EB00040B9237C134A144802210BF0D8FA00236E
:106EC000A3609FE7F2B202A906A80BF0F9FC10B983
:106ED0000E4A3346EFE706A90BA80BF0C4FC0028C6
:106EE000EDD100236374042105F10C000BF043FC89
:106EF000A0600780A36884E7324602A910F02BF84F
:106F0000EDE700BF24A902001475020043A90200A6
:106F10002DE9FF4105460E464FF000084FF420537F
:106F2000006817688DF8088002A91446ADF80A3089
:106F30000BF099FCA0B142F6010328688DF80C8093
:106F400003A9ADF80E300BF08EFC48B123691BB1DC
:106F50005A88B24200D25E80012004B0BDE8F081C0
:106F6000616828680BF07FFC10B100232361F3E710
:106F7000E368A0681A786AB1B7F81AC0798D038AF5
:106F80008C4594BFC3EB0C03C3EB0103934201DABE
:106F90000020E2E704210C300BF0EDFB20610680BD
:106FA00023695E80074B00930194A2680023294661
:106FB00038460CF0CEFB0028EADB2069003818BF09
:106FC0000120CAE7893502002DE9F3471768054615
:106FD000894600685168D7F804A014460BF043FCBA
:106FE000804600284BD19522294650460CF0C3FF1D
:106FF0000646207540B1E3681B780BB184F8148015
:10700000002002B0BDE8F087294650460DF06BF82D
:1070100010B908232375F3E7A06826750BF07EFBF3
:1070200002210C300BF0A7FB164B2061A0F800905A
:1070300000930194A2683346294638460CF089FB38
:10704000002807DA10F1FF0F26BF4042C0B20E2021
:107050002075D5E72369002BD2D0A0680CF074F915
:107060007B8D7A8B9A4294BFC0EB0200C0EB030089
:10707000E3681B78984294BF00200120C1E70120FB
:10708000BFE700BF593302002DE9F04182B000AFE5
:10709000044688463F4800220023394606F088FD12
:1070A0000546B0B16D4688B06A463B4BCDE9053424
:1070B000032342F8103F394800234FF4C251F9F737
:1070C000F7FDAD466FF00B0630460837BD46BDE80C
:1070D000F081FAF7BFFE324B1A58324B38681A600B
:1070E00029462C220FF028FF3B682F481C603C6883
:1070F0007D60C4E90155C4E9095500220023391D0A
:1071000006F056FD064688B123686C4688B06A468C
:107110002649CDE90513032342F8103F1F482B46AB
:107120004FF4C451F9F7C4FDA546CBE70146A022B0
:1071300078680FF001FF78681D4B836054300EF0C3
:10714000E9FC7B68BFF35B8F4C3353E8002F43E8C7
:1071500000610029F9D1BFF35B8F7B681C60636A13
:107160007D682BB904F10C000EF0D4FCC4E907666D
:10717000626AC5F89820A26A05F19803636202B9B1
:10718000A3627B6817225A855A830433C8F80030FB
:107190009AE700BF5C27002062A902001475020074
:1071A00008000000C85C00207827002087A90200A2
:1071B0008425002008B5437B072B06D00C4A02210A
:1071C0000C480CF0D9F8002008BD04210CF0A7F8F9
:1071D00010B9094A0121F3E7BFF35B8F836CBFF35A
:1071E0005B8FDB0701D4054AF4E750F8040CEBE7AA
:1071F000ACA9020014750200BAA90200FCA70200A3
:107200002DE9F04F85B000AFB860EFF3118840234F
:1072100083F31288BFF36F8F5B4D28460CF08AF81A
:107220002E68044688F31188BFF36F8F00285FD063
:10723000FBF704F85549182202FB00F3C81851F86F
:1072400003A00369FB600021D0E9025890F8049084
:10725000B0F806B00FF070FEA07AFAF7E7FF6169A8
:10726000034659B1627AD00706D4DA697B601268A6
:107270002046926890477B6800226261214618464A
:107280000EF05BFCB9F1000F0DD065B12B6853B166
:107290001B6843B1BAF1000F2ED03D4A3D4853461A
:1072A00001210BF0E4F81EB3B96800200EF0F7FCE2
:1072B00000281DDA6C468AB06A46374B0593374B77
:1072C000CDE906304FF40073ADF82030344B42F86E
:1072D000103F304800234FF41151F9F7E9FC002327
:1072E000A54683F31188BFF36F8F0323184602DF8F
:1072F0001437BD46BDE8F08F281D0CF025FB48462D
:10730000FEF72AFF0528CED801A353F820F000BFCE
:107310005973010029730100A7720100597301001C
:10732000A772010029730100BFF35B8FEB6CBFF301
:107330005B8FDA0705D41B4A164801210CF01CF8B4
:10734000B1E72B6D002BAED04FF47022002305F176
:10735000680006F0BFFFA6E72B68D3F80090BFF3E4
:107360005B8FEB6CBFF35B8FDB07E4D5B8F1000FED
:1073700099D0002403E0F9684846C0470134A3B21D
:107380009B45F8D88FE700BF785C0020805C002028
:10739000D5A9020014750200F4A90200DCB70200AE
:1073A00004000001FCA70200F8B50F461646FFF7DF
:1073B00001FFB0B1446A20461CB150F8984904B1AD
:1073C000983C731C194638B1428B458DAA4228BFA0
:1073D0002A469A4207D264B90A4A0B4802210BF0A6
:1073E00046F80020F8BD32463946BDE8F840FEF7C1
:1073F000BDBFD4F8985005B1983D20460B462C46A9
:10740000E2E700BF0FAA02001475020007B50B46A1
:1074100002460021FAF71EFD01910E4909580E4857
:107420000068884204D00D48D0F88000884201D11D
:107430000022134601A90A4806F0BAFB014638B9F2
:1074400001981C220FF078FD019803B05DF804FB51
:107450000020FAE708000000C85C002080570020E8
:107460009427002010B50446806818B1FAF786FF0B
:107470000023A36021460248BDE810400EF079BA0F
:10748000942700202DE9F743044668300F469046C4
:107490001E460EF041FC206D50B9154A15480221D8
:1074A0000BF06AFF204603B0BDE8F04300F094B84B
:1074B000114B98424FF0000317D045684360206D90
:1074C000D0F81890FFF7CEFF0023206823650CF05A
:1074D00070FA3DB12068CDF80090006843463A4606
:1074E0003146A84703B0BDE8F0831D46ECE700BF76
:1074F0002AAA020014750200CC5C0020F7B550F8EF
:10750000044C0546002C63D000F1940104F12400E2
:107510000CF055F82E1F05F15007002200233846C5
:1075200006F036FC0246B0BBEB6C2BB101466FF0A7
:1075300067033046FFF7A6FF002345F8043C05F13A
:107540004803BFF35B8F53E8001F21F0010143E8BC
:107550000012002AF7D1BFF35B8F636A002B37D18B
:1075600004F11C0630460BF0BFF8B8B904F10C0664
:1075700000220023304606F00BFC90B966689EB9E5
:107580001448266021460EF0F4F9286803B0BDE8DF
:10759000F04001F005B8FAF7F1FEBEE7FAF7EEFEAB
:1075A000E0E7FAF7EBFEE3E7A26833686360964230
:1075B00008BFA36077683FB1B369009300232068D8
:1075C0001A466FF06701B8473046FFF74BFFD5E723
:1075D00003B0F0BD5C27002010B504460430FFF76F
:1075E0008DFF606813210BF0F8FC034630B1044AAC
:1075F0000448BDE8104001210AF039BF10BD00BFAA
:1076000041AA020014750200F0B5044689B054F88E
:10761000683D00AF19683846FEF754FA6E4688B0E8
:107620006A460B4BCDE905374FF40073ADF81C30BB
:10763000084B42F8103F00234FF4E2510648F9F797
:1076400037FB2046B546FFF7C7FF2437BD46F0BDE0
:107650005FAA0200030000011475020070B550F823
:10766000043C0446061F002B3BD039B1C36C002BF1
:1076700037D01B7CDA0734D505231CE00568284683
:1076800000F07AFF6B7A012B2BD0E46C4CB3237C97
:10769000DB0726D5E368002BEED06269617C3046BB
:1076A000FEF764FE054668B9637C0E4A0E48012168
:1076B0000AF0DDFE0E23002230461146BDE8704080
:1076C000FFF7E0BED4E90512E368984718B12846F1
:1076D000FAF754FEEEE729463046FEF777FD00281C
:1076E000F5D170BD8BAA020014750200F8B51D46D5
:1076F0000F461646FAF7A2FD044C182303FB004080
:10770000C0E903760123C3800575F8BD805C0020C5
:1077100008B50EF06FFF38B1044A03460121044852
:107720000AF0A5FE6FF0040008BD00BFB2AA020077
:107730004475020038B5054648B1154B13F8011CD5
:107740001A465C1E0BF0BBFC58B1204606E01149FE
:107750000F480CF091FA78B10D4B581E38BD00203F
:10776000FCE7217C04F1110228460BF0A8FC00285C
:10777000F5D004F11000F1E7054B064903F11000C4
:107780000CF07AFA0028EAD0014B03F10F00E5E78C
:10779000015D00201EB7020070B50E4C23788342B5
:1077A00005460E4603D1601C0CF066FA68B9237BCF
:1077B000AB420CD1084831460CF05EFA20B10120F2
:1077C000404200F00C00204470BD0020F8E700208B
:1077D000FAE700BF8E6300209B63002070B54A1C4F
:1077E0000C46054688B90E4910460CF045FAA8B972
:1077F00004F10A0604F10B025DB1A17A28460BF0F0
:107800005EFC00B90026304670BD09780BF057FCCD
:10781000EDE7034910460CF02FFAF2E72646F2E7AF
:107820001EB70200024608B5084901300CF03BFAC9
:10783000002313720C32BFF35B8F52E8001F42E843
:1078400000300028F9D1BFF35B8F08BD1EB70200DE
:107850002DE9F04180460F4616461D46FFF79CFF76
:10786000044680B91249FFF797FF044630B9114A20
:107870001148BDE8F04101210AF0F0BD00F8018B8C
:1078800039460CF010FA23892BB962892AB926816E
:107890006581BDE8F0819E4204D36289AA42F8D294
:1078A0009E42F5D263892681AB42F2D2F0E700BF57
:1078B0001EB70200C8AA0200447502002DE9F04775
:1078C000284B164682689A4207462BD1C568AB8A78
:1078D00043B36C1C05F115094FF00008B4F80730EC
:1078E0009BB114F8011C224630460BF0E8FBE0B9CE
:1078F00014F8010C2146FEF76FF830B1437B072BDB
:1079000008BF48F00108FDF71BFC0A344C45E5D1DF
:10791000B8F1000F06D1AB69A5F8148013B1414648
:10792000384698470120BDE8F08706F1700A307AA2
:1079300051460BF009F978B90B4B9D4202D1304604
:107940000CF049FA094920460CF0ADF9002304F87F
:10795000013CA4F80730D8E7514620460CF0A3F9C3
:10796000D3E700BF71790100D42500201EB70200C3
:107970002DE9F8431E46BDF82030D1F80C80814631
:107980000F46002B45D1731E012B45D8012E4146D1
:107990000CBF15781588FFF721FF0446C0B915B94B
:1079A0003046BDE8F8834146FFF718FF044638B972
:1079B0001B481C4A02210AF051FD6FF01000F0E74D
:1079C00009F1700101300CF06EF999F8083023705C
:1079D000D8F81C308BB92581B8F81430AB4203D0ED
:1079E000414638460CF066F9002DD9D10E49601C8D
:1079F0000CF059F925702581D2E72A4639464846C8
:107A000098470028CDDB01380128E4D96FF00D003C
:107A1000C7E76FF00600C4E76FF00C00C1E700BFD6
:107A200044750200E7AA02001EB702002DE9F041EA
:107A30009846BDF81830012B0646174635D8434402
:107A4000012B454634DCFFF775FE044668B9FFF7A5
:107A500071FE044648B9194A194802210AF0FEFC91
:107A60006FF010052846BDE8F081B8F1000F11D085
:107A7000217A002321FA03F2D00703D53A78DA40BD
:107A8000D20718D50133032BF4D13B7803F0070359
:107A900019432172601C06F170010CF004F9337A6D
:107AA000237020460CF0BDF9DCE76FF00605D9E73E
:107AB0006FF00C05D6E76FF01205D3E701AB0200BB
:107AC0004475020010B504461448BFF35B8F50E8BC
:107AD000003F23F0020340E80032002AF7D1BFF351
:107AE0005B8FBFF35B8F0368BFF35B8FDA0704D54F
:107AF00000220023303806F0EDFB20460CF020F881
:107B000050B12046FFF716FE30B1037ADB0703D5EC
:107B1000BDE810400CF085B910BD00BF3849002009
:107B200010B5154801210CF0AFF8C30723D402218A
:107B300011480CF0A9F8084007D11049104A0B88E9
:107B4000104CA24211D300B10B800F490F480EF028
:107B5000D7F80E484FF4A4720023FAF7E7FCBDE80B
:107B600010400B490B480EF0CBB8506803449BB251
:107B700008320120E5E710BD205D0020A66300204B
:107B8000CC740200F4740200017E010098480020C9
:107B900061810100084900202DE9F041034648B108
:107BA000008A38B91249DFF84CE001244FF0140C78
:107BB000714501D3BDE8F081D1E90076BB4204D321
:107BC0000CFB0672143A93420ED93444A2B2083127
:107BD0001446EDE70CFB0578434507D001356219E3
:107BE000AE4292B2F6D1F2E70025F8E71046E1E79F
:107BF000CC740200F47402002DE9F74FBDF8305048
:107C0000009199464FF6FF73002D08BF1D46244B87
:107C10001B888342074690463CD203B0BDE8F08FF4
:107C200073682344BB4232D29CB208361D4B9E423D
:107C3000F6D3F2E78958019340460AF014FE019BFF
:107C400090B101340AF1010AA4B273685345ECD92A
:107C5000009B9C42E1D8BC42F3D331680BFB0AF293
:107C60008B18B8F1000FE5D1B9F1000F0BD1013D30
:107C7000ADB218460E9A0D9B21469847002DCCD0E8
:107C80000028DED1C9E7DA689145DAD1EFE74FF095
:107C9000000ADAE7044E01244FF0140BC6E700BFD8
:107CA000A6630020F4740200CC74020030B5E5B085
:107CB0001022002101A80FF03FF9182200210DEB3E
:107CC00002000FF039F94FF41053ADF81430274C7F
:107CD0008023ADF816304FF48063CDE907341022CD
:107CE00062AB01A905A807F03FFE0CAD034630B119
:107CF0001F4A204801210AF0BAFB65B030BD014699
:107D00004FF4AC7228460FF017F9D5F858112246F7
:107D100028460EF06CFC034608B1174AE9E7174AFB
:107D20002B464FF6FF7101200CF0FAF8144905AB11
:107D3000102228460EF070FC0446D5F8580107F0D2
:107D4000D5FD14B10F4A2346D3E70D4B214603F16D
:107D500010020131187812F8014D03F8014B08297F
:107D60001070F6D108480BF08FFFC6E70002C00381
:107D70002DAB02004475020056AB0200CD3B020061
:107D80008848002074AB0200384900202DE9F041FA
:107D90001849BDF818700446A1F1300015461E467A
:107DA0000DF0CDFFBFF35B8F134B1B68BFF35B8FF1
:107DB000190701D4FFF77AFF2046FFF7BBFC044602
:107DC00068B1037ADA070AD50C30BFF35B8FE3683A
:107DD000BFF35B8FDB0702D402210BF055FF1023AA
:107DE00006933A4631462846044BBDE8F0410BF075
:107DF00085BF00BFC84800203849002088480020BF
:107E0000054BBFF35B8F1B68BFF35B8F1B0701D470
:107E1000FFF74CBF704700BF3849002007B500236B
:107E20000193FFF7B9FE411C89B20846034A01AB32
:107E30000CF076F8019803B05DF804FB913B02006A
:107E40002DE9F04387B0437B072B02AF80460C46F9
:107E5000154640F0A68000233B73206842F60303DA
:107E600007F10C01FB810AF0FEFC0646002834D124
:107E7000D4F80490B9F1000F05D14C4A4C480121C7
:107E80000AF0ECFA8DE00123009007F10802214688
:107E9000C847031E11DA6D4688B002AA4549D3616E
:107EA0000423C2E9051442F8103F414833464FF419
:107EB0000151F8F7FDFEAD4673E0012B05D03E4AB7
:107EC0003B4801210AF0D3FA6BE03B7A13F0300F04
:107ED00067D02046FFF7A2FF0446002320683B73CB
:107EE00007F10C0142F60213FB810AF0BCFC18B149
:107EF0002046FFF793FF0446002642F60219206849
:107F00003E703946A7F802900AF0ADFC18BB00237A
:107F100020683B7307F10C0142F60213FB810AF063
:107F2000A2FC064600283CD1D4F80490B9F1000F19
:107F3000A3D00090022307F10C0221464046C84717
:107F4000031EA8DB022BBAD1BB8905EA0300003867
:107F500018BF012026E020683E7142F60303391D58
:107F6000FB800AF080FC0028D1D020683E724FF4DC
:107F7000205307F108017B810AF075FC0028C6D068
:107F800020683E7342F6010307F10C01FB810AF001
:107F90006AFC0028BBD02046FFF740FF04460028BB
:107FA000ADD100201437BD46BDE8F0838AAB020096
:107FB000447502009EAB0200C4AB02002DE9F843F9
:107FC000154689469422696806460BF0D4FF804620
:107FD000002842D1696802223046FFF731FF0028AD
:107FE0003ED04FF470200021AF8AFFF70FFA02371E
:107FF000044680B11C4B47611D214174C0F80C80C0
:10800000436085613A463046FFF7CEF9074638B9F6
:108010002046FFF727FA6FF00B052846BDE8F883E6
:10802000012342464146FFF761FBA98A07F10C0094
:1080300002310AF0A0FB20F8029BAA8A29690EF0FF
:108040006DFFA760214630460BF05DFD0546002818
:10805000E3D02046FFF706FADFE74FF0FF35DCE715
:108060006FF01505D9E700BF973B020070B50446D5
:108070008AB00D46374BBFF35B8F1B68BFF35B8F36
:108080005A0761D510B1437B072B60D16E68059606
:108090003046FFF781FD2A68ADF8180032B305A914
:1080A00002912D4901910121002300914FF6FF71AA
:1080B0000593FFF7A1FD059E1EB96FF001000AB000
:1080C00070BD6E60002330688DF8103004A942F650
:1080D0000303ADF812300AF0C6FB70B90598C36807
:1080E0009B799B0605D46FF01500E8E70028E9D1DD
:1080F000E3E70BF0CEFEADF81800BDF818003CB178
:1081000001230146AB752A462046FFF757FFD6E705
:108110006FF07F0307930223ADF8203042F602137D
:10812000ADF8123005ABAC7502930C4B01930123F3
:10813000009304AA23464FF6FF7109958DF810406D
:10814000FFF75AFD0798BAE76FF00A00B7E76FF03C
:108150007F00B4E714220020C53B0200D583010054
:1081600013B550F8082C01920346A0F1200100F14C
:108170003004BFF35B8F54E8002F22F0010244E883
:1081800000200028F7D1BFF35B8F0D4A43F81C2C69
:108190000C4A43F8182C01AA002043F8102C0422A2
:1081A00023F8080C23F8060C23F80C2CFFF75EFFCD
:1081B00018B9022120460BF067FD02B010BD00BFC8
:1081C000F47E0200C57A01002DE9F84F3D4B904640
:1081D00082689A4200AF054670D1D0F80C90D8F86A
:1081E000004009F1010609F1150AB6F80730F3B1AC
:1081F00016F8011C324620460AF061FFB8B14FF470
:108200009572294620460BF0B6FE30B3032812D1F2
:10821000EB4688B06A462C4BCDE9053542F8100F85
:108220002A4800234FF4C451F8F742FDDD460A36D0
:10823000564543D0D9E7052820460CBF4FF0030B25
:108240004FF0020B0AF035FF834506D998F8043049
:108250005B45ECD288F804B0E9E7494628460BF0C4
:1082600029FD1B4B994529D1207A04F17001FFF7B4
:1082700093FA054610B303890BB94389F3B120463D
:10828000FDF7B6F8134B2A8923F8202003EB80036F
:108290006A8911495A80182202FB00110F4A4A606C
:1082A0000B610F4A8A60042320468B82FFF7DEFEB3
:1082B00020B10C4A054801210AF0D0F80120BD4642
:1082C000BDE8F88F71790100DDAB02004475020052
:1082D000D42500208A630020E85C0020F47E0200A0
:1082E0002B3E0200F1AB020070B504468AB00D4689
:1082F000354BBFF35B8F1B68BFF35B8F5A075DD5B0
:1083000010B1437B072B5CD16E6805963046FFF7B2
:1083100043FC2A68ADF8180032B305A902912B4935
:1083200001910121002300914FF6FF710593FFF7A2
:1083300063FC059E1EB96FF001000AB070BD6E604F
:10834000002330688DF8103004A942F60303ADF81D
:1083500012300AF088FA70B90598C3689B79DB0679
:1083600005D46FF01500E8E70028E9D1E3E70BF04A
:1083700090FDADF81800BDF818002CB101462A4652
:1083800020460BF033FED8E742F60212ADF8122079
:1083900005AA6FF07F0302920D4A07930123CDE9EE
:1083A0000032ADF8203004AA23464FF6FF7109953C
:1083B0008DF81040FFF720FC0798BEE76FF00A0029
:1083C000BBE76FF07F00B8E714220020C53B020036
:1083D000D58301002DE9F84F404B144682689A423C
:1083E00080463AD1D0F80C903D4B99451DD13D4D7A
:1083F00000263D4928460BF03FFC78B915F8010CE2
:1084000007222946FDF73CFB50BB236915F8010CF8
:108410001A69294653881288FFF71AFA731C022B2F
:1084200005F10C054FF00106E3D109F1010709F14F
:10843000150AB7F80720A3899A420BD117F8010C47
:108440003946FDF7C9FA064620B1437B072B0AD00F
:10845000FCF776FE0A375745EBD14FF0010B2AE0C7
:10846000FCF76EFEDAE7D9F8203023B14146984791
:1084700008B93046ECE79422414630460BF07BFDCC
:1084800083460028F5D1A389022B17D1B7F807300E
:108490009A0720D52269A1883046FFF78FFD05464F
:1084A00018B92269937D013393753046FCF748FE75
:1084B000002DA560CEDA5846BDE8F88F012B0AD111
:1084C000B7F80730DB0706D52269A18830460BF0E4
:1084D0008DFD0546E9E75D46E7E700BF71790100DC
:1084E000D42500208F6300201EB7020013B50F4A69
:1084F00000904FF6FF7104466B4601208DF8040092
:108500000BF00EFD20460AF0D4FD9DF804108842C1
:1085100009D220460AF098FD034620B1044A0548D6
:10852000022109F0A4FF02B010BD00BFC981010003
:108530000EAC0200447502002DE9F0410D4B1B68A2
:1085400006460F46904623B153F8044904B1043C53
:108550000BB9BDE8F0811B681BB142463946304675
:1085600098472CB1656805B1043D23462C46EFE7DA
:108570002546FAE7245D002013B5084A009004461A
:108580006B4601204FF6FF718DF804000BF0C8FC1C
:10859000002120460BF061FD02B010BDC981010031
:1085A00070B503460F4A04464FF6FF7101200BF0E9
:1085B000B7FC2046FFF7BEF8054688B104F1700607
:1085C000207A31460AF0C0FA20B92846BDE870404A
:1085D000FFF728B93146681CBDE870400BF063BB5B
:1085E00070BD00BFBD7801007FB54FF42052ADF8DB
:1085F000162004AA02920B4A00230120CDE9003282
:108600004FF6FF7105AA04938DF81430FFF7F4FAC2
:10861000049B012B14BF6FF01500002007B05DF81C
:1086200004FB00BFEF40020008B501460448044BBC
:108630000BF076FD043B002814BF1846002008BD4F
:108640004449002010B50C4A11680C4ABFF35B8FF7
:1086500000F5B47353E8004F944204D143E8001C82
:10866000BCF1000FF6D1BFF35B8FBFF35B8FD0F887
:108670006801BFF35B8F10BD2C5C002040490020D7
:1086800008B5FFF7DFFFB8B1036843B1426832B104
:10869000826812B90B4A12783AB904200BE0094AF1
:1086A000127812B10BB1826842B9426842B9002B0C
:1086B00014BF0020032008BD0320FCE70120FAE7D7
:1086C0000220F8E7FA64002008B5034A03480121B4
:1086D0000BF024FD002008BD42AC020084750200AE
:1086E000024A034802210BF019BD00BF5DAC020035
:1086F0008475020038B5002304461A46EC300D4656
:10870000FDF768FB58B1693004D1074A07480121D9
:108710000BF004FD2846BDE83840F9F72FBE20468F
:10872000BDE838400BF058BD29A80200847502004E
:1087300038B5051D0446082128460BF056FD0849AA
:1087400004F15700FCF7E0FA48B1082128460BF085
:1087500025FD0448044A01210BF0E0FC082038BD47
:108760008F4402008475020076AC020038B5EC221A
:10877000054600210EF0E0FB102105F1270003F073
:10878000EBFC044648B9052128460BF02EFDFCF70A
:10879000ABFA034B1860204638BD0824FBE700BF46
:1087A0002C5D002070B50E4686B00446FFF74AFFE8
:1087B000F36804F137020546114603F1100053F83F
:1087C000046B41F8046B8342F9D1237A052B00F244
:1087D0009580DFE803F017232303936A02AB4B492C
:1087E0000093096804F1270304F1570001F0A8FA87
:1087F00058BB0A21201D0BF0F8FCAB680299D4F895
:10880000EC00984720460D210BF0EFFC201D1021B5
:108810000BF0EBFC20460BF01BFD17E094F8DC108E
:10882000D4F8D83002ADCB403849009503F00103AD
:10883000096843F0800304F157000BF0DCFE38B107
:10884000334A344801210BF069FC082006B070BDA2
:108850001022294604F117000EF07DFB08B1042018
:10886000F4E7032120460BF0C0FC0BF0F1FC0028DC
:10887000EBD194F8DC300133DBB2142B84F8DC301C
:1088800009D10D2120460BF0B0FC1021201D0BF06A
:10889000ACFC0020DAE7102104F1270003F05CFCB7
:1088A000003818BF0120C000D0E7102104F12700D4
:1088B00003F052FC0028C8D135B3EB6823B3164B44
:1088C000E27A1B88ADF80830A37C12F0010F08BFD4
:1088D0000320DB0703D5002814BF0120022000235A
:1088E000C4E938338DF809000C21201D0BF07DFC04
:1088F000EB68D4F8EC0002A99847CAE7074A054894
:1089000001210BF05AFCA0E702209FE72C5D00201C
:108910008FAC020084750200B8780200A8AC020097
:108920002DE9F04790B004460CAD102200212846F6
:108930000EF002FB237A052B34D8DFE803F00603A0
:1089400003063323D4F8D8300C93D4F8EC3004F178
:10895000470204F1C707CDE9017204F1370803F1BA
:108960007E0204F12709009277334A46414604F11A
:10897000970001F07DF9F0B1454A464801210BF01E
:10898000CDFB14E0D4F8E430002BDED02E4603F10A
:10899000100718685968324603C20833BB421646AE
:1089A000F7D1D2E73C4A3B4801210BF006FC0820F6
:1089B00010B0BDE8F087D4F8EC3003F177027E33D5
:1089C00008AE019304F111030292009303962B4623
:1089D0004246494638460BF033FE08B12F4ACCE7F1
:1089E000237A052B0ED1D4F8E01011B30B46AC4618
:1089F00001F1100E18685968624603C208337345C6
:108A00009446F7D1D4F8EC3003F17E0277330DF1C0
:108A1000100A019304F10A0302920093CDF80CA00E
:108A20002B464A46414638460BF00AFE30B11C4AF6
:108A3000A3E7102228460EF07FFAE3E71022514602
:108A400004F1B7000EF087FAF8B90D2120460BF0BB
:108A5000E0FB07460028AAD010210C3009F08BFE5D
:108A600032460346164603CEAE421860596032467F
:108A700003F10803F6D139462046FFF73BFE201DDF
:108A800001210BF0B2FB002092E70B2090E700BF22
:108A9000C4AC020084750200A8AC0200D9AC02008C
:108AA000FCAC020073B5047A022C054623D844B10D
:108AB00090F8DC30D0F8D840DC4004F0010444F0F9
:108AC0008004032128460BF0A4FB0646D8B11021F0
:108AD0000C3009F050FE009012482346006805F162
:108AE000270205F157010BF086FD044680B13046A0
:108AF000F9F744FC07E0032C08D00B4A0B48234647
:108B000001210BF05AFB082002B070BD0024D8E709
:108B100031462846FFF7EEFD281D21460BF03EFBAF
:108B20002046F1E72C5D0020A8AC0200847502000D
:108B300070B5061DCD6804460B2130460BF02EFBA8
:108B40002B4604F1170205F1100153F8040B42F80B
:108B5000040B8B42F9D1237A012B09D0022B13D1BC
:108B6000204604210BF041FBBDE87040FFF79ABF9F
:108B70000A2130460BF0D4FA0028F1D0304600210B
:108B80000BF033FB002070BD0348044A01210BF0B9
:108B900014FB0820F7E700BF84750200A8AC0200B0
:108BA000F7B50446FFF74EFD261D05460E2130465B
:108BB0000BF0B6FA78B94E4B2022196804F1570031
:108BC0000EF0C9F938B94B4A4B4802210BF0A6FA0E
:108BD000082003B0F0BD0C2120460BF01AFB07461D
:108BE0000028F5D040210C3009F0C5FD404B1B6832
:108BF0000246014603F1200053F804CB41F804CBB0
:108C00008342F9D1203203F1200153F8040B42F8DA
:108C1000040B8B42F9D139462046FFF76BFD237ACE
:108C2000052B5DD8DFE803F003491A035C590421E2
:108C300020460BF0DAFAFFF735FF0028C8D130469E
:108C400007210BF0D2FA0820FFF7EEFC00284DD1E7
:108C5000204603B0BDE8F040FFF76ABD2046D4F8D7
:108C6000EC70FFF7EFFC042105464FF0FF330DEBEE
:108C70000100019303F070FA0028A9D1019B1F4A5B
:108C8000B3FBF2F102FB11330193C4F8D83084F83E
:108C9000DC0055B12B6843B10B2130460BF0A5FA2F
:108CA0002B68D4F8D81038469847032120460BF09B
:108CB0009CFA0E210BF099FAC1E7204603210BF034
:108CC00094FA0E210BF091FA30460A210BF08DFA3E
:108CD0006B68D4F8EC009847B1E704212046E9E737
:108CE000074A054801210BF068FA71E7002070E798
:108CF0002C5D002020AD02008475020040420F0070
:108D0000A8AC020070B50E460546FFF79BFCF36861
:108D100005F15704224603F1200153F8040B42F8F1
:108D2000040B8B42F9D105F1770203F1200153F8CE
:108D3000040B42F8040B8B42F9D12046FBF730FFBD
:108D4000F0B11D4A1D4803210BF0E8F9281D0E2142
:108D50000BF04BFAD5F8EC40D4F8A40038B9207ADF
:108D600004F1700100F0D8FEC4F8A40098B1438A61
:108D700003F024037BB1437C9B070CD4032070BD1C
:108D80002046FBF719FF30B90C480D4A02210BF0C1
:108D9000C5F90B20F3E70B4B1C682CB9281D0621E5
:108DA0000BF023FA2046EAE72846FFF7F9FE0038E1
:108DB00018BF0120C000E2E73BAD0200847502004D
:108DC0005CAD02002C5D002038B512490446A0F1CC
:108DD000EC054C300CF094FF28460BF0A1FABFF3E1
:108DE0005B8F0D4A04F17C0353E8001F43E8002029
:108DF0000028F9D1BFF35B8FBFF35B8F80344FF056
:108E0000FF3354E8002F44E800310029F9D1BFF3C3
:108E10005B8F38BD599901004049002080B500AFF3
:108E200088B06A46074BCDE90530032342F8103F6E
:108E3000054800234FF4C251F7F73AFF6FF00B00DB
:108E4000BD4680BD78AD02008475020008B5084AB1
:108E5000D2F8EC3033B90748C2F8F000EC320A60BF
:108E6000184608BDFFF7DAFF6FF00B00F9E700BF07
:108E7000404900206C7F02002DE9F04188B0064691
:108E800000AF0B4604300D210BF04AF990B3DD68BA
:108E9000D6F8EC3003F17008197A424602200BF044
:108EA00070FB0446E0B941463846F9F7B5FA6E461C
:108EB00088B06A46124BCDE905374FF40073ADF820
:108EC0001C30104B42F8103F0F4823464FF4E2513C
:108ED000F7F7EEFE0820B5462037BD46BDE8F08125
:108EE0002B462E3405F1100253F8041B44F8041BE2
:108EF0009342F9D1304609210BF077F90020EBE7D6
:108F00009DAD0200030000018475020038B5174BC7
:108F10001B78054623B301F00F042846FFF7B0FB8A
:108F2000134A03280CBF04F00B0444F0040405F5B5
:108F3000B6731278BFF35B8F53E8001F013103D182
:108F400043E800200028F7D1BFF35B8FBFF35B8FAE
:108F5000D5F86C31BFF35B8F2BB144F0010038BD05
:108F600001F00704D9E704F0FE00F8E7FA640020F6
:108F700008270020F8B50D46D0F8EC700446FFF73E
:108F800061FBED68EB78102B01D00620F8BDD7F817
:108F9000A430002B73D0261D0F2130460BF0C0F8F3
:108FA00020B92046FFF7E2FB002871D1012363724C
:108FB0002B68C4F80A30AB88E38102232374A978B4
:108FC0002046FFF7A3FFE0742046FFF759FB10236C
:108FD000607423752B7903F0030363756B7903F0D9
:108FE0000103A375E37C1A0754D4052130460BF026
:108FF00097F800285CD0574B1B78A374E37C980645
:1090000006D5AB78990603D5142130460BF0EDF860
:10901000E37CDA074ED5AB78DB074BD50D21304624
:109020000BF0E3F8A37D84F8E830637D84F8E93041
:10903000032130460BF0D9F8237BE17C2D7803EA3D
:109040000102100704D5E27AA07C0243D20735D48E
:10905000042D35D80B4313F0040307D02046FFF747
:109060000FFB3D4B05EB85052B441B5C2372D7F8AA
:10907000A41020460BF05DF820BB032086E7387A69
:1090800007F1700100F048FDC7F8A400002882D164
:1090900008207BE7AB781B07A7D5052130460BF0EE
:1090A000A4F8637D03F0020363750023A3759CE7B6
:1090B0002A4BA1E700236375A375B3E70523D5E722
:1090C0000023D3E7D4F8EC309B7A032B33D022D89B
:1090D000013B012BDCD8052130460BF021F800289C
:1090E000CBD00C2120460BF080F802210BF091F838
:1090F00005460028CCD006210C3009F03CFBD4F802
:1091000011300360B4F81530838029462046FFF7FC
:10911000F1FA00203AE7042BBAD1237D627B934217
:1091200028BF1346102B7FF430AF052130460AF0DC
:10913000F7FF0028A1D0237A002B9ED005213046CE
:109140000AF0EEFF0028C6D1237A013B012BC2D8DA
:1091500093E700BFFC64002018B80200FB64002005
:109160002DE9F041C778012F044604D06FF01504B3
:109170002046BDE8F0810BF022F80546002800F0FB
:10918000A980061D042130460AF0CAFF002840F0DD
:10919000A480032130460AF0C3FF10B16FF00F0422
:1091A000E6E7394630460AF0BBFF0028F6D12846EC
:1091B000FFF748FAD5F8EC309B7A032B074640D0EE
:1091C00030D8013B012B46D90F21201D0AF0A8FF02
:1091D0000028CBD1D4F8A40090B904F17007217A0B
:1091E0003A46202000F0DAFCC4F8A40040B9217A05
:1091F0003A46042000F0D2FCC4F8A4000028B5D000
:10920000438A13F0240FB1D0A27A022A23D9417CD9
:10921000C907ABD5032A1ED09B06A7D5037C102B0C
:10922000A4D118E0042BCFD12846FFF729FA032850
:1092300004D1002FC8D0FB68002BC5D0284B1B7869
:1092400007E02846FFF71CFA032804D1002FBBD003
:10925000FB68002BB8D0D4F8A4303BB12846FFF708
:1092600085FA044670B16FF0680481E7207A04F152
:10927000700100F051FCC4F8A4000028EED16FF09A
:109280000B0475E70B2128460AF0C3FF07460028A8
:10929000E9D001210C3009F06EFA092180462846F8
:1092A000FFF734FE234688F800002246394605F1D0
:1092B000EC00FCF78FFD044618B13846F9F75EF86C
:1092C00056E730460F210AF090FF012128460AF0A8
:1092D0008CFF4DE76FF07F044AE76FF0040447E727
:1092E000FA640020F8B5D0F8EC40D4F8A430054674
:1092F000061D002B3CD102213B4A3C480AF00EFFE0
:1093000007213B4B5F5CD4F8A4304BB11B7C002B96
:109310005FD1D4F8A4000BF048F90023C4F8A430BE
:10932000022130460AF0FCFE40B9072F96BF314BB0
:109330001F21D95D3A462046FCF7FAFA0321304650
:109340000AF0EEFE10B32C4B1B68FBB153F80C690E
:1093500006B10C3ED3B15B6813B13946204698473D
:10936000002E3DD0F26802B10C3A33461646F1E7C2
:1093700049BB214B0D2130460AF0D2FE1B6807463F
:1093800023B153F80C6906B10C3E73B928460AF0B4
:10939000C7FF637B072B25D1627AA37A9A4221D03B
:1093A0002046BDE8F840FFF7DBBE1B6813B1394625
:1093B000204698472EB1F26802B10C3A3346164661
:1093C000E3E73246FAE70139C9B20E2999D90927EC
:1093D00099E7022130460AF0A3FE002899D19FE7C1
:1093E0003246C2E7F8BD00BFB7AD02008475020087
:1093F00009B80200F8B70200245C0020F8B5031D8C
:1094000006460F46184602210AF08AFE044620B19D
:10941000B6F8E840B4FA84F46409032118460AF067
:109420007FFE80B139463046FFF75CFFC4B11A4871
:109430001A4A02210AF072FED6F8EC00052109F062
:10944000CCFD0020F8BD012118460AF069FE002875
:10945000E8D10F2118460AF063FE0028E2D1E5E7C3
:10946000052130460AF0D5FE054688B101210C30B1
:1094700009F081F9234607702246294606F1EC00DF
:10948000FCF7A8FC0028DCD02846F8F777FFD8E7DF
:109490006FF06800D6E700BF84750200E1AD0200FE
:1094A000134B10B5044618604FF0FF324FF0FF33F6
:1094B000104804F0ABFB104804F012FF0D4804F014
:1094C00017FC1CB9BDE81040FFF70AB90B4CBFF3FD
:1094D0005B8F2368BFF35B8F5B0607D5201FFFF709
:1094E0005FFB18B10821201FFFF788FF10BD00BFE8
:1094F0002C5D0020F82500200C2600204449002087
:109500002DE9F3410B8A04460E4643B92D4A2E48F5
:1095100001210AF003FE002002B0BDE8F081012124
:1095200006F10C0009F057F9A4F1EC05E83C0746F8
:10953000042120460AF0F4FD3B7828B1234A224852
:1095400002210AF03AFEE6E70E2B01D9204AF6E79F
:10955000DFF8808058F833204AB902211E4A1A48A1
:109560000AF02BFE07212846FFF748FFD3E71946EC
:1095700028460AF0BEFE3B7860B91348174A02211C
:109580000AF01BFE032120460AF0CAFD0028C2D0C3
:109590000821E8E708EBC301328A0979914208D033
:1095A00001210093084813460D4A08F06AFF0A217A
:1095B000D9E7314658F83330284698470146002805
:1095C000A9D0D0E739AE02008475020054AE020083
:1095D00085AE0200947F0200A7AE0200C1AE020079
:1095E00005A902002DE9F04F99B090F8E930D1F8C3
:1095F0000C80D0F8EC6023F0020380F8E93098F892
:10960000003000AF054606F17009002B3BD098F8FA
:10961000063003F0C003C02B35D041463846F8F77A
:10962000FBFE6E4688B06C46614BDFF888816D4664
:109630004FF4007ACDE90537ADF81CA045F8108F3E
:1096400000232A465C484FF4E25107F1200BF7F75C
:109650002FFB4946B5465846F8F7DEFEA546574B60
:10966000A4F81CA0C4E9053BC4F8108052480023AC
:109670002A464FF4E251F7F71BFB0A20B546643740
:10968000BD46BDE8F08F0722414648460DF063FC19
:1096900068B1307A414600F0D9FA044638B1014643
:1096A00028460AF046FD48B320460AF07EFF0D2109
:1096B000281D0AF035FD002868D0317A4A4602207C
:1096C0000AF05FFF0446D8B907F14005494628462D
:1096D000F8F7A2FE6E4688B06A46394BCDE90535EB
:1096E0004FF40073ADF81C30324B42F8103F324853
:1096F00023464FF4E251F7F7DBFAB5460820BEE700
:10970000F378002B3CD106F17E03187801282BD189
:109710009A7902F0C002402A26D1D3F80120C4F879
:109720003E20B3F80530A4F8423096F87030DBB133
:1097300096F8763003F0C003C02B15D02149BC64E5
:1097400007F14002C7E91098FBF70CFED8F800308B
:10975000C4F80130B8F80430A4F8053098F80630A1
:10976000E3713046FCF7B4F800212046FAF73CFCE0
:1097700048B11148144A02210AF0D0FC03207EE7C8
:1097800006F17703C1E72046FAF740FC95F8E93087
:109790005B0703D50A2128460AF027FDB5F8E81033
:1097A00009B100206BE72846FFF79CFDF9E700BFF1
:1097B000DCAE020003000001847502005AAF020013
:1097C0009DAD020067430200F0AE02002DE9F041BA
:1097D0000E46D0F8EC800446FEF734FFF6680546E6
:1097E00033781048104A0121271D0AF0E6FC0A21AF
:1097F00038460AF07EFD38B16DB920463178FFF762
:1098000071FD0020BDE8F0810B2138460AF071FDA2
:109810000028F1D1F1E72B69002BEED040469847A4
:10982000EBE700BF847502002BAF02002DE9F04387
:10983000054689B0A0F1E806044600AF88463046E8
:10984000012155F8EC990AF054FD28B3B8F1000F46
:1098500017D0032130460AF063FCE8B14046F9F71F
:1098600027FC0138C0B208289ABF374B1C5C002483
:10987000022130460AF0B9FC21462846FFF732FDA6
:109880000AE099F80B303BB1032130460AF048FC5E
:1098900030B928460AF044FD2437BD46BDE8F083C0
:1098A000052130460AF03CFCB8B114F8043C1B0713
:1098B00007D514F8033C180703D5112130460AF0E8
:1098C00094FC14F8043C23F0080304F8043C14F856
:1098D000033C23F0080304F8033C14F8033CD907C5
:1098E00010D5062128460AF080FC022130460AF0F5
:1098F0007CFC2168D1F8A46066B134F8041C00290E
:10990000CAD1BAE79A0701D50821EBE75B07ECD586
:109910000A21E7E770313846F8F77EFD6D4688B0DA
:109920006A460A4BCDE905374FF40073ADF81C3099
:10993000074B42F8103F074833464FF4E251F7F720
:10994000B7F9AD46A8E700BF00B802004DAF02006E
:10995000030000018475020037B5A0F59C75A0F5E1
:109960009A74BFF35B8F2368BFF35B8FBFF35B8F8A
:109970002A68BFF35B8F084800920121074A08F06C
:1099800080FD28460821FFF7ADFC0421204603B0E6
:10999000BDE830400AF029BC8475020062AF0200C5
:1099A0002DE9F04389B000AF04460AF008FC0546F3
:1099B00080B3061D032130460AF0B2FB50B3D4F841
:1099C000A40008B10AF0F1FD04F17009207A4946BB
:1099D00000F0A2F88046C4F8A400F8B94946384619
:1099E000F8F71AFD6E4688B06A46414BCDE9053757
:1099F0004FF40073ADF81C303E4B42F8103F3E4828
:109A00004FF4E2514346F7F753F90821B54628468B
:109A1000FFF7F4FC2437BD46BDE8F0830E21304645
:109A20000AF07EFB28B1D4F8A420537C43F0020353
:109A300053742B7A032B0DD8002B4DD1D4F8A420CE
:109A4000537C23F020035374D4F8A420537C23F0D8
:109A500001030DE0053B012BF0D8D4F8A420537C82
:109A600043F020035374D4F8A420537C43F0010343
:109A700053742B7D697BD4F8A4208B4228BF0B46FE
:109A80001374052130460AF04BFBD4F8A420537C14
:109A900048B343F0100353740D2130460AF040FBE5
:109AA0000028B7D0D4F8A40020210AF07AFDD4F819
:109AB000A43005F147021E33573552F8041B43F812
:109AC000041BAA42F9D1D4F8A42000235361936166
:109AD000D4F8A42093839DE7052130460AF020FBAB
:109AE0000028ABD0BFE723F01003537492E700BF08
:109AF0009DAD0200030000018475020008B5044B0F
:109B0000044801221A70FBF799F8002008BD00BF35
:109B1000FA6400201426002070B505461248037828
:109B2000AB420C464FF0010604D1072230440DF041
:109B300012FAA0B12EB10D490D4807220DF00BFA13
:109B400078B9094A134603F8015B2168C2F801108D
:109B5000A1889980A179997140F21123D3600248BC
:109B600070BD0020FCE700BF305D00201EB7020082
:109B7000315D0020F8B5084F164604460D46002218
:109B80007B8A234002B1F8BD002BFCD03146384619
:109B9000A8470122F4E700BF305D002070B50B4CF0
:109BA000638A03400D464FF000061146227808D024
:109BB000954204D10722601C0DF0CDF918B1304652
:109BC00000E0184670BD2046FCE700BF305D002075
:109BD000F8B50B78012B06460C4601D00020F8BDE5
:109BE0008B7903F0C003402BF8D1154D6F8A2946BD
:109BF000BF0711F83E2B4FF0000304F1010006D51A
:109C0000B24204D106220DF0A6F9B8B10023002B10
:109C1000E4D16B8A9B07E1D52B78B342DED1661C79
:109C20000848314608F00CFE0028D7D0D4F801309F
:109C3000C5F83E30044BB4F805209A800048CEE7C2
:109C4000305D00205E5D00206E5D002010B5074C89
:109C50002378834208D10722601C0DF07CF900288C
:109C60000CBF2046002010BD0020FCE7305D002026
:109C70002DE9F0439BB0304CDDE923871D46844637
:109C8000894616460CAB04F1300E206861681A460E
:109C900003C2083474451346F7D120681060227956
:109CA0001A716146202204A80AF08DFC23486B46F5
:109CB000202204A900F072F80446C0BB10224946D5
:109CC0000DF135000AF07FFC102231460DF1450000
:109CD0000AF079FC2946062211F8013B8DF855302F
:109CE0000DF156000AF06FFC2299062211F8013B93
:109CF0008DF85C300DF15D000AF065FC43463522BD
:109D00000CA9684600F04AF8044680B940460AF0BB
:109D100064FC01238DF8303035223B460CA968469F
:109D200000F03CF8044610B938460AF056FC2046CC
:109D30001BB0BDE8F08300BFBA78020031B8020062
:109D400070B598B00E4614460146202204A81D4660
:109D50000AF039FC202231460CA80AF034FC10220B
:109D6000294614A80AF02FFC1022214668460AF062
:109D70002AFC6B46502204A9684600F00FF840B94F
:109D8000039B054A1BBAB3FBF2F102FB11331C9A89
:109D9000136018B070BD00BF40420F002DE9F041C4
:109DA0008EB007460C4615460021182208A81E460C
:109DB0000DF0C2F84FF41053ADF81C30DFF85C80A2
:109DC0008023ADF81E304FF44063CDE909381022EE
:109DD00005AB394607A805F0C7FD034648B1104A50
:109DE0001048012108F043FB6FF004000EB0BDE8FD
:109DF000F08106AB029310232246CDE90063414671
:109E00002B4605980CF035FC0446059805F06EFDD0
:109E10002043EBD0044A2346E2E700BF0002C00320
:109E2000AAAF02002C750200C6AF0200142870B55C
:109E300003460C4612D80B4A12F81010D4E900055C
:109E400002EB4302A0FB01065278002301FB0561EF
:109E5000F0F75CFCC4E90001002070BD6FF0150054
:109E6000FBE700BF41B8020008B502F03BFF034624
:109E700068B10748074A012108F0F9FA06486FF06F
:109E800004034362BDE8084014300AF029BC08BD51
:109E9000F4740200DFAF020090220020044B93F81C
:109EA0003A3013B1034802F0CBBFFFF7DDBF00BF6C
:109EB000902200206D9F0100094BBFF35B8F53E898
:109EC000002F511C43E800100028F8D1BFF35B8F2E
:109ED0000AB9FFF7E3BF6FF00F025A62704700BF85
:109EE0009022002080B500AF88B06A46094BCDE9CA
:109EF00005304FF40073ADF81C30074B42F8103FAB
:109F0000064800234FF4E251F6F7D2FE6FF004004A
:109F1000BD4680BDF9AF020003000001F4740200E9
:109F200038B50F49002205460E480CF0FAF800201B
:109F300002F0C4FD044630B12868FFF7D3FF6FF08C
:109F40000404204638BD024601210720F7F77CFEB5
:109F50000548C368002BF4D104300AF0C1FBF0E7D8
:109F6000B99E0100F022002090220020F8B503786D
:109F7000002B40F09A80574CE36A94F850701F42CF
:109F8000254607D1A36A002B3FD15348BDE8F840CE
:109F90000AF0A6BB94F89810A26D94F85160A1B98C
:109FA0000121DBB20B420BD00F4208D016EA010CA4
:109FB000B2F9000024D000EBD070401010800232C3
:109FC000490089B2B942EDD9DCE73340018915D0A7
:109FD00002EB41019142D5D0B2F9003003EBD373CB
:109FE0005B1022F8023BF5E732F91360002EB8BF90
:109FF00022F8130001338B42F6DBC3E71846FAE779
:10A000000028B8BFA2F800C0D9E7236C43B1B4F868
:10A010004C2032493248984701280BD0022837D0CB
:10A02000B4F84C30B4F848209A4231D90133A4F83E
:10A030004C30002094F89830B3B994F8521018B905
:10A04000A36D03EB4103A365A06D02F00BFE034675
:10A0500050B12448244A012108F009FA6FF00403A2
:10A060001D4863620AF03CFBE36B1BB9BDE8F84096
:10A07000FFF714BFBFF35B8F55E8003F5A1E45E85A
:10A0800000210029F8D1BFF35B8F012BEEDCF8BD76
:10A09000E36B002B3FF479AF94F89830002B7FF4FA
:10A0A00074AF124804F03EFF6FE7022B0FD102F0AD
:10A0B00019FE03460028EAD00A480D4A012108F09B
:10A0C000D6F904486FF00403436214305EE7052BB1
:10A0D000DDD15AE790220020A4220020B8220020DF
:10A0E00004720200F474020019B00200F022002091
:10A0F000DFAF02002DE9FF410F464FF0FF338048EC
:10A100004FF0FF3203F0AAFE7E68731EFE2B05D9C6
:10A110007C4A7D48012108F0A1F910E00024254681
:10A1200026FA04F3DA0715D502F010FDE040C30764
:10A130000ED4764A23467448012108F098F96FF04E
:10A1400015046F480AF0CCFA204604B0BDE8F0814F
:10A150000135EDB20134082CE2D10DB96C4AD8E7D3
:10A160003B7CA3F10802062A0FD8DFE802F0100EAC
:10A17000120E040E0C000221012D7A7C0BD0002A55
:10A1800046D0644AC5E70321F6E7634AD3E70021D6
:10A19000F2E70121F0E7082A06D8DFE802F0080814
:10A1A000080808080808080013465C4AC3E73B682B
:10A1B00073B35C6864BB186801387F2828D88DF8B1
:10A1C00008208DF809401B68554A1B01013BADF87A
:10A1D0000A30012382F898308DF80C3002AA514BD6
:10A1E000304602F0EFFC04460028AAD13B686A0022
:10A1F00013B19B8903FB0222FB68934211D24248B0
:10A2000000920121484A08F03CF96FF00B0498E7EE
:10A21000434B002083F89800424B304602F09CFCF0
:10A22000E1E73F4E86F8525096F89830B868B0652E
:10A23000B04673B13B689D890135A9B202F012FDA9
:10A24000044640B1394A034601212F4808F00FF96E
:10A2500077E72946F2E7BC46BCE80F00344D0FC54E
:10A26000DCF800302B6074623B68002B45D00FCBCC
:10A270002F1D87E80F00F36BB762A6F84C40002B48
:10A280003BD0BFF35B8F58E8003F48E80042002A0C
:10A29000F9D1BFF35B8F96F89810E1B9F46B2548BC
:10A2A000254A4FF400470023E4FB0701F0F77EFA4C
:10A2B0000022CDE90001002305F1280004F0FAFD99
:10A2C0001E484FF0FF324FF0FF3303F0C7FD00B1DF
:10A2D0007062746A35E702F005FD03460028EFD08E
:10A2E000174A0948012108F0C2F86FF00403A5F1EC
:10A2F000240073620AF0F4F9E2E7FFF7CFFDDFE72D
:10A300009422002032B00200F474020050B0020027
:10A310006AB00200A5B0020080B00200D7B002000F
:10A32000902200206D9F0100FAB0020019B00200D7
:10A33000B82200203F420F0040420F00A42200201C
:10A34000DFAF020030B587B000230393CDF80F30A4
:10A350004B798DF813300B7913F020050C4615D08E
:10A360008A797F2A08BFFF228DF81420C3F30402E4
:10A3700003F01F03072B8DF8152009D95A4A5B48B3
:10A38000012108F074F86FF015059DE0FF22EBE75E
:10A3900022780C2A1ED8DFE802F00A07111D131DCF
:10A3A000151D1D17191D1B0001228DF80E20627846
:10A3B000032A15D0042A16D04D4A0CE00222F4E7F5
:10A3C0000322F2E70422F0E70522EEE70622ECE79B
:10A3D0000722EAE7474A4548012108F03FF8D2E75B
:10A3E00001228DF80F20628844F20A018A4227D8A0
:10A3F00043F6FE718A4203D8002A4BD03E4AEAE770
:10A40000A2F57F523F3A0B2AF8D801A151F822F069
:10A410009DA40100FDA30100FDA30100FDA3010017
:10A4200063A40100FDA301005DA40100FDA30100E0
:10A43000FDA30100FDA30100FDA3010095A40100FF
:10A4400044F214018A4227D044F228018A4225D0DE
:10A4500044F20F018A42D1D1032200E001228DF89B
:10A4600010202649012000FA03F391F85020DBB2B6
:10A470006DB3A5797F2D13D1134381F85030237923
:10A4800091F8512003F01F0300FA03F3134381F8FE
:10A4900051300BE00222E2E70422E0E70522DEE78A
:10A4A00022EA03028DF8110081F8502003A80BF076
:10A4B0004BF8054640B1237903F01F03104A009082
:10A4C00001210A4807F0DDFF284607B030BD1343DD
:10A4D00081F85030237991F8512003F01F0300FADE
:10A4E00003F322EA0303D2E71FB10200F47402006F
:10A4F00055B1020036B1020079B10200902200206D
:10A50000A4B10200084B70B5C31A0D4607499B1051
:10A5100004465943064840220AF0EDF82B4601460E
:10A520002046BDE870401847885D0020B76DDBB657
:10A530005C71020073B50C4C0C4A4023041B009361
:10A540000D460B460A49A4106143064609480AF025
:10A55000FEF8014628B130462B4602B0BDE87040F7
:10A56000184702B070BD00BF885D0020BB470200E5
:10A57000B76DDBB65C7102000022F8B5012105461B
:10A580001046F7F761FB104801F0F0FE0446B8B939
:10A590000AF0B8FC2F690D49384607F03EFE031E4D
:10A5A00009DB01263E642D69084905F11C0007F00E
:10A5B00034FE031E02DA1C462046F8BDEE64FBE7BB
:10A5C0006FF00404F8E700BFF9A601000C80020058
:10A5D0001FB500220123CDE902236C46074A6B46D2
:10A5E000CDE900440AF0E2F828B94FF48042002394
:10A5F000684603F033FC04B010BD00BFCD47020035
:10A6000010B5EFF31184402383F31288BFF36F8FEB
:10A61000074A136823F00201DB07116002D401200E
:10A620000AF06AFC84F31188BFF36F8F10BD00BF7E
:10A63000D85D002030B4104B0C2202FB00330146E1
:10A640000020D3E90E529863EFF31180402484F385
:10A650001288BFF36F8F1C6C04F0C00444F0020436
:10A660001C6480F31188BFF36F8F1DB12B46034824
:10A6700030BC184730BC7047885D00205C71020018
:10A6800010B4EFF31180402282F31288BFF36F8F72
:10A6900017490B6843F0020413F001030C601AD051
:10A6A0004FF08043D3F80C14D3F80C3413F00103AB
:10A6B00011D0EFF3118182F31288BFF36F8F0D4A2F
:10A6C000136C03F0C00343F00203136481F3118899
:10A6D000BFF36F8F012380F31188BFF36F8F1BB11E
:10A6E00010BC0020FFF7A6BF10BC012001F02EBE59
:10A6F000D85D0020885D002010B1012804D070478B
:10A70000034B1B6C5B0701D1FFF794BF704700BF81
:10A71000885D0020F8B52849BFF35B8F064601220B
:10A7200051E8003F41E800200028F9D1BFF35B8FDA
:10A7300033B9224922484B60CB608A6007F080FD24
:10A74000731E012B2CD80BF032FB044650B1EFF3F3
:10A750001185402383F31288BFF36F8F01244FF0DC
:10A7600080470EE0174B1B78002BF0D04FF0804352
:10A770000222C3F808230546F1E794B1284607F002
:10A780006AFFD7F81824D7F81834D203F5D59B07F9
:10A7900001D0012EF1D14CB185F31188BFF36F8F39
:10A7A000F8BD002121200BF0C9FBEAE74FF0804300
:10A7B0000222C3F80423F3E7845D0020745D0020C7
:10A7C000A45D00205768002008B50448F5F7BCFEDA
:10A7D0000248F7F7F1FC002008BD00BFE1A7010027
:10A7E00073B5104E8DF807000446032501220DF1C4
:10A7F0000701002002F0EEFF20B101233370204654
:10A8000002B070BD3378002BF9D0013D08D00BF0B9
:10A81000CEFA0028EAD1002142200BF08FFBE5E7B9
:10A820003570ECE7FD640020EFF31182402383F3E1
:10A830001288BFF36F8F0A4BD3F8001161B100216A
:10A84000D3F80805C3F80011D3F80031C0B282F381
:10A850001188BFF36F8F70476FF00A00F7E700BFF2
:10A8600000D00040F0B503468478C678EFF3118E2F
:10A87000402080F31288BFF36F8F1D7893F801C0DA
:10A88000641B3440A24288BFA2B2AF1837402846AA
:10A890001F708EF31188BFF36F8F8F188F4218D1FE
:10A8A00065450CD1EFF31181402080F31288BFF38E
:10A8B0006F8F1878587081F31188BFF36F8F1B79F1
:10A8C000A41AA34228BF074B90B224BF01221A60EA
:10A8D000F0BD03EB000E01309EF805E001F801EB3E
:10A8E0003040DBE700D00040DB432DE9F04713F0B8
:10A8F00001050F46144604D02448FFF7B3FFBDE816
:10A90000F087B2B3EFF31186402383F31288BFF3CD
:10A910006F8F0D20F7F78AF980460D20F7F772F94F
:10A9200086F31188BFF36F8FDFF864A0194ECAF861
:10A930000051DAF800314FF400590123CAF8003011
:10A940002546C6F88091DAF80031A3B1FFF76CFF15
:10A95000031EA4BF05F1FF35ADB2C6F88091A8BFB4
:10A960007B55002DEFD1B8F1000F02D00D20F7F785
:10A970003BF92046C3E7EFF31180402383F31288AD
:10A98000BFF36F8F07F067FEDDE700BFFC5D0020BF
:10A9900000D0004000E100E070B50D4614460CB94F
:10A9A000204670BD4FF0FF334FF0FF320C4803F0EC
:10A9B00055FA224629460B48FFF754FF0646084839
:10A9C00003F018FA3EB94FF0FF324FF0FF3306485C
:10A9D00003F044FAE6E7A41BA4B23544DFE700BF66
:10A9E000DC5D0020115E0020EC5D002038B5012206
:10A9F000114617480BF0AFF8154D0122002105F163
:10AA000010000BF0A8F840F207432B874FF070635B
:10AA10002B620C2385F8243000240E4B85F835403A
:10AA2000EC86D3F8042522F00102C3F804250121A5
:10AA3000C3F80041D3F80021C3F80413224619607B
:10AA40000D20F7F701F90D20F7F7CEF8204638BDB5
:10AA5000DC5D002000D0004010B5FFF7E5FE0028C7
:10AA600020DB174B93F8222093F8214093F8231012
:10AA7000141B31EA0404C0B20DD193F8372093F8C7
:10AA8000364093F83810141B31EA04040BD10D4BF7
:10AA900001225A600EE09C180132114084F8250012
:10AAA00083F8221010BD9C180132114084F83A003E
:10AAB00083F837100448BDE8104003F09BB900BF8D
:10AAC000DC5D002000D00040EC5D00202DE9F0436B
:10AAD000476840F20636D0063B7C87B002EA06069D
:10AAE00054BFC2F3401C4FF0030C01F01F05B6F534
:10AAF000837F144645EA43158DF803C044D00DD832
:10AB0000062E16D005D8A6B1022E3FD06FF0150044
:10AB100037E0B6F5807FF9D101260AE040F2022243
:10AB2000964235D0B6F5407F34D0B6F5007FEDD1F2
:10AB30000226220330D57A6801238B40C2F80835FB
:10AB4000B868A0BB05F01F036D092DD0012D77D18A
:10AB50003E4A02EB8302C4F30043D2F8001783F0AD
:10AB60000103C4F3404444EA430421F4E16144EAAC
:10AB70008C0421F0070144EA06230B43C2F8003796
:10AB8000002007B0BDE8F0830726D2E70426D0E70F
:10AB90000526CEE70326CCE7630341BF01237A688D
:10ABA0008B40C2F80C35CBE74FF0A042D1E70DF156
:10ABB000020229460AF01EFC14F4403F80460CD1E4
:10ABC000B86829460AF04BFCB8F1000FD8D19DF8BF
:10ABD0000210B86801F0C8FCD2E74FF0000901ABE1
:10ABE000CDE90199CDE90439CDF80C90B86803AAF4
:10ABF00029460AF0D4FA4845C2DB14F4003314D0D5
:10AC0000C4F300449DF803308DF80E3084F0010445
:10AC10008DF80C608DF80D40B8684B4603AA2946A4
:10AC20000AF070FB0028CFDAAAE7CDE904330DF172
:10AC300003030393B86803AA29460AF0B0FAF1E7C0
:10AC400003F5E07350F82330FFDE00BF000300502F
:10AC5000420970B5034602D0012A17D070BD0D4ECF
:10AC6000326951680029F9D003F01F0301250C68EF
:10AC70009D400029F2D08A682A4002D04B683046B5
:10AC800098472CB1236821461C46F2E7024EE7E7BD
:10AC90002346F8E7947102007871020038B54568E0
:10ACA000A86890B10AF0D5FB014670B9A8680AF00F
:10ACB000B4FB044658B902460649A8680AF097FB57
:10ACC000224605210620F6F7BFFF002038BD6FF0B1
:10ACD0000400FBE751AC0100F0B544681646A068DB
:10ACE000227C01F01F0587B045EA421500286DD08F
:10ACF000B6F5001F04D129460AF004FC002056E0F6
:10AD00006268607CC2F8240501AA0020B6F5800FB5
:10AD10000190506037D1B3F1007F14BF05230423A5
:10AD20008DF804300023CDE904230393E36823FA6C
:10AD300001F111F001010DF103073AD1B6F1A07F45
:10AD400037D105F01F036A0903F5E07326D0012A05
:10AD50003FD1214A52F82330DB072AD4A0683A4673
:10AD600029460AF047FB16301BD00297A06803AAB9
:10AD700029460AF014FA002819DBA06801222946A6
:10AD80000AF06FFBBAE7B3F1C06F05D0B3F1007FF3
:10AD900014BF01230223C3E70323C1E74FF0A042FE
:10ADA000D8E7A068394601F0E5FB0028DDDA07B0F6
:10ADB000F0BDA0683A4629460AF01CFB0028D5D110
:10ADC0009DF80310A06801F0CFFBCFE76FF085007E
:10ADD000EDE751F82330FFDE00030050044A054B35
:10ADE0009362054A1A60012100220320F6F72CBF66
:10ADF0001C260020385E0020003000402DE9F04F76
:10AE000089B002AFD0F810A0BB6043683A61D3F8B4
:10AE100020B09B8A7B614FF0FF324FF0FF33054635
:10AE20000C4609F08FFD0AF13C03FB600023002271
:10AE30000AF13C00002603F011F833463A699642C5
:10AE400001D300235DE0207A010700F19B803A697D
:10AE50002168013696420BD2820709D4227D80EA0E
:10AE6000020C0CF0010C02F004025CEA020C24D08B
:10AE7000002B50D101F06042B2F1005F4ED1D4F806
:10AE80000080A3884FF00009BA68CAF85080217A80
:10AE900000922846424600F0A5F8031E31DB4FF42D
:10AEA0008042F868002302F0D9FF00284BD02846E2
:10AEB00009F05FFD6FF0730323E04FF00108626853
:10AEC000D7F814E003EB020CF44529D96C468CB09A
:10AED000286802A92E4ECA61C1E905637B690A464A
:10AEE000C1E9083040F203530B852A4B42F8103F6A
:10AEF000002329484FF45151F5F7DAFE6FF01B0398
:10AF0000A54628467B6109F021FD7B691C37184660
:10AF1000BD46BDE8F08F4FF00008D0E79846CEE779
:10AF2000C00705D40BEB03007B600BF0F7FF7B68D9
:10AF300062681A4493B2B8F1000F0CD1002B9ED076
:10AF40009946D846A0E7DAF84C30002B1DDB237A6F
:10AF5000DB0702D400230C3470E7C345FAD1234643
:10AF60000AE0A9EB0201D8687B601FFA81F918FAA0
:10AF700081F10BF0D3FF7B685A689145A3F10C0374
:10AF8000EFD2E7E76FF08503BBE76FF00403B8E7A4
:10AF900039B2020006000001B475020008B5CA0704
:10AFA00043680AD4C1F34201012909D002290FD014
:10AFB0000A4A0B48012107F051FA6FF0150006E02C
:10AFC0009B6A1B684FF0CC72C3F82425002008BD93
:10AFD0009B6A4FF0C8621B68F6E700BF1FB3020010
:10AFE000B4750200F0B589B047680C4616460021DA
:10AFF00012220DF10E001D460BF09EFF04F001031E
:10B000008DF80C30BDF838308DF80D30BB8C0495C0
:10B01000AB4206960AD20A4800930A4A2B460121FF
:10B0200007F02FFA6FF01B0009B0F0BDC4F3400227
:10B0300082F00102B86A520103A902F08BF8F3E72B
:10B04000B475020031B30200B0B5456800AFAB691A
:10B0500004469847E869012109F07CFC2A69A86A3E
:10B06000234629460AF00BFB002818DA23686C46B1
:10B0700088B06A460C49CDE905134FF40073ADF86A
:10B080001C300A4B42F8103F094800234FF4E251AC
:10B09000F5F70EFE6FF00400A546BD46B0BD204694
:10B0A00009F07FFC0020F8E7F9AF0200030000017F
:10B0B000B47502002DE9F0412C4E002440F2FF153A
:10B0C000E3B28B4201D3002015E050F8247017F44E
:10B0D000804FC7F3C32CC7F308033ED13F0EAB42EA
:10B0E00008BF4FF0FF330B2F16F80CC005D00C2F04
:10B0F0002DD06FF08500BDE8F081C2F80835BCF1B5
:10B10000000F01D14FF0060C5F1C1ED003F01F078B
:10B110005B091FD0012B23D1DFF854E050F8243015
:10B120000EEB8707DFF84CE0D7F8008708EA0E0E31
:10B13000C3F3C038C3F341239B0043EA480343EA07
:10B140000C2343EA0E03C7F800370134B8E7C2F80E
:10B150000C35D4E74FF0A04EE0E76FF01500CAE7DA
:10B1600007F5E077002353F82730FFDE6BB80200C5
:10B1700000030050F0F8FCFF08B578B10849094A0F
:10B180004FF4004E8C460021E0FB0EC100236046C8
:10B19000EFF70CFBBDE808400AF0D0BE08BD00BFC9
:10B1A0003F420F0040420F002DE9F041466896F8FB
:10B1B000268008F00308B8F1000500AF044618BF68
:10B1C000012509F00CFCB06A30B92946204609F087
:10B1D000AFFCBD46BDE8F0810AF07AFB0346B8B982
:10B1E000B26A6C4688B011686A461F48CDE905010D
:10B1F0004FF40071ADF81C101C4942F8101F1C4898
:10B200004FF4E251F5F754FD6FF01200A546E0E768
:10B21000B8F1000FF28DB06A96F82C100CBF4FF405
:10B22000B0134FF4D0131A43D0F810E0D0F80880D0
:10B23000DEF8006042F3000303F4402353404FF074
:10B24000010C23F480120CFA01FCDB074CBF4CEA22
:10B25000060626EA0C06CEF80060D8F800309847BB
:10B260000028B2DAB5E700BF78B30200030000019E
:10B270001C76020070B5012383400F4ABFF35B8F39
:10B28000DC4352E8001F01EA040542E80056002EA4
:10B29000F7D1BFF35B8F4FF4803282400748C0F88C
:10B2A0000823BFF35F8FBFF36F8F03EA01000038FD
:10B2B00018BF012070BD00BFA85E00200010014033
:10B2C00070B41249D1E90034D01AC31844F1000413
:10B2D00022F07F46C1E90034A6F50013B3F5400F14
:10B2E00009D20B4B1B681A0A1B069C19094B42F129
:10B2F0000005C3E90045EFF31181402383F3128871
:10B30000BFF36F8F70BC03F0DDBC00BFC04A0020EC
:10B31000AC5E0020C84A002011B3BFF35B8F01234D
:10B32000104A834052E800CF4CEA030C42E800C1C7
:10B330000029F7D1BFF35B8F0B4A4FF48033834072
:10B34000C2F80433094BBFF35B8F1B68BFF35B8FFD
:10B35000C340DB0742BF064B4FF40032C3F8002165
:10B36000704700BFA85E002000100140A45E0020CE
:10B3700000E100E00D4B1868010A0006BFF35F8F83
:10B380000B4BD3F80435181841F10001B3F5801FB9
:10B390000AD2084BD3E90023904271EB030303D296
:10B3A00010F1807041F10001704700BFAC5E0020D9
:10B3B00000100140C84A00202DE9F04F85B0164624
:10B3C0001F469DF840A00446FFF754FF0190FFF789
:10B3D000D1FFB04271EB07035ED23E4B301A67EBF0
:10B3E0000101984271F1000109D36FF01505204663
:10B3F0000199FFF791FF284605B0BDE8F08F364B65
:10B4000003EB0413D3E902239F4208BF964254D0B2
:10B4100032494FF4803804F1500508FA04F8AD00C1
:10B42000C1F848832046ADB209F049FC26F07F4BB5
:10B4300005F1804504F5A87305F58835DC464FF025
:10B4400003090293029A2CF07F4341F82230C1F89D
:10B450004483D1F80435224A6FF00200C01A6044D8
:10B4600020F07F40904228D9286868B1D1F804358F
:10B470000393A3EB0B0020F07F40B0F5000F1CD925
:10B48000204609F01CFC039BBAF1000FADD109EB7B
:10B49000030C09F10109D5E7BAF1000FA5D1012389
:10B4A000104ABFF35B8FA34052E8000F184342E8F5
:10B4B00000010029F8D1BFF35B8F07490E982301E3
:10B4C00001EB0412C8500F9B5360C2E902670025CC
:10B4D0008DE700BF01008000B04A0020001001404D
:10B4E000FDFF7F00A45E00207FB51C4C1C4BC4F800
:10B4F0000833C4F848331B4B00254FF0FF304FF0A2
:10B50000FF31C4F80855C3E902014FF48033C4F891
:10B510000433154B02264FF400320121C4F80463B2
:10B520001120C3F880212A46F6F78EFB1120F6F78A
:10B530005BFB0E4A0123A360236013600C4B0D4A92
:10B540000093CDE9015500232846FFF735FF30462B
:10B55000FFF7E0F8284604B070BD00BF00100140BE
:10B5600003000F00B04A002000E100E0A85E0020C8
:10B57000C1B20100FFFF7F002DE9F7432B4CD4F847
:10B58000043399070BD5D4F8043143B1284A00237A
:10B59000C4F80431D4F80431136801331360D4F8CB
:10B5A0000433DA0323D5BFF35B8F224B53E8002F1C
:10B5B00022F0010143E800100028F7D1BFF35B8FB0
:10B5C000D30702D4D4F840318BB10025C4F84051E0
:10B5D000D4F84031FFF7CEFEEFF3108272B6164B6F
:10B5E000D3E90267B042B94104D282F3108803B0B4
:10B5F000BDE8F0834FF0FF384FF0FF39C3E902890F
:10B60000D3E900101D604FF48033C4F84833C4F808
:10B610004051D4F8403182F310880029E7D00090DF
:10B6200032463B4628468847E1E700BF001001400C
:10B63000AC5E0020A45E0020B04A002030B5431C60
:10B64000124C85B005D08442A8BF0446012CB8BF77
:10B650000124FFF78FFE0E4B0C4DD3E90013401A67
:10B66000B0F5000F10D22218AA4228BF2A4652185D
:10B670004FF0000007490091CDE9010043F10003BC
:10B68000FFF79AFE05B030BD2A46F0E7FFFF7F00C6
:10B69000C04A0020C1B2010008B5FFF76BFE024BA3
:10B6A0001B68C01A08BD00BFC04A002037B5046936
:10B6B00094F835300D464BBB0B7B022B29D10B6820
:10B6C0000BBB94F834204B68D2B9134A591E9142EF
:10B6D00019D823630DF1070120460AF03FF810F155
:10B6E0000C0F0BD0AB689DF8070013B1021D44F896
:10B6F000223094F83430013384F8343003B030BD54
:10B70000226B9A42E6D06FF01500F7E76FF00F005A
:10B71000F4E76FF08500F1E7FEFFCF0710B50022D8
:10B72000046901211020F6F78FFA00232046034A0E
:10B73000BDE81040194609F0EDBF00BF41B7010058
:10B74000F8B50A4E0C46012704B9F8BD94FAA4F5E1
:10B75000B5FA85F52B1D56F8233013B10448294658
:10B76000984707FA05F524EA0504EDE74C26002082
:10B77000CC71020002460B46014802F047BA00BFF6
:10B78000B0270020014802F0B3BA00BFB027002064
:10B7900008B5F5F7BFF90448044A012106F05EFE3A
:10B7A0000020F6F727FE00BF9C750200C6B302001A
:10B7B000014902480AF073BAB45E0020E055002047
:10B7C000094B93F80031042B02D1810709D470474B
:10B7D000022B02D1020704D47047082B03D1830641
:10B7E00001D5FFF7E5BF70470E65002010B4034692
:10B7F0000A46034881680C681946234610BC18475E
:10B80000B0710200B0B584B000AF3B1D00247C6075
:10B810000A22BC60C7F80B403960014618460BF09D
:10B82000AAFB6D468AB0396803466A460D480791FF
:10B83000CDE905034FF40073ADF820300A4B42F810
:10B84000103F0A4823464FF41151F5F731FAAD463F
:10B8500084F31188BFF36F8F0323184602DF10377C
:10B86000BD46B0BDE3B30200040000017C750200D8
:10B87000F0B589B0064600AF34480D4634490AF0A9
:10B88000F2F907F10C00EEF7B4FF6C4688B06A4697
:10B89000304B0593304B06934FF40073ADF81C30DA
:10B8A0002E4B42F8103F2E492E4807F10C03F5F7B6
:10B8B000FFF9A5462C480AF00BF850B92B4A294845
:10B8C000012106F0CBFD6FF0120420462437BD465F
:10B8D000F0BD274B7B60381DE5F7E0FF034638B12C
:10B8E000244A2048012106F0C2FD6FF01504ECE760
:10B8F0004FF0FF304FF0FF31FFF73CFF04460028C8
:10B90000E3D11D491D48E5F715FC044610B1FFF7CA
:10B9100039FFDAE741F64C5307F10800BB60E7F75F
:10B9200093F820B1FFF72EFF6FF08504CDE70123D8
:10B9300038463B70EFF787FF0028F3D1FFF722FF6F
:10B9400033690F481D60F6F763FEBEE7B45E002062
:10B95000F54D0200D09A020008B402000300000175
:10B96000C01C40017C750200B07102002FB40200BF
:10B97000EDB701004FB40200D04A002055BA0100D3
:10B98000C1B7010030B5304887B0E5F757FB044632
:10B99000002854D1E5F70CFC0125E5F715FCEEF77E
:10B9A0002AFFEEF72AFFEEF72AFFEEF72AFF03AA97
:10B9B000022120468DF80C50E5F76EFB00283DDB98
:10B9C000082303AA07212046ADF80C30E5F764FBF5
:10B9D000002833DB4FF0FB13039303AA40F2032349
:10B9E00003212046ADF81030E5F756FB002825DB93
:10B9F00003AA042120468DF80C50E5F74DFB0028E2
:10BA00001CDB1F2303AA06212046ADF80C30E5F706
:10BA100043FB002812DB40F60C33984212D90B4A44
:10BA2000009029460A4806F02CFD84F31188BFF3E4
:10BA30006F8F0423184602DF6FF00B000446204688
:10BA400007B030BD2046F9E705B8010073B4020025
:10BA50007C75020073B5434C94F800313BB394F805
:10BA60000031042B56D120783E2833D1A678B31E5E
:10BA70005E425E416378FF2B2ED14FF480730093BA
:10BA800040F20113384A3948012106F0FAFC384ADD
:10BA900036486FF00B03012106F0E9FC002383F325
:10BAA0001188BFF36F8F0423184602DF1DE04FF0AB
:10BAB000FF304FF0FF31FFF75DFE48B904F58071AC
:10BAC000204600F033FB0546FFF75CFE002DC6D094
:10BAD00002B070BD0026CDE7002200233146F6F704
:10BAE000A5FD054648B9002EF2D0002384F80031A8
:10BAF00002B0BDE87040FFF75BBE627802321949C0
:10BB000005F10C0006F03DFE1A4B1B481B68294648
:10BB10009847EAE7022B10D1002200230820F6F70D
:10BB20005FFD05460028D3D063880433B3F5807FDA
:10BB30000FD94FF480720092A4E7082B0BD1002399
:10BB400000222020F6F74CFD638805460028ECD142
:10BB5000BEE71A46D3E7094A0448012106F087FCEC
:10BB6000C3E700BF0E65002096B402007C7502009A
:10BB7000F0B40200B05E0020E8710200B7B4020029
:10BB80002DE9F341A94D2C780746002C40F0C682E0
:10BB900004238DF80730A64B0688D3F80080B8F14F
:10BBA000000F15D1B6F5105F4FEA96230BD2002B8C
:10BBB00000F0A782013B072B62D8DFE803F0266183
:10BBC0004D95616161DD3F2B00F0DE81012019E2BE
:10BBD0000DF106030DF10702691CC0470128E1D0F1
:10BBE0009DF8063013B9012840F08E820F236B7048
:10BBF0000423AB700123E8702B71A5F805600123C5
:10BC00002B70002002B0BDE8F081384640F20642B9
:10BC100030F9033B934219D040F21D42934218D0B1
:10BC2000012042F219039E4200F2588242F20C03B4
:10BC30009E4200F24C8240F2064340F21D429E4278
:10BC400018BF964214BF0124002430E0E6F7AAFC96
:10BC5000E7E7E6F71DFDE4E7384640F6634230F9D2
:10BC6000033B934234D00EDC40F60342934223D090
:10BC700040F62D42934222D040F60142934213D027
:10BC80000120044613E040F67B42934223D040F665
:10BC90007C429342F4D19DF80730664902338DF817
:10BCA0000730EFF76DFD01E0E5F7CCFA012484F0F1
:10BCB00001038DF8063093E7EEF792FDF6E79DF865
:10BCC00007305C4903338DF80730EFF791FBEDE760
:10BCD000E5F7CAFAEAE79DF80730564904338DF8CC
:10BCE0000730EFF73FFDE1E73B88A3F58053013BC9
:10BCF000082BC5D801A252F823F000BF21BD0100D6
:10BD000033BD010047BD010081BC010081BC0100C1
:10BD100081BC010081BC010081BC010067BD010044
:10BD20009DF80730434808338DF80730EFF74EFB96
:10BD3000BCE79DF807303F4840338DF8073009F0E5
:10BD40005BF80020B2E79DF8073008338DF8073024
:10BD5000384B00221A605A60EB7A23F0600343F0FC
:10BD60006003EB72EDE79DF80730324806338DF83B
:10BD70000730EFF772FB99E7384630F8033BA3F53D
:10BD80000053013B4D2B00F29381DFE813F0550087
:10BD900062006B0091017400770091017A007D00D0
:10BDA0008000910191019101910191019101910115
:10BDB0009101910191019101830086008F00910111
:10BDC0009800A100AA0091019101910191019101B6
:10BDD000B5009101BE0091019101C100C400C700EE
:10BDE000CA0091019101D300D600D900E200EB0016
:10BDF000EE00910191019101910191019101910157
:10BE000091019101910191019101910191019101A2
:10BE10009101910191019101910191019101910192
:10BE20009101F10091019101FA0000BF0F6600201D
:10BE3000C45E002016660020E5F720FA42F2640393
:10BE40009E423FF434AF42F264039E4200F2DA8035
:10BE5000E7E69DF80730B34803338DF80730E6F77F
:10BE600097FBEBE79DF80730AE4808338DF80730B5
:10BE7000EFF706FCE2E7EFF70CFBDFE7E6F7E4FCA1
:10BE8000DCE7EFF72AFCD9E7EFF702FCD6E7E6F7A5
:10BE900035FDD3E7EFF7E4FBD0E79DF80730A14984
:10BEA00010338DF80730EFF7CFFAC7E79DF807306A
:10BEB0009C4808338DF80730EFF794FABEE79DF8F9
:10BEC0000730984902338DF80730EFF72BFCB5E7C0
:10BED0009DF80730934902338DF80730EFF733FCB4
:10BEE000ACE79DF8073008338DF807308F23EB71EE
:10BEF000C023EB720020A1E79DF807308949023387
:10BF00008DF80730EFF7D4FA98E7E6F77DFB95E771
:10BF1000EFF7F1F992E7EFF711FA8FE7EFF744FA4D
:10BF20008CE79DF807307F4801338DF80730EFF735
:10BF300049FA83E7EFF728FA80E7EFF71CFA7DE785
:10BF40009DF80730774808338DF80730EFF7E0FAAF
:10BF500074E79DF80730734904338DF80730EFF725
:10BF600002FB6BE7E6F768FB68E7EFF742FB65E784
:10BF70009DF807306B4802338DF80730EFF753FA1E
:10BF80005CE7EFF7D5FA59E738464FF60C5230F830
:10BF9000033B934222D84FF60252934212D803F247
:10BFA000FF3292B20A2A3FF611AEA3F57C43013B61
:10BFB0000A2B7FD8DFE803F01E347E7E7E5B7E7E18
:10BFC00049525E00A3F57D43033B092B72D8DFE89D
:10BFD00003F05A715D717171607171634FF61452A3
:10BFE00093425CD04FF6165293427FF4EFADE6F7E2
:10BFF00033FD07E09DF807304A480C338DF80730D1
:10C00000EEF701FC42F285039E4274D842F26703C8
:10C010009E4251D842F26603F41A18BF012446E644
:10C020009DF8073040338DF807303E4B00201880D4
:10C03000EB7923F0230343F02303EB712B7A23F0F6
:10C04000070343F007032B72DCE79DF80730354800
:10C0500017338DF80730EEF7F0FBD3E79DF8073084
:10C06000304820338DF80730EEF70BFCCAE7EEF7C7
:10C07000E2FBC7E79DF807302A4801338DF8073007
:10C08000EEF71CFCBEE7EFF7DEFBBBE7E6F7DCFCF8
:10C09000B8E7EEF729FCB5E7EFF7BEFBB2E79DF88E
:10C0A0000730204904338DF80730EEF721FCA9E76B
:10C0B0000120C3E60120C6E6A6F50153283B9AB24B
:10C0C000194BD34003F0010383F00104EFE5A6F51B
:10C0D00000530D3B9AB241F24123F2E742F23203A0
:10C0E0009E423FF4E4ADA6F50153033B012B94BF00
:10C0F00000240124DBE526F008034FF602529C1AC7
:10C100008BE701242046D2E59DF80730AB700E2264
:10C1100001236A70EB70AE80A87170E54FF0FF30BC
:10C1200070E500BF166600202F80402038B5094C0E
:10C1300023780D461BB9BDE83840EEF7BABCA278AB
:10C14000611C02320AF0EAFE0020042320702B70EA
:10C1500038BD00BF0F66002070B505460E46084C7E
:10C16000204609F0B5FB38B1A368B2B22946204693
:10C170001B68BDE8704018476FF0120070BD00BF2B
:10C18000B071020002484FF4007103F07BB800BFA9
:10C190005766002013B54FF4FA73ADF8043000234E
:10C1A0008DF806304FF48053ADF80030104A02236A
:10C1B000192168468DF80230EDF7F4FE044698B96F
:10C1C00008F00BFB80B2EBF743FF01222146082069
:10C1D000F5F73AFD012221460B20F5F735FD012246
:10C1E00021461046F5F730FD204602B010BD00BFD5
:10C1F00005C201000149024809F051BDCC5E002092
:10C20000E0550020B0B584B000AF3B1D00247C6039
:10C210000A22BC60C7F80B403960014618460AF094
:10C22000AAFE6D468AB0396803466A460D480791F2
:10C23000CDE905034FF40073ADF820300A4B42F806
:10C24000103F0A4823464FF41151F4F731FDAD4633
:10C2500084F31188BFF36F8F0323184602DF103772
:10C26000BD46B0BD48B5020004000001E4750200FF
:10C2700013B500241549164800946FF009034FF4D4
:10C28000806201F089FF1349114809F096FD1249B7
:10C29000124809F0E8FC224604211920F5F7D4FCE5
:10C2A000BFF35B8F0E4B012253E8001F43E80020D1
:10C2B0000028F9D1BFF35B8F0A4905484FF40032DB
:10C2C000002301F0A9FF204602B010BDC07D002070
:10C2D000E05500205CB50200914E0200CC5E0020CB
:10C2E000C85E00203023002010B5BFF35B8F084BE1
:10C2F0001B68BFF35B8F53B1EBF740FEBDE8104006
:10C30000044905484FF40032002301F085BF10BDF9
:10C31000C85E002030230020E05500200346024A7A
:10C320000248022106F0A3B870B5020004760200AC
:10C3300010B9024B1B681847FFF7F0BFDC5E002006
:10C34000014B01201B681847DC5E002028B1012842
:10C3500007D104490020EBF793BD034B01201B6874
:10C360001847704731C30100DC5E0020014B1860A4
:10C3700000207047DC5E00204FF08053D3F830215E
:10C380000D2A55D14FF080410022C1F80C21C1F88F
:10C390001021C1F83825304AD3F80404C2F820052A
:10C3A000D3F80804C2F82405D3F80C04C2F8280511
:10C3B000D3F81004C2F82C05D3F81404C2F83005E1
:10C3C000D3F81804C2F83405D3F81C04C2F84005A9
:10C3D000D3F82004C2F84405D3F82404C2F8480571
:10C3E000D3F82804C2F84C05D3F82C04C2F8500541
:10C3F000D3F83004C2F85405D3F83404C2F8600509
:10C40000D3F83804C2F86405D3F83C04C2F86805D0
:10C41000D3F84004C2F86C05D3F84434C2F8703540
:10C42000D1F80034DB0709D56FF00103C1F80034FF
:10C430004FF08053D3F830310D2B0CD14FF0805397
:10C44000D3F834313BB14FF01023D3F808224FF02A
:10C450008043C3F85825704700C00040036803F0CC
:10C460001F025B09026004D0012B034818BF0020A3
:10C4700070474FF0A040704700030050034A430943
:10C4800000F01F00D35C1844C0B2704773B80200BC
:10C49000024611F0010030B515D18B07C1F3400001
:10C4A00022D51249D1F8200550604FF08052C1F8D2
:10C4B0002005D2F830210D2A08BFD1F820250038F8
:10C4C00018BF012010E04FF0A0444FF08055D4F881
:10C4D00020351360C4F82035D5F830510D2D08BF34
:10C4E000D4F82045002BD8D030BD00BF0003005049
:10C4F000F7B504460846FFF7C1FF04EB40060D46BA
:10C50000B38ADB072AD5204608F027FE29462046B5
:10C5100008F093FD50B1204608F0A5FD276807EB11
:10C5200080000023C0F81035C0F810352946204699
:10C5300008F0C2FD0021B18201A80195FFF78EFF2E
:10C54000019B00EB8300074BD0F80027134043F01A
:10C550000203C0F80037084603B0F0BD6FF01500C5
:10C56000FAE700BFF0F8FCFF014808F0F1BC00BF9B
:10C570008826002010B504480C4608F0CBFC0028A3
:10C58000A4BF2070002010BD882600202DE9F04FA8
:10C59000074689B057F8049BD9F80413C9B28346FB
:10C5A000082241F00041484608F0AFFD051E2FDA91
:10C5B0000023032106A8CDE90633FFF769FF634B8B
:10C5C00001930DF118084FF0000A019A604912F822
:10C5D000013B0192DA0803F007038A5C22FA03F3B5
:10C5E000DB071CD40AF10103022B08F104084FF009
:10C5F000010AEAD14FF000410022484608F085FDCB
:10C60000032106A8FFF744FF0028D8D125F00045F4
:10C610000124002D40F0848009B0BDE8F08F4D4B1F
:10C6200053440293D8F80060002EDBD0029B96FAA8
:10C63000A6F61C78B6FA86F646EA44142046FFF7BA
:10C640001DFF0BEB4000F208818A18F802000594E8
:10C65000C1F382030393009306F00706012303FA54
:10C6600006F620EA060008F8020005A8FFF7F6FE25
:10C67000059A039B02F5E07211F0100F50F822604A
:10C68000C6F3014633D0009A3846214608F0F5FC3F
:10C6900005A80594FFF7E2FE059B03F5E073F6B2EB
:10C6A00050F82330C3F301439E4207D100212046B6
:10C6B00008F0B4FC3146204608F0B0FC05A805940B
:10C6C000FFF7CCFE059B012202FA03F3C0F82035E8
:10C6D0004FF08053D3F830310D2B01BFD0F8203507
:10C6E000D0F82035D0F82035D0F820359AE7022E42
:10C6F00014BF022103212046039308F08FFC039B03
:10C70000032B03D0022E07D1012BD7D1009A21464B
:10C71000384608F0B2FCD1E7032ECFD1022BF4E764
:10C7200095FAA5F3B3FA83F304FA03F225EA0205B6
:10C7300003F5A2720BEB430359F82220B3F87010F3
:10C74000C2F30142384608F098FC62E783B8020061
:10C75000B480020083B8020080F08003042B04D868
:10C76000054B034413F8800C704707289ABF034B0E
:10C77000185C0020704700BF85B802008AB802002C
:10C78000064B93F82E00012806D0022818BF042873
:10C7900014BF01200020704700207047E05E002099
:10C7A00010B5164B164A0020C3F8000592F82F402A
:10C7B000D3F8041382F82E40146821F033010CB131
:10C7C00041F02301C3F81C01D3F81C41C3F8180140
:10C7D000D3F81841C3F80801D3F8080192F83400DF
:10C7E00092F8332002F0010200F00100D20142EA87
:10C7F00080120A43C3F8002310BD00BF0070004040
:10C80000E05E002070B50D4A002392F8301001253B
:10C810001E4618B90BB182F8301070BD90FAA0F323
:10C82000B3FA83F305FA03F40C3302EB430320EA73
:10C830000400DE8021EA04010123EAE7E05E002033
:10C8400073B50023044601AA0E464FF4807101938C
:10C8500008F05AFE4FF48A71204608F055FE4FF456
:10C8600082710546204608F04FFE20B11EB115B179
:10C87000144BD3F8343601AA4FF48471204608F0E3
:10C8800043FE4FF48671204608F03EFE4FF4887157
:10C89000204608F039FE0C4B234083B14FF48E75CF
:10C8A000294601AA204608F02FFE291F083589B223
:10C8B0002046ADB208F028FEB5F5AE7FF0D1019864
:10C8C00002B070BD00700040C0FF3F002DE9F04F86
:10C8D0009A464FF0805393B0D3F830311C9D0D2B06
:10C8E0003BD10DF1080C0AAF3E4C3E46E04600231A
:10C8F00004EB031E0133DEF8189548F8049B082B5F
:10C90000DEF81CE546F804EBF2D1D4F8F065D4F873
:10C91000403601934FF0010E0023D4F84496D4F82A
:10C920004886C4F8FC3FC4F8FCEF2E4C5CF804BB0E
:10C9300004EB031E0133CEF818B557F804BBCEF84C
:10C940001CB5082BF2D1019BC4F84036F6B2C4F8EE
:10C950004496C4F84886C4F8F065234B002483F855
:10C96000334083F834409C601C611D6083F83100C3
:10C970009C831C4BC3F8F015C3F8F4257DB3232228
:10C98000C3F80023184D174C00220127110107FAA4
:10C9900002F301F18046034006F5E04619BF95F821
:10C9A0001EE095F81FC09C469E46002B04EB010339
:10C9B000C6F810E5C6F814C5D3F8181514BF5646C6
:10C9C000002621F08071013241EA0661082AC3F88D
:10C9D000181505F10205D9D113B0BDE8F08FC3F8E1
:10C9E0000053CFE700700040E05E0020F8B5044639
:10C9F000067A4779417AC079FFF7AEFE10B96FF039
:10CA00001500F8BD214A01F10C0502EB4503012F89
:10CA1000987139D13046FFF79FFE0028EFD002EB26
:10CA20004505E871E378A0781B03000200F4E0609C
:10CA300003F480530343207800F00300034320797C
:10CA4000000400F4E02003436078000100F03000AF
:10CA50000343A079000600F080700343607900056D
:10CA600000F480100343080100F1804000F5E0402D
:10CA7000C0F81835012303FA01F192F830300B4366
:10CA800082F830300020BCE70020C8E7E05E0020DC
:10CA9000084B01229A600022C3F81421D3F8141124
:10CAA00005498020C1F88001C3F80025C3F800259E
:10CAB000704700BF0070004000E100E070B5204DFD
:10CAC00095F82E40002C38D1FF20012685F82E60E5
:10CAD000FFF798FE1B4B1C48C3F80041D3F8002118
:10CAE000C3F80441D3F80421C3F81041D3F810214E
:10CAF000C3F81441D3F814311C239A0806FA02F142
:10CB000011F0330F1CBF03F1804101F5E24102F146
:10CB1000FF3218BF0C6006FA02F218BF096812F063
:10CB2000330F1CBF1C501A5808335C2BE5D107206B
:10CB3000F5F75AF80020286070BD6FF07700FBE72A
:10CB4000E05E002000700040FC700040014B93F854
:10CB500030007047E05E00202DE9F7430746994614
:10CB6000FFF70EFE044608BBDFF8508098F830301F
:10CB7000082601252F4203D02B421CD00134E4B2F9
:10CB8000013E4FEA4505F5D10D4BC3F8F865131E7C
:10CB900018BF01233846CDF80090FFF797FE022317
:10CBA00088F8324088F82E30304601E06FF00F00F0
:10CBB00003B0BDE8F0836FF01500F9E7E05E0020F8
:10CBC000007000402DE9F341804615461A46FFF7F4
:10CBD000D7FD0646002837D1204F97F830C00820EF
:10CBE0003446012318EA030F04D013EA0C0F2ED0A9
:10CBF0000134E4B201384FEA4303F3D16B8813B137
:10CC0000012C27D832B328786B7818B113B9012CCE
:10CC100020D80126009202464046FFF757FE6B8857
:10CC20000F4A0BB143F48053C2F8F83587F832400D
:10CC30002B7987F83530042387F8366087F82E3053
:10CC4000002002B0BDE8F0816FF00F00F9E76FF04F
:10CC50001500F6E76FF08500F3E700BFE05E002007
:10CC60000070004030B51D4A136904466BBB00F0EC
:10CC70006043B3F1005F2BD192F83250B1FBF5F372
:10CC800005FB131038BB0BB2002B24DD92F82E30BD
:10CC9000052B06D8032B0BD8022B0ED06FF0760095
:10CCA00030BD062BFAD10E4BC3F82C46C3F8301614
:10CCB00093683BB1C2E90441F2E78D420BD1C2E96E
:10CCC0000245EDE7C2E90241EAE76FF07700E7E7E6
:10CCD0006FF00C00E4E76FF00600E1E7E05E002093
:10CCE000007000402DE9FF41524CA368002B00F07A
:10CCF0009D8094F82E20022A06D0042A33D06FF0AB
:10CD0000760004B0BDE8F0814B4D0126C5F8006502
:10CD10002168E26849B1032184F82E10C5F82C3649
:10CD2000C5F830262E600020EBE7C5F82C36C5F894
:10CD300030262E6008F000FC04F108036E600193B9
:10CD400001990220FFF77CFD0028F9D03A4B002220
:10CD5000C3F80821D3F80811C3F80C21D3F80C113B
:10CD6000C3F80025DFE7344D4FF00108C5F8008512
:10CD7000276857B1052284F82E20E268C5F82C36C2
:10CD8000C5F83026C5F80080CDE7A18B94F8322095
:10CD9000039203EB41030293C5F82C36C5F8302605
:10CDA000C5F8008008F0C8FB94F8363063BB224D0C
:10CDB00001236B6002A90220FFF742FD0028F9D091
:10CDC0000023C5F80831D5F80821C5F80C31D5F88D
:10CDD0000C21A18B94F832200A44E16892B28A4275
:10CDE000A28321BF154AA383D2E90201236124BF94
:10CDF000C2E900011846104B4FF0000238BF6FF037
:10CE00000F00C3F800257CE7D5F8F465F6B208FA00
:10CE100006F6013EBE42CAD9C5F8048000210420AE
:10CE2000FFF70EFD0028F9D00137F3E76FF00B0094
:10CE300067E700BFE05E002000700040E85E002071
:10CE4000F8B50246FFF79CFC002851D12A4E2B4C26
:10CE500096F82E3086F82F30072386F82E300123DF
:10CE60007260C4F80035D4F80453C4F80003E360DA
:10CE70003AB125F0C00545F03305C4F80053002051
:10CE8000F8BD00211020FFF7DBFC0028F9D00023BB
:10CE9000C4F80431D4F80431194BC4F82C360127F6
:10CEA0000223C4F83036276008F046FBA760002153
:10CEB0002020FFF7C5FC0028F9D0104B0022C3F852
:10CEC0000421D3F80411C3F80821D3F80811C3F8DA
:10CED000002596F82F1086F82E10C3F81C21D3F8E1
:10CEE0001C11C3F81821D3F81821C3F80053C6E762
:10CEF0006FF00F00C4E700BFE05E0020007000404C
:10CF0000F85E00207FB56249614E3320FFF798FC40
:10CF100010F0100F05460BD05E4B1022C3F808230B
:10CF2000B218C3F82C260222C3F8302601221A6058
:10CF300015F0200F584C10D094F82E30554A072B7E
:10CF400005D0D2F834369BB2E36000232361D2F8D7
:10CF50000433DB0601D5FFF723FCA80717D5002211
:10CF600094F82E308DF80420A2680292062BE26815
:10CF7000ADF80C2017D0072B33D0032B07D1FFF7C8
:10CF800087FD022384F82E30236801A89847E9071B
:10CF90004ED594F82E30033B042B49D8DFE803F03C
:10CFA000594828405D0094F8353023B1236913B106
:10CFB000384B01221A60236801A89847374B93E841
:10CFC000030086E8030000232361A368002BDED161
:10CFD000FFF75EFD042384F82E3005238DF804301E
:10CFE000D2E7FFF7DDFB02238DF804306368CCE75E
:10CFF00004238DF8043001A823689847254BD3F803
:10D00000F825D20444BF01225A602269062384F81D
:10D010002E302AB11F4B6169C3F82C26C3F8301695
:10D0200023692BB903238DF8043001A8236898479E
:10D0300094F82E30072B0AD0164B1948D3F8043336
:10D0400000211840FFF7FCFB012685094DB904B00B
:10D0500070BD104B01225A60EAE70E4B01229A6024
:10D06000E6E795FAA5F3B3FA83F306FA03F225EAA5
:10D0700002055A08DB4303F001038DF809308DF8EF
:10D08000046023688DF8082001A89847DEE700BFF8
:10D09000E85E002000700040E05E0020F05E0020AE
:10D0A000C0FF3F00827B002A38D1036803F01F01D4
:10D0B0005B0922D0012B26D1194A02EB81021949C2
:10D0C000D2F800370B4043F4C16343F00403C2F8C5
:10D0D0000037436803F01F005B0911D0012B17D103
:10D0E0000F4A02EB8002D2F800370B4043F4C163D1
:10D0F00043F00403C2F8003770474FF0A042DCE76A
:10D100004FF0A042EDE701F5E07152F82130FFDE6B
:10D1100000F5E070002353F82030F8E7704700BFB7
:10D1200000030050F0F8FCFF036809490022C260C8
:10D13000C3F80813D3F8001221F4BC51C3F800124D
:10D14000C3F80025012380F8263080F82820704796
:10D1500002029C012DE9F047002380F827304B683C
:10D16000046805460E46174633B1CB6803F06043AA
:10D17000B3F1005F40F040813378023B012B06D8C9
:10D18000336903F06043B3F1005F40F035819C4B9D
:10D19000C4F8083395F8283003F0FF023BB1EB6880
:10D1A000C4F804336FF00F084046BDE8F08707F07D
:10D1B0001403B3FA83F35B0985F82830337885F8D4
:10D1C0002430737885F82530F3682B6173686B61C0
:10D1D0003369AB61B368EB61C7F3001385F829309D
:10D1E0002F627378C4F88835C4F86021D4F86031B0
:10D1F000C4F84821D4F84831C4F82421D4F82431A3
:10D20000C4F80421D4F8043117F0010318BF012336
:10D21000C4F8503517F0020318BF0123C4F8403595
:10D220003378032B00F28180DFE803F05E764A0258
:10D230004FF48073C4F80032D5E90423C4F84425C0
:10D24000C4F848350123A3604FF48011204608F04C
:10D25000CAF90028F8D1D5E90623C4F84425C4F852
:10D2600048354FF48023EB604FF0000817F00809B1
:10D2700010D13378032B0DD0012B6A686BD123605A
:10D28000002A55D073682BB96B68002B00F0928090
:10D29000012363616B68002B00F08C80780744BF2A
:10D2A0000023EB6079065EBFEB6843F00203EB609E
:10D2B000EB6843F40073EB60EB68C4F8043373E786
:10D2C000D5E90423C4F84425C4F84835D5E9062334
:10D2D000C4F83425C4F838354FF48453C4F8003208
:10D2E000012323620223BEE7D5E90423B806C4F86C
:10D2F0004425C4F848354BBF4FF480734FF4007396
:10D30000C4F80032C4F800324CBF4FF4802302232B
:10D31000EB6001232362A7E7D5E90423C4F8342591
:10D32000C4F838354FF48053D8E76FF015089DE7FF
:10D330006A6902B96361DFF8CC904FF0010A3249A3
:10D34000204608F050F9810501D5C4F814A010EA70
:10D35000090FF4D096E70123A360002A92D16A69ED
:10D3600032B3DFF8A0A019EA0A0F8BD12649204674
:10D3700008F039F910F4007F8146F4D04FF0807145
:10D38000204608F030F9D4F8003208B19A0505D4E7
:10D3900001222262626140B14FF00009DB05E2D553
:10D3A0004FF48021204608F01EF94FF00009DAE71B
:10D3B0006361D6E7D4F8C434C4F8C434002285F8D5
:10D3C00028206BB19A075ABF03F00108A8F18C0816
:10D3D0006FF00D0813F0040F18BF6FF00A08E3E6B2
:10D3E0007B063FF5E1AE291D204608F0BAF800287B
:10D3F00008BF6FF08B08D7E66FF00C08D4E600BFCB
:10D4000002029C01020004000202040070B50568DB
:10D4100086B002210446284608F0E5F84FF4007172
:10D420000646284608F0DFF8D0B1D6B9E368C5F85B
:10D4300008330223E360E368C5F804334FF08071DA
:10D44000284608F0D0F818B1D5F800329B0502D470
:10D4500001232B626B61012384F8273006B070BD75
:10D46000AEB3236A5E060AD494F827303BB9211D77
:10D47000284608F076F880F0010084F82700236A37
:10D4800013F004033BD1C5F86031D5F86021C5F82D
:10D490005C31D5F85C3194F8293013B194F8273019
:10D4A00013B30023C5F80032E360314BC5F80833ED
:10D4B00045F30733002B17DB5A09012103F01F0343
:10D4C000994002F160032B4A42F823100CE04FF41C
:10D4D0008021284608F087F894F82430002B2FD1BB
:10D4E00094F82930002BDDD0A38CADF804302369EB
:10D4F000049363690293A3690593E3690393D5F8E1
:10D50000C434C5F8C43498072CD459072CD4DA078E
:10D510002CD494F827309B00DBB28DF8003094F8BF
:10D5200029300BB984F82830236A5B0703D594F8B7
:10D530002730002B92D0D4E90131684698478DE717
:10D540004FF40073C5F8003240F20223E36003F1A8
:10D55000CE73C5F80833E368C5F804330123AB6024
:10D560002B627BE70123D8E70223D6E70323D4E726
:10D5700002029C0100E100E00368034A01F5C0716A
:10D5800043F82120704700BF3546526E036803F010
:10D590001F025B09026004D0012B034818BF002062
:10D5A00070474FF0A040704700030050F7B50646A3
:10D5B00008F005F9084608F002F901A80196FFF7FE
:10D5C000E5FF019B00EB83000C46D0F800372D49A6
:10D5D000019440F20D650B402B43C0F8003701A8C1
:10D5E000FFF7D4FF019B00EB83000127D0F8003741
:10D5F0000B402B43C0F80037042007F089FC0925B5
:10D6000001A80194FFF7C2FF019AD0F81035D3406A
:10D61000DB0715D401A80196FFF7B8FF019B07FAB5
:10D6200003F3C0F80C35042007F072FC304608F014
:10D63000C6F8013D042007F06BFC15F0FF05DFD1B3
:10D6400001A80194FFF7A2FF019A01239340C0F8BB
:10D650000C35042007F05CFC204608F0B0F80420EC
:10D6600007F056FC01A80194FFF790FF019AD0F84B
:10D670001035D34013F0010F0CBF6FF08B0000206A
:10D6800003B0F0BDF0F8FCFF08B5124BA822002152
:10D69000184609F051FC032202610F4942610F4A0A
:10D6A0008161C2614FF400520262002282624262D2
:10D6B000C26201660A494166102181660949026712
:10D6C0000346C266426711F8010D98540132102AD0
:10D6D000F9D108BD102000209CB5020010000020E8
:10D6E00000000020A2B802002DE9F74FDFF8888083
:10D6F000182606FB008700FB066646447D6AD7F8BD
:10D7000028C07368AC4581468B46144603EB050080
:10D7100025D83B6AA3EB050A0AF1FF3E724507D8FC
:10D720002C4409F0FBFB7C62012003B0BDE8F08FC4
:10D73000E64472451ED85246019309F0EFFB019B67
:10D740002C44E41A05D0706822460BEB0A0109F05C
:10D75000E5FB182303FB0988C8F82440E4E70CF133
:10D76000FF3CACEB050C944504D3254409F0D6FBF3
:10D770007D62D9E70020D8E710200020F8B5144BCF
:10D78000182700FB07751D4407FB00330E46DB6AB4
:10D79000012B14460AD0022B14D023B9284608F0D6
:10D7A0001BF8844208D900242046F8BD284608F01A
:10D7B00013F8844228BF044622463146284608F022
:10D7C00014F8F1E72846BDE8F84008F029B800BF92
:10D7D00010200020F8B50B4B1B78532B04460E4647
:10D7E000174601D0FFF750FF08F049F83A460546C2
:10D7F00031462046FFF7C2FF0446284608F047F8A6
:10D800002046F8BD10200020034B182202FB0033F5
:10D810009A6A586A801A70471020002010B4084A8B
:10D8200008490023C85C12F8014D844204D1013339
:10D83000102BF7D110BC704710BCFFF725BF00BFFD
:10D84000A2B80200102000202DE9F843044600AFE2
:10D850000D46EFF31188402383F31288BFF36F8FD7
:10D8600004282A4A98BF2A4B9668117C94BF53F823
:10D870002030284BE9468AB06A462748CDE907316F
:10D8800040F20133ADF82430244BCDE9050442F8D1
:10D89000103F234800234FF43151F3F709FACD46E6
:10D8A00045B1EB69C3F3080323B11E4A1C480121AB
:10D8B00004F0D4FD2EB1304608F082FA08B10378A6
:10D8C00003B91948E9468AB06A46184B0790CDE972
:10D8D000053640F20133ADF82030154B42F8103FC9
:10D8E00000230F484FF41151F3F7E2F92946CD46D2
:10D8F0002046FDF74DFF88F31188BFF36F8F304648
:10D90000F4F744FABD46BDE8F88300BF185F002075
:10D91000B8800200A5B50200B3B502000500000101
:10D920000C760200DBB50200919A0200FCB5020001
:10D930000400000138B50A4B53F82040013053F879
:10D940002050A54200D838BD606830B1037EDB07A7
:10D9500001D407F0A5FF0834F3E723689847FAE7F6
:10D96000CC80020070B52A4B2A4C2B4D86B0012288
:10D9700003201A70FFF7DEFF08F0E6FB0420FFF734
:10D98000D9FF2646AE4204F130040FD300F0E2FE88
:10D99000204CAC4226D300F0F1FEF0F7F5FC1F4A14
:10D9A000938923F00103938106B070BD54F80C3CB9
:10D9B000059354F8103C049354F8143C039354F822
:10D9C000183C029354F81C3C019354F8203C0093FB
:10D9D00054E90A2354E90C0100F0BCFC54F8303C33
:10D9E0005E65CEE7D4E90A23B3F1FF3F08BFB2F189
:10D9F000FF3F05D052EA0301206803D108F0B7FACF
:10DA00003034C6E70649183001F0CCF8F8E700BF1B
:10DA100057680020D8730200D87302000057002016
:10DA20009D5E020070B5002386B00122CDE904237B
:10DA3000134E144D01930F22CDE9023212491423E3
:10DA400003FB005506EBC01604464FF4C07000FB04
:10DA500004110E4B00954FF4A072304600F07AFC92
:10DA6000337C0B4AEE6023F0040333744FF40463F9
:10DA700004FB033313442C746B6006B070BD00BF0D
:10DA800080560020185F0020408A0020E1590200E3
:10DA9000008200207FB50020FFF74CFF294B83F365
:10DAA0000888294C636943F400736361E02384F8B8
:10DAB000223000252023E37725766576A57684F845
:10DAC0002050636A43F4E023636284F82350F3F741
:10DAD000F5FFF4F745F94FF0FF33A362E362F4F783
:10DAE00075FAF4F7BDF9F2F76FFF1848184C00F01B
:10DAF000A9FC0120FFF71EFF0220FFF71BFF00F02B
:10DB000067FE144B14495C61144B059301234FF4D9
:10DB10000062CDE90353CDE90155114B0095204634
:10DB200000F018FC237C064623F0040320462374EF
:10DB300008F080F92846FFF775FF094A314620466C
:10DB4000F4F7F0F8408A002000ED00E020580020B3
:10DB500000570020185F0020C08B00204F87020074
:10DB600065D9010038B5064C064DAC4201D3002002
:10DB700038BDD4E90112204607F0B5FE1434F4E7AD
:10DB8000B0270020B027002038B5074C074DAC4225
:10DB900001D3002038BD204607F0C9FE08B91C3467
:10DBA000F5E76FF01500F5E75C270020B0270020AF
:10DBB00073B50C46EFF31181402585F31288BFF34E
:10DBC0006F8FC5685DB125602B68C36083690133C1
:10DBD0008361002081F31188BFF36F8F11E052EA57
:10DBE000030603D125606FF00B00F3E7CDE90023B6
:10DBF0000246083000F00CFD18B9034B9B685B69C6
:10DC0000236002B070BD00BF185F00202DE9F34112
:10DC1000044617461E46EFF31188402383F312880B
:10DC2000BFF36F8F304BC2689B6872B180689842B7
:10DC300017D057EA060216D188F31188BFF36F8F09
:10DC40006FF00F0002B0BDE8F08193F90E10216172
:10DC50000132C4E9023288F31188BFF36F8F0020CC
:10DC6000F0E72169F3E793F90E1090F90E3099422D
:10DC700030DA9942A8BF194607F0BDFE0546CDE946
:10DC800000761A482246414600F0C2FC0028E6D041
:10DC9000EFF31186402383F31288BFF36F8FA068E0
:10DCA000D0B1236821699C420AD04BB193F90E3060
:10DCB0009942A8BF19466FF07F039942B8BF194631
:10DCC00007F099FE40B10948314608F00DF96FF0B0
:10DCD0000A00B7E70025D2E7002DF4D186F31188BA
:10DCE000BFF36F8FF3E700BF185F00205868002074
:10DCF000F8B583680546002B3FD0234A92689342CB
:10DD00003ED1C368012B03D9013BC3600020F8BD9D
:10DD1000EFF31187402383F31288BFF36F8F0169FC
:10DD2000806807F068FE2C68A54207D10023C5E98A
:10DD3000023387F31188BFF36F8FE7E7002CF5D02C
:10DD4000D4E9003213605A60237C002623F00203DA
:10DD50002374C4E90066A66004F1180008F060F9B5
:10DD6000AC6094F90E302B612046A66708F062F88B
:10DD70000648394608F0B8F8C8E76FF01500C6E75E
:10DD80004FF0FF30C3E700BF185F00205868002045
:10DD900037B51146EFF31185402282F31288BFF3A5
:10DDA0006F8F04689CB12368426823F00303944298
:10DDB000036008BF43600121204607F09FFE044630
:10DDC00085F31188BFF36F8F204603B030BD51EA51
:10DDD0000302F5D000F10802CDE9001310462946F0
:10DDE00000F016FC0028EFD1014B9B685C69EBE763
:10DDF000185F002070B5EFF31186402383F312887B
:10DE0000BFF36F8F0468A0421AD0CCB1D4E90032BE
:10DE100013605A60237C002523F002032374C4E9B5
:10DE20000055A56004F1180008F0FAF82046A5672F
:10DE300008F000F831460848BDE8704008F054B8D2
:10DE4000D0E902329A4218BF0133836086F3118809
:10DE5000BFF36F8F70BD00BF5868002013B5EFF39C
:10DE60001181402484F31288BFF36F8F846844B11A
:10DE7000013C846081F31188BFF36F8F002002B0F2
:10DE800010BD52EA030406D181F31188BFF36F8FEE
:10DE90006FF00F00F3E7CDE900230246014800F0E0
:10DEA000B7FBECE75868002007B5074B009307491C
:10DEB00007484FF0FF334FF4006200F06DF9002087
:10DEC00003B05DF804FB00BFE48002000094002072
:10DED000805700202DE9FF41544E04464027EFF3C0
:10DEE000118887F31288BFF36F8FD4F88450F5B987
:10DEF000022104F19C0007F03AFE002870D004F1E2
:10DF0000940500220121284608F051F80028F8D194
:10DF1000002302934FF0FF324FF0FF33CDE900238F
:10DF2000414604F18C02424800F07CFDD7E7D4F86A
:10DF300088202B68C4F88430954208BFC4F8883024
:10DF4000D4F89C3043F00203C4F89C30EB6823F013
:10DF5000040343F00103EB606B6888F31188BFF39F
:10DF60006F8F28469847EFF3118887F31288BFF325
:10DF70006F8FEB68D80623F001023ED4EA60EB68AD
:10DF80009A0717D5306823F00203EB6090B103685D
:10DF9000002178B1426895423DD10368002934D10F
:10DFA00072683360904200D17360002340F8083BF0
:10DFB000FFF720FFD4F89C3023F00203C4F89C3014
:10DFC000DB0530D4D4F88430003B18BF012388F33C
:10DFD0001188BFF36F8F002B81D000F001FC7EE72A
:10DFE000D4F89C30D90693D5C4F89C0088F31188E6
:10DFF000BFF36F8F04B0BDE8F08123F01103EB6035
:10E0000005F11000FFF7F6FEB9E70B607368984260
:10E0100008BF7160C9E701461BB11A68184613466C
:10E02000B7E71A46FAE70023D1E700BF385F0020C0
:10E030005868002070B5C368C3F340069B070546C7
:10E040000C460DD50122002104F1080007F083FDE4
:10E0500000232360054B65605A681AB9C3E9004480
:10E06000304670BD14605C60FAE700BF385F002086
:10E07000F8B5C3689A0704460E46C3F3400542D478
:10E080005F0742D40B680BB983680B60E368D8075D
:10E0900044BFA368336037684CBF0225012557B3DE
:10E0A0001B4B9A68D7F880309A421ED107F07FFE4A
:10E0B00080F00100C0B2D7F89C30D907C3F38002CA
:10E0C0001CD5F2B1F8B100232360D7F8883073B9BA
:10E0D000C7E92144384607F065FDE36843F00403CF
:10E0E000E3603368A3602846F8BD0020E3E71C60C6
:10E0F000C7F88840EEE76FF0150506E06FF01205EF
:10E1000003E01B07DFD56FF00F0500233360EAE75C
:10E11000185F0020F8B5C36803F00503002B06461E
:10E120000C4614BF012700271CD08568012200215E
:10E1300004F1100007F00FFD1349204607F093FD8E
:10E14000E36843F01003E360F3685B0712D53368BC
:10E1500023606BB9D5F8883033B9C5E92144284626
:10E1600007F020FD3846F8BD1C60C5F88840F6E78A
:10E170003460F4E7D5F884302360D5F88830C5F8EA
:10E180008440002BEBD1F0E7855B0200014601489B
:10E1900007F085BD80570020F0B589B00446002007
:10E1A000C4E921000E9D04F18C00C4E9230004F1B0
:10E1B0009400C4E9250055B32879002840F20110E5
:10E1C00008BF0120C4F89C0000204FF0FF364FF03C
:10E1D000FF37CDE90330CDE90100CDE906670D4BEE
:10E1E0000094204600F002F955B1296811B120468B
:10E1F00007F0E3FD6B791BB1A38943F00103A38111
:10E20000204607F0B4FEC4F8804009B0F0BD0120FC
:10E21000D8E700BFD5DE010037B501900846EFF31F
:10E220001184402181F31288BFF36F8FC16811F010
:10E230001E0F16D153EA020508D101A9FFF718FFF6
:10E2400084F31188BFF36F8F03B030BD41F0080134
:10E25000C160019981620449103000F0A3FC0120E3
:10E26000EEE70020ECE700BF195C02000146014820
:10E27000FFF7D2BF80570020F7B50C460190164635
:10E280001D46EFF31187402383F31288BFF36F8F8E
:10E29000084607F078FC55EA060309D101A9204693
:10E2A000FFF7E6FE87F31188BFF36F8F03B0F0BD71
:10E2B000E368074943F00803E360019BA362324629
:10E2C0002B4604F1100000F06DFC0120EAE700BFCE
:10E2D000195C020001460148FFF7CEBF80570020BD
:10E2E0002DE9F0410546EFF31187402383F31288AF
:10E2F000BFF36F8F0468A0421CD0DCB1204607F04A
:10E3000049FD04F1180007F08BFE0026B046C4F862
:10E310007880204607F08EFD2C68A54206F10106A4
:10E3200010D07CB1204607F035FD04F1180007F04D
:10E3300077FEECE787F31188BFF36F8F0026304636
:10E34000BDE8F0810248394607F0CEFDF7E700BF8F
:10E35000586800202DE9F043073285B022F007020B
:10E360000E461F461099818100F158037F32C0E9A3
:10E3700016330446002322F03F0204218360017417
:10E380003F2A0F98A073C4E90633E37306F14009EE
:10E39000A2F1400805D883F31188BFF36F8F0846B8
:10E3A00002DFB51829462046F3F73CF907300E9BEB
:10E3B00020F00700A066C4E9189802930D9B019312
:10E3C0002D1A0C9B00932A463B4631462046F3F714
:10E3D00077FC00236365044B9B6803B1DB6EE36647
:10E3E000284605B0BDE8F083185F0020F0B587B07F
:10E3F00000250595109D04950F9D03950E9D029592
:10E40000DDE912760D9D01950C9D00950446FFF700
:10E41000A1FFB6F1FF3F08BFB7F1FF3F05D056EAB5
:10E42000070305D1204607F0A2FD204607B0F0BD46
:10E430003A46334604F11800014900F0B3FBF4E713
:10E440009D5E02000123037483810023C0E9183319
:10E45000C366014B98607047185F0020094A9368B3
:10E460006FF00A019967084958674B6843F0805379
:10E470004B60002383F31188BFF36F8F9368986F0D
:10E48000704700BF185F002000ED00E070B590F904
:10E490001020037C002A2FDBD9062DD11A4C63F003
:10E4A0007F032246037452F8183FE169934207D173
:10E4B000C0E900210860E0610FE09942F8D01B68D4
:10E4C000002BF5D093F90E6090F90E50AE42F4DDBA
:10E4D0005968C0E9003108605860A569954200D0CC
:10E4E00005B9E568A3681A7CD20606D1DA897F2AC5
:10E4F00003D9AA690AB9636170BDAB4202D028464C
:10E5000000F0D2FA6561F7E7185F002038B590F99E
:10E510001020037C002A014604DA03F07F03037411
:10E5200007F050FC0D4D2A46AB6852F8184F944244
:10E5300000D004B9EC688B4207D01A7CD20604D113
:10E54000DA897F2A01D9A2692AB1A34202D02046E2
:10E5500000F0AAFA23466B6138BD00BF185F0020A7
:10E56000B3F1FF3F08BFB2F1FF3F03D002491830BB
:10E5700000F018BB704700BF9D5E0200034648B91B
:10E58000EFF3058232B9064A51699268914201D08F
:10E59000FFF764BF83F31188BFF36F8F704700BF2D
:10E5A000185F002038B5184CA168E0690B688142FB
:10E5B00014BF1A46002249680B605960A368E169DC
:10E5C0002AB9124AC3E900210B60E3610AE092F91B
:10E5D0000E5093F90E00854212DD5168C3E9002107
:10E5E0000B605360A569094B9D4200D005B9E568F1
:10E5F000A3689D4202D0284600F056FA656138BDF6
:10E600008A42DED01268DBE7185F0020305F00200E
:10E61000F8B50E4B0C4611460D4A98681060DDE9BE
:10E620000667EFF31182402282F31288BFF36F8FE7
:10E630009D68284607F0D8FB284632463B46FFF740
:10E640008FFF2046BDE8F840FFF708BF185F0020A5
:10E65000405F0020F8B50446EFF31187402383F3B1
:10E660001288BFF36F8F037C03F01F02002A0CBFD8
:10E670000126002649B235D103F07F03037407F069
:10E68000A1FB294D037C817363F07F032A46037449
:10E6900052F8183FE869934207D1C4E900200460AA
:10E6A000EC610DE09842F8D01B68002BF5D093F98F
:10E6B0000EC08C45F6DD5968C4E900310C605C6021
:10E6C000AC69944200D004B9EC68AB689C4202D0BB
:10E6D000204600F0E9F96C6187F31188BFF36F8F72
:10E6E0003046F8BD9B071CD5856807F06BFB81732E
:10E6F0002B689D4209D16B68C4E900531C606C60B3
:10E70000EAE76A689A42F6D01B68002BF3D093F9C7
:10E710000E208A42F5DD5A68C4E9003214605C605C
:10E72000DAE78173D8E700BF185F0020034648B9D5
:10E73000EFF3058232B9064A51699268914201D0DD
:10E74000FFF78CBE83F31188BFF36F8F704700BF54
:10E75000185F0020EFF31181402383F31288BFF389
:10E760006F8F054B9A68D37B013BD37381F311887C
:10E77000BFF36F8F704700BF185F002070B5EFF3D5
:10E780001186402383F31288BFF36F8F0F4DAB6860
:10E79000DA7B0132DA732A4652F8184F944200D0DD
:10E7A00004B9EC681A7CD20604D1DA897F2A01D92F
:10E7B000A2692AB19C4202D0204600F075F9234696
:10E7C0006B613046BDE87040FFF7D8BE185F00208F
:10E7D000024B03F11802C3E906227047185F0020BC
:10E7E00070B5EFF31186402383F31288BFF36F8F68
:10E7F0001A4CA168E0690B68814214BF1A460022D6
:10E8000049680B605960A368E1692AB9144AC3E9F1
:10E8100000210B60E3610AE092F90E5093F90E00BB
:10E82000854216DD5168C3E900210B605360A5697C
:10E830000B4B9D4200D005B9E568A3689D4202D00C
:10E84000284600F031F965613046BDE87040FFF7B9
:10E8500005BE8A42DAD01268D7E700BF185F0020F1
:10E86000305F0020F8B550EA010306460C4603D19C
:10E87000FFF7B6FF0020F8BDEFF31187402383F3C5
:10E880001288BFF36F8F124D124BA8681860FFF704
:10E890003DFEA868104923463246183000F082F940
:10E8A000AA68137C43F00403137404463846FFF748
:10E8B000D5FDAB68D3E90A23B3F1004F08BF002AA6
:10E8C000D8D107F0E2FB201A20EAE070D3E700BFBE
:10E8D000185F0020405F00209D5E0200014B986899
:10E8E000704700BF185F00202DE9F8430446878970
:10E8F000EFF31186402383F31288BFF36F8F037CFD
:10E90000190705D586F31188BFF36F8FBDE8F8832B
:10E91000D90943F008026FD10274A36813B12046ED
:10E9200007F058FA04F1180007F07AFBA56D04F11E
:10E930005808A84511D04FF0000975B1284607F0D6
:10E9400049FA05F1180007F06BFBC5F878902846E6
:10E95000FFF79CFDA56DA845EFD1DFF8BC80D8F886
:10E9600008309C4250D1EFF30589B9F1000918BF76
:10E970004FF00109D8F81850284A954200D00DB937
:10E98000D8F80C50AB4202D0284600F08DF8204653
:10E99000C8F8145003F048FEB9F1000F02D0204827
:10E9A000FFF750FDD8F808309C4230D1EFF30583D3
:10E9B0006BBBA289D20711D586F31188BFF36F8F85
:10E9C00083F31188BFF36F8F0423184602DFEFF340
:10E9D0001186402383F31288BFF36F8F3046FFF711
:10E9E0003DFDFB0792D5002383F31188BFF36F8FA2
:10E9F0000423184602DF89E703F07F0343F008038E
:10EA0000037407F0DFF988E74FF00009B2E786F3F7
:10EA10001188BFF36F8FE4E7185F0020305F00209C
:10EA200020580020D3B5DDE90667089CCDE90067D2
:10EA3000FFF7EEFD1CB1034B9B685B69236002B0DE
:10EA4000D0BD00BF185F0020027C12F01F020346F9
:10EA500010D10A4988420DD00949086868B1D9899E
:10EA60007F2909D893F90E20064B1B689A42B8BF3C
:10EA700000207047002070471046704780560020E5
:10EA80008C260020445F0020044BC01A044BC010A9
:10EA90005843044B01221A54704700BFA05800206D
:10EAA000ABAAAAAA5868002070B50C4B0C4D1E7C6E
:10EAB000FFF7CAFF182303FB06550446284607F054
:10EAC000AFFA084B00229A553CB1621E284606490F
:10EAD000BDE87040D31700F065B870BD185F002026
:10EAE000A05800205868002089EA010038B5EFF3EB
:10EAF0001185402383F31288BFF36F8F0F4B104AA9
:10EB00009C681068A04206D1FFF7CEFF85F31188FC
:10EB1000BFF36F8F38BD00211B7C1160094AD35CA5
:10EB2000002BF3D02046FFF78FFF0028EED0237C88
:10EB3000DB0601D1FFF736FD2046E5E7185F002030
:10EB4000405F002058680020024B1868984208BFB8
:10EB50000020704790260020034B1B680BB9FCF780
:10EB60009BBD0020704700BF485F002030B570B1EA
:10EB70000B4B5B6898420AD0036843B1D3E9042188
:10EB8000D0E90445121941EB0501C3E90421D0E99C
:10EB9000003213605A600023C0E9003330BD00BF6B
:10EBA00090260020B3F1FF3F08BFB2F1FF3F2DE9EF
:10EBB000F84F0446994615461F467AD08160EFF318
:10EBC0001188402383F31288BFF36F8FB9F1000FD0
:10EBD000DFF8E4A020DBFFF7BFFFDAE9002701350B
:10EBE00049F100092D1849EBE073C4E90453AD184D
:10EBF000064643EB07074FF00109FFF7A5FFDFF8D3
:10EC0000BCE0DEF804A00346EBB9C4E900EACAF8A8
:10EC10000040CEF8044028E0DAE900126FF001036A
:10EC20005B1A4FF0FF3161EB02025B1B62EB0902E2
:10EC3000012B72F10001BCBF01230022C0E90432A4
:10EC40004FF00009D9E7D3E9041CD4E904208A4233
:10EC500070EB0C0B24DA891A5A686CEB0000C3E9DC
:10EC60000410C4E9003214605C60FFF76DFF844259
:10EC70000ED1134B1B685BB9B9F1000F02D1FFF73E
:10EC80006BFF0646304607F0B4F90021FCF7D6FCCE
:10EC900088F31188BFF36F8F28463946BDE8F88F97
:10ECA000521A60EB0C005345C4E90420ADD01B6838
:10ECB000AAE700252F46EFE7B8580020902600204D
:10ECC000485F00202DE9F047DFF8A890DFF8A88022
:10ECD000C9F800000246FFF737FF0D46002600275F
:10ECE000D8E900134FEAE27E50B1D0E9044CA242C9
:10ECF0007EEB0C0A1BDAA41A6CEB0E06C0E9044684
:10ED000052184FF0000443EB0E032046C8E90023DD
:10ED1000C9F8004007F06DF92146FCF78FFC85F338
:10ED20001188BFF36F8FBDE8F047FFF7DFBE6118B2
:10ED300043EBE473C0E90467C8E90013FFF716FF6B
:10ED400001224FF00043C0E9042385F31188BFF38B
:10ED50006F8F83689847EFF31185402383F3128800
:10ED6000BFF36F8FD9F80020121BC9F80020FFF7FE
:10ED7000EBFEB5E7485F0020B858002010B5EFF370
:10ED80001184402383F31288BFF36F8FFFF7E4FEF3
:10ED9000054A0346D2E90001181841EBE37184F3F8
:10EDA0001188BFF36F8F10BDB8580020F8B5044626
:10EDB000EFF31187402383F31288BFF36F8FD0E9FD
:10EDC0000423B3F1004F08BF012A04D087F3118850
:10EDD000BFF36F8FF8BDD0E90A566A1C46F10003F5
:10EDE000022A73F1000334D3013D46F1FF36002EB1
:10EDF000BCBF00252E4607F04CF9013041F100015F
:10EE0000401946EB0101012871F1000147DB07F0D1
:10EE100040F9013041F100016FF00203401946EB67
:10EE2000010183426FF000438B413DDB07F031F974
:10EE3000013041F100016FF00102401946EB01037E
:10EE4000121A4FF0FF3161EB030319492046FFF717
:10EE5000A9FE236B01332363236A63B187F311880F
:10EE6000BFF36F8F20469847EFF31187402383F35A
:10EE70001288BFF36F8F54F8185FA542A6D0002DFB
:10EE8000A4D0284606F0E5FF0023AB6787F311887E
:10EE9000BFF36F8F2846BDE8F84006F0CBBF6FF098
:10EEA00001024FF0FF33D0E700224FF00043CCE7E0
:10EEB000ADED01002DE9F04105461C4690461F4688
:10EEC000EFF31186402383F31288BFF36F8FB4F101
:10EED000FF3F08BFB2F1FF3F05D186F31188BFF3B2
:10EEE0006F8FBDE8F081002C09DB012A74F100036B
:10EEF000BCBF0122002412F1FF3844F1FF3728463D
:10EF000007F08EF8DDE906010023C5E90A012B634D
:10EF100042463B4628460249FFF744FEDDE700BF74
:10EF2000ADED010070B50546EFF31184402686F380
:10EF30001288BFF36F8F07F073F820B184F3118844
:10EF4000BFF36F8F70BD6B6A63B184F31188BFF339
:10EF50006F8F6B6A28469847EFF3118486F3128807
:10EF6000BFF36F8F05F1180006F0A8FF0028E5D069
:10EF700006F060FF21460248BDE8704006F0B4BFCD
:10EF800059680020F8B507460C46164606F00FFFF4
:10EF900008B10020F8BD0D4B9B68DD6E002DF8D048
:10EFA000221DF6D2EFF31184402383F31288BFF3BE
:10EFB0006F8F47F004012846B04784F31188BFF3F0
:10EFC0006F8F0028E5D040F8045BE3E7185F00206E
:10EFD0000146024A0020FFF7D5BF00BF471B0200D1
:10EFE00001680E4A9142034615D1C169A2F110226F
:10EFF000A2F1EF1291420ED18268012A0BD8C268A9
:10F0000012B101698A4206D0586928B19B691B1A5E
:10F010005842584170470120704700BF55AA00FF71
:10F0200070B50E4B9E68B6B13046FFF7D9FF044667
:10F0300018B9F3687BB935690DB9204670BD28460B
:10F04000FFF7CEFF28B9EB68B34204D12E462D69F5
:10F05000F2E70446F1E70124EFE700BF4C5F002030
:10F060002DE9F041404D06466869884607F070F882
:10F0700018B100242046BDE8F0812C68DCB1AC68F2
:10F08000CCB1002E6AD0B8F1000F69D008FB06F7AA
:10F09000B7FBF6F6B04565D1391D63D8BA0710D075
:10F0A00027F003020432EC6803E0616891420AD25F
:10F0B000A469002CF9D1686907F050F80028D9D06C
:10F0C000D7E73A46EFE7D4F808C0BCF1000F02D00A
:10F0D000012007F039FF891A232904F120061CD8E2
:10F0E0000123A360D4E90523AAB19361A3690BB1FD
:10F0F00062695A610023C4E905332B69DB0703D534
:10F10000FFF78EFF0028E3D13A460021304634460F
:10F1100007F012FFCFE7EB60E8E702F120002318C9
:10F120002039C3E9011CDC602169DFF840C01961A6
:10F1300044F800C00E48D86101B1CB6061695961E3
:10F14000A069986141B18B61996901B14B6101215D
:10F15000C4E901212361CDE7EB60F5E73446AAE776
:10F160004446A8E70446A6E74C5F002055AA00FFE6
:10F17000669911EE70B5424E0546706906F0E8FFDB
:10F1800000287BD1002D5FD03368002B5CD0B268A3
:10F19000002A59D09D4203D3726813449D4202D382
:10F1A000012007F0D1FEA5F120042046FFF718FF4B
:10F1B0000028F5D155F8183C012BF1D155F8143C35
:10F1C00045F8180CC3B19A68002A42D155F81C2C96
:10F1D00002F120015A680A445A6055E905321A6161
:10F1E00055F8145C2B6903B1DD6020462022002114
:10F1F00007F0A2FE23462C462069002836D08268FC
:10F20000002A33D163684268203313446360036982
:10F210002361D4E90523F2B923BB436963618269A1
:10F22000A2610BB39C61A36903B15C61236903B163
:10F23000DC602022002107F07FFE33699B0703D5A5
:10F24000FFF7EEFE0028ABD17069BDE8704006F014
:10F2500085BF0023D0E79361A369002BDDD06269ED
:10F260005A61DAE7F360F7E7F460DCE7002BE4D1FA
:10F27000F368A36103B15C61F460DEE770BD00BFB9
:10F280004C5F002070B5174E14220C460546002135
:10F29000304607F051FE1448706106F056FF1349DE
:10F2A000134800F035F8232C1BD915F003031FBFBA
:10F2B000043CE418C3F10403ED182246002128465B
:10F2C00007F03AFEC6E90054203CB5606C60B368B4
:10F2D000084A1A60B368F360A2F11022A2F1EF129B
:10F2E000DA6170BD4C5F00209826002075F10100A6
:10F2F00061F0010055AA00FF014B1B68184700BFD1
:10F30000FC260020014B1B68184700BFF826002090
:10F31000024B1860024B002019607047FC26002049
:10F32000F826002010B50A46044619B1024B002108
:10F330001B68984710BD00BFF08002000E4B0340D1
:10F34000B3F1607F06D1B1F5885F0CBF00206FF08C
:10F3500086007047B3F1707F0BD101F4E043B3F541
:10F36000005F06D111F4E06F14BF00206FF086003B
:10F3700070476FF0860070470000C07F8A42F8B582
:10F3800006460D4600F00A8101F0FE41B1F1C06F62
:10F3900061D1884C22F4FF7121F00101A14222F0D9
:10F3A000FF0014D004F58854A04210D022F47F76D8
:10F3B00026F00306A4F57064A64208D004F5A06404
:10F3C000A04204D004F57454A14240F0EB80D1B2C5
:10F3D000784E19B922F48061B14224D125F4FF742A
:10F3E00024F00104B44225F0FF0112D0724EB14264
:10F3F0000FD025F47F7727F00307A6F57066B74294
:10F4000007D006F5A066B14203D006F57456B442A3
:10F4100009D115F0FF0406D0684E44F00074B442E0
:10F4200004BF02460D468BB122F4FF7323F00103A3
:10F43000B3F1062F06D0624B22F4FF6121F00701E1
:10F44000994203D122F4807225F48075954214BF4D
:10F4500000200120F8BDB1F1A06F16D102F0FE43EB
:10F46000B3F1A06F40F0888082EA050333F47E1385
:10F4700040F0828028047FD5C5F30540C2F30542E1
:10F4800090428CBF00200120E4E74E4B9D4209D101
:10F49000A3F500439A4200F081804B4B22F47E108A
:10F4A0009842D4E7B1F1407F60D102F0FE43B3F15E
:10F4B000407F5BD182EA050030F47E1456D131469C
:10F4C0002846FFF73BFF00286AD1404912F47C1719
:10F4D00001EA020113D0B1F1607FC2F3054333D1D9
:10F4E000D1B241F0007101F17E410339122901D8F6
:10F4F0003748445C15F47C1F2DD19C42A7E7B1F13D
:10F50000607F0AD1D3B243F0007303F17E43033B23
:10F51000122B4BD82F49CB5CE2E7B1F1707F17D1AA
:10F5200006F4E043B3F5005F42D1C6F302210123A4
:10F530008B4006F4E041B1F5005FDBD1C6F3022653
:10F54000012000FA06F4D5E7B1F1707FD2D1F0E7DF
:10F5500000242346CEE71FB9C5F30541A1421DD0C3
:10F56000290403D5C5F3054098428AE71A4B9D420A
:10F5700002D1B2F1082F6AE725F0004323F47F039C
:10F58000B3F1106F0CD102F0FE43B3F1106F07D14D
:10F590001248104040F01060A84258E7012059E797
:10F5A000002057E7002B7FF446AF4FE7002397E793
:10F5B0000023BEE70002000600130006FF00000261
:10F5C000004000060093C004000140050000C07F19
:10F5D000A3B80200A3B802000002C0030000FFF6B7
:10F5E00070B505460F480E4606F0B2FD044618B148
:10F5F0006FF08F04204670BD6B6933602B7F012B49
:10F600000ABF022330602B77064818BF6FF09604BC
:10F6100006F0A4FD0028EDD0002CE9D06FF0960490
:10F62000E8E700BFE026002038B50C4C0C4806F097
:10F630008FFD65780A4806F091FD0A4806F088FDBE
:10F64000022D08D12478E31F5C425C41054806F096
:10F6500085FD204638BD0024F8E700BF645F002028
:10F66000B0260020C82600202DE9F047894615461F
:10F670001C4600F0C3FC0646002851D1D9F80070A2
:10F68000B7F800A00AF4E043B3F5804FBB6808BFA9
:10F6900025F0010535EA03033AD1002C40D0B5F539
:10F6A000006F40D0A5F5005255425541284A24F438
:10F6B000FF7323F00103934213D0264924F0FF0285
:10F6C0008A420ED024F47F7020F00300A1F570610F
:10F6D000884206D001F5A0618A4202D01E4A9342B8
:10F6E00023D114F0FF0304D01C4A43F0007393426B
:10F6F00022D0F9682B4622465046FFF73FFE80464F
:10F7000070B939692B4622465046FFF737FEE0B9FB
:10F710006FF084060023C9F80030384600F0A6FCDC
:10F720003046BDE8F0870125C0E704F0FE43B3F1A1
:10F73000407F04D12304DCD56FF08606EAE7B3F1FD
:10F74000A06FF7D0054B9C42D2E74646E8E700BFE2
:10F75000000200060013000600460006FF0000023B
:10F7600038B500F0FE43B3F1407F04460D4602D0A9
:10F770006FF0860038BDFFF7E1FD0028F8D114F4E2
:10F780007C1F18D0C4F30543032B137022D9224ADF
:10F790002240B2F1607F31D1E4B244F0007404F150
:10F7A0007E44033C122CE3D81C4A125D9342DFD8FE
:10F7B000202BDFD90EE0184B2340B3F1607F0FD12F
:10F7C000E3B243F0007303F17E43033B122B04D9F1
:10F7D000002313706FF08500CCE71149CB5CD3E7B1
:10F7E000B3F1707FF4D101F4E043B3F5005FEFD1E2
:10F7F000C1F3022101238B40DBB2C5E7B2F1707F78
:10F80000B6D105F4E042B2F5005FB1D1C5F30225EF
:10F810000122AA40CAE700BF0000C07FA3B80200CF
:10F82000A3B802002DE9F3414768D0F814800446DC
:10F8300038460E4606F08FFF0546E8B9FFB22FB9ED
:10F84000B8F1000F05D06FF0860515E0B8F1000F94
:10F85000F9D0A36823F0031323F47F43002BF2D1E4
:10F8600062884FF6F8739A4228D81648277906F02E
:10F870006FFC28B16FF08F05284602B0BDE8F0811B
:10F8800007B901A8314600F069FB05460D4806F0AE
:10F8900065FC10B1002DEFD1ECE7002DECD10FCCC1
:10F8A000D6F800C066460FC694E8070086E8070051
:10F8B000002FE1D1019BCCF81430DDE76FF0850516
:10F8C000DAE700BFE026002010B5044650B1064834
:10F8D00006F03EFC204606F072FDBDE810400248EE
:10F8E00006F03CBC10BD00BFE026002013B5044666
:10F8F00010B301A900F082FB0446E8B9194806F0EC
:10F9000027FC0346019853B1002406F00FFF00289E
:10F9100018BF0446134806F021FC68B109E0037FD4
:10F92000032B11D106F002FF04460E4806F016FC28
:10F9300028B10CB96FF08F04204602B010BD002C26
:10F9400008BF6FF08704F7E7022B07D10323037783
:10F950000379FF2BD8D16FF08404D6E76FF09604BB
:10F96000D3E700BFE02600202DE9F0411E4688B015
:10F97000904600220388059205460F46CDF81C806C
:10F980003260B8F1000F65D0B8F1005F80F0A1805F
:10F9900023F0FF03B3F5E24F02D0B3F5824F25D138
:10F9A000284606F0EAFB0446002840F08680EB6813
:10F9B00083B16A8872B12B8803F44F41B1F5824F4D
:10F9C00002D0B1F5884F05D1DBB2222B36D02CD82E
:10F9D000122B38D03A4608EB0701002312F8010B2E
:10F9E0008A4243EA0003F9D1002B33D005A9284607
:10F9F000FFF718FF0446A0B9059B9B6A6BB3059BF4
:10FA00005A88069206AA029203F1280201929A6A83
:10FA100000925B6A42463946284606F0CEFE04460E
:10FA200080B30598FFF750FF47E0273BDBB21B2B65
:10FA3000D0D8294921FA03F3DB07CBD50732B8EB3D
:10FA4000D20FC7D206E040F209239A42F6D1B8F1AC
:10FA5000400FBFD86FF086042FE06B681B0A07D1F8
:10FA60000799059806F06BFC04460028C7D0D8E734
:10FA700007AB42463946284606F077FE0446002882
:10FA8000EED0CEE70599069B4A88D2B94B80069AFC
:10FA90004FF6F8739A4219D82B88059813B102884B
:10FAA0009A4210D16B8813B142889A420BD13146E9
:10FAB000FFF796FD04460028B3D1204608B0BDE804
:10FAC000F0819A42E3D06FF08604AAE76FF08504D4
:10FAD000A7E76FF08504F0E70102000C38B5044693
:10FAE0000D46FFF7A1FD30B12A4621460348BDE887
:10FAF000384006F009BF6FF0880038BD685F00200D
:10FB000073B5002203880A600092428804460D46BD
:10FB1000002A00F0FF80028802F4E042B2F5804F34
:10FB200000F0F88023F0FF03B3F5E24F02D0B3F505
:10FB3000824F04D1204606F020FB0646D0B9694624
:10FB40002046FFF76FFE064660BB009B9B6AA3B191
:10FB50000099204601F12803D1E9091206F00FFEB1
:10FB600006460098002E40F0D2802946FFF738FD67
:10FB70000646B8B9304602B070BD63681B0A40F053
:10FB8000BD802288618802F4E043B3F5805F0DD028
:10FB9000B3F5005F0AD002F44F40B0F5824F1ED09B
:10FBA0006FF085060098FFF78FFEE3E7104606F03A
:10FBB00097FB06460028F5D147F201039A4220D16F
:10FBC0004B080133DB0803EBC3033B330193DDE94F
:10FBD000000106F0B4FB06460028B9D0E2E7B3F511
:10FBE000E04FDDD147F201039A42E9D022F0FF0352
:10FBF000B3F5884F15D1CB1DDB0803EB430301336D
:10FC0000E4E744F201039A4202D1CB081033DDE766
:10FC100022F0FF03B3F5E84FEAD1CB1DDB085B0010
:10FC2000D4E7B3F5EE4F67D0B3F58E4F02D1CB1DBD
:10FC3000DB08CBE702F44F40B0F5824F02D0B0F5BD
:10FC4000884F06D1D0B2422801D1CB08D7E741284E
:10FC5000EDD0B3F5E24FEAD0B3F5824F03D1CB1D1F
:10FC6000DB085B00CBE744F20D039A4224D844F250
:10FC700001039A42DBD9A2F58042023A0B2AD6D878
:10FC800001A353F822F000BFCDFC01002FFC0100BE
:10FC9000D9FC01002FFC01002FFC0100E1FC010058
:10FCA000E9FC01002FFC01002FFC0100F1FC010028
:10FCB0002FFC0100F1FC010047F202039A421BD025
:10FCC00047F204039A42B2D140237FE74B094FF435
:10FCD000A0725343203379E70B0A4FF4C072F8E760
:10FCE000CB1DDB08183371E7CB1DDB081C336DE738
:10FCF000CB1DDB08023392E7202367E701A92046EA
:10FD000006F038FD064600283FF461AF4AE706F0EA
:10FD10004BFB47E76FF086062CE700BF10B51C4C85
:10FD20001C4806F015FA2378590744BF03F0FB037B
:10FD300023709A0705D500F0F7F8237823F0020323
:10FD40002370144806F00AFA134806F001FA6378A3
:10FD500013B1124806F0DAFD00234FF4AC710F48DE
:10FD60006370FFF7DFFA0C4806F0F8F9094806F06F
:10FD7000EFF92378DB0705D506F0F6FC237823F0AE
:10FD800001032370BDE81040024806F0E7B900BF48
:10FD9000645F0020C8260020B0260020685F002095
:10FDA00070B5FFF741FC10B10024204670BD344807
:10FDB00006F0CEF9044620B16FF08F04FFF7AEFFD6
:10FDC000F3E7304D2B789E0706D400F0A5F82B788A
:10FDD00043F0020304462B70294806F0BFF910B126
:10FDE000002CE9D0EAE7002CE8D1254806F0B0F96C
:10FDF00004460028E0D12B78D80706D406F0B2FCE0
:10FE00002B7843F0010304462B701D4806F0A6F939
:10FE10000028E5D1002CD1D1194806F099F9002825
:10FE2000CAD117482E7806F099F90028C4D116488F
:10FE300006F08EF904460028BED16B783BB9F10775
:10FE400005D5124806F05EFD022304466B700E488D
:10FE500006F084F90028C3D1002CAFD1084806F081
:10FE600077F90028A8D12B7805485A075CBF43F0E2
:10FE700004032B7006F072F9002895D09CE700BFB0
:10FE8000C8260020645F0020B0260020685F0020A4
:10FE900000F140420F2A30B50CD81D4B2C2404FB36
:10FEA00002331A7F022A02D15A69824224D06FF0AB
:10FEB0008B001AE0441E6FF040439C420ED2144A5D
:10FEC00000241346157F022D02D15569854210D0BA
:10FED0000134102C02F12C02F4D1E8E70D4BA2F50D
:10FEE00080529A42EBD96FF0870030BD6FF09600D8
:10FEF000FBE72C2202FB04331A7F022AF6D11A6A8E
:10FF0000501CF3D001321A6200200B60EDE700BFF5
:10FF1000C0600020FFDFFF3F024B012283F8C022B8
:10FF200000207047C06000202DE9F0410A4C0025F8
:10FF300026464FF001080327C4F820802777204683
:10FF4000013506F03CFA102D04F12C04F4D1002305
:10FF500086F8C032BDE8F081C0600020F8B5244DBD
:10FF6000064624480F4606F0F3F895F8C0422148AB
:10FF700006F0F4F8002C34D000242B462246197FDA
:10FF8000F9B13CB9022905D1196A19B919790029C1
:10FF900018BF1C460132102A03F12C03EFD114B90B
:10FFA0006FF08C000BE0237F022B04D1236A5A1CD4
:10FFB0001CBF01332362204606F001FA10B1002471
:10FFC0000DE01C46237F7BB90123237736B10A4B12
:10FFD000651BAD105D4305F18045356000203C6038
:10FFE000F8BD6FF08800EAE76FF09600E7E700BF22
:10FFF000C0600020C8260020A38B2EBA002370B555
:020000022000DC
:100000000B60044616480D4606F0A2F8154B14483E
:1000100093F8C06206F0A2F8FEB1134806F098F813
:10002000064618B16FF08F04204670BD2046294661
:10003000FFF72EFF10F18C0F044607D00A4806F098
:100040008DF80028F0D0002CEED1EBE706482E60AA
:1000500006F084F86FF08704E6E76FF08804E3E7C2
:10006000C8260020C0600020E026002010B504460D
:10007000084806F06DF840B9204606F057FB0446E4
:10008000044806F06BF810B10CB96FF08F042046ED
:1000900010BD00BFE026002070B40A4E4568DCB2F7
:1000A00044F00074B4424FEA152503D035B970BC52
:1000B00000F0CCB86FF0850070BC70476FF0860020
:1000C000FAE700BF05000002F7B5089E0D4FF5B234
:1000D000044645F000754868BD424FEA10200AD03A
:1000E00060B9009604F1080000F07CF808B91C2300
:1000F000236003B0F0BD6FF08500FAE76FF0860073
:10010000F7E700BF05000002F7B5089E0D4FF5B2F6
:10011000044645F000754868BD424FEA10200AD0F9
:1001200060B9009604F1080006F0EFFC08B91C2342
:10013000236003B0F0BD6FF08500FAE76FF0860032
:10014000F7E700BF050000022DE9F0414FF6FF740C
:100150009C4228BF1C460D461FFA84F81646AAB1D9
:10016000A1B19BB10B4F384605F0B2FB18B96FF047
:100170009200BDE8F081BB6842461B6831463846B4
:1001800098470028F3D1E4002C60F2E76FF0860076
:10019000EFE700BFB07102007FB50024C0F848410E
:1001A0000F4C0094054606F05EFB044698B903AB7D
:1001B000102205F59C7601930092334605F5947163
:1001C000284606F063FB044628B9304606F0CCFB0F
:1001D000204604B070BD284606F064FBF8E700BF77
:1001E000004440042DE9F0411E46069B1746154A7F
:1001F00023F47E13934204460D461BD10B88B3F5BE
:10020000105F17D1A6F11002102A17D80E4BD34059
:10021000DB0713D54FF4A672002106F08DFE0223F2
:1002200084F84C313A46334629462046BDE8F04131
:10023000FFF7B2BF6FF08500BDE8F0816FF0860078
:10024000FAE700BF0002C003010101002DE9F043FD
:1002500023F47E16124BDDF82C909E42DDE9077CDC
:10026000DDE909E815D10388B3F5105F11D1A2F1DA
:100270001004102C11D80B4D25FA04F4E3070CD50B
:10028000CDE90989CDE907CE3B46BDE8F04306F04C
:1002900013BC6FF08500BDE8F0836FF08600FAE7CD
:1002A0000002C0030101010073B50C4611461A4655
:1002B0002388069EB3F5105F054619D1A2F11004FC
:1002C000102C12D80C4BE340DB070ED50B4B9E4293
:1002D0000ED100240094234600F0A0F885F81C41BC
:1002E000C5F81861204602B070BD6FF08600FAE7CD
:1002F0006FF08500F7E700BF0101010000444004F2
:100300002DE9F04116461F46D0F818210E4B9A42AF
:100310000546884611D1314600F0A0F8069B984268
:1003200004460DD8334628464246394600F0A4F824
:10033000079B00201C60BDE8F0816FF08500FAE7A4
:100340006FF08900F7E700BF0044400430B58BB080
:10035000044618220D4604A8002106F0EDFD4FF4D6
:100360001053ADF80C3020464FF48073ADF80E30CA
:10037000059306F097FA4FF494720021204606F098
:10038000DBFD0B4B00932A46202303A9204606F0F1
:100390006AFA50B905F1200304F59474303553F826
:1003A000042B44F8042BAB42F9D10BB030BD00BF95
:1003B0000044400470B5184E049C4588B34202D0F6
:1003C0006FF0850070BDEE1DB2EBD60F4FEAD6037D
:1003D00002D06FF08600F5E7079A934218D8089A82
:1003E0001360008847F212129042E9D1059A5B002F
:1003F00001339342EDD12378042BEAD1B5F5807F08
:10040000DED10698621C00F067F90028DAD0E0E738
:100410006FF08900D6E700BF00000209F8B5069F1B
:1004200004461D4661B11646AFB9E0F769F80023EE
:1004300084F8116184F8103184F8127184F8133152
:1004400045B11022294604F1F00006F067FD0123B2
:1004500084F81331F8BDE0F7E7F9E8E751B190F817
:10046000103190F812210B4402F001029B1A23F084
:100470000F007047084670472DE9F04F044687B0DB
:1004800090F8120194F810910090002B55D09246EC
:1004900000F00108C9F110021E4608EB0203B34246
:1004A00004F5807700F2C4800D46002A40F0B38046
:1004B000009B002B6AD194F8133104F1F009C8466F
:1004C000002B40F0C18094F811312246394648464D
:1004D000DFF7C2FE0F2E40F2CE80A6F1100323F00C
:1004E0000F031033019305EB030BD04694F813C1AF
:1004F000102341464A463846BCF1000F20D0E0F7B1
:10050000C5FB10224946284606F008FD103594F830
:100510001131224639464846DFF79EFE5D4508F117
:100520001008E3D116F00F0621D184F81061C846F7
:1005300010224146584606F0F1FC07B0BDE8F08FA6
:10054000102206F0EBFC10224946284606F0E6FC95
:10055000103594F81131224639464846DFF77CFEC3
:10056000AB4508F11008C1D116F00F06DDD0019B94
:100570009A4451463846324606F0D0FC009B84F837
:100580001061002B7DD00DF10808D1E794F81131EE
:100590002246394602A8DFF7F5FF94F81331002B05
:1005A0005BD1B8F1000F0CBF4FF010094FF01109EB
:1005B0004E4529D304F1F00801E04E4524D35146BD
:1005C00010223846924406F0A9FC102202A92846BF
:1005D00006F0A4FC94F811312246394602A8DFF750
:1005E000D1FF94F81331103E1035002BE5D002A94D
:1005F000084642461023E0F749FB102239464046A0
:1006000006F08CFC4E45DAD22EBB84F81061AB4666
:100610000DF108088CE7514607EB0900924406F0FB
:100620007DFC009B103E4E44002B3FF444AFADE7F1
:1006300007EB09005146324606F070FCB14484F8DD
:10064000109107B0BDE8F08F10234A46394638466E
:10065000E0F71CFB37E7AB468BE702A904F1F00992
:100660004A4608461023E0F711FB48461022394657
:1006700006F054FC95E7002EEDD184F81061AB46EE
:1006800056E704F1F00952E700B589B00146684623
:1006900000F03CF809B05DF804FB00BF00B591B074
:1006A0000146684600F06AF911B05DF804FB00BF2E
:1006B00030B599B00546684600F028F8694604460A
:1006C00008A800F053FA08A90443284600F08AF964
:1006D000204619B030BD00BF70B598B005466846D9
:1006E000164600F013F83146044608A800F046F913
:1006F00008A96A460443084600F082F908A90443A1
:10070000284600F06DF9204618B070BD70B50B6832
:10071000124E1BBAC3614B681BBA83618B681BBA4C
:100720004361CB681BBA03610B691BBAC3604B6999
:100730001BBA83608B691BBA4360CB691BBA324614
:10074000036001460446E0F791F83146054602464B
:100750002046E0F7ABF8681E70BD00BFF4800200D1
:100760002DE9F04188B00C46064602F120016846AA
:1007700006F120079046E0F773FB6A466946684633
:10078000E0F790FA69463846E0F76AFB3A463946A0
:10079000384604F12005E0F785FA6A46694668465E
:1007A000E0F780FA41462846E0F75AFB6A464146A0
:1007B0003046E0F73DFB2A4629466846E0F772FAE4
:1007C0002A4669466846E0F76DFA124A6946684665
:1007D000E0F768FA69462046E0F742FB32462146D8
:1007E0002046E0F79DFA324621462046E0F798FA87
:1007F000224631462846E0F793FA6A4629462846BB
:10080000E0F716FB3A4629462846E0F789FA08B091
:10081000BDE8F081D4810200F0B599B004460D46E0
:100820000A4601466846E0F77BFA69466846E0F703
:1008300017FB6A46214608A805F1200604F12007A7
:10084000E0F7F6FA6A4629466846E0F7F1FA3246DA
:10085000394610A8E0F726FA324639463046E0F726
:100860005FFA31462846E0F7FBFA6A4608A92046B7
:10087000E0F718FA224629462846E0F751FA6A4678
:1008800008A96846E0F74CFA6A4639463846E0F768
:10089000CFFA2A4608A96846E0F742FA6A46314686
:1008A0003046E0F7C5FA3A4631463046E0F738FAC6
:1008B00010A96846E0F7D4FA224669462046E0F7D8
:1008C0002FFA08A922460846E0F72AFA10A908AA32
:1008D0000846E0F7ADFA3A4610A93846E0F720FAA4
:1008E00019B0F0BD2DE9F04188B00C4605469046A0
:1008F0000A4601466846E0F713FA69466846E0F79B
:10090000AFFA6A462946284604F12006E0F790FA35
:1009100005F120076A4621466846E0F789FA324623
:1009200039463046E0F7FCF931462046E0F798FAC0
:100930002A4621462046E0F7F3F96A46214620463A
:10094000E0F7EEF96A4629464046E0F7E9F9424603
:1009500039463846E0F76CFA224629466846E0F701
:10096000DFF96A4631463046E0F762FA3A463146E8
:100970003046E0F7D5F908B0BDE8F08170B500F178
:10098000200690B00D46044600F014F905F1200150
:10099000304600F00FF9214608A8E0F761FA08A9EF
:1009A00008460D4AE0F77EF908A922460846E0F716
:1009B0003FFA08A9094A0846E0F774F93146684643
:1009C000E0F74EFA202269460DEB0200E0F73CF911
:1009D000013810B070BD00BFD4810200B4810200A4
:1009E00000F002B938B504460D4600F0FDF805F1F7
:1009F000200104F12000BDE8384000F0F5B800BF48
:100A00002DE9F0471346B8B0544A89468046194646
:100A100010A8DFF72BFF5249024610A8DFF746FF68
:100A2000179E4E4900EAD6760746C6F1010210A885
:100A3000DFF73CFF179B4A466FEA030A28A918A86C
:100A4000FFF78EFE4FEADA7A20A9CAF101020846C2
:100A500000F092F8C7F10107FE246A4618A928A8F9
:100A6000FFF740FF631138AA02EB830304F01F0273
:100A700053F8A03CD340554603F0010A8AEA050525
:100A80002A4628A918A8DFF76DFF2A4630A920A812
:100A9000DFF768FF013C28A918A8FFF7BDFE631C1B
:100AA000DBD1CAF1010220A908A800F065F886EAA6
:100AB0000A066A4618A928A8FFF714FF28A9324693
:100AC00018A8DFF74FFF324630A920A8DFF74AFF0A
:100AD00008A96A460846E0F7ABF908A9084600F0FD
:100AE0009DF808A908F1200409F120020846E0F762
:100AF0009FF920A908AA2046E0F79AF908AA18A9A0
:100B00006846E0F795F969466846E0F7A9F918AA3A
:100B1000694608A8E0F78CF921466846E0F7A0F995
:100B200008AA69461046E0F7FBF80E4A08A968468D
:100B3000E0F7F6F820462021E0F79AF808A90246E7
:100B400044426846DFF70EFF4046074A6946E0F731
:100B50006FF93C43204638B0BDE8F087348102008D
:100B600054810200B4810200148102000A46014946
:100B7000FFF746BF7481020070B588B004460D4689
:100B8000164600212022684606F0D6F900232946A1
:100B900020222046009306F0C1F92A46694668469D
:100BA000E0F7BEF8324669462046DFF7DBFE08B0C4
:100BB00070BD00BF0B681BBAC3614B681BBA836171
:100BC0008B681BBA4361CB681BBA03610B691BBA04
:100BD000C3604B691BBA83608B691BBA4360CB69E6
:100BE0001BBA0360704700BFCB691BBA03608B69F7
:100BF0001BBA43604B691BBA83600B691BBAC360A5
:100C0000CB681BBA03618B681BBA43614B681BBA84
:100C100083610B681BBAC361704700BF70B598B0A1
:100C20000D46064610A8E0F71BF92A4610A96846AB
:100C3000E0F7FEF8694610A8E0F712F910A9084697
:100C4000E0F70EF96A4610A908A8E0F7F1F808A93C
:100C500010A8E0F705F910A90846E0F701F910A976
:100C60000846E0F7FDF810A90846E0F7F9F810A9E2
:100C700008AA0846E0F7DCF810A90846E0F7F0F803
:100C800010A90846E0F7ECF810A96A4608A8E0F7B2
:100C9000CFF8052408A910A8E0F7E2F810A9084643
:100CA000E0F7DEF8013C10A9F5D108AA0846E0F704
:100CB000BFF8052410A90846E0F7D2F810A90846A5
:100CC000E0F7CEF8013CF5D110A908AA0846E0F7F4
:100CD000AFF810A908A8E0F7C3F808A90846E0F79C
:100CE000BFF808A96A466846E0F7A2F810246946EA
:100CF00010A8E0F7B5F810A90846E0F7B1F8013CF4
:100D000010A9F5D12A460846E0F792F8402410A928
:100D10000846E0F7A5F810A90846E0F7A1F8013C5D
:100D2000F5D110A96A460846E0F782F8102410A908
:100D30000846E0F795F810A90846E0F791F8013C5D
:100D4000F5D110A96A460846E0F772F8102410A9F8
:100D50000846E0F785F810A90846E0F781F8013C5D
:100D6000F5D110A908AA0846E0F762F82A4610A9AA
:100D70003046E0F75DF818B070BD00BFF8B50E4B17
:100D80001D68AB789B07064612D56F6816F8014BB5
:100D900029462CB90A20B847002805DB204609E07F
:100DA0002046B8470028F1DAAB7843F00403AB7073
:100DB0004FF0FF30F8BD00BF747C02000CB430B5BA
:100DC0008BB004460D462022002102A806F0B4F89C
:100DD00002238DF80A30002D0C4B0393069412DB8E
:100DE00001D06B1E1C440FAA0E99079402A8019211
:100DF00000F00EF815B1069B00221A700BB0BDE88A
:100E0000304002B070470024EDE700BF637002007D
:100E10002DE9F04F8BB04368009383789C078046A0
:100E2000924640F1F98000250878002800F0F6800D
:100E300025280AD04B1C019301354146009B984759
:100E40000028C0F2E3800199EEE74E788B1C252E36
:100E50000193F1D00027B9463C460A221F2C22D824
:100E6000A6F12003102B20D8DFE803F0141F1F1A6F
:100E70001F1F1F0B1F1F1F121F171F1F090044F0EA
:100E80000104019B13F8016B0193002EE6D13AE0B7
:100E900044F0020444F00404F3E744F00804F0E7EB
:100EA00044F01004EDE77F2C24D8A6F13003092B81
:100EB00008D860064EBF02FB073702FB093944F031
:100EC0002004DEE72A2E0DD161065AF8043B53D4E4
:100ED000002BA7BF44F020049946C3F1000944F059
:100EE0002804CEE72E2E05D1630600F1978044F04A
:100EF0004004C6E76C2E2ED028D8682E32D06A2E39
:100F000037D04C2E35D0002F46F02003B8BF24F048
:100F10004004A3F16502BCBFA4B20027022A01D994
:100F2000612B2BD10AF1070A2AF0070A9C4E0AF11D
:100F3000080A0727210760D506EB070B34465C45F6
:100F40005DD1AE1BA219A9EB070959E1742E98D007
:100F50007A2E96D0D7E7260648BF44F4007444F0B2
:100F600080048EE7E00548BF44F4007444F48074C4
:100F700087E744F4207484E71F4682E7A6F1630202
:100F8000122A00F2D880DFE812F013004D00D600DC
:100F9000D600D600D6004D00D600D600D600D6002A
:100FA000D600E800D100D600D6001A00D600A00076
:100FB0005AF8043B8DF81030012704AEBAE75AF80E
:100FC000046B784B002E08BF1E4614F0400F14BF70
:100FD00039464FF0FF31304605F0E0FF0746A9E7FC
:100FE000009B41462020984700280FDB013CA74288
:100FF000F6D34D442D1BA1469EE74C46F7E714F867
:10100000010B009B41469847002898DA98F8023077
:1010100043F0040388F802304FF0FF3528460BB048
:10102000BDE8F08F220630D5A3052AD50AF1070ABC
:101030002AF007039A4659685AF8080B24F0100B57
:1010400000291FFA8BFB2FDA404261EB41014BF480
:10105000806B04AC0A23224605F0ACFF1BF0400F66
:10106000A0EB040200F08E802BF001049742A4B2A2
:1010700040F38F80002E40F08E802BF01104A4B23C
:101080001DE05AF8040BC117D8E7E0055AF8041B15
:1010900001D40846F7E7A2054BBF48B208B241F3B6
:1010A000C01141F3C031C9E750EA0103D1D1630651
:1010B000CFD5002FCDD124F01104A4B23A463B463F
:1010C00040F206410C4262D124E024F01004A4B2A4
:1010D0000A2314F0800243D014F400711FBF0AF1F8
:1010E000070A2AF007029246516814BF5AF8080B03
:1010F0005AF8040B50EA01023ED124F0160B6206A6
:101100001FFA8BFB3CD5002F3AD124F01704A4B270
:101110003A463B4621075AD4E10705D5994572DD89
:10112000A9EB03039F184B469B464AE044F010048A
:1011300010237826CDE7782B04D1C6F1780343F04D
:101140001003C6E7009B4146252098470028FFF67C
:101150005DAF02354146304670E608230026B8E709
:1011600014F480715AF8040BC4D014F400711ABF3F
:10117000C0B2114680B2BDE724F006041FFA84FB1A
:1011800004AC68E713465C46E10699D52EB90133F5
:10119000C0E71346F8E73B46F6E70233BAE700BF7D
:1011A00086B602007FB60200CDE902324146009BBE
:1011B000202098470028FFF629AFDDE902320BF125
:1011C000010BD945F0DCEB1A03EB0B055B46E1069E
:1011D00027D5CDE902324146009B302098470028B0
:1011E000FFF614AFDDE902327EB901352F44791BD9
:1011F0008A4229DB144604AE9CBB2A44A9EB0309AE
:101200001546914442E017468EE7CDE90232023599
:1012100041463046009B98470028DDE90232E5DA76
:10122000F4E640F206410C42E0D014F0020F14BF85
:101230002B20202014F4806FCDE9023205F1010546
:10124000414618BF2D20E5E7CDE902324146009B1B
:10125000302098470028DDE9023205F10105C6DAA1
:10126000D4E6013CCDE90232305D009B414698470F
:101270000028DDE90232BFDAC8E6009B41462020A3
:101280009847002805F10105FFF6C0AEA9EB05035C
:10129000002BF2DCD7E500BF38B5044C044DAC425E
:1012A00000D138BD54F8043D9847F8E7000000002D
:1012B00000000000704708B504F0EBFE4FF47A72AE
:1012C000A0FB020302FB0131C00B40EA4140C90B05
:1012D00008BD0023EFF7ECBC014640F2E73008B54B
:1012E0004FF47A72002300EBC130490CE9F75EFA43
:1012F000BDE8084004F022BEF0B40C2707FB02143E
:10130000866814F8045C45F0020504F8045CB468CF
:10131000A446F0BC604710B588B003798DF807107B
:101320009BB10DF1070102910121CDE905210722B1
:10133000039100248DF81C2000688DF810400222D3
:1013400002A9FFF7D9FF08B010BD6FF01200FAE74D
:101350001FB503798DF800108DF801206BB10222C2
:1013600002928DF80C200068CDF804D0012201A96A
:10137000FFF7C2FF05B05DF804FB6FF01200F9E75C
:1013800038B502220D210546FFF7E2FF0446E8B911
:10139000024620212846FFF7DBFF2246212128466E
:1013A000FFF7D6FF224622212846FFF7D1FF22462B
:1013B00023212846FFF7CCFF224624212846FFF7A9
:1013C000C7FF224625212846FFF7C2FF204638BD29
:1013D000F8B50E4617460D2102220446FFF7B8FF66
:1013E0000546002857D10B2211212046FFF7B0FFF8
:1013F000882212212046FFF7ABFF3F222A212046F8
:10140000FFF7A6FF012E4FF0FF3218BF0022D2B225
:1014100023212046FFF79CFF022E4FF0FF3218BF1A
:101420000022D2B224212046FFF792FF032E4FF074
:10143000FF3218BF0022D2B225212046FFF788FFD5
:10144000324620212046FFF783FF2A4621212046ED
:10145000FFF77EFF2A4622212046FFF779FF2A4622
:101460000D212046FFF774FF0546A0B927EAE7766D
:10147000294640F2E7304FF400454FF47A720023DA
:10148000E6FB0501E9F792F904F058FD2046BDE8B6
:10149000F840FFF775BF2846F8BD07B507210DF1E5
:1014A0000702FFF738FF30B99DF907309DF80700B4
:1014B000002BB8BF802003B05DF804FBF0B5E9B0A5
:1014C00008238DF80730037907460E4615460DF1BF
:1014D0000704ABB3FFF7E1FF002822DD85424FF0A0
:1014E0000103A8BF0546039300238DF810302BB2EB
:1014F00003EB43030693072302948DF81C3008ACDA
:101500003B7938680594022202A9FFF7F5FE40B93D
:101510002346314606EB8500814203F1030302D1E5
:10152000284669B0F0BD13F8022C13F8034C1202E0
:1015300042EA044213F8014C224341F8042BEBE742
:101540006FF01200EDE770B590F8444088B04CB3EE
:1015500000F12401A200684605F0E0FC6A46012182
:10156000CBB29C4207D8640808AB03EB840454F860
:10157000200C08B070BD013B55685BB2104650F8B6
:101580000469AE4204D9013B5BB286605E1CF6D1B1
:1015900001335BB208A800EB8303013143F8205C00
:1015A0000432DDE72046E4E738B504460D464C2218
:1015B000002105F0C1FC256038BDC0687047406857
:1015C00070470346007E30B1586843F6972398422F
:1015D000D4BF0020012070472DE9F04FC36990F877
:1015E00018B003F1010A85B004461746C0F81CA0E4
:1015F000BBF1000F0FD1C0E9011BC0E904BB0123FF
:1016000003762FB94FF00008404605B0BDE8F08FD3
:1016100000233B80F6E74368CA1A03EBA21343F6A4
:1016200097229342436005DC0023A0F84430036214
:101630004376E6E785680668BAFBF6F2C91A491BE5
:10164000436905EBA10501698560AB42B8BF2B4634
:10165000A942A8BF294606FB12A2436101613AB91B
:10166000C2685B1A9B1AC0E9045502EB6302C260B0
:1016700094F84420E1684FF03C09012A09FB06F97F
:101680004FF0DC03B9FBF3F313D92046CDE9022375
:101690000191FFF758FF039B4FF0060CDDE90112A3
:1016A0000CFB00F04FF00A0CB0FBFCF0834238BF9B
:1016B000034694F81980B8F1000F61D10A2091FB1C
:1016C000F0F0854263DD282905DC0023A4F84430CE
:1016D0004FF0000825E001216176216AF9B1AAEBFB
:1016E00001018B421BD8B9FBF1F9A9F11E09B9F12F
:1016F000BE0F14D894F8453004EB830001334162E7
:1017000003F0070384F84530A36C072A98BF013221
:1017100003F1010398BF84F84420A364D846C4F8B9
:1017200020A0002F3FF470AF2046FFF70CFF94F885
:1017300044C0BCF1030F2DD900B328250022454336
:10174000203411464FF0640E54F8043F984234BFE1
:101750001B1AC31A0EFB03F3AB4201F1010198BF40
:101760000132C9B298BFD2B28C45EDD1032A11D94A
:101770004FF416735E43B6FBF0F6B0B2388043E721
:10178000142391FBF3F39D42BCBF00236376282909
:101790009BDD9DE70020F1E7F0B4066987683368B8
:1017A00001248C4023EA040333603B6822F4801256
:1017B000F0BC1847014640F2E73008B54FF47A72A2
:1017C000002300EBC130490CE8F7F0FFBDE808400A
:1017D00004F0B4BB10B588B000248DF807100DF1EB
:1017E000070102910121CDE90521072203918DF81E
:1017F00010408DF81C209DF81C30826843F00203D5
:101800008DF81C3094686A23022202A9A04708B010
:1018100010BD41F2670398420ADC40F6E443984267
:1018200008DD0923A0F6E440B0FBF3F0C0B2704736
:10183000642070470020704770B586B006460D469C
:10184000144600211822684605F076FB6946002000
:10185000CDE90165ADF80C40F6F746FD06B070BD68
:10186000BFF35B8F50E8003F40E80012002AF9D137
:10187000BFF35B8F704708B50246EDF7D7FE20B186
:10188000BDE808401046EFF7B5BD08BD642828BF85
:101890006420EFF709BE13B50622044669462820E6
:1018A000EDF7E6FF40B9BDF800302380BDF8023007
:1018B0006380BDF80430A38002B010BD07B5684650
:1018C000FFF7E9FF00283CD1BDF800304FF4FA6281
:1018D00013FB02F3002BBCBF03F5FF437F33DA1386
:1018E000BDF802304FF4FA6113FB01F3002BBCBFCB
:1018F00003F5FF437F33D913BDF804304FF4FA608A
:1019000013FB00F3002BBCBF03F5FF437F334943B8
:1019100002FB0212DB1303FB03234FF080429A42C7
:1019200004D8002022B903B05DF804FB9208F6E762
:10193000811899424FEA50009CBF80185B1A9208A8
:10194000F0E76FF00400EEE707B501220DF10701A3
:101950001D20EDF78DFF01220DF107014520EDF768
:1019600087FF03B05DF804FB704700EBC1004088BF
:1019700040087047F8B50346FFF7F7FFB0FA80F06C
:10198000C0F11F0003EB800CCA00DCF81060171DCB
:101990000C4606328DB256B9012101FA00F0D96821
:1019A0000143D960CCF81040DD539D52F8BDF100E1
:1019B0000431585AD85303EBC0009E52C5805D5283
:1019C000F4E710B500EBC104E3888B4202F1040197
:1019D0000AD1012303FA02F2C36823EA0203C360B7
:1019E000002340F8213010BDA28840F8213000EBE0
:1019F000C20100EBC300CB808280F4E708B5034648
:101A0000FFF7B3FFB0FA80F2C2F11F021846BDE83B
:101A10000840FFF7D6BF2DE9F843B1FA81F3C3F1CF
:101A20001F0200EB82090646D9F810700D4687B9EF
:101A3000C3F120034FF0FF349C40F3681C4014D0E6
:101A400094FAA4F2B2FA82F2131D56F8234021460A
:101A500008E03C464FF0030821463046FFF785FF7B
:101A6000854205D83046FFF7ACFF2046BDE8F88335
:101A700006EBC404B8F10108E488C9F81040D7D0D7
:101A8000BC42E9D1D4E738B50446FFF76EFF0D46F6
:101A9000034611462046FFF768FF03449BB204EB60
:101AA000C5055A006A802046FFF75FFF014424F80D
:101AB000313038BD70B50446FFF757FF0B4604EBD5
:101AC000C305511A9B1A89B203444E009BB204EB22
:101AD000C2006E805D00458024F832102046114619
:101AE000FFF743FF014424F8313070BD70B509B9E8
:101AF000002070BD056801F007030B33CC0804EB30
:101B0000D304AB689C4228BF1C4621462846FFF7F9
:101B100082FF06460028EBD001462846FFF725FF46
:101B2000A04207D932192846FFF7C4FF11462846BC
:101B3000FFF720FF05EBC6021046538843F0010370
:101B400053800430D5E71146FFF7D0BF043A2DE9A2
:101B5000F843CC1D114424F0070421F00706A6EB3E
:101B600004084FEAD807B7FA87F2C2F12405AD009E
:101B70004FF000090735C2F12002ED080460494624
:101B8000A760C4F80C90920004F1100005F0D4F99D
:101B9000AAB2530043F0010363807B1B9BB204EBAA
:101BA000C5015800A4F80090488024F83520A6F814
:101BB000029024F8083004EBC70329465A8842F003
:101BC00001025A802046BDE8F843FFF7D3BE2DE955
:101BD000F04706460D46174698462BB398F8004046
:101BE00093F80190DB78A40004EB430498F80230EA
:101BF0001C4444444FF0000ACA4509D3D8F80420D5
:101C000008F1080339463046AC46BDE8F047604766
:101C100014F8013B48F823402046EBF7AAFE0130B8
:101C200004440AF1010AE7E76FF01500BDE8F08708
:101C300030B502460024002012F8013B43B178B1D0
:101C40008C4207D1702B04D0A3F140053A2D07D860
:101C5000002030BDA3F140053A2D01D80134EAE758
:101C6000252B08BF80F00100E6E70020704700F058
:101C700072BB0FB407B504A951F8040B019100F031
:101C80006AFB03B05DF804EB04B070470FB407B50E
:101C900004A951F8040B0191FFF7E9FF03B05DF8C7
:101CA00004EB04B0704710B50369024613F0080056
:101CB00009D11368D4689C4297BF126AE31AD31AF9
:101CC00001200B6010BD00231846FAE713B501A9E7
:101CD0000446FFF7E8FF20B1019BE268013B134493
:101CE0000193206A019BC01A013802B010BD10B5E3
:101CF000044650182269236AD20702D5013B1840D6
:101D000010BD984228BFC01AFAE710B504460A462B
:101D1000C168FFF7ECFF2369E06023F0080323614B
:101D200010BD38B50D46C2698B00016843F002034F
:101D300042F82130044601682A46FFF7D8FFE368DD
:101D400061682060984202BF236943F00803236161
:101D50002A462046FFF7CBFF606038BD2DE9F74FDC
:101D6000D0F80CB0C669009216F82B2002F00302DE
:101D7000022A08BF56F82B209A4606EB8B030F4623
:101D800001934FF00001009B0CBFC2F39D098946EF
:101D900019600446CAF80010B9F1000F07D049468F
:101DA000FFF7B3FFE368A3604FF0010804E00169A7
:101DB0008A0705D44FF00008404603B0BDE8F08F15
:101DC000816906EB8B00884716F82B1011F001088B
:101DD0000546EFD08B071DD51FB139462046FFF7CA
:101DE000A0FF61682A462046FFF781FFD4E902136D
:101DF0008B42606007D12A462046FFF778FF4FF0FC
:101E000000080146A0602369216043F00803E160F7
:101E10002361D1E701462046FFF777FFE168A16023
:101E20001FB12068E16941F82090EA19CAF8002042
:101E300021682046FFF75BFF2269206042F008021C
:101E4000226116F82B2022F0010206F82B20DDE992
:101E500000321A60A8E770B504461546FFF747FF41
:101E60002368834205D12369216023F0080323619D
:101E700070BDE269AB0043F0020342F82130204616
:101E800061682A46FFF733FF6060F1E738B5036900
:101E90005B07044606D5456AFFF718FF85422CBF4D
:101EA0006562606238BD38B50D4604461C220021CB
:101EB00005F042F8EB68A361AB6863612B68E361EE
:101EC0006B682362002262622A6923B1591E19429B
:101ED00008BF42F001022261012204F12800002122
:101EE000BDE8384003F037BE2DE9F04F9846036A4D
:101EF00087B000258B4204460E4693460395059510
:101F0000AA4638D3EFF31189402383F31288BFF335
:101F10006F8F059A2AB129462046FFF79CFF0023C0
:101F2000059304A92046FFF7BEFE0499B142074677
:101F30002AD32268E36913F8221021F0030103F881
:101F4000221003EB820A216832462046FFF7CFFEBB
:101F5000E3682060984212D0002789F31188BFF30C
:101F60006F8F039929B162690AB120469047002317
:101F70000393002FC6D1504607B0BDE8F08F236908
:101F800043F008032361E7E718B12046FFF7C9FED5
:101F9000E3E75BEA08031CD0019103F008FF019915
:101FA000B8B9B9F1000F14D189F31188BFF36F8F5D
:101FB0005A46434604F12800FBF750FFEFF311891E
:101FC000402383F31288BFF36F8FB0FA80F77F0945
:101FD000C3E705AB03AA20462568FFF7BFFE074607
:101FE000BBE770B50446836908460D46984702462C
:101FF000EFF31186402383F31288BFF36F8F2B78A2
:1020000043F001032B7061682046FFF770FE6060AB
:102010002046FFF73BFF86F31188BFF36F8F70BD3B
:102020002DE9F843044600274026EFF3118586F397
:102030001288BFF36F8F2369A268190702D46368FF
:10204000934200D2236A9B1A002B42D0E06910F819
:10205000221011F0030300EB82093AD0022B04D1C5
:1020600050F822305FEA930805D1CB0720D4A3694A
:10207000484698478046A16842462046FFF737FE0B
:102080000127A06041462046FFF73FFE3B4685F30F
:102090001188BFF36F8F002BC7D137B1B9F1000F93
:1020A00003D104F12800FBF7A5FE4846BDE8F883FC
:1020B00041F0020100F822104846A369D4F80880D4
:1020C0009847414602462046FFF711FE0023A060D4
:1020D000DDE79946DBE7F8B50446836908460D4617
:1020E00098470646EFF31187402383F31288BFF326
:1020F0006F8F2B7823F001032B7023699B0705D585
:10210000E268E36903EB82039D421AD12B7823F046
:1021100002032B70D4E90231994204D132462046A1
:10212000FFF7E5FDA06031462046FFF7EEFD87F39F
:102130001188BFF36F8F04F12800BDE8F840FBF76A
:1021400059BE2B6860F39F032B60F0E7EFF311811A
:10215000402383F31288BFF36F8F026983681207ED
:1021600002D442689A4200D2026AD31A81F31188DB
:10217000BFF36F8F181E18BF01207047038B13F039
:10218000070306D10368002B18BF032008BF0020F7
:102190007047022B05D1408BB0FA80F040098000D7
:1021A0007047012B04D10368002B18BF0520EDE711
:1021B0000020704710B50C4600B111B96FF0150042
:1021C00010BD081D00F087F80028F9D1A368032B83
:1021D000F6D9F3E72DE9F0410D4607461946281DCB
:1021E00090461E4600F088F8044638B13346424611
:1021F00029463846A446BDE8F0416047BDE8F08175
:1022000010B4EFF31182402484F31288BFF36F8F70
:10221000416110BC0121EEF7B7B938B50C4605464F
:1022200058B151B10B6843B14B6833B11C22002146
:1022300004F082FE2C61002038BD6FF01500FBE732
:10224000F8B504460E46FFF7B5FF051E3BDBEFF37E
:102250001182402383F31288BFF36F8F638B278B28
:102260004FF6FF718B4207F007072ED0062F2FD8AD
:10227000DFE807F0182E082E180418006FF0850507
:10228000002303E0013363830225012382F31188D5
:10229000BFF36F8FBBB100233A4631462046FFF7AC
:1022A00099FF10E000233360636823B9C4E9006636
:1022B00027B13D46E4E71E606660F9E7022120464B
:1022C000EEF762F93D462846F8BD6FF00A05D7E7FC
:1022D0006FF00405D4E7034658B1426802F00302E8
:1022E000012A03D0032A04D1026812B100209860A9
:1022F00070476FF0150070474268816002F003027A
:10230000032A4FF0000203460CBF006810465A60D3
:102310007047704703785B075FBF03684288C3F369
:102320004A2303EB12105DBF173020F0070080082E
:10233000002070470020704702F0CDBC0346BFF379
:102340005B8F53E8000F421C43E800210029F8D1BD
:10235000BFF35B8F70471FB50023CDE90201CDE9C4
:1023600000331A4619461846EEF722FD05B05DF80F
:1023700004FB0120EEF7CEBA002070474368DA7103
:1023800043681960436801225A71EEF7B5BA70B517
:1023900015460C4669B1D2E901369B1B99420AD811
:1023A00013680A460146981904F0B8FDAB68234447
:1023B000AB60204670BD6FF01B00FBE770B50E46AA
:1023C00015461946044618B9BDE87040EEF7A2BAA2
:1023D00033B1C2F34A231030120D184404F09EFDAD
:1023E000C4E900562046BDE87040EEF741BC2DE937
:1023F000F3415F1C4FEA8708064608F1170020F0FA
:10240000070080080C461546EEF706FB0023ADF8E2
:1024100005308DF807308DF8047068B10346019AD5
:1024200043F8102FA8F104012A46294452F8045B0E
:1024300043F8045F8A42F9D1A20102F4E07242EA51
:10244000482222F07F4222F47002002322F03F0251
:10245000314602B0BDE8F041FFF7B0BF07B5012338
:10246000019201AAFFF7C3FF03B05DF804FB07B5B3
:10247000CDE9002302236A46FFF7B9FF03B05DF8F8
:1024800004FB1FB5CDE90123069B039301AA032397
:10249000FFF7ADFF05B05DF804FBF8B506460D4645
:1024A00014461F4604B9F8BD214628463A46B047AF
:1024B000241A0544F6E710B5426881680446D2E95B
:1024C00000230068FFF7E9FF636800221A6010BD6F
:1024D00038B54B681A68CB689A4205460C4602D15B
:1024E0000846FFF7E8FF6368BFF35B8F53E8002FF0
:1024F000511C43E800100028F8D1BFF35B8FA3689C
:102500009D54002038BD0A2838B504460D4602D136
:102510000D20FFF7DDFF29462046FFF7D9FF0020F9
:1025200038BD2DE9F043054689B008460E8891F87C
:102530000090D1F808800C461746EEF78BFC011E80
:10254000C6F38216C9F3C2091FDB4846EEF7A2FBA9
:1025500003462146608851F8102B0296C2F34A22A6
:10256000002A01EB0204C0F30B1008BF0021002277
:10257000CDE90507CDE90314CDE9002241462846FF
:10258000EEF794FC09B0BDE8F0830023E1E7F0B575
:1025900087B01F4604460D46164600F0D2FA0223C5
:1025A00002930DF116030193BDF83030ADF816001B
:1025B000009332463B462946204601F04EFC07B0C8
:1025C000F0BD2DE9FF411F460D4616460446F0F7C3
:1025D000EFFE8046EBF7CDF9BDF82830009380B2CE
:1025E000CDE901803B4632462946204601F035FCC4
:1025F00004B0BDE8F0810020704704F09DBC04F0F9
:102600008DBC01460068EEF7ADBF08B5EFF706F8E0
:10261000BDE80840EFF7AABB0A460121FFF71EBF3D
:1026200000210120EEF79EBF6FF08500704761B674
:1026300062B680F31188BFF36F8F704772B60023C4
:1026400083F31188BFF36F8FBFF34F8F30BF62B634
:10265000BFF36F8F704772B6002383F31188BFF307
:102660006F8FBFF34F8F20BF80F31188BFF36F8F41
:1026700062B67047202809D9B0F1004F08D8013858
:10268000B0FA80F0C0F11F0040007047082070478A
:102690003E20704708B5D1E904319847002008BDB5
:1026A00008B5EFF781FD002008BD704700230382C5
:1026B0004369C3607047C1698968EFF7E1BDEFF313
:1026C0001182402383F31288BFF36F8F00230B60C6
:1026D000436833B9C0E9001182F31188BFF36F8FEB
:1026E000704719604160F7E710B50346EFF31181B9
:1026F000402282F31288BFF36F8F006828B15C68B4
:1027000002681A60A04208BF5A6081F31188BFF3C3
:102710006F8F10BD027A013202727047034618466D
:102720005B68002BFBD17047426810B52AB10B469D
:102730001C465B68002BFBD16260416010BD10B588
:10274000044620B90B7A01330B72084610BD0346CC
:1027500018465B68002BFBD1FFF7E6FF2046F5E744
:1027600083680B440360704703680B6043684B60E9
:1027700083688B6070478388026819448180D01811
:10278000704730B484880568A3188380281930BC4A
:1027900004F0C4BB10B5838802685C1C8480D154EB
:1027A000D01810BD034600689A88401A114418607A
:1027B000998070470268531E0360838801338380C9
:1027C00002F8011C70478288521A03468280006812
:1027D000084418607047034600689A88521A0144FA
:1027E0009A801960704710B503681C780121FFF7C3
:1027F000EAFF204610BD10B503681C880221FFF7D0
:10280000E2FF204610BD7FB514460A888B78ADF8EC
:10281000002006460D2200210DF103008DF8023044
:1028200004F08AFB6A466946304602F017FB28B975
:10283000BDF800209DF802302280A37004B070BD66
:1028400013B50C4601AA0331FFF7DDFF48B9032297
:1028500001A9204604F07FFBB0FA80F0400902B0E5
:1028600010BD0020FBE710B50C46017822788A42A3
:1028700088B00ED06946EFF765FE04A92046EFF751
:1028800061FE10220DEB0201684604F064FB08B003
:1028900010BD012A06D0022A07D072B94088638889
:1028A000C01AF4E740686368FAE71022611C01303F
:1028B00008B0BDE8104004F04EBB6FF01500E6E72D
:1028C000042A0AD0102A0DD0022A4FF0000315D195
:1028D00003700B88438001207047012303700B684D
:1028E0004360F8E7022300F8013B01F1100351F8BF
:1028F000042B40F8042B9942F9D1ECE718467047B5
:10290000012310B50621044600F8013BF9F724FC29
:1029100018B9A37963F03F03A37110BD0B6803607E
:102920008B8883808B798371037823F00203037093
:1029300070470078C0F34000704738B50446807A8D
:10294000EFF774FC6169054649B1637ADB0704D48B
:10295000C3691B6820469B68984700236361214632
:102960002846BDE8384003F0E8B82DE9F0410C46B0
:1029700001F10C08054600F10C01404617461E46C1
:10298000FFF7F2FE6269E3682F829B1A13FA87F35E
:102990006B8201236B7239464046FFF714FFE368F0
:1029A0007360628A0023E360728163823460284628
:1029B000BDE8F08138B5D1E90032DA600B684A89A8
:1029C0005A820C4605460868EFF7D8FC20461022CC
:1029D000002104F0B1FA2846BDE83840FFF7ADBF4A
:1029E000438A23B9C068B0FA80F0400970470020DC
:1029F0007047D0F8A43083B15A7CD1070DD5D206E8
:102A00000DD51B7C102B0CBF042303234372807A4B
:102A100098428CBF0020012070470223F6E7032371
:102A2000F4E70F2806D80D280BD8052814BF02207C
:102A300003207047132804D01A2814BF0220012055
:102A4000704701207047FFF709BDFFF710BD10B5B3
:102A50000346BFF35B8F53E8000F40EA010243E8EF
:102A60000024002CF7D1BFF35B8F10BD0023EEF7DD
:102A70001FB9BFF35B8F50E8003F0B4040E80032C6
:102A8000002AF8D1BFF35B8F704710B5F1F744FD12
:102A90006FF4807104461030FFF7EBFF2046BDE86D
:102AA000104000F019BAC368DB78012B01D1FFF7A1
:102AB000ECBF7047C0F307231070000E5370D07046
:102AC0000023C1F30720090E9370137150719371A5
:102AD000D1717047C368DB78012B01D1FFF7D5BFF7
:102AE000704738B504460D46EFF776FF5F3005D1E5
:102AF00029462046BDE83840EFF7A4BE38BD002087
:102B0000704710B5028843889A4218D8052A16D90A
:102B1000B3F5486F13D88488B4F5FA7F0FD2C18813
:102B2000A1F10A0292B240F67640824207D804FB35
:102B30000333B3EB810F34BF0120002010BD002010
:102B4000FCE740F24130704708B5F7F77FF818B15D
:102B5000408A003818BF012008BD70B506460D46F2
:102B60004FF0FF304FF0FF31F0F77AFA044668B1CA
:102B700003210C30FFF7FFFD0680857021460022FF
:102B8000BDE8704040F20640F0F770BC6FF068009E
:102B900070BDC368187808B1F0F7FAB91846F0F7B5
:102BA0004BBD38B54FF0FF3105464FF0FF30F0F721
:102BB00057FA044668B102210C30FFF7DCFD2B8880
:102BC000038021460022BDE8384042F21600F0F7AB
:102BD0004DBC6FF0680038BDF8B507460E464FF0A3
:102BE000FF304FF0FF311546F0F73AFA044678B15E
:102BF00006210C30FFF7BFFD3B88038046808580AF
:102C000021460022BDE8F84042F22200F0F72EBC37
:102C10006FF06800F8BD70B506460D464FF0FF3006
:102C20004FF0FF31F0F71CFA044618B9BDE87040C8
:102C3000EFF7FEBD03210C30FFF79DFD0680857088
:102C4000214642F22100BDE87040F0F7BDBB08B557
:102C5000072204F080F9B0FA80F0400908BDFFF7C0
:102C6000FDBB0B6803608B8883808B798371704711
:102C7000BFF35B8F0068BFF35B8F7047F8B50F46FB
:102C8000144638BB4FF0FF304FF0FF31F0F7E8F952
:102C9000054610B327210C30FFF76DFD3946FFF7CD
:102CA000E0FF06462246C31D04F1100152F8040B52
:102CB00043F8040B8A42F9D11022002106F11700D3
:102CC00004F03AF929460022BDE8F84042F2270014
:102CD000F0F7CCBB6FF01500F8BD6FF06800FBE7B4
:102CE000037A5B07024605D501462E3211F8010B27
:102CF000FFF7C4BF704738B54FF0FF3105464FF0BE
:102D0000FF30F0F7ADF9044658B129460C30FFF713
:102D100041FD21460022BDE8384042F22D00F0F787
:102D2000A5BB6FF0680038BD10B400F11003BFF30D
:102D30005B8F53E8002F22F4005143E80014002C6D
:102D4000F7D1BFF35B8F930403D510BC012100F0D2
:102D5000C1B810BC704770B5044686B00E4601304D
:102D60000131FFF774FF2E34162200210546684614
:102D700004F0E2F810226946204604F0ECF840B175
:102D8000102206F12E01204604F0E5F8B0FA80F09A
:102D90004009284300F0010006B070BD38B54B680B
:102DA00005460C4673B90B7A13B9037A5B0709D54C
:102DB00020682A7803789A4204D02946FFF7CBFF8F
:102DC00000B1656038BD00F1100208B50346104639
:102DD000FFF74EFFC10511D5BFF35B8F52E8000F1F
:102DE00040F4005042E800010029F7D1BFF35B8FA7
:102DF00018460021BDE8084000F06CB808BD10B5C9
:102E00000C4630B919B1F6F7E3FE00B1441C204678
:102E100010BD0024FBE718B111B10846F0F764BFFC
:102E20006FF01500704713B5044680B1062168465F
:102E3000F9F792F948B99DF80530694603F03F0368
:102E400020468DF80530FFF7E6FF02B010BD6FF0A9
:102E50001500FAE7003818BF01207047037AD90738
:102E600004D523F001030372F1F7D0B8990704D514
:102E700023F002030372F1F7E3B87047BFF35B8FEF
:102E80000068BFF35B8F704770B5064686B00D468D
:102E90004FF0FF304FF0FF31F0F7E2F80446B0B1E9
:102EA0000C3095B10121FFF775FC06F1100203A962
:102EB000204600950823F0F7C1F80022214642F28F
:102EC0000A00F0F7D3FA06B070BD2946EBE76FF0C1
:102ED0006800F8E7FFF7D8BF183002F01DBF01F116
:102EE0002003013813F8012D00F8012F8B42F9D18E
:102EF000704700230B60436813B9C0E900117047A5
:102F0000196041607047D0F8B400003818BF012044
:102F10007047084689691160C2691A60C27A002147
:102F2000183004F009B8FFF7A2BA10B50346BFF392
:102F30005B8F53E8000F40EA010243E80024002CB5
:102F4000F7D1BFF35B8F10BD437B072B01D1F1F7A6
:102F50006DBF70472438F1F7E9BF036800220BB951
:102F6000184670478B4210D10B6842B94268036023
:102F7000914200D1436000230B6001207047136031
:102F80004368994208BF4260F5E71A461B68E6E7C6
:102F900010B50446006918B1EFF7F0F9002323617A
:102FA00010BD10B500F1C802BFF35B8FD0F8C83078
:102FB000BFF35B8F7BB1BFF35B8F591C52E8004FAF
:102FC0009C4204D142E8001CBCF1000FF6D1BFF3D3
:102FD0005B8FE7D110BD1846FCE710B5437B023B81
:102FE0000446062B16D8DFE803F009041515150B67
:102FF0000900017300212046F2F7F2F8002010BD0D
:103000000088FFF7AAFD0028F9D1637B072BF5D1D3
:103010000821F0E76FF07F00F1E710B50446D0F823
:10302000A40028B9207A04F17001F6F70FFE38B138
:10303000E278438A2AB903F02100003818BF012042
:1030400010BD03F02400F8E738B58378012B04465F
:1030500027D1437B072B27D10B0601F07F050CD529
:103060004FF400410430FFF760FFA5722046F6F7E9
:1030700077F808B1637AA37238BD437AAB4216D2AF
:10308000837AAB4213D2BFF35B8F031D53E8001F5B
:1030900021F4004143E80012002AF7D1BFF35B8F0F
:1030A000E3E76FF01500E7E76FF07F00E4E700204B
:1030B000E2E78378012B0CBF407A0020704738B5D7
:1030C000037A8B420446154615D100F170010722A0
:1030D000284603F040FF80B1E378072243B904F1AA
:1030E0007E01284603F037FFB0FA80F0400938BD72
:1030F00004F17701F5E70020F9E70120F7E783788D
:10310000012B0CBF703000207047F8B507460D4604
:103110004FF0FF304FF0FF31EFF7A2FF0646D0B17E
:103120000E210C30FFF727FB0E220446002103F08E
:1031300003FF3B8823802B8863806B88A380AB8848
:10314000E380EB88238131460022BDE8F84042F25B
:103150001300F0F78BB96FF06800F8BD704710B539
:103160000446FBF7F7FA234653F8402BD2F8B41085
:1031700061B92164D2F8B81061B9C2E92D33FBF707
:10318000FDFA2068BDE81040F2F706B88B42F6D091
:103190000968EDE70B60C2F8B830F0E703682BB1BF
:1031A00041681A6802608B4208BF426070477047EE
:1031B0002DE9F843446B2CB154F8085905B1083D8A
:1031C00000270CB9BDE8F883D4E900682EB3FBF7FB
:1031D000C1FAD6F8B43004F14001002263B199423B
:1031E00033D1236C4ABBD6F8B820C6F8B43091422C
:1031F00001D1C6F8B8302764FBF7C0FA04F13009F2
:10320000002200234846FAF7C3FD064600BBD8F863
:1032100004300BB1204698472760E3680BB1204685
:103220009847D8F820300BB120469847DDB1AB68FD
:1032300003B1083B2C461D46C3E71360D6F8B830EF
:10324000994208BFC6F8B820D5E71A461B68C5E7FB
:10325000B36923B1F16920686FF06D029847304679
:10326000EFF78CF8CCE72B46E4E738B5406B0D461A
:1032700020B150F8084904B1083C00B938BD436892
:103280009B680BB1294698472CB1A36803B1083B52
:1032900020461C46F1E72346FAE7F8B50F46002121
:1032A0000546164600234FF480320846F2F778FDB3
:1032B000044620B92846F2F73FFD2046F8BD042118
:1032C0000C30FFF758FA057047704680F5E7406B01
:1032D00030B1838B8B42A0F1080001D08068F7E702
:1032E000704710B54AB989B2FFF7F1FF28B14368BA
:1032F0009B6913B1BDE81040184710BD38B50D46A5
:103300000521FFF7E4FF00231A462946F2F762FD84
:10331000044610B12846EFF731F8204638BD406B1F
:1033200030B183898B42A0F1080001D08068F7E7B3
:10333000704770470346006828B1596802681A60F0
:10334000884208BF5A6070470346002003B970479F
:103350001A8A5B681044F9E710B5D4682378023103
:1033600013B92170012010BD8B42FBD0038A023BB0
:10337000038200201061F6E7FFF770B82DE9F041F5
:1033800004468868FFF7E0FF638D628B934228BF95
:10339000134683420D461DD32165D1F808800027CE
:1033A0008F60FBF7D7F941462046F2F70FFF06463C
:1033B00038B1C5F808802765FBF7E0F93046BDE86D
:1033C000F081618D638B994228BF1946284600F031
:1033D00089FEF1E76FF07906F0E773B51446014610
:1033E00005464FF49572206800F0C5FD207530B990
:1033F0002068294600F079FE20B9082323750020B3
:1034000002B070BD237AB3B1A3F118025342534105
:103410009B000193638A0093AE68238AE268206868
:103420002946B047002808DB238A98420CD10023A4
:1034300023750120E4E70223EBE710F1FF0F03D32C
:103440004042C0B22075DAE70E20FBE738B50446EB
:103450000D46F2F7BBFE30B1294604F15400BDE839
:10346000384002F05FBB38BDF8B593681668054672
:103470000F46144663B9506801210C30FFF77BF901
:10348000A0602B681B78002B14BF0223012303705C
:10349000A3681B78012B03D0022B1FD000201CE057
:1034A0002B681B78002BF9D1606804210C30FFF7E2
:1034B00062F9E06007802A68E36852885A80616890
:1034C000728D738B088A9A4294BFC0EB0200C0EBE6
:1034D0000300042894BF00200120F8BD2B681B784E
:1034E000022BDBD1606812210C30FFF744F9E06059
:1034F00007802B68E268591C0232113351F8040B23
:1035000042F8040B9942F9D16168728D738B088A75
:103510009A4294BFC0EB0200C0EB03001228D9E727
:1035200070B40668726A5AB3144654F8983903B1F5
:10353000983B002211467CB9438D408B8B4201D8C9
:1035400090421FD9824238BF02469942306838BF44
:10355000194670BCF4F7F0BF844207D0658D648BC8
:10356000A94238BF2946A24238BF224633B1D3F818
:10357000985005B1983D1C462B46DCE71D46FAE7FE
:103580001146D9E770BC7047D0680378043113B98D
:103590000170012070478B42FBD091680B8A00209C
:1035A000043B0B82106170471FB5CDE90123002356
:1035B00000931A46F4F720FB05B05DF804FB03689E
:1035C000002203B970478B420FD10B683AB94268A9
:1035D0000360914200D1436000230B607047136089
:1035E0004368994208BF4260F6E71A461B68E8E75D
:1035F000BFF35B8F50E8003F43F0080240E8002132
:103600000029F7D1BFF35B8FC3F3C00070472DE9EA
:10361000F041064690461F460D46B9B104220121ED
:10362000F2F7A4FE044618B9BDE8F041F2F774BE03
:1036300004210C30FFF79FF80570A0F80180C770D7
:1036400021463046BDE8F041FFF700BFBDE8F081FC
:1036500030B50C4685B0054601F10C00FFF7CBF8FC
:10366000228A0292E26801920022034600921146E9
:103670002846F2F7D3FE05B030BD30B50C4685B014
:10368000054601F10C00FFF7B6F8228A0292E268C3
:103690000192002203460092122113222846F2F7DB
:1036A000BDFE05B030BD70B504460E4600220023B5
:1036B0000846FAF76DFB054658B101462046F2F779
:1036C00085FD044618B12946304602F036FA2046F8
:1036D00070BD6FF00104FAE707B5CA681388528815
:1036E00000920C210D22F3F78FF903B05DF804FB73
:1036F00007B5CB6800221B8800920A210B22F3F742
:1037000083F903B05DF804FBF8B5CB681F88BBB242
:10371000162B054619D90321F2F790FF0646B0B1E2
:1037200002210C30FFF727F800246FF00803037024
:10373000447031462846FFF789FEF72328466B83FD
:103740006F85FFF7EDFE2046F8BD0420FCE70E2054
:10375000FAE72DE9F04F064685B0104690469946A7
:10376000FFF7F2FD738B728D934228BF134683429D
:103770008B4675D9736803934046FEF7CFFF4FF031
:10378000000A04464046FFF7DFFDE168228A658AA9
:103790006369778BCB1AAD1AED1A738D9F4294BF74
:1037A000C0EB0700C0EB0300854228BF054625BBE0
:1037B00098F80A00EEF73AFD00220023FEF77BFF9F
:1037C000044608B9574627E001464046FEF7B7FFD2
:1037D0004046FFF7B9FDE168228A658A6369778D03
:1037E000CB1AAD1AED1A738B9F4294BFC0EB070042
:1037F000C0EB0300854228BF0546CDF80090DBF8FA
:10380000047003980A44ABB25946B847071E07DA5A
:10381000BAF1000F18BF5746384605B0BDE8F08F23
:103820000E9BABB9394604F10C00FEF7A4FF4046ED
:10383000FFF78AFD738D728B934228BF1346B944FC
:103840008342BA441FFA89F9BCD9AF429AD0B9E78A
:103850000F9A0E9B3946204698470028E2D1B1E7DF
:103860000027D9E72DE9F3411768D7F80480002332
:1038700014461373014606469522404600F07BFB32
:103880000546207330B93146404600F02CFC28B97B
:1038900008232373002002B0BDE8F081A068798D71
:1038A0007A8B038A914294BFC3EB0103C3EB0203FB
:1038B000012BEFDD02210C30FEF75DFFCDE9005555
:1038C0008046A388A26831463846FFF742FF031EB0
:1038D00006DA13F1FF0F26BF5B42DBB20E23D8E7F7
:1038E000A8F800300120D6E72DE9F3411768D7F892
:1038F0000480002314461373014606469522404671
:1039000000F039FB0546207330B93146404600F0DF
:10391000EAFB28B908232373002002B0BDE8F08138
:10392000CDE900553146A388A2683846FFF711FF5C
:10393000002807DA10F1FF0F26BF4042C0B20E2068
:103940002073E9E70120E8E7F8B50546071F00F115
:10395000480350F8044CBFF35B8F53E8001F21F07D
:10396000040143E80012002AF7D1BFF35B8FFCB1DA
:10397000EB6C83B9636873B1201DFFF7DBFC06466F
:1039800001463846FFF7FAFC90B163683360A368DC
:10399000666003B9A66005F150013846FFF783FE63
:1039A00030B104F10C013846BDE8F840FFF77BBEAA
:1039B000F8BD2DE9F041446A074644B154F89869CE
:1039C00006B1983E0022154607F104080CB9BDE87F
:1039D000F081236D9BB905B98AB94046FFF7AAFC6F
:1039E000054658B101462046FFF7C8FC0028EED036
:1039F0007B682B60BB687D6003B9BD60224636B131
:103A0000D6F8983003B1983B34461E46DEE733467D
:103A1000FAE738B50546BFF35B8F0B68BFF35B8FE2
:103A2000DB0716D550F8040C98B1EB6C8BB9043059
:103A3000FFF780FC044660B10146281FFFF79EFC9B
:103A400038B155F8043C5A6822609A685C6002B943
:103A50009C6038BDF4F764B808B5F3F7ABFB40B130
:103A6000406A30B1024652F8983903B1983B0020C1
:103A700002B908BD518B528D8A4228BF0A46904236
:103A800038BF104633B1D3F8981001B198391A46AF
:103A90000B46EDE71946FAE708B500230A8AC9681C
:103AA000F3F7F0FC002008BD70B50D46F3F782FB7C
:103AB000044628B92846EEF761FC6FF07F0070BD20
:103AC00000F10C062946304602F02CF8646AC4B1B5
:103AD00054F8985905B1983D0022104607E0224657
:103AE0007DB1D5F8983003B1983B2C461D46831C18
:103AF00001D1002AF4D131462046FFF7D4FD002839
:103B0000EDD10020DBE738B505460C46FAF722FE7A
:103B10002846F3F74FFB20B9FAF730FE6FF07F002D
:103B200038BD0023236083683BB9C0E90144FFF737
:103B300040FFFAF723FE0020F2E71C608460F6E7FE
:103B40000120704708B5F3F735FB98B1436A8BB194
:103B5000BFF35B8F983B03F14C0252E8000F20F05B
:103B6000080042E800010029F7D1BFF35B8FD3F8CA
:103B70009830ECE708BD08B50421FFF7D0FB30B161
:103B8000BFF35B8F806CBFF35B8FC0F3C00008BDD9
:103B900010600020704710B5029CA36833B1B1F5E6
:103BA000807F28BF0E21CAB221469847A37DE268D4
:103BB000013BDBB2A37522B11BB92046BDE8104022
:103BC000104710BD1060918000207047F0B5076865
:103BD0003D7889B006461446E5B97B88B3F5245F85
:103BE00004D011D8A3F52053032B13D8ADF80A1035
:103BF00002220DF10A012046F3F78AFD70B16FF041
:103C00001503C4F85C3106E003F55643FF339BB25D
:103C1000042B20D90125284609B0F0BD7B88ADF8DA
:103C20000A3002220DF10A012046F3F771FD002847
:103C3000E5D1009003AA776813233146B847021EE6
:103C400002DAC4F85C21E6E703A92046F3F760FD39
:103C50000028DFD0D3E7ADF80A1002220DF10A01E7
:103C60002046F3F755FD0028C9D17B88ADF80A300E
:103C700002220DF10A01E8E708B5072203F06BF90B
:103C8000B0FA80F0400908BD10B50346BFF35B8F62
:103C900053E8000F40EA010243E80024002CF7D16A
:103CA000BFF35B8F10BD0B6803608B8883808B79BB
:103CB0008371704770B50D46064611F8010BF1F798
:103CC0008BFE044610B12C89F1F73AFAA87A05F177
:103CD0000B01F1F781FE28B16B8A9C4238BF1C466C
:103CE000F1F72EFAAB8AA34207D0AB69AC8223B1BD
:103CF00021463046BDE87040184770BD38B5BDF864
:103D00001040A24215460CD84CB16BB1A41A8C429B
:103D1000A8BF0C46A4B22246591903F0FFF820466A
:103D200038BD6FF00604FAE76FF00D04F7E730B521
:103D300085B0C96814461D46F3F750FD00B10089EF
:103D4000ADF80E0002230093BDF820200DF10E0304
:103D500029462046FFF7D2FF05B030BD1FB50C46FF
:103D60001946E3681C781046BDF818203CB11024B1
:103D70000133069404B0BDE81040FFF7BFBF5B8875
:103D8000ADF80E30022300930DF10E03FFF7B6FFDE
:103D900004B010BD30B585B01D46002314468DF823
:103DA0000C30F3F7C7FC10B1037A8DF80C30012307
:103DB0000093BDF8202003AB29462046FFF79EFF65
:103DC00005B030BD08B5F3F7E7FC18B10023036078
:103DD0004360836008BD70B500F17006054631464A
:103DE000007AFEF7B1FE04463146287A1CB1BDE8E0
:103DF0007040FFF7E7BFF3F7CFFC10B104604460F9
:103E0000846070BD022A10B508D1002300F1700152
:103E10001A46007AF3F71CFD022010BDFFF7DBFF06
:103E2000FAE701210C30FFF72FBF38B504461546DD
:103E3000FFF786FE40B12046F3F77CFC20B1037A01
:103E4000DB0701D5FFF7EDFF35B9207A04F17001EA
:103E5000F3F7A2FC00B1856038BD38B5BDF810108D
:103E6000BDF81840059DA14210460CD84CB16DB16B
:103E7000641A9C42A8BF1C46A4B22246294403F0FF
:103E80004DF8204638BD6FF00604FAE76FF00D04D8
:103E9000F7E713B5044610B9002002B010BD0023A7
:103EA0008DF80430006842F6030301A9ADF806302E
:103EB000FEF7D9FC0028EFD1E36898880028ECD100
:103EC0002046F3F769FE013080B2E6E770B5CC68B2
:103ED00088B008461E46A3798DF80C301546FFF7CA
:103EE000D8FFADF80D00246823786BB96388ADF86E
:103EF0000F3005230093BDF8302003AB3146284630
:103F0000FFF7FCFE08B070BD631C0DF10F02113409
:103F100053F8041B42F8041BA342F9D11323E9E729
:103F20001FB5CDE90123002300931A46F3F764FE81
:103F300005B05DF804FB1FB50C461946E368104652
:103F40001A788DF8082093F901208DF809205A88F5
:103F5000ADF80A201A79DB88ADF80D3007238DF80B
:103F60000C200093BDF8182002ABFFF7C7FE04B089
:103F700010BDFFF771BD38B54C8AD3070546C4F3B1
:103F80000E0404D514F0950F2AD04B6843B3900764
:103F900004D514F4957F25D08B681BB3144014F41A
:103FA000DE7F0DD0EB7A2BB92846FFF736F8D8B96B
:103FB000052038BD14F0300F04D114F4C07F07D1B0
:103FC0000020F6E72846FFF774F80228F5D8EFE757
:103FD000D5F8A430002BEBD05B7CDB06E8D5EFE70F
:103FE0000220E6E70320E4E70F20E2E7F8B51446F5
:103FF0000F46942261680646FFF7BDFF20BB61684B
:1040000001223046F3F71CFF08B3A2891B210232BC
:104010003046F3F7C9F90546E0B1A1890C30023109
:10402000FEF7A9FB20F8027BA289A16802F076FFC7
:10403000D4E9041228460123F3F758FB29463046F9
:10404000BDE8F840FFF730BD4FF0FF30F8BD6FF02E
:104050001500FBE76FF00B00F8E72DE9F04105468E
:104060000F46F3F767FB044608B3037ADA071ED559
:1040700000F10C08BFF35B8FC668BFF35B8F16F0CF
:10408000010614D1A7B1BFF35B8F58E8003F23F0BE
:10409000020248E800210029F7D1BFF35B8F9B079C
:1040A000284608D5FFF74EFD2046FFF7BAFE012649
:1040B0003046BDE8F081FFF743FD0028F8D02846E0
:1040C000FFF759FD0028F3D0BFF35B8F58E8003F9E
:1040D00023F0020348E80032002AF7D1BFF35B8FD8
:1040E0002846DFE77047012070470120704713B56D
:1040F000C068144668B100238DF8043001A94FF45C
:10410000C053ADF80630FEF7AEFB10B9236801339B
:104110002360012002B010BD07207047FEF79EB952
:10412000BFF35B8F0068BFF35B8F084100F00100B5
:10413000704738B50A46034609B9012038BD488A98
:1041400010F0240FF9D0197D5D7B147CA94228BFA3
:1041500029468C4201D90020F0E7800607D4517C23
:10416000C9070BD4187A003818BF0120E6E70521EB
:10417000181DFFF7D5FF0028F1D1ECE7197A0029C7
:10418000E9D00521181DFFF7CBFF18B9197A0139BD
:104190000129E0D9527CD207CFD4E3E701238B4039
:1041A000DB43BFF35B8F50E8002F1A4040E800214B
:1041B0000029F8D1BFF35B8F7047FEF758B910B5EF
:1041C0000621FFF7ACF8044618B9F4F77DFA20464B
:1041D00010BDA0F1EC04FAE74FF47022002300F5C3
:1041E0009C70FAF777B80720704701238B40BFF324
:1041F0005B8F50E8002F1A4340E800210029F8D1D6
:10420000BFF35B8F704708B50E21FFF7EEFF00206C
:1042100008BD70B5051D0E4628460421FFF780FF36
:1042200068B10022002100230846F1F7B9FD0446D9
:1042300040B904212846FFF7D8FF204670BD4FF44F
:104240007022EFE701210C30FEF795FA0670F4E7D3
:1042500038B504210446FFF7DCFF054698B110216C
:104260000C30FEF788FA04F1270304F1370253F803
:10427000041B40F8041B9342F9D120462946F4F769
:1042800039FA002038BD0820FCE770B5D0F8EC30D2
:10429000DB78012B044619D1CD68061D102130466C
:1042A000FFF77CFF2B4604F1B70205F1100153F82C
:1042B000040B42F8040B8B42F9D107213046FFF77B
:1042C0002FFF28B109213046FFF78FFF002070BD76
:1042D0000A213046FFF724FF0028F3D12046BDE82D
:1042E0007040F4F71DBB0720704707207047072078
:1042F000704730B5012303FA01F1CA43BFF35B8F66
:1043000050E8003F03EA020440E80045002DF7D1E1
:10431000BFF35B8F01EA0300003818BF012030BDF6
:1043200038B50446031D0025BFF35B8F53E8002F0B
:1043300043E800510029F9D1BFF35B8F04F59C706D
:1043400001F0EAFC2572BFF35B8F54E8003F44E8BC
:104350000052002AF9D1BFF35B8F20460121BDE84E
:104360003840FFF742BF70B500F1700605460C46B5
:1043700007220968304602F0EEFDB8B963681A6892
:104380002A679A88A5F874209B7985F87630D5F845
:10439000A4305BB1A268934208D062681168C3F888
:1043A00001109188A3F805109279DA7170BD2DE99A
:1043B000F84FDDF82C80BDF82890044692461F4641
:1043C000FFF7FDFE054600285CD0061DB9F1000F81
:1043D00027D15AEA070324D103213046FFF7A0FE74
:1043E000F8B101213046FFF79BFED0B12C7D6B7BED
:1043F0009C4228BF1C46224605F14701404602F078
:104400008DFD0F2C06D8C4F11002494608EB0400BC
:1044100002F092FD30460121FFF7E7FE0120BDE8E2
:10442000F88FD4F8A43083B904F1700B217A5A467E
:104430002020F5F7B3FBC4F8A40030B9217A5A461E
:104440000120F5F7ABFBC4F8A400B9F1000F0CD1C3
:104450005AEA070709D1D4F8A41031B14B8A9B0658
:1044600003D50C7C1E312246C8E70F213046FFF7EA
:1044700057FE20B1022206212046F1F759FA2846BC
:10448000FFF74EFF0020CAE76FF08500704770B558
:1044900004460820F4F7C8F80546E0B1061D0821D7
:1044A0003046FFF77BFEBCB30721FFF777FE2346BC
:1044B00005F1970204F1200153F8040B42F8040BB4
:1044C0008B42F9D10A213046FFF72AFE70B109214B
:1044D0003046FFF78AFE0720F4F7A6F80446E8B155
:1044E000F4F726F9D0B10821204612E01021304619
:1044F000FFF716FE09210028EAD13046FFF710FE2B
:104500000028E8D02846F4F70BFA01460028E2D04C
:104510002846F4F773FFDEE70B21F9E770BD70B5AD
:104520000446A0F1EC0650F84C3BE83CD3F8A4500C
:1045300001F0F2FB03212046FFF7F2FDA0B10821B4
:104540003046F4F7CFFE3DB16B8A13B16B7C9B070D
:1045500002D5284600F029F830464FF4B872BDE87D
:104560007040002102F0E8BC01212046FFF7D8FD91
:104570000028E4D10F212046FFF7D2FD0028DED12C
:10458000E1E770B504460D461646F5F707FB38B966
:1045900031462846F5F7C0FA10B1438A1C434482DD
:1045A00070BD438A19434182704710B5037A5B0797
:1045B000044601D5EFF744FD20464422BDE81040F3
:1045C000002102F0B9BC531E1944024411F801390C
:1045D00000F8013B9042F9D1704710B5431E00F13D
:1045E0001002073013F8011F12F8014D1C708342AE
:1045F0001170F7D110BDF0B597B014460E462022C9
:10460000014605A81D461C9FFFF7DDFF202231460D
:104610000DA8FFF7D8FF2146102201A88DF85450AD
:10462000FFF7D1FF3B46412205A901A8F5F7B6FBEC
:10463000044610B93846FFF7D0FF204617B0F0BD4A
:104640002DE9F04397B00446164605A810221D46F2
:10465000DDE91F98219FFFF7B6FF1022314609A818
:10466000FFF7B1FF102229460DA8FFF7ACFF1E99F6
:10467000032211A8FFF7A7FF4946D9F8010011F856
:10468000013B8DF8473012908B88ADF84C300622F4
:1046900012A8FFF798FF4146062211F8013B8DF85A
:1046A0004E30D8F80130CDF84F300DF14F008B88E7
:1046B000ADF85330FFF787FF2146102201A8FFF71E
:1046C00082FF3B46412205A901A8F5F767FB044696
:1046D00010B93846FFF781FF204617B0BDE8F083D8
:1046E000F9F788BB0369C9B20C2202FB0133186CCD
:1046F00000F00700704770B50346C9B20069EFF3D8
:104700001186402484F31288BFF36F8F0C2505FBBC
:104710000104246C14F0C00401D0A24211D105FBA5
:10472000010001220264002086F31188BFF36F8F1D
:1047300030B95B680C2202FB01335B6898470020AC
:1047400070BD4FF0FF30EFE78022FFF7D4BFF8B520
:10475000069F04690546C9B2EFF3118C402080F32F
:104760001288BFF36F8F0C2606FB0146306C00F0F9
:10477000070EBEF1010F10D1376400268CF31188AB
:10478000BFF36F8F3EB90C2041430C44C4E90E23A4
:104790006B685B5898473046F8BD00F0C000874210
:1047A0000CBF6FF077064FF0FF36E7E713B58024B4
:1047B0000094FFF7CCFF02B010BD10B40069CBB27B
:1047C0001C2404FB0300002110BC10471046F9F71D
:1047D00011BB00F090BBF7F7B3BD4FF4AF6070476B
:1047E00043685B68D3F810350B600020704743685E
:1047F0005B6802EA010021EA0201C3F80805C3F878
:104800000C150020704743685B680020C3F808154A
:10481000704743685B680020C3F80C157047436815
:104820005B68D3F8042521EA02001140C3F80805AB
:10483000C3F80C150020704730B50369586800B301
:104840000024884219D108688CB99C685860A1423C
:1048500000D19860002008602AB15A680A609A68FE
:10486000596002B9996000200FE02846E9E720600E
:104870009868814208BF9C60ECE705680446002DFB
:10488000F3D1002AE9D16FF0150030BDF7F77EBEF5
:104890004FF08043D3F8002402F00103910748BF92
:1048A00043F01003110748BF43F48073D10348BF9E
:1048B00043F08003510348BF43F02003510748BF32
:1048C00043F00203910348BF43F08003110348BF44
:1048D00043F08003D20248BF43F008030360002086
:1048E00070474FF080434FF0FF32C3F800240020A0
:1048F000704702780B69012A07D0022A08D052B902
:10490000DA6403F13C00F9F775BA6FF00D02F7E7CE
:104910006FF00A02F4E76FF00402F1E738B50446DD
:1049200005690122114605F12C0001F014F901225C
:1049300005F13C00002101F00EF92046BDE83840A9
:10494000F6F782BB00692C30F9F788BA00692C3081
:10495000F9F750BA13B501AA044600F02DF8002863
:1049600005DB019B226819791868F6F7A3FB02B0F2
:1049700010BD70B54568A86A0368D3F80845D3F838
:104980000C65F8F7D1FB31462046F8F70FFE002101
:104990000446E869FFF7DEFFA86A00F093FE2046B0
:1049A00070BD10B544680021E069FFF7D3FFA06A2D
:1049B000BDE8104000F086BE30B543681360057A4C
:1049C000446804EBC504A34202D36FF0010030BD7C
:1049D0005C798C4203F10803F0D10020F7E710B5B1
:1049E0000469204601F00FF80023636110BD2DE932
:1049F000F041D0F80880D8F800400646F4B1476886
:104A000097F8264014F001041FD105694FF0FF33D9
:104A10004FF0FF322846F9F7F9F86B690133012BA3
:104A20006B6108D1D8F8003030469847041E08DA88
:104A30006B69013B6B612846F9F75AF92046BDE8DE
:104A4000F081F869F6F798FBF5E70024F6E7F8B58A
:104A500087687C6806469CB1436893F82630DB077C
:104A60001DD405694FF0FF334FF0FF322846F9F7A8
:104A7000CDF86B69002B05DC00242846F9F738F9DE
:104A80002046F8BD013B6B61002BF5D17B683046B9
:104A90009847041EBEBF6B6901336B61EDE70024CC
:104AA000EEE7F0B4D0E901631B693BB177688F4250
:104AB00008DB3568954205DCF0BC18476FF05700FD
:104AC000F0BC70476FF01500FAE7F0B4D0E901636D
:104AD0001B6A3BB137698F4208DBF568954205DCFC
:104AE000F0BC18476FF05700F0BC70476FF015002E
:104AF000FAE770B4D0E90162956A03460C46A5B1A5
:104B000096F8242012B92B4670BC1847306A02442C
:104B100010F8011BA14202D121461846F3E790424A
:104B2000F6D16FF0850070BC70476FF05700FAE760
:104B30002DE9F341D0E901470E4694F825100569A7
:104B4000FF2980460FD194F8261001F00C010829A6
:104B500014D0D8F808301B6B003918BF01214BB9AD
:104B60006FF0570003E0FFF7C4FF0028EBDA02B054
:104B7000BDE8F081404698470028F8DBA268B2F112
:104B8000004F05D011464046FFF78BFF0028EEDBB3
:104B90006269B2F1004F05D011464046FFF795FF1C
:104BA0000028E4DB2368B3F1004F14D0D8F80830B4
:104BB0005B69002BD4D001A9404698470028D6DB7A
:104BC0002268019B9A421CDD11464046FFF769FFAF
:104BD000002805DACBE762686FF000439A42E5D11E
:104BE0009EB994F826309B0716D03B6840469847FC
:104BF0000028BCDBA069F6F7BFFA6B6901336B6173
:104C00000AE062689342EBDDDEE76B6901336B61BA
:104C100094F82630DA0601D40020A8E74046FFF7D2
:104C200016FFA4E7012303FA01F103691B68194287
:104C300018BF82F0010212B18368DB6818478368ED
:104C40001B69FBE708B54368986A38B193F82C10E4
:104C50000122FFF7E7FF00EAE07008BD6FF0850072
:104C6000FBE743681B68B3F1004F14BF00206FF0EF
:104C70000100B0FA80F0400970470346084631B998
:104C80005B681B68B3F1004F01D0136070476FF091
:104C90001500704743681B68B3F1004F1ABF00202E
:104CA0000B606FF0010070474368986A20B193F879
:104CB0002C100022FFF7B6BF6FF08500704700F19F
:104CC00050039B009BB203F1804303F5883300221D
:104CD0001A601B68704708B5F6F74CFB08BD4FF02B
:104CE000FF30704708B5006990F83430994207D218
:104CF00090F835303BB1C9B2F8F73EFC002008BD52
:104D00006FF01500FBE76FF00A00F8E71FB50469C4
:104D100000230193CA070393236B02935CBF012313
:104D200001938B0758BF019B01A958BF43F00803AB
:104D3000204658BF019300F0FCFC002806DB20460B
:104D400000F006FD012384F83530002004B010BDCA
:104D500010B54FF0FF304FF0FF31F6F70BFD044672
:104D600028B9DCF715FA044618B1F6F70BFD204612
:104D700010BDF6F707FD2046EDF74AFCF7E738B51A
:104D80000B8A0D463BB101F10C00FDF72CFD01280B
:104D900018D0022803D06FF01504204638BD4FF01C
:104DA000FF304FF0FF31F6F7E5FC04460028F4D160
:104DB000E868E5F773FE0446F6F7E4FCACB1F6F7F5
:104DC000F7FCEAE74FF0FF304FF0FF31F6F7D2FC87
:104DD00004460028E1D1E868F6F7D2FE0446F6F76B
:104DE000D1FC002CD9D1F6F7E3FC2846EDF7C6FA42
:104DF0000024D2E7F6F72EBE10B532220446002179
:104E000002F09AF8202323708023A3706FF03F03F1
:104E100063710423A3722823A3730223E37304237F
:104E2000A3756FF0480363760323A3766FF01F0327
:104E3000E3760E232377302384F82030402384F850
:104E40002130792384F822307E2384F82330802394
:104E500084F82630042384F8273010BD08B50323D6
:104E6000E5F7BCF9002008BD08B5F7F78BF900207D
:104E700008BD08B5FAF794FF48B1002383F3118801
:104E8000BFF36F8F0423184602DF6FF0040008BDE4
:104E900008B54FF0FF314FF0FF30F6F76BFCE8F745
:104EA0004AFDBDE80840F6F76DBC684620F00701F2
:104EB0008D4601B5E4F770F9BDE8014085467047BD
:104EC000684620F007018D4601B5E4F759F9BDE8C1
:104ED000014085467047684620F007018D4601B5C0
:104EE000E4F73CFFBDE801408546704708B5E8F7A8
:104EF0004AFC002008BD7047012802D10020E2F7DB
:104F0000DBBF70477047E2F7D5BD03460020184766
:104F100000F0C2BC10B502461168B1B1BFF35B8F9F
:104F2000B1FA81F3C3F11F000123834021EA030397
:104F300052E8004F8C4204D142E8003CBCF1000F23
:104F4000F6D1BFF35B8FE7D110BD6FF00B00FBE72D
:104F500010B50368CB40DB0714D401238B400268F3
:104F6000BFF35B8F43EA020150E8004F944204D143
:104F700040E8001CBCF1000FF6D1BFF35B8FEED10F
:104F8000002010BD6FF01500FBE7F7B5019001A8F8
:104F9000DDE9084716461D46F7F760FA019BB6F1B2
:104FA000000C18BF4FF0010C00EB83000B1E18BF64
:104FB0000123002D43EA4C030CBF4FF0000C4FF0CF
:104FC0000C0C002C43EA0C030CBF4FF0000C4FF408
:104FD000E06C002F43EA0C03D0F800270CBF4FF021
:104FE000000C4FF4403C43EA0C0322EA030301B1F6
:104FF00009780EB13678760019430DB12D78AD00E1
:1050000031430CB12478240229430FB13F783F0487
:105010000C433C43C0F8004703B0F0BD1FB50DF191
:105020000F03019300238DF80F1000931A461946C1
:10503000FFF7ABFF05B05DF804FB10B5044608466A
:10504000F7F71CFA04EB4004207DC0F3401010BDBC
:1050500010B504460846F7F711FA04EB4004207D2A
:10506000C0F3400010BD10B504460846F7F706FA35
:1050700004EB4004A08A400B10BD70B504460846FE
:105080001646F7F7FBF908300D4634F81030DA050C
:1050900009D5C3F3432304EBC302314654F833303C
:1050A000526828469847A3682BB1E26831462846E3
:1050B000BDE87040184770BD10B504460846F7F7C4
:1050C000DDF904EB4000838ADA051DD5C3F34321E3
:1050D00023F4F853838204F1120204F1660032F8DB
:1050E000023F13F4807F03D0C3F3432399420BD0D4
:1050F0008242F4D104EBC10300225A6004F16C0037
:10510000BDE81040FFF724BF10BDF0B5034600F521
:105110008074002005460127844695420AD1D3F8C1
:105120007C2132B10022C3F87C21D3F87C3140F0DD
:105130000040F0BD25F0404607FA06F6314209D09E
:10514000D4F800E0BEF1000F04D0C4F800C0D4F8D9
:1051500000E0304301350434DFE738B504460D463E
:10516000FFF76BFFA8B12046FFF772FF88B9204612
:10517000FFF779FF226801238340C2F808332368D0
:1051800003EB8000D0F8103523F00303C0F810358E
:1051900038BD28460021BDE83840FFF73FBF2DE964
:1051A000F043174685B004460846F7F767F9D7F885
:1051B00000800E460546B8F1000F1ED02046FFF7CE
:1051C00047FF18B12046FFF738FF20BB0023CDE989
:1051D00000338DF80E308DF80F300DF10F0243467D
:1051E0000DF10E013046FFF7D0FE04EB4502938A25
:1051F00023F0020343F0010393827B689BB33146A3
:10520000204693F80080D3F80490FFF721FF28B1DF
:10521000B9F1000F1FD06FF0150027E004EB450037
:10522000838A23F4604323F020038382B9F1000FC3
:1052300011D0B8F1030FEED87B6821685B6893F852
:1052400000C04FEA8C031944B8F1000F11D1C1F826
:105250001085C1F8108504EB4502938A23F01C03E6
:1052600043EA88039382BB6843BB002005B0BDE8D6
:10527000F083D1F8102522F00302C1F8102522682E
:105280001344D3F8102522F44F3222F44072C3F8AD
:1052900010253202D3F8101502F47C5242EA08427B
:1052A0000A43C3F8102504EB4C03A3F87060838A0B
:1052B00043EA4C3343F020038382CCE7D3E9007800
:1052C00031462046FFF7F8FE002FCED063689F429C
:1052D00006D004F16C00FFF71DFE002804DAC5E7D4
:1052E000A3689845F5D1002004EBC003C3E9017819
:1052F00004EB4505C0B2AB8A43EA402343F4807314
:10530000AB82B2E72DE9F043054685B00846164664
:105310001F46F7F7B3F80C46804626B32846FFF73A
:1053200097FE18B92846FFF788FE18BB05EB480919
:10533000B9F8143003F01C0313B17378012B19D0A2
:1053400001238DF80F300023CDE90063721CB31CDC
:105350000DF10F012046FFF718FEB9F8143043F0A5
:105360000303A9F81430002F3FD021462846FFF749
:105370006FFE20B96FF0150005B0BDE8F0833E78F0
:105380002B6803EB86030022C3F81025C3F8102511
:1053900005EB48024FEA860C938A23F4604323F01E
:1053A00020039382787800B32968BF7861440004B1
:1053B000D1F8103523F4991323F4F853C1F81035BC
:1053C000230200F4403003F47C5303433805D1F842
:1053D000105500F4801003432B43C1F81035938A15
:1053E00043EA463343F0200393820020C4E7C0E938
:1053F0000312704770B504461546FFF71EFE48B10C
:105400000846F7F73BF804EB40040020A38A5B0B47
:105410002B7070BD6FF01500FBE738B590F8804039
:1054200005469CB954222146143001F085FD2868B8
:10543000C0F87C41D0F87C3140F30730ECF7D4FB66
:10544000012385F88030EB66204638BD6FF0770089
:10545000FBE790F88000003818BF01207047F7F78D
:1054600047B82DE9F34104461746FFF7E6FD0D4620
:105470002668F0B12046FFF7EBFD8046C8B920460C
:10548000FFF7F1FD820002F5807346F80380F358C0
:1054900023681344D3F8102542F00102C3F8102505
:1054A00027B1226801238340C2F8043302B0BDE86B
:1054B000F081D6F80433002BA4BF4FF00043C6F8A8
:1054C00004332846F6F7DAFF04EB4004A38AC3F35B
:1054D0008203042B12D0052B12D001A80195F6F7F8
:1054E000BDFF019BD0F81015D94001F00101023138
:1054F000284602B0BDE8F041FFF790BD0321F7E771
:105500000221F5E7FFF729BE10B5A1F58074A408C4
:105510000123A34018400AD001F1804101F5E04188
:10552000086820B10020086009680AB9012010BD90
:10553000116819431160F9E708B500210120F7F758
:105540007FF90028F9D008BD08B50246F7F718F929
:1055500020B9BDE808401046F7F748BA6FF00F00D1
:1055600008BD91F820200346032A29D8DFE802F07D
:10557000212519028A68500304D5D3F84C250869FF
:10558000904207D18A6852031AD4D3F84C2589690E
:10559000914215D000200622C3F80005C3F800256B
:1055A0007047D3F84C2508699042F3D1D3F83C25D5
:1055B000EDE7D3F84C250969EAE7D3F83C25FAE78B
:1055C0000120704730B59508403D0124AC400C42A5
:1055D00008D0815831B100218150825813B11A6826
:1055E00022431A6030BD13B500230C4601934FF4DB
:1055F000A47201ABFFF7E6FF21464FF48272FFF77A
:10560000E1FF21464FF49272FFF7DCFF21464FF491
:10561000A872FFF7D7FF21464FF4A672FFF7D2FF1B
:1056200021464FF4B072FFF7CDFF4FF4AE72214622
:10563000FFF7C8FF019802B010BD10B44FF08052C0
:105640008B68D2F83021CC7B0D2A04D1B3F1C86F1E
:1056500008BF4FF0C46302682CB9D1E90041C2F819
:105660000845C2F80C15C2F8243543682BB1006810
:1056700010BC40F30730ECF7B7BA10BC704738B530
:105680000D4690F826100446C9B9C160C0E901234F
:1056900080F8291080F8281065B1AB7B80F82B309A
:1056A0002846F7F7FFFC6B7B84F82A302946204612
:1056B000FFF7C3FF012384F82630002038BD6FF0C8
:1056C0007700FBE703680622C3F80025022380F871
:1056D0002630704738B5D1E9005104460023C8038D
:1056E0004FF47A72490CE5F761F82368C3F80C555A
:1056F000C3F80405A36863B124680023C4F800312B
:1057000044F30730D4F80031ECF76EFA0123C4F803
:10571000043338BD38B5C0E90223437933B90123D6
:10572000437109B1FFF7D6FF002038BD6FF0770055
:10573000FBE708B543792BB1022B06D0FFF7CAFF70
:10574000002008BD6FF07600FBE76FF00F00F8E770
:10575000036801221A6002234371704710B5EFF30A
:105760001184402383F31288BFF36F8F0379072BD3
:1057700011D80B700133037102680978D2F808055B
:1057800001238B400343C2F80835002084F31188BD
:10579000BFF36F8F10BD6FF00B00F7E70368D3F80E
:1057A0000414D3F800214AB10022C3F80021D3F831
:1057B0000031D0E902324FF480701847704707B5C6
:1057C000019001A8F7F7E2FE019A01239340C0F887
:1057D000083503B05DF804FB0369C26893429CBFBF
:1057E00081685B18013B981A70472DE9F041D0E9B8
:1057F00002840546A8EB04064068964220440F4602
:10580000144404D901F08AFBEC60BDE8F081324613
:10581000A4EB080401F082FB68682246B919F1E79D
:105820002DE9F843C5680646894617464FF000083B
:105830003369B46870689D4228BF1B19641BBC4261
:1058400003F1FF3328BF3C465B1B9C4228BF1C462C
:1058500049462844224601F061FBB3682544AB4227
:1058600008BF00253F1BA044A144F560E0D140469D
:10587000BDE8F88308B5F7F7D1FF002008BDEFF3C6
:105880001180402383F31288BFF36F8F704780F33A
:105890001188BFF36F8F704708B1ECF799BD70475F
:1058A00010B5436904463BB90020E268537843F0E1
:1058B00001035370404210BD98470028F4D00028DF
:1058C000B8BF4042E368FF28A8BFFF201870ECE78C
:1058D00040B1C368587810F001001EBF1878B0FAC4
:1058E00080F04009704710B400F10C04C0E9034493
:1058F00010BCFCF72BB938B50446EFF311854023F3
:1059000083F31288BFF36F8FEAF702FA04F10C00F9
:1059100000F005FB30B1294604F11400BDE8384021
:1059200000F0E2BA85F31188BFF36F8F38BD10B570
:1059300042696AB1836842EA0301890708D10169B3
:10594000A2FB011424B95B182CBF0121002102D352
:105950006FF0150005E0C1609B1A02698A4201D808
:10596000002010BDC2681A604269C36001319B1AF1
:10597000F3E72DE9F04105460F46EFF31188402388
:1059800083F31288BFF36F8FC668F6B90468A0422C
:105990001BD0D4B1D4E9003213605A60237CA660D6
:1059A00023F002032374C4E9006604F1180000F038
:1059B00037FB2046A667676100F03CFA414605F1D7
:1059C0000800BDE8F04100F08FBA3E60AB69EF60BF
:1059D000013BAB6188F31188BFF36F8FBDE8F081A5
:1059E00008B54024EFF3118384F31288BFF36F8F5F
:1059F000FCF724FEF6E790F90E308B4201D0F8F761
:105A000029BE0020704703460020C3E90200C3E915
:105A100000337047D0E9003213605A60027C0023E3
:105A200022F00202C0E900330274836070472DE95E
:105A3000F843904604469DF820200D46EFF3118769
:105A4000402181F31288BFF36F8F02B14568A668C9
:105A500004F10809B14515D0A6B13046FFF7DAFFC9
:105A6000002406F1180000F0DBFA3046B467C6F8EF
:105A7000148000F0DFF94846394600F035FA204638
:105A8000BDE8F883A3B10820F9F7A2FA002832D0C4
:105A90000122C0F804800260016801F003015DB9D1
:105AA00022680A430260626820606AB960600BE0A5
:105AB000C8F800304046EFE72A68032A10D8016092
:105AC000616839B9C4E90000002087F31188BFF389
:105AD0006F8FD5E70A6802F0030202430A60E5E728
:105AE00022F003020A4302602A6802F0030240EA3D
:105AF00002032B60E8E76FF00B00E6E710B5044601
:105B000030B10268930703D0446809B100F015FB77
:105B1000204610BD0023C0E9003300F10803C0E9AE
:105B20000233704707B50123009300230A46194644
:105B3000FFF77DFF03B05DF804FB07B500230A46BD
:105B400000931946FFF773FF03B05DF804FB00688C
:105B50000021FFF7D3BF3AB18A4205D3C0E9021250
:105B6000C0E90000002070476FF015007047026820
:105B700001238B4022EA0303036022FA01F000F0C4
:105B800001007047704710B5032104460C30FFF741
:105B9000EEFF30B104F1100000F042FAB0FA80F0EC
:105BA000400910BD20B1002211468C3000F0FFB931
:105BB000704770B5C368C3F340069B07044616D40C
:105BC000856802210C30FFF7D2FF80B1D5F8842020
:105BD0006AB194421DD122689EB9D5F88830C5F8C3
:105BE00084209C4201D1C5F8882000232360E3680B
:105BF00013F01F001EBF43F00203E36040F00200F9
:105C000070BD3260D5F88820944208BFC5F888601E
:105C1000EBE716461268DBE773B50446EFF3118530
:105C2000402383F31288BFF36F8F00230193D0E9E1
:105C30000423B3F1004F08BF012A05D085F3118872
:105C4000BFF36F8F02B070BDA0F1100603210438BE
:105C5000FFF78DFF0028F1D0A369019301A9304619
:105C6000F8F706FAEAE738B504460D461022002197
:105C700001F062F9656038BD13B501900846EFF395
:105C80001184402383F31288BFF36F8F01A9F8F7C3
:105C9000EFF984F31188BFF36F8F02B010BD10B518
:105CA000FFF7EAFF041E08DDEFF31180402383F3C2
:105CB0001288BFF36F8FF8F739FD204610BD70B51D
:105CC0000D46EFF31186402383F31288BFF36F8FE5
:105CD000F8F720FA044686F31188BFF36F8F38B1C6
:105CE0004FF0FF324FF0FF3305F11000F8F7B6F830
:105CF000204670BD08B5A022002101F01DF908BDA5
:105D000038B5302204460D46002101F015F94FF454
:105D100080736560E36038BD38B50446EFF31185E4
:105D2000402383F31288BFF36F8FFFF72CFF2046C9
:105D3000FFF73FFF85F31188BFF36F8F38BDF8B5CC
:105D400004460D46EFF31187402383F31288BFF317
:105D50006F8FC36803F01F03002B14BF01260026BA
:105D600009D0FFF710FF2046FFF723FF2946204602
:105D7000F8F760F9034687F31188BFF36F8F3BB1E3
:105D80004FF0FF324FF0FF3305F10800F8F766F8E7
:105D90003046F8BDD0E9003213605A60027C00231F
:105DA00022F00202C0E90033027483607047EFF30F
:105DB0000580003818BF012070476FF0570070470A
:105DC00000207047D0E9003213605A600023C0E918
:105DD0000033704708B5FFF7F5FF037C23F002039B
:105DE00003740023836008BD38B504460D46F8F7F8
:105DF0008DFB237C43F002032374D5B1A5602B688F
:105E00009D4209D16B68C4E900531C606C6010E0CE
:105E10006A689A42F6D01B68002BF3D093F90E10F3
:105E200094F90E209142F3DD5A68C4E900321460FF
:105E30005C6038BD10B5EFF31184402383F3128802
:105E4000BFF36F8FF8F722FB84F31188BFF36F8FD6
:105E500010BD08B5EFF31181402282F31288BFF321
:105E60006F8F83680BB1FFF7B5FF81F31188BFF324
:105E70006F8F08BD08B5037C13F0280F01460CD1C5
:105E800083680BB1FFF7A6FF0B7C23F004030B74B0
:105E90000846BDE80840F8F7F9BA08BD10B5EFF3B9
:105EA0001184402383F31288BFF36F8F1838FFF7F4
:105EB000E1FF84F31188BFF36F8F10BD08B503466F
:105EC000EFF31181402282F31288BFF36F8F0068D5
:105ED000834207D008B1FFF77DFF81F31188BFF33C
:105EE0006F8F08BD0020F8E70846F8F747BB38B5C4
:105EF00004680546AC424FF0000000D138BD002CCC
:105F0000FCD02046FFF766FF04F1180000F088F887
:105F10002046F8F7BBFA2C680120A542EDE710B542
:105F2000EFF31184402383F31288BFF36F8FFFF7E1
:105F3000DEFF84F31188BFF36F8F10BD38B50C46B8
:105F40000546F8F78FFCB4F1FF3F08BFB5F1FF3FFE
:105F50001FBF47F6FF7300224FF47A71E0FB013256
:105F60001ABFD80B40EA42404FF0FF3038BD38B579
:105F70000446EFF31185402383F31288BFF36F8F3C
:105F8000037C5B070ED5183000F04AF8237C23F021
:105F9000040320462374F8F779FA2846BDE8384010
:105FA000F8F7ECBA85F31188BFF36F8F38BD38B5B9
:105FB000EFF31185402383F31288BFF36F8F0468DA
:105FC000A04212D09CB1A16762612046FFF702FF98
:105FD00004F1180000F024F82046F8F757FA0120E1
:105FE00085F31188BFF36F8F38BD0020F8E7204696
:105FF000F6E708B50246F8F7A7FD70B1D0E904311D
:106000009B1A61EBE272B3F1004F72F1000104DA06
:10601000002AACBF1846002008BD6FF00040FBE727
:1060200038B50246EFF31185402383F31288BFF39E
:106030006F8F0368D3B1F8F787FD04461046F8F771
:1060400095FD00224FF000438442C0E9042305D0AF
:10605000002085F31188BFF36F8F38BDF8F77CFD02
:10606000FFF7C7FF0021F5F7E9FAF1E7D0E90413DC
:10607000B3F1004F08BF012904D100204FF00041C7
:10608000C2E904016FF01500E3E708B5F8F776FE02
:1060900008BDF8F773BEB3F1FF3F08BFB2F1FF3F91
:1060A00070B506461D46144614D01A4316D0002B70
:1060B00008DBF8F763FE041941EB0501C6E900416E
:1060C000304670BD6FF001031C1B4FF0FF3363EBD4
:1060D0000501F3E74FF0FF342146EFE70024FBE72B
:1060E000B3F1FF3F08BFB2F1FF3FF8B507461646D0
:1060F0001C4610D054EA020311D0F8F73FFEB0421C
:106100000A46A14103460AD2F31A64EB0204C7E926
:1061100000343846F8BD4FF0FF331C46F7E7002344
:10612000FBE70023C0E9081200F11802C0E90622CB
:10613000C0E9003303634363704720B1011F50F887
:10614000040CFFF7D8BB70477047FFF75CBC704783
:106150004FF0FF324FF0FF33F7F758BDF7F7C8BDE8
:1061600000207047704710B5044608B1F9F7DAF817
:106170002046BDE81040F9F7C5B80346C068F8B13D
:106180005888E8B11B8803F44F42B2F5824F02D021
:10619000B2F5884F09D1DBB2272B2AD008D8172BAC
:1061A0000FD0222B34D0122B16D06FF08500704701
:1061B000302B2FD0413B012BF7D8FF2839D10020BD
:1061C0007047C028FBD0E128F9D0B0F5807F14BF1C
:1061D0006FF086000020704720F02003C02BEED027
:1061E00020F08003B3F5807FE9D040F20923984284
:1061F000EDE7E928E3D0EF28E1D040F21B13984205
:10620000DDD040F299139842D9D040F23B23EEE71B
:10621000E928F1E720F02003C02BD0D020F0400384
:10622000B3F5807FCBD0B0F5C07FC8D0B0F5007F8C
:10623000CDE7B0F5E07FCAE73AB1002918BF0023E7
:10624000D21A2121184400F077BE70472DE9F04F93
:1062500089B09B4600238DF81B30159BDDF85080DC
:10626000002B91460B460D460CBF4FF400624FF4D5
:10627000806207A9DDE912A7F9F7F6F90446D0B95B
:10628000079E0DF11B0231882846F9F769FA04468A
:1062900088B99DF81B30BB421FD8CDE90338CDE942
:1062A00001BACDF80090D6E909122B463046F9F72D
:1062B000F3FE044608B1C8F80070D8F800303A463A
:1062C00021465046FFF7B8FF0798F9F7CFFE002C9C
:1062D00018BF204609B0BDE8F08F6FF08904EAE7E7
:1062E00041F2062398421AD8B0F5905F09D241F2E4
:1062F000010398420CD0B0F5885F09D06FF085009B
:106300007047A0F5905080B26923C340DB07F5D5F4
:1063100011F0070F14BF6FF0860000207047B0F532
:10632000105FEBD121F04003802B06D0B1F5807FC8
:1063300014BF6FF08600002070470020704770B5D2
:10634000446A05460E463CB90120F8F7D5FF68625D
:1063500028B1AE62204670BD6FF08A00FBE76FF097
:106360008C00F8E7F8B51E460F4603881546C2B103
:1063700003F4E043B3F5805F02D0B3F5005F10D1C2
:10638000089BE90019600088FFF7AAFF044630B9AE
:106390002A463946304600F0C1FD079B1D60204665
:1063A000F8BD6FF08504FAE710B50446406A10B1F5
:1063B000A16AFFF7D8FE0020C4E9090010BD38B576
:1063C0000446FFF7F1FF237F012B0FD0023B012B87
:1063D0000FD8236A012B14BF6FF0960500252C22DD
:1063E0000021204600F0A8FD284638BD236A002B76
:1063F000F1E76FF09605F2E738B514460288049D80
:1064000002F4E040B0F5805F07D0B0F5005F04D043
:1064100002F44F42B2F5824F0ED1AC420FD818466B
:10642000224600F07BFD2A1B0021204400F084FD61
:10643000059B00201C6038BD6FF08500FBE76FF006
:106440008900F8E7F0B50F4685B01E461546CAB17B
:1064500000233360012203A9F9F706F9044670B955
:10646000CDE9005603983B46D0E9091200F0CEF979
:1064700004460398F9F7FAFD002C08BF04462046AD
:1064800005B0F0BD6FF08904F9E770B50488049E8B
:10649000154604F4E042B2F5804F22D124F4405076
:1064A00044F2010290420DD004F44F44B4F5824FFF
:1064B00008D0B4F5844F05D0B4F5884F02D0B4F5B8
:1064C0008E4F0ED1B5420FD818462A4600F026FD51
:1064D000721B0021284400F02FFD059B00201D6049
:1064E00070BD6FF08500FBE76FF08900F8E7F0B54D
:1064F0000F4685B01E461546FAB1002333601A4692
:1065000003A9F9F7B1F8044688B9039803885B0436
:1065100010D5CDE900563B46D0E9091200F081F9CB
:1065200004460398F9F7A2FD002C08BF0446204654
:1065300005B0F0BD6FF08604F3E76FF08904F6E76D
:1065400010B50368044643B100F0C9F90023236085
:10655000A3886FF30803A38010BD1846FCE72DE95C
:10656000FF410C46016898460023054616460393F2
:10657000002939D14FF4A872083000F0DDFCB8F1E1
:10658000000F204633460CBF4FF400624FF4806288
:1065900003A9F9F769F80446B8B9039F2A1D398899
:1065A0003046F9F7DDF8044678B96B7968F30003F3
:1065B0006B71D7E90923394600962846B8F1000FD8
:1065C0000FD0F9F781FD044610B12846FFF7B8FF58
:1065D0000398F9F74BFD002C18BF204604B0BDE826
:1065E000F081F9F791FDEEE76FF08804EDE7012304
:1065F000FFF7B5BF38B50368054614464BB132B155
:1066000000F058F9044610B12846FFF799FF2046DC
:1066100038BD6FF08804FAE72DE9F04116460268AC
:1066200005460F469846F2B14279D2071BD502794A
:10663000CAB1B2421AD800F046F9044618B1002394
:10664000C8F800602B7137B1D8F8003032462146C7
:106650003846FFF7F1FD2846FFF772FF002C18BF00
:106660002046BDE8F0816FF08804E8E76FF0890408
:10667000E5E71FB501240394089C0294079C01944C
:10668000069C0094FFF7E2FD04B010BD2DE9F04731
:1066900088B005469A460023079325F0004323F46B
:1066A0007F03B3F1106FDDE91096DDF848800846EE
:1066B000174623D12B464FF4804207A9F8F7D4FFA1
:1066C000044660B9CDE90368CDE901A907980097B0
:1066D000D0E909122B4600F00AF9044628B13146E8
:1066E0004846F9F7FBF9C8F800600798F9F7BEFCCF
:1066F000002C18BF204608B0BDE8F0876FF0860474
:10670000EDE7034608461B8803F4E043B3F5805FDA
:10671000114602D0B3F5005F01D1F9F7DFB96FF090
:10672000850070471C22002100F006BC034668B1BA
:10673000017F8A1E012A0BD80329026A03D1012A8C
:1067400001D1FFF73CBE1AB1013A1A62002070472E
:106750006FF096007047C0B2002814BF6FF085003C
:106760000020704700207047704700221A606FF0C9
:106770008600704700230B606FF0860070472DE99C
:10678000F04147683F0A04460D461646984611D127
:1067900007887F0407D44346324629462046BDE891
:1067A000F041FFF7AEBF00F0D1F810F1860FF2D044
:1067B000BDE8F0816FF08600FAE72DE9F04F4768F9
:1067C00085B03F0ADDE90E9ADDF840B004460D467B
:1067D0001646984615D1CDE901ABCDF8009000F0F2
:1067E000A7F810F1860F0ED14346324629462046BF
:1067F000CDE90FABCDF8389005B0BDE8F04FFFF70D
:10680000B1BD6FF0860005B0BDE8F08F10B44468EC
:10681000240A02D110BCFFF7EFBD6FF0860010BC58
:1068200070472DE9F34747683F0ADDE90A9A0446B5
:106830000D461646984611D1CDE9009A00F06AF847
:1068400010F1860F0CD14346324629462046CDE949
:106850000A9A02B0BDE8F047FFF717BE6FF0860056
:1068600002B0BDE8F08713B504464868000A0AD1B3
:106870000498009004F10800F9F716FD08B91C23EC
:10688000236002B010BD6FF08600FAE710B4046810
:106890001C2C03D110BC0830F9F732BD6FF0860014
:1068A00010BC704703681C2B02D1083000F054B9AB
:1068B0000020704703681C2B02D1083000F027B974
:1068C0006FF08600704710B404681C2C03D110BC14
:1068D000083000F025B96FF0860010BC70470368DF
:1068E0001C2B02D1083000F027B90020704710B4EB
:1068F0004468240A02D110BC00F036B96FF086005B
:1069000010BC704700F0C5B900F0E6B900F031BA2C
:10691000F9F71ABC10B4048804F44F44B4F5824F5C
:1069200002D110BC00F04CBA6FF0850010BC70476B
:1069300010B4048804F44F44B4F5824F02D110BC63
:1069400000F06EBA6FF0850010BC704710B4048878
:1069500024F0FF04B4F5E24F02D110BC00F0B3BA4A
:106960006FF0850010BC7047024612F8103B43F3ED
:10697000C01303F0870312F8011D83EA410390421C
:1069800013704FEA1323F6D170472DE9FF470546F0
:106990008846144622B3D0F8486100F5947786B94A
:1069A000A0444FF010090DF10C0A102CA8EB0402C2
:1069B00037D823463946384600F0F5F9C5F848413E
:1069C0000EE0C6F110094A450FD8B919134608461A
:1069D000424600F0E8F9D5F848312344C5F848317B
:1069E0000026304604B0BDE8F087B9F1000F08D0AA
:1069F000B91942464B46084600F0D5F9103EC84446
:106A0000344403AB1022019300923B46394628469A
:106A1000FFF73CFF06460028C2D02846FFF742FF9A
:106A2000DFE710233946384600F0BDF9CDE9009A7A
:106A30003B46102239462846FFF728FF0646002825
:106A4000EBD1103CB1E72DE9F0439846D0F848313E
:106A5000102B174685B00446894600F5947500F55D
:106A60009C721CD12946284600F09DF903AB1022E8
:106A7000019300922B4629462046FFF707FF064662
:106A800030B93A462946484600F048FAC8F800703E
:106A90002046FFF707FF304605B0BDE8F083C61873
:106AA000104696F8283183F0800386F82831FFF7E6
:106AB0005BFF10230246D5E7F0B5D5B004460E467D
:106AC000174600214FF4A67201A81D4600F034FAC3
:106AD00021463B46324601A8F9F75EFB044680B9E1
:106AE0005A9A294601A8FFF750FF044648B9DDE944
:106AF0005C235B9901A8FFF7A6FF0446204655B02A
:106B0000F0BD01A8FFF7CEFEF8E7F9F76BBB90F8F0
:106B10004C31022B01D1FFF738BF6FF0880070476E
:106B200010B490F84C41022C02D110BCFFF78BBF7F
:106B30006FF0880010BC704710B590F84C31022BF4
:106B4000044607D1FFF7AEFE4FF4A872002120469D
:106B500000F0F2F9002010BD08B54FF4907200214A
:106B600000F0EAF9002008BD10B4048804F44F4492
:106B7000B4F5824F02D110BCF9F71CBC6FF0850050
:106B800010BC70472DE9F04F89B005460E461C46F3
:106B900002EB030800F5947A0DF110090F2CA8EB15
:106BA000040704D81CBB002009B0BDE8F08FD5F85D
:106BB0002831002E03F1010303AA4FF0100BC5F892
:106BC000283151460CBF3B464B460192CDF800B0F0
:106BD0005A462846FFF75AFE0028E5D12EB15B46FB
:106BE00032464946384600F0DEF8103CD6E7D5F884
:106BF00028310133C5F82831102203AB01930092EC
:106C00000DEB020305F594712846FFF73FFE0028BF
:106C1000CAD136B12346324604A9384600F0C3F83B
:106C2000C1E7224604A9384600F078F9BBE72DE910
:106C3000F3410546884616461F460246302301A901
:106C40000020FFF765FE044658B9019B43450CD36D
:106C50003EB1302F0CD83B4632462946284600F03C
:106C6000A2F8204602B0BDE8F0816FF09304F8E787
:106C70006FF08504F5E710B58CB030236A46044602
:106C8000FFF780FF18B969462046F9F75FFB0CB0A3
:106C900010BD10B504468CB000F5A070FFF755FA92
:106CA00000213022684600F047F969462046F9F78E
:106CB0004DFB78B9034602464FF4C0716846FFF7B2
:106CC000B6FF38B969462046FFF7D5FF10B9012352
:106CD000C4F838310CB010BDF0B500F5A0768DB019
:106CE000044630460F461546FFF732FA18B16FF0EA
:106CF00083000DB0F0BDD4F83831A3B3B5F5803FB3
:106D000034D8D4F83C211AB942F21072934211D906
:106D100000231A464FF480716846FFF788FF002869
:106D2000E7D169462046FFF7A6FF0028E1D10123FD
:106D3000C4F838312B463A4600212046FFF722FF9F
:106D40000028D6D101462046FFF795FF0028D0D174
:106D5000D4F838310133C4F838313046FFF7FEF942
:106D60000028C6D0C3E76FF08800C2E76FF0860046
:106D7000BFE710B50446FFF795FD04F5A070FFF7D7
:106D8000E6F94FF4AC720021204600F0D5F800205F
:106D900010BD03460144002013F8012B8B4240EA4A
:106DA0000200F9D1704730B50B4411F8014B12F8CD
:106DB000015B994284EA050400F8014BF5D130BD2E
:106DC000F8B5054614462F8807F4E04CBCF5804F13
:106DD0001846DDE9063606D19A421ED800F09EF824
:106DE00034600020F8BD47F21212974202D06FF0D3
:106DF0008500F7E7640001349C420ED86B8834604C
:106E00000422B3F5807F0270F1D10130F9F750FC14
:106E10000028E6D06FF08600E4E76FF08900E1E734
:106E20002DE9F0411F460388DDF820800E4644F22C
:106E300012118B42154642882ED047F212118B4216
:106E40003BD102B9EA00B2F5807F36D1202D03D0C4
:106E50006FF08600BDE8F08129463046FFF799FFC4
:106E60000028F5D03046F9F70FFC0028F0D1D8F80B
:106E7000004034F48074EBD1069B9D4220D82A4612
:106E80003146384600F04AF8079B1D604FF4807386
:106E9000C8F800302046DDE71AB9EB07D8D56A08F4
:106EA000D200B2F5807F08D1412DD1D13378042BA7
:106EB000CED1701CF9F7F2FBD7E76FF08500C9E778
:106EC0006FF08900C6E7F8B50C46478801881E4672
:106ED00047F21213FD1D99424FEAD50502D06FF01B
:106EE0008500F8BD954216D829462046F8F7F6FDEC
:106EF0000028F6D129462046FFF74BFF0028F3D0A3
:106F0000B7F5807FEBD12046F9F7BEFB0028EBD127
:106F100020233360E5E76FF08900E2E70A449142FD
:106F200000F1FF3300D1704710B511F8014B03F8A1
:106F3000014F9142F9D110BD02440346934200D162
:106F4000704703F8011BF9E7044608B5FAF7A4F9FE
:106F50002046EBF721F910B501390244904201D1E6
:106F6000002005E0037811F8014FA34201D0181B5F
:106F700010BD0130F2E710B50139034632B111F806
:106F8000014F03F8014B013A002CF7D11A440021BC
:106F9000934200D110BD03F8011BF9E710B502467A
:106FA00001448A42134603D01C780132002CF8D1E8
:106FB000181A10BDF0B5C3F137070446FFB203F04D
:106FC0001F031046082BE6B233D0102B3ED06508C5
:106FD000A40844EA817445EAC1752D194FEA91026B
:106FE00042EB5102290941EA02716D1842EB12127B
:106FF000290A41EA02616D1842EB1222290C41EA8A
:1070000002416D1842EB1242AD1842F10002EC0849
:1070100044EA4274D10804EB8402A6EB4205EDB2C7
:10702000092D0CD90134A5F10A0541F10001EDB299
:1070300012E0E40844EA417406F00705C908303557
:1070400054EA010200F8015BBCD1F0BD240944EA16
:10705000017406F00F050909092D84BFED19EDB281
:10706000EDE7D1E9043293421EBF5A1C0A61187041
:047070007047000065
:087074000E69FE7F010000001F
:10707C00B923010000000000000000005C71020058
:10708C00755802000000000065DB010000000000E4
:10709C0089DB010000000000000000009471020078
:1070AC000000000078710200C9A701000000000078
:1070BC0095C1010000000000ED4E02000000000030
:1070CC0000000000B071020000000000CC71020052
:1070DC00E9B4010000000000D1070100000000002D
:1070EC00D12101000000000000000000E871020046
:1070FC0071C2010000000000A9DE010000000000C8
:10710C000000000004720200000000002072020067
:10711C00F524010000000000694E02000000000090
:10712C00734E020000000000000000003C720200E0
:10713C00D527010000000000F91401000000000038
:10714C000913010000000000F725020000000000F8
:10715C00E0B1020018800200387402000E270020F3
:10716C00885D002079A501000000000019B2020022
:10717C0030800200EC73020012270020205E0020F9
:10718C009DAC01000000000027B202004480020008
:10719C00EC730200142700202C5E00209DAC010033
:1071AC000000000009B2020000000000E4730200BD
:1071BC0010270020DC5D0020EDA90100000000007C
:1071CC00ABB3020000000000287402001A27002054
:1071DC004C2600201DB70100000000001DB5020068
:1071EC0000000000A48002001C270020B05E0020DC
:1071FC0085B9010000000000C4B1020000000000CD
:10720C00D87302000C27002000000000219F010011
:10721C000000000004B302001C26002010740200C1
:10722C0016270020385E00201D49020000000000D7
:10723C0090B30200748002005474020018270020DE
:0C724C008C5E0020A9B1010000000000D1
:10725800074F02000B4F0200000000002126020029
:107268000000000021260200385E00200DD4010035
:107278000000000021260200000000002126020074
:10728800942400208D48020005CF01000B4F020016
:107298000000000021260200000000002126020054
:1072A8000000000021260200000000002126020044
:1072B8000000000021260200DC5D002059AA010020
:1072C8000000000021260200000000002126020024
:1072D8004C2600209D5702000000000079B50100EF
:1072E8000000000021260200000000002126020004
:1072F80000000000212602000000000021260200F4
:1073080000000000212602000000000021260200E3
:10731800000000002126020000000000F5C1010065
:1073280000000000212602000000000021260200C3
:1073380000000000212602000000000021260200B3
:1073480000000000212602000000000021260200A3
:107358000000000021260200000000002126020093
:107368000000000021260200000000002126020083
:107378000000000021260200000000002126020073
:107388000000000021260200000000002126020063
:107398000000000021260200000000002126020053
:1073A8000000000021260200000000002126020043
:1073B8000000000021260200000000002126020033
:1073C8000000000021260200000000002126020023
:0C73D80045A30100F5A0010058020000D0
:0873E40099A90100E9A80100CC
:1073EC00CDAA0100E1470200EF4702000748020066
:1073FC00134802001F480200D9AC010039480200B2
:04740C00000000007C
:107410009DAF010000000000FDAD01000000000074
:087420000000000073490200A6
:107428000D4D0200DF4C0200ADB60100E54C020034
:10743800D1A5010049470200AD4702000000000045
:0C744800E546020000000000000000000B
:10745400454C0200A94C0200634C02007B4C020024
:1074640000000000954C0200000000000000000035
:107474000000000000000000000000000000000008
:1074840000000000000000000000000000000000F8
:10749400050000007D5D0100060000004D8E010026
:0874A4000400000089700100E2
:1074AC00C1F50000DDF50000000000000000000048
:1074BC0000000000000000000000000000000000C0
:1074CC00CC7E020008000000B87A02000700000021
:1074DC00E47B020005000000447B02000800000071
:0874EC00387902000C000000D9
:1074F400D1B1020003000000389102000300000033
:1075040041A102000300000042A2020003000000A7
:10751400ABAA020003000000199602000300000059
:1075240061A6020003000000A0AF020003000000F7
:10753400209602000300000088A30200030000005C
:107544003AAC0200030000006C9F0200030000003C
:10755400E9A102000300000098AF0200030000004C
:10756400F3A70200030000000996020003000000D4
:107574003AB502000300000028B502000300000031
:1075840091AF020003000000C08F0200030000005E
:10759400FBB1020003000000D7B3020003000000A7
:1075A4001F9102000300000035B202000300000036
:1075B40011B3020003000000C98D020003000000A3
:1075C400E48F020003000000E88F020003000000C3
:1075D4004F870200030000008888020003000000B7
:1075E40066B50200030000008A9502000300000053
:1075F400EE95020003000000F6950200030000006F
:107604008CB50200030000005EB602000300000017
:10761400158F0200030000009BB30200030000006A
:10762400E389020003000000059602000300000045
:10763400D18F0200030000009F8E020003000000AF
:08764400BDB3020003000000C9
:10764C008C7A02006C5B0020D790020001000000D5
:107660000000000003000000300000006000000087
:1076700000000000000000001027000000000000D3
:1076800002000000539E0200589E02005C9E020011
:10769000609E0200649E0200689E02006C9E0200D2
:1076A000709E0200749E0200789E02007C9E020082
:1076B000809E0200849E0200889E02008C9E020032
:1076C000909E0200949E0200989E0200010001001C
:1076D00000010100000100010000010001000000A4
:1076E00001000B0002000A00050009000A00080062
:1076F000140007001E000600320005004B000400C5
:107700006400030096000200FA000100F40100008A
:10771000F401FA00960064004B0032001E001400D1
:107720000A000500020001000C0802170D01010209
:1077300009090101060209181803010109098383D7
:1077400085030201230202240910040405050B0B22
:10775000040B2B1B1B159A9A1C021D1613050149BD
:107760000D150508061B1B0F01010000FEFEFEFEA5
:10777000FEFEFEFEFEFEFEFEFEFEFEFEFEFEFEFE29
:10778000FE16FEFEFEFEFEFEFEFEFEFEFEFE1F1FBF
:10779000FE26FEFEFEFEFEFEFEFEFEFEFEFEFEFEE1
:1077A000FEFEFEFE3E3EFEFEFEFE3B3BA301B1039F
:1077B000BF05EF024906A309C505F50B2512000018
:1077C0000100000010110040000000000000000057
:1077D00000000000000000000406080A0C0E101251
:1077E0001416181C1E20222426282A2C2E3032344F
:1077F00036383A3C3E40424446484A4C4E021A50C3
:107800000000000028000000180000000000000038
:10781000141E00003011000000000000701700006E
:10782000A00F00000000DC05E803000000000000DD
:10783000141E00003011000000002CA6E0A1000082
:107840003408E803D8ECF0F4F8FC00020304050661
:107850000708000000000000000000000000000019
:107860000000000000000101010102020202030306
:1078700003030404040405050505060606080900BB
:1078800000000000000000000000000000000000F8
:1078900000000001010101020202020303030304CC
:1078A0000404040505050506060708090A0B0C0D66
:1078B00000100200FA00000001030062746C650011
:1078C00000000000000000000000000000000000B8
:1078D00000000000000000000000000000000000A8
:1078E0000000000000000000000000000001000097
:1078F0000338FDD870470000EDE2000000000000F2
:1079000069E300007DE2000054860200B0860200B8
:107910004B860200000000005A8802006B880200BB
:10792000798802000472020001010203284001016B
:107930000000C2010C000000388202005D3D020020
:1079400000000000DEB602000000010034820200E8
:10795000CD3E020000000000F023002000000100E6
:10796000CDB6020045F3000000000000000000005A
:1079700000000100308202002F3D020071790100F9
:10798000CC230020000003002C820200CD3E020028
:1079900000000000C423002000000100BCB602006B
:1079A00000000000000000000000000000000000D7
:1079B000288202002F3D020071790100A0230020DF
:1079C0000000030024820200CD3E020000000000FF
:1079D0009823002000000100ABB602000000000068
:1079E00000000000000000000000000020820200F3
:1079F0002F3D020071790100742300200000030074
:107A00001C820200CD3E0200000000006C2300201A
:107A1000000001009AB602000000000009F4000016
:107A2000000000000000020009080000558B020061
:107A300001010000062700200304000002270020A7
:107A40009835002000040000732302001523020073
:107A500002000000232502000000000000000000DA
:107A60000000000000000000B7900200BF9002007C
:107A7000000000000000000000000000C7900200AD
:107A8000CB900200CF900200D3900200C111010000
:107A9000B5110100E51101009D1101000000000079
:107AA000A91101000000000041120100745B0020D8
:107AB000C363002010000000648202005D3D0200EC
:107AC0000000000060820200000001005C820200F1
:107AD000CD3E020000000000142400200000010040
:107AE00054820200C32502000000000000000000D4
:107AF0000000010050820200CD3E020000000000A4
:107B00000C24002000000100488202008F250200A2
:107B1000000000000000000000000100448202009C
:107B2000CD3E0200000000000424002000000100FF
:107B30003C820200DD120100000000000000000095
:107B400000000100948202005D3D02000000000080
:107B500090820200000001008C820200CD3E0200F3
:107B60000000000050240020000001008482020078
:107B70000000000000000000000000000000000005
:107B8000808202002F3D0200717901002C24002028
:107B9000000003007C820200CD3E020000000000D5
:107BA0002424002000000100748202001913010047
:107BB00000000000000000000000010070820200D0
:107BC000CD3E0200000000001C2400200000010047
:107BD0006882020000000000A11301000000000004
:107BE00000000200B08202005D3D020000000000C3
:107BF000AC82020000000100A8820200CD3E02001B
:107C0000000000007C24002000000100A08202008F
:107C10003514010000000000000000000000010019
:107C20009C8202002F3D020071790100582400203F
:107C30000000030098820200373F020000000000AD
:107C4000B482020000000100C020002000000000FB
:107C500000000B06020000005C7C02000000000037
:107C6000DA9502002400020600000020E2950200DE
:107C700020000B11842400205D2201000000000080
:107C8000AB260200787C0200947C02000001000018
:107C900000000000E09C0020787C0200A87C02002C
:107CA0002E0000000000000030AA0020787C0200B6
:107CB000BC7C0200020100000000000004AB0020B8
:107CC0009C9E0200BA9E0200D59E0200E59E020024
:107CD000F29E0200FB9E0200029F0200099F02002A
:107CE000109F0200189F0200F29E0200209F0200D7
:107CF000329F0200479F02005A9F02000E030000BD
:107D0000F93A01000F040000C53A01001A01000011
:107D1000692601000504000081260100130100000E
:107D2000E12801003E010000592B01000112000072
:107D3000A72A02000A1E0000D52A0200FF01000047
:107D4000CD2C01003E010000AD2C01000504000017
:107D5000CD260100080400004D3101003003000071
:107D6000C130010010010000752701000112000060
:107D7000D93701000A1E0000932B020003090000FE
:107D8000692E0100040B00008D280100060A000086
:107D9000013A0100070A0000452701000C05000018
:107DA00011270100050C00003D390100787C02001C
:107DB000BC7D0200470000000000000020AC002055
:107DC000E0A50200EDA502000DA6020001A602003A
:107DD00018A602002FA602003FA60200B0A90200CA
:107DE00053A60200787C0200F47D0200000000002F
:107DF0000000000040AD0020787C0200087E0200F8
:107E0000000100000000000068AD00205D310200AC
:107E1000AF31020000000000000000000000000080
:107E2000856001000000000000000000000000006C
:107E300000000000020201000937020004040100F2
:107E40006D6C010006060100AD6B01000804010025
:107E5000996A01000A020100F13602000C040100D7
:107E6000D93602000E0401007569010020040100EA
:107E7000E168010010040100F16701001202010035
:107E80007B36020016040100D96C010018010100C4
:107E90009D6601001E000400993A02005202000093
:107EA00051360200787C0200B47E0200020100001C
:107EB00000000000E0B00020787C0200C87E0200D4
:107EC000F700000000000000E0B40020E88202009B
:107ED0005D3D020000000000E4820200000001009D
:107EE000E0820200CD3E020000000000CC25002010
:107EF00000000100D8820200000000000000000025
:107F00000000000000000000D48202002F3D0200AB
:107F100071790100D425002000000300D082020006
:107F2000CD3E020000000000C4250020000001003A
:107F3000C8820200953D02002D7A01000000000079
:107F400000000300C4820200CD3E020000000000D9
:107F5000BC25002000000100BC8202008D7D0100D4
:107F6000000000000000000000000100C98D0100B9
:107F70001F4502002D9801000000000000000000D5
:107F8000019501000000000000000000000000005A
:107F9000000000000000000000000000758F0100DC
:107FA00006000000EB42020006000000318B0100D9
:107FB00010000000A587010010000000CD9701000F
:107FC000010000001941020010000000E742020019
:107FD0000A000000798E010010000000E595010004
:107FE00007000000EF42020010000000E74102001D
:107FF00001000000058D0100400000008B420200DE
:1080000010000000074202000100000035A5010039
:1080100005A501000000000081A6010001A60100E5
:10802000EFB10200D7470200D3470200F5B10200CA
:10803000FF03000000030050942400200000000013
:1080400001000000FFFFFFFF00000050942400200B
:1080500000000000000000000030004064800200CA
:10806000010000006C800200020000001400000CFF
:108070000E00000B00000080FFFFFF7F000000806B
:1080800000000080FFFFFF7F0000008088130000D9
:108090000000000073B8020000FF080094710200A5
:1080A0000C00000071B80100514D02007F4D02002C
:1080B000080000000300000014B6020022B602000F
:1080C00036B6020045B6020051B602007C700200CE
:1080D0007C700200DC700200E47002004471020057
:1080E0005C71020061B602000001000000000000A7
:1080F000396F0200512563FCC2CAB9F3849E17A7E9
:10810000ADFAE6BCFFFFFFFFFFFFFFFF000000002E
:10811000FFFFFFFFAAAAAAAAAAAAAAAAAAAAAAAA6B
:108120005555555555555555555555550000000053
:1081300055555555522563FCC2CAB9F3849E17A7FD
:10814000ADFAE6BCFFFFFFFFFFFFFFFF00000000EE
:10815000FFFFFFFF512563FCC2CAB9F3849E17A736
:10816000ADFAE6BCFFFFFFFFFFFFFFFF00000000CE
:10817000FFFFFFFF96C298D84539A1F4A033EB2D3D
:10818000817D0377F240A463E5E6BCF847422CE129
:10819000F2D1176BF551BF376840B6CBCE5E316B6D
:1081A0005733CE2B169E0F7C4AEBE78E9B7F1AFE31
:1081B000E242E34F4B60D2273E3CCE3BF6B053CC7D
:1081C000B0061D65BC86987655BDEBB3E7933AAA19
:1081D000D835C65AFCFFFFFFFFFFFFFFFFFFFFFF81
:1081E000000000000000000000000000010000008E
:1081F000FFFFFFFF647261676F6F6E2F6C696273C0
:108200002F73636865642F7372632F73636865648B
:108210005F68616C5F7274632E6300000000032866
:1082200000000229000003280000022900000328A2
:108230000000022900000328000000280000042A92
:108240000000042A000003280000012A0000012A7F
:10825000000003280000002A0000002A0000032874
:1082600000000018000000280000392A0000392A08
:10827000000003280000382A0000382A00000328E4
:10828000000002290000372A0000372A00000328D6
:1082900000000D1800000028000004290000022939
:1082A0000000192A0000192A0000032800000F18F6
:1082B000000000280400AD270100060100002A2B61
:1082C00000002A2B000003280000292B0000292B86
:1082D00000000328000002290000052A0000052AEA
:1082E000000003280000011800000028647574795C
:1082F000207365743A20257520732077696E646F4A
:10830000772065766572792025752073202825757C
:108310002525290020706F7765722D6F6E00207003
:10832000696E0020646562756700206C702D77614E
:108330006B6500424F54482048454C44204C4F57F1
:10834000202D2D2073686F72746564207261696CD2
:10835000206F7220474E4420627269646765006234
:108360006F74682072656C65617365642C2062753A
:1083700073206C6F6F6B73206865616C7468790033
:1083800053434C2048454C44204C4F57202D2D2022
:10839000627269646765206F6E2055352E31312019
:1083A000286E6F20736C6176652063616E20646F48
:1083B000207468697329005344412048454C442087
:1083C0004C4F57202D2D20737475636B20736C6197
:1083D0007665206F7220627269646765206F6E2017
:1083E00055352E313000202861707020726571750E
:1083F000657374656429005B424C455D0066696E77
:10840000676572206F6E2C20616371756972696E89
:1084100067006E6F2066696E6765720020286E6F58
:108420002066696E676572290072696E67206669E9
:10843000726D77617265207374617274696E670022
:1084400072657365742063617573653A2057415492
:108450004348444F47202830782530387829202D4C
:108460002D20746865206D61696E206C6F6F7020BF
:1084700073746F707065642066656564696E6720EB
:1084800069740072657365742063617573653A2061
:10849000534F46545741524520283078253038787C
:1084A00029202D2D20666174616C206572726F72B7
:1084B0002068616E646C6572206F72207379735FDF
:1084C0007265626F6F7400726573657420636175A5
:1084D00073653A20307825303878257325732573F5
:1084E00025730069326330206F7220626F6F73747E
:1084F00020726567756C61746F72206E6F74207284
:10850000656164790042555320202069646C6520C0
:108510006C6576656C733A205344412850302E3296
:1085200030293D25642053434C2850302E313429C6
:108530003D256420202D3E202573004255532020E8
:10854000207265636F7665722025643A2072633D00
:108550002564202D3E205344413D25642053434C47
:108560003D25640042555320202072656C6561737F
:108570006564206166746572202564207265636F8E
:10858000766572792070617373286573290042558E
:1085900053202020534441207374696C6C206C6F0D
:1085A00077206166746572207265636F7665727993
:1085B000202D2D206E6F742061206C6174636865BE
:1085C0006420736C6176653B2073757370656374AA
:1085D0002061206272696467652066726F6D205544
:1085E000352E31302F53444120746F20474E4400C4
:1085F0004D41584D3836313631206E6F74207265DA
:1086000073706F6E64696E6720617420626F6F743F
:10861000202D2D2077696C6C20726574727920771B
:1086200068656E2061206D6561737572656D656E3C
:10863000742077696E646F77206F70656E73007356
:1086400074617465202D3E20257300636861726734
:10865000696E670069646C65006261747465727943
:10866000202564206D56006D6F74696F6E207761F0
:108670006B6500626F6F737420656E61626C65205C
:108680006661696C65642028256429005050472084
:108690007374617274206661696C65642028256456
:1086A00029007374617465202D3E202573257300A5
:1086B0006D6561737572696E6700756E657870655A
:1086C00063746564204649464F20746167203078A2
:1086D0002530327820286461746120257529006274
:1086E00065617420202025752E25752062706D002F
:1086F0006463202564202061632025642020504984
:108700002025642E25642525202048522025752EFD
:1087100025752062706D2025730064632025642018
:10872000206163202564202050492025642E256483
:108730002525202028257329004649464F207265AB
:108740006164206661696C65642028256429006D78
:1087500061696E0030782530327820206261726560
:108760003D256420207074725F77726974653D25C1
:1087700064202073706C69743D256428307825303E
:108780003278292020726573746172743D256428E3
:1087900030782530327829003078253032782061E1
:1087A0006E7377657265642062757420504152540F
:1087B0005F4944206973203078253032782C206559
:1087C0007870656374656420307825303278004DA8
:1087D00041584D383631363120666F756E642061F0
:1087E00074203078253032782028504152545F4927
:1087F00044203078253032782C205245562030786D
:1088000025303278290077726974652030782530F8
:108810003278203D20307825303278206661696CCE
:1088200065642028256429005050472072756E6EBB
:10883000696E673A2025732C20504120307825300E
:10884000327820287E25752E25303275206D4129FD
:108850002C2031303020737073004C454431206738
:108860007265656E203533306E6D004C45443220A4
:108870004952203838306E6D004C454433207265C3
:1088800064203636306E6D006D61786D3836313665
:108890003100504D49432020425132353132304170
:1088A000204030782530327820756E7265616368BB
:1088B00061626C652028256429202D2D206E6F743F
:1088C00020636F6E666967757265643B20636861DB
:1088D0007267696E672077696C6C206E6F742077A1
:1088E0006F726B00504D4943202063686172676569
:1088F0002063757272656E74202564206D41202D91
:108900003E203230206D4100504D494320205453C9
:10891000206D6F6E69746F722064697361626C653B
:1089200064202D2D206368617267696E6720776906
:108930007468206E6F20626174746572792074654A
:108940006D7065726174757265206C696D69740013
:1089500009636F6E76657273696F6E2072657375E9
:108960006C74206973206F7574206F662072616E5D
:1089700067650A006368617267657220617474617B
:10898000636865642C206368617267696E6720653F
:108990006E61626C6564006F6E20626174746572F2
:1089A000792C204344206869676820666F722049EB
:1089B000324300504D49432020756E7265616368F3
:1089C00061626C65202825642900504D49432020B0
:1089D00025732028737461747573203078253032C4
:1089E00078290073656C6674657374007075626CC9
:1089F00069630072616E646F6D007075626C6963AB
:108A00002D69640072616E646F6D2D69640025309C
:108A100032583A253032583A253032583A253032D9
:108A2000583A253032583A253032582028257329B3
:108A3000006F666600636F6E74726F6C3A20505000
:108A4000472073747265616D696E672025730063DA
:108A50006F6E74726F6C3A20494D55207374726555
:108A6000616D696E6720257300636F6E74726F6C41
:108A70003A206D656173757265206E6F7700636F64
:108A80006E74726F6C3A206475747920257520734A
:108A9000206576657279202575207300636F6E748A
:108AA000726F6C3A20756E6B6E6F776E206F7063AD
:108AB0006F64652030782530327800636F6E6E65A4
:108AC0006374656420746F20257300636F6E6E6538
:108AD0006374696F6E206661696C65642028307804
:108AE000253032782900646973636F6E6E65637434
:108AF00065642028726561736F6E2030782530328E
:108B000078290062745F656E61626C6520666169D8
:108B10006C65642028256429006164766572746937
:108B200073696E67206661696C656420746F207379
:108B300074617274202825642900616476657274FA
:108B40006973696E672061732025732C20616464EA
:108B5000722025730052696E67205050470073657C
:108B60007276696365733A20486561727420526158
:108B700074652C20426174746572792C2052696E80
:108B800067004C534D3644535631364258004C53CF
:108B90004D36445356006E6F20616E7377657220B8
:108BA00061742030782530327820282564290075BA
:108BB0006E65787065637465642057484F5F414DFA
:108BC0005F49203078253032780025732061742089
:108BD00030782530327800726561646261636B20A1
:108BE00042414E4B3D3078253032782049465F4334
:108BF00046473D307825303278204354524C313D41
:108C0000307825303278205441505F434647303D1C
:108C100030782530327820494E4143545F445552D4
:108C20003D30782530327800726561646261636B33
:108C30002057414B455F5448533D307825303278BA
:108C40002057414B455F4455523D307825303278AE
:108C5000204D44315F4346473D30782530327820FF
:108C600046554E435F454E3D307825303278006E94
:108C70006F7420696E20746865206D61696E207262
:108C8000656769737465722062616E6B2028465552
:108C90004E435F4346475F4143434553533D30781E
:108CA0002530327829202D2D206576657279207740
:108CB000726974652061626F76652077656E7420D5
:108CC000746F207468652077726F6E6720706167BB
:108CD0006500494E5431206973206F70656E2D64B4
:108CE0007261696E202849465F4346473D307825CA
:108CF0003032782920616E64204143435F494E54ED
:108D000020686173206E6F2070756C6C2D757020FB
:108D10002D2D2069742063616E206E65766572204A
:108D20006472697665206869676800494E5431202D
:108D30006973206163746976652D6C6F77202849AB
:108D4000465F4346473D30782530327829206275AA
:108D50007420746865204750494F20697320617200
:108D60006D656420666F72206120726973696E6739
:108D700020656467650077616B6520636F6E666967
:108D80006720646964206E6F7420737469636B007C
:108D900077616B652D6F6E2D6D6F74696F6E2061DD
:108DA000726D65643A202575206D672028574B5FEA
:108DB0005448533D257529202D3E20494E543120DD
:108DC0002D3E2050302E256400696D75007761744A
:108DD0006368646F6720646576696365206E6F748D
:108DE000207265616479202D2D2072756E6E696E1A
:108DF0006720756E70726F74656374656400776464
:108E0000745F696E7374616C6C5F74696D656F75A6
:108E100074206661696C65642028256429202D2DE5
:108E20002072756E6E696E6720756E70726F7465F4
:108E300063746564007764745F736574757020662D
:108E400061696C65642028256429202D2D207275A8
:108E50006E6E696E6720756E70726F74656374658F
:108E600064007761746368646F672061726D656424
:108E70003A202564206D732C20726573657473200D
:108E800074686520536F432C20706175736573207F
:108E9000756E6465722064656275676765720077D8
:108EA0006474006865617020636F727275707469B4
:108EB0006F6E20286E6F7420696E207573653F2970
:108EC000206174202570006865617020636F727284
:108ED000757074696F6E2028627566666572206FA2
:108EE000766572666C6F773F29206174202570006B
:108EF0006865617020636F7272757074696F6E203F
:108F000028646F75626C6520667265653F29206113
:108F100074202570006F735F686561700028756E3E
:108F20007369676E6564292063686172202A207501
:108F300073656420666F72202525702061726775E5
:108F40006D656E742E2049742773207265636F6D92
:108F50006D656E64656420746F206361737420694D
:108F60007420746F20766F6964202A2062656361C3
:108F7000757365206974206D61792063617573650F
:108F8000206D69736265686176696F7220696E2011
:108F90006365727461696E20636F6E66696775726E
:108FA0006174696F6E732E20537472696E673A2212
:108FB00025732220617267756D656E743A256400B1
:108FC00063627072696E74665F7061636B6167651E
:108FD000007379735F6765746F7074006C6F676797
:108FE000696E67006C6F67006C6F675F6D676D74AB
:108FF000004D65737361676520282225732229203F
:1090000064726F707065642062656361757365205A
:10901000697420657863656564732073697A652077
:109020006C696D69746174696F6E202825752900FB
:109030004D6573736167652064726F70706564203D
:109040006265636175736520697420657863656521
:1090500064732073697A65206C696D6974617469E1
:109060006F6E2028257529000D0A001B5B306D00EE
:10907000257320005B2530386C755D20005B253042
:1090800032753A253032753A253032752E25303317
:10909000752C253033755D20003C25733E2000255E
:1090A000732F0025733A20002530327820002020CD
:1090B00020007C002563001B5B313B33316D001BBE
:1090C0005B313B33336D006572720077726E0069FD
:1090D0006E6600646267006C6F675F6261636B65F8
:1090E0006E645F7274740064697361626C656400BD
:1090F000485253206E6F74696669636174696F6E5C
:109100007320257300485253204354524C20506F13
:10911000696E74205772697474656E2025640068E6
:10912000727300424153204E6F74696669636174C3
:10913000696F6E7320257300626173002A2A2A20EA
:10914000426F6F74696E67206E524620436F6E6E79
:109150006563742053444B2076332E342E302D39E2
:109160003935353330353536303762202A2A2A0AE8
:10917000002A2A2A205573696E67205A657068791B
:1091800072204F532076342E342E302D62663830C4
:109190003165346533643139202A2A2A0A00723055
:1091A0002F61313A202030782530387820207231F4
:1091B0002F61323A202030782530387820207232E2
:1091C0002F61333A20203078253038780072332FE1
:1091D00061343A2020307825303878207231322FAF
:1091E00069703A2020307825303878207231342F59
:1091F0006C723A20203078253038780020787073EF
:10920000723A2020307825303878004661756C74C9
:10921000696E6720696E737472756374696F6E200E
:109220006164647265737320287231352F7063290D
:109230003A2030782530387800556E68616E646C5D
:109240006564204952516E3A202564002A2A2A2A50
:109250002A205553414745204641554C54202A2A3F
:109260002A2A2A0020204469766973696F6E206279
:1092700079207A65726F002020556E616C69676E87
:109280006564206D656D6F727920616363657373CA
:109290000020204E6F20636F70726F636573736F71
:1092A0007220696E737472756374696F6E730020D7
:1092B00020496C6C6567616C206C6F6164206F661F
:1092C000204558435F52455455524E20696E746F85
:1092D000205043002020496C6C6567616C207573D9
:1092E00065206F6620746865204550535200202029
:1092F000417474656D707420746F20657865637552
:10930000746520756E646566696E656420696E7348
:109310007472756374696F6E002A2A2A2A2A2042A1
:109320005553204641554C54202A2A2A2A2A0020E7
:1093300020537461636B696E67206572726F72008F
:109340002020556E737461636B696E67206572725D
:109350006F720020205072656369736520646174C8
:109360006120627573206572726F72002020424620
:10937000415220416464726573733A2030782578D5
:10938000002020496D7072656369736520646174A3
:109390006120627573206572726F72002020496EC1
:1093A000737472756374696F6E2062757320657271
:1093B000726F72002020466C6F6174696E672D7049
:1093C0006F696E74206C617A7920737461746520A2
:1093D000707265736572766174696F6E2065727202
:1093E0006F72002A2A2A2A2A204D505520464155BC
:1093F0004C54202A2A2A2A2A002020537461636BA5
:10940000696E67206572726F722028636F6E746573
:1094100078742061726561206D6967687420626587
:10942000206E6F742076616C69642900202044618D
:109430007461204163636573732056696F6C617456
:10944000696F6E0020204D4D464152204164647288
:109450006573733A2030782578002020496E737444
:1094600072756374696F6E20416363657373205610
:10947000696F6C6174696F6E0052657365727665B1
:109480006420457863657074696F6E20280053709E
:109490007572696F757320696E7465727275707418
:1094A00020284952512000535053454C20696E20CA
:1094B000746872656164206D6F646520646F6573A4
:1094C000206E6F7420696E64696361746520505307
:1094D00050002A2A2A2A2A2048415244204641552F
:1094E0004C54202A2A2A2A2A0020204275732066FA
:1094F00061756C74206F6E20766563746F72207472
:1095000061626C652072656164002020446562754B
:1095100067206576656E740020204661756C742046
:10952000657363616C6174696F6E20287365652073
:1095300062656C6F772900415243485F4558434547
:109540005054207769746820726561736F6E2025AE
:10955000780A002A2A2A2A2A204465627567206D23
:109560006F6E69746F7220657863657074696F6E71
:10957000202A2A2A2A2A002A2A2A2A2A202573204F
:10958000256429202A2A2A2A2A006D70750046613E
:10959000696C656420746F20616C6C6F63617465C5
:1095A000206E6577204D505520726567696F6E207B
:1095B00025750A00506172746974696F6E20257593
:1095C0003A20636F686572656E63652063686563E2
:1095D0006B206661696C65642E00464C4153485FA0
:1095E00030005352414D5F300065786974006E65FC
:1095F000745F627566006E65745F6275665F73693D
:109600006D706C6500736F630062745F72706100EF
:109610004254204C572057510062745F62756600B7
:1096200062745F6461746100446174612062756694
:10963000666572206F766572666C6F7720286C693C
:109640006E6B20747970652030782530327829006F
:10965000556E61626C6520746F206C6F6F6B207546
:109660007020636F6E6E20776974682068616E6425
:109670006C6520257500556E61626C6520746F20E5
:109680006C6F6F6B757020636F6E6E20666F7220EB
:1096900068616E646C65202575004861726477614D
:1096A0007265206572726F722C20686172647761D6
:1096B000726520636F64653A20256400436F756CA2
:1096C00064206E6F74207375626D69742072785FA8
:1096D000776F726B3A20256400556E61626C65206D
:1096E000746F20616C6C6F6361746520627566666F
:1096F000657200556E68616E646C656420657665A0
:109700006E7420307825303278206C656E20257597
:109710003A20257300657674206E756D5F68616E02
:10972000646C657320283D25752920746F6F206C4B
:10973000617267652028257A75203E2025752900ED
:109740004E6F20636F6E6E656374696F6E20666F17
:10975000722068616E646C65202575007061636BB2
:1097600065747320636F756E74206D69736D6174B9
:10977000636800546F6F20736D616C6C20282575D1
:1097800020627974657329206576656E742030785F
:109790002530327800496E76616C6964204843490F
:1097A000206576656E742073697A65202825752991
:1097B00000496E76616C6964204C45206D6574616A
:1097C000206576656E742073697A65202825752971
:1097D00000574553545F544F504449522F7A657097
:1097E0006879722F7375627379732F626C75657403
:1097F0006F6F74682F686F73742F6863695F636F2E
:1098000072652E63006576745F666C6167732026EF
:10981000202831554C203C3C202830292900415338
:1098200053455254494F4E204641494C205B2573C5
:109830005D20402025733A25640A00496E76616CEC
:109840006964206275662074797065202575004909
:109850006E76616C6964204843492041434C207016
:1098600061636B65742073697A652028257529000A
:1098700041434C2064617461206C656E677468209C
:109880006D69736D617463682028257520213D2002
:1098900025752900556E61626C6520746F206669BC
:1098A0006E6420636F6E6E20666F722068616E64F6
:1098B0006C652025750062745F6863695F65767406
:1098C0005F6765745F666C616773286864722D3EBC
:1098D000657674292026202831554C203C3C2028D0
:1098E00031292900556E6B6E6F776E206275662088
:1098F0007479706520257500556E68616E646C65BD
:10990000642076656E646F722D7370656369666935
:1099100063206576656E7420307825303278206C4F
:10992000656E2025753A202573004E6F20636F6D9C
:109930006D616E642073656E7420666F7220636D56
:109940006420636F6D706C657465203078253034E9
:1099500078004F70436F646520307825303478206C
:10996000636F6D706C6574656420696E7374656196
:1099700064206F6620657870656374656420307854
:109980002530347800696E74657276616C20657874
:109990006365656473207468652076616C69642012
:1099A00072616E6765202575207573006C61746542
:1099B0006E637920657863656564732074686520DB
:1099C00076616C69642072616E676520307825303D
:1099D000347800737570765F74696D656F75742087
:1099E00065786365656473207468652076616C6969
:1099F000642072616E676520307825303478004EBF
:109A00006F2070656E64696E67207065726970683A
:109A10006572616C20636F6E6E656374696F6E0052
:109A2000556E6578706563746564207374617475D0
:109A30007320307825303278202573004661696CB8
:109A4000656420746F207365742072657175697226
:109A50006564207365637572697479206C657665D9
:109A60006C004E6F206368616E676520746F2065BF
:109A70006E6372797074696F6E207374617465209F
:109A800028656E63727970742030782530327829B9
:109A900000756E6B6E6F776E005B305D00484349FA
:109AA000207472616E73706F72743A202573005364
:109AB0004443004964656E7469747925733A2025BE
:109AC00073004964656E746974795B25645D3A203E
:109AD0002573004843493A2076657273696F6E209A
:109AE00025732028307825303278292072657669F0
:109AF00073696F6E203078253034782C206D616E5C
:109B000075666163747572657220307825303478BB
:109B1000004C4D503A2076657273696F6E20257344
:109B20002028307825303278292073756276657266
:109B30002030782530347800556E61626C65207471
:109B40006F2073656E6420746F206472697665722D
:109B500020286572722025642900657272203D3DBF
:109B600020300009436F6E74726F6C6C65722075E3
:109B70006E726573706F6E736976652C20636F6D9E
:109B80006D616E64206F70636F646520307825307E
:109B900034782074696D656F7574207769746820F6
:109BA0006572722025640A006F70636F64652030EF
:109BB000782530347820737461747573203078257B
:109BC000303278202573004661696C656420746FBB
:109BD000207265616420444C45206D617820646189
:109BE0007461206C656E0074785F6F637465747364
:109BF0002065786365656473207468652076616CA0
:109C000069642072616E67652025750074785F74E1
:109C1000696D652065786365656473207468652087
:109C200076616C69642072616E6765202575004EEF
:109C30006F2070656E64696E6720636F6E6E20665C
:109C40006F722070656572202573004E6F6E2D4C0B
:109C5000452063617061626C6520636F6E74726F22
:109C60006C6C657220646574656374656421004E74
:109C7000756D206F6620436F6E74726F6C6C6572C9
:109C800027732041434C207061636B6574732021FE
:109C90003D2041434C2062745F636F6E6E5F747849
:109CA00020636F6E74657874732028257520213DBC
:109CB000202575290041434C2042522F4544522013
:109CC00062756666657273206E6F7420696E697462
:109CD00069616C697A65640056656E646F722048CC
:109CE000434920657874656E73696F6E73206E6F7B
:109CF0007420617661696C61626C65004857205020
:109D00006C6174666F726D3A202573202830782557
:109D1000303478290048572056617269616E743A70
:109D20002025732028307825303478290046697240
:109D30006D776172653A202573202830782530329E
:109D400078292056657273696F6E2025752E2575EA
:109D5000204275696C64202575004661696C6564F4
:109D600020746F207265616420737570706F7274F7
:109D700065642076656E646F7220636F6D6D616ED1
:109D80006473004661696C656420746F207265615C
:109D90006420737570706F727465642076656E648C
:109DA0006F7220666561747572657300484349205F
:109DB000647269766572206973206E6F74207265B3
:109DC0006164790042542052582057510048434959
:109DD00020647269766572206F70656E20666169B5
:109DE0006C65642028256429004F7574206F6620F7
:109DF000636F6D6D616E6420627566666572730077
:109E0000556E657870656374656420484F53545F80
:109E10004E554D5F434F4D504C455445445F504166
:109E2000434B4554532C2073746174757320307800
:109E30002530327820257300556E636C656172653C
:109E4000642070656E64696E672073656E745F630D
:109E50006D6400312E306200312E3100312E32001F
:109E6000322E3000322E3100332E3000342E3000AE
:109E7000342E3100342E3200352E3000352E310094
:109E8000352E3200352E3300352E3400362E30007C
:109E9000362E3100362E3200362E33005374616E6A
:109EA0006461726420426C7565746F6F74682063BE
:109EB0006F6E74726F6C6C65720056656E646F7253
:109EC00020737065636966696320636F6E74726F77
:109ED0006C6C6572004669726D77617265206C6F9B
:109EE000616465720052657363756520696D6167B1
:109EF00065007265736572766564006E5246353131
:109F000078006E5246353278006E5246353378000E
:109F10006E524635344878006E524635344C7800DF
:109F2000496E74656C20436F72706F726174696FF3
:109F30006E004E6F726469632053656D69636F6E66
:109F4000647563746F72004E58502053656D696379
:109F50006F6E647563746F727300457370726573AE
:109F60007369662053797374656D730062745F68FA
:109F700063695F636F726500636D64206469736118
:109F80006C6C6F776564004661696C656420746F02
:109F90002064697361626C652061646472657373C7
:109FA000207265736F6C7574696F6E005265736FA4
:109FB0006C76696E67206C6973742073697A6520AA
:109FC00065786365656465642E205377697463689A
:109FD000696E6720746F20686F73742E0046616924
:109FE0006C656420746F20636C65617220726573A8
:109FF0006F6C7574696F6E206C697374004661696B
:10A000006C656420746F206164642049524B207435
:10A010006F20636F6E74726F6C6C65720053657441
:10A020002070726976616379206D6F646520636F5B
:10A030006D6D616E64206973206E6F74207375702E
:10A04000706F72746564004661696C656420746F3A
:10A05000207365742070726976616379206D6F6416
:10A06000650044697361626C696E67206164647243
:10A07000657373207265736F6C7574696F6E20669B
:10A0800061696C6564202865727220256429004628
:10A0900061696C656420746F2072656D6F766520F0
:10A0A00049524B2066726F6D20636F6E74726F6CD5
:10A0B0006C6572004F6E6C792072616E646F6D20FA
:10A0C000737461746963206964656E74697479205E
:10A0D0006164647265737320737570706F727465F8
:10A0E0006400496E76616C696420696E70757420D5
:10A0F000706172616D6574657273004661696C654B
:10A100006420746F2072656164207075626C69638D
:10A1100020616464726573730052656164205374D6
:10A12000617469632041646472657373657320634D
:10A130006F6D6D616E64206E6F7420617661696C05
:10A1400061626C65004661696C656420746F2072A1
:10A15000656164207374617469632061646472650D
:10A1600073736573004E6F2073746174696320614B
:10A1700064647265737365732073746F72656420B1
:10A18000696E20636F6E74726F6C6C6572004361F0
:10A190006E27742073657420626F7468204944458B
:10A1A0004E544954592026204E52504100556E615C
:10A1B000626C6520746F20736574206964656E74C9
:10A1C000697479206164647265737300556E6162AD
:10A1D0006C6520746F207365742072616E646F6D9E
:10A1E00020616464726573730062745F6964005413
:10A1F0006F6F206269672061647665727469736944
:10A200006E672064617461004661696C65642074E6
:10A210006F207374617274206164766572746973FF
:10A220006572004661696C656420746F2073746F99
:10A2300070206164766572746973696E673A20256F
:10A24000640062745F616476004661696C656420D5
:10A25000746F2067656E65726174652045434320A5
:10A260006B6579202564004661696C656420746FB4
:10A27000206578706F727420454343207075626C5E
:10A280006963206B6579202564004661696C6564AB
:10A2900020746F206578706F72742045434320707E
:10A2A000726976617465206B65792025640046616A
:10A2B000696C656420746F2064657374726F7920B3
:10A2C000454343206B65792049442025640046615D
:10A2D000696C656420746F20696D706F727420748E
:10A2E00068652070726976617465206B6579206697
:10A2F0006F72206B65792061677265656D656E743C
:10A3000020256400526177206B6579206167726552
:10A31000656D656E74206661696C656420256400F6
:10A320004661696C656420746F2064657374726F34
:10A330007920746865206B657920256400707361ED
:10A340005F696D706F72745F6B6579282920726523
:10A350007475726E656420737461747573202564FE
:10A36000004275737920706572666F726D696E67F1
:10A3700020616E6F746865722045434448206F7099
:10A3800065726174696F6E0062745F656363004635
:10A3900061696C656420726561642072656D6F74BB
:10A3A00065206665617475726573202825642900CF
:10A3B00050485920307825303278206E6F742073E1
:10A3C0007570706F72746564004661696C656420B5
:10A3D000746F207365742064617461206C656E20F5
:10A3E0002825642900556E6578706563746564205E
:10A3F0006669727374204C32434150206672616DFD
:10A400006500556E6578706563746564204C3243F1
:10A41000415020636F6E74696E756174696F6E0070
:10A420004E6F7420656E6F7567682062756666652D
:10A430007220737061636520666F72204C324341F5
:10A4400050206461746100556E6578706563746551
:10A45000642041434C20666C616773202830782566
:10A46000303278290041434C206C656E206D697351
:10A470006D6174636820282575203E2025752900AC
:10A4800028756E6B6E6F776E29006E6F2074726127
:10A490006E736974696F6E20257300496E76616C06
:10A4A00069642028257529206F6C64207374617499
:10A4B0006500636F6E6E202570206661696C65644F
:10A4C00020746F2065737461626C6973682E20520A
:10A4D00046206E6F6973653F006E6F2076616C6910
:10A4E0006420282575292073746174652077617351
:10A4F0002073657400696E636F6D70617469626C5E
:10A50000652068616E646C652025750054696D6511
:10A510006F7574206469736361726465642E204E84
:10A520006F20626C6F636B696E6720696E20737950
:10A530007377712E00466174616C206572726F7260
:10A5400020282564292E20446973636F6E6E65632D
:10A5500074696E6720257000466F756E64207661A1
:10A560006C696420636F6E6E656374696F6E20281A
:10A57000257029207769746820616464726573733B
:10A5800020257320696E2025732073746174652003
:10A590000053656E64204C4520706172616D2075BA
:10A5A0007064617465206661696C656420286572F9
:10A5B00072202564290053656E64206175746F20D4
:10A5C0004C4520706172616D207570646174652006
:10A5D0006661696C656420286572722025642900B3
:10A5E000646973636F6E6E65637465640064697338
:10A5F000636F6E6E6563742D636F6D706C657465EB
:10A60000007363616E2D6265666F72652D696E6998
:10A6100074696174696E6700696E697469617469EF
:10A620006E672D66696C7465722D6C697374006158
:10A6300064762D636F6E6E65637461626C65006134
:10A6400064762D6469722D636F6E6E6563746162EA
:10A650006C6500646973636F6E6E656374696E67C1
:10A660000062745F636F6E6E00556E61626C652090
:10A67000746F20616C6C6F636174652062756666CF
:10A68000657220666F72206F7020307825303278C6
:10A69000004E6F20617661696C61626C65204C329E
:10A6A00043415020636F6E7465787420666F72202A
:10A6B000636F6E6E20257000457870656374696EF7
:10A6C0006720757020746F20256420726566732C76
:10A6D00020676F7420256400616C72656164792065
:10A6E000686176652076696577206F6E2025700039
:10A6F0004C32434150206C656E677468206D6973FD
:10A700006D617463682028257520213D20257529F9
:10A7100000496E76616C6964206964656E742076A8
:10A72000616C756520696E204C3243415020504465
:10A730005500496E76616C6964204C4520636F6EEC
:10A740006E20706172616D207273702073697A651A
:10A750002028257520213D20257A75290052656A1B
:10A76000656374696E6720756E6B6E6F776E204CD3
:10A77000324341502050445520636F646520307847
:10A780002530327800546F6F20736D616C6C204CF3
:10A7900032434150207369676E616C696E67205067
:10A7A000445500546F6F20736D616C6C204C3243C4
:10A7B0004150205044552072656365697665640098
:10A7C00049676E6F72696E67206461746120666F9D
:10A7D0007220756E6B6E6F776E206368616E6E654A
:10A7E0006C2049442030782530347800636F6E66E1
:10A7F00069670062745F6C32636170004154542079
:10A800006368616E6E656C206E6F7420636F6E6E30
:10A810006563746564004572726F72207369676E58
:10A82000696E6720646174610052616E206F757497
:10A83000206F662054582062756666657273206FBB
:10A840007220636F6E74657874732E004661696C54
:10A85000656420746F207375626D6974206174740F
:10A860005F74785F64657374726F795F776F726B12
:10A870003A20256400556E61626C6520746F206318
:10A880007265617465206572722072737020504425
:10A890005500415454204D545520657863656564D6
:10A8A00065642C206D61782025752C2077616E748D
:10A8B000656420257A7500556E61626C6520746F41
:10A8C0002063726561746520727370205044550076
:10A8D000546F6F20736D616C6C2041545420504450
:10A8E0005520726563656976656400556E68616EB2
:10A8F000646C65642041545420636F646520307833
:10A900002530327800496E76616C6964206C656E22
:10A9100020257520666F7220636F6465203078256E
:10A9200030327800556E61626C6520746F206372FE
:10A930006561746520555549443A2073697A6520EC
:10A94000257500556E61626C6520746F20637265B9
:10A9500061746520555549443A2073697A6520250C
:10A9600064004E6F20617661696C61626C652041A4
:10A97000545420636F6E7465787420666F72206320
:10A980006F6E6E202570004E6F20617661696C617C
:10A99000626C6520415454206368616E6E656C2062
:10A9A000666F7220636F6E6E202570004E6F74208C
:10A9B000636F6E6E656374656400556E61626C658D
:10A9C00020746F2066696E6420415454206368616E
:10A9D0006E6E656C00476F74206572722025642C62
:10A9E000206E6F742063616C6C696E6720415454F3
:10A9F000206362004661696C656420746F20726533
:10AA00002D7375626D69742025733A202564004E9C
:10AA10006F20415454206368616E6E656C20666FD0
:10AA200072204D545520257A75004E6F2070656E4A
:10AA300064696E6720415454207265717565737442
:10AA400000446973636F6E6E656374696E67206638
:10AA500061696C6564202865727220256429004153
:10AA600054542054696D656F757420666F7220644C
:10AA700065766963652025732E20446973636F6E64
:10AA80006E656374696E672E2E2E00556E61626C62
:10AA90006520746F206372656174652072657472DD
:10AAA000792050445520282575290062745F61740F
:10AAB0007400434D41432075706461746520666184
:10AAC000696C656420256400756E61626C65207434
:10AAD0006F20736176652053433A206E6F20636662
:10AAE00067206C656674004E6F207370616365202B
:10AAF000746F2073746F72652043434320636667ED
:10AB0000004E6F20737061636520746F2073746FE3
:10AB1000726520436C69656E7420537570706F7236
:10AB200074656420466561747572657300556E6165
:10AB3000626C6520746F20696D706F727420746828
:10AB400065206B657920666F722041455320434D27
:10AB5000414320256400434D4143206F706572617D
:10AB600074696F6E20696E6974206661696C6564D2
:10AB700020256400434D41432066696E6973682057
:10AB80006661696C65642025640052656164206DAE
:10AB90006574686F64206E6F74207365740046611D
:10ABA000696C656420746F207265616420617474DF
:10ABB000726962757465202570202865727220257F
:10ABC0007A642900496E76616C69642072656164FB
:10ABD000206C656E6774683A20257A6400434343AD
:10ABE000202570206E6F74207772697461626C65C5
:10ABF00000534320726573746F726520696E6469D7
:10AC0000636174696F6E206661696C65640046619A
:10AC1000696C656420746F20736574207365637557
:10AC20007269747920666F7220626F6E6465642049
:10AC30007065657220282564290062745F676174FD
:10AC40007400556E61626C6520746F2066696E6475
:10AC500020534D50206368616E6E656C00507562C4
:10AC60006C6963206B6579206E6F74206176616911
:10AC70006C61626C65004661696C656420746F206C
:10AC800067656E65726174652044484B6579004361
:10AC9000616C63756C61746520636F6E6669726D5B
:10ACA000206661696C656400556E6B6E6F776E200F
:10ACB00070616972696E67206D6574686F642028C1
:10ACC0002575290043616C63756C617465204C5473
:10ACD0004B206661696C65640043616C63756C61EF
:10ACE0007465206C6F63616C2044484B6579206308
:10ACF0006865636B206661696C65640043616C63C1
:10AD0000756C6174652072656D6F74652044484B85
:10AD1000657920636865636B206661696C656400B2
:10AD200052656D6F7465207075626C6963206B6528
:10AD3000792072656A65637465640052656D6F742D
:10AD400065206973207573696E6720446562756755
:10AD5000205075626C6963206B657900526563658C
:10AD60006976656420696E76616C696420707562CD
:10AD70006C6963206B6579004E6F20617661696C48
:10AD800061626C6520534D5020636F6E74657874FA
:10AD900020666F7220636F6E6E20257000556E61A5
:10ADA000626C6520746F20676574206B6579732011
:10ADB000666F722025730054686520696E2D70726D
:10ADC0006F67726573732070616972696E6720685E
:10ADD0006173206265656E2064656C6574656421CD
:10ADE00000534D5020646F6573206E6F7420616C4A
:10ADF0006C6F7720612070616972696E672066618F
:10AE0000696C757265206174207468697320706F55
:10AE1000696E742E204B6E6F776E20697373756543
:10AE20002E20446973636F6E6E656374696E67206C
:10AE3000696E73746561642E00546F6F20736D6169
:10AE40006C6C20534D5020504455207265636569E9
:10AE500076656400534D5020636F6D6D616E6420A4
:10AE600028636F6465203078253032782920726538
:10AE70006365697665642061667465722074696DC6
:10AE8000656F7574005265636569766564207265E7
:10AE900073657276656420534D5020636F6465203E
:10AEA00030782530327800556E68616E646C656468
:10AEB00020534D5020636F64652030782530327800
:10AEC00000556E657870656374656420534D50203D
:10AED000636F64652030782530327800496E766182
:10AEE0006C6964206964656E7469747920257300E7
:10AEF0005265667573696E67206E6577207061694B
:10AF000072696E672E20546865206F6C6420626FD2
:10AF10006E64206D75737420626520756E70616952
:10AF20007265642066697273742E0070616972695B
:10AF30006E67206661696C656420287065657220A3
:10AF4000726561736F6E203078257829004E6F200E
:10AF50006B65797320737061636520666F7220255D
:10AF60007300534D502054696D656F7574202866C9
:10AF70006C6167733A30782530387820616C6C6F7B
:10AF80007765645F636D64733A307825303878296B
:10AF90000062745F736D700062745F6B657973003B
:10AFA00062745F63727970746F004661696C656486
:10AFB00020746F20696D706F727420414553206B4F
:10AFC0006579202564004661696C656420746F2092
:10AFD000636F6D70757465204D4143202564004397
:10AFE000616E6E6F742073746172742073616D7022
:10AFF0006C696E673A202564004661696C6564205F
:10B00000746F20696E697469616C697A6520646522
:10B01000766963653A202573004661696C65642032
:10B02000746F20736574206275666665723A2025B8
:10B030006400496E76616C69642073656C65637445
:10B04000696F6E206F66206368616E6E656C730059
:10B050004368616E6E656C202575206E6F74206389
:10B060006F6E66696775726564004E6F2063686114
:10B070006E6E656C20636F6E6669677572656400DD
:10B08000414443207265736F6C7574696F6E2076EE
:10B09000616C7565202564206973206E6F7420765D
:10B0A000616C6964004F76657273616D706C696E76
:10B0B0006720697320737570706F727465642066A1
:10B0C0006F722073696E676C65206368616E6E6570
:10B0D0006C206F6E6C79004F76657273616D706C69
:10B0E000696E672076616C75652025642069732020
:10B0F0006E6F742076616C69640050726F7669645B
:10B1000065642062756666657220697320746F6F6E
:10B1100020736D616C6C202825752F2575290049D9
:10B120006E76616C6964206368616E6E656C20493F
:10B13000443A2025640053656C656374656420415E
:10B140004443206761696E206973206E6F742076B6
:10B15000616C69640053656C656374656420414487
:10B1600043207265666572656E6365206973206E43
:10B170006F742076616C69640053656C65637465F7
:10B180006420414443206163717569736974696F18
:10B190006E2074696D65206973206E6F742076610E
:10B1A0006C69640043616E6E6F7420636F6E6669D4
:10B1B00067757265206368616E6E656C2025643A00
:10B1C00020256400616463403430303037303030E3
:10B1D000006164635F6E7266785F736161646300CF
:10B1E000636C6F636B403430303030303030006827
:10B1F00066636C6B006C66636C6B00636C6F636B97
:10B200005F636F6E74726F6C0072616E646F6D401D
:10B210003430303064303030006770696F40353022
:10B22000303030333030006770696F403530303047
:10B230003030303000693263004E65656420746FD1
:10B24000207573652074686520696E7465726E611F
:10B250006C2064726976657220627566666572201C
:10B26000627574206974732073697A65206973202C
:10B27000696E73756666696369656E7420282575E5
:10B28000202B202575203E202575292E2041646A1B
:10B2900075737420746865207A65706879722C63A0
:10B2A0006F6E6361742D6275662D73697A65206FA8
:10B2B00072207A65706879722C666C6173682D6291
:10B2C00075662D6D61782D73697A652070726F7067
:10B2D000657274792028746865206F6E65207769BF
:10B2E000746820677265617465722076616C75653B
:10B2F0002920696E207468652022257322206E6FD4
:10B3000064652E0069326340343030303330303081
:10B31000006932635F6E7266785F7477696D00757D
:10B320006E737570706F7274656420737065656498
:10B3300000547279696E6720746F207472616E7345
:10B34000666572206D6F7265207468616E20746826
:10B3500065206D6178696D756D2073697A65206609
:10B360006F722074686973206465766963653A203A
:10B370002564203E202564004750494F20706F729D
:10B38000743A202573206E6F7420726561647900B1
:10B39000766C65642D626F6F737400726567756C8F
:10B3A00061746F725F666978656400776174636861
:10B3B000646F67403430303130303030007764743F
:10B3C0005F6E72667800526573657474696E67208B
:10B3D00073797374656D00666174616C5F65727218
:10B3E0006F7200536F667444657669636520436FBE
:10B3F0006E74726F6C6C6572204153534552543AAF
:10B400002025732C20256400536F6674446576698B
:10B41000636520436F6E74726F6C6C657220627529
:10B42000696C64207265766973696F6E3A200045B5
:10B430006E74726F707920736F75726365206465C6
:10B4400076696365206E6F74207265616479004669
:10B4500061696C656420746F2072656769737465D7
:10B46000722072616E6420736F7572636520282587
:10B47000642900416C6C6F6361746564206D656D57
:10B480006F727920746F6F206C6F773A20257A7510
:10B49000203C202575004576656E742062756666D1
:10B4A000657220746F6F20736D616C6C2E20257A2D
:10B4B00075203E20257500556E657870656374654E
:10B4C00064206D73675F747970653A2025752E204E
:10B4D000546869732069662D656C7365206E6565B7
:10B4E00064732061206E6577206272616E6368000C
:10B4F000556E6B6E6F776E206572726F7220776813
:10B50000656E2070726F63657373696E6720686320
:10B5100069206D6573736167652025640062745FDF
:10B520006863695F7364630062745F7364635F6818
:10B5300063695F6472697665720062745F736463E5
:10B540005F63727970746F004D50534C20415353B8
:10B550004552543A2025732C202564004D50534CFD
:10B5600020576F726B006D70736C5F696E69740049
:10B57000556E737570706F72746564204846434CE5
:10B580004B206576656E743A202564006E7266788D
:10B590005F636C6F636B5F6D70736C005465726D8D
:10B5A000696E616C00556E6B6E6F776E206572729E
:10B5B0006F72003E3E3E205A455048595220464147
:10B5C00054414C204552524F522025643A20257355
:10B5D000206F6E20435055202564004661756C74C1
:10B5E00020647572696E6720696E74657272757019
:10B5F000742068616E646C696E670A0043757272CC
:10B60000656E74207468726561643A202570202824
:10B610002573290043505520657863657074696F00
:10B620006E00556E68616E646C656420696E746549
:10B63000727275707400537461636B206F766572FB
:10B64000666C6F77004B65726E656C206F6F707300
:10B65000004B65726E656C2070616E6963006F737C
:10B6600000737973776F726B7100C8DA3098F9F0F4
:10B6700034A44B6EBAD30819CC0CEA51DA4700282F
:10B680006E756C6C29002A666C6F61742A006263A7
:10B690000204000006083C46505A02214D5A6E7BB7
:10B6A0009C3F8D2B4A5C1E0400A1F002214D5A6E76
:10B6B0007B9C3F8D2B4A5C1E0300A1F002214D5A5A
:10B6C0006E7B9C3F8D2B4A5C1E0200A1F002214D37
:10B6D0005A6E7B9C3F8D2B4A5C1E0100A1F002211B
:10B6E0004D5A6E7B9C3F8D2B4A5C1E0000A1F020C2
:10B6F0006D657373616765732064726F70706564E4
:10B70000202D2D2D0D0A1B5B306D001B5B313B3353
:10B71000316D2D2D2D200000FFFFFFFFFFFF0000EA
:10B720000000000000FFFFFFFFFFFF00000000001F
:10B73000003031323334353637383961626364650D
:10B7400066000000000000001000800000805F9B89
:10B7500034FB0104000200000002000000000000B1
:10B7600000050000000000000000000000000000D4
:10B77000000500090909090102090909090909095E
:10B78000090909090709090909090609090909092E
:10B79000090909090909090909090905E69D350E7B
:10B7A000480103CCDBFDF4AC1191F4EFB9A5F9E944
:10B7B000A7832C5E2CBE97F2D203B0208BD28915C2
:10B7C000D08E1C742430ED8FC24563765C15525ABE
:10B7D000BF9A32636DEB2A65499C80DC6174745FAB
:10B7E00074785F64657374726F795F776F726B5F83
:10B7F00068616E646C6572000005061F1F291812CF
:10B800000308020305080A000801030401050405F2
:10B8100009060701010606080000010001000301F6
:10B820000003020201000200000000000203010008
:10B83000036C888391AAF5A53860370BDB5A6083C7
:10B84000BE0601050104010702030105020201030E
:10B8500002050401010102010301040106010801BE
:10B860000C011001180120014001800001020304B5
:10B8700005060700202A2A2A2A2A2A2A2A2A2A2AC8
:10B880002A2A2A0001090000000D0102030405060E
:10B89000070800000000000054545220524547475A
:10B8A00045530010141400001C2030401C200000E0
:08B8B0001C20304000400000A4
:10B8C000FFFFFFFFFF1F00001F000000000000003F
:10B8D0001D40000000000000FFFFFFFF1FFF0000F1
:10B8E000BAABBABA1010101000000000008000407F
:10B8F00000000000000000000C000000000000003C
:10B9000000FF7F000000000095B80000000000006C
:10B91000C9B80000000000008D2A000000000000EF
:10B92000E9B8000000000000A7B800000000000017
:10B93000AC760000FF000000F8A600000100000047
:10B9400000000000000000000000000000000000F7
:10B9500000000000000000000000000000000000E7
:10B9600000000000000000000000000000000000D7
:10B9700000000000000000000000000000000000C7
:10B9800000000000000000000000000000000000B7
:10B9900000000000000000000000000000000000A7
:10B9A0000000000000000000000000000000000097
:10B9B0000000000000000000000000000000000087
:10B9C0000000000000000000000000000000000077
:10B9D0000000000000000000000000000000000067
:10B9E0000000000000000000000000000000000057
:10B9F0000000000000000000000000000000000047
:10BA000000000000000000005538010000000000A8
:10BA10000000000000000000000000000000000026
:10BA20000000000000000000000000000000000016
:10BA30000000000000000000000000000000000006
:10BA400000000000000000000000000000000000F6
:10BA500000000000000000000000000000000000E6
:10BA600000000000000000000000000000000000D6
:10BA700000000000000000000000000000000000C6
:10BA8000000000000000000000000000E87102005B
:10BA900000000000942200209422002000000000FA
:10BAA00001000000A4220020A422002000000000C9
:10BAB0000100000000000000000000000000000085
:10BAC0000000000000000000000000000000000076
:10BAD0000000000000000000000000000000000066
:10BAE0000000000000000000000000000000000056
:10BAF0000000000000000000000000000000000046
:10BB00000000000000000000000000000000000035
:10BB10000000000000000000000000000000000025
:10BB20000000000000000000000000000000000015
:10BB300000000000E9C20100000000000001000058
:10BB400000000000000000000000000000000000F5
:10BB500000000000000000000000000000000000E5
:10BB600060EA0000983A0000FFFFFFFF9AB602006B
:10BB700000000C00000000000000000000000000B9
:10BB8000000000000000000000000000F9F30000C9
:10BB90000000000000000000ABB602000000100032
:10BBA0000000000000000000000000000000000095
:10BBB0000000000000000000E9F3000000000000A9
:10BBC00000000000BCB602000000100000000000F1
:10BBD0000000000000000000000000000000000065
:10BBE00000000000D9F30000000000000000000089
:10BBF000CDB6020000001200FFFFFFFF6B1C020029
:10BC00003523020040820200000002004C82020044
:10BC10000000020058820200000002006C82020054
:10BC2000000008007882020000000200000000000E
:10BC30000000000000000000000000000000000004
:10BC400000000000351301000000000000000000AB
:10BC500088820200000010000000000000000000C8
:10BC600000000000000000000000000000000000D4
:10BC70005D1401000000000000000000A48202002A
:10BC80000000120000000000A126020000000000D9
:10BC90000000000000600040000000000000000004
:10BCA0000000000000000000000000000000000094
:10BCB0000000000000000000000000000000000084
:10BCC0000000000000000000000000000000000074
:10BCD0000000000000000000000000000000000064
:10BCE0000000000000000000000000000000000054
:10BCF0000000000000000000000000000000000044
:10BD00000000000000000000000000000000000033
:10BD1000000000000000000000000000753B010072
:10BD2000000000000000000000000000792B01006E
:10BD3000000000000000000000000000A14A010017
:10BD40000000000000000000000000006149010048
:10BD500000000000000000000000000095530100FA
:10BD6000000000000000000000000000D94E0100AB
:10BD7000000000000000000008B700200000EE01F5
:10BD800008B700202D630100FD7401005D760100FD
:10BD90000000000000000000756501004939020044
:10BDA000133A02000D6301000000000000000000D3
:10BDB000017201000000000000000000C0820200CB
:10BDC00000000200CC82020000000A00DC820200B7
:10BDD0000000200000000000000000000000000043
:10BDE0000000000000000000000000000000000053
:10BDF000053E020000000000F8250020F825002084
:10BE000000000000000000000E0000000C260020D2
:10BE10000C260020A194010000000000000000009A
:10BE2000000000000000980100000101F34802003A
:10BE300010000000DDAD010058800200FE6400200B
:10BE4000FFFF0000000000000000000000000140B3
:10BE500000000000000000000000000000000000E2
:10BE600000000000000000000000000000000000D2
:10BE700000000000000000000000000000000000C2
:10BE8000000000000090D003FF00000090020000BE
:10BE9000902600209026002098260020982600203A
:10BEA00000000000000000000E0000000000000084
:10BEB000B0260020B0260020000000000000000096
:10BEC0000E00000000000000C8260020C826002048
:10BED00000000000000000000E0000000000000054
:10BEE000E0260020E0260020000000000000000006
:10BEF0000E000000000000006561020061610200A8
:09BF0000FFFF0D180F1806640183
:10BF09000000000000000000000000000000000028
:07BF19000000000000000021
:10BF20000000000000000000000000000000000011
:10BF30000000000000000000000000000000000001
:10BF400000000000000000000000000000000000F1
:08BF50000000000000000000E9
:04BF580000000000E5
:10BF5C005C2700205C27002060B40020000000005B
:10BF6C00010000002C0000000000000078270020D9
:10BF7C0078270020409C00200000000001000000F9
:10BF8C00A00000000000000094270020942700204F
:10BF9C008CB4002000000000030000001C00000016
:04BFAC000000000091
:10BFB000B0270020B0270020000000000000000093
:04BFC0000E0000006F
:10BFC400C4270020C4270020000000000100000056
:10BFD400D4270020D427002000000000FFFFFFFF2B
:10BFE4000000000000000000EC270020EC270020E7
:10BFF4000000000000000000FC270020FC270020B7
:10C00400030003001000000000000000F87D02009F
:10C0140068B000200000000000000000202800207C
:10C02400202800200300030010000000A962010082
:10C03400A47E0200E8B3002000000000000000001D
:10C0440044280020442800200300030000000000CE
:10C0540000000000987C0200BCAA00200000000040
:10C06400000000006828002068280020010001006A
:10C0740010000000E14D0100E47D020040AD00200D
:10C0840000000000000000008C2800208C28002004
:10C09400030003000000000000000000AC7D02006B
:10C0A400F8AC00200000000000000000B0280020D0
:10C0B400B02800200C000C0004000000AD25010095
:10C0C400847C0200E0A800200000000000000000C2
:10C0D400D4280020D428002002000200040000001C
:10C0E40000000000B87E0200D0B60020000000006E
:10C0F40000000000F8280020F828002001000100BA
:10C104000000000000000000AC7C020008AC00202D
:04C1140015E015E03D
:0400000310001AE9E6
:00000001FF
