:1000000000980020A9300100AB5B02009530010090
:10001000953001009530010095300100000000008E
:100020000000000000000000000000008531010019
:100030009530010000000000793301009530010087
:10004000F13301003F870200F1330100F133010079
:10005000F1330100F1330100F1330100F13301000C
:1000600055870200F1330100F13301006B87020074
:10007000F1330100F1330100F1330100F1330100EC
:10008000F1330100F1330100F1330100F1330100DC
:10009000F1330100F1330100F1330100F1330100CC
:1000A000F1330100F1330100F1330100F1330100BC
:1000B000F1330100F1330100F1330100F1330100AC
:1000C000F1330100F1330100F1330100F13301009C
:1000D000F1330100F1330100F1330100F13301008C
:1000E000F1330100F1330100F1330100F13301007C
:1000F000F1330100F1330100F1330100F13301006C
:1001000080EA101404F0F01480EA0410604081EAE0
:10011000111404F0F01481EA0411614082EA12140F
:1001200004F0F01482EA0412624083EA131404F02B
:10013000F01483EA0413634080EA102404F47F443B
:1001400080EA0420604081EA112404F47F4481EABB
:100150000421614082EA122404F47F4482EA0422EA
:10016000624083EA132404F47F4483EA0423634057
:1001700081EA500404F0553480EA4400614083EA87
:10018000520404F0553482EA4402634082EA900447
:1001900004F0333480EA8400624083EA910404F07E
:1001A000333481EA84016340704700BF82EA9004DF
:1001B00004F0333480EA8400624083EA910404F05E
:1001C000333481EA8401634081EA500404F05534F9
:1001D00080EA4400614083EA520404F0553482EA24
:1001E0004402634080EA102404F47F4480EA04203F
:1001F000604081EA112404F47F4481EA04216140D3
:1002000082EA122404F47F4482EA0422624083EAF0
:10021000132404F47F4483EA0423634080EA101427
:1002200004F0F01480EA0410604081EA111404F034
:10023000F01481EA0411614082EA121404F0F0140F
:1002400082EA0412624083EA131404F0F01483EA91
:1002500004136340704700BF2DE9F14F94464FEA05
:10026000930B8A68CB6808684968FFF749FF0BF170
:10027000060E33E083EA134480EA134582EA13470B
:1002800046BA96EA3444604000F00F1684EA063419
:1002900020F00F1684EA161054BA94EA0106724050
:1002A00002F00F1486EA043622F00F1486EA1412C4
:1002B0004CBA6540694001F00F1485EA043521F01D
:1002C0000F1485EA14115CBA67407B4003F00F14E9
:1002D00087EA043723F00F1487EA1413BCE8F00010
:1002E0006040694072407B4000F0E03400F010351F
:1002F00000F00F3040EA540040EAC50080EA900464
:1003000004F0332480EA8400604001F0E03401F01E
:10031000103501F00F3141EA540141EAC50181EA8B
:10032000910404F0332481EA8401614002F0E03456
:1003300002F0103502F00F3242EA540242EAC502DE
:1003400082EA920404F0332482EA8402624003F0D9
:10035000E03403F0103503F00F3343EA540343EA6B
:10036000C50383EA930404F0332483EA84036340DF
:1003700081EA324787EA134581EA354690EA060466
:1003800084EA034B82EA1B4280EA044484EA05447F
:1003900083EA144A85EA14448BEA044B84EA37441E
:1003A00081EA0B4181EA164104EA0A00454082EAEB
:1003B00004082BEA080041408AEA0B0602EA06001C
:1003C00084EA34438AEA3A4603EA0607784045401D
:1003D000414088EA38478BEA3B4007EA000985EA52
:1003E000090583EA0709464006EA0906714085EADD
:1003F000010005EA3546464006EA314181EA3041CE
:1004000081EA364606EA304686EA3546344008EA4E
:10041000010886EA01052A4086EA364003405A4030
:1004200081EA31431F407C4080EA030709EA07095B
:1004300088EA0908544088EA020806EA0A0601EA3E
:100440000B018AEA0B0215408AEA3A421040454005
:100450008BEA3B4003405E404240174079404D40AC
:100460004E40E443F64386EA18435D4085EA054082
:1004700083EA134386EA034183EA384284EA11435C
:1004800083EA04435FEA3343BEF1010E3FF6F2AE66
:100490001ED4BCE8F0006040694072407B4020BC44
:1004A000FFF784FE28606960AA60EB60BDE8F08F0A
:1004B0002DE9E0414FF2F00280EA1031114080EA6C
:1004C0000130484041088208C3084FF0000E4FE752
:1004D00000F0113001F0113102F0113203F011334C
:1004E00040EA410040EA820040EAC3004FF2F002D5
:1004F00080EA1031114080EA01304840BDE8E081D7
:100500002DE9F04F02F11C050646074600EB850871
:1005100051F8040B043A46F8040BF9D14FF0010CE2
:10052000FFF7C6FF5FEA302080EA0C001ECF414093
:100530004A4053405C401EC62000464517D04FEA53
:100540004C0C1CF4807F18BFACF1E50C2C2DE7D0CF
:100550003C2D06D1FFF7ACFF06CF41404A4006C60E
:10056000100006CF41404A4006C61000D8E736E9E1
:100570000F00FFF7C5FD043D86E80F00F7D1BDE889
:10058000F08F00BF2DE9F14F03F11C0402EB840C46
:100590004FEA930B8A68CB6808684968FFF7B0FD9B
:1005A0003CE9F0006040694072407B400BF1060E70
:1005B0004EE083EA134480EA134582EA134746BAC1
:1005C00096EA3444604000F00F1684EA063420F0C6
:1005D0000F1684EA161054BA94EA0106724002F02B
:1005E0000F1486EA043622F00F1486EA14124CBA6D
:1005F0006540694001F00F1485EA043521F00F14BD
:1006000085EA14115CBA67407B4003F00F1487EA57
:10061000043723F00F1487EA141344BA44404DBA48
:100620004D4056BA56405FBA5F4087EA174886EA9F
:10063000174B84EA17464FEA38488BEA1B4485EA91
:100640001B4788EA1B4580EA3440694072407B4082
:1006500000F0703400F0803500F00F3040EA4400C4
:1006600040EAD50080EA900404F0332480EA840054
:10067000604001F0703401F0803501F00F3141EA43
:10068000440141EAD50181EA910404F0332481EA6E
:100690008401614002F0703402F0803502F00F32C4
:1006A00042EA440242EAD50282EA920404F0332488
:1006B00082EA8402624003F0703403F0803503F074
:1006C0000F3343EA440343EAD50383EA930404F077
:1006D000332483EA84036340C943DB4381EA000493
:1006E00083EA044686EA020183EA014382EA33454B
:1006F00083EA14435C4084EA00077FEA040A8AEA3A
:10070000024A8AEA010B87EA11488AEA374A80EAF4
:10071000060181EA1A418AEA030A04EA0A0045400E
:1007200088EA040707EA0B0041408AEA0B0608EA58
:10073000060084EA34428AEA3A4602EA060358404E
:100740004540414087EA37438BEA3B4003EA0009D2
:1007500085EA090582EA0309464006EA090671406E
:1007600085EA010005EA3546464006EA314181EA5C
:10077000304181EA364606EA304686EA354634405C
:100780000F4086EA010508EA050886EA364002407D
:1007900088EA020881EA314213405C4080EA0203A1
:1007A00009EA030987EA0907674088EA040806EAB4
:1007B0000A0601EA0B018AEA0B0425408AEA3A4458
:1007C000204045408BEA3B4B02EA0B02564084EA4C
:1007D0000B04234059406E40694087EA364080EA66
:1007E000384080EA060380EA104481EA134585EA2E
:1007F000344585EA17427D4082EA354180EA05406A
:100800003CE9F0006040694072407B40BEF1010E5F
:100810003FF6CFAE20BCFFF7C9FC28606960AA6034
:10082000EB60BDE8F08F00BFFFF76ABE2DE9F0076F
:1008300091E8F807B2E802105B1854EB0C04B2E838
:1008400002104D4156EB0C06B2E802104F4158EB36
:100850000C08B2E8021059EB01095AEB0C0A80E8C7
:10086000F80780410130BDE8F00770472DE9F00737
:1008700091E8F807B2E802105B1A74EB0C04B2E8D6
:1008800002108D4176EB0C06B2E802108F4178EB36
:100890000C08B2E8021079EB01097AEB0C0A80E847
:1008A000F80780414042BDE8F00770472DE9F007A6
:1008B000524290E87800B1E880071740DB1918EA47
:1008C000020854EB080419EA020955EB09051AEA73
:1008D000020A56EB0A0678C090E87800B1E8800773
:1008E00017407B4118EA020854EB080419EA020990
:1008F00055EB09051AEA020A56EB0A0678C0804150
:100900000130BDE8F00770472DE9F007524290E84A
:100910007800B1E880071740DB1B18EA020874EB87
:10092000080419EA020975EB09051AEA020A76EBCE
:100930000A0678C090E87800B1E880071740BB410C
:1009400018EA020874EB080419EA020975EB0905B4
:100950001AEA020A76EB0A0678C080414042BDE8F6
:10096000F00770472DE9F00152424FF0040890E87B
:10097000300091E8C000A31B1340E41AF618EB1BEB
:100980001340ED1AFF1830C0C0C1B8F10108EED114
:10099000BDE8F001704700BF00B592E8DC072DE923
:1009A000DC07B1E8805702B4A7FB02510A95A8FB07
:1009B000020BE7FB6310E9FB62B00B91A8FB03514C
:1009C000EAFB6201E7FB64B5E7FB6605E8FB661539
:1009D000CDF830B0A9FB03B6EAFB6316ECFB635617
:1009E000E8FB640BE9FB641BEAFB645BECFB646BF8
:1009F0000D90ACFB0230059CEEFB6250E9FB64609D
:100A0000EAFB64B0E7FB6431E8FB6451069CE8FB59
:100A10006461E9FB64B1EAFB64010E93A7FB043255
:100A2000079CE7FB6462E8FB64B2E9FB6402EAFB53
:100A30006412049CE9FB6453EAFB6463089CE7FBD3
:100A400064B3E8FB6403E9FB6413EAFB64230F95DA
:100A50005DF8049B99E80006DDF80080A9FB0854C6
:100A6000EAFB68B4DDF81080ECFB6804EEFB681468
:100A7000E9FB6824EAFB6834DDF80480EEFB686576
:100A8000E9FB68B5EAFB6805DDF81480ECFB681546
:100A9000EEFB6825E9FB6835EAFB68450F96DDF853
:100AA0000880AEFB0876E9FB6806EAFB6816DDF80D
:100AB0001880ECFB6826EEFB6836E9FB6846EAFB2B
:100AC0006856DDF80C80ECFB68B7EEFB6807E9FBC5
:100AD0006817EAFB6827DDF81C80ECFB6837EEFB43
:100AE0006847E9FB6857EAFB686708B000BD00BFCC
:100AF0002DE9F14F87B0FFF74FFFDDF81C8008F1BB
:100B0000200888E8FF00FFBC87E87F08BDE8F08F79
:100B100000B591E89857A3FB03520195A3FB04018C
:100B2000E3FB6420E3FB67100292A3FB0752E3FBA5
:100B30006802E4FB6415E3FB6805E3FB69250391A8
:100B4000A4FB07B6E3FB6926E3FB6A56E4FB670BED
:100B5000E4FB682BE3FB6A5BE3FB6C6B0490A4FB98
:100B60000810E4FB6950E3FB6C60E3FB6EB0E7FB4D
:100B70006721E4FB6951E4FB6A61E3FB6EB1E4FBCE
:100B80006E010592A7FB0832E4FB6A62E4FB6CB2DB
:100B9000E4FB6E02E7FB6E12E7FB6853E7FB696359
:100BA000E4FB6CB3E7FB6C03E7FB6E13E8FB6E231F
:100BB0000695A7FB0954E7FB6AB4E7FB6C04E8FB66
:100BC0006C14E8FB6E24E9FB6E34E8FB6865E7FB18
:100BD0006AB5E8FB6A05E8FB6C15E9FB6C25E9FBE7
:100BE0006E35EAFB6E450796A8FB0976E8FB6A06B8
:100BF000E9FB6A16E9FB6C26EAFB6C36EAFB6E46FB
:100C0000ECFB6E56E8FB69B7E9FB6907E9FB6A177D
:100C1000EAFB6A27EAFB6C37ECFB6C47ECFB6E5790
:100C2000EEFB6E6700BD00BF2DE9F14F87B0FFF707
:100C30006FFFDDF81C8008F1200888E8FF00FFBC8A
:100C400087E87F08BDE8F08F30B44FF0000310F85C
:100C5000014B11F8015B013A84EA050443EA0403FD
:100C6000F5D1A3F101034FEAD37030BC704700BF48
:100C70004FF0000310F8012B013943EA0203F9D1C8
:100C8000A3F101034FEAD370704700BF30B411F8ED
:100C9000014B12F8015B6C4000F8014B013BF6D1AF
:100CA00030BC70472DE9F00791E8F807B2E8021070
:100CB0005B1854EB0C04B2E802104D4156EB0C06E5
:100CC000B2E802104F4158EB0C08B2E8021059EBA1
:100CD00001095AEB0C0A8941B3F1FF3374F1FF3477
:100CE00075F1FF3576F1000677F1000778F100081D
:100CF00079F101097AF1FF3A51F100015B184C4199
:100D00004D4156F1000657F1000758F1000859EB24
:100D1000D1795AEB010A80E8F807BDE8F00770477F
:100D20002DE9F00791E8F807B2E802105B1A74EBBE
:100D30000C04B2E802108D4176EB0C06B2E802100A
:100D40008F4178EB0C08B2E8021079EB01097AEBDD
:100D50000C0A89415B184C414D4156F1000657F190
:100D6000000758F1000859EBD1795AEB010A80E8E5
:100D7000F807BDE8F007704718EB040859EB0509C0
:100D80005AEB060A5BEB070B5FF0000C4CF1000C12
:100D900018EB050859EB06095AEB070A5BEB070B42
:100DA00050EB0C005FF0000C51EB0C0152EB0C020D
:100DB00063414CF1000CB8EB070879F100097AF1B6
:100DC000000A7BEB040BA841B141A241B3416CF195
:100DD000000CBBEB050BB041B941AA41BB416CF122
:100DE000000C4CF001068CF0020718EB060859EBDA
:100DF0006C095AEB6C0A7BEB6C0B70EB6C0471EBBF
:100E00006C0572EB670653EB6C076CEB6C0C18EB24
:100E10000C0059EB0C015AEB0C025BF1000354F18E
:100E2000000455F1000556EBDC7657EB0C077047D4
:100E30002DE9F14F87B0FFF7AFFDDDF81080DDF849
:100E40001490DDF818A0FFF797FFBDE8000FFFF73B
:100E500093FF03B05DF8048B88E8FF00BDE8F08FD6
:100E60002DE9F14F87B0FFF753FEDDF81080DDF874
:100E70001490DDF818A0FFF77FFFBDE8000FFFF723
:100E80007BFF03B05DF8048B88E8FF00BDE8F08FBE
:100E9000064B074A5B7802604FF426728280C3716A
:100EA0000822002382710372704700BF3829002096
:100EB000B3D80000064B074A5B7A02604FF49C727D
:100EC0008280C3710822FF2382710372704700BFC2
:100ED00038290020E1D30000F8B5C41D002824F013
:100EE0000704054614BF2046002000F053FA071EF1
:100EF00002DA6FF00B00F8BD254EB1887088F379E7
:100F0000B2790331033089B280B20AF062F9002865
:100F1000EFDB737831783C4403341944002D24F01E
:100F2000030400FB01F114BF2046002000F0B8FBD1
:100F300023180DB9002BDCDB717A184679B1033325
:100F4000002D23F0030414BF20460020728900F016
:100F500019FC0028CDDB20440DB90028C9DB317A0B
:100F600091B1737A83B1C41D002D24F0070414BF1E
:100F70002046002003F05EF80028BADB0DB1002007
:100F8000B9E72018B7D5B4E7002DF8D1B3E700BF13
:100F9000382900201FB572B6194BDD68EDB9BFF3D3
:100FA0004F8F1849184BCA6802F4E0621343CB60B4
:100FB000BFF34F8F00BFFDE72346B2FBF6F25C1C88
:100FC000002AF9D104AEDCB256FA83F303F80C2CF4
:100FD0000A2234B901A8A847E1E7024600230A26FD
:100FE000EDE7631E04AEDCB256FA83F3B0FBF2F613
:100FF00002FB1600303003F80C0C3046E9E700BF66
:101000003829002000ED00E00400FA0507B50A4B7E
:10101000DA88ADF8002068469A885B88ADF804202D
:10102000ADF8023001F0FAFC18B1FA219C20FFF76C
:10103000B1FF03B05DF804FB3829002010B5044669
:1010400028B309F08DF910B94FF0FF3010BD06F04C
:10105000A5FFB0F5FA7FF7D80E4B00221A744FF4B3
:1010600080721A801B225A809A8040F20322DA8012
:101070004FF484721A811F22DC605A81EFF31084CE
:1010800072B600F0DDFB04B962B60020DEE76FF057
:101090001500DBE73829002010B5002840D1234C8B
:1010A000237C032B39D059B1002A3CD002390529C1
:1010B00036D8DFE801F0031227352A2D1378637044
:1010C0000020FFF709FF0028B7BF01230223237484
:1010D0006FF00B00A8BF237410BD13791BB35379B5
:1010E0000BB31188FB291ED853881B3B9BB2E02B06
:1010F00019D81A2917D91368C4F802300C4B9288F2
:101100009A80DDE713786372DAE713886381D7E7A3
:101110001388FF2B07D82372D2E74FF0FF30DBE7AD
:101120006FF02C00D8E76FF01500D5E738290020C4
:101130003A290020F8B50D46064620B319B311F040
:10114000070420D1114F3B7C012B02D16FF00B0023
:10115000F8BD032B02D14FF0FF30F9E700F0ACFBF4
:101160000028F8D02846FFF7B7FE0028EEDB0CF089
:10117000F7FB3046214601F0D3FCFFF747FF03237E
:101180003B742046E4E76FF01500E1E738290020C2
:1011900010B5064C237C032B03D101F0D7FC02F0E1
:1011A000EDF90AF020F90020207410BD3829002044
:1011B00008B501F081FCBDE808400249012000F0BB
:1011C000E1B800BFB50E000008B501F089FCBDE82C
:1011D00008400249002000F0D5B800BF910E000081
:1011E000074B4FF0FF3141F6FF72C3E9001205498A
:1011F0000022C1E900221F21C3E90212704700BF8B
:10120000C02000204C2900203F280CD801380B4B6F
:10121000C0F3421200F01F0053F8223023FA00F00E
:1012200000F001007047FF2806D04038C0F342129A
:10123000034B00F01F00EFE701207047C0200020A3
:101240004C2900200146074B006849681A4603C232
:1012500040F48C221A6041F0107242F4FF625A602E
:1012600000207047C02000200246034B00685168F0
:1012700003C30020704700BF4C2900200246034BE7
:101280000068516803C30020704700BFC8200020D9
:101290000138064BC0F3421203EB820300F01F003B
:1012A0009B6823FA00F000F001007047C020002086
:1012B000F0B50C88C37C0288A5B2C4F30E0404F117
:1012C00018060233865B1A44334497B213FA82F34A
:1012D000013B4288B3FBF7F313FB07439BB29A42EF
:1012E000044A93BF22EA05032A4013439BB20B80B2
:1012F000F0BD00BF0080FFFF4A1E062A08B5034666
:10130000084604D84FF4D1711520FFF743FE094A6F
:10131000914202D940F2A311F6E711B903B1196065
:1013200008BD2BB11B680022C3E901211A1D1A60F8
:101330000430F5E7FAFFFF7F10B5114B00EB4104D5
:101340001A786389B3FBF2F303FB0223013A1A44D0
:10135000B2F5706F0279807828BF00231A440B1809
:10136000B2FBF0F100FB11215B1AB3FBF0F100FBC3
:10137000113313446FEA43436FEA5343638110BD53
:1013800054290020024B03EB80035960704700BFD3
:10139000542900202DE9F04F10F0070A85B00546CA
:1013A00004D040F26F111720FFF7F4FD534F07F1FF
:1013B0000C06B1460446B04657F8043B8DF80BA026
:1013C0003BB101A898479DF80A30082B01D9F521B7
:1013D000E9E79DF80B1041BB05B131604F4506F1BF
:1013E0000406E9D1002D70D0DFF81491002289F8AD
:1013F00000209646022758F827A0013FBAF1000FB7
:1014000056D09AF804609AF802C0FF2E61D039468F
:101410000023481C39D19C44BCF1FF0F40D90AB1CC
:1014200089F800E04FF49A71BDE79DF80AC0604664
:10143000022838BF02204B1D5A0004EB4303441E10
:101440002344BDF808406444013CCCF1000C04EA9C
:101450000C044042B4F5803F03EA000302D340F29B
:101460000511A0E775B19A1A0120326091701480BD
:10147000D0709DF80C001071019810814FEA104C4B
:10148000A2F806C004FB0134A8E758F8210028B1EF
:1014900090F804B0B34504BF80781B180139B8E751
:1014A000DBB2E6458AF804303CBF5FFA8CFE0122CD
:1014B0007B1CA0D10AB189F800E0022640F6FF6A41
:1014C00058F82670B7B9013EFAD2601B05B0BDE8E6
:1014D000F08F0023E5E707EB41033846A3F80AA0A5
:1014E000FFF72AFF09F10109BB785FFA89F18B4206
:1014F000F1D8E8E74FF00009F6E700BF58290020CF
:101500005429002038B54FF6FF730380184B03EBC6
:10151000810302461869A8B184780379B3FBF4F11A
:1015200004FB1133DBB2194600EB4105B5F90A5053
:10153000002D0EDB0131B1FBF4F504FB1511C9B22E
:101540008B42F1D1002038BD6381BDE8384009F0FD
:101550001CBE00EB41046389C3F30E031380C27801
:10156000002AF1D14FF4E5711720FFF713FD00BFFA
:10157000542900201C4B03EB810370B51C69054600
:1015800044B3030404D54FF4EC711720FFF702FDB8
:101590000146204609F0DBFDFF28014604D0204625
:1015A000BDE8704009F0F1BDA078B5FBF0F300FB99
:1015B0001353DBB219460A1D04EB4206B6F902606A
:1015C000002E09DB0131B1FBF0F200FB1211C9B2B0
:1015D0008B42F0D1002070BD8B4201D00023E3701C
:1015E00004EB42025580DAE754290020094B03EB53
:1015F000810310B51C690146204609F0A8FDFF28AB
:10160000014604D02046BDE8104009F0BEBD0020D0
:1016100010BD00BF54290020F8B5104B03EB810327
:1016200007461C690146204609F091FDFF28054642
:1016300011D0E288238953EA024606D001462046AB
:1016400009F0A3FD01463846B04720462946FFF77A
:1016500073FE0020F8BD0520FCE700BF54290020E0
:1016600038B50E4B827903EB82030446186908B93A
:10167000052038BD8278E1799142F9D24B1CE371A3
:1016800000EB41035D89B3F90A30002BF3DBA58041
:1016900009F07BFD20600020EBE700BF542900200B
:1016A00070B5044610F003000E4603D04E211820FA
:1016B000FFF770FCFFF720FE054624B103483146D2
:1016C0000460FFF719FE284670BD00BF7029002096
:1016D0002DE9F14FDFF870B09DF828A09DF82C900F
:1016E0001E46DBF8003007460D4690461BB96021C8
:1016F0001820FFF74FFC52460921404609F0ACFB89
:101700004A4684B20921304609F0A6FB14FA80F15A
:10171000DBF8000009F0EFFC386018B9286001B070
:10172000BDE8F08F04442C603868534641460922D6
:1017300009F055FB28684B460922314601B0BDE847
:10174000F04F09F04CBB00BF7029002070B50E4669
:10175000044609F094FB0546304609F090FB044B23
:101760002A1821461868BDE8704009F0E9BC00BF9E
:1017700070290020024B186808B109F0B0BC70470E
:10178000702900201F2AF8B5044626D80420032318
:10179000134D12FB003254B1A30703D06821092076
:1017A000FFF7F8FB22F0030329706C602B8122F015
:1017B00003022823120403FB01F001276B68120CBB
:1017C0000025EEB2B14200D8F8BD14B126181F7042
:1017D0005E60104401352833F3E74FF0FF30F3E744
:1017E0007429002070B5154A157853680021C8B2D5
:1017F000854203D8BA210920FFF7CCFB1C461846C6
:1018000014F8286B01310EB92346F0E700219970D6
:10181000128999610124D96159685C70920803F1B9
:101820001E0403F1260524F8022FAC4243F8041FDE
:101830001144F8D100234361037070BD7429002066
:10184000134B012200214FF0FF309A60C3F80012C1
:10185000C3F80803C3F80015C3F804259A60C3F859
:101860000803C3F80015C3F804250A490A4A03F51A
:1018700080334FF40040C3F80825C1F88000BFF35F
:101880004F8FBFF36F8FC1F88001C3F808257047F1
:1018900000F0004000E100E00000F63F024B02686B
:1018A0001A600020704700BF80290020014B1B6890
:1018B000184700BF80290020024B1868003818BF65
:1018C00001207047802900200A468F2302F8033B3D
:1018D0000448C368C1F803300369536043699360E7
:1018E000704700BF84290020024B5A8C02435A845F
:1018F0005B6A184784290020014B00215B6A184766
:101900008429002010B5154C05F05AFB05F056FD52
:10191000208DFFF7F1FF237E63B12246104952F874
:101920000C3BE3606368536004F11900A3689360A3
:101930000AF098FE218DE06A02F0B0FBE36AB3F88A
:10194000AA0002F02DFB636B94F8301094F831007C
:101950009847002384F8383010BD00BF8429002048
:10196000C9180000034B93F838300BB1FFF7CABF1A
:10197000704700BF8429002070B5184CE66AE36CFC
:10198000E3634FF481730546A4F8403094F85000A7
:10199000337D96F8151100EB83002DB9FF2803D194
:1019A00096F814318B4201D005F082F8337D73B183
:1019B000606D05F05BFA616DE06B05F0DBFC15B95D
:1019C000284605F0A7FA022384F8383070BDE06B92
:1019D00005F04CFA05F0F2FCF1E700BF8429002085
:1019E000F0B590F86D40134A0B46012CD1E91E6703
:1019F00092F8502087B001F1800103F190034FF07D
:101A0000010006D0022C13D040F225410620FFF73A
:101A1000C1FA00240025CDE9013205900090CDE9FE
:101A2000034532463B46012005F002FC07B0F0BDFD
:101A30000446EFE78429002008B5094B93F83820C5
:101A4000022A04D040F257312720FFF7A3FADA7AAE
:101A500042F00102DA72BDE80840FFF753BF00BF51
:101A60008429002070B50F4DAE6D3478C90001F0A7
:101A7000080104F0F30492000C4302F00402144342
:101A80001B0103F0100304F0EC041C4300F00300FE
:101A900004433470B5F8643073700223A5F85C30E9
:101AA00070BD00BF84290020F7B5184CA56E06460E
:101AB0000DB1636C23B940F6C4012720FFF76AFA21
:101AC000B4F848306B702B782F4601F0030123F0F7
:101AD00003030B4307F8033BB4F84820616C384616
:101AE00008F0E4FE0DF1020201A9E06EE56367640F
:101AF00009F0EBFA019809F0D6FAB4F84810306012
:101B00000122E06E09F07EFA03B0F0BD84290020C6
:101B10002DE9F0412C4C94F83830012B06460F4645
:101B20005FFA83F804D040F60C112720FFF732FA51
:101B3000E56A2B7933B1002129710420FFF7D4FE27
:101B400085F805802B7A052B0AD120490220FFF762
:101B5000CBFE236E1B78991E4B424B4184F87030AC
:101B60001EB1BDE8F041FFF7CDBE002FF9D0636F85
:101B7000304698470028F4D094F83030002BF0D14C
:101B8000638C9A0716D594F87030002BE9D02B7D22
:101B9000E46A23B1294604F1A800FFF721FF94F875
:101BA0001521012096210BF04FFFBDE8F0410020E8
:101BB000FFF7E2BE002BD4D194F87830002BE6D1A9
:101BC00094F87930E1E700BF84290020E42900205F
:101BD0002DE9F04F964EF46A91B004F1A8030A93F0
:101BE0000023CDE90D3396F838300790022B099188
:101BF0005FFA83FA04D040F6AD112720FFF7CAF947
:101C0000F36B03221D785978A6F8481013447364C7
:101C1000079BA6F8402005F00308002B00F0F48095
:101C200019B1F06E09F0CEF90146627A338DB166D2
:101C30000132D2B282EA950743F4007317F001072C
:101C4000338546D1237A23B3032B62720AD8012B42
:101C50001FD0D6F880000DA909F05DF990B940F2C7
:101C6000D471CAE7053B012B02D940F2B371C4E736
:101C700001F00EF810B940F2DE71BEE739460820D7
:101C8000FFF732FED4E91C32013342F10002C4E90D
:101C90001C326379002121721BB161711020FFF7A2
:101CA00023FE338D43F40063338500230893237DA3
:101CB000C5F3C007CBB1B6F84830B3B105F096FB19
:101CC0000328FBD0022806D1FFF71CFE11B0BDE8A7
:101CD000F08F079BEAE740B9A37A03F001039F4224
:101CE00003D1012386F83130EEE7A27A02F0010336
:101CF0009F4240D04FF0000BB36E002B40F0968017
:101D0000B6F84830B3FA83F35B0903EA151386F893
:101D10007930099B002B40F08F80728C96F88630CA
:101D2000110704D596F87020002A40F08580012B19
:101D300000F28280736F0120984700287CD096F8CB
:101D40003050002D78D1E37C002B00F0D78094F840
:101D50001461012ED4E91C2304F1800104F19007E1
:101D60004FF0010000F0BF80022E00F0F18040F241
:101D70002541062042E7B6F84830E3B108F1FF31CB
:101D8000012918D8318D41F48051318596F884109D
:101D9000994206D296F8303043F0100386F830307E
:101DA000A8E7B16E0029A5D096F8851019B12020BA
:101DB000FFF7A2FD9EE70132B8F1030FA27219D01E
:101DC00008F1FF32012A0BD8002B93D0D4E91E3240
:101DD000013342F10002C4E91E32DDF81CB08BE78A
:101DE000002B87D0D4E91E32013342F10002C4E94E
:101DF0001E327FE7338D0F49012043F48053207159
:101E00003385FFF771FDEDE7237D0BB105F02AFB6C
:101E100096F88630013386F88630338D4FF0000B0C
:101E200043F480633385CDF820B065E701236CE788
:101E300084290020C829002005F0C2F8BBF1000F5A
:101E40004CD101230993A54D2B8D5A0606D4402071
:101E5000FFF752FD2B8D43F040032B85089B63B1A8
:101E6000B5F80720B5F805301343E28813431EBFC9
:101E7000B5F809300133A5F80930079B002B00F0B5
:101E80002681B5F805300133A5F80530002385F823
:101E90008630934802F072F80D9830B109F003F9DA
:101EA000002202720A9901F071FC0E9B33B10022EC
:101EB0001A720C220A990E9801F036FC099B002B2D
:101EC0007FF402AF2B8D1B063FF500AF8020FFF79C
:101ED00013FD2B8D43F080032B85F7E641460EA8BA
:101EE000FFF7E2FDADE72E4605900020CDE9036047
:101EF000FB26CDE90176009005F09AF9774F94F82A
:101F00001421962100200BF09FFDD7F82C9097F814
:101F1000503099F8142099F8141103EB8203FF2B29
:101F200003D199F815318B4202D0FF2004F0C0FD97
:101F3000FE6A00238DF83130ADF83230337A062B4B
:101F400000F2B280DFE803F0068E9191B0A3A30007
:101F50000646C9E797F88730A6F804310DF132013B
:101F60000FA8ADF8323000F085FE30B10F9820B1E7
:101F700005233372BDF8323014E0FB6A93F8513018
:101F8000002B6AD1D7F880000DF131020DF132013A
:101F900008F09CFF002860D0BDF83230002B4BD1F8
:101FA00001223272B865A7F8643003B1C31C3B66E6
:101FB000B27A96F809A0367A0B92022E07D0053E27
:101FC000012E74D81B78022B4FF003060CD0D7F8E3
:101FD000800008F0D6FF00286BD1032E04D000F05B
:101FE00063FE80F00105EDB23C4F05F0010387F878
:101FF000783099F81330002B5DD0B7F86430002B9F
:1020000059D051460B9A2B463046FFF72BFD786D81
:1020100004F02CFFD7E9150105F072F9012387F8C8
:10202000883087F83830BBF1000F3FF40CAF4146E1
:102030000EA8FFF739FD06E79DF831201AB9028096
:102040008270032395E7027802F00302012A08BF99
:102050004FF0030A86F808A0A4E70023ADF8323059
:10206000012333721F4800239CE7B6F80431D7F8E8
:102070008000ADF832300DF131020DF1320108F07F
:1020800025FF00287FF476AF40F2C351B5E50DF18E
:1020900032010FA800F0EEFD08B10F9810B940F220
:1020A000D251AAE5062364E740F2DC51A5E50126FA
:1020B0008DE7012598E70B9A2B4651463046FFF7EE
:1020C000D1FCB86D04F0D2FE05F078F9A6E7B5F8BA
:1020D00007300133A5F80730DBE600BF8429002074
:1020E000B0290020FE29002010B5064B93F83820B7
:1020F00002F0FF0422B91C7601F0C8FF204610BD93
:102100000C24FBE784290020094B0A4A10B51A6009
:10211000FFF7EAFF20B14FF4B1712720FEF73AFF35
:1021200000F024FD044CE06400F024FD606510BD67
:10213000E4320020E022000084290020F8B55C4C45
:1021400094F83860054606F0FF0016B909B102B1EF
:1021500023B94FF420712720FEF71CFF63639DF81D
:10216000183084F885306162626784F8300084F842
:10217000860084F8310084F888006084208584F823
:10218000780084F8790084F87000A0652066A4F8CF
:102190006400E0636064A4F84800E56204F0CAFCEF
:1021A00005F00CF995F91C0104F00EFDD5F8D0608E
:1021B000D5F8C80004F00EFD304604F049FE95F84D
:1021C000240004F011FDE36A93F891320BB104F09E
:1021D0009FFC0AF0D6FD95F8152100F18901012038
:1021E00004F070FD334B186804F038FED5F8BC30AD
:1021F000C4F88030D5F8C030E366AB7B233B072BB7
:1022000054D9EB7B233B072B50D9B5F8E630B5F812
:10221000EC0095F81411984228BF184609F0A1FF68
:1022200095F8E830834228BF034698B295F8E43029
:10223000984200D3C3B295F8151184F8873005F1A0
:10224000DC000AF086FA2F7D95F81511B5F8F060DC
:1022500009F087FF0FB9043080B2864228BF0646D6
:10226000F3B284F8843084F850302B7D23B12946B2
:1022700005F1A800FFF7B4FB0120FFF77DFBE36A3F
:10228000D3F8C00104F00EFE002323606360A36056
:10229000EB886380B5F8AA30238095F82430237149
:1022A000D5F818310BB101221A60F8BD1B23C2E723
:1022B00084290020E4320020014B93F88800704705
:1022C00084290020024B93F82900C0F3C000704716
:1022D00084290020014B93F8860070478429002050
:1022E000391A0000D11B0000111B00006519000005
:1022F000F0B5070CA7F5AA42144B543A012A03EA99
:1023000090231FD927F4004042F6AA22801A18BF52
:1023100001200022162116461F2487EA060562EADC
:102320000505013510D0DD03ADB245EA5606E503DB
:10233000ADB2013945EA52024FEA53034FEA540461
:10234000EBD1F0BD0020E4E70020FAE7E0FF3F001A
:10235000304BF0B55A89B0F86070B0F85E609D8976
:10236000974228BF1746964228BF16461B2E85B0B7
:102370000C462ED0B5F5A47F2DD040F648039D42E3
:1023800001A928BF1D4609F05FF8BDF80A30BB421D
:1023900028BF3B46E380BDF80C30AB4228BF2B463C
:1023A0002381BDF80630B34228BF33466380BDF8B1
:1023B0000830AB4228BF2B46A380FF232370E3885D
:1023C0001B3B9BB2E02B08D940F209513920FEF7A4
:1023D000E1FD1B2FCED105B0F0BD63881B3B9BB246
:1023E000E02B02D940F20B51F0E72389A3F5A47347
:1023F0009BB2B3F5E06F02D940F20D51E6E7A38836
:10240000A3F5A4739BB2B3F5E06FE4D940F20F518A
:10241000DCE700BF102A002010B501210020FFF7E3
:10242000E5F8044670B90121FFF7A4F8044620B985
:1024300040F225313920FEF7ADFD034B93F918101A
:102440000AF0A0FF204610BD102A0020014BD888BA
:10245000704700BF102A0020044BD87CC0F3400016
:1024600080F0010000F00100704700BF102A00203A
:1024700008B509F0EDFD00F0B9FD00F09BFB0AF096
:10248000C9F801F0E9FD03F0EDFF084B0848002210
:102490001A60084B4FF01B11C3E901014FF4A471FE
:1024A000D960DA741A801A8208BD00BFE8320020B1
:1024B00003021B00102A0020034B41F64C525A61C4
:1024C0001B229A74FFF7D4BF102A0020F7B5284DBD
:1024D0006B69C0F8DC3000F1A807264BC0F8C430A7
:1024E000044638460AF0E1FD064600F053FB830639
:1024F00054BF1B23EB88A4F8063158BF1A461E4B65
:10250000A97C1B6848BF2A89A4F8082184F8E41034
:10251000A4F8E66023B194F91C11B4F8AA00984716
:102520001649384609F07FFB0123EA886979A4F847
:10253000DA302B89019129790091033303329BB260
:1025400092B204F1C00104F1BC00FFF7C1F8D4F865
:10255000BC3023B940F2E2413920FEF71BFDD4F82C
:10256000C03013B940F2E341F6E703B0F0BD00BF5D
:10257000102A002000093D00EC3200201E2A002015
:10258000024B1B6803B118470C207047E83200204B
:10259000034BDA8802801B7983700020704700BFEC
:1025A000102A002037B583781A2B054608D8042B4B
:1025B00004D9144A22FA03F3DB0705D412241AE0E3
:1025C000292B01D03B2BF9D12888B0F5706FF5D2BB
:1025D00001A909F0EAFD88B9019B93F8202102F0D6
:1025E000FF046AB9AA7883F82121FF2283F8202109
:1025F00001A808F0FCFF204603B030BD0224FAE732
:102600000C24F8E7200038040188A1F11B039BB2D9
:10261000E02B0CD84288A2F5A4739BB244F2481078
:10262000834204D8034B002059819A8170471220BD
:10263000704700BF102A002038B50278447802F0B5
:10264000010354EA030102F0020201D1112038BD56
:10265000BAB98578002DF9D0002B18BF002400E00E
:102660001D46204608F0E3FE0028EFD0284608F07B
:10267000DEFE0028EAD0054B00209C73DD73188233
:10268000E5E7002BECD000242546EAE7102A0020DD
:1026900013B5008801A909F0A1FD044620B90198ED
:1026A00090F832311BB13A24204602B010BD90F8A8
:1026B0005C3003F0FF04002BF5D190F853309B07FA
:1026C00006D1FF2380F8323101A808F090FFEBE734
:1026D0000249543009F0C6FFE6E700BFD9CC00003C
:1026E000F7B50778EF2F05460C460FD890F9012073
:1026F0004378002A0ADB8278900707D113F0100094
:102700001DD1990603F0030202D51AB1122442E04A
:10271000032AFBD01E07F9D42979EA78EE7942EA38
:102720000122697942EA0142A97941EA06212E7A19
:1027300041EA06418A42E9D81F2A0FD8E6E713F09A
:10274000600FE3D103F00702052A05D003F00F0163
:102750000D22CA40D107D9D51A07DDD56A7A013AC8
:10276000062AD3D8AA7A032AD0D813F0040102D1BA
:10277000023A012A03D8EA7A012AC7D811B9AA7CF9
:10278000032AC3D82A7D48B1012ABFD12A7E012A53
:10279000BCD830B91124204603B0F0BD022AF5D1CF
:1027A000B4E7DB0712D46B782A7D03F01803082BFB
:1027B00011D1022AEED101213846FEF717FF064655
:1027C00078B10AF093FDB8B10C24E4E700F0A2F967
:1027D0000028E8D1DEE7022AEDD02B7F002BEAD0DB
:1027E000D8E701213846FEF7C5FE064640B3154B33
:1027F00093F918100AF0C6FD30460AF0B3FE2946D8
:102800002070E87430460AF003FEEB7E0446002B8D
:10281000C1D00028BFD1B16A0246684608F0F0FC7A
:10282000B06A2246012108F037FDB16A68460422E9
:1028300008F0E6FCB06A2246214608F02DFDAAE722
:102840000724A8E7102A002030B50279042A8BB0AB
:1028500003464FD84088B0F5804F4BD826498D5C51
:10286000114400244A79ADF8004042F0100242EAD7
:1028700045028D7AC97B8DF8084042EA850242EA1A
:10288000C10202F01F028DF80020BDF80020ADF853
:1028900009201A888DF80B208DF80E00120A000A04
:1028A0008DF80C208DF80D408DF80F008DF810403C
:1028B0005A7B8DF811205A798DF812209A79D3F825
:1028C00007008DF81320B3F80B209B7B8DF81A308E
:1028D0007F2305908DF81B3069464FF0011302A845
:1028E000CDE90734ADF818208DF82440FFF7F8FE45
:1028F0000BB030BD1220FBE7BCB0020073B506463A
:10290000FFF78AFD04460AF038FE3378012B0546AE
:102910005FD120460AF069FD00287AD020460AF0EF
:102920002CFE18B115B9122002B070BD20460AF075
:10293000DDFC08B10C20F7E720460AF014FD06463E
:102940000028F7D1204602F033FD0028EBD0ED013E
:1029500042F2107331462046ADB25D430AF0F9FDF4
:1029600020460AF002FE014658B92A46204601F0E8
:102970001BFF08B90020D7E741F698213920FEF760
:1029800009FB31460DF10600FEF7BCFD064608B90D
:102990000D20C9E7BDF8061009F02FFC314620468E
:1029A0000AF0EFFD3046FFF791FD2A4631462046FA
:1029B00001F0FAFE024610B141F6B421DEE7164BF3
:1029C000DB69002BD6D006F5917106F1A800984777
:1029D000D0E7002BA7D120460AF007FDC8B120465A
:1029E0000AF084FC0028C5D020460AF02EFB0546DC
:1029F00020460AF02DFB014600289BD1002DB9D0BE
:102A0000B5F8AA00FEF708FE0028B3D041F6D6219B
:102A1000B4E7422088E700BF102A0020027803466E
:102A200072B1427862B142881A2A09D982881A2A78
:102A300006D9044A006850609B88138100207047C3
:102A400012207047102A0020024B02685A610020B1
:102A5000704700BF102A00200378A3F10A02112A50
:102A60009DBF024A0020937412207047102A002054
:102A700008B5052000F082F803F0B4FC014B024ACF
:102A8000DA6108BD102A00205123000008B5094B67
:102A900001221A7002F07CFC0AF024FF09F0D6FA39
:102AA000FFF732FB002008F078FBBDE8084000F09B
:102AB00075BD00BF302A002010B5064C0649201D08
:102AC00009F060F804F108000449BDE8104009F07D
:102AD00059B800BF302A0020082100201021002012
:102AE00010B5084C0849201D09F04CF804F1080005
:102AF000064909F047F804F10C000549BDE810400B
:102B000009F040B8302A00201821002020210020A0
:102B100028210020014B1878704700BF302A002080
:102B200010B5064C00F016FD606809F023F8FFF7B9
:102B3000C3FC00F0A9FE0123237410BD302A00203D
:102B4000014B187C704700BF302A002010B5064C9E
:102B5000A06809F00FF8E06809F00CF8FFF788FCAE
:102B60000023237410BD00BF302A002000487047A6
:102B7000412A002000487047432B0020C208044926
:102B800000F0070001238340885C03438B547047A7
:102B9000D0200020014BD3E900017047D020002055
:102BA000034B1868C0F30020400040F0010070475C
:102BB000D020002008B505F0F1F9084A002332F8CA
:102BC0002310814205D302EB83029378044A1370E9
:102BD00008BD01330C2BF2D10023F7E7D0B002007F
:102BE000452C002008B50068B0F8AA30A0F865317F
:102BF00090F8143180F86411012B06D0022B04D018
:102C00004FF43F710620FEF7C5F980F8673190F860
:102C10001531012B01D0022BF2D180F86831BDE8CB
:102C20000840024900F25B1009F01CBD11BC000015
:102C3000024B002283F822209A847047462C002001
:102C4000044B93F82220012A1ABF036001200020C0
:102C5000704700BF462C0020054B93F82210012935
:102C600002461DBF012083F822009A84002070478D
:102C7000462C0020054B024693F8220020B1136039
:102C800009B19B8C0B800120704700BF462C0020AF
:102C9000044B93F8220000229A8410B183F822207A
:102CA00001207047462C0020034B93F82200B0FA15
:102CB00080F04009704700BF462C002050B90A4AF6
:102CC0001346012003F8010B0868C2F801008A8846
:102CD0009A807047012805D1034B0A689A608A8858
:102CE000D8719A81704700BF6C2C002050B90B4BF3
:102CF000187888B1D3F80120B3F805300A608B80CA
:102D000001207047012806D1044BD87920B19A6878
:102D10000A609B89F3E70020704700BF6C2C0020FD
:102D200010B9044B18787047012806BF014BD879B9
:102D3000002070476C2C0020F7B500238A888DF89E
:102D40000600ADF8042008680B4A8DF80730019D95
:102D50001478014602F5A872D8B2844201D808203E
:102D600008E052F8087F5668AE4208BF8F4203F170
:102D70000103F1D103B0F0BD802C002030B5094B28
:102D800001465C78002203F20113D0B2844201D8DC
:102D9000082005E013F8015F8D4202F10102F4D131
:102DA00030BD00BF802C0020F8B52D4C6378013B6E
:102DB000DBB22218834292F80251637030D01A01BC
:102DC0000101961C8F1C2644274406F1100C56F86E
:102DD00004EB47F804EB6645F9D182328231224494
:102DE000214402F1100652F8047B41F8047BB24200
:102DF000F9D1E118221891F8026182F802610626E1
:102E00007343704303F5857300F58570E618E35846
:102E100023502718B388BB8091F83A3182F83A31B1
:102E20002846FFF7ABFF082818D12378013BDBB217
:102E30009D42237012D02B3304EBC30393E80300AD
:102E400005F12B0204EBC20282E803002078FFF7B1
:102E500095FF08281CBF241884F80251F8BD00BF54
:102E6000802C0020F0B5254D95F8984189B0224678
:102E700005F29911684607F019FD2146684609F0E8
:102E800006F90446B8B300EB4001C9B202A8FEF748
:102E90000DFD631E95F8A161DBB2012495F8981130
:102EA00005E0721CB2FBF1F001FB1022D6B206F174
:102EB00020020DEB020010F8202C002AF1D103EBC8
:102EC00043012031694406EB46022A4411F8187C7C
:102ED00082F8A27111F8177C11F8161C82F8A37100
:102EE00082F8A41100F8204C013BAA19DBB2FF2B99
:102EF00082F89941D2D109B0F0BD00BF802C0020EA
:102F000070B5064688B00C46002A4ED0294A92F881
:102F1000A131D01890F8991119B9FF212820FEF796
:102F200039F803EB43011144013391F8A251E570E4
:102F300091F8A35191F8A41161710021257180F8D5
:102F4000991192F89811B3FBF1F001FB103382F85C
:102F5000A13192F8C23123B9174902F5DD7009F0A9
:102F60007EFB657905F03F0545F0400565710D2252
:102F70000021684607F05AFCE3788DF80F3023797A
:102F80008DF80E3004AA0423694630468DF80D50A2
:102F900007F0AAFA9DF81F3023709DF81E30637069
:102FA0009DF81D30A37008B070BD03216018FEF7B6
:102FB0007DFCD6E7802C0020652E0000044B5A785B
:102FC000824286BF1B1893F84A010020704700BF59
:102FD000802C0020044B5A78824286BF1B1893F83D
:102FE00042010020704700BF802C0020064B0022C9
:102FF0004FF461711A8083F8C32183F8C421A3F8C8
:10300000C61183F8C2217047802C00202DE9F047BB
:103010008246894617469846FFF78EFE08280546E1
:10302000064603D0FFF7AAFE082860D1324C637829
:10303000072B5ED8082D15D12678731C072E237018
:1030400003D96C212820FDF7A5FF06F12B02D9F842
:10305000000044F8320004EBC203B9F804209A805F
:1030600083F806A065786B1C290163704B1C07F17F
:103070001002234412F8010D03F8010FBA42F9D1EE
:10308000813108F11003214413F8012D01F8012FBB
:103090009845F9D11021404609F029F8254410211E
:1030A00085F84201384609F022F885F80261667811
:1030B00085F84A010023114885F83A31314608F075
:1030C000E6FF0128054607D80D48314608F0DFFF26
:1030D000002818BF0135EDB284F898510025284624
:1030E00084F8A151FFF7BEFE2846BDE8F087122004
:1030F000FBE70720F9E700BF802C0020C22D00204D
:10310000CA2D002010B5064B5878013840B200286F
:1031100000DA10BDC4B22046FFF746FE601EF5E798
:10312000802C0020014B83F8C3017047802C0020C5
:10313000014B93F8C3017047802C0020431E9BB2C3
:103140004AF2B71293429DBF024BA3F8C601012079
:1031500000207047802C0020014BB3F8C601704757
:10316000802C002030B50A4B5C7884420ED918447C
:1031700090F802012B3003EBC004A5790D7053F8D1
:1031800030001060A3889380012030BD0020FCE750
:10319000802C00200246074810B590F8C34124B1A6
:1031A000417821B1023003F07FF9204610BD0C4672
:1031B000FBE700BF802C00202DE9F74F2F4C9A46EB
:1031C000637883428046894656D9231893F8425142
:1031D00085F00105F9B193F84A31E3B945F00207EA
:1031E0000135BAF1000F18D1FA070AD5062101FB03
:1031F000084104EB0810524601F585718230FFF753
:103200007FFEBB0734D504EB081052464946023016
:10321000FFF776FE2CE02F46E3E794F8A1614FF02C
:10322000010B002DE0D0A319019393F8991199B9DE
:103230000092DAB100F0F8FA06EB46012144019B56
:1032400081F8A2014FEA102C009A81F8A3C1000C6A
:1032500081F8A40183F899B194F898310136B6FB4E
:10326000F3F103FB1166F6B2013DDAE747F004071C
:10327000384603B0BDE8F08F0027F9E7802C002026
:10328000074B5A78824209D91A1892F842212AB972
:10329000062202FB003000F5857070470020704761
:1032A000802C0020064B5A78824281BF1B1893F86D
:1032B0003A01B0FA80F0400998BF0020704700BF83
:1032C000802C0020F8B50E460746062130461546EC
:1032D00008F00DFF044670B10C4B0022587803F241
:1032E0003913D1B2884202D801242046F8BD03F830
:1032F000015F0132F5E73146384608F0E4FE082860
:10330000F3D0024B034483F83A51EDE7802C0020C0
:10331000034B80F874101B680BB140881847704746
:10332000F03200200B2808B504D940F229112920D9
:10333000FDF730FE014B33F8100008BD00B102006C
:10334000036830B50024D3F8C400A3F84040B3F8B4
:10335000444042F210754443B4FBF1F4A3F84440F6
:103360004C1E05FB0242B2FBF1F2A3F84220094ACF
:10337000B2FBF1F20132A3F848209A8F05FB024418
:103380005A6BB4FBF1F450439C63B0FBF1F058630B
:1033900030BD00BF005A620213B540F6B8338387D0
:1033A000B0F8CE20D0F8C4100190044601A8FFF771
:1033B000C7FF0C4B1B68062B01D001330FD10A4B02
:1033C0001B68063B08330AD9D4F8C800FEF790FF03
:1033D00080F00100C0B284F8910202B010BD00205C
:1033E000F9E700BF683200206C320020034608462F
:1033F00071B13F2B0BD8074AD35C03F07F02914297
:1034000005D08CBF0120002000EAD31070470120B6
:10341000704700BF18B10200FF230B7002234B70EE
:1034200083238B70014B1B78CB7070474C2E002090
:103430002DE9F84FD0F80480D8F8186030460C46D3
:1034400007F01FFE054620B94FF4AA711020FDF7C2
:10345000A1FD0146304607F022FEB5F800B01FFA84
:103460008BF7824617B94FF4AC71EFE7224B1B681C
:1034700000F10309D3B998F8023098F803202370BB
:103480006378A4F802B002F00F0223F00F03134395
:1034900023F0C00363709AF8003003F00303012B9C
:1034A0000FD0022B0DD04FF4BB71CFE7B8F802005C
:1034B0003A464946984705460028DCD12846BDE8EB
:1034C000F88F627863F305126270304607F0EDFD05
:1034D000054610B94FF4C071B8E7FB2F02D940F28E
:1034E0008F11B3E73A464946201D07F0DFF9304611
:1034F00007F036FDE2E700BFF432002038B5134C88
:1035000010220021201D07F091F9012525741022B9
:1035100004F10803002104F11400C4E9013307F0A9
:1035200085F984F8205004F11803C4E90533084AEA
:1035300000236362A36284F82C30C4F82D30C4F8F1
:10354000313084F835301360A36338BD4C2E002031
:10355000F432002010B5084C2378FF2B04D040F241
:1035600099111020FDF716FD07F004F82070BDE852
:103570001040FFF7C3BF00BFDD20002010B5034C93
:10358000207807F011F8FF23237010BDDD20002004
:10359000014B187807F018B8DD200020014B024AD3
:1035A0001A607047F8320020313400002DE9F341F1
:1035B000DFF86881054608F11407D8F80830D8F814
:1035C0001840227A012A22D1D8F8382052B1137A31
:1035D0001BB9BF211020FDF7DDFCD8F83840C4B975
:1035E000002083E01A7A012AFAD04D4A1C46EFF3F4
:1035F000108172B650680068506001B962B6A3428B
:1036000008BFC8F83840237A1BB9EE21E2E73A46F2
:10361000EDE7267AF6B205232372731E0B2B6ED8C4
:10362000DFE803F06A062235676D3E6D6D6D6D5BF8
:10363000636813B94FF40371CCE7204629469847D5
:103640000420EFF3108272B6237A052BD9B24FF023
:10365000000359D12372D8F83810A14201D1C8F81B
:103660003830B2BB62B634E0636813B940F215215A
:10367000B0E72946204698470346C3F30723012BAA
:10368000ADF80400C0B22FD0022BDAD11AE0636883
:1036900013B940F21D219DE7204698470020D0E74E
:1036A00063680BB9FE2195E786222A7001225988AA
:1036B000AA706A7100225869A5F80310AA7107F070
:1036C0004FFC0420D8F83830A34202D10023C8F8B8
:1036D000383000283FF471AF08E0124B29461B68D0
:1036E00020469847034668B9267298B102B0BDE8F3
:1036F000F0814FF415716DE740F257216AE740F20F
:103700005A2167E70220DDE711B940F27B2161E72A
:103710001846A6E7002B7FF450AF61E74C2E00203F
:10372000502E0020F832002010B51346027A22B144
:1037300040F202311020FDF72DFC0A46BDE8104092
:103740000146014808F068BF502E0020044890F858
:103750002C301BB90349243008F07BBF704700BFF1
:103760004C2E002009C600000346064890F83C2075
:103770003AB190F8352022B900F82D3B024908F003
:1037800068BF70474C2E00201934000010B50A465F
:10379000037A23B140F20A311020FDF7FBFB01460A
:1037A000BDE810400148072308F036BF602E002016
:1037B0001346027A0AB1037270470A46014601486D
:1037C00008F02ABF502E00201B234FF01B128384C9
:1037D000038482618382C260038539B94FF4A47384
:1037E000034AC3844384C261C3820261704700BF3D
:1037F00048014801014908F035BF00BF6BC6000011
:103800000B8BA2F80B304B8BA2F80D308B8BA2F8F0
:103810000F30CB8BA2F809000249A2F811301046F4
:1038200008F01ABFBBC60000094AD2E900034340B2
:1038300083EAB01181EA43214FEAF3435360054B19
:10384000116058434FEAF06000EB8000704700BF02
:103850008C2E0020BB79379E094AD2E900034340F1
:1038600083EAB01181EA43214FEAF3435360054BE9
:10387000116058434FEAF06000EB8000704700BFD2
:10388000E0200020BB79379E10B50A4C094808217A
:10389000FEF70CF8D4E900321343F7D0064CFFF7DB
:1038A000DBFF2060FFF7D8FF236860601843F6D085
:1038B00010BD00BFE02000208C2E0020174B184ABE
:1038C0009A60184A5A60184A1A60184A9A62184A46
:1038D000DA62184ADA60184A9A61184A1A63184A72
:1038E0001A62184ADA64184A9A64184A5A62184BDB
:1038F000184A9A60184A5A62184ADA62184A1A61D3
:10390000184A5A61184A9A61184A1A63184A9A64FE
:10391000184ADA64184A9A63704700BFFC320020E4
:10392000F5C900001BCA000081CA00003DCB0000A1
:1039300087CB00007D3C000099CB0000F13E0000E9
:10394000793D00005DCC000075CC0000C53D000055
:10395000FC3300200BCA000031CC0000B7CB0000C4
:1039600067CB0000D7CB0000093D0000FBCC000076
:10397000A3CC000095CC00001BCC0000044B054AF2
:103980005A65054B054A1A65054A5A65704700BFD6
:10399000FC320020A9CD0000FC33002093CD0000B4
:1039A00015CE0000054B064A9A65064A1A66064B74
:1039B000064A9A65064ADA65704700BFFC32002065
:1039C000FDBD0000B1BE0000FC3300204DBD000075
:1039D00031C0000037B5044601A80D46FFF730F9A5
:1039E00020B94FF4AA615120FDF7D4FA00210198C3
:1039F000222206F01BFF019B194601F8035F023DDE
:103A0000232D00F28980DFE805F02587128A8A25B8
:103A1000872B878A313D418787458A8A4E4E656567
:103A200087878787878787878787876C77802168DD
:103A3000D1F8CE215A60D1F8D2219A602268D2F80A
:103A40009420DA600D20FFF707F9002869D140F2D1
:103A50005751C8E7226892F8A0201A710220F2E7B5
:103A6000204600F00BFA0028EDD13DE011221A713A
:103A700059225A7100229A713922DA7110221A726F
:103A80000620E0E7226892F89A20E6E7084600F070
:103A9000E3F9E8E7226892F89B10197192F89A20EE
:103AA0005A710320CFE72268B2F800111971090A90
:103AB0005971B2F8A2109971090AD971B2F8FC10C3
:103AC0001972090A5972B2F8A0209A72120ADA72AF
:103AD0000920B8E7226892F82E11197192F82F2167
:103AE000DEE7114B1B6813B940F249517BE72320F5
:103AF000224698470420A6E70B4B1B68002BF3D007
:103B000022462420984705209DE7074B1B68002B81
:103B1000EAD022462520F5E740F2445163E7012030
:103B200091E703B030BD00BFFC3400203F289ABFAE
:103B3000024B53F820000020704700BFFC320020E9
:103B40003F289ABF024B53F820000020704700BF67
:103B5000FC330020F7B50568D5F8BC6004464FF685
:103B6000FF770DF102010DF101023046ADF8027050
:103B700007F0ACF901A9304607F0CDF948B101983A
:103B800007F091FA2168A83100220272FFF7FEFDCA
:103B9000E7E7044905F1280003B0BDE8F04008F06C
:103BA0005BBD00BF89C90000F0B5044685B00D4675
:103BB000FF2600F8A56C10F8A63CF3B1174F3B7830
:103BC0001BB162211F20FDF7E5F90C21381DFDF71F
:103BD0006DFE3E70002304F8A53C2A468A2302F8B5
:103BE000033BD4F80930C5F80330D4F80D305360E6
:103BF000D4F81130936005B0F0BD01A80C21FDF799
:103C000055FEA4F5F473039A1A6001AB03CB44F894
:103C1000AE0C44F8AA1C04F8A66CDBE7942E002036
:103C200010B5054C23782BB90C21201DFDF73EFE65
:103C3000FF23237010BD00BF942E0020024690F891
:103C4000D631BBB990F8D73103F0FF010BB100209A
:103C50007047094B18780028F9D01970D968C2F854
:103C60009410043303CBC2F8CE01C2F8D211FF2363
:103C700082F8D63101207047942E002038B50268B2
:103C8000D37B04460D463BB1122B05D0103B0F2BC6
:103C90008CBF0120082038BD92F8523013B920465D
:103CA00008F038FE2268D5F80B30C2F8C631D5F8D6
:103CB0000F30C2F8CA312368D5F81320C3F890201A
:103CC000B3F8AA20A3F88522D5F80120C3F88722EB
:103CD000D5F80520C3F88B222368B5F80920A3F88E
:103CE0008F222368002583F89E5183F8D6512068DF
:103CF000044900F51F7008F0ACFC23681522DA7344
:103D00002846C8E7A93B000010B50368DA7B1F2AE4
:103D1000044604D040F29D211F20FDF73BF993F8A3
:103D20005220B3F8AA00002183F8511082B1C3F8E1
:103D3000A91183F85210A3F8AD110D49A3F8AA01F7
:103D400003F5D07008F085FC23680022DA7310BDFB
:103D50000121A3F8990183F89B1183F89821054963
:103D600083F89F21A3F89C2103F28F10EAE700BF9C
:103D700025CB00000DCB000038B505682B6813F08B
:103D8000010419D1D1F801200C4BD1F805101340D2
:103D90000B4AC5F86230C3F3076343F008030A40D7
:103DA00085F86530C5F8662008F0B4FD2B6843F04F
:103DB00001032B60204638BD0120FCE72FC904F722
:103DC0006FDB008010B50068837B042B2CD1D1F809
:103DD0000130D1F80540C0F86230C3F3076343F007
:103DE000080380F8653000234A1CC0F8664080F85C
:103DF0004A30837390F8713103F0FF040BB1002057
:103E000010BDB0F8AA30A0F8733180F87241D1F833
:103E10000130C0F875315368C0F87931034900F2B8
:103E2000691008F016FCEAE70120E9E7F1CB000091
:103E3000006890F871315BB9B0F8AA30A0F873311E
:103E40001A2380F87231034900F2691008F001BCAE
:103E5000704700BFF1CB000010B50446FEF79AFE94
:103E6000044A054B02400B40C4F80120C4F8053059
:103E7000092010BD2FC904F76FDB008037B50C4651
:103E80000568FEF787FE0A4A0A4B0A4095F8621059
:103E90000192034000930B408DF800306B4603CB3A
:103EA000C4F801000920C4F8051003B030BD00BFFC
:103EB0006FDB00802FC904F738B5DB04154604D545
:103EC000037D13B10023436338BD446B0134446365
:103ED00008F0F2FE836B9C42F6D300234363034950
:103EE0002846BDE8384008F0BDBB00BF51CC0000FB
:103EF00038B50468A37B012B054602D023689807D8
:103F000038D494F853309A0713D44A7884F85D2053
:103F10004A88A4F85E208A88A4F86020D80743F075
:103F2000020284F853200FD5134904F1540008F01D
:103F300099FB94F85330D90711D423689A0708D510
:103F400058214020FDF726F894F83231002BEBD1B0
:103F5000EFE743F002032360284608F0DBFCA37B75
:103F6000012B4FF0000301D0002038BDA37384F86B
:103F70004A30F9E70120F8E7D9CC000070B50568B0
:103F8000044602F04DFA054BE8721B6801461BB16E
:103F90002046BDE87040184770BD00BF04350020C2
:103FA000024B1B6803B11847704700BF0035002063
:103FB000F0B51F4D2B78002414709BB1013B6D6848
:103FC000DBB21E1B012E0FDC05EBC40655F8347066
:103FD00076688E4208BF874227D0B84271EB06064A
:103FE00012D214700020F0BD1E19771005EBC70E19
:103FF00055F837C0DEF804708445C6F347068F4194
:104000002CBF33463446DCE705EBC30455F8335088
:1040100064688C4208BF854206D0A84271EB040454
:1040200028BF01331370DDE71C4614700120DAE766
:10403000B42E002010F0070208B503D063214820F9
:10404000FCF7A8FF18B1034B197258601A70C8002A
:1040500008BD00BFB42E0020014B00221A7070472B
:10406000B42E0020FF230B70074A0D234B708223D0
:104070008B701368C1F803305368C1F80730936838
:10408000C1F80B30704700BFCA2E0020024816222C
:10409000002106F0CBBB00BFCA2E00200B4B5A7D7F
:1040A00092B14A0610D5B0F8AA201A80D0F8502252
:1040B0005A60D0F854229A60C2885A800449022279
:1040C00003F10C00FFF774BB704700BFCA2E00203D
:1040D00065400000094B53F8203070B503F52343C9
:1040E0000C461646A1334FF47A72B3FBF2F503F097
:1040F0002BF834442C44204470BD00BF1CB2020095
:104100002DE9F04F8FB09A4690F815310793044689
:104110008946069207F07AFD834694F81F01FFF75F
:1041200001F9834408F02DFEE37B0393069B1FFAFD
:104130008BFB00F16007002B4BD1637B032B48D135
:10414000039B0C2B32D1B4F86C324B452ED1D4F8F2
:10415000F031C4F8E031D4F8C430B4F8C421C4F864
:10416000E431B4F862321344C4F8E831204602F076
:1041700003F9D4F8742294F81D31C4F8C42041F630
:104180004B518A428CBF002303F00103D4F8701214
:10419000D4F87822C4F8D41084F81E31B4F86E1222
:1041A000A4F8D8100223C4F8CC206373E37BA17B6E
:1041B000282B01D028290CD1B4F86C32A9EB0303C9
:1041C0001A0406D4A1F1280359425941204601F0AE
:1041D00095FCB4F86052B4F8068094F81531089351
:1041E000A9EB05052DB204F50C73A9EB0808002D09
:1041F00004930FFA88F817DAD4E99223C4E99623D6
:10420000012345460493D04B1B7813B103F0AAFE5B
:1042100068B90026637B032B00F2D681DFE813F038
:104220006C007201C1009801CDF810A0EBE7B4F862
:10423000D831012BEDD9637B022BEAD094F80262CE
:10424000002EE6D194F81F01FFF76CF8637B00F5B0
:10425000C86B012B1FFA8BFBD9B23FD1A27CD4F8DB
:10426000D430032A33D1D4F8E42113445946D4F886
:10427000E401099303F03AFED4F8E061099BD4F815
:10428000E821C4F8E001861B59461846564303F05E
:104290002DFED4F8EC31C4F8EC01C31A5946D4F819
:1042A000C4001E4403F022FEB4F8C431D4F8E8215F
:1042B00043445B1B9B1AD4F8F021013B821A02FB9A
:1042C00003660123C4F8F00184F80232A2E7304605
:1042D000099307F055FF099B0344C7E7D4F8C400CE
:1042E000594603F003FEB4F8C461D4F8F0314644F3
:1042F000761BC31A5E43E4E70121002007F040FF6C
:104300008046D4F8D4005946404403F0EFFD5946A6
:10431000C4F8EC01D4F8C40003F0E8FD0BA9C4F81C
:10432000F0010CA802F05CFE0B9B0093D4E996010F
:10433000DDE90C2303F0BCFE049004F1A80008F0B2
:1043400092FDD4F8D410D4F8642294F815018D1895
:1043500002F002FFD4F8EC11049B203D6D1AED1B16
:10436000454400F52340ED1AA1304FF47A73B0FBB9
:10437000F3F0B4F8D83030312D1A03EB410194F842
:1043800015013A46FFF7A6FED4F86432EB1A223044
:10439000DA2BC4F8F4015DD840F2C7413020FCF7B5
:1043A000F9FDD4F8D430D4F8E4015946184403F0A8
:1043B0009DFD5946C4F8EC01D4F8C40003F096FD05
:1043C000C4F8F00104F1A80008F04DFDD4F8D43091
:1043D000D4F8E4511D44B4F8C431002B40F08E8071
:1043E000BAF1000F00F08A8094F8150102F0B4FED3
:1043F000D4F8EC11D4F8503294F815216D1A203D00
:104400001D44D4E992BC514B53F82220A5EB0B0577
:104410004FF47A7302F2E732B2FBF3F21544ED1B6C
:1044200000F52340A130B0FBF3F02D1AD4F8E821B9
:10443000D4F8E03194F8150102FB0313B4F8D81056
:10444000303301EB43013A46FFF744FE0123C4F841
:10445000F4016373D4F8C430D4F8F0217E3B9B1A86
:10446000DF1B002384F83032D4E996328742A5EB73
:10447000060528BF07465B1942F10002C4E99032E5
:10448000C4F8C07104F1DC0008F061F9042384F879
:104490003932D4E99023C4E99623B4F8B031A4F8B2
:1044A0006092A3EB09031BB2002BD4BF00220122B0
:1044B000520084F83822039A38440C2AC4F8340293
:1044C00000F08580BAF1000F40F08480637B002B00
:1044D00000F09D80D4F8C410D4F8F03104F50C70CD
:1044E000C91A07F010FE80B2002800F09080189BD7
:1044F00003B1188001200FB0BDE8F08FD4F8EC11A3
:104500006D1A93E7D4F8F011D4F8C430B4F8C4218C
:10451000D4F8E801D4F8E0C15B1A5D43D4F8EC317B
:104520004244121A3033013A0CFB003301FB0233D0
:10453000B4F8D81094F815013A4601EB4301FFF79F
:10454000C9FDC4F8F40185E7E02E00201CB202008A
:10455000D4F8F0E1D4F8C430B4F8C4C1A3EB0E032E
:104560005D43049B3BB3BCF1000F24D1D4E99423F9
:10457000D4E99201904271EB030302D340F20E5151
:104580000CE707992B4B53F82130D4E99201CDE980
:1045900004010498203A121A03F2E7314FF47A7BAF
:1045A00003F52343B1FBFBF10A44A133B3FBFBF357
:1045B000D21AD21B15440CEB08010EFB01F130316D
:1045C00008983A464900BAE740F22651E6E6BAF1C1
:1045D000000F1CD0B4F8D80118B3B4F8DA1194F86D
:1045E000DC21A4F8DA1101FB0222904201F101055D
:1045F0000DDD002B0BDD002384F83832A4F8DA51EE
:10460000FFF712F900F00700013084F8DC0104F52F
:104610000C7104F5027004F065FE20B940F2765189
:10462000BCE60146DBE7069B83F0010384F8003219
:10463000002060E71CB202002DE9F8430E46044654
:1046400018B9D3213020FCF7A5FC052900F2A7807A
:10465000DFE801F00376413DA52E03F06DFEC4E9CD
:104660004601204600F0C8FFD4F80C01CB3803F017
:1046700017FD204608F081FF054600BB0146204695
:1046800008F0B8FE00F1E506D4F80C01B04209D2FA
:10469000301A322838BF3220032103F01DFE60B1EA
:1046A00003F002FDC4F80C61204608F078FF45B124
:1046B0002046BDE8F84308F073BF0125F2E7002566
:1046C000F2E7D4E94623C4E94023BDE8F883BDE816
:1046D000F84302F091BC08F098FE042384F81131ED
:1046E0008146884603F0DAFC07220F46A9FB023117
:1046F00002FB0811D4E940525B1941EB0205D4F8E2
:10470000E8203AB159EA080204D0984277EB050252
:1047100028BF012684F81061D4E94826121A66EBF6
:10472000070694F8301139B9012A76F100010BDA45
:10473000204600F069FF03E0012A76F10006F7DB6E
:10474000002384F82831C0E7984277EB05010FD2A7
:1047500059EA08080CD01B1A65EB07019A4276EB60
:10476000010005DB012B71F10000A4BF1A460E46C3
:104770000C490123914284F829314FF0000384F859
:104780000831B341B8BF0A4604F1C00004F5847192
:1047900004F054FE002898D140F2B26152E7EF21B4
:1047A00050E700BF0040420F2DE9F84304460E4693
:1047B000154690F8283103F0FF07002B40F0948055
:1047C00000F1C00839467822404606F02FF84749E4
:1047D0002246404604F080FDC4F8E860FF2384F8D8
:1047E000283166B1FFF738F800F00700013086F88D
:1047F000DC013F49324606F5027004F06DFD40F2DF
:1048000002434FF00009A4F8103184F8089103F036
:10481000CFFB00F19E06204608F0AFFEB6B201467F
:10482000C0B307F0F3F900F1280189B2284603F07C
:104830005DFB2844C4F80C0103F030FC301841F152
:104840000001C4E94601012084F8EC00A4F81E90A0
:1048500008F045FFE53D2D1AC4F8F0504FF0FF3544
:104860006FF00041D4E94623C4E948510025C4E96A
:104870003E23C4E9402384F8295142F2107204F522
:104880008471404604F0DAFD38BB40F2B9113020A3
:10489000FCF780FB204608F0ADFDDFF85890E530CE
:1048A000C4F80C01B9F8020048B1E08B38B1FEF74A
:1048B000D3FFB9F80230B0FBF3F202FB1300064459
:1048C00003F0ECFB361841F10001C4E94661002D0C
:1048D000C4D0AD1941F10001C4E72946204608F0D3
:1048E00061FE3846BDE8F8830C27FAE73946000038
:1048F00081CE0000E02E0020F0B5002385B0CDE988
:10490000003301238DF806306846FCF7A9FE70B12C
:10491000104E012333710023CDE9023302A8FCF7C6
:104920009FFE044638B10023337105B0F0BD0098F6
:1049300008F08EFBE8E7029D6B7B002BEED005F5BF
:104940000277384603F062FC384603F073FC6C7360
:10495000E4E700BFE02E0020054B002201215A7140
:1049600019701A7142F210725A80FFF7C5BF00BF6A
:10497000E02E0020014B5871704700BFE02E002050
:1049800008B502F071F8044B9A6882422ABF187980
:10499000002080F0010008BDE02E00202DE9F34743
:1049A0000446062900F2DB80DFE801F0048473810D
:1049B000878CD300D0E99201D4E99423904271EB23
:1049C000030354D294F80232002B50D0637B032BA4
:1049D0004DD108F0D6F994F815A1814607F016F9E3
:1049E000064694F81F01FEF79DFC064494F81F014B
:1049F000FEF798FCD4E99223D4F85072D4F8C05151
:104A000080465046BF1A02F09FFB564A52F82A20B1
:104A1000A5F1600302F52342A1324FF47A71B2FB93
:104A2000F1F29B1AA3EB09031B1A09F1890909EB9F
:104A30005309B6B2603B08F5C86873431FFA88F89B
:104A4000B3FBF8F360335A08A9EB53039F4202D338
:104A500091444F4501D903F08BFAD4F8C400314694
:104A600003F044FA0023C4F8F00184F802323E4B0C
:104A70001B7903F0FF0263B90092B4F8B41101236B
:104A80002046FFF73DFB30B140F2CE613020FCF70D
:104A900081FA0423637302F079F904F009FCE288D7
:104AA000A4F8FE210023A4F8623284F8013202B097
:104AB000BDE8F08703234373F9E708F0BBFFC4E9BF
:104AC0009401F4E790F81501274F08F0BCF96E3017
:104AD000D4F8F031D4F8C45095288CBF0020C0F130
:104AE0009600C218954288BFED1A7B798CBF2D1AAB
:104AF000002523B9D4F8DC309D4228BF1D4604F1BF
:104B0000DC00D4F8C06107F022FE0644022003F066
:104B1000B7FBAD1B25EAE575854228BF0546022196
:104B2000284603F0D9FB10B103F0BEFA2E4401234E
:104B3000DC22314604F1A80007F0B4FED4F8C031FD
:104B4000B860D4F8C400184402B0BDE8F04703F0E0
:104B5000A7BAA83002B0BDE8F04708F084B940F227
:104B60009C7193E71CB20200E02E0020014B58809C
:104B7000704700BFE02E0020074A03461068D3F8B4
:104B80004920C0F80320B3F84D20A0F8072093F87F
:104B9000481007F035BC00BFEC2E002070B504466D
:104BA0000E466588807D15F00401134618BF04F198
:104BB00057013246FEF700FB4107054621D4C207E4
:104BC0000BD5012384F84830A07DFEF759FB03681C
:104BD000C4F849308388A4F84D30AB0701D40120D4
:104BE00070BD094B1868D4F85730012184F856106D
:104BF000C0F80930B4F85B30A0F80D3007F009FCBC
:104C0000EDE70020ECE700BFEC2E002038B5C38CA8
:104C10000F4D0133C3F30E03C3842B7C04462BB129
:104C200002F09EF901F072FC00232B7400232B711B
:104C300094F869302BB101212046BDE8384008F0D6
:104C4000D3BA637C13B1E28C9A42F4D20021F3E729
:104C5000EC2E002010B5074C2379012B05D1237CC5
:104C60001BB102F07DF901F051FCA069BDE81040D4
:104C7000FFF7CCBFEC2E002070B5254C2379012B1B
:104C800004D040F682412D20FCF784F998B9012523
:104C9000237C1BB102F064F901F038FC002D36D002
:104CA000A06908F0F0F968B302F020F8E369BDE804
:104CB00070409B6818472168A26911F8095B02F1EE
:104CC0004903E80992F8482007F0C3F90028DED02C
:104CD0002068002107F0C2FB0028D8D02379A06902
:104CE000012B02D040F65C41CDE72379E26903F164
:104CF00080435269013B05F00F0152F82330984779
:104D00000546C5E7A069BDE87040FFF77FBF70BDED
:104D1000EC2E0020074A0346906903B909B9FFF752
:104D200075BF1379D26903F180431269023B52F8CF
:104D300023301847EC2E00202DE9F043032985B0DD
:104D40000546174607D14388980723D400242046F8
:104D500005B0BDE8F083428890F86830D107DBB237
:104D6000F4D5002BF2D14FF00108DFF8D49099F878
:104D70001060C6B107F0B1F90828387016D002AA41
:104D80000DF10701FEF7EEF938B940F6F7612D2075
:104D9000FCF700F94FF00208E7E79DF8070002A9C9
:104DA00007F0D7FF06463B78082B08D1D9F800104A
:104DB00011F8030BC0F3801007F0CBFF0646D9F8BB
:104DC000001095F84F2011F8030B05F15003C0F3C4
:104DD000801007F03EF9D9F80010044611F8030BD3
:104DE000C0F3801007F06FF98146FEF75BFA40B11F
:104DF000B9F1080F1BD04846FEF7E0F880F0010338
:104E0000D8B23A78082A14D01CB9AC7DA21A544200
:104E100054416A8853079AD4002897D176B9EC7C1C
:104E2000444518BF002C0CBF012400248FE700204C
:104E3000E7E780F001022240D4B2EAE7344686E791
:104E4000EC2E00202DE9F04F85B008230DF107026C
:104E5000052104468DF80730FFF76EFF064620B99E
:104E60000026304605B0BDE8F08F794F39687A7C6E
:104E700011F8030B07F11203C0F3801007F0E9F8F3
:104E800080460028ECD13B68A16918468D7D10F85A
:104E9000032BC2F340122A408A75D3F80320C1F8CD
:104EA000AD208288A1F8B1201D46A26915F81F1B0C
:104EB000C1F3801182F8AC10D3F81F00029002A950
:104EC00028790871D3F80F00C2F8C800587D1D7DFD
:104ED000000440EA0520DD7C2843C2F8D000B3F886
:104EE000190082F81E8140F2E24909FB00F0C2F885
:104EF000C4009D7DC5EB451005EB800505EB8505E0
:104F00006D00A2F8D850B3F8170009FB00F0C2F802
:104F1000D400B3F81B00A2F8CC00B3F81D00A2F82F
:104F2000CE0093F8243003F01F005B0982F82200C2
:104F300082F81F31A56994F912A005F1160007F057
:104F4000BDF940F20113A5F814314FF0FF0B85F8BD
:104F500016B1414605F1DC00FEF736FC514605F17D
:104F6000A800FEF7D5F9A36984F87380B3F8AA20E6
:104F7000A4F8742084F891B04FF6FF72A4F8922040
:104F8000D3F8C420B2FBF9F2A4F88A20B3F8CC20FD
:104F9000A4F88C20B3F8CE20A4F88E2093F81F211B
:104FA00084F89020627D9DF8070004F17E0162B3D1
:104FB00094F84820012A28D194F84E2002F0C0022B
:104FC000402A22D1D4F84920C4F87E20B4F84D20DC
:104FD0008A8093F8AC2084F87720082803F1AD0587
:104FE00004F18401D3F8AD3004F1780227D0C4F87D
:104FF0008430AB888B8004F17701FEF7B3F840B9B9
:1050000040F6E2312D20FBF7C5FF0022C4F87E20D8
:10501000DEE794F8773043F0020384F8773004F148
:105020006A000C4907F015FB0B4BA0691B680022B6
:105030003A71002B3FF415AF2146984711E7A3675B
:10504000AB8893800023C4F884308B80E7E700BFEF
:10505000EC2E002011D300000C350020032937B5B9
:10506000044604D0052953D0012003B030BD0823E5
:105070000DF107028DF80730FFF75EFE0028F3D030
:10508000237C284D03B39DF8070094F8B630DBB9B4
:10509000237884F8B730082804F1B90229D004F144
:1050A000B801FEF75FF820B94FF477612D20FBF7C8
:1050B00071FF94F8B83043F0020384F8B8301A490D
:1050C00004F1AE0007F0C5FA2B6804221A7006221C
:1050D0005A702046FFF750FD286894F83820616B1D
:1050E00007F0ADF9032328682B7101F0BFFE002003
:1050F000BBE72868034613F8031BC1F3801184F84B
:10510000B810D0F80310C4F8B9109B889380D6E784
:10511000064B1B68002BEAD0984780F00100C0B214
:10512000A3E700BFEC2E0020F9D2000008350020D4
:10513000F8B504460F4619B300F12005284608F0DB
:10514000A7FAA0B963881A072ED5284608F0B7FA3F
:105150000646284608F09CFA301AC0B208F0BFFA9A
:10516000474A936803442846936008F06DFA28463E
:1051700008F06FFA01F038FD2179252001F098FC44
:105180003F4E94F8562030680023037043706388C4
:10519000103B0D2B64D8DFE803F05F635B0C6340CA
:1051A00063636363636363402046BDE8F840FFF7D1
:1051B0002DBD06234370202303702046FFF7DCFC3F
:1051C000638823F008039BB2152B05D094F8302098
:1051D000E16A306807F024F9306801F047FE0223E5
:1051E00021793371002001F00DFD054607B9F0600B
:1051F00063881B0704D508F06FFA0544C4F8F4501F
:105200006388103B0D2B36D8DFE803F038352F2F9D
:10521000352F353535353535352F0C23437003465D
:10522000212103F8091B52B1D4F85720C0F80920F6
:10523000B4F85B209A80012107F0EBF8BDE7226DFE
:10524000C0F80920B4F854209A8094F84F10F3E77E
:10525000062303704370B0E7022303700623F9E7C7
:1052600040F259612D20FBF795FE21790120BDE820
:10527000F84001F09BBE40F6F541F3E7F8BD00BFF2
:10528000EC2E002038B54388102B044604D1BDE82D
:1052900038400121FFF74CBF0B4D2B7C23B101F0AF
:1052A0001BF9402001F050FE286801F0DFFD608806
:1052B00010F0040002D1217901F078FE002001F005
:1052C00029FE01232B7138BDEC2E0020024B012159
:1052D0009869FFF72DBF00BFEC2E002010B5124CCF
:1052E000237C1BB101F03CFE01F010F9A06907F02E
:1052F000CAFE38B12379012B09D040F686312D2022
:10530000FBF748FEA069BDE81040FFF77FBC23799A
:10531000E269A069D26803F18043013BBDE8104017
:1053200052F82330184700BFEC2E002010B5074874
:10533000037903F0FF0433B914222146043005F049
:1053400075FA204610BD0C24FBE700BFEC2E0020B0
:1053500010B50A4C00232371FDF708FC2060FFF70D
:10536000E5FF20B14FF442712D20FBF713FEE369F6
:1053700013B940F20B31F7E710BD00BFEC2E00204F
:10538000014B024ADA617047EC2E002054560000AF
:10539000034B044A1A60044B044A1A60704700BF6A
:1053A00008350020454E00000C3500209BD1000040
:1053B000F8B5057DAF1E0446FFB2002D3AD0012F8F
:1053C0002DD800F1500190F84F0006F07CFE08281F
:1053D000064624D0FDF7FEFD10BB023D18BF012597
:1053E000012F8CBF0027012784F848506775A675E8
:1053F000FDF7B2FE054602F051FE154B0022E5FB1B
:105400000301C4E9100184F8562011462046FFF735
:10541000C5FB70B940F2A3412D20FBF7BBFD082668
:10542000022D09D104F149010020FDF75FFC60B9AC
:105430000020F8BD0826F5E704F149010120FDF739
:1054400055FC0028F4D00125CAE70025C8E700BFB5
:1054500040420F00F0B5444E327985B0044602F068
:10546000FF0312B90278FF2A04D140F6DD112D2086
:10547000FBF790FDB36080F869303C4B00933C4BE8
:1054800001933C4B0293F36968465B68039301F018
:10549000E5FC01F04FFB01F063FD01F037F8364801
:1054A00001F098FB04F12005344801F0D1FC2846B6
:1054B00008F0CAF8284608F0CCF801F095FB2179ED
:1054C000252001F0F5FA94F9120001F07DFB04F1BA
:1054D0002C01A06A05F005FF04F134010746A06A1B
:1054E00005F026FF0546DFB1237FCBB1B4F9265086
:1054F000ED43ED0F637D13B963885B0709D5D4E9EC
:1055000010126FF000439A4208BFB1F1FF3F0DD176
:105510009DB930680330FDF73DFE307405B0F0BD35
:10552000002DE7D0657F002DE0D1E3E702F0B6FD66
:10553000D4E9102390429941EAD30122294620461A
:10554000FFF72CFB50B1FDF707FE054602F0A6FD64
:105550000B4BE5FB0301C4E91001DAE7002DD8D0BD
:1055600040F61C2183E700BFEC2E0020DD52000036
:10557000794C0000154D0000D6BE898E555555005A
:1055800040420F0073B50446FFF764FF0021204638
:10559000FFF7CEFD236E0BB101221A606388DB0793
:1055A00024D50023124EA569CDE90033FF2373747F
:1055B0006846FCF755F8C8B9009CA542F8D095F8A4
:1055C000B32094F8B30005F1B40304F1B40106F07C
:1055D00040FD0028ECD094F8AC307374D4F8AD30B2
:1055E000C6F81230034BB4F8B1209A8002B070BDF7
:1055F000EC2E0020FE2E0020024B9861DB691B6818
:10560000184700BFEC2E002043881B0710B5044646
:1056100012D583690A493C2280F87320B3F8AA3076
:10562000A0F87430FF2380F891304FF6FF73A0F894
:1056300092306A3007F00DF8FF2384F8693010BD0E
:1056400011D300005DD300008552000063D3000039
:105650005D50000085550000554C0000CD52000003
:1056600044560000485600005056000001380228F9
:1056700008B503D9C4212F20FBF78CFC13290A4B52
:1056800005D811290CD8102907D0D221F3E7152904
:10569000FBD103EB4003D88801E033F8100008BDCC
:1056A00003EB40039889FAE79CB10200294A38B518
:1056B000948803461C43402B1068948004D1042135
:1056C000BDE83840FFF76AB9802B01D10521F7E723
:1056D00003F00304032C04D140F6A4313120FBF77E
:1056E00059FCDD0706D50C6891602478062C0FD094
:1056F0000B2C17D09C0706D509680978117305296A
:1057000019D00B2921D09B0644BF0823537338BD01
:10571000C47B1B2CEED100240025C0E91C450124CC
:10572000C474E7E7C47B112C01BF0024C4740124B6
:1057300080F85240DEE7C17B1729E4D10024002520
:10574000C0E91E4501210175DDE7C17B1029DAD1D1
:105750000021F8E70C2F00200C4A517B034689B941
:1057600010683BB9B0F80411B0F8E820914209D8AC
:10577000FFF706B993881B0706D5007C073818BFCA
:105780000120704700207047012070470C2F002037
:1057900073B504460068036813F0300F0D4649D115
:1057A000B1F805101A2904D9B5F80730B3F5A47F6C
:1057B00006D22978204602B0BDE8704007F0D3B881
:1057C000B5F801201A2AF4D9B5F80360B6F5A47F1C
:1057D000EFD30096DC3006F0CCFF174B9A88920787
:1057E0000DD51B7B142B0AD12268136843F01003DC
:1057F0001360204607F08EF8002002B070BD2368C9
:105800009A7B202AF0D093F82331002BECD1236827
:1058100093F82231002BE7D123681A68B3F8AA0065
:1058200042F020021A6003F1DC0103F5A472FDF7D7
:10583000E7FFDEE70120E0E70C2F00202DE9F84329
:10584000614D06462C6800287ED1AB881A0725D505
:1058500094F89E30FE2B04D140F2FB513120FBF72F
:1058600099FBFE2384F89E30E37B1D2B05D184F841
:105870005100284607F058F8E673A37B232B06D186
:10588000E37B233B072B94BF2A232423A373237C8E
:10589000072B02BF0223AB7384F89E30AB88DB0773
:1058A00017D4AB885F0776D499077DD5287B2B6802
:1058B00001220D2883F89F2073D011287DD007285E
:1058C0007DD0FEF73DF9034600286BD140F2EE5142
:1058D000C4E7D5F80080A96898F80F30D1F8009097
:1058E000103B0F2B99F8007009D8BB1EDBB2092BB7
:1058F00067D840F2333222FA03F3D80761D5097929
:105900003846FDF773FD20B939462F4807F02BF8CC
:1059100039E0012F01D9162F21D198F80E0007F098
:1059200012F840B198F80E30232B04D0242B07D165
:105930002A2388F80E303846FEF7F8F803461BE0B5
:10594000162F14BF022620266B7B1B0704D5E37B92
:10595000103B0F2B98BF08263046BDE8F883112F67
:1059600015D005D8072F14D00D2FE4D1174B05E023
:10597000142FE0D1164B1B68002BC5D0AA68124823
:1059800012794946984700288BD00646DCE7114B30
:10599000F4E7114BF2E7227C062A04BF0122AA7326
:1059A00082E70E4B08489847AB88DA06CCD5E37BF4
:1059B000092BC9D10A23E373C6E7094BF2E7094B68
:1059C000F0E70826C0E700BF0C2F002055D80000E4
:1059D0001035002099D800006D5A00007FD70000D4
:1059E000CBD70000F5D700002DE9F041A0F10E045F
:1059F0000B1EE4B208BF1F23172C16460AD8012538
:105A0000A54040F251210D4207D115F460051FD188
:105A1000082C07D00020BDE8F081BDE8F04100214E
:105A200007F061BE1468A17B242906D119463046CF
:105A3000FDF7D8F884F82C5105E02A29EAD1E37B58
:105A4000233B072BF3D80023A37384F84A30E1E704
:105A5000054A1468002CDDD01A460146234630461C
:105A6000BDE8F041184700BF1435002070B54D78EF
:105A7000A5F10E03DBB2152B04460CD8012101FA67
:105A800003F640F25122164207D10268152B927B91
:105A90002AD0082B07D0002070BD02462846BDE85A
:105AA000704007F020BE242A01D02A2AF3D12046D4
:105AB00006F028FF2368DA7B252AECD093F86320D0
:105AC00022F0010283F86320226892F8633023F009
:105AD000080382F863301A212046FDF783F8236813
:105AE000002283F82C21D6E72C2AD4D1024B1B6844
:105AF000002BD0D09847CEE7183500202DE9F04193
:105B000090F86E7290F86F6204460D467FBB90F875
:105B1000141176BB94F8153184F8141184F81531FA
:105B2000FF2384F81631154B1B6804F1A8080BB14C
:105B30004046984794F82C31012B01D03E4303D0C6
:105B4000237B43F001032373404606F019FE18B18E
:105B5000237B43F00203237306212046FEF71EFF3A
:105B6000002384F82C3135B1A373BDE8F0813946A8
:105B7000CFE73346D0E7E573F7E700BF1C350020D9
:105B800073B5484D002604462860AE806E73AE7330
:105B9000FF2380F84C30B0F8B231002B7CD090F865
:105BA0009E30FE2B78D190F82031002B74D0037CEE
:105BB000063B012B70D990F82131A0F8446080F8A1
:105BC000A0300221012207F0E7FD84F8BA6102212A
:105BD0002846FDF7FFFEB4F8B611B4F8B821B4F8C2
:105BE000DA30013989B2B1FBF3F31344A4F8B831C8
:105BF000B4F840300B44A4F84030204607F019FEBA
:105C000010B1636B0B446363B4F8B231012B9CBFDA
:105C10000133A4F8B231002609B184F8BE61E37BF8
:105C200084F8BA61093B012B0FD8E388B4F86C22E1
:105C30009B1A190409D404F26E2104F1160006F02F
:105C40003DFBE673FF2384F84B30B4F8B62104F132
:105C5000A801204606F078FBE37B134A1349103B6A
:105C60000F2B8CBF0023012300932868104BFCF7F7
:105C700065FA2C68237BDA0703D50A480021FCF774
:105C8000B1FF237B9B0703D504F23F10FDF7B2FD64
:105C90000023237302B070BD94F89E10FE299AD0A1
:105CA000004896E70C2F002059570000AD56000021
:105CB000B55C00002DE9F047B24F0E46B9883C684C
:105CC0008D0556BFB4F8402000230132804646BF00
:105CD000A4F8403084F8BE31A4F84020204607F0F4
:105CE000A8FD38B10B4604F59B7204F1A8012046CB
:105CF000FEF7E2F8BB8803F4C06323B1A37C002B5A
:105D000045D0032B49D0A27CBB88012A03D11805BA
:105D100044BF0222A274B8F1000F40F08F805906F0
:105D20005DBFB4F8D821013292B24246A4F8D8211E
:105D300003F00A020A2A0CD13A7B022A09D123F085
:105D400008033046BB80FFF779FD08233043C6B215
:105D5000BB803046FFF772FD3D6895F89E303043BA
:105D6000FE2BC6B23BD1D6BB2B7C063B012B36D9D2
:105D700095F82031ABB195F82131A5F8446085F84C
:105D8000A03001220221284607F006FD27E001216C
:105D9000A1742046FEF702FEB5E70223A374012199
:105DA000F7E795F80FA0AAF10F0A5FFA8AFABAF19D
:105DB000100F40F2E9802B68DA0702D5324609213C
:105DC000E1E7980740F18D8032460C21284607F024
:105DD000E3FC95F8533043F0010385F85330B4F8F1
:105DE000B83194F8BB510133A4F8B831002D00F05C
:105DF000FB81FCF767FA10B10023A4F8B831A17C4D
:105E0000012940F22382237C072B40F00582B4F85D
:105E10004030022B40F21A82B4F842500135ADB244
:105E2000E3882B44A4F8B03194F8BC31002B00F087
:105E300011820123E2881344A4F8B431BB883D6881
:105E40005B065FBFB5F8C431B5F8B6219B189BB2AD
:105E500048BF0023A5F8C43195F820311BB92B7C2D
:105E6000063B012B06D8B5F84430B5F8B6211344EB
:105E7000A5F8443095F84A1031B1B5F84630B5F878
:105E8000B6211344A5F8463095F95020002AC1BF29
:105E9000B5F84E30B5F8B6011B18A5F84E3095F898
:105EA000313063B9B8F1000F40F05E82BB7B022B4A
:105EB00040F0168295F8A030062B18BF162395F8EF
:105EC000302022B92F4885F83130FDF743FE2846AF
:105ED00007F00FFD002384F84C30BDE8F047FCF7D5
:105EE000D7BE590702D5324613214CE71A0706D50B
:105EF00095F8983085F8A0303246072143E713F033
:105F0000300F3AD095F82331002B5BD195F8223130
:105F1000D3B1EB7B282B05F1A80005F5917105F2B3
:105F20006E2228D0AB7BA3F1280CDCF1000343EBFD
:105F30000C0306F010FC2B6823F0200343F0100341
:105F40002B60002385F822312B68DA063AD505F15B
:105F5000A80006F015FC18B105F23F10FDF74AFC49
:105F6000B5F8FE30A5F8A030B5F80231A5F8A2309A
:105F70000022152107E70123DBE75B0622D500227B
:105F8000242100E70C2F0020D7F8009099F80F305B
:105F9000172B2DD011D8102B1DD0152B1FD0AB7B5C
:105FA000002B63D1EB7B0F3B102B67D995F83E306C
:105FB000002B63D001221221E5E61F2BEFD13246E0
:105FC00006210AE03868C37B252B3FD0342BE6D16D
:105FD00000221121D8E632460B214846D4E6484635
:105FE000FDF72CFE00283FF4FAAE00220421F4E76E
:105FF00099F86832012B07D132460521484607F04F
:10600000CBFB89F86862EAE699F86832022BD9B2CC
:106010007FF4E5AE99F8523053B1062389F8A030E9
:106020003246484607F0B8FB002389F86832EAE7B1
:106030003B6840F20632A3F89A2099F8623013F0D8
:10604000040F32460CBF0D211121EAE790F82C31E4
:10605000022B02D10022172196E690F82C31012B59
:106060009DD190F82D31002BF4D098E7082B05D165
:1060700095F8993085F8A03001223EE7BAF1100F6B
:106080007FF6ADAE3D6895F80E90B9F1000F7FF444
:10609000A6AE95F833313BB101220E21284607F018
:1060A0007BFB85F83391AEE795F8323183B195F8F3
:1060B000539019F0030A0BD101220C21284649F014
:1060C000010907F069FB85F8539085F832A19AE73A
:1060D00095F822313BB395F8233123BBEB7B282B7A
:1060E00005F1A80005F5917105F26E2219D0AB7B80
:1060F000A3F1280CDCF1000343EB0C0306F02BFBAF
:10610000002385F8223101221421284607F044FBA0
:10611000B5F8FE30A5F8A030B5F80231A5F8A230E8
:106120005DE60123EAE795F82C31012B3FD195F884
:106130002D31002B3BD1EA7BA2F12303072B36D96B
:1061400095F81401012806D0022804D04FF43F71BD
:106150000620FAF71FFF95F81511012901D0022931
:10616000F4D1022895F82E310BD0012B14BF002357
:10617000012343B9093A042A7FF631AE01221621E0
:1061800001E6022BF2E7022995F82F310DD0012B01
:1061900014BF00230123002BECD076480021FCF72C
:1061A00021FD002385F82C3119E6022BF0E795F844
:1061B00035314BB195F82D3133B9EB7B233B072BB0
:1061C00002D901222321DEE595F83431012B05D1D6
:1061D000002385F8343101222521D4E595F83431A6
:1061E000022B7FF4FCADF3E7FCF766F808B1A4F8E6
:1061F000B851FCF76FF800283FF401AE94F8BE31B7
:106200000133DBB2022B84F8BE3182BF0023A4F835
:10621000B83184F8BE31F2E594F83E3013B1A37B77
:106220000E2B13D1B4F84250B4F840302046ED1A8A
:10623000033D07F0FEFA58B1A36B626B033B9B1A58
:106240009D42A8BF1D46012D3FF7E9AD0125E7E5B9
:106250002B46F5E7012D7FF6ECADE37B13B10A2B5E
:106260007FF4E7ADA37B002B7FF4E3AD237C002B11
:106270007FF4DFAD02297FF4DCAD94F8BE31002B52
:106280007FF4D7ADD4F8BC00B4F8DA9004F072FE15
:1062900000283FF4CEAD94F89E30FE2B7FF4C9ADBC
:1062A000B4F8B231012B7FF6C4ADB4F8B821B4F81C
:1062B000CC309A42BFF4BDAD9B1A9BB2013DADB24A
:1062C000B5FBF9F59D4228BF1D4619FB05F3003DBE
:1062D00003F1010318BF01259BB284F8BA51A9E567
:1062E000012B08D16B7C002B7FF4E9AD00212846FF
:1062F000FEF754FBEEE55EB1F00633D4310733D43C
:10630000B20633D4B30733D14FF43161312020E7E3
:1063100039B1B5F84610B5F84830994201D3222377
:10632000CDE5002A05DDB5F84E20B5F848309A4293
:10633000F5D2B5F84420B5F842309A4209D2AA7C89
:10634000B5F8403052B1B5F842209A42CED8082371
:10635000B5E595F82031002BE1D1F0E7052BC5D943
:106360003E23ACE51E23AAE53D23A8E52323A6E5AD
:106370002A23A4E50C2F002013B5D0F87432D0F8EE
:10638000C42001909342044605D1D0F87812D0F889
:10639000CC20914216D0B4F8AA20A4F8872140F26C
:1063A000E242B3FBF2F3A4F88931B4F87832A4F8EE
:1063B0008B31B4F87A320A49A4F88D3104F27D1099
:1063C00006F050F9B4F87A22D4F8741201A8FCF758
:1063D000B7FF0023E3730323A37402B010BD00BF13
:1063E00061CA000008B5FDF7C9FA024B024A1A60FB
:1063F00008BD00BF1035002091570000074B93F9EE
:1064000000301844142804DC10F17F0F03DB40B285
:106410007047142070476FF07E0070471D2F0020DA
:1064200007B57F230DF107008DF8073000F0A6FDBA
:1064300003469DF9070053B1094B5B785B4240FA74
:1064400083F0142806DC10F17F0F05DB40B203B0A7
:106450005DF804FB1420FAE76FF07E00F7E700BF59
:106460001D2F0020024B00221A705A70704700BF87
:106470001D2F0020064BD3F8000138B1D3F80401DA
:1064800020B1D3F80801B0FA80F04009704700BF8E
:1064900000F00040034B00221A705A7010229A70CC
:1064A000704700BF1F2F002070B50646022014461B
:1064B0000D4600F0A3F8064B01221A70054B033C71
:1064C000C3F81045C3F80865C3F8045570BD00BF94
:1064D0001F2F002000F0004008B5022000F08EF8C9
:1064E000084B01221A70084B0022C3F80021C3F8A0
:1064F0000421C3F8082103F580334FF40002C3F8E8
:10650000042508BD1F2F002000F000400E4A08B5EA
:10651000137883B10D4B4FF40001C3F80815FFF752
:10652000A9FF68B101235370094BD3F80034DBB2E3
:10653000937000231370BDE80840002000F05EB89F
:1065400050701023F4E700BF1F2F002000F001401F
:1065500000F00040094B1A7862B1094BD3F80021D2
:1065600052B1D3F8040140B1D3F80801B0FA80F079
:106570004009704758787047022070471F2F00204D
:1065800000F0004008B5074B1A783AB1FFF772FFE8
:1065900030B1054BD3F80004C0B208BD9878FCE7D1
:1065A0001020FAE71F2F002000F0004008B50A4B2A
:1065B000D3F80025032A04BF01229A600022C3F801
:1065C0000025C3F8002500F0F9FE044B4FF400024B
:1065D000C3F8082508BD00BF00F0004000F00140EE
:1065E000054B4FF40042C3F88020BFF34F8FBFF339
:1065F0006F8FFFF7DBBF00BF00E100E010B504467E
:10660000FFF7D4FF012C06D0022C0CD054B18C2102
:106610003D20FAF7BFFC0B4B0222C3F800250A4AC3
:10662000C3F8142510BD074B0322C3F80025064A02
:10663000C3F8142503F580334FF40002C3F8042592
:10664000F0E700BF00F00040222F0020044B186844
:10665000062818BFB0F1FF3F0CBF01200020704793
:1066600068320020044B1868062818BFB0F1FF3FBD
:106670000CBF0120002070476832002008B5FFF7EA
:10668000E5FF38B1044B1868063810F1080F94BFC5
:106690000020012008BD00BF6C32002008B5FFF7C4
:1066A000E1FF38B1044B1868063810F1080F94BFA9
:1066B0000020012008BD00BF6C32002008B5FFF7A4
:1066C000C5FF38B1044B1868063810F1080F8CBFAD
:1066D0000020012008BD00BF6C320020064B0022C4
:1066E000C3F80021C3F80C21C3F81021C3F804211A
:1066F000C3F80821704700BF0010004070B5134D6B
:106700006E7F0346084626B940F6C1013E20FAF7DF
:1067100041FC63B9012EAC69297F05D100F03CFD35
:1067200020442B69C01A70BD07F09AF9F8E7012BD5
:1067300009D1012EAC69297F02D100F01DFDEFE7E0
:1067400007F099F9ECE70020EBE700BF30300020BC
:106750000B4B93F82B0088B193F82A307BB1094B8F
:10676000D3F8002242F00102C3F80022D3F850050A
:1067700000F0F600023818BF012070470120704772
:10678000303000200010004008B5094B0128187176
:10679000084B06D0022808D040F645513E20FAF7B3
:1067A000F9FB0322C3F8102508BD0422FAE700BF55
:1067B000303000200010004008B570B9104B28316F
:1067C000D96018460F4900F023FF0130012816D97F
:1067D00040F2C2613E20FAF7DDFB01280CD1084BE4
:1067E0002931D9601846074900F018FF0130012807
:1067F00005D940F2CC61EDE74FF4DA61EAE708BD74
:10680000E8200020B0B1020008B50C4B5B78012BEA
:1068100009D100F009FF013001280ED940F611110D
:106820003E20FAF7B7FB022B07D100F003FF01303F
:10683000012802D940F61711F2E708BD30300020D8
:10684000094B0A4A1B89B3F5166F3ABFA3F63813F2
:1068500043F48073A3F5166300F07F00C2F8083597
:10686000C2F85405704700BF3030002000100040CF
:1068700010B50C46FFF788FF2046FFF7E1FF0F4AEF
:106880000023C2F81C31D2F8003243F48873C2F8F6
:10689000003240F20313C2F8343540F25B63C2F8B1
:1068A0003835FFF7EBFE40B9FFF708FF28B9D2F8FB
:1068B000683543F4C023C2F8683510BD00100040AD
:1068C00073B50C46154D0646FFF75EFF2046FFF7F1
:1068D000B7FF214695F9052001AB304600F034FEA4
:1068E0009DF8050000F0ACFE20B140F2E3513E20DF
:1068F000FAF750FB9DF90400294600F035FC084BDF
:1069000040F20312C3F83425284640F25B62C3F814
:10691000382502B0BDE8704000F0FABD30300020EC
:10692000001000402DE9F04106460C46174601F0E4
:10693000C5FB0028FBD02C4B2C4D4FF40022C3F894
:1069400008259EBB01236B7095F82A301BB9A979E5
:106950003846FFF7B5FF264B33F817304FF47A72FD
:1069600003F5FA73B3FBF2F3224AE41A1E4BC3F8A1
:10697000AC252B691C4A204FE1184FF001081F4B32
:1069800085F82A80C7F84015C2F8A8352B6A43F469
:1069900000232B624FF40023C2F80435FFF7D8FE22
:1069A0000446B8B900242046BDE8F081012E0CD180
:1069B00002236B7095F82A301BB9A9793846FFF786
:1069C00057FF094B0E4A293CD1E740F634013E20DF
:1069D000FAF7E0FAC7F84C80D7F84C358B42E1DA89
:1069E0003046FFF7E9FEDEE700F0014030300020DE
:1069F00028B20200001000400080004040810040AA
:106A00000410004008B540221048002103F00EFF9A
:106A10000F4B1B6823F004020A2A05D0102B03D069
:106A2000082B0ED1402200E024220A48FF2103F067
:106A3000FDFE4FF080430022C3F8082EC3F8102E4D
:106A400008BD0D2BEED03822EFE700BF303000201C
:106A500068320020000E0040024B0344187E00F50F
:106A600016607047B0B10200024B98691B69C01AEA
:106A7000704700BF303000200A4B1A7FD3E9043042
:106A8000C01A094B03EB82031B6CC01A074B53F867
:106A900022304FF47A7203F2F313B3FBF2F3C01A0D
:106AA000704700BF30300020B0B102001CB20200BD
:106AB000FF2808B504D940F2CB213E20FAF76AFA44
:106AC000114B0129188504D0022919D04FF44F71B8
:106AD000F3E700230D4A43F4801340F0007043F4C1
:106AE000847340F44030C2F81435C2F81805D2F867
:106AF000503503F0F703032B05D140F25631DCE7A4
:106B00004FF08073E6E708BD3030002000100040F1
:106B100008B5FFF7B3FD50B1054AD2F8743723F03A
:106B2000807323F0010343F08073C2F8743708BD0B
:106B3000001000401E4B2DE9F0410226C3F8806092
:106B4000BFF34F8FBFF36F8F01F0B0FA044601F02F
:106B5000F3FB184D001B184C286100274FF001086B
:106B6000C4F8FC7FC4F8FC8F00F082FC40F20122E4
:106B7000C4F83085C4F85026104AC4F80062107C6E
:106B800000F076FD0E4A0A4B0E49C2F80415102299
:106B9000AF836F85AF61C3F88061C4F804231E60C2
:106BA0002B6C03B19847BDE8F04100F025BD00BF54
:106BB00000E100E03030002000100040E82000201C
:106BC00000F001400000020C014B5871704700BFFB
:106BD00030300020034B020E0002C3F82425C3F816
:106BE0001C05704700100040044B054A0344907197
:106BF0001B7E03F516631381704700BFB0B102001E
:106C000030300020F8B52B4C94F82B3006460F4658
:106C100023B940F206713E20FAF7BCF9264A012357
:106C200084F82A30D2F8003243F00103C2F800326F
:106C300001F044FA0028FBD02EBB0123A179637038
:106C40003846FFF73DFE6378012B02D04FF4E9612F
:106C5000E1E71A4AD364A2F5E0421360174BD3F878
:106C60004C5530462946FFF7A7FD2369ED1AF6B9C2
:106C7000134B33F817304FF47A7203F5FA73B3FB02
:106C8000F2F35819F8BD012EE8D10223A1796370FF
:106C90003846FFF7EDFD6378022B02D040F25171C8
:106CA000B9E7064BDE64A3F5E0435E60D6E705F185
:106CB0002900E7E73030002000100040008000404D
:106CC00028B2020008B5FFF72DFE58B9064BC3F8ED
:106CD0004005A3F5E04301221A610220BDE8084007
:106CE000FCF742BD08BD00BF0080004073B5234BD8
:106CF0002349D3F80443234D02224FF0FF30C3F859
:106D00000803C1F880212049C3F8002200226A85C7
:106D1000C1F8402501F5B8314FF46026C1F8086587
:106D2000D3F85015C9B204F01004D1B18DF80700A2
:106D3000C3F8102101221A619DF8072012B1D3F87F
:106D400010213AB19DF807305BB940F6FF013E20B3
:106D5000FAF720F99DF80720013AD2B28DF8072002
:106D6000EAE7FFF751FD054B0022C3F810212A8006
:106D700014B11022C3F8042302B070BD001000400B
:106D800000E100E0303000200080004038B51B4DAD
:106D90000024C5F84845C5F84445C5F84045C5F840
:106DA0004C45FFF7A3FF00F02DFC154B15491A6A5F
:106DB0001C6242F0446242F40032C1F80825C3E983
:106DC0000544DC70104BC5F848450222C5F844451F
:106DD000C5F84045C5F84C45C5F84841C5F844419B
:106DE000C5F84041C5F84C41C3F88020BFF34F8F30
:106DF000BFF36F8FC3F8802138BD00BF0080004013
:106E00003030002000F0014000E100E070B50F4D8F
:106E10002C7806461CB96C70EC706C8570BD18B18E
:106E2000BDE87040FFF762BF013C18BF0124AA789B
:106E300096212046FFF762FC2E80AA7885F82A600A
:106E400001462046BDE87040FFF73CBF30300020CF
:106E5000014BC3F83C0570470010004010B50FC847
:106E6000014C84E80F0010BD743000200A490B4B20
:106E700010B5C1F80405012483F82B405862FFF7D0
:106E800067FC40B9064BC3F840050C610320BDE820
:106E90001040FCF769BC10BD0010004030300020ED
:106EA00000800040174B1A6910449A69824210B55D
:106EB000154C09D30220FCF757FC0023C4F84035D9
:106EC000124B01221A610CE00122DA706264D4F8DC
:106ED00044150531814205D30C4BD3F80411002928
:106EE000F0D010BD0022C4F84421C4F844051A6A49
:106EF00042F480021A62064B4FF48002C3F8042564
:106F0000EFE700BF3030002000800040001000405C
:106F100000F0014010B50B4C0346607F217F2279C1
:106F200001284FF0960009D100F044F9A3692269C5
:106F30009B1ABDE810401844FFF7B4BF00F054F9A5
:106F4000F4E700BF30300020044BC3F86005D3F8ED
:106F5000002242F04002C3F80022704700100040B7
:106F6000054BD3F8002222F04002C3F80022002291
:106F7000C3F86025704700BF001000400A4A014670
:106F8000D2F81C0182B068B1D2F8483503F07F0313
:106F90005B420B700023C2F81C31D2F81C31019304
:106FA000019B012002B0704700100040034B0028F5
:106FB00014BF0222012299701A70704730300020ED
:106FC000054B0022C3F84025044AD2F85035DBB205
:106FD0000BB1012313617047008000400010004096
:106FE00030B5044BD3E90C459B6BC0E900450B6001
:106FF00030BD00BF303000202DE9F04701F05AF8D5
:107000004D4C4E4E4FF00109C4E90C01C6F84C90AE
:10701000D6F84C35A363FFF7F7FB494B226AC3F858
:1070200008250025474A2562C3F8AC55D2F800323E
:1070300023F48E7323F00103C2F80032D6F84835EA
:10704000A361D6F84435636163786377D2F80C8125
:1070500084F82B50D2F81011FFF740FB6778022F0D
:107060004FD1E37813B1D6F8443113BBB8F1000F18
:1070700026D0FFF703FB50BBFFF720FB38BB314B9B
:10708000D3F85034D90122D51A0705D013F0F00FE8
:1070900002D013F4706F1AD12A4AC3F304410129B4
:1070A000D2F8542413D1012A11D0C3F34253022B36
:1070B0000DD80120FFF7AAFE636CBDE8F047184722
:1070C000002937D00120FFF7A1FE236DF5E72379D2
:1070D00023770020258DFFF799FE1A4BD3F8003453
:1070E000DB070CD5636A5878A84294BF00200120C2
:1070F000A36C002180F00100BDE8F0471847012093
:10710000F6E7012F13D123792377B8F1000F06D0CA
:107110002846FFF77BFEE36C39462846ECE749B189
:107120003846FFF773FEE36C41464046E4E709B199
:107130004846C8E7BDE8F0873030002000800040B6
:1071400000F0014000100040024B03EB8003186C7C
:10715000704700BFB0B10200024B03EB8003D86C54
:10716000704700BFB0B10200024BC0B2C3F80C05BB
:10717000704700BF00100040064A4FF47A7332F99E
:107180001120584300F2E7301044B0FBF3F002380E
:10719000704700BF14B20200054A4FF47A7332F907
:1071A000112000FB03301044B0FBF3F0704700BF28
:1071B00014B2020038B51D460A4B33F9114003EBF7
:1071C000820305359B681C4404F6B7344FF47A7388
:1071D00003FB00441046B4FBF3F4FFF7B5FF25446E
:1071E000284438BD14B2020070B50646084615465C
:1071F000FFF7B2FF094B03EB85039C684FF47A73EA
:1072000004F6B73403FB0644241A2846B4FBF3F40F
:10721000FFF79AFF0530204470BD00BF14B2020092
:10722000024B00221A705A709A7070478430002006
:107230002DE9F041054601200C4617469846079E69
:10724000FFF7DCF99DF8243005F0030141EA034122
:10725000244B41F08071C3F80415234B214604F1FF
:107260001002184651F8044B43F8044B9142F9D1EF
:107270001E499DF81830C0F814800761CB7633683A
:10728000CB6173680B62174B194AC3F80805126883
:10729000062A09D001321FBFD3F81825BDF82000F7
:1072A00060F30702C3F81825124B134AC3F80825E8
:1072B00015F0FB0F01BF114AC3F89825FC3AC3F83B
:1072C0009C250122022D4A7081F8245007D8054BD5
:1072D0000A700021C3F80011C3F800121A60BDE85B
:1072E000F08100BF00F00040873000208430002093
:1072F0006832002000F001400000020200F100406E
:1073000070B5194C637823B94FF4D5713C20F9F767
:1073100041FE164BC3F80C15C3F8100594F8245021
:107320000122A270C5B924780CB99721EEE7104C60
:10733000C3F804514FF40035C4F80455D3F8006184
:1073400016B15A60C4F808550B7803704B780433B3
:1073500043708B78837070BD00212270C3F80411D4
:10736000C3F800221A60F6E78430002000F00040E5
:1073700000F001400E4A08B5537823B94FF4DF718D
:107380003C20F9F707FE0B4BC3F80C150121C3F89D
:107390001005917012780AB9BA21F1E70022C3F8FA
:1073A0000421054B4FF00072C3F8042508BD00BF4F
:1073B0008430002000F0004000F00140084B1A78B3
:1073C0004AB10849084AC1F808250022C1F89825A1
:1073D000C1F89C251A7000225A709A70704700BF3D
:1073E0008430002000F0014000000202194B1B789D
:1073F00070B523B94FF4F2713C20F9F7CBFD164C70
:10740000D4F80431BBB90223C4F80433134B144E2F
:107410001D691A6942F0100205F010051A61D4F8CE
:1074200004317BB125B90D4A136923F010031361B0
:107430000223C4F80833084BD3F80004003818BFFF
:10744000012070BD4FF40043C6F8803106F092FD74
:10745000E5E700BF8430002000F0004000ED00E0D0
:1074600000E100E0014B01229A60704700F000400B
:1074700010B5FFF7F7F888B1224B1B68063B0833BD
:1074800033D9214AD2F83C3723F0004323F0FF03DD
:1074900043F0004343F09603C2F83C37FFF7FEF891
:1074A000194C38B1D4F8403723F47F4343F4B05338
:1074B000C4F84037154BC4F8783700F0D3F838B12A
:1074C0004FF08053D3F830335A1C18BFC4F84C37F0
:1074D0004FF01023196E4B1C1FBF0B4AD2F88C358E
:1074E00061F31743C2F88C3510BD074AD2F83C3718
:1074F00043F48063C2F83C37FFF7B4F80028C0D1EA
:10750000CCE700BF6C320020001000402C00008946
:1075100008B50146FFF7C2F898B10B790948022B6C
:107520004FF08053D0F88825D3F8203322F4FE4260
:107530000CBFC3F30663C3F3062342EA0323C0F878
:10754000883508BD001000402DE9F04F264C85B06D
:10755000054698460E46174600F0C8F82378AB4219
:10756000814611D16378B3420ED194F90230BB4207
:107570000AD1E378834207D1A388A8F8003094F9B0
:10758000060005B0BDE8F08F012D06D0022D10D009
:1075900040F289410620F9F7FDFC00200DF10F03B0
:1075A0003A46314600F0A8F8824620B14621A9208B
:1075B000F1E70120F2E730469DF90FB0FFF74CFAF2
:1075C000A91E4A4203464A41CDF800A0414658460A
:1075D00000F03CF8B8F80030A071A3802570667008
:1075E000A77084F80390CAE700210020014B1B68B4
:1075F0001B68184730210020014B1B685B68184747
:1076000030210020014B1B689B6818473021002067
:10761000014B1B681B69184730210020014B1B6878
:107620005B69184730210020014B1B689B69184794
:1076300030210020014B1B68DB69184730210020F6
:10764000014B1B689B6A18473021002030B4044C62
:107650009DF8085024680295E468A44630BC604751
:1076600030210020014B1878704700BF20350020E2
:1076700010B500220C49134640FA02F4E40744BF57
:10768000CA545C1C02F1010248BFE3B2042AF3D1E0
:10769000054AFF24D118032B01D9107110BD013305
:1076A00001F8014BDBB2F6E72C350020C1DA00000F
:1076B000C7DA0000C9DA0000EFDA0000CDDA000016
:1076C000F9DA0000D3DA000003DB0000D9DA0000A9
:1076D0000FDB0000E5DA0000E9DA0000DBDA000089
:1076E000E1DA0000FFDA000009DB0000014B187D41
:1076F000704700BFB8300020042810B511D883B1FE
:1077000004280CBF10242824A1420AD2064C54F8A5
:10771000200018B141568A42A8BF0A461A700020BC
:1077200010BD6FF01500FBE7B830002030B5034600
:10773000114890F91C209A4219DD90F924209A42B0
:1077400017DA9A1A846AA05C0C4A15569D420DD02D
:107750000E32002918BF01309442C0B206D129B1BF
:10776000013BDBB2012B01D80130C0B230BD0D208E
:10777000FCE70020FAE700BFB830002034B2020076
:1077800008B5054B93F91C30984203DAFFF7CEFF9A
:10779000024B1B56184608BDB830002034B2020018
:1077A00008B5184B93F82C20FAB9012283F82C2045
:1077B000154A1268A2F10800082803D813490141AC
:1077C000C90709D5911F092910D9013212D04FF4E8
:1077D000DF71742002F040FD0D4A9A62D8221A62CD
:1077E00083F8242008229A611A7708BD094A0A41C1
:1077F000D207ECD4084A9A62D8221A6283F824206D
:107800000422F0E7B830002068320020DEFEFFFFDF
:107810006FB20200EEFCFFFF42B2020010F0FF0068
:1078200008B508D14FF0804301225A60C3F8000127
:10783000034B187008BD7C21B52002F00DFD00BF80
:10784000E5300020014B01221A707047E53000201E
:1078500008B548B94FF08043D3F8003113B9044B51
:10786000187808BD0120FCE7C221B52002F0F4FC25
:10787000E5300020044B1868062818BFB0F1FF3F20
:107880000CBF0120002070476832002008B5094B6A
:107890001A680A2A02D1084B1B6823B1FFF7EAFFD6
:1078A00008B9082A04D14FF080430222C3F8342CCF
:1078B00008BD00BF683200206C320020F8B50F4EC2
:1078C0000127375404460D4606F02EF960B934B945
:1078D0004FF08043B7707560C3F80473F8BD40F291
:1078E00025116D2002F0B8FC002DF7D01CB9204600
:1078F000A8477460F2E74FF4A071F2E7E830002087
:10790000044B191800228A7003EB80011A544A6054
:10791000704700BFE8300020014B9881704700BFDE
:10792000E8300020014BD889704700BFE8300020C4
:10793000014B9889704700BFE830002010B5EFF385
:10794000108472B6064B03441A7C0132D2B21A7408
:107950001B7C012B01D106F0DBF804B962B610BD27
:10796000E830002010B506F007F906F0DDF84FF01A
:107970008044084940B1FFF789FF012323610423B4
:107980008B740023CB7410BD03238B740123C4F8C4
:107990000433F6E7E830002010B5EFF3108472B638
:1079A000094B03441A7C22B940F257216D2002F0A2
:1079B00053FC1A7C013AD2B21A741B7C0BB9FFF744
:1079C0002DFF04B962B610BDE8300020024B987C50
:1079D000003818BF01207047E830002038B5164C39
:1079E000237D23B940F206316D2002F035FC637D22
:1079F000C3B9A37DB3B1E27C013B9A4212DA06F02F
:107A000093F8054602F07AFDA37D012B82BFE37C4B
:107A10000133E37455B1A369C31A0133022B09D9A9
:107A200035B1A061BDE83840FFF79CBFE369F3E7DB
:107A3000E061F7E738BD00BFE830002073B51B4DAB
:107A40006B7D63B9286A00F0030006F085F830B159
:107A5000EFF3108372B6AA7C1AB103B962B602B012
:107A600070BD0122AA7403B962B64FF080430822A8
:107A7000C3F808234FF42073ADF80630BDF8064074
:107A8000A4B2631E9BB2ADF80630002CF6D14FF0C5
:107A900080460748C6F80C4106F04EFA85F82540A6
:107AA000FFF760FF0823C6F80433D8E7E83000206A
:107AB0000C3100202DE9F347484C237D002B00F0CA
:107AC0008A800323ADF804304FF08043D3F800518F
:107AD000F5B9D3F80481B8F1000F09D04FF0804315
:107AE0000022C3F804210222C3F80823FFF7A6FFEF
:107AF00094F825603A484FF08047F6B2D7F80C81E9
:107B000006F01EFA48B340F243316D2002F0A4FBA8
:107B100000258DF804500122D3F80481C3F808230E
:107B20000DF10409271DA61C19F8010B03280AD022
:107B3000337843B13B684FF0000A86F800A013B1D8
:107B40009847C7F800A06B1C022B07F1040706F149
:107B500001064FF00105E7D1BDE745B1A37C032B3A
:107B600005D10423A374FFF791FE01233B61B8F113
:107B7000000F1FD04FF080430022C3F80C21A37CDC
:107B8000042B02D040F26931BFE7164B1A680A2A6B
:107B900002D1154B1B6823B1FFF76CFE08B9082A08
:107BA00004D14FF080430022C3F8342C0223A37485
:107BB00005F0E5FF4EB1002384F82530A37C022BAD
:107BC00001D1FFF7CFFE05F0DAFF054802B0BDE8AE
:107BD000F04706F0C4B902B0BDE8F087E8300020F5
:107BE0000C310020683200206C32002010B5054CAA
:107BF000206A00F0030005F0AFFF0028F8D0002055
:107C000010BD00BFE8300020F8B5054650B102783D
:107C1000042A07D8437842B9013B1F2B02D8837846
:107C2000212B07D96FF0150075E0002BFAD183786E
:107C3000002BF7D17B4B0127C3F88070BFF34F8F28
:107C4000BFF36F8F4FF08046C3F88071764C0B23E3
:107C5000C6F808330023C6F80031C6F80431C6F868
:107C60000C3123746374AB88E38105F060FF08B1C5
:107C700027702774D6F80C24D6F80C34D20303D519
:107C8000DF0701D5FFF7DEFD4FF4AF63A3812B784B
:107C9000A978637500222262A175E274042B4DD885
:107CA000DFE803F005033A484A000123236205F0A8
:107CB00045FF00284DD005F048FF236A03F0030379
:107CC000984246D1AB79002B3DD1FFF78FFFA37DC2
:107CD0006BB12B785BB905F027FF054602F00EFC6F
:107CE0006FF00043002D00F09980C4E906034FF0C7
:107CF0008043D3F80C24D3F80C34D20303D5DB072C
:107D000001D5FFF79FFD474A01230020A07423758A
:107D1000C2F880311360F8BD05F02EFF4FF08043AC
:107D2000D3F80C14D3F80C24CE03F9D5D007F7D52B
:107D30000223BBE73D4BB9E73D4BB7E740F21E518D
:107D40006D2002F089FA4FF080430222C3F8042329
:107D5000BDE74FF080430122DA600022C3F804211E
:107D6000226AC3F81825334A1368A3F10E010129CA
:107D700004D90A2B02D0FFF77DFD48B14FF08053A4
:107D80004FF08041D3F84432C3F34233C1F83C355D
:107D90001368A3F10E02012A04D90A2B02D0FFF7BF
:107DA00069FD20B14FF080430122C3F84C254FF00C
:107DB000804301229A600222C3F80423AA79002A90
:107DC00085D1D3F80423910702D440F2D141B7E71B
:107DD000194A1669116941F010011161D3F8043193
:107DE00006F010060BB906F0C7F84FF08047D7F839
:107DF000043183B1FFF7FAFE26B90F4A136923F065
:107E0000100313614FF080430222C3F808230022BD
:107E1000C3F804215BE706F0ADF8E8E7C4E90630F3
:107E200065E700BF00E100E0E8300020010002004B
:107E3000010003006832002000ED00E010B50D4C99
:107E400004F1240006F07CF848B9A37C022B01D190
:107E5000FFF788FDBDE81040074806F080B8074AE4
:107E6000012384F82530BDE81040C2F8003105F048
:107E700083BE00BFE83000200C31002000E100E0AC
:107E800038B50C4B0C46197919B183216F2002F0DB
:107E9000E3F960B95D790DB1002038BD01225A7156
:107EA000FFF74CFD21462846FFF708FDF4E76FF089
:107EB0001500F2E71031002038B50B4D2B79044640
:107EC0001BB19A216F2002F0C7F950B96B790BB939
:107ED000002038BDFFF714FD20466C71FFF75CFDF4
:107EE000F6E76FF01500F4E71031002010B501B38C
:107EF000F0B14FF0FF33104A1C46E0FB01349442CE
:107F000003D9DB216F2002F0A7F91A0D42EA0432EF
:107F1000C3F30F10094B00EB02404FF22444B2FBB5
:107F2000F4F103FB1100B0FBF4F040EA0140013032
:107F300010BD0846FCE700BF3F420F00000024F4DC
:107F4000014B9B68184700BF10310020014BDB68D4
:107F5000184700BF10310020014B1B69184700BFB4
:107F600010310020014B1B6A184700BF1031002060
:107F7000014BDB69184700BF1031002008B5064BE4
:107F80001B7923B140F237116F2002F065F9BDE88B
:107F90000840FFF723BD00BF10310020034B1A79C2
:107FA0000AB9FFF7BFBC988D704700BF10310020A1
:107FB000034B1A790AB9FFF7BBBC988A704700BF18
:107FC00010310020024B1B790BB9FFF737BD70470A
:107FD00010310020014B9B69184700BF1031002071
:107FE00010B5144C2379A3B1636A9847002806DBC7
:107FF00094F82E3023B1012384F83030002010BDD6
:10800000FFF7E8FF0028F6DA40F28D116F2002F04A
:1080100023F9094BA361094BE361094B2362094B27
:10802000A360094BE360094B2361FFF7EDFD0028D6
:10803000E1D0E4E710310020ED7B00003D7E000040
:10804000CD79000079DB00007FDB000085DB0000DC
:1080500038B5084B1D79044625B140F2E1116F2077
:1080600002F0FAF801F028F82046FFF755FC284600
:1080700038BD00BF1031002008B5074801F00AF8EC
:10808000054800F023F801F069FA01F04BFA00F01E
:1080900021FB012008BD00BF4431002001F0FCBBE2
:1080A000103001F02BB800BF01F040B801F02CBD3A
:1080B00001F0F4BD01F006BE01F0EABC01F068BCBD
:1080C00008B52721032002F0C7F800BF024B186053
:1080D00000221A719A6070474C31002070B582B04E
:1080E0001E4C2379012B11D0DAB2022A0BD1A068E1
:1080F0000DF1070100F014FB0023A36023719DF82C
:10810000070002B070BD012002B070BDA0680DF183
:10811000070100F0FBFAA5686B7DDB07ECD5AB7FB0
:10812000042BE9D001F046F806460028E4D001F01F
:1081300047F82A69B3682E686D68961945F10005FD
:1081400000220A3342F100021B1842EB0102B34243
:10815000AA41D1D3A06800F085FCCDE74C310020C6
:10816000837F0BB10020704710B50A684B688C689C
:10817000D1F80CC0C0F80CC08460026043600A698A
:108180004B694361012402618477054B1A792AB94E
:1081900098601C7100F0A4FF204610BDFFF790FF0F
:1081A0004C31002070B5044682B00D4601F002F853
:1081B000A37F012B17D02B686A68A9680646E86878
:1081C000E060A160236062606A692B6962610122DC
:1081D0002361A2770DF10701204600F097FA2EB136
:1081E000012002B070BD002002B070BD024B04211E
:1081F000186805F072FEF3E74C310020024B0621AF
:10820000186805F06ABE00BF4C31002010B5084B5D
:108210001A7952B90446986002221A7100F060FF80
:10822000A07FB0FA80F0400910BDFFF749FF00BF02
:108230004C31002038B5837FC3B1044609E0A37FE9
:10824000042B09D0A37F012B11D005F093FEA37F4F
:1082500063B1A37F032BF2D1EFF3108572B62046F2
:1082600000F0BCFA05B962B6A37F2BB938BD4FF454
:108270008271032001F0F0FFFF21032001F0ECFFE9
:1082800070B5054600F096FF08B3044600F098FF6D
:10829000A4680346E41841F1000628463346224606
:1082A00000F072FBA04271EB06034FF000050CD307
:1082B000001B6FF0010361EB0601834275EB0101C6
:1082C00000D370BD4FF0FF3070BD284670BD40F246
:1082D0002911032001F0C0FF2DE9F04104460F46AB
:1082E00000F068FF10B38568002362195B41064601
:1082F00013B10020BDE8F08100F062FF2A1841F1BF
:1083000000033846A51843F1000800F03DFBA842E1
:1083100071EB0801EDD301F0BFFA00F019FAB36870
:10832000377523440120B360BDE8F0814FF4A37199
:10833000032001F091FF00BF00F042BFF8B50369D0
:10834000002B4ED1044601F0A7FA05460E46FFF772
:1083500003FE78B3D4E90003643546F10006A84271
:1083600073EB060223D3C4E90003EFF3108672B661
:1083700000F020FF054698B100F022FFAB68002214
:108380000B3342F100021B1842EB0101D4E9000259
:10839000834271EB02053CBF03461146C4E900313C
:1083A00006B962B62046BDE8F84000F083BB284617
:1083B0003346D8E7FFF7FCFD074600F00FFFB84251
:1083C0002168626838BF3846963546F10006401984
:1083D00046F10003884273EB02053CBF0846134692
:1083E000C1E74FF4D171032001F036FF1C4B186830
:1083F000A0B350E9063130B550F8104C13F10A0221
:10840000036841F100011519A0F1180041F1000CB9
:108410001BB922E014D31B68FBB153E90621AA4221
:1084200071EB0C0419D290F814E013F8044C744565
:10843000F0D19C88B0F81CE0A4EB0E042404EAD52B
:1084400053F8100C0A3241F100018518A3F118000D
:108450001B6841F1000C002BDFD130BD704700BF1D
:108460005831002070B5264D00236B60EFF310816A
:1084700072B6AA686A60AB60EB6009B962B66A68F6
:1084800072B3204C00269379032BA2F1180028D058
:10849000136873B39A79042AA3F118038446A64695
:1084A0000FD1818B9A8B521A12049A6944BF0CF136
:1084B000180E184642B19C46A2F118039A7F042A6E
:1084C000EFD09B7F032B16D1DEF800201368CEF887
:1084D00000300221C368867798476A68002AD2D1A3
:1084E00070BD116852F80C3C967169600121984783
:1084F000F3E7A646EAE763219F2001F0ADFE00BF47
:10850000583100205C3100202DE9F04F6F4B04689A
:108510001B68456883B08283427D0646894602F027
:108520000102002B00F0CB80A3F1180C002A6ED0C2
:10853000DCE90001844275EB0107644A2FD39CF803
:108540001420337D9A421BD8DCF808301B1841F107
:10855000000113F10A0E41F10007744575EB0702A3
:1085600080F0A8803269121945F10000964577EB3A
:10857000000801D2724638469A428841C0F0828093
:10858000DCF818300CF11802002B00F09180A3F1F8
:10859000180CDCE90001844275EB0107CFD21F46BD
:1085A0006346B068001945F10008002B44D0CDE9BE
:1085B0000027CA46D3E9007110F10A0C48F1000205
:1085C000674571EB020245D21A7D96F814C09445B6
:1085D00019D39A68D21941F1000112F10A0941F147
:1085E000000E4C4575EB0E0745D237693F1945F132
:1085F000000CB9457EEB0C0B01D24F46F446974276
:108600007CEB010C3DD39B6923B3183BD2E7DCE93B
:108610000001844275EB01012C4A0CD3DCF81830C0
:108620000CF118023BB1A3F1180CDCE90001844203
:1086300075EB0101F2D21F46334643F8187F1360F1
:10864000FFF7D4FE864210D0002389F8003003B033
:10865000BDE8F08FDDE900273346D14643F8187FA7
:108660001360FFF7C3FE8642EED1012389F8003084
:1086700003B0BDE8F08F2746AC4697427CEB010C77
:10868000C1D2D146114A0423B377916800233376CF
:108690007376B376F37606F118020C4B69B1DB689A
:1086A0001A600B4B09491878CA6001F08DFFCBE7BF
:1086B0001F4676E7224628465EE79A60F1E712B940
:1086C0001746024AB8E7014A1F466AE758310020B8
:1086D0003421002010B50A4C2378FF2B0AD1094819
:1086E00001F048FF084B207000221A609A60DA609F
:1086F0001A8210BD4FF48D719F2001F0ADFD00BFB7
:10870000342100206584000058310020034B1A8A70
:1087100002F1010CA3F810C0FFF7F6BE583100209B
:1087200038B504460D46FFF761FE0346E31AB3FA77
:1087300083F35B0905482B7004F1180105F0F3FB86
:1087400010B10023A377012038BD00BF58310020AD
:108750002DE9F0431F4E34686CB34FF000083546E6
:10876000C6464FF004092346246853F8187C53F892
:10877000082CD21953F8147C47F1000C82427CEB90
:10878000010C1AD22A6812682A6083F80690B2682F
:1087900083F800E083F801E083F802E083F803E067
:1087A0007AB1F2681360F3604FF00108002CDAD15F
:1087B000B8F1000F07D1BDE8F0831D46002CD2D1DF
:1087C000F6E7B360EFE7044BBDE8F043187801F03B
:1087D000FBBE00BF583100203421002070B5154E7B
:1087E000B368054600F11801BBB1B368002423B992
:1087F00013E01A681C4682B113469942F9D10CB1B4
:10880000AA692260B268914204BF1B68B360F36832
:1088100099420AD00023AB7770BD074805F083FB6F
:108820000028F9D00023AB77F6E70023F460AB779C
:10883000F2E700BF583100205C3100202DE9F843F9
:10884000484E3468002C00F087804FF000080F4637
:108850000546B14641464FF0040E2346246853F8BE
:10886000180C53F8082C121853F8140C40F1000C93
:10887000AA427CEB070C69D2D9F800201268C9F82B
:10888000002083F806E0B268197059709970D970A9
:10889000002A5FD0F2681360F3604FF00108002CEB
:1088A000DBD1B8F1000F03D02F4B187801F08CFE0C
:1088B0003368002B50D053E90612A94272EB07002F
:1088C00053F8100C3CBF29463A46A3F1180C0A3065
:1088D0004FF000041B6844F10004091842EB040245
:1088E0001BB92DE016D81B6853B353E90604884220
:1088F00074EB020E24D29CF8148013F804ECF045BB
:10890000F0D1B3F804E0BCF81C80AEEB080E1EF406
:10891000004FE8D0854277EB040E294638BF014668
:1089200053F8100C3A46A3F1180C38BF22461B68C6
:10893000091842F100020A3142F10002002BD4D1A1
:108940000CF1180373616046BDE8F8839946002C6A
:1089500083D1A6E7B3609FE700239C46736160461E
:10896000BDE8F883583100203421002010B5054CB3
:108970006169204605F0D7FA18B1606900231838FC
:10898000636110BD583100201C49096839B3A1F159
:10899000180C9CF8141081421DD870B5DCE9004118
:1089A00012F10A0543F1000EAC4271EB0E0620D223
:1089B000DCF81060341941F10001AC4271EB0E019A
:1089C00015D2DCF8181071B1A1F1180C9CF8141034
:1089D0008142F6D8E2E7DCF818100029D7D14FF031
:1089E000FF30014670474FF0FF30014670BD2C4606
:1089F0007146B4F10A0041F1FF3170BD58310020D9
:108A000010B5837F022B06D0837F012B02D0837F9A
:108A1000042B1DD110BD437D13F0020313D103219C
:108A20000E4A81779468037600F1180143768376C5
:108A3000C3765CB1D3681960094BD160BDE81040C2
:108A4000187801F0C1BD0023837710BD9160F3E772
:108A50004FF4FF719F2001F0FFFB00BF5831002051
:108A60003421002070B5114D00F11806044631463E
:108A7000284605F058FA98B10423A377AA68002382
:108A800023766376A376E37642B1EB681E60084BEB
:108A9000EE601878BDE8704001F096BDAE60F6E774
:108AA0004FF402719F2001F0D7FB00BF5831002026
:108AB000342100202DE9F04F066983B0002E70D1DB
:108AC000D0E900158368077DEFF3108472B6DFF8F4
:108AD000DCC0DCF80020002A5CD013F10A0EBCF8E0
:108AE0001080CDF8048046F10006183AB046D2E96D
:108AF000003611EB0E0A45EB08099A4579EB060C96
:108B000048D38B4276EB050C28D3D2F810C01CEB6F
:108B1000030C46F1000BD4457BEB090B34BF4FF03F
:108B2000010C4FF0000CBCF1000F13D092F814C0F0
:108B3000BC4526D034BF4FF0010C4FF0000CBCF107
:108B4000000F07D013F10A01936846F10005591888
:108B500045F100059269EAB1183AC8E7D2F808A0D1
:108B600013F10A0C46F100091AEB0C0C49F100094B
:108B7000614575EB090934BF4FF0010C4FF0000C53
:108B8000D1E7B2F81CC0DDF80490ACEB090CCCF3D3
:108B9000C03CD4E704B962B6C0E9001503B0BDE833
:108BA000F08F40F227219F2001F056FB5831002022
:108BB000024B0521186805F090B900BF7031002004
:108BC000054B586810B1C3680521184710B54FF41C
:108BD0001B71B02001F040FB703100202DE9F047FF
:108BE0001646002B55D0D3E900894B4C804579EBD4
:108BF0000103A38A3CBF804689466433B8EB000575
:108C000069EB01070022AB422261BA41C4E9028943
:108C100016DBA36903F2A3139D4277F1000769DA1B
:108C20003E4AC4F8288040464946C4F82C9000F0DB
:108C300057FD3B4A052384F830303260BDE8F087A9
:108C4000627F237F1AB19A071ED40022627703F055
:108C5000010AA36903F2A3139D4277F100072EDAFC
:108C6000BAF1000FDCD0A08A2C4AB8EB000069F101
:108C70000001C4E90A0100F033FD0623284A84F804
:108C800030303260BDE8F087236A01209847237FA7
:108C9000DBE7214C637F2BB1237F9B0702D5236A3F
:108CA000012098470025657701F090F8FFF74EF90D
:108CB0002B461C4A84F830303260BDE8F08701F062
:108CC00085F8FFF743F9A08AA369BAF1000F01D034
:108CD000984215D8B8EB0300104A69F10001C4E9C5
:108CE0000A0100F0FDFC02230D4A84F830303260A6
:108CF000BDE8F08701F06AF8FFF728F9A369E9E712
:108D0000B8EB0000054A69F10001C4E90A0100F06E
:108D1000E7FC034A01238EE770310020B18B00008D
:108D20006D8E00006590000002392DE9F0410429A4
:108D30002DD8DFE801F00309292C0C00164A137F17
:108D4000003B18BF012353770020BDE8F0810446A3
:108D500000F092FC00F0A0FD0E460746FFF76EFD06
:108D60000D4D80466868FFF74BFE22463846314677
:108D70004346002400260027C5E902676C60FFF720
:108D80002DFF0220BDE8F081FFF7A8F9DCE740F2F3
:108D90001721B02001F060FA703100202DE9F84F62
:108DA0002E4C637FA769804683BB94F81C9019F012
:108DB000010934D100F070FD10EB070B41F1000AFE
:108DC00005460E4658465146FFF738FDA8B3D0E990
:108DD00000329B457AEB02011BD30023204AA56297
:108DE00028463146C4E902BAE662236100F078FC05
:108DF000B9F1000F18D0A38A1A4A9F4216D0022355
:108E000084F83030C8F80020BDE8F88F4FF0000932
:108E1000D0E7DD1B9B4662F100069246DDE7A38AA0
:108E20009F4238BF1F46C5E70E4AE8E7012384F892
:108E30003030C8F80020BDE8F88F637F2BB1237F66
:108E40009B0702D5236A012098470023064A84F82D
:108E500030306377C8F80020BDE8F88F703100200B
:108E6000B18B00006D8E000065900000023970B576
:108E70000546032900F2EB80DFE801F00602450811
:108E8000754B002283F83120002070BD724C94F89D
:108E900030301A1F012A40F29F8000F0FDFCA26AC8
:108EA0002369801A9842B8BF184694F83030206180
:108EB000022B7FD0237FD90740F1C480607F002838
:108EC00040F0C080236A98470123637794F83020EC
:108ED000022AD4E902034BD0012A70D02269323829
:108EE00043F1FF31101841EBE2715C4AC4E90A0119
:108EF00000F0F6FB94F83030062B0CBF052304235A
:108F000084F83030C0E7544C94F83030042B0FD83C
:108F1000022B25D8013B012B00F28F80FFF7DEF8F2
:108F20000028B1D000F0A6FC2846FFF737FF15E077
:108F3000053B012B00F28180FFF7D0F80028A3D079
:108F400000F098FC00F0A8FC06460C46FFF776FC03
:108F50002A46034621463046FFF740FE022070BDF8
:108F6000FFF7BCF800288FD0012384F831308BE75D
:108F7000227FD2070ED5627F62B9A18A374A401A92
:108F800063F10001C4E90A0100F0AAFB032384F89D
:108F9000303079E72169314A323843F1FF334018E4
:108FA00043EBE171C4E90A0100F09AFB042384F861
:108FB000303069E700F002FFFEF7C2FF86E7A169E3
:108FC000264A401A63F10001C4E90A0100F088FB57
:108FD000022384F8303057E7042B94F8316019D01D
:108FE000002EAFD1FFF7C2FC0028ABD06060C4E90F
:108FF0000D6600F035FB6068022383773146C36855
:109000009847D4E90201FFF7A3FB154B84F83060C1
:109010002B60A3E700F0E2FE0028E1D10020002150
:10902000FFF70CFC08B1FFF71DFD00F0CFFEFEF7C7
:109030008DFF2846FFF7B2FE90E74FF4CD71B020C8
:1090400001F00AF940F2B311B02001F005F940F245
:10905000F111B02001F000F970310020B18B000057
:10906000298D0000032910B506D801290AD840F23D
:109070005D11B02001F0F0F80429F8D10446FFF7A3
:109080002DF808B9002010BD2046FFF787FE02200A
:1090900010BD00BF10B5064A064C026000232060D8
:1090A00084F830302377FEF783FF5130A06110BD84
:1090B000659000007031002008B5074B074A196819
:1090C0000968914202D15130986108BD40F25121A6
:1090D000B02001F0C1F800BF7031002065900000A1
:1090E00010B5EFF3108472B6034B0421186804F036
:1090F000F4FE04B962B610BD7031002008B5094B0A
:109100005A684AB1D3E902218018BDE80840064AEE
:1091100041F1000100F0E4BA40F27221B02001F008
:109120009BF800BF70310020C18B000008B5064BD2
:109130005B681BB1BDE8084000F09CBB4FF41E719A
:10914000B02001F089F800BF7031002008B5054B50
:109150005A680AB1586308BD40F27E21B02001F080
:109160007BF800BF7031002008B5054B5A680AB182
:10917000986308BD4FF42171B02001F06DF800BF75
:1091800070310020044B9B6B03B1184710B540F2BF
:109190008A21B02001F060F870310020044B5B6B35
:1091A00003B1184710B54FF42471B02001F054F802
:1091B00070310020014B5868704700BF70310020AB
:1091C00008B5054B5A6812B1D3E9020108BD40F257
:1091D0009B21B02001F040F870310020034B187F34
:1091E00010F0010018BF988A704700BF703100204E
:1091F000054B1B681BB1D3E908200421104710B5AB
:109200007221452001F028F8B0310020054B1B6881
:109210001BB1D3E908200321104710B56C2145206C
:1092200001F01AF8B03100202DE9F04104460D4656
:1092300079B9174F3B683BBB16483C60FFF786FF88
:109240001548FFF791FFFFF777F8637D5B07064648
:1092500005D4D4E908302946BDE8F0411847FEF7A7
:1092600025FF2036361A7E6000F092FB0028FBD0E6
:109270000A4B0022C3F8A8252946C3F8AC25D4E937
:109280000830BDE8F04118478621452000F0E4FF92
:10929000B03100200D920000F191000000F001407B
:1092A000024B00221A601A81704700BFB0310020C3
:1092B00008B5074B1A683AB10648D060002119601A
:1092C000BDE80840FEF79ABFB921452000F0C4FF71
:1092D000B031002029920000C0E9081220220021AC
:1092E00001F0A4BA30B587B04B7A00220D46059242
:1092F000CDE900220492C3F3800282F001024FF014
:10930000000162F3820104462A78287A8DF815104C
:109310008DF8140069682B4802910390002A40D10F
:10932000D5E904209DF815C01CF0040FCDE90020FC
:1093300028D19DF815202449C3F340035B0043F076
:10934000010322F0030213438DF815304B68C3F379
:1093500008038BB1103B5BB2002B1CDB03F16043B5
:1093600003F5614393F800335B092BB96946204646
:10937000FEF718FF07B030BD69462046FEF7F0FE45
:1093800007B030BD203A01F1200140F1FF300092DA
:1093900002910190CDE703F00F0319440B7D5B09A7
:1093A000E3E72B690493FEF779FE9DF815305B0720
:1093B000CDE9000104D5029A6B7A20320292B8E717
:1093C0006B7AB6E72992000000ED00E010B5037853
:1093D00086B0B3B90446D0E90401CDE90433CDE940
:1093E00000010393217A6368029368468DF8141094
:1093F000FEF7A4FFDDE900230120C4E9042306B041
:1094000010BD4FF4AB71452000F026FF08B50A4BA4
:109410001B6863B15B7D5B0705D5FEF78DFF2030D0
:1094200041F1000108BDBDE80840FEF785BF4FF4DB
:10943000EE71452000F010FFB031002030B50C78FF
:1094400087B07CBB4B7A05940C7A8DF81440C3F33B
:10945000800E174C4D6803948EF0010ED1E9044143
:109460004FF0000C6EF3820C1CF0040FCDE90041AC
:109470008DF815C0029507D0203C05F1200541F17B
:10948000FF310094029501919DF815400492C3F3B9
:10949000400363F3410469468DF81540FEF760FE12
:1094A00007B030BD40F21F21452000F0D5FE00BFBF
:1094B0002992000070B4EFF3108672B617490D7848
:1094C000ADB1174BD3F80445D3F848314FF6FF72CE
:1094D00094421FD0E3B147F6FE739C4218D84B6804
:1094E000013306B962B6C0E9004370BC70470C4A4C
:1094F000D2F80445D2F8043153B14B6801334B60C4
:10950000C2F80451D2F80445D2F80431002BF4D14A
:109510004B68E6E7002BFBD11C46F9E7E831002059
:1095200000B0004010B50A4C002222742277094B8B
:10953000094801215960C3F84025C3F840214FF480
:1095400000221961C0F8082501F08CF8206210BDD6
:10955000E83100200080004000F001403749384BDE
:10956000F0B44D6A374C002201204A605860986080
:10957000C3F80843C3F84843C3F80421C3F84021A3
:10958000C3F84421C3F84821002D55D02E4C2F4E4E
:10959000C4F8A8652E4AC4F8AC55C4F85C394FF439
:1095A0000023C4F804350523C2F840351060D2F812
:1095B0004031002BFBD02448002301244FF4002528
:1095C000C0F808555460D460C2F84031C2F8403544
:1095D000C0F8A835C0F8AC35C0F8AC350B7833B35B
:1095E00091F82840184816491A4E1B4DE30003F124
:1095F000804303F5F8330122A2404FF6FF774FF482
:109600008024C0F80825C1F84443C1F84875C1F862
:109610000443C3F81065C3F81455C0F804250F4B74
:109620004FF40062C3F88021F0BC1A607047044B0D
:109630000222C3F80423F2E71860CFE7E8310020E4
:1096400000B000400200070000F0014040810040EF
:109650000080004048B1004008B0004000E100E058
:10966000044B4FF080411A6A0123C1F8083513609A
:10967000704700BFE831002010B4144C1449154A5B
:109680000023C4F8A8350120C4F8AC354FF0FF34EE
:1096900048600861C1F808430F4891684FF480742E
:1096A000C0F8804141B10D494FF48030C1F8080342
:1096B0001374C1F840319360126A10BC4FF08041BE
:1096C0000023C1F808351360704700BF00F0014067
:1096D00000800040E831002000E100E000B00040E0
:1096E000F0B55A4CA36883B0002B40F09F802578DA
:1096F000A260002D5CD1564B994200F29C80430F32
:10970000544E554F43EAC101A6FB0132C0F34F331B
:10971000920B03EB014307FB1233A6FB03639B0B86
:1097200043EA02434D4A02FB1300420B48F2376101
:1097300001FB02F2120C43F60957494907FB1200DC
:1097400000FB01F1490D43F6085601EB422207FBED
:109750000161B0EB512F88BF01320026002D41D0AE
:109760001F0C1B049D18684647F10007FFF7A2FE77
:10977000DDE90032053346F100064FF48031E2FBAB
:1097800001369D4277EB060647D32A0C4FF6FF7150
:10979000ADB242EA0742002D08BF0D4631494FF4F1
:1097A0008030C1F84055E260C1F8040303B0F0BD59
:1097B0002D4B994244D8430D264E274F43EAC121F1
:1097C000A6FB0132C0F34F13920B03EB014307FBDF
:1097D0001233A6FB03639B0B43EA0243234A02FBBB
:1097E0001300A2E71F0A1B069E18684647F10007F0
:1097F000FFF760FEDDE90032053345F100054FF06B
:109800008071E2FB01359E4277EB050505D3320EF0
:1098100042EA072226F07F45C0E7FF232374144B5A
:109820004FF40062C3F8002103B0F0BD40F2F9210B
:10983000052000F011FD4FF49471052000F00CFD9F
:1098400040F22311052000F007FD00BFE8310020A1
:10985000FF7F841E83DE1B43000024F40080841EEF
:109860006F0C010000B000407F841E0080841E0049
:1098700000E100E0064B9A684AB106494FF4803295
:10988000C1F8082300221A74C1F840219A60704779
:10989000E831002000B0004070B4EFF3108572B6DC
:1098A000364C207820B3364BD3F80425D3F84861E2
:1098B0004FF6FF739A4252D043F60951C2F30803A0
:1098C00001FB03F3500A01FB00F003F5807300EB8A
:1098D00053200021002E45D047F6FE739A4241D80E
:1098E0006368013325B3274A70BCE3FB020170476C
:1098F000234AD2F80435D2F8041111B36368013356
:109900006360C2F80401D2F80435D2F804110029CA
:10991000F4D143F6095CC3F30802580A0CFB02F2C7
:1099200002F580730CFB00F000EB532063681DB957
:1099300062B62278002AD6D1134AE3FB020170BC3A
:10994000704743F60956C3F30802580A06FB02F3B0
:1099500006FB00F003F5807300EB5320E6E71EB131
:109960000A4800216368BDE7636815B9284629469F
:10997000DEE7044A30463146DFE700BFE831002029
:1099800000B0004080841E000080841E61841E00A0
:1099900070B4EFF3108072B6384A15780DB3384BB7
:1099A000D3F80455D3F848614FF6FF739D4256D063
:1099B00043F60954C5F3080104FB01F16B0A04FBEB
:1099C00003F301F5807103EB51230024002E49D0ED
:1099D00047F6FE718D4245D85168013108B32948D8
:1099E00024E02749D1F80435D1F804414CB3536839
:1099F00001335360C1F80451D1F80435D1F8044162
:109A0000002CF4D143F6095CC3F308010CFB01F10F
:109A10005B0A01F580710CFB03F303EB51235168E2
:109A200018B962B610780028D9D11748E1FB003484
:109A3000D2E90C128B4294412CBF0120002070BC53
:109A40007047C3F3080143F609555B0A05FB01F1B2
:109A500005FB03F301F5807103EB5123DFE71EB132
:109A60000A4B00245168B9E7516810B9034604460F
:109A7000D7E7044833463446D8E700BFE831002032
:109A800000B0004080841E000080841E61841E009F
:109A9000194B1A4810B5012200214FF400245A60D6
:109AA000C3F84015C3F840111A61C0F80845D3F84F
:109AB000040520F00300C3F80405D3F8080540F0BE
:109AC00003001021C3F8080591FAA1F1B1FA81F160
:109AD00009290CDC0A48C3F810154FF48074DA60C9
:109AE000C0F8804104605A60DA601A6010BD054811
:109AF00040F29F3100F0A6FB0080004000F00140E2
:109B000000E100E0F8BC02002DE9F047DFF87481C5
:109B10005D4E012100234FF4002284B0C8F80410E8
:109B2000C8F84035C8F84031C8F81010C6F8082504
:109B3000D8F8042522F00302C8F80425D8F808252F
:109B400042F00302C8F80825102292FAA2F2B2FAF3
:109B500082F2092A00F39180C8F810254B4A4C4F35
:109B6000C8F80C104FF48070C2F880011060494AA8
:109B7000C8F80410C8F80C10C6F8A8253A78C6F83A
:109B8000AC8502A8002A56D0019306E00123C6F84E
:109B900008A5C8F80430C8F80C30FFF78BFCDDE9E5
:109BA0000243019D4FF4002A4FF48039C6F804A502
:109BB000E3FB0945FFF77EFCDDE902320199E2FB98
:109BC0000931A94208BFA342E0D1013443F609524A
:109BD000C4F3080345F1000502FB03F3210EC4F3AF
:109BE0004E2441EA052102FB04F02D0E03F580739B
:109BF00000EB53204C016B01641A43EAD16363EB21
:109C00000506B201A3011B1B42EA946262EB060245
:109C1000D20042EA5372DB005B1845EB0205E90310
:109C2000DA03801841EA534141F10001C7E90C0110
:109C300004B0BDE8F087019206E00123C6F808A54C
:109C4000C8F80430C8F80C30FFF734FCDDE90243F3
:109C5000019D4FF4002A4FF08079C6F804A5E3FB7C
:109C60000945FFF727FCDDE902320199E2FB0931E2
:109C7000A94208BFA342E0D1A7E7074840F29F31BD
:109C800000F0E0FA0080004000F0014000E100E058
:109C9000E831002000B10040F8BC020010B5029C81
:109CA000201841F10001801A61EB0301B0F1004F6F
:109CB00071F1000100DA10BD40F2A931052000F079
:109CC000CBFA00BF70B4EFF3108572B6364C207833
:109CD00020B3364BD3F80425D3F848614FF6FF7311
:109CE0009A4252D043F60951C2F3080301FB03F331
:109CF000500A01FB00F003F5807300EB53200021B4
:109D0000002E45D047F6FE739A4241D8636801336E
:109D100025B3274A70BCE3FB02017047234AD2F8FF
:109D20000435D2F8041111B3636801336360C2F8DB
:109D30000401D2F80435D2F804110029F4D143F615
:109D4000095CC3F30802580A0CFB02F202F58073A7
:109D50000CFB00F000EB532063681DB962B622785B
:109D6000002AD6D1134AE3FB020170BC704743F6C8
:109D70000956C3F30802580A06FB02F306FB00F07B
:109D800003F5807300EB5320E6E71EB10A4800217B
:109D90006368BDE7636815B928462946DEE7044ACB
:109DA00030463146DFE700BFE831002000B0004018
:109DB00080841E000080841E61841E00024B0122EC
:109DC000C3F84423704700BF00B00040024B01229B
:109DD000C3F84823704700BF00B0004008B5FEF745
:109DE000BBF830B9074A936B0133312B936304D826
:109DF00008BD044B00229A6308BD40F2F5310520EE
:109E000000F02AFAE831002010B53F4C237882B0E8
:109E1000002B55D03D4BD3F8042352035BD43B4B6E
:109E2000E168D3F80423D00334D5D3F84031002BB4
:109E300030D0636899425DD800232374334AA16807
:109E4000C2F840314FF48030C2F80803002955D0E1
:109E5000A36088472D4BA169D3F80423920324D52E
:109E6000D3F844310BB363688B423FD3002222778F
:109E7000264B6169C3F844214FF40030C3F808034E
:109E800000293BD08847214BD3F840310193019BF7
:109E900002B010BD6268237C002BCDD19142D9D98C
:109EA0001A4B0022C3F84021D4E76268237F002BBD
:109EB000DCD18A42E7D2154B0022C3F84421E2E705
:109EC000124AD2F804110029A9D0C2F804316368FB
:109ED00001336360A3E7D3F84821002A9FD0002212
:109EE000C3F8482163680133636098E7237F002B40
:109EF000E1D0BBE7237C002BD2D09DE740F2374175
:109F0000052000F0A9F900BFE831002000B00040B2
:109F1000034610B3007888B91A79012A1ED85A79F5
:109F2000012A1BD89A680E49643A8A4216D8D86822
:109F30000C4B98422CBF00200120704701280CD107
:109F40001A79012A09D85A79012A06D8DA68044907
:109F5000643A8A4201D89868EAE70020704700BF57
:109F60003C8601000040420F70B50446FEF796F8AB
:109F7000D4E90632656A503342F100025B1942F1BE
:109F8000000205F5DF6540F2F966B5FBF6F55B19F1
:109F900042F1000283428A410ED294F82A30052B06
:109FA00003D0B3216A2000F057F90A21236A94F8FC
:109FB00058009847B621F5E7044C236813B1984739
:109FC00000232360BDE87040FFF772B924320020FF
:109FD00070B504460D4639B9012380F85930FFF7B2
:109FE000C3FF0226304670BD0E78032E70D801A341
:109FF00053F826F0E39F000005A000006FA00000CA
:10A0000027A000004868C72801D80026EAE70421F5
:10A01000FEF762F90028F8D0FEF746F86968204696
:10A0200003F0C3FDDEE790F8286006BB4D682846C4
:10A03000FFF76EFF00284BD02B78D3B90121217098
:10A040002B796A79003B18BF0123002A14BF042230
:10A0500002222272AA6843F004036F326260EA6847
:10A0600063720323226184F82A3084F82910204681
:10A07000B5E794F82A30052B04D040F293116A20FA
:10A0800000F0EAF826702B796A79003B18BF0123AB
:10A09000002A14BF042202222272EA6843F0040359
:10A0A0006F3263726260D4E90632A9685B1842EBD2
:10A0B000E172C4E90432042384F82A30214604F111
:10A0C0003000FFF70FF90028D1D140F29511D6E703
:10A0D000012384F85930CAE72DE9F843884607463A
:10A0E00058B300F02FF84FF0000904465FFA89F6E4
:10A0F000B44203D86FF00B00BDE8F883304600F09F
:10A1000027F890F82A5009F10109002DEED13046C8
:10A1100000F01EF80A490585044680F82A5080F8A8
:10A12000586002463030FFF7D7F80123276284F8E1
:10A130002A30284688F80060DEE76FF01500DBE77C
:10A14000B9DB0000014B1879704700BF28320020AE
:10A15000044B1A79824283BF1B68602202FB0030E5
:10A1600000207047283200200A4610F0030110B585
:10A170000AD1074C2271206008B9002010BD60236D
:10A180005A4300F053FBF8E76FF00D00F6E700BF0D
:10A1900028320020BFF34F8F0549064BCA6802F4EE
:10A1A000E0621343CB60BFF34F8F00BFFDE700BFFA
:10A1B00000ED00E00400FA05094B01225A604FF05F
:10A1C000FF32C3F80823074B4FF48042C3F88020C6
:10A1D000BFF34F8FBFF36F8FC3F88021704700BF6D
:10A1E00000E0004000E100E0094B01225A604FF01E
:10A1F000FF32C3F80823074B4FF48052C3F8802086
:10A20000BFF34F8FBFF36F8FC3F88021704700BF3C
:10A2100000C0004000E100E0084B0022C3F8FC2F22
:10A220000122C3F8FC2F064B0222C3F88020BFF3A3
:10A230004F8FBFF36F8FC3F880217047001000402D
:10A2400000E100E008B572B6024B5B6803B19847C5
:10A25000FFF7A0FF303200201FB572B6134B5D68C8
:10A2600095B9FFF797FF2346B2FBF6F25C1C002A74
:10A27000F9D104AEDCB256FA83F303F80C2C0A22AF
:10A2800034B901A8A847ECE7024600230A26EDE707
:10A29000631E04AEDCB256FA83F3B0FBF2F602FBA7
:10A2A0001600303003F80C0C3046E9E7303200205D
:10A2B000F8B51F4E337805460C461746A3BB00F091
:10A2C000C5F9FDF76DFA77603472FFF7A5FFFFF768
:10A2D0008BFFFFF771FF174B002D14BF2846184660
:10A2E000FDF77EFE0546E8B9FEF7DAFFFDF76AFEE8
:10A2F00003F042FDFDF7C0FE18B9B8211120FFF7A9
:10A30000ABFF002C0CDB04F01F026409A40004F175
:10A31000604404F5614401239340C4F88031236014
:10A32000012333702846F8BD4FF0FF35FAE700BF30
:10A3300030320020A0B20200074B93F90830002B06
:10A3400009DB5A09012103F01F03994002F1400380
:10A35000024A42F8231070473032002000E100E04A
:10A36000014B1878704700BF3032002050B1074BC6
:10A3700003F1140253F8041B40F8041B9342F9D173
:10A38000002070476FF01500704700BF54FB0200BB
:10A39000F0B5284D284C294F83B02E780136F6B2FF
:10A3A000D5E84F3F0133DBB2C5E8423F002AF7D181
:10A3B00001236360C4F80021C4F80421EFF3108284
:10A3C00072B6C4F80405236052B962B608E0D4F846
:10A3D00004314BB92B789E4206D13B69DB0613D47E
:10A3E000D4F80031002BF2D0D4F80431002BD4D1B2
:10A3F0002A78B242D1D10322C4F80031C4F8043122
:10A40000C4F8082303B0F0BD0D4B03214FF4804284
:10A41000C4F80413C3F88021D4F80031002BDFD135
:10A42000D4F80431002BDBD1019003F0A3FD019897
:10A43000D6E700BF3932002000E0004000ED00E028
:10A4400000E100E070B51446DA078CB01D46864680
:10A450008C4633D5C36842681BBA0093CB681BBADD
:10A46000049383681BBA019303681BBA03938B6838
:10A4700012BA1BBA029205934A680B6812BA1BBA49
:10A480006E46069207933046FFF782FFAB070DD565
:10A49000DDE90A10DDE9083200BA09BA12BA1BBABE
:10A4A00020606160A260E3600CB070BD08AD0FCDAC
:10A4B00020606160A260E3600CB070BDDEF8041043
:10A4C000DEF80820DEF80C300068EE46AEE80F003B
:10A4D000DCF80000DCF80410DCF80820DCF80C30B4
:10A4E0006E46AEE80F00CEE710B5002482B0CDE98D
:10A4F0000044FFF7A7FF02B010BD00BF1A4B4FF496
:10A50000805270B5C3F88020BFF34F8FBFF36F8FB9
:10A51000164C174D0021C4F80011C3F880212E6994
:10A520002B6943F010032B610123C4F8043306F0B8
:10A5300010062360D4F800319BB11EB92B6923F0BB
:10A5400010032B610123D4F808056360C4F80833B5
:10A550000023C4F80031044B4FF48052C3F880212B
:10A5600070BD03F007FDE5E700E100E000C000403A
:10A5700000ED00E00B4938B5042301EBC302157967
:10A5800005F0FF042DB1013BF7D240216920FFF710
:10A5900063FE41F833000121547194711171D8B2F6
:10A5A00038BD00BF3C320020042808B503D947213C
:10A5B0006920FFF751FE034B03EBC00300221A7121
:10A5C00008BD00BF3C320020042808B503D9502143
:10A5D0006920FFF741FE094B03EBC0000379012B13
:10A5E00001D05121F4E7437982790133DBB29A42F9
:10A5F00018BF4371BDE80840FFF79EBE3C32002003
:10A6000038B5114D052495F8281005EBC1031A79CA
:10A61000012A09D158799A79904205D05A79D2B253
:10A620009A7155F83130984795F828300133DBB2EC
:10A63000052B04F1FF3428BF002314F0FF0485F834
:10A640002830E0D138BD00BF3C3200204FF08052AE
:10A65000034BD2F830111960D2F834215A60704798
:10A6600068320020084B1B68083B082B0AD840F2D0
:10A67000211222FA03F313F0010F044B044818BF10
:10A6800018467047024870476832002000E70140D2
:10A690000C050040144B1B68062B03D0013301D07E
:10A6A00020BF7047EFF3108072B6104A136911692A
:10A6B00041F0100111610E49D1F80021D1F80411C7
:10A6C0000A4303F0100300D040BF20BF00BF00BF0B
:10A6D00000BF00BF23B9054A136923F010031361BB
:10A6E00000B962B6704700BF6832002000ED00E09C
:10A6F00000E100E0914270B53FD2B2FA82F33BB183
:10A70000C3F1200420FA04F49940214398409A4070
:10A71000150CB1FBF5FC05FB1C1E4FEA0E4E030C9D
:10A7200084B20EEB10401FFA82FE0CFB0EF686423E
:10A7300006D9361A964294BF01260226ACEB060CC7
:10A7400003EB01430CFB1233B3FBF5F005FB1033B5
:10A7500004EB034400FB0EFEA6454FEA0C4C09D95E
:10A76000AEEB040E964594BF4FF0010E4FF0020E73
:10A77000A0EB0E0040EA0C0070BD73219620FFF79D
:10A780006BFD00BF2DE9F8431C4652EA040349D093
:10A79000074615460E4684B9914204D2FFF7AAFF38
:10A7A0002146BDE8F88321463046FFF7A3FF044663
:10A7B0002A46384604FB1561F0E74FF00108B4FA69
:10A7C00084F908FA09F3A3FB021220FA08F003FB4C
:10A7D000042240EAC67026FA08F1FFF78BFFC9F1A0
:10A7E0001F0230FA02F34FF0000C08D14046194620
:10A7F000AF42A6413CBF18466146BDE8F8835A1EE9
:10A8000061466CEB0C0C05FB0CFE02FB04EE1846DB
:10A810001346A5FB0228BA1A0EEB080766EB0706DB
:10A820001746E5E7A6219620FFF716FD10F0030F67
:10A83000C9B2034607D0BAB303F8011B13F0030FE4
:10A8400002F1FF32F7D170B5032A01EB012404EBCA
:10A8500004441ED9161FB508032E05F1010521D9A0
:10A860004FEA550E03EBCE0E9C46CCE900440CF1AA
:10A87000080CF445F9D115F0010F04D025F00105BD
:10A8800003EB85052C6026F003060433334402F005
:10A89000030232B1012A197003D0022A597018BF7D
:10A8A000997070BD1D46EDE7704700BF844641EAD0
:10A8B000000313F003037DD1403A51D3F0B4F0C943
:10A8C000F0C0F0C9F0C0F0C9F0C0F0C9F0C0403A23
:10A8D000F5D2F0BC44E0403A42D300BF51F8043B0B
:10A8E00040F8043B51F8043B40F8043B51F8043B6A
:10A8F00040F8043B51F8043B40F8043B51F8043B5A
:10A9000040F8043B51F8043B40F8043B51F8043B49
:10A9100040F8043B51F8043B40F8043B51F8043B39
:10A9200040F8043B51F8043B40F8043B51F8043B29
:10A9300040F8043B51F8043B40F8043B51F8043B19
:10A9400040F8043B51F8043B40F8043B51F8043B09
:10A9500040F8043B51F8043B40F8043B403ABDD278
:10A96000303211D351F8043B40F8043B51F8043B1A
:10A9700040F8043B51F8043B40F8043B51F8043BD9
:10A9800040F8043B103AEDD20C3205D351F8043BA9
:10A9900040F8043B043AF9D2043208D0D2071CBF75
:10A9A00011F8013B00F8013B01D30B88038060469E
:10A9B000704700BF082A14D38B078CD010F0030314
:10A9C00089D0C3F10403D21ADB071CBF11F8013B85
:10A9D00000F8013BFFF47FAF31F8023B20F8023B67
:10A9E00079E7043AD8D3013A11F8013B00F8013B6A
:10A9F000F9D20B7803704B7843708B788370604684
:10AA0000704700BF7DDF000089DF00008DDF0000A0
:10AA100095DF000099DF00007BB972B90029BEBF45
:10AA200000204FF0004106E008BF00281CBF6FF077
:10AA300000414FF0FF3000F057B8ADF1080C6DE960
:10AA400004CE002909DB002B1ADB03F0C1FADDF884
:10AA500004E0DDE9022304B07047404261EB4101AC
:10AA6000002B1BDB03F0B4FADDF804E0DDE9022380
:10AA700004B0404261EB4101524263EB4303704733
:10AA8000524263EB430303F0A3FADDF804E0DDE98F
:10AA9000022304B0404261EB41017047524263EB34
:10AAA000430303F095FADDF804E0DDE9022304B086
:10AAB000524263EB4303704753B94AB9002908BFB8
:10AAC00000281CBF4FF0FF314FF0FF3000F00CB8F2
:10AAD000ADF1080C6DE904CE03F07AFADDF804E07C
:10AAE000DDE9022304B07047704700BF08B5F6F7F0
:10AAF00077FBF8F72BF8F6F789FA002008BDFFF787
:10AB000035BCF7F7B5BF01F030B801F031B801F04E
:10AB100029B810B586B0044601A8FFF727FC022328
:10AB20002370A3709DF804306371BDF80530E38095
:10AB3000DDF80730A36000206070E070207106B07F
:10AB400010BD00F01BBE70B5044602F027FF0128BF
:10AB500005461AD1601C02F028FFB0B1A37963F05A
:10AB60003F03A3710020F8F7DBF8E61D38B110228F
:10AB700000213046FFF75AFE2570002070BD304698
:10AB800002F026FF0028F2D0F6E70025F4E710B522
:10AB9000102204460021FFF749FE04F110031022A1
:10ABA00000211846FFF742FE02F02BFF0020F8F7C5
:10ABB000B7F820B1204602F00BFF002010BD02F0D4
:10ABC000EDFE0028F6D0F8E710B50446FFF796FC36
:10ABD000B0F5007F09DA10F5007F08DD031EB8BF6D
:10ABE00003339B102370002010BD7F23FAE76FF022
:10ABF0007E03F7E78178008800F077BF37B5054618
:10AC00000C4600880DF1060100F0A4FE2B8823807D
:10AC1000BDF80630638003B030BDF7B5044620466A
:10AC2000F8F7C4FC022805462ED004282CD123783E
:10AC30008A2B18D13E20F6F7E7FA78B9E378227923
:10AC400001A943EA02236846ADF8003000F001FF95
:10AC50000028E4D053210820F6F79CF90520F6F7E8
:10AC600017FB0028EAD0204600F013F82678A778D2
:10AC70003046F6F7C9FA0028D1D03E2E04D1384626
:10AC8000F6F706FB0028CAD0284603B0F0BD01F055
:10AC90009ABC10B50378813B04460E2B2FD8DFE811
:10ACA00003F02F3541454F676D08613B71775B2E8F
:10ACB0007D002920F6F7ECFA30B13E2323702223E1
:10ACC00063702923A3701AE00A20F6F7E1FA3E2305
:10ACD000237018B11F2363700A23F3E70123A370C5
:10ACE00013236370E37903F00103E371D4F81A309E
:10ACF000C4F80E30E38B638294F82030237510BDC6
:10AD00003E230370042343701423DBE73E230370C8
:10AD10000A2343700323D5E73E2303700D234370BA
:10AD20000523CFE705232370042307E05A20F6F715
:10AD30006BFA08230028F6D05A2222706370DEE7EF
:10AD40005B20F6F761FA18B15B2323700623F5E761
:10AD5000302323700323F1E73E2303700B2343705A
:10AD60000723AFE73E230370062343700C23A9E7B4
:10AD70001323037083789B000133DFE757230370AD
:10AD80000223DBE73E23037006234370122399E777
:10AD90003E23037009234370132393E7FF230370BB
:10ADA0000D23437080238DE708B510B96FF01500AF
:10ADB00008BDFFF76CFF0028F8D00020F8E710B5B9
:10ADC0000C4648B141B1FFF728FF002820700CBFA6
:10ADD0006FF02200002010BD6FF01500FBE7F8B502
:10ADE000941C0C446343B3F5004FA8BF4FF0FF33EE
:10ADF0000E4610F00301054617469CB203D0B02161
:10AE00001420F6F7C7F8B4F5004F01D9B121F7E7E0
:10AE100014220430FFF70AFDEF746C802E80F8BD19
:10AE200038B50388C48805898B42C4F30E0203D267
:10AE3000D1211420F6F7AEF884EA0503C3F30E031C
:10AE40000BB9AC4206D102F118030122C15282743F
:10AE5000184438BD1846FCE7023101444A43B2F5B4
:10AE6000004FA8BF4FF0FF3290B21B3020F003001C
:10AE7000B0F5004F34BF00B24FF0FF30704740884C
:10AE80001B3020F00300B0F5004F34BF00B24FF08C
:10AE9000FF3080B2704738B503888B4203D2F72168
:10AEA0001420F6F777F8857C65B1C388C3F30E03E9
:10AEB0001833C25A8A4207D3C152811DF6F7F8F9F6
:10AEC00000238374284638BD0025FBE70346F0B510
:10AED0009E88DD88B4B2A54200F11800C6F30E06C4
:10AEE00016D05F89DD7C845B3D4402353544E41B2C
:10AEF00028440D88A4B2A54288BF0C805989B1FAB4
:10AF000081F14FEA511188BF25461170DD81F0BDF6
:10AF100000252846FAE7F8B58288C389002604464A
:10AF20000D4692B20E60CBB1C2F30E0241891832C7
:10AF300087180B44825A9BB29342438104D94FF441
:10AF4000A2711420F6F726F804D1011DF6F7B0F926
:10AF500046812F600023E3810120F8BD1846FCE7FD
:10AF6000838802899BB29A42014602D00831F6F7E3
:10AF70009FB970478388C0889BB2C31A5842584112
:10AF80007047828873B5C48895B2AC42C2F30E0292
:10AF900002F1180212D04189C689835A314499427C
:10AFA0000EDB0DF10601ADF80650F6F781F9BDF89C
:10AFB0000600001B18BF012002B070BD0020FBE797
:10AFC0000120F9E770B5C488068984EA0602C2F355
:10AFD0000E020346C4F30E0518300AB9B4420FD16D
:10AFE0009C891A880CB1465B921B914207DCDA7C83
:10AFF0002C440232224410440A461A8270BD0022B8
:10B000001046FAE7F8B5038A002B38D08B4236D3C6
:10B01000C488858900F11803C4F30E041E1995B97C
:10B020001D55757085891E5B0D44ADB23144858117
:10B030001953D2B1811DF6F73BF900238381002318
:10B0400003820120F8BD1E5BAE4204D04FF4F671BE
:10B050001420F5F79FFFC57C878A264402353544C6
:10B060005E195F53857DB570DCE7C27C25440232F2
:10B070002A4499189B5A83828B788375DFE70020D6
:10B08000E0E78388C2889BB29A4206D0428922B9FF
:10B09000C3F30E0318331844704700207047C37C75
:10B0A0000233C81870470230704738B58388C288A9
:10B0B0009BB29A4207D045892DB9011DF6F7F8F8E1
:10B0C000C581012038BD0020FCE703881380C388B8
:10B0D000C3F30E03183303440B6080897047036881
:10B0E000002223B9C0E90132031D0360704759688B
:10B0F0001B680A44F5E7072970B5034604D84FF4E6
:10B10000EC711520F5F746FF0068C0B144681A6875
:10B110008C42064610D0106860B901F10805AC42B7
:10B120000DD3546850501868651A5418006865604B
:10B13000505002E01346E9E714681C60304670BDC9
:10B140000023C1E9003203680B600160704730B52D
:10B1500090B18478B1FBF4F304FB131300EB4302CA
:10B1600052898A4201D1D8B230BDC27822B900F1E9
:10B170000803D0B2844201D8FF20F5E733F8025F1C
:10B180008D4202F10102F4D1EEE7827803880532A4
:10B190004B4303EB42031844704737B50024CDE915
:10B1A000004405468DF806006846ADF80440F6F701
:10B1B00057FABDF8044008B103B030BD2946204617
:10B1C000F6F72AFA0028EFD040F235211720F5F7DC
:10B1D000E1FE70B50D4609211E46FFF73DFE3246E1
:10B1E000044609212846FFF737FE40EA04031B0402
:10B1F00054BF00194FF0FF3070BD0123037070473A
:10B2000010B5FF238B70C2F380035B00DBB2CA185A
:10B210000124127D032A08BF0133CA18147503F1F3
:10B220000C0401EB8303002221F814205B688A7070
:10B230000360828010BDF8B50C4684F00104640000
:10B24000054611461E46E4B2FF23837003191B7D99
:10B25000012B06D0631CDCB250FA83F31B7D012B5B
:10B260000AD105EB44073B8B3A8C9819904205DDD7
:10B270002C4400233B8323750020F8BD05EB840498
:10B28000324660681844FFF711FB3B8B1E443E8337
:10B290000023AB700120F0E781F00101490010B5F7
:10B2A000C9B2FF23837043181C7D012C07D10C31D8
:10B2B00020F8112002221A750023837010BD01317D
:10B2C000CBB250FA81F10C7D012C05D10C3320F862
:10B2D000132002230B75EFE74FF499710920F5F75E
:10B2E00059FE30B50246837803F0FF00F3B9137DB1
:10B2F000022B19D0537D022B15D10346012089B1B1
:10B30000D5180C3300242C7522F81340131803248D
:10B310001C7502EB80035B680B6000F10C0332F8D4
:10B3200013308B80012030BD0123E8E70020FAE7CD
:10B3300030B50346827802F0FF00E2B99A7D022A16
:10B3400017D0DC7D022C13D1032281B11D190C34DE
:10B350000020287523F8140098180324047503EBC3
:10B3600082000C32406833F8123008608B80012074
:10B3700030BD0324E9E70020FAE7037D012B01D16A
:10B38000008B7047437D012B0CBF408B0020704722
:10B39000837D012B01D1808B7047C37D012B0CBFB6
:10B3A000C08B00207047027D022A01D1008B7047BC
:10B3B000437D022B01D1408B7047032AF6D0032B2B
:10B3C000F9D000207047827D022A01D1808B70471E
:10B3D000C37D022B01D1C08B7047032AF6D0032B0B
:10B3E000F9D000207047F6F72BBAF6F78BBA07B5FD
:10B3F0000023CDE9003301238DF806306846F6F7C7
:10B400002FF908B1002004E0009801F06FFF002838
:10B41000F4D003B05DF804FB1FB50022009240F6A3
:10B42000881303A9FCF712F905B05DF804FB10B509
:10B43000044638B1F7F7B4FB24EA0000B0FA80F014
:10B44000400910BD0120FCE72DE9F0410F46B0F89E
:10B450005E60B0F8605001F028FE0221044600F062
:10B4600080FE02218046204600F07BFE464528BF34
:10B470004646B6B21B2E38BF1B26FB2E28BFFB2626
:10B48000854228BF0546ADB21B2D38BF1B25FB2DBD
:10B4900028BFFB25B4F5A47F38BF4FF4A47440F651
:10B4A00048039C4228BF1C467E80FD80BC803C81B6
:10B4B000BDE8F0812DE9F04186B0054602A900887B
:10B4C00000F073FE0446002870D1029A92F85031C1
:10B4D000D91E4B424B418DF80630136898064ABF7F
:10B4E0009DF80630234683F001038DF8073092F86B
:10B4F00062309B0603D49DF80730002B5CD0EB88AC
:10B500001B3B9BB2E02B59D82989A1F5A4739BB2B0
:10B5100044F24810834251D86B881B3B9BB2E02B0E
:10B520004CD8AA88A2F5A4739BB2834246D840F6B1
:10B530004807B94244D8BA4242D8029E4FF0FF08A9
:10B5400086F823819DF80630A3BB03A906F1A80065
:10B55000FFF77AFF6A88BDF81230BDF81410E8884A
:10B56000934228BF1346A6F82831BDF80E30AA88AA
:10B57000B94228BF3946834228BF0346A6F8243182
:10B58000BDF810302889BB4228BF3B46834228BF04
:10B5900003468A42A6F82631134628BF0B46A6F872
:10B5A0002A3186F82281002386F82331204606B00E
:10B5B000BDE8F0813A24F6E71A24F7E71224F5E70C
:10B5C0001124F3E710B5FFF712FF60B1F6F724FF7F
:10B5D000044601F0CEFF40B9204601F0C6FF80F0DE
:10B5E0000100C0B210BD0120FCE70020FAE70068AE
:10B5F00090F8BA3123B1002380F8BA3101F06ABD66
:10B60000704710B50378012B044601D9122010BDF4
:10B61000FFF7EDFE58B9207810F0FD000DD104F1D0
:10B620001703E21D611CBDE81040F7F7EFBCF7F708
:10B630007FFD0028EFD00C20E9E7A37903F0C003D9
:10B64000C02BE3D10120EAE710B50378012B0446B3
:10B650000DD8FFF7CCFE60B9214611F8010B00F0C0
:10B66000FD00003818BF012000F01EFD38B912207F
:10B6700010BDF7F75DFD0028EED00C20F8E70020A4
:10B68000F6E708B50088F7F759FD00280CBF302011
:10B69000002008BD38B50546FFF7A9FE044638B9B5
:10B6A0002878003818BF0120F7F73CFD204638BD48
:10B6B0000C20FCE708B5FFF79AFE18B9F7F722FD52
:10B6C000002008BDF7F734FD0028F7D00C20F8E77C
:10B6D00008230370002070471122027041F23903E1
:10B6E000C2705922A0F801308280C38000207047C8
:10B6F00008B50821F6F7DAF8002008BD73B506464C
:10B70000008808800C4680B201A900F04EFD054675
:10B7100040B9B3784BB9019B93F91C01A070FAF7BB
:10B720006DFEA070284602B070BD7F20FFF774FE4A
:10B73000F4E710B504466FF07F00FFF76DFEFAF7EF
:10B740005DFE20707F20FFF767FEFAF757FE6070FE
:10B75000002010BD08B50A46072300F11001FEF7CE
:10B76000C3FE002008BD10B5014604460020F7F7CF
:10B77000BDFA08B92060A080002010BD10B50446B5
:10B78000F7F7DEF928B900202146F7F797FA0020ED
:10B7900010BDFFF717FF0028F5D10C20F8E710B512
:10B7A0000446FFF70FFF28B101202146F7F786FA7C
:10B7B000002010BD0C20FCE7FFF77CBE1FB50288FF
:10B7C0000A80838844F290218B4215D840F64801C4
:10B7D0008B42ADF804204288ADF8062028BF0B4606
:10B7E00001A8ADF80830ADF80A20ADF80C30FFF72D
:10B7F00061FE05B05DF804FB1220FAE737B508805A
:10B800000D4601A900F0D1FC044620B90198294653
:10B81000A830FFF719FE204603B030BD10B503462F
:10B820006FF004040020482108221C7058709970A1
:10B83000DA701C7158719971DA7110BD10B5044637
:10B84000FFF7D5FD78B92146E27911F8010B00F038
:10B85000FD00003818BF0120F7F734FD80F001002B
:10B860004000C0B210BDF7F763FC0028EBD00C20FD
:10B87000F8E713B5008808800C4680B201A900F0F3
:10B8800094FCC8B9019B83F8160193F81421012A8E
:10B8900006D0022A04D04FF43F710620F5F77AFB58
:10B8A000A27093F81521012A01D0022AF3D1E27087
:10B8B00093F81621002AE6D102B010BD1FB5044648
:10B8C00003A9008800F071FC38B9A388022B14D8B2
:10B8D000E078FFF7ACFD10B9112004B010BDA078DE
:10B8E000FFF7A5FD0028F7D001230093A388E27895
:10B8F000A17803A800F0ACF9EFE71220EDE737B527
:10B900008378C178027903F0010451EA040503F059
:10B9100002031DD052EA03051AD0002C18BF0021E3
:10B92000002B18BF00228DF80320037842788DF891
:10B93000021043EA0223ADF8003043798279684669
:10B9400043EA0223ADF80430FFF7B8FF03B030BD7F
:10B950001120FBE713B50C4601A900F026FC18B92D
:10B96000019BDB880133238002B010BD07B500883E
:10B9700001A900F033FC30B9019B93F8332112B9CF
:10B98000FF2283F8332103B05DF804FB10B50446B1
:10B99000F7F700F920606160002010BD37B504465C
:10B9A000F6F73AFD23781F2B054618D8816A042242
:10B9B0006846FFF725FC2246A86A12F8013B0021E1
:10B9C000FFF739FC68B1AC6A2046FFF7E1FC0021C3
:10B9D00002462046FFF760FC002003B030BD122075
:10B9E000FBE70720F9E737B50446F6F715FD23789E
:10B9F0001F2B054618D8816A00226846FFF700FC15
:10BA00002246A86A12F8013B0121FFF714FC68B135
:10BA1000AC6A2046FFF7B1FC012102462046FFF741
:10BA20003BFC002003B030BD1220FBE70720F9E704
:10BA300010B5044634F8020B0880002180B2F5F7F7
:10BA4000D5FD20B12146BDE8104001F05DBF0220C8
:10BA500010BD008808B50880002180B2F5F7C6FD4A
:10BA600020B1BDE80840002101F04EBF022008BD12
:10BA700013B5008808800C4680B201A900F095FB40
:10BA800010B9019B9B8F638002B010BD37B503884E
:10BA90000B80044698B2638813B9122003B030BDFE
:10BAA00001A900F082FB0028F8D16588019B42F2D1
:10BAB0001072A9B2D3F8C4405143B3F8DA206243FC
:10BAC000B3F8CC4004FB02229142E6D3D3F8C42061
:10BAD000D3F8C4409442F9D100225A63621E0A444A
:10BAE0009D87B2FBF4F29A63D8E710B50C460021AB
:10BAF000F5F77CFD90B1022C12D804F00102C4F3DA
:10BB0000400480F8BC2180F8BB4112B190F8BA31F2
:10BB10000BB9002010BD01F0DDFAFAE70220F9E7C9
:10BB20001220F7E710B504460078FF280AD001215B
:10BB3000F5F75CFD58B16378A27843EA0223C3832A
:10BB4000002010BDB4F80100F9F710F8F8E7422022
:10BB5000F7E708B50078003818BF0120F8F70AFFAA
:10BB6000002008BD0620F7F709B80820F7F706B847
:10BB700001F0F4BE10B5044604B910BD236898471F
:10BB80006468F9E703680BB9016070471A465B689F
:10BB900013B18A42FAD170478A4218BF5160704788
:10BBA00008B5F9F7EDFBF8F7D7FEBDE80840F9F75F
:10BBB000CFBB08B50020FFF7F0FAF5F7DBFDF7F78C
:10BBC00037F8F6F791FA20B140F243119320F5F7D8
:10BBD000E1F908BD08B5F8F78FFEF9F7A7FB20B12A
:10BBE00040F263119320F5F7D5F9BDE80840012034
:10BBF000FFF7D3BA08B5FFF7EDFF01F071FE20B1F2
:10BC00004FF4BC719320F5F7C5F908BDFCF7C6B930
:10BC10000B46892203F8032BD0F80920C1F8032032
:10BC2000427B1A71704738B50D460446F6F7B8FFE7
:10BC30002B78002B08BF034684F868306B78002B04
:10BC400008BF034684F869306B88A4F86A3038BDB1
:10BC50002DE9F7430468994694F8633094F80F800F
:10BC600043EAD303DB070F46164602D4B8F1250F8B
:10BC700036D16FBBF6F794FF0546BEBBF6F790FFD3
:10BC800045BBB8F1250F2ED100200546FF2384F8CF
:10BC90002D3194F82C3103F0FF08F3B99DF82830CA
:10BCA00084F82F0184F82C3184F82E5101A904F175
:10BCB000A8008DF804708DF80560ADF80690FFF7C8
:10BCC000B2FF002384F82D31404603B0BDE8F08375
:10BCD0003D46D2E70028D4D0D8E74FF03A08F0E745
:10BCE0004FF01A08F0E74FF00908EDE7002DC8D033
:10BCF0003046CBE738B5036893F82C31012B044666
:10BD00000D4602D11E21F6F76DFF2368002083F84F
:10BD10002C0165B1182283F8992008229A7393F8B0
:10BD20004A3093B940F25B41AE20F5F733F9DA7B44
:10BD3000233A072A03D8DD73204600F0F5FD20469C
:10BD40001821BDE8384000F00EBE38BD08B50368C4
:10BD50009A7B22B14FF4E671AE20F5F71BF923224E
:10BD60009A7308BD034610F0010002BFC3F34003FD
:10BD70005B00D8B270472DE9F84F074610461E46C3
:10BD8000FFF7F0FF83460846FFF7ECFF42EA0104A5
:10BD90004BEA04040443E4B2003C0A9D8846924600
:10BDA000814618BF0124F6F7FBFE10EA0A0A18BF05
:10BDB000DA46F6F7F5FE97F8143110EA080118BFD5
:10BDC0004946534508BF4FF0000A85F800A097F890
:10BDD00015318B4208BF002169705AEA01010AD16E
:10BDE000FB88013EF61AB6B247F6FD739E428CBF41
:10BDF000002404F001042046BDE8F88FF7B504687C
:10BE0000E57BA5F12303072B06464FD9002D4BD127
:10BE1000A37B282B4AD04B7813F007033DD08A78B8
:10BE200012F0070239D084F80C31252384F80D2153
:10BE3000E37394F82D31F3B994F82C31012B1AD017
:10BE400094F80C7194F8150194F8101194F81121DC
:10BE5000B4F81231874214D194F80D7194F814019A
:10BE600087420ED1022084F82C0184F82E1184F828
:10BE70002F21A4F83031304600F04CFD284603B0A5
:10BE8000F0BD022000903046FFF7E2FE0028F2D01D
:10BE90004FF46671AE20F5F77DF80978304603B0AF
:10BEA000BDE8F04000F05FBD0125E7E72025E5E7AC
:10BEB0002DE9F04F056895F80EB0ABF12403D3F1EE
:10BEC000000848EB0308052A87B0044670D1EB7BD5
:10BED000262B73D10F358A784F78039207F0070924
:10BEE00002F0070A09F1FF330AF1FF3003EA090300
:10BEF00000EA0A00034366D1B1F80360F6F750FE8A
:10BF0000039A174307F0070787435CD15046FFF7B2
:10BF100029FF2768A8B197F81431984211D097F8F3
:10BF20002E211AEA020F4ED0BBF1240F09D097F848
:10BF30000D211AEA020F04D1022870D1013B012B16
:10BF400071D84846FFF70EFF40B197F8153183428C
:10BF500004D097F82F3119EA030F34D005AB0093C2
:10BF60003846334652464946FFF705FF23680746E1
:10BF700078BB93F82C21012A28D101462046F6F7F8
:10BF800031FE236883F82C712F70236803F10F02B0
:10BF9000954201D10022DA73236803F10F02954222
:10BFA00037D1204600F0C0FC002007B0BDE8F08F7C
:10BFB000414607B0BDE8F04FFFF79CBEBBF1240F30
:10BFC0002BD10E3587E741462046F2E783F82C0156
:10BFD000DBE7DA88A3F86C62013EB61AB6B247F620
:10BFE000FD72964206D9282283F831202046F7F7C1
:10BFF000B1FDD1E7DA7B0C2A02D0093A012A01D837
:10C000002A22F1E7BDF81420A3F86E2228232B7012
:10C01000C2E7002283F84A20C6E70220C5E7012BC9
:10C020008FD0022BCFD04FF4DD710620F4F7B2FF92
:10C0300008B50368DA7B252A05D022B140F2D35136
:10C04000AE20F4F7A7FF2622DA7308BDF6F7F0BD9D
:10C05000704730B542401C7808785D7860404C7875
:10C060006C4020449D788C786C402044DD78CC78FE
:10C070006C4020441D790C795B7949796C402044EF
:10C080004B4018441044B0FA80F0400930BD0246DD
:10C0900000200139C9B2FF2900D17047535C83F0F9
:10C0A00001030344D8B2F4E708B5F6F745FE0828C3
:10C0B00007D0F6F763FE082803D0F6F775FE0120D7
:10C0C00008BD0020FCE708B5F6F736FE082803D0C7
:10C0D000BDE80840F6F752BE08BD08B501F04BFCBC
:10C0E00018B1BDE80840FAF74DBA082008BD014470
:10C0F0000023884203D1B3FA83F04009704710F857
:10C10000012B1343F5E7F8B5D0E9047605460C4654
:10C11000FDF75CF918B952212920F4F73BFFE4B18F
:10C12000D5E90423D21B63EB0603012A73F1000156
:10C130004FF0000113DB6FF001009042994101DAEA
:10C140005C21E9E7631E1344B3FBF4F35C43E41999
:10C1500046F10006C5E904461C462046F8BD0C46DB
:10C16000FBE7022905D13C2808D980100F3880B29E
:10C170007047702802D9C0100E38F8E700207047C9
:10C18000012908B5034605D002290BD0E721292053
:10C19000F4F700FF40F6C41040F2E242002B08BF63
:10C1A000104608BD40F6C410FBE710B50C46002150
:10C1B000F5F71CFA2060B0FA80F04009400010BD8D
:10C1C0000368587BC0B293F830302BB900F0FB0005
:10C1D000003818BF012070470020704710B50C468A
:10C1E000FFF7E3FF38B92046FFF7EAFF80F00100D0
:10C1F0004000C0B210BD0220FCE738B54FF42672F3
:10C2000004460D460021FEF711FB6FF0360284F85C
:10C210006320042284F864206FF03B0284F86520D8
:10C220006F2284F86620032284F86720002284F8B5
:10C2300068206FF07F0284F869202B2284F8622046
:10C24000FE22012384F89E207F22A375E27284F8E7
:10C25000A830A4F8AA5038BDC2B292FAA2F2030ADA
:10C2600093FAA3F31B0E100E40EA0320704770B53B
:10C270000131C9B20530002210F8013F8B4216D3BC
:10C2800010F8054C0023012505FA03F626421CBFD1
:10C2900001F1FF31C9B269B10133082BF4D1013288
:10C2A000D2B2052AE8D19B214620F4F773FEC91AC1
:10C2B000C9B2F4E703EBC200C0B270BD0B6870B541
:10C2C000C0F801300B7903F01F03437100230446CB
:10C2D000C3720546461D15F8010F00F002FB687198
:10C2E000E37AB5421844E072F5D170BD70B581EAC9
:10C2F00011418CB20546C17A032682EA0400FFF799
:10C30000ABFF013E00EB0010221816F0FF0690B2C2
:10C31000F5D144402522B4FBF2F302FB1343C3F3EF
:10C32000C4022A44D8B2567803F00703012202FA65
:10C3300003F31E4207D161432846C1F30741BDE81C
:10C340007040FFF794BF70BDF8B590F821506B1E98
:10C35000242B044603D9E1214620F4F71BFEDAB171
:10C36000807D002843D194F8233094F8221002FBFA
:10C3700001322523B2FBF3F103FB1123DBB204EB03
:10C38000D30284F82330D17D03F007060122B240A6
:10C39000114202D084F82430F8BDB3FBF5F205FB5E
:10C3A0001233013303F0FF0304F11B0111F8012FD5
:10C3B0009A4219D311F8055C0022012606FA02F709
:10C3C0002F4208D0013B13F0FF0304D102EBC0025F
:10C3D00084F82420E0E70132082AEFD10130C0B20E
:10C3E0000528E3D1D721B7E79B1ADBB2F6E7E2884D
:10C3F000096A04F11600FFF779FF84F82400CBE7FF
:10C400000378890123F0400301F040010B430370DE
:10C410007047037803F07F0343EAC113037070474A
:10C420001F2A38B50546144603D9A8212A20F4F757
:10C43000B1FD09300634FEF739FA6C7038BD1F2A99
:10C4400038B50546144603D9CA212A20F4F7A2FDBF
:10C4500009300634FEF72AFA6C7038BD037803F011
:10C460000F03032B02463ED0052B42D1C37F90F829
:10C470002000034392F82100034392F82200034373
:10C4800092F8230000F01F00184333D05378222B7A
:10C490002FD1B2F81930B1B1B3F5506F13D940F6BE
:10C4A00007518B4225D8B2F81B30B3F5FA7F20D262
:10C4B000B2F81D000A3880B240F6764398428CBF2D
:10C4C000002001207047991F89B240F67A408142CE
:10C4D0000FD8917D481E07280BD8994209D2B2F88F
:10C4E00017109942DEE74078A0F10C0358425841FA
:10C4F0007047002070478388A1B1B3F5506F11D900
:10C5000040F6075293421BD8C388B3F5FA7F17D27F
:10C5100000890A3880B240F6764398428CBF0020EA
:10C52000012070479A420BD8B3F5486F08D842787B
:10C53000511E072904D89A4202D242889A42E2E761
:10C54000002070472DE9F3470E4601A9144699468D
:10C55000FFF72BFE054618B9019F2CB901237B7507
:10C56000012002B0BDE8F087D7F8BC8021464046E4
:10C57000FEF756FC824608B90020F2E7F5F766FFA1
:10C580008442F9D851464046FEF789FD7B7DA0F8EC
:10C590000150002B18BF0226494600F8036B2246C3
:10C5A000FEF784F921464046FEF775FC18B9832151
:10C5B0002B20F4F7EFFC01A8FFF719F8019BA3F873
:10C5C000B2517D75CCE74378C3F30111012910B551
:10C5D00002460ED0022915D0047803F00F00131D77
:10C5E0005288022144EA0020FFF7ACFF38B1012055
:10C5F00010BD047803F00F00131D5288F2E7F7F71F
:10C60000A5F8F4E70020F3E71A230B7001234B7021
:10C610008B707047F6F772BF10B521B940F2A921AF
:10C620001020F4F7B7FC4A600B72EFF3108472B677
:10C63000031D0B6042681AB1127A012A08BF036019
:10C6400003681960016004B962B6BDE81040F6F7EE
:10C650009FBF0222F7F768B80322F7F765B80422F4
:10C66000F7F762B80222F7F7A3B88D230B7030F802
:10C67000953CA1F8033030F8573CA1F8053030F86C
:10C68000533CA1F8073030F8553CA1F8093030F898
:10C69000513CA1F80B307047012908B503D10E3089
:10C6A000C00080B208BD022902D10F308000F8E737
:10C6B0004FF40C710620F4F76DFC30B587B00446DA
:10C6C0000D46F5F7C9FE80B334F89E4C6946204606
:10C6D000FFF794F818B1FB212C20F4F75BFCBDF8B0
:10C6E0000630ADF80E30BDF80830ADF81030BDF8AA
:10C6F0000230ADF8123003A8BDF80430ADF80C409C
:10C70000ADF81430FFF758F810B14FF48271E3E739
:10C71000ADF80C009DF80C30002063F307009DF885
:10C720000D3063F30F2007B030BD2B468E2203F887
:10C73000032BD4F80920C5F80320D4F80D205A6043
:10C74000B4F811201A810423ADF80C30E2E74068F8
:10C750007047C08A704710B58A880B89CC88498891
:10C76000A0F85410A0F85840A0F85620A0F85A306D
:10C7700010BD8383BDF8003001834283C3837047BB
:10C78000034670B5B3F84C10B3F85820B3F85A40CC
:10C79000B3F84850B0F84260B0F84600914228BF64
:10C7A0001146B3F85020A3F84210A24228BF2246F7
:10C7B000B3F84A40A3F84620944238BF14468D424D
:10C7C00038BF0D468E42A3F84850A3F84A4021D105
:10C7D000801A18BF0120B3F84E10B3F85420B3F8F4
:10C7E0005660B3F84050B3F84440914228BF114618
:10C7F000B3F85220A3F84010B24228BF32468D420F
:10C80000A3F8442008D1944218BF40F0010000F082
:10C81000010070BD0120DEE70120F8E738B5C58BC7
:10C82000438C04469D42007A28BF1D46FFF734FF23
:10C830006389AB4228BF2B46984238BF184680B266
:10C8400038BD2DE9F04106460F46808919469846C5
:10C850001446FFF721FF414605463046FFF7DEFF4D
:10C86000854228BF05469DF81810B08AFFF714FFCF
:10C87000F38A834228BF0346ADB2A01D15FA83F3A5
:10C8800038441844BDE8F08107B590F86D30009346
:10C8900090F86C30002296213430FFF7D2FF03B0BD
:10C8A0005DF804FB38B50D4619461446FFF7ECFF5A
:10C8B00096342044A84294BF281A002038BD38B5C9
:10C8C0000D4611460446FFF7DFFF2844A06338BD3C
:10C8D00001F19C0383423DBF9C38401A4008002070
:10C8E000704700F05503400800F05500034403F082
:10C8F00033009B0803F03303034403F00F0000EB05
:10C9000013107047036800229A7383F84A20A3F833
:10C910004620704703680022A3F84E2093F8502069
:10C92000013283F85020704708B5026892F8503001
:10C93000013B5BB2002B82F8503003DA52214A20CF
:10C94000F4F728FB08BDA0F10903042B09D9A0F1D5
:10C950004603012B05D9233807288CBF002001206E
:10C960007047012070470268136810B513F008047F
:10C9700008D143F00803136082F89810FFF7CAFF4C
:10C98000204610BD0120FCE730F8023CF7B5B0F8B6
:10C99000827005460E4673B1012268468DF800206C
:10C9A000ADF80170ADF80330F5F7EAFD18B1952147
:10C9B0006320F4F7EFFA832300243370B470A6F8F1
:10C9C00003706B7AD5F898007371FEF7D3FA08B943
:10C9D000BA21EDE721463846F4F71EFE4FF4017305
:10C9E00003F00402204662F307001B0A63F30F20E2
:10C9F00003B0F0BD03681A7C063A012A81BF4A7869
:10CA00005A7406221A74002070470268137C063B91
:10CA1000012B84BF07231374704770B50268D57B60
:10CA2000E5B9CB88D688A2F86C32013B9B1B9BB240
:10CA300047F6FD76B34206D9282382F83130F7F75E
:10CA400089F8284670BDD1F80130C2F86E324B79B2
:10CA500082F8723203680922DA73F2E70125F0E7FF
:10CA60000B46822203F8032BD0F80920C1F80320DB
:10CA7000D0F80D205A60427C1A720023CB707047A8
:10CA800070B50368DD7B06460C46002D3CD10622BE
:10CA900029462046FFF72FFD28B921783046BDE80A
:10CAA0007040FFF760BF32686389D188A2F86C32AA
:10CAB000013B5B1A9BB247F6FD718B4207D92823D5
:10CAC00082F831303046F7F745F8284670BDA38824
:10CAD00040F2E2414B43C2F874326378C3EB431037
:10CAE00003EB800303EB83035B00A2F86E326388E1
:10CAF0004B43C2F87032E388A2F878322389A2F857
:10CB00007A320C23D373E0E70125DEE70B4684225B
:10CB100003F8022BD0F80920C1F80220D0F80D202C
:10CB20005A6070470B46852203F8022BD0F8092083
:10CB3000C1F80220B0F80D209A80704738B503681C
:10CB4000DC7B054634B1103C0F2C8CBF012408243B
:10CB5000204638BD1B7D002BFAD0FFF7DBFE2B688B
:10CB60001022DA73F4E708B50368DA7B152A04D0DB
:10CB700040F253211F20F4F70DFA012283F85120CF
:10CB80001722DA7308BD0368DA7B112A03BF122269
:10CB90000020DA730220704710B50368DB7B1B2B83
:10CBA000044606D1FFF7C0FE23681F22DA73002077
:10CBB00010BD0220FCE708B50368DA7B102A04D018
:10CBC00040F27E211F20F4F7E5F9012283F851207D
:10CBD0001122DA7308BD08B50368DA7B172A04D07E
:10CBE00040F28A211F20F4F7D5F91B22DA7308BD21
:10CBF0003E230B700C234B7004238B70D0F809304C
:10CC0000C1F80330D0F80D30C1F80730B0F811305A
:10CC1000A1F80B30C37C4B73704708B503689A7B4F
:10CC20001AB1CF211C20F4F7B5F904229A7308BD7C
:10CC3000026808B51368D90703D4DD211C20F4F776
:10CC4000A9F923F001031360BDE80840FFF76CBEAB
:10CC500087230B7030F88C3C4B80704703689A7BBD
:10CC60000E2A01BF002283F83E2083F84A209A73DF
:10CC70000020704738B505682B6813F0040407D10D
:10CC8000FFF748FE2B6843F004032B60204638BDB5
:10CC90000120FCE70268136823F004031360FFF728
:10CCA00043BE08B503689A7B1AB172214B20F4F792
:10CCB00071F90E229A7308BD10B5D0E90D42A24257
:10CCC00006D38B8C498E05334B43121B934202D300
:10CCD000012380F83E3010BD0C230B7008234B70ED
:10CCE00000238B70B0F85630A1F80330437A4B71B3
:10CCF0004389CB8083890B81704710B5046894F811
:10CD000053309A070CD4A37B1BB177214020F4F752
:10CD100041F90122A27384F84A20A4F8463010BDDC
:10CD200023689B0705D5FFF7FFFD236823F0020367
:10CD30002360002384F83231F1E710B50B794C7988
:10CD40000A68012843EA042108BF41F480311046F3
:10CD500010BD07B5FFF7F1FF0DF10702F7F728F94E
:10CD600003B05DF804FB07B5002301A80193FAF7AF
:10CD70003DFC019810F0030018BF012003B05DF8DE
:10CD800004FB08B5FFF7EFFF002814BF14200020B4
:10CD900008BD08B503689A7B1AB12621A320F4F7D1
:10CDA000F9F820229A7308BDF7B50568AB7B203BE4
:10CDB000022B06460C462BD8B1F805101A2921D9AA
:10CDC000B4F80730B3F5A47F1CD3B4F801201A2AB5
:10CDD00018D9B4F80300B0F5A47F13D3009005F17F
:10CDE000A80405F1DC00FFF7C4FC20463768FFF714
:10CDF000C7FC18B107F23F10F6F7FCFC30680621BB
:10CE0000F7F7CCFD002085F84A00A87303B0F0BD09
:10CE10000120FBE702681368D90610B5044603D465
:10CE2000B821A320F4F7B6F8990601D5B921F8E79F
:10CE300023F010031360FFF777FD20680621BDE89B
:10CE40001040F7F7ABBD10B5FAF786F90446FFF7C7
:10CE500098FF04F55F43BE304FF47A724133B3FB61
:10CE6000F2F3184410BD10B5044690F86D00FFF7BA
:10CE7000EAFF012201462046BDE81040FFF71FBD32
:10CE80007FB5044618B9A5213020F4F783F80529A9
:10CE900000F2B580DFE801F003AE2A25B3A990F8CF
:10CEA0000032C288A3B1B0F8FE31934208BFB0F897
:10CEB000B4319A1AA0F8B621E380D4E99023204631
:10CEC000C4E99223F8F75CFE94F84C3004B070BDCE
:10CED000B0F8FC319B1AA0F8B631B0F8FC319BB227
:10CEE000EAE704B0BDE87040FAF786B8FBF7D6F879
:10CEF000D4E99223801A61EB0301012871F1000348
:10CF000002DA40F20161BFE76FF0010383424FF0A4
:10CF100000038B4102DA40F20261B5E7D4F8C43075
:10CF20000BB1B0FBF3F3E17BB4F8FE210C2931D156
:10CF30000132A4F8FE21B4F86232E5880133A4F886
:10CF40006232B4F842301D44B4F84030013DED1A6D
:10CF5000ADB203AEB4F8FE116B1A180434D400233A
:10CF600000961A462046F7F7CBF80128AED1B4F860
:10CF7000FE21B4F8B011BDF80C301344521A12045B
:10CF80009BB204D5EA1A12F4004F18BF0B46A4F85E
:10CF9000FE31DFE7E1880B449BB2D11A0D044DBF8F
:10CFA0000133013293B29BB2A4F8FE3194F80132FE
:10CFB000002BC0D1B4F8B431B4F8FE21934204BFC1
:10CFC0000133A4F8FE31B6E7A37C0394002B14BF11
:10CFD00008233E23304684F83130F6F7BBFD204667
:10CFE00000F087FC0023637370E704B0BDE8704075
:10CFF000FEF7FBB9437B042BF4D0C62144E7CB21D9
:10D0000042E713B500234373A0F860321A46009339
:10D0100019460446F7F774F820B140F2E7113020C2
:10D02000F3F7B8FF01236373C4F8E801C4F8E00123
:10D03000A4F8FE01A4F8FC0184F80102E388A4F836
:10D040006202013BE38002B010BDD0F8E8007047F7
:10D0500038B5044690F828319BB1FF2380F8303171
:10D06000012100F09FFA94F8283153B104F1C00572
:10D070002846FBF7CBF82846FBF7DCF8002384F8BA
:10D080002831002038BD08B590F8302142B990F819
:10D09000EC2042B1D0E93C31994202D9F8F7B4FA18
:10D0A0000022104608BD0122FBE710B50446FFF739
:10D0B00068FEE269636B9A4228BF1A4600F5C171A7
:10D0C0001046FFF705FC40F64803984228BF184673
:10D0D00080B210BD7FB5044690F84C3003F0FF05D8
:10D0E000002B58D1437B032B55D1FAF7D7FFD4E956
:10D0F0009223801A61EB0301012871F100034ADBDE
:10D100006FF00103834275EB010104DA40F2AA518A
:10D110003020F3F73FFFD4F8C420E3880AB1B0FB16
:10D12000F2F2013313449BB2A4F8FC31B4F8FC21B1
:10D13000B4F8B4319B1A1BB2002B2CDD04F502703D
:10D14000FBF764F838B3FF2384F80132B4F84230B7
:10D15000E5881D44B4F84030013DED1AADB20DF143
:10D160000E06B4F8FC31EB1A1B0414D4B4F8FC110D
:10D1700000960023012289B22046F6F7C1FF01285C
:10D1800009D1B4F8FC31BDF80E2012FA83F39BB23A
:10D19000A4F8FC31E5E704B070BD2DE970430C46FE
:10D1A0001546E2B9F9F760FCD4E94689064684F8E9
:10D1B000EC5084F82851D4F8E800F6F7EDF8D4F8EC
:10D1C000E800C0E99289C0E99689C0F86462FFF777
:10D1D00018FFF9F7DBFDBDE87043FCF769B840F2D2
:10D1E000C3713020F3F7D6FE70B5044621B1012992
:10D1F00078D040F2D37172E000F007F994F8293149
:10D2000005460E46DBB150EA010318D0D4E93E32A0
:10D21000D4E94601C01A61EB020133462A46FDF704
:10D22000B1FA05FB01F300FB0633A5FB0002134432
:10D23000D4E93E21121843EB0103C4E93E23E08BFD
:10D2400030B1F6F7F1FAE38BB0FBF3F202FB130017
:10D25000D4E93E32ED1846EB02062D184FF00003DC
:10D2600046F1000640F20242C4E93E56C4E9465681
:10D2700084F80831A4F8102184F8293194F8303169
:10D2800003F0FF01DBB9D4E948026FF000439A4292
:10D2900008BFB0F1FF3F18D02046D4E9465600F051
:10D2A000A9F8D4E94832E5305B1B62EB06021B1A91
:10D2B00062F10002002A08DA2046F8F7A5F9F9F72A
:10D2C00065FDBDE87040FBF7F3BF04F5847104F120
:10D2D000C000FCF707F80028F1D14FF4E0613020DE
:10D2E000F3F758FE002380F8EC30E8E790F82801C7
:10D2F000003818BF012070470B468C2203F8032B1F
:10D30000D0F80920C1F80320D0F80D205A607047EA
:10D3100038B50B46882203F8032B0C4600F10902AE
:10D32000293052F8041B43F8041B8242F9D11278C9
:10D330001A70A5880123A37100212846F4F756F935
:10D3400058B1E3784BB100212846F4F765F920B1D4
:10D3500040F233212D20F3F71DFE38BD0121F7F7F0
:10D36000E7BEFFF7FBBF90F872300BB101207047AA
:10D3700090F8AA2002F0FF03002AF7D190F89C2031
:10D380001846704737B504460D464FF49C7200218D
:10D39000FDF74CFAFF2323701323638042F21073CE
:10D3A000E383F4F71FFA00220146A0626846FDF706
:10D3B00027FFA06A00220121FDF76EFFA16A6846DF
:10D3C0000422FDF71DFF0022A06A1146FDF764FF4D
:10D3D00004F12000A57403B0BDE8304000F019B995
:10D3E000FF23886A0B70FDF708BF0078FF3818BF6D
:10D3F0000120704710B50446203000F060F96188C4
:10D400002822F8F733F96D3010BDD0E902017047DA
:10D410002DE9F04F07460C4606460FCF8FB006ADFC
:10D420000FC597E80F000DF1100885E80F00404682
:10D4300000F0EFF8677894F8149094F80AA094F844
:10D4400000B007F07F05B9F1010F2F4607D0B9F101
:10D45000020F04D040F212310620F3F79BFD617AEF
:10D46000404600F0DDF8237D227F022B08BF617D5E
:10D4700002F1010206BF0131C9B20121D2B2404618
:10D4800000F0D0F815F0080360D14046019300F099
:10D4900016F928223946F8F7E9F8E578019B00F5F6
:10D4A0002472207945EA0025607940F2712145EA2D
:10D4B00000454D43B2FBF1F24A43AA420AD9E07952
:10D4C000A57945EA0025207A45EA00454D43954275
:10D4D00028BF1546227E0393531E5A425A41A17C0F
:10D4E000B06A02910192FDF75EFFB06AFDF76BFF33
:10D4F000039B019A02998DF818B0ADF81A7008953F
:10D500008DF828208DF82B108DF82CA08DF81C900C
:10D51000099306AF0FCF35460FC597E80F0085E892
:10D520000F0098E803003062B184E37A03F0FD0352
:10D53000003B18BF012386F84F30E3683365238A28
:10D54000A6F8543000200FB0BDE8F08F00252B4620
:10D55000C0E74FF40043C38443881D2B08BF00215C
:10D560004174704790F912007047408800F0010044
:10D5700070478078C0F3400070478078C0F3C000E7
:10D58000704790F84830816181F8B330D0F8493065
:10D59000C1F8B430B0F84D30A1F8B83070477047DA
:10D5A000F7F734BB80F8681070478278034612F0B2
:10D5B000010002D0D978C90710D5900702D5D978D3
:10D5C00089070AD512F0040008D0D878C0F380008B
:10D5D00080F001008000C0B2704702207047C0F3A5
:10D5E0004002C0F38003134400F001001844704768
:10D5F000022808B507D0042807D0012807D0392110
:10D600002E20F3F7C7FC262008BD2720FCE72520A5
:10D61000FAE70023C0F8023001234370037070471B
:10D620008170704710B54270017080781446FFF722
:10D63000D6FF10FB01F010FB04F2FE2A03DD5C2193
:10D640002E20F3F7A7FC10BD0023C37043710371B4
:10D65000704710B50446FFF7A8FF6379627801337D
:10D66000DBB29A4263710FD1E378A1780343DBB256
:10D670009942E37008BF23794FF0000208BF0133DD
:10D68000627104BFE2702371BDE81040FFF7B0BFC4
:10D6900038B501468078FFF7A2FF0446C8784D7878
:10D6A000FFF79DFF0A790B789B1A13FB05F34A7964
:10D6B00013FB04F39B1A00FB1530C0B238BD08B54C
:10D6C00001468078FFF78BFF4B780A7813FB02F353
:10D6D00013FB00F0C0B208BD40F2EF20704740F2EB
:10D6E0005A335843704738B513680E3814460D4600
:10D6F0009A7B09283ED8DFE800F0053D3D3D0F3D0F
:10D70000183D3D27042A05D12046FFF7FBF82046A7
:10D71000F6F78EFB002038BD0E2AFBD100222046F2
:10D720001146BDE83840FFF799BA202AF2D12046C9
:10D73000FFF7E8F8002DEDD0226892F8623023F070
:10D74000200382F86230E5E7DA7B262AE2D1002561
:10D75000DD732046FFF7E8F8236893F82C31012B9E
:10D7600003D129462046F5F73DFA2368002283F8C5
:10D770002C21CFE740F262213120F3F70BFC08B5F2
:10D780000368DA7B172A04D040F27E513120F3F788
:10D7900001FC1D22DA7308BD08B590F89E30FE2BFF
:10D7A00004D040F66F113120F3F7F4FB002380F82A
:10D7B0009E1080F89F3012B9A0F84E2008BDA0F846
:10D7C0004630012380F84A30F8E708B50368DA7B71
:10D7D000342A05D10022DA73BDE80840FFF7A4B867
:10D7E000172A02D11D22DA7308BD40F2935131206D
:10D7F000F3F7D0FB08B503689A7B082A0AD193F89F
:10D80000991093F8A020914204D100229A7383F8D2
:10D810004A2008BD1A68110706D522F008021A60CE
:10D82000BDE80840FFF780B84FF4AF613120F3F74F
:10D83000B1FB037D63B9C37BA3F10F02032A07D9B0
:10D8400090F8520028B11F2B8CBF00200120704798
:10D8500001207047024600684978837B202B13D053
:10D860000AD8042B12D00E2B12D0C37B262B0CBF50
:10D870001720FE20F8F7B8B82A2B03D02C2B09D09C
:10D88000242BF2D11620F5E71420F3E70E20F1E760
:10D890001220EFE72320EDE7024600680B4690F8E0
:10D8A000621041F0040180F8621099785878F8F716
:10D8B0009BB838B50C460546D1E92F01F3F746FF72
:10D8C000637B3BB104F502742046FAF79FFC2046C7
:10D8D000FAF7B0FC28460221BDE83840F3F79CBEB9
:10D8E0000020704708B5F5F7E9FFBDE80840F6F7F6
:10D8F00097B90022C281827490F84C3013B1022192
:10D90000F7F74CB80321FBE738B504460846E37B3C
:10D9100003F0FD0394F8682212B10C25284638BDA7
:10D92000152BFAD194F8843203F0FF05002BF4D1C3
:10D9300091B194F8D63123B940F66C313120F3F728
:10D9400029FB052304F1800204F5E371FCF7CCFD0B
:10D95000012384F86832E1E70223FAE7F6F722B8F8
:10D9600008B5F9F74FF8F8F73BFEF8F793FDBDE877
:10D970000840F9F755BC10B5C824F8F7EBFD0228AC
:10D9800008D1013C14F0FF04F7D10620F5F7ECFEB6
:10D99000204610BD431E58425841FAE74FF08053CD
:10D9A000D3F8A00000F0010070474FF08053D3F887
:10D9B000A420D3F8A830511C9BB203D14FF6FF71BD
:10D9C0008B4203D0026083800120704700207047A3
:10D9D0004FF0805330B5D3F89050D3F89440D3F83B
:10D9E0009810D3F89C2005EA04030B401340013340
:10D9F0001FBF056044608160C2600CBF0020012031
:10DA000030BD4FF0805330B5D3F88050D3F8844008
:10DA1000D3F88810D3F88C2005EA04030B40134098
:10DA200001331FBF056044608160C2600CBF0020ED
:10DA3000012030BD10B5F9F71FF80446FAF77CFC59
:10DA4000201841F1000110BD38B504461546F8F71D
:10DA500055FE2A4601462046BDE83840F9F732B95E
:10DA600010B504460846F9F777FB4FF47A73B0FB1C
:10DA7000F3F0201A10BD10B504460846F9F76CFB08
:10DA8000023C00F2E7334FF47A72B3FBF2F3E01A90
:10DA900010BD08B5FCF7DAFDBDE80840F9F780BE17
:10DAA000801A00F3070038B540B20D4659B214464B
:10DAB000F9F766FE002328706B70204440B238BD31
:10DAC0000023036070477047002070474FF0FF301D
:10DAD00070474FF0FF30704770474FF0FF3070478E
:10DAE00000207047002070470023037070479DF8A6
:10DAF00000300022FFF7D4BF4FF0FF307047002006
:10DB000070474FF0FF3070474FF0FF30704770475D
:10DB1000C0B208B520B94FF0804301221A6008BD99
:10DB20004D21B520FCF798FB0020F9F791BE4FF08E
:10DB30008043D3F8080400F0010070474FF08043A1
:10DB4000D3F8140400F0010070474FF08043D3F87D
:10DB50001C0400F0030070474FF08042D2F81834E4
:10DB6000D2F81824C3F3004302F00302824214BF28
:10DB7000002003F0010070470020F9F7DFBE00200D
:10DB8000F9F70ABF0020F9F763BE08B500230B853B
:10DB900081F82A300B6A0921984728B103781BB114
:10DBA000E9216A20FCF758FB08BD436A1944416229
:10DBB000A1F15000FAF774BAF8B5044620B940F262
:10DBC000AD116A20FCF748FB90F85850052900F287
:10DBD000CA80DFE801F003834668727C90F82A303F
:10DBE000033B012B02D94FF4DC71EAE7052380F8EF
:10DBF0002A30002380F859300378EBB12378012BC9
:10DC000027D1FBF703FC94F8286063686362C4E9DA
:10DC100006010EBBFAF750FA31462046FFF7C5FF62
:10DC2000236A31462846984701462046FCF7D0F93A
:10DC3000022840F09B80F8BDFAF730FA06460F46FE
:10DC4000FBF7E4FB1F3647F1000786428F41F3D311
:10DC5000D4E7D4E90401D6E72046BDE8F840FCF754
:10DC600083B990F82A30DA1E012A02D940F2ED1168
:10DC7000A7E790F828202AB121462846BDE8F840B9
:10DC8000FFF783BF042B18BF012180F82A10036A15
:10DC90000521284698470028CDD00378002BCAD00C
:10DCA0004FF400718DE790F82A30052B02D040F236
:10DCB000062186E7036A0221B4E790F82A30052B93
:10DCC00002D04FF403717CE7036A0121AAE790F8C0
:10DCD0002A30052BC0D040F2122172E790F82A308A
:10DCE000052B07D090F829200AB1032B02D040F26F
:10DCF000172166E794F82820002ABDD194F85930FE
:10DD000083B1022384F82A3084F85920236A082139
:10DD10002846984700288ED00378002B8BD040F2FD
:10DD200023214EE794F8292062B184F82930214656
:10DD300004F13000FBF7D6FA00287FF47CAF4FF4F3
:10DD40000A713EE7022384F82A300721236A284615
:10DD5000984700283FF46FAF0378002B3FF46BAF78
:10DD600040F22F212DE74FF40D712AE70128236A95
:10DD70000CBF0421032155E770B5FCF7E3F900243B
:10DD800005462646E0B2854200D870BDFCF7E0F9B2
:10DD90000134068580F82A60F4E7F8B504460D469C
:10DDA000FCF7D0F900270646F8B2864204D8082DC1
:10DDB0000CD96FF0150008E0FCF7CAF990F82A308A
:10DDC0000137002BF0D04FF0FF30F8BD2CB12946C1
:10DDD0002046BDE8F840FCF7C7B921462046F8E7E1
:10DDE00010B50446FCF7B4F9014688B190F8283024
:10DDF0008BB990F82A3073B1013B012B04D820462F
:10DE0000FFF7C3FE002010BD012380F82830F9E79A
:10DE10006FF00100F7E76FF02200F4E770B50D46F0
:10DE2000FCF796F9044600284CD090F82A60731E3F
:10DE3000012B4DD8002D48D02846FCF769F8002862
:10DE400043D02B780BBB012323702B796A79003BDD
:10DE500018BF0123002A14BF042202222272AA68DA
:10DE60006F3243F004036260EA6822616372032345
:10DE700084F82A30214604F13000FBF733FA50BB16
:10DE800040F2C1216A20FCF7E7F9022E20D10023DD
:10DE900023702B796A79003B18BF0123002A18BF31
:10DEA00004262672EA6843F004036F3263726260EC
:10DEB000D4E90632A9685B1842EBE172C4E9043286
:10DEC0000423D5E76FF0010070BD6FF01500FBE78C
:10DED0006FF02200F8E70020F6E7F8B50379044672
:10DEE0001BB11B219D20FCF7B7F94679017126B9BA
:10DEF00001234371217909B96171F8BD2768267141
:10DF00002046B84702280546F4D103212046B847E9
:10DF100008B12F21E6E723682946204698470028C4
:10DF2000E8D03021DEE70346006800B97047884238
:10DF3000F9D102681A6070470346002018707047D4
:10DF4000EFF3108272B603780121DBB2017002B9DF
:10DF500062B6012B0CBF6FF0220000207047EFF378
:10DF6000108372B60022027003B962B600207047B7
:10DF7000FCF746BBFCF78EBBFCF78CBB00280CBF44
:10DF80006FF01500002070470020704707230370D2
:10DF900000207047002070470020704710F8012BC8
:10DFA00011F8013B012A28BF9A42F7D0D01A7047D6
:10DFB000034611F8012B03F8012B002AF9D1704711
:10DFC000034613F8012B002AFBD1181A01387047B9
:10DFD0002DE9F0478C468E46089E154604461946A4
:10DFE000002B40F0D080724547D9B2FA82F74FB18A
:10DFF000C7F120030EFA07FC20FA03F3BD4043EA01
:10E000000C0CBC404FEA154EA8B2BCFBFEF8230C2A
:10E010000EFB18CC08FB00F943EA0C43994528D9BC
:10E02000EB1808F1FF3204D2994502D9A8F1020297
:10E030002B44A3EB0903A4B2B3FBFEFC0EFB1C3381
:10E040000CFB00F044EA0344A04214D92C190CF153
:10E05000FF3304D2A04202D9ACF102032C44241AAB
:10E0600043EA02401EB1FC40002334607360BDE807
:10E07000F0874246DDE76346F1E7002A79D0B2FA3D
:10E0800082F3002B3FD01946C1F1200302FA01F5BB
:10E090002EFA03F20EFA01FE20FA03F343EA0E030E
:10E0A0004FEA154E00FA01F4B2FBFEFCAFB20EFBD4
:10E0B0001C201A0C0CFB07F842EA004290455AD982
:10E0C000AA180CF1FF3004D2904502D9ACF102003D
:10E0D0002A44A2EB08029BB2B2FBFEFC0EFB1C2200
:10E0E0000CFB07F743EA02439F4246D9EB180CF1B9
:10E0F000FF3204D29F4202D9ACF102022B44DB1B57
:10E1000042EA004202E0AEEB020301224FEA154E62
:10E11000AFB2B3FBFEFC200C0EFB1C330CFB07F86C
:10E1200040EA034398452AD9EB180CF1FF3004D29A
:10E13000984502D9ACF102002B44A3EB0803A4B22A
:10E14000B3FBFEFC0EFB1C330CFB07F744EA034455
:10E15000A74216D92C190CF1FF3304D2A74202D9D9
:10E16000ACF102032C44E41B43EA00400F46114685
:10E1700078E71F2188E76046ABE76246BFE7604665
:10E18000DBE76346EFE7734506D916B90021084679
:10E190006DE7C6E9000EF9E7B3FA83F787B973456F
:10E1A00001D3824207D8841A6EEB030301209C46F8
:10E1B0001EB900215BE73846FAE7C6E9004CF8E7EC
:10E1C000C7F1200CBB4022FA0CF51D4320FA0CF1DC
:10E1D0002EFA0CF30EFA07FE41EA0E014FEA15493A
:10E1E00000FA07F4B3FBF9F81FFA85FE09FB1830B3
:10E1F0000B0C08FB0EFA43EA00439A4502FA07F2B9
:10E2000040D9EB1808F1FF3004D29A4502D9A8F1A1
:10E2100002002B44A3EB0A0389B2B3FBF9F809FB14
:10E22000183308FB0EFE41EA03418E452CD96918CC
:10E2300008F1FF3304D28E4502D9A8F10203294424
:10E2400043EA0040A0FB0298A1EB0E014145CE46F7
:10E25000434602D306D14C4504D2B9EB020E68EB1B
:10E2600005030138002EA4D0B4EB0E0261EB0301CC
:10E2700001FA0CFC22FA07F34CEA0303F940C6E961
:10E28000003196E74046C5E74346D9E70000000065
:10E29000F0B5002285B0114602AF40F6034006F00B
:10E2A00097FD044600285BD106F04CFB21463A1D41
:10E2B00041F2030006F08CFD0446002850D17A6834
:10E2C000294DD168D1F80100D1F8051005F1780386
:10E2D00003C3104605F032FB21463A1D41F201000E
:10E2E00006F076FD044600283AD17868C3685A786B
:10E2F00085F870205A88A5F872201A7985F871205F
:10E30000B3F80720A5F87420B3F80530A5F87630E7
:10E3100005F014FB21463A1D41F2020006F058FDBB
:10E320000446E8B9D7F804C0DCF80C2005F18006F3
:10E33000531C413218685968344603C40833934269
:10E340002646F7D1604605F0F9FA95F87C305A0672
:10E3500010D4064A0648012117F06BFE6FF0120434
:10E3600020460C37BD46F0BD4021002003DD0200F1
:10E3700080AE02003A1D002142F2030006F028FDA3
:10E3800004460028ECD17A68A94BD168D1F8010085
:10E39000D1F8051003C3104605F0D0FA21463A1D06
:10E3A00042F2020006F014FD04460028D8D17E682F
:10E3B000F468B4F801309AB292B1E27882B1A5F86B
:10E3C000FC30E378032B06D00322009299489A4A46
:10E3D000022117F0C6F9E278984811461BF020F8A0
:10E3E000304605F0ABFA95F87C601F2316F0200646
:10E3F000A5F8103119D14FF0FF304FF0FF3106F082
:10E40000C9FA0446002800F0BE8102210C3017F042
:10E4100082FC0123037046702146324640F66D406F
:10E4200006F0D6FC044600289AD195F89C301B07CC
:10E4300012D53A1D002142F21C0006F0C9FC044628
:10E4400000288DD17868C368D3F80120D3F805304F
:10E45000C5E9382305F072FA95F8D8309E0623D521
:10E46000B91C384606F05CFD044600287FF478AFFE
:10E470004FF0FF304FF0FF3106F08CFA06460028CF
:10E4800000F0818104210C3017F045FC3B880380AB
:10E490007B8843802246314642F2240006F098FCF5
:10E4A000044600287FF45CAF95F8D8305C0610D5A0
:10E4B0003A1D002142F22A0006F08AFC0446002898
:10E4C0007FF44EAF7868C3685B7885F8123105F049
:10E4D00035FA4FF0FF304FF0FF3106F05BFA064699
:10E4E000002800F0508108210C3017F014FC95F83A
:10E4F000D84014F0400F40F20223024608BF032325
:10E50000A0074CBF43F02C0343F00C03A10695F881
:10E51000D91048BF43F0400311F0090F18BF43F46E
:10E52000006304F0010443EA0410002117F0B8FD71
:10E530000022314642F2010006F04AFC044600285F
:10E540007FF40EAF95F87C30B5F8FC1098065CD4DB
:10E55000C9B93A1D41F2050006F03AFC044600280C
:10E560007FF4FEAEB5F8FC307C684BB9E368B3F8D5
:10E570000120A5F8FC209A88304811461AF050FF77
:10E58000204605F0DBF94FF0FF304FF0FF3106F089
:10E5900001FA0446002800F0F68008210C3017F03C
:10E5A000BAFB95F8D830D907024638D424484FF042
:10E5B000005117F075FD2146002240F6014006F09B
:10E5C00007FC044600287FF4CBAE01463A1D4FF607
:10E5D000014006F0FDFB002838D01A4A15480221F8
:10E5E00017F027FDEB79002B40F0BD8017F03CFFC2
:10E5F000044600287FF4B4AE09F044F8044600282D
:10E600007FF4AEAE06F06EFBAAE60029BBD10E4A3F
:10E610000848012117F00DFD6FF00404A0E602A1E7
:10E62000D1E90001C5E700BF90880002008000200A
:10E630001822002080AE020027DD020040220020C8
:10E640001088000290DD02006DDD02007B68DC684E
:10E65000B4F80130042B96BF584A594952F8231098
:10E660006E468AB002AA5748D3614FF400731384F0
:10E67000554BC2E9050142F8103F54484FF413517D
:10E6800017F0EAFCB4F80120B4F80330022AB546CA
:10E6900049D1052B47D84E4A52F823106E468AB00E
:10E6A00002AA4C48D3614FF400731384464BC2E96D
:10E6B000050142F8103F4FF41351444817F0CCFCC9
:10E6C000637994F806C0D4F80900032BB54698BFC7
:10E6D000414AB4F8076094BF52F8231038496C4699
:10E6E0008CB002AADFF8F4E0C2E9073C4FF40073F3
:10E6F00093853B4BC2E905E1C2E909604FF47351D0
:10E7000042F8103F314817F0A7FCA546786805F09D
:10E7100015F93A1D00214FF6024006F059FB044658
:10E7200018B1304A5AE72649B8E77868C368B3F8A1
:10E730000130A5F8C13005F001F995F8C1305A074C
:10E740007FF550AF3A1D21464FF6034006F040FBDF
:10E7500008B1254A42E77868C3685B7885F8C0301D
:10E7600005F0ECF83EE72E78002E7FF43FAF95F8E9
:10E77000C1309B061FD54FF0FF304FF0FF3106F040
:10E7800009F9044610B96FF06804E9E506210C3078
:10E7900017F0C1FAD5F801300360144B9B888380D1
:10E7A000214632464FF6064006F012FB044600288A
:10E7B0003FF41CAFD4E56FF08504D1E5E4B7020067
:10E7C0001CDB0200B4DD02000400000180AE020088
:10E7D000CCB70200CDDD0200BCB70200E5DD0200CF
:10E7E0000700000112DE02003BDE02004121002092
:10E7F00008B5054815F0A6FB044819F072FD044B56
:10E8000000221A8008BD00BF8C5B002028AB0200EC
:10E810000A65002010B5274C274886B00023CDE9B3
:10E820000333059323788DF80430244B1B788DF83F
:10E830000530234B1B88ADF80630224B1B88ADF802
:10E840000830214B1B88ADF80A3015F09AFC039074
:10E85000194815F094FCADF8100015F00EFB0023DC
:10E860004FF47A72FCF7D8F823780590022B08BF92
:10E870009DF80530104804BF43F002038DF80530C1
:10E8800015F081FC28B19DF8053043F001038DF8A7
:10E890000530039A42B1BDF810304FF47A714B4302
:10E8A000B3FBF2F3ADF8123001A801F05FFC06B043
:10E8B00010BD00BF2D650020405B00202C650020AE
:10E8C0000A650020086500200C270020B0F5967F1F
:10E8D00028BF4FF49670052898B538BF05208142AF
:10E8E00038BF0146114A4FF47A7303FB00F4B1F5C7
:10E8F000616F146028BF4FF461610D4A00AF4B4354
:10E900008AB013606A460B4B0791CDE9053064234A
:10E9100058430523B0FBF1F04FF42351089042F81F
:10E92000103F054815F0B7FABD4698BD6423002096
:10E930006023002028BE020030AF020058B1BFF3B0
:10E940005B8F054B012253E8001F43E8002000289D
:10E95000F9D1BFF35B8F70473C590020F8B50546ED
:10E960000E46471C012401F0D3FE1349134800F062
:10E9700037FD58B9124B01221A70124B1870124B06
:10E980001B7843F00403104A1370F8BDA54204F14C
:10E99000010403DD304615F081FAE4E7BC42E2D120
:10E9A00001F0B6FE064B00221A70074B1B786FF081
:10E9B000120003F0FB03E6E70CAB02008C5B0020C7
:10E9C00031650020306500202C650020064BBFF328
:10E9D0005B8F012253E8001F43E800200028F9D193
:10E9E000BFF35B8F704700BF3C5900202DE9F04F0B
:10E9F0009BB002AF304A3148032116F09FFE00233E
:10EA00007B6507F1540019F08DFB78B12C481AF0A2
:10EA1000C4FB00286CD12B4A2848012116F08EFE39
:10EA20006FF012006437BD46BDE8F08F19F0A3FB0C
:10EA30007B6DD90605D5244A2048022116F087FEB1
:10EA4000E4E79A0701D5214AF6E7214A214E224CF4
:10EA50002248234913F0080F08BF164613F0010F90
:10EA600008BF144613F0200F08BF10466D4613F080
:10EA7000800F8EB008BF114602AADFF868C091620D
:10EA8000C2E905C3184BBB6503F10233FB6507F10F
:10EA90006001506211E9030002F12C03C2E907642E
:10EAA00083E80300114B42F8103F044844F6C001CC
:10EAB00015F0F1F9AD46A9E765BF020030AF0200DD
:10EAC0000CAB02001FC002007CBF0200BFBF0200EF
:10EAD00085CF020050BE02005ABE02005FBE020097
:10EAE00066BE020003C00200010302040700000426
:10EAF000B1481AF052FBF86200288CD0AE4819F0E9
:10EB0000C0FBC82015F0CAF94FF0A043D3F8103568
:10EB1000C3F30050C3F38031DB0240F1E181A74B26
:10EB2000A74A002918BF13466C468AB002AAA54D11
:10EB3000DFF89492C2E9071340F20243C2E905509C
:10EB40009384A24DA24B42F8103FA2484FF4335198
:10EB500015F0A1F9AB68A5460124FB64FB6C5B6969
:10EB6000002B00F0C381284698474FF0A043EA46A7
:10EB7000D3F810B58AB0CBF3005602AACBF380339A
:10EB800053620623C2E90706C2E90594914842F898
:10EB9000103F4FF443510BF4821B15F07CF9BBF589
:10EBA000821FD54640F0A5818B4A8A48234603211F
:10EBB00016F0CDFD894801F027FA01F02BFA642107
:10EBC0000320FFF7CBFE20B1854A8248022116F0D0
:10EBD000B5FD7E4800F08EFD20B9824A137843F0DF
:10EBE00010031370794801F0A3FB38B97E4B012262
:10EBF0001A707C4A137843F008031370FFF7F8FD8E
:10EC0000502001F003FC15F038F9C7E9101015F099
:10EC100034F9764BDFF8D8911B681B18FB6441F17F
:10EC20000003BB6401F026FD99F80020714B6C468F
:10EC300088B053F8223002AA6F496648C2E905132A
:10EC40004FF4007393836D4B42F8103F4FF0000A6E
:10EC50004FF4E65115F01FF9A546C7E906AAC7E922
:10EC600008AAC7E904AAC7E902AA15F006F90446EA
:10EC70000D4601F04DFDFB689C42BB6875EB03033C
:10EC80002DDB07F158015148002687F8586000F045
:10EC90007DFE14F5FA635349FB6045F10003BB6048
:10ECA000574A0B78002800F0348123F010030B70D2
:10ECB00013780E2B13D80133DBB20F2B13700ED148
:10ECC00099F8001002290AD14E4A42481E2316F034
:10ECD0003EFD89F80060FFF79DFDC7E9125401F081
:10ECE00017FD7B699C423B6975EB030327DB99F8B1
:10ECF0000030022B23D0354807F1580100F082FD87
:10ED0000061E0BDD404B1E8015F065FB15F0A3FBC6
:10ED10003E4A30483346032116F019FD00F0CCFD81
:10ED20003B4B40EAE070188047F23053E3187B61B8
:10ED300045F100033B61FFF76DFD01F0E9FC15F0C3
:10ED4000F8FB99F80060012E00F0B681022E00F069
:10ED50003381002E89D1244E3378E3B97B6A9C42FB
:10ED60003B6A75EB030316DB4EF66023E3187B6208
:10ED7000164845F100033B6201F0DAFA48B9012375
:10ED80005020337001F042FB224A1248032116F052
:10ED9000D5FC01F0BDFC15F076FB1349114A09784A
:10EDA000137811B1002880F20B8123F008030028AA
:10EDB00013703FDB30E000BF28AB0200BCBE020096
:10EDC0009BBE020041C0020077C002000CAB0200F3
:10EDD0000500000130AF0200A0C00200E8B202004E
:10EDE0002CC102002C6500202F650020602300202C
:10EDF0002D650020F8B202007BC102000300000173
:10EE00002E65002087C1020008650020EDC10200C8
:10EE10000C270020FBC10200A0F57A700028B8BFC3
:10EE2000404278287B6CC8BF23467B643B6CC8BFDC
:10EE30002B463B6401F0D2F860B107F1580015F0A1
:10EE40000FFB38B9B7F95C20B7F95A10B7F9580079
:10EE500001F008FA01F0C6FA50B115F05AFB7E4AEB
:10EE60007E48032116F06AFCC7E91054C7E9125422
:10EE7000BFF35B8F7A4B002253E8001F012903D1B7
:10EE800043E800200028F7D1BFF35B8F0CBF0126B9
:10EE9000164611D0FB6C9C42BB6C75EB0303C0F2B1
:10EEA000D4807B6C6F49E21A3B6C65EB03039142A3
:10EEB00076EB0303C0F2C9806B4819F0E2F9034610
:10EEC000002800F08180694A6448012116F03FFC67
:10EED000674B1B681B19FB6445F10003BB64C4E668
:10EEE000644B654A002908BF13461DE66FF05700C2
:10EEF0003BE60520013414F0D1FF062C7FF42EAE42
:10EF0000002E7FF457AE5D4A5448012116F016FCDE
:10EF100050E697F85880107043F010030B7099F882
:10EF20000030B8F1000F2ED0022B3FF4D8AE012BE9
:10EF300001D1FFF75DFC6E4688B002AA504B5361C9
:10EF4000504B93614FF4007393834F4B42F8103F43
:10EF50004FF4E651414814F09EFF4348B54619F07E
:10EF600090F9142014F09AFF40F6B8320321474874
:10EF700015F010F83C4819F0B4F9022389F8003074
:10EF8000FFF748FCABE6022B7FF4A9AE6E4688B0D3
:10EF900002AA3B4B53613E4B93614FF40073938342
:10EFA000394B42F8103F2D484FF4E65114F073FFEF
:10EFB000B54689F800808EE6C82014F06FFF54E64D
:10EFC00043F00803137027E7142014F067FF314B58
:10EFD000197839B90120FFF7C1FC18B1224819F09E
:10EFE00080F975E729488022012100F0B9FA03462B
:10EFF00028B1294A1948012116F0A9FBEEE7274854
:10F00000642115F0B3F80123254A89F80030254B17
:10F01000E8468AB0002E18BF134602AA2249516161
:10F0200022490E48C2E90613214B1362214B42F8D4
:10F03000103F4FF4235114F02EFFC546FFF7EAFBB3
:10F0400086F0010AC7E906540FE600F0C7FF002862
:10F050000CBFC8201420B0E718C2020030AF020075
:10F060003C59002020BF020028AB020024C202004D
:10F0700060230020F3BE02006FBE0200CAC002007F
:10F080007BC10200DFC10200030000018C5B002095
:10F09000E8C10200316500203DC20200405B002053
:10F0A00022BF020085CF020053C2020061C20200EB
:10F0B0000002010304000002AD49AE48802214F0B2
:10F0C000DFFF031EFB6340F31D81AB4B97F83C1041
:10F0D000A7484FF0000883F8008001F069F8A44BBE
:10F0E000BB62BA6A52F8043BBA62C3F31201C3F3BB
:10F0F000C7430022012BA7F8582068D09F4A0091EF
:10F100009F48022116F02DFBFB6B08F101084345D7
:10F11000E7D100F063FF60B107F1580015F0A0F9E6
:10F1200038B9B7F95C20B7F95A10B7F9580001F0AF
:10F1300099F8944815F027F8FB69B4EB030BBB6909
:10F1400065EB0308002840F00B81BAF1000F00F0D6
:10F150000B8141F271739B4578F10003ACBF01262E
:10F160000026894B1B68FB6300F022FF002840F05B
:10F17000FD80FB6B9B4578F1000803DA002E00F060
:10F18000F580FE6AFFF734FB002389F800307F4BDF
:10F190007F4A1B681B19FB6445F10003BB647D4B70
:10F1A0006C468AB0002E18BF134602AA7A495161F4
:10F1B0007A497348C2E90613794B1362794B42F8D6
:10F1C000103F4FF4235114F066FEA546C5E007F149
:10F1D00058026C4814F0E2FF734A1368013313605D
:10F1E00070B1B7F858205AB10A21B2FBF1F301FB14
:10F1F000132292B2009262486C4A032116F0B1FACF
:10F20000694B1B68632B7FF67FAF5E4814F0B7FF36
:10F21000B8635C4814F0B5FF031E7B63C1BFBB6BD2
:10F220004FF47A765E430346B7F85800CCBF96FB9E
:10F23000F3F600264FF00A0B96FBFBF33B630BFB48
:10F24000136600283CD05A4B18800530B0FBFBF009
:10F2500080B215F0F5F8B7F85830B3FBFBF291B275
:10F260000BFB123379601FFA83FB00F093FE494ACF
:10F270005049C7F800D08EB0002808BF114602AA36
:10F280007B6B9361BB6BD3613B6B4B485061C2E9B5
:10F2900008367B681163C2E90A3B40F60603938691
:10F2A000464B42F8103F364844F6C04114F0F3FD97
:10F2B000D7F800D0FFF7AEFA3B4A0023136023E7EC
:10F2C000304814F060FF3E4A3E4BEB468CB00028BD
:10F2D00018BF134602AA796B9161B96BD161936231
:10F2E000396B3948506140F204639385374B2448A9
:10F2F000C2E9081642F8103F4FF4735114F0CBFDE9
:10F30000DD46D7E73FF405AF314AFB6B1C48314679
:10F3100016F01DFA184A1378042B3FF6FAAE0133A3
:10F32000DBB2052B13707FF4F4AE2A4A1448022195
:10F3300016F00DFAFFF75CFA274B284900221A70E5
:10F340000B7889F8002023F004030B700F4B1B6827
:10F350001B19FB6445F10003BB64FFF75BFA84E40F
:10F36000C7E910544FF0000A5646FAE6142024E686
:10F37000405900208C5B0020306500206BC20200E9
:10F3800030AF0200405B0020642300206023002097
:10F3900058BF020085CF020053C20200E8C102003C
:10F3A00000020103040000023859002090C202004C
:10F3B0000A65002033BF0200A1C20200090000015B
:10F3C00039BF02004EBF0200CBC20200070000019D
:10F3D000EAC2020000C30200316500202C65002053
:10F3E0002DE9F04F8DB000AF584B01604FF0000A8F
:10F3F0000446FB60D3464FF00108FB68206813F811
:10F40000015BFB60FF237B754FF0020387F8203020
:10F41000257107F115092B46012207F11801C7E9EB
:10F42000069887F816B087F817B014F047FDB86053
:10F43000002862D107F11603C7E90638032387F8CD
:10F44000203020682B46012207F1180114F036FD08
:10F45000064607F11703C7E90938072387F82C3058
:10F4600007F118012B46206887F820B00222C7E96F
:10F47000069814F023FDC7F804D08CB0B97DFB7D4D
:10F4800081466A4632480B93CDE90505B8680823E2
:10F49000CDE90706CDE9091942F8103F2D480023B0
:10F4A00044F2C00102F05EFCD7F804D0B9F1000FBD
:10F4B00026D197F81790B9F1360F26D06E468AB04C
:10F4C0006A46254BCDF81C90CDE9053536230893C7
:10F4D000052342F8103F1F4800234FF4225102F049
:10F4E00041FCB5460AF10103022B4FF0010A84D119
:10F4F000002323716FF0120024E04FF0FF36A8E7DD
:10F50000002EEFD197F81690D5E707F118020025E5
:10F51000FE2120463D7614F0E0FC21793B7E6C46CE
:10F520008AB06A460D48CDE907930523CDE9050168
:10F5300042F8103F07482B464FF4235102F012FCCB
:10F540002846A5463437BD46BDE8F08F78FB02005B
:10F5500052C3020038AF02008DC30200C4C30200D0
:10F560002DE9F04F8DB00E4600AF15460D2101225A
:10F57000804614F0CFFC0446002863D100214FF4EC
:10F58000A4701AF040F9214607F10F02404614F02A
:10F59000A4FC02220D21404614F0BCFC04460028C5
:10F5A00050D1434B434A7E77C7E90423424BBB61AA
:10F5B00020233B772123FB83404B3B62012E4FF0FE
:10F5C000230387F824300CBF2B46002387F825300F
:10F5D000022E4FF0240387F826300CBF2B46002361
:10F5E00087F82730032E4FF0250387F828300CBF0B
:10F5F0002B46002387F8293040F609737B85304B72
:10F60000FB6207F11009824699F801B099F80010E1
:10F6100079605A46404614F07DFC79680446B0B1E2
:10F620006D468AB0274ACDE905216A460523CDE912
:10F6300007B042F8103F244800234FF4215102F054
:10F6400091FBAD4620463437BD46BDE8F08F0AF148
:10F65000010ABAF1100F09F10209D5D102460D21B4
:10F66000404614F057FC04460028EBD1174B53F8E2
:10F6700026106E460C238CB06B436A4614480795DF
:10F68000CDE905016420B3FBF0F100FB11330993D0
:10F690004FF40073ADF828300E4B089142F8103F3C
:10F6A000094823464FF4535102F05CFBB546C9E7C5
:10F6B000110B1218020003001340150122002A004A
:10F6C0000A0E0A1EFBC3020038AF020004B3020098
:10F6D0001DC402000600000108B505484FF4D01211
:10F6E000092114F03BFEBDE808400A2014F044BE96
:10F6F00048AA0200F0B589B0002304468DF80D3009
:10F700008DF80E308DF80F30FFF7E6FF0DF10F0288
:10F710000121204614F040FE064648B1354A0090CB
:10F720006A233548012116F01CF8304609B0F0BDB7
:10F730000DF10D020321204614F02EFE60BB9DF852
:10F740000D20C2F38403120622D50A25282213FBBA
:10F75000052543F60343ADF8103004AB05930223AF
:10F7600006938DF81C309DF81C30A26843F002030C
:10F770008DF81C3097686A23012205A92046B847F6
:10F7800050B91E4A1C482B46032115F0E0FF03E048
:10F790000F2B03F10505DCD10DF10E0202212046ED
:10F7A00014F0FAFD0028C0D19DF90E209DF80E300E
:10F7B000002ABADA03F07F0302258DF8113004AB7A
:10F7C000CDE905358DF810508DF81C509DF81C3092
:10F7D000A2682B438DF81C3097686A23012205A983
:10F7E0002046B8470028A0D1054A0348294615F00D
:10F7F000A5FF9AE787C4020080AF0200D9C40200C7
:10F80000FDC40200F0B587B0002306468DF806302F
:10F810008DF8073048F20A030C46ADF80830FFF7C0
:10F820005BFF0DF106020521304614F0B5FD0028FE
:10F830003CD102AB039302239DF8065004938DF84C
:10F8400014309DF81430B26843F002038DF8143080
:10F8500097686A23012203A93046B84730BB0520C8
:10F8600014F08AFD0DF107020A21304614F094FDD0
:10F87000E0B99DF807300E49C3F34112C3F3820388
:10F88000023BDBB2052B8A5C9CBF0A49C85C104472
:10F89000C0B204B120706D080A224FF4616315FBF9
:10F8A000023515FB00F56420B5FBF0F007B0F0BDA4
:10F8B00080FB02007AFB0200F0B514228BB000211D
:10F8C0000DEB0200ADF8061002261AF09AFF0DF1BA
:10F8D000060307930896294D284619F05EFC002878
:10F8E00048D0AF6826493B68284698470446002818
:10F8F0003DD14FF4D0120B21224814F02FFD4FF4CC
:10F90000487014F039FD0C230696ADF8243005A993
:10F910007B68284698474FF4B01204460B211948DB
:10F9200014F01CFD1CBBBDF906204FF4E17382FBF3
:10F93000032302A93046CDE902230CF07FFD0446E3
:10F94000A8B9DDE902321B0B43EA02531213CDE9D9
:10F9500002324FF0FF3113F1004342F100029942AD
:10F9600070EB020202D2084814F075FF029C204698
:10F970000BB0F0BD6FF01204F9E700BFD4AA02008B
:10F980001AB3020064AA020045C502002DE9F04F37
:10F9900083B000AF00238346BB710D4601B10B70ED
:10F9A0004FF4D01209213148DFF8C48014F0D6FC9E
:10F9B000052014F0E1FCBA1D0121584614F0ECFCBE
:10F9C000064690B1D8F80030023309D0294A0346E0
:10F9D0000221294815F0BBFE6FF00103C8F8003082
:10F9E00030460C37BD46BDE8F08F97F80690C9F356
:10F9F000801484F0010419F04009E4B205D11B48D9
:10FA00004FF4B012092114F0A9FCD8F800309C4240
:10FA100028D04FF0000A322087F807A014F0ACFC81
:10FA2000FA1D5146584614F0B7FC144A144BF979A4
:10FA3000D14508BF1346E9468AB06A461148079186
:10FA4000CDE905034FF40073ADF820300E4B42F8BA
:10FA5000103F094853464FF4135102F083F9CD4645
:10FA6000C8F80040002DBBD02C70B9E748AA0200AE
:10FA700068230020A8C5020080AF020069C502000B
:10FA80008CC50200BFC50200040000011FB514248C
:10FA90000294044C0194BDF81840009417F011FD35
:10FAA00004B010BD3265002070B503788AB00446FA
:10FAB0000E4607AD032B20D8DFE803F002191B1D0B
:10FAC00011492846FEF774FA059563780493A378E4
:10FAD0000393E37802932379019363790093A379E5
:10FAE0000A4A1E21304613F0E5FE0AB070BD0849EF
:10FAF000E7E70849E5E70849E3E7084A0A21284615
:10FB000013F0D8FEE0E700BFE1C5020003C6020023
:10FB1000E8C50200EFC50200F9C5020096C902005F
:10FB20002DE9F04188B000AF0C46154616F0DFFD18
:10FB30003946FFF7B9FFC5B1E8468AB0154A164BFA
:10FB40001648CDE905274FF40072ADF824206A4627
:10FB5000CDE907454FF4325142F8103F14F04EFC06
:10FB6000C5462037BD46BDE8F0816D468AB06A467D
:10FB70000B4B0794CDE905374FF40073ADF82030F7
:10FB8000084B42F8103F05484FF4135114F036FC6F
:10FB9000AD46E6E726C602000500000130AE0200D1
:10FBA00053C6020004000001B0B588B000AF0C4697
:10FBB00016F09DFD3946FFF777FF8AB06A46094B7C
:10FBC0000794CDE905374FF40073ADF82030064BAC
:10FBD00042F8103F05484FF4125114F00FFC203743
:10FBE000BD46B0BD70C602000400000130AE020088
:10FBF000B0B588B000AF0C4616F079FD3946FFF776
:10FC000053FF0C4A0C4B8AB0002C18BF13466A46AF
:10FC10000A4907930A4B08930A4B0B48CDE905178D
:10FC200042F8103F4FF4235114F0E8FB2037BD4653
:10FC3000B0BD00BF93C6020097C602009AC602007C
:10FC4000000201030400000230AE020090B589B04A
:10FC500000AF16F04CFD3946FFF726FF88B06A4624
:10FC6000084B0948CDE905374FF40073ADF81C3057
:10FC7000064B42F8103F4FF4E45114F0BFFB243719
:10FC8000BD4690BDB4C6020030AE020003000001C4
:10FC9000F0B589B000AF044616F029FD3946FFF7EC
:10FCA00003FF6E4688B06A460A4B0B48CDE905371C
:10FCB0004FF40073ADF81C30084B42F8103F4FF47E
:10FCC000E65114F09BFB2046B54616F03FFD243765
:10FCD000BD46F0BDCEC6020030AE020003000001FA
:10FCE000F0B583B002AF1C463B8B1546002B40F0AD
:10FCF0008180002C7ED013785A1E032A70D8DFE84A
:10FD000002F0022F4D59012C77D069783C48003918
:10FD100018BF012114F089FB3A4B1B6833B11B68F3
:10FD200023B16878003818BF012098476978364AAF
:10FD3000364B6D4688B0002918BF134602AA3449D5
:10FD40003448C2E905134FF400739383324B42F8F1
:10FD5000103F4FF4E65114F051FBAD46204646E00B
:10FD6000012C4AD069782D48003918BF012114F0C0
:10FD70005CFB244B1B6833B15B6823B168780038A7
:10FD800018BF0120984769781F4A204B6D4688B0FC
:10FD9000002918BF134602AA2149D1E7194B1B6855
:10FDA00013B19B6803B198471E4A1A48032115F006
:10FDB000C5FCD3E7042C20D9124BB5F801601B68B1
:10FDC000B5F8035023B1DB6813B129463046984794
:10FDD000154A104800953346032115F0C2FCBDE7D3
:10FDE0000C48124A022115F0B2FC6FF012000437E1
:10FDF000BD46F0BD6FF00600F9E76FF00C00F6E7C6
:10FE0000A45B0020985B002057BE0200FEC60200E3
:10FE100002C7020030AE020003000001A05B002018
:10FE20001CC7020036C702004BC7020069C70200A8
:10FE30004B1E59420148594114F0F7BAB05B0020FB
:10FE40004B1E59420148594114F0EFBAAC5B0020F7
:10FE50004B1E59420148594114F0E7BAA85B0020F3
:10FE600010B50C46EFF31182402383F31288BFF3E1
:10FE70006F8F134B00211868196082F31188BFF34C
:10FE80006F8F104BBFF35B8F53E8001F013943E8BE
:10FE90000012002AF8D1BFF35B8F08B106F0E8FD2D
:10FEA0000021094814F0C1FA084814F0BEFA084AC3
:10FEB000084823460321BDE8104015F048BC00BFA8
:10FEC0009C5B0020B45B0020A45B0020A05B0020B2
:10FED00088C7020030AE0200B0B588B000AF04465B
:10FEE00016F005FC3946FFF7DFFDBFF35B8F1C4BB7
:10FEF0003D4653E8001F013143E80012002AF8D1C3
:10FF0000BFF35B8F204616F044FBEFF311824023D2
:10FF100083F31288BFF36F8F124B1C68186082F353
:10FF20001188BFF36F8F3CB10F48104A022115F0C2
:10FF300005FC204606F09CFD88B06A460C4B0A483A
:10FF4000CDE905354FF40073ADF81C30094B42F88C
:10FF5000103F4FF4E65114F051FA2037BD46B0BDC2
:10FF6000B45B00209C5B002030AE0200A5C70200FD
:10FF7000D4C70200030000010B4621B1034A044824
:10FF8000012115F0E4BBFFF7A7BF00BFE4C70200E3
:10FF900030AE0200054BBFF35B8F1868BFF35B8F79
:10FFA0000028D4BF00200120704700BFB45B0020B0
:10FFB000084BBFF35B8F1868BFF35B8F40B1BFF393
:10FFC0005B8F054B1868BFF35B8F003818BF0120AB
:10FFD000704700BFA45B0020AC5B0020084BBFF360
:10FFE0005B8F1868BFF35B8F40B1BFF35B8F054B2E
:10FFF0001868BFF35B8F003818BF0120704700BF3F
:020000021000EC
:10000000A05B0020A85B0020014B1860704700BF78
:10001000985B0020F0B593B0404802AF07F0FEFABD
:10002000044648B13E4A03463E48012115F08FFB85
:1000300020464437BD46F0BD3B4807F00BFB044665
:1000400010B13A4A0346EFE705F0C2F8044610B192
:10005000374A0346E8E715F096FC034620B1354AD7
:100060003048012115F073FB334D0FCD07F10C041F
:100070000FC42B6823600125304B314900950222C3
:1000800007F10C0005F0E4FE044610B12D4A0346CA
:10009000CAE73F2301461A2207F124003B623D6074
:1000A0001AF0AFFB3946381D05F0A8FC3B6807F194
:1000B00020061BB13146381DFFF7F6FC6D4688B0AF
:1000C00002AA214B5361214B93614FF40073938338
:1000D0001F4B42F8103F13484FF4E65114F08EF9CD
:1000E00082B002AA1B4B53611B4B0E48C2E9063675
:1000F0001A4B13621A4B42F8103F4FF4235114F07D
:100100007DF9AD46174A0748032115F017FB164A3B
:100110000448032115F012FB8AE700BF28B3020050
:10012000FFC7020030AE02006C2300201CC8020092
:100130003EC8020054C8020050B0020030B40200B1
:1001400038B4020080C80200A1C80200B6C802008C
:1001500003000001BCC80200D7C80200000201036E
:1001600004000002E0C8020018C9020008B50D4BE7
:1001700000F1140250F8041B43F8041B9042F9D11B
:10018000FFF708FF68B1BFF35B8F074B1B68BFF336
:100190005B8F33B1BDE8084002490448142214F0D3
:1001A00030B908BD32650020B05B002054B30200B6
:1001B000F0B5ABB005460E46FFF7FAFE002849D071
:1001C000EFF31184402383F31288BFF36F8F224B28
:1001D0001F681FB1384616F0DCF9074684F3118812
:1001E000BFF36F8FB7B3384617F053FA044638465B
:1001F00006F03EFC022C2DD9033CA4B2052C29D9D3
:10020000282EA4F10504C4F3870128BF2826B14293
:1002100028BF3146F1B1114A8DF8041013680093DC
:10022000581C10608A00684605EB810155F8043BB4
:100230004371C3F307241B0CC371A9424FEA132374
:100240008471037200F10400F0D10548053269465B
:1002500014F0D7F82BB0F0BD9C5B0020945B00201D
:1002600090B3020013B50446FFF7B8FE50B1ADF8E5
:100270000210ADF804200448ADF80040062269469B
:1002800014F0BFF802B010BDCCB3020010B5104B93
:1002900088B0CDE905128DF8070018680DF1070345
:1002A00002930123039300238DF8103007238DF868
:1002B0001C309DF81C30826843F002038DF81C301E
:1002C00094686B23022202A9A04708B010BD00BFAA
:1002D000C85B0020064BBFF35B8F012253E8001F71
:1002E00043E800200028F9D1BFF35B8F704700BFBF
:1002F000B85B00201FB50D4B8DF8000018688DF815
:1003000001100223CDF804D002938DF80C309DF833
:100310000C30826843F002038DF80C3094686B2334
:10032000012201A9A04704B010BD00BFC85B002096
:10033000B0B584B002AF0023FB71224B01221860DC
:10034000F91D0F20FFF7A2FF044650B11E4A00908E
:100350006B231E48012115F004FA20460837BD46DC
:10036000B0BDFB79A3F17002012A07D9184A1748DA
:10037000012115F0ECF96FF01204EEE7154A164969
:100380006D468AB0712B18BF114602AA134BC2E901
:1003900005316B23D3614FF400731384104B42F883
:1003A000103F4FF413510346084801F0DBFC442191
:1003B000AD461220FFF79EFF06211020FFF79AFF9F
:1003C0000446CAE7C85B002069C9020018AF0200F2
:1003D00082C9020061C9020055C902009DC902001C
:1003E00004000001084BBFF35B8F002253E8001F9D
:1003F000012903D143E800200028F7D1BFF35B8F28
:100400000CBF012010467047B85B00202DE9F04377
:1004100085B0064600AF01215620FFF76BFF04466A
:10042000002840F0B380C6F3C7053F2D28BF3F2505
:10043000012D38BF012501465420FFF75BFF2946F7
:100440005B20FFF757FF21465C20FFF753FF202179
:100450005E20FFF74FFF80215020FFF74BFF04463F
:10046000002840F093800122FF23B860B91DC7F82F
:100470000B001046BB71FB71FFF708FFF91D01224D
:100480000320FFF703FF07F1080101221020FFF707
:10049000FDFE07F1090101225620FFF7F7FE07F1E3
:1004A0000A0101225420FFF7F1FE07F10B0101229E
:1004B0005B20FFF7EBFE07F10C0101225C20FFF748
:1004C000E5FE07F10D0101225E20FFF7DFFE07F1D7
:1004D0000E0101225020FFF7D9FEE8468CB097F8B4
:1004E00006E097F807C0387A797ABB7A6A46DFF86F
:1004F0005491CDE909130723CDE9059ECDE907C045
:1005000042F8103F504823464FF4635101F02AFC53
:10051000C5468AB097F80BC0387B797BBB7B6A46AF
:10052000DFF828E109930623CDE905ECCDE90701C1
:1005300042F8103F444823464FF4435101F012FC67
:10054000BB79C54623B1424A3F48012115F0FFF867
:10055000FB79D90604D53F4A3B48012115F0F7F84D
:10056000FB799A0604D53C4A3748012115F0EFF88B
:100570007B7B9B0603D597F90E30002B0BDB374AAC
:100580003148012115F0DAF86FF0040420461437E1
:10059000BD46BDE8F083DFF8C880404618F0FDFD99
:1005A00000284BD0D8F81020D8F80890136823F40E
:1005B00080331360D9F800304FF480321021404668
:1005C0009847284A284B53604FF480339360D9F8FA
:1005D0001C301BB12349012240469847D8F8083007
:1005E000D3F81880B8F1000F06D01D484FF0806393
:1005F0004FF0A0721021C047BFF35B8F1B4B002050
:1006000053E8002F43E800010029F9D1BFF35B8FC5
:1006100013F07FFFE8468AB06A46154B0795CDE98F
:10062000053610230893052342F8103F064800239F
:100630004FF4235101F096FBC546A7E76FF0120473
:10064000A4E700BFAAC9020018AF0200FBC902005C
:1006500042CA0200A5CA0200FECA020049CB02003B
:1006600064AA0200BC5B0020D5020100B85B002038
:1006700063CB02001E4BF0B50FCB85B08DE80F00A9
:100680001C4D284618F089FD48B91B4A1B4801211A
:1006900015F054F86FF01204204605B0F0BDAE68B6
:1006A0006946B36828469847041E06DA144A23466A
:1006B0001248012115F04BF8EEE7124F3C60022181
:1006C000336828469847041E05DA4FF0FF333B6035
:1006D0000D4A2346ECE73968F368284698470B4AE9
:1006E000064842F21073032115F031F80024D3E7D5
:1006F00064B002009CAA0200A0CB0200A0AF0200DE
:10070000D1CB0200E423002008CC020035CC02004B
:10071000044B1968002903DB03488368DB6818472A
:10072000704700BFE42300209CAA02002DE9F84F87
:100730008A4600AF002974D004680E1F361BF508E6
:1007400026F0070604EB0608B8F802B01BF0010B10
:1007500016D1E94688B06A46334BCDE9053103230B
:1007600042F8103F31485B464FF4C25101F0FAFAAB
:10077000CD468BF31188BFF36F8F0423184602DF39
:100780002946204613F0D6FE284434F83030C01AEB
:10079000854217D0E94688B06A46254BCDE9053A2F
:1007A000032342F8103F214800234FF4C25101F0C7
:1007B000D9FA0023CD4683F31188BFF36F8F04234A
:1007C000184602DFB8F8023023F00103A8F802301F
:1007D0002946204613F0AEFE05EB000804EBC803E3
:1007E0005B88DA0708D44146204613F0ECFE424607
:1007F0002946204613F02CFFA65BAE1B04EBC60374
:100800005B88DB0709D43146204613F0DCFE2A461C
:100810003146204613F01CFF35462946204613F08A
:100820008EFEBD46BDE8F88FC3CC020070AF02005B
:100830009ACC02002DE9F04F91B08407009302F0AA
:1008400004030293C2F3C20303F10103DDF868A0BD
:10085000039205460E46059340F09D81041D002835
:100860004AD101F00706341DC6F10806009B002797
:100870005A1E4FF004084FF0FF3301930497B94616
:10088000BB4643460DB1009921600598002800F34E
:10089000D78090480099814203D38F488142C0F0AD
:1008A000CF80039911F0020CA4EB050040F0D68034
:1008B000B9F10F0F00F2CF80002D00F0D68009F1C2
:1008C00040010DEB010EC0F3870001990EF8200CDA
:1008D0000EF8101CBCF1000F00F0C38060F07F0028
:1008E0000EF8200C013709F10109C5F108010434A3
:1008F00006914FF6DA7E8CE00729B7D86FF01B001F
:1009000011B0BDE8F08F7A285BD84B280FD8472864
:1009100057D829282ED8252850D052D8202818BF9B
:1009200023280CBF4FF0010B4FF0000B71E04C3847
:100930002E2846D8DFE800F06D454545454545453C
:100940004545454548454545454545454556454840
:10095000485656566D486A456D4518481845457FB6
:100960007C48454548457C0000204FF0000B4FF087
:10097000040835E02A38C0B2012101FA00F010EA7B
:100980000E0F46D110F0625C2CD110EA010B40D062
:100990006046013C4444B4FBF8F408FB04F425B180
:1009A000A3EB050CA444B445A8D8002870D0059941
:1009B000013905915AF8041B009163E70199013947
:1009C00001914FF0000B24E012F8010C6C2834D197
:1009D00012F8023C00206C2B8346C8D14FF0080867
:1009E0004346D6E70AF1070A2AF0070A0734FAE86D
:1009F00002BC24F0070435B106982044B0423FF60B
:100A00007DAFC4E900BC08344FF0000B4FF008087C
:100A1000434612F8010F002853D0BBF1000F7FF4BA
:100A200072AF2528F5D1019B013301934FF0010BE3
:100A30004FF00408ECE7584697E700208346A8E704
:100A4000039988077FF551AF601B4FF0010CB0F59B
:100A5000007FFFF42DAF6FF0150051E74FF0000C51
:100A6000F5E70498013004903DE7BCF1000F01D098
:100A7000013638E70298023600287FF434AF009838
:100A8000CDE90632FDF79CFADDE9063206442AE795
:100A9000042B08D10AF1040015B1DAF80010216026
:100AA00004348246B5E70AF1070323F0070303F194
:100AB000080A1DB1D3E90001C4E900010834082384
:100AC000A7E7631BB3F5806FC5D23DB9A6F1080453
:100AD000E01815E744A90200B0FD0200029A286060
:100AE0009B082B709DF81030AAB1EB70AF702FB13E
:100AF00008A80022C5F1010C91450ED1C5F10103F2
:100B00000DF120084FF0000A01930DF1300BD14593
:100B100012D1601BF4E66B70E8E710F8013B190690
:100B200008D50CEB040EB64503F07F033FF6E6AEA6
:100B300004F8013B0132DFE71FB198F90020002AD9
:100B400017DB029BD3B11AF80B2004F8012B00220B
:100B5000019B18191044B0423FF6D0AE98F800003F
:100B600004F8010B00990392204619F03CFE039A09
:100B700014440AF1010A08F10108C8E798F80020B6
:100B800055F822300093029B45F822300098FDF77B
:100B900017FA421CDCE76FF00D00B1E62DE9F04FCB
:100BA00097B000AFC7E90A3205468A4649B90378CB
:100BB0004678807800EB83002844564524D8A0EB83
:100BC000050AD7F8803095F80280D7F8804003F006
:100BD0000103FB61EB787B62B8F1000F0CBF0024CE
:100BE00004F001041BB1D7F880309A0715D4A4B9DA
:100BF000FB6A1BB1BA6A51462846984756463046AA
:100C00005C37BD46BDE8F08F441C2046FDF7D8F99F
:100C1000013020440AF1010ACFE7D7F88030C3F34E
:100C2000C0033B622B78BB619B003B616B687B61BF
:100C3000BB6905EB830BFB6A002B77D15646D84482
:100C4000BCB11C461BF8013B55F82300FDF7B8F971
:100C5000D7F88430013043B1D7F88830A34282BF3F
:100C6000D7F8843023F814000134C3450644E9D191
:100C7000D846D7F8803013F0050F0CBF4FF0020BA9
:100C80004FF0010B4FF000097B6A9945B7D298F8F5
:100C9000013055F823A0AE4B9A4508F10208C0F088
:100CA0004B81AC4B3A6A9A452CBF002301230AB30F
:100CB00018F8021C7869FB6213F09FFDFB6AC8B14B
:100CC000EA468AB06A46A44B05937B69CDE90631B2
:100CD0004FF40073ADF82030A04B42F8103FA0480D
:100CE00000234FF4125101F03DF8023ED54609F1C0
:100CF0000109C9E723B1FB6933B9A6EB0B06F6E797
:100D0000D7F880309B07F2D55046FDF759F9D7F850
:100D100084304BB1D7F888309C423FBFD7F884204D
:100D2000431C22F8143001340644E0E7002C69D15A
:100D3000B8F1000F6CD0D7F8803058076BD5C1469A
:100D400007F148004246594619F04DFD0BEB0803E8
:100D5000FB6000220233796A8A425ED3D7F8802092
:100D600095F801B0F969920704EB0B03DBB254BFAD
:100D70004FEA59020022002940F0A680D7F88010DF
:100D800011F0040F14BF494600216B70A970EA707E
:100D90003969BA6AFB6A28469847061EFFF62FAFE4
:100DA000BB692B707B6AEB704946BA6AFB6A85F8AF
:100DB00001B085F8028007F148009847B0F10009BA
:100DC000C0F2B6803B697A6A786A03EB4201FB683D
:100DD000BA6A414403EB4000AAEB0101FB6A984761
:100DE0000028C0F2A780B14409EB00064FF0000BC9
:100DF00007F1380AA34569D30021BA6AFB6A08469D
:100E00009847FCE6444607F138004FF0000999E79F
:100E10004446C1469AE7A14698E713F8016CDFF80B
:100E200030C155F8260013F8021C6045C0F08A80D6
:100E3000DFF820C16045386A2CBF4FF0000B4FF03F
:100E4000010B38B17869C7E9013213F0D6FCD7E954
:100E50000132F0B9BBF1000F1ED0F96949B1611C34
:100E600004F1280007F13004041904F8206CCCB216
:100E70000FE0D7F8801049070BD509F1280007F1DA
:100E8000300C09F1010100EB0C0909F8106C5FFA54
:100E900081F9013202335EE7D7F880008007DED4A3
:100EA00009F1280C07F1300EF44409F101000CF8A7
:100EB000101C07F1580151FA80F009F102095FFA9C
:100EC00089F900F8106CE4E700215EE71BF80A30AE
:100ED00087F8373055F82390D7F884302BB3D7F8FC
:100EE00088309B4521D2D7F8843033F81B80BA6A0A
:100EF000FB6A012107F13700984700281ADB0644F6
:100F0000B8F1000F06D14846FDF75AF800F1010884
:100F10001FFA88F8BA6AFB6A414648469847002893
:100F200008DB06440BF1010B64E74FF00008DEE735
:100F30004E4664E6064662E63B6A002B3FF4E0AEAE
:100F40000023B5E6386A0028A6D04FF0000B79E7F9
:100F500044A90200B0FD0200F0CC02000400000130
:100F6000C8AE0200014B1860704700BFE8230020A4
:100F700080B505460E461746984610F02BFA0346F4
:100F800002F048FADFF81890044649F8003042466B
:100F900030463946A84754F8090002F0D7F900BF97
:100FA000080000002DE9F047058B04462807174686
:100FB0000CD501290CBF45F0100545F0200525830F
:100FC00087F31188BFF36F8FBDE8F087022905F022
:100FD000070540F09480204613F026FF052864D8CA
:100FE00001A353F820F000BFC10F0100FF10010062
:100FF000AB1001006D100100871001009910010075
:1010000001F007035A1F012A1FD8002221F007010F
:10101000062BD4F8008089B2C4E9002209D14346E6
:1010200003E0628B013262831B68002BF9D141F02F
:1010300002012183204613F0F7FE4FF0000900283B
:101040006DD041F02001218369E0042B0AD121F009
:10105000070189B22183204613F0E6FE10B141F06A
:10106000200121834FF00008C14658E02369D3F8DE
:101070000090238B23F0070343F0060323834FF0F4
:10108000000846464BE02369D3F80490238B23F0F5
:10109000070343F00403F1E72369D3F80890238B97
:1010A00023F0070343F00503E8E74FF00008C146CB
:1010B000E7E7012243F00803238387F31188BFF396
:1010C0006F8F002A3BD1B8F1000F4AD1B9F1000F60
:1010D00002D02D492046C847EFF31187402383F300
:1010E0001288BFF36F8F238B23F008039BB22383F7
:1010F000D9063FD523F01002228303F00705666965
:10110000218B002EBFF67CAF0023D4F8008021F0A5
:101110000701C4E9003341F0010121839946238B83
:1011200003F0070AAA4502D0A268002AC1D1B8F18B
:10113000000F02D1B9F1000FDAD00022BAE7A1689E
:101140000029C0D00D680029BDD04F6833465246F3
:101150002046B8471DB12B6829461D46F3E72B46AC
:10116000FAE74146334652462046D8F8008013F04D
:1011700087FEA8E79A067FF523AF23F0200222839B
:1011800003F0070527E700BFAD4E020037B5044660
:101190000821C06A124D14F022F800234FF6FF72A6
:1011A000ADF804306368ADF800208DF80620E268E1
:1011B00019182B401344181A60606846ADF80210E5
:1011C00013F065FF6946204614F028F8211D2046DB
:1011D00013F035FF63682B40A36003B030BD00BF40
:1011E0000000FFFF2DE9F7430F4681460821C06A42
:1011F000144D13F0F4FF3C68241A80463C6004EA66
:101200000506B4421CD3A0B210B903B0BDE8F08308
:1012100008236A462146484613F0D8FE0028F4D138
:101220006946A0B213F0C7FF38B1BDF80230BDF86F
:1012300004203C602E4013441E44A4EB0804E0E765
:101240000020E2E70000FFFF2DE9F04704468AB0E6
:1012500000F11407384618F03BF8A06A8368DB6891
:101260009847E06250B99F4A9F48012113F0F4FE6D
:101270006FF0150528460AB0BDE8F087A06A8368BC
:10128000DB6898470368013B1F2B01D9974AEBE7BE
:10129000E368B3F5803F08D94FF48032009292485A
:1012A000934A012114F05DFAE2E7A06A216807AAD7
:1012B00016F05AFE08B18F4AD6E7E5682DB1089BB3
:1012C000B5FBF3F203FB12550DB18B4ACCE7238A31
:1012D000012B01D8894AC7E7E36A029593F8058094
:1012E0004FF0FF334FF0FF3238460FF0D5F9E06A88
:1012F000082113F074FFA9460646238A1FFA85FACF
:10130000534544D8238A4B4500F02D8153450BD1DA
:10131000029908234246891B204613F065FE18B93E
:1013200002A9204613F08BFE02A92046FFF75AFFC0
:101330000546002840F0B280029961604FEA1149E9
:101340004FEA0949C4F80890A3688B420DD80823D6
:1013500003AA204613F03AFEB8B903AB13F8012BE9
:10136000904532D101300828F8D1636802A96FF3A3
:101370000F032046029313F062FEE368029942468F
:10138000204613F031FE00283CDA054686E0E1688D
:101390002B04891B13FA81F142460823204602914F
:1013A00013F022FE78B102A9204613F048FE09F19D
:1013B000010902990823424620461FFA89F913F0D1
:1013C00013FE00289ED0013597E7A08803A913F0EB
:1013D000F2FE626810B9911B6160B5E7BDF810A01C
:1013E000BDF80E10E06AC4F80890514413F0F7FEFF
:1013F00048448242A060EED1BAF1000FEBD06FF00A
:101400001C054BE000F08B8063684FF6FF7906EB1C
:101410000308E368CDF808801FFA88F29B1B9A4204
:1014200023D3374A3048032113F016FE6168204663
:1014300013F014FE014680BB6368324AE068134033
:101440000344A3EB460363601340A360204613F0FC
:1014500086FF002899D1E368A288A3EB46039A424D
:101460001CD1204613F0F7FE8FE7082305AA41465A
:10147000204613F0ABFD002887D105A91FFA88F09C
:1014800013F099FE38B1BDF814304B4503D1BDF8C7
:101490001830002B6AD0B044BBE70D4638460FF039
:1014A0006DF9002D7FF4E6AE0123A374E268238A70
:1014B0000D4800920321144A14F053F963689AB25C
:1014C00000920948114A1B0C032114F04AF9A36841
:1014D0009AB2009204480E4A1B0C032114F041F901
:1014E000C8E600BFC3CD0200F8AE0200E5CD0200A1
:1014F00002CE02002BCE020043CE020057CE0200E5
:10150000C9CE02000000FFFF7ACE020091CE020099
:10151000A3CE0200E26AA36812681344A360D4E970
:1015200001318B4208D95B1A4246204613F05CFD1C
:101530000028FFF62AAFEDD16168E36801EB4602AF
:101540009A4288D1124BA06801EA0302904282D0ED
:10155000204613F083FD00287FF417AF62680C4B20
:101560001A40A26077E76FF02C0597E7094A0A480E
:10157000032113F071FD636802A96FF30F03204686
:10158000029313F05CFD0299204613F067FD60E7BB
:101590000000FFFFB4CE0200F8AE02002DE9F04FCC
:1015A0001E46837C95B004468946904653B96B4AE3
:1015B0006B48012113F050FD6FF00C05284615B063
:1015C000BDE8F08FC26A0821104613F008FEB1B2E0
:1015D0000190104613F003FEE368019AA3EB820327
:1015E00083420746C0F0B6801EB1B8F1000F00F08C
:1015F000B180D4F804A0CDF810A005AA04A9204613
:1016000013F063FE05460028D8D1BDF814304B45D1
:1016100007D0DDF810A063685345EED1002E39D114
:10162000CCE705A91FFA8AF013F0C5FD0028F0D019
:10163000BDF8183066B3B3422CD14FEA1A43BDF857
:1016400016A0CDF800801B049A44E36A1B685B4235
:1016500003F020030293B346029B5B4528BF5B4621
:101660000CAA51462046039313F0B0FC00284DD13C
:10167000039B00981A460CA919F0D2F850B9039BA5
:10168000009ABBEB030B1A449A440092E4D195E70D
:10169000002B93D0002F3CD1BA4604F1140B4FF02D
:1016A000FF324FF0FF3358460EF0F6FF238A9D427B
:1016B0004DD0D4E901320AEB02018B422ED39BB20A
:1016C00063B3FF23ADF81E20002118220CA88DF86B
:1016D0002230ADF81C90ADF8206019F092F80CA9FA
:1016E0002046CDE90E8613F084FD074648B907A8C9
:1016F00013F0CDFC07A9204613F090FD074600B972
:10170000374658460FF03AF83D4657E7C2DC0546E3
:1017100054E7019B1F441FFA87FABEE72046FFF7F4
:1017200035FD3DB9ADF82490CDF82880ADF82C609A
:101730008DF82E5009A9204613F011FE0746002807
:10174000DFD19DF82E300135002BAFD0D8E76FF0F8
:101750001B07D6E76FF0150530E700BFAFCD0200DD
:10176000F8AE02002DE9FF471E46837CBDF830909D
:1017700004460F4690464BB92848294A012113F0E8
:101780006BFC6FF00C0004B0BDE8F087C06A082164
:1017900013F025FDE368A3EB4003B3423AD3656839
:1017A00001954FF0000A02AA01A9204613F08DFD11
:1017B0000028E8D1BDF80830BB4206D102A9A8B282
:1017C00013F0F9FC50441FFA80FA019B62689A42B8
:1017D00019D0CA4515D9BDF80C30C3B1CA4516D3C6
:1017E000BDF80A10B3426FF30F0528BF33464246D7
:1017F0002944204613F0EAFB0028C4D1BDF80C00B0
:10180000C1E71D46CFE7BDF80830BB42E3D06FF01B
:101810000100B8E76FF01500B5E700BFF8AE0200B1
:10182000AFCD02002DE9F047DFF8548004460746AB
:101830004FF0010994FAA4F5B5FA85F509FA05F314
:101840002E0108EB05156FEA030A24EA03042B7B3B
:1018500063B158F806301B696BB9464404227368BB
:101860002846196807EA0A0713F0F8FE002CE1D1B0
:101870003846BDE8F087284698470028F6D1ECE7BF
:10188000B0AF020010B50F490F4888B0002218F021
:10189000ADF800220023CDE9062300240E23CDE974
:1018A0000334CDE90144094B094900944FF44072D7
:1018B00008480FF017FB0849064817F0E3FE2046DA
:1018C00008B010BDDD180100C04500200D1C01004E
:1018D000006A002038350020F7CE020001480EF0E3
:1018E000CFBF00BFE82700202DE9F0478046214800
:1018F0000F4613F093FE0646002833D000252846F5
:10190000BDE8F087237B83B12368DB680BB12046F9
:101910009847636883F8069023681B69D3B96368A6
:1019200004221968204613F099FE013610345445FC
:10193000E8D3B8F1000FE2D0002DDFD02846FFF742
:1019400071FF0546002FF7D000214FF4A47017F067
:101950005AFFF1E7204698470028E0D009FA06F33D
:101960001D43E2E7044CDFF814A005464FF00109DF
:10197000DDE700BFDC5B0020B0AF0200C0AF0200BB
:10198000014B53F8200070475CB4020008B50346D1
:1019900008462BB1044A136000F044FC002008BD47
:1019A0006FF01500FBE700BFEC23002010B5044CDE
:1019B000237813B903480EF063FF0123237010BD91
:1019C00046650020E827002010B504460B4813F0B8
:1019D00025FE5CB1BFF35B8F094B53E8001F013953
:1019E00043E80012002AF8D1BFF35B8F054810F0DE
:1019F00015F80548BDE810400EF042BFD45B00204A
:101A0000D85B0020C0450020E8270020064BBFF32C
:101A10005B8F002253E8000F43E800210029F9D131
:101A2000BFF35B8F704700BFD45B002070B5FFF73A
:101A3000EDFF084C084E0546B44200D370BD636804
:101A40005B792BB123685B6813B129462046984720
:101A50001034F1E7B0AF0200C0AF020010B5044C83
:101A60000449204613F004F8034B1C6010BD00BF6E
:101A70003027002048B40200CC5B00200D4A0E48FD
:101A8000002310B513700D4A13600D4A4FF4004146
:101A90001360FFF77BFFFFF7E1FF0A4B0A49184687
:101AA0008B4200D310BD1A1A5C68121101322271E8
:101AB0001033F5E74765002019560200D45B00207B
:101AC000D85B0020B0AF0200C0AF02000146002288
:101AD0000148002312F0EDBF30270020014813F029
:101AE00084B800BF30270020024B0146186813F06D
:101AF000D7B800BFCC5B0020014813F00CB900BF81
:101B00003027002070B52A4B1B78002B4ED0FFF7F2
:101B1000E5FF0446002846D1264B274D1B68002BC5
:101B200019DD17F01BFF4FF47A76A0FB063206FB97
:101B30000121D5E90020DB0B43EA41439B1A4FEA20
:101B4000D13140F2E93261EB0001934271F10001C1
:101B500001D3FFF76BFFD5E9003213F57A7342F139
:101B60000002C5E900320CB3BDE87040FFF7C4BF06
:101B70006B685B7923B12B6821461B682846984720
:101B80001035B542F4D32046FFF7AEFFBFF35B8FAD
:101B90000A4B53E8001F013943E80012002AF8D12C
:101BA000BFF35B8FB8E7064D064EEAE7002070BD35
:101BB00046650020D45B0020B8450020D85B00209B
:101BC000B0AF0200C0AF020070B50D4D297861B909
:101BD0000120FFF789FE0B4C0B4EB44206D3FFF7F2
:101BE00091FF0028FBD101232B7070BD63685B79E6
:101BF0001BB1236820469B6898471034EDE700BF6F
:101C000047650020B0AF0200C0AF020000212DE9FF
:101C1000F8430846FFF768FE044648B340F2676899
:101C20004FF0000901F0F6FB1A4B1B4A1B581360DA
:101C300033B11A4B1B68092B02DD19480EF020FE48
:101C4000184F002544B12046FFF7ECFD044618B9B3
:101C50004FF0FF384FF0FF39FFF754FF064628B921
:101C6000B5B90F4842464B460EF03EFE3546E9E711
:101C70004FF0FF384FF0FF39D4E72B689B691BB159
:101C800000221146284698471035BD42F5D3E8E7B3
:101C9000054DFAE708000000D05B0020D85B00206B
:101CA000E8270020C0AF0200B0AF020013B518480B
:101CB00013F0B4FC174B1B7873B1EFF3118440237E
:101CC00083F31288BFF36F8FFFF71CFF84F3118833
:101CD000BFF36F8F02B010BD0F4B1B68002BF9D004
:101CE00050B900220023CDE900230C484FF40042F4
:101CF00000230FF05BFEEDE70928EBD107480FF05A
:101D00008DFE074802B0BDE810400EF0B9BD00BF1F
:101D1000D85B002047650020D05B0020C045002034
:101D2000E827002010B5064B1B680446984721465B
:101D3000A060044812F03AFFBDE81040FFF7B6BFBC
:101D4000EC23002030270020044A054B9B1AB1EBFE
:101D5000D30F34BF52F831000020704720AE02008C
:101D6000B0AF02002DE9F04F8FB004AFC1F34A26A7
:101D7000B8600D4690467B600C0D002E61D04FF090
:101D800000090A234FF0040B07F1140AFE60C7E9AB
:101D90000799C7F824900093CDF808B0CDF804A0B7
:101DA00007F11C03F9684A464046FEF7F7FEB0F516
:101DB000006F03461CD36C468AB0D8F8041004ABFD
:101DC0002448C3E9050140F2FF71D9611A464FF476
:101DD00000711984204B42F8103F20484B464FF4C5
:101DE0001251FFF7BFFFA5462C37BD46BDE8F08F67
:101DF000C0F30A0604F11700184420F00700800819
:101E00003B60FFF763FE66F35325044680B13B68F1
:101E1000134A00F11001C7E90839F961CDE901ABB6
:101E20000A230093F96807F11C034046FEF7B6FE4B
:101E300066F353257B68B9682A46204613F02EFCCA
:101E4000D2E704F1170020F007008008FFF73EFEFC
:101E50000446EDE70CCF02000400000120AF0200B1
:101E60006F5602002DE9F04F87B0DDE9127ADDE907
:101E7000106B0546884614469946BFB11021CDF82F
:101E800000A03B465A460020CDF814A0FEF7D2FC35
:101E9000B0F5006F01460BD3194A1A4840F2FF73A0
:101EA000022107B0BDE8F04F13F051BC3946384667
:101EB00004F0070305F00704E40044EA831444EA4D
:101EC000402444EA065406F11700084420F00700B5
:101ED00080080391FFF7FAFD054640B13FB1039931
:101EE000CDF800A03B465A461030FEF7A3FC4B4607
:101EF00022464146284607B0BDE8F04F13F0CEBB5E
:101F00004BCF020020AF0200406820B1034BC01A43
:101F100040F3CF0070474FF0FF30704720AE020013
:101F20000EB403B503AB014653F8042B04480193E8
:101F300001F0F6FB02B05DF804EB03B0704700BFA0
:101F4000B1570200CA0605D48B064CBF02490349AB
:101F5000FFF7E6BF704700BF84CF020083CF0200C7
:101F60002DE9F04F89B09846159B0693DDE916A33D
:101F70009DF85090189F059204460D460493B9F1C0
:101F8000000F00F0B08007F48073079313F064FB38
:101F900007F0020B0246002874D078492046FFF76C
:101FA000BFFF0646BBF1000F08D017F0440F6BD1FE
:101FB00073492A462046FFF7B3FF064407F00103A2
:101FC00053B1704B704953F82920704B2046002ABA
:101FD00008BF1A46FFF7A4FF07F48073002B07F031
:101FE000080318BF4FF00008002B79D0684B6949EF
:101FF00053F829202046FFF793FF0546059B2BB198
:1020000065491A462046FFF78BFF0544B8F1000FDB
:1020100005D0624942462046FFF782FF05446048EA
:102020003544069B1BB15F49224612F0B5FB049B69
:10203000002B00F08E80DDF810803946B8F1100FCB
:10204000204628BF4FF01008FFF77CFF0026B5425E
:1020500050DC002633461AF8032053492046FFF788
:102060005FFF0136102E4BD0710703D14F49204638
:10207000FFF756FF46453346EDD34D492046FFF75F
:102080004FFFEEE706468DE74A4B1868002894D0CC
:10209000494B4FF47A7B1B68B5FBF3F54FF4616352
:1020A000B5FBF0F100FB11550BFB05F54FF03C0CB7
:1020B000B1FBF3F203FB1211B5FBF0FEB1FBFCF335
:1020C00000FB1E550CFB13110BFB05F50091B5FB36
:1020D000F0F53A49CDE901E52046FFF721FF6CE72D
:1020E00007F008058AE7B8F1010F0CBF2C48344807
:1020F0004D4696E72D492046FFF712FF0136A6E729
:10210000304920460026FFF70BFF33461AF803201C
:102110002D49A2F120035F2B28BF2E222046FFF776
:10212000FFFE0136102E0DD0720703D11F49204645
:10213000FFF7F6FEB0453346E8D81C492046FFF7C6
:10214000EFFEEEE7049BB3EB0803C24404937FF475
:1021500072AFB9F1000F0AD0FB0704D50B4A0A4948
:102160002046FFF7DDFE39462046FFF7EBFE20460E
:1021700009B0BDE8F04F13F00EBB00BF8BCF0200DB
:102180008FCF02006CB402005BDB020086CF02003E
:1021900080B40200B4CF0200BACF0200BECF02006A
:1021A000B157020021370100C3CF0200CBCF02009C
:1021B000C9CF0200E45B0020E05B002098CF020062
:1021C000E7570200CDCF0200CFCF020073B542F235
:1021D0000F738B4228BF0B4605680F4A0446052142
:1021E000684611F067FB63680C495B6806460B2282
:1021F000284613F0C2FA63683246694628465B688F
:1022000013F0BBFA636806495B681B22284613F08B
:10221000B4FA02B070BD00BF0DFA0200F5FB020077
:10222000D9FB0200074A00210123904206D8064A42
:1022300001B901231360054B1860704740085B002B
:102240000121F2E740420F00E05B0020E45B002048
:10225000014B01221A70704748650020014B002095
:1022600019607047FC5B00200148FFF7AFBF00BF5B
:10227000B0B4020010B5064B18680C46FFF780FB9F
:1022800021460346BDE8104002480F22184700BF10
:10229000FC5B0020B0B40200F8B5094D094B0A4EB2
:1022A000D5E9004701221A700CB92C60F8BD21460F
:1022B00030463A4600F01EF8241A0644F4E700BF00
:1022C000F05B0020496500204A65002010B9074BEB
:1022D00018707047064B1B781BB141F2883016F01E
:1022E00040BFA420002117F08EBA00BF486500202F
:1022F000496500202DE9F047DFF88090204E8046A8
:102300000F46042599F80040ACB916F01DFF3A4677
:102310008246414620460DF02DFF0446504616F0F9
:102320001BFFECB10123337099F800307BB93C46B8
:102330002046BDE8F0873A46414600200DF01AFFDE
:102340000446EEE72846FFF7C1FF6C1E2546002035
:102350000DF0A0FF0028EAD03378002BF2D1E6E799
:10236000337833B1013D2846FFF7B0FF3378002BB7
:10237000C8D13378002BDAD0DAE700BF49650020F6
:1023800048650020014B036000207047C0B4020084
:1023900070B5104B1C680D46B4B10F4B1968002383
:1023A0008B4202DB6FF0010070BD224612F8106B09
:1023B000864202D001331446F2E7E06816F0EDFEE3
:1023C00028B12C600020EFE76FF00C00ECE76FF015
:1023D0001200E9E7F0230020C0B4020010B588B075
:1023E000436802938368C068CDE903320A6800231A
:1023F000CDE906230C4601AA0449059315F0B8FD62
:10240000079808B9059B236008B010BD71580200F9
:102410001FB507240294044C0194BDF818400094A1
:1024200015F04FF804B010BD1327002010B5DFF8E9
:1024300024C086B04FF42814CDE904C408240294C3
:1024400004AC0194BDF82040009415F03AF806B0B1
:1024500010BD00BF18002800024B01221A70002096
:10246000704700BF5C6500201FB501240294044C36
:102470000194BDF81840009415F023F804B010BD85
:102480005C650020B0B5144A144B012900AF6C46BE
:1024900088B006BF1346012500256A461049CDE9DC
:1024A00005134FF40073ADF81C300E4B42F8103F8B
:1024B00000230D484FF4E651FFF754FC0B4BA546A3
:1024C0001C683CB154F8083C083C0BB128469847BE
:1024D000A468F6E7BD46B0BD84C5020025D0020061
:1024E0002ED002000300000100AF0200005C0020BB
:1024F00070B516461D46104A1048032113F027F9FF
:102500000F4B1C687CB1083C6FF0850063682BB1F1
:102510003078984710B110F1860F09D1A4680CB13A
:10252000083CF3E710B16FF07F0070BD2846FCE770
:102530006FF00D00F9E700BF43D0020000AF0200CA
:10254000005C002010B50D4C86B006236070182288
:1025500000216846237018F054F9094B6946CDE90B
:10256000013400200223ADF80C3007F0E9FF10F130
:10257000800F08BF002006B010BD00BF5A650020C4
:1025800038B6020010B5084C86B024788DF8174094
:10259000012402940DF117040194BDF82040009429
:1025A00014F08FFF06B010BD1A27002080B50D4A29
:1025B0000D4B00AF88B0012908BF13466A460B498E
:1025C000CDE905134FF40073ADF81C30084B42F809
:1025D000103F084800234FF4E651FFF7C3FBBD4608
:1025E00080BD00BF84C5020025D0020061D002007A
:1025F0000300000128AE020000B589B064288DF800
:102600000700C2B219D80E4B00211A7002A8182276
:1026100018F0F7F80B4B03930DF10703049302A98D
:1026200001230020ADF8143007F08AFF10F1800F6D
:1026300008BF002009B05DF804FB6FF01500F9E752
:102640001A270020D8B602002DE9F0410C4B1C6877
:1026500005460E4617467CB100F06AF963682046CD
:10266000D3F8108032463B462946C047044600F066
:1026700069F92046BDE8F0816FF00104F9E700BF79
:10268000085C002000230360044B5A6812B9C3E9B8
:102690000000704710605860704700BF0C5C00205D
:1026A000014B1860704700BF085C002030B585B052
:1026B0000023CDE902330546019000F039F9094BBA
:1026C0001C6844B9284600F0D5F8044600F03AF9F1
:1026D000204605B030BD636820461B6801A99847B5
:1026E0002468EEE70C5C00201FB5CDE901010392E0
:1026F00000F01EF9074B1C6824B900F023F92046AE
:1027000004B010BD636820461B6801A9984724687F
:10271000F2E700BF0C5C0020024B0022C3E900225C
:10272000704700BF0C5C0020024B0022C3E900226E
:10273000FFF7F2BF145C00202DE9F74307460C4673
:1027400009B100230B601F4DDFF87C9000264D453A
:102750000FD31E4B1D6885B355F8188C01AA41464E
:102760003846183D13F016F910B3D6B914BB2E46EF
:102770001EE0D5F8008001AA4146384613F00AF958
:1027800050B116B954B92E4606E0316800224046D1
:1027900013F000F90028F5D11835D8E7019B236024
:1027A000F1E731680022404613F0F4F80028DDD14B
:1027B000AD69D0E7019B2360D9E7304603B0BDE89F
:1027C000F08300BFC0AF020050B00200145C0020D4
:1027D0002DE9F04784B002AF0446D7F8289078601E
:1027E0000D4616469846B9F1000F07D0D9F80010EB
:1027F00031BBD9F804A0BAF1000F28D1391D204609
:10280000FFF79AFF08B3D0F80C9078684346324639
:102810002946C847C8B16D468AB002AA124BD0619A
:10282000C2E905344FF400731384104B42F8103F93
:102830000F4800234FF41151FFF794FAAD4604E01E
:102840003A1D13F0A7F80028D3D1002007E0D9F8EB
:10285000083000937868434632462946D047083707
:10286000BD46BDE8F08700BF7AD002000400000139
:1028700088AF02002DE9F047DFF8A890DFF8A8A0A4
:1028800080464FF000470026284C3D464C450DD36E
:10289000DAF80040002C40D0183CB8F1000F24D1E9
:1028A000226952BBA469F5E72F46EDE7B8F1000FA6
:1028B00003D122694AB91834E8E72068002241466A
:1028C00013F068F80028F4D1F5E76368BB4206DD31
:1028D000AF4202D0AB42A8BF2B461D46EBE7EAD180
:1028E0009047002E08BF0646E5E7206800224146D3
:1028F00013F050F80028D3D1D4E76368BB4206DD5B
:10290000AF4202D0AB42A8BF2B461D46CAE7C9D191
:102910009047002E08BF0646C4E7AF42C4D13046F8
:10292000BDE8F08750B00200145C0020C0AF020088
:1029300003484FF0FF324FF0FF330DF0ADBE00BF44
:10294000D427002001480DF019BF00BFD427002074
:1029500038B5094DFFF7ECFF2B785BB9FFF7E4FEC4
:1029600000F068F8044608B901232B70FFF7EAFF6E
:10297000204638BD0024F9E75D6500202DE9F043CD
:10298000048F013499B006460F46A4B200F108083E
:10299000651EADB2B5F5004F47D04A2305AA2946BA
:1029A000404612F020FE04F57F543F34A4B2814625
:1029B000214601230DF10B02404612F014FEB9F13D
:1029C000000F014610DC002810DC338FAB4209D128
:1029D00032466B1E22F8383F4FF400410223404636
:1029E000FEF7DCFD2C46D3E7002808DC29464046EC
:1029F00012F0F5FD2146404612F0F1FDE5E709F140
:102A000060030DEB0309002309F84C3C084A0097CA
:102A100003AB05A8CDF80C80ADF81040FFF7D8FE49
:102A20000028DFD019B0BDE8F0830020FAE700BF2E
:102A3000055A02007FB50125694628460195FFF732
:102A4000A7FC044660BB02AA01A9284612F032FF87
:102A5000044610B110F10C0F22D10399B1F5803F5B
:102A600023D2009A002394681846084484421AD35B
:102A70000133082BF9D10E4D69612B835368AB608C
:102A80002846D368EB6313F053F8044640B9094E67
:102A90006E602846FFF7F6FD28466E60FFF700FEE1
:102AA000204604B070BD9BB2E5E76FF02004F7E765
:102AB0001C5C002028B7020008B5044811F0BEFED7
:102AC000034811F0BBFE002008BD00BF9FD00200EC
:102AD000D4D0020008B50348034A0021121A13F0AB
:102AE0005CF808BD38290020E46900200748084A3E
:102AF000084908B5121A13F052F80748074A08495E
:102B0000BDE80840121A13F04AB800BFC0200020E8
:102B100038290020B8FD0200B8200020C020002085
:102B2000B0FD02002DE9F047064600AF0C46002933
:102B300036D0E9468AB0D1E90012A3686D46214833
:102B4000E8464FF0050ACDE90501CDE9072348F82D
:102B500010AF1D48424600234FF42151FFF702F900
:102B6000CD46D4E903126369AD461848C5F810A0F4
:102B7000C5E90501C5E907231348002342464FF480
:102B80002151FFF7EFF8CD46E369114A0E480121C4
:102B900012F0DDFDA3690F4A0B48012112F0D7FDA9
:102BA000012E07D1EFF305830B4A0748103B31464E
:102BB00012F0CDFD214630460DF08CFBBD46BDE840
:102BC000F08700BF01D1020068AF020030D10200DF
:102BD0005FD102006ED102009CD1020030BFFFF72E
:102BE000FDBF00BF2DE9F0410B4EDFF8308006EB52
:102BF0000807CC1B054632460949204617F0F3FD6D
:102C0000A01942460021083C17F0FBFD2C6707F194
:102C10000800BDE8F08100BF0000000008000000CF
:102C200050B0020010B5204C2049214812F0C4FFDA
:102C3000A36A990136D51E481E4912F0BDFF1E2019
:102C4000A36ADA0104D51A481B4912F0B5FF1F2008
:102C5000154CA36A1B0304D51548184912F0ACFFA4
:102C60002120A36A590304D51148154912F0A4FF85
:102C700022200D4CA36A9A0304D50D48114912F085
:102C80009BFF2320A36ADB0304D509480E4912F0F9
:102C900093FF2420044A936A6FEA03436FEA1343C5
:102CA000936210BD1D20CBE700ED00E0AFD1020024
:102CB00068AF0200C7D10200DAD10200F4D10200ED
:102CC00012D2020037D2020051D2020070B506467D
:102CD0000D46284C2849294812F06EFFA36AD904F2
:102CE0003CD52648264912F067FF1720A36A1A052B
:102CF00004D52248234912F05FFF18201D4CA36A17
:102D00009B0512D51D48204912F056FFA36BA26AFD
:102D1000100409D51D4A1948012112F018FD1EB1F1
:102D2000A36A23F40043A3621920124CA36A590535
:102D300004D51248164912F03FFF1A20A36ADA059B
:102D40000ED50E48134912F037FF1B20094A936A2B
:102D500043F47F43936200232B7070BD1620C5E7B8
:102D6000A36A9B04F2D505480B4912F025FF1C20ED
:102D7000ECE700BF00ED00E07CD2020068AF02008B
:102D800092D20200A3D20200B6D20200CFD2020039
:102D9000E4D20200FFD2020017D302002DE9F8436B
:102DA000804689461746354D3549364812F004FFAE
:102DB000AB6ADE0627D53449324812F0FDFE1124F5
:102DC000AB6A1D0704D531492E4812F0F5FE1224D6
:102DD0002A4DAB6A980718D52D492A4812F0ECFE07
:102DE0006E6BAB6A190646D52A4A2648334601213E
:102DF00012F0ADFCB9F1000F03D0AB6A23F08003F1
:102E0000AB62132403E01024DAE76FF015061B4DC4
:102E1000AB6ADA0704D520491A4812F0CDFE142413
:102E2000AB6A9B0604D51D49164812F0C5FE152451
:102E3000124B9A6AD50602D49A6A90070AD55B6843
:102E4000190507D54146304600F036FA10B180F337
:102E500009880224094B9A6A920642BF5A6A22F4F0
:102E600000525A629A6A42F0FF029A6200233B7053
:102E70002046BDE8F8836FF01506C2E700ED00E0DC
:102E800046D3020068AF02005CD30200A3D2020066
:102E90008FD30200A7D30200BDD3020017D30200D4
:102EA0002DE9F041684B8AB0D3F8048000AF0446A6
:102EB000C8F30806002585F31188BFF36F8F02F071
:102EC0007F43B3F17F4F07D102F00C03082B12D1DF
:102ED0005E495F4812F070FE00252C460023FB710E
:102EE000F31E092B00F28F80DFE803F00A8588814A
:102EF0008D8D8D8D8D8B10074CBF0C460125EDE718
:102F000054495348504E12F057FE0023FB71F36AA8
:102F10009A0705D550494E4812F04EFE00232DE089
:102F2000F36A002B01DA4D49F5E7F36A5B00F5D54A
:102F30004B49474812F040FE7369A26943F480731D
:102F40007361BFF34F8FBFF36F8F32F8023C72692A
:102F500022F480727261BFF34F8FBFF36F8F03F45F
:102F60007F42B2F55F4F2BD1DBB2022B28D1236811
:102F70003C4A3748012112F0EAFB2368FA79DAB9B2
:102F800007F1080604F1200C20686168324603C28C
:102F9000083464451646F7D17A6A002D50D0C2F342
:102FA000080121B96FEA52226FEA42227A6207F1E0
:102FB00008011846FFF7B6FD2837BD46BDE8F08189
:102FC000214B9A6AD2B22AB1FA1D01212046FFF79D
:102FD000E5FE0EE09A6A12F47F4F04D0F91D01203D
:102FE000FFF774FE05E09B6AB3F5803F96D3FFF7C9
:102FF00019FE0346C2E7FA1D0021E7E7F91D00208C
:10300000EEE7194987E7194A194B18F4F87FE846A3
:103010008AB008BF13466A461649CDE905134FF436
:103020000073ADF82030103E134B079642F8103F66
:10303000074800234FF41151FEF794FEC5466DE793
:103040006FF30802B2E700BF00ED00E00AD402000F
:1030500068AF020035D402004CD402006DD40200E7
:103060007BD402009AD40200B6D40200DCD3020062
:10307000F1D30200DAD4020004000001044B5A69C3
:1030800042F010025A615A6922F008025A617047F0
:1030900000ED00E0EFF30880EFF3098101B572461F
:1030A000FFF7FEFE01BD00BF002080F31488BFF3D0
:1030B0006F8F0F4880F308880BF06EFE00200D49DB
:1030C0000860BFF34F8F00F02BF8402080F3118889
:1030D00009484FF40461401880F30988EFF3148025
:1030E0000221084380F31488BFF36F8F00F0B4F817
:1030F0000098002094ED00E0408600200749D1F8B8
:1031000090200023C2F307221846934200DB704749
:10311000C1F89830C1F8A0000133F6E700ED00E0F7
:1031200008B572B6002383F31388FFF7E7FF144B4B
:103130004FF0FF32C3F88020C3F88420C3F8882002
:10314000C3F88C20C3F89020C3F89420C3F89820CB
:10315000C3F89C20C3F88021C3F88421C3F88821D8
:10316000C3F88C21C3F89021C3F89421C3F89821A7
:10317000C3F89C2162B6BFF34F8FBFF36F8F08BDBA
:1031800000E100E01EF0040F0CBFEFF30880EFF346
:103190000980816911F8021C0229FFD001B572462D
:1031A00012F0FFFC01BD00BF40B2002807DB044A5B
:1031B0004109012300F01F00834042F8213070478D
:1031C00000E100E040B200280CDB4309064900F0B2
:1031D0001F0020330122824041F82320BFF34F8F8C
:1031E000BFF36F8F704700BF00E100E0054B42095D
:1031F00000F01F0053F82220012303FA00F01040D2
:10320000704700BF00E100E040B2D30754BF023175
:1032100000210028ACBF00F16040074A4FEA41138B
:10322000ACBF00F5614000F00F00DBB2B4BF135437
:1032300080F80033704700BF14ED00E0044B054AEE
:1032400023F07F039360BFF34F8FBFF36F8F7047FF
:103250000000000000ED00E008B5FFF7EFFF074AAF
:10326000D2F8883023F47003C2F88830FFF732FCBC
:10327000FFF73CFC00F0B0F80DF052F900ED00E073
:1032800042F8203C009B42F81C3C0A49019B42F852
:10329000183C029B42F8143C21F001014FF080736E
:1032A00042F8043C42F8081C0023203A02654367B8
:1032B000704700BF710F0100094A0346906870B162
:1032C00013F1160F006E05D0A0F14002934205D312
:1032D000834203D2814228BF0020704700207047FC
:1032E0009C60002008B515460B4A0C4B9060026F9D
:1032F0001A600E4600F0A0F82C4686F309880020DC
:10330000034B98472046002100220023014C204710
:10331000CF5B0200710F01009C6000205C5C00200C
:10332000014B10221A61704700ED00E0054B5A690D
:103330009B689A421FBF044A536843F0805353600E
:10334000704700BF9C60002000ED00E0084B9B68C8
:1033500083420BD1EFF3058343B1064B5A6842F029
:1033600080525A605A6A22F400425A620EF038B80B
:103370009C60002000ED00E014498A684FF03000A6
:103380001044EFF3098C80E8F01F402080F312888E
:10339000BFF36F8F0E4F4FF000664A698A603E6040
:1033A000106F0C4C2060506F0023536780F311881E
:1033B00004B5104600F040F8BDE8044002F13000CA
:1033C00090E8F01F8CF30988704700009C60002093
:1033D00004ED00E05C5C0020044800234021C2189A
:1033E0000133302B82F80013F9D1704700E100E07F
:1033F00008B5EFF30583064A103B02EBC30152F810
:10340000330049688847BDE80840FFF78FBF00BF19
:1034100044AB020001480068704700005C5C00207B
:10342000024B034A0348012100F08AB80000022041
:103430000000002044B70200036E054A403B1360C1
:10344000044B4021C2E901131046012100F082B86B
:10345000605C002000000B1508B503461048D0F84A
:103460009020C2F30722013A934207D90D480E4A31
:10347000012112F06CF96FF0150008BDC0F898300A
:103480000A6822F01F021A4342F01002C0F89C2082
:103490008A6842F00102C0F8A0201846EDE700BF9C
:1034A00000ED00E048AF0200F1D40200F0B50E4696
:1034B00085B01F4604460025B5420DDA606810B39A
:1034C00097B1431E18420AD0104A11482B460121D9
:1034D00012F03DF96FF01502104605B0F0BD1F283F
:1034E000F2D921680B42EFD12368019312F092FBCD
:1034F000A36801A90343D0B20393FFF7ADFF10F116
:10350000160FE7D0421C01350C34D5E717D5020061
:1035100048AF0200044B0522C3F89420BFF34F8F3D
:10352000BFF36F8F704700BF00ED00E0BFF35F8F08
:10353000024B0022C3F89420704700BF00ED00E06A
:1035400010B5034C01232278FFF7B0FF207010BDA7
:103550005E65002008B50B4A00231278FFF7A6FF2E
:1035600010F1160F07D0084A0021D2F89030C3F3AB
:103570000723984200DB08BDC2F89800C2F8A010EB
:103580000130F2E75E65002000ED00E02DE9F04338
:103590005D485E49D0F890300C68C3F307239C4225
:1035A00085B000F2AE80FFF7C1FF49680022944267
:1035B00001F10C011AD1564F564D3C706846FEF78A
:1035C000E1FE554C554E81464FF00008C14520D1D3
:1035D0003B784D490020D1F89020C2F30722934256
:1035E000C0F28980FFF796FF002050E0C0F89820D5
:1035F00051F80C3C23F01F03134343F01003C0F8B1
:103600009C3051F8043C43F00103C0F8A030013273
:10361000CDE7009800EB08114FEA081CCB68234067
:10362000B3F5000F49D00BD8B3F5001F32D0B3F576
:10363000800F37D0B3F5801F14D008F10108C5E71B
:10364000B3F1007F42D0B3F1805F48D0B3F1807F07
:10365000F3D150F80C3088684A6812F0DBFA40F079
:10366000887009E050F80C3088684A6812F0D2FA85
:1036700040F0885040F43020039001A93878CDE91B
:103680000123FFF7E9FE002831DA6FF0150005B0DD
:10369000BDE8F08350F80C3088684A6812F0BAFA36
:1036A0003043E9E750F80C3088684A6812F0B2FA03
:1036B00040F0007040F40030DEE750F80C308868CD
:1036C0004A6812F0A7FA40F08270D5E750F80C3043
:1036D00088684A6812F09EFA40F48020CCE750F8DF
:1036E0000C3088684A6812F095FA2843C4E73B78A2
:1036F00001333B70A1E7C1F89830C1F8A000013355
:1037000069E74FF0FF30C2E700ED00E050B702007C
:103710005E650020000002110000F0FF00000811AB
:10372000F0B587B007460E461446002110226846C1
:103730001D4617F066F802238DF802302A46054B25
:10374000019321466846CDE9047610F043F907B0AD
:10375000F0BD00BF355C020008B5024810F08AF8E1
:10376000FEE700BF4CD5020008B5024B1B68984726
:10377000002008BD6C5C0020034B044A186093785D
:1037800043F00203937070476C5C00207C2400209F
:1037900008B50649064821F00701C1F1005202F5BB
:1037A000003210F0B8FF002008BD00BF3DBD002072
:1037B000705C002070B54169867A0B4D044659B1A2
:1037C000437ADB0706D4242303FB0653DB691B681B
:1037D0009B689847002363612420214600FB065024
:1037E000BDE8704015F00EBE18280020024B2422C0
:1037F00002FB0030704700BF18280020827A064B79
:10380000242101FB02331A6A1B7D1B33801A23F02B
:103810000303B0FBF3F070471828002038B5074BBE
:10382000827A242404FB0233DB69D3E901240C608F
:103830001568FFF7E3FF04FB005038BD182800208F
:103840002DE9F04385B005466846039190461C4635
:1038500016F086F8DDE90067EFF31189402383F362
:103860001288BFF36F8F6B8A002B41D02A8A9A424D
:1038700025D90022002328460CF0D0FF0446F0B1E1
:1038800089F31188BFF36F8F039B002B41D0324621
:103890003B46684616F089F8A27A264B242101FBA4
:1038A00002332046DB691B6803A91D68DDE900239C
:1038B000A847606170BB2046FFF77CFF24E0698A5F
:1038C0004B1E6B8289F31188BFF36F8F2B7D2A8A81
:1038D0002C6A1B3323F00303521A02FB0344154BDB
:1038E000154AEB1A9B105343A3722B7DE372CBE76F
:1038F00089F31188BFF36F8F2346424628460CF0A8
:103900008DFF04460028BFD10024204605B0BDE845
:10391000F0836361012300252381039B6382E27AA4
:103920006560294604F1180016F06BFF6369258273
:10393000E360EAE718280020398EE33870B50D4CB3
:10394000242500B970BD037A4668002BFAD0013BEC
:10395000DBB20372002BF5D1C3604360837A05FBB1
:1039600003439B6913B198473046EAE7FFF722FF0C
:10397000FAE700BF18280020044A0123C2F84035A6
:103980004FF080420020C2F87835704700E00140D7
:1039900048B1054B054A1B68B3FBF2F35843044B8F
:1039A00043F00103184770479026002040420F0063
:1039B000E0B20200BFF34F8F0549064BCA6802F41C
:1039C000E0621343CB60BFF34F8F00BFFDE700BF42
:1039D00000ED00E00400FA0570B50B7892B00646E1
:1039E0000C4607AD032B31D8DFE803F0022A2C2E5A
:1039F00019492846FAF7DCFA059563780493A37809
:103A00000393E37802932379019363790093A37975
:103A1000124A1E210AA80FF04DFF10AD0AAB324624
:103A20001C4603CCAC4210605160234602F10802F0
:103A3000F6D120681060A3889380304612B070BD24
:103A40000749D6E70749D4E70749D2E7074A0A21D9
:103A500028460FF02FFFCFE7E1C5020003C60200A2
:103A6000E8C50200EFC50200F9C5020096C90200D0
:103A70000E4B402970B528BF40210D4C46181D46FD
:103A8000B04203F1020304D1002305F811300748C6
:103A900070BD02781209A25C03F8022C10F8012B09
:103AA00002F00F02A25C03F8012CE9E75F65002039
:103AB0001BFC02002DE9F341254D064617469846AA
:103AC000BFF35B8F2B68BFF35B8FDA0723D538B961
:103AD000204A2148012111F031FE6FF001001BE066
:103AE00001A911F07BFF02280446F6D102461B49CA
:103AF000304616F095FE0028EFD1BFF35B8F2B68A0
:103B0000BFF35B8FC3F3C0061B0708D5144A1248E6
:103B1000214611F013FE002002B0BDE8F081A5F1AE
:103B2000D404072221464046B84706280AD80D4A41
:103B30000948012111F002FE45F8D46CE671C4F881
:103B40000360E8E70723B0FBF3F0E071E3E700BFB1
:103B50001422002073D50200B8AE0200F6C50200A0
:103B600094D50200B8D502002DE9F04389B09D79C3
:103B7000DDF840905E791F7993F803C093F802E076
:103B800093F801801B780C46B9F1000F15D0CDE9F0
:103B90000639CDE904E81346CDE9027CCDE90056AB
:103BA0000D4A0FF087FE002813DBA0422CBF6FF0F8
:103BB0001500002009B0BDE8F083CDE90583CDE90B
:103BC00003CE1346CDE90167044A00950FF072FE5B
:103BD000E9E76FF01500EDE7DDD5020001D6020040
:103BE00010B5FEF7B5FE044628B1044A034601218C
:103BF000034811F0ACFD204610BD00BF22D60200E4
:103C0000B8AE020070B504468CB01E461546AAB187
:103C100029B10A4602A8042111F095F802A90091E1
:103C20002B462246242103A8FFF79EFF70B9109A65
:103C3000314603A8FEF708FD0CB070BD0346054AE7
:103C4000242103A80FF036FE2328F0D96FF01500C9
:103C5000F2E700BF47D6020007B50B4B0B48DA79F5
:103C6000C2EBC202009200221146FFF7CBFF0346CF
:103C700038B1074A0748012103B05DF804EB11F0A1
:103C800066BD03B05DF804FB40210020F6C50200CC
:103C90004DD60200B8AE020030B504468DB01546D0
:103CA0009AB129B10A4602A8042111F04CF802A9E0
:103CB00000912B462246242103A8FFF755FF60B947
:103CC00003A811F063FE0DB030BD0346044A242161
:103CD00003A80FF0EFFD2328F2D96FF01500F2E7EB
:103CE00047D6020007B5009313460A46014603482B
:103CF000FFF788FF03B05DF804FB00BF04EF02008C
:103D00000A4601460148FFF7C7BF00BF04EF0200A3
:103D100007B5009313460A4601460348FFF772FFB2
:103D200003B05DF804FB00BFFEEE020007B5009390
:103D300013460A4601460348FFF764FF03B05DF8E7
:103D400004FB00BF21EE020007B5002203460091EC
:103D500003481146FFF756FF03B05DF804FB00BFB0
:103D6000F6EE020008B502480CF08CFF002008BDFA
:103D700010250020F8B51E4DBFF35B8F2B68BFF3F5
:103D80005B8F13F0010F2E462FD015F8CD3CA5F117
:103D9000D4078BB901F0E0FE044630B1154A16484D
:103DA000012111F0CBFC2046F8BDFB7923B901F0CD
:103DB000E3FE04460028F1D1BFF35B8F2B68BFF30D
:103DC0005B8F5A0701D400F0D1FEBFF35B8F56E83A
:103DD000003F23F4006246E800210029F7D1BFF339
:103DE0005B8F1B0501D5FFF7BDFF0024DBE700BF9C
:103DF0001422002068D60200B8AE020007B5009376
:103E000013460A4601460348FFF7FCFE03B05DF87F
:103E100004FB00BFC9F302000A4601460148FFF750
:103E20003BBF00BFC9F3020010B586B0094B0A487A
:103E300003930024CDE9044415F0C1FB03AB0093C8
:103E4000064905480A234FF4E8620CF021FF20469A
:103E500006B010BD9BD60200F8450020406D002042
:103E6000014601480CF054BFF845002001460148C6
:103E700015F07ABBF845002030B50378012B11D03E
:103E8000022B21D06BB9154B0A4603F1100453F8ED
:103E9000045B42F8045BA342F9D143881A0A8A7092
:103EA000CB7030BD0D4B0A4603F1100453F8045B90
:103EB00042F8045BA342F9D143681A0C180E4A7009
:103EC0000870C3F30722EAE700F11003013913F881
:103ED000012901F8012F9842F9D1E2E72CFC0200F8
:103EE00010B512F020F815F0C7FB044608B90DF024
:103EF000ADF9BFF35B8F064B1B68BFF35B8F0BB154
:103F00000A2098471CB9BDE810400DF0B3B910BDA8
:103F10007C5C002038B50446084811F09CFE05463C
:103F200048B1631EDBB21F2B96BF054A0021D15C4E
:103F30000C3011F0FFFE284638BD00BFCC28002011
:103F40003CFC0200054BBFF35B8F53E8002F43E8B6
:103F500000010029F9D1BFF35B8F70477C5C002022
:103F60000F2810B50CD80D280CD90A4811F073FE93
:103F7000044618B104210C3011F0DCFE204610BDBF
:103F80001328F2D009B10448F0E7BDE81040022040
:103F9000FFF7C0BF1429002060280020C3681B78E9
:103FA000024A0348022112F055B800BFB3D60200FE
:103FB00080AE020038B5C5682B7893B9B5F80140DA
:103FC0000F21204602F086FEEB78054650B90A4ADA
:103FD000118831B96FEA04506FEA10501080074A17
:103FE000137038BD0373012102F092FD2846BDE82D
:103FF000384002F03DBD00BF0C650020E0650020A8
:1040000070B5C3681D78BDB9B3F801600F213046A3
:1040100002F060FE044638B9084A094833460121D7
:10402000BDE8704012F016B8294602F071FD204636
:10403000BDE8704002F01CBD70BD00BFDBD60200C1
:1040400080AE020010B5C368B3F8014001212046DC
:1040500002F040FE38B9064A064823460121BDE871
:10406000104011F0F7BFBDE8104002F001BD00BFE5
:1040700001D7020080AE020010B5C3681C88012180
:10408000204602F027FE38B9054A0648234601219A
:10409000BDE8104011F0DEBFBDE8104002F0E8BC02
:1040A00001D7020080AE020010B501210C3011F0E2
:1040B00062FE0378034A0448BDE81040012111F074
:1040C000C9BF00BF25D7020080AE0200014610B56F
:1040D000084811F0C4FD0849084815F045FA031EC8
:1040E00006DA074A0748BDE81040012111F0B2BFC7
:1040F00010BD00BF7422002030250020384700206A
:1041000047D7020080AE020010B586B003AB002492
:1041100000930749074805944FF0FF334FF480623E
:10412000CDE903440CF0B4FD204606B010BD00BF3D
:10413000C07400209846002010B5084C01460622A5
:1041400094F86F0003F034F938B994F86F0004491B
:10415000BDE81040052203F02BB910BD402100201E
:1041600001FC0200024A0348012111F062BF00BFB6
:1041700064D7020080AE0200B0B50B460D8A00AFD6
:1041800004462946D868FFF773FC8AB06A46094B93
:10419000CDE9053440F20243ADF82430064BCDE9B9
:1041A00007504FF4325142F8103F044811F054FFC9
:1041B000BD46B0BD7ED702000500000180AE020002
:1041C00070B5C568B5F801600121304602F082FD86
:1041D000044638B90D4A0E4833460121BDE8704007
:1041E00011F038BF2B783BB9D5F80330C0F89930BF
:1041F000D5F80730C0F89D30201D4FF4803111F004
:104200001AFF2046BDE8704002F032BC01D7020020
:1042100080AE02002DE9F84FD0F80C90018A99F891
:104220000040A30001338B4200AF63D96D468AB0D2
:104230006A463248CDE907310523CDE905044FF43C
:10424000215142F8103F2E4811F006FFAD46BD4601
:10425000BDE8F88F2B4A2A482B46012111F0FAFEBF
:10426000013699F800309E42F1DA09EB86030F21FE
:10427000B3F80150B3F80380284602F02BFD044642
:104280000028E7D000F1C00AB8F1000F06D0656938
:1042900045B91D4A1A48012111F0CBFE204602F013
:1042A000E7FBDDE7A2692B686361954208BFA36164
:1042B000204602F0FFFA0CF0E3FAC5F800B0236ADA
:1042C000ABB9C4E90755BFF35B8F5AE8003F013B28
:1042D0004AE80032002AF8D1BFF35B8F0021204664
:1042E00008F1FF3802F0F2FA1FFA88F8CCE71D60F7
:1042F0002562E8E70026B346B3E700BFA0D7020077
:1043000080AE0200CBD70200E7D7020037B502EB40
:10431000C303044608469A4202D16FF05E0010E0E3
:10432000114611F8085BA54211D1038A51789942D0
:1043300009D90848084A0094012111F012FA6FF0D7
:10434000150003B030BD536898470020F9E70A46CE
:10435000E1E700BF80AE0200FED702002DE9F04782
:104360000C460CF073FFE5682B78022B75D0042BFC
:104370000AD03E4A3E48012111F06CFE2046FFF76C
:10438000DDFA6FF015040EE0B4F81080B8F1020FFA
:104390000ED8384A43463648012111F05BFE2046CC
:1043A000FFF7CCFA00240CF065FF2046BDE8F0874B
:1043B00068783E280CD1B8F1030F02D12E4A43464B
:1043C000E9E7EB78012B01D00A2B46D1032704E063
:1043D00011F01DFE0746F8073FD504F10C06012138
:1043E0003046D4F814A011F0BEFC0221304611F082
:1043F000C2FC814600783E2807D1E3681B78012B78
:1044000001D00A2B06D1032614E011F000FEC107EB
:1044100006460FD4194A1A491A4841F2681310F097
:104420001AFA002383F31188BFF36F8F0323184612
:1044300002DF0226144A99F800000623214611F0F3
:1044400046FEB2070DD56369A4F81080A5EB0A05F6
:1044500013FA85F5E560BB07A4D52046FFF736FEC5
:10446000A0E72046FFF76AFAF5E700BFC6D80200CA
:1044700080AE020020D802003CD802005CD80200C6
:1044800090D80200A9D80200F8B7020010B50121A7
:1044900004460C3011F06FFC2146034A0078BDE859
:1044A0001040022311F013BE28B8020073B53E4835
:1044B00011F0EAFB0446002873D000F10C052846F1
:1044C00011F061FC0228034603D0042847D0374A84
:1044D00003E0238A032B05D8354A3648012111F021
:1044E000B9FD13E00421284611F045FCFF23428862
:1044F00006882376238AC6F30B009A42608309D08C
:104500002C48009201212C4A11F02BF92046FFF78C
:1045100015FA12E00F2102F0DDFB054610B9638B9E
:10452000264ADAE702F0FCFB320B207621462846C9
:1045300002F022FA284602F09BFA214BD3F83431DC
:104540007BB32049204815F00FF8031E29DA1F4AD3
:104550001848012102B0BDE8704011F07BBD28462B
:10456000022111F008FC054600783E2812D011F017
:104570004EFD10F002060DD1154A1649164840F6B8
:104580009A4310F068F986F31188BFF36F8F032305
:10459000184602DF114A28780623214611F097FDBC
:1045A000B4E702B070BD00BF742200206FD90200D2
:1045B000DAD8020080AE0200FBD802001FD9020048
:1045C00040210020302500203847002047D7020036
:1045D0005CD8020041D90200A9D8020038B8020014
:1045E00010B5012104460C3011F0C5FB2146034AE9
:1045F0000078BDE81040082311F069BD68B80200DA
:10460000F8B5012100AF04460C3011F0B4FB067878
:10461000114A002321463046FFF778FE5F3019D15A
:10462000258AE0682946FFF723FA6C468AB06A4675
:104630000A4BCDE9053640F20243ADF82430084B71
:10464000CDE907504FF4325142F8103F054811F0C0
:1046500003FDA546BD46F8BDA8B8020083D90200F7
:104660000500000180AE02002DE9F74FDFF818A128
:10467000BFF35B8F80468946174600235AE8004FF8
:104680004AE80032002AF9D1BFF35B8F264644B9CD
:104690003E4A3F484346012103B0BDE8F04F11F0C8
:1046A000D9BC2046FFF7AAF83A4D4FF00C0B0BFB94
:1046B0000050438843451FD02046FFF79FF80BFB6F
:1046C00000504388344A009331484346012111F099
:1046D00048F8BFF35B8F5AE8003F4AE80062002ABF
:1046E000F9D1BFF35B8F002B4BD01E46304603B091
:1046F000BDE8F04FFFF722B9A74208D0204611F0DD
:10470000A5FA3A8AF96804F10C0011F00AFB204678
:10471000FFF774F80C2707FB00504368ABB1B9F101
:10472000000F12D12046FFF769F807FB0050012166
:104730004268536803F01F00814010685B0900EB7A
:104740008300137ACBB111F076FC2046FFF756F8C0
:104750000C2707FB00508368002BC7D02046FFF7CB
:104760004DF8784305F800902046FFF747F807FB1F
:104770000055A8680CF084F8B8E7C94311F06FFC45
:10478000E3E703B0BDE8F08F70220020B5D9020046
:1047900080AE0200805C0020DDD9020073B5C568E0
:1047A000B5F801600121304602F094FA044640B9A0
:1047B0003E4A3F483346012102B0BDE8704011F047
:1047C00049BC2B781A2B00F1040619D1C378012BB0
:1047D00050D14FF48041304611F02DFC42040FD4EB
:1047E000D4F88C3000936946D4F894300193204675
:1047F00003F052F9204602B0BDE8704002F038B92B
:104800002B78BBBBB5F803302A4940F2E242534350
:10481000C4F88830B5F80520A4F89020B5F8072032
:10482000A4F89220A3F5EA520C3A8A4204D9224A0B
:104830001F48022111F00EFCB4F89030B3F5FA7F56
:1048400004D31E4A1A48022111F004FCB4F8923035
:10485000A3F10A0292B240F676418A4204D9184A7C
:104860001348022111F0F6FB6FF48051304611F02D
:10487000F6FB17E0BFF35B8F6368BFF35B8FDB046E
:10488000F2D52B78202BEFD194F89830002BEBD079
:10489000013B84F898304FF42032002304F14000AB
:1048A0000CF060FA204602F01DFCA3E701D70200DD
:1048B00080AE020095F03C0010DA020037DA020008
:1048C0005EDA0200B0B53C2800AF04461AD101F010
:1048D000BBFA6FF48071103011F0C1FB0020FFF7BC
:1048E0002BFC054630B9124A1248012111F0A1FBF8
:1048F000BD46B0BD0473002102F00AF9284602F05B
:10490000B7F8F5E76D468AB06A460B4BCDE905303E
:104910000A4B079340F20133ADF82030084B42F8C0
:10492000103F04484FF4125111F096FBAD46DFE7FB
:104930008ADA020080AE0200ABDA020085CF020004
:1049400004000001094BBFF35B8F1A68BFF35B8F54
:1049500002F00B02BFF35B8F53E8001F43E8002017
:104960000028F9D1BFF35B8F704700BF14220020ED
:1049700010B5C1E900239DF808300B720C46FEF714
:104980003DFF034B0C2202FB00335C6010BD00BFF7
:10499000805C0020F8B502460B46104811F05BF928
:1049A0000446C0B104210C3011F0AAF92046FEF7EC
:1049B00025FF0B4D0C2707FB0050002646802046A4
:1049C000FEF71CFF07FB005086602046FEF716FF2F
:1049D00007FB00556E602046F8BD00BFA8280020E8
:1049E000805C002029289ABF014B185C0920704781
:1049F0005CFC020070B5C368B3F801601D780F213C
:104A0000304602F067F9044638B91A4A1A48334664
:104A10000121BDE8704011F01DBB65B12846FFF7CC
:104A2000E1FF29460246204602F01AFC2046BDE876
:104A3000704002F01DB88378012B07D107F018F9F8
:104A4000204611F0CCFA002808BF05252846FFF7BC
:104A5000C9FF29460246204602F002FC002DE5D09F
:104A6000064A0548012111F0E4FA0521204611F01B
:104A7000ACFDDBE7DBD6020080AE0200C7DA020045
:104A80002DE9F041C668B6F8017035780F21384637
:104A900002F020F9044638B9204A21483B4601215A
:104AA000BDE8F04111F0D6BA65B12846FFF79AFF8C
:104AB00029460246204602F0D3FB2046BDE8F041DD
:104AC00001F0D6BFF278C37A934205D1154A144853
:104AD000022111F0BFFAF0E78378C272012B08D1EE
:104AE0000AB107F0C5F8204611F079FA002808BF8E
:104AF00005252846FFF776FF29460246204602F0A4
:104B0000AFFB002DD9D0084A0548012111F091FAD8
:104B10000521204611F059FDCFE700BFDBD602008A
:104B200080AE0200EDDA0200C7DA020010B592B0E2
:104B3000044607494822684615F055FE112C9BBFD4
:104B400012AB03EB8404034854F8480C12B010BDB8
:104B500074B002001CDB0200034B0146D3F84C0189
:104B600082689268104700BF402100202DE9F04F75
:104B700091B0042100AF4A4811F05DFA6D4688B04B
:104B80006A46484B0593484B06934FF40073ADF8C3
:104B90001C30464C464B42F8103F4648464E4FF4B8
:104BA000E65111F059FA454BE17907F12008AD467D
:104BB000012998BF1E4640462146FEF70DFF8AB0E8
:104BC0006A463F4BCDF81C80CDE905363D4B089336
:104BD0003D4B42F8103F37483C4EDFF8F4804FF42D
:104BE000235111F039FAA246AD460125E3799D42E1
:104BF0000AF1070A3BDB94F870502846FFF796FF4E
:104C00006E468CB0B4F87210B4F876306A46DFF8AD
:104C1000C4C00993CDE907512F4B4FF40075CDE97E
:104C200005C0ADF828504FF4535142F8103F2148C9
:104C300011F012FAB54694F871603046FFF776FF2E
:104C40008AB0B4F874306A462449ADF82450CDE9EE
:104C50000763234BCDE9051042F8103F15484FF488
:104C6000335111F0F9F94437BD46BDE8F08F514694
:104C70003846FEF7B1FEE9468AB06A4640F2013393
:104C8000CDE905650797ADF820300A4842F8108F46
:104C90004FF4135111F0E0F90135CD46A6E700BFFE
:104CA0001422002028DB02003ADB02004021002011
:104CB0000300000180AE020024DB020085CF020069
:104CC0003EDB020000020103040000024DDB020093
:104CD000040000015EDB0200060000019CDB020014
:104CE0000500000108B50848C37933B9074A0848E8
:104CF000032111F09EF9002008BD0821D43011F0E5
:104D00009AF9FFF733FFF6E740210020C3DB0200EA
:104D100080AE020000487047D7C80200014902482F
:104D200014F022BC202500209846002070B50546CE
:104D30000C4639B1CB684A699B1A032B0ED86FF029
:104D4000150509E04FF0FF304FF0FF31FFF722FE6D
:104D5000044618B96FF06805284670BD2046FEF776
:104D60004DFD174B0C2202FB0033A61803213046E1
:104D70005D8010F0E7FF0580238A033B83700121EB
:104D8000304610F0E7FF40F635439D420FD12046F4
:104D9000FFF7E2FE05460028DED00A4A034601215D
:104DA000094811F057F92046FEF7C8FDD4E7074837
:104DB000214614F01CFB0025FFF7B0FFCCE700BF35
:104DC000805C0020F0DB020080AE02007C2200202C
:104DD0002DE9F04784B0804600AF91460C4671B98A
:104DE0004FF0FF304FF0FF31FFF7D4FD044660B9BC
:104DF0006FF0680528461037BD46BDE8F087887A11
:104E0000FEF7F4FC3C4B83426FD10122002138466F
:104E100014F006FB2046FEF7F1FCDFF8E0A00C23BF
:104E200003FB00A08760204610F044FF0146404687
:104E3000FFF77CFF054618B12046FEF77FFDD9E756
:104E40004FF4A022002338460BF04EFD064690B1E9
:104E50004FF4F1732A4A2B492B480FF0FCFC2B48E6
:104E6000324641460FF0F7FC85F31188BFF36F8F90
:104E70000323184602DF2046FEF7C0FC0C235843EC
:104E80001AF800605EB36D468AB06A46204B0796FA
:104E9000CDE905381F4B089340F20243ADF82430AA
:104EA0001D4B42F8103F1D484FF4325111F0D4F819
:104EB0002046AD46093EFEF741FD092E0CD8DFE83D
:104EC00006F0050B0B08170B0B0B0B146FF06E05A0
:104ED00090E76FF00C058DE76FF004058AE7B9F1F4
:104EE000000FA9D0C9F8004084E76FF0150581E7ED
:104EF0006FF00B057EE700BFA8280020805C002033
:104F00005CD8020012DC0200A9D802001BDC0200FF
:104F100060DC020085CF02000500000180AE0200C7
:104F200073B506460D4601AA002142F22F00FFF795
:104F30004FFF044638B1154A1548012111F079F8A0
:104F4000204602B070BD0198C368B3F801203280DA
:104F5000B3F803302B80FEF7F1FC3388A3F11B027A
:104F6000E02A04D90B4A0A48022111F073F82B8871
:104F7000A3F5A47292B244F248118A42E0D9064ADB
:104F80000348022111F066F8DAE700BF7FDC020077
:104F900080AE02009FDC0200C4DC02002DE9F04F6D
:104FA0008DB0604BB0F80190198849F4704291427D
:104FB0004FF0000608BF1E80054608BF5A4B00AFE1
:104FC00008BF1E7800F0B8FCEB78012B08BF574BE8
:104FD00005F1040A50460CBF93F86F40002410F00E
:104FE0009EFF07F10808514680B3404610F08CFF41
:104FF000D5F81130C7F80130B5F81530A7F80530ED
:105000004FF0010BEB78012B37D007F1100451461C
:105010002046FEF7E1FC6D4688B06A46444B4548A1
:10502000CDE905344FF40073ADF81C30424B42F823
:10503000103F4FF4E25111F00FF81321AD464846EE
:1050400011F081F83437BD46BDE8F08F204611F0ED
:10505000CCF903460068B8609A889B796868A8F81C
:10506000042088F80630BAF804209AF8063095F83B
:1050700004B03860BA80BB71C4E74046FFF75CF803
:1050800004460028C1D00346B5F8012023F8702B50
:10509000B86898F80620B8F8041020679A719980CB
:1050A000B5F8173040F2E2425343C4F88830B5F8FF
:1050B0001930A4F89030B5F81B30A4F89230EB7892
:1050C000E3700022012B22731AD187F800B0BA884E
:1050D000BB793868A4F87B2084F87D30C4F8770069
:1050E00000F0B2FE237A1149C3EBC3035A18CB5820
:1050F000C4F87E309388A4F88230937984F88430A1
:105100000721204601F004FD26B126730121204627
:1051100001F0FEFC204601F03FFE204601F0A8FC15
:1051200090E700BF0C650020E065002040210020D2
:10513000E7DC020080AE02000300000100B5C36896
:10514000187889B020B109B05DF804EBFFF7BABB5D
:10515000B3F80120ADF80120DA788DF800008DF861
:105160000320B3F80B20ADF81720B3F80D20ADF8ED
:105170001920B3F80F20ADF81B205A7C8DF81D20A4
:10518000586801901A899B7A8DF80A30094BADF85E
:10519000082068461A689B88CDF80B20ADF80F30C0
:1051A000CDF81120ADF81530FFF7F8FE09B05DF825
:1051B00004FB00BF15FC020010B5F9F769F8034BBA
:1051C0001B6813B1BDE81040184710BDA45C002057
:1051D00073B52D4D0646D5F84C0113F0DEFF48B9E6
:1051E0002A4A2B48012110F024FF6FF012042046B8
:1051F00002B070BD6FF0020105F1D40010F02FFF76
:10520000012110F018FFC3073AD4FEF7E9FC044669
:105210000028ECD11F4B1E600122114605F590704D
:1052200014F0FEF805F59E7014F0D9F81A4814F041
:10523000C6F91A49184800946FF0070340F698021F
:105240000BF026FD1649144814F01CFAD5F84C0151
:10525000144983681B689847044630B1124A0346D4
:1052600001210B4810F0F6FEC1E726B902B0BDE8F7
:105270007040F9F70DB805F1C4000BF003FDB6E777
:105280006FF07704B3E700BF4021002064DE020026
:1052900080AE0200A45C0020384700200079002086
:1052A0007CDE02005D43010085DE0200F0B5C568CA
:1052B0002F88BCB287B00121204601F00BFD0646C5
:1052C00040B9284A28482346012107B0BDE8F040EC
:1052D00010F0C0BE02ACD5F80220D5F8063001941B
:1052E0006989009112F0E7FB48B34FF0FF304FF0AF
:1052F000FF31FFF74FFB054648B91C4A1A48012108
:1053000010F097FE304601F0B3FB07B0F0BD12215C
:105310000C3010F000FD0346224623F8027B1446B1
:1053200003CC596006A98C421860224603F1080399
:10533000F5D1294642F21A00FFF7F8FCE2E74FF0F8
:10534000FF304FF0FF31FFF725FB04460028D4D093
:1053500002210C3010F0DFFC2146078042F21B00D6
:10536000EAE700BF01D7020080AE0200A1DE020022
:1053700073B5C368D9789A781E8842EA0122ADF8DD
:10538000002059791A7942EA0122ADF80220D97930
:105390009A7942EA0122ADF804201A7A5B7AB4B213
:1053A00042EA032301212046ADF8063001F092FCC9
:1053B000054658B91D481E4A0121234610F04AFEF1
:1053C0000221204610F01DFF02B070BD694601F0B9
:1053D000DBFE38B91E21204610F013FF284601F0ED
:1053E00047FBF1E74FF0FF304FF0FF31FFF7D2FA04
:1053F00004460028F2D00E210C3010F08CFC002363
:105400000680C0F80A30BDF800304380BDF8023095
:105410008380BDF80430C380BDF806300381214687
:1054200042F22000FFF782FCD8E700BF80AE020006
:1054300001D7020038B5042104460C3010F09BFC63
:10544000034640885D7818B119782246FFF70CF9B9
:1054500035B104480BF014FABDE83840FFF75EBCE4
:1054600038BD00BF60220020B0B50321044600AF64
:105470000C3010F080FCE2680346B0F801001178AF
:1054800040F63542904216D16C468AB06A46104BBF
:105490001048CDE90531104B079340F20133ADF8C8
:1054A00020300E4B42F8103F4FF4125110F0D4FD53
:1054B000A546BD46B0BD1D7810B12246FFF7D4F811
:1054C000002DF6D006480BF0DBF9FFF727FCF0E7DC
:1054D000B8DE020080AE020085CF020004000001A9
:1054E0006022002038B50BF0B1FE2F4DD5F83C31CD
:1054F000002B56D00022002305F590700BF0F4F934
:1055000000284ED10022002305F59E700BF086F98D
:10551000044668B9254A2649264840F6AA430FF0B2
:105520009AF984F31188BFF36F8F0323184602DFC3
:10553000D5F830315BB1204A2048012110F079FDC7
:10554000D5F83001FEF7FAF90023C5F830312046CE
:1055500010F0B0FBC5F830012046FFF7FDFA034616
:10556000C8B1174A1548012110F074FD15480BF019
:1055700087F92046FEF742F9134B0C2202FB003359
:10558000588818B122461F21FFF76EF82046FEF713
:10559000D5F9FFF7C3FBFFF7C1FBBDE838400BF0BF
:1055A00069BE01F009FCF8E7402100205CD8020048
:1055B000A7D60200A9D80200F0DE020080AE0200E9
:1055C000F0DB020060220020805C0020F8B50A4D6C
:1055D000EF7906460024E3B29F4202D86FF0010043
:1055E00007E02946304610F028FE0735631C08B155
:1055F0002046F8BD1C46EEE74021002037B50446A2
:105600000D46B9B11649284610F017FE90B9154855
:10561000C4EBC4042946204410F019FE124810F0CF
:105620001DFE430703D5FEF79DFB10F010FC002084
:1056300003B030BD684610F059FC0028F8D1684628
:10564000FFF7C4FF0028F5DA064BC4EBC40018448A
:10565000694610F0FCFD002DE0D001462846DBE74E
:1056600008FC0200402100201422002070B51A4ED0
:1056700006223146054615F0D3F838B34FF0FF3017
:105680004FF0FF31FFF786F9044608B3062229469A
:105690000C3010F046FB2146002242F20500FFF7D5
:1056A00097FB044648B110F10D0F04D10B4A0C488A
:1056B000022110F0CAFD204670BD33462A6843F827
:1056C0006929AA88B280012283F868200024F2E7C1
:1056D0006FF06804EFE700BFA92100202CE0020072
:1056E00088AE0200084BBFF35B8F53E800CF4CF449
:1056F000806C43E800C2002AF7D1BFF35B8F037AC6
:1057000019430172704700BF14220020F7B5002131
:1057100004460222084601F04BFE064648B12046E8
:105720000121FFF7DFFF304603B0BDE8F04001F094
:105730009FB93B4D01463B4800F080FB95F8133183
:105740007BB1304610F0CDFD58B1374A02213748C1
:1057500010F07BFD3648002103B0BDE8F04000F0BA
:105760006DBB95F8132195F812319A4218D1314A40
:105770002E48022110F069FD0022114642F2290054
:10578000FFF726FB10B12C4A0121E0E795F8133111
:10579000013385F81331237A43F004032372D9E7E8
:1057A0002246671C12F82E0B394610F05DFD0646A6
:1057B00010B1224A01210EE095F81331013385F82A
:1057C0001331237A43F00403237295F8A7305B0763
:1057D00008D41B4A0221154810F037FD012010F0B3
:1057E00080FDB7E73946684610F031FD01234FF0E0
:1057F000FF304FF0FF318DF80730FFF7CBF804464C
:1058000060B1082269460C3010F08BFA324621460E
:1058100042F24E00FFF7DCFA0028DFD0094AC9E760
:1058200040210020B36302003BE0020088AE02008A
:105830001563020060E0020091E00200B1E00200A6
:10584000D1E00200FBE0020000212DE9F04102223C
:105850000446084601F0ACFD054640B12046022151
:10586000FFF740FF2846BDE8F04101F001B90146CD
:105870002A4800F0E3FA284610F033FD284D06468A
:1058800088B1284A0346012127480FF060FF95F8A8
:10589000133113B1012010F024FDBDE8F04123487D
:1058A000002100F0CBBA95F8133195F812219A42F5
:1058B0000CD2013B85F81331237A1D4923F00403F0
:1058C00002462372022006F0BDFAE0E74FF0FF30F7
:1058D0004FF0FF31FFF75EF804F10108074668B1A9
:1058E00007210C3010F017FA414610F0B0FC324698
:1058F000394642F22800FFF76BFA28B10D4A0A48F0
:10590000012110F0A2FCC2E795F81331013B85F8A4
:105910001331237A23F004032372B8E7B363020040
:105920004021002016E1020088AE0200156302004B
:10593000CD62020043E102000A4BBFF35B8F53E8E4
:10594000002F22F4806143E800100028F7D1BFF354
:105950005B8F530504D504490022022006F072BA79
:10596000704700BF14220020496402001FB50023C5
:10597000CDE9023301908DF80C1001AA03490220F1
:1059800006F060FA029805B05DF804FB8963020036
:1059900010B4034670B10A4991F8124191F81321ED
:1059A0000CB1944208D2013281F813211A7A42F0E4
:1059B00004021A7210BC704710BCFFF7A7BE00BFEC
:1059C0004021002010B4034698B10B4C94F81211FA
:1059D00094F8132129B101318A4203DC10BCFFF78E
:1059E00033BF12B1013A84F813211A7A22F004026B
:1059F0001A7210BC704700BF4021002038B50D4618
:105A00000649CC7938B12B689C4228BF1C46C4EBB0
:105A1000C40214F0E8FE2C6038BD00BF4021002015
:105A200070B5044611BB20B3254910F006FC00BB3D
:105A30002046FFF7CBFD00283BDA237853B92148F5
:105A4000C279002A35D1214610F001FC0123C3712F
:105A5000104670BD012B04D1A37903F0C003C02B05
:105A600007D0194A1948012110F0EFFB6FF015001B
:105A7000EFE7144DEB79012B1ED005F1D40010F0A7
:105A8000EDFBC30707D4002CF0D00D49204610F0E1
:105A9000D4FB0028EAD1EE792146731C3046EB7125
:105AA000FFF7ACFD08B93046D3E7EB79013BEB716A
:105AB000CFE76FF07700CCE76FF00B00C9E700BFCE
:105AC00008FC02004021002068E1020088AE0200CC
:105AD0002DE9F341044640B91A4A1B48022110F04F
:105AE000B4FB002002B0BDE8F08101AA002141F220
:105AF0000900FFF76DF9054608B1144AEDE7019E6C
:105B00001349D6F80C8008F101070622384614F034
:105B100087FE28B10F490622384614F081FE18B9D5
:105B20003046FDF70BFFDCE7D8F80130C4F8013050
:105B3000BB88A4F8053030462570FDF7FFFE012034
:105B4000D0E700BF96E1020088AE0200AFE102009C
:105B500015FC02000FFC020007B56846FFF7B8FF0E
:105B6000044BD87118B169460020FFF747FD03B018
:105B70005DF804FB402100202DE9F041304EF17921
:105B800088B0002954D196F8C24014F0010411D114
:105B90002C4A2D48022110F058FB0024F4711625E0
:105BA00000240127F379E0B283422BD8002B3FD0A9
:105BB00000203AE06A464FF60940FFF709F908B1BC
:105BC000224AE6E7DDF800C0DCF80C5095F80180C9
:105BD000B8F1000F0ED0AB1C02AA12351868596834
:105BE000174603C70833AB423A46F7D11868386006
:105BF0009B88BB806046FDF7A1FEB8F1000FCDD1B8
:105C0000134AC6E708AB05FB0033694653F8182C66
:105C100033F8143CCDF80120ADF805308DF8007054
:105C2000FFF7ECFC01340028BCD008B0BDE8F081DF
:105C30000021084608B0BDE8F041FFF7F1BE00BF03
:105C400040210020CDE1020088AE0200F9E102000F
:105C500019E202002DE9F0411D460E4617460346A3
:105C600048B145B10A0311D54C0708D5284A29483F
:105C7000012110F0EAFA6FF01500BDE8F08110F094
:105C8000C8FB0028F9D101232B70F6E7B10704788F
:105C900024D021492FB1B20603D591F8D82050065F
:105CA00032D5C4EBC40411F80480B8F1010F09D156
:105CB00001342144184610F0A4FB0028DDD185F8FA
:105CC000008002E0B8F1000FF9D02FB1B30642BF57
:105CD0002B7843F002032B700020CEE7720710D51B
:105CE0000D49C4EBC4040F5D012F07D101342144D9
:105CF00010F087FB0028C0D12F70E7E7002FE5D117
:105D0000FAE710F086FBBEE76FF08500B5E700BF4D
:105D100042E2020088AE0200402100202DE9F74F48
:105D2000884601904FF0FF314FF0FF30FEF732FE12
:105D3000044600284ED020210C300FF0ECFF00214B
:105D400020220646002714F05CFDD8F8005006F12A
:105D5000010B3946D8F804309F4208D301983170BE
:105D60000022214603B0BDE8F04FFFF731B86A7852
:105D700095F800C0881C13181F2B5FFA80F915D9FD
:105D8000BCF1090FC9F11F0201D1002A0CDC134A32
:105D9000134801210FF0D2FC2046FDF7CFFD6FF034
:105DA000150003B0BDE8F08F4FF0080C5FFA82FADF
:105DB0000AF1010E0BF801E00131C9B258440BF8A9
:105DC00001C0D144696814F00EFD01375FFA89F112
:105DD0000835BFE76FF06800E3E700BF67E2020045
:105DE00038AE0200F7B5CDE90001694642F208007D
:105DF0009DF8207016461D46FFF790FF044668B9CF
:105E00007FB9BFF35B8F0C4B53E8001F41F00401D7
:105E100043E80012002AF7D1BFF35B8F204603B09E
:105E2000F0BD694642F20900CDE90065FFF776FF53
:105E30000028E6D00446F1E7682100200346014827
:105E4000184700BF58210020004870475821002003
:105E50002DE9F04FD0F8109089B0B9F10004054653
:105E6000A248029118BF0124039310F0FFFA4607DD
:105E7000924640F19A816E6870050CD56FF015045A
:105E8000029B002240F20110924540F0978120468B
:105E900009B0BDE8F08FD5F81080B8F1000F01D03F
:105EA000B107EBD0924F2878FB798342E6D9C0EB5B
:105EB000C00090490722384414F0B2FC0028DDD01D
:105EC000B20706D197F87030082B02D8AB689F2B29
:105ED000D4D916F0300F7ED0B8F1000FCED0F30633
:105EE0007CD406F46036B6F5603FC7D0284610F083
:105EF000A7FA80460028C1D07F487F4E10F0B6FA3E
:105F000010F4807F40F0548106F1AC0010F0AEFA3E
:105F100010F4806F06F1AC0B01D0FFF70DFD6A683D
:105F20000023CDE90533CDF81B30AB68ADF8103058
:105F300012F4004FEB68ADF8123014BF06230723AC
:105F4000D00348BF03F00503910348BF03F0FB03F0
:105F50008DF81D30BFF35B8F5BE8003F23F4807347
:105F60004BE80032002AF7D1BFF35B8F2B783B76EA
:105F700087F86F302246696860480DF11503FFF716
:105F800069FE044600287FF47BAF5D4BB9F1000F3A
:105F900031D02A6911684BF8B31C918899809279A5
:105FA0009A716B689A0728D0B9F1000F2CD013F0C2
:105FB000100F0CBF012304238DF814302B691A68CD
:105FC000CDF816209A88ADF81A209B798DF81C30F0
:105FD0004FF000081BE0B8F1000F82D1D5E9022391
:105FE0009A423FF64BAF1F2A7FF648AFB3F5804F7A
:105FF0007FF677AF42E73F4ACCE79B0502D4039B8D
:10600000002B3CD0022300E04B468DF814304FF0BB
:10601000FF304FF0FF31FEF7BDFC0446002800F0D2
:10602000CA800F2204A90C300FF07BFE214600220B
:1060300042F20600FEF7CCFE044600287FF420AFB3
:10604000B9F1000F1FD0686810F0030027D1074690
:106050002A48012110F010FA0446002858D0294A95
:10606000294801210FF06AFB002F3FF409AF3846A1
:10607000002100F04DFD384600F0FAFC00E7032354
:106080008DF81430A4E7129B039A0298CDF8008093
:106090005146FFF7A7FE04460028D4D0F0E63C7E28
:1060A0001449174887F86F40072214F0B9FB60B90C
:1060B0001649204601F0FCF8074610B96FF00B04B2
:1060C000DEE6052100F024FDC2E70D49204601F07F
:1060D00035F900287FF4D2AE387E094901F0E8F89E
:1060E00007460028EAD00621ECE700BF1422002072
:1060F0004021002008FC02006821002058210020D7
:106100006121002080E2020038AE020001FC0200A2
:1061100017B1384600F0ACFC6B68BFF35B8F9F078C
:1061200028D056E8003F43F4007346E80032002AC6
:10613000F7D1BFF35B8FBFF35B8FB8F1000F22D0B5
:1061400056E8003F43F4806346E80032002AF7D166
:10615000BFF35B8F6B68BFF35B8F58071CD556E8A6
:10616000003F43F4805346E80032002AF7D1BFF3E2
:106170005B8F85E656E8003F23F4007346E8003263
:10618000002AD6D0F6E756E8003F23F4806346E8BD
:106190000032002ADCD0F6E756E8003F23F48053B3
:1061A00046E80032002AE2D0F6E76FF00A0467E61C
:1061B0006FF0770464E66FF0680461E61988814245
:1061C00004D1596811B10978C90702D401320833E2
:1061D0005AE60549054813F0F8F94FF470220023F8
:1061E00002480AF0F3FD52E66D62010070210020C2
:1061F00010B5184810F068F9174810F037F9034641
:10620000DA05C0F3002023D5134810F02FF98305D9
:1062100015D512491248072214F002FB1149034612
:10622000087E93B91049052201F0C2F8044630B146
:106230000021017300F06CFC204600F019FCBDE861
:1062400010400448002110F017B906222131EBE775
:1062500010BD00BF582100206821002008FC02006A
:10626000612100204021002001FC020010B5FFF751
:10627000BFFF034630B1044A0448BDE81040022184
:106280000FF065BA10BD00BF9BE2020038AE0200FD
:1062900070B59AB01822002103A814F0B2FA47F2A0
:1062A0001213ADF808304FF48073ADF80A303B4B51
:1062B00044F20102694602A8CDE904230CF09CF9DE
:1062C000034638B3364A374801210FF040FA1F25FC
:1062D000354BBFF35B8F53E8001F21F0010143E80A
:1062E0000012002AF7D1BFF35B8F304E0AF0AEFFE9
:1062F000346804B1043C002D2D4D18BF0025002C3E
:1063000045D023680BB1284698476468002C3ED0DE
:10631000043CF6E701AB0098412209A913F04CFDBB
:10632000034608B1234ACEE7234A0DF125030DF1B8
:10633000650153F8040B42F8040B8B42F9D101AB11
:106340001E490098202213F0E2FC034608B11C4AC3
:10635000B9E700980CF046F8054610B1194A034613
:10636000B1E71549124810F0B2F81748203110F083
:10637000AEF8BFF35B8F154B53E8001F41F01001DF
:1063800043E80012002AF7D1BFF35B8FA0E7002398
:10639000C6E900330AF06EFF1AB070BD00000209B2
:1063A000C1E2020070AE0200A85C0020B05C0020D8
:1063B00041660020DFE2020001660020E165002066
:1063C00002E3020026E3020061660020142200209E
:1063D00030B5A7B01822002107A814F012FA042340
:1063E0003D22002116A8159314F00BFA47F2121360
:1063F000ADF818304FF48073ADF81A302B4B2C49A0
:1064000044F20102CDE9082306A804AB20220CF0D7
:1064100027F8034600B3274A274801210FF097F9D0
:106420006FF004040AF012FF244B1D6885B10020B0
:106430001860234BBFF35B8F53E8001F21F002016C
:1064400043E80012002AF7D1BFF35B8F44B3A8479B
:106450000AF010FF27B030BD1A4B0DF1550203F1C1
:106460004000194653F8044B42F8044B8342F9D1DB
:1064700005AB02932023CDE900130C480499412376
:1064800015AA13F068FD034608B10F4AC4E7049843
:106490000BF0A8FF04460028C4D00C4A0346BBE713
:1064A0000DA8084910F013F80DA8D0E70000020964
:1064B000E165002046E3020070AE0200AC5C002003
:1064C000A85C0020016600207CE3020098E3020043
:1064D00008B50449402214F0A3F9B0FA80F040094D
:1064E00008BD00BF86FC020010B59AB00446182211
:1064F000002103A814F085F944F21213ADF8083016
:106500004FF48073ADF80A30154B4FF48042CDE95B
:106510000423214604230DF125008DF824300FF0CB
:10652000D6FF04F120010DF145000FF0D0FF01ABC3
:10653000412209A902A80BF093FF044602A813F018
:1065400056FD2CB901980BF04DFF01201AB010BD7B
:106550000448054A234601210FF0F9F80020F5E729
:106560000000020970AE0200B5E3020010B5002879
:106570003FD0234A136823B1043B98423CD05B6868
:10658000F9E7204BBFF35B8F1968BFF35B8F890777
:1065900007D51D481D4A02210FF0D0F86FF00F00FB
:1065A00010BD14684460011D5068116000B951604D
:1065B000BFF35B8F53E8002F42F0010143E8001066
:1065C0000028F7D1BFF35B8FD30701D50020E7E7A1
:1065D0000F4BBFF35B8F53E8001F21F0100143E81E
:1065E0000012002AF7D1BFF35B8F0A48FDF73EFC8B
:1065F000ECE76FF01500D3E76FF07700D0E700BF4E
:10660000B05C0020A85C002070AE0200D9E302005C
:106610001422002050250020054BBFF35B8F1B6820
:10662000BFF35B8F13F0100F024808BF00207047C4
:10663000142200204166002070B505461E480368FC
:106640008B4232D0BFF35B8F1C4B1B68BFF35B8F59
:10665000DA062DD5036813B16FF00F0070BD184A2C
:10666000BFF35B8F1368BFF35B8FDB07F4D4BFF31B
:106670005B8F52E8003F43F0020442E80046002EE0
:10668000F7D1BFF35B8F13F00204E5D101600D4831
:1066900029460FF01CFF0C4805F120010FF017FFF1
:1066A0000A48FDF7E3FB2046D8E76FF07700D5E70F
:1066B0006FF07C00D2E700BFAC5C00201422002009
:1066C000A85C0020016600202166002040250020F3
:1066D00070B50C4B1C68054644B154F81C3C1C3C7E
:1066E00013B1297B28469847E469F5E7064C074E25
:1066F000B44200D370BD236813B1297B2846984764
:106700002034F5E7EC5C0020B0AD0200F0AD0200F3
:1067100010B50446FDF772F8044901EB001120465C
:106720000FF03EFCBDE81040FEF7F8BAB85C002060
:1067300070B5D1E9015600220446C1E9012206489C
:1067400012F055FE3DB1314620462B466FF06D02EA
:10675000BDE87040184770BD0828002013B50446F6
:106760004FF4806104300FF0D8FE40053FD4BFF3F2
:106770005B8F6368BFF35B8FD90326D5E37823B9BA
:106780001C4A1D4802210FF0C6FE637B072B2ED149
:106790001A4B93F8D8309B0629D50FF0A6FC30B3DE
:1067A0000DF1060101A8FEF7BBFB00BBBDF80620FA
:1067B000BDF8041020460FF005FD0346B8B1104A9D
:1067C0000D4801210FF0A7FE11E00C4B93F8D830D3
:1067D0001A07D3D520460FF0DAFC034620B1094A48
:1067E000054801210FF097FE637B072BC6D002B04E
:1067F00010BD00BF28E4020050AE0200402100207E
:1068000041E4020007E4020070B505460F4800228B
:1068100000230AF069F8B8B90D4B1C6834B154F87C
:10682000143C1C3C03B19847E469F7E7094C0A4E55
:10683000B44204D32846BDE870400AF023BAA368E6
:1068400003B198472034F3E770BD00BFF82700205C
:10685000EC5C0020B0AD0200F0AD02002DE9F0418B
:10686000044640270025EFF3118287F31288BFF317
:106870006F8FE16929B1206A0B68E361814208BF2B
:10688000236282F31188BFF36F8F71B1D1E9016880
:106890000748C1E9015512F0AAFD1EB10022414688
:1068A0002046B047FEF73AFADDE7BDE8F08100BFC9
:1068B000082800200448B0F8FC30002B00F5807058
:1068C00008BF0020704700BF4021002030B50446BB
:1068D000FCF7A0FD0D4A0D460D490858D2F880106E
:1068E000884289B005D1204609B0BDE83040FFF7A5
:1068F000B5BF24342146104612F036FE1DB169465C
:10690000204612F041FE09B030BD00BFF85700200C
:106910000800000038B5002204468A4202D1002453
:10692000204638BD04F1C8030120BFF35B8F53E854
:10693000005F002D04D143E8000CBCF1000FF6D13C
:10694000BFF35B8F02D0D0340244E6E7002CE6D0E0
:10695000C8220021204613F054FF04F140000449EE
:1069600012F033FE034904F1240012F0E1FDD7E7F1
:106970001575010045650200F7B516460D46012163
:106980000446FFF7A3FF012E23D0022E52D1236924
:106990003BB13148314A01210EF0D0FE20460FF0C4
:1069A000EFFD256121690B8A012B53D9CA68128832
:1069B000043292B293424DD343D927480092012129
:1069C000274A0EF0CEFE204603B0BDE8F0400FF09F
:1069D000D7BD206940B9234A1F4831460EF0AEFEAC
:1069E00020460FF0CDFD01E02A8A2AB9284603B0DF
:1069F000BDE8F040FCF7A2BF018A438A47695B1AF1
:106A0000C168C91B5B1A9A420CD9174A1248314611
:106A10000EF094FE21690022204601F011F80023B7
:106A20002361E3E7E9680C300FF07BF92846FCF7B7
:106A300085FFB7E70D4A0848334601210FF06BFD8B
:106A4000CEE7002301222046236103B0BDE8F040D9
:106A500000F0F6BF03B0F0BD50AE02005DE40200EE
:106A6000DDE402007AE4020098E40200BFE40200E0
:106A700008B500F1C803BFF35B8F53E8002F013A5C
:106A800043E800210029F8D1BFF35B8FAAB90B4B73
:106A9000984212D303F1D00290420ED2C01AD023F2
:106AA000B0FBF3F203FB120038B9054809F0E8FE29
:106AB000BDE8084003480AF0E5B808BDD847002003
:106AC000F82700207025002010B504460FF061FD66
:106AD0000AF0BCFB0C4BD3F8143104F1BC0143B9F0
:106AE0000A480FF0FEFC0AF0C5FBBDE81040FEF7B7
:106AF00015B9994201D01B68F1E70AF0BBFB2046AB
:106B0000FFF7B6FFF1E700BF40210020542200202C
:106B1000F8B5467B8E4200AF04460D461BD1082EC9
:106B200096BF534B534B53F826306C4688B06A4699
:106B30005149CDE905134FF40073ADF81C304F4BAC
:106B400042F8103F4E4800234FF4E451FBF70AF996
:106B5000A546BD46F8BD41730EB90FF01AFD637B23
:106B6000082B00F2818001A252F823F0B96B0100DA
:106B70000F6C0100536B0100536B0100536B01005C
:106B8000536B0100536B0100916B0100536B0100CB
:106B90000023C4E90D33E378012BDAD1A378012B6C
:106BA00004BF032384F898304FF42032002304F10B
:106BB00040000AF0D7F8CCE7082ECAD8DFE806F084
:106BC0002005171C1C1C1720200004F14005284636
:106BD00012F007FD01212046FFF778FE20460FF056
:106BE000CFFC0022002328460AF0F0F8B1E7237B0F
:106BF00013B12046FFF76CFD2046FFF739FFA8E7E9
:106C0000204A2B461E4802210FF085FCA1E7237B7A
:106C10003E2B0FD16D4688B06A461B4BCDE905343B
:106C2000032342F8103F164800234FF4C451FBF7EA
:106C300099F8AD46154D05F58076616911B9FEF7F5
:106C40006DF886E7A2690B686361914208BFA36192
:106C50002046FFF76DFDB5F8FC30002B14BF304621
:106C6000002009F00DFEE8E7094A2B46CAE700BFFD
:106C7000BCB80200F8E4020002E5020003000001D3
:106C800050AE020013E502002AE502004021002078
:106C900051E50200F8B5074609480D4616460FF0C3
:106CA00078FC044650B183781F4203D1BDE8F84018
:106CB000FFF7DEBE3146A8472046F7E7F8BD00BF24
:106CC000D8470020024900220120FFF7E3BF00BFA0
:106CD0003965020070B505460E480E460FF059FCA6
:106CE0000446A0B1437B012B02D0073B012B0CD8FB
:106CF0002388AB4208D1A3781E4209D1064A07482F
:106D00002B4602210FF007FC2046FFF7B1FE0024BE
:106D1000204670BDD84700206DE5020050AE02004D
:106D2000034BC01A034B00115843C0B2704700BF59
:106D3000D8470020C54EECC470B51C461443054628
:106D40000E460DD00F49FCF765FBD1F880400E4987
:106D500009588C4206D10D4A0D4802210EF0EEFC76
:106D6000002213460B49002D14BF284608460EF09A
:106D700072FF044618B1711D0C300EF0C1FF2046A1
:106D800070BD00BFF85700200800000084E5020035
:106D900050AE02001828002010B50446054809F03E
:106DA00071FF204600F092FD2046BDE81040FFF73D
:106DB0008FBC00BF602500202DE9F04F87B000AFE9
:106DC0000023FB607B61BF4B5A8A3AB1BE4DD5F8B8
:106DD00014413CB91C37BD46BDE8F08F1B68002B41
:106DE000F4D1F7E754F8BC3903B1BC3BB7490026EE
:106DF00001E01C461346B5F8FC20002A00F05F8134
:106E0000D5F808214AB904F1BC06002BE2D0D3F82A
:106E1000BC20002AEDD0BC3AEBE70A68002AF2D089
:106E2000D4F8A820002AEED0D4F8AC20002AEAD06A
:106E3000D4F8B020002AE6D0637B072B6CD1204623
:106E40009047002868D0BFF35B8FD4F8C030BFF301
:106E50005B8F022B60DC20460FF09BFB0446002872
:106E6000B8D0637B072B40F02781D4F8A830B5F861
:106E7000FC1007F11002204698478146002800F0D8
:106E80000E81B5F8FC203B699A4208D30146D4F83C
:106E9000AC6007F1140307F10C022046B0477B6990
:106EA0003B60B9F81030D7F80C80002B00F0FE8062
:106EB0004846D7F810A00FF089F87860002840F015
:106EC000F880B5F8FC30DFF808B2002B14BF584644
:106ED00000200022002309F007FD78B97B4800223A
:106EE000002309F09BFC064600283BD1B5F8FC3096
:106EF000002B18BF5E46304609F0C2FC6FF00B0550
:106F00004846FCF71BFDB8F1000F00F0B38039686C
:106F10002A462046C047ADE0D4F8BC3004F1BC029C
:106F2000C6B9D5F81811C5F814318A4201D1C5F88F
:106F300018310023C4F8BC302046D4F8B03098474C
:106F400000288ED0637B072B40F0B6802046FFF7E9
:106F5000BBFD86E73360D5F818319A4208BFC5F803
:106F60001861E6E73B68C0F804808360B5F8FCB0C0
:106F70005448DA454FF000024FF000034FF0000193
:106F800098BF1FFA8AFBFCF75BFC804650B1FCF708
:106F900035FC504B5A4603EB0013494640460EF071
:106FA000DAFF8046B5F8FC3094F8C4909A4584BF67
:106FB00001237B607B6884F8C4309CBF09F102091F
:106FC0005FFA89F904F1C00ABFF35B8F5AE8003F0A
:106FD00001334AE80032002AF8D1BFF35B8F04F195
:106FE000140B314658460FF07CFAA378012B5AD186
:106FF00008F10C03042118467B600EF0A3FE2288E2
:107000007B6809F0FD0942EA09320280B8F81020D5
:10701000043A4280022118460EF09CFE4046FDF7DD
:107020009BFD8146002847D0BFF35B8F5AE8003FA5
:10703000013B4AE80032002AF8D1BFF35B8F3146AA
:1070400058460FF082FA244A24484B4601210FF09B
:1070500062FA4046FCF772FC20463146FFF768FBB7
:10706000B5F8FC301A48002B08BF002009F008FCD6
:107070006FF004056E4688B0194A0794CDE90525DE
:107080006A46042342F8103F14484FF4015100238C
:10709000FAF768FE1321B54620460FF096FA20460F
:1070A000FFF7E6FC96E66FF01509BDE76FF079058E
:1070B00026E76FF0040523E7FDF730FEEFE793685E
:1070C000FFDE00BF84280020402100200828002087
:1070D00040220020B85C0020F0DB020050AE02002D
:1070E000ADE502002DE9F04140F2E243D0F88860BE
:1070F000B6FBF3F60446B6B2031DBFF35B8F4268DE
:10710000BFF35B8F920417D5B0F88C20B24213D82E
:10711000B0F88E20B2420FD3D0E9241291420BD1A5
:10712000BFF35B8F53E8001F21F4005143E80012C6
:10713000002AF7D1BFF35B8F104B1D6865B155F87E
:107140000C7C1C3D37B1B4F89230B4F89020314635
:107150002046B847ED69F1E7094DDFF8288045453D
:1071600001D3BDE8F0812F6937B1B4F89230B4F89B
:10717000902031462046B8472035F0E7EC5C0020EF
:10718000B0AD0200F0AD02002DE9F041074608461F
:107190000D460EF0ACFF064618B900263046BDE895
:1071A000F081144B1C6884B154F8103C1C3C0BB9A2
:1071B000E469F8E72946384698470028EDD0284684
:1071C0000EF095FF0028F3D1E7E70B4CDFF82C8099
:1071D0004445E3D2E3680BB92034F9E72946384641
:1071E00098470028D9D028460EF081FF0028F3D117
:1071F000D3E700BFEC5C0020B0AD0200F0AD0200B0
:107200002DE9F041C37804468BB900F17E06114B9D
:107210001D687DB11C3D04F170076B691BB13A46D6
:10722000314620469847ED6925B11C3DF5E700F150
:107230007706ECE7084D094F04F17008BD4201D311
:10724000BDE8F0816B691BB1424631462046984744
:107250002035F3E7EC5C0020B0AD0200F0AD020099
:10726000F8B5437A8372054616460FF0FEFA0D4BC9
:107270001C684CB154F8043C1C3C1BB1697A324682
:1072800028469847E469F4E7074C084FBC4200D30E
:10729000F8BDA3691BB1697A324628469847203465
:1072A000F4E700BFEC5C0020B0AD0200F0AD0200DE
:1072B00038B505460C460F480121FFF72BFBC0B13E
:1072C000057223680367A388A0F87430A37980F857
:1072D00076300123437283728370074BC0F8A83065
:1072E000064BC0F8AC30064BC0F8B030054BC0F8C8
:1072F0008C3038BDD8470020C977010003650200F3
:10730000F76402001800280070B505460A480E46CA
:107310000FF03FF9044620B18378012B04D0FFF72A
:10732000A7FB0024204670BD324629460FF0BFF966
:107330000028F7D12046F2E7D8470020F0B589B001
:1073400000AF0D46FFF7E0FF044610B3294638466C
:10735000FCF742FB637B082B96BF0F4A0F4B52F89A
:1073600023306D468AB06A460D49CDE907730D4B4F
:1073700009930D4BCDE9051442F8103F0B4800234B
:107380004FF44251FAF7EEFC2046AD46FFF770FB92
:1073900001202437BD46F0BDBCB80200F8E402006D
:1073A000D0E50200010302040500000250AE020015
:1073B000F8B505460E480E4617460FF0EAF80446A3
:1073C00020B18378012B03D0FFF752FB00240DE09E
:1073D00036B1324629460FF06AF908B92046F3E77C
:1073E000637BBB42FAD1237AAB42F7D12046F8BD8A
:1073F000D847002070B58B78012B92B006460C461A
:1074000042D191F8703007AD032B37D8DFE803F095
:10741000023032341E492846F6F7CAFD059594F825
:107420007130049394F87230039394F8733002939C
:1074300094F87430019394F87530009394F8763092
:10744000144A1E210AA80CF035FA0AAB324610ADD8
:107450001C4603CCAC4210605160234602F1080286
:10746000F6D120681060A3889380304612B070BDBA
:107470000949D0E70949CEE70949CCE7094A0A2179
:1074800028460CF017FAC9E700238DF82830DCE70E
:10749000E1C5020003C60200E8C50200EFC5020014
:1074A000F9C5020096C9020038B5044608460D46E3
:1074B0000EF01DFE48B3164B93F8D830990707D449
:1074C000E37883B129462046BDE8384000F0E4BAAD
:1074D00094F899309A07F3D5BFF35B8F6368BFF3D5
:1074E0005B8F5B04ECD4294620460FF006F958B9AF
:1074F0002B88A4F88C306B88A4F88E30AB88A4F865
:107500009430EB88A4F8963038BD6FF01500FBE797
:1075100040210020F7B510F8333C0446A0F14006A6
:107520000BBB30460FF044F9354B1D684DB155F893
:10753000183C1C3D1BB114F8341C30469847ED69CB
:10754000F4E7304D304FBD4205D3304603B0BDE8BF
:10755000F040FFF78DBA6B681BB114F8341C30464D
:1075600098472035EFE710F83E3C012B46D1BFF39A
:107570005B8FA0F13C0555E8003F23F4005245E83D
:1075800000210029F7D1BFF35B8F990423D5E36C69
:1075900000936946636D01933046FFF785FF03460C
:1075A00098B9BFF35B8F55E8003F23F4805345E85B
:1075B0000032002AF7D1BFF35B8F4FF400612846F9
:1075C00003B0BDE8F0400EF0A8BF104A10480221F9
:1075D0000EF0A1FFF1E70F4A4FF428136946304639
:1075E000CDE90023FFF760FF034628B94FF480512F
:1075F00028460EF092FFE0E7074AE7E703B0F0BD48
:10760000EC5C0020B0AD0200F0AD020009E6020023
:1076100050AE0200180028002EE602000C4B10B9F4
:107620001860002070471A6872B90269002AF7D101
:10763000026832B9426822B9826812B94269002AE6
:10764000EED06FF0150070476FF07700704700BF05
:10765000FC5C002008B568B1094B1A6800F10C0108
:1076600022B907480EF03DFF104605E0914204D0D4
:107670001268F5E76FF0150008BD6FF07700FBE7C3
:10768000F45C002010B50E4811F0A9FE0D490C481D
:1076900011F0ADFE0C490A4811F0A9FE0B4908484B
:1076A00011F0A5FE0FF0D6FC03F000F9044628B94E
:1076B00004F08CFB044608B90FF03BF9204610BDDE
:1076C00008280020C85C0020D45C0020E05C00207A
:1076D0000346024A024801210EF039B8D4E60200FE
:1076E00098AE020080B500AF88B06A46074BCDE97E
:1076F0000530032342F8103F054800234FF4C251E0
:10770000FAF730FB6FF00B00BD4680BDFCE60200CF
:1077100098AE020008B5064A136823B905485060C0
:107720000A60184608BDFFF7DDFF6FF00B00F9E7B0
:10773000005D002008B9020070B5044652EA03005B
:1077400008D0FBF767FE074D074ED5F8805030583C
:10775000854201D10022134620460431BDE8704025
:10776000FFF7EABAF85700200800000073B5054695
:1077700018462B680BB35B7B072B1ED1002A0E7AB1
:107780000CBF012302239E4209DD0D4A0D480096DD
:1077900001210DF0E6FF6FF0150002B070BDCB7A4D
:1077A000072BF8D9C8618A6105F1300011F01FFE7E
:1077B00028460EF0D4FF0020EFE76FF07F00ECE7E3
:1077C00023E7020098AE02002DE9F84FD0F8B4404C
:1077D00000AF8846914644B1403C236B63B92068B2
:1077E000B4300EF0DBFF246CF5E7FDF797FA0026C6
:1077F0003046BD46BDE8F88F04F1300A504611F01E
:107800000BFE05460028F0D00EF0E0FB80B16C4680
:1078100088B06A462A4BCDE90535032342F8103F6C
:10782000284800234FF4C251FAF79CFAA546DEE738
:1078300028460EF03FFA656C06469DB9A38C058A72
:10784000403B9BB23F2B03D8238D9D4228BF1D4652
:10785000042106F10C000EF075FA0580A38C43801C
:1078600004356564454520D8B6F810B0AB4506D15F
:1078700000220023504608F0D1FFFCF75FF8A38CEC
:10788000A3F140023F2A07D8AB4514BF00220E4A9D
:10789000B26118BF1346F3612068B4300EF07EFF6A
:1078A000236B13B120460EF05AFF636CC9F8003009
:1078B000984534BFA3EB08010021616498E700BF3D
:1078C00043E7020098AE0200E3680200F7B5284DD6
:1078D000284F04460026BD4201D303B0F0BD2988DD
:1078E00020460EF0F4FF6B68019001A920469847EE
:1078F000002838DB019B2A889A829A8403F11002BF
:10790000BFF35B8F52E8001F42E800600028F9D106
:10791000BFF35B8F1E645E649E60A16B03F108027F
:1079200019BBC4E90D221C60DE6003F1300011F0C8
:1079300056FD019843681B6803B19847019BBFF34C
:107940005B8F103353E8001F41F0010143E8001240
:10795000002AF7D1BFF35B8F01984368DB6913B14D
:1079600000F1100198470835B5E70A60A263DAE72D
:1079700098AD0200B0AD020073B50D460646042175
:1079800005F10C000EF0F7F92B8A42889A42044662
:1079900007D000921C4A1D4801210DF0E2FE02B002
:1079A00070BD43783BB91A4A1848012102B0BDE8BE
:1079B00070400DF0C3BE0378012BF0D0132B06D11D
:1079C000022AECD0022300931346124AE3E7124A3C
:1079D0000E4802210DF0BBFE6178356802220120BD
:1079E0000EF05BFF04460028D9D002210C300EF0C7
:1079F00092F90023037043702146284602B0BDE887
:107A000070400EF07BBF00BF5BE7020098AE020043
:107A10007CE702009DE70200C8E7020008B50B8A78
:107A2000032B06D8044A054801210DF087FE0020EB
:107A300008BDFFF7A1FFFAE7F0E7020098AE0200E9
:107A400038B50B8A032B05460C4609D80F4A104857
:107A500001210DF073FE2046BDE83840FBF76EBFF4
:107A6000042104F10C000EF086F9418828460EF03E
:107A700056FF30B9074A06480B4602210DF067FE53
:107A8000E9E7436821465B699847E4E70EE80200AE
:107A900098AE02002BE8020070B5144A1378013347
:107AA0000C4613F0FF010CBF01230B461370064672
:107AB00008BF1946082212200EF0EFFE054688B1D5
:107AC00008210C300EF027F922880280628842805B
:107AD000A2888280E288C28029463046BDE8704094
:107AE0000EF00CBF6FF00B0070BD00BF8166002070
:107AF00023281FD81A2804D8431E182B0ED9062075
:107B00007047A0F11B03082B1ED8DFE803F0051D0A
:107B10001B231D19251D0500032070470F4A012353
:107B200083401A40C2B90E4A1A40002A0CBF0620F0
:107B30000120704700F07F03522B05D100207047D1
:107B4000012070470520704710F0400F14BF00203F
:107B5000062070470420704702207047AAAA8A02B4
:107B6000545545012DE9F74F064608460C46FBF7EC
:107B700045FE2E4F18234343FA180546916801919C
:107B8000E168BFF35B8FF06CBFF35B8FC0070AD473
:107B9000274A284801210EF0EFFE6FF015094846EC
:107BA00003B0BDE8F08FE068007810710022FA5051
:107BB0000B78D22B0FD13368214618680FF0E8FFFD
:107BC000814640B11C4A1B4801210EF0D5FE2046DB
:107BD000FBF7B4FEE3E7182303FB0573D4F80C802E
:107BE000D4F814B0B4F810A09E6000231A462146C1
:107BF000301DFFF7BBFD81460028D0D010F1690F82
:107C000004D10E4A0B4801210EF0B6FE6269019BB9
:107C1000A4F810A0A8EB0B0812FA88F2E260182270
:107C200055437A1947F805909360B8E7505D0020F6
:107C300067E8020040AE020081E8020094E802001A
:107C400008B5EFF31181402383F31288BFF36F8FE0
:107C5000002303600F4B5A68C2B9C3E9000081F3E7
:107C60001188BFF36F8F0C4809F00CF8031E0CDA73
:107C70000A4A0B4801210DF06AFD002383F31188A5
:107C8000BFF36F8F0323184602DF08BD10605860F2
:107C9000E5E700BF485D0020B4250020B7E80200FA
:107CA00040AE0200011F014811F0C8BA8827002029
:107CB000024A034801210EF05FBE00BFE0E8020067
:107CC00040AE020010B500F148030446BFF35B8FDD
:107CD00053E8001F41F0010143E80012002AF7D1E8
:107CE000BFF35B8F201F0EF01BFF04F164000449FB
:107CF00011F06BFC2068BDE8104002F01BBD00BF16
:107D0000A18F010073B50E46438D418B8B4202F16A
:107D1000010228BF0B469A42054609D91E48009227
:107D200002211E4A0DF01DFD0024204602B070BD48
:107D30003046FFF7DDFE6FF01403034113F001033B
:107D400010D0FBF767FB164B1958164BD3F8803051
:107D500099421ED0144B1B685A1A18BF4FF0FF32BD
:107D6000134601E04FF4702210480021FFF7E4FCB5
:107D700004460028D9D0FBF741FD0D4B182202FB29
:107D80000033012104F10C009D600DF0C4FF06706A
:107D9000CBE70022E4E700BF40AE0200FDE80200AE
:107DA00008000000F8570020985D00203C280020C3
:107DB000505D0020F0B51E4603680D46003987B0BF
:107DC000044618BF0121186817460FF0D6FC38B9D1
:107DD00004F14C000EF00CFF002848D1122014E0F2
:107DE000002E46D018220021684612F00AFD77B115
:107DF000002213212046FFF785FF019038B91E4865
:107E00001E4A01210EF0B8FD112007B0F0BD236815
:107E10001B4A1B680093BDF83030ADF812300D9B43
:107E20000393BDF83830ADF8103001238DF81430CD
:107E300031466B4630468DF808500EF0B5FE9DF881
:107E400014307BB14FB10198FBF778FD9DF81430E9
:107E50003246294620460EF0DAFE182D07D19DF84D
:107E60001400D2E7019911B120460EF0EFFD002079
:107E7000CBE70120C9E700BF40AE020022E90200C3
:107E8000DB690200F7B5144605460E464FF49572BD
:107E9000014620680FF0FFFB207430B920682946A6
:107EA0000FF0A7FC20B908232374002003B0F0BD15
:107EB0006B8A5B0612D501230193E3890093AF68B7
:107EC000A389A26820682946B84738B110F1FF0F8E
:107ED00026BF4042C0B20E202074E6E70A480022C6
:107EE00000230DF0B8FE606008B90923DCE70683C3
:107EF000E38943836068A289A1680C300DF011FF0B
:107F0000002323740120D1E7F02800202DE9F3415C
:107F10000B8A04460D4643B9294A2A4801210EF02E
:107F20002BFD002002B0BDE8F0810768012105F1BA
:107F30000C000DF020FF7B7B072B0646F1D154F897
:107F4000043C002BEDD003781F4F043C002217F8AF
:107F5000320098424FEAC20807EBC20114D12A8AC4
:107F60004878904226D91748009301211346174AB2
:107F70000DF0F7FB04234744BA78012AD1D1002B36
:107F8000CFD03178002211E001320E2ADFD1104A21
:107F90000C4802210DF0DBFB31780846FFF7A8FD05
:107FA0002122C24012F00102BBD1062320460EF06E
:107FB0002EFEB6E74B682046294698470346DAE787
:107FC0003BE9020040AE020030B9020070E9020055
:107FD00056E90200F8B54FF4702207460023114815
:107FE0000D460DF038FE044638B90F4A0F482B46AF
:107FF00001210DF0ACFB2046F8BD00F10C06092173
:1080000030460DF07DFE2046FBF7F8FB084B1822AA
:1080100002FB0033012130469F600DF07CFE0570AD
:10802000E9E700BF3C280020D4E6020040AE020091
:10803000505D00202DE9F04FCB68524F1B7887B080
:108040000646049300253068C36973B9002D40F0DB
:108050008E8019213046FFF7BDFF0146002800F051
:108060008E8030460EF0F2FC81E01C300DF00CFEEC
:108070004FF00003B0F818A0028AC168BB80044624
:10808000BB6840483B600DF04CFED6F80080D8F845
:108090001C5035B1638BD5F8009005934FF0000B61
:1080A000D5B9049B012B68D1BB8802933B6801932F
:1080B000638B00930022534618213046FFF77AFE67
:1080C000054628B10346228B182130460EF09FFD4D
:1080D0002046FBF733FCB6E72A8B524532D16A8B38
:1080E000002ADED0B988059B581882422ED12A8AF0
:1080F000F888114481423EDCE96838460DF011FEF3
:108100002A68BBF1000F14D1D8F82010C8F81C2041
:108110008D4201D1C8F8202000232B602846FBF7B0
:108120000DFCB9F1000F0FD0D9F800204D46914653
:10813000B6E7CBF80020D8F82020954208BFC8F851
:1081400020B0E9E7AB46ECE74A46EFE707252046D3
:10815000FBF7F4FB30681C300DF096FD0446002858
:10816000F5D12B465246182130460EF050FD002026
:1081700007B0BDE8F08F0D25E9E70025A8E70E2040
:10818000F6E700BF802500202DE9F0410E8A043E6D
:10819000F6B2022E04468CB0084601D0102E64D1EF
:1081A00004210C300DF0E7FD0DF108080588478823
:1081B000011D324640460DF079FE002857D0A5B388
:1081C00000268FB3AF4230D34FF4205301A940466D
:1081D0008DF80460ADF806300DF03BFE48BB14226C
:1081E000002107A812F00DFB11212046FFF7F2FE37
:1081F0000990002837D001210C30CDE907480DF057
:108200008AFD00230A90394603701A4A0B932846C8
:1082100007AB0EF0C9FCDDE909131B78FBB9084672
:10822000FBF78CFB0A2301E03D4601232A4610217F
:108230000EE042F6010307A940468DF81C60ADF838
:108240001E300DF006FE0028C9D010232A4619461C
:1082500020460EF0DCFC00200CB0BDE8F08120468A
:108260000EF0F4FBF7E71120F6E70420F4E70E2008
:10827000F2E700BFA98801002DE9FF410368044629
:108280000D46186801210FF078FA40B904F14C004E
:108290000EF0AEFCA0BB122004B0BDE8F0811022AD
:1082A0000021684612F0ADFA21212046FFF792FE28
:1082B000029038B3009405F10C074FF001082B8AA7
:1082C000012B04D8029920460EF0C0FB18E0384676
:1082D0000DF061FD6B460C4A8DF80C800146064698
:1082E0000EF062FC9DF80C30002BE8D00298FBF7F2
:1082F00025FB9DF80C303246202120460EF087FCED
:108300000020C9E71120C7E7656E02002DE9FF4193
:10831000036804460D46186801210FF02EFA40B993
:1083200004F14C000EF064FCA0BB122004B0BDE8C8
:10833000F08110220021684612F063FA0F212046D6
:10834000FFF748FE029038B3009405F10C074FF098
:1083500001082B8A012B04D8029920460EF076FBE7
:1083600018E038460DF017FD6B460C4A8DF80C806E
:10837000014606460EF018FC9DF80C30002BE8D0A4
:108380000298FBF7DBFA9DF80C3032460E212046AE
:108390000EF03DFC0020C9E71120C7E7E96E02009E
:1083A000F0B51D46036885B004460E4618680121E5
:1083B00017460FF0E2F938B904F14C000EF018FC42
:1083C00050BB122005B0F0BD65B3102200216846F5
:1083D00012F017FA39462046FFF7FCFD029018B359
:1083E000BDF82830ADF8043001238DF80C30294653
:1083F0006B460E4A009428460EF0D6FB9DF80C30D2
:1084000002995BB10846FBF799FA9DF80C302A46B1
:10841000314620460EF0FBFB0020D3E720460EF04D
:1084200015FBF9E70120CDE71120CBE7E96E02004B
:108430002DE9F0410E8A043EF6B2022E04468CB0BD
:10844000084601D0102E76D104210C300DF093FC9B
:108450000DF1040805884788011D324640460DF09D
:1084600025FD002869D085B377B3BD422DD860685B
:1084700001210FF082F9064678BB8DF8000042F624
:10848000020369464046ADF802300DF0E2FC20B32D
:1084900042F6030306A940468DF81860ADF81A307D
:1084A0000DF0D7FCC8B1012D03D14FF6FF739F42E9
:1084B00013D004F14C000EF09BFB002814BF0020E9
:1084C00012200CB0BDE8F0813D4601232A46082168
:1084D00020460EF09CFB0020F3E7182200210DEB54
:1084E000020012F08EF909212046FFF773FD089073
:1084F000F8B101210C30CDE906480DF00CFC002349
:10850000099003700A238DF82C30394606AB0C4ACB
:1085100028460EF049FB9DF82C3008992BB10846EF
:10852000FBF70CFA9DF82C30D0E720460EF08EFABF
:10853000D1E71120C5E70420C3E70E20C1E700BF43
:10854000618901002DE9F0430F4687B004460621FA
:1085500007F10C000DF00FFC0588EDB1B0F80280BA
:10856000B8F1000F17D0454516D8002382888DF842
:1085700000308DF8043001A94FF420536846D7F835
:108580000C90ADF80220ADF806300DF062FC064606
:1085900060B10A2301E0454601232A460621204610
:1085A0000EF035FB002007B0BDE8F0830146142231
:1085B00001A83F7C12F025F907212046FFF70AFDAC
:1085C0000290D8B10A238DF81530414601AB0C4A10
:1085D00001942846CDE903698DF814700EF0E4FA91
:1085E0009DF8153002992BB10846FBF7A7F99DF8C5
:1085F0001530D2E720460EF029FAD3E71120D2E752
:108600004D8701007FB5CB681D8804468DB15E881B
:1086100076B1B5420DD810220021684612F0F1F86B
:1086200005212046FFF7D6FC019058B9112007E03C
:10863000354601232A46042120460EF0E8FA0020A0
:1086400004B070BD6B463146084A009428460EF0CF
:10865000ABFADDE9011323B90846FBF76FF90A23EA
:10866000E8E720460EF0F2F9E9E700BF696A020088
:108670002DE9F0470D4686B00446042105F10C00B3
:108680000DF079FB2368B0F80090B0F8028018680C
:10869000EF682E8A01211FFA89FA0FF06EF840B9AF
:1086A00004F14C000EF0A4FA28BB122006B0BDE87D
:1086B000F087BAF1000F43D01422002101A812F074
:1086C000A0F82368204A1B68019301238DF8143019
:1086D000F6B201AB51465046ADF812800397ADF8A3
:1086E00010600EF061FA9DF8143033B15246162135
:1086F00020460EF08CFA0020D8E7206802991C3042
:108700000DF0ADFA17212046FFF764FC0290C8B1C6
:1087100004210C300DF0FFFAA0F80090A0F80280C0
:108720000546029831460C300DF0F5FA39463246CE
:10873000281D12F058F8029920460EF087F9DAE762
:108740000120B3E71120B1E7857E01002DE9F04358
:1087500091B0D2F8008006460F46002542F601038C
:108760000068D8F804908DF82C500BA91446ADF889
:108770002E300DF06EFB00286DD04FF42053306882
:108780008DF82C500BA9ADF82E300DF062FB38B1EE
:10879000A3681BB15A88BA4200D25F80012010E062
:1087A000616808460EF0D0F8B8F82A20B8F81A30F8
:1087B0009A4294BFC0EB0200C0EB0300032803D829
:1087C000002011B0BDE8F08308460DF077FA61682B
:1087D000054608460EF0B8F86B8A2A8AA3EB020C0D
:1087E0006B69EA68D21AACEB0203B8F82AC0B8F891
:1087F0001A20944594BFC0EB0C00C0EB02008342EA
:1088000028BF03466BB9887AFAF7F0FF00220023ED
:108810000DF021FA05460028D2D0014660680DF01F
:108820005EFA00230093D6F804803146102302AA92
:108830004846C047061E0EDB227CE068964227D0E1
:1088400001460BA80DF032FB40B9237C134A1448B3
:1088500002210CF07CFF0023A3609FE7F2B202A983
:1088600006A80DF023FB10B90E4A3346EFE706A920
:108870000BA80DF0EEFA0028EDD10023637404215B
:1088800005F10C000DF047FAA0600780A36884E7AB
:10889000324602A911F0C4FFEDE700BF8FE90200E4
:1088A00040AE0200AEE902002DE9FF4105460E464A
:1088B0004FF000084FF42053006817688DF80880C7
:1088C00002A91446ADF80A300DF0C3FAA0B142F681
:1088D000010328688DF80C8003A9ADF80E300DF067
:1088E000B8FA48B123691BB15A88B24200D25E80FF
:1088F000012004B0BDE8F081616828680DF0A9FA94
:1089000010B100232361F3E7E368A0681A786AB125
:10891000B7F81AC0798D038A8C4594BFC3EB0C035A
:10892000C3EB0103934201DA0020E2E704210C309B
:108930000DF0F1F92061068023695E80074B0093FA
:108940000194A2680023294638460EF002FA002856
:10895000EADB2069003818BF0120CAE7896B0200F2
:108960002DE9F34717680546894600685168D7F82E
:1089700004A014460DF06DFA804600284BD19522D4
:10898000294650460EF087FE0646207540B1E36842
:108990001B780BB184F81480002002B0BDE8F0878A
:1089A000294650460EF023FF10B908232375F3E73C
:1089B000A06826750DF082F902210C300DF0ABF99C
:1089C000164B2061A0F8009000930194A2683346F2
:1089D000294638460EF0BDF9002807DA10F1FF0FDE
:1089E00026BF4042C0B20E202075D5E72369002B78
:1089F000D2D0A0680DF0A8FF7B8D7A8B9A4294BFED
:108A0000C0EB0200C0EB0300E3681B78984294BF00
:108A100000200120C1E70120BFE700BF5969020023
:108A20002DE9F04182B000AF044688463F4800225D
:108A30000023394607F002FE0546B0B16D4688B006
:108A40006A463B4BCDE90534032342F8103F3948D1
:108A500000234FF4C251F9F785F9AD466FF00B06CC
:108A600030460837BD46BDE8F081FAF7D3FC324BFB
:108A70001A58324B38681A6029462C2211F0C1FE70
:108A80003B682F481C603C687D60C4E90155C4E91F
:108A9000095500220023391D07F0D0FD064688B194
:108AA00023686C4688B06A462649CDE9051303233E
:108AB00042F8103F1F482B464FF4C451F9F752F9C2
:108AC000A546CBE70146A022786811F09AFE7868A7
:108AD0001D4B8360543010F082FC7B68BFF35B8FCA
:108AE0004C3353E8002F43E800610029F9D1BFF36C
:108AF0005B8F7B681C60636A7D682BB904F10C0096
:108B000010F06DFCC4E90766626AC5F89820A26A95
:108B100005F19803636202B9A3627B6817225A8544
:108B20005A830433C8F800309AE700BF6C2700204E
:108B3000CDE9020040AE020008000000985D002070
:108B400088270020F2E902008C25002008B5437B2D
:108B5000072B06D00C4A02210C480DF00DFF002017
:108B600008BD04210DF0DBFE10B9094A0121F3E72D
:108B7000BFF35B8F836CBFF35B8FDB0701D4054AC8
:108B8000F4E750F8040CEBE717EA020040AE0200ED
:108B900025EA020067E802002DE9F04F85B000AF3A
:108BA000B860EFF31188402383F31288BFF36F8F0F
:108BB0005B4D28460DF0BEFE2E68044688F31188F2
:108BC000BFF36F8F00285FD0FAF718FE55491822BF
:108BD00002FB00F3C81851F803A00369FB600021F1
:108BE000D0E9025890F80490B0F806B011F009FEF0
:108BF000A07AFAF7FBFD6169034659B1627AD007A2
:108C000006D4DA697B6012682046926890477B68D8
:108C1000002262612146184610F0F4FBB9F1000F02
:108C20000DD065B12B6853B11B6843B1BAF1000F89
:108C30002ED03D4A3D48534601210CF088FD1EB31D
:108C4000B968002010F090FC00281DDA6C468AB04C
:108C50006A46374B0593374BCDE906304FF4007326
:108C6000ADF82030344B42F8103F304800234FF429
:108C70001151F9F777F80023A54683F31188BFF364
:108C80006F8F0323184602DF1437BD46BDE8F08F0F
:108C9000281D0EF059F94846FEF72AFF0528CED8C0
:108CA00001A353F820F000BFF18C0100C18C01003A
:108CB0003F8C0100F18C01003F8C0100C18C010050
:108CC000BFF35B8FEB6CBFF35B8FDA0705D41B4AF6
:108CD000164801210DF050FEB1E72B6D002BAED0F0
:108CE0004FF47022002305F1680008F06FF8A6E742
:108CF0002B68D3F80090BFF35B8FEB6CBFF35B8FF7
:108D0000DB07E4D5B8F1000F99D0002403E0F9683F
:108D10004846C0470134A3B29B45F8D88FE700BF4F
:108D2000485D0020505D002040EA020040AE020095
:108D30005FEA0200C6FC02000400000167E80200CE
:108D4000F8B50F461646FFF701FFB0B1446A20465A
:108D50001CB150F8984904B1983C731C194638B1BD
:108D6000428B458DAA4228BF2A469A4207D264B94F
:108D70000A4A0B4802210CF0EAFC0020F8BD3246FA
:108D80003946BDE8F840FEF7BDBFD4F8985005B1AC
:108D9000983D20460B462C46E2E700BF7AEA0200E7
:108DA00040AE020007B50B4602460021FAF732FB3F
:108DB00001910E4909580E480068884204D00D48B8
:108DC000D0F88000884201D10022134601A90A4848
:108DD00007F034FC014638B901981C2211F011FD4E
:108DE000019803B05DF804FB0020FAE708000000DA
:108DF000985D0020F8570020A427002010B50446F5
:108E0000806818B1FAF79AFD0023A3602146024852
:108E1000BDE8104010F012BAA42700202DE9F74356
:108E2000044668300F4690461E4610F0DAFB206D6F
:108E300050B9154A154802210DF09EFD204603B099
:108E4000BDE8F04300F094B8114B98424FF0000396
:108E500017D045684360206DD0F81890FFF7CEFF1B
:108E60000023206823650EF0A4F83DB12068CDF8FA
:108E70000090006843463A463146A84703B0BDE833
:108E8000F0831D46ECE700BF95EA020040AE020009
:108E90009C5D0020F7B550F8044C0546002C63D0CB
:108EA00000F1940104F124000DF089FE2E1F05F15C
:108EB000500700220023384607F0B0FC0246B0BB42
:108EC000EB6C2BB101466FF067033046FFF7A6FF4E
:108ED000002345F8043C05F14803BFF35B8F53E8DA
:108EE000001F21F0010143E80012002AF7D1BFF36F
:108EF0005B8F636A002B37D104F11C0630460CF0FF
:108F0000C3FEB8B904F10C0600220023304607F076
:108F100085FC90B966689EB914482660214610F019
:108F20008DF9286803B0BDE8F04001F083BCFAF782
:108F300005FDBEE7FAF702FDE0E7FAF7FFFCE3E71D
:108F4000A26833686360964208BFA36077683FB148
:108F5000B3690093002320681A466FF06701B84791
:108F60003046FFF74BFFD5E703B0F0BD6C2700207C
:108F700010B504460430FFF78DFF606813210DF033
:108F800024FB034630B1044A0448BDE810400121E7
:108F90000CF0DDBB10BD00BFACEA020040AE020029
:108FA000F0B5044689B054F8683D00AF19683846FA
:108FB000FEF720FA6E4688B06A460B4BCDE90537BE
:108FC0004FF40073ADF81C30084B42F8103F0023FB
:108FD0004FF4E2510648F8F7C5FE2046B546FFF7C4
:108FE000C7FF2437BD46F0BDCAEA020003000001F6
:108FF00040AE020070B550F8043C0446061F002B3A
:109000003BD039B1C36C002B37D01B7CDA0734D589
:1090100005231CE00568284601F0F4FB6B7A012B60
:109020002BD0E46C4CB3237CDB0726D5E368002B04
:10903000EED06269617C3046FEF764FE054668B991
:10904000637C0E4A0E4801210CF081FB0E230022A6
:1090500030461146BDE87040FFF7E0BED4E9051286
:10906000E368984718B12846FAF768FCEEE7294606
:109070003046FEF777FD0028F5D170BDF6EA020014
:1090800040AE0200F8B51D460F461646FAF7B6FB8D
:10909000044C182303FB0040C0E903760123C3807E
:1090A0000575F8BD505D002008B510F008FF38B117
:1090B000044A0346012104480EF08AF86FF00400C8
:1090C00008BD00BF1DEB020078AE020010B50849D4
:1090D000144618461022A047041E07DA054A06481F
:1090E000234601210EF074F8204610BD0024FBE752
:1090F0000049002033EB020078AE020070B50D4C41
:109100002378834206460D4604D1611C28460EF0A2
:10911000B7F858B9237CB3420AD1074928460EF064
:10912000AFF810B1012004EB001070BD0020FAE789
:109130000020FAE7D05D0020E15D002070B50D4C05
:109140002378834206460D4604D1611C28460EF062
:1091500097F858B9237BB3420AD1074928460EF045
:109160008FF80028054808BF002070BD2046FCE7A6
:109170000020FAE7A8480020B5480020B4480020A5
:1091800070B50E4C2378834205460E4603D1601C11
:109190000EF076F868B9237BAB420CD10848314613
:1091A0000EF06EF820B10120404200F00C00204487
:1091B00070BD0020F8E70020FAE700BF126500202C
:1091C0001F65002070B5204B144682689A420FD16B
:1091D000A568C66875B92279216830460EF058F83E
:1091E000024628B1194901300EF07FF8157015813B
:1091F000012070BDE0680028FBD02B888B420AD08C
:10920000F6D2E068A36801380433E0600038A36058
:1092100018BF0120EDE725682279294630460EF077
:1092200037F8024660B9094930460EF031F8024677
:109230000028E6D0294601300EF057F82379137044
:10924000A3685B881381DCE79597010008FC0200A6
:1092500010B507481021FAF777FD034630B1054AEB
:109260000548BDE8104001210DF0B2BF10BD00BFA0
:10927000F048002054EB020078AE020038B50546F5
:1092800048B1154B13F8011C1A465C1E0DF00FFA7D
:1092900058B1204606E011490F480DF0F1FF78B1B2
:1092A0000D4B581E38BD0020FCE7217C04F1110253
:1092B00028460DF0FCF90028F5D004F11000F1E784
:1092C000054B064903F110000DF0DAFF0028EAD043
:1092D000014B03F10F00E5E7D15D002008FC02001F
:1092E00010B54A1C0C4628B109780DF0E0F930B1F0
:1092F000204610BD034910460DF0C2FFF7E70020DD
:10930000F7E700BF08FC02002DE9F0410646884659
:1093100017460CF00FFF60B341463046FFF70EFFD3
:109320000546B0B914480DF0E7FF0446F8B11348FC
:109330000DF0E2FF68B9124D01246342114A03F0B7
:109340000C030133D01841460DF0CFFF0C235C43D2
:1093500016550121B94005F108000DF0A8FFBDE840
:10936000F04109484FF40042002307F02FBD054D9E
:10937000E3E7BDE8F08100BFB0480020BC48002012
:10938000B4480020A8480020C048002010B501467D
:109390000246042311F8010B0832FAF7A3FC034636
:1093A00030B1044A0448BDE8104001210DF010BF5F
:1093B00010BD00BF7AEB020078AE02002DE9F0414B
:1093C00080460F4616461D46FFF7DAFE044680B972
:1093D0001749FFF7D5FE044630B9164A1648BDE8CE
:1093E000F04101210DF08EBF00F8018B39460DF0E0
:1093F0007CFF238973B9628972B926816581214610
:1094000011F8010B0CF096FE80B12046BDE8F0414A
:10941000FFF7BCBF9E4204D36289AA4206D29E4295
:10942000ECD263892681AB42E9D2E7E7BDE8F0815F
:1094300008FC020096EB020078AE020008B5034A71
:10944000034801210DF05EFF002008BDB5EB0200CE
:1094500078AE020038B50F4B144682689A420D462A
:1094600015D122792168C0680DF012FF78B1D4F8C7
:10947000C8302F2B03D9FFF7E1FF002038BD04EBE4
:1094800083020133158101895181C4F8C83001205C
:10949000F4E700BF9597010008B5044A044801218C
:1094A0000DF030FF6FF0150008BD00BF09EC0200A1
:1094B00078AE020038B5094B154682689A420AD147
:1094C000C4682968013420460DF0DAFE18B16968D5
:1094D00020460DF00AFF012038BD00BF959701001E
:1094E00008B513468168074A914209D11A7919686B
:1094F000C0680DF0CDFE18B1002303604360038106
:10950000012008BD9597010002484FF4A472002382
:1095100007F05CBC8049002008B5042108480DF024
:10952000C6FE07486FF002010DF0D0FE04480DF0B2
:10953000E3FEC30701D5FFF7E7FF002008BD00BF2A
:10954000B0490020024608B5084901300DF0CDFEB3
:10955000002313720C32BFF35B8F52E8001F42E806
:1095600000300028F9D1BFF35B8F08BD08FC020072
:1095700010B5FFF705FE044678B1014611F8010B5E
:10958000FAF7BEFB034620B1044A054801210DF05D
:109590001FFE002323606360A36010BD15EC020072
:1095A00078AE020037B504460D46FFF7A7FD024628
:1095B000D0B1037A8DF804300C300DF09DFE10F020
:1095C000010318BF01238DF8053001AA02232946A3
:1095D0002046FAF79DFB034620B1044A04480121C6
:1095E0000DF0F6FD03B030BD0346F0E732EC0200AB
:1095F00078AE02002DE9F04385B00E4600AF9046EC
:109600009946044658B9354A354801210DF07AFE8D
:109610006FF0150528461437BD46BDE8F08307F105
:1096200008010CF0F0FB0546A0B16D4688B06A4613
:109630002C4BCDE905344FF40073ADF81C302A4BA8
:1096400042F8103F264800234FF4E251F8F78AFB16
:10965000AD46DDE7391D20460CF0C0F9786858B1F9
:109660000A2229460AF050F9034628B11F4A1C482D
:1096700001210DF0ADFDCBE707F108010020FFF758
:109680007FFD044620BB002EC4D01949FFF778FDAA
:10969000044638B9174A124801210DF033FE6FF025
:1096A0000B05B7E7002300F8013B07F108010DF0B7
:1096B0001CFE04F1080104224846C047041EA9DA32
:1096C0000D4A0748234601210DF082FD2546A1E7FA
:1096D000002EEED10660466086609BE773D50200DF
:1096E00078AE02005BEC02000300000177EC0200A0
:1096F00008FC020092EC020033EB02002DE9F0417D
:10970000214B154682689A42074602D1C468638994
:10971000E3B90120BDE8F08105F17008287A4146DF
:109720000CF008FD68B9194B9C4202D128460DF097
:1097300067FE174930460DF0D8FD002323702381C2
:1097400019E0414630460DF0D0FD14E0238993B175
:109750002646284616F8011B32460CF0A8FF0028C2
:10976000DAD120783146FDF7CFFD20B1457BFDF7FA
:109770007FF9072DCDD0E36800216181002BC8D08F
:1097800038469847C5E700BF95970100EC250020B3
:1097900008FC02002DE9F0471F46BDF82030D1F843
:1097A0000C9006468846002B4ED17B1E012B4ED8CE
:1097B000012F49460CBF15781588FFF791FD044627
:1097C000B8B915B93846BDE8F0874946FFF788FDB6
:1097D000044638B91F48204A02210DF093FD6FF06E
:1097E0001000F0E706F1700101300DF07EFD337AD4
:1097F0002370D9F81030DBB9B4F808A02581B9F886
:109800000A30AB4203D0494640460DF07DFDAA45E3
:1098100005D0307A002206F17001FFF775FD002DAA
:10982000D0D10E49601C0DF060FD25702581C9E77F
:109830002A464146304698470028C4DB01380128B3
:10984000DAD96FF00D00BEE76FF00600BBE76FF0EE
:109850000C00B8E778AE0200B4EC020008FC02008D
:1098600008B5124801210DF022FD10F0010F104B38
:109870000AD1104A9A610D480DF03EFD830713D4BA
:10988000BDE80840FFF740BE1A8B588B012A4FF6FF
:10989000FF7205D8904207D04FF6FF725A83EAE76D
:1098A00090421983E7D0F7E708BD00BFB049002018
:1098B000604900200100FFFF1049114808B50DF074
:1098C000DFFC014640B90E4B581E0DF0BFFD0C49A0
:1098D00011F8010CFFF766FE08490A480DF0D0FCAC
:1098E000014650B908480DF0B1FD084B187C03F152
:1098F0001101BDE80840FFF755BE08BD08FC020095
:10990000D15D0020E15D0020E05D0020D05D002001
:109910002DE9F0419846BDF81830012B0646174650
:1099200036D84344012B454635DCFFF7A7FC0446F7
:1099300068B9FFF7A3FC044648B91A4A1A4802213D
:109940000DF0E0FC6FF010052846BDE8F081B8F19D
:10995000000F11D0217A002321FA03F2D00703D59A
:109960003A78DA40D20719D50133032BF4D13B788A
:1099700003F007031943217206F17001601C0DF01A
:10998000B4FC337A2370012120460DF06FFDDBE734
:109990006FF00605D8E76FF00C05D5E76FF01205FC
:1099A000D2E700BFCEEC020078AE020010B56FF037
:1099B000020104460E480DF089FC0D480DF09CFC98
:1099C000C20704D50B480022002307F0FFF9204608
:1099D0000DF0B6FB58B12046FFF750FC38B1037AC2
:1099E000DB0704D5BDE8104001210DF03FBD10BDDF
:1099F000B0490020804900202DE9F04385B0894618
:109A000000AF16469846044658B9424A42480121DA
:109A10000DF078FC6FF0150528461437BD46BDE8FB
:109A2000F08307F108010CF0EEF90546A0B16D4690
:109A300088B06A46394BCDE905344FF40073ADF870
:109A40001C30374B42F8103F334800234FF4E251AB
:109A5000F8F788F9AD46DDE7391D20460BF0BEFF6B
:109A6000786858B10A22294609F04EFF034628B10A
:109A70002C4A294801210DF0ABFBCBE707F1080187
:109A80000020FFF73BFB044690B9FFF7F7FB0446C5
:109A900038B9254A204801210DF034FC6FF00B0540
:109AA000BAE7002300F8013B07F108010DF01DFCA7
:109AB000B9F1000F2AD0022239464046B047061EAF
:109AC00007DA1A4A1448334601210DF081FB354666
:109AD000A2E73B782372022E09D0154A0E480221D4
:109AE0000DF010FC002120460DF0C0FC94E77B78BF
:109AF000012B05D90F4A084831460DF069FBF1E703
:109B000003F0010120460DF0A1FC85E72046FFF798
:109B100019FD81E773D5020078AE02005BEC02000C
:109B20000300000177EC0200FAEC020033EB0200C4
:109B30001CED020070ED020010B51B4801210DF074
:109B4000B6FBC3072ED4022117480DF0B0FB084026
:109B500007D11649164A0B88164CA2421CD300B1F5
:109B60000B80154915480FF030FD4FF4A472002307
:109B70001248FAF775F9124912480FF026FD022132
:109B800011480DF094FB114811490FF01EFDBDE87E
:109B900010401048FDF75EBD506803449BB2083288
:109BA0000120DAE710BD00BFF05D00202A6500202B
:109BB000F0AD020020AE02009F75020010490020A7
:109BC000D1A3010080490020B0490020C0480020F6
:109BD00037760200C42500202DE9F041034648B144
:109BE000008A38B91249DFF84CE001244FF0140C18
:109BF000714501D3BDE8F081D1E90076BB4204D3C1
:109C00000CFB0672143A93420ED93444A2B20831C6
:109C10001446EDE70CFB0578434507D00135621982
:109C2000AE4292B2F6D1F2E70025F8E71046E1E73E
:109C3000F0AD020020AE02002DE9F74FBDF8305024
:109C4000009199464FF6FF73002D08BF1D46244B27
:109C50001B888342074690463CD203B0BDE8F08F94
:109C600073682344BB4232D29CB208361D4B9E42DD
:109C7000F6D3F2E78958019340460CF0EAF8019BCD
:109C800090B101340AF1010AA4B273685345ECD9CA
:109C9000009B9C42E1D8BC42F3D331680BFB0AF233
:109CA0008B18B8F1000FE5D1B9F1000F0BD1013DD0
:109CB000ADB218460E9A0D9B21469847002DCCD088
:109CC0000028DED1C9E7DA689145DAD1EFE74FF035
:109CD000000ADAE7044E01244FF0140BC6E700BF78
:109CE0002A65002020AE0200F0AD020030B5E5B0DC
:109CF0001022002101A810F084FD182200210DEB94
:109D0000020010F07EFD4FF41053ADF81430274CD4
:109D10008023ADF816304FF48063CDE9073410226C
:109D200062AB01A905A808F09BFB0CAD034630B15E
:109D30001F4A204801210DF04BFA65B030BD0146A5
:109D40004FF4AC72284610F05CFDD5F8581122464D
:109D5000284610F0B1F8034608B1174AE9E7174A58
:109D60002B464FF6FF7101200DF00EFC144905AB98
:109D70001022284610F0B5F80446D5F8580108F02E
:109D800031FB14B10F4A2346D3E70D4B214603F1B3
:109D900010020131187812F8014D03F8014B08291F
:109DA0001070F6D108480DF082FAC6E70002C00331
:109DB000C1ED020078AE0200EAED0200D5710200AA
:109DC000F048002008EE0200B04900202DE9F041E3
:109DD0001849BDF818700446A1F1300015461E461A
:109DE0000FF012FC14480DF087FA010705D4FFF7B5
:109DF0007DFFFFF761FDFFF72BFA2046FFF73EFAE4
:109E000068B1037ADA070AD500F10C0420460DF098
:109E100073FAC30703D4022120460DF048FA102339
:109E200006933A4631462846044BBDE8F0410DF012
:109E300083BA00BF40490020B0490020F04800200C
:109E400010B51A480DF058FAC0F3C00080F00104B4
:109E500008B9FFF74BFF15480DF04EFA03461348BB
:109E60000DF04AFADA061FD5830606D5E4B1FFF7EE
:109E700023FDBDE81040FFF7EBB920210B480DF0A2
:109E800016FA0B491022881810F0CAFC48B9094884
:109E90000FF0A7FBBDE8104004486FF001010DF082
:109EA00015BAFFF7DDFCE2E710BD00BFB0490020A6
:109EB000F04800208049002008B5102103480DF02B
:109EC000F6F9FFF7BDFF002008BD00BFB049002034
:109ED0002DE9F04FB9B000AF0C4690463849D7F89D
:109EE00008013A4699460BF055FD40B9FFF7D4FA00
:109EF0006FF015052846E437BD46BDE8F08F3E6893
:109F0000391D30460BF06AFD3EB92E4A2E4801211C
:109F10000DF0F8F96FF015043FE0786800BB07F129
:109F2000080A4FF0000B5146304687F814B00BF08A
:109F30006AFF054608B36C4688B06A46234BCDE9F4
:109F400005364FF40073ADF81C30214B42F8103F3A
:109F50001D485B464FF4E251F7F704FFA546D9E7E9
:109F60000A22002109F0D0FC03460028D7D0194A64
:109F7000154801210DF02CF9CCE7C7F810A0E4B189
:109F8000C02207F120014846C047041E07DA124AE2
:109F90000D48234601210DF01BF92546AAE7A40828
:109FA00007F12003C7E906340C4A07F110034FF606
:109FB000FF7101200DF0E8FA9CE72346F2E700BFAD
:109FC0001EEE020073D5020078AE02005BEC0200C8
:109FD0000300000177EC020033EB0200C5910100A1
:109FE00030B5B5B0002301918DF8080033930E4AC7
:109FF00001AB04460D4601204FF6FF710DF0C4FA87
:10A00000339B73B19B0003AA29462046F9F78EFEC5
:10A01000034620B1054A064801210DF0D9F835B0B4
:10A0200030BD1A46F0E700BF5594010025EE02004E
:10A0300078AE02002DE9F34100F17008CDE900127D
:10A0400004460F46007A414616460CF073F80F4A54
:10A0500005466B464FF6FF7101200DF095FA1DB1D4
:10A06000207A4146FFF7BCFF207A3946FFF746F8D1
:10A0700040B1314601300DF038F91DB1207A41462A
:10A08000FFF790FA02B0BDE8F08100BFB59401007F
:10A0900007B500230193FFF79FFD411C89B20846D5
:10A0A000034A01AB0DF070FA019803B05DF804FBB0
:10A0B000917102002DE9F04387B0437B072B02AF7B
:10A0C00080460C46154640F0A68000233B7320686E
:10A0D00042F6030307F10C01FB810BF0BAFE0646C2
:10A0E000002834D1D4F80490B9F1000F05D14C4ABE
:10A0F0004C4801210DF006F98DE00123009007F195
:10A1000008022146C847031E11DA6D4688B002AA2C
:10A110004549D3610423C2E9051442F8103F414880
:10A1200033464FF40151F7F71DFEAD4673E0012BA6
:10A1300005D03E4A3B4801210DF04AF86BE03B7ADE
:10A1400013F0300F67D02046FFF7A2FF044600232C
:10A1500020683B7307F10C0142F60213FB810BF000
:10A1600078FE18B12046FFF793FF0446002642F61A
:10A17000021920683E703946A7F802900BF069FE7C
:10A1800018BB002320683B7307F10C0142F6021351
:10A19000FB810BF05EFE064600283CD1D4F804900B
:10A1A000B9F1000FA3D00090022307F10C02214661
:10A1B0004046C847031EA8DB022BBAD1BB8905EA7B
:10A1C0000300003818BF012026E020683E7142F6E7
:10A1D0000303391DFB800BF03CFE0028D1D0206822
:10A1E0003E724FF4205307F108017B810BF031FEE2
:10A1F0000028C6D020683E7342F6010307F10C0127
:10A20000FB810BF026FE0028BBD02046FFF740FF65
:10A2100004460028ADD100201437BD46BDE8F083C8
:10A2200043EE020078AE020057EE02007DEE02001F
:10A230002DE9F843154689469422696806460DF0D3
:10A240002AFA8046002842D1696802223046FFF788
:10A2500031FF00283ED04FF470200021AF8AFEF776
:10A26000A1FD0237044680B11C4B47611D2141749A
:10A27000C0F80C80436085613A463046FEF760FDC9
:10A28000074638B92046FEF7B9FD6FF00B052846A2
:10A29000BDE8F883012342464146FEF7F3FEA98A52
:10A2A00007F10C0002310BF036FD20F8029BAA8A60
:10A2B000296910F098FAA760214630460CF023FF78
:10A2C00005460028E3D02046FEF798FDDFE74FF073
:10A2D000FF35DCE76FF01505D9E700BF9771020085
:10A2E00070B504468AB037480DF006F842070D46AF
:10A2F00061D514B1637B072B60D16E68059630463B
:10A30000FFF76AFC2A68ADF8180032B305A902917C
:10A310002D4901910121002300914FF6FF71059312
:10A32000FFF78AFC059E1EB96FF001000AB070BDF0
:10A330006E60002330688DF8103004A942F60303E4
:10A34000ADF812300BF085FD70B90598C3689B79A4
:10A350009B0605D46FF01500E8E70028E9D1E3E794
:10A360000DF0CBF8ADF81800BDF818003CB1012392
:10A370000146AB752A462046FFF75AFFD6E76FF035
:10A380007F0307930223ADF8203042F60213ADF8A5
:10A39000123005ABAC7502930C4B01930123009373
:10A3A00004AA23464FF6FF7109958DF81040FFF778
:10A3B00043FC0798BAE76FF00A00B7E76FF07F0039
:10A3C000B4E700BF14220020C571020029A60100D5
:10A3D00073B500F13005044650F8083C0193A0F134
:10A3E00020066FF0010128460CF070FF0D4B44F879
:10A3F0001C3C0D4B44F8183C01AB002044F8103CC9
:10A40000042324F8080C24F8060C24F80C3C3146EC
:10A41000FFF766FF18B9022128460CF048FF02B08A
:10A4200070BD00BFF0B90200AD9901002DE9F843FD
:10A430003A4B164682689A4200AF054624D1D0F8BE
:10A440000C803468B8F80830F3B14246204612F860
:10A45000011B0CF02CF9B8B14FF495722946204637
:10A460000DF019F928B3032812D16C4688B06A465A
:10A470002B4BCDE9053542F8100F2A4800234FF445
:10A48000C451F7F76FFCA5460120BD46BDE8F8832F
:10A49000052820460CBF4FF003094FF002090CF0CD
:10A4A00000F9814505D933794B45EDD286F8049002
:10A4B000EAE7414628460CF027FF1B4B9845E3D1BD
:10A4C000207A04F17001FEF75BFE05460028DBD020
:10A4D000038913B94389002BD6D02046FCF720FC12
:10A4E000124B2A8923F8202003EB80036A89104944
:10A4F0005A80182202FB00110E4A4A600B610E4A74
:10A500008A60042320468B82FFF7EAFE0028BBD036
:10A510000A4A044801210CF0F5FEB5E795970100C1
:10A5200096EE020078AE0200EC2500200E650020B9
:10A53000B85D0020F0B9020089740200AAEE0200A2
:10A5400070B504468AB035480CF0D6FE42070D4679
:10A550005DD514B1637B072B5CD16E6805963046E0
:10A56000FFF73AFB2A68ADF8180032B305A902914B
:10A570002B4901910121002300914FF6FF710593B2
:10A58000FFF75AFB059E1EB96FF001000AB070BDBF
:10A590006E60002330688DF8103004A942F6030382
:10A5A000ADF812300BF055FC70B90598C3689B7973
:10A5B000DB0605D46FF01500E8E70028E9D1E3E7F2
:10A5C0000CF09BFFADF81800BDF818002CB1014647
:10A5D0002A4620460DF09AF8D8E742F60212ADF866
:10A5E000122005AA6FF07F0302920E4A07930123FF
:10A5F000CDE90032ADF8203004AA23464FF6FF71B2
:10A6000009958DF81040FFF717FB0798BEE76FF02C
:10A610000A00BBE76FF07F00B8E700BF14220020FC
:10A62000C571020029A601002DE9F0413D4B1546F8
:10A6300082689A42074603D001273846BDE8F08178
:10A64000D0F80C80384B984512D0B8F80820AB8968
:10A650009A42F1D1414611F8010BFCF755FE06462E
:10A660000028E9D0437B072B24D0FCF701FAE3E76D
:10A670002E4C00262E4920460CF002FE78B914F824
:10A68000010C07222146FCF793FE80B92B6914F8D0
:10A69000010C1A69214653881288FEF78FFE731C3D
:10A6A000022B04F10C044FF00106E3D1CDE7FCF7D7
:10A6B000DFF9F4E7D8F8143023B13946984708B9E0
:10A6C0003046D2E73946942230460CF0E4FF074684
:10A6D0000028F5D1AB89022B15D1B8F808309A07BC
:10A6E0001ED52A69A9883046FFF7A2FD044618B98D
:10A6F0002A69937D013393753046FCF7B9F9002C34
:10A70000AC609ADB98E7012B0AD1B8F80830DB0778
:10A7100006D52A69A98830460CF0F8FF0446EBE715
:10A720003C46E9E795970100EC25002013650020E1
:10A7300008FC020070B58EB000F17005044603906D
:10A740000123007A8DF8103029460BF0F3FC90B10C
:10A75000227A52B302AE042130460AF0F4FA00968F
:10A76000134A24212B4605A8F9F7FEF905AA114939
:10A770001046F7F7B9FF4FF6FF710F4A03AB012000
:10A780000CF002FF20460BF08CFF9DF81010884261
:10A7900009D220460BF050FF034620B1074A084873
:10A7A00002210CF015FD0EB070BD0092D8E700BF7D
:10A7B00021EE0200D19E01002DA40100C7EE02008F
:10A7C00078AE02002DE9F0410D4B1B6806460F469E
:10A7D000904623B153F8044904B1043C0BB9BDE8D9
:10A7E000F0811B681BB142463946304698472CB170
:10A7F000656805B1043D23462C46EFE72546FAE798
:10A80000F45D002013B50A4A009004464FF6FF712C
:10A8100001206B468DF804000CF0B6FE00212046A6
:10A820000CF0ABFF08B9FFF71BF802B010BD00BF7A
:10A830002DA4010073B5044603461A4A4FF6FF7172
:10A84000012004F170060CF09FFE207A31460CF0D6
:10A85000B8FE207A31460BF06DFC50B1237A8DF8AA
:10A860000430114A00966B464FF6FF7101200CF040
:10A870008BFE2046FEF702FD054688B1207A314660
:10A880000BF058FC28B9284602B0BDE87040FEF72E
:10A8900059BE3146681C02B0BDE870400CF025BDC1
:10A8A00002B070BDFD960100E19401007FB54FF448
:10A8B0002052ADF8162004AA02920B4A0023012070
:10A8C000CDE900324FF6FF7105AA04938DF81430DC
:10A8D000FFF7B2F9049B012B14BF6FF015000020A5
:10A8E00007B05DF804FB00BFF777020008B501462A
:10A8F0000448044B0CF098FF043B002814BF184692
:10A90000002008BDBC49002010B50C4A11680C4A53
:10A91000BFF35B8F00F5B47353E8004F944204D14A
:10A9200043E8001CBCF1000FF6D1BFF35B8FBFF30F
:10A930005B8FD0F86801BFF35B8F10BDFC5C00201B
:10A94000B849002008B5FFF7DFFFB8B1036843B18D
:10A95000426832B1826812B90B4A12783AB90420BF
:10A960000BE0094A127812B10BB1826842B9426811
:10A9700042B9002B14BF0020032008BD0320FCE7D0
:10A980000120FAE70220F8E78266002008B5034AB2
:10A99000034801210CF046FF002008BD0FEF020024
:10A9A000C0AE0200024A034802210CF03BBF00BFC8
:10A9B0002AEF0200C0AE020038B5002304461A4652
:10A9C000EC300D46FCF7D2FE58B1693004D1074A8D
:10A9D000074801210CF026FF2846BDE83840F8F76B
:10A9E000ADBF2046BDE838400CF07ABF94E80200C5
:10A9F000C0AE020038B5051D0446082128460CF0FB
:10AA000078FF084904F15700FBF716FE48B108210A
:10AA100028460CF047FF0448044A01210CF002FFCD
:10AA2000082038BD9D7B0200C0AE020043EF02004B
:10AA300038B5EC22054600210FF0E3FE102105F1A8
:10AA4000270003F0A9FF044648B9052128460CF069
:10AA500050FFFBF7E1FD034B1860204638BD08248A
:10AA6000FBE700BFFC5D002070B50E4686B00446D3
:10AA7000FFF74AFFF36804F137020546114603F178
:10AA8000100053F8046B41F8046B8342F9D1237A28
:10AA9000052B00F29580DFE803F017232303936A68
:10AAA00002AB4B490093096804F1270304F15700F6
:10AAB00001F038FC58BB0A21201D0CF01AFFAB68CE
:10AAC0000299D4F8EC00984720460D210CF011FFB4
:10AAD000201D10210CF00DFF20460CF03DFF17E06B
:10AAE00094F8DC10D4F8D83002ADCB40384900954A
:10AAF00003F00103096843F0800304F157000DF0EF
:10AB00000DF938B1334A344801210CF08BFE08208E
:10AB100006B070BD1022294604F117000FF080FE28
:10AB200008B10420F4E7032120460CF0E2FE0CF00B
:10AB300013FF0028EBD194F8DC300133DBB2142B87
:10AB400084F8DC3009D10D2120460CF0D2FE102112
:10AB5000201D0CF0CEFE0020DAE7102104F12700C2
:10AB600003F01AFF003818BF0120C000D0E7102101
:10AB700004F1270003F010FF0028C8D135B3EB68BB
:10AB800023B3164BE27A1B88ADF80830A37C12F091
:10AB9000010F08BF0320DB0703D5002814BF0120E5
:10ABA00002200023C4E938338DF809000C21201D50
:10ABB0000CF09FFEEB68D4F8EC0002A99847CAE7B6
:10ABC000074A054801210CF07CFEA0E702209FE720
:10ABD000FC5D00205CEF0200C0AE0200A8B20200E3
:10ABE00075EF02002DE9F04790B004460CAD10223D
:10ABF000002128460FF005FE237A052B34D8DFE824
:10AC000003F0060303063323D4F8D8300C93D4F8AA
:10AC1000EC3004F1470204F1C707CDE9017204F1F9
:10AC2000370803F17E0204F12709009277334A4680
:10AC3000414604F1970001F00DFBF0B1454A46484A
:10AC400001210CF0EFFD14E0D4F8E430002BDED04D
:10AC50002E4603F1100718685968324603C20833BC
:10AC6000BB421646F7D1D2E73C4A3B4801210CF0E3
:10AC700028FE082010B0BDE8F087D4F8EC3003F1CE
:10AC800077027E3308AE019304F111030292009320
:10AC900003962B464246494638460DF064F808B103
:10ACA0002F4ACCE7237A052B0ED1D4F8E01011B34C
:10ACB0000B46AC4601F1100E18685968624603C293
:10ACC000083373459446F7D1D4F8EC3003F17E0293
:10ACD00077330DF1100A019304F10A0302920093F5
:10ACE000CDF80CA02B464A46414638460DF03BF8BD
:10ACF00030B11C4AA3E7102228460FF082FDE3E79B
:10AD00001022514604F1B7000FF08AFDF8B90D2169
:10AD100020460CF002FE07460028AAD010210C3075
:10AD20000AF0F9FF32460346164603CEAE421860DB
:10AD30005960324603F10803F6D139462046FFF741
:10AD40003BFE201D01210CF0D4FD002092E70B20DA
:10AD500090E700BF91EF0200C0AE020075EF020065
:10AD6000A6EF0200C9EF020073B5047A022C054673
:10AD700023D844B190F8DC30D0F8D840DC4004F05F
:10AD8000010444F08004032128460CF0C6FD064669
:10AD9000D8B110210C300AF0BEFF009012482346B3
:10ADA000006805F1270205F157010CF0B7FF0446D2
:10ADB00080B13046F8F7C2FD07E0032C08D00B4AFB
:10ADC0000B48234601210CF07CFD082002B070BD29
:10ADD0000024D8E731462846FFF7EEFD281D21461E
:10ADE0000CF060FD2046F1E7FC5D002075EF0200ED
:10ADF000C0AE020070B5061DCD6804460B2130467A
:10AE00000CF050FD2B4604F1170205F1100153F828
:10AE1000040B42F8040B8B42F9D1237A012B09D0A1
:10AE2000022B13D1204604210CF063FDBDE87040D5
:10AE3000FFF79ABF0A2130460CF0F6FC0028F1D04B
:10AE4000304600210CF055FD002070BD0348044A37
:10AE500001210CF036FD0820F7E700BFC0AE02006C
:10AE600075EF0200F7B50446FFF74EFD261D0546B7
:10AE70000E2130460CF0D8FC78B94E4B20221968D0
:10AE800004F157000FF0CCFC38B94B4A4B48022173
:10AE90000CF0C8FC082003B0F0BD0C2120460CF0DB
:10AEA0003CFD07460028F5D040210C300AF033FF66
:10AEB000404B1B680246014603F1200053F804CBC7
:10AEC00041F804CB8342F9D1203203F1200153F839
:10AED000040B42F8040B8B42F9D139462046FFF7A8
:10AEE0006BFD237A052B5DD8DFE803F003491A03D5
:10AEF0005C59042120460CF0FCFCFFF735FF0028CC
:10AF0000C8D1304607210CF0F4FC0820FFF7EEFC16
:10AF100000284DD1204603B0BDE8F040FFF76ABDE0
:10AF20002046D4F8EC70FFF7EFFC042105464FF003
:10AF3000FF330DEB0100019303F02EFD0028A9D192
:10AF4000019B1F4AB3FBF2F102FB11330193C4F8DA
:10AF5000D83084F8DC0055B12B6843B10B21304662
:10AF60000CF0C7FC2B68D4F8D8103846984703215A
:10AF700020460CF0BEFC0E210CF0BBFCC1E72046C5
:10AF800003210CF0B6FC0E210CF0B3FC30460A2174
:10AF90000CF0AFFC6B68D4F8EC009847B1E70421E3
:10AFA0002046E9E7074A054801210CF08AFC71E7D1
:10AFB000002070E7FC5D0020EDEF0200C0AE020053
:10AFC00040420F0075EF020070B50E460546FFF7D0
:10AFD0009BFCF36805F15704224603F1200153F866
:10AFE000040B42F8040B8B42F9D105F1770203F10F
:10AFF000200153F8040B42F8040B8B42F9D1204690
:10B00000FBF766FAF0B11D4A1D4803210CF00AFC5B
:10B01000281D0E210CF06DFCD5F8EC40D4F8A400EE
:10B0200038B9207A04F1700100F0DEFEC4F8A40003
:10B0300098B1438A03F024037BB1437C9B070CD473
:10B04000032070BD2046FBF74FFA30B90C480D4A7B
:10B0500002210CF0E7FB0B20F3E70B4B1C682CB92B
:10B06000281D06210CF045FC2046EAE72846FFF79C
:10B07000F9FE003818BF0120C000E2E708F0020026
:10B08000C0AE020029F00200FC5D002038B5124974
:10B090000446A0F1EC054C300EF097FA28460CF06F
:10B0A000C3FCBFF35B8F0D4A04F17C0353E8001F20
:10B0B00043E800200028F9D1BFF35B8FBFF35B8F1B
:10B0C00080344FF0FF3354E8002F44E8003100296A
:10B0D000F9D1BFF35B8F38BD29BC0100B84900200E
:10B0E00080B500AF88B06A46074BCDE90530032331
:10B0F00042F8103F054800234FF4C251F6F732FEE4
:10B100006FF00B00BD4680BD45F00200C0AE0200EE
:10B1100008B5084AD2F8EC3033B90748C2F8F00055
:10B12000EC320A60184608BDFFF7DAFF6FF00B003B
:10B13000F9E700BFB849002068BA02002DE9F041E4
:10B1400088B0064600AF0B4604300D210CF06CFBB6
:10B1500090B3DD68D6F8EC3003F17008197A4246F6
:10B1600002200CF09CFD0446E0B941463846F8F751
:10B1700033FC6E4688B06A46124BCDE905374FF472
:10B180000073ADF81C30104B42F8103F0F482346B7
:10B190004FF4E251F6F7E6FD0820B5462037BD46EC
:10B1A000BDE8F0812B462E3405F1100253F8041B44
:10B1B00044F8041B9342F9D1304609210CF099FB65
:10B1C0000020EBE76AF0020003000001C0AE0200BD
:10B1D00038B5174B1B78054623B301F00F042846FA
:10B1E000FFF7B0FB134A03280CBF04F00B0444F034
:10B1F000040405F5B6731278BFF35B8F53E8001FA4
:10B20000013103D143E800200028F7D1BFF35B8F61
:10B21000BFF35B8FD5F86C31BFF35B8F2BB144F07C
:10B22000010038BD01F00704D9E704F0FE00F8E79B
:10B23000826600201B270020F8B50D46D0F8EC7080
:10B240000446FFF761FBED68EB78102B01D0062078
:10B25000F8BDD7F8A430002B73D0261D0F2130463F
:10B260000CF0E2FA20B92046FFF7E2FB002871D18A
:10B27000012363722B68C4F80A30AB88E381022390
:10B280002374A9782046FFF7A3FFE0742046FFF758
:10B2900059FB1023607423752B7903F00303637546
:10B2A0006B7903F00103A375E37C1A0754D40521DD
:10B2B00030460CF0B9FA00285CD0574B1B78A374C9
:10B2C000E37C980606D5AB78990603D51421304661
:10B2D0000CF00FFBE37CDA074ED5AB78DB074BD5E0
:10B2E0000D2130460CF005FBA37D84F8E830637D2A
:10B2F00084F8E930032130460CF0FBFA237BE17C33
:10B300002D7803EA0102100704D5E27AA07C0243FB
:10B31000D20735D4042D35D80B4313F0040307D0DE
:10B320002046FFF70FFB3D4B05EB85052B441B5CCF
:10B330002372D7F8A41020460CF07FFA20BB03201C
:10B3400086E7387A07F1700100F04EFDC7F8A400D7
:10B35000002882D108207BE7AB781B07A7D5052101
:10B3600030460CF0C6FA637D03F0020363750023D8
:10B37000A3759CE72A4BA1E700236375A375B3E788
:10B380000523D5E70023D3E7D4F8EC309B7A032BD1
:10B3900033D022D8013B012BDCD8052130460CF0FC
:10B3A00043FA0028CBD00C2120460CF0A2FA02214F
:10B3B0000CF0B3FA05460028CCD006210C300AF078
:10B3C000AAFCD4F811300360B4F815308380294604
:10B3D0002046FFF7F1FA00203AE7042BBAD1237D8B
:10B3E000627B934228BF1346102B7FF430AF0521B8
:10B3F00030460CF019FA0028A1D0237A002B9ED0F9
:10B40000052130460CF010FA0028C6D1237A013B02
:10B41000012BC2D893E700BF8466002002FD020022
:10B42000836600202DE9F041C778012F044604D03F
:10B430006FF015042046BDE8F0810CF044FA054693
:10B44000002800F0A980061D042130460CF0ECF91C
:10B45000002840F0A480032130460CF0E5F910B13B
:10B460006FF00F04E6E7394630460CF0DDF90028AE
:10B47000F6D12846FFF748FAD5F8EC309B7A032B33
:10B48000074640D030D8013B012B46D90F21201D63
:10B490000CF0CAF90028CBD1D4F8A40090B904F17B
:10B4A0007007217A3A46202000F0EAFCC4F8A40094
:10B4B00040B9217A3A46042000F0E2FCC4F8A40026
:10B4C0000028B5D0438A13F0240FB1D0A27A022A03
:10B4D00023D9417CC907ABD5032A1ED09B06A7D52B
:10B4E000037C102BA4D118E0042BCFD12846FFF702
:10B4F00029FA032804D1002FC8D0FB68002BC5D03F
:10B50000284B1B7807E02846FFF71CFA032804D1D4
:10B51000002FBBD0FB68002BB8D0D4F8A4303BB1CF
:10B520002846FFF785FA044670B16FF0680481E79A
:10B53000207A04F1700100F057FCC4F8A400002840
:10B54000EED16FF00B0475E70B2128460CF0E5F9FE
:10B5500007460028E9D001210C300AF0DCFB092164
:10B5600080462846FFF734FE234688F8000022462E
:10B57000394605F1EC00FCF7F9F8044618B13846F5
:10B58000F8F7DCF956E730460F210CF0B2F901214B
:10B5900028460CF0AEF94DE76FF07F044AE76FF0F4
:10B5A000040447E782660020F8B5D0F8EC40D4F8F0
:10B5B000A4300546061D002B3CD102213E4A3F48DF
:10B5C0000CF030F907213E4B5F5CD4F8A4304BB14E
:10B5D0001B7C002B65D1D4F8A4000CF074FB002375
:10B5E000C4F8A430022130460CF01EF940B9072FF0
:10B5F00096BF344B1F21D95D3A462046FBF730FEFB
:10B60000032130460CF010F940B32F4B1B682BB3CD
:10B6100053F80C6906B10C3E03B35B6813B13946AD
:10B6200020469847002E43D0F26802B10C3A3346C8
:10B630001646F1E779BB0D2130460CF0F5F80746C8
:10B6400020B1D4F8A40008B100F0ECFD1E4B1B683B
:10B6500023B153F80C6906B10C3E73B928460CF0BF
:10B66000E3F9637B072B25D1627AA37A9A4221D032
:10B670002046BDE8F840FFF7D5BE1B6813B1394638
:10B68000204698472EB1F26802B10C3A334616466E
:10B69000E3E73246FAE70139C9B20E2993D90927FF
:10B6A00093E7022130460CF0BFF8002893D199E7C8
:10B6B0003246BCE7F8BD00BF84F00200C0AE020015
:10B6C000F3FC0200E2FC0200F45C0020F8B5031D6C
:10B6D00006460F46184602210CF0A6F8044620B193
:10B6E000B6F8E840B4FA84F46409032118460CF073
:10B6F0009BF880B139463046FFF756FFC4B11A486F
:10B700001A4A02210CF08EF8D6F8EC0005210AF056
:10B710005CFF0020F8BD012118460CF085F80028D8
:10B72000E8D10F2118460CF07FF80028E2D1E5E7B8
:10B73000052130460CF0F1F8054688B101210C30A6
:10B740000AF0E9FA234607702246294606F1EC0082
:10B75000FCF70CF80028DCD02846F8F7EFF8D8E71B
:10B760006FF06800D6E700BFC0AE0200AEF0020086
:10B77000134B10B5044618604FF0FF324FF0FF3303
:10B78000104804F089FF104805F026FB0D4804F02E
:10B79000F5FF1CB9BDE81040FFF704B90B4CBFF32F
:10B7A0005B8F2368BFF35B8F5B0607D5201FFFF716
:10B7B00059FB18B10821201FFFF788FF10BD00BFFB
:10B7C000FC5D00200426002018260020BC49002033
:10B7D0002DE9F3410B8A04460E4643B92D4A2E4803
:10B7E00001210CF01FF8002002B0BDE8F08101211A
:10B7F00006F10C000AF0BFFAA4F1EC05E83C07469C
:10B80000042120460CF010F83B7828B1234A224846
:10B8100002210CF056F8E6E70E2B01D9204AF6E794
:10B82000DFF8808058F833204AB902211E4A1A48AE
:10B830000CF047F807212846FFF748FFD3E71946E1
:10B8400028460CF0DAF83B7860B91348174A022111
:10B850000CF037F8032120460BF0E6FF0028C2D099
:10B860000821E8E708EBC301328A0979914208D040
:10B8700001210093084813460D4A09F072FF0A217E
:10B88000D9E7314658F83330284698470146002812
:10B89000A9D0D0E706F10200C0AE020021F10200FB
:10B8A00052F1020090BA020074F102008EF102001F
:10B8B00070E902002DE9F04F99B090F8E930D1F825
:10B8C0000C80D0F8EC6023F0020380F8E93098F89F
:10B8D000003000AF054606F17009002B3BD098F808
:10B8E000063003F0C003C02B35D041463846F8F788
:10B8F00073F86E4688B06C46614BDFF888816D4600
:10B900004FF4007ACDE90537ADF81CA045F8108F4B
:10B9100000232A465C484FF4E25107F1200BF6F76A
:10B9200021FA4946B5465846F8F756F8A546574B0A
:10B93000A4F81CA0C4E9053BC4F8108052480023B9
:10B940002A464FF4E251F6F70DFA0A20B54664375D
:10B95000BD46BDE8F08F0722414648460EF060FF25
:10B9600068B1307A414600F0E3FA044638B1014646
:10B9700028460BF062FF48B320460CF0A4F90D21D5
:10B98000281D0BF051FF002868D0317A4A4602206A
:10B990000CF085F90446D8B907F140054946284618
:10B9A000F8F71AF86E4688B06A46394BCDE9053586
:10B9B0004FF40073ADF81C30324B42F8103F324860
:10B9C00023464FF4E251F6F7CDF9B5460820BEE71D
:10B9D000F378002B3CD106F17E03187801282BD197
:10B9E0009A7902F0C002402A26D1D3F80120C4F887
:10B9F0003E20B3F80530A4F8423096F87030DBB141
:10BA000096F8763003F0C003C02B15D02149BC64F2
:10BA100007F14002C7E91098FBF73CF9D8F800306D
:10BA2000C4F80130B8F80430A4F8053098F80630AE
:10BA3000E3713046FBF7E4FB00212046F9F796FF5F
:10BA400048B11148144A02210BF0ECFE03207EE7B6
:10BA500006F17703C1E72046F9F79AFF95F8E93038
:10BA60005B0703D50A2128460BF043FFB5F8E81021
:10BA700009B100206BE72846FFF796FDF9E700BF04
:10BA8000A9F1020003000001C0AE020027F202008B
:10BA90006AF002006F7A0200BDF102002DE9F04168
:10BAA0000E46D0F8EC800446FEF72EFFF6680546F9
:10BAB00033781048104A0121271D0BF002FF0A219C
:10BAC00038460BF09AFF38B16DB920463178FFF750
:10BAD0006BFD0020BDE8F0810B2138460BF08DFF97
:10BAE0000028F1D1F1E72B69002BEED040469847B2
:10BAF000EBE700BFC0AE0200F8F102002DE9F04311
:10BB0000054689B0A0F1E806044600AF88463046F5
:10BB1000012155F8EC990BF070FF28B3B8F1000F34
:10BB200017D0032130460BF07FFEE8B14046F8F70E
:10BB300059FF0138C0B208289ABF374B1C5C00245B
:10BB4000022130460BF0D5FE21462846FFF72CFD9A
:10BB50000AE099F80B303BB1032130460BF064FE4C
:10BB600030B928460BF060FF2437BD46BDE8F083AE
:10BB7000052130460BF058FEB8B114F8043C1B0701
:10BB800007D514F8033C180703D5112130460BF0F4
:10BB9000B0FE14F8043C23F0080304F8043C14F845
:10BBA000033C23F0080304F8033C14F8033CD907D2
:10BBB00010D5062128460BF09CFE022130460BF0E2
:10BBC00098FE2168D1F8A46066B134F8041C0029FD
:10BBD000CAD1BAE79A0701D50821EBE75B07ECD594
:10BBE0000A21E7E770313846F7F7F6FE6D4688B070
:10BBF0006A460A4BCDE905374FF40073ADF81C30A7
:10BC0000074B42F8103F074833464FF4E251F6F72E
:10BC1000A9F8AD46A8E700BFEAFC02001AF202004C
:10BC200003000001C0AE020037B5A0F59C75A0F579
:10BC30009A74BFF35B8F2368BFF35B8FBFF35B8F97
:10BC40002A68BFF35B8F084800920121074A09F078
:10BC500088FD28460821FFF7A7FC0421204603B0F1
:10BC6000BDE830400BF045BEC0AE02002FF202002E
:10BC70002DE9F04389B000AF04460BF024FE0546E1
:10BC800080B3061D032130460BF0CEFD50B3D4F82F
:10BC9000A40008B10CF017F804F17009207A4946A5
:10BCA00000F0A2F88046C4F8A400F8B94946384626
:10BCB000F7F792FE6E4688B06A46414BCDE90537EC
:10BCC0004FF40073ADF81C303E4B42F8103F3E4835
:10BCD0004FF4E2514346F6F745F80821B5462846A9
:10BCE000FFF7F4FC2437BD46BDE8F0830E21304653
:10BCF0000BF09AFD28B1D4F8A420537C43F0020342
:10BD000053742B7A032B0DD8002B4DD1D4F8A420DB
:10BD1000537C23F020035374D4F8A420537C23F0E5
:10BD200001030DE0053B012BF0D8D4F8A420537C8F
:10BD300043F020035374D4F8A420537C43F0010350
:10BD400053742B7D697BD4F8A4208B4228BF0B460B
:10BD50001374052130460BF067FDD4F8A420537C02
:10BD600048B343F0100353740D2130460BF05CFDD3
:10BD70000028B7D0D4F8A40020210BF0A0FFD4F8FD
:10BD8000A43005F147021E33573552F8041B43F81F
:10BD9000041BAA42F9D1D4F8A42000235361936173
:10BDA000D4F8A42093839DE7052130460BF03CFD99
:10BDB0000028ABD0BFE723F01003537492E700BF15
:10BDC0006AF0020003000001C0AE020008B5044B97
:10BDD000044801221A70FAF7C9FB002008BD00BF11
:10BDE000826600202026002070B5054612480378A0
:10BDF000AB420C464FF0010604D1072230440EF04E
:10BE00000FFDA0B12EB10D490D4807220EF008FD1F
:10BE100078B9094A134603F8015B2168C2F801109A
:10BE2000A1889980A179997140F21123D3600248C9
:10BE300070BD0020FCE700BF005E002008FC02008F
:10BE4000015E0020F8B5084F164604460D46002254
:10BE50007B8A234002B1F8BD002BFCD03146384626
:10BE6000A8470122F4E700BF005E002008B503499F
:10BE700000220220FFF7E6FF002008BD917C0200AF
:10BE800070B50B4C638A03400D464FF00006114617
:10BE9000227808D0954204D10722601C0EF0C0FC25
:10BEA00018B1304600E0184670BD2046FCE700BFE0
:10BEB000005E0020F8B50B78012B06460C4601D039
:10BEC0000020F8BD8B7903F0C003402BF8D1154D4D
:10BED0006F8A2946BF0711F83E2B4FF0000304F18B
:10BEE000010006D5B24204D106220EF099FCB8B189
:10BEF0000023002BE4D16B8A9B07E1D52B78B3425A
:10BF0000DED1661C0848314609F06AFF0028D7D008
:10BF1000D4F80130C5F83E30044BB4F805209A80BF
:10BF20000048CEE7005E00202E5E00203E5E00202E
:10BF300010B5074C2378834208D10722601C0EF00D
:10BF40006FFC00280CBF2046002010BD0020FCE73D
:10BF5000005E00202DE9F043BDB0154602AF044657
:10BF600038B9A44AA448012109F0E8FB6FF015068E
:10BF700042E0382207F1B0011846A847051E06DA4C
:10BF80009E4A2B469C48012109F0E1FBEEE707F1B0
:10BF90000801204609F037FF064698B16D4688B083
:10BFA00002AA974BC2E905344FF400739383954B73
:10BFB00042F8103F904800234FF4E251F5F7D2FECB
:10BFC000AD46D3E7391D204609F008FD786838B141
:10BFD0000A22314607F098FC034608B18A4AD1E7A5
:10BFE00055BB07F1080229463F20FFF749FF40B142
:10BFF000442229460EF005FC3046EC37BD46BDE82C
:10C00000F08307F1100407F108012046F7F7E4FC7C
:10C01000E84688B002AA7D4BC2E905344FF40073AC
:10C020009383784B42F8103F73482B464FF4E4510A
:10C03000F5F798FEC546DFE707F108010020FFF796
:10C04000D3FE0446E0B907F1300507F108012846A0
:10C05000F7F7C2FC6E4688B002AA6D4BC2E90535FF
:10C060004FF400739383674B42F8103F62482346B6
:10C070004FF4E251F5F776FEB5466FF00B06BBE7DD
:10C08000382D97F8B0304FD0102B41D8342D3FD1F8
:10C0900040F21123C36007F1B00500F1100307F16E
:10C0A000E00C2A4603CA624518605960154603F140
:10C0B0000803F6D110681860E27BB4F80D3043EA4B
:10C0C0000243022B7BD1637CDA0795D513F0300550
:10C0D00092D107F1900807F108014046F7F77CFC80
:10C0E000E94688B002AA4B4BC2E905384FF4007309
:10C0F0009383444B42F8103F3F482B464FF4E451A2
:10C10000F5F730FE637C23F00103CD46637473E7DB
:10C1100038230093404A38482B46012109F021FB7F
:10C1200020460BF0D0FD21E7102B35D840F211232B
:10C13000C36007F1B00500F1100307F1E00C2A46D7
:10C1400003CA624518605960154603F10803F6D129
:10C1500010681860638A03F0220213F020056282DF
:10C16000AAD107F1500607F108013046F7F734FC71
:10C17000E84688B002AA294BC2E905364FF400739D
:10C180009383204B42F8103F1B482B464FF4E45159
:10C19000F5F7E8FDC546C3E707F1B00300F10C056C
:10C1A0001A4603CA696007F1E8018A42286013460B
:10C1B00005F10805F4D1237B112B3FF47DAF07F186
:10C1C000700507F108012846F7F706FC6E4688B0AF
:10C1D00002AA134BC2E905354FF400739383094B50
:10C1E00042F8103F044800234FF4E251F5F7BAFD3E
:10C1F000B54695E773D5020090AE020065F20200E5
:10C200005BEC02000300000177EC020084F2020004
:10C21000A7F2020044F30200C6F20200E4F20200B8
:10C2200004F3020010B501460246382311F8010B51
:10C230000C32F7F7E3FD044628B1044A0346012116
:10C24000034809F084FA204610BD00BFA9F302009C
:10C2500090AE02002DE9F0439BB0304CDDE923871E
:10C260001D468446894616460CAB04F1300E206804
:10C2700061681A4603C2083474451346F7D1206832
:10C28000106022791A716146202204A80BF02EFD5D
:10C2900023486B46202204A900F072F80446C0BB74
:10C2A000102249460DF135000BF020FD10223146D9
:10C2B0000DF145000BF01AFD2946062211F8013B4D
:10C2C0008DF855300DF156000BF010FD2299062225
:10C2D00011F8013B8DF85C300DF15D000BF006FDAF
:10C2E000434635220CA9684600F04AF8044680B956
:10C2F00040460BF005FD01238DF8303035223B46DA
:10C300000CA9684600F03CF8044610B938460BF01A
:10C31000F7FC20461BB0BDE8F08300BFAAB20200C4
:10C320001BFD020070B598B00E461446014620224F
:10C3300004A81D460BF0DAFC202231460CA80BF0B5
:10C34000D5FC1022294614A80BF0D0FC102221465F
:10C3500068460BF0CBFC6B46502204A9684600F0FF
:10C360000FF840B9039B054A1BBAB3FBF2F102FB7D
:10C3700011331C9A136018B070BD00BF40420F000B
:10C380002DE9F0418EB007460C46154600211822D3
:10C3900008A81E460EF035FA4FF41053ADF81C30C5
:10C3A000DFF85C808023ADF81E304FF44063CDE9A8
:10C3B0000938102205AB394607A806F051F80346A4
:10C3C00048B1104A1048012109F0C1F96FF004008A
:10C3D0000EB0BDE8F08106AB029310232246CDE9F2
:10C3E000006341462B4605980DF0A8FD04460598CC
:10C3F00005F0F8FF2043EBD0044A2346E2E700BFF4
:10C400000002C003E0F3020058AE0200FCF3020099
:10C4100010B5094C0A44914200D110BD11F8013BFE
:10C42000584003090001E35CC0B2434018091B01F6
:10C43000205CDBB25840EEE72BFD0200142870B5FB
:10C4400003460C4612D80B4A12F81010D4E9000526
:10C4500002EB4302A0FB01065278002301FB0561B9
:10C46000EEF7DAFAC4E90001002070BD6FF01500A4
:10C47000FBE700BF3BFD020008B503F079F9034676
:10C4800068B10748074A012109F061F906486FF0D1
:10C4900004034362BDE8084014300BF0B4BC08BD8F
:10C4A00020AE020015F4020090220020044B93F805
:10C4B0003A3013B1034803F009BAFFF7DDBF00BFFC
:10C4C000902200207DC50100094BBFF35B8F53E82C
:10C4D000002F511C43E800100028F8D1BFF35B8FF8
:10C4E0000AB9FFF7E3BF6FF00F025A62704700BF4F
:10C4F0009022002080B500AF88B06A46094BCDE994
:10C5000005304FF40073ADF81C30074B42F8103F74
:10C51000064800234FF4E251F5F724FC6FF00400C5
:10C52000BD4680BD2FF402000300000120AE0200D2
:10C5300038B50F49002205460E480DF057FA002085
:10C5400003F002F8044630B12868FFF7D3FF6FF01C
:10C550000404204638BD024601210720F6F754FEA8
:10C560000548C368002BF4D104300BF04CFCF0E715
:10C57000C9C40100F022002090220020F8B5037801
:10C58000002B40F09A80574CE36A94F850701F4299
:10C59000254607D1A36A002B3FD15348BDE8F84098
:10C5A0000BF031BC94F89810A26D94F85160A1B9C9
:10C5B0000121DBB20B420BD00F4208D016EA010C6E
:10C5C000B2F9000024D000EBD0704010108002328D
:10C5D000490089B2B942EDD9DCE73340018915D071
:10C5E00002EB41019142D5D0B2F9003003EBD37395
:10C5F0005B1022F8023BF5E732F91360002EB8BF5A
:10C6000022F8130001338B42F6DBC3E71846FAE742
:10C610000028B8BFA2F800C0D9E7236C43B1B4F832
:10C620004C2032493248984701280BD0022837D095
:10C63000B4F84C30B4F848209A4231D90133A4F808
:10C640004C30002094F89830B3B994F8521018B9CF
:10C65000A36D03EB4103A365A06D03F049F8034606
:10C6600050B12448244A012109F071F86FF0040305
:10C670001D4863620BF0C7FBE36B1BB9BDE8F840D4
:10C68000FFF714BFBFF35B8F55E8003F5A1E45E824
:10C6900000210029F8D1BFF35B8F012BEEDCF8BD40
:10C6A000E36B002B3FF479AF94F89830002B7FF4C4
:10C6B00074AF124805F0B2F96FE7022B0FD103F007
:10C6C00057F803460028EAD00A480D4A012109F02C
:10C6D0003EF804486FF00403436214305EE7052B14
:10C6E000DDD15AE790220020A4220020B8220020A9
:10C6F000D4AA020020AE02004FF40200F022002073
:10C7000015F402002DE9FF410F464FF0FF3380483A
:10C710004FF0FF3204F0E8F87E68731EFE2B05D957
:10C720007C4A7D48012109F009F810E000242546E3
:10C7300026FA04F3DA0715D502F04EFFE040C307EE
:10C740000ED4764A23467448012109F000F86FF0B0
:10C7500015046F480BF057FB204604B0BDE8F0818C
:10C760000135EDB20134082CE2D10DB96C4AD8E79D
:10C770003B7CA3F10802062A0FD8DFE802F0100E76
:10C78000120E040E0C000221012D7A7C0BD0002A1F
:10C7900046D0644AC5E70321F6E7634AD3E70021A0
:10C7A000F2E70121F0E7082A06D8DFE802F00808DE
:10C7B000080808080808080013465C4AC3E73B68F5
:10C7C00073B35C6864BB186801387F2828D88DF87B
:10C7D00008208DF809401B68554A1B01013BADF844
:10C7E0000A30012382F898308DF80C3002AA514BA0
:10C7F000304602F02DFF04460028AAD13B686A00AB
:10C8000013B19B8903FB0222FB68934211D2424879
:10C8100000920121484A08F0A4FF6FF00B0498E74A
:10C82000434B002083F89800424B304602F0DAFE7A
:10C83000E1E73F4E86F8525096F89830B868B065F8
:10C84000B04673B13B689D890135A9B202F050FF33
:10C85000044640B1394A034601212F4808F077FFCA
:10C8600077E72946F2E7BC46BCE80F00344D0FC518
:10C87000DCF800302B6074623B68002B45D00FCB96
:10C880002F1D87E80F00F36BB762A6F84C40002B12
:10C890003BD0BFF35B8F58E8003F48E80042002AD6
:10C8A000F9D1BFF35B8F96F89810E1B9F46B254886
:10C8B000254A4FF400470023E4FB0701EEF7FCF89C
:10C8C0000022CDE90001002305F1280005F06EF8F3
:10C8D0001E484FF0FF324FF0FF3304F005F800B16F
:10C8E0007062746A35E702F043FF03460028EFD018
:10C8F000174A0948012108F02AFF6FF00403A5F147
:10C90000240073620BF07FFAE2E7FFF7CFFDDFE769
:10C910009422002068F4020020AE020086F4020097
:10C92000A0F40200DBF40200B6F402000DF50200F0
:10C93000902200207DC5010030F502004FF4020076
:10C94000B82200203F420F0040420F00A4220020E6
:10C9500015F4020030B587B000230393CDF80F30F3
:10C960004B798DF813300B7913F020050C4615D058
:10C970008A797F2A08BFFF228DF81420C3F30402AE
:10C9800003F01F03072B8DF8152009D95A4A5B487D
:10C99000012108F0DCFE6FF015059DE0FF22EBE7BA
:10C9A00022780C2A1ED8DFE802F00A07111D131D99
:10C9B000151D1D17191D1B0001228DF80E20627810
:10C9C000032A15D0042A16D04D4A0CE00222F4E7BF
:10C9D0000322F2E70422F0E70522EEE70622ECE765
:10C9E0000722EAE7474A4548012108F0A7FED2E7B7
:10C9F00001228DF80F20628844F20A018A4227D86A
:10CA000043F6FE718A4203D8002A4BD03E4AEAE739
:10CA1000A2F57F523F3A0B2AF8D801A151F822F033
:10CA2000ADCA01000DCA01000DCA01000DCA010006
:10CA300073CA01000DCA01006DCA01000DCA0100D0
:10CA40000DCA01000DCA01000DCA0100A5CA0100EE
:10CA500044F214018A4227D044F228018A4225D0A8
:10CA600044F20F018A42D1D1032200E001228DF865
:10CA700010202649012000FA03F391F85020DBB280
:10CA80006DB3A5797F2D13D1134381F850302379ED
:10CA900091F8512003F01F0300FA03F3134381F8C8
:10CAA00051300BE00222E2E70422E0E70522DEE754
:10CAB00022EA03028DF8110081F8502003A80CF03F
:10CAC000A8F9054640B1237903F01F03104A0090EE
:10CAD00001210A4808F045FE284607B030BD13433F
:10CAE00081F85030237991F8512003F01F0300FAA8
:10CAF00003F322EA0303D2E755F5020020AE020059
:10CB00008BF502006CF50200AFF5020090220020C8
:10CB1000DAF50200084B70B5C31A0D4607499B10A1
:10CB200004465943064840220BF078F92B4601464B
:10CB30002046BDE870401847585E0020B76DDBB650
:10CB40002CAA020073B50C4C0C4A4023041B009322
:10CB50000D460B460A49A4106143064609480BF0EE
:10CB600089F9014628B130462B4602B0BDE8704035
:10CB7000184702B070BD00BF585E0020E17E020081
:10CB8000B76DDBB62CAA02000022F8B501210546DC
:10CB90001046F6F739FB104802F010F80446B8B911
:10CBA0000BF0FAFD2F690D49384608F08CF9031E89
:10CBB00009DB01263E642D69084905F11C0008F0D7
:10CBC00082F9031E02DA1C462046F8BDEE64FBE73C
:10CBD0006FF00404F8E700BF09CD010008BB0200B4
:10CBE0001FB500220123CDE902236C46074A6B469C
:10CBF000CDE900440BF06DF928B94FF480420023D1
:10CC0000684603F071FE04B010BD00BFF37E020061
:10CC100010B5EFF31184402383F31288BFF36F8FB5
:10CC2000074A136823F00201DB07116002D40120D8
:10CC30000BF0ACFD84F31188BFF36F8F10BD00BF04
:10CC4000A85E002030B4104B0C2202FB00330146DA
:10CC50000020D3E90E529863EFF31180402484F34F
:10CC60001288BFF36F8F1C6C04F0C00444F0020400
:10CC70001C6480F31188BFF36F8F1DB12B460348EE
:10CC800030BC184730BC7047585E00202CAA020008
:10CC900010B4EFF31180402282F31288BFF36F8F3C
:10CCA00017490B6843F0020413F001030C601AD01B
:10CCB0004FF08043D3F80C14D3F80C3413F0010375
:10CCC00011D0EFF3118182F31288BFF36F8F0D4AF9
:10CCD000136C03F0C00343F00203136481F3118863
:10CCE000BFF36F8F012380F31188BFF36F8F1BB1E8
:10CCF00010BC0020FFF7A6BF10BC012001F04EBF02
:10CD0000A85E0020585E002010B1012804D07047B2
:10CD1000034B1B6C5B0701D1FFF794BF704700BF4B
:10CD2000585E0020F8B52849BFF35B8F0646012204
:10CD300051E8003F41E800200028F9D1BFF35B8FA4
:10CD400033B9224922484B60CB608A6008F0CEF8A4
:10CD5000731E012B2CD80CF08FFC044650B1EFF35E
:10CD60001185402383F31288BFF36F8F01244FF0A6
:10CD700080470EE0174B1B78002BF0D04FF080431C
:10CD80000222C3F808230546F1E794B1284608F0CB
:10CD900032FFD7F81824D7F81834D203F5D59B07FB
:10CDA00001D0012EF1D14CB185F31188BFF36F8F03
:10CDB000F8BD002121200CF026FDEAE74FF080436A
:10CDC0000222C3F80423F3E7545E0020445E0020EF
:10CDD000745E0020DF69002008B50448F4F7C2F84B
:10CDE0000248F6F7C9FC002008BD00BFF1CD0100E4
:10CDF00073B5104E8DF807000446032501220DF18E
:10CE00000701002003F02CFA20B1012333702046E3
:10CE100002B070BD3378002BF9D0013D08D00CF082
:10CE20002BFC0028EAD1002142200CF0ECFCE5E7C5
:10CE30003570ECE785660020EFF31182402383F321
:10CE40001288BFF36F8F0A4BD3F8001161B1002134
:10CE5000D3F80805C3F80011D3F80031C0B282F34B
:10CE60001188BFF36F8F70476FF00A00F7E700BFBC
:10CE700000D00040F0B503468478C678EFF3118EF9
:10CE8000402080F31288BFF36F8F1D7893F801C0A4
:10CE9000641B3440A24288BFA2B2AF183740284674
:10CEA0001F708EF31188BFF36F8F8F188F4218D1C8
:10CEB00065450CD1EFF31181402080F31288BFF358
:10CEC0006F8F1878587081F31188BFF36F8F1B79BB
:10CED000A41AA34228BF074B90B224BF01221A60B4
:10CEE000F0BD03EB000E01309EF805E001F801EB08
:10CEF0003040DBE700D00040DB432DE9F04713F082
:10CF000001050F46144604D02448FFF7B3FFBDE8DF
:10CF1000F087B2B3EFF31186402383F31288BFF397
:10CF20006F8F0D20F6F762F980460D20F6F74AF96B
:10CF300086F31188BFF36F8FDFF864A0194ECAF82B
:10CF40000051DAF800314FF400590123CAF80030DB
:10CF50002546C6F88091DAF80031A3B1FFF76CFFDF
:10CF6000031EA4BF05F1FF35ADB2C6F88091A8BF7E
:10CF70007B55002DEFD1B8F1000F02D00D20F6F750
:10CF800013F92046C3E7EFF31180402383F312889F
:10CF9000BFF36F8F08F02FFEDDE700BFCC5E0020EF
:10CFA00000D0004000E100E070B50D4614460CB919
:10CFB000204670BD4FF0FF334FF0FF320C4803F0B6
:10CFC00093FC224629460B48FFF754FF06460848C3
:10CFD00003F056FC3EB94FF0FF324FF0FF330648E6
:10CFE00003F082FCE6E7A41BA4B23544DFE700BFF0
:10CFF000AC5E0020E15E0020BC5E002038B501225E
:10D00000114617480CF00CFA154D0122002105F1CC
:10D0100010000CF005FA40F207432B874FF07063C5
:10D020002B620C2385F8243000240E4B85F8354004
:10D03000EC86D3F8042522F00102C3F8042501216F
:10D04000C3F80041D3F80021C3F804132246196045
:10D050000D20F6F7D9F80D20F6F7A6F8204638BDD2
:10D06000AC5E002000D0004010B5FFF7E5FE0028C0
:10D0700020DB174B93F8222093F8214093F82310DC
:10D08000141B31EA0404C0B20DD193F8372093F891
:10D09000364093F83810141B31EA04040BD10D4BC1
:10D0A00001225A600EE09C180132114084F82500DC
:10D0B00083F8221010BD9C180132114084F83A0008
:10D0C00083F837100448BDE8104003F0D9BB00BF17
:10D0D000AC5E002000D00040BC5E0020024B0B6024
:10D0E00001231360704700BFF05E002000487047C6
:10D0F0002CBB020007B50346054A009105480121F3
:10D1000008F02FFB6FF0150003B05DF804FB00BFC3
:10D110004FF60200E8AE020010B5012211460748A2
:10D12000074C0CF07DF901F097FD0BF04EFE2060EE
:10D130000BF047FE6060002010BD00BFF85E0020CD
:10D14000F05E002038B5037B04460BB10BF033FBD7
:10D150000125A368032B06D8124AD2F80034DB0756
:10D16000FBD5002038BD23686068196802F02CF8F0
:10D17000636804336360236804332360A368043B5B
:10D18000A360237B0135002BE3D0284601F0F0FD9E
:10D190000028DED0034AD2F80034D907FBD501209D
:10D1A000E0E700BF00E00140F0B589B00E4615464B
:10D1B0000BF007FE2946074630460AF032FF60B3FF
:10D1C000B6FBF7F307FB136323B9B5FBF7F407FBD3
:10D1D00014545CB11F4A009533461F48012108F0E2
:10D1E000C0FA6FF01504204609B0F0BDBD42FAD375
:10D1F0004FF0FF334FF0FF32184803F075FB0BF090
:10D20000CEFA04AB014660B9102218460DF0F9FAC7
:10D21000CDE905650AF0E1FE16E0114A00953346B6
:10D22000DBE71022214618460DF0EBFA01228DF8BB
:10D230001C200C4ACDE902200B48CDE9056501F020
:10D2400013FD02A801F016FD0446044803F018FB84
:10D25000C9E700BF6CF60200E8AE0200F85E0020ED
:10D260004FF60200DB7F0200645E010070B50D46E0
:10D2700088B01946284616461C460AF0D2FE58B910
:10D280001D4A00942B461D48012108F06AFA6FF0F0
:10D290001504204608B070BD45EA04039B0703D07F
:10D2A000174A00942B46EEE7002CF2D04FF0FF33E4
:10D2B0004FF0FF32134803F017FB0BF070FA0346F0
:10D2C000CDE9046504A806948BB101238DF81C30C8
:10D2D0000D4BCDE9023041F64C5001F0C5FC02A8DF
:10D2E00001F0C8FC0446074803F0CAFAD1E78DF8FC
:10D2F0001C30FFF727FFF5E74FF60200E8AE02000B
:10D300008BF60200F85E002045D101002DE9F043C4
:10D31000476840F20636D0063B7C87B002EA060634
:10D3200054BFC2F3401C4FF0030C01F01F05B6F5CB
:10D33000837F144645EA43158DF803C044D00DD8C9
:10D34000062E16D005D8A6B1022E3FD06FF01500DC
:10D3500037E0B6F5807FF9D101260AE040F20222DB
:10D36000964235D0B6F5407F34D0B6F5007FEDD18A
:10D370000226220330D57A6801238B40C2F8083593
:10D38000B868A0BB05F01F036D092DD0012D77D122
:10D390003E4A02EB8302C4F30043D2F8001783F045
:10D3A0000103C4F3404444EA430421F4E16144EA44
:10D3B0008C0421F0070144EA06230B43C2F800372E
:10D3C000002007B0BDE8F0830726D2E70426D0E7A7
:10D3D0000526CEE70326CCE7630341BF01237A6825
:10D3E0008B40C2F80C35CBE74FF0A042D1E70DF1EE
:10D3F000020229460BF055FC14F4403F80460CD144
:10D40000B86829460BF082FCB8F1000FD8D19DF81E
:10D410000210B86801F0B8FDD2E74FF0000901AB87
:10D42000CDE90199CDE90439CDF80C90B86803AA8B
:10D4300029460BF00BFB4845C2DB14F4003314D033
:10D44000C4F300449DF803308DF80E3084F00104DD
:10D450008DF80C608DF80D40B8684B4603AA29463C
:10D460000BF0A7FB0028CFDAAAE7CDE904330DF1D2
:10D4700003030393B86803AA29460BF0E7FAF1E720
:10D4800003F5E07350F82330FFDE00BF00030050C7
:10D49000420970B5034602D0012A17D070BD0D4E67
:10D4A000326951680029F9D003F01F0301250C6887
:10D4B0009D400029F2D08A682A4002D04B6830464D
:10D4C00098472CB1236821461C46F2E7024EE7E755
:10D4D0002346F8E764AA020048AA020038B5456866
:10D4E000A86890B10BF00CFC014670B9A8680BF06D
:10D4F000EBFB044658B902460649A8680BF0CEFB80
:10D50000224605210620F5F77FFE002038BD6FF08A
:10D510000400FBE791D40100F0B544681646A0680A
:10D52000227C01F01F0587B045EA421500286DD026
:10D53000B6F5001F04D129460BF03BFC002056E055
:10D540006268607CC2F8240501AA0020B6F5800F4D
:10D550000190506037D1B3F1007F14BF052304233D
:10D560008DF804300023CDE904230393E36823FA04
:10D5700001F111F001010DF103073AD1B6F1A07FDD
:10D5800037D105F01F036A0903F5E07326D0012A9D
:10D590003FD1214A52F82330DB072AD4A0683A460B
:10D5A00029460BF07EFB16301BD00297A06803AA19
:10D5B00029460BF04BFA002819DBA0680122294606
:10D5C0000BF0A6FBBAE7B3F1C06F05D0B3F1007F53
:10D5D00014BF01230223C3E70323C1E74FF0A04296
:10D5E000D8E7A068394601F0D5FC0028DDDA07B09D
:10D5F000F0BDA0683A4629460BF053FB0028D5D170
:10D600009DF80310A06801F0BFFCCFE76FF0850024
:10D61000EDE751F82330FFDE00030050044A054BCC
:10D620009362054A1A60012100220320F5F7ECBD40
:10D6300028260020205F0020003000402DE9F04F18
:10D6400089B002AFD0F810A0BB6043683A61D3F84C
:10D6500020B09B8A7B614FF0FF324FF0FF330546CD
:10D660000C460AF0B9FD0AF13C03FB6000230022DE
:10D670000AF13C00002603F037F933463A69964236
:10D6800001D300235DE0207A010700F19B803A6915
:10D690002168013696420BD2820709D4227D80EAA6
:10D6A000020C0CF0010C02F004025CEA020C24D023
:10D6B000002B50D101F06042B2F1005F4ED1D4F89E
:10D6C0000080A3884FF00009BA68CAF85080217A18
:10D6D00000922846424600F0A5F8031E31DB4FF4C5
:10D6E0008042F868002303F0FFF800284BD028465A
:10D6F0000AF089FD6FF0730323E04FF001086268C0
:10D70000D7F814E003EB020CF44529D96C468CB031
:10D71000286802A92E4ECA61C1E905637B690A46E1
:10D72000C1E9083040F203530B852A4B42F8103F01
:10D73000002329484FF45151F4F714FB6FF01B03F9
:10D74000A54628467B610AF04BFD7B691C371846CD
:10D75000BD46BDE8F08F4FF00008D0E79846CEE711
:10D76000C00705D40BEB03007B600DF03CF87B6831
:10D7700062681A4493B2B8F1000F0CD1002B9ED00E
:10D780009946D846A0E7DAF84C30002B1DDB237A07
:10D79000DB0702D400230C3470E7C345FAD12346DB
:10D7A0000AE0A9EB0201D8687B601FFA81F918FA38
:10D7B00081F10DF018F87B685A689145A3F10C03CC
:10D7C000EFD2E7E76FF08503BBE76FF00403B8E73C
:10D7D000EDF602000600000110AF020008B5CA070E
:10D7E00043680AD4C1F34201012909D002290FD0AC
:10D7F0000A4A0B48012107F0A1FF6FF0150006E06F
:10D800009B6A1B684FF0CC72C3F82425002008BD2A
:10D810009B6A4FF0C8621B68F6E700BFD3F70200AF
:10D8200010AF0200F0B589B047680C4616460021DB
:10D8300012220DF10E001D460CF0E3FF04F001036F
:10D840008DF80C30BDF838308DF80D30BB8C049558
:10D85000AB4206960AD20A4800930A4A2B46012197
:10D8600007F07FFF6FF01B0009B0F0BDC4F340026A
:10D8700082F00102B86A520103A902F0B1F9F3E79C
:10D8800010AF0200E5F70200B0B5456800AFAB6924
:10D8900004469847E86901210AF0A6FC2A69A86AAB
:10D8A000234629460BF050FB002818DA23686C4603
:10D8B00088B06A460C49CDE905134FF40073ADF802
:10D8C0001C300A4B42F8103F094800234FF4E25144
:10D8D000F4F748FA6FF00400A546BD46B0BD2046F7
:10D8E0000AF0A9FC0020F8E72FF402000300000171
:10D8F00010AF02002DE9F0412C4E002440F2FF153C
:10D90000E3B28B4201D3002015E050F8247017F4E5
:10D91000804FC7F3C32CC7F308033ED13F0EAB4281
:10D9200008BF4FF0FF330B2F16F80CC005D00C2F9B
:10D930002DD06FF08500BDE8F081C2F80835BCF14C
:10D94000000F01D14FF0060C5F1C1ED003F01F0723
:10D950005B091FD0012B23D1DFF854E050F82430AD
:10D960000EEB8707DFF84CE0D7F8008708EA0E0EC9
:10D97000C3F3C038C3F341239B0043EA480343EA9F
:10D980000C2343EA0E03C7F800370134B8E7C2F8A6
:10D990000C35D4E74FF0A04EE0E76FF01500CAE772
:10D9A00007F5E077002353F82730FFDE65FD02001E
:10D9B00000030050F0F8FCFF08B578B10849094AA7
:10D9C0004FF4004E8C460021E0FB0EC10023604660
:10D9D000EDF772F8BDE808400BF015BF08BD00BFB9
:10D9E0003F420F0040420F002DE9F041466896F893
:10D9F000268008F00308B8F1000500AF044618BF00
:10DA000001250AF036FCB06A30B9294620460AF0F2
:10DA1000D9FCBD46BDE8F0810BF0BFFB0346B8B9A9
:10DA2000B26A6C4688B011686A461F48CDE90501A4
:10DA30004FF40071ADF81C101C4942F8101F1C482F
:10DA40004FF4E251F4F78EF96FF01200A546E0E7CB
:10DA5000B8F1000FF28DB06A96F82C100CBF4FF49D
:10DA6000B0134FF4D0131A43D0F810E0D0F8088068
:10DA7000DEF8006042F3000303F4402353404FF00C
:10DA8000010C23F480120CFA01FCDB074CBF4CEABA
:10DA9000060626EA0C06CEF80060D8F80030984753
:10DAA0000028B2DAB5E700BF2CF80200030000013D
:10DAB00078AF020070B5012383400F4ABFF35B8F3C
:10DAC000DC4352E8001F01EA040542E80056002E3C
:10DAD000F7D1BFF35B8F4FF4803282400748C0F824
:10DAE0000823BFF35F8FBFF36F8F03EA0100003895
:10DAF00018BF012070BD00BF905F002000100140E2
:10DB000070B41249D1E90034D01AC31844F10004AA
:10DB100022F07F46C1E90034A6F50013B3F5400FAB
:10DB200009D20B4B1B681A0A1B069C19094B42F1C0
:10DB30000005C3E90045EFF31181402383F3128808
:10DB4000BFF36F8F70BC03F039BE00BF384B0020AD
:10DB5000945F0020404B002011B3BFF35B8F012383
:10DB6000104A834052E800CF4CEA030C42E800C15F
:10DB70000029F7D1BFF35B8F0B4A4FF4803383400A
:10DB8000C2F80433094BBFF35B8F1B68BFF35B8F95
:10DB9000C340DB0742BF064B4FF40032C3F80021FD
:10DBA000704700BF905F0020001001408C5F002094
:10DBB00000E100E00D4B1868010A0006BFF35F8F1B
:10DBC0000B4BD3F80435181841F10001B3F5801F51
:10DBD0000AD2084BD3E90023904271EB030303D22E
:10DBE00010F1807041F10001704700BF945F002088
:10DBF00000100140404B00202DE9F04F85B0164643
:10DC00001F469DF840A00446FFF754FF0190FFF720
:10DC1000D1FFB04271EB07035ED23E4B301A67EB87
:10DC20000101984271F1000109D36FF015052046FA
:10DC30000199FFF791FF284605B0BDE8F08F364BFC
:10DC400003EB0413D3E902239F4208BF964254D04A
:10DC500032494FF4803804F1500508FA04F8AD0059
:10DC6000C1F848832046ADB20AF073FC26F07F4B22
:10DC700005F1804504F5A87305F58835DC464FF0BD
:10DC800003090293029A2CF07F4341F82230C1F835
:10DC90004483D1F80435224A6FF00200C01A604470
:10DCA00020F07F40904228D9286868B1D1F8043527
:10DCB0000393A3EB0B0020F07F40B0F5000F1CD9BD
:10DCC00020460AF046FC039BBAF1000FADD109EBE8
:10DCD000030C09F10109D5E7BAF1000FA5D1012321
:10DCE000104ABFF35B8FA34052E8000F184342E88D
:10DCF00000010029F8D1BFF35B8F07490E9823017B
:10DD000001EB0412C8500F9B5360C2E90267002563
:10DD10008DE700BF01008000284B0020001001406B
:10DD2000FDFF7F008C5F00207FB51C4C1C4BC4F8AE
:10DD30000833C4F848331B4B00254FF0FF304FF039
:10DD4000FF31C4F80855C3E902014FF48033C4F829
:10DD50000433154B02264FF400320121C4F804634A
:10DD60001120C3F880212A46F5F74EFA1120F5F765
:10DD70001BFA0E4A0123A360236013600C4B0D4A6B
:10DD80000093CDE9015500232846FFF735FF3046C3
:10DD9000FEF7C8FF284604B070BD00BF0010014068
:10DDA00003000F00284B002000E100E0905F0020FE
:10DDB00001DB0100FFFF7F002DE9F7432B4CD4F876
:10DDC000043399070BD5D4F8043143B1284A002312
:10DDD000C4F80431D4F80431136801331360D4F863
:10DDE0000433DA0323D5BFF35B8F224B53E8002FB4
:10DDF00022F0010143E800100028F7D1BFF35B8F48
:10DE0000D30702D4D4F840318BB10025C4F8405177
:10DE1000D4F84031FFF7CEFEEFF3108272B6164B06
:10DE2000D3E90267B042B94104D282F3108803B04B
:10DE3000BDE8F0834FF0FF384FF0FF39C3E90289A6
:10DE4000D3E900101D604FF48033C4F84833C4F8A0
:10DE50004051D4F8403182F310880029E7D0009077
:10DE600032463B4628468847E1E700BF00100140A4
:10DE7000945F00208C5F0020284B002030B5431CAD
:10DE8000124C85B005D08442A8BF0446012CB8BF0F
:10DE90000124FFF78FFE0E4B0C4DD3E90013401AFF
:10DEA000B0F5000F10D22218AA4228BF2A465218F5
:10DEB0004FF0000007490091CDE9010043F1000354
:10DEC000FFF79AFE05B030BD2A46F0E7FFFF7F005E
:10DED000384B002001DB010008B5FFF76BFE024B59
:10DEE0001B68C01A08BD00BF384B002037B5046955
:10DEF00094F835300D464BBB0B7B022B29D10B68B8
:10DF00000BBB94F834204B68D2B9134A591E914286
:10DF100019D823630DF1070120460BF084F810F1A6
:10DF20000C0F0BD0AB689DF8070013B1021D44F82D
:10DF3000223094F83430013384F8343003B030BDEB
:10DF4000226B9A42E6D06FF01500F7E76FF00F00F2
:10DF5000F4E76FF08500F1E7FEFFCF0710B5002270
:10DF6000046901211020F5F74FF900232046034AE8
:10DF7000BDE8104019460BF032B800BF81DF010048
:10DF8000F8B50A4E0C46012704B9F8BD94FAA4F579
:10DF9000B5FA85F52B1D56F8233013B104482946F0
:10DFA000984707FA05F524EA0504EDE7582600200E
:10DFB0009CAA020002460B46014802F06DBB00BF5E
:10DFC000C0270020014802F0D9BB00BFC0270020B5
:10DFD00008B5F3F7F9FD0448044A012107F0AEFB48
:10DFE0000020F5F7E7FC00BFD8AE02007AF8020087
:10DFF000014902480BF0B8BA9C5F00205856002037
:10E00000094B93F80031042B02D1810709D47047E2
:10E01000022B02D1020704D47047082B03D18306D8
:10E0200001D5FFF7E5BF70479666002010B40346A0
:10E030000A46034881680C681946234610BC1847F5
:10E0400080AA0200B0B584B000AF3B1D00247C6004
:10E050000A22BC60C7F80B403960014618460CF034
:10E06000EFFB6D468AB0396803466A460D48079152
:10E07000CDE905034FF40073ADF820300A4B42F8A8
:10E08000103F0A4823464FF41151F3F76BFEAD469B
:10E0900084F31188BFF36F8F0323184602DF103714
:10E0A000BD46B0BD97F8020004000001B0AE02000A
:10E0B000F0B589B0064600AF34480D4634490BF040
:10E0C00037FA07F10C00ECF71AFD6C4688B06A4687
:10E0D000304B0593304B06934FF40073ADF81C3072
:10E0E0002E4B42F8103F2E492E4807F10C03F3F750
:10E0F00039FEA5462C480BF050F850B92B4A294858
:10E10000012107F01BFB6FF0120420462437BD46A7
:10E11000F0BD274B7B60381DE3F7C0FB034638B1E9
:10E12000244A2048012107F012FB6FF01504ECE7A8
:10E130004FF0FF304FF0FF31FFF73CFF044600285F
:10E14000E3D11D491D48E2F7F5FF044610B1FFF782
:10E1500039FFDAE741F64C5307F10800BB60E4F7FA
:10E1600073FC20B1FFF72EFF6FF08504CDE701238C
:10E1700038463B70EDF7EDFC0028F3D1FFF722FFA6
:10E1800033690F481D60F5F7DDFEBEE79C5F002098
:10E19000898602005BDB0200BCF80200030000017C
:10E1A000C01C4001B0AE020080AA0200E3F80200E9
:10E1B0002DE0010003F90200484B002095E2010028
:10E1C00001E0010030B5304887B0E2F737FF044680
:10E1D000002854D1E2F7ECFF0125E2F7F5FFECF758
:10E1E00090FCECF790FCECF790FCECF790FC03AAA9
:10E1F000022120468DF80C50E2F74EFF00283DDB4F
:10E20000082303AA07212046ADF80C30E2F744FFAB
:10E21000002833DB4FF0FB13039303AA40F20323E0
:10E2200003212046ADF81030E2F736FF002825DB49
:10E2300003AA042120468DF80C50E2F72DFF002898
:10E240001CDB1F2303AA06212046ADF80C30E2F7A1
:10E2500023FF002812DB40F60C33984212D90B4AF8
:10E26000009029460A4807F07CFA84F31188BFF32E
:10E270006F8F0423184602DF6FF00B000446204620
:10E2800007B030BD2046F9E745E0010027F902005C
:10E29000B0AE020073B5434C94F800313BB394F830
:10E2A0000031042B56D120783E2833D1A678B31EF6
:10E2B0005E425E416378FF2B2ED14FF48073009352
:10E2C00040F20113384A3948012107F04AFA384A26
:10E2D00036486FF00B03012107F039FA002383F36E
:10E2E0001188BFF36F8F0423184602DF1DE04FF043
:10E2F000FF304FF0FF31FFF75DFE48B904F5807144
:10E30000204600F033FB0546FFF75CFE002DC6D02B
:10E3100002B070BD0026CDE7002200233146F5F79C
:10E320001FFE054648B9002EF2D0002384F80031C4
:10E3300002B0BDE87040FFF75BBE62780232194957
:10E3400005F10C0007F0EDFC1A4B1B481B68294631
:10E350009847EAE7022B10D1002200230820F5F7A6
:10E36000D9FD05460028D3D063880433B3F5807FF8
:10E370000FD94FF480720092A4E7082B0BD1002331
:10E3800000222020F5F7C6FD638805460028ECD161
:10E39000BEE71A46D3E7094A0448012107F0D7F936
:10E3A000C3E700BF966600204AF90200B0AE020043
:10E3B000A4F90200985F0020B8AA02006BF90200DD
:10E3C0002DE9F341A94D2C780746002C40F0C68278
:10E3D00004238DF80730A64B0688D3F80080B8F1E7
:10E3E000000F15D1B6F5105F4FEA96230BD2002B24
:10E3F00000F0A782013B072B62D8DFE803F026611B
:10E400004D95616161DD3F2B00F0DE81012019E255
:10E410000DF106030DF10702691CC0470128E1D088
:10E420009DF8063013B9012840F08E820F236B70DF
:10E430000423AB700123E8702B71A5F8056001235C
:10E440002B70002002B0BDE8F081384640F2064251
:10E4500030F9033B934219D040F21D42934218D049
:10E46000012042F219039E4200F2588242F20C034C
:10E470009E4200F24C8240F2064340F21D429E4210
:10E4800018BF964214BF0124002430E0E4F78AF854
:10E49000E7E7E4F7FDF8E4E7384640F6634230F991
:10E4A000033B934234D00EDC40F60342934223D028
:10E4B00040F62D42934222D040F60142934213D0BF
:10E4C0000120044613E040F67B42934223D040F6FD
:10E4D0007C429342F4D19DF80730664902338DF8AF
:10E4E0000730EDF7D3FA01E0E2F7ACFE012484F047
:10E4F00001038DF8063093E7ECF7F8FAF6E79DF89C
:10E5000007305C4903338DF80730EDF7F7F8EDE796
:10E51000E2F7AAFEEAE79DF80730564904338DF882
:10E520000730EDF7A5FAE1E73B88A3F58053013BFF
:10E53000082BC5D801A252F823F000BF61E5010005
:10E5400073E5010087E50100C1E40100C1E40100B9
:10E55000C1E40100C1E40100C1E40100A7E501003C
:10E560009DF80730434808338DF80730EDF7B4F8CD
:10E57000BCE79DF807303F4840338DF807300AF07C
:10E5800085F80020B2E79DF8073008338DF8073092
:10E59000384B00221A605A60EB7A23F0600343F094
:10E5A0006003EB72EDE79DF80730324806338DF8D3
:10E5B0000730EDF7D8F899E7384630F8033BA3F574
:10E5C0000053013B4D2B00F29381DFE813F055001F
:10E5D00062006B0091017400770091017A007D0068
:10E5E00080009101910191019101910191019101AD
:10E5F0009101910191019101830086008F009101A9
:10E600009800A100AA00910191019101910191014D
:10E61000B5009101BE0091019101C100C400C70085
:10E62000CA0091019101D300D600D900E200EB00AD
:10E63000EE009101910191019101910191019101EE
:10E64000910191019101910191019101910191013A
:10E65000910191019101910191019101910191012A
:10E660009101F10091019101FA0000BF976700202C
:10E67000AC5F00209E670020E2F700FE42F26403D8
:10E680009E423FF434AF42F264039E4200F2DA80CD
:10E69000E7E69DF80730B34803338DF80730E3F71A
:10E6A00077FFEBE79DF80730AE4808338DF8073069
:10E6B000EDF76CF9E2E7EDF772F8DFE7E4F7C4F89D
:10E6C000DCE7EDF790F9D9E7EDF768F9D6E7E4F77D
:10E6D00015F9D3E7EDF74AF9D0E79DF80730A149DE
:10E6E00010338DF80730EDF735F8C7E79DF80730A0
:10E6F0009C4808338DF80730ECF7FAFFBEE79DF829
:10E700000730984902338DF80730EDF791F9B5E7F6
:10E710009DF80730934902338DF80730EDF799F9EA
:10E72000ACE79DF8073008338DF807308F23EB7185
:10E73000C023EB720020A1E79DF80730894902331E
:10E740008DF80730EDF73AF898E7E3F75DFF95E7C6
:10E75000ECF757FF92E7ECF777FF8FE7ECF7AAFFAC
:10E760008CE79DF807307F4801338DF80730ECF7D0
:10E77000AFFF83E7ECF78EFF80E7ECF782FF7DE7E2
:10E780009DF80730774808338DF80730EDF746F8E5
:10E7900074E79DF80730734904338DF80730EDF7BF
:10E7A00068F86BE7E3F748FF68E7EDF7A8F865E777
:10E7B0009DF807306B4802338DF80730ECF7B9FF4E
:10E7C0005CE7EDF73BF859E738464FF60C5230F866
:10E7D000033B934222D84FF60252934212D803F2DF
:10E7E000FF3292B20A2A3FF611AEA3F57C43013BF9
:10E7F0000A2B7FD8DFE803F01E347E7E7E5B7E7EB0
:10E8000049525E00A3F57D43033B092B72D8DFE834
:10E8100003F05A715D717171607171634FF614523A
:10E8200093425CD04FF6165293427FF4EFADE4F77B
:10E8300013F907E09DF807304A480C338DF807308C
:10E84000ECF767F942F285039E4274D842F26703FF
:10E850009E4251D842F26603F41A18BF012446E6DC
:10E860009DF8073040338DF807303E4B002018806C
:10E87000EB7923F0230343F02303EB712B7A23F08E
:10E88000070343F007032B72DCE79DF80730354898
:10E8900017338DF80730ECF756F9D3E79DF80730BA
:10E8A000304820338DF80730ECF771F9CAE7ECF700
:10E8B00048F9C7E79DF807302A4801338DF807303B
:10E8C000ECF782F9BEE7EDF744F9BBE7E4F7BCF8F3
:10E8D000B8E7ECF78FF9B5E7EDF724F9B2E79DF863
:10E8E0000730204904338DF80730ECF787F9A9E7A2
:10E8F0000120C3E60120C6E6A6F50153283B9AB2E3
:10E90000194BD34003F0010383F00104EFE5A6F5B2
:10E9100000530D3B9AB241F24123F2E742F2320337
:10E920009E423FF4E4ADA6F50153033B012B94BF97
:10E9300000240124DBE526F008034FF602529C1A5E
:10E940008BE701242046D2E59DF80730AB700E22FC
:10E9500001236A70EB70AE80A87170E54FF0FF3054
:10E9600070E500BF9E6700202F80402038B5094C1D
:10E9700023780D461BB9BDE83840ECF720BAA278E1
:10E98000611C02320BF02FFF0020042320702B703B
:10E9900038BD00BF9767002070B505460E46084C8D
:10E9A00020460AF0FAFB38B1A368B2B229462046E5
:10E9B0001B68BDE8704018476FF0120070BD00BFC3
:10E9C00080AA020002484FF4007103F0D7B900BFDB
:10E9D000DF67002013B54FF4FA73ADF8043000235D
:10E9E0008DF806304FF48053ADF80030134A0223FF
:10E9F000192168468DF80230EBF75AFC0446C8B975
:10EA000009F07EFA80B2E9F723FB0D480121EFF708
:10EA1000C4F9044670B9014601220820F4F7F4FB5A
:10EA2000012221460B20F4F7EFFB0122214610467C
:10EA3000F4F7EAFB204602B010BD00BF55EA010022
:10EA4000B45F0020014902480AF08EBD1460002026
:10EA500058560020B0B584B000AF3B1D00247C6048
:10EA60000A22BC60C7F80B403960014618460BF01B
:10EA7000E7FE6D468AB0396803466A460D4807913D
:10EA8000CDE905034FF40073ADF820300A4B42F88E
:10EA9000103F0A4823464FF41151F3F763F9AD468E
:10EAA00084F31188BFF36F8F0323184602DF1037FA
:10EAB000BD46B0BDFCF902000400000140AF0200F9
:10EAC00013B500241549164800946FF009034FF45C
:10EAD000806202F0DDF8134911480AF0D3FD1249B3
:10EAE00012480AF025FD224604211920F4F78CFB78
:10EAF000BFF35B8F0E4B012253E8001F43E8002059
:10EB00000028F9D1BFF35B8F0A4905484FF4003262
:10EB1000002302F0FDF8204602B010BD0082002064
:10EB20005856002010FA02002587020014600020C9
:10EB3000B05F00203023002010B5BFF35B8F084B7F
:10EB40001B68BFF35B8F53B1E9F718FABDE81040BB
:10EB5000044905484FF40032002302F0D9B810BD33
:10EB6000B05F002030230020585600200346024AA0
:10EB70000248022106F0EBBD24FA020060AF020059
:10EB800010B9024B1B681847FFF7F0BF2460002044
:10EB9000014B01201B6818472460002028B1012880
:10EBA00007D104490020E9F76BB9034B01201B682A
:10EBB0001847704781EB010024600020014B18606A
:10EBC000002070472460002010B51F48BFF35B8F02
:10EBD0000368BFF35B8F23B9062904D8042926D81C
:10EBE00039B1002010BD0729FBD1383801F048FEAB
:10EBF000F7E750F8203CA0F13804D3E90020904713
:10EC0000012808D0114B984203D00223606384F896
:10EC10002C300F48E6E742F21073A362032384F816
:10EC20002C3004F11C0384F821002363F1E700F881
:10EC3000173C084B40F8103CA0F11C013838007C10
:10EC4000EFF7ECF8CDE700BF606000201F646602BC
:10EC500054600020FF3F420F0248012200210AF0C9
:10EC6000DFBB00BF28600020014B5861704700BF28
:10EC70002860002038B54FF0FF3105464FF0FF30D7
:10EC8000FFF798F933493448EBF726FA0446FFF7C3
:10EC900099F9002C08DA3148314A2346012106F05F
:10ECA00056FD6FF00B0038BD2E4C40F2011323844B
:10ECB0006369A5616433636242F21073A362002248
:10ECC0006FF073032277636304F13805BFF35B8F42
:10ECD00055E8003F45E800210029F9D1BFF35B8FDB
:10ECE0004FF0FF314FF0FF30FFF764F904F11C01E2
:10ECF000207CEFF793F8FFF765F91B4A00232046C5
:10ED000001F0F2FD00280FDA184A1448012106F03C
:10ED100015FDBFF35B8F012355E8002F45E8003157
:10ED20000029F9D1BFF35B8F4FF0FF314FF0FF3077
:10ED3000FFF740F9207CEFF753F8FFF743F9BFF3F3
:10ED40005B8FA36BBFF35B8F13B1064801F0F2FD3D
:10ED5000606BA8E738600020C9EB0100F0AE02004C
:10ED600050FA020028600020447B0B004AF10200A8
:10ED7000074B01221A64D3F84035B3FBF0F0184476
:10ED8000044B5B69984234BF00200120704700BFEC
:10ED900000800040286000204FF08053D3F83021DD
:10EDA0000D2A55D14FF080410022C1F80C21C1F845
:10EDB0001021C1F83825304AD3F80404C2F82005E0
:10EDC000D3F80804C2F82405D3F80C04C2F82805C7
:10EDD000D3F81004C2F82C05D3F81404C2F8300597
:10EDE000D3F81804C2F83405D3F81C04C2F840055F
:10EDF000D3F82004C2F84405D3F82404C2F8480527
:10EE0000D3F82804C2F84C05D3F82C04C2F85005F6
:10EE1000D3F83004C2F85405D3F83404C2F86005BE
:10EE2000D3F83804C2F86405D3F83C04C2F8680586
:10EE3000D3F84004C2F86C05D3F84434C2F87035F6
:10EE4000D1F80034DB0709D56FF00103C1F80034B5
:10EE50004FF08053D3F830310D2B0CD14FF080534D
:10EE6000D3F834313BB14FF01023D3F808224FF0E0
:10EE70008043C3F85825704700C00040036803F082
:10EE80001F025B09026004D0012B034818BF002059
:10EE900070474FF0A040704700030050034A4309F9
:10EEA00000F01F00D35C1844C0B270476DFD020033
:10EEB000024611F0010030B515D18B07C1F34000B7
:10EEC00022D51249D1F8200550604FF08052C1F888
:10EED0002005D2F830210D2A08BFD1F820250038AE
:10EEE00018BF012010E04FF0A0444FF08055D4F837
:10EEF00020351360C4F82035D5F830510D2D08BFEA
:10EF0000D4F82045002BD8D030BD00BF00030050FE
:10EF1000F7B504460846FFF7C1FF04EB40060D466F
:10EF2000B38ADB072AD5204609F06EFD2946204624
:10EF300009F0DAFC50B1204609F0ECFC276807EB39
:10EF400080000023C0F81035C0F81035294620464F
:10EF500009F009FD0021B18201A80195FFF78EFF9C
:10EF6000019B00EB8300074BD0F80027134043F0D0
:10EF70000203C0F80037084603B0F0BD6FF015007B
:10EF8000FAE700BFF0F8FCFF014809F038BC00BF09
:10EF90009426002010B504480C4609F012FC002805
:10EFA000A4BF2070002010BD942600202DE9F04F52
:10EFB000074689B057F8049BD9F80413C9B28346B1
:10EFC000082241F00041484609F0F6FC051E2FDA00
:10EFD0000023032106A8CDE90633FFF769FF634B41
:10EFE00001930DF118084FF0000A019A604912F8D8
:10EFF000013B0192DA0803F007038A5C22FA03F36B
:10F00000DB071CD40AF10103022B08F104084FF0BE
:10F01000010AEAD14FF000410022484609F0CCFC39
:10F02000032106A8FFF744FF0028D8D125F00045AA
:10F030000124002D40F0848009B0BDE8F08F4D4BD5
:10F0400053440293D8F80060002EDBD0029B96FA5E
:10F05000A6F61C78B6FA86F646EA44142046FFF770
:10F060001DFF0BEB4000F208818A18F8020005949E
:10F07000C1F382030393009306F00706012303FA0A
:10F0800006F620EA060008F8020005A8FFF7F6FEDB
:10F09000059A039B02F5E07211F0100F50F8226000
:10F0A000C6F3014633D0009A3846214609F03CFCAD
:10F0B00005A80594FFF7E2FE059B03F5E073F6B2A1
:10F0C00050F82330C3F301439E4207D1002120466C
:10F0D00009F0FBFB3146204609F0F7FB05A8059433
:10F0E000FFF7CCFE059B012202FA03F3C0F820359E
:10F0F0004FF08053D3F830310D2B01BFD0F82035BD
:10F10000D0F82035D0F82035D0F820359AE7022EF7
:10F1100014BF022103212046039309F0D6FB039B71
:10F12000032B03D0022E07D1012BD7D1009A214601
:10F13000384609F0F9FBD1E7032ECFD1022BF4E7D3
:10F1400095FAA5F3B3FA83F304FA03F225EA02056C
:10F1500003F5A2720BEB430359F82220B3F87010A9
:10F16000C2F30142384609F0DFFB62E77DFD020091
:10F17000B8BB02007DFD0200044AD2F80034DB0770
:10F18000FBD50160BFF35F8F704700BF00E0014017
:10F190004FF080531A69B0FBF2F302FB13036BB913
:10F1A000084B0222C3F80425C3F80805D3F800244D
:10F1B000D207FBD50020C3F8040570476FF00C00A0
:10F1C000704700BF00E0014010B5054C0123C4F8B2
:10F1D0000435FFF7D1FF0023C4F8043510BD00BF8C
:10F1E00000E0014080F08003042B04D8054B034469
:10F1F00013F8800C704707289ABF034B185C002057
:10F20000704700BF7FFD020084FD0200064B93F8AB
:10F210002E00012806D0022818BF042814BF0120A0
:10F2200000207047002070476460002010B5164B26
:10F23000164A0020C3F8000592F82F40D3F80413B3
:10F2400082F82E40146821F033010CB141F0230103
:10F25000C3F81C01D3F81C41C3F81801D3F81841B6
:10F26000C3F80801D3F8080192F8340092F833206B
:10F2700002F0010200F00100D20142EA80120A43CA
:10F28000C3F8002310BD00BF007000406460002080
:10F2900070B50D4A002392F8301001251E4618B9AA
:10F2A0000BB182F8301070BD90FAA0F3B3FA83F37B
:10F2B00005FA03F40C3302EB430320EA0400DE807A
:10F2C00021EA04010123EAE76460002073B500230A
:10F2D000044601AA0E464FF48071019309F079FDAE
:10F2E0004FF48A71204609F074FD4FF4827105468F
:10F2F000204609F06EFD20B11EB115B1144BD3F8B4
:10F30000343601AA4FF48471204609F062FD4FF4AF
:10F310008671204609F05DFD4FF48871204609F0A2
:10F3200058FD0C4B234083B14FF48E75294601AA3A
:10F33000204609F04EFD291F083589B22046ADB29E
:10F3400009F047FDB5F5AE7FF0D1019802B070BD70
:10F3500000700040C0FF3F002DE9F04F9A464FF08B
:10F36000805393B0D3F830311C9D0D2B3BD10DF160
:10F37000080C0AAF3E4C3E46E046002304EB031E59
:10F380000133DEF8189548F8049B082BDEF81CE5DD
:10F3900046F804EBF2D1D4F8F065D4F84036019386
:10F3A0004FF0010E0023D4F84496D4F84886C4F8F0
:10F3B000FC3FC4F8FCEF2E4C5CF804BB04EB031ECE
:10F3C0000133CEF818B557F804BBCEF81CB5082B9E
:10F3D000F2D1019BC4F84036F6B2C4F84496C4F8A2
:10F3E0004886C4F8F065234B002483F8334083F843
:10F3F00034409C601C611D6083F831009C831C4B71
:10F40000C3F8F015C3F8F4257DB32322C3F8002315
:10F41000184D174C00220127110107FA02F301F1E0
:10F420008046034006F5E04619BF95F81EE095F8C2
:10F430001FC09C469E46002B04EB0103C6F810E556
:10F44000C6F814C5D3F8181514BF5646002621F087
:10F450008071013241EA0661082AC3F8181505F1E6
:10F460000205D9D113B0BDE8F08FC3F80053CFE740
:10F470000070004064600020F8B50446067A4779C1
:10F48000417AC079FFF7AEFE10B96FF01500F8BDF4
:10F49000214A01F10C0502EB4503012F987139D186
:10F4A0003046FFF79FFE0028EFD002EB4505E871DC
:10F4B000E378A0781B03000200F4E06003F48053BB
:10F4C0000343207800F0030003432079000400F494
:10F4D000E02003436078000100F030000343A0798E
:10F4E000000600F0807003436079000500F480108E
:10F4F0000343080100F1804000F5E040C0F81835F2
:10F50000012303FA01F192F830300B4382F83030D6
:10F510000020BCE70020C8E764600020084B0122FF
:10F520009A600022C3F81421D3F8141105498020F1
:10F53000C1F88001C3F80025C3F80025704700BF5B
:10F540000070004000E100E070B5204D95F82E40BD
:10F55000002C38D1FF20012685F82E60FFF798FE99
:10F560001B4B1C48C3F80041D3F80021C3F80441E9
:10F57000D3F80421C3F81041D3F81021C3F8144183
:10F58000D3F814311C239A0806FA02F111F0330F54
:10F590001CBF03F1804101F5E24102F1FF3218BFC7
:10F5A0000C6006FA02F218BF096812F0330F1CBF94
:10F5B0001C501A5808335C2BE5D10720F3F7F4FDF3
:10F5C0000020286070BD6FF07700FBE764600020CA
:10F5D00000700040FC700040014B93F83000704711
:10F5E000646000202DE9F74307469946FFF70EFEB9
:10F5F000044608BBDFF8508098F830300826012513
:10F600002F4203D02B421CD00134E4B2013E4FEA1A
:10F610004505F5D10D4BC3F8F865131E18BF01233E
:10F620003846CDF80090FFF797FE022388F8324065
:10F6300088F82E30304601E06FF00F0003B0BDE8CF
:10F64000F0836FF01500F9E764600020007000405F
:10F650002DE9F341804615461A46FFF7D7FD0646C9
:10F66000002837D1204F97F830C0082034460123B6
:10F6700018EA030F04D013EA0C0F2ED00134E4B2C1
:10F6800001384FEA4303F3D16B8813B1012C27D81B
:10F6900032B328786B7818B113B9012C20D8012621
:10F6A000009202464046FFF757FE6B880F4A0BB1A7
:10F6B00043F48053C2F8F83587F832402B7987F845
:10F6C0003530042387F8366087F82E30002002B0EA
:10F6D000BDE8F0816FF00F00F9E76FF01500F6E775
:10F6E0006FF08500F3E700BF646000200070004009
:10F6F00030B51D4A136904466BBB00F06043B3F19B
:10F70000005F2BD192F83250B1FBF5F305FB1310DB
:10F7100038BB0BB2002B24DD92F82E30052B06D817
:10F72000032B0BD8022B0ED06FF0760030BD062BCA
:10F73000FAD10E4BC3F82C46C3F8301693683BB190
:10F74000C2E90441F2E78D420BD1C2E90245EDE77F
:10F75000C2E90241EAE76FF07700E7E76FF00C00DB
:10F76000E4E76FF00600E1E764600020007000400D
:10F770002DE9FF41524CA368002B00F09D8094F8C6
:10F780002E20022A06D0042A33D06FF0760004B06F
:10F79000BDE8F0814B4D0126C5F800652168E2689F
:10F7A00049B1032184F82E10C5F82C36C5F830264F
:10F7B0002E600020EBE7C5F82C36C5F830262E6009
:10F7C00009F01FFB04F108036E6001930199022008
:10F7D000FFF77CFD0028F9D03A4B0022C3F808213E
:10F7E000D3F80811C3F80C21D3F80C11C3F8002585
:10F7F000DFE7344D4FF00108C5F80085276857B1A1
:10F80000052284F82E20E268C5F82C36C5F830268B
:10F81000C5F80080CDE7A18B94F83220039203EB6A
:10F8200041030293C5F82C36C5F83026C5F8008090
:10F8300009F0E7FA94F8363063BB224D01236B6080
:10F8400002A90220FFF742FD0028F9D00023C5F8E5
:10F850000831D5F80821C5F80C31D5F80C21A18B59
:10F8600094F832200A44E16892B28A42A28321BF0E
:10F87000154AA383D2E90201236124BFC2E9000132
:10F880001846104B4FF0000238BF6FF00F00C3F85E
:10F8900000257CE7D5F8F465F6B208FA06F6013ED5
:10F8A000BE42CAD9C5F8048000210420FFF70EFD2E
:10F8B0000028F9D00137F3E76FF00B0067E700BFCE
:10F8C00064600020007000406C600020F8B50246C3
:10F8D000FFF79CFC002851D12A4E2B4C96F82E3075
:10F8E00086F82F30072386F82E3001237260C4F883
:10F8F0000035D4F80453C4F80003E3603AB125F0AE
:10F90000C00545F03305C4F800530020F8BD0021C0
:10F910001020FFF7DBFC0028F9D00023C4F80431E5
:10F92000D4F80431194BC4F82C3601270223C4F84B
:10F930003036276009F065FAA76000212020FFF724
:10F94000C5FC0028F9D0104B0022C3F80421D3F8DD
:10F950000411C3F80821D3F80811C3F8002596F85C
:10F960002F1086F82E10C3F81C21D3F81C11C3F8F1
:10F970001821D3F81821C3F80053C6E76FF00F0021
:10F98000C4E700BF64600020007000407C6000207D
:10F990007FB56249614E3320FFF798FC10F0100FDD
:10F9A00005460BD05E4B1022C3F80823B218C3F8EB
:10F9B0002C260222C3F8302601221A6015F0200FEF
:10F9C000584C10D094F82E30554A072B05D0D2F859
:10F9D00034369BB2E36000232361D2F80433DB06A4
:10F9E00001D5FFF723FCA80717D5002294F82E3085
:10F9F0008DF80420A2680292062BE268ADF80C2074
:10FA000017D0072B33D0032B07D1FFF787FD022335
:10FA100084F82E30236801A89847E9074ED594F85A
:10FA20002E30033B042B49D8DFE803F05948284027
:10FA30005D0094F8353023B1236913B1384B0122AE
:10FA40001A60236801A89847374B93E8030086E8BB
:10FA5000030000232361A368002BDED1FFF75EFDC6
:10FA6000042384F82E3005238DF80430D2E7FFF705
:10FA7000DDFB02238DF804306368CCE704238DF8A6
:10FA8000043001A823689847254BD3F8F825D20401
:10FA900044BF01225A602269062384F82E302AB11D
:10FAA0001F4B6169C3F82C26C3F8301623692BB9A4
:10FAB00003238DF8043001A82368984794F82E306A
:10FAC000072B0AD0164B1948D3F8043300211840ED
:10FAD000FFF7FCFB012685094DB904B070BD104B42
:10FAE00001225A60EAE70E4B01229A60E6E795FA96
:10FAF000A5F3B3FA83F306FA03F225EA02055A08DE
:10FB0000DB4303F001038DF809308DF804602368AE
:10FB10008DF8082001A89847DEE700BF6C60002040
:10FB2000007000406460002074600020C0FF3F004F
:10FB3000827B002A38D1036803F01F015B0922D0C1
:10FB4000012B26D1194A02EB81021949D2F800375C
:10FB50000B4043F4C16343F00403C2F80037436829
:10FB600003F01F005B0911D0012B17D10F4A02EBE4
:10FB70008002D2F800370B4043F4C16343F0040322
:10FB8000C2F8003770474FF0A042DCE74FF0A042C8
:10FB9000EDE701F5E07152F82130FFDE00F5E0708D
:10FBA000002353F82030F8E7704700BF00030050EF
:10FBB000F0F8FCFF036809490022C260C3F808138B
:10FBC000D3F8001221F4BC51C3F80012C3F8002589
:10FBD000012380F8263080F82820704702029C011B
:10FBE0002DE9F047002380F827304B68046805466C
:10FBF0000E46174633B1CB6803F06043B3F1005FA4
:10FC000040F040813378023B012B06D8336903F082
:10FC10006043B3F1005F40F035819C4BC4F808337A
:10FC200095F8283003F0FF023BB1EB68C4F80433C9
:10FC30006FF00F084046BDE8F08707F01403B3FAF1
:10FC400083F35B0985F82830337885F8243073789E
:10FC500085F82530F3682B6173686B613369AB619C
:10FC6000B368EB61C7F3001385F829302F6273780E
:10FC7000C4F88835C4F86021D4F86031C4F848214C
:10FC8000D4F84831C4F82421D4F82431C4F804212C
:10FC9000D4F8043117F0010318BF0123C4F850351C
:10FCA00017F0020318BF0123C4F840353378032B43
:10FCB00000F28180DFE803F05E764A024FF4807341
:10FCC000C4F80032D5E90423C4F84425C4F8483503
:10FCD0000123A3604FF48011204609F0E9F80028C1
:10FCE000F8D1D5E90623C4F84425C4F848354FF4C3
:10FCF0008023EB604FF0000817F0080910D133782B
:10FD0000032B0DD0012B6A686BD12360002A55D0DC
:10FD100073682BB96B68002B00F09280012363613C
:10FD20006B68002B00F08C80780744BF0023EB60E9
:10FD300079065EBFEB6843F00203EB60EB6843F4C7
:10FD40000073EB60EB68C4F8043373E7D5E9042370
:10FD5000C4F84425C4F84835D5E90623C4F8342549
:10FD6000C4F838354FF48453C4F8003201232362B9
:10FD70000223BEE7D5E90423B806C4F84425C4F835
:10FD800048354BBF4FF480734FF40073C4F8003212
:10FD9000C4F800324CBF4FF480230223EB600123F0
:10FDA0002362A7E7D5E90423C4F83425C4F838351D
:10FDB0004FF48053D8E76FF015089DE76A6902B9E0
:10FDC0006361DFF8CC904FF0010A3249204609F018
:10FDD0006FF8810501D5C4F814A010EA090FF4D01A
:10FDE00096E70123A360002A92D16A6932B3DFF853
:10FDF000A0A019EA0A0F8BD12649204609F058F82D
:10FE000010F4007F8146F4D04FF08071204609F055
:10FE10004FF8D4F8003208B19A0505D401222262C5
:10FE2000626140B14FF00009DB05E2D54FF480215B
:10FE3000204609F03DF84FF00009DAE76361D6E7A4
:10FE4000D4F8C434C4F8C434002285F828206BB137
:10FE50009A075ABF03F00108A8F18C086FF00D084B
:10FE600013F0040F18BF6FF00A08E3E67B063FF5B6
:10FE7000E1AE291D204608F0D9FF002808BF6FF029
:10FE80008B08D7E66FF00C08D4E600BF02029C0195
:10FE9000020004000202040070B5056886B0022169
:10FEA0000446284609F004F84FF400710646284637
:10FEB00008F0FEFFD0B1D6B9E368C5F808330223D5
:10FEC000E360E368C5F804334FF08071284608F01A
:10FED000EFFF18B1D5F800329B0502D401232B6245
:10FEE0006B61012384F8273006B070BDAEB3236A7E
:10FEF0005E060AD494F827303BB9211D284608F045
:10FF000095FF80F0010084F82700236A13F00403B2
:10FF10003BD1C5F86031D5F86021C5F85C31D5F822
:10FF20005C3194F8293013B194F8273013B30023CF
:10FF3000C5F80032E360314BC5F8083345F30733A9
:10FF4000002B17DB5A09012103F01F03994002F12E
:10FF500060032B4A42F823100CE04FF4802128461E
:10FF600008F0A6FF94F82430002B2FD194F8293004
:10FF7000002BDDD0A38CADF80430236904936369B2
:10FF80000293A3690593E3690393D5F8C434C5F8D4
:10FF9000C43498072CD459072CD4DA072CD494F8FD
:10FFA00027309B00DBB28DF8003094F829300BB974
:10FFB00084F82830236A5B0703D594F82730002B98
:10FFC00092D0D4E90131684698478DE74FF4007329
:10FFD000C5F8003240F20223E36003F1CE73C5F8A6
:10FFE0000833E368C5F804330123AB602B627BE779
:10FFF0000123D8E70223D6E70323D4E702029C01BA
:020000022000DC
:1000000000E100E00368034A01F5C07143F82120D4
:10001000704700BF3546526E036803F01F025B094C
:10002000026004D0012B034818BF002070474FF036
:10003000A040704700030050F7B5064609F024F8C9
:10004000084609F021F801A80196FFF7E5FF019B9A
:1000500000EB83000C46D0F800372D49019440F2A4
:100060000D650B402B43C0F8003701A8FFF7D4FF04
:10007000019B00EB83000127D0F800370B402B4396
:10008000C0F80037042008F09AFB092501A8019464
:10009000FFF7C2FF019AD0F81035D340DB0715D423
:1000A00001A80196FFF7B8FF019B07FA03F3C0F818
:1000B0000C35042008F083FB304608F0E5FF013DD5
:1000C000042008F07CFB15F0FF05DFD101A80194A6
:1000D000FFF7A2FF019A01239340C0F80C350420DA
:1000E00008F06DFB204608F0CFFF042008F067FB06
:1000F00001A80194FFF790FF019AD0F81035D34082
:1001000013F0010F0CBF6FF08B00002003B0F0BDA7
:10011000F0F8FCFF08B5124BA822002118460AF09F
:1001200070FB032202610F4942610F4A8161C26183
:100130004FF400520262002282624262C262016691
:100140000A49416610218166094902670346C26671
:10015000426711F8010D98540132102AF9D108BDF7
:100160001020002086FA020010000020000000206D
:100170009CFD02002DE9F74FDFF88880182606FB6A
:10018000008700FB066646447D6AD7F828C073687E
:10019000AC4581468B46144603EB050025D83B6AE7
:1001A000A3EB050A0AF1FF3E724507D82C440AF07A
:1001B0001AFB7C62012003B0BDE8F08FE644724573
:1001C0001ED8524601930AF00EFB019B2C44E41A00
:1001D00005D0706822460BEB0A010AF004FB1823D5
:1001E00003FB0988C8F82440E4E70CF1FF3CACEBC2
:1001F000050C944504D325440AF0F5FA7D62D9E74D
:100200000020D8E710200020F8B5144B182700FB79
:1002100007751D4407FB00330E46DB6A012B1446AD
:100220000AD0022B14D023B9284608F03AFF8442A2
:1002300008D900242046F8BD284608F032FF844241
:1002400028BF044622463146284608F033FFF1E72E
:100250002846BDE8F84008F048BF00BF1020002045
:10026000F8B50B4B1B78532B04460E46174601D0AE
:10027000FFF750FF08F068FF3A4605463146204632
:10028000FFF7C2FF0446284608F066FF2046F8BD87
:1002900010200020034B182202FB00339A6A586A90
:1002A000801A70471020002010B4084A0849002323
:1002B000C85C12F8014D844204D10133102BF7D1F0
:1002C00010BC704710BCFFF725BF00BF9CFD0200AB
:1002D000102000202DE9F843044600AF0D46EFF34F
:1002E0001188402383F31288BFF36F8F04282A4AB2
:1002F00098BF2A4B9668117C94BF53F82030284B46
:10030000E9468AB06A462748CDE9073140F2013311
:10031000ADF82430244BCDE9050442F8103F2348C2
:1003200000234FF43151F1F71DFDCD4645B1EB6986
:10033000C3F3080323B11E4A1C48012105F0FEF94E
:100340002EB1304609F0A1F908B1037803B9194874
:10035000E9468AB06A46184B0790CDE9053640F267
:100360000133ADF82030154B42F8103F00230F4801
:100370004FF41151F1F7F6FC2946CD462046FDF722
:1003800027FE88F31188BFF36F8F3046F2F7DEFF48
:10039000BD46BDE8F88300BF9C600020BCBB0200E6
:1003A0008FFA02009DFA02000500000168AF02000A
:1003B000C5FA02001CDB0200E6FA0200040000019C
:1003C00038B50A4B53F82040013053F82050A5426D
:1003D00000D838BD606830B1037EDB0701D408F077
:1003E000C4FE0834F3E723689847FAE7D0BB02005D
:1003F00070B52A4B2A4C2B4D86B0012203201A706F
:10040000FFF7DEFF09F005FB0420FFF7D9FF2646C2
:10041000AE4204F130040FD300F018FF204CAC4280
:1004200026D300F027FFEEF7E1FA1F4A938923F065
:100430000103938106B070BD54F80C3C059354F849
:10044000103C049354F8143C039354F8183C029362
:1004500054F81C3C019354F8203C009354E90A23BF
:1004600054E90C0100F0F2FC54F8303C5E65CEE734
:10047000D4E90A23B3F1FF3F08BFB2F1FF3F05D033
:1004800052EA0301206803D109F0D6F93034C6E7F7
:100490000649183001F002F9F8E700BFDF690020D3
:1004A000C4AC0200C4AC0200785700206797020079
:1004B00070B5002386B00122CDE90423134E144DFC
:1004C00001930F22CDE902321249142303FB005598
:1004D00006EBC01604464FF4C07000FB04110E4B2F
:1004E00000954FF4A072304600F0B0FC337C0B4A0C
:1004F000EE6023F0040333744FF4046304FB03330E
:1005000013442C746B6006B070BD00BFF856002019
:100510009C600020808E0020AB920200408600206C
:100520007FB50020FFF74CFF294B83F30888294C47
:10053000636943F400736361E02384F8223000258B
:100540002023E37725766576A57684F82050636AC4
:1005500043F4E023636284F82350F2F78FFDF2F74F
:10056000DFFE4FF0FF33A362E362F3F70FF8F2F719
:1005700057FFF1F783FA1848184C00F0DFFC012010
:10058000FFF71EFF0220FFF71BFF00F09DFE144B3C
:1005900014495C61144B059301234FF40062CDE9CB
:1005A0000353CDE90155114B0095204600F04EFC58
:1005B000237C064623F004032046237409F09FF8A9
:1005C0002846FFF775FF094A31462046F2F78AFEB2
:1005D000808E002000ED00E0985800207857002021
:1005E0009C600020009000204DC30200F103020037
:1005F00038B5064C064DAC4201D3002038BDD4E9D5
:100600000112204608F0D4FD1434F4E7C02700207E
:10061000C027002038B5074C074DAC4201D300205D
:1006200038BD204608F0E8FD08B91C34F5E76FF046
:100630001500F5E76C270020C027002073B50C4695
:10064000EFF31181402585F31288BFF36F8FC568E2
:100650005DB125602B68C36083690133836100202D
:1006600081F31188BFF36F8F11E052EA030603D1C3
:1006700025606FF00B00F3E7CDE900230246083058
:1006800000F042FD18B9034B9B685B69236002B020
:1006900070BD00BF9C6000202DE9F3410446174661
:1006A0001E46EFF31188402383F31288BFF36F8F48
:1006B000304BC2689B6872B18068984217D057EA85
:1006C000060216D188F31188BFF36F8F6FF00F0009
:1006D00002B0BDE8F08193F90E1021610132C4E946
:1006E000023288F31188BFF36F8F0020F0E7216991
:1006F000F3E793F90E1090F90E30994230DA9942EF
:10070000A8BF194608F0DCFD0546CDE900761A4879
:100710002246414600F0F8FC0028E6D0EFF31186AF
:10072000402383F31288BFF36F8FA068D0B1236892
:1007300021699C420AD04BB193F90E309942A8BF6F
:1007400019466FF07F039942B8BF194608F0B8FD0B
:1007500040B10948314609F02CF86FF00A00B7E7BC
:100760000025D2E7002DF4D186F31188BFF36F8FF7
:10077000F3E700BF9C600020E0690020F8B58368C3
:100780000546002B3FD0234A926893423ED1C3686E
:10079000012B03D9013BC3600020F8BDEFF31187A3
:1007A000402383F31288BFF36F8F0169806808F0DC
:1007B00087FD2C68A54207D10023C5E9023387F3E2
:1007C0001188BFF36F8FE7E7002CF5D0D4E9003232
:1007D00013605A60237C002623F002032374C4E9CB
:1007E0000066A66004F1180009F07FF8AC6094F987
:1007F0000E302B612046A66708F081FF0648394677
:1008000008F0D7FFC8E76FF01500C6E74FF0FF30DC
:10081000C3E700BF9C600020E069002037B51146A7
:10082000EFF31185402282F31288BFF36F8F0468C3
:100830009CB12368426823F003039442036008BF1D
:1008400043600121204608F0BEFD044685F311886F
:10085000BFF36F8F204603B030BD51EA0302F5D0DD
:1008600000F10802CDE900131046294600F04CFCC7
:100870000028EFD1014B9B685C69EBE79C6000208E
:1008800070B5EFF31186402383F31288BFF36F8FA7
:100890000468A0421AD0CCB1D4E9003213605A6087
:1008A000237C002523F002032374C4E90055A560CE
:1008B00004F1180009F019F82046A56708F01FFF99
:1008C00031460848BDE8704008F073BFD0E90232F5
:1008D0009A4218BF0133836086F31188BFF36F8F8C
:1008E00070BD00BFE069002013B5EFF31181402413
:1008F00084F31288BFF36F8F846844B1013C846035
:1009000081F31188BFF36F8F002002B010BD52EA4F
:10091000030406D181F31188BFF36F8F6FF00F00CE
:10092000F3E7CDE900230246014800F0EDFBECE7D8
:10093000E069002070B50546EFF31186402383F38C
:100940001288BFF36F8F00232C68A54218D0BCB16A
:10095000D4E9003213605A60227C002322F00202A4
:10096000C4E900332274A36004F1180008F0BDFF4D
:100970006FF00A03A367204608F0C1FE0123E3E7F6
:100980000022AA6023B986F31188BFF36F8F70BD70
:1009900031460248BDE8704008F00BBFE069002016
:1009A00007B5074B0093074907484FF0FF334FF453
:1009B000006200F06DF9002003B05DF804FB00BF99
:1009C000E8BB020040980020F85700202DE9FF41C5
:1009D000544E04464027EFF3118887F31288BFF383
:1009E0006F8FD4F88450F5B9022104F19C0008F00F
:1009F00023FD002870D004F194050022012128462F
:100A000008F03AFF0028F8D1002302934FF0FF329C
:100A10004FF0FF33CDE90023414604F18C024248F8
:100A200000F07CFDD7E7D4F888202B68C4F8843028
:100A3000954208BFC4F88830D4F89C3043F00203D4
:100A4000C4F89C30EB6823F0040343F00103EB602F
:100A50006B6888F31188BFF36F8F28469847EFF3D0
:100A6000118887F31288BFF36F8FEB68D80623F0E5
:100A700001023ED4EA60EB689A0717D5306823F08C
:100A80000203EB6090B10368002178B1426895429F
:100A90003DD10368002934D172683360904200D19F
:100AA0007360002340F8083BFFF7EAFED4F89C305F
:100AB00023F00203C4F89C30DB0530D4D4F8843032
:100AC000003B18BF012388F31188BFF36F8F002B01
:100AD00081D000F001FC7EE7D4F89C30D90693D594
:100AE000C4F89C0088F31188BFF36F8F04B0BDE891
:100AF000F08123F01103EB6005F11000FFF7C0FE59
:100B0000B9E70B607368984208BF7160C9E7014696
:100B10001BB11A6818461346B7E71A46FAE70023CE
:100B2000D1E700BFBC600020E069002070B5C36859
:100B3000C3F340069B0705460C460DD50122002154
:100B400004F1080008F06CFC00232360054B65608D
:100B50005A681AB9C3E90044304670BD14605C603D
:100B6000FAE700BFBC600020F8B5C3689A070446E6
:100B70000E46C3F3400542D45F0742D40B680BB95D
:100B800083680B60E368D80744BFA36833603768A5
:100B90004CBF0225012557B31B4B9A68D7F880300C
:100BA0009A421ED108F068FD80F00100C0B2D7F86B
:100BB0009C30D907C3F380021CD5F2B1F8B10023F1
:100BC0002360D7F8883073B9C7E92144384608F064
:100BD0004EFCE36843F00403E3603368A3602846F7
:100BE000F8BD0020E3E71C60C7F88840EEE76FF02F
:100BF000150506E06FF0120503E01B07DFD56FF067
:100C00000F0500233360EAE79C600020F8B5C36855
:100C100003F00503002B06460C4614BF01270027EE
:100C20001CD085680122002104F1100008F0F8FBB7
:100C30001349204608F07CFCE36843F01003E360AE
:100C4000F3685B0712D5336823606BB9D5F8883039
:100C500033B9C5E92144284608F009FC3846F8BDF7
:100C60001C60C5F88840F6E73460F4E7D5F88430B6
:100C70002360D5F88830C5F88440002BEBD1F0E72D
:100C80004F9402000146014808F06EBCF85700205E
:100C9000F0B589B004460020C4E921000E9D04F19E
:100CA0008C00C4E9230004F19400C4E9250055B385
:100CB0002879002840F2011008BF0120C4F89C00E8
:100CC00000204FF0FF364FF0FF37CDE90330CDE97C
:100CD0000100CDE906670D4B0094204600F002F9B3
:100CE00055B1296811B1204608F0CCFC6B791BB1D5
:100CF000A38943F00103A381204608F09DFDC4F8B9
:100D0000804009B0F0BD0120D8E700BFCD09020046
:100D100037B501900846EFF31184402181F3128822
:100D2000BFF36F8FC16811F01E0F16D153EA020591
:100D300008D101A9FFF718FF84F31188BFF36F8F63
:100D400003B030BD41F00801C160019981620449DE
:100D5000103000F0A3FC0120EEE70020ECE700BF1C
:100D6000E394020001460148FFF7D2BFF857002084
:100D7000F7B50C46019016461D46EFF31187402348
:100D800083F31288BFF36F8F084608F061FB55EAC2
:100D9000060309D101A92046FFF7E6FE87F3118873
:100DA000BFF36F8F03B0F0BDE368074943F008035A
:100DB000E360019BA36232462B4604F1100000F071
:100DC0006DFC0120EAE700BFE39402000146014800
:100DD000FFF7CEBFF85700202DE9F0410546EFF3AD
:100DE0001187402383F31288BFF36F8F0468A042FA
:100DF0001CD0DCB1204608F032FC04F1180008F0E9
:100E000074FD0026B046C4F87880204608F077FCD0
:100E10002C68A54206F1010610D07CB1204608F0EE
:100E20001EFC04F1180008F060FDECE787F3118860
:100E3000BFF36F8F00263046BDE8F0810248394687
:100E400008F0B7FCF7E700BFE06900202DE9F043A8
:100E5000073285B022F007020E461F4610998181A5
:100E600000F158037F32C0E916330446002322F014
:100E70003F020421836001743F2A0F98A073C4E9E4
:100E80000633E37306F14009A2F1400805D883F365
:100E90001188BFF36F8F084602DFB5182946204638
:100EA000F1F7A0FE07300E9B20F00700A066C4E912
:100EB000189802930D9B01932D1A0C9B00932A46C0
:100EC0003B4631462046F2F7DBF900236365044BCD
:100ED0009B6803B1DB6EE366284605B0BDE8F0838E
:100EE0009C600020F0B587B000250595109D049505
:100EF0000F9D03950E9D0295DDE912760D9D0195DE
:100F00000C9D00950446FFF7A1FFB6F1FF3F08BF17
:100F1000B7F1FF3F05D056EA070305D1204608F098
:100F20008BFC204607B0F0BD3A46334604F118006A
:100F3000014900F0B3FBF4E7679702000123037453
:100F400083810023C0E91833C366014B9860704762
:100F50009C600020094A93686FF00A01996708496C
:100F600058674B6843F080534B60002383F311882C
:100F7000BFF36F8F9368986F704700BF9C6000202D
:100F800000ED00E070B590F91020037C002A2FDB03
:100F9000D9062DD11A4C63F07F032246037452F810
:100FA000183FE169934207D1C0E900210860E06180
:100FB0000FE09942F8D01B68002BF5D093F90E6032
:100FC00090F90E50AE42F4DD5968C0E90031086076
:100FD0005860A569954200D005B9E568A3681A7CF8
:100FE000D20606D1DA897F2A03D9AA690AB96361D0
:100FF00070BDAB4202D0284600F0D2FA6561F7E737
:101000009C60002038B590F91020037C002A01462E
:1010100004DA03F07F03037408F039FB0D4D2A4610
:10102000AB6852F8184F944200D004B9EC688B4278
:1010300007D01A7CD20604D1DA897F2A01D9A269A5
:101040002AB1A34202D0204600F0AAFA23466B61DF
:1010500038BD00BF9C600020B3F1FF3F08BFB2F174
:10106000FF3F03D00249183000F018BB704700BFA3
:1010700067970200034648B9EFF3058232B9064A82
:1010800051699268914201D0FFF764BF83F31188E0
:10109000BFF36F8F704700BF9C60002038B5184CBD
:1010A000A168E0690B68814214BF1A4600224968B2
:1010B0000B605960A368E1692AB9124AC3E90021AB
:1010C0000B60E3610AE092F90E5093F90E0085423D
:1010D00012DD5168C3E900210B605360A569094B1B
:1010E0009D4200D005B9E568A3689D4202D028461C
:1010F00000F056FA656138BD8A42DED01268DBE73F
:101100009C600020B4600020F8B50E4B0C461146E0
:101110000D4A98681060DDE90667EFF311824022FE
:1011200082F31288BFF36F8F9D68284608F0C1FADA
:10113000284632463B46FFF78FFF2046BDE8F84081
:10114000FFF708BF9C600020C4600020F8B504468B
:10115000EFF31187402383F31288BFF36F8F037C73
:1011600003F01F02002A0CBF0126002649B235D128
:1011700003F07F03037408F08AFA294D037C81731E
:1011800063F07F032A46037452F8183FE8699342DC
:1011900007D1C4E900200460EC610DE09842F8D06A
:1011A0001B68002BF5D093F90EC08C45F6DD59680D
:1011B000C4E900310C605C60AC69944200D004B9B1
:1011C000EC68AB689C4202D0204600F0E9F96C6103
:1011D00087F31188BFF36F8F3046F8BD9B071CD58E
:1011E000856808F054FA81732B689D4209D16B68B9
:1011F000C4E900531C606C60EAE76A689A42F6D062
:101200001B68002BF3D093F90E208A42F5DD5A6853
:10121000C4E9003214605C60DAE78173D8E700BF8C
:101220009C600020034648B9EFF3058232B9064AB4
:1012300051699268914201D0FFF78CBE83F3118807
:10124000BFF36F8F704700BF9C600020EFF31181E8
:10125000402383F31288BFF36F8F054B9A68D37BCB
:10126000013BD37381F31188BFF36F8F704700BFC9
:101270009C60002070B5EFF31186402383F3128841
:10128000BFF36F8F0F4DAB68DA7B0132DA732A46FA
:1012900052F8184F944200D004B9EC681A7CD20678
:1012A00004D1DA897F2A01D9A2692AB19C4202D0ED
:1012B000204600F075F923466B613046BDE870406A
:1012C000FFF7D8BE9C600020024B03F11802C3E96F
:1012D000062270479C60002070B5EFF31186402312
:1012E00083F31288BFF36F8F1A4CA168E0690B6813
:1012F000814214BF1A46002249680B605960A368F6
:10130000E1692AB9144AC3E900210B60E3610AE0EC
:1013100092F90E5093F90E00854216DD5168C3E92B
:1013200000210B605360A5690B4B9D4200D005B9AD
:10133000E568A3689D4202D0284600F031F9656156
:101340003046BDE87040FFF705BE8A42DAD0126829
:10135000D7E700BF9C600020B4600020F8B550EAD9
:10136000010306460C4603D1FFF7B6FF0020F8BD87
:10137000EFF31187402383F31288BFF36F8F124D71
:10138000124BA8681860FFF73DFEA8681049234675
:101390003246183000F082F9AA68137C43F0040347
:1013A000137404463846FFF7D5FDAB68D3E90A232A
:1013B000B3F1004F08BF002AD8D108F0CBFA201AA9
:1013C00020EAE070D3E700BF9C600020C4600020EA
:1013D00067970200014B9868704700BF9C6000202F
:1013E0002DE9F84304468789EFF31186402383F300
:1013F0001288BFF36F8F037C190705D586F3118818
:10140000BFF36F8FBDE8F883D90943F008026FD1AD
:101410000274A36813B1204608F041F904F11800E2
:1014200008F063FAA56D04F15808A84511D04FF0F3
:10143000000975B1284608F032F905F1180008F0E6
:1014400054FAC5F878902846FFF79CFDA56DA8458D
:10145000EFD1DFF8BC80D8F808309C4250D1EFF3D0
:101460000589B9F1000918BF4FF00109D8F81850E3
:10147000284A954200D00DB9D8F80C50AB4202D0A2
:10148000284600F08DF82046C8F8145004F09CFB64
:10149000B9F1000F02D02048FFF750FDD8F808300E
:1014A0009C4230D1EFF305836BBBA289D20711D5E3
:1014B00086F31188BFF36F8F83F31188BFF36F8FAB
:1014C0000423184602DFEFF31186402383F31288CA
:1014D000BFF36F8F3046FFF73DFDFB0792D500232A
:1014E00083F31188BFF36F8F0423184602DF89E767
:1014F00003F07F0343F00803037408F0C8F888E79B
:101500004FF00009B2E786F31188BFF36F8FE4E76D
:101510009C600020B460002098580020D3B5DDE91D
:101520000667089CCDE90067FFF7EEFD1CB1034B91
:101530009B685B69236002B0D0BD00BF9C60002047
:10154000027C12F01F02034610D10A4988420DD0D6
:101550000949086868B1D9897F2909D893F90E200B
:10156000064B1B689A42B8BF0020704700207047A6
:1015700010467047F856002098260020C8600020CA
:10158000044BC01A044BC0105843044B01221A5498
:10159000704700BF18590020ABAAAAAAE069002032
:1015A00070B50C4B0C4D1E7CFFF7CAFF182303FBD4
:1015B00006550446284608F098F9084B00229A552B
:1015C0003CB1621E28460649BDE87040D31700F0C2
:1015D00065B870BD9C60002018590020E0690020AB
:1015E0008115020038B5EFF31185402383F312888B
:1015F000BFF36F8F0F4B104A9C681068A04206D152
:10160000FFF7CEFF85F31188BFF36F8F38BD002140
:101610001B7C1160094AD35C002BF3D02046FFF7F6
:101620008FFF0028EED0237CDB0601D1FFF736FDCB
:101630002046E5E79C600020C4600020E0690020AF
:10164000024B1868984208BF002070479C26002073
:10165000034B1B680BB9FCF73FBC0020704700BF71
:10166000CC60002030B570B10B4B5B6898420AD05B
:10167000036843B1D3E90421D0E90445121941EBD1
:101680000501C3E90421D0E9003213605A60002348
:10169000C0E9003330BD00BF9C260020B3F1FF3FFE
:1016A00008BFB2F1FF3F2DE9F84F044699461546B1
:1016B0001F467AD08160EFF31188402383F31288AC
:1016C000BFF36F8FB9F1000FDFF8E4A020DBFFF765
:1016D000BFFFDAE90027013549F100092D1849EB70
:1016E000E073C4E90453AD18064643EB07074FF017
:1016F0000109FFF7A5FFDFF8BCE0DEF804A0034610
:10170000EBB9C4E900EACAF80040CEF8044028E08A
:10171000DAE900126FF001035B1A4FF0FF3161EB61
:1017200002025B1B62EB0902012B72F10001BCBFDC
:1017300001230022C0E904324FF00009D9E7D3E9C0
:10174000041CD4E904208A4270EB0C0B24DA891AB9
:101750005A686CEB0000C3E90410C4E9003214605D
:101760005C60FFF76DFF84420ED1134B1B685BB9C1
:10177000B9F1000F02D1FFF76BFF0646304608F0C3
:101780009DF80021FCF77AFB88F31188BFF36F8F77
:1017900028463946BDE8F88F521A60EB0C005345D5
:1017A000C4E90420ADD01B68AAE700252F46EFE767
:1017B000305900209C260020CC6000202DE9F04705
:1017C000DFF8A890DFF8A880C9F800000246FFF70C
:1017D00037FF0D4600260027D8E900134FEAE27EC6
:1017E00050B1D0E9044CA2427EEB0C0A1BDAA41AD9
:1017F0006CEB0E06C0E9044652184FF0000443EBB0
:101800000E032046C8E90023C9F8004008F056F846
:101810002146FCF733FB85F31188BFF36F8FBDE8DA
:10182000F047FFF7DFBE611843EBE473C0E90467DC
:10183000C8E90013FFF716FF01224FF00043C0E98B
:10184000042385F31188BFF36F8F83689847EFF304
:101850001185402383F31288BFF36F8FD9F80020DE
:10186000121BC9F80020FFF7EBFEB5E7CC600020A3
:101870003059002010B5EFF31184402383F3128810
:10188000BFF36F8FFFF7E4FE054A0346D2E900017C
:10189000181841EBE37184F31188BFF36F8F10BD0B
:1018A00030590020F8B50446EFF31187402383F345
:1018B0001288BFF36F8FD0E90423B3F1004F08BF44
:1018C000012A04D087F31188BFF36F8FF8BDD0E9E8
:1018D0000A566A1C46F10003022A73F1000334D34E
:1018E000013D46F1FF36002EBCBF00252E4608F014
:1018F00035F8013041F10001401946EB01010128A2
:1019000071F1000147DB08F029F8013041F10001D5
:101910006FF00203401946EB010183426FF0004370
:101920008B413DDB08F01AF8013041F100016FF006
:101930000102401946EB0103121A4FF0FF3161EB2F
:10194000030319492046FFF7A9FE236B01332363E4
:10195000236A63B187F31188BFF36F8F20469847DE
:10196000EFF31187402383F31288BFF36F8F54F88E
:10197000185FA542A6D0002DA4D0284607F0CEFEC1
:101980000023AB6787F31188BFF36F8F2846BDE84C
:10199000F84007F0B4BE6FF001024FF0FF33D0E71C
:1019A00000224FF00043CCE7A51802002DE9F041DA
:1019B00005461C4690461F46EFF31186402383F3ED
:1019C0001288BFF36F8FB4F1FF3F08BFB2F1FF3F42
:1019D00005D186F31188BFF36F8FBDE8F081002C2D
:1019E00009DB012A74F10003BCBF0122002412F1BB
:1019F000FF3844F1FF37284607F077FFDDE906019D
:101A00000023C5E90A012B6342463B4628460249AA
:101A1000FFF744FEDDE700BFA518020070B50546DC
:101A2000EFF31184402686F31288BFF36F8F07F01F
:101A30005CFF20B184F31188BFF36F8F70BD6B6AB8
:101A400063B184F31188BFF36F8F6B6A28469847A0
:101A5000EFF3118486F31288BFF36F8F05F118003E
:101A600007F091FE0028E5D007F049FE2146024824
:101A7000BDE8704007F09DBEE1690020F8B507465B
:101A80000C46164607F0F8FD08B10020F8BD0D4BD6
:101A90009B68DD6E002DF8D0221DF6D2EFF3118485
:101AA000402383F31288BFF36F8F47F00401284669
:101AB000B04784F31188BFF36F8F0028E5D040F85A
:101AC000045BE3E79C6000200146024A0020FFF728
:101AD000D5BF00BF1147020001680E4A914203467C
:101AE00015D1C169A2F11022A2F1EF1291420ED1DB
:101AF0008268012A0BD8C26812B101698A4206D0F5
:101B0000586928B19B691B1A5842584170470120F7
:101B1000704700BF55AA00FF70B50E4B9E68B6B166
:101B20003046FFF7D9FF044618B9F3687BB9356929
:101B30000DB9204670BD2846FFF7CEFF28B9EB68E7
:101B4000B34204D12E462D69F2E70446F1E70124A1
:101B5000EFE700BFD06000202DE9F041404D064680
:101B60006869884607F059FF18B100242046BDE88F
:101B7000F0812C68DCB1AC68CCB1002E6AD0B8F131
:101B8000000F69D008FB06F7B7FBF6F6B04565D144
:101B9000391D63D8BA0710D027F003020432EC686D
:101BA00003E0616891420AD2A469002CF9D1686906
:101BB00007F039FF0028D9D0D7E73A46EFE7D4F845
:101BC00008C0BCF1000F02D0012008F022FE891AE3
:101BD000232904F120061CD80123A360D4E905239E
:101BE000AAB19361A3690BB162695A610023C4E988
:101BF00005332B69DB0703D5FFF78EFF0028E3D100
:101C00003A4600213046344608F0FBFDCFE7EB6052
:101C1000E8E702F1200023182039C3E9011CDC6049
:101C20002169DFF840C0196144F800C00E48D8614E
:101C300001B1CB6061695961A069986141B18B6163
:101C4000996901B14B610121C4E901212361CDE70B
:101C5000EB60F5E73446AAE74446A8E70446A6E762
:101C6000D060002055AA00FF669911EE70B5424E73
:101C70000546706907F0D1FE00287BD1002D5FD0AA
:101C80003368002B5CD0B268002A59D09D4203D340
:101C9000726813449D4202D3012008F0BAFDA5F1F9
:101CA00020042046FFF718FF0028F5D155F8183C0E
:101CB000012BF1D155F8143C45F8180CC3B19A68C2
:101CC000002A42D155F81C2C02F120015A680A441E
:101CD0005A6055E905321A6155F8145C2B6903B155
:101CE000DD6020462022002108F08BFD23462C4693
:101CF0002069002836D08268002A33D163684268A0
:101D000020331344636003692361D4E90523F2B9E6
:101D100023BB436963618269A2610BB39C61A369C0
:101D200003B15C61236903B1DC602022002108F06B
:101D300068FD33699B0703D5FFF7EEFE0028ABD1A2
:101D40007069BDE8704007F06EBE0023D0E7936174
:101D5000A369002BDDD062695A61DAE7F360F7E727
:101D6000F460DCE7002BE4D1F368A36103B15C61AC
:101D7000F460DEE770BD00BFD060002070B5174E84
:101D800014220C4605460021304608F03AFD14485E
:101D9000706107F03FFE1349134800F035F8232C1B
:101DA0001BD915F003031FBF043CE418C3F104035F
:101DB000ED1822460021284608F023FDC6E900540C
:101DC000203CB5606C60B368084A1A60B368F36081
:101DD000A2F11022A2F1EF12DA6170BDD0600020F2
:101DE000A42600206D1C0200591B020055AA00FF0A
:101DF000014B1B68184700BF08270020014B1B68D8
:101E0000184700BF04270020024B1860024B002037
:101E100019607047082700200427002010B50A46E3
:101E2000044619B1024B00211B68984710BD00BF42
:101E3000F4BB02000E4B0340B3F1607F06D1B1F555
:101E4000885F0CBF00206FF086007047B3F1707F91
:101E50000BD101F4E043B3F5005F06D111F4E06F5C
:101E600014BF00206FF0860070476FF08600704747
:101E70000000C07F8A42F8B506460D4600F00A8190
:101E800001F0FE41B1F1C06F61D1884C22F4FF71C5
:101E900021F00101A14222F0FF0014D004F5885482
:101EA000A04210D022F47F7626F00306A4F57064D9
:101EB000A64208D004F5A064A04204D004F57454EE
:101EC000A14240F0EB80D1B2784E19B922F4806182
:101ED000B14224D125F4FF7424F00104B44225F06A
:101EE000FF0112D0724EB1420FD025F47F7727F058
:101EF0000307A6F57066B74207D006F5A066B142A3
:101F000003D006F57456B44209D115F0FF0406D08B
:101F1000684E44F00074B44204BF02460D468BB1D3
:101F200022F4FF7323F00103B3F1062F06D0624BB6
:101F300022F4FF6121F00701994203D122F480725B
:101F400025F48075954214BF00200120F8BDB1F141
:101F5000A06F16D102F0FE43B3F1A06F40F088806D
:101F600082EA050333F47E1340F0828028047FD593
:101F7000C5F30540C2F3054290428CBF002001200A
:101F8000E4E74E4B9D4209D1A3F500439A4200F08D
:101F900081804B4B22F47E109842D4E7B1F1407F10
:101FA00060D102F0FE43B3F1407F5BD182EA0500CD
:101FB00030F47E1456D131462846FFF73BFF002807
:101FC0006AD1404912F47C1701EA020113D0B1F141
:101FD000607FC2F3054333D1D1B241F0007101F10A
:101FE0007E410339122901D83748445C15F47C1F1F
:101FF0002DD19C42A7E7B1F1607F0AD1D3B243F063
:10200000007303F17E43033B122B4BD82F49CB5C6B
:10201000E2E7B1F1707F17D106F4E043B3F5005F5A
:1020200042D1C6F3022101238B4006F4E041B1F511
:10203000005FDBD1C6F30226012000FA06F4D5E7E3
:10204000B1F1707FD2D1F0E700242346CEE71FB96B
:10205000C5F30541A1421DD0290403D5C5F30540B0
:1020600098428AE71A4B9D4202D1B2F1082F6AE7E3
:1020700025F0004323F47F03B3F1106F0CD102F07D
:10208000FE43B3F1106F07D11248104040F01060CA
:10209000A84258E7012059E7002057E7002B7FF4BA
:1020A00046AF4FE7002397E70023BEE70002000694
:1020B00000130006FF000002004000060093C00469
:1020C000000140050000C07F9DFD02009DFD020053
:1020D0000002C0030000FFF670B505460F480E462B
:1020E00007F09BFC044618B16FF08F04204670BDCA
:1020F0006B6933602B7F012B0ABF022330602B7783
:10210000064818BF6FF0960407F08DFC0028EDD04C
:10211000002CE9D06FF09604E8E700BFEC26002021
:1021200038B50C4C0C4807F078FC65780A4807F085
:102130007AFC0A4807F071FC022D08D12478E31FCD
:102140005C425C41054807F06EFC204638BD002427
:10215000F8E700BFE8600020BC260020D42600205D
:102160002DE9F047894615461C4600F0C3FC06469B
:10217000002851D1D9F80070B7F800A00AF4E04364
:10218000B3F5804FBB6808BF25F0010535EA0303AE
:102190003AD1002C40D0B5F5006F40D0A5F50052E3
:1021A00055425541284A24F4FF7323F0010393421A
:1021B00013D0264924F0FF028A420ED024F47F7007
:1021C00020F00300A1F57061884206D001F5A061FE
:1021D0008A4202D01E4A934223D114F0FF0304D056
:1021E0001C4A43F00073934222D0F9682B462246E2
:1021F0005046FFF73FFE804670B939692B462246AC
:102200005046FFF737FEE0B96FF084060023C9F8A7
:102210000030384600F0A6FC3046BDE8F0870125C6
:10222000C0E704F0FE43B3F1407F04D12304DCD5C2
:102230006FF08606EAE7B3F1A06FF7D0054B9C423A
:10224000D2E74646E8E700BF00020006001300069A
:1022500000460006FF00000238B500F0FE43B3F16F
:10226000407F04460D4602D06FF0860038BDFFF770
:10227000E1FD0028F8D114F47C1F18D0C4F3054305
:10228000032B137022D9224A2240B2F1607F31D150
:10229000E4B244F0007404F17E44033C122CE3D811
:1022A0001C4A125D9342DFD8202BDFD90EE0184B79
:1022B0002340B3F1607F0FD1E3B243F0007303F129
:1022C0007E43033B122B04D9002313706FF085006B
:1022D000CCE71149CB5CD3E7B3F1707FF4D101F4C3
:1022E000E043B3F5005FEFD1C1F3022101238B403E
:1022F000DBB2C5E7B2F1707FB6D105F4E042B2F5CA
:10230000005FB1D1C5F302250122AA40CAE700BF90
:102310000000C07F9DFD02009DFD02002DE9F341FC
:102320004768D0F81480044638460E4607F078FE19
:102330000546E8B9FFB22FB9B8F1000F05D06FF02C
:10234000860515E0B8F1000FF9D0A36823F0031358
:1023500023F47F43002BF2D162884FF6F8739A4240
:1023600028D81648277907F058FB28B16FF08F0559
:10237000284602B0BDE8F08107B901A8314600F057
:1023800069FB05460D4807F04EFB10B1002DEFD15B
:10239000ECE7002DECD10FCCD6F800C066460FC696
:1023A00094E8070086E80700002FE1D1019BCCF8F4
:1023B0001430DDE76FF08505DAE700BFEC2600207A
:1023C00010B5044650B1064807F027FB204607F039
:1023D0005BFCBDE81040024807F025BB10BD00BF04
:1023E000EC26002013B5044610B301A900F082FBCF
:1023F0000446E8B9194807F010FB0346019853B1A9
:10240000002407F0F8FD002818BF0446134807F021
:102410000AFB68B109E0037F032B11D107F0EBFD44
:1024200004460E4807F0FFFA28B10CB96FF08F048C
:10243000204602B010BD002C08BF6FF08704F7E7FC
:10244000022B07D1032303770379FF2BD8D16FF039
:102450008404D6E76FF09604D3E700BFEC26002093
:102460002DE9F0411E4688B090460022038805926F
:1024700005460F46CDF81C803260B8F1000F65D0DC
:10248000B8F1005F80F0A18023F0FF03B3F5E24FC5
:1024900002D0B3F5824F25D1284607F0D3FA04467F
:1024A000002840F08680EB6883B16A8872B12B887F
:1024B00003F44F41B1F5824F02D0B1F5884F05D1F9
:1024C000DBB2222B36D02CD8122B38D03A4608EB70
:1024D0000701002312F8010B8A4243EA0003F9D1F5
:1024E000002B33D005A92846FFF718FF0446A0B9F2
:1024F000059B9B6A6BB3059B5A88069206AA0292BB
:1025000003F1280201929A6A00925B6A42463946B8
:10251000284607F0B7FD044680B30598FFF750FF43
:1025200047E0273BDBB21B2BD0D8294921FA03F324
:10253000DB07CBD50732B8EBD20FC7D206E040F2AB
:1025400009239A42F6D1B8F1400FBFD86FF0860444
:102550002FE06B681B0A07D10799059807F054FB19
:1025600004460028C7D0D8E707AB4246394628467C
:1025700007F060FD04460028EED0CEE70599069BE3
:102580004A88D2B94B80069A4FF6F8739A4219D806
:102590002B88059813B102889A4210D16B8813B129
:1025A00042889A420BD13146FFF796FD0446002837
:1025B000B3D1204608B0BDE8F0819A42E3D06FF075
:1025C0008604AAE76FF08504A7E76FF08504F0E7BB
:1025D0000102000C38B504460D46FFF7A1FD30B1ED
:1025E0002A4621460348BDE8384007F0F2BD6FF0A7
:1025F000880038BDEC60002073B5002203880A60B3
:102600000092428804460D46002A00F0FF800288AE
:1026100002F4E042B2F5804F00F0F88023F0FF03AF
:10262000B3F5E24F02D0B3F5824F04D1204607F054
:1026300009FA0646D0B969462046FFF76FFE0646FE
:1026400060BB009B9B6AA3B10099204601F128035F
:10265000D1E9091207F0F8FC06460098002E40F078
:10266000D2802946FFF738FD0646B8B9304602B099
:1026700070BD63681B0A40F0BD802288618802F447
:10268000E043B3F5805F0DD0B3F5005F0AD002F4EC
:102690004F40B0F5824F1ED06FF085060098FFF7CF
:1026A0008FFEE3E7104607F080FA06460028F5D1D2
:1026B00047F201039A4220D14B080133DB0803EBB8
:1026C000C3033B330193DDE9000107F09DFA0646A1
:1026D0000028B9D0E2E7B3F5E04FDDD147F20103BE
:1026E0009A42E9D022F0FF03B3F5884F15D1CB1DF4
:1026F000DB0803EB43030133E4E744F201039A42AE
:1027000002D1CB081033DDE722F0FF03B3F5E84F29
:10271000EAD1CB1DDB085B00D4E7B3F5EE4F67D001
:10272000B3F58E4F02D1CB1DDB08CBE702F44F404F
:10273000B0F5824F02D0B0F5884F06D1D0B2422812
:1027400001D1CB08D7E74128EDD0B3F5E24FEAD06D
:10275000B3F5824F03D1CB1DDB085B00CBE744F21E
:102760000D039A4224D844F201039A42DBD9A2F520
:102770008042023A0B2AD6D801A353F822F000BFB8
:10278000C527020027270200D127020027270200C1
:1027900027270200D9270200E1270200272702008D
:1027A00027270200E927020027270200E927020065
:1027B00047F202039A421BD047F204039A42B2D175
:1027C00040237FE74B094FF4A0725343203379E74E
:1027D0000B0A4FF4C072F8E7CB1DDB08183371E722
:1027E000CB1DDB081C336DE7CB1DDB08023392E702
:1027F000202367E701A9204607F021FC06460028B0
:102800003FF461AF4AE707F034FA47E76FF0860616
:102810002CE700BF10B51C4C1C4807F0FEF82378CD
:10282000590744BF03F0FB0323709A0705D500F056
:10283000F7F8237823F002032370144807F0F3F825
:10284000134807F0EAF8637813B1124807F0C3FCA5
:1028500000234FF4AC710F486370FFF7DFFA0C48A8
:1028600007F0E1F8094807F0D8F82378DB0705D529
:1028700007F0DFFB237823F001032370BDE810404D
:10288000024807F0D0B800BFE8600020D42600203E
:10289000BC260020EC60002070B5FFF741FC10B1B1
:1028A0000024204670BD344807F0B7F8044620B134
:1028B0006FF08F04FFF7AEFFF3E7304D2B789E07E4
:1028C00006D400F0A5F82B7843F0020304462B70E1
:1028D000294807F0A8F810B1002CE9D0EAE7002C4D
:1028E000E8D1254807F099F804460028E0D12B7874
:1028F000D80706D407F09BFB2B7843F0010304466E
:102900002B701D4807F08FF80028E5D1002CD1D19D
:10291000194807F082F80028CAD117482E7807F026
:1029200082F80028C4D1164807F077F8044600283A
:10293000BED16B783BB9F10705D5124807F047FCCB
:10294000022304466B700E4807F06DF80028C3D1CF
:10295000002CAFD1084807F060F80028A8D12B78E8
:1029600005485A075CBF43F004032B7007F05BF87F
:10297000002895D09CE700BFD4260020E860002006
:10298000BC260020EC60002000F140420F2A30B548
:102990000CD81D4B2C2404FB02331A7F022A02D1CF
:1029A0005A69824224D06FF08B001AE0441E6FF007
:1029B00040439C420ED2144A00241346157F022D38
:1029C00002D15569854210D00134102C02F12C023D
:1029D000F4D1E8E70D4BA2F580529A42EBD96FF0A3
:1029E000870030BD6FF09600FBE72C2202FB04331A
:1029F0001A7F022AF6D11A6A501CF3D001321A62E9
:102A000000200B60EDE700BF44620020FFDFFF3FC6
:102A1000024B012283F8C02200207047446200204C
:102A20002DE9F0410A4C002526464FF00108032706
:102A3000C4F8208027772046013507F025F9102DAE
:102A400004F12C04F4D1002386F8C032BDE8F081F3
:102A500044620020F8B5244D064624480F4606F08F
:102A6000DCFF95F8C042214806F0DDFF002C34D091
:102A700000242B462246197FF9B13CB9022905D121
:102A8000196A19B91979002918BF1C460132102A90
:102A900003F12C03EFD114B96FF08C000BE0237F0E
:102AA000022B04D1236A5A1C1CBF01332362204627
:102AB00007F0EAF810B100240DE01C46237F7BB933
:102AC0000123237736B10A4B651BAD105D4305F139
:102AD0008045356000203C60F8BD6FF08800EAE773
:102AE0006FF09600E7E700BF44620020D426002084
:102AF000A38B2EBA002370B50B60044616480D4612
:102B000006F08BFF154B144893F8C06206F08BFF5C
:102B1000FEB1134806F081FF064618B16FF08F042E
:102B2000204670BD20462946FFF72EFF10F18C0F7E
:102B3000044607D00A4806F076FF0028F0D0002CA3
:102B4000EED1EBE706482E6006F06DFF6FF08704CC
:102B5000E6E76FF08804E3E7D42600204462002013
:102B6000EC26002010B50446084806F056FF40B990
:102B7000204607F040FA0446044806F054FF10B11E
:102B80000CB96FF08F04204610BD00BFEC2600206A
:102B900070B40A4E4568DCB244F00074B4424FEAA7
:102BA000152503D035B970BC00F0CCB86FF08500A6
:102BB00070BC70476FF08600FAE700BF05000002A6
:102BC000F7B5089E0D4FF5B2044645F0007548680C
:102BD000BD424FEA10200AD060B9009604F1080007
:102BE00000F07CF808B91C23236003B0F0BD6FF03F
:102BF0008500FAE76FF08600F7E700BF05000002E6
:102C0000F7B5089E0D4FF5B2044645F000754868CB
:102C1000BD424FEA10200AD060B9009604F10800C6
:102C200007F0D8FB08B91C23236003B0F0BD6FF098
:102C30008500FAE76FF08600F7E700BF05000002A5
:102C40002DE9F0414FF6FF749C4228BF1C460D460B
:102C50001FFA84F81646AAB1A1B19BB10B4F3846B2
:102C600006F09BFA18B96FF09200BDE8F081BB68DE
:102C700042461B683146384698470028F3D1E400A5
:102C80002C60F2E76FF08600EFE700BF80AA020039
:102C90007FB50024C0F848410F4C0094054607F06A
:102CA00047FA044698B903AB102205F59C760193C8
:102CB0000092334605F59471284607F04CFA044615
:102CC00028B9304607F0B5FA204604B070BD284652
:102CD00007F04DFAF8E700BF004440042DE9F04149
:102CE0001E46069B1746154A23F47E13934204465C
:102CF0000D461BD10B88B3F5105F17D1A6F110025A
:102D0000102A17D80E4BD340DB0713D54FF4A67209
:102D1000002107F076FD022384F84C313A46334611
:102D200029462046BDE8F041FFF7B2BF6FF08500AD
:102D3000BDE8F0816FF08600FAE700BF0002C00333
:102D4000010101002DE9F04323F47E16124BDDF85A
:102D50002C909E42DDE9077CDDE909E815D1038866
:102D6000B3F5105F11D1A2F11004102C11D80B4D46
:102D700025FA04F4E3070CD5CDE90989CDE907CE9E
:102D80003B46BDE8F04307F0FCBA6FF08500BDE8B4
:102D9000F0836FF08600FAE70002C0030101010032
:102DA00073B50C4611461A462388069EB3F5105F8C
:102DB000054619D1A2F11004102C12D80C4BE34097
:102DC000DB070ED50B4B9E420ED100240094234608
:102DD00000F0A0F885F81C41C5F81861204602B043
:102DE00070BD6FF08600FAE76FF08500F7E700BF6F
:102DF00001010100004440042DE9F04116461F4640
:102E0000D0F818210E4B9A420546884611D131461A
:102E100000F0A0F8069B984204460DD83346284699
:102E20004246394600F0A4F8079B00201C60BDE82C
:102E3000F0816FF08500FAE76FF08900F7E700BFD7
:102E40000044400430B58BB0044618220D4604A857
:102E5000002107F0D6FC4FF41053ADF80C3020469B
:102E60004FF48073ADF80E30059307F080F94FF4FE
:102E700094720021204607F0C4FC0B4B00932A46B5
:102E8000202303A9204607F053F950B905F1200388
:102E900004F59474303553F8042B44F8042BAB42FA
:102EA000F9D10BB030BD00BF0044400470B5184EDE
:102EB000049C4588B34202D06FF0850070BDEE1DC2
:102EC000B2EBD60F4FEAD60302D06FF08600F5E7DB
:102ED000079A934218D8089A1360008847F2121292
:102EE0009042E9D1059A5B0001339342EDD12378FA
:102EF000042BEAD1B5F5807FDED10698621C00F084
:102F000067F90028DAD0E0E76FF08900D6E700BF64
:102F100000000209F8B5069F04461D4661B1164639
:102F2000AFB9DDF7EDFA002384F8116184F81031B0
:102F300084F8127184F8133145B11022294604F146
:102F4000F00007F050FC012384F81331F8BDDDF7E1
:102F50006BFCE8E751B190F8103190F812210B4466
:102F600002F001029B1A23F00F00704708467047D9
:102F70002DE9F04F044687B090F8120194F81091B3
:102F80000090002B55D0924600F00108C9F11002C4
:102F90001E4608EB0203B34204F5807700F2C480BA
:102FA0000D46002A40F0B380009B002B6AD194F8B4
:102FB000133104F1F009C846002B40F0C18094F8A9
:102FC0001131224639464846DDF746F90F2E40F2C8
:102FD000CE80A6F1100323F00F031033019305EB0D
:102FE000030BD04694F813C1102341464A46384695
:102FF000BCF1000F20D0DDF749FE102249462846DB
:1030000007F0F1FB103594F8113122463946484655
:10301000DDF722F95D4508F11008E3D116F00F063F
:1030200021D184F81061C84610224146584607F065
:10303000DAFB07B0BDE8F08F102207F0D4FB1022B6
:103040004946284607F0CFFB103594F81131224647
:1030500039464846DDF700F9AB4508F11008C1D103
:1030600016F00F06DDD0019B9A4451463846324691
:1030700007F0B9FB009B84F81061002B7DD00DF1A7
:103080000808D1E794F811312246394602A8DDF745
:1030900079FA94F81331002B5BD1B8F1000F0CBF13
:1030A0004FF010094FF011094E4529D304F1F008F3
:1030B00001E04E4524D3514610223846924407F091
:1030C00092FB102202A9284607F08DFB94F81131DB
:1030D0002246394602A8DDF755FA94F81331103E1E
:1030E0001035002BE5D002A9084642461023DDF733
:1030F000CDFD10223946404607F075FB4E45DAD229
:103100002EBB84F81061AB460DF108088CE75146E0
:1031100007EB0900924407F066FB009B103E4E440B
:10312000002B3FF444AFADE707EB090051463246B0
:1031300007F059FBB14484F8109107B0BDE8F08F57
:1031400010234A4639463846DDF7A0FD37E7AB463F
:103150008BE702A904F1F0094A4608461023DDF77F
:1031600095FD48461022394607F03DFB95E7002EB5
:10317000EDD184F81061AB4656E704F1F00952E74F
:1031800000B589B00146684600F03CF809B05DF82A
:1031900004FB00BF00B591B00146684600F06AF933
:1031A00011B05DF804FB00BF30B599B00546684624
:1031B00000F028F86946044608A800F053FA08A968
:1031C0000443284600F08AF9204619B030BD00BFFC
:1031D00070B598B005466846164600F013F83146BB
:1031E000044608A800F046F908A96A4604430846C0
:1031F00000F082F908A90443284600F06DF9204642
:1032000018B070BD70B50B68124E1BBAC3614B6825
:103210001BBA83618B681BBA4361CB681BBA03611D
:103220000B691BBAC3604B691BBA83608B691BBAFD
:103230004360CB691BBA3246036001460446DDF7A2
:1032400015FB3146054602462046DDF72FFB681E7A
:1032500070BD00BFF8BB02002DE9F04188B00C46FC
:10326000064602F12001684606F120079046DDF788
:10327000F7FD6A4669466846DDF714FD694638463B
:10328000DDF7EEFD3A463946384604F12005DDF714
:1032900009FD6A4669466846DDF704FD4146284651
:1032A000DDF7DEFD6A4641463046DDF7C1FD2A46C0
:1032B00029466846DDF7F6FC2A4669466846DDF78A
:1032C000F1FC124A69466846DDF7ECFC6946204687
:1032D000DDF7C6FD324621462046DDF721FD3246A8
:1032E00021462046DDF71CFD224631462846DDF703
:1032F00017FD6A4629462846DDF79AFD3A462946D3
:103300002846DDF70DFD08B0BDE8F081D8BC02000D
:10331000F0B599B004460D460A4601466846DDF709
:10332000FFFC69466846DDF79BFD6A46214608A812
:1033300005F1200604F12007DDF77AFD6A462946EB
:103340006846DDF775FD3246394610A8DDF7AAFC60
:10335000324639463046DDF7E3FC31462846DDF794
:103360007FFD6A4608A92046DDF79CFC22462946D7
:103370002846DDF7D5FC6A4608A96846DDF7D0FC8B
:103380006A4639463846DDF753FD2A4608A968469D
:10339000DDF7C6FC6A4631463046DDF749FD3A4660
:1033A00031463046DDF7BCFC10A96846DDF758FD14
:1033B000224669462046DDF7B3FC08A922460846A6
:1033C000DDF7AEFC10A908AA0846DDF731FD3A4644
:1033D00010A93846DDF7A4FC19B0F0BD2DE9F04185
:1033E00088B00C46054690460A4601466846DDF719
:1033F00097FC69466846DDF733FD6A46294628464C
:1034000004F12006DDF714FD05F120076A46214688
:103410006846DDF70DFD324639463046DDF780FC63
:1034200031462046DDF71CFD2A4621462046DDF7C1
:1034300077FC6A4621462046DDF772FC6A4629463B
:103440004046DDF76DFC424639463846DDF7F0FC74
:10345000224629466846DDF763FC6A463146304617
:10346000DDF7E6FC3A4631463046DDF759FC08B058
:10347000BDE8F08170B500F1200690B00D4604461D
:1034800000F014F905F12001304600F00FF9214653
:1034900008A8DDF7E5FC08A908460D4ADDF702FC9F
:1034A00008A922460846DDF7C3FC08A9094A0846D0
:1034B000DDF7F8FB31466846DDF7D2FC202269468D
:1034C0000DEB0200DDF7C0FB013810B070BD00BF8E
:1034D000D8BC0200B8BC020000F002B938B50446FE
:1034E0000D4600F0FDF805F1200104F12000BDE8D3
:1034F000384000F0F5B800BF2DE9F0471346B8B0EA
:10350000544A89468046194610A8DDF7AFF952495A
:10351000024610A8DDF7CAF9179E4E4900EAD67692
:103520000746C6F1010210A8DDF7C0F9179B4A460D
:103530006FEA030A28A918A8FFF78EFE4FEADA7A85
:1035400020A9CAF10102084600F092F8C7F101076C
:10355000FE246A4618A928A8FFF740FF631138AA7D
:1035600002EB830304F01F0253F8A03CD3405546FE
:1035700003F0010A8AEA05052A4628A918A8DDF7FA
:10358000F1F92A4630A920A8DDF7ECF9013C28A979
:1035900018A8FFF7BDFE631CDBD1CAF1010220A908
:1035A00008A800F065F886EA0A066A4618A928A85D
:1035B000FFF714FF28A9324618A8DDF7D3F93246E1
:1035C00030A920A8DDF7CEF908A96A460846DDF73C
:1035D0002FFC08A9084600F09DF808A908F120046E
:1035E00009F120020846DDF723FC20A908AA20469D
:1035F000DDF71EFC08AA18A96846DDF719FC694624
:103600006846DDF72DFC18AA694608A8DDF710FC0E
:1036100021466846DDF724FC08AA69461046DDF716
:103620007FFB0E4A08A96846DDF77AFB2046202179
:10363000DDF71EFB08A9024644426846DDF792F911
:103640004046074A6946DDF7F3FB3C43204638B065
:10365000BDE8F08738BC020058BC0200B8BC0200CC
:1036600018BC02000A460149FFF746BF78BC0200B9
:1036700070B588B004460D461646002120226846E3
:1036800007F0BFF80023294620222046009307F0C8
:10369000AAF82A4669466846DDF742FB3246694683
:1036A0002046DDF75FF908B070BD00BF0B681BBA9C
:1036B000C3614B681BBA83618B681BBA4361CB68DB
:1036C0001BBA03610B691BBAC3604B691BBA8360E9
:1036D0008B691BBA4360CB691BBA0360704700BF9C
:1036E000CB691BBA03608B691BBA43604B691BBA79
:1036F00083600B691BBAC360CB681BBA03618B681C
:103700001BBA43614B681BBA83610B681BBAC36168
:10371000704700BF70B598B00D46064610A8DDF79B
:103720009FFB2A4610A96846DDF782FB694610A870
:10373000DDF796FB10A90846DDF792FB6A4610A953
:1037400008A8DDF775FB08A910A8DDF789FB10A90B
:103750000846DDF785FB10A90846DDF781FB10A9B7
:103760000846DDF77DFB10A908AA0846DDF760FBD7
:1037700010A90846DDF774FB10A90846DDF770FBB9
:1037800010A96A4608A8DDF753FB052408A910A86C
:10379000DDF766FB10A90846DDF762FB013C10A9C6
:1037A000F5D108AA0846DDF743FB052410A9084611
:1037B000DDF756FB10A90846DDF752FB013CF5D1B9
:1037C00010A908AA0846DDF733FB10A908A8DDF701
:1037D00047FB08A90846DDF743FB08A96A46684687
:1037E000DDF726FB1024694610A8DDF739FB10A988
:1037F0000846DDF735FB013C10A9F5D12A460846FD
:10380000DDF716FB402410A90846DDF729FB10A9B7
:103810000846DDF725FB013CF5D110A96A460846AC
:10382000DDF706FB102410A90846DDF719FB10A9E7
:103830000846DDF715FB013CF5D110A96A4608469C
:10384000DDF7F6FA102410A90846DDF709FB10A9E8
:103850000846DDF705FB013CF5D110A908AA08468A
:10386000DDF7E6FA2A4610A93046DDF7E1FA18B08E
:1038700070BD00BFF8B50E4B1D68AB789B070646C0
:1038800012D56F6816F8014B29462CB90A20B847A3
:10389000002805DB204609E02046B8470028F1DA79
:1038A000AB7843F00403AB704FF0FF30F8BD00BFBE
:1038B00070B702000CB430B58BB004460D46202220
:1038C000002102A806F09DFF02238DF80A30002D8A
:1038D0000C4B0393069412DB01D06B1E1C440FAA01
:1038E0000E99079402A8019200F074F815B1069B96
:1038F00000221A700BB0BDE8304002B070470024BF
:10390000EDE700BF2DA90200242AF0B5044601D836
:10391000012A40D1EFF77EFD2D4B16221A5001B13E
:103920000C600020F0BD2F463D4615F8010B202805
:10393000F9D0A0F10906042E0346F4D92B282CD087
:103940002D282CD101262B78BD1C302B2DD1287889
:1039500040F02000782824D132F0100021D16B787B
:103960002C46102202350020392B82BF03F1FF3391
:1039700043F02003263B303B9A421AD9A0FB0204B5
:103980000CB9C01801D346F002062F462C4617F892
:10399000013B3D46E8E70746C6E70026D3E7002699
:1039A000D3E7002A08BF0822DDE7002A08BF0A2261
:1039B000D9E701B10C60F20748BF4042B307B1D567
:1039C000EFF728FD024B22221A504FF0FF30A9E7F3
:1039D0000C0000002DE9F04F8BB043680093837812
:1039E0009C078046924640F1F9800025087800281F
:1039F00000F0F68025280AD04B1C01930135414682
:103A0000009B98470028C0F2E3800199EEE74E78CA
:103A10008B1C252E0193F1D00027B9463C460A2283
:103A20001F2C22D8A6F12003102B20D8DFE803F0AA
:103A3000141F1F1A1F1F1F0B1F1F1F121F171F1FCF
:103A4000090044F00104019B13F8016B0193002E5F
:103A5000E6D13AE044F0020444F00404F3E744F011
:103A60000804F0E744F01004EDE77F2C24D8A6F119
:103A70003003092B08D860064EBF02FB073702FB54
:103A8000093944F02004DEE72A2E0DD161065AF8E8
:103A9000043B53D4002BA7BF44F020049946C3F144
:103AA000000944F02804CEE72E2E05D1630600F16C
:103AB000978044F04004C6E76C2E2ED028D8682E9C
:103AC00032D06A2E37D04C2E35D0002F46F020034E
:103AD000B8BF24F04004A3F16502BCBFA4B2002724
:103AE000022A01D9612B2BD10AF1070A2AF0070A11
:103AF0009C4E0AF1080A0727210760D506EB070B41
:103B000034465C455DD1AE1BA219A9EB070959E10A
:103B1000742E98D07A2E96D0D7E7260648BF44F464
:103B2000007444F080048EE7E00548BF44F400745C
:103B300044F4807487E744F4207484E71F4682E7E6
:103B4000A6F16302122A00F2D880DFE812F0130017
:103B50004D00D600D600D600D6004D00D600D600C7
:103B6000D600D600D600E800D100D600D6001A0054
:103B7000D600A0005AF8043B8DF81030012704AE9F
:103B8000BAE75AF8046B784B002E08BF1E4614F0B3
:103B9000400F14BF39464FF0FF31304606F063FE48
:103BA0000746A9E7009B41462020984700280FDBE5
:103BB000013CA742F6D34D442D1BA1469EE74C463F
:103BC000F7E714F8010B009B41469847002898DA64
:103BD00098F8023043F0040388F802304FF0FF35C4
:103BE00028460BB0BDE8F08F220630D5A3052AD5B4
:103BF0000AF1070A2AF007039A4659685AF8080B8F
:103C000024F0100B00291FFA8BFB2FDA404261EBE6
:103C100041014BF4806B04AC0A23224606F02FFED0
:103C20001BF0400FA0EB040200F08E802BF001048B
:103C30009742A4B240F38F80002E40F08E802BF08C
:103C40001104A4B21DE05AF8040BC117D8E7E0052F
:103C50005AF8041B01D40846F7E7A2054BBF48B247
:103C600008B241F3C01141F3C031C9E750EA010382
:103C7000D1D16306CFD5002FCDD124F01104A4B249
:103C80003A463B4640F206410C4262D124E024F021
:103C90001004A4B20A2314F0800243D014F400717B
:103CA0001FBF0AF1070A2AF007029246516814BFA3
:103CB0005AF8080B5AF8040B50EA01023ED124F0DE
:103CC000160B62061FFA8BFB3CD5002F3AD124F06D
:103CD0001704A4B23A463B4621075AD4E10705D55A
:103CE000994572DDA9EB03039F184B469B464AE0BA
:103CF00044F0100410237826CDE7782B04D1C6F1C8
:103D0000780343F01003C6E7009B414625209847FF
:103D10000028FFF65DAF02354146304670E60823C5
:103D20000026B8E714F480715AF8040BC4D014F4D8
:103D300000711ABFC0B2114680B2BDE724F006047C
:103D40001FFA84FB04AC68E713465C46E10699D58C
:103D50002EB90133C0E71346F8E73B46F6E70233D6
:103D6000BAE700BF70FB020069FB0200CDE9023236
:103D70004146009B202098470028FFF629AFDDE947
:103D800002320BF1010BD945F0DCEB1A03EB0B050A
:103D90005B46E10627D5CDE902324146009B302043
:103DA00098470028FFF614AFDDE902327EB90135ED
:103DB0002F44791B8A4229DB144604AE9CBB2A445B
:103DC000A9EB03091546914442E017468EE7CDE979
:103DD0000232023541463046009B98470028DDE913
:103DE0000232E5DAF4E640F206410C42E0D014F08B
:103DF000020F14BF2B20202014F4806FCDE9023273
:103E000005F10105414618BF2D20E5E7CDE9023255
:103E10004146009B302098470028DDE9023205F139
:103E20000105C6DAD4E6013CCDE90232305D009BE3
:103E3000414698470028DDE90232BFDAC8E6009B18
:103E4000414620209847002805F10105FFF6C0AE45
:103E5000A9EB0503002BF2DCD7E500BF38B5044C15
:103E6000044DAC4200D138BD54F8043D9847F8E702
:103E70000000000000000000704708B505F06EFD6E
:103E80004FF47A72A0FB020302FB0131C00B40EA3F
:103E90004140C90B08BD0023EDF764BF014640F265
:103EA000E73008B54FF47A72002300EBC130490CBB
:103EB000E6F702FEBDE8084005F0A5BCF0B40C270B
:103EC00007FB0214866814F8045C45F0020504F848
:103ED000045CB468A446F0BC604710B588B00379B0
:103EE0008DF807109BB10DF1070102910121CDE979
:103EF00005210722039100248DF81C2000688DF80D
:103F00001040022202A9FFF7D9FF08B010BD6FF0E0
:103F10001200FAE71FB503798DF800108DF8012023
:103F20006BB1022202928DF80C200068CDF804D00B
:103F3000012201A9FFF7C2FF05B05DF804FB6FF095
:103F40001200F9E738B502220D210546FFF7E2FF1E
:103F50000446E8B9024620212846FFF7DBFF224647
:103F600021212846FFF7D6FF224622212846FFF7C7
:103F7000D1FF224623212846FFF7CCFF22462421E9
:103F80002846FFF7C7FF224625212846FFF7C2FF34
:103F9000204638BDF8B50E4617460D2102220446CC
:103FA000FFF7B8FF0546002857D10B221121204604
:103FB000FFF7B0FF882212212046FFF7ABFF3F2218
:103FC0002A212046FFF7A6FF012E4FF0FF3218BF2F
:103FD0000022D2B223212046FFF79CFF022E4FF091
:103FE000FF3218BF0022D2B224212046FFF792FFF1
:103FF000032E4FF0FF3218BF0022D2B225212046F7
:10400000FFF788FF324620212046FFF783FF2A462C
:1040100021212046FFF77EFF2A4622212046FFF776
:1040200079FF2A460D212046FFF774FF0546A0B907
:1040300027EAE776294640F2E7304FF400454FF48F
:104040007A720023E6FB0501E6F736FD05F0DBFB9F
:104050002046BDE8F840FFF775BF2846F8BD07B514
:1040600007210DF10702FFF738FF30B99DF907303E
:104070009DF80700002BB8BF802003B05DF804FB5B
:10408000F0B5E9B008238DF80730037907460E46EE
:1040900015460DF10704ABB3FFF7E1FF002822DD61
:1040A00085424FF00103A8BF0546039300238DF816
:1040B00010302BB203EB43030693072302948DF8D1
:1040C0001C3008AC3B7938680594022202A9FFF73E
:1040D000F5FE40B92346314606EB8500814203F1E7
:1040E000030302D1284669B0F0BD13F8022C13F87F
:1040F000034C120242EA044213F8014C224341F8F5
:10410000042BEBE76FF01200EDE770B590F8444038
:1041100088B04CB300F12401A200684606F063FBAE
:104120006A460121CBB29C4207D8640808AB03EB76
:10413000840454F8200C08B070BD013B55685BB294
:10414000104650F80469AE4204D9013B5BB2866068
:104150005E1CF6D101335BB208A800EB830301318A
:1041600043F8205C0432DDE72046E4E738B5044636
:104170000D464C22002106F044FB256038BDC06886
:104180007047406870470346007E30B1586843F678
:1041900097239842D4BF0020012070472DE9F04FAB
:1041A000C36990F818B003F1010A85B004461746B8
:1041B000C0F81CA0BBF1000F0FD1C0E9011BC0E982
:1041C00004BB012303762FB94FF00008404605B029
:1041D000BDE8F08F00233B80F6E74368CA1A03EB83
:1041E000A21343F697229342436005DC0023A0F814
:1041F000443003624376E6E785680668BAFBF6F268
:10420000C91A491B436905EBA10501698560AB42E9
:10421000B8BF2B46A942A8BF294606FB12A243619C
:1042200001613AB9C2685B1A9B1AC0E9045502EBF6
:104230006302C26094F84420E1684FF03C09012A0F
:1042400009FB06F94FF0DC03B9FBF3F313D9204661
:10425000CDE902230191FFF758FF039B4FF0060CB5
:10426000DDE901120CFB00F04FF00A0CB0FBFCF092
:10427000834238BF034694F81980B8F1000F61D12A
:104280000A2091FBF0F0854263DD282905DC00233C
:10429000A4F844304FF0000825E001216176216A3E
:1042A000F9B1AAEB01018B421BD8B9FBF1F9A9F1D5
:1042B0001E09B9F1BE0F14D894F8453004EB830001
:1042C0000133416203F0070384F84530A36C072AE9
:1042D00098BF013203F1010398BF84F84420A3641E
:1042E000D846C4F820A0002F3FF470AF2046FFF757
:1042F0000CFF94F844C0BCF1030F2DD900B328255E
:1043000000224543203411464FF0640E54F8043F18
:10431000984234BF1B1AC31A0EFB03F3AB4201F1E0
:10432000010198BF0132C9B298BFD2B28C45EDD11C
:10433000032A11D94FF416735E43B6FBF0F6B0B200
:10434000388043E7142391FBF3F39D42BCBF002365
:10435000637628299BDD9DE70020F1E7F0B406692C
:104360008768336801248C4023EA040333603B6888
:1043700022F48012F0BC1847014640F2E73008B53D
:104380004FF47A72002300EBC130490CE6F794FB3E
:10439000BDE8084005F037BA10B588B000248DF8A4
:1043A00007100DF1070102910121CDE90521072236
:1043B00003918DF810408DF81C209DF81C30826808
:1043C00043F002038DF81C3094686A23022202A98C
:1043D000A04708B010BD41F2670398420ADC40F6DE
:1043E000E443984208DD0923A0F6E440B0FBF3F073
:1043F000C0B2704764207047002070470023EDF77B
:10440000B1BC70B586B006460D4614460021182290
:10441000684606F0F6F969460020CDE90165ADF879
:104420000C40F6F78DF806B070BDBFF35B8F50E817
:10443000003F40E80012002AF9D1BFF35B8F7047BC
:1044400008B50246EBF7A6FD20B1BDE808401046CE
:10445000EEF778B808BD642828BF6420EEF7CCB822
:1044600013B50622044669462820EBF70FFF40B932
:10447000BDF800302380BDF802306380BDF8043001
:10448000A38002B010BD07B56846FFF7E9FF00281A
:104490003CD1BDF800304FF4FA6213FB02F3002B5D
:1044A000BCBF03F5FF437F33DA13BDF802304FF48E
:1044B000FA6113FB01F3002BBCBF03F5FF437F330D
:1044C000D913BDF804304FF4FA6013FB00F3002B4E
:1044D000BCBF03F5FF437F33494302FB0212DB13EA
:1044E00003FB03234FF080429A4204D8002022B9F4
:1044F00003B05DF804FB9208F6E7811899424FEA91
:1045000050009CBF80185B1A9208F0E76FF004001F
:10451000EEE707B501220DF107011D20EBF7B6FE0E
:1045200001220DF107014520EBF7B0FE03B05DF865
:1045300004FB704700EBC100408840087047F8B5A5
:104540000346FFF7F7FFB0FA80F0C0F11F0003EB5E
:10455000800CCA00DCF81060171D0C4606328DB2C4
:1045600056B9012101FA00F0D9680143D960CCF8AD
:104570001040DD539D52F8BDF1000431585AD85314
:1045800003EBC0009E52C5805D52F4E710B500EB0E
:10459000C104E3888B4202F104010AD1012303FA2A
:1045A00002F2C36823EA0203C360002340F821300B
:1045B00010BDA28840F8213000EBC20100EBC3001F
:1045C000CB808280F4E708B50346FFF7B3FFB0FA6B
:1045D00080F2C2F11F021846BDE80840FFF7D6BFBF
:1045E0002DE9F843B1FA81F3C3F11F0200EB820910
:1045F0000646D9F810700D4687B9C3F120034FF075
:10460000FF349C40F3681C4014D094FAA4F2B2FA30
:1046100082F2131D56F82340214608E03C464FF035
:10462000030821463046FFF785FF854205D830460E
:10463000FFF7ACFF2046BDE8F88306EBC404B8F1F1
:104640000108E488C9F81040D7D0BC42E9D1D4E7CA
:1046500038B50446FFF76EFF0D4603461146204667
:10466000FFF768FF03449BB204EBC5055A006A805C
:104670002046FFF75FFF014424F8313038BD70B5A4
:104680000446FFF757FF0B4604EBC305511A9B1A6C
:1046900089B203444E009BB204EBC2006E805D0001
:1046A000458024F8321020461146FFF743FF0144AD
:1046B00024F8313070BD70B509B9002070BD0568AF
:1046C00001F007030B33CC0804EBD304AB689C4226
:1046D00028BF1C4621462846FFF782FF06460028D1
:1046E000EBD001462846FFF725FFA04207D9321933
:1046F0002846FFF7C4FF11462846FFF720FF05EBC9
:10470000C6021046538843F0010353800430D5E7B6
:104710001146FFF7D0BF043A2DE9F843CC1D1144F0
:1047200024F0070421F00706A6EB04084FEAD80797
:10473000B7FA87F2C2F12405AD004FF00009073542
:10474000C2F12002ED0804604946A760C4F80C904D
:10475000920004F1100006F054F8AAB2530043F09E
:10476000010363807B1B9BB204EBC5015800A4F8D6
:104770000090488024F83520A6F8029024F80830EC
:1047800004EBC70329465A8842F001025A802046AA
:10479000BDE8F843FFF7D3BE2DE9F04706460D46C6
:1047A000174698462BB398F8004093F80190DB78B1
:1047B000A40004EB430498F802301C4444444FF036
:1047C000000ACA4509D3D8F8042008F1080339467D
:1047D0003046AC46BDE8F047604714F8013B48F866
:1047E00023402046E9F7ECFB013004440AF1010ABA
:1047F000E7E76FF01500BDE8F08730B5024600240A
:10480000002012F8013B43B178B18C4207D1702BE4
:1048100004D0A3F140053A2D07D8002030BDA3F104
:1048200040053A2D01D80134EAE7252B08BF80F076
:104830000100E6E70020704700F0FDBE0FB407B5A9
:1048400004A951F8040B019100F0F5FE03B05DF8E6
:1048500004EB04B070470FB407B504A951F8040B7A
:104860000191FFF7E9FF03B05DF804EB04B0704776
:1048700010B50369024613F0080009D11368D46823
:104880009C4297BF126AE31AD31A01200B6010BD35
:1048900000231846FAE713B501A90446FFF7E8FF1D
:1048A00020B1019BE268013B13440193206A019B04
:1048B000C01A013802B010BD10B504465018226964
:1048C000236AD20702D5013B184010BD984228BF89
:1048D000C01AFAE710B504460A46C168FFF7ECFFB4
:1048E0002369E06023F00803236110BD38B50D464D
:1048F000C2698B00016843F0020342F8213004468C
:1049000001682A46FFF7D8FFE36861682060984293
:1049100002BF236943F0080323612A462046FFF7BC
:10492000CBFF606038BD2DE9F74FD0F80CB0C669F9
:10493000009216F82B2002F00302022A08BF56F854
:104940002B209A4606EB8B030F4601934FF0000194
:10495000009B0CBFC2F39D09894619600446CAF842
:104960000010B9F1000F07D04946FFF7B3FFE36825
:10497000A3604FF0010804E001698A0705D44FF0F5
:104980000008404603B0BDE8F08F816906EB8B005C
:10499000884716F82B1011F001080546EFD08B0759
:1049A0001DD51FB139462046FFF7A0FF61682A4692
:1049B0002046FFF781FFD4E902138B42606007D1E4
:1049C0002A462046FFF778FF4FF000080146A06016
:1049D0002369216043F00803E1602361D1E70146C8
:1049E0002046FFF777FFE168A1601FB12068E16909
:1049F00041F82090EA19CAF8002021682046FFF704
:104A00005BFF2269206042F00802226116F82B2029
:104A100022F0010206F82B20DDE900321A60A8E737
:104A200070B504461546FFF747FF2368834205D15A
:104A30002369216023F00803236170BDE269AB00A4
:104A400043F0020342F82130204661682A46FFF70E
:104A500033FF6060F1E738B503695B07044606D5AC
:104A6000456AFFF718FF85422CBF6562606238BD5A
:104A700038B50D4604461C22002105F0C2FEEB6845
:104A8000A361AB6863612B68E3616B6823620022FA
:104A900062622A6923B1591E194208BF42F001021D
:104AA0002261012204F128000021BDE8384004F011
:104AB000B7BC2DE9F04F9846036A87B000258B42BA
:104AC00004460E46934603950595AA4638D3EFF360
:104AD0001189402383F31288BFF36F8F059A2AB19F
:104AE00029462046FFF79CFF0023059304A9204692
:104AF000FFF7BEFE0499B14207462AD32268E36954
:104B000013F8221021F0030103F8221003EB820AAC
:104B1000216832462046FFF7CFFEE36820609842C6
:104B200012D0002789F31188BFF36F8F039929B141
:104B300062690AB12046904700230393002FC6D133
:104B4000504607B0BDE8F08F236943F008032361A6
:104B5000E7E718B12046FFF7C9FEE3E75BEA080381
:104B60001CD0019104F088FD0199B8B9B9F1000F8A
:104B700014D189F31188BFF36F8F5A46434604F16D
:104B80002800FBF7B1FEEFF31189402383F312886D
:104B9000BFF36F8FB0FA80F77F09C3E705AB03AAB5
:104BA00020462568FFF7BFFE0746BBE770B5044601
:104BB000836908460D4698470246EFF31186402365
:104BC00083F31288BFF36F8F2B7843F001032B70B0
:104BD00061682046FFF770FE60602046FFF73BFFEC
:104BE00086F31188BFF36F8F70BD2DE9F84304463B
:104BF00000274026EFF3118586F31288BFF36F8FED
:104C00002369A268190702D46368934200D2236A19
:104C10009B1A002B42D0E06910F8221011F0030318
:104C200000EB82093AD0022B04D150F822305FEA1F
:104C3000930805D1CB0720D4A369484698478046FE
:104C4000A16842462046FFF737FE0127A060414693
:104C50002046FFF73FFE3B4685F31188BFF36F8F79
:104C6000002BC7D137B1B9F1000F03D104F12800EF
:104C7000FBF706FE4846BDE8F88341F0020100F864
:104C800022104846A369D4F8088098474146024656
:104C90002046FFF711FE0023A060DDE79946DBE721
:104CA000F8B50446836908460D4698470646EFF373
:104CB0001187402383F31288BFF36F8F2B7823F083
:104CC00001032B7023699B0705D5E268E36903EBB9
:104CD00082039D421AD12B7823F002032B70D4E972
:104CE0000231994204D132462046FFF7E5FDA0602B
:104CF00031462046FFF7EEFD87F31188BFF36F8F33
:104D000004F12800BDE8F840FBF7BABD2B6860F35A
:104D10009F032B60F0E7EFF31181402383F31288A8
:104D2000BFF36F8F02698368120702D442689A4208
:104D300000D2026AD31A81F31188BFF36F8F181E55
:104D400018BF01207047F0B56423044604250020F5
:104D50004FF00A0C11B1013D01D12570F0BD9A420E
:104D6000B2FBF3F7FEB202D2012B00D030B13036E5
:104D70000139013004F8016BC9B2C0B203FB17223C
:104D8000D2B2B3FBFCF3E5E7A0F13003DBB2092BB1
:104D900002D80B7000207047A0F16103052B02D8E8
:104DA00057380870F6E7A0F14103052B01D83738D2
:104DB000F7E76FF015007047F7B5054601F0010001
:104DC00000EB51069E424FEA510703D900263046B8
:104DD00003B0F0BD58B128780DF10701FFF7D4FFFB
:104DE0000028F3D19DF8073002F8013B0135013569
:104DF0001744BA42EBD015F8010C0DF10701FFF78B
:104E0000C3FF0028E2D19DF807402401E4B21470EA
:104E100015F8020BFFF7B8FF0028D7D19DF807302F
:104E20001C4402F8014BE4E7038B13F0070306D19F
:104E30000368002B18BF032008BF00207047022B17
:104E400005D1408BB0FA80F0400980007047012BFB
:104E500004D10368002B18BF0520EDE70020704740
:104E600010B50C4600B111B96FF0150010BD081D4A
:104E700000F087F80028F9D1A368032BF6D9F3E7EF
:104E80002DE9F0410D4607461946281D90461E465D
:104E900000F088F8044638B1334642462946384681
:104EA000A446BDE8F0416047BDE8F08110B4EFF3DF
:104EB0001182402484F31288BFF36F8F416110BCCC
:104EC0000121ECF76FB838B50C46054658B151B121
:104ED0000B6843B14B6833B11C22002105F091FCF3
:104EE0002C61002038BD6FF01500FBE7F8B50446D3
:104EF0000E46FFF7B5FF051E3BDBEFF311824023A3
:104F000083F31288BFF36F8F638B278B4FF6FF718C
:104F10008B4207F007072ED0062F2FD8DFE807F0C7
:104F2000182E082E180418006FF08505002303E0E2
:104F3000013363830225012382F31188BFF36F8F4E
:104F4000BBB100233A4631462046FFF799FF10E0F7
:104F500000233360636823B9C4E9006627B13D4686
:104F6000E4E71E606660F9E702212046ECF71AF8D4
:104F70003D462846F8BD6FF00A05D7E76FF00405F7
:104F8000D4E7034658B1426802F00302012A03D075
:104F9000032A04D1026812B10020986070476FF0B4
:104FA000150070474268816002F00302032A4FF047
:104FB000000203460CBF006810465A6070477047F5
:104FC00010B484686468A44610BC604770B4C668B6
:104FD0000468806A0D0C06FB054414FA81F18468AC
:104FE0002468A44670BC60472DE9F0431C46C36AA0
:104FF0001D686D4289B006468846174605F02005B3
:105000001CB9204609B0BDE8F083AC42A14628BFD8
:10501000A9464B466A4641463046FFF7D7FF00286F
:10502000F0D16B46484502D1241A8044E8E713F8D2
:10503000012BBA4201D10130F4E70120E2E70B680D
:1050400003F580330B60008A1A0CB0EB134F04BFDA
:10505000A3EB02430B60704700F070BB38B5C26829
:1050600003680D0C090C04462D04806A02FB013113
:1050700000F07FFD50B9E26AE36852792946204684
:10508000FFF7B2FF002818BF6FF0050038BD10B55C
:10509000014604460722FF20F7F7BAF9E07110BD78
:1050A0002DE9F04F07465368D06803445069C34266
:1050B00093B003D1002013B0BDE8F08FFC683B68CB
:1050C000D7F82CB0080C04FB003313FA81F592E8F2
:1050D000030004AB83E80300D2E9020106AB83E8D6
:1050E0000300D2E90401DBF8008008AB83E8030089
:1050F0000024C8F10003A146019312AB03EBC90AD7
:105100004FEAC9015AF8346CAEB909F10109B9F195
:10511000030FF2D1002CCDD00AAE9BF80510A8EBFE
:105120000402301905F06DFBB86A43463246294641
:10513000FFF746FFBFE7B4B9019B334013D05AF8DD
:10514000382CB86A2946CDE90223FFF739FF002839
:10515000B1D1DDE902231A44F61A4AF8382C4AF88C
:10516000346C1D44C9E7A8EB0402B24228BF3246A2
:10517000A2B101F148030DEB030A0AAB5AF8381C3F
:105180001819CDE9021205F02EFBDDE902121144D7
:10519000B61A4AF8381C4AF8346C14444445ACD169
:1051A000B86A23460AAA2946FFF70AFF002882D1D7
:1051B00025440446A1E7F8B507220D460646FF2020
:1051C0004C888F88F7F724F9EB79834205D13C446A
:1051D000B4428CBF00200120F8BD0020FCE703682A
:1051E000012B81BFC91801F1FF315B42194008460C
:1051F000704738B50D460A4681680446FFF750FFF0
:10520000EB68696819446B6902461944E06AFFF764
:10521000E6FFA3680344A360104638BD70B586B0AE
:10522000466804460D4618220021684605F0E9FA52
:1052300002956A460825314620460395FFF730FF60
:1052400029460246E06AFFF7CAFF63681B1A104648
:10525000636006B070BD13B54FF6FF7300220446BD
:10526000ADF800308DF806308368ADF8042068464C
:10527000ADF80230FFF70BFF69462046FFF7CEFF7F
:1052800002B010BD70B506460C46C06A0821FFF793
:10529000A6FF0546F068401B214680B2FFF78BFF52
:1052A00080B1A08878B922884FF6FF739A4209D15D
:1052B0006288F3689B1AB3FBF5F205FB1230B0FA73
:1052C00080F0400970BD0020FCE7F7B504460D46AC
:1052D000C06A0821FFF783FF296807460823204694
:1052E000FFF774FE0646002836D12B683B442B603E
:1052F000E26899B2D21B91422ED11A0C03BF228AC6
:1053000002F1FF3203EB0241A3F58031296008234B
:105310006A462046FFF75AFEE8B9E36A5A796B46B7
:1053200013F8011B8A420CD101300828F8D16368B8
:1053300005E02B68BDF802206FF30F0313442B60C8
:105340000AE069462046FFF79DFF0028F1D1294673
:105350002046EBF747FF0646304603B0F0BD2DE987
:10536000F04F0446A1B024220D4617A8002105F0F5
:1053700048FAE06A0821FFF732FF636881466FF35D
:105380000F0306A920460693FFF759FE069BE66821
:1053900001931E44A6EB0906082309AA31462046BC
:1053A0000796FFF713FE0028C0F21681E36A09AAE8
:1053B0005979002312F8010B814240F0FC8001333F
:1053C000082BF7D1A36862684B449A4280F0EC80C6
:1053D00001992046FFF742FEFEE0BDF826306FF34C
:1053E0000F061E4407960BAA07A92046DDF81CA04D
:1053F000FFF76BFF002840F0EF800BA91FFA8AF03F
:10540000FFF7D9FE48BB039B9A45ECD1102200213F
:1054100013A805F0F6F91F9E129617AB119395B1DC
:10542000D4F82C8008214046FFF7D9FE2F89024688
:10543000F1194046FFF7D3FEA168636802440A44AD
:10544000934280F09280002EBCD011A92046FFF735
:10545000D0FE002840F0C080B4E7666808960DAA28
:1054600008A92046FFF731FF002840F0B580BDF8BD
:105470003420BDF82C309A4245D0089B62689A428D
:105480003FD15645BFD1BDF83060002EBBD03DB1F5
:105490002A88BDF82C309A4202D12B89B342B2D966
:1054A000BDF82E801F9A4FEA1A431B049844E36A02
:1054B0001B68591E5B4203F020030493A368164443
:1054C00001EA06001344009026EA0106ADF82E30EA
:1054D00006BB009B5BB11F9A17A99B1A20460A4482
:1054E0004146FFF773FD002876D1009B1F930BA860
:1054F000FFF7CDFD0BA92046FFF790FE002882D0D4
:105500006AE01E46ABE70DA9B0B2FFF754FE0028D3
:10551000B3D0B6E7049B1F9FB34228BF3346A3EB2B
:10552000070B17AA02933A445B4641462046FFF711
:105530004DFD002850D11F9B01465B44182211A845
:10554000059305F05EF917AB139311A9059B14930E
:105550002046FFF74EFE00283ED11F9B1F90FF1AEA
:10556000029B3744FE1AD844B2E731446B68ADF869
:105570003E10204611A9CDE91337FFF73AFE58BB7C
:105580002B88ADF83C302B89ADF840300FA8FF23B5
:105590008DF84230FFF77BFD0FA92046FFF73EFE56
:1055A000D0B90123AB720DE72046FFF754FE002867
:1055B0003FF40EAF10E0A6EB090309A920460393C0
:1055C000FFF760FE00287FF408AF07A92046EBF73D
:1055D00009FE00283FF407AF21B0BDE8F08F00239B
:1055E0001A46EBF7DBBF13B500240094ECF7BAF8CA
:1055F00002B010BD03785B075FBF03684288C3F346
:105600004A2303EB12105DBF173020F0070080081B
:10561000002070470020704702F0A7BF0346BFF389
:105620005B8F53E8000F421C43E800210029F8D1AA
:10563000BFF35B8F70471FB50023CDE90201CDE9B1
:1056400000331A4619461846ECF70CFC05B05DF815
:1056500004FB0120ECF7B8B9002070474368DA7109
:1056600043681960436801225A71ECF79FB970B51D
:1056700015460C4669B1D2E901369B1B99420AD8FE
:1056800013680A460146981905F0ADF8AB68234443
:10569000AB60204670BD6FF01B00FBE770B50E4697
:1056A00015461946044618B9BDE87040ECF78CB9A8
:1056B00033B1C2F34A231030120D184405F093F8A9
:1056C000C4E900562046BDE87040ECF72BBB2DE93D
:1056D000F3415F1C4FEA8708064608F1170020F0E7
:1056E000070080080C461546ECF7F0F90023ADF8EA
:1056F00005308DF807308DF8047068B10346019AC3
:1057000043F8102FA8F104012A46294452F8045BFB
:1057100043F8045F8A42F9D1A20102F4E07242EA3E
:10572000482222F07F4222F47002002322F03F023E
:10573000314602B0BDE8F041FFF7B0BF07B5012325
:10574000019201AAFFF7C3FF03B05DF804FB07B5A0
:10575000CDE9002302236A46FFF7B9FF03B05DF8E5
:1057600004FB1FB5CDE90123069B039301AA032384
:10577000FFF7ADFF05B05DF804FBF8B506460D4632
:1057800014461F4604B9F8BD214628463A46B0479C
:10579000241A0544F6E710B5426881680446D2E948
:1057A00000230068FFF7E9FF636800221A6010BD5C
:1057B00038B54B681A68CB689A4205460C4602D148
:1057C0000846FFF7E8FF6368BFF35B8F53E8002FDD
:1057D000511C43E800100028F8D1BFF35B8FA36889
:1057E0009D54002038BD0A2838B504460D4602D124
:1057F0000D20FFF7DDFF29462046FFF7D9FF0020E7
:1058000038BD2DE9F043054689B008460E8891F869
:105810000090D1F808800C461746ECF775FB011E86
:10582000C6F38216C9F3C2091FDB4846ECF78CFAAF
:1058300003462146608851F8102B0296C2F34A2293
:10584000002A01EB0204C0F30B1008BF0021002264
:10585000CDE90507CDE90314CDE9002241462846EC
:10586000ECF77EFB09B0BDE8F0830023E1E7704769
:1058700030B54C680368A34201D2012030BD8A686C
:105880002244934201D30020F8E7D1E90452954223
:1058900003D36FF00B038B61F5E7CA681B1B42F85B
:1058A00035304368086902EBC00253600B6901336D
:1058B0000B61E2E737B50C46C0B201A91546ECF71B
:1058C00067FD00280CDB019850B121462A46ECF711
:1058D00085FD04460198FFF7CAFF204603B030BD9E
:1058E0006FF01504F9E72DE9FF41D1F80C8005466A
:1058F00040461F460C461646E8F762FBBDF82830C6
:10590000009380B2CDE901803B46324621462846CD
:1059100001F0D7FD04B0BDE8F081F0B587B01F46B7
:1059200004460D46164600F002FC022302930DF1D8
:1059300016030193BDF83030ADF8160000933246DF
:105940003B462946204601F0BCFD07B0F0BD2DE9DD
:10595000FF411F460D4616460446EFF7DBF9804629
:10596000E8F72EFBBDF82830009380B2CDE9018026
:105970003B4632462946204601F0A3FD04B0BDE86F
:10598000F081002070470020ECF790BE0022114605
:10599000ECF75ABE034610B508460AB10021116063
:1059A00053B1D0B1411E11F8010F80B113F8014B72
:1059B000A04201D13D28F6D100200EE00133136052
:1059C0000AE03D2808D0B0FA80F0400905E01878D8
:1059D0002F28F6D1002AF1D1012010BD10B509B150
:1059E00000230B6058B103461A781C4601332AB1D4
:1059F0003D2A03D02F2AF7D101B10B60201A10BD28
:105A00000830704710B5134614460A46818800686E
:105A1000FFF7E9FDA042A8BF204610BD2DE9F04FD9
:105A200097B0044601929A46894600297AD0DAB1A5
:105A3000BAFA8AF67609258F0135ADB2A84604F187
:105A4000080B6F1EBFB2B7F5004F39D04A2303AA27
:105A500039465846FFF7C7FD002807DA10F1020F54
:105A600008BFB8463D46ECE70126E4E700F15803DD
:105A70000DEB0300002300F84C3C03A94846E8F76F
:105A80008DFA0028EED106BBB846B8F5404F4CD091
:105A9000238F434504F1080538D308F58041019A66
:105AA000534689B22846EBF779FD00280ADB46B158
:105AB0004846E8F785FA4A460346414628461EE02E
:105AC00016B3002017B0BDE8F08F39465846FFF7EF
:105AD00086FD0028F6DB05F57F513F3189B2584637
:105AE000FFF77DFD0028EDDB238FBB42E9D1224685
:105AF000013B22F8383F4FF4004102235846EBF7B0
:105B00004DFD00EAE070DDE70126BEE722460223F4
:105B100022F8388F4FF400412846EBF73FFD00286C
:105B2000BBDACFE76FF01500CCE76FF00B00C9E7E9
:105B300073B5C36B03630446C3B100F10806304676
:105B4000EBF782FB054670B902230DF106024FF414
:105B500000413046FFF747FD0028ACBFBDF80630D6
:105B60004FF400432387284602B070BD6FF0120542
:105B7000F9E72DE9F0418768FB6804460D461646B3
:105B80009847BB682BB1324629462046BDE8F04114
:105B900018476FF05700BDE8F08104F032BE04F002
:105BA00022BE01460068ECF7BDBF08B5EDF716F858
:105BB000BDE80840EDF7BABB0A460121FFF7BEBDBC
:105BC00000210120ECF7AEBF6FF08500704761B691
:105BD00062B680F31188BFF36F8F704772B60023EF
:105BE00083F31188BFF36F8FBFF34F8F30BF62B65F
:105BF000BFF36F8F704772B6002383F31188BFF332
:105C00006F8FBFF34F8F20BF80F31188BFF36F8F6B
:105C100062B67047202809D9B0F1004F08D8013882
:105C2000B0FA80F0C0F11F004000704708207047B4
:105C30003E20704708B5D1E904319847002008BDDF
:105C400008B5EDF791FD002008BD704700230382E1
:105C50004369C3607047C1698968EDF7F1BDEFF32F
:105C60001182402383F31288BFF36F8F00230B60F0
:105C7000436833B9C0E9001182F31188BFF36F8F15
:105C8000704719604160F7E710B50346EFF31181E3
:105C9000402282F31288BFF36F8F006828B15C68DE
:105CA00002681A60A04208BF5A6081F31188BFF3EE
:105CB0006F8F10BD027A0132027270470346184698
:105CC0005B68002BFBD17047426810B52AB10B46C8
:105CD0001C465B68002BFBD16260416010BD10B5B3
:105CE000044620B90B7A01330B72084610BD0346F7
:105CF00018465B68002BFBD1FFF7E6FF2046F5E76F
:105D000083680B440360704703680B6043684B6013
:105D100083688B6070478388026819448180D0183B
:105D2000704730B484880568A3188380281930BC74
:105D300004F059BD10B5838802685C1C8480D1547E
:105D4000D01810BD034600689A88401A11441860A4
:105D5000998070470268531E0360838801338380F3
:105D600002F8011C70478288521A0346828000683C
:105D7000084418607047034600689A88521A014424
:105D80009A801960704710B503681C780121FFF7ED
:105D9000EAFF204610BD10B503681C880221FFF7FA
:105DA000E2FF204610BD7FB514460A888B78ADF817
:105DB000002006460D2200210DF103008DF802306F
:105DC00004F01FFD6A466946304602F091FC28B98E
:105DD000BDF800209DF802302280A37004B070BD91
:105DE00013B50C4601AA0331FFF7DDFF48B90322C2
:105DF00001A9204604F014FDB0FA80F0400902B079
:105E000010BD0020FBE770B50D4600210446FFF7EA
:105E1000E5FD0D2818D1237B302B13D1002305F885
:105E2000063B04F10C062A462046012302210234D7
:105E3000FEF7C2FFB44205F1FF35F4D1002070BD7A
:105E40000123ECE7312BFBD06FF01500F7E70020C2
:105E5000704710B50C46017822788A4288B00ED07F
:105E60006946EEF709F804A92046EEF705F8102276
:105E70000DEB0201684604F0D3FC08B010BD012A06
:105E800006D0022A07D072B940886388C01AF4E7A6
:105E900040686368FAE71022611C013008B0BDE871
:105EA000104004F0BDBC6FF01500E6E7042A0AD0EC
:105EB000102A0DD0022A4FF0000315D103700B8871
:105EC000438001207047012303700B684360F8E7AB
:105ED000022300F8013B01F1100351F8042B40F8B4
:105EE000042B9942F9D1ECE718467047012310B50D
:105EF0000621044600F8013BF8F74EFD18B9A379D6
:105F000063F03F03A37110BD0B6803608B8883802F
:105F10008B798371037823F0020303707047007854
:105F2000C0F34000704738B50446807AEDF75EFC58
:105F30006169054649B1637ADB0704D4C3691B680C
:105F400020469B6898470023636121462846BDE8A8
:105F5000384003F057BA2DE9F0410C4601F10C0826
:105F6000054600F10C01404617461E46FFF7CCFEE1
:105F70006269E3682F829B1A13FA87F36B8201230D
:105F80006B7239464046FFF7EEFEE3687360628A43
:105F90000023E3607281638234602846BDE8F081AB
:105FA00038B5D1E90032DA600B684A895A820C466A
:105FB00005460868EDF7C2FC20461022002104F0D7
:105FC00020FC2846BDE83840FFF7ADBF438A23B91F
:105FD000C068B0FA80F04009704700207047D0F8E0
:105FE000A43083B15A7CD1070DD5D2060DD51B7CC8
:105FF000102B0CBF042303234372807A98428CBF7A
:106000000020012070470223F6E70323F4E70F285E
:1060100006D80D280BD8052814BF0220032070478E
:10602000132804D01A2814BF022001207047012031
:106030007047FFF783BB10B50346BFF35B8F53E890
:10604000000F40EA010243E80024002CF7D1BFF31F
:106050005B8F10BDFFF77BBB0023EBF783BEBFF365
:106060005B8F50E8003F0B4040E80032002AF8D137
:10607000BFF35B8F704710B5EFF7E6FE6FF48071EA
:1060800004461030FFF7EBFF2046BDE8104000F05B
:106090001BBAC368DB78012B01D1FFF7ECBF704757
:1060A000C0F307231070000E5370D0700023C1F3AB
:1060B0000720090E9370137150719371D17170475D
:1060C000C368DB78012B01D1FFF7D5BF704738B526
:1060D00004460D46EEF71AF95F3005D129462046F1
:1060E000BDE83840EEF748B838BD0020704710B51D
:1060F000028843889A4218D8052A16D9B3F5486F02
:1061000013D88488B4F5FA7F0FD2C188A1F10A02AE
:1061100092B240F67640824207D804FB0333B3EBD9
:10612000810F34BF0120002010BD0020FCE740F2A9
:106130004130704708B5F5F7FBFE18B1408A0038CA
:1061400018BF012008BD70B506460D464FF0FF3060
:106150004FF0FF31EEF71EFC044668B103210C300E
:10616000FFF7D9FD0680857021460022BDE870400A
:1061700040F20640EEF72CBE6FF0680070BDC368B9
:10618000187808B1EEF79EBB1846EEF707BF38B592
:106190004FF0FF3105464FF0FF30EEF7FBFB0446B2
:1061A00068B102210C30FFF7B6FD2B880380214631
:1061B0000022BDE8384042F21600EEF709BE6FF04B
:1061C000680038BDF8B507460E464FF0FF304FF077
:1061D000FF311546EEF7DEFB044678B106210C30A0
:1061E000FFF799FD3B880380468085802146002289
:1061F000BDE8F84042F22200EEF7EABD6FF0680019
:10620000F8BD70B506460D464FF0FF304FF0FF3138
:10621000EEF7C0FB044618B9BDE87040EDF7A2BF29
:1062200003210C30FFF777FD06808570214642F28E
:106230002100BDE87040EEF779BD08B5072204F0F3
:10624000EFFAB0FA80F0400908BDFFF777BA0B68A3
:1062500003608B8883808B7983717047BFF35B8F7A
:106260000068BFF35B8F7047F8B50F46144638BB24
:106270004FF0FF304FF0FF31EEF78CFB054610B3C7
:1062800027210C30FFF747FD3946FFF7E0FF0646B0
:106290002246C31D04F1100152F8040B43F8040B0D
:1062A0008A42F9D11022002106F1170004F0A9FA60
:1062B00029460022BDE8F84042F22700EEF788BDEB
:1062C0006FF01500F8BD6FF06800FBE7037A5B071D
:1062D000024605D501462E3211F8010BFFF7C4BF67
:1062E000704738B54FF0FF3105464FF0FF30EEF7FD
:1062F00051FB044658B129460C30FFF71BFD2146DF
:106300000022BDE8384042F22D00EEF761BD6FF08B
:10631000680038BD10B400F11003BFF35B8F53E881
:10632000002F22F4005143E80014002CF7D1BFF3F2
:106330005B8F930403D510BC012100F0C3B810BCDF
:10634000704770B5044686B00E4601300131FFF744
:1063500074FF2E34162200210546684604F051FAD7
:1063600010226946204604F05BFA40B1102206F183
:106370002E01204604F054FAB0FA80F04009284378
:1063800000F0010006B070BD38B54B6805460C46FC
:1063900073B90B7A13B9037A5B0709D520682A7899
:1063A00003789A4204D02946FFF7CBFF00B165601D
:1063B00038BD00F1100208B503461046FFF74EFF46
:1063C000C10511D5BFF35B8F52E8000F40F40050B8
:1063D00042E800010029F7D1BFF35B8F1846002186
:1063E000BDE8084000F06EB808BD10B50C4630B9E5
:1063F00019B1F5F75FFD00B1441C204610BD002423
:10640000FBE718B111B10846EFF730B96FF015008E
:10641000704713B5044680B106216846F8F7BCFA08
:1064200048B99DF80530694603F03F0320468DF8D2
:106430000530FFF7E6FF02B010BD6FF01500FAE778
:10644000003818BF01207047037AD90704D523F01C
:1064500001030372EFF79CBA990704D523F00203F6
:106460000372EFF7AFBA704700207047BFF35B8F3E
:106470000068BFF35B8F704770B5064686B00D4667
:106480004FF0FF304FF0FF31EEF784FA0446B0B121
:106490000C3095B10121FFF74DFC06F1100203A964
:1064A000204600950823EEF763FA0022214642F2C7
:1064B0000A00EEF78DFC06B070BD2946EBE76FF0E1
:1064C0006800F8E7FFF7D8BF183003F08AB801F189
:1064D0002003013813F8012D00F8012F8B42F9D168
:1064E000704700230B60436813B9C0E9001170477F
:1064F000196041607047D0F8B400003818BF01201F
:106500007047084689691160C2691A60C27A002121
:10651000183004F076B9FFF71AB910B50346BFF387
:106520005B8F53E8000F40EA010243E80024002C8F
:10653000F7D1BFF35B8F10BD437B072B01D1F0F781
:106540000DB970472438F0F789B9036800220BB9F8
:10655000184670478B4210D10B6842B942680360FD
:10656000914200D1436000230B600120704713600B
:106570004368994208BF4260F5E71A461B68E6E7A0
:1065800010B50446006918B1EDF7D8F9002323616E
:1065900010BD10B500F1C802BFF35B8FD0F8C83052
:1065A000BFF35B8F7BB1BFF35B8F591C52E8004F89
:1065B0009C4204D142E8001CBCF1000FF6D1BFF3AD
:1065C0005B8FE7D110BD1846FCE710B5437B023B5B
:1065D0000446062B16D8DFE803F009041515150B41
:1065E0000900017300212046F0F792FA002010BD47
:1065F0000088FFF7A8FD0028F9D1637B072BF5D1B0
:106600000821F0E76FF07F00F1E710B50446D0F8FD
:10661000A40028B9207A04F17001F5F789FC38B19B
:10662000E278438A2AB903F02100003818BF01201C
:1066300010BD03F02400F8E738B58378012B044639
:1066400027D1437B072B27D10B0601F07F050CD503
:106650004FF400410430FFF760FFA5722046F4F7C5
:10666000E1FE08B1637AA37238BD437AAB4216D219
:10667000837AAB4213D2BFF35B8F031D53E8001F35
:1066800021F4004143E80012002AF7D1BFF35B8FE9
:10669000E3E76FF01500E7E76FF07F00E4E7002025
:1066A000E2E78378012B0CBF407A0020704738B5B1
:1066B000037A8B420446154615D100F1700107227A
:1066C000284604F0ADF880B1E378072243B904F11D
:1066D0007E01284604F0A4F8B0FA80F0400938BDE5
:1066E00004F17701F5E70020F9E70120F7E7837867
:1066F000012B0CBF703000207047F8B507460D46DF
:106700004FF0FF304FF0FF31EEF744F90646D0B1BD
:106710000E210C30FFF7FFFA0E220446002104F090
:1067200070F83B8823802B8863806B88A380AB88BC
:10673000E380EB88238131460022BDE8F84042F235
:106740001300EEF745BB6FF06800F8BD8378012BAE
:1067500001D101F020BA6FF015007047704710B5F5
:106760000446FAF773FD234653F8402BD2F8B410D1
:1067700061B92164D2F8B81061B9C2E92D33FAF7D2
:1067800079FD2068BDE81040F0F79EB98B42F6D045
:106790000968EDE70B60C2F8B830F0E703682BB189
:1067A00041681A6802608B4208BF426070477047B8
:1067B0002DE9F843446B2CB154F8085905B1083D54
:1067C00000270CB9BDE8F883D4E900682EB3FAF7C6
:1067D0003DFDD6F8B43004F14001002263B1994286
:1067E00033D1236C4ABBD6F8B820C6F8B4309142F6
:1067F00001D1C6F8B8302764FAF73CFD04F130093E
:10680000002200234846FAF709F8064600BBD8F8EC
:1068100004300BB1204698472760E3680BB120464F
:106820009847D8F820300BB120469847DDB1AB68C7
:1068300003B1083B2C461D46C3E71360D6F8B830B9
:10684000994208BFC6F8B820D5E71A461B68C5E7C5
:10685000B36923B1F16920686FF06D029847304643
:10686000EDF76CF8CCE72B46E4E738B5406B0D4606
:1068700020B150F8084904B1083C00B938BD43685C
:106880009B680BB1294698472CB1A36803B1083B1C
:1068900020461C46F1E72346FAE7F8B50F460021EB
:1068A0000546164600234FF480320846F0F744FFB1
:1068B000044620B92846F0F70BFF2046F8BD042116
:1068C0000C30FFF728FA057047704680F5E7406BFB
:1068D00030B1838B8B42A0F1080001D08068F7E7CC
:1068E000704710B54AB989B2FFF7F1FF28B1436884
:1068F0009B6913B1BDE81040184710BD38B50D466F
:106900000521FFF7E4FF00231A462946F0F72EFF82
:10691000044610B12846EDF711F8204638BD406B0B
:1069200030B183898B42A0F1080001D08068F7E77D
:10693000704770470346006828B1596802681A60BA
:10694000884208BF5A6070470346002003B9704769
:106950001A8A5B681044F9E710B5D46823780231CD
:1069600013B92170012010BD8B42FBD0038A023B7A
:10697000038200201061F6E7FEF7E0BE2DE9F0414A
:1069800004468868FFF7E0FF638D628B934228BF5F
:10699000134683420D461DD32165D1F80880002798
:1069A0008F60FAF753FC41462046F1F7DBF80646C4
:1069B00038B1C5F808802765FAF75CFC3046BDE8B9
:1069C000F081618D638B994228BF1946284600F0FB
:1069D0000DFFF1E76FF07906F0E773B51446014655
:1069E00005464FF49572206800F055FE207530B9C9
:1069F0002068294600F0FDFE20B9082323750020F9
:106A000002B070BD237AB3B1A3F1180253425341CF
:106A10009B000193638A0093AE68238AE268206832
:106A20002946B047002808DB238A98420CD100236E
:106A300023750120E4E70223EBE710F1FF0F03D3F6
:106A40004042C0B22075DAE70E20FBE738B50446B5
:106A50000D46F1F787F830B1294604F15400BDE83E
:106A6000384002F0C4BC38BDF8B5936816680546D6
:106A70000F46144663B9506801210C30FFF74BF9FB
:106A8000A0602B681B78002B14BF02230123037026
:106A9000A3681B78012B03D0022B1FD000201CE021
:106AA0002B681B78002BF9D1606804210C30FFF7AC
:106AB00032F9E06007802A68E36852885A8061688A
:106AC000728D738B088A9A4294BFC0EB0200C0EBB0
:106AD0000300042894BF00200120F8BD2B681B7818
:106AE000022BDBD1606812210C30FFF714F9E06053
:106AF00007802B68E268591C0232113351F8040BED
:106B000042F8040B9942F9D16168728D738B088A3F
:106B10009A4294BFC0EB0200C0EB03001228D9E7F1
:106B200070B40668726A5AB3144654F8983903B1BF
:106B3000983B002211467CB9438D408B8B4201D893
:106B400090421FD9824238BF02469942306838BF0E
:106B5000194670BCF3F736BE844207D0658D648B4E
:106B6000A94238BF2946A24238BF224633B1D3F8E2
:106B7000985005B1983D1C462B46DCE71D46FAE7C8
:106B80001146D9E770BC7047D0680378043113B957
:106B90000170012070478B42FBD091680B8A002066
:106BA000043B0B82106170471FB5CDE90123002320
:106BB00000931A46F3F740F805B05DF804FB03684C
:106BC000002203B970478B420FD10B683AB9426873
:106BD0000360914200D1436000230B607047136053
:106BE0004368994208BF4260F6E71A461B68E8E727
:106BF000BFF35B8F50E8003F43F0080240E80021FC
:106C00000029F7D1BFF35B8FC3F3C00070472DE9B4
:106C1000F041064690461F460D46B9B104220121B7
:106C2000F1F770F8044618B9BDE8F041F1F740B843
:106C300004210C30FFF76FF80570A0F80180C770D1
:106C400021463046BDE8F041FFF700BFBDE8F081C6
:106C500030B50C4685B0054601F10C00FFF79BF8F6
:106C6000228A0292E26801920022034600921146B3
:106C70002846F1F79FF805B030BD30B50C4685B019
:106C8000054601F10C00FFF786F8228A0292E268BD
:106C90000192002203460092122113222846F1F7A6
:106CA00089F805B030BD70B504460E4600220023B9
:106CB0000846F9F7B3FD054658B101462046F0F7FE
:106CC00051FF044618B12946304602F09BFB20468E
:106CD00070BD6FF00104FAE707B5CA6813885288DF
:106CE00000920C210D22F1F75BFB03B05DF804FB71
:106CF00007B5CB6800221B8800920A210B22F1F70E
:106D00004FFB03B05DF804FBF8B5CB681F88BBB23E
:106D1000162B054619D90321F1F75CF90646B0B1E7
:106D200002210C30FEF7F7FF00246FF00803037018
:106D3000447031462846FFF789FEF72328466B83C7
:106D40006F85FFF7EDFE2046F8BD0420FCE70E201E
:106D5000FAE72DE9F04F064685B010469046994671
:106D6000FFF7F2FD738B728D934228BF1346834267
:106D70008B4675D9736803934046FEF79FFF4FF02B
:106D8000000A04464046FFF7DFFDE168228A658A73
:106D90006369778BCB1AAD1AED1A738D9F4294BF3E
:106DA000C0EB0700C0EB0300854228BF054625BBAA
:106DB00098F80A00ECF71AFD00220023FEF74BFFBB
:106DC000044608B9574627E001464046FEF787FFCC
:106DD0004046FFF7B9FDE168228A658A6369778DCD
:106DE000CB1AAD1AED1A738B9F4294BFC0EB07000C
:106DF000C0EB0300854228BF0546CDF80090DBF8C4
:106E0000047003980A44ABB25946B847071E07DA24
:106E1000BAF1000F18BF5746384605B0BDE8F08FED
:106E20000E9BABB9394604F10C00FEF774FF4046E7
:106E3000FFF78AFD738D728B934228BF1346B944C6
:106E40008342BA441FFA89F9BCD9AF429AD0B9E754
:106E50000F9A0E9B3946204698470028E2D1B1E7A9
:106E60000027D9E72DE9F3411768D7F804800023FC
:106E700014461373014606469522404600F00BFC6B
:106E80000546207330B93146404600F0B0FC28B9C1
:106E900008232373002002B0BDE8F081A068798D3B
:106EA0007A8B038A914294BFC3EB0103C3EB0203C5
:106EB000012BEFDD02210C30FEF72DFFCDE900554F
:106EC0008046A388A26831463846FFF742FF031E7A
:106ED00006DA13F1FF0F26BF5B42DBB20E23D8E7C1
:106EE000A8F800300120D6E72DE9F3411768D7F85C
:106EF000048000231446137301460646952240463B
:106F000000F0C9FB0546207330B93146404600F019
:106F10006EFC28B908232373002002B0BDE8F0817D
:106F2000CDE900553146A388A2683846FFF711FF26
:106F3000002807DA10F1FF0F26BF4042C0B20E2032
:106F40002073E9E70120E8E7F8B50546071F00F1DF
:106F5000480350F8044CBFF35B8F53E8001F21F047
:106F6000040143E80012002AF7D1BFF35B8FFCB1A4
:106F7000EB6C83B9636873B1201DFFF7DBFC064639
:106F800001463846FFF7FAFC90B163683360A368A6
:106F9000666003B9A66005F150013846FFF783FE2D
:106FA00030B104F10C013846BDE8F840FFF77BBE74
:106FB000F8BD2DE9F041446A074644B154F8986998
:106FC00006B1983E0022154607F104080CB9BDE849
:106FD000F081236D9BB905B98AB94046FFF7AAFC39
:106FE000054658B101462046FFF7C8FC0028EED000
:106FF0007B682B60BB687D6003B9BD60224636B1FB
:10700000D6F8983003B1983B34461E46DEE7334647
:10701000FAE738B50546BFF35B8F0B68BFF35B8FAC
:10702000DB0716D550F8040C98B1EB6C8BB9043023
:10703000FFF780FC044660B10146281FFFF79EFC65
:1070400038B155F8043C5A6822609A685C6002B90D
:107050009C6038BDF2F770BD08B5F1F777FD40B11F
:10706000406A30B1024652F8983903B1983B00208B
:1070700002B908BD518B528D8A4228BF0A46904200
:1070800038BF104633B1D3F8981001B198391A4679
:107090000B46EDE71946FAE708B500230A8AC968E6
:1070A000F1F7BCFE002008BD70B50D46F1F74EFDAE
:1070B000044628B92846ECF741FC6FF07F0070BD0C
:1070C00000F10C062946304602F091F9646AC4B119
:1070D00054F8985905B1983D0022104607E0224621
:1070E0007DB1D5F8983003B1983B2C461D46831CE2
:1070F00001D1002AF4D131462046FFF7D4FD002803
:10710000EDD10020DBE738B505460C46FAF79EF8CE
:107110002846F1F71BFD20B9FAF7ACF86FF07F00B5
:1071200038BD0023236083683BB9C0E90144FFF701
:1071300040FFFAF79FF80020F2E71C608460F6E752
:107140000120704708B5F1F701FD98B1436A8BB192
:10715000BFF35B8F983B03F14C0252E8000F20F025
:10716000080042E800010029F7D1BFF35B8FD3F894
:107170009830ECE708BD08B50421FFF7D0FB30B12B
:10718000BFF35B8F806CBFF35B8FC0F3C00008BDA3
:1071900010600020704710B5029CA36833B1B1F5B0
:1071A000807F28BF0E21CAB221469847A37DE2689E
:1071B000013BDBB2A37522B11BB92046BDE81040EC
:1071C000104710BD1060918000207047002070476C
:1071D000FEF7BDBAF0B507683D7889B0064614469B
:1071E000E5B97B88B3F5245F04D011D8A3F520530B
:1071F000032B13D8ADF80A1002220DF10A01204624
:10720000F1F752FF70B16FF01503C4F85C3106E07E
:1072100003F55643FF339BB2042B20D901252846A2
:1072200009B0F0BD7B88ADF80A3002220DF10A01E9
:107230002046F1F739FF0028E5D1009003AA7768CE
:1072400013233146B847021E02DAC4F85C21E6E790
:1072500003A92046F1F728FF0028DFD0D3E7ADF8D7
:107260000A1002220DF10A012046F1F71DFF002845
:10727000C9D17B88ADF80A3002220DF10A01E8E796
:1072800008B5072203F0CCFAB0FA80F0400908BD37
:1072900010B503789342044607D10130FFF7F0FFA1
:1072A000002814BF2046002010BD0020FCE710B5C8
:1072B0000346BFF35B8F53E8000F40EA010243E847
:1072C0000024002CF7D1BFF35B8F10BD10B503462F
:1072D000BFF35B8F53E8000F00EA010243E800248C
:1072E000002CF7D1BFF35B8F10BD0B6803608B8858
:1072F00083808B7983717047BFF35B8F0068BFF326
:107300005B8F7047FEF71ABA70B50D46064611F846
:10731000010BEFF7F9FF044610B12C89EFF7A8FB3A
:107320006B89A34207D0EB686C8123B121463046BC
:10733000BDE87040184770BD38B5BDF81040A24296
:1073400015460CD84CB16BB1A41A8C42A8BF0C46A0
:10735000A4B22246591903F046FA204638BD6FF010
:107360000604FAE76FF00D04F7E730B585B0C96899
:1073700014461D46F1F7B4FF00B10089ADF80E00C8
:1073800002230093BDF820200DF10E03294620466C
:10739000FFF7D2FF05B030BD1FB50C461946E368B4
:1073A0001C781046BDF818203CB110240133069417
:1073B00004B0BDE81040FFF7BFBF5B88ADF80E30EA
:1073C000022300930DF10E03FFF7B6FF04B010BDCA
:1073D00030B585B01D46002314468DF80C30F1F70A
:1073E0004DFF10B1037A8DF80C3001230093BDF8E6
:1073F000202003AB29462046FFF79EFF05B030BD95
:1074000070B500F1700605463146007AFEF792FE2F
:1074100004463146287A1CB1BDE87040F2F7A8B89E
:10742000F1F7AEFE10B104604460846070BD022AC2
:1074300010B508D1002300F170011A46007AF1F767
:10744000BDFF022010BDFFF7DBFFFAE708B50C30E7
:1074500029B10121FFF72BFFC043084008BD6FF0A1
:107460000101FFF733FF00F00100F7E710B5044614
:10747000FFF7ECFF38B121460122BDE8104011F8BA
:10748000010BF1F741BF10BD38B504461546FFF7B3
:1074900057FE48B12046F1F7F1FE28B1037ADB0729
:1074A00002D50121FFF7E2FF55B9207A04F17001FE
:1074B000F1F766FE20B18560BDE83840F1F766BFA0
:1074C00038BD38B5BDF81010BDF81840059DA14273
:1074D00010460CD84CB16DB1641A9C42A8BF1C4632
:1074E000A4B22246294403F07EF9204638BD6FF04D
:1074F0000604FAE76FF00D04F7E713B5044610B978
:10750000002002B010BD00238DF80430006842F660
:10751000030301A9ADF80630FEF79BFC0028EFD16C
:10752000E36898880028ECD12046F2F755FB01303B
:1075300080B2E6E770B5CC6888B008461E46A379ED
:107540008DF80C301546FFF7D8FFADF80D00246814
:1075500023786BB96388ADF80F3005230093BDF82D
:10756000302003AB31462846FFF7E6FE08B070BD79
:10757000631C0DF10F02113453F8041B42F8041B75
:10758000A342F9D11323E9E71FB5CDE90123002375
:1075900000931A46F2F750FB05B05DF804FBF2F7D2
:1075A0004FBC38B5044659B100F170052946007A40
:1075B000F2F716FD207A2946BDE83840F1F7F2BF10
:1075C00038BDF8B506460F46F1F7B8FD3946044612
:1075D0003046FEF7AFFD68B364B304F108056FF001
:1075E00001012846FFF772FEC20703D5394630462F
:1075F000F2F7F6FC6FF002012846FFF767FE8307FB
:1076000003D539463046F1F7CDFF2846FFF774FE23
:1076100080B9234603F8010BC4F80100C3F8030046
:10762000BFF35B8F55E8003F45E80002002AF9D11F
:10763000BFF35B8FF8BD10B50446A0F1170110F839
:10764000180CFFF7BEFF14F80C0CA4F10B01BDE8F9
:107650001040FFF7B6BF1FB50C461946E368104649
:107660001A788DF8082093F901208DF809205A889E
:10767000ADF80A201A79DB88ADF80D3007238DF8B4
:107680000C200093BDF8182002ABFFF755FE04B0A4
:1076900010BDFFF7E1BC38B54C8AD3070546C4F3EB
:1076A0000E0404D514F0950F2AD04B6843B390070D
:1076B00004D514F4957F25D08B681BB3144014F4C3
:1076C000DE7F0DD0EB7A2BB92846FEF79EFFD8B9A6
:1076D000052038BD14F0300F04D114F4C07F07D159
:1076E0000020F6E72846FEF7DCFF0228F5D8EFE792
:1076F000D5F8A430002BEBD05B7CDB06E8D5EFE7B8
:107700000220E6E70320E4E70F20E2E7F8B514469D
:107710000F46942261680646FFF7BDFF20BB6168F3
:1077200001223046F2F7C6FC08B3A2891B210232BF
:107730003046F1F705FB0546E0B1A1890C30023176
:10774000FEF7E9FA20F8027BA289A16803F04BF862
:10775000D4E9041228460123F1F794FC2946304667
:10776000BDE8F840FFF7A0BC4FF0FF30F8BD6FF068
:107770001500FBE76FF00B00F8E72DE9F041054637
:107780008846F1F77BFD0446E0B1037ADB0719D5A3
:1077900000F10C073846FFF7AFFD10F0010611D1DC
:1077A000B8F1000F0FD06FF002013846FFF78EFDE1
:1077B00010F0020F284609D0FFF7C4FC0121204633
:1077C000FFF754FE01263046BDE8F081FFF7B8FC14
:1077D0000028F8D02846FFF7CEFC0028F3D06FF041
:1077E00002013846FFF772FD2846E5E770470120A1
:1077F00070470120704713B5C068144668B1002374
:107800008DF8043001A94FF4C053ADF80630FEF7EF
:1078100020FB10B9236801332360012002B010BDA2
:1078200007207047FDF78ABFBFF35B8F0068BFF387
:107830005B8F084100F00100704738B50A460346E7
:1078400009B9012038BD488A10F0240FF9D0197DFC
:107850005D7B147CA94228BF29468C4201D90020B7
:10786000F0E7800607D4517CC9070BD4187A00389A
:1078700018BF0120E6E70521181DFFF7D5FF0028F6
:10788000F1D1ECE7197A0029E9D00521181DFFF79D
:10789000CBFF18B9197A01390129E0D9527CD207F6
:1078A000CFD4E3E701238B40DB43BFF35B8F50E88A
:1078B000002F1A4040E800210029F8D1BFF35B8F68
:1078C0007047FDF744BF10B50621FFF728F80446BE
:1078D00018B9F3F75BF8204610BDA0F1EC04FAE705
:1078E0004FF47022002300F59C70F9F76FBA07205F
:1078F000704701238B40BFF35B8F50E8002F1A4382
:1079000040E800210029F8D1BFF35B8F704708B52C
:107910000E21FFF7EEFF002008BD70B5051D0E46D5
:1079200028460421FFF780FF68B1002200210023D0
:107930000846EFF701FF044640B904212846FFF747
:10794000D8FF204670BD4FF47022EFE701210C30C4
:10795000FEF7E1F90670F4E738B504210446FFF7B5
:10796000DCFF054698B110210C30FEF7D4F904F184
:10797000270304F1370253F8041B40F8041B934219
:10798000F9D120462946F3F717F8002038BD082022
:10799000FCE770B5D0F8EC30DB78012B044619D148
:1079A000CD68061D10213046FFF77CFF2B4604F101
:1079B000B70205F1100153F8040B42F8040B8B4297
:1079C000F9D107213046FFF72FFF28B109213046B2
:1079D000FFF78FFF002070BD0A213046FFF724FF1C
:1079E0000028F3D12046BDE87040F3F7FBB807202C
:1079F0007047072070470720704730B5012303FA0E
:107A000001F1CA43BFF35B8F50E8003F03EA020471
:107A100040E80045002DF7D1BFF35B8F01EA03007A
:107A2000003818BF012030BD38B50446031D0025BD
:107A3000BFF35B8F53E8002F43E800510029F9D1D1
:107A4000BFF35B8F04F59C7001F0CBFD2572BFF393
:107A50005B8F54E8003F44E80052002AF9D1BFF39D
:107A60005B8F20460121BDE83840FFF742BF70B56B
:107A700000F1700605460C4607220968304602F000
:107A8000CFFEB8B963681A682A679A88A5F8742087
:107A90009B7985F87630D5F8A4305BB1A268934223
:107AA00008D062681168C3F801109188A3F8051026
:107AB0009279DA7170BD2DE9F84FDDF82C80BDF8B0
:107AC0002890044692461F46FFF7FDFE0546002813
:107AD0005CD0061DB9F1000F27D15AEA070324D163
:107AE00003213046FFF7A0FEF8B101213046FFF731
:107AF0009BFED0B12C7D6B7B9C4228BF1C4622464E
:107B000005F14701404602F06EFE0F2C06D8C4F185
:107B10001002494608EB040002F073FE30460121D2
:107B2000FFF7E7FE0120BDE8F88FD4F8A43083B951
:107B300004F1700B217A5A462020F4F7A1F9C4F819
:107B4000A40030B9217A5A460120F4F799F9C4F813
:107B5000A400B9F1000F0CD15AEA070709D1D4F8F3
:107B6000A41031B14B8A9B0603D50C7C1E312246F2
:107B7000C8E70F213046FFF757FE20B10222062149
:107B80002046EFF76DFB2846FFF74EFF0020CAE7BF
:107B90006FF0850070476FF01500704770B50446B0
:107BA0000820F2F7A3FE0546E0B1061D0821304685
:107BB000FFF778FEBCB30721FFF774FE234605F1FB
:107BC000970204F1200153F8040B42F8040B8B4296
:107BD000F9D10A213046FFF727FE70B1092130465E
:107BE000FFF787FE0720F2F781FE0446E8B1F2F7BF
:107BF00001FFD0B10821204612E010213046FFF7E6
:107C000013FE09210028EAD13046FFF70DFE0028B7
:107C1000E8D02846F2F7E6FF01460028E2D02846E1
:107C2000F3F754FDDEE70B21F9E770BD70B50446AC
:107C3000A0F1EC0650F84C3BE83CD3F8A45001F01E
:107C4000D0FC03212046FFF7EFFDA0B1082130460C
:107C5000F3F7AAFC3DB16B8A13B16B7C9B0702D58D
:107C6000284600F030F830464FF4B872BDE8704056
:107C7000002102F0C6BD01212046FFF7D5FD0028F6
:107C8000E4D10F212046FFF7CFFD0028DED1E1E748
:107C9000437C5B0602D40121EDF724BD704770B52B
:107CA00004460D461646F4F7EBF838B93146284637
:107CB000F4F79AF810B1438A1C43448270BD438A9A
:107CC00019434182704710B5037A5B07044601D51A
:107CD000EDF778FE214611F8010BECF79DF82046F0
:107CE0004422BDE81040002102F08BBD531E194410
:107CF000024411F8013900F8013B9042F9D1704774
:107D000010B5431E00F11002073013F8011F12F8DE
:107D1000014D1C7083421170F7D110BDF0B597B0C2
:107D200014460E462022014605A81D461C9FFFF75B
:107D3000DDFF202231460DA8FFF7D8FF2146102293
:107D400001A88DF85450FFF7D1FF3B46412205A909
:107D500001A8F4F715FB044610B93846FFF7D0FF29
:107D6000204617B0F0BD2DE9F04397B00446164603
:107D700005A810221D46DDE91F98219FFFF7B6FFD9
:107D80001022314609A8FFF7B1FF102229460DA89D
:107D9000FFF7ACFF1E99032211A8FFF7A7FF494682
:107DA000D9F8010011F8013B8DF8473012908B880B
:107DB000ADF84C30062212A8FFF798FF4146062284
:107DC00011F8013B8DF84E30D8F80130CDF84F3026
:107DD0000DF14F008B88ADF85330FFF787FF214638
:107DE000102201A8FFF782FF3B46412205A901A806
:107DF000F4F7C6FA044610B93846FFF781FF20466B
:107E000017B0BDE8F083F8F73BBD0369C9B20C2297
:107E100002FB0133186C00F00700704770B5034691
:107E2000C9B20069EFF31186402484F31288BFF3CE
:107E30006F8F0C2505FB0104246C14F0C00401D0E5
:107E4000A24211D105FB010001220264002086F349
:107E50001188BFF36F8F30B95B680C2202FB0133CE
:107E60005B689847002070BD4FF0FF30EFE780223D
:107E7000FFF7D4BFF8B5069F04690546C9B2EFF312
:107E8000118C402080F31288BFF36F8F0C2606FB05
:107E90000146306C00F0070EBEF1010F10D13764BF
:107EA00000268CF31188BFF36F8F3EB90C2041433D
:107EB0000C44C4E90E236B685B5898473046F8BD04
:107EC00000F0C00087420CBF6FF077064FF0FF361E
:107ED000E7E713B580240094FFF7CCFF02B010BD94
:107EE00010B40069CBB21C2404FB0300002110BCB9
:107EF00010471046F8F7C4BC00F047BCF6F748BE80
:107F00004FF4AF607047F7B51C46164600238268F1
:107F10002360A36053690D4601AA69469847019BF7
:107F20005A1E01921BB96FF0150003B0F0BD009806
:107F3000A26847682168676085B9B31AD0F800C0A5
:107F4000634528BF63461A4403FB07112160A26002
:107F500002689A4206D808300090E0E76B1AB3FB3B
:107F6000F7F3EBE70020E0E713460022FFF7CBBF73
:107F70002DE9F047836886B05B698846914601A980
:107F800002AA98470024A2462546029BAB4202D88B
:107F900006B0BDE8F087019F07EBC50700267B68A8
:107FA00004933A68B2420AEB060302D801359A46B6
:107FB000EBE703940593494603A8C0470028E7D0A0
:107FC000049B01361C44ECE710B50C4600F0F3FEB0
:107FD0000023C4E90003184610BD70B5044600F044
:107FE000F0FE237B05460BB100F0E5FB0026606840
:107FF000F7F7CEF8A3685B1BA36063682B4463604C
:10800000237B01363BB9A368002BF0D1A068003870
:1080100018BF012070BD3046F6F7AAFE0028F2D046
:10802000F4E738B505460C4600F0C5FE002D07DB29
:10803000A84205D9401B84428CBF0020012038BDD6
:108040000020FCE770B50D462846194616461C462A
:10805000FFF7E7FF30B921462846F5F74BF86FF0F8
:10806000150070BD24B122462946304602F0BBFB04
:108070000020F6E743685B68D3F810350B600020FA
:10808000704743685B6802EA010021EA0201C3F815
:108090000805C3F80C150020704743685B68002092
:1080A000C3F80815704743685B680020C3F80C15D7
:1080B000704743685B68D3F8042521EA0200114049
:1080C000C3F80805C3F80C150020704730B50369E4
:1080D000586800B30024884219D108688CB99C689C
:1080E0005860A14200D19860002008602AB15A6807
:1080F0000A609A68596002B9996000200FE028462A
:10810000E9E720609868814208BF9C60ECE7056859
:108110000446002DF3D1002AE9D16FF0150030BDDF
:10812000F6F744BF4FF08043D3F8002402F0010378
:10813000910748BF43F01003110748BF43F4807311
:10814000D10348BF43F08003510348BF43F02003ED
:10815000510748BF43F00203910348BF43F0800337
:10816000110348BF43F08003D20248BF43F0080325
:108170000360002070474FF080434FF0FF32C3F898
:1081800000240020704702780B69012A07D0022AD8
:1081900008D052B9DA6403F13C00F8F771BB6FF014
:1081A0000D02F7E76FF00A02F4E76FF00402F1E75F
:1081B00038B5044605690122114605F12C0001F08D
:1081C0002FF9012205F13C00002101F029F9204698
:1081D000BDE83840F5F758BB00692C30F8F784BB90
:1081E00000692C30F8F74CBB13B501AA044600F027
:1081F0002DF8002805DB019B226819791868F5F72E
:1082000079FB02B010BD70B54568A86A0368D3F861
:108210000845D3F80C65F7F7CDFC31462046F7F753
:108220000BFF00210446E869FFF7DEFFA86A00F0B3
:10823000AEFE204670BD10B544680021E069FFF72E
:10824000D3FFA06ABDE8104000F0A1BE30B543687E
:108250001360057A446804EBC504A34202D36FF0AF
:10826000010030BD5C798C4203F10803F0D100209D
:10827000F7E710B50469204601F02AF8002363618E
:1082800010BD2DE9F041D0F80880D8F8004006462E
:10829000F4B1476897F8264014F001041FD105692E
:1082A0004FF0FF334FF0FF322846F8F7F5F96B69CE
:1082B0000133012B6B6108D1D8F800303046984764
:1082C000041E08DA6B69013B6B612846F8F756FA21
:1082D0002046BDE8F081F869F5F76EFBF5E700246C
:1082E000F6E7F8B587687C6806469CB1436893F862
:1082F0002630DB071DD405694FF0FF334FF0FF3206
:108300002846F8F7C9F96B69002B05DC00242846DC
:10831000F8F734FA2046F8BD013B6B61002BF5D12C
:108320007B6830469847041EBEBF6B6901336B61A2
:10833000EDE70024EEE7F0B4D0E901631B693BB13F
:1083400077688F4208DB3568954205DCF0BC18473A
:108350006FF05700F0BC70476FF01500FAE7F0B40B
:10836000D0E901631B6A3BB137698F4208DBF568CE
:10837000954205DCF0BC18476FF05700F0BC704721
:108380006FF01500FAE770B4D0E90162956A034610
:108390000C46A5B196F8242012B92B4670BC18479C
:1083A000306A024410F8011BA14202D1214618464E
:1083B000F3E79042F6D16FF0850070BC70476FF024
:1083C0005700FAE72DE9F341D0E901470E4694F84A
:1083D00025100569FF2980460FD194F8261001F079
:1083E0000C01082914D0D8F808301B6B003918BFCD
:1083F00001214BB96FF0570003E0FFF7C4FF0028DD
:10840000EBDA02B0BDE8F081404698470028F8DB7F
:10841000A268B2F1004F05D011464046FFF78BFF2E
:108420000028EEDB6269B2F1004F05D011464046EC
:10843000FFF795FF0028E4DB2368B3F1004F14D069
:10844000D8F808305B69002BD4D001A94046984782
:108450000028D6DB2268019B9A421CDD114640466B
:10846000FFF769FF002805DACBE762686FF0004389
:108470009A42E5D19EB994F826309B0716D03B6806
:10848000404698470028BCDBA069F5F795FA6B6970
:1084900001336B610AE062689342EBDDDEE76B69F2
:1084A00001336B6194F82630DA0601D40020A8E786
:1084B0004046FFF716FFA4E7012303FA01F1036921
:1084C0001B68194218BF82F0010212B18368DB6891
:1084D000184783681B69FBE708B54368986A38B199
:1084E00093F82C100122FFF7E7FF00EAE07008BDC7
:1084F0006FF08500FBE743681B68B3F1004F14BFC2
:1085000000206FF00100B0FA80F040097047034688
:10851000084631B95B681B68B3F1004F01D01360A6
:1085200070476FF01500704743681B68B3F1004F48
:108530001ABF00200B606FF0010070474368986A13
:1085400020B193F82C100022FFF7B6BF6FF0850022
:10855000704700F150039B009BB203F1804303F589
:10856000883300221A601B68704708B5F5F722FBB4
:1085700008BD4FF0FF30704708B5006990F83430FF
:10858000994207D290F835303BB1C9B2F7F73AFDBE
:10859000002008BD6FF01500FBE76FF00A00F8E758
:1085A0001FB5046900230193CA070393236B029349
:1085B0005CBF012301938B0758BF019B01A958BFE2
:1085C00043F00803204658BF019300F017FD002830
:1085D00006DB204600F021FD012384F83530002021
:1085E00004B010BD10B54FF0FF304FF0FF31F5F77C
:1085F000E1FC044628B9D8F7CBFD044618B1F5F7DD
:10860000E1FC204610BDF5F7DDFC2046EBF79AFCB7
:10861000F7E738B50B8A0D463BB101F10C00FDF7C9
:10862000B2FB012818D0022803D06FF015042046B1
:1086300038BD4FF0FF304FF0FF31F5F7BBFC04467B
:108640000028F4D1E868E2F7AFFB0446F5F7BAFC7E
:10865000ACB1F5F7CDFCEAE74FF0FF304FF0FF315A
:10866000F5F7A8FC04460028E1D1E868F5F7A8FE74
:108670000446F5F7A7FC002CD9D1F5F7B9FC28463C
:10868000EBF75CF90024D2E7F5F704BE10B532220F
:108690000446002102F0B5F8202323708023A37044
:1086A0006FF03F0363710423A3722823A373022393
:1086B000E3730423A3756FF0480363760323A37663
:1086C0006FF01F03E3760E232377302384F82030E6
:1086D000402384F82130792384F822307E2384F8E3
:1086E0002330802384F82630042384F8273010BDFB
:1086F00008B50323E1F7F8FE002008BD08B5F6F73A
:1087000061F9002008BD08B5FAF7C6F848B10023A2
:1087100083F31188BFF36F8F0423184602DF6FF0D5
:10872000040008BD08B54FF0FF314FF0FF30F5F7FA
:1087300041FCE5F71DFCBDE80840F5F743BC684681
:1087400020F007018D4601B5E0F728FDBDE80140A6
:1087500085467047684620F007018D4601B5E0F771
:1087600011FDBDE8014085467047684620F00701CD
:108770008D4601B5E1F748FBBDE8014085467047ED
:1087800008B5E5F786F9002008BD7047012802D139
:108790000020DFF791BB70477047DFF78BB908B552
:1087A000E1F7DEFD30B1EFF305800338032894BF15
:1087B0000020012008BD704703460020184700F044
:1087C000D0BC10B502461168B1B1BFF35B8FB1FAEE
:1087D00081F3C3F11F000123834021EA030352E820
:1087E000004F8C4204D142E8003CBCF1000FF6D1AE
:1087F000BFF35B8FE7D110BD6FF00B00FBE710B547
:108800000368CB40DB0714D401238B400268BFF31D
:108810005B8F43EA020150E8004F944204D140E8E4
:10882000001CBCF1000FF6D1BFF35B8FEED100202E
:1088300010BD6FF01500FBE7F7B5019001A8DDE969
:10884000084716461D46F6F719FB019BB6F1000CCA
:1088500018BF4FF0010C00EB83000B1E18BF012363
:10886000002D43EA4C030CBF4FF0000C4FF00C0CF2
:10887000002C43EA0C030CBF4FF0000C4FF4E06CEB
:10888000002F43EA0C03D0F800270CBF4FF0000C78
:108890004FF4403C43EA0C0322EA030301B1097898
:1088A0000EB13678760019430DB12D78AD00314305
:1088B0000CB12478240229430FB13F783F040C43C4
:1088C0003C43C0F8004703B0F0BD1FB50DF10F03E6
:1088D000019300238DF80F1000931A461946FFF7F5
:1088E000ABFF05B05DF804FB10B504460846F6F78B
:1088F000D5FA04EB4004207DC0F3401010BD10B544
:1089000004460846F6F7CAFA04EB4004207DC0F39B
:10891000400010BD10B504460846F6F7BFFA04EB58
:108920004004A08A400B10BD70B5044608461646A8
:10893000F6F7B4FA08300D4634F81030DA0509D5E8
:10894000C3F3432304EBC302314654F83330526877
:1089500028469847A3682BB1E26831462846BDE80F
:108960007040184770BD10B504460846F6F796FAF1
:1089700004EB4000838ADA051DD5C3F3432123F4B9
:10898000F853838204F1120204F1660032F8023FC8
:1089900013F4807F03D0C3F3432399420BD0824268
:1089A000F4D104EBC10300225A6004F16C00BDE86D
:1089B0001040FFF724BF10BDF0B5034600F58074EA
:1089C000002005460127844695420AD1D3F87C2130
:1089D00032B10022C3F87C21D3F87C3140F0004052
:1089E000F0BD25F0404607FA06F6314209D0D4F82A
:1089F00000E0BEF1000F04D0C4F800C0D4F800E0DD
:108A0000304301350434DFE738B504460D46FFF73F
:108A10006BFFA8B12046FFF772FF88B92046FFF729
:108A200079FF226801238340C2F80833236803EBEF
:108A30008000D0F8103523F00303C0F8103538BD9E
:108A400028460021BDE83840FFF73FBF2DE9F0433D
:108A5000174685B004460846F6F720FAD7F8008096
:108A60000E460546B8F1000F1ED02046FFF747FF1F
:108A700018B12046FFF738FF20BB0023CDE90033B3
:108A80008DF80E308DF80F300DF10F0243460DF1C9
:108A90000E013046FFF7D0FE04EB4502938A23F027
:108AA000020343F0010393827B689BB33146204667
:108AB00093F80080D3F80490FFF721FF28B1B9F1B3
:108AC000000F1FD06FF0150027E004EB4500838AEC
:108AD00023F4604323F020038382B9F1000F11D007
:108AE000B8F1030FEED87B6821685B6893F800C08B
:108AF0004FEA8C031944B8F1000F11D1C1F8108569
:108B0000C1F8108504EB4502938A23F01C0343EA65
:108B100088039382BB6843BB002005B0BDE8F083A7
:108B2000D1F8102522F00302C1F810252268134461
:108B3000D3F8102522F44F3222F44072C3F81025E6
:108B40003202D3F8101502F47C5242EA08420A437A
:108B5000C3F8102504EB4C03A3F87060838A43EA42
:108B60004C3343F020038382CCE7D3E900783146CD
:108B70002046FFF7F8FE002FCED063689F4206D054
:108B800004F16C00FFF71DFE002804DAC5E7A368B6
:108B90009845F5D1002004EBC003C3E9017804EB4C
:108BA0004505C0B2AB8A43EA402343F48073AB82ED
:108BB000B2E72DE9F043054685B0084616461F4644
:108BC000F6F76CF90C46804626B32846FFF797FE69
:108BD00018B92846FFF788FE18BB05EB4809B9F815
:108BE000143003F01C0313B17378012B19D0012347
:108BF0008DF80F300023CDE90063721CB31C0DF11A
:108C00000F012046FFF718FEB9F8143043F00303B4
:108C1000A9F81430002F3FD021462846FFF76FFEF9
:108C200020B96FF0150005B0BDE8F0833E782B68E1
:108C300003EB86030022C3F81025C3F8102505EBCB
:108C400048024FEA860C938A23F4604323F0200302
:108C50009382787800B32968BF7861440004D1F822
:108C6000103523F4991323F4F853C1F81035230277
:108C700000F4403003F47C5303433805D1F8105519
:108C800000F4801003432B43C1F81035938A43EA64
:108C9000463343F0200393820020C4E7C0E9031267
:108CA000704770B504461546FFF71EFE48B10846EA
:108CB000F6F7F4F804EB40040020A38A5B0B2B705A
:108CC00070BD6FF01500FBE738B590F880400546A1
:108CD0009CB954222146143001F093FD2868C0F855
:108CE0007C41D0F87C3140F30730EAF75DFA01238C
:108CF00085F88030EB66204638BD6FF07700FBE7E3
:108D000090F88000003818BF01207047F6F700B9CE
:108D10002DE9F34104461746FFF7E6FD0D462668A8
:108D2000F0B12046FFF7EBFD8046C8B92046FFF7BB
:108D3000F1FD820002F5807346F80380F358236842
:108D40001344D3F8102542F00102C3F8102527B1CF
:108D5000226801238340C2F8043302B0BDE8F081E9
:108D6000D6F80433002BA4BF4FF00043C6F80433F9
:108D70002846F6F793F804EB4004A38AC3F3820372
:108D8000042B12D0052B12D001A80195F6F776F826
:108D9000019BD0F81015D94001F00101023128469D
:108DA00002B0BDE8F041FFF790BD0321F7E70221D3
:108DB000F5E7FFF729BE4FF080531A695869504311
:108DC00070474FF08053186970474FF080535869CF
:108DD000704710B5A1F58074A4080123A340184082
:108DE0000AD001F1804101F5E041086820B100207E
:108DF000086009680AB9012010BD116819431160A3
:108E0000F9E708B500210120F6F760FA0028F9D04B
:108E100008BD08B50246F6F7F9F920B9BDE80840E3
:108E20001046F6F729BB6FF00F0008BD91F820201F
:108E30000346032A29D8DFE802F0212519028A68AF
:108E4000500304D5D3F84C250869904207D18A68AD
:108E500052031AD4D3F84C258969914215D00020C9
:108E60000622C3F80005C3F800257047D3F84C2547
:108E700008699042F3D1D3F83C25EDE7D3F84C25AF
:108E80000969EAE7D3F83C25FAE70120704730B5D5
:108E90009508403D0124AC400C4208D0815831B1C6
:108EA00000218150825813B11A6822431A6030BDE4
:108EB00013B500230C4601934FF4A47201ABFFF7E6
:108EC000E6FF21464FF48272FFF7E1FF21464FF49F
:108ED0009272FFF7DCFF21464FF4A872FFF7D7FF2D
:108EE00021464FF4A672FFF7D2FF21464FF4B0722D
:108EF000FFF7CDFF4FF4AE722146FFF7C8FF019890
:108F000002B010BD10B44FF080528B68D2F83021FF
:108F1000CC7B0D2A04D1B3F1C86F08BF4FF0C463F6
:108F200002682CB9D1E90041C2F80845C2F80C1515
:108F3000C2F8243543682BB1006810BC40F30730F9
:108F4000EAF732B910BC704738B50D4690F82610D4
:108F50000446C9B9C160C0E9012380F8291080F82E
:108F6000281065B1AB7B80F82B302846F6F7E0FD82
:108F70006B7B84F82A3029462046FFF7C3FF012384
:108F800084F82630002038BD6FF07700FBE70368D7
:108F90000622C3F80025022380F82630704738B532
:108FA000D1E9005104460023C8034FF47A72490CFA
:108FB000E1F782FD2368C3F80C55C3F80405A368E4
:108FC00063B124680023C4F8003144F30730D4F8B7
:108FD0000031EAF7E9F80123C4F8043338BD38B5A5
:108FE000C0E90223437933B90123437109B1FFF783
:108FF000D6FF002038BD6FF07700FBE708B5437956
:109000002BB1022B06D0FFF7CAFF002008BD6FF07E
:109010007600FBE76FF00F00F8E7036801221A60A3
:1090200002234371704710B5EFF31184402383F39B
:109030001288BFF36F8F0379072B11D80B700133A0
:10904000037102680978D2F8080501238B400343B5
:10905000C2F80835002084F31188BFF36F8F10BD6C
:109060006FF00B00F7E70368D3F80414D3F800217E
:109070004AB10022C3F80021D3F80031D0E902320E
:109080004FF480701847704707B5019001A8F6F7B4
:10909000C3FF019A01239340C0F8083503B05DF87F
:1090A00004FB0369C26893429CBF81685B18013B63
:1090B000981A70472DE9F041D0E902840546A8EBE3
:1090C00004064068964220440F46144404D901F037
:1090D0008AFBEC60BDE8F0813246A4EB080401F0A5
:1090E00082FB68682246B919F1E72DE9F843C568A3
:1090F0000646894617464FF000083369B468706821
:109100009D4228BF1B19641BBC4203F1FF3328BFDB
:109110003C465B1B9C4228BF1C46494628442246CD
:1091200001F061FBB3682544AB4208BF00253F1B3B
:10913000A044A144F560E0D14046BDE8F88308B5FD
:10914000F7F7B2F8002008BDEFF31180402383F356
:109150001288BFF36F8F704780F31188BFF36F8F52
:10916000704708B1EAF714BC704710B5436904466C
:109170003BB90020E268537843F00103537040424A
:1091800010BD98470028F4D00028B8BF4042E368DB
:10919000FF28A8BFFF201870ECE740B1C3685878DB
:1091A00010F001001EBF1878B0FA80F04009704737
:1091B00010B400F10C04C0E9034410BCFBF7ABBAD7
:1091C00038B50446EFF31185402383F31288BFF3CB
:1091D0006F8FE7F7ABFA04F10C0000F005FB30B13C
:1091E000294604F11400BDE8384000F0E2BA85F3E6
:1091F0001188BFF36F8F38BD10B542696AB18368BB
:1092000042EA0301890708D10169A2FB011424B9CC
:109210005B182CBF0121002102D36FF0150005E07F
:10922000C1609B1A02698A4201D8002010BDC26841
:109230001A604269C36001319B1AF3E72DE9F041DE
:1092400005460F46EFF31188402383F31288BFF3DE
:109250006F8FC668F6B90468A0421BD0D4B1D4E9B8
:10926000003213605A60237CA66023F0020323744B
:10927000C4E9006604F1180000F037FB2046A66739
:10928000676100F03CFA414605F10800BDE8F04195
:1092900000F08FBA3E60AB69EF60013BAB6188F3D1
:1092A0001188BFF36F8FBDE8F08108B54024EFF35C
:1092B000118384F31288BFF36F8FFCF78FFCF6E7FE
:1092C00090F90E308B4201D0F7F740BF0020704775
:1092D00003460020C3E90200C3E900337047D0E928
:1092E000003213605A60027C002322F00202C0E9BF
:1092F00000330274836070472DE9F84390460446BA
:109300009DF820200D46EFF31187402181F312884C
:10931000BFF36F8F02B14568A66804F10809B14533
:1093200015D0A6B13046FFF7DAFF002406F1180089
:1093300000F0DBFA3046B467C6F8148000F0DFF9BD
:109340004846394600F035FA2046BDE8F883A3B117
:109350000820F8F7B9FB002832D00122C0F80480B9
:109360000260016801F003015DB922680A430260EE
:10937000626820606AB960600BE0C8F8003040465F
:10938000EFE72A68032A10D80160616839B9C4E997
:109390000000002087F31188BFF36F8FD5E70A68BC
:1093A00002F0030202430A60E5E722F003020A43E7
:1093B00002602A6802F0030240EA02032B60E8E739
:1093C0006FF00B00E6E710B5044630B10268930772
:1093D00003D0446809B100F015FB204610BD0023FE
:1093E000C0E9003300F10803C0E90233704707B554
:1093F0000123009300230A461946FFF77DFF03B0BF
:109400005DF804FB07B500230A4600931946FFF7F1
:1094100073FF03B05DF804FB00680021FFF7D3BFC2
:109420003AB18A4205D3C0E90212C0E90000002027
:1094300070476FF015007047026801238B4022EAE5
:109440000303036022FA01F000F001007047704747
:1094500010B5032104460C30FFF7EEFF30B104F1E4
:10946000100000F042FAB0FA80F0400910BD20B1BF
:10947000002211468C3000F0FFB9704770B5C36808
:10948000C3F340069B07044616D4856802210C30BE
:10949000FFF7D2FF80B1D5F884206AB194421DD184
:1094A00022689EB9D5F88830C5F884209C4201D145
:1094B000C5F8882000232360E36813F01F001EBF57
:1094C00043F00203E36040F0020070BD3260D5F863
:1094D0008820944208BFC5F88860EBE716461268FA
:1094E000DBE773B50446EFF31185402383F312885D
:1094F000BFF36F8F00230193D0E90423B3F1004F32
:1095000008BF012A05D085F31188BFF36F8F02B021
:1095100070BDA0F1100603210438FFF78DFF00286D
:10952000F1D0A369019301A93046F7F71DFBEAE7E3
:1095300038B504460D461022002101F062F965603D
:1095400038BD13B501900846EFF31184402383F32F
:109550001288BFF36F8F01A9F7F706FB84F3118818
:10956000BFF36F8F02B010BD10B5FFF7EAFF041E06
:1095700008DDEFF31180402383F31288BFF36F8F70
:10958000F7F750FE204610BD70B50D46EFF311867B
:10959000402383F31288BFF36F8FF7F737FB04463E
:1095A00086F31188BFF36F8F38B14FF0FF324FF061
:1095B000FF3305F11000F7F797F9204670BD08B5A5
:1095C000A022002101F01DF908BD38B53022044663
:1095D0000D46002101F015F94FF480736560E360DA
:1095E00038BD38B50446EFF31185402383F3128864
:1095F000BFF36F8FFFF72CFF2046FFF73FFF85F388
:109600001188BFF36F8F38BDF8B504460D46EFF3F0
:109610001187402383F31288BFF36F8FC36803F071
:109620001F03002B14BF0126002609D0FFF710FFEF
:109630002046FFF723FF29462046F7F777FA03462F
:1096400087F31188BFF36F8F3BB14FF0FF324FF0BC
:10965000FF3305F10800F7F747F93046F8BDD0E9C8
:10966000003213605A60027C002322F00202C0E93B
:109670000033027483607047EFF30580003818BF31
:10968000012070476FF05700704700207047D0E905
:10969000003213605A600023C0E90033704708B5F8
:1096A000FFF7F5FF037C23F00203037400238360BC
:1096B00008BD38B504460D46F7F7A4FC237C43F0FB
:1096C00002032374D5B1A5602B689D4209D16B6854
:1096D000C4E900531C606C6010E06A689A42F6D0DE
:1096E0001B68002BF3D093F90E1094F90E209142D1
:1096F000F3DD5A68C4E9003214605C6038BD10B50F
:10970000EFF31184402383F31288BFF36F8FF7F7D1
:1097100039FC84F31188BFF36F8F10BD08B5EFF3E8
:109720001181402282F31288BFF36F8F83680BB1DF
:10973000FFF7B5FF81F31188BFF36F8F08BD08B540
:10974000037C13F0280F01460CD183680BB1FFF79F
:10975000A6FF0B7C23F004030B740846BDE8084009
:10976000F7F710BC08BD10B5EFF31184402383F365
:109770001288BFF36F8F1838FFF7E1FF84F3118869
:10978000BFF36F8F10BD08B50346EFF31181402280
:1097900082F31288BFF36F8F0068834207D008B14D
:1097A000FFF77DFF81F31188BFF36F8F08BD0020A5
:1097B000F8E70846F7F75EBC38B504680546AC42E2
:1097C0004FF0000000D138BD002CFCD02046FFF740
:1097D00066FF04F1180000F088F82046F7F7D2FB86
:1097E0002C680120A542EDE710B5EFF3118440236A
:1097F00083F31288BFF36F8FFFF7DEFF84F31188C6
:10980000BFF36F8F10BD38B50C460546F7F7A6FDC0
:10981000B4F1FF3F08BFB5F1FF3F1FBF47F6FF732D
:1098200000224FF47A71E0FB01321ABFD80B40EAF4
:1098300042404FF0FF3038BD38B50446EFF3118594
:10984000402383F31288BFF36F8F037C5B070ED531
:10985000183000F04AF8237C23F0040320462374D8
:10986000F7F790FB2846BDE83840F7F703BC85F3CF
:109870001188BFF36F8F38BD38B5EFF311854023E2
:1098800083F31288BFF36F8F0468A04212D09CB19B
:10989000A16762612046FFF702FF04F1180000F0A3
:1098A00024F82046F7F76EFB012085F31188BFF3FB
:1098B0006F8F38BD0020F8E72046F6E708B502466E
:1098C000F7F7BEFE70B1D0E904319B1A61EBE2728A
:1098D000B3F1004F72F1000104DA002AACBF184660
:1098E000002008BD6FF00040FBE738B50246EFF3FB
:1098F0001185402383F31288BFF36F8F0368D3B1C0
:10990000F7F79EFE04461046F7F7ACFE00224FF034
:1099100000438442C0E9042305D0002085F3118868
:10992000BFF36F8F38BDF7F793FEFFF7C7FF002136
:10993000F4F7A4FAF1E7D0E90413B3F1004F08BF3C
:10994000012904D100204FF00041C2E904016FF069
:109950001500E3E708B5F7F78DFF08BDF7F78ABFF5
:10996000B3F1FF3F08BFB2F1FF3F70B506461D4699
:10997000144614D01A4316D0002B08DBF7F77AFFF1
:10998000041941EB0501C6E90041304670BD6FF096
:1099900001031C1B4FF0FF3363EB0501F3E74FF0AE
:1099A000FF342146EFE70024FBE7B3F1FF3F08BF98
:1099B000B2F1FF3FF8B5074616461C4610D054EAF0
:1099C000020311D0F7F756FFB0420A46A141034601
:1099D0000AD2F31A64EB0204C7E900343846F8BD32
:1099E0004FF0FF331C46F7E70023FBE70023C0E9F5
:1099F000081200F11802C0E90622C0E9003303632F
:109A00004363704720B1011F50F8040CFFF7D8BB27
:109A100070477047FFF75CBC70474FF0FF324FF064
:109A2000FF33F6F739BEF6F7A9BE0020704770473E
:109A300010B5044608B1F8F7F1F92046BDE810402A
:109A4000F8F7DCB90346C068F8B15888E8B11B885C
:109A500003F44F42B2F5824F02D0B2F5884F09D1DC
:109A6000DBB2272B2AD008D8172B0FD0222B34D0CB
:109A7000122B16D06FF085007047302B2FD0413B52
:109A8000012BF7D8FF2839D100207047C028FBD020
:109A9000E128F9D0B0F5807F14BF6FF08600002078
:109AA000704720F02003C02BEED020F08003B3F5E8
:109AB000807FE9D040F209239842EDE7E928E3D01E
:109AC000EF28E1D040F21B139842DDD040F2991309
:109AD0009842D9D040F23B23EEE7E928F1E720F0A5
:109AE0002003C02BD0D020F04003B3F5807FCBD033
:109AF000B0F5C07FC8D0B0F5007FCDE7B0F5E07F0E
:109B0000CAE73AB1002918BF0023D21A212118440C
:109B100000F077BE70472DE9F04F89B09B460023D7
:109B20008DF81B30159BDDF85080002B91460B46BD
:109B30000D460CBF4FF400624FF4806207A9DDE9C7
:109B400012A7F8F70DFB0446D0B9079E0DF11B02D2
:109B500031882846F8F780FB044688B99DF81B3009
:109B6000BB421FD8CDE90338CDE901BACDF800904A
:109B7000D6E909122B463046F9F70AF8044608B12F
:109B8000C8F80070D8F800303A4621465046FFF732
:109B9000B8FF0798F8F7E6FF002C18BF204609B079
:109BA000BDE8F08F6FF08904EAE741F2062398429E
:109BB0001AD8B0F5905F09D241F2010398420CD057
:109BC000B0F5885F09D06FF085007047A0F5905020
:109BD00080B26923C340DB07F5D511F0070F14BF2E
:109BE0006FF0860000207047B0F5105FEBD121F0D8
:109BF0004003802B06D0B1F5807F14BF6FF0860044
:109C0000002070470020704770B5446A05460E4634
:109C10003CB90120F8F7ECF8686228B1AE62204642
:109C200070BD6FF08A00FBE76FF08C00F8E7F8B5C5
:109C30001E460F4603881546C2B103F4E043B3F550
:109C4000805F02D0B3F5005F10D1089BE900196076
:109C50000088FFF7AAFF044630B92A463946304645
:109C600000F0C1FD079B1D602046F8BD6FF0850424
:109C7000FAE710B50446406A10B1A16AFFF7D8FEB2
:109C80000020C4E9090010BD38B50446FFF7F1FF14
:109C9000237F012B0FD0023B012B0FD8236A012B0E
:109CA00014BF6FF0960500252C220021204600F0FD
:109CB000A8FD284638BD236A002BF1E76FF0960512
:109CC000F2E738B514460288049D02F4E040B0F58E
:109CD000805F07D0B0F5005F04D002F44F42B2F5C8
:109CE000824F0ED1AC420FD81846224600F07BFDC1
:109CF0002A1B0021204400F084FD059B00201C60ED
:109D000038BD6FF08500FBE76FF08900F8E7F0B52C
:109D10000F4685B01E461546CAB1002333600122A6
:109D200003A9F8F71DFA044670B9CDE90056039867
:109D30003B46D0E9091200F0CEF904460398F8F743
:109D400011FF002C08BF0446204605B0F0BD6FF09F
:109D50008904F9E770B50488049E154604F4E042CE
:109D6000B2F5804F22D124F4405044F201029042D7
:109D70000DD004F44F44B4F5824F08D0B4F5844FAD
:109D800005D0B4F5884F02D0B4F58E4F0ED1B54250
:109D90000FD818462A4600F026FD721B00212844E1
:109DA00000F02FFD059B00201D6070BD6FF0850049
:109DB000FBE76FF08900F8E7F0B50F4685B01E4667
:109DC0001546FAB1002333601A4603A9F8F7C8F91B
:109DD000044688B9039803885B0410D5CDE9005682
:109DE0003B46D0E9091200F081F904460398F8F7E0
:109DF000B9FE002C08BF0446204605B0F0BD6FF048
:109E00008604F3E76FF08904F6E710B503680446AB
:109E100043B100F0C9F900232360A3886FF308035E
:109E2000A38010BD1846FCE72DE9FF410C460168F0
:109E300098460023054616460393002939D14FF46E
:109E4000A872083000F0DDFCB8F1000F2046334660
:109E50000CBF4FF400624FF4806203A9F8F780F959
:109E60000446B8B9039F2A1D39883046F8F7F4F93B
:109E7000044678B96B7968F300036B71D7E909235D
:109E8000394600962846B8F1000F0FD0F8F798FE33
:109E9000044610B12846FFF7B8FF0398F8F762FEB2
:109EA000002C18BF204604B0BDE8F081F8F7A8FEEA
:109EB000EEE76FF08804EDE70123FFF7B5BF38B593
:109EC0000368054614464BB132B100F058F9044618
:109ED00010B12846FFF799FF204638BD6FF088047F
:109EE000FAE72DE9F0411646026805460F46984606
:109EF000F2B14279D2071BD50279CAB1B2421AD85F
:109F000000F046F9044618B10023C8F800602B7130
:109F100037B1D8F80030324621463846FFF7F1FD18
:109F20002846FFF772FF002C18BF2046BDE8F081DD
:109F30006FF08804E8E76FF08904E5E71FB50124B6
:109F40000394089C0294079C0194069C0094FFF7DC
:109F5000E2FD04B010BD2DE9F04788B005469A46F1
:109F60000023079325F0004323F47F03B3F1106F20
:109F7000DDE91096DDF848800846174623D12B46C8
:109F80004FF4804207A9F8F7EBF8044660B9CDE931
:109F90000368CDE901A907980097D0E909122B467B
:109FA00000F00AF9044628B131464846F8F712FB9A
:109FB000C8F800600798F8F7D5FD002C18BF2046B8
:109FC00008B0BDE8F0876FF08604EDE70346084669
:109FD0001B8803F4E043B3F5805F114602D0B3F56C
:109FE000005F01D1F8F7F6BA6FF0850070471C22C8
:109FF000002100F006BC034668B1017F8A1E012AD9
:10A000000BD80329026A03D1012A01D1FFF73CBE14
:10A010001AB1013A1A62002070476FF0960070473B
:10A02000C0B2002814BF6FF08500002070470020E8
:10A030007047704700221A606FF086007047002357
:10A040000B606FF0860070472DE9F04147683F0ACA
:10A0500004460D461646984611D107887F0407D45A
:10A060004346324629462046BDE8F041FFF7AEBFE1
:10A0700000F0D1F810F1860FF2D0BDE8F0816FF05A
:10A080008600FAE72DE9F04F476885B03F0ADDE921
:10A090000E9ADDF840B004460D461646984615D196
:10A0A000CDE901ABCDF8009000F0A7F810F1860FD4
:10A0B0000ED14346324629462046CDE90FABCDF8B6
:10A0C000389005B0BDE8F04FFFF7B1BD6FF08600E6
:10A0D00005B0BDE8F08F10B44468240A02D110BC6A
:10A0E000FFF7EFBD6FF0860010BC70472DE9F34716
:10A0F00047683F0ADDE90A9A04460D461646984627
:10A1000011D1CDE9009A00F06AF810F1860F0CD158
:10A110004346324629462046CDE90A9A02B0BDE8B8
:10A12000F047FFF717BE6FF0860002B0BDE8F0877A
:10A1300013B504464868000A0AD10498009004F157
:10A140000800F8F72DFE08B91C23236002B010BDEB
:10A150006FF08600FAE710B404681C2C03D110BC21
:10A160000830F8F749BE6FF0860010BC70470368EE
:10A170001C2B02D1083000F054B90020704703684E
:10A180001C2B02D1083000F027B96FF08600704711
:10A1900010B404681C2C03D110BC083000F025B9A1
:10A1A0006FF0860010BC704703681C2B02D108308A
:10A1B00000F027B90020704710B44468240A02D187
:10A1C00010BC00F036B96FF0860010BC704700F08C
:10A1D000C5B900F0E6B900F031BAF8F731BD10B4F6
:10A1E000048804F44F44B4F5824F02D110BC00F04F
:10A1F0004CBA6FF0850010BC704710B4048804F4AA
:10A200004F44B4F5824F02D110BC00F06EBA6FF02B
:10A21000850010BC704710B4048824F0FF04B4F526
:10A22000E24F02D110BC00F0B3BA6FF0850010BC51
:10A230007047024612F8103B43F3C01303F0870344
:10A2400012F8011D83EA4103904213704FEA132371
:10A25000F6D170472DE9FF4705468846144622B3DC
:10A26000D0F8486100F5947786B9A0444FF0100902
:10A270000DF10C0A102CA8EB040237D823463946FE
:10A28000384600F0F5F9C5F848410EE0C6F110096E
:10A290004A450FD8B91913460846424600F0E8F976
:10A2A000D5F848312344C5F848310026304604B07B
:10A2B000BDE8F087B9F1000F08D0B91942464B4606
:10A2C000084600F0D5F9103EC844344403AB1022D0
:10A2D000019300923B4639462846FFF73CFF06466D
:10A2E0000028C2D02846FFF742FFDFE71023394697
:10A2F000384600F0BDF9CDE9009A3B4610223946B8
:10A300002846FFF728FF06460028EBD1103CB1E7AE
:10A310002DE9F0439846D0F84831102B174685B008
:10A320000446894600F5947500F59C721CD12946B7
:10A33000284600F09DF903AB1022019300922B46B2
:10A3400029462046FFF707FF064630B93A46294618
:10A35000484600F048FAC8F800702046FFF707FFAB
:10A36000304605B0BDE8F083C618104696F828318F
:10A3700083F0800386F82831FFF75BFF1023024645
:10A38000D5E7F0B5D5B004460E46174600214FF488
:10A39000A67201A81D4600F034FA21463B4632461B
:10A3A00001A8F8F775FC044680B95A9A294601A815
:10A3B000FFF750FF044648B9DDE95C235B9901A82B
:10A3C000FFF7A6FF0446204655B0F0BD01A8FFF7F1
:10A3D000CEFEF8E7F8F782BC90F84C31022B01D1A1
:10A3E000FFF738BF6FF08800704710B490F84C4109
:10A3F000022C02D110BCFFF78BBF6FF0880010BC9D
:10A40000704710B590F84C31022B044607D1FFF786
:10A41000AEFE4FF4A8720021204600F0F2F90020B1
:10A4200010BD08B54FF49072002100F0EAF9002049
:10A4300008BD10B4048804F44F44B4F5824F02D12F
:10A4400010BCF8F733BD6FF0850010BC70472DE9E4
:10A45000F04F89B005460E461C4602EB030800F596
:10A46000947A0DF110090F2CA8EB040704D81CBB3B
:10A47000002009B0BDE8F08FD5F82831002E03F197
:10A48000010303AA4FF0100BC5F8283151460CBF49
:10A490003B464B460192CDF800B05A462846FFF79E
:10A4A0005AFE0028E5D12EB15B4632464946384671
:10A4B00000F0DEF8103CD6E7D5F828310133C5F8B6
:10A4C0002831102203AB019300920DEB020305F536
:10A4D00094712846FFF73FFE0028CAD136B12346C3
:10A4E000324604A9384600F0C3F8C1E7224604A961
:10A4F000384600F078F9BBE72DE9F3410546884678
:10A5000016461F460246302301A90020FFF765FECC
:10A51000044658B9019B43450CD33EB1302F0CD8AB
:10A520003B4632462946284600F0A2F8204602B0B3
:10A53000BDE8F0816FF09304F8E76FF08504F5E76C
:10A5400010B58CB030236A460446FFF780FF18B977
:10A5500069462046F8F776FC0CB010BD10B50446ED
:10A560008CB000F5A070FFF755FA00213022684644
:10A5700000F047F969462046F8F764FC78B90346CD
:10A5800002464FF4C0716846FFF7B6FF38B9694616
:10A590002046FFF7D5FF10B90123C4F838310CB0BD
:10A5A00010BDF0B500F5A0768DB0044630460F46DC
:10A5B0001546FFF732FA18B16FF083000DB0F0BD09
:10A5C000D4F83831A3B3B5F5803F34D8D4F83C2162
:10A5D0001AB942F21072934211D900231A464FF46D
:10A5E00080716846FFF788FF0028E7D1694620465A
:10A5F000FFF7A6FF0028E1D10123C4F838312B462C
:10A600003A4600212046FFF722FF0028D6D1014616
:10A610002046FFF795FF0028D0D1D4F83831013318
:10A62000C4F838313046FFF7FEF90028C6D0C3E73A
:10A630006FF08800C2E76FF08600BFE710B50446F0
:10A64000FFF795FD04F5A070FFF7E6F94FF4AC7243
:10A650000021204600F0D5F8002010BD034601443B
:10A66000002013F8012B8B4240EA0200F9D1704719
:10A6700030B50B4411F8014B12F8015B994284EAA2
:10A68000050400F8014BF5D130BDF8B50546144678
:10A690002F8807F4E04CBCF5804F1846DDE90636FC
:10A6A00006D19A421ED800F09EF834600020F8BD12
:10A6B00047F21212974202D06FF08500F7E764006C
:10A6C00001349C420ED86B8834600422B3F5807F3D
:10A6D0000270F1D10130F8F767FD0028E6D06FF085
:10A6E0008600E4E76FF08900E1E72DE9F0411F46BD
:10A6F0000388DDF820800E4644F212118B42154685
:10A7000042882ED047F212118B423BD102B9EA00A7
:10A71000B2F5807F36D1202D03D06FF08600BDE8E2
:10A72000F08129463046FFF799FF0028F5D03046E2
:10A73000F8F726FD0028F0D1D8F8004034F48074F2
:10A74000EBD1069B9D4220D82A463146384600F080
:10A750004AF8079B1D604FF48073C8F8003020460C
:10A76000DDE71AB9EB07D8D56A08D200B2F5807FC9
:10A7700008D1412DD1D13378042BCED1701CF8F7FC
:10A7800009FDD7E76FF08500C9E76FF08900C6E7DC
:10A79000F8B50C46478801881E4647F21213FD1D86
:10A7A00099424FEAD50502D06FF08500F8BD954279
:10A7B00016D829462046F7F70DFF0028F6D129467E
:10A7C0002046FFF74BFF0028F3D0B7F5807FEBD191
:10A7D0002046F8F7D5FC0028EBD120233360E5E7CD
:10A7E0006FF08900E2E70A44914200F1FF3300D1A3
:10A7F000704710B511F8014B03F8014F9142F9D1A0
:10A8000010BD02440346934200D1704703F8011B78
:10A81000F9E7044608B5F9F721FB2046E8F79CFF65
:10A8200010B501390244904201D1002005E00378BF
:10A8300011F8014FA34201D0181B10BD0130F2E7FF
:10A8400010B50139034632B111F8014F03F8014B3D
:10A85000013A002CF7D11A440021934200D110BDD7
:10A8600003F8011BF9E710B5024601448A4213467A
:10A8700003D01C780132002CF8D1181A10BDF0B5A5
:10A88000C3F137070446FFB203F01F031046082B3D
:10A89000E6B233D0102B3ED06508A40844EA817498
:10A8A00045EAC1752D194FEA910242EB510229097F
:10A8B00041EA02716D1842EB1212290A41EA026163
:10A8C0006D1842EB1222290C41EA02416D1842EB4D
:10A8D0001242AD1842F10002EC0844EA4274D10879
:10A8E00004EB8402A6EB4205EDB2092D0CD901342C
:10A8F000A5F10A0541F10001EDB212E0E40844EAD5
:10A90000417406F00705C908303554EA010200F821
:10A91000015BBCD1F0BD240944EA017406F00F05C7
:10A920000909092D84BFED19EDB2EDE7D1E9043233
:0CA9300093421EBF5A1C0A611870704749
:08A93C009436FE7F01000000CB
:10A944007939010000000000000000002CAA020078
:10A954003F91020000000000F10502000000000029
:10A9640015060200000000000000000064AA0200B6
:10A974000000000048AA0200D9CD01000000000038
:10A98400D5E90100000000008187020000000000FA
:10A994000000000080AA0200000000009CAA02003F
:10A9A40029DD0100000000008518010000000000FE
:10A9B400913701000000000000000000B8AA020066
:10A9C400C1EA010000000000A1090200000000002B
:10A9D40000000000D4AA0200000000000CAB02003A
:10A9E40000000000F0AA0200293E0100000000005F
:10A9F400FD8602000000000007870200000000003E
:10AA04000000000028AB0200094101000000000022
:10AA1400B92A0100000000005924010000000000D0
:08AA240083590200000000004C
:10AA2C0016F6020014BB02003CAD02001E270020EB
:10AA3C00585E002089CB010000000000CDF602001A
:10AA4C0034BB0200F0AC020024270020085F002079
:10AA5C00DDD4010000000000DBF6020048BB020060
:10AA6C00F0AC020026270020145F0020DDD401008A
:10AA7C00000000003FF6020000000000D0AC020015
:10AA8C0020270020AC5E0020FDCF0100000000005C
:10AA9C005FF80200000000002CAD02002C27002003
:10AAAC00582600205DDF010000000000D1F90200F3
:10AABC0000000000A8BB02002E270020985F002099
:10AACC00C5E1010000000000FAF5020000000000E2
:10AADC00C4AC02001C2700200000000031C501009E
:10AAEC0000000000A9F6020000000000D8AC020033
:10AAFC00222700200000000019D1010000000000F6
:10AB0C00B8F702002826002014AD020028270020E8
:10AB1C00205F0020B18102000000000044F8020018
:10AB2C0078BB020058AD02002A270020745F002079
:08AB3C00E9D90100000000004E
:10AB44009B870200B987020000000000C15B02007D
:10AB540000000000C15B0200205F002099FE01009C
:10AB640000000000C15B020000000000C15B0200A5
:10AB74008C2400202181020091F90100B987020090
:10AB840000000000C15B020000000000C15B020085
:10AB940000000000C15B020000000000C15B020075
:10ABA40000000000C15B0200AC5E002069D001001F
:10ABB40000000000C15B020000000000C15B020055
:10ABC400582600206790020000000000B9DD010053
:10ABD40000000000C15B020000000000C15B020035
:10ABE40000000000C15B020000000000C15B020025
:10ABF40000000000C15B020000000000C15B020015
:10AC040000000000C15B02000000000045EA0100F2
:10AC140000000000C15B020000000000C15B0200F4
:10AC240000000000C15B020000000000C15B0200E4
:10AC340000000000C15B020000000000C15B0200D4
:10AC440000000000C15B020000000000C15B0200C4
:10AC540000000000C15B020000000000C15B0200B4
:10AC640000000000C15B020000000000C15B0200A4
:10AC740000000000C15B020000000000C15B020094
:10AC840000000000C15B020000000000C15B020084
:10AC940000000000C15B020000000000C15B020074
:10ACA40000000000C15B020000000000C15B020064
:10ACB40000000000C15B020000000000C15B020054
:0CACC40055C9010005C70100580200003E
:08ACD000A9CF0100F9CE01003B
:10ACD800458002006DD20100A9D10100EDD001002C
:08ACE800C97F0200DDD001006C
:10ACF0000DD3010075800200838002009B8002005A
:10AD0000A7800200B380020019D50100CD800200A7
:04AD1000000000003F
:10AD1400DDD70100000000003DD601000000000066
:08AD240000000000078202009C
:10AD2C00A185020073850200EDDE01007985020029
:10AD3C00E1CB01006F7E0200D37E02000000000018
:0CAD4C000B7E0200000000000000000070
:10AD5800D98402003D850200F78402000F850200B5
:10AD6800000000002985020000000000000000002B
:10AD780000000000000000000000000000000000CB
:10AD880000000000000000000000000000000000BB
:10AD980005000000157701000600000011B1010050
:08ADA80004000000218A0100F3
:10ADB00079FF000061FE00000000000000000000BC
:10ADC000000000000000000021FB00000000000067
:10ADD0000000000000000000000000000000000073
:10ADE0000000000035A0010000000000000000008D
:10ADF000C8B902000800000098B502000700000072
:10AE0000C4B6020005000000E4B40200090000001E
:10AE100024B602000800000040B302000C0000004D
:10AE200007F602000300000076D0020003000000D5
:10AE3000F5E1020003000000BAE202000300000096
:10AE400016EB020003000000A4D60200030000007D
:10AE5000CCE6020003000000D6F30200030000006D
:10AE6000ABD60200030000001ED002000300000069
:10AE700000E402000300000007EF020003000000EE
:10AE800020E002000300000061E202000300000075
:10AE9000CEF30200030000005EE8020003000000A1
:10AEA0006CD5020003000000EEF902000300000070
:10AEB000DCF90200030000008FD60200030000004E
:10AEC0005EF202000300000093CD020003000000C8
:10AED00031F60200030000008BF8020003000000BE
:10AEE000B2D5020003000000C3F602000300000018
:10AEF00076FA020003000000F0CE0200030000001A
:10AF00005DD0020003000000E9F60200030000002B
:10AF1000C5F70200030000009CCB02000300000004
:10AF2000FFCE02000300000003CF02000300000078
:10AF30004DC30200030000007DC4020003000000B6
:10AF40001AFA020003000000EDD402000300000022
:10AF500051D502000300000059D502000300000093
:10AF600040FA02000300000048FB0200030000005A
:10AF7000E8CC0200030000004FF8020003000000CC
:10AF8000D8C502000300000092D6020003000000B2
:10AF900068D5020003000000A4CD020003000000F9
:10AFA00072CC02000300000071F8020003000000F0
:10AFB00094B40200E85B0020F2CF02000100000020
:10AFC0008CD602000000000000000000B53A01002D
:10AFD000753D0100000000001EEE020001000000AF
:10AFE00000000000CD710200000000000000000021
:10AFF000FBEE02000100000000000000F9990100D2
:10B000000000000000000000F3EE0200010000005C
:10B0100000000000CD900100B99E0100000000007A
:10B02000C6F30200010000000000000055BF01004F
:10B030006DBE01000000000001EF020001000000F1
:10B0400000000000F59501001995010000000000C6
:10B05000000000000300000030000000600000005D
:10B0600000000000000000001027000000000000A9
:10B07000020000000BDF020010DF020014DF0200FC
:10B0800018DF02001CDF020020DF0200B8C8020047
:10B0900024DF020028DF02002CDF020030DF020084
:10B0A00034DF020038DF02003CDF020040DF020034
:10B0B00044DF020048DF02004CDF02000100010013
:10B0C000000101000001000100000100010000007A
:10B0D00001000B0002000A00050009000A00080038
:10B0E000140007001E000600320005004B0004009B
:10B0F0006400030096000200FA000100F401000061
:10B10000F401FA00960064004B0032001E001400A7
:10B110000A000500020001000C0802170D010102DF
:10B1200009090101060209181803010109098383AD
:10B1300085030201230202240910040405050B0BF8
:10B14000040B2B1B1B159A9A1C021D161305014993
:10B150000D150508061B1B0F01010000FEFEFEFE7B
:10B16000FEFEFEFEFEFEFEFEFEFEFEFEFEFEFEFEFF
:10B17000FE16FEFEFEFEFEFEFEFEFEFEFEFE1F1F95
:10B18000FE26FEFEFEFEFEFEFEFEFEFEFEFEFEFEB7
:10B19000FEFEFEFE3E3EFEFEFEFE3B3BA301B10375
:10B1A000BF05EF024906A309C505F50B25120000EE
:10B1B000010000001011004000000000000000002D
:10B1C00000000000000000000406080A0C0E101227
:10B1D0001416181C1E20222426282A2C2E30323425
:10B1E00036383A3C3E40424446484A4C4E021A5099
:10B1F000000000002800000018000000000000000F
:10B20000141E000030110000000000007017000044
:10B21000A00F00000000DC05E803000000000000B3
:10B22000141E00003011000000002CA6E0A1000058
:10B230003408E803D8ECF0F4F8FC00020304050637
:10B2400007080000000000000000000000000000EF
:10B2500000000000000001010101020202020303DC
:10B260000303040404040505050506060608090091
:10B2700000000000000000000000000000000000CE
:10B2800000000001010101020202020303030304A2
:10B290000404040505050506060708090A0B0C0D3C
:10B2A00000100200FA00000001030062746C6500E7
:10B2B000000000000000000000000000000000008E
:10B2C000000000000000000000000000000000007E
:10B2D000000000000000000000000000000100006D
:10B2E0000338FDD8704700003DE900000000000071
:10B2F000CDE90000CDE80000E8C1020061C2020013
:10B30000DFC10200000000004FC4020060C4020060
:10B310006EC40200D4AA0200010102032840010108
:10B320000000C2010C00000000000000000000004E
:10B3300000000000000000004DFC000091FC000037
:10B340003CBD02009973020000000000C8FB02002F
:10B350000000010038BD0200357502000000000049
:10B36000DC23002000000100B7FB02008DFA000082
:10B3700000000000000000000000040034BD0200D6
:10B380006B73020095970100C423002000000C009D
:10B3900030BD02003575020000000000BC23002013
:10B3A00000000100A6FB02000000000000000000F9
:10B3B00000000000000000002CBD02006B730200C2
:10B3C00095970100A423002000000C0028BD020076
:10B3D00035750200000000009C23002000000100E1
:10B3E00095FB0200000000000000000000000000CB
:10B3F0000000000024BD02006B730200959701005D
:10B400008423002000000C0020BD020035750200DE
:10B41000000000007C2300200000010084FB0200EB
:10B4200000000000E1FC0000000000000000080037
:10B4300009080000D7C802000101000012270020FF
:10B44000030400000E270020B8350020000400008F
:10B4500053560200F5550200020000000358020096
:10B4600000000000000000000000000000000000DC
:10B47000D2CF0200DACF020000000000000000007E
:10B4800000000000E2CF0200E6CF0200EACF020097
:10B49000EECF02007522010069220100992201000D
:10B4A00051220100000000005D22010000000000A8
:10B4B000F5220100F05B00204A650020100000002A
:10B4C00002000000000000000000000000C00700B3
:10B4D000F0AA02000100000000C0070000400000C8
:10B4E000F0AA020074BD020099730200000000007F
:10B4F00070BD0200000001006CBD02003575020045
:10B50000000000000C2400200000010064BD0200C7
:10B51000E75802000000000002D002000000010015
:10B5200060BD020035750200000000000424002008
:10B530000000010058BD0200E758020000000000B2
:10B5400011D002000000010054BD02003575020058
:10B5500000000000FC230020000001004CBD0200A0
:10B56000112401000000000013270020000001004A
:10B5700048BD02003575020000000000F4230020E1
:10B580000000010040BD0200E7580200000000007A
:10B59000B6C8020000000100A0BD020099730200BD
:10B5A000000000009CBD02000000010098BD0200E8
:10B5B0003575020000000000242400200000010076
:10B5C00090BD02004F590200000000000000000082
:10B5D000000001008CBD0200357502000000000073
:10B5E0001C2400200000010084BD02001B59020041
:10B5F00000000000000000000000010080BD02000B
:10B600003575020000000000142400200000010035
:10B6100078BD02002D2401000000000000000000A1
:10B6200000000100D0BD020099730200000000007C
:10B63000CCBD020000000100C8BD0200357502004B
:10B64000000000005424002000000100C0BD0200E2
:10B6500000000000000000000000000000000000EA
:10B66000BCBD02006B730200959701003C240020D2
:10B6700000000300B8BD02003575020000000000A4
:10B680003424002000000100B0BD02006924010044
:10B69000000000000000000000000100ACBD02003E
:10B6A00035750200000000002C240020000001007D
:10B6B000A4BD020000000000F12401000000000011
:10B6C00000000200ECBD02009973020000000000BF
:10B6D000E8BD020000000100E4BD02003575020073
:10B6E000000000007424002000000100DCBD020006
:10B6F000852501000000000000000000000001009E
:10B70000D8BD02006B730200959701005C240020F5
:10B7100000000300D4BD02005776020000000000C4
:10B72000F0BD0200000001007D29010000000000C2
:10B7300000000000000000001D5A02000000000090
:10B74000015A0200C02000200000000000000B068B
:10B750000200000058B70200000000003DD50200C2
:10B76000240002020000002045D5020020000B1139
:10B770007C2400201D380100000000004B5C02000A
:10B7800074B7020090B70200000100000000000042
:10B7900020A1002074B70200A4B702002E00000010
:10B7A0000000000070AE002074B70200B8B70200BD
:10B7B000020100000000000044AF002050DF020042
:10B7C0006EDF020089DF020099DF0200A6DF0200BF
:10B7D000AFDF0200B6DF0200BDDF0200C4DF0200FF
:10B7E000CCDF0200A6DF0200D4DF0200E6DF0200A9
:10B7F000FBDF02000EE002000E03000069540100AE
:10B800000F040000355401001A0100009D3F0100A3
:10B8100005040000B53F01001301000015420100BE
:10B820003E0100008D4401000112000093600200FF
:10B830000A1E0000C1600200FF0100000146010075
:10B840003E010000E1450100050400000140010047
:10B8500008040000814A010030030000F54901009E
:10B8600010010000A9400100011200003D5101003B
:10B870000A1E00007F610200030900009D470100CD
:10B88000040B0000C1410100060A000071530100D1
:10B89000070A0000794001000C0500004540010046
:10B8A000050C0000AD52010074B70200B8B80200E8
:10B8B000470000000000000060B00020C7C7020081
:10B8C00058E6020078E602006CE6020083E6020019
:10B8D0009AE60200AAE602001BEA0200BEE60200A7
:10B8E00074B70200F0B80200000000000000000081
:10B8F00080B1002074B7020004B90200000100000A
:10B9000000000000A8B100205D670200AF670200E0
:10B910000000000000000000000000001D7A01008F
:10B920000000000000000000000000000000000017
:10B9300002020100096D02000404010005860100F5
:10B94000060601004585010008040100318401005C
:10B950000A020100F16C02000C040100D96C020023
:10B960000E0401000D830100200401007982010012
:10B970001004010089810100120201007B6C0200A9
:10B9800016040100718601001801010035800100D4
:10B990001E0004009970020052020000516C020067
:10B9A00074B70200B0B902000201000000000000FC
:10B9B00020B5002074B70200C4B90200F7000000EF
:10B9C0000000000020B9002024BE0200997302008C
:10B9D0000000000020BE0200000001001CBE0200AA
:10B9E0003575020000000000E42500200000010081
:10B9F00014BE020000000000000000000000000073
:10BA00000000000010BE02006B7302009597010059
:10BA1000EC250020000003000CBE0200357502007A
:10BA200000000000DC2500200000010004BE020030
:10BA3000D173020011990100000000000000030012
:10BA400000BE02003575020000000000D425002071
:10BA500000000100F8BD0200CD9D010000000000C3
:10BA600000000000000001008DB001002D7C0200EC
:10BA7000FDBA01000000000000000000D1B7010085
:10BA800000000000000000000000000000000000B6
:10BA9000000000000000000039B2010006000000B4
:10BAA000F379020006000000F5AD0100100000006F
:10BAB00069AA0100100000009DBA01000100000009
:10BAC0002178020010000000EF7902000A00000057
:10BAD0003DB1010010000000B5B8010007000000F2
:10BAE000F779020010000000EF780200010000006A
:10BAF000C9AF01004000000093790200100000006F
:10BB00000F7902000100000045CB010015CB0100B8
:10BB10000000000091CC010011CC010025F60200CC
:10BB2000FD7E0200F97E02002BF6020004000000F8
:10BB300000FF0000FF030000000300508C240020E1
:10BB40000000000001000000FFFFFFFF00000050A8
:10BB50008C240020000000000000000000300040A5
:10BB600068BB02000100000070BB02000200000080
:10BB70001400000C0E00000B00000080FFFFFF7F90
:10BB80000000008000000080FFFFFF7F00000080B9
:10BB900088130000000000006DFD020000FF080097
:10BBA00064AA02000C000000B1E00100E58502007B
:10BBB000138602000800000003000000FEFA0200E5
:10BBC0000CFB020020FB02002FFB02003BFB0200EB
:10BBD00044A9020044A90200A4A90200ACA90200E1
:10BBE00014AA02002CAA02004BFB02000001000074
:10BBF0000000000003A80200512563FCC2CAB9F38B
:10BC0000849E17A7ADFAE6BCFFFFFFFFFFFFFFFF13
:10BC100000000000FFFFFFFFAAAAAAAAAAAAAAAAD8
:10BC2000AAAAAAAA55555555555555555555555570
:10BC30000000000055555555522563FCC2CAB9F3A2
:10BC4000849E17A7ADFAE6BCFFFFFFFFFFFFFFFFD3
:10BC500000000000FFFFFFFF512563FCC2CAB9F3DB
:10BC6000849E17A7ADFAE6BCFFFFFFFFFFFFFFFFB3
:10BC700000000000FFFFFFFF96C298D84539A1F4ED
:10BC8000A033EB2D817D0377F240A463E5E6BCF899
:10BC900047422CE1F2D1176BF551BF376840B6CB64
:10BCA000CE5E316B5733CE2B169E0F7C4AEBE78E60
:10BCB0009B7F1AFEE242E34F4B60D2273E3CCE3BD5
:10BCC000F6B053CCB0061D65BC86987655BDEBB377
:10BCD000E7933AAAD835C65AFCFFFFFFFFFFFFFFE4
:10BCE000FFFFFFFF00000000000000000000000058
:10BCF00001000000FFFFFFFF647261676F6F6E2F2E
:10BD00006C6962732F73636865642F7372632F733A
:10BD1000636865645F68616C5F7274632E630000C2
:10BD20000000032800000229000003280000022967
:10BD3000000003280000022900000328000000285A
:10BD40000000262A0000262A000003280000502AAE
:10BD50000000502A000003280000292A0000292A98
:10BD6000000003280000242A0000242A00000328E1
:10BD700000000A18000000280000042A0000042A1D
:10BD8000000003280000012A0000012A0000032807
:10BD90000000002A0000002A00000328000000180C
:10BDA000000000280000392A0000392A000003287A
:10BDB0000000382A0000382A000003280000022969
:10BDC0000000372A0000372A0000032800000D1861
:10BDD0000000002800000429000002290000192AA0
:10BDE0000000192A0000032800000F180000002896
:10BDF0000400AD270100060100002A2B00002A2BB9
:10BE0000000003280000292B0000292B0000032834
:10BE1000000002290000052A0000052A000003286E
:10BE2000000001180000002864757479207365749F
:10BE30003A20257520732077696E646F77206576C8
:10BE40006572792025752073202825752525290000
:10BE500020706F7765722D6F6E002070696E002004
:10BE6000646562756700206C702D77616B650042B8
:10BE70004F54482048454C44204C4F57202D2D20EE
:10BE800073686F72746564207261696C206F7220D0
:10BE9000474E442062726964676500626F7468206F
:10BEA00072656C65617365642C20627573206C6FBC
:10BEB0006F6B73206865616C7468790053434C2024
:10BEC00048454C44204C4F57202D2D206272696408
:10BED0006765206F6E2055352E313120286E6F201A
:10BEE000736C6176652063616E20646F207468698D
:10BEF0007329005344412048454C44204C4F57205F
:10BF00002D2D20737475636B20736C617665206FC3
:10BF10007220627269646765206F6E2055352E311C
:10BF200030002028617070207265717565737465CA
:10BF30006429005B424C455D0066696E676572204E
:10BF40006F6E2C20616371756972696E67006E6F28
:10BF50002066696E6765720020286E6F2066696EC4
:10BF6000676572290072696E67206669726D776114
:10BF70007265207374617274696E670072657365AF
:10BF8000742063617573653A205741544348444FA8
:10BF900047202830782530387829202D2D207468C6
:10BFA00065206D61696E206C6F6F702073746F70A7
:10BFB0007065642066656564696E672069740072E7
:10BFC000657365742063617573653A20534F4654F9
:10BFD00057415245202830782530387829202D2D9A
:10BFE00020666174616C206572726F722068616E88
:10BFF000646C6572206F72207379735F7265626F13
:10C000006F740072657365742063617573653A209F
:10C0100030782530387825732573257325730069AA
:10C02000326330206F7220626F6F737420726567A5
:10C03000756C61746F72206E6F74207265616479C3
:10C040000042555320202069646C65206C6576653C
:10C050006C733A205344412850302E3230293D250C
:10C06000642053434C2850302E3134293D25642020
:10C07000202D3E20257300425553202020726563F9
:10C080006F7665722025643A2072633D2564202D09
:10C090003E205344413D25642053434C3D256400DC
:10C0A00042555320202072656C6561736564206180
:10C0B00066746572202564207265636F7665727997
:10C0C0002070617373286573290042555320202026
:10C0D000534441207374696C6C206C6F77206166E7
:10C0E000746572207265636F76657279202D2D20DC
:10C0F0006E6F742061206C61746368656420736C7A
:10C100006176653B2073757370656374206120628E
:10C1100072696467652066726F6D2055352E313007
:10C120002F53444120746F20474E44004D41584DD9
:10C130003836313631206E6F7420726573706F6ED1
:10C1400064696E6720617420626F6F74202D2D20EA
:10C1500077696C6C207265747279207768656E20DF
:10C1600061206D6561737572656D656E74207769A8
:10C170006E646F77206F70656E73007374617465A1
:10C18000202D3E20257300504D494320756E726569
:10C1900061636861626C6520666F7220257520732B
:10C1A000202D2D206C656176696E67206368617251
:10C1B00067696E672073746174652C2063686172AF
:10C1C0006765722063616E206E6F206C6F6E6765AD
:10C1D0007220626520636F6E6669726D65640063CC
:10C1E00068617267696E670069646C65006261749A
:10C1F00074657279202564206D5600494D55207272
:10C2000065636F76657265642C2077616B6520725B
:10C21000652D61726D6564006D6F74696F6E207756
:10C22000616B6500626F6F737420656E61626C652F
:10C23000206661696C656420282564290050504798
:10C24000207374617274206661696C6564202825AE
:10C250006429007374617465202D3E202573257355
:10C26000006D6561737572696E6700756E657870D3
:10C270006563746564204649464F207461672030C9
:10C280007825303278202864617461202575290072
:10C290006265617420202025752E25752062706DE1
:10C2A00000646320256420206163202564202050E1
:10C2B000492025642E2564252520204852202575F7
:10C2C0002E25752062706D2025730064632025641F
:10C2D00020206163202564202050492025642E25DC
:10C2E000642525202028257329004649464F2072C1
:10C2F000656164206661696C656420282564290095
:10C3000050504720756E726573706F6E73697665F5
:10C3100020616674657220256420726561647320F3
:10C320002D2D206D61726B696E6720616273656E81
:10C33000742C2077696C6C2072652D70726F626549
:10C34000206E6578742077696E646F77006D61691F
:10C350006E0030782530327820207074725F7772EA
:10C360006974653D2564202073706C69743D256493
:10C3700028307825303278292020726573746172F4
:10C38000743D2564283078253032782900307825AE
:10C3900030327820616E73776572656420627574DF
:10C3A00020504152545F4944206973203078253031
:10C3B00032782C2065787065637465642030782548
:10C3C000303278004D41584D383631363120666F65
:10C3D000756E6420617420307825303278202850C2
:10C3E0004152545F4944203078253032782C205215
:10C3F0004556203078253032782900777269746587
:10C4000020307825303278203D2030782530327841
:10C41000206661696C6564202825642900505047B6
:10C420002072756E6E696E673A2025732C2050411C
:10C430002030782530327820287E25752E25303220
:10C4400075206D41292C2031303020737073004CE1
:10C4500045443120677265656E203533306E6D005E
:10C460004C454432204952203838306E6D004C45DE
:10C47000443320726564203636306E6D006D61780D
:10C480006D383631363100504D494320204251320B
:10C490003531323041204030782530327820756E89
:10C4A000726561636861626C652028256429202DAE
:10C4B0002D206E6F7420636F6E6669677572656498
:10C4C0003B206368617267696E672077696C6C20D6
:10C4D0006E6F7420776F726B00504D49432020635C
:10C4E00068617267652063757272656E7420256479
:10C4F000206D41202D3E203230206D4100504D49AD
:10C500004320205453206D6F6E69746F72206469EC
:10C510007361626C6564202D2D20636861726769A8
:10C520006E672077697468206E6F2062617474652D
:10C5300072792074656D7065726174757265206CB6
:10C54000696D69740009636F6E76657273696F6EE9
:10C5500020726573756C74206973206F7574206F19
:10C56000662072616E67650A006368617267657252
:10C570002061747461636865642C2063686172670C
:10C58000696E6720656E61626C6564006F6E206223
:10C590006174746572792C2043442068696768204F
:10C5A000666F722049324300504D49432020756E1A
:10C5B000726561636861626C65202825642900509A
:10C5C0004D494320202573202873746174757320AE
:10C5D000307825303278290073656C667465737421
:10C5E000007075626C69630072616E646F6D0070DB
:10C5F00075626C69632D69640072616E646F6D2D84
:10C60000696400253032583A253032583A253032A4
:10C61000583A253032583A253032583A2530325877
:10C6200020282573290073656375726974792077F2
:10C63000697468202573206661696C656420617483
:10C64000206C6576656C2025752028657272202522
:10C6500064290073656375726974792077697468F9
:10C66000202573206973206C6576656C2025750024
:10C6700070616972696E672077697468202573201C
:10C680006661696C65642028726561736F6E202530
:10C69000642900796573006E6F007061697265646A
:10C6A00020776974682025732C20626F6E6465643E
:10C6B0002025730070616972696E672077697468FC
:10C6C0002025732063616E63656C6C656400706126
:10C6D0006972696E6720726571756573746564202F
:10C6E00062792025732C20616363657074696E67BD
:10C6F00020284A75737420576F726B7329006F6618
:10C700006600636F6E74726F6C3A205050472073EE
:10C71000747265616D696E6720257300636F6E7456
:10C72000726F6C3A20494D552073747265616D6962
:10C730006E6720257300636F6E74726F6C3A206DA4
:10C74000656173757265206E6F7700636F6E7472CA
:10C750006F6C3A2064757479202575207320657696
:10C76000657279202575207300636F6E74726F6C2B
:10C770003A20756E6B6E6F776E206F70636F6465B5
:10C780002030782530327800646973636F6E6E658F
:10C79000637465642028726561736F6E203078253C
:10C7A00030327829007265706C6163696E67206150
:10C7B00020636F6E6E656374696F6E207468617458
:10C7C000206E6576657220646973636F6E6E656353
:10C7D00074656400636F6E6E656374656420746F66
:10C7E00020257300636F6E6E656374696F6E2066DB
:10C7F00061696C65642028307825303278290061C1
:10C800007574682063616C6C6261636B7320726520
:10C810006A656374656420282564290061757468FD
:10C8200020696E666F2063616C6C6261636B73205C
:10C8300072656A65637465642028256429006274E2
:10C840005F656E61626C65206661696C6564202855
:10C850002564290073657474696E67735F6C6F611A
:10C8600064206661696C65642028256429202D2D6B
:10C8700020626F6E647320617265206C6F73740048
:10C880006164766572746973696E67206661696C4C
:10C89000656420746F207374617274202825642984
:10C8A000006669726D776172652072657669736979
:10C8B0006F6E20257300302E342E30006164766553
:10C8C00072746973696E672061732025732C20610F
:10C8D0006464722025730052696E672050504700CF
:10C8E00073657276696365733A2048656172742076
:10C8F000526174652C20426174746572792C2044F5
:10C90000657669636520496E666F726D6174696FE3
:10C910006E2C2052696E670052696E6720536572F3
:10C920007669636520726571756972657320616EE1
:10C9300020656E63727970746564206C696E6B201B
:10C94000284A75737420576F726B73207061697217
:10C95000696E6729004C534D364453563136425860
:10C96000004C534D36445356006E6F20616E737702
:10C970006572206174203078253032782028256453
:10C980002900756E65787065637465642057484F3B
:10C990005F414D5F49203078253032780025732083
:10C9A000617420307825303278007265616462618C
:10C9B000636B2042414E4B3D307825303278204920
:10C9C000465F4346473D3078253032782043545205
:10C9D0004C313D307825303278205441505F434609
:10C9E00047303D30782530327820494E4143545FFE
:10C9F0004455523D3078253032780072656164626A
:10CA000061636B2057414B455F5448533D30782557
:10CA10003032782057414B455F4455523D307825A0
:10CA2000303278204D44315F4346473D30782530E1
:10CA300032782046554E435F454E3D3078253032A2
:10CA400078006E6F7420696E20746865206D61696E
:10CA50006E2072656769737465722062616E6B2007
:10CA60002846554E435F4346475F41434345535332
:10CA70003D30782530327829202D2D20657665725D
:10CA8000792077726974652061626F7665207765B9
:10CA90006E7420746F207468652077726F6E6720E3
:10CAA0007061676500494E5431206973206F70656D
:10CAB0006E2D647261696E202849465F4346473D8A
:10CAC0003078253032782920616E64204143435FFD
:10CAD000494E5420686173206E6F2070756C6C2D08
:10CAE0007570202D2D2069742063616E206E65762F
:10CAF0006572206472697665206869676800494ECE
:10CB00005431206973206163746976652D6C6F7789
:10CB1000202849465F4346473D3078253032782902
:10CB20002062757420746865204750494F206973EE
:10CB30002061726D656420666F7220612072697376
:10CB4000696E6720656467650077616B6520636F58
:10CB50006E66696720646964206E6F7420737469FF
:10CB6000636B0077616B652D6F6E2D6D6F74696FF0
:10CB70006E2061726D65643A202575206D672028EE
:10CB8000574B5F5448533D257529202D3E20494E73
:10CB90005431202D3E2050302E256400696D7500E3
:10CBA0007761746368646F67206465766963652084
:10CBB0006E6F74207265616479202D2D2072756E00
:10CBC0006E696E6720756E70726F746563746564EC
:10CBD000007764745F696E7374616C6C5F74696D07
:10CBE000656F7574206661696C6564202825642909
:10CBF000202D2D2072756E6E696E6720756E7072B5
:10CC00006F746563746564007764745F73657475CD
:10CC100070206661696C65642028256429202D2DAB
:10CC20002072756E6E696E6720756E70726F7465B6
:10CC300063746564007761746368646F6720617210
:10CC40006D65643A202564206D732C2072657365D0
:10CC500074732074686520536F432C207061757362
:10CC6000657320756E6465722064656275676765BB
:10CC70007200776474006865617020636F7272750A
:10CC80007074696F6E20286E6F7420696E207573E2
:10CC9000653F2920617420257000686561702063FC
:10CCA0006F7272757074696F6E2028627566666542
:10CCB00072206F766572666C6F773F2920617420F1
:10CCC0002570006865617020636F72727570746999
:10CCD0006F6E2028646F75626C6520667265653FB3
:10CCE00029206174202570006F735F686561700092
:10CCF00028756E7369676E656429206368617220A8
:10CD00002A207573656420666F7220252570206166
:10CD10007267756D656E742E204974277320726575
:10CD2000636F6D6D656E64656420746F20636173FD
:10CD30007420697420746F20766F6964202A2062E1
:10CD4000656361757365206974206D617920636125
:10CD5000757365206D69736265686176696F7220AD
:10CD6000696E206365727461696E20636F6E6669B7
:10CD70006775726174696F6E732E20537472696E79
:10CD8000673A2225732220617267756D656E743A69
:10CD900025640063627072696E74665F7061636BB4
:10CDA000616765007379735F6765746F7074004EB7
:10CDB0005653206E6F7420696E697469616C697A6C
:10CDC000656400436F756C64206E6F74206F6274CD
:10CDD00061696E20666C61736820706172616D6557
:10CDE0007465727300556E737570706F72746564DC
:10CDF00020777269746520626C6F636B2073697A47
:10CE00006500536563746F722073697A65202575B8
:10CE100020746F6F206C617267652C206D6178697A
:10CE20006D756D20697320257A7500556E61626C91
:10CE30006520746F20676574207061676520696E76
:10CE4000666F00496E76616C696420736563746F08
:10CE5000722073697A6500436F6E666967757261E7
:10CE600074696F6E206572726F72202D2073656316
:10CE7000746F7220636F756E740025642053656350
:10CE8000746F7273206F66202564206279746573F5
:10CE900000616C6C6F63207772613A2025642C20EE
:10CEA00025780064617461207772613A2025642CD2
:10CEB00020257800474320446F6E65206D61726BBA
:10CEC000657220666F756E64004E6F204743204484
:10CED0006F6E65206D61726B657220666F756E6432
:10CEE0003A2072657374617274696E6720676300BB
:10CEF00066735F6E7673006C6F6767696E67006C50
:10CF00006F67006C6F675F6D676D74004D6573735D
:10CF1000616765202822257322292064726F707052
:10CF20006564206265636175736520697420657846
:10CF300063656564732073697A65206C696D6974D3
:10CF40006174696F6E2028257529004D65737361C2
:10CF500067652064726F70706564206265636175D7
:10CF600073652069742065786365656473207369EF
:10CF70007A65206C696D69746174696F6E2028250B
:10CF80007529000D0A001B5B306D00257320005BC6
:10CF90002530386C755D20005B253032753A2530C0
:10CFA00032753A253032752E253033752C253033C5
:10CFB000755D20003C25733E200025732F002573EE
:10CFC0003A2000253032782000202020007C0025E7
:10CFD00063001B5B313B33316D001B5B313B3333F3
:10CFE0006D006572720077726E00696E6600646231
:10CFF00067006C6F675F6261636B656E645F72741C
:10D00000740052696E6720414E4E412D42343032D9
:10D010000052696E672070726F6A65637400627493
:10D020005F6469730064697361626C65640048528F
:10D0300053206E6F74696669636174696F6E7320E3
:10D04000257300485253204354524C20506F696E50
:10D0500074205772697474656E2025640068727359
:10D0600000424153204E6F74696669636174696F51
:10D070006E7320257300626173007365742D766191
:10D080006C7565206661696C7572652E206B6579BB
:10D090003A202573206572726F7228256429002A50
:10D0A0002A2A20426F6F74696E67206E52462043B1
:10D0B0006F6E6E6563742053444B2076332E342E8E
:10D0C000302D393935353330353536303762202A11
:10D0D0002A2A0A002A2A2A205573696E67205A656F
:10D0E00070687972204F532076342E342E302D62A2
:10D0F0006638303165346533643139202A2A2A0A8A
:10D100000072302F61313A20203078253038782075
:10D110002072312F61323A20203078253038782043
:10D120002072322F61333A20203078253038780051
:10D1300072332F61343A20203078253038782072CD
:10D1400031322F69703A20203078253038782072BB
:10D1500031342F6C723A2020307825303878002016
:10D16000787073723A202030782530387800466124
:10D17000756C74696E6720696E7374727563746917
:10D180006F6E206164647265737320287231352F6D
:10D190007063293A2030782530387800556E686100
:10D1A0006E646C6564204952516E3A202564002AF1
:10D1B0002A2A2A2A205553414745204641554C5496
:10D1C000202A2A2A2A2A0020204469766973696F56
:10D1D0006E206279207A65726F002020556E616C36
:10D1E00069676E6564206D656D6F72792061636338
:10D1F0006573730020204E6F20636F70726F6365DC
:10D2000073736F7220696E737472756374696F6E75
:10D2100073002020496C6C6567616C206C6F6164E1
:10D22000206F66204558435F52455455524E206941
:10D230006E746F205043002020496C6C6567616CF0
:10D2400020757365206F66207468652045505352C1
:10D25000002020417474656D707420746F206578AF
:10D26000656375746520756E646566696E656420B6
:10D27000696E737472756374696F6E002A2A2A2A44
:10D280002A20425553204641554C54202A2A2A2A06
:10D290002A002020537461636B696E672065727287
:10D2A0006F72002020556E737461636B696E672026
:10D2B0006572726F72002020507265636973652019
:10D2C0006461746120627573206572726F720020F0
:10D2D000204246415220416464726573733A2030A3
:10D2E000782578002020496D707265636973652028
:10D2F0006461746120627573206572726F720020C0
:10D3000020496E737472756374696F6E20627573F1
:10D31000206572726F72002020466C6F6174696EB6
:10D32000672D706F696E74206C617A7920737461F7
:10D33000746520707265736572766174696F6E20B2
:10D340006572726F72002A2A2A2A2A204D505520AF
:10D350004641554C54202A2A2A2A2A002020537458
:10D3600061636B696E67206572726F722028636FEC
:10D370006E746578742061726561206D6967687488
:10D38000206265206E6F742076616C6964290020CC
:10D390002044617461204163636573732056696F33
:10D3A0006C6174696F6E0020204D4D4641522041E2
:10D3B0006464726573733A203078257800202049C0
:10D3C0006E737472756374696F6E20416363657305
:10D3D000732056696F6C6174696F6E005265736576
:10D3E0007276656420457863657074696F6E202875
:10D3F0000053707572696F757320696E746572720F
:10D4000075707420284952512000535053454C20C8
:10D41000696E20746872656164206D6F6465206454
:10D420006F6573206E6F7420696E646963617465E3
:10D4300020505350002A2A2A2A2A204841524420A8
:10D440004641554C54202A2A2A2A2A002020427577
:10D4500073206661756C74206F6E20766563746FDF
:10D4600072207461626C65207265616400202044E2
:10D4700065627567206576656E740020204661756B
:10D480006C7420657363616C6174696F6E202873BE
:10D4900065652062656C6F772900415243485F459E
:10D4A0005843455054207769746820726561736FE2
:10D4B0006E2025780A002A2A2A2A2A2044656275C5
:10D4C00067206D6F6E69746F722065786365707424
:10D4D000696F6E202A2A2A2A2A002A2A2A2A2A2022
:10D4E000257320256429202A2A2A2A2A006D70758E
:10D4F000004661696C656420746F20616C6C6F63B9
:10D50000617465206E6577204D505520726567699E
:10D510006F6E2025750A00506172746974696F6EB0
:10D520002025753A20636F686572656E63652063B8
:10D530006865636B206661696C65642E00464C41CA
:10D5400053485F30005352414D5F30006578697435
:10D55000006E65745F627566006E65745F62756605
:10D560005F73696D706C6500736F630062745F72E6
:10D57000706100496E73756666696369656E7420D3
:10D580006E756D626572206F6620617267756D657C
:10D590006E74730049676E6F72696E6720696465A7
:10D5A0006E7469746965732073746F726564206941
:10D5B0006E20666C61736800496E76616C696420E8
:10D5C0006C656E6774682049442061646472657399
:10D5D0007320696E2073746F726167650062742FC7
:10D5E00025732F2530327825303278253032782552
:10D5F000303278253032782530327825752F2573F2
:10D600000062742F25732F2530327825303278252B
:10D61000303278253032782530327825303278250E
:10D62000750073657474696E67735F73756273797F
:10D63000735F696E6974206661696C656420286532
:10D640007272202564290062742F25730046616977
:10D650006C656420746F20736176652049442028CE
:10D660006572722025642900556E61626C652074B4
:10D670006F20736574757020616E206964656E74C7
:10D680006974792061646472657373006274006206
:10D69000745F73657474696E6773004254204C57ED
:10D6A0002057510062745F6275660062745F646146
:10D6B0007461004461746120627566666572206FF2
:10D6C000766572666C6F7720286C696E6B20747952
:10D6D0007065203078253032782900556E61626C93
:10D6E0006520746F206C6F6F6B20757020636F6E98
:10D6F0006E20776974682068616E646C652025759A
:10D7000000556E61626C6520746F206C6F6F6B7575
:10D710007020636F6E6E20666F722068616E646C3D
:10D7200065202575004861726477617265206572B5
:10D73000726F722C20686172647761726520636F0A
:10D7400064653A20256400436F756C64206E6F74C5
:10D75000207375626D69742072785F776F726B3AAF
:10D7600020256400556E61626C6520746F20616CC9
:10D770006C6F636174652062756666657200556ED4
:10D7800068616E646C6564206576656E74203078BF
:10D7900025303278206C656E2025753A202573007F
:10D7A000657674206E756D5F68616E646C6573205C
:10D7B000283D25752920746F6F206C617267652084
:10D7C00028257A75203E20257529004E6F20636F2D
:10D7D0006E6E656374696F6E20666F722068616E2D
:10D7E000646C65202575007061636B6574732063DC
:10D7F0006F756E74206D69736D6174636800546F2A
:10D800006F20736D616C6C202825752062797465BA
:10D810007329206576656E74203078253032780063
:10D82000496E76616C696420484349206576656E6F
:10D83000742073697A65202825752900496E766100
:10D840006C6964204C45206D657461206576656E59
:10D85000742073697A65202825752900574553542B
:10D860005F544F504449522F7A65706879722F7314
:10D8700075627379732F626C7565746F6F74682F3E
:10D88000686F73742F6863695F636F72652E6300DE
:10D890006576745F666C6167732026202831554C6D
:10D8A000203C3C20283029290041535345525449FB
:10D8B0004F4E204641494C205B25735D204020257A
:10D8C000733A25640A00496E76616C69642062755A
:10D8D00066207479706520257500496E76616C69E3
:10D8E00064204843492041434C207061636B657458
:10D8F0002073697A6520282575290041434C2064EE
:10D90000617461206C656E677468206D69736D6108
:10D910007463682028257520213D20257529005530
:10D920006E61626C6520746F2066696E6420636F3F
:10D930006E6E20666F722068616E646C652025755E
:10D940000062745F6863695F6576745F6765745FC2
:10D95000666C616773286864722D3E657674292051
:10D9600026202831554C203C3C20283129290055BF
:10D970006E6B6E6F776E20627566207479706520AD
:10D98000257500556E68616E646C65642076656E01
:10D99000646F722D7370656369666963206576656F
:10D9A0006E7420307825303278206C656E202575B5
:10D9B0003A202573004E6F20636F6D6D616E642099
:10D9C00073656E7420666F7220636D6420636F6D83
:10D9D000706C65746520307825303478004F704362
:10D9E0006F64652030782530347820636F6D706CFB
:10D9F0006574656420696E7374656164206F662068
:10DA000065787065637465642030782530347800FB
:10DA1000696E74657276616C2065786365656473A0
:10DA2000207468652076616C69642072616E676538
:10DA3000202575207573006C6174656E63792065AF
:10DA4000786365656473207468652076616C6964C9
:10DA50002072616E676520307825303478007375E8
:10DA600070765F74696D656F757420657863656540
:10DA70006473207468652076616C69642072616EDD
:10DA8000676520307825303478004E6F2070656EE1
:10DA900064696E67207065726970686572616C2078
:10DAA000636F6E6E656374696F6E00556E65787036
:10DAB00065637465642073746174757320307825B0
:10DAC000303278202573004661696C656420746F7C
:10DAD0002073657420726571756972656420736561
:10DAE000637572697479206C6576656C004E6F2081
:10DAF0006368616E676520746F20656E637279700C
:10DB000074696F6E2073746174652028656E63722A
:10DB1000797074203078253032782900756E6B6EFC
:10DB20006F776E005B305D00484349207472616E10
:10DB300073706F72743A2025730053444300496434
:10DB4000656E7469747925733A202573004964659C
:10DB50006E746974795B25645D3A202573004843CF
:10DB6000493A2076657273696F6E202573202830DC
:10DB7000782530327829207265766973696F6E2056
:10DB80003078253034782C206D616E756661637451
:10DB90007572657220307825303478004C4D503ADB
:10DBA0002076657273696F6E202573202830782582
:10DBB000303278292073756276657220307825308E
:10DBC0003478004E6F204944206164647265737339
:10DBD0002E20417070206D7573742063616C6C2011
:10DBE00073657474696E67735F6C6F616428290074
:10DBF000556E61626C6520746F2073656E6420746D
:10DC00006F206472697665722028657272202564BF
:10DC10002900657272203D3D20300009436F6E740B
:10DC2000726F6C6C657220756E726573706F6E7357
:10DC30006976652C20636F6D6D616E64206F706313
:10DC40006F6465203078253034782074696D656F95
:10DC500075742077697468206572722025640A00E3
:10DC60006F70636F6465203078253034782073746A
:10DC70006174757320307825303278202573004622
:10DC800061696C656420746F207265616420444C26
:10DC900045206D61782064617461206C656E00744C
:10DCA000785F6F637465747320657863656564730A
:10DCB000207468652076616C69642072616E6765A6
:10DCC0002025750074785F74696D652065786365DB
:10DCD000656473207468652076616C696420726184
:10DCE0006E6765202575004E6F2070656E64696EE5
:10DCF0006720636F6E6E20666F722070656572209C
:10DD00002573004E6F6E2D4C452063617061626C0F
:10DD10006520636F6E74726F6C6C657220646574DD
:10DD2000656374656421004E756D206F6620436FD6
:10DD30006E74726F6C6C657227732041434C207057
:10DD400061636B65747320213D2041434C206274F4
:10DD50005F636F6E6E5F747820636F6E7465787446
:10DD6000732028257520213D202575290041434C2D
:10DD70002042522F454452206275666665727320B8
:10DD80006E6F7420696E697469616C697A6564008C
:10DD900056656E646F722048434920657874656EDD
:10DDA00073696F6E73206E6F7420617661696C6148
:10DDB000626C6500485720506C6174666F726D3AF2
:10DDC00020257320283078253034782900485720C2
:10DDD00056617269616E743A202573202830782567
:10DDE00030347829004669726D776172653A202572
:10DDF000732028307825303278292056657273696F
:10DE00006F6E2025752E2575204275696C6420255E
:10DE100075004661696C656420746F207265616489
:10DE200020737570706F727465642076656E646FB0
:10DE30007220636F6D6D616E6473004661696C651D
:10DE40006420746F207265616420737570706F72E6
:10DE50007465642076656E646F72206665617475A2
:10DE6000726573004843492064726976657220695F
:10DE700073206E6F74207265616479004254205281
:10DE800058205751004843492064726976657220D2
:10DE90006F70656E206661696C6564202825642951
:10DEA000004F7574206F6620636F6D6D616E642026
:10DEB0006275666665727300556E65787065637429
:10DEC000656420484F53545F4E554D5F434F4D504E
:10DED0004C455445445F5041434B4554532C2073AB
:10DEE0007461747573203078253032782025730082
:10DEF000556E636C65617265642070656E64696EF1
:10DF0000672073656E745F636D6400312E3062004C
:10DF1000312E3100312E3200322E3000322E3100BF
:10DF2000332E3000342E3100342E3200352E3000A6
:10DF3000352E3100352E3200352E3300352E34008B
:10DF4000362E3000362E3100362E3200362E33007B
:10DF50005374616E6461726420426C7565746F6F96
:10DF6000746820636F6E74726F6C6C6572005665B6
:10DF70006E646F7220737065636966696320636F96
:10DF80006E74726F6C6C6572004669726D77617247
:10DF900065206C6F616465720052657363756520FE
:10DFA000696D616765007265736572766564006EA0
:10DFB0005246353178006E5246353278006E524600
:10DFC000353378006E524635344878006E52463507
:10DFD000344C7800496E74656C20436F72706F72B8
:10DFE0006174696F6E004E6F726469632053656D72
:10DFF00069636F6E647563746F72004E585020537E
:10E00000656D69636F6E647563746F7273004573D9
:10E01000707265737369662053797374656D7300EC
:10E0200062745F6863695F636F726500636D64202B
:10E03000646973616C6C6F776564004661696C65D7
:10E040006420746F2064697361626C65206164642C
:10E0500072657373207265736F6C7574696F6E008F
:10E060005265736F6C76696E67206C697374207388
:10E07000697A652065786365656465642E205377E9
:10E0800069746368696E6720746F20686F73742E9B
:10E09000004661696C656420746F20636C65617211
:10E0A000207265736F6C7574696F6E206C69737420
:10E0B000004661696C656420746F20616464204966
:10E0C000524B20746F20636F6E74726F6C6C65724C
:10E0D000005365742070726976616379206D6F6496
:10E0E0006520636F6D6D616E64206973206E6F745F
:10E0F00020737570706F72746564004661696C6539
:10E100006420746F2073657420707269766163791E
:10E11000206D6F64650044697361626C696E67208D
:10E1200061646472657373207265736F6C75746972
:10E130006F6E206661696C656420286572722025A7
:10E140006429004661696C656420746F2072656D96
:10E150006F76652049524B2066726F6D20636F6E3B
:10E1600074726F6C6C6572004F6E6C792072616EA8
:10E17000646F6D20737461746963206964656E7483
:10E18000697479206164647265737320737570704B
:10E190006F7274656400496E76616C696420696EA3
:10E1A00070757420706172616D657465727300467C
:10E1B00061696C656420746F20726561642070759C
:10E1C000626C696320616464726573730052656197
:10E1D000642053746174696320416464726573736D
:10E1E000657320636F6D6D616E64206E6F74206166
:10E1F0007661696C61626C65004661696C6564207A
:10E20000746F207265616420737461746963206146
:10E210006464726573736573004E6F207374617408
:10E220006963206164647265737365732073746FCE
:10E2300072656420696E20636F6E74726F6C6C65BA
:10E24000720043616E27742073657420626F746876
:10E25000204944454E544954592026204E5250419D
:10E260000062745F696400546F6F206269672061A7
:10E2700064766572746973696E67206461746100A5
:10E280004661696C656420746F20737461727420D8
:10E2900061647665727469736572004661696C6564
:10E2A0006420746F2073746F70206164766572747B
:10E2B0006973696E673A2025640062745F616476F1
:10E2C000004661696C656420746F2067656E6572D5
:10E2D00061746520454343206B65792025640046C1
:10E2E00061696C656420746F206578706F7274204A
:10E2F000454343207075626C6963206B6579202506
:10E3000064004661696C656420746F206578706F85
:10E310007274204543432070726976617465206B86
:10E320006579202564004661696C656420746F20FE
:10E3300064657374726F7920454343206B6579205F
:10E340004944202564004661696C656420746F202F
:10E35000696D706F7274207468652070726976617F
:10E360007465206B657920666F72206B657920611A
:10E37000677265656D656E74202564005261772053
:10E380006B65792061677265656D656E7420666185
:10E39000696C6564202564004661696C656420745D
:10E3A0006F2064657374726F7920746865206B6583
:10E3B00079202564007073615F696D706F72745F9E
:10E3C0006B657928292072657475726E6564207397
:10E3D00074617475732025640042757379207065CB
:10E3E00072666F726D696E6720616E6F74686572B8
:10E3F0002045434448206F7065726174696F6E00F8
:10E4000062745F656363004661696C656420726570
:10E4100061642072656D6F746520666561747572E4
:10E42000657320282564290050485920307825300C
:10E430003278206E6F7420737570706F72746564BB
:10E44000004661696C656420746F20736574206494
:10E45000617461206C656E202825642900556E6505
:10E4600078706563746564206669727374204C32D9
:10E47000434150206672616D6500556E6578706528
:10E4800063746564204C3243415020636F6E74693D
:10E490006E756174696F6E004E6F7420656E6F7576
:10E4A00067682062756666657220737061636520B7
:10E4B000666F72204C324341502064617461005594
:10E4C0006E65787065637465642041434C20666CAA
:10E4D0006167732028307825303278290041434C19
:10E4E000206C656E206D69736D61746368202825EA
:10E4F00075203E202575290028756E6B6E6F776E2E
:10E5000029006E6F207472616E736974696F6E207A
:10E51000257300496E76616C696420282575292071
:10E520006F6C6420737461746500636F6E6E202578
:10E5300070206661696C656420746F206573746116
:10E54000626C6973682E205246206E6F6973653F56
:10E55000006E6F2076616C69642028257529207310
:10E5600074617465207761732073657400696E63EC
:10E570006F6D70617469626C652068616E646C6552
:10E580002025750054696D656F7574206469736327
:10E5900061726465642E204E6F20626C6F636B69DC
:10E5A0006E6720696E2073797377712E00466174EF
:10E5B000616C206572726F7220282564292E2044B8
:10E5C0006973636F6E6E656374696E672025700092
:10E5D000466F756E642076616C696420636F6E6E41
:10E5E000656374696F6E20282570292077697468C7
:10E5F000206164647265737320257320696E202521
:10E6000073207374617465200053656E64204C45FB
:10E6100020706172616D207570646174652066613F
:10E62000696C656420286572722025642900536531
:10E630006E64206175746F204C4520706172616D4D
:10E6400020757064617465206661696C656420285A
:10E650006572722025642900646973636F6E6E654C
:10E6600063742D636F6D706C657465007363616EA8
:10E670002D6265666F72652D696E69746961746972
:10E680006E6700696E6974696174696E672D666989
:10E690006C7465722D6C697374006164762D636FA0
:10E6A0006E6E65637461626C65006164762D646989
:10E6B000722D636F6E6E65637461626C6500646970
:10E6C00073636F6E6E656374696E670062745F6317
:10E6D0006F6E6E00556E61626C6520746F20616CA8
:10E6E0006C6F636174652062756666657220666F23
:10E6F00072206F7020307825303278004E6F2061A4
:10E700007661696C61626C65204C324341502063D4
:10E710006F6E7465787420666F7220636F6E6E2002
:10E72000257000457870656374696E672075702088
:10E73000746F20256420726566732C20676F7420C7
:10E74000256400616C72656164792068617665207A
:10E7500076696577206F6E202570004C32434150FA
:10E76000206C656E677468206D69736D6174636891
:10E770002028257520213D2025752900496E7661C8
:10E780006C6964206964656E742076616C756520BF
:10E79000696E204C324341502050445500496E76FA
:10E7A000616C6964204C4520636F6E6E20706172ED
:10E7B000616D207273702073697A65202825752039
:10E7C000213D20257A75290052656A656374696E5A
:10E7D0006720756E6B6E6F776E204C324341502010
:10E7E00050445520636F64652030782530327800BE
:10E7F000546F6F20736D616C6C204C32434150201C
:10E800007369676E616C696E672050445500546F80
:10E810006F20736D616C6C204C324341502050442A
:10E82000552072656365697665640049676E6F722D
:10E83000696E67206461746120666F7220756E6B0B
:10E840006E6F776E206368616E6E656C2049442040
:10E8500030782530347800636F6E666967006274C3
:10E860005F6C3263617000415454206368616E6E66
:10E87000656C206E6F7420636F6E6E656374656483
:10E88000004572726F72207369676E696E672064EB
:10E890006174610052616E206F7574206F66205440
:10E8A000582062756666657273206F7220636F6EA2
:10E8B00074657874732E004661696C656420746FAA
:10E8C000207375626D6974206174745F74785F641D
:10E8D000657374726F795F776F726B3A202564008D
:10E8E000556E61626C6520746F206372656174653A
:10E8F0002065727220727370205044550041545448
:10E90000204D54552065786365656465642C206DE1
:10E9100061782025752C2077616E74656420257AD6
:10E920007500556E61626C6520746F20637265615D
:10E930007465207273702050445500546F6F2073BB
:10E940006D616C6C204154542050445520726563B5
:10E95000656976656400556E68616E646C656420F7
:10E9600041545420636F646520307825303278003C
:10E97000496E76616C6964206C656E202575206631
:10E980006F7220636F6465203078253032780055CF
:10E990006E61626C6520746F2063726561746520BE
:10E9A000555549443A2073697A6520257500556E9E
:10E9B00061626C6520746F206372656174652055B7
:10E9C0005549443A2073697A65202564004E6F20CA
:10E9D000617661696C61626C652041545420636F9B
:10E9E0006E7465787420666F7220636F6E6E20257A
:10E9F00070004E6F20617661696C61626C652041C8
:10EA00005454206368616E6E656C20666F7220637B
:10EA10006F6E6E202570004E6F7420636F6E6E6592
:10EA20006374656400556E61626C6520746F206666
:10EA3000696E6420415454206368616E6E656C0099
:10EA4000476F74206572722025642C206E6F7420CD
:10EA500063616C6C696E67204154542063620046A8
:10EA600061696C656420746F2072652D7375626DC9
:10EA700069742025733A202564004E6F2041545458
:10EA8000206368616E6E656C20666F72204D545510
:10EA900020257A75004E6F2070656E64696E672060
:10EAA00041545420726571756573740044697363D1
:10EAB0006F6E6E656374696E67206661696C65640C
:10EAC000202865727220256429004154542054691D
:10EAD0006D656F757420666F722064657669636515
:10EAE0002025732E20446973636F6E6E65637469AD
:10EAF0006E672E2E2E00556E61626C6520746F203D
:10EB00006372656174652072657472792050445532
:10EB100020282575290062745F61747400434D419B
:10EB20004320757064617465206661696C6564205A
:10EB30002564004661696C656420746F20646563B8
:10EB40006F64652076616C7565202865727220257A
:10EB50007A6429004661696C656420746F20736172
:10EB600076652044617461626173652048617368F1
:10EB7000202865727220256429006661696C6564CD
:10EB800020746F2073746F72652053432028657260
:10EB9000722025642900756E61626C6520746F2097
:10EBA000736176652053433A206E6F206366672059
:10EBB0006C65667400546F6F206D616E7920436CD4
:10EBC00069656E742043686172616374657269730C
:10EBD00074696320436F6E66696775726174696FEB
:10EBE0006E2E2053656520434F4E4649475F425481
:10EBF0005F53455454494E47535F4343435F535417
:10EC00004F52455F4D41580A00496E76616C696408
:10EC1000206B6579006661696C656420746F20649F
:10EC2000656C6574652053432028657272202564E5
:10EC300029004661696C656420746F2073746F727B
:10EC40006520436C69656E742046656174757265F4
:10EC50007320286572722025642900556E61626CEC
:10EC60006520746F206465636F64652061646472FD
:10EC700065737320257300496E76616C6964206C3E
:10EC80006F63616C206964656E7469747920256CAA
:10EC90007500556E61626C6520746F2072657374C7
:10ECA0006F72652053433A206E6F20636667206C55
:10ECB000656674004E6F20737061636520746F2009
:10ECC00073746F72652043434320636667004E6F21
:10ECD00020737061636520746F2073746F72652098
:10ECE000436C69656E7420537570706F72746564DF
:10ECF00020466561747572657300556E61626C655E
:10ED000020746F20726573746F72652043463A20D9
:10ED10006E6F20636667206C656674004368616E81
:10ED200067652D61776172652073746174757320F6
:10ED30006E6F7420666F756E6420696E20736574E3
:10ED400074696E67732C2064656661756C74696E96
:10ED50006720706565722073746174757320746FB9
:10ED6000206368616E67652D756E617761726500FD
:10ED700052656164206261636B2062616420636834
:10ED8000616E67652D61776172652076616C75656E
:10ED90003A20307825782C2064656661756C74693A
:10EDA0006E6720706565722073746174757320746A
:10EDB0006F206368616E67652D756E61776172653E
:10EDC00000556E61626C6520746F20696D706F72A2
:10EDD0007420746865206B657920666F72204145E8
:10EDE0005320434D414320256400434D4143206F50
:10EDF0007065726174696F6E20696E6974206661F6
:10EE0000696C656420256400434D41432066696E4A
:10EE1000697368206661696C6564202564006274AA
:10EE20002F636363004661696C656420746F2073AF
:10EE3000746F7265204343437320286572722025E6
:10EE400064290052656164206D6574686F64206E8A
:10EE50006F7420736574004661696C656420746F1B
:10EE600020726561642061747472696275746520D2
:10EE70002570202865727220257A642900496E76F3
:10EE8000616C69642072656164206C656E6774688A
:10EE90003A20257A6400434343202570206E6F7426
:10EEA000207772697461626C6500534320726573E8
:10EEB000746F726520696E6469636174696F6E2036
:10EEC0006661696C6564004661696C656420746F95
:10EED0002073657420736563757269747920666F39
:10EEE0007220626F6E6465642070656572202825EB
:10EEF00064290062742F686173680062742F63660E
:10EF00000062742F73630062745F676174740055EC
:10EF10006E61626C6520746F2066696E6420534D6B
:10EF200050206368616E6E656C005075626C696339
:10EF3000206B6579206E6F7420617661696C616207
:10EF40006C65004661696C656420746F2067656E4E
:10EF500065726174652044484B65790043616C6358
:10EF6000756C61746520636F6E6669726D20666191
:10EF7000696C656400556E6B6E6F776E20706169A9
:10EF800072696E67206D6574686F64202825752925
:10EF90000043616C63756C617465204C544B206652
:10EFA00061696C65640043616C63756C61746520B4
:10EFB0006C6F63616C2044484B65792063686563BE
:10EFC0006B206661696C65640043616C63756C619C
:10EFD00074652072656D6F74652044484B657920B7
:10EFE000636865636B206661696C65640052656D7A
:10EFF0006F7465207075626C6963206B657920722F
:10F00000656A65637465640052656D6F7465206937
:10F0100073207573696E672044656275672050754B
:10F02000626C6963206B657900526563656976651A
:10F030006420696E76616C6964207075626C6963C6
:10F04000206B6579004E6F20617661696C61626C3E
:10F050006520534D5020636F6E7465787420666F21
:10F060007220636F6E6E20257000556E61626C6554
:10F0700020746F20676574206B65797320666F72EA
:10F080002025730054686520696E2D70726F677259
:10F090006573732070616972696E6720686173209F
:10F0A0006265656E2064656C657465642100534D0E
:10F0B0005020646F6573206E6F7420616C6C6F7785
:10F0C00020612070616972696E67206661696C7584
:10F0D0007265206174207468697320706F696E7442
:10F0E0002E204B6E6F776E2069737375652E2044EA
:10F0F0006973636F6E6E656374696E6720696E73A2
:10F10000746561642E00546F6F20736D616C6C20A8
:10F11000534D50205044552072656365697665648F
:10F1200000534D5020636F6D6D616E642028636FD6
:10F1300064652030782530327829207265636569EE
:10F140007665642061667465722074696D656F759B
:10F1500074005265636569766564207265736572D3
:10F1600076656420534D5020636F646520307825A8
:10F1700030327800556E68616E646C656420534D62
:10F180005020636F64652030782530327800556EEA
:10F19000657870656374656420534D5020636F64B7
:10F1A000652030782530327800496E76616C69646C
:10F1B000206964656E7469747920257300526566F0
:10F1C0007573696E67206E65772070616972696E0C
:10F1D000672E20546865206F6C6420626F6E642017
:10F1E0006D75737420626520756E706169726564F7
:10F1F0002066697273742E0070616972696E67208F
:10F200006661696C6564202870656572207265614D
:10F21000736F6E203078257829004E6F206B6579EA
:10F220007320737061636520666F722025730053CD
:10F230004D502054696D656F75742028666C616748
:10F24000733A30782530387820616C6C6F7765645C
:10F250005F636D64733A30782530387829006274C2
:10F260005F736D70004661696C656420746F207215
:10F270006561642076616C75652028657272202551
:10F280007A642900556E61626C6520746F2066692E
:10F290006E642064656C65746564206B65797320A9
:10F2A000666F72202573004661696C656420746F17
:10F2B00020616C6C6F63617465206B657973206687
:10F2C0006F7220257300496E76616C6964206B65EE
:10F2D00079206C656E67746820257A6420213D2052
:10F2E000257A750044726F7070696E67206B65795E
:10F2F0007320666F722025732C206E6F205343207D
:10F300004C544B0053746F726564206B65797320A5
:10F31000666F7220257320646F206E6F74206D619C
:10F320007463682063757272656E7420636F6E66B5
:10F33000696720666C616773206F722076657273EF
:10F34000696F6E00546865206B65797320666F7213
:10F350002025732061726520646F776E6772616427
:10F36000656420746F20756E61757468656E74696C
:10F3700063617465642061732074686579206E6FC1
:10F38000206C6F6E676572206D65657420617574A1
:10F3900068656E7469636174696F6E2072657175FA
:10F3A0006972656D656E7473004661696C65642091
:10F3B000746F2073617665206B65797320286572A0
:10F3C00072202564290062742F6B65797300627462
:10F3D0005F6B6579730062745F63727970746F003C
:10F3E0004661696C656420746F20696D706F72741A
:10F3F00020414553206B6579202564004661696C86
:10F40000656420746F20636F6D70757465204D4165
:10F41000432025640043616E6E6F742073746172C3
:10F42000742073616D706C696E673A2025640046C4
:10F4300061696C656420746F20696E697469616CC0
:10F44000697A65206465766963653A2025730046AC
:10F4500061696C656420746F2073657420627566E1
:10F460006665723A20256400496E76616C69642095
:10F4700073656C656374696F6E206F662063686185
:10F480006E6E656C73004368616E6E656C202575E9
:10F49000206E6F7420636F6E6669677572656400B5
:10F4A0004E6F206368616E6E656C20636F6E666977
:10F4B000677572656400414443207265736F6C75B3
:10F4C00074696F6E2076616C7565202564206973A0
:10F4D000206E6F742076616C6964004F766572737C
:10F4E000616D706C696E6720697320737570706FE1
:10F4F0007274656420666F722073696E676C652034
:10F500006368616E6E656C206F6E6C79004F766516
:10F510007273616D706C696E672076616C756520C1
:10F520002564206973206E6F742076616C696400B5
:10F5300050726F76696465642062756666657220D4
:10F54000697320746F6F20736D616C6C2028257552
:10F550002F25752900496E76616C696420636861A6
:10F560006E6E656C2049443A2025640053656C65D5
:10F570006374656420414443206761696E20697348
:10F58000206E6F742076616C69640053656C6563EE
:10F5900074656420414443207265666572656E63DC
:10F5A00065206973206E6F742076616C6964005306
:10F5B000656C6563746564204144432061637175C3
:10F5C00069736974696F6E2074696D652069732051
:10F5D0006E6F742076616C69640043616E6E6F7447
:10F5E00020636F6E666967757265206368616E6E11
:10F5F000656C2025643A20256400616463403430E2
:10F60000303037303030006164635F6E7266785F2F
:10F61000736161646300636C6F636B4034303030DE
:10F6200030303030006866636C6B006C66636C6B06
:10F6300000636C6F636B5F636F6E74726F6C0072EC
:10F64000616E646F6D40343030306430303000694A
:10F650006E76616C696420616464726573733A20CC
:10F6600030782530386C783A257A7500756E616C83
:10F6700069676E656420616464726573733A2030F3
:10F68000782530386C783A257A75006E6F7420775B
:10F690006F72642D616C69676E65643A20307825FD
:10F6A00030386C783A257A7500666C6173682D6322
:10F6B0006F6E74726F6C6C657240343030316530CF
:10F6C000303000666C6173685F6E726600677069E7
:10F6D0006F403530303030333030006770696F4004
:10F6E000353030303030303000693263004E65657F
:10F6F0006420746F207573652074686520696E746A
:10F7000065726E616C2064726976657220627566DE
:10F7100066657220627574206974732073697A65F6
:10F7200020697320696E73756666696369656E74B6
:10F7300020282575202B202575203E202575292E73
:10F740002041646A75737420746865207A657068F6
:10F7500079722C636F6E6361742D6275662D7369A7
:10F760007A65206F72207A65706879722C666C6198
:10F7700073682D6275662D6D61782D73697A6520C9
:10F7800070726F70657274792028746865206F6E6E
:10F790006520776974682067726561746572207688
:10F7A000616C75652920696E207468652022257357
:10F7B00022206E6F64652E00693263403430303031
:10F7C00033303030006932635F6E7266785F747711
:10F7D000696D00756E737570706F727465642073F7
:10F7E0007065656400547279696E6720746F207467
:10F7F00072616E73666572206D6F726520746861E8
:10F800006E20746865206D6178696D756D2073690F
:10F810007A6520666F722074686973206465766902
:10F8200063653A202564203E202564004750494FF7
:10F8300020706F72743A202573206E6F7420726589
:10F8400061647900766C65642D626F6F7374007209
:10F850006567756C61746F725F666978656400775F
:10F8600061746368646F67403430303130303030F9
:10F87000007764745F6E72667800526573657474A5
:10F88000696E672073797374656D00666174616C6D
:10F890005F6572726F7200536F6674446576696358
:10F8A0006520436F6E74726F6C6C657220415353A8
:10F8B0004552543A2025732C20256400536F6674FA
:10F8C00044657669636520436F6E74726F6C6C6516
:10F8D00072206275696C64207265766973696F6EF7
:10F8E0003A2000456E74726F707920736F75726381
:10F8F0006520646576696365206E6F74207265614A
:10F900006479004661696C656420746F2072656774
:10F9100069737465722072616E6420736F757263AF
:10F9200065202825642900416C6C6F6361746564EF
:10F93000206D656D6F727920746F6F206C6F773AF0
:10F9400020257A75203C202575004576656E74204B
:10F9500062756666657220746F6F20736D616C6C82
:10F960002E20257A75203E20257500556E6578700D
:10F970006563746564206D73675F747970653A20A0
:10F9800025752E20546869732069662D656C736532
:10F99000206E656564732061206E657720627261F8
:10F9A0006E636800556E6B6E6F776E206572726F56
:10F9B00072207768656E2070726F63657373696E0D
:10F9C0006720686369206D657373616765202564CE
:10F9D0000062745F6863695F7364630062745F737D
:10F9E00064635F6863695F647269766572006274FC
:10F9F0005F7364635F63727970746F004D50534C32
:10FA0000204153534552543A2025732C202564003D
:10FA10004D50534C20576F726B006D70736C5F6963
:10FA20006E697400556E737570706F7274656420C2
:10FA30004846434C4B206576656E743A2025640039
:10FA40006E7266785F636C6F636B5F6D70736C0072
:10FA50006D70736C5F74696D65736C6F745F7365E3
:10FA60007373696F6E5F6F70656E206661696C6538
:10FA7000643A20256400666C6173685F73796E6315
:10FA80005F6D70736C005465726D696E616C0055CA
:10FA90006E6B6E6F776E206572726F72003E3E3EC7
:10FAA000205A455048595220464154414C20455215
:10FAB000524F522025643A202573206F6E20435008
:10FAC00055202564004661756C7420647572696EFA
:10FAD0006720696E746572727570742068616E64F7
:10FAE0006C696E670A0043757272656E7420746883
:10FAF000726561643A2025702028257329004350DF
:10FB00005520657863657074696F6E00556E686125
:10FB10006E646C656420696E7465727275707400D1
:10FB2000537461636B206F766572666C6F77004B00
:10FB300065726E656C206F6F7073004B65726E65D9
:10FB40006C2070616E6963006F7300737973776FF7
:10FB5000726B7100C8DA3098F9F034A44B6EBAD3E6
:10FB60000819CC0CEA51DA4700286E756C6C290034
:10FB70002A666C6F61742A00626302040000060842
:10FB80003C46505A02214D5A6E7B9C3F8D2B4A5C5D
:10FB90001E0400A1F002214D5A6E7B9C3F8D2B4A22
:10FBA0005C1E0300A1F002214D5A6E7B9C3F8D2B01
:10FBB0004A5C1E0200A1F002214D5A6E7B9C3F8DD3
:10FBC0002B4A5C1E0100A1F002214D5A6E7B9C3F26
:10FBD0008D2B4A5C1E0000A1F0206D657373616778
:10FBE00065732064726F70706564202D2D2D0D0A71
:10FBF0001B5B306D001B5B313B33316D2D2D2D2098
:10FC00000000FFFFFFFFFFFF00000000000000FFFB
:10FC1000FFFFFFFFFF0000000000003031323334EF
:10FC2000353637383961626364656600000000006C
:10FC300000001000800000805F9B34FB0104000284
:10FC400000000002000000000000000500000000AD
:10FC50000000000000000000000000050009090984
:10FC60000901020909090909090909090909070915
:10FC700009090909060909090909090909090909F7
:10FC8000090909090905E69D350E480103CCDBFD8C
:10FC9000F4AC1191F4EFB9A5F9E9A7832C5E2CBE61
:10FCA00097F2D203B0208BD28915D08E1C742430E9
:10FCB000ED8FC24563765C15525ABF9A32636DEB85
:10FCC0002A65499C80DC6174745F74785F64657335
:10FCD00074726F795F776F726B5F68616E646C6569
:10FCE00072000005061F1F291812030802030508E9
:10FCF0000A000801030401050405090607010106BD
:10FD000006080000010001000301000302020100D7
:10FD100002000000000002030100036C888391AA26
:10FD2000F5A53860370BDB5A6083BE00070E091C4F
:10FD30001B1215383F363124232A2D0601050104F4
:10FD4000010702030105020201030205040101018A
:10FD5000020103010401060108010C011001180150
:10FD60002001400180000102030405060700202A4B
:10FD70002A2A2A2A2A2A2A2A2A2A2A2A2A00010957
:10FD80000000000D01020304050607080000000042
:10FD90000000545452205245474745530010141454
:10FDA00000001C2030401C2000001C20304000407F
:10FDB800FFFFFFFFFF1F00001F0000000000000002
:10FDC8001D40000000000000FFFFFFFF1FFF0000B4
:10FDD800BAABBABA10101010000000000080004042
:10FDE80000000000000000000C00000000000000FF
:10FDF80000FF7F0000000000A1BB00000000000021
:10FE0800D5BB0000000000008D2A000000000000A3
:10FE1800F5BB000000000000B3BB000000000000BC
:10FE2800AC760000FF00000004AA000001000000FA
:10FE380000000000000000000000000000000000BA
:10FE480000000000000000000000000000000000AA
:10FE5800000000000000000000000000000000009A
:10FE6800000000000000000000000000000000008A
:10FE7800000000000000000000000000000000007A
:10FE8800000000000000000000000000000000006A
:10FE9800000000000000000000000000000000005A
:10FEA800000000000000000000000000000000004A
:10FEB800000000000000000000000000000000003A
:10FEC800000000000000000000000000000000002A
:10FED800000000000000000000000000000000001A
:10FEE800000000000000000000000000000000000A
:10FEF8000000000000000000B951010000000000EF
:10FF080000000000000000000000000000000000E9
:10FF180000000000000000000000000000000000D9
:10FF280000000000000000000000000000000000C9
:10FF380000000000000000000000000000000000B9
:10FF480000000000000000000000000000000000A9
:10FF58000000000000000000000000000000000099
:10FF68000000000000000000000000000000000089
:10FF7800000000000000000000000000B8AA020015
:10FF880000000000942200209422002000000000BD
:10FF980001000000A4220020A4220020000000008C
:10FFA8000100000000000000000000000000000048
:10FFB8000000000000000000000000000000000039
:10FFC8000000000000000000000000000000000029
:10FFD8000000000000000000000000000000000019
:10FFE8000000000000000000000000000000000009
:08FFF800000000000000000001
:020000023000CC
:1000000000000000000000000000000000000000F0
:1000100000000000000000000000000000000000E0
:1000200000000000000000000000000039EB0100AB
:1000300000000000000100000000000000000000BF
:1000400000000000000000000000000000000000B0
:10005000000000000000000060EA0000983A000084
:10006000FFFFFFFFF1FB0000A9FB00000000000004
:100070000000000084FB020000000C0000000000F3
:10008000000000000000000051FE00000000000021
:100090000000000095FB02000000100000000000BE
:1000A000000000000000000041FE00000000000011
:1000B00000000000A6FB020000001000000000008D
:1000C000000000000000000031FE00000000000001
:1000D00000000000B7FB020000001200FFFFFFFF5E
:1000E0003548020015560200C4B4020044BD0200A7
:1000F0000000020050BD0200000002005CBD0200D2
:100100000000020068BD0200000002007CBD020089
:100110000000020088BD02000000020094BD020041
:1001200000000200A8BD020000000800B4BD0200EB
:1001300000000200000000000000000000000000BD
:10014000852401000000000000000000C4BD020082
:10015000000010000000000000000000000000008F
:10016000AD2501000000000000000000E0BD02001D
:100170000000120000000000415C020000000000CE
:1001800000000000006000400000000000000000CF
:10019000000000000000000000000000000000005F
:1001A000000000000000000000000000000000004F
:1001B000000000000000000000000000000000003F
:1001C000000000000000000000000000000000002F
:1001D000000000000000000000000000000000001F
:1001E000000000000000000000000000000000000F
:1001F00000000000000000000000000000000000FF
:10020000000000000000000000000000593C010058
:10021000000000000000000000000000E5540100A4
:10022000000000000000000000000000AD440100DC
:10023000000000000000000000000000D163010089
:1002400000000000000000000000000091620100BA
:10025000000000000000000000000000C56C01006C
:10026000000000000000000000000000096801001C
:10027000000000000000000048BB00200000EE016C
:1002800048BB0020C57C0100958E0100F58F010060
:1002900000000000000000000D7F0100496F020017
:1002A00013700200A57C01000000000000000000A7
:1002B000998B01000000000000000000A3750200FF
:1002C000000000000000000000000000FCBD020073
:1002D0000000020008BE020000000A0018BE020072
:1002E00000002000000000000000000000000000EE
:1002F000000000002F74020000000000042600200F
:100300000426002000000000000000000E00000095
:10031000182600201826002071B7010000000000F8
:100320000000000000000000000098010000010132
:1003300087810200100000001DD601005CBB020096
:1003400086660020FFFF00000000000000000000A3
:10035000000001400000000000000000000000005C
:10036000000000000000000000000000000000008D
:10037000000000000000000000000000000000007D
:1003800000000000000000000090D003FF0000000B
:10039000900200009C2600209C260020A42600201D
:1003A000A426002000000000000000000E00000055
:1003B00000000000BC260020BC2600200000000039
:1003C000000000000E00000000000000D426002005
:1003D000D426002000000000000000000E000000F5
:1003E00000000000EC260020EC26002000000000A9
:1003F000000000000E000000000000002F9A020024
:100400002B9A0200FFFF0D180F18060100000000D4
:040410000100640182
:1004140000000000000000000000000000000000D8
:0404240000000000D4
:1004280000000000000000000000000000000000C4
:1004380000000000000000000000000000000000B4
:1004480000000000000000000000000000000000A4
:0804580000000000000000009C
:040460000000000098
:100464006C2700206C270020A0B8002000000000AA
:10047400010000002C00000000000000882700207C
:100484008827002080A00020000000000100000058
:10049400A000000000000000A4270020A4270020E2
:1004A400CCB8002000000000030000001C00000085
:0404B4000000000044
:1004B800C0270020C0270020000000000000000026
:1004C8000E000000D4270020D427002000000000E0
:0804D800000000000E0000000E
:1004E000E8270020E82700200000000001000000AD
:1004F000F8270020F827002000000000FFFFFFFF82
:10050000000000000000000010280020102800203B
:10051000000000000000000020280020202800200B
:10052000030003001000000000000000F4B8020007
:10053000A8B40020000000000000000044280020B3
:10054000442800200300030010000000417C01004B
:10055000A0B9020028B80020000000000000000040
:100560006828002068280020030003000000000025
:100570000000000094B70200FCAE00200000000064
:10058000000000008C2800208C28002001000100C1
:100590001000000011670100E0B8020080B10020E7
:1005A0000000000000000000B0280020B02800205B
:1005B000030003000000000000000000A8B80200D3
:1005C00038B100200000000000000000D428002006
:1005D000D42800200C000C0004000000E13E0100C3
:1005E00080B7020020AD00200000000000000000E5
:1005F000F8280020F8280020020002000400000073
:1006000000000000B4B9020010BB00200000000090
:10061000000000001C2900201C290020010001000E
:100620000000000000000000A8B7020048B0002051
:0406300015E015E0DC
:04000003100030A910
:00000001FF
