:10000000C0930020092A010069360200F529010089
:10001000F5290100F5290100F52901000000000083
:10002000000000000000000000000000E52A0100C0
:10003000F529010000000000D92C0100F52901007C
:10004000512D0100095F0200512D0100512D0100C9
:10005000512D0100512D0100512D0100512D0100A4
:100060001F5F0200512D0100512D0100355F02007C
:10007000512D0100512D0100512D0100512D010084
:10008000512D0100512D0100512D0100512D010074
:10009000512D0100512D0100512D0100512D010064
:1000A000512D0100512D0100512D0100512D010054
:1000B000512D0100512D0100512D0100512D010044
:1000C000512D0100512D0100512D0100512D010034
:1000D000512D0100512D0100512D0100512D010024
:1000E000512D0100512D0100512D0100512D010014
:1000F000512D0100512D0100512D0100512D010004
:1001000080EA101404F0F01480EA0410604081EAE0
:10011000111404F0F01481EA0411614082EA12140F
:1001200004F0F01482EA0412624083EA131404F02B
:10013000F01483EA0413634080EA102404F47F443B
:1001400080EA0420604081EA112404F47F4481EABB
:100150000421614082EA122404F47F4482EA0422EA
:10016000624083EA132404F47F4483EA0423634057
:1001700081EA500404F0553480EA4400614083EA87
:10018000520404F0553482EA4402634082EA900447
:1001900004F0333480EA8400624083EA910404F07E
:1001A000333481EA84016340704700BF82EA9004DF
:1001B00004F0333480EA8400624083EA910404F05E
:1001C000333481EA8401634081EA500404F05534F9
:1001D00080EA4400614083EA520404F0553482EA24
:1001E0004402634080EA102404F47F4480EA04203F
:1001F000604081EA112404F47F4481EA04216140D3
:1002000082EA122404F47F4482EA0422624083EAF0
:10021000132404F47F4483EA0423634080EA101427
:1002200004F0F01480EA0410604081EA111404F034
:10023000F01481EA0411614082EA121404F0F0140F
:1002400082EA0412624083EA131404F0F01483EA91
:1002500004136340704700BF2DE9F14F94464FEA05
:10026000930B8A68CB6808684968FFF749FF0BF170
:10027000060E33E083EA134480EA134582EA13470B
:1002800046BA96EA3444604000F00F1684EA063419
:1002900020F00F1684EA161054BA94EA0106724050
:1002A00002F00F1486EA043622F00F1486EA1412C4
:1002B0004CBA6540694001F00F1485EA043521F01D
:1002C0000F1485EA14115CBA67407B4003F00F14E9
:1002D00087EA043723F00F1487EA1413BCE8F00010
:1002E0006040694072407B4000F0E03400F010351F
:1002F00000F00F3040EA540040EAC50080EA900464
:1003000004F0332480EA8400604001F0E03401F01E
:10031000103501F00F3141EA540141EAC50181EA8B
:10032000910404F0332481EA8401614002F0E03456
:1003300002F0103502F00F3242EA540242EAC502DE
:1003400082EA920404F0332482EA8402624003F0D9
:10035000E03403F0103503F00F3343EA540343EA6B
:10036000C50383EA930404F0332483EA84036340DF
:1003700081EA324787EA134581EA354690EA060466
:1003800084EA034B82EA1B4280EA044484EA05447F
:1003900083EA144A85EA14448BEA044B84EA37441E
:1003A00081EA0B4181EA164104EA0A00454082EAEB
:1003B00004082BEA080041408AEA0B0602EA06001C
:1003C00084EA34438AEA3A4603EA0607784045401D
:1003D000414088EA38478BEA3B4007EA000985EA52
:1003E000090583EA0709464006EA0906714085EADD
:1003F000010005EA3546464006EA314181EA3041CE
:1004000081EA364606EA304686EA3546344008EA4E
:10041000010886EA01052A4086EA364003405A4030
:1004200081EA31431F407C4080EA030709EA07095B
:1004300088EA0908544088EA020806EA0A0601EA3E
:100440000B018AEA0B0215408AEA3A421040454005
:100450008BEA3B4003405E404240174079404D40AC
:100460004E40E443F64386EA18435D4085EA054082
:1004700083EA134386EA034183EA384284EA11435C
:1004800083EA04435FEA3343BEF1010E3FF6F2AE66
:100490001ED4BCE8F0006040694072407B4020BC44
:1004A000FFF784FE28606960AA60EB60BDE8F08F0A
:1004B0002DE9E0414FF2F00280EA1031114080EA6C
:1004C0000130484041088208C3084FF0000E4FE752
:1004D00000F0113001F0113102F0113203F011334C
:1004E00040EA410040EA820040EAC3004FF2F002D5
:1004F00080EA1031114080EA01304840BDE8E081D7
:100500002DE9F04F02F11C050646074600EB850871
:1005100051F8040B043A46F8040BF9D14FF0010CE2
:10052000FFF7C6FF5FEA302080EA0C001ECF414093
:100530004A4053405C401EC62000464517D04FEA53
:100540004C0C1CF4807F18BFACF1E50C2C2DE7D0CF
:100550003C2D06D1FFF7ACFF06CF41404A4006C60E
:10056000100006CF41404A4006C61000D8E736E9E1
:100570000F00FFF7C5FD043D86E80F00F7D1BDE889
:10058000F08F00BF2DE9F14F03F11C0402EB840C46
:100590004FEA930B8A68CB6808684968FFF7B0FD9B
:1005A0003CE9F0006040694072407B400BF1060E70
:1005B0004EE083EA134480EA134582EA134746BAC1
:1005C00096EA3444604000F00F1684EA063420F0C6
:1005D0000F1684EA161054BA94EA0106724002F02B
:1005E0000F1486EA043622F00F1486EA14124CBA6D
:1005F0006540694001F00F1485EA043521F00F14BD
:1006000085EA14115CBA67407B4003F00F1487EA57
:10061000043723F00F1487EA141344BA44404DBA48
:100620004D4056BA56405FBA5F4087EA174886EA9F
:10063000174B84EA17464FEA38488BEA1B4485EA91
:100640001B4788EA1B4580EA3440694072407B4082
:1006500000F0703400F0803500F00F3040EA4400C4
:1006600040EAD50080EA900404F0332480EA840054
:10067000604001F0703401F0803501F00F3141EA43
:10068000440141EAD50181EA910404F0332481EA6E
:100690008401614002F0703402F0803502F00F32C4
:1006A00042EA440242EAD50282EA920404F0332488
:1006B00082EA8402624003F0703403F0803503F074
:1006C0000F3343EA440343EAD50383EA930404F077
:1006D000332483EA84036340C943DB4381EA000493
:1006E00083EA044686EA020183EA014382EA33454B
:1006F00083EA14435C4084EA00077FEA040A8AEA3A
:10070000024A8AEA010B87EA11488AEA374A80EAF4
:10071000060181EA1A418AEA030A04EA0A0045400E
:1007200088EA040707EA0B0041408AEA0B0608EA58
:10073000060084EA34428AEA3A4602EA060358404E
:100740004540414087EA37438BEA3B4003EA0009D2
:1007500085EA090582EA0309464006EA090671406E
:1007600085EA010005EA3546464006EA314181EA5C
:10077000304181EA364606EA304686EA354634405C
:100780000F4086EA010508EA050886EA364002407D
:1007900088EA020881EA314213405C4080EA0203A1
:1007A00009EA030987EA0907674088EA040806EAB4
:1007B0000A0601EA0B018AEA0B0425408AEA3A4458
:1007C000204045408BEA3B4B02EA0B02564084EA4C
:1007D0000B04234059406E40694087EA364080EA66
:1007E000384080EA060380EA104481EA134585EA2E
:1007F000344585EA17427D4082EA354180EA05406A
:100800003CE9F0006040694072407B40BEF1010E5F
:100810003FF6CFAE20BCFFF7C9FC28606960AA6034
:10082000EB60BDE8F08F00BFFFF76ABE2DE9F0076F
:1008300091E8F807B2E802105B1854EB0C04B2E838
:1008400002104D4156EB0C06B2E802104F4158EB36
:100850000C08B2E8021059EB01095AEB0C0A80E8C7
:10086000F80780410130BDE8F00770472DE9F00737
:1008700091E8F807B2E802105B1A74EB0C04B2E8D6
:1008800002108D4176EB0C06B2E802108F4178EB36
:100890000C08B2E8021079EB01097AEB0C0A80E847
:1008A000F80780414042BDE8F00770472DE9F007A6
:1008B000524290E87800B1E880071740DB1918EA47
:1008C000020854EB080419EA020955EB09051AEA73
:1008D000020A56EB0A0678C090E87800B1E8800773
:1008E00017407B4118EA020854EB080419EA020990
:1008F00055EB09051AEA020A56EB0A0678C0804150
:100900000130BDE8F00770472DE9F007524290E84A
:100910007800B1E880071740DB1B18EA020874EB87
:10092000080419EA020975EB09051AEA020A76EBCE
:100930000A0678C090E87800B1E880071740BB410C
:1009400018EA020874EB080419EA020975EB0905B4
:100950001AEA020A76EB0A0678C080414042BDE8F6
:10096000F00770472DE9F00152424FF0040890E87B
:10097000300091E8C000A31B1340E41AF618EB1BEB
:100980001340ED1AFF1830C0C0C1B8F10108EED114
:10099000BDE8F001704700BF00B592E8DC072DE923
:1009A000DC07B1E8805702B4A7FB02510A95A8FB07
:1009B000020BE7FB6310E9FB62B00B91A8FB03514C
:1009C000EAFB6201E7FB64B5E7FB6605E8FB661539
:1009D000CDF830B0A9FB03B6EAFB6316ECFB635617
:1009E000E8FB640BE9FB641BEAFB645BECFB646BF8
:1009F0000D90ACFB0230059CEEFB6250E9FB64609D
:100A0000EAFB64B0E7FB6431E8FB6451069CE8FB59
:100A10006461E9FB64B1EAFB64010E93A7FB043255
:100A2000079CE7FB6462E8FB64B2E9FB6402EAFB53
:100A30006412049CE9FB6453EAFB6463089CE7FBD3
:100A400064B3E8FB6403E9FB6413EAFB64230F95DA
:100A50005DF8049B99E80006DDF80080A9FB0854C6
:100A6000EAFB68B4DDF81080ECFB6804EEFB681468
:100A7000E9FB6824EAFB6834DDF80480EEFB686576
:100A8000E9FB68B5EAFB6805DDF81480ECFB681546
:100A9000EEFB6825E9FB6835EAFB68450F96DDF853
:100AA0000880AEFB0876E9FB6806EAFB6816DDF80D
:100AB0001880ECFB6826EEFB6836E9FB6846EAFB2B
:100AC0006856DDF80C80ECFB68B7EEFB6807E9FBC5
:100AD0006817EAFB6827DDF81C80ECFB6837EEFB43
:100AE0006847E9FB6857EAFB686708B000BD00BFCC
:100AF0002DE9F14F87B0FFF74FFFDDF81C8008F1BB
:100B0000200888E8FF00FFBC87E87F08BDE8F08F79
:100B100000B591E89857A3FB03520195A3FB04018C
:100B2000E3FB6420E3FB67100292A3FB0752E3FBA5
:100B30006802E4FB6415E3FB6805E3FB69250391A8
:100B4000A4FB07B6E3FB6926E3FB6A56E4FB670BED
:100B5000E4FB682BE3FB6A5BE3FB6C6B0490A4FB98
:100B60000810E4FB6950E3FB6C60E3FB6EB0E7FB4D
:100B70006721E4FB6951E4FB6A61E3FB6EB1E4FBCE
:100B80006E010592A7FB0832E4FB6A62E4FB6CB2DB
:100B9000E4FB6E02E7FB6E12E7FB6853E7FB696359
:100BA000E4FB6CB3E7FB6C03E7FB6E13E8FB6E231F
:100BB0000695A7FB0954E7FB6AB4E7FB6C04E8FB66
:100BC0006C14E8FB6E24E9FB6E34E8FB6865E7FB18
:100BD0006AB5E8FB6A05E8FB6C15E9FB6C25E9FBE7
:100BE0006E35EAFB6E450796A8FB0976E8FB6A06B8
:100BF000E9FB6A16E9FB6C26EAFB6C36EAFB6E46FB
:100C0000ECFB6E56E8FB69B7E9FB6907E9FB6A177D
:100C1000EAFB6A27EAFB6C37ECFB6C47ECFB6E5790
:100C2000EEFB6E6700BD00BF2DE9F14F87B0FFF707
:100C30006FFFDDF81C8008F1200888E8FF00FFBC8A
:100C400087E87F08BDE8F08F30B44FF0000310F85C
:100C5000014B11F8015B013A84EA050443EA0403FD
:100C6000F5D1A3F101034FEAD37030BC704700BF48
:100C70004FF0000310F8012B013943EA0203F9D1C8
:100C8000A3F101034FEAD370704700BF30B411F8ED
:100C9000014B12F8015B6C4000F8014B013BF6D1AF
:100CA00030BC70472DE9F00791E8F807B2E8021070
:100CB0005B1854EB0C04B2E802104D4156EB0C06E5
:100CC000B2E802104F4158EB0C08B2E8021059EBA1
:100CD00001095AEB0C0A8941B3F1FF3374F1FF3477
:100CE00075F1FF3576F1000677F1000778F100081D
:100CF00079F101097AF1FF3A51F100015B184C4199
:100D00004D4156F1000657F1000758F1000859EB24
:100D1000D1795AEB010A80E8F807BDE8F00770477F
:100D20002DE9F00791E8F807B2E802105B1A74EBBE
:100D30000C04B2E802108D4176EB0C06B2E802100A
:100D40008F4178EB0C08B2E8021079EB01097AEBDD
:100D50000C0A89415B184C414D4156F1000657F190
:100D6000000758F1000859EBD1795AEB010A80E8E5
:100D7000F807BDE8F007704718EB040859EB0509C0
:100D80005AEB060A5BEB070B5FF0000C4CF1000C12
:100D900018EB050859EB06095AEB070A5BEB070B42
:100DA00050EB0C005FF0000C51EB0C0152EB0C020D
:100DB00063414CF1000CB8EB070879F100097AF1B6
:100DC000000A7BEB040BA841B141A241B3416CF195
:100DD000000CBBEB050BB041B941AA41BB416CF122
:100DE000000C4CF001068CF0020718EB060859EBDA
:100DF0006C095AEB6C0A7BEB6C0B70EB6C0471EBBF
:100E00006C0572EB670653EB6C076CEB6C0C18EB24
:100E10000C0059EB0C015AEB0C025BF1000354F18E
:100E2000000455F1000556EBDC7657EB0C077047D4
:100E30002DE9F14F87B0FFF7AFFDDDF81080DDF849
:100E40001490DDF818A0FFF797FFBDE8000FFFF73B
:100E500093FF03B05DF8048B88E8FF00BDE8F08FD6
:100E60002DE9F14F87B0FFF753FEDDF81080DDF874
:100E70001490DDF818A0FFF77FFFBDE8000FFFF723
:100E80007BFF03B05DF8048B88E8FF00BDE8F08FBE
:100E9000064B074A5B7802604FF426728280C3716A
:100EA0000822002382710372704700BF20290020AE
:100EB000A7D50000064B074A5B7A02604FF49C728C
:100EC0008280C3710822FF2382710372704700BFC2
:100ED00020290020D5D00000F8B5C41D002824F03A
:100EE0000704054614BF2046002000F053FA071EF1
:100EF00002DA6FF00B00F8BD254EB1887088F379E7
:100F0000B2790331033089B280B209F0DCFF0028E6
:100F1000EFDB737831783C4403341944002D24F01E
:100F2000030400FB01F114BF2046002000F0B8FBD1
:100F300023180DB9002BDCDB717A184679B1033325
:100F4000002D23F0030414BF20460020728900F016
:100F500019FC0028CDDB20440DB90028C9DB317A0B
:100F600091B1737A83B1C41D002D24F0070414BF1E
:100F70002046002003F05EF80028BADB0DB1002007
:100F8000B9E72018B7D5B4E7002DF8D1B3E700BF13
:100F9000202900201FB572B6194BDD68EDB9BFF3EB
:100FA0004F8F1849184BCA6802F4E0621343CB60B4
:100FB000BFF34F8F00BFFDE72346B2FBF6F25C1C88
:100FC000002AF9D104AEDCB256FA83F303F80C2CF4
:100FD0000A2234B901A8A847E1E7024600230A26FD
:100FE000EDE7631E04AEDCB256FA83F3B0FBF2F613
:100FF00002FB1600303003F80C0C3046E9E700BF66
:101000002029002000ED00E00400FA0507B50A4B96
:10101000DA88ADF8002068469A885B88ADF804202D
:10102000ADF8023001F0FAFC18B1FA219C20FFF76C
:10103000B1FF03B05DF804FB2029002010B5044681
:1010400028B309F007F810B94FF0FF3010BD06F0D3
:10105000A5FFB0F5FA7FF7D80E4B00221A744FF4B3
:1010600080721A801B225A809A8040F20322DA8012
:101070004FF484721A811F22DC605A81EFF31084CE
:1010800072B600F0DDFB04B962B60020DEE76FF057
:101090001500DBE72029002010B5002840D1234CA3
:1010A000237C032B39D059B1002A3CD002390529C1
:1010B00036D8DFE801F0031227352A2D1378637044
:1010C0000020FFF709FF0028B7BF01230223237484
:1010D0006FF00B00A8BF237410BD13791BB35379B5
:1010E0000BB31188FB291ED853881B3B9BB2E02B06
:1010F00019D81A2917D91368C4F802300C4B9288F2
:101100009A80DDE713786372DAE713886381D7E7A3
:101110001388FF2B07D82372D2E74FF0FF30DBE7AD
:101120006FF02C00D8E76FF01500D5E720290020DC
:1011300022290020F8B50D46064620B319B311F058
:10114000070420D1114F3B7C012B02D16FF00B0023
:10115000F8BD032B02D14FF0FF30F9E700F0ACFBF4
:101160000028F8D02846FFF7B7FE0028EEDB0CF089
:1011700071FA3046214601F0D3FCFFF747FF032305
:101180003B742046E4E76FF01500E1E720290020DA
:1011900010B5064C237C032B03D101F0D7FC02F0E1
:1011A000EDF909F09AFF0020207410BD20290020DD
:1011B00008B501F081FCBDE808400249012000F0BB
:1011C000E1B800BFB50E000008B501F089FCBDE82C
:1011D00008400249002000F0D5B800BF910E000081
:1011E000074B4FF0FF3141F6FF72C3E9001205498A
:1011F0000022C1E900221F21C3E90212704700BF8B
:10120000C0200020342900203F280CD801380B4B87
:10121000C0F3421200F01F0053F8223023FA00F00E
:1012200000F001007047FF2806D04038C0F342129A
:10123000034B00F01F00EFE701207047C0200020A3
:10124000342900200146074B006849681A4603C24A
:1012500040F48C221A6041F0107242F4FF625A602E
:1012600000207047C02000200246034B00685168F0
:1012700003C30020704700BF342900200246034BFF
:101280000068516803C30020704700BFC8200020D9
:101290000138064BC0F3421203EB820300F01F003B
:1012A0009B6823FA00F000F001007047C020002086
:1012B000F0B50C88C37C0288A5B2C4F30E0404F117
:1012C00018060233865B1A44334497B213FA82F34A
:1012D000013B4288B3FBF7F313FB07439BB29A42EF
:1012E000044A93BF22EA05032A4013439BB20B80B2
:1012F000F0BD00BF0080FFFF4A1E062A08B5034666
:10130000084604D84FF4D1711520FFF743FE094A6F
:10131000914202D940F2A311F6E711B903B1196065
:1013200008BD2BB11B680022C3E901211A1D1A60F8
:101330000430F5E7FAFFFF7F10B5114B00EB4104D5
:101340001A786389B3FBF2F303FB0223013A1A44D0
:10135000B2F5706F0279807828BF00231A440B1809
:10136000B2FBF0F100FB11215B1AB3FBF0F100FBC3
:10137000113313446FEA43436FEA5343638110BD53
:101380003C290020024B03EB80035960704700BFEB
:101390003C2900202DE9F04F10F0070A85B00546E2
:1013A00004D040F26F111720FFF7F4FD534F07F1FF
:1013B0000C06B1460446B04657F8043B8DF80BA026
:1013C0003BB101A898479DF80A30082B01D9F521B7
:1013D000E9E79DF80B1041BB05B131604F4506F1BF
:1013E0000406E9D1002D70D0DFF81491002289F8AD
:1013F00000209646022758F827A0013FBAF1000FB7
:1014000056D09AF804609AF802C0FF2E61D039468F
:101410000023481C39D19C44BCF1FF0F40D90AB1CC
:1014200089F800E04FF49A71BDE79DF80AC0604664
:10143000022838BF02204B1D5A0004EB4303441E10
:101440002344BDF808406444013CCCF1000C04EA9C
:101450000C044042B4F5803F03EA000302D340F29B
:101460000511A0E775B19A1A0120326091701480BD
:10147000D0709DF80C001071019810814FEA104C4B
:10148000A2F806C004FB0134A8E758F8210028B1EF
:1014900090F804B0B34504BF80781B180139B8E751
:1014A000DBB2E6458AF804303CBF5FFA8CFE0122CD
:1014B0007B1CA0D10AB189F800E0022640F6FF6A41
:1014C00058F82670B7B9013EFAD2601B05B0BDE8E6
:1014D000F08F0023E5E707EB41033846A3F80AA0A5
:1014E000FFF72AFF09F10109BB785FFA89F18B4206
:1014F000F1D8E8E74FF00009F6E700BF40290020E7
:101500003C29002038B54FF6FF730380184B03EBDE
:10151000810302461869A8B184780379B3FBF4F11A
:1015200004FB1133DBB2194600EB4105B5F90A5053
:10153000002D0EDB0131B1FBF4F504FB1511C9B22E
:101540008B42F1D1002038BD6381BDE8384009F0FD
:1015500096BC00EB41046389C3F30E031380C27889
:10156000002AF1D14FF4E5711720FFF713FD00BFFA
:101570003C2900201C4B03EB810370B51C69054618
:1015800044B3030404D54FF4EC711720FFF702FDB8
:101590000146204609F055FCFF28014604D02046AC
:1015A000BDE8704009F06BBCA078B5FBF0F300FB20
:1015B0001353DBB219460A1D04EB4206B6F902606A
:1015C000002E09DB0131B1FBF0F200FB1211C9B2B0
:1015D0008B42F0D1002070BD8B4201D00023E3701C
:1015E00004EB42025580DAE73C290020094B03EB6B
:1015F000810310B51C690146204609F022FCFF2832
:10160000014604D02046BDE8104009F038BC002057
:1016100010BD00BF3C290020F8B5104B03EB81033F
:1016200007461C690146204609F00BFCFF280546C9
:1016300011D0E288238953EA024606D001462046AB
:1016400009F01DFC01463846B04720462946FFF701
:1016500073FE0020F8BD0520FCE700BF3C290020F8
:1016600038B50E4B827903EB82030446186908B93A
:10167000052038BD8278E1799142F9D24B1CE371A3
:1016800000EB41035D89B3F90A30002BF3DBA58041
:1016900009F0F5FB20600020EBE700BF3C290020AB
:1016A00070B5044610F003000E4603D04E211820FA
:1016B000FFF770FCFFF720FE054624B103483146D2
:1016C0000460FFF719FE284670BD00BF58290020AE
:1016D0002DE9F14FDFF870B09DF828A09DF82C900F
:1016E0001E46DBF8003007460D4690461BB96021C8
:1016F0001820FFF74FFC52460921404609F026FA10
:101700004A4684B20921304609F020FA14FA80F1E1
:10171000DBF8000009F069FB386018B9286001B0F7
:10172000BDE8F08F04442C603868534641460922D6
:1017300009F0CFF928684B460922314601B0BDE8CF
:10174000F04F09F0C6B900BF5829002070B50E4609
:10175000044609F00EFA0546304609F00AFA044B31
:101760002A1821461868BDE8704009F063BB00BF25
:1017700058290020024B186808B109F02ABB7047AD
:10178000582900201F2AF8B5044626D80420032330
:10179000134D12FB003254B1A30703D06821092076
:1017A000FFF7F8FB22F0030329706C602B8122F015
:1017B00003022823120403FB01F001276B68120CBB
:1017C0000025EEB2B14200D8F8BD14B126181F7042
:1017D0005E60104401352833F3E74FF0FF30F3E744
:1017E0005C29002070B5154A157853680021C8B2ED
:1017F000854203D8BA210920FFF7CCFB1C461846C6
:1018000014F8286B01310EB92346F0E700219970D6
:10181000128999610124D96159685C70920803F1B9
:101820001E0403F1260524F8022FAC4243F8041FDE
:101830001144F8D100234361037070BD5C2900207E
:10184000134B012200214FF0FF309A60C3F80012C1
:10185000C3F80803C3F80015C3F804259A60C3F859
:101860000803C3F80015C3F804250A490A4A03F51A
:1018700080334FF40040C3F80825C1F88000BFF35F
:101880004F8FBFF36F8FC1F88001C3F808257047F1
:1018900000F0004000E100E00000F63F024B02686B
:1018A0001A600020704700BF68290020014B1B68A8
:1018B000184700BF68290020024B1868003818BF7D
:1018C00001207047682900200A468F2302F8033B55
:1018D0000448C368C1F803300369536043699360E7
:1018E000704700BF6C290020024B5A8C02435A8477
:1018F0005B6A18476C290020014B00215B6A18477E
:101900006C29002010B5154C05F05AFB05F056FD6A
:10191000208DFFF7F1FF237E63B12246104952F874
:101920000C3BE3606368536004F11900A3689360A3
:101930000AF012FD218DE06A02F0B0FBE36AB3F811
:10194000AA0002F02DFB636B94F8301094F831007C
:101950009847002384F8383010BD00BF6C29002060
:10196000C9180000034B93F838300BB1FFF7CABF1A
:10197000704700BF6C29002070B5184CE66AE36C14
:10198000E3634FF481730546A4F8403094F85000A7
:10199000337D96F8151100EB83002DB9FF2803D194
:1019A00096F814318B4201D005F082F8337D73B183
:1019B000606D05F05BFA616DE06B05F0DBFC15B95D
:1019C000284605F0A7FA022384F8383070BDE06B92
:1019D00005F04CFA05F0F2FCF1E700BF6C2900209D
:1019E000F0B590F86D40134A0B46012CD1E91E6703
:1019F00092F8502087B001F1800103F190034FF07D
:101A0000010006D0022C13D040F225410620FFF73A
:101A1000C1FA00240025CDE9013205900090CDE9FE
:101A2000034532463B46012005F002FC07B0F0BDFD
:101A30000446EFE76C29002008B5094B93F83820DD
:101A4000022A04D040F257312720FFF7A3FADA7AAE
:101A500042F00102DA72BDE80840FFF753BF00BF51
:101A60006C29002070B50F4DAE6D3478C90001F0BF
:101A7000080104F0F30492000C4302F00402144342
:101A80001B0103F0100304F0EC041C4300F00300FE
:101A900004433470B5F8643073700223A5F85C30E9
:101AA00070BD00BF6C290020F7B5184CA56E064626
:101AB0000DB1636C23B940F6C4012720FFF76AFA21
:101AC000B4F848306B702B782F4601F0030123F0F7
:101AD00003030B4307F8033BB4F84820616C384616
:101AE00008F05EFD0DF1020201A9E06EE563676496
:101AF00009F065F9019809F050F9B4F84810306020
:101B00000122E06E09F0F8F803B0F0BD6C29002066
:101B10002DE9F0412C4C94F83830012B06460F4645
:101B20005FFA83F804D040F60C112720FFF732FA51
:101B3000E56A2B7933B1002129710420FFF7D4FE27
:101B400085F805802B7A052B0AD120490220FFF762
:101B5000CBFE236E1B78991E4B424B4184F87030AC
:101B60001EB1BDE8F041FFF7CDBE002FF9D0636F85
:101B7000304698470028F4D094F83030002BF0D14C
:101B8000638C9A0716D594F87030002BE9D02B7D22
:101B9000E46A23B1294604F1A800FFF721FF94F875
:101BA0001521012096210BF0C9FDBDE8F041002070
:101BB000FFF7E2BE002BD4D194F87830002BE6D1A9
:101BC00094F87930E1E700BF6C290020CC2900208F
:101BD0002DE9F04F964EF46A91B004F1A8030A93F0
:101BE0000023CDE90D3396F838300790022B099188
:101BF0005FFA83FA04D040F6AD112720FFF7CAF947
:101C0000F36B03221D785978A6F8481013447364C7
:101C1000079BA6F8402005F00308002B00F0F48095
:101C200019B1F06E09F048F80146627A338DB16659
:101C30000132D2B282EA950743F4007317F001072C
:101C4000338546D1237A23B3032B62720AD8012B42
:101C50001FD0D6F880000DA908F0D7FF90B940F248
:101C6000D471CAE7053B012B02D940F2B371C4E736
:101C700001F00EF810B940F2DE71BEE739460820D7
:101C8000FFF732FED4E91C32013342F10002C4E90D
:101C90001C326379002121721BB161711020FFF7A2
:101CA00023FE338D43F40063338500230893237DA3
:101CB000C5F3C007CBB1B6F84830B3B105F096FB19
:101CC0000328FBD0022806D1FFF71CFE11B0BDE8A7
:101CD000F08F079BEAE740B9A37A03F001039F4224
:101CE00003D1012386F83130EEE7A27A02F0010336
:101CF0009F4240D04FF0000BB36E002B40F0968017
:101D0000B6F84830B3FA83F35B0903EA151386F893
:101D10007930099B002B40F08F80728C96F88630CA
:101D2000110704D596F87020002A40F08580012B19
:101D300000F28280736F0120984700287CD096F8CB
:101D40003050002D78D1E37C002B00F0D78094F840
:101D50001461012ED4E91C2304F1800104F19007E1
:101D60004FF0010000F0BF80022E00F0F18040F241
:101D70002541062042E7B6F84830E3B108F1FF31CB
:101D8000012918D8318D41F48051318596F884109D
:101D9000994206D296F8303043F0100386F830307E
:101DA000A8E7B16E0029A5D096F8851019B12020BA
:101DB000FFF7A2FD9EE70132B8F1030FA27219D01E
:101DC00008F1FF32012A0BD8002B93D0D4E91E3240
:101DD000013342F10002C4E91E32DDF81CB08BE78A
:101DE000002B87D0D4E91E32013342F10002C4E94E
:101DF0001E327FE7338D0F49012043F48053207159
:101E00003385FFF771FDEDE7237D0BB105F02AFB6C
:101E100096F88630013386F88630338D4FF0000B0C
:101E200043F480633385CDF820B065E701236CE788
:101E30006C290020B029002005F0C2F8BBF1000F8A
:101E40004CD101230993A54D2B8D5A0606D4402071
:101E5000FFF752FD2B8D43F040032B85089B63B1A8
:101E6000B5F80720B5F805301343E28813431EBFC9
:101E7000B5F809300133A5F80930079B002B00F0B5
:101E80002681B5F805300133A5F80530002385F823
:101E90008630934802F072F80D9830B108F07DFF5B
:101EA000002202720A9901F071FC0E9B33B10022EC
:101EB0001A720C220A990E9801F036FC099B002B2D
:101EC0007FF402AF2B8D1B063FF500AF8020FFF79C
:101ED00013FD2B8D43F080032B85F7E641460EA8BA
:101EE000FFF7E2FDADE72E4605900020CDE9036047
:101EF000FB26CDE90176009005F09AF9774F94F82A
:101F00001421962100200BF019FCD7F82C9097F89B
:101F1000503099F8142099F8141103EB8203FF2B29
:101F200003D199F815318B4202D0FF2004F0C0FD97
:101F3000FE6A00238DF83130ADF83230337A062B4B
:101F400000F2B280DFE803F0068E9191B0A3A30007
:101F50000646C9E797F88730A6F804310DF132013B
:101F60000FA8ADF8323000F085FE30B10F9820B1E7
:101F700005233372BDF8323014E0FB6A93F8513018
:101F8000002B6AD1D7F880000DF131020DF132013A
:101F900008F016FE002860D0BDF83230002B4BD17F
:101FA00001223272B865A7F8643003B1C31C3B66E6
:101FB000B27A96F809A0367A0B92022E07D0053E27
:101FC000012E74D81B78022B4FF003060CD0D7F8E3
:101FD000800008F050FE00286BD1032E04D000F0E2
:101FE00063FE80F00105EDB23C4F05F0010387F878
:101FF000783099F81330002B5DD0B7F86430002B9F
:1020000059D051460B9A2B463046FFF72BFD786D81
:1020100004F02CFFD7E9150105F072F9012387F8C8
:10202000883087F83830BBF1000F3FF40CAF4146E1
:102030000EA8FFF739FD06E79DF831201AB9028096
:102040008270032395E7027802F00302012A08BF99
:102050004FF0030A86F808A0A4E70023ADF8323059
:10206000012333721F4800239CE7B6F80431D7F8E8
:102070008000ADF832300DF131020DF1320108F07F
:102080009FFD00287FF476AF40F2C351B5E50DF116
:1020900032010FA800F0EEFD08B10F9810B940F220
:1020A000D251AAE5062364E740F2DC51A5E50126FA
:1020B0008DE7012598E70B9A2B4651463046FFF7EE
:1020C000D1FCB86D04F0D2FE05F078F9A6E7B5F8BA
:1020D00007300133A5F80730DBE600BF6C2900208C
:1020E00098290020E629002010B5064B93F83820E7
:1020F00002F0FF0422B91C7601F0C8FF204610BD93
:102100000C24FBE76C290020094B0A4A10B51A6021
:10211000FFF7EAFF20B14FF4B1712720FEF73AFF35
:1021200000F024FD044CE06400F024FD606510BD67
:10213000CC320020E02200006C290020F8B55C4C75
:1021400094F83860054606F0FF0016B909B102B1EF
:1021500023B94FF420712720FEF71CFF63639DF81D
:10216000183084F885306162626784F8300084F842
:10217000860084F8310084F888006084208584F823
:10218000780084F8790084F87000A0652066A4F8CF
:102190006400E0636064A4F84800E56204F0CAFCEF
:1021A00005F00CF995F91C0104F00EFDD5F8D0608E
:1021B000D5F8C80004F00EFD304604F049FE95F84D
:1021C000240004F011FDE36A93F891320BB104F09E
:1021D0009FFC0AF050FC95F8152100F189010120BF
:1021E00004F070FD334B186804F038FED5F8BC30AD
:1021F000C4F88030D5F8C030E366AB7B233B072BB7
:1022000054D9EB7B233B072B50D9B5F8E630B5F812
:10221000EC0095F81411984228BF184609F01BFEEF
:1022200095F8E830834228BF034698B295F8E43029
:10223000984200D3C3B295F8151184F8873005F1A0
:10224000DC000AF000F92F7D95F81511B5F8F06063
:1022500009F001FE0FB9043080B2864228BF06465D
:10226000F3B284F8843084F850302B7D23B12946B2
:1022700005F1A800FFF7B4FB0120FFF77DFBE36A3F
:10228000D3F8C00104F00EFE002323606360A36056
:10229000EB886380B5F8AA30238095F82430237149
:1022A000D5F818310BB101221A60F8BD1B23C2E723
:1022B0006C290020CC320020014B93F88800704735
:1022C0006C290020024B93F82900C0F3C00070472E
:1022D0006C290020014B93F8860070476C29002080
:1022E000391A0000D11B0000111B00006519000005
:1022F000F0B5070CA7F5AA42144B543A012A03EA99
:1023000090231FD927F4004042F6AA22801A18BF52
:1023100001200022162116461F2487EA060562EADC
:102320000505013510D0DD03ADB245EA5606E503DB
:10233000ADB2013945EA52024FEA53034FEA540461
:10234000EBD1F0BD0020E4E70020FAE7E0FF3F001A
:10235000304BF0B55A89B0F86070B0F85E609D8976
:10236000974228BF1746964228BF16461B2E85B0B7
:102370000C462ED0B5F5A47F2DD040F648039D42E3
:1023800001A928BF1D4608F0D9FEBDF80A30BB429E
:1023900028BF3B46E380BDF80C30AB4228BF2B463C
:1023A0002381BDF80630B34228BF33466380BDF8B1
:1023B0000830AB4228BF2B46A380FF232370E3885D
:1023C0001B3B9BB2E02B08D940F209513920FEF7A4
:1023D000E1FD1B2FCED105B0F0BD63881B3B9BB246
:1023E000E02B02D940F20B51F0E72389A3F5A47347
:1023F0009BB2B3F5E06F02D940F20D51E6E7A38836
:10240000A3F5A4739BB2B3F5E06FE4D940F20F518A
:10241000DCE700BFF829002010B501210020FFF7FC
:10242000E5F8044670B90121FFF7A4F8044620B985
:1024300040F225313920FEF7ADFD034B93F918101A
:102440000AF01AFE204610BDF8290020014BD8885A
:10245000704700BFF8290020044BD87CC0F340002F
:1024600080F0010000F00100704700BFF829002053
:1024700008B509F067FC00F0B9FD00F09BFB09F01E
:1024800043FF01F0E9FD03F0EDFF084B084800228F
:102490001A60084B4FF01B11C3E901014FF4A471FE
:1024A000D960DA741A801A8208BD00BFD0320020C9
:1024B00003021B00F8290020034B41F64C525A61DD
:1024C0001B229A74FFF7D4BFF8290020F7B5284DD6
:1024D0006B69C0F8DC3000F1A807264BC0F8C430A7
:1024E000044638460AF05BFC064600F053FB8306C0
:1024F00054BF1B23EB88A4F8063158BF1A461E4B65
:10250000A97C1B6848BF2A89A4F8082184F8E41034
:10251000A4F8E66023B194F91C11B4F8AA00984716
:102520001649384609F0F9F90123EA886979A4F8CF
:10253000DA302B89019129790091033303329BB260
:1025400092B204F1C00104F1BC00FFF7C1F8D4F865
:10255000BC3023B940F2E2413920FEF71BFDD4F82C
:10256000C03013B940F2E341F6E703B0F0BD00BF5D
:10257000F829002000093D00D4320020062A00205E
:10258000024B1B6803B118470C207047D032002063
:10259000034BDA8802801B7983700020704700BFEC
:1025A000F829002037B583781A2B054608D8042B64
:1025B00004D9144A22FA03F3DB0705D412241AE0E3
:1025C000292B01D03B2BF9D12888B0F5706FF5D2BB
:1025D00001A909F064FC88B9019B93F8202102F05D
:1025E000FF046AB9AA7883F82121FF2283F8202109
:1025F00001A808F076FE204603B030BD0224FAE7B9
:102600000C24F8E7200038040188A1F11B039BB2D9
:10261000E02B0CD84288A2F5A4739BB244F2481078
:10262000834204D8034B002059819A8170471220BD
:10263000704700BFF829002038B50278447802F0CE
:10264000010354EA030102F0020201D1112038BD56
:10265000BAB98578002DF9D0002B18BF002400E00E
:102660001D46204608F05DFD0028EFD0284608F002
:1026700058FD0028EAD0054B00209C73DD731882BA
:10268000E5E7002BECD000242546EAE7F8290020F6
:1026900013B5008801A909F01BFC044620B9019874
:1026A00090F832311BB13A24204602B010BD90F8A8
:1026B0005C3003F0FF04002BF5D190F853309B07FA
:1026C00006D1FF2380F8323101A808F00AFEEBE7BB
:1026D0000249543009F040FEE6E700BFCDC90000D2
:1026E000F7B50778EF2F05460C460FD890F9012073
:1026F0004378002A0ADB8278900707D113F0100094
:102700001DD1990603F0030202D51AB1122442E04A
:10271000032AFBD01E07F9D42979EA78EE7942EA38
:102720000122697942EA0142A97941EA06212E7A19
:1027300041EA06418A42E9D81F2A0FD8E6E713F09A
:10274000600FE3D103F00702052A05D003F00F0163
:102750000D22CA40D107D9D51A07DDD56A7A013AC8
:10276000062AD3D8AA7A032AD0D813F0040102D1BA
:10277000023A012A03D8EA7A012AC7D811B9AA7CF9
:10278000032AC3D82A7D48B1012ABFD12A7E012A53
:10279000BCD830B91124204603B0F0BD022AF5D1CF
:1027A000B4E7DB0712D46B782A7D03F01803082BFB
:1027B00011D1022AEED101213846FEF717FF064655
:1027C00078B10AF00DFCB8B10C24E4E700F0A2F9EE
:1027D0000028E8D1DEE7022AEDD02B7F002BEAD0DB
:1027E000D8E701213846FEF7C5FE064640B3154B33
:1027F00093F918100AF040FC30460AF02DFD2946E6
:102800002070E87430460AF07DFCEB7E0446002B15
:10281000C1D00028BFD1B16A0246684608F06AFB01
:10282000B06A2246012108F0B1FBB16A6846042271
:1028300008F060FBB06A2246214608F0A7FBAAE731
:102840000724A8E7F829002030B50279042A8BB0C4
:1028500003464FD84088B0F5804F4BD826498D5C51
:10286000114400244A79ADF8004042F0100242EAD7
:1028700045028D7AC97B8DF8084042EA850242EA1A
:10288000C10202F01F028DF80020BDF80020ADF853
:1028900009201A888DF80B208DF80E00120A000A04
:1028A0008DF80C208DF80D408DF80F008DF810403C
:1028B0005A7B8DF811205A798DF812209A79D3F825
:1028C00007008DF81320B3F80B209B7B8DF81A308E
:1028D0007F2305908DF81B3069464FF0011302A845
:1028E000CDE90734ADF818208DF82440FFF7F8FE45
:1028F0000BB030BD1220FBE72C87020073B50646F3
:10290000FFF78AFD04460AF0B2FC3378012B054636
:102910005FD120460AF0E3FB00287AD020460AF077
:10292000A6FC18B115B9122002B070BD20460AF0FD
:1029300057FB08B10C20F7E720460AF08EFB06464D
:102940000028F7D1204602F033FD0028EBD0ED013E
:1029500042F2107331462046ADB25D430AF073FC7B
:1029600020460AF07CFC014658B92A46204601F070
:102970001BFF08B90020D7E741F698213920FEF760
:1029800009FB31460DF10600FEF7BCFD064608B90D
:102990000D20C9E7BDF8061009F0A9FA3146204616
:1029A0000AF069FC3046FFF791FD2A463146204681
:1029B00001F0FAFE024610B141F6B421DEE7164BF3
:1029C000DB69002BD6D006F5917106F1A800984777
:1029D000D0E7002BA7D120460AF081FBC8B12046E2
:1029E0000AF0FEFA0028C5D020460AF0A8F90546EC
:1029F00020460AF0A7F9014600289BD1002DB9D046
:102A0000B5F8AA00FEF708FE0028B3D041F6D6219B
:102A1000B4E7422088E700BFF82900200278034687
:102A200072B1427862B142881A2A09D982881A2A78
:102A300006D9044A006850609B88138100207047C3
:102A400012207047F8290020024B02685A610020CA
:102A5000704700BFF82900200378A3F10A02112A69
:102A60009DBF024A0020937412207047F82900206D
:102A700008B5052000F082F803F0B4FC014B024ACF
:102A8000DA6108BDF82900205123000008B5094B80
:102A900001221A7002F07CFC0AF09EFD09F050F948
:102AA000FFF732FB002008F0F2F9BDE8084000F023
:102AB00075BD00BF182A002010B5064C0649201D20
:102AC00008F0DAFE04F108000449BDE8104008F0FF
:102AD000D3BE00BF182A00200821002010210020AA
:102AE00010B5084C0849201D08F0C6FE04F1080086
:102AF000064908F0C1FE04F10C000549BDE810408C
:102B000008F0BABE182A0020182100202021002039
:102B100028210020014B1878704700BF182A002098
:102B200010B5064C00F016FD606808F09DFEFFF73A
:102B3000C3FC00F0A9FE0123237410BD182A002055
:102B4000014B187C704700BF182A002010B5064CB6
:102B5000A06808F089FEE06808F086FEFFF788FCB0
:102B60000023237410BD00BF182A002000487047BE
:102B7000292A0020004870472B2B0020C208044956
:102B800000F0070001238340885C03438B547047A7
:102B9000D0200020014BD3E900017047D020002055
:102BA000034B1868C0F30020400040F0010070475C
:102BB000D020002008B505F0F1F9084A002332F8CA
:102BC0002310814205D302EB83029378044A1370E9
:102BD00008BD01330C2BF2D10023F7E74087020038
:102BE0002D2C002008B50068B0F8AA30A0F8653197
:102BF00090F8143180F86411012B06D0022B04D018
:102C00004FF43F710620FEF7C5F980F8673190F860
:102C10001531012B01D0022BF2D180F86831BDE8CB
:102C20000840024900F25B1009F096BB05B90000AC
:102C3000024B002283F822209A8470472E2C002019
:102C4000044B93F82220012A1ABF036001200020C0
:102C5000704700BF2E2C0020054B93F8221001294D
:102C600002461DBF012083F822009A84002070478D
:102C70002E2C0020054B024693F8220020B1136051
:102C800009B19B8C0B800120704700BF2E2C0020C7
:102C9000044B93F8220000229A8410B183F822207A
:102CA000012070472E2C0020034B93F82200B0FA2D
:102CB00080F04009704700BF2E2C002050B90A4A0E
:102CC0001346012003F8010B0868C2F801008A8846
:102CD0009A807047012805D1034B0A689A608A8858
:102CE000D8719A81704700BF542C002050B90B4B0B
:102CF000187888B1D3F80120B3F805300A608B80CA
:102D000001207047012806D1044BD87920B19A6878
:102D10000A609B89F3E70020704700BF542C002015
:102D200010B9044B18787047012806BF014BD879B9
:102D300000207047542C0020F7B500238A888DF8B6
:102D40000600ADF8042008680B4A8DF80730019D95
:102D50001478014602F5A872D8B2844201D808203E
:102D600008E052F8087F5668AE4208BF8F4203F170
:102D70000103F1D103B0F0BD682C002030B5094B40
:102D800001465C78002203F20113D0B2844201D8DC
:102D9000082005E013F8015F8D4202F10102F4D131
:102DA00030BD00BF682C0020F8B52D4C6378013B86
:102DB000DBB22218834292F80251637030D01A01BC
:102DC0000101961C8F1C2644274406F1100C56F86E
:102DD00004EB47F804EB6645F9D182328231224494
:102DE000214402F1100652F8047B41F8047BB24200
:102DF000F9D1E118221891F8026182F802610626E1
:102E00007343704303F5857300F58570E618E35846
:102E100023502718B388BB8091F83A3182F83A31B1
:102E20002846FFF7ABFF082818D12378013BDBB217
:102E30009D42237012D02B3304EBC30393E80300AD
:102E400005F12B0204EBC20282E803002078FFF7B1
:102E500095FF08281CBF241884F80251F8BD00BF54
:102E6000682C0020F0B5254D95F8984189B0224690
:102E700005F29911684607F093FB2146684608F071
:102E800080FF0446B8B300EB4001C9B202A8FEF7C8
:102E90000DFD631E95F8A161DBB2012495F8981130
:102EA00005E0721CB2FBF1F001FB1022D6B206F174
:102EB00020020DEB020010F8202C002AF1D103EBC8
:102EC00043012031694406EB46022A4411F8187C7C
:102ED00082F8A27111F8177C11F8161C82F8A37100
:102EE00082F8A41100F8204C013BAA19DBB2FF2B99
:102EF00082F89941D2D109B0F0BD00BF682C002002
:102F000070B5064688B00C46002A4ED0294A92F881
:102F1000A131D01890F8991119B9FF212820FEF796
:102F200039F803EB43011144013391F8A251E570E4
:102F300091F8A35191F8A41161710021257180F8D5
:102F4000991192F89811B3FBF1F001FB103382F85C
:102F5000A13192F8C23123B9174902F5DD7009F0A9
:102F6000F8F9657905F03F0545F0400565710D22DA
:102F70000021684607F0D4FAE3788DF80F30237902
:102F80008DF80E3004AA0423694630468DF80D50A2
:102F900007F024F99DF81F3023709DF81E306370F0
:102FA0009DF81D30A37008B070BD03216018FEF7B6
:102FB0007DFCD6E7682C0020652E0000044B5A7873
:102FC000824286BF1B1893F84A010020704700BF59
:102FD000682C0020044B5A78824286BF1B1893F855
:102FE00042010020704700BF682C0020064B0022E1
:102FF0004FF461711A8083F8C32183F8C421A3F8C8
:10300000C61183F8C2217047682C00202DE9F047D3
:103010008246894617469846FFF78EFE08280546E1
:10302000064603D0FFF7AAFE082860D1324C637829
:10303000072B5ED8082D15D12678731C072E237018
:1030400003D96C212820FDF7A5FF06F12B02D9F842
:10305000000044F8320004EBC203B9F804209A805F
:1030600083F806A065786B1C290163704B1C07F17F
:103070001002234412F8010D03F8010FBA42F9D1EE
:10308000813108F11003214413F8012D01F8012FBB
:103090009845F9D11021404608F0A3FE254410219F
:1030A00085F84201384608F09CFE85F80261667892
:1030B00085F84A010023114885F83A31314608F075
:1030C00060FE0128054607D80D48314608F059FE34
:1030D000002818BF0135EDB284F898510025284624
:1030E00084F8A151FFF7BEFE2846BDE8F087122004
:1030F000FBE70720F9E700BF682C0020AA2D00207D
:10310000B22D002010B5064B5878013840B2002887
:1031100000DA10BDC4B22046FFF746FE601EF5E798
:10312000682C0020014B83F8C3017047682C0020F5
:10313000014B93F8C3017047682C0020431E9BB2DB
:103140004AF2B71293429DBF024BA3F8C601012079
:1031500000207047682C0020014BB3F8C60170476F
:10316000682C002030B50A4B5C7884420ED9184494
:1031700090F802012B3003EBC004A5790D7053F8D1
:1031800030001060A3889380012030BD0020FCE750
:10319000682C00200246074810B590F8C34124B1BE
:1031A000417821B1023003F07FF9204610BD0C4672
:1031B000FBE700BF682C00202DE9F74F2F4C9A4603
:1031C000637883428046894656D9231893F8425142
:1031D00085F00105F9B193F84A31E3B945F00207EA
:1031E0000135BAF1000F18D1FA070AD5062101FB03
:1031F000084104EB0810524601F585718230FFF753
:103200007FFEBB0734D504EB081052464946023016
:10321000FFF776FE2CE02F46E3E794F8A1614FF02C
:10322000010B002DE0D0A319019393F8991199B9DE
:103230000092DAB100F0F8FA06EB46012144019B56
:1032400081F8A2014FEA102C009A81F8A3C1000C6A
:1032500081F8A40183F899B194F898310136B6FB4E
:10326000F3F103FB1166F6B2013DDAE747F004071C
:10327000384603B0BDE8F08F0027F9E7682C00203E
:10328000074B5A78824209D91A1892F842212AB972
:10329000062202FB003000F5857070470020704761
:1032A000682C0020064B5A78824281BF1B1893F885
:1032B0003A01B0FA80F0400998BF0020704700BF83
:1032C000682C0020F8B50E46074606213046154604
:1032D00008F087FD044670B10C4B0022587803F2C9
:1032E0003913D1B2884202D801242046F8BD03F830
:1032F000015F0132F5E73146384608F05EFD0828E7
:10330000F3D0024B034483F83A51EDE7682C0020D8
:10331000034B80F874101B680BB140881847704746
:10332000D83200200B2808B504D940F229112920F1
:10333000FDF730FE014B33F8100008BD7087020026
:10334000036830B50024D3F8C400A3F84040B3F8B4
:10335000444042F210754443B4FBF1F4A3F84440F6
:103360004C1E05FB0242B2FBF1F2A3F84220094ACF
:10337000B2FBF1F20132A3F848209A8F05FB024418
:103380005A6BB4FBF1F450439C63B0FBF1F058630B
:1033900030BD00BF005A620213B540F6B8338387D0
:1033A000B0F8CE20D0F8C4100190044601A8FFF771
:1033B000C7FF0C4B1B68062B01D001330FD10A4B02
:1033C0001B68063B08330AD9D4F8C800FEF790FF03
:1033D00080F00100C0B284F8910202B010BD00205C
:1033E000F9E700BF5032002054320020034608465F
:1033F00071B13F2B0BD8074AD35C03F07F02914297
:1034000005D08CBF0120002000EAD31070470120B6
:10341000704700BF88870200FF230B7002234B70A8
:1034200083238B70014B1B78CB707047342E0020A8
:103430002DE9F84FD0F80480D8F8186030460C46D3
:1034400007F099FC054620B94FF4AA711020FDF74A
:10345000A1FD0146304607F09CFCB5F800B01FFA0C
:103460008BF7824617B94FF4AC71EFE7224B1B681C
:1034700000F10309D3B998F8023098F803202370BB
:103480006378A4F802B002F00F0223F00F03134395
:1034900023F0C00363709AF8003003F00303012B9C
:1034A0000FD0022B0DD04FF4BB71CFE7B8F802005C
:1034B0003A464946984705460028DCD12846BDE8EB
:1034C000F88F627863F305126270304607F067FC8C
:1034D000054610B94FF4C071B8E7FB2F02D940F28E
:1034E0008F11B3E73A464946201D07F059F8304698
:1034F00007F0B0FBE2E700BFDC32002038B5134C28
:1035000010220021201D07F00BF801252574102240
:1035100004F10803002104F11400C4E9013306F0AA
:10352000FFFF84F8205004F11803C4E90533084A6A
:1035300000236362A36284F82C30C4F82D30C4F8F1
:10354000313084F835301360A36338BD342E002049
:10355000DC32002010B5084C2378FF2B04D040F259
:1035600099111020FDF716FD06F07EFE2070BDE8D3
:103570001040FFF7C3BF00BFDD20002010B5034C93
:10358000207806F08BFEFF23237010BDDD20002085
:10359000014B187806F092BEDD200020014B024A54
:1035A0001A607047E0320020313400002DE9F34109
:1035B000DFF86881054608F11407D8F80830D8F814
:1035C0001840227A012A22D1D8F8382052B1137A31
:1035D0001BB9BF211020FDF7DDFCD8F83840C4B975
:1035E000002083E01A7A012AFAD04D4A1C46EFF3F4
:1035F000108172B650680068506001B962B6A3428B
:1036000008BFC8F83840237A1BB9EE21E2E73A46F2
:10361000EDE7267AF6B205232372731E0B2B6ED8C4
:10362000DFE803F06A062235676D3E6D6D6D6D5BF8
:10363000636813B94FF40371CCE7204629469847D5
:103640000420EFF3108272B6237A052BD9B24FF023
:10365000000359D12372D8F83810A14201D1C8F81B
:103660003830B2BB62B634E0636813B940F215215A
:10367000B0E72946204698470346C3F30723012BAA
:10368000ADF80400C0B22FD0022BDAD11AE0636883
:1036900013B940F21D219DE7204698470020D0E74E
:1036A00063680BB9FE2195E786222A7001225988AA
:1036B000AA706A7100225869A5F80310AA7107F070
:1036C000C9FA0420D8F83830A34202D10023C8F840
:1036D000383000283FF471AF08E0124B29461B68D0
:1036E00020469847034668B9267298B102B0BDE8F3
:1036F000F0814FF415716DE740F257216AE740F20F
:103700005A2167E70220DDE711B940F27B2161E72A
:103710001846A6E7002B7FF450AF61E7342E002057
:10372000382E0020E032002010B51346027A22B174
:1037300040F202311020FDF72DFC0A46BDE8104092
:103740000146014808F0E2BD382E0020044890F8F8
:103750002C301BB90349243008F0F5BD704700BF79
:10376000342E0020FDC200000346064890F83C209D
:103770003AB190F8352022B900F82D3B024908F003
:10378000E2BD7047342E00201934000010B50A46FF
:10379000037A23B140F20A311020FDF7FBFB01460A
:1037A000BDE810400148072308F0B0BD482E0020B6
:1037B0001346027A0AB1037270470A46014601486D
:1037C00008F0A4BD382E00201B234FF01B12838469
:1037D000038482618382C260038539B94FF4A47384
:1037E000034AC3844384C261C3820261704700BF3D
:1037F00048014801014908F0AFBD00BF5FC30000A8
:103800000B8BA2F80B304B8BA2F80D308B8BA2F8F0
:103810000F30CB8BA2F809000249A2F811301046F4
:1038200008F094BDAFC30000094AD2E90003434049
:1038300083EAB01181EA43214FEAF3435360054B19
:10384000116058434FEAF06000EB8000704700BF02
:10385000742E0020BB79379E094AD2E90003434009
:1038600083EAB01181EA43214FEAF3435360054BE9
:10387000116058434FEAF06000EB8000704700BFD2
:10388000E0200020BB79379E10B50A4C094808217A
:10389000FEF70CF8D4E900321343F7D0064CFFF7DB
:1038A000DBFF2060FFF7D8FF236860601843F6D085
:1038B00010BD00BFE0200020742E0020174B184AD6
:1038C0009A60184A5A60184A1A60184A9A62184A46
:1038D000DA62184ADA60184A9A61184A1A63184A72
:1038E0001A62184ADA64184A9A64184A5A62184BDB
:1038F000184A9A60184A5A62184ADA62184A1A61D3
:10390000184A5A61184A9A61184A1A63184A9A64FE
:10391000184ADA64184A9A63704700BFE4320020FC
:10392000E9C600000FC7000075C7000031C80000DD
:103930007BC800007D3C00008DC80000F13E000007
:10394000793D000051C9000069C90000C53D000073
:10395000E4330020FFC6000025C90000ABC800000A
:103960005BC80000CBC80000093D0000EFC90000A3
:1039700097C9000089C900000FC90000044B054A1F
:103980005A65054B054A1A65054A5A65704700BFD6
:10399000E43200209DCA0000E433002087CA000002
:1039A00009CB0000054B064A9A65064A1A66064B83
:1039B000064A9A65064ADA65704700BFE43200207D
:1039C000F1BA0000A5BB0000E433002041BA0000BA
:1039D00025BD000037B5044601A80D46FFF730F9B4
:1039E00020B94FF4AA615120FDF7D4FA00210198C3
:1039F000222206F095FD019B194601F8035F023D66
:103A0000232D00F28980DFE805F02587128A8A25B8
:103A1000872B878A313D418787458A8A4E4E656567
:103A200087878787878787878787876C77802168DD
:103A3000D1F8CE215A60D1F8D2219A602268D2F80A
:103A40009420DA600D20FFF707F9002869D140F2D1
:103A50005751C8E7226892F8A0201A710220F2E7B5
:103A6000204600F00BFA0028EDD13DE011221A713A
:103A700059225A7100229A713922DA7110221A726F
:103A80000620E0E7226892F89A20E6E7084600F070
:103A9000E3F9E8E7226892F89B10197192F89A20EE
:103AA0005A710320CFE72268B2F800111971090A90
:103AB0005971B2F8A2109971090AD971B2F8FC10C3
:103AC0001972090A5972B2F8A0209A72120ADA72AF
:103AD0000920B8E7226892F82E11197192F82F2167
:103AE000DEE7114B1B6813B940F249517BE72320F5
:103AF000224698470420A6E70B4B1B68002BF3D007
:103B000022462420984705209DE7074B1B68002B81
:103B1000EAD022462520F5E740F2445163E7012030
:103B200091E703B030BD00BFE43400203F289ABFC6
:103B3000024B53F820000020704700BFE432002001
:103B40003F289ABF024B53F820000020704700BF67
:103B5000E4330020F7B50568D5F8BC6004464FF69D
:103B6000FF770DF102010DF101023046ADF8027050
:103B700007F026F801A9304607F047F848B1019848
:103B800007F00BF92168A83100220272FFF7FEFD51
:103B9000E7E7044905F1280003B0BDE8F04008F06C
:103BA000D5BB00BF7DC60000F0B5044685B00D460C
:103BB000FF2600F8A56C10F8A63CF3B1174F3B7830
:103BC0001BB162211F20FDF7E5F90C21381DFDF71F
:103BD0006DFE3E70002304F8A53C2A468A2302F8B5
:103BE000033BD4F80930C5F80330D4F80D305360E6
:103BF000D4F81130936005B0F0BD01A80C21FDF799
:103C000055FEA4F5F473039A1A6001AB03CB44F894
:103C1000AE0C44F8AA1C04F8A66CDBE77C2E00204E
:103C200010B5054C23782BB90C21201DFDF73EFE65
:103C3000FF23237010BD00BF7C2E0020024690F8A9
:103C4000D631BBB990F8D73103F0FF010BB100209A
:103C50007047094B18780028F9D01970D968C2F854
:103C60009410043303CBC2F8CE01C2F8D211FF2363
:103C700082F8D631012070477C2E002038B50268CA
:103C8000D37B04460D463BB1122B05D0103B0F2BC6
:103C90008CBF0120082038BD92F8523013B920465D
:103CA00008F0B2FC2268D5F80B30C2F8C631D5F85E
:103CB0000F30C2F8CA312368D5F81320C3F890201A
:103CC000B3F8AA20A3F88522D5F80120C3F88722EB
:103CD000D5F80520C3F88B222368B5F80920A3F88E
:103CE0008F222368002583F89E5183F8D6512068DF
:103CF000044900F51F7008F026FB23681522DA73CB
:103D00002846C8E7A93B000010B50368DA7B1F2AE4
:103D1000044604D040F29D211F20FDF73BF993F8A3
:103D20005220B3F8AA00002183F8511082B1C3F8E1
:103D3000A91183F85210A3F8AD110D49A3F8AA01F7
:103D400003F5D07008F0FFFA23680022DA7310BD83
:103D50000121A3F8990183F89B1183F89821054963
:103D600083F89F21A3F89C2103F28F10EAE700BF9C
:103D700019C8000001C8000038B505682B6813F0A9
:103D8000010419D1D1F801200C4BD1F805101340D2
:103D90000B4AC5F86230C3F3076343F008030A40D7
:103DA00085F86530C5F8662008F02EFC2B6843F0D6
:103DB00001032B60204638BD0120FCE72FC904F722
:103DC0006FDB008010B50068837B042B2CD1D1F809
:103DD0000130D1F80540C0F86230C3F3076343F007
:103DE000080380F8653000234A1CC0F8664080F85C
:103DF0004A30837390F8713103F0FF040BB1002057
:103E000010BDB0F8AA30A0F8733180F87241D1F833
:103E10000130C0F875315368C0F87931034900F2B8
:103E2000691008F090FAEAE70120E9E7E5C8000028
:103E3000006890F871315BB9B0F8AA30A0F873311E
:103E40001A2380F87231034900F2691008F07BBA36
:103E5000704700BFE5C8000010B50446FEF79AFEA3
:103E6000044A054B02400B40C4F80120C4F8053059
:103E7000092010BD2FC904F76FDB008037B50C4651
:103E80000568FEF787FE0A4A0A4B0A4095F8621059
:103E90000192034000930B408DF800306B4603CB3A
:103EA000C4F801000920C4F8051003B030BD00BFFC
:103EB0006FDB00802FC904F738B5DB04154604D545
:103EC000037D13B10023436338BD446B0134446365
:103ED00008F06CFD836B9C42F6D3002343630349D7
:103EE0002846BDE8384008F037BA00BF45C9000091
:103EF00038B50468A37B012B054602D023689807D8
:103F000038D494F853309A0713D44A7884F85D2053
:103F10004A88A4F85E208A88A4F86020D80743F075
:103F2000020284F853200FD5134904F1540008F01D
:103F300013FA94F85330D90711D423689A0708D597
:103F400058214020FDF726F894F83231002BEBD1B0
:103F5000EFE743F002032360284608F055FBA37BFC
:103F6000012B4FF0000301D0002038BDA37384F86B
:103F70004A30F9E70120F8E7CDC9000070B50568BF
:103F8000044602F04DFA054BE8721B6801461BB16E
:103F90002046BDE87040184770BD00BFEC340020DB
:103FA000024B1B6803B11847704700BFE83400207C
:103FB000F0B51F4D2B78002414709BB1013B6D6848
:103FC000DBB21E1B012E0FDC05EBC40655F8347066
:103FD00076688E4208BF874227D0B84271EB06064A
:103FE00012D214700020F0BD1E19771005EBC70E19
:103FF00055F837C0DEF804708445C6F347068F4194
:104000002CBF33463446DCE705EBC30455F8335088
:1040100064688C4208BF854206D0A84271EB040454
:1040200028BF01331370DDE71C4614700120DAE766
:104030009C2E002010F0070208B503D06321482011
:10404000FCF7A8FF18B1034B197258601A70C8002A
:1040500008BD00BF9C2E0020014B00221A70704743
:104060009C2E0020FF230B70074A0D234B708223E8
:104070008B701368C1F803305368C1F80730936838
:10408000C1F80B30704700BFB22E00200248162244
:10409000002106F045BA00BFB22E00200B4B5A7D1E
:1040A00092B14A0610D5B0F8AA201A80D0F8502252
:1040B0005A60D0F854229A60C2885A800449022279
:1040C00003F10C00FFF774BB704700BFB22E002055
:1040D00065400000094B53F8203070B503F52343C9
:1040E0000C461646A1334FF47A72B3FBF2F503F097
:1040F0002BF834442C44204470BD00BF8C8802004F
:104100002DE9F04F8FB09A4690F815310793044689
:104110008946069207F0F4FB834694F81F01FFF7E7
:1041200001F9834408F0A7FCE37B0393069B1FFA85
:104130008BFB00F16007002B4BD1637B032B48D135
:10414000039B0C2B32D1B4F86C324B452ED1D4F8F2
:10415000F031C4F8E031D4F8C430B4F8C421C4F864
:10416000E431B4F862321344C4F8E831204602F076
:1041700003F9D4F8742294F81D31C4F8C42041F630
:104180004B518A428CBF002303F00103D4F8701214
:10419000D4F87822C4F8D41084F81E31B4F86E1222
:1041A000A4F8D8100223C4F8CC206373E37BA17B6E
:1041B000282B01D028290CD1B4F86C32A9EB0303C9
:1041C0001A0406D4A1F1280359425941204601F0AE
:1041D00095FCB4F86052B4F8068094F81531089351
:1041E000A9EB05052DB204F50C73A9EB0808002D09
:1041F00004930FFA88F817DAD4E99223C4E99623D6
:10420000012345460493D04B1B7813B103F0AAFE5B
:1042100068B90026637B032B00F2D681DFE813F038
:104220006C007201C1009801CDF810A0EBE7B4F862
:10423000D831012BEDD9637B022BEAD094F80262CE
:10424000002EE6D194F81F01FFF76CF8637B00F5B0
:10425000C86B012B1FFA8BFBD9B23FD1A27CD4F8DB
:10426000D430032A33D1D4F8E42113445946D4F886
:10427000E401099303F03AFED4F8E061099BD4F815
:10428000E821C4F8E001861B59461846564303F05E
:104290002DFED4F8EC31C4F8EC01C31A5946D4F819
:1042A000C4001E4403F022FEB4F8C431D4F8E8215F
:1042B00043445B1B9B1AD4F8F021013B821A02FB9A
:1042C00003660123C4F8F00184F80232A2E7304605
:1042D000099307F0CFFD099B0344C7E7D4F8C40056
:1042E000594603F003FEB4F8C461D4F8F0314644F3
:1042F000761BC31A5E43E4E70121002007F0BAFDF4
:104300008046D4F8D4005946404403F0EFFD5946A6
:10431000C4F8EC01D4F8C40003F0E8FD0BA9C4F81C
:10432000F0010CA802F05CFE0B9B0093D4E996010F
:10433000DDE90C2303F0BCFE049004F1A80008F0B2
:104340000CFCD4F8D410D4F8642294F815018D181C
:1043500002F002FFD4F8EC11049B203D6D1AED1B16
:10436000454400F52340ED1AA1304FF47A73B0FBB9
:10437000F3F0B4F8D83030312D1A03EB410194F842
:1043800015013A46FFF7A6FED4F86432EB1A223044
:10439000DA2BC4F8F4015DD840F2C7413020FCF7B5
:1043A000F9FDD4F8D430D4F8E4015946184403F0A8
:1043B0009DFD5946C4F8EC01D4F8C40003F096FD05
:1043C000C4F8F00104F1A80008F0C7FBD4F8D43019
:1043D000D4F8E4511D44B4F8C431002B40F08E8071
:1043E000BAF1000F00F08A8094F8150102F0B4FED3
:1043F000D4F8EC11D4F8503294F815216D1A203D00
:104400001D44D4E992BC514B53F82220A5EB0B0577
:104410004FF47A7302F2E732B2FBF3F21544ED1B6C
:1044200000F52340A130B0FBF3F02D1AD4F8E821B9
:10443000D4F8E03194F8150102FB0313B4F8D81056
:10444000303301EB43013A46FFF744FE0123C4F841
:10445000F4016373D4F8C430D4F8F0217E3B9B1A86
:10446000DF1B002384F83032D4E996328742A5EB73
:10447000060528BF07465B1942F10002C4E99032E5
:10448000C4F8C07104F1DC0007F0DBFF042384F8FA
:104490003932D4E99023C4E99623B4F8B031A4F8B2
:1044A0006092A3EB09031BB2002BD4BF00220122B0
:1044B000520084F83822039A38440C2AC4F8340293
:1044C00000F08580BAF1000F40F08480637B002B00
:1044D00000F09D80D4F8C410D4F8F03104F50C70CD
:1044E000C91A07F08AFC80B2002800F09080189B5F
:1044F00003B1188001200FB0BDE8F08FD4F8EC11A3
:104500006D1A93E7D4F8F011D4F8C430B4F8C4218C
:10451000D4F8E801D4F8E0C15B1A5D43D4F8EC317B
:104520004244121A3033013A0CFB003301FB0233D0
:10453000B4F8D81094F815013A4601EB4301FFF79F
:10454000C9FDC4F8F40185E7C82E00208C8802005C
:10455000D4F8F0E1D4F8C430B4F8C4C1A3EB0E032E
:104560005D43049B3BB3BCF1000F24D1D4E99423F9
:10457000D4E99201904271EB030302D340F20E5151
:104580000CE707992B4B53F82130D4E99201CDE980
:1045900004010498203A121A03F2E7314FF47A7BAF
:1045A00003F52343B1FBFBF10A44A133B3FBFBF357
:1045B000D21AD21B15440CEB08010EFB01F130316D
:1045C00008983A464900BAE740F22651E6E6BAF1C1
:1045D000000F1CD0B4F8D80118B3B4F8DA1194F86D
:1045E000DC21A4F8DA1101FB0222904201F101055D
:1045F0000DDD002B0BDD002384F83832A4F8DA51EE
:10460000FFF712F900F00700013084F8DC0104F52F
:104610000C7104F5027004F063FE20B940F276518B
:10462000BCE60146DBE7069B83F0010384F8003219
:10463000002060E78C8802002DE9F8430E4604460E
:1046400018B9D3213020FCF7A5FC052900F2A7807A
:10465000DFE801F00376413DA52E03F06BFEC4E9CF
:104660004601204600F0C8FFD4F80C01CB3803F017
:1046700017FD204608F0FBFD054600BB014620461D
:1046800008F032FD00F1E506D4F80C01B04209D281
:10469000301A322838BF3220032103F01BFE60B1EC
:1046A00003F002FDC4F80C61204608F0F2FD45B1AC
:1046B0002046BDE8F84308F0EDBD0125F2E70025EE
:1046C000F2E7D4E94623C4E94023BDE8F883BDE816
:1046D000F84302F091BC08F012FD042384F8113174
:1046E0008146884603F0DAFC07220F46A9FB023117
:1046F00002FB0811D4E940525B1941EB0205D4F8E2
:10470000E8203AB159EA080204D0984277EB050252
:1047100028BF012684F81061D4E94826121A66EBF6
:10472000070694F8301139B9012A76F100010BDA45
:10473000204600F069FF03E0012A76F10006F7DB6E
:10474000002384F82831C0E7984277EB05010FD2A7
:1047500059EA08080CD01B1A65EB07019A4276EB60
:10476000010005DB012B71F10000A4BF1A460E46C3
:104770000C490123914284F829314FF0000384F859
:104780000831B341B8BF0A4604F1C00004F5847192
:1047900004F03AFE002898D140F2B26152E7EF21CE
:1047A00050E700BF0040420F2DE9F84304460E4693
:1047B000154690F8283103F0FF07002B40F0948055
:1047C00000F1C00839467822404605F0A9FE474965
:1047D0002246404604F07EFDC4F8E860FF2384F8DA
:1047E000283166B1FFF738F800F00700013086F88D
:1047F000DC013F49324606F5027004F06BFD40F2E1
:1048000002434FF00009A4F8103184F8089103F036
:10481000CFFB00F19E06204608F029FDB6B2014606
:10482000C0B307F06DF800F1280189B2284603F003
:104830005DFB2844C4F80C0103F030FC301841F152
:104840000001C4E94601012084F8EC00A4F81E90A0
:1048500008F0BFFDE53D2D1AC4F8F0504FF0FF35CC
:104860006FF00041D4E94623C4E948510025C4E96A
:104870003E23C4E9402384F8295142F2107204F522
:104880008471404604F0C0FD38BB40F2B9113020BD
:10489000FCF780FB204608F027FCDFF85890E53055
:1048A000C4F80C01B9F8020048B1E08B38B1FEF74A
:1048B000D3FFB9F80230B0FBF3F202FB1300064459
:1048C00003F0ECFB361841F10001C4E94661002D0C
:1048D000C4D0AD1941F10001C4E72946204608F0D3
:1048E000DBFC3846BDE8F8830C27FAE739460000C0
:1048F00075CB0000C82E0020F0B5002385B0CDE9AF
:10490000003301238DF806306846FCF7A9FE70B12C
:10491000104E012333710023CDE9023302A8FCF7C6
:104920009FFE044638B10023337105B0F0BD0098F6
:1049300008F008FAE8E7029D6B7B002BEED005F546
:104940000277384603F060FC384603F071FC6C7364
:10495000E4E700BFC82E0020054B002201215A7158
:1049600019701A7142F210725A80FFF7C5BF00BF6A
:10497000C82E0020014B5871704700BFC82E002080
:1049800008B502F071F8044B9A6882422ABF187980
:10499000002080F0010008BDC82E00202DE9F3475B
:1049A0000446062900F2DB80DFE801F0048473810D
:1049B000878CD300D0E99201D4E99423904271EB23
:1049C000030354D294F80232002B50D0637B032BA4
:1049D0004DD108F050F894F815A1814606F090FFEB
:1049E000064694F81F01FEF79DFC064494F81F014B
:1049F000FEF798FCD4E99223D4F85072D4F8C05151
:104A000080465046BF1A02F09FFB564A52F82A20B1
:104A1000A5F1600302F52342A1324FF47A71B2FB93
:104A2000F1F29B1AA3EB09031B1A09F1890909EB9F
:104A30005309B6B2603B08F5C86873431FFA88F89B
:104A4000B3FBF8F360335A08A9EB53039F4202D338
:104A500091444F4501D903F08BFAD4F8C400314694
:104A600003F044FA0023C4F8F00184F802323E4B0C
:104A70001B7903F0FF0263B90092B4F8B41101236B
:104A80002046FFF73DFB30B140F2CE613020FCF70D
:104A900081FA0423637302F079F904F007FCE288D9
:104AA000A4F8FE210023A4F8623284F8013202B097
:104AB000BDE8F08703234373F9E708F035FEC4E946
:104AC0009401F4E790F81501274F08F036F86E309E
:104AD000D4F8F031D4F8C45095288CBF0020C0F130
:104AE0009600C218954288BFED1A7B798CBF2D1AAB
:104AF000002523B9D4F8DC309D4228BF1D4604F1BF
:104B0000DC00D4F8C06107F09CFC0644022003F0EE
:104B1000B5FBAD1B25EAE575854228BF0546022198
:104B2000284603F0D7FB10B103F0BEFA2E44012350
:104B3000DC22314604F1A80007F02EFDD4F8C03184
:104B4000B860D4F8C400184402B0BDE8F04703F0E0
:104B5000A7BAA83002B0BDE8F04707F0FEBF40F2A8
:104B60009C7193E78C880200C82E0020014B58806E
:104B7000704700BFC82E0020074A03461068D3F8CC
:104B80004920C0F80320B3F84D20A0F8072093F87F
:104B9000481007F0AFBA00BFD42E002070B504460D
:104BA0000E466588807D15F00401134618BF04F198
:104BB00057013246FEF700FB4107054621D4C207E4
:104BC0000BD5012384F84830A07DFEF759FB03681C
:104BD000C4F849308388A4F84D30AB0701D40120D4
:104BE00070BD094B1868D4F85730012184F856106D
:104BF000C0F80930B4F85B30A0F80D3007F083FA44
:104C0000EDE70020ECE700BFD42E002038B5C38CC0
:104C10000F4D0133C3F30E03C3842B7C04462BB129
:104C200002F09EF901F072FC00232B7400232B711B
:104C300094F869302BB101212046BDE8384008F0D6
:104C40004DB9637C13B1E28C9A42F4D20021F3E7B0
:104C5000D42E002010B5074C2379012B05D1237CDD
:104C60001BB102F07DF901F051FCA069BDE81040D4
:104C7000FFF7CCBFD42E002070B5254C2379012B33
:104C800004D040F682412D20FCF784F998B9012523
:104C9000237C1BB102F064F901F038FC002D36D002
:104CA000A06908F06AF868B302F020F8E369BDE88B
:104CB00070409B6818472168A26911F8095B02F1EE
:104CC0004903E80992F8482007F03DF80028DED0B3
:104CD0002068002107F03CFA0028D8D02379A06989
:104CE000012B02D040F65C41CDE72379E26903F164
:104CF00080435269013B05F00F0152F82330984779
:104D00000546C5E7A069BDE87040FFF77FBF70BDED
:104D1000D42E0020074A0346906903B909B9FFF76A
:104D200075BF1379D26903F180431269023B52F8CF
:104D300023301847D42E00202DE9F043032985B0F5
:104D40000546174607D14388980723D400242046F8
:104D500005B0BDE8F083428890F86830D107DBB237
:104D6000F4D5002BF2D14FF00108DFF8D49099F878
:104D70001060C6B107F02BF80828387016D002AAC8
:104D80000DF10701FEF7EEF938B940F6F7612D2075
:104D9000FCF700F94FF00208E7E79DF8070002A9C9
:104DA00007F051FE06463B78082B08D1D9F80010D1
:104DB00011F8030BC0F3801007F045FE0646D9F842
:104DC000001095F84F2011F8030B05F15003C0F3C4
:104DD000801006F0B8FFD9F80010044611F8030B54
:104DE000C0F3801006F0E9FF8146FEF75BFA40B1A0
:104DF000B9F1080F1BD04846FEF7E0F880F0010338
:104E0000D8B23A78082A14D01CB9AC7DA21A544200
:104E100054416A8853079AD4002897D176B9EC7C1C
:104E2000444518BF002C0CBF012400248FE700204C
:104E3000E7E780F001022240D4B2EAE7344686E791
:104E4000D42E00202DE9F04F85B008230DF1070284
:104E5000052104468DF80730FFF76EFF064620B99E
:104E60000026304605B0BDE8F08F794F39687A7C6E
:104E700011F8030B07F11203C0F3801006F063FF73
:104E800080460028ECD13B68A16918468D7D10F85A
:104E9000032BC2F340122A408A75D3F80320C1F8CD
:104EA000AD208288A1F8B1201D46A26915F81F1B0C
:104EB000C1F3801182F8AC10D3F81F00029002A950
:104EC00028790871D3F80F00C2F8C800587D1D7DFD
:104ED000000440EA0520DD7C2843C2F8D000B3F886
:104EE000190082F81E8140F2E24909FB00F0C2F885
:104EF000C4009D7DC5EB451005EB800505EB8505E0
:104F00006D00A2F8D850B3F8170009FB00F0C2F802
:104F1000D400B3F81B00A2F8CC00B3F81D00A2F82F
:104F2000CE0093F8243003F01F005B0982F82200C2
:104F300082F81F31A56994F912A005F1160007F057
:104F400037F840F20113A5F814314FF0FF0B85F844
:104F500016B1414605F1DC00FEF736FC514605F17D
:104F6000A800FEF7D5F9A36984F87380B3F8AA20E6
:104F7000A4F8742084F891B04FF6FF72A4F8922040
:104F8000D3F8C420B2FBF9F2A4F88A20B3F8CC20FD
:104F9000A4F88C20B3F8CE20A4F88E2093F81F211B
:104FA00084F89020627D9DF8070004F17E0162B3D1
:104FB00094F84820012A28D194F84E2002F0C0022B
:104FC000402A22D1D4F84920C4F87E20B4F84D20DC
:104FD0008A8093F8AC2084F87720082803F1AD0587
:104FE00004F18401D3F8AD3004F1780227D0C4F87D
:104FF0008430AB888B8004F17701FEF7B3F840B9B9
:1050000040F6E2312D20FBF7C5FF0022C4F87E20D8
:10501000DEE794F8773043F0020384F8773004F148
:105020006A000C4907F08FF90B4BA0691B6800223E
:105030003A71002B3FF415AF2146984711E7A3675B
:10504000AB8893800023C4F884308B80E7E700BFEF
:10505000D42E002005D00000F4340020032937B5F9
:10506000044604D0052953D0012003B030BD0823E5
:105070000DF107028DF80730FFF75EFE0028F3D030
:10508000237C284D03B39DF8070094F8B630DBB9B4
:10509000237884F8B730082804F1B90229D004F144
:1050A000B801FEF75FF820B94FF477612D20FBF7C8
:1050B00071FF94F8B83043F0020384F8B8301A490D
:1050C00004F1AE0007F03FF92B6804221A700622A3
:1050D0005A702046FFF750FD286894F83820616B1D
:1050E00007F027F8032328682B7101F0BFFE00208A
:1050F000BBE72868034613F8031BC1F3801184F84B
:10510000B810D0F80310C4F8B9109B889380D6E784
:10511000064B1B68002BEAD0984780F00100C0B214
:10512000A3E700BFD42E0020EDCF0000F034002014
:10513000F8B504460F4619B300F12005284608F0DB
:1051400021F9A0B963881A072ED5284608F031F94D
:105150000646284608F016F9301AC0B208F039F9A8
:10516000474A936803442846936008F0E7F82846C6
:1051700008F0E9F801F038FD2179252001F098FCCC
:105180003F4E94F8562030680023037043706388C4
:10519000103B0D2B64D8DFE803F05F635B0C6340CA
:1051A00063636363636363402046BDE8F840FFF7D1
:1051B0002DBD06234370202303702046FFF7DCFC3F
:1051C000638823F008039BB2152B05D094F8302098
:1051D000E16A306806F09EFF306801F047FE022366
:1051E00021793371002001F00DFD054607B9F0600B
:1051F00063881B0704D508F0E9F80544C4F8F450A7
:105200006388103B0D2B36D8DFE803F038352F2F9D
:10521000352F353535353535352F0C23437003465D
:10522000212103F8091B52B1D4F85720C0F80920F6
:10523000B4F85B209A80012106F065FFBDE7226D7E
:10524000C0F80920B4F854209A8094F84F10F3E77E
:10525000062303704370B0E7022303700623F9E7C7
:1052600040F259612D20FBF795FE21790120BDE820
:10527000F84001F09BBE40F6F541F3E7F8BD00BFF2
:10528000D42E002038B54388102B044604D1BDE845
:1052900038400121FFF74CBF0B4D2B7C23B101F0AF
:1052A0001BF9402001F050FE286801F0DFFD608806
:1052B00010F0040002D1217901F078FE002001F005
:1052C00029FE01232B7138BDD42E0020024B012171
:1052D0009869FFF72DBF00BFD42E002010B5124CE7
:1052E000237C1BB101F03CFE01F010F9A06907F02E
:1052F00044FD38B12379012B09D040F686312D20A9
:10530000FBF748FEA069BDE81040FFF77FBC23799A
:10531000E269A069D26803F18043013BBDE8104017
:1053200052F82330184700BFD42E002010B507488C
:10533000037903F0FF0433B914222146043005F049
:10534000EFF8204610BD0C24FBE700BFD42E002050
:1053500010B50A4C00232371FDF708FC2060FFF70D
:10536000E5FF20B14FF442712D20FBF713FEE369F6
:1053700013B940F20B31F7E710BD00BFD42E002067
:10538000014B024ADA617047D42E002054560000C7
:10539000034B044A1A60044B044A1A60704700BF6A
:1053A000F0340020454E0000F43400208FCE000081
:1053B000F8B5057DAF1E0446FFB2002D3AD0012F8F
:1053C0002DD800F1500190F84F0006F0F6FC0828A7
:1053D000064624D0FDF7FEFD10BB023D18BF012597
:1053E000012F8CBF0027012784F848506775A675E8
:1053F000FDF7B2FE054602F051FE154B0022E5FB1B
:105400000301C4E9100184F8562011462046FFF735
:10541000C5FB70B940F2A3412D20FBF7BBFD082668
:10542000022D09D104F149010020FDF75FFC60B9AC
:105430000020F8BD0826F5E704F149010120FDF739
:1054400055FC0028F4D00125CAE70025C8E700BFB5
:1054500040420F00F0B5444E327985B0044602F068
:10546000FF0312B90278FF2A04D140F6DD112D2086
:10547000FBF790FDB36080F869303C4B00933C4BE8
:1054800001933C4B0293F36968465B68039301F018
:10549000E5FC01F04FFB01F063FD01F037F8364801
:1054A00001F098FB04F12005344801F0D1FC2846B6
:1054B00007F044FF284607F046FF01F095FB2179ED
:1054C000252001F0F5FA94F9120001F07DFB04F1BA
:1054D0002C01A06A05F07FFD04F134010746A06AA3
:1054E00005F0A0FD0546DFB1237FCBB1B4F926500E
:1054F000ED43ED0F637D13B963885B0709D5D4E9EC
:1055000010126FF000439A4208BFB1F1FF3F0DD176
:105510009DB930680330FDF73DFE307405B0F0BD35
:10552000002DE7D0657F002DE0D1E3E702F0B6FD66
:10553000D4E9102390429941EAD30122294620461A
:10554000FFF72CFB50B1FDF707FE054602F0A6FD64
:105550000B4BE5FB0301C4E91001DAE7002DD8D0BD
:1055600040F61C2183E700BFD42E0020DD5200004E
:10557000794C0000154D0000D6BE898E555555005A
:1055800040420F0073B50446FFF764FF0021204638
:10559000FFF7CEFD236E0BB101221A606388DB0793
:1055A00024D50023124EA569CDE90033FF2373747F
:1055B0006846FCF755F8C8B9009CA542F8D095F8A4
:1055C000B32094F8B30005F1B40304F1B40106F07C
:1055D000BAFB0028ECD094F8AC307374D4F8AD303A
:1055E000C6F81230034BB4F8B1209A8002B070BDF7
:1055F000D42E0020E62E0020024B9861DB691B6848
:10560000184700BFD42E002043881B0710B504465E
:1056100012D583690A493C2280F87320B3F8AA3076
:10562000A0F87430FF2380F891304FF6FF73A0F894
:1056300092306A3006F087FEFF2384F8693010BD8F
:1056400005D0000051D000008552000057D0000066
:105650005D50000085550000554C0000CD52000003
:1056600044560000485600005056000001380228F9
:1056700008B503D9C4212F20FBF78CFC13290A4B52
:1056800005D811290CD8102907D0D221F3E7152904
:10569000FBD103EB4003D88801E033F8100008BDCC
:1056A00003EB40039889FAE70C880200294A38B5D1
:1056B000948803461C43402B1068948004D1042135
:1056C000BDE83840FFF76AB9802B01D10521F7E723
:1056D00003F00304032C04D140F6A4313120FBF77E
:1056E00059FCDD0706D50C6891602478062C0FD094
:1056F0000B2C17D09C0706D509680978117305296A
:1057000019D00B2921D09B0644BF0823537338BD01
:10571000C47B1B2CEED100240025C0E91C450124CC
:10572000C474E7E7C47B112C01BF0024C4740124B6
:1057300080F85240DEE7C17B1729E4D10024002520
:10574000C0E91E4501210175DDE7C17B1029DAD1D1
:105750000021F8E7F42E00200C4A517B034689B95A
:1057600010683BB9B0F80411B0F8E820914209D8AC
:10577000FFF706B993881B0706D5007C073818BFCA
:10578000012070470020704701207047F42E002050
:1057900073B504460068036813F0300F0D4649D115
:1057A000B1F805101A2904D9B5F80730B3F5A47F6C
:1057B00006D22978204602B0BDE8704006F04DBF01
:1057C000B5F801201A2AF4D9B5F80360B6F5A47F1C
:1057D000EFD30096DC3006F046FE174B9A8892070E
:1057E0000DD51B7B142B0AD12268136843F01003DC
:1057F0001360204606F008FF002002B070BD236849
:105800009A7B202AF0D093F82331002BECD1236827
:1058100093F82231002BE7D123681A68B3F8AA0065
:1058200042F020021A6003F1DC0103F5A472FDF7D7
:10583000E7FFDEE70120E0E7F42E00202DE9F84342
:10584000614D06462C6800287ED1AB881A0725D505
:1058500094F89E30FE2B04D140F2FB513120FBF72F
:1058600099FBFE2384F89E30E37B1D2B05D184F841
:105870005100284606F0D2FEE673A37B232B06D107
:10588000E37B233B072B94BF2A232423A373237C8E
:10589000072B02BF0223AB7384F89E30AB88DB0773
:1058A00017D4AB885F0776D499077DD5287B2B6802
:1058B00001220D2883F89F2073D011287DD007285E
:1058C0007DD0FEF73DF9034600286BD140F2EE5142
:1058D000C4E7D5F80080A96898F80F30D1F8009097
:1058E000103B0F2B99F8007009D8BB1EDBB2092BB7
:1058F00067D840F2333222FA03F3D80761D5097929
:105900003846FDF773FD20B939462F4806F0A5FE4D
:1059100039E0012F01D9162F21D198F80E0006F099
:105920008CFE40B198F80E30232B04D0242B07D1E5
:105930002A2388F80E303846FEF7F8F803461BE0B5
:10594000162F14BF022620266B7B1B0704D5E37B92
:10595000103B0F2B98BF08263046BDE8F883112F67
:1059600015D005D8072F14D00D2FE4D1174B05E023
:10597000142FE0D1164B1B68002BC5D0AA68124823
:1059800012794946984700288BD00646DCE7114B30
:10599000F4E7114BF2E7227C062A04BF0122AA7326
:1059A00082E70E4B08489847AB88DA06CCD5E37BF4
:1059B000092BC9D10A23E373C6E7094BF2E7094B68
:1059C000F0E70826C0E700BFF42E002049D500000C
:1059D000F83400208DD500006D5A000073D400000B
:1059E000BFD40000E9D400002DE9F041A0F10E047D
:1059F0000B1EE4B208BF1F23172C16460AD8012538
:105A0000A54040F251210D4207D115F460051FD188
:105A1000082C07D00020BDE8F081BDE8F04100214E
:105A200007F0DBBC1468A17B242906D11946304657
:105A3000FDF7D8F884F82C5105E02A29EAD1E37B58
:105A4000233B072BF3D80023A37384F84A30E1E704
:105A5000054A1468002CDDD01A460146234630461C
:105A6000BDE8F041184700BFFC34002070B54D7808
:105A7000A5F10E03DBB2152B04460CD8012101FA67
:105A800003F640F25122164207D10268152B927B91
:105A90002AD0082B07D0002070BD02462846BDE85A
:105AA000704007F09ABC242A01D02A2AF3D120465C
:105AB00006F0A2FD2368DA7B252AECD093F8632058
:105AC00022F0010283F86320226892F8633023F009
:105AD000080382F863301A212046FDF783F8236813
:105AE000002283F82C21D6E72C2AD4D1024B1B6844
:105AF000002BD0D09847CEE7003500202DE9F041AB
:105B000090F86E7290F86F6204460D467FBB90F875
:105B1000141176BB94F8153184F8141184F81531FA
:105B2000FF2384F81631154B1B6804F1A8080BB14C
:105B30004046984794F82C31012B01D03E4303D0C6
:105B4000237B43F001032373404606F093FC18B116
:105B5000237B43F00203237306212046FEF71EFF3A
:105B6000002384F82C3135B1A373BDE8F0813946A8
:105B7000CFE73346D0E7E573F7E700BF04350020F1
:105B800073B5484D002604462860AE806E73AE7330
:105B9000FF2380F84C30B0F8B231002B7CD090F865
:105BA0009E30FE2B78D190F82031002B74D0037CEE
:105BB000063B012B70D990F82131A0F8446080F8A1
:105BC000A0300221012207F061FC84F8BA610221B1
:105BD0002846FDF7FFFEB4F8B611B4F8B821B4F8C2
:105BE000DA30013989B2B1FBF3F31344A4F8B831C8
:105BF000B4F840300B44A4F84030204607F093FC42
:105C000010B1636B0B446363B4F8B231012B9CBFDA
:105C10000133A4F8B231002609B184F8BE61E37BF8
:105C200084F8BA61093B012B0FD8E388B4F86C22E1
:105C30009B1A190409D404F26E2104F1160006F02F
:105C4000B7F9E673FF2384F84B30B4F8B62104F1BA
:105C5000A801204606F0F2F9E37B134A1349103BF2
:105C60000F2B8CBF0023012300932868104BFCF7F7
:105C700065FA2C68237BDA0703D50A480021FCF774
:105C8000B1FF237B9B0703D504F23F10FDF7B2FD64
:105C90000023237302B070BD94F89E10FE299AD0A1
:105CA000004896E7F42E002059570000AD5600003A
:105CB000B55C00002DE9F047B24F0E46B9883C684C
:105CC0008D0556BFB4F8402000230132804646BF00
:105CD000A4F8403084F8BE31A4F84020204607F0F4
:105CE00022FC38B10B4604F59B7204F1A801204652
:105CF000FEF7E2F8BB8803F4C06323B1A37C002B5A
:105D000045D0032B49D0A27CBB88012A03D11805BA
:105D100044BF0222A274B8F1000F40F08F805906F0
:105D20005DBFB4F8D821013292B24246A4F8D8211E
:105D300003F00A020A2A0CD13A7B022A09D123F085
:105D400008033046BB80FFF779FD08233043C6B215
:105D5000BB803046FFF772FD3D6895F89E303043BA
:105D6000FE2BC6B23BD1D6BB2B7C063B012B36D9D2
:105D700095F82031ABB195F82131A5F8446085F84C
:105D8000A03001220221284607F080FB27E00121F4
:105D9000A1742046FEF702FEB5E70223A374012199
:105DA000F7E795F80FA0AAF10F0A5FFA8AFABAF19D
:105DB000100F40F2E9802B68DA0702D5324609213C
:105DC000E1E7980740F18D8032460C21284607F024
:105DD0005DFB95F8533043F0010385F85330B4F878
:105DE000B83194F8BB510133A4F8B831002D00F05C
:105DF000FB81FCF767FA10B10023A4F8B831A17C4D
:105E0000012940F22382237C072B40F00582B4F85D
:105E10004030022B40F21A82B4F842500135ADB244
:105E2000E3882B44A4F8B03194F8BC31002B00F087
:105E300011820123E2881344A4F8B431BB883D6881
:105E40005B065FBFB5F8C431B5F8B6219B189BB2AD
:105E500048BF0023A5F8C43195F820311BB92B7C2D
:105E6000063B012B06D8B5F84430B5F8B6211344EB
:105E7000A5F8443095F84A1031B1B5F84630B5F878
:105E8000B6211344A5F8463095F95020002AC1BF29
:105E9000B5F84E30B5F8B6011B18A5F84E3095F898
:105EA000313063B9B8F1000F40F05E82BB7B022B4A
:105EB00040F0168295F8A030062B18BF162395F8EF
:105EC000302022B92F4885F83130FDF743FE2846AF
:105ED00007F089FB002384F84C30BDE8F047FCF75D
:105EE000D7BE590702D5324613214CE71A0706D50B
:105EF00095F8983085F8A0303246072143E713F033
:105F0000300F3AD095F82331002B5BD195F8223130
:105F1000D3B1EB7B282B05F1A80005F5917105F2B3
:105F20006E2228D0AB7BA3F1280CDCF1000343EBFD
:105F30000C0306F08AFA2B6823F0200343F01003C9
:105F40002B60002385F822312B68DA063AD505F15B
:105F5000A80006F08FFA18B105F23F10FDF74AFCD1
:105F6000B5F8FE30A5F8A030B5F80231A5F8A2309A
:105F70000022152107E70123DBE75B0622D500227B
:105F8000242100E7F42E0020D7F8009099F80F3074
:105F9000172B2DD011D8102B1DD0152B1FD0AB7B5C
:105FA000002B63D1EB7B0F3B102B67D995F83E306C
:105FB000002B63D001221221E5E61F2BEFD13246E0
:105FC00006210AE03868C37B252B3FD0342BE6D16D
:105FD00000221121D8E632460B214846D4E6484635
:105FE000FDF72CFE00283FF4FAAE00220421F4E76E
:105FF00099F86832012B07D132460521484607F04F
:1060000045FA89F86862EAE699F86832022BD9B253
:106010007FF4E5AE99F8523053B1062389F8A030E9
:106020003246484607F032FA002389F86832EAE738
:106030003B6840F20632A3F89A2099F8623013F0D8
:10604000040F32460CBF0D211121EAE790F82C31E4
:10605000022B02D10022172196E690F82C31012B59
:106060009DD190F82D31002BF4D098E7082B05D165
:1060700095F8993085F8A03001223EE7BAF1100F6B
:106080007FF6ADAE3D6895F80E90B9F1000F7FF444
:10609000A6AE95F833313BB101220E21284607F018
:1060A000F5F985F83391AEE795F8323183B195F87B
:1060B000539019F0030A0BD101220C21284649F014
:1060C000010907F0E3F985F8539085F832A19AE7C2
:1060D00095F822313BB395F8233123BBEB7B282B7A
:1060E00005F1A80005F5917105F26E2219D0AB7B80
:1060F000A3F1280CDCF1000343EB0C0306F0A5F937
:10610000002385F8223101221421284607F0BEF928
:10611000B5F8FE30A5F8A030B5F80231A5F8A230E8
:106120005DE60123EAE795F82C31012B3FD195F884
:106130002D31002B3BD1EA7BA2F12303072B36D96B
:1061400095F81401012806D0022804D04FF43F71BD
:106150000620FAF71FFF95F81511012901D0022931
:10616000F4D1022895F82E310BD0012B14BF002357
:10617000012343B9093A042A7FF631AE01221621E0
:1061800001E6022BF2E7022995F82F310DD0012B01
:1061900014BF00230123002BECD076480021FCF72C
:1061A00021FD002385F82C3119E6022BF0E795F844
:1061B00035314BB195F82D3133B9EB7B233B072BB0
:1061C00002D901222321DEE595F83431012B05D1D6
:1061D000002385F8343101222521D4E595F83431A6
:1061E000022B7FF4FCADF3E7FCF766F808B1A4F8E6
:1061F000B851FCF76FF800283FF401AE94F8BE31B7
:106200000133DBB2022B84F8BE3182BF0023A4F835
:10621000B83184F8BE31F2E594F83E3013B1A37B77
:106220000E2B13D1B4F84250B4F840302046ED1A8A
:10623000033D07F078F958B1A36B626B033B9B1ADF
:106240009D42A8BF1D46012D3FF7E9AD0125E7E5B9
:106250002B46F5E7012D7FF6ECADE37B13B10A2B5E
:106260007FF4E7ADA37B002B7FF4E3AD237C002B11
:106270007FF4DFAD02297FF4DCAD94F8BE31002B52
:106280007FF4D7ADD4F8BC00B4F8DA9004F0ECFC9D
:1062900000283FF4CEAD94F89E30FE2B7FF4C9ADBC
:1062A000B4F8B231012B7FF6C4ADB4F8B821B4F81C
:1062B000CC309A42BFF4BDAD9B1A9BB2013DADB24A
:1062C000B5FBF9F59D4228BF1D4619FB05F3003DBE
:1062D00003F1010318BF01259BB284F8BA51A9E567
:1062E000012B08D16B7C002B7FF4E9AD00212846FF
:1062F000FEF754FBEEE55EB1F00633D4310733D43C
:10630000B20633D4B30733D14FF43161312020E7E3
:1063100039B1B5F84610B5F84830994201D3222377
:10632000CDE5002A05DDB5F84E20B5F848309A4293
:10633000F5D2B5F84420B5F842309A4209D2AA7C89
:10634000B5F8403052B1B5F842209A42CED8082371
:10635000B5E595F82031002BE1D1F0E7052BC5D943
:106360003E23ACE51E23AAE53D23A8E52323A6E5AD
:106370002A23A4E5F42E002013B5D0F87432D0F807
:10638000C42001909342044605D1D0F87812D0F889
:10639000CC20914216D0B4F8AA20A4F8872140F26C
:1063A000E242B3FBF2F3A4F88931B4F87832A4F8EE
:1063B0008B31B4F87A320A49A4F88D3104F27D1099
:1063C00005F0CAFFB4F87A22D4F8741201A8FCF7D9
:1063D000B7FF0023E3730323A37402B010BD00BF13
:1063E00055C7000008B5FDF7C9FA024B024A1A600A
:1063F00008BD00BFF834002091570000074B93F907
:1064000000301844142804DC10F17F0F03DB40B285
:106410007047142070476FF07E007047052F0020F2
:1064200007B57F230DF107008DF8073000F0A6FDBA
:1064300003469DF9070053B1094B5B785B4240FA74
:1064400083F0142806DC10F17F0F05DB40B203B0A7
:106450005DF804FB1420FAE76FF07E00F7E700BF59
:10646000052F0020024B00221A705A70704700BF9F
:10647000052F0020064BD3F8000138B1D3F80401F2
:1064800020B1D3F80801B0FA80F04009704700BF8E
:1064900000F00040034B00221A705A7010229A70CC
:1064A000704700BF072F002070B506460220144633
:1064B0000D4600F0A3F8064B01221A70054B033C71
:1064C000C3F81045C3F80865C3F8045570BD00BF94
:1064D000072F002000F0004008B5022000F08EF8E1
:1064E000084B01221A70084B0022C3F80021C3F8A0
:1064F0000421C3F8082103F580334FF40002C3F8E8
:10650000042508BD072F002000F000400E4A08B502
:10651000137883B10D4B4FF40001C3F80815FFF752
:10652000A9FF68B101235370094BD3F80034DBB2E3
:10653000937000231370BDE80840002000F05EB89F
:1065400050701023F4E700BF072F002000F0014037
:1065500000F00040094B1A7862B1094BD3F80021D2
:1065600052B1D3F8040140B1D3F80801B0FA80F079
:10657000400970475878704702207047072F002065
:1065800000F0004008B5074B1A783AB1FFF772FFE8
:1065900030B1054BD3F80004C0B208BD9878FCE7D1
:1065A0001020FAE7072F002000F0004008B50A4B42
:1065B000D3F80025032A04BF01229A600022C3F801
:1065C0000025C3F8002500F0F9FE044B4FF400024B
:1065D000C3F8082508BD00BF00F0004000F00140EE
:1065E000054B4FF40042C3F88020BFF34F8FBFF339
:1065F0006F8FFFF7DBBF00BF00E100E010B504467E
:10660000FFF7D4FF012C06D0022C0CD054B18C2102
:106610003D20FAF7BFFC0B4B0222C3F800250A4AC3
:10662000C3F8142510BD074B0322C3F80025064A02
:10663000C3F8142503F580334FF40002C3F8042592
:10664000F0E700BF00F000400A2F0020044B18685C
:10665000062818BFB0F1FF3F0CBF01200020704793
:1066600050320020044B1868062818BFB0F1FF3FD5
:106670000CBF0120002070475032002008B5FFF702
:10668000E5FF38B1044B1868063810F1080F94BFC5
:106690000020012008BD00BF5432002008B5FFF7DC
:1066A000E1FF38B1044B1868063810F1080F94BFA9
:1066B0000020012008BD00BF5432002008B5FFF7BC
:1066C000C5FF38B1044B1868063810F1080F8CBFAD
:1066D0000020012008BD00BF54320020064B0022DC
:1066E000C3F80021C3F80C21C3F81021C3F804211A
:1066F000C3F80821704700BF0010004070B5134D6B
:106700006E7F0346084626B940F6C1013E20FAF7DF
:1067100041FC63B9012EAC69297F05D100F03CFD35
:1067200020442B69C01A70BD07F014F8F8E7012B5C
:1067300009D1012EAC69297F02D100F01DFDEFE7E0
:1067400007F013F8ECE70020EBE700BF183000205B
:106750000B4B93F82B0088B193F82A307BB1094B8F
:10676000D3F8002242F00102C3F80022D3F850050A
:1067700000F0F600023818BF012070470120704772
:10678000183000200010004008B5094B012818718E
:10679000084B06D0022808D040F645513E20FAF7B3
:1067A000F9FB0322C3F8102508BD0422FAE700BF55
:1067B000183000200010004008B570B9104B283187
:1067C000D96018460F4900F023FF0130012816D97F
:1067D00040F2C2613E20FAF7DDFB01280CD1084BE4
:1067E0002931D9601846074900F018FF0130012807
:1067F00005D940F2CC61EDE74FF4DA61EAE708BD74
:10680000E82000202088020008B50C4B5B78012BA3
:1068100009D100F009FF013001280ED940F611110D
:106820003E20FAF7B7FB022B07D100F003FF01303F
:10683000012802D940F61711F2E708BD18300020F0
:10684000094B0A4A1B89B3F5166F3ABFA3F63813F2
:1068500043F48073A3F5166300F07F00C2F8083597
:10686000C2F85405704700BF1830002000100040E7
:1068700010B50C46FFF788FF2046FFF7E1FF0F4AEF
:106880000023C2F81C31D2F8003243F48873C2F8F6
:10689000003240F20313C2F8343540F25B63C2F8B1
:1068A0003835FFF7EBFE40B9FFF708FF28B9D2F8FB
:1068B000683543F4C023C2F8683510BD00100040AD
:1068C00073B50C46154D0646FFF75EFF2046FFF7F1
:1068D000B7FF214695F9052001AB304600F034FEA4
:1068E0009DF8050000F0ACFE20B140F2E3513E20DF
:1068F000FAF750FB9DF90400294600F035FC084BDF
:1069000040F20312C3F83425284640F25B62C3F814
:10691000382502B0BDE8704000F0FABD1830002004
:10692000001000402DE9F04106460C46174601F0E4
:10693000C3FB0028FBD02C4B2C4D4FF40022C3F896
:1069400008259EBB01236B7095F82A301BB9A979E5
:106950003846FFF7B5FF264B33F817304FF47A72FD
:1069600003F5FA73B3FBF2F3224AE41A1E4BC3F8A1
:10697000AC252B691C4A204FE1184FF001081F4B32
:1069800085F82A80C7F84015C2F8A8352B6A43F469
:1069900000232B624FF40023C2F80435FFF7D8FE22
:1069A0000446B8B900242046BDE8F081012E0CD180
:1069B00002236B7095F82A301BB9A9793846FFF786
:1069C00057FF094B0E4A293CD1E740F634013E20DF
:1069D000FAF7E0FAC7F84C80D7F84C358B42E1DA89
:1069E0003046FFF7E9FEDEE700F0014018300020F6
:1069F0009888020000100040008000404081004064
:106A00000410004008B540221048002103F088FD22
:106A10000F4B1B6823F004020A2A05D0102B03D069
:106A2000082B0ED1402200E024220A48FF2103F067
:106A300077FD4FF080430022C3F8082EC3F8102ED4
:106A400008BD0D2BEED03822EFE700BF1830002034
:106A500050320020000E0040024B0344187E00F527
:106A60001660704720880200024B98691B69C01AA3
:106A7000704700BF183000200A4B1A7FD3E904305A
:106A8000C01A094B03EB82031B6CC01A074B53F867
:106A900022304FF47A7203F2F313B3FBF2F3C01A0D
:106AA000704700BF18300020208802008C88020048
:106AB000FF2808B504D940F2CB213E20FAF76AFA44
:106AC000114B0129188504D0022919D04FF44F71B8
:106AD000F3E700230D4A43F4801340F0007043F4C1
:106AE000847340F44030C2F81435C2F81805D2F867
:106AF000503503F0F703032B05D140F25631DCE7A4
:106B00004FF08073E6E708BD183000200010004009
:106B100008B5FFF7B3FD50B1054AD2F8743723F03A
:106B2000807323F0010343F08073C2F8743708BD0B
:106B3000001000401E4B2DE9F0410226C3F8806092
:106B4000BFF34F8FBFF36F8F01F0B0FA044601F02F
:106B5000F1FB184D001B184C286100274FF001086D
:106B6000C4F8FC7FC4F8FC8F00F082FC40F20122E4
:106B7000C4F83085C4F85026104AC4F80062107C6E
:106B800000F076FD0E4A0A4B0E49C2F80415102299
:106B9000AF836F85AF61C3F88061C4F804231E60C2
:106BA0002B6C03B19847BDE8F04100F025BD00BF54
:106BB00000E100E01830002000100040E820002034
:106BC00000F001400000020C014B5871704700BFFB
:106BD00018300020034B020E0002C3F82425C3F82E
:106BE0001C05704700100040044B054A0344907197
:106BF0001B7E03F516631381704700BF20880200D7
:106C000018300020F8B52B4C94F82B3006460F4670
:106C100023B940F206713E20FAF7BCF9264A012357
:106C200084F82A30D2F8003243F00103C2F800326F
:106C300001F042FA0028FBD02EBB0123A17963703A
:106C40003846FFF73DFE6378012B02D04FF4E9612F
:106C5000E1E71A4AD364A2F5E0421360174BD3F878
:106C60004C5530462946FFF7A7FD2369ED1AF6B9C2
:106C7000134B33F817304FF47A7203F5FA73B3FB02
:106C8000F2F35819F8BD012EE8D10223A1796370FF
:106C90003846FFF7EDFD6378022B02D040F25171C8
:106CA000B9E7064BDE64A3F5E0435E60D6E705F185
:106CB0002900E7E718300020001000400080004065
:106CC0009888020008B5FFF72DFE58B9064BC3F8A7
:106CD0004005A3F5E04301221A610220BDE8084007
:106CE000FCF742BD08BD00BF0080004073B5234BD8
:106CF0002349D3F80443234D02224FF0FF30C3F859
:106D00000803C1F880212049C3F8002200226A85C7
:106D1000C1F8402501F5B8314FF46026C1F8086587
:106D2000D3F85015C9B204F01004D1B18DF80700A2
:106D3000C3F8102101221A619DF8072012B1D3F87F
:106D400010213AB19DF807305BB940F6FF013E20B3
:106D5000FAF720F99DF80720013AD2B28DF8072002
:106D6000EAE7FFF751FD054B0022C3F810212A8006
:106D700014B11022C3F8042302B070BD001000400B
:106D800000E100E0183000200080004038B51B4DC5
:106D90000024C5F84845C5F84445C5F84045C5F840
:106DA0004C45FFF7A3FF00F02DFC154B15491A6A5F
:106DB0001C6242F0446242F40032C1F80825C3E983
:106DC0000544DC70104BC5F848450222C5F844451F
:106DD000C5F84045C5F84C45C5F84841C5F844419B
:106DE000C5F84041C5F84C41C3F88020BFF34F8F30
:106DF000BFF36F8FC3F8802138BD00BF0080004013
:106E00001830002000F0014000E100E070B50F4DA7
:106E10002C7806461CB96C70EC706C8570BD18B18E
:106E2000BDE87040FFF762BF013C18BF0124AA789B
:106E300096212046FFF762FC2E80AA7885F82A600A
:106E400001462046BDE87040FFF73CBF18300020E7
:106E5000014BC3F83C0570470010004010B50FC847
:106E6000014C84E80F0010BD5C3000200A490B4B38
:106E700010B5C1F80405012483F82B405862FFF7D0
:106E800067FC40B9064BC3F840050C610320BDE820
:106E90001040FCF769BC10BD001000401830002005
:106EA00000800040174B1A6910449A69824210B55D
:106EB000154C09D30220FCF757FC0023C4F84035D9
:106EC000124B01221A610CE00122DA706264D4F8DC
:106ED00044150531814205D30C4BD3F80411002928
:106EE000F0D010BD0022C4F84421C4F844051A6A49
:106EF00042F480021A62064B4FF48002C3F8042564
:106F0000EFE700BF18300020008000400010004074
:106F100000F0014010B50B4C0346607F217F2279C1
:106F200001284FF0960009D100F044F9A3692269C5
:106F30009B1ABDE810401844FFF7B4BF00F054F9A5
:106F4000F4E700BF18300020044BC3F86005D3F805
:106F5000002242F04002C3F80022704700100040B7
:106F6000054BD3F8002222F04002C3F80022002291
:106F7000C3F86025704700BF001000400A4A014670
:106F8000D2F81C0182B068B1D2F8483503F07F0313
:106F90005B420B700023C2F81C31D2F81C31019304
:106FA000019B012002B0704700100040034B0028F5
:106FB00014BF0222012299701A7070471830002005
:106FC000054B0022C3F84025044AD2F85035DBB205
:106FD0000BB1012313617047008000400010004096
:106FE00030B5044BD3E90C459B6BC0E900450B6001
:106FF00030BD00BF183000202DE9F04701F05AF8ED
:107000004D4C4E4E4FF00109C4E90C01C6F84C90AE
:10701000D6F84C35A363FFF7F7FB494B226AC3F858
:1070200008250025474A2562C3F8AC55D2F800323E
:1070300023F48E7323F00103C2F80032D6F84835EA
:10704000A361D6F84435636163786377D2F80C8125
:1070500084F82B50D2F81011FFF740FB6778022F0D
:107060004FD1E37813B1D6F8443113BBB8F1000F18
:1070700026D0FFF703FB50BBFFF720FB38BB314B9B
:10708000D3F85034D90122D51A0705D013F0F00FE8
:1070900002D013F4706F1AD12A4AC3F304410129B4
:1070A000D2F8542413D1012A11D0C3F34253022B36
:1070B0000DD80120FFF7AAFE636CBDE8F047184722
:1070C000002937D00120FFF7A1FE236DF5E72379D2
:1070D00023770020258DFFF799FE1A4BD3F8003453
:1070E000DB070CD5636A5878A84294BF00200120C2
:1070F000A36C002180F00100BDE8F0471847012093
:10710000F6E7012F13D123792377B8F1000F06D0CA
:107110002846FFF77BFEE36C39462846ECE749B189
:107120003846FFF773FEE36C41464046E4E709B199
:107130004846C8E7BDE8F0871830002000800040CE
:1071400000F0014000100040024B03EB8003186C7C
:10715000704700BF20880200024B03EB8003D86C0D
:10716000704700BF20880200024BC0B2C3F80C0574
:10717000704700BF00100040064A4FF47A7332F99E
:107180001120584300F2E7301044B0FBF3F002380E
:10719000704700BF84880200054A4FF47A7332F9C1
:1071A000112000FB03301044B0FBF3F0704700BF28
:1071B0008488020038B51D460A4B33F9114003EBB1
:1071C000820305359B681C4404F6B7344FF47A7388
:1071D00003FB00441046B4FBF3F4FFF7B5FF25446E
:1071E000284438BD8488020070B506460846154616
:1071F000FFF7B2FF094B03EB85039C684FF47A73EA
:1072000004F6B73403FB0644241A2846B4FBF3F40F
:10721000FFF79AFF0530204470BD00BF848802004C
:10722000024B00221A705A709A7070476C3000201E
:107230002DE9F041054601200C4617469846079E69
:10724000FFF7DCF99DF8243005F0030141EA034122
:10725000244B41F08071C3F80415234B214604F1FF
:107260001002184651F8044B43F8044B9142F9D1EF
:107270001E499DF81830C0F814800761CB7633683A
:10728000CB6173680B62174B194AC3F80805126883
:10729000062A09D001321FBFD3F81825BDF82000F7
:1072A00060F30702C3F81825124B134AC3F80825E8
:1072B00015F0FB0F01BF114AC3F89825FC3AC3F83B
:1072C0009C250122022D4A7081F8245007D8054BD5
:1072D0000A700021C3F80011C3F800121A60BDE85B
:1072E000F08100BF00F000406F3000206C300020C3
:1072F0005032002000F001400000020200F1004086
:1073000070B5194C637823B94FF4D5713C20F9F767
:1073100041FE164BC3F80C15C3F8100594F8245021
:107320000122A270C5B924780CB99721EEE7104C60
:10733000C3F804514FF40035C4F80455D3F8006184
:1073400016B15A60C4F808550B7803704B780433B3
:1073500043708B78837070BD00212270C3F80411D4
:10736000C3F800221A60F6E76C30002000F00040FD
:1073700000F001400E4A08B5537823B94FF4DF718D
:107380003C20F9F707FE0B4BC3F80C150121C3F89D
:107390001005917012780AB9BA21F1E70022C3F8FA
:1073A0000421054B4FF00072C3F8042508BD00BF4F
:1073B0006C30002000F0004000F00140084B1A78CB
:1073C0004AB10849084AC1F808250022C1F89825A1
:1073D000C1F89C251A7000225A709A70704700BF3D
:1073E0006C30002000F0014000000202194B1B78B5
:1073F00070B523B94FF4F2713C20F9F7CBFD164C70
:10740000D4F80431BBB90223C4F80433134B144E2F
:107410001D691A6942F0100205F010051A61D4F8CE
:1074200004317BB125B90D4A136923F010031361B0
:107430000223C4F80833084BD3F80004003818BFFF
:10744000012070BD4FF40043C6F8803106F075FA94
:10745000E5E700BF6C30002000F0004000ED00E0E8
:1074600000E100E0014B01229A60704700F000400B
:1074700010B5FFF7F7F888B1224B1B68063B0833BD
:1074800033D9214AD2F83C3723F0004323F0FF03DD
:1074900043F0004343F09603C2F83C37FFF7FEF891
:1074A000194C38B1D4F8403723F47F4343F4B05338
:1074B000C4F84037154BC4F8783700F0D3F838B12A
:1074C0004FF08053D3F830335A1C18BFC4F84C37F0
:1074D0004FF01023196E4B1C1FBF0B4AD2F88C358E
:1074E00061F31743C2F88C3510BD074AD2F83C3718
:1074F00043F48063C2F83C37FFF7B4F80028C0D1EA
:10750000CCE700BF54320020001000402C0000895E
:1075100008B50146FFF7C2F898B10B790948022B6C
:107520004FF08053D0F88825D3F8203322F4FE4260
:107530000CBFC3F30663C3F3062342EA0323C0F878
:10754000883508BD001000402DE9F04F264C85B06D
:10755000054698460E46174600F0C8F82378AB4219
:10756000814611D16378B3420ED194F90230BB4207
:107570000AD1E378834207D1A388A8F8003094F9B0
:10758000060005B0BDE8F08F012D06D0022D10D009
:1075900040F289410620F9F7FDFC00200DF10F03B0
:1075A0003A46314600F0A8F8824620B14621A9208B
:1075B000F1E70120F2E730469DF90FB0FFF74CFAF2
:1075C000A91E4A4203464A41CDF800A0414658460A
:1075D00000F03CF8B8F80030A071A3802570667008
:1075E000A77084F80390CAE700210020014B1B68B4
:1075F0001B68184730210020014B1B685B68184747
:1076000030210020014B1B689B6818473021002067
:10761000014B1B681B69184730210020014B1B6878
:107620005B69184730210020014B1B689B69184794
:1076300030210020014B1B68DB69184730210020F6
:10764000014B1B689B6A18473021002030B4044C62
:107650009DF8085024680295E468A44630BC604751
:1076600030210020014B1878704700BF08350020FA
:1076700010B500220C49134640FA02F4E40744BF57
:10768000CA545C1C02F1010248BFE3B2042AF3D1E0
:10769000054AFF24D118032B01D9107110BD013305
:1076A00001F8014BDBB2F6E714350020B5D7000036
:1076B000BBD70000BDD70000E3D70000C1D7000052
:1076C000EDD70000C7D70000F7D70000CDD70000E6
:1076D00003D80000D9D70000DDD70000CFD70000C5
:1076E000D5D70000F3D70000FDD70000014B187D6F
:1076F000704700BFA0300020042810B511D883B116
:1077000004280CBF10242824A1420AD2064C54F8A5
:10771000200018B141568A42A8BF0A461A700020BC
:1077200010BD6FF01500FBE7A030002030B5034618
:10773000114890F91C209A4219DD90F924209A42B0
:1077400017DA9A1A846AA05C0C4A15569D420DD02D
:107750000E32002918BF01309442C0B206D129B1BF
:10776000013BDBB2012B01D80130C0B230BD0D208E
:10777000FCE70020FAE700BFA0300020A488020048
:1077800008B5054B93F91C30984203DAFFF7CEFF9A
:10779000024B1B56184608BDA0300020A4880200EA
:1077A00008B5184B93F82C20FAB9012283F82C2045
:1077B000154A1268A2F10800082803D813490141AC
:1077C000C90709D5911F092910D9013212D04FF4E8
:1077D000DF71742002F0BAFB0D4A9A62D8221A6255
:1077E00083F8242008229A611A7708BD094A0A41C1
:1077F000D207ECD4084A9A62D8221A6283F824206D
:107800000422F0E7A030002050320020DEFEFFFF0F
:10781000DF880200EEFCFFFFB288020010F0FF00DC
:1078200008B508D14FF0804301225A60C3F8000127
:10783000034B187008BD7C21B52002F087FB00BF08
:10784000CD300020014B01221A707047CD3000204E
:1078500008B548B94FF08043D3F8003113B9044B51
:10786000187808BD0120FCE7C221B52002F06EFBAC
:10787000CD300020044B1868062818BFB0F1FF3F38
:107880000CBF0120002070475032002008B5094B82
:107890001A680A2A02D1084B1B6823B1FFF7EAFFD6
:1078A00008B9082A04D14FF080430222C3F8342CCF
:1078B00008BD00BF5032002054320020F8B50F4EF2
:1078C0000127375404460D4605F0A8FF60B934B9C6
:1078D0004FF08043B7707560C3F80473F8BD40F291
:1078E00025116D2002F032FB002DF7D01CB9204687
:1078F000A8477460F2E74FF4A071F2E7D03000209F
:10790000044B191800228A7003EB80011A544A6054
:10791000704700BFD0300020014B9881704700BFF6
:10792000D0300020014BD889704700BFD0300020F4
:10793000014B9889704700BFD030002010B5EFF39D
:10794000108472B6064B03441A7C0132D2B21A7408
:107950001B7C012B01D105F055FF04B962B610BDA7
:10796000D030002010B505F081FF05F057FF4FF033
:107970008044084940B1FFF789FF012323610423B4
:107980008B740023CB7410BD03238B740123C4F8C4
:107990000433F6E7D030002010B5EFF3108472B650
:1079A000094B03441A7C22B940F257216D2002F0A2
:1079B000CDFA1A7C013AD2B21A741B7C0BB9FFF7CC
:1079C0002DFF04B962B610BDD0300020024B987C68
:1079D000003818BF01207047D030002038B5164C51
:1079E000237D23B940F206316D2002F0AFFA637DAA
:1079F000C3B9A37DB3B1E27C013B9A4212DA05F030
:107A00000DFF054602F0F4FBA37D012B82BFE37C52
:107A10000133E37455B1A369C31A0133022B09D9A9
:107A200035B1A061BDE83840FFF79CBFE369F3E7DB
:107A3000E061F7E738BD00BFD030002073B51B4DC3
:107A40006B7D63B9286A00F0030005F0FFFE30B1DA
:107A5000EFF3108372B6AA7C1AB103B962B602B012
:107A600070BD0122AA7403B962B64FF080430822A8
:107A7000C3F808234FF42073ADF80630BDF8064074
:107A8000A4B2631E9BB2ADF80630002CF6D14FF0C5
:107A900080460748C6F80C4105F031FF85F82540BF
:107AA000FFF760FF0823C6F80433D8E7D030002082
:107AB000F43000202DE9F347484C237D002B00F0E3
:107AC0008A800323ADF804304FF08043D3F800518F
:107AD000F5B9D3F80481B8F1000F09D04FF0804315
:107AE0000022C3F804210222C3F80823FFF7A6FFEF
:107AF00094F825603A484FF08047F6B2D7F80C81E9
:107B000005F001FF48B340F243316D2002F01EFA48
:107B100000258DF804500122D3F80481C3F808230E
:107B20000DF10409271DA61C19F8010B03280AD022
:107B3000337843B13B684FF0000A86F800A013B1D8
:107B40009847C7F800A06B1C022B07F1040706F149
:107B500001064FF00105E7D1BDE745B1A37C032B3A
:107B600005D10423A374FFF791FE01233B61B8F113
:107B7000000F1FD04FF080430022C3F80C21A37CDC
:107B8000042B02D040F26931BFE7164B1A680A2A6B
:107B900002D1154B1B6823B1FFF76CFE08B9082A08
:107BA00004D14FF080430022C3F8342C0223A37485
:107BB00005F05FFE4EB1002384F82530A37C022B34
:107BC00001D1FFF7CFFE05F054FE054802B0BDE835
:107BD000F04705F0A7BE02B0BDE8F087D030002026
:107BE000F4300020503200205432002010B5054CF3
:107BF000206A00F0030005F029FE0028F8D00020DC
:107C000010BD00BFD0300020F8B5054650B1027855
:107C1000042A07D8437842B9013B1F2B02D8837846
:107C2000212B07D96FF0150075E0002BFAD183786E
:107C3000002BF7D17B4B0127C3F88070BFF34F8F28
:107C4000BFF36F8F4FF08046C3F88071764C0B23E3
:107C5000C6F808330023C6F80031C6F80431C6F868
:107C60000C3123746374AB88E38105F0DAFD08B14D
:107C700027702774D6F80C24D6F80C34D20303D519
:107C8000DF0701D5FFF7DEFD4FF4AF63A3812B784B
:107C9000A978637500222262A175E274042B4DD885
:107CA000DFE803F005033A484A000123236205F0A8
:107CB000BFFD00284DD005F0C2FD236A03F0030389
:107CC000984246D1AB79002B3DD1FFF78FFFA37DC2
:107CD0006BB12B785BB905F0A1FD054602F088FA7F
:107CE0006FF00043002D00F09980C4E906034FF0C7
:107CF0008043D3F80C24D3F80C34D20303D5DB072C
:107D000001D5FFF79FFD474A01230020A07423758A
:107D1000C2F880311360F8BD05F0A8FD4FF0804334
:107D2000D3F80C14D3F80C24CE03F9D5D007F7D52B
:107D30000223BBE73D4BB9E73D4BB7E740F21E518D
:107D40006D2002F003F94FF080430222C3F80423B0
:107D5000BDE74FF080430122DA600022C3F804211E
:107D6000226AC3F81825334A1368A3F10E010129CA
:107D700004D90A2B02D0FFF77DFD48B14FF08053A4
:107D80004FF08041D3F84432C3F34233C1F83C355D
:107D90001368A3F10E02012A04D90A2B02D0FFF7BF
:107DA00069FD20B14FF080430122C3F84C254FF00C
:107DB000804301229A600222C3F80423AA79002A90
:107DC00085D1D3F80423910702D440F2D141B7E71B
:107DD000194A1669116941F010011161D3F8043193
:107DE00006F010060BB905F0AAFD4FF08047D7F852
:107DF000043183B1FFF7FAFE26B90F4A136923F065
:107E0000100313614FF080430222C3F808230022BD
:107E1000C3F804215BE705F090FDE8E7C4E906300C
:107E200065E700BF00E100E0D03000200100020063
:107E3000010003005032002000ED00E010B50D4CB1
:107E400004F1240005F05FFD48B9A37C022B01D1A9
:107E5000FFF788FDBDE81040074805F063BD074AFD
:107E6000012384F82530BDE81040C2F8003105F048
:107E7000FDBC00BFD0300020F430002000E100E065
:107E800038B50C4B0C46197919B183216F2002F0DB
:107E90005DF860B95D790DB1002038BD01225A71DD
:107EA000FFF74CFD21462846FFF708FDF4E76FF089
:107EB0001500F2E7F830002038B50B4D2B79044659
:107EC0001BB19A216F2002F041F850B96B790BB9C0
:107ED000002038BDFFF714FD20466C71FFF75CFDF4
:107EE000F6E76FF01500F4E7F830002010B501B3A5
:107EF000F0B14FF0FF33104A1C46E0FB01349442CE
:107F000003D9DB216F2002F021F81A0D42EA043276
:107F1000C3F30F10094B00EB02404FF22444B2FBB5
:107F2000F4F103FB1100B0FBF4F040EA0140013032
:107F300010BD0846FCE700BF3F420F00000024F4DC
:107F4000014B9B68184700BFF8300020014BDB68ED
:107F5000184700BFF8300020014B1B69184700BFCD
:107F6000F8300020014B1B6A184700BFF830002092
:107F7000014BDB69184700BFF830002008B5064BFD
:107F80001B7923B140F237116F2001F0DFFFBDE80C
:107F90000840FFF723BD00BFF8300020034B1A79DB
:107FA0000AB9FFF7BFBC988D704700BFF8300020BA
:107FB000034B1A790AB9FFF7BBBC988A704700BF18
:107FC000F8300020024B1B790BB9FFF737BD704723
:107FD000F8300020014B9B69184700BFF8300020A3
:107FE00010B5144C2379A3B1636A9847002806DBC7
:107FF00094F82E3023B1012384F83030002010BDD6
:10800000FFF7E8FF0028F6DA40F28D116F2001F04B
:108010009DFF094BA361094BE361094B2362094BA7
:10802000A360094BE360094B2361FFF7EDFD0028D6
:10803000E1D0E4E7F8300020ED7B00003D7E000059
:10804000CD7900006DD8000073D8000079D8000009
:1080500038B5084B1D79044625B140F2E1116F2077
:1080600001F074FF01F026F82046FFF755FC284682
:1080700038BD00BFF830002008B5074801F008F807
:10808000054800F021F801F04FFA01F031FA00F054
:108090001FFB012008BD00BF2C31002001F0E2BB16
:1080A000103001F029B800BF01F03EB801F0D6BC95
:1080B00001F09EBD01F0B0BD01F050BC08B5272114
:1080C000032001F043FF00BF024B186000221A7129
:1080D0009A6070473431002070B582B01E4C23790D
:1080E000012B11D0DAB2022A0BD1A0680DF10701E1
:1080F00000F014FB0023A36023719DF8070002B079
:1081000070BD012002B070BDA0680DF1070100F044
:10811000FBFAA5686B7DDB07ECD5AB7F042BE9D0C0
:1081200001F046F806460028E4D001F047F82A6935
:10813000B3682E686D68961945F1000500220A3370
:1081400042F100021B1842EB0102B342AA41D1D313
:10815000A06800F085FCCDE734310020837F0BB1AF
:108160000020704710B50A684B688C68D1F80CC0C5
:10817000C0F80CC08460026043600A694B694361C7
:10818000012402618477054B1A792AB998601C7121
:1081900000F0A4FF204610BDFFF790FF343100200F
:1081A00070B5044682B00D4601F002F8A37F012BA2
:1081B00017D02B686A68A9680646E868E060A16085
:1081C000236062606A692B69626101222361A27780
:1081D0000DF10701204600F097FA2EB1012002B000
:1081E00070BD002002B070BD024B0421186805F07C
:1081F00057FBF3E734310020024B0621186805F0E5
:108200004FBB00BF3431002010B5084B1A7952B96A
:108210000446986002221A7100F060FFA07FB0FA55
:1082200080F0400910BDFFF749FF00BF3431002046
:1082300038B5837FC3B1044609E0A37F042B09D07E
:10824000A37F012B11D005F078FBA37F63B1A37F3F
:10825000032BF2D1EFF3108572B6204600F0BCFA82
:1082600005B962B6A37F2BB938BD4FF482710320E4
:1082700001F06CFEFF21032001F068FE70B5054699
:1082800000F096FF08B3044600F098FFA468034688
:10829000E41841F1000628463346224600F072FBFE
:1082A000A04271EB06034FF000050CD3001B6FF0EA
:1082B000010361EB0601834275EB010100D370BD40
:1082C0004FF0FF3070BD284670BD40F229110320E9
:1082D00001F03CFE2DE9F04104460F4600F068FF36
:1082E00010B38568002362195B41064613B1002074
:1082F000BDE8F08100F062FF2A1841F10003384622
:10830000A51843F1000800F03DFBA84271EB0801FD
:10831000EDD301F0A7FA00F019FAB36837752344DA
:108320000120B360BDE8F0814FF4A371032001F098
:108330000DFE00BF00F042BFF8B50369002B4ED11F
:10834000044601F08FFA05460E46FFF705FE78B3A6
:10835000D4E90003643546F10006A84273EB060237
:1083600023D3C4E90003EFF3108672B600F020FFB8
:10837000054698B100F022FFAB6800220B3342F1B2
:1083800000021B1842EB0101D4E90002834271EBA9
:1083900002053CBF03461146C4E9003106B962B686
:1083A0002046BDE8F84000F083BB28463346D8E7B6
:1083B000FFF7FEFD074600F00FFFB8422168626834
:1083C00038BF3846963546F10006401946F100039D
:1083D000884273EB02053CBF08461346C1E74FF4E1
:1083E000D171032001F0B2FD1C4B1868A0B350E915
:1083F000063130B550F8104C13F10A02036841F110
:1084000000011519A0F1180041F1000C1BB922E080
:1084100014D31B68FBB153E90621AA4271EB0C048B
:1084200019D290F814E013F8044C7445F0D19C88EC
:10843000B0F81CE0A4EB0E042404EAD553F8100CA9
:108440000A3241F100018518A3F118001B6841F1BF
:10845000000C002BDFD130BD704700BF4031002041
:1084600070B5264D00236B60EFF3108172B6AA68D9
:108470006A60AB60EB6009B962B66A6872B3204C9F
:1084800000269379032BA2F1180028D0136873B348
:108490009A79042AA3F118038446A6460FD1818B4A
:1084A0009A8B521A12049A6944BF0CF1180E18469E
:1084B00042B19C46A2F118039A7F042AEFD09B7F19
:1084C000032B16D1DEF800201368CEF8003002210D
:1084D000C368867798476A68002AD2D170BD116850
:1084E00052F80C3C9671696001219847F3E7A64663
:1084F000EAE763219F2001F029FD00BF4031002001
:10850000443100202DE9F04F6F4B04681B6845682B
:1085100083B08283427D0646894602F00102002B29
:1085200000F0CB80A3F1180C002A6ED0DCE900012A
:10853000844275EB0107644A2FD39CF81420337DE5
:108540009A421BD8DCF808301B1841F1000113F1E6
:108550000A0E41F10007744575EB070280F0A88010
:108560003269121945F10000964577EB000801D2F7
:10857000724638469A428841C0F08280DCF8183052
:108580000CF11802002B00F09180A3F1180CDCE92B
:108590000001844275EB0107CFD21F466346B068E5
:1085A000001945F10008002B44D0CDE90027CA4648
:1085B000D3E9007110F10A0C48F10002674571EB34
:1085C000020245D21A7D96F814C0944519D39A68D0
:1085D000D21941F1000112F10A0941F1000E4C4596
:1085E00075EB0E0745D237693F1945F1000CB945C7
:1085F0007EEB0C0B01D24F46F44697427CEB010C0C
:108600003DD39B6923B3183BD2E7DCE900018442E8
:1086100075EB01012C4A0CD3DCF818300CF1180270
:108620003BB1A3F1180CDCE90001844275EB0101B8
:10863000F2D21F46334643F8187F1360FFF7D4FE8B
:10864000864210D0002389F8003003B0BDE8F08FD7
:10865000DDE900273346D14643F8187F1360FFF762
:10866000C3FE8642EED1012389F8003003B0BDE895
:10867000F08F2746AC4697427CEB010CC1D2D14625
:10868000114A0423B3779168002333767376B37667
:10869000F37606F118020C4B69B1DB681A600B4BDC
:1086A00009491878CA6001F009FECBE71F4676E752
:1086B000224628465EE79A60F1E712B91746024A59
:1086C000B8E7014A1F466AE7403100203421002004
:1086D00010B50A4C2378FF2B0AD1094801F0C4FDDC
:1086E000084B207000221A609A60DA601A8210BD6E
:1086F0004FF48D719F2001F029FC00BF3421002030
:108700006184000040310020034B1A8A02F1010C01
:10871000A3F810C0FFF7F6BE4031002038B504467C
:108720000D46FFF761FE0346E31AB3FA83F35B09D4
:1087300005482B7004F1180105F0D8F810B100239A
:10874000A377012038BD00BF403100202DE9F04360
:108750001F4E34686CB34FF000083546C6464FF0E4
:1087600004092346246853F8187C53F8082CD219BE
:1087700053F8147C47F1000C82427CEB010C1AD2B6
:108780002A6812682A6083F80690B26883F800E0CD
:1087900083F801E083F802E083F803E07AB1F2683D
:1087A0001360F3604FF00108002CDAD1B8F1000F2C
:1087B00007D1BDE8F0831D46002CD2D1F6E7B360A7
:1087C000EFE7044BBDE8F043187801F077BD00BF38
:1087D000403100203421002070B5154EB3680546A5
:1087E00000F11801BBB1B368002423B913E01A6883
:1087F0001C4682B113469942F9D10CB1AA69226094
:10880000B268914204BF1B68B360F36899420AD012
:108810000023AB7770BD074805F068F80028F9D051
:108820000023AB77F6E70023F460AB77F2E700BFF5
:1088300040310020443100202DE9F843484E34688F
:10884000002C00F087804FF000080F460546B14627
:1088500041464FF0040E2346246853F8180C53F891
:10886000082C121853F8140C40F1000CAA427CEBAF
:10887000070C69D2D9F800201268C9F8002083F8E3
:1088800006E0B268197059709970D970002A5FD0EB
:10889000F2681360F3604FF00108002CDBD1B8F1EF
:1088A000000F03D02F4B187801F008FD3368002B20
:1088B00050D053E90612A94272EB070053F8100C8E
:1088C0003CBF29463A46A3F1180C0A304FF0000489
:1088D0001B6844F10004091842EB04021BB92DE0A7
:1088E00016D81B6853B353E90604884274EB020E92
:1088F00024D29CF8148013F804ECF045F0D1B3F8BE
:1089000004E0BCF81C80AEEB080E1EF4004FE8D06B
:10891000854277EB040E294638BF014653F8100C08
:108920003A46A3F1180C38BF22461B68091842F1D9
:1089300000020A3142F10002002BD4D10CF11803DD
:1089400073616046BDE8F8839946002C83D1A6E7A1
:10895000B3609FE700239C4673616046BDE8F883DF
:10896000403100203421002010B5054C61692046BB
:1089700004F0BCFF18B1606900231838636110BDB2
:10898000403100201C49096839B3A1F1180C9CF84A
:10899000141081421DD870B5DCE9004112F10A05BE
:1089A00043F1000EAC4271EB0E0620D2DCF81060F1
:1089B000341941F10001AC4271EB0E0115D2DCF823
:1089C000181071B1A1F1180C9CF814108142F6D85E
:1089D000E2E7DCF818100029D7D14FF0FF3001464C
:1089E00070474FF0FF30014670BD2C467146B4F120
:1089F0000A0041F1FF3170BD4031002010B5837F86
:108A0000022B06D0837F012B02D0837F042B1DD144
:108A100010BD437D13F0020313D103210E4A817769
:108A20009468037600F1180143768376C3765CB1CF
:108A3000D3681960094BD160BDE81040187801F087
:108A40003DBC0023837710BD9160F3E74FF4FF71C5
:108A50009F2001F07BFA00BF40310020342100202C
:108A600070B5114D00F1180604463146284604F051
:108A70003DFF98B10423A377AA6800232376637689
:108A8000A376E37642B1EB681E60084BEE6018787F
:108A9000BDE8704001F012BCAE60F6E74FF4027121
:108AA0009F2001F053FA00BF403100203421002004
:108AB0002DE9F04F066983B0002E70D1D0E9001582
:108AC0008368077DEFF3108472B6DFF8DCC0DCF852
:108AD0000020002A5CD013F10A0EBCF81080CDF8FB
:108AE000048046F10006183AB046D2E9003611EB90
:108AF0000E0A45EB08099A4579EB060C48D38B42E0
:108B000076EB050C28D3D2F810C01CEB030C46F111
:108B1000000BD4457BEB090B34BF4FF0010C4FF039
:108B2000000CBCF1000F13D092F814C0BC4526D045
:108B300034BF4FF0010C4FF0000CBCF1000F07D018
:108B400013F10A01936846F10005591845F1000533
:108B50009269EAB1183AC8E7D2F808A013F10A0CF2
:108B600046F100091AEB0C0C49F10009614575EB5F
:108B7000090934BF4FF0010C4FF0000CD1E7B2F8F7
:108B80001CC0DDF80490ACEB090CCCF3C03CD4E77E
:108B900004B962B6C0E9001503B0BDE8F08F40F239
:108BA00027219F2001F0D2F940310020024B0521FE
:108BB000186804F075BE00BF58310020054B586896
:108BC00010B1C3680521184710B54FF41B71B020D0
:108BD00001F0BCF9583100202DE9F0471646002B72
:108BE00055D0D3E900894B4C804579EB0103A38A2A
:108BF0003CBF804689466433B8EB000569EB01074A
:108C00000022AB422261BA41C4E9028916DBA369A2
:108C100003F2A3139D4277F1000769DA3E4AC4F8D4
:108C2000288040464946C4F82C9000F03FFD3B4A5E
:108C3000052384F830303260BDE8F087627F237FFF
:108C40001AB19A071ED40022627703F0010AA369C1
:108C500003F2A3139D4277F100072EDABAF1000F59
:108C6000DCD0A08A2C4AB8EB000069F10001C4E90D
:108C70000A0100F01BFD0623284A84F830303260D8
:108C8000BDE8F087236A01209847237FDBE7214C6A
:108C9000637F2BB1237F9B0702D5236A012098476E
:108CA0000025657701F03CF8FFF750F92B461C4A88
:108CB00084F830303260BDE8F08701F031F8FFF71A
:108CC00045F9A08AA369BAF1000F01D0984215D8DE
:108CD000B8EB0300104A69F10001C4E90A0100F091
:108CE000E5FC02230D4A84F830303260BDE8F0879D
:108CF00001F016F8FFF72AF9A369E9E7B8EB0000DD
:108D0000054A69F10001C4E90A0100F0CFFC034AF9
:108D100001238EE758310020AD8B0000698E0000E2
:108D20006190000002392DE9F04104292DD8DFE8D7
:108D300001F00309292C0C00164A137F003B18BFD1
:108D4000012353770020BDE8F081044600F07AFC4F
:108D500000F088FD0E460746FFF76EFD0D4D80467C
:108D60006868FFF74BFE22463846314643460024EA
:108D700000260027C5E902676C60FFF72DFF02207F
:108D8000BDE8F081FFF7A8F9DCE740F21721B02039
:108D900001F0DCF8583100202DE9F84F2E4C637FAC
:108DA000A769804683BB94F81C9019F0010934D15F
:108DB00000F058FD10EB070B41F1000A05460E4686
:108DC00058465146FFF738FDA8B3D0E900329B451D
:108DD0007AEB02011BD30023204AA56228463146C4
:108DE000C4E902BAE662236100F060FCB9F1000F49
:108DF00018D0A38A1A4A9F4216D0022384F8303032
:108E0000C8F80020BDE8F88F4FF00009D0E7DD1B5F
:108E10009B4662F100069246DDE7A38A9F4238BF77
:108E20001F46C5E70E4AE8E7012384F83030C8F84A
:108E30000020BDE8F88F637F2BB1237F9B0702D50D
:108E4000236A012098470023064A84F8303063776C
:108E5000C8F80020BDE8F88F58310020AD8B000025
:108E6000698E000061900000023970B50546032943
:108E700000F2EB80DFE801F006024508754B0022A6
:108E800083F83120002070BD724C94F830301A1FE6
:108E9000012A40F29F8000F0E5FCA26A2369801A53
:108EA0009842B8BF184694F830302061022B7FD02A
:108EB000237FD90740F1C480607F002840F0C08044
:108EC000236A98470123637794F83020022AD4E973
:108ED00002034BD0012A70D02269323843F1FF31AE
:108EE000101841EBE2715C4AC4E90A0100F0DEFBB4
:108EF00094F83030062B0CBF0523042384F830305F
:108F0000C0E7544C94F83030042B0FD8022B25D8EE
:108F1000013B012B00F28F80FFF7DEF80028B1D073
:108F200000F08EFC2846FFF737FF15E0053B012BCC
:108F300000F28180FFF7D0F80028A3D000F080FC79
:108F400000F090FC06460C46FFF776FC2A460346E6
:108F500021463046FFF740FE022070BDFFF7BCF807
:108F600000288FD0012384F831308BE7227FD2078D
:108F70000ED5627F62B9A18A374A401A63F10001B7
:108F8000C4E90A0100F092FB032384F8303079E74A
:108F90002169314A323843F1FF33401843EBE17124
:108FA000C4E90A0100F082FB042384F8303069E749
:108FB00000F0AEFEFEF7C4FF86E7A169264A401A1C
:108FC00063F10001C4E90A0100F070FB022384F898
:108FD000303057E7042B94F8316019D0002EAFD110
:108FE000FFF7C2FC0028ABD06060C4E90D6600F05A
:108FF0001DFB6068022383773146C3689847D4E934
:109000000201FFF7A3FB154B84F830602B60A3E748
:1090100000F08EFE0028E1D100200021FFF70CFCBB
:1090200008B1FFF71DFD00F07BFEFEF78FFF28461D
:10903000FFF7B2FE90E74FF4CD71B02000F086FF4D
:1090400040F2B311B02000F081FF40F2F111B020E6
:1090500000F07CFF58310020AD8B0000258D000012
:10906000032910B506D801290AD840F25D11B020B5
:1090700000F06CFF0429F8D10446FFF72DF808B979
:10908000002010BD2046FFF787FE022010BD00BF64
:1090900010B5064A064C02600023206084F8303088
:1090A0002377FEF785FF5130A06110BD619000006D
:1090B0005831002008B5074B074A196809689142E2
:1090C00002D15130986108BD40F25121B02000F02A
:1090D0003DFF00BF583100206190000010B5EFF354
:1090E000108472B6034B0421186804F0D9FB04B94C
:1090F00062B610BD5831002008B5094B5A684AB114
:10910000D3E902218018BDE80840064A41F1000178
:1091100000F0CCBA40F27221B02000F017FF00BF7F
:1091200058310020BD8B000008B5064B5B681BB1B1
:10913000BDE8084000F084BB4FF41E71B02000F081
:1091400005FF00BF5831002008B5054B5A680AB129
:10915000586308BD40F27E21B02000F0F7FE00BF4A
:109160005831002008B5054B5A680AB1986308BD0C
:109170004FF42171B02000F0E9FE00BF583100200B
:10918000044B9B6B03B1184710B540F28A21B02005
:1091900000F0DCFE58310020044B5B6B03B1184734
:1091A00010B54FF42471B02000F0D0FE58310020EB
:1091B000014B5868704700BF5831002008B5054B77
:1091C0005A6812B1D3E9020108BD40F29B21B020D8
:1091D00000F0BCFE58310020034B187F10F0010056
:1091E00018BF988A704700BF58310020054B1B6894
:1091F0001BB1D3E908200421104710B57221452086
:1092000000F0A4FE98310020054B1B681BB1D3E988
:1092100008200321104710B56C21452000F096FE70
:10922000983100202DE9F04104460D4679B9174FD9
:109230003B683BBB16483C60FFF786FF1548FFF7CD
:1092400091FFFFF777F8637D5B07064605D4D4E905
:1092500008302946BDE8F0411847FEF727FF2036C1
:10926000361A7E6000F07AFB0028FBD00A4B002201
:10927000C3F8A8252946C3F8AC25D4E90830BDE8D1
:10928000F04118478621452000F060FE983100200B
:1092900009920000ED91000000F00140024B002215
:1092A0001A601A81704700BF9831002008B5074B3B
:1092B0001A683AB10648D06000211960BDE808403C
:1092C000FEF79ABFB921452000F040FE98310020FA
:1092D00025920000C0E908122022002101F020B9E7
:1092E00030B587B04B7A00220D460592CDE90022B9
:1092F0000492C3F3800282F001024FF0000162F396
:10930000820104462A78287A8DF815108DF8140009
:1093100069682B4802910390002A40D1D5E90420C6
:109320009DF815C01CF0040FCDE9002028D19DF850
:1093300015202449C3F340035B0043F0010322F0EE
:10934000030213438DF815304B68C3F308038BB148
:10935000103B5BB2002B1CDB03F1604303F5614360
:1093600093F800335B092BB969462046FEF718FFD6
:1093700007B030BD69462046FEF7F0FE07B030BDAD
:10938000203A01F1200140F1FF300092029101905A
:10939000CDE703F00F0319440B7D5B09E3E72B696D
:1093A0000493FEF77BFE9DF815305B07CDE90001C5
:1093B00004D5029A6B7A20320292B8E76B7AB6E74C
:1093C0002592000000ED00E010B5037886B0B3B937
:1093D0000446D0E90401CDE90433CDE9000103934B
:1093E000217A6368029368468DF81410FEF7A4FF93
:1093F000DDE900230120C4E9042306B010BD4FF4C9
:10940000AB71452000F0A2FD30B50C7887B07CBB75
:109410004B7A05940C7A8DF81440C3F3800E174CE8
:109420004D6803948EF0010ED1E904414FF0000C19
:109430006EF3820C1CF0040FCDE900418DF815C0CD
:10944000029507D0203C05F1200541F1FF31009441
:10945000029501919DF815400492C3F3400363F314
:10946000410469468DF81540FEF778FE07B030BD1F
:1094700040F21F21452000F069FD00BF2592000049
:1094800070B4EFF3108672B617490D78ADB1174B73
:10949000D3F80445D3F848314FF6FF7294421FD0F9
:1094A000E3B147F6FE739C4218D84B68013306B906
:1094B00062B6C0E9004370BC70470C4AD2F804455C
:1094C000D2F8043153B14B6801334B60C2F80451F8
:1094D000D2F80445D2F80431002BF4D14B68E6E70A
:1094E000002BFBD11C46F9E7D031002000B0004032
:1094F00010B50A4C002222742277094B0948012139
:109500005960C3F84025C3F840214FF40022196187
:10951000C0F8082500F020FF206210BDD0310020E7
:109520000080004000F001403749384BF0B44D6AEC
:10953000374C002201204A6058609860C3F8084305
:10954000C3F84843C3F80421C3F84021C3F84421B9
:10955000C3F84821002D55D02E4C2F4EC4F8A865D5
:109560002E4AC4F8AC55C4F85C394FF40023C4F853
:1095700004350523C2F840351060D2F84031002B85
:10958000FBD02448002301244FF40025C0F80855DF
:109590005460D460C2F84031C2F84035C0F8A835F4
:1095A000C0F8AC35C0F8AC350B7833B391F828402F
:1095B000184816491A4E1B4DE30003F1804303F58A
:1095C000F8330122A2404FF6FF774FF48024C0F811
:1095D0000825C1F84443C1F84875C1F80443C3F8ED
:1095E0001065C3F81455C0F804250F4B4FF4006202
:1095F000C3F88021F0BC1A607047044B0222C3F804
:109600000423F2E71860CFE7D031002000B000401B
:109610000200070000F0014040810040008000404F
:1096200048B1004008B0004000E100E0044B4FF0BA
:1096300080411A6A0123C1F808351360704700BFE2
:10964000D031002010B4144C1449154A0023C4F83A
:10965000A8350120C4F8AC354FF0FF3448600861EC
:10966000C1F808430F4891684FF48074C0F88041F6
:1096700041B10D494FF48030C1F808031374C1F8AB
:1096800040319360126A10BC4FF080410023C1F852
:1096900008351360704700BF00F0014000800040B3
:1096A000D031002000E100E000B00040F0B55A4C9D
:1096B000A36883B0002B40F09F802578A260002D26
:1096C0005CD1564B994200F29C80430F544E554F4B
:1096D00043EAC101A6FB0132C0F34F33920B03EB07
:1096E000014307FB1233A6FB03639B0B43EA0243D0
:1096F0004D4A02FB1300420B48F2376101FB02F2B4
:10970000120C43F60957494907FB120000FB01F10F
:10971000490D43F6085601EB422207FB0161B0EB0D
:10972000512F88BF01320026002D41D01F0C1B0491
:109730009D18684647F10007FFF7A2FEDDE90032F9
:10974000053346F100064FF48031E2FB01369D42BD
:1097500077EB060647D32A0C4FF6FF71ADB242EA0B
:109760000742002D08BF0D4631494FF48030C1F843
:109770004055E260C1F8040303B0F0BD2D4B99429F
:1097800044D8430D264E274F43EAC121A6FB0132A0
:10979000C0F34F13920B03EB014307FB1233A6FBFD
:1097A00003639B0B43EA0243234A02FB1300A2E735
:1097B0001F0A1B069E18684647F10007FFF760FE68
:1097C000DDE90032053345F100054FF08071E2FB21
:1097D00001359E4277EB050505D3320E42EA07229A
:1097E00026F07F45C0E7FF232374144B4FF400623B
:1097F000C3F8002103B0F0BD40F2F921052000F0CC
:10980000A5FB4FF49471052000F0A0FB40F223115A
:10981000052000F09BFB00BFD0310020FF7F841E9D
:1098200083DE1B43000024F40080841E6F0C0100C3
:1098300000B000407F841E0080841E0000E100E034
:10984000064B9A684AB106494FF48032C1F80823A2
:1098500000221A74C1F840219A607047D03100206C
:1098600000B0004070B4EFF3108572B6364C20782B
:1098700020B3364BD3F80425D3F848614FF6FF7375
:109880009A4252D043F60951C2F3080301FB03F395
:10989000500A01FB00F003F5807300EB5320002118
:1098A000002E45D047F6FE739A4241D863680133D3
:1098B00025B3274A70BCE3FB02017047234AD2F864
:1098C0000435D2F8041111B3636801336360C2F840
:1098D0000401D2F80435D2F804110029F4D143F67A
:1098E000095CC3F30802580A0CFB02F202F580730C
:1098F0000CFB00F000EB532063681DB962B62278C0
:10990000002AD6D1134AE3FB020170BC704743F62C
:109910000956C3F30802580A06FB02F306FB00F0DF
:1099200003F5807300EB5320E6E71EB10A480021DF
:109930006368BDE7636815B928462946DEE7044A2F
:1099400030463146DFE700BFD031002000B0004094
:1099500080841E000080841E61841E0070B4EFF3BA
:10996000108072B6384A15780DB3384BD3F80455C9
:10997000D3F848614FF6FF739D4256D043F6095421
:10998000C5F3080104FB01F16B0A04FB03F301F5C5
:10999000807103EB51230024002E49D047F6FE715D
:1099A0008D4245D85168013108B3294824E0274940
:1099B000D1F80435D1F804414CB3536801335360F6
:1099C000C1F80451D1F80435D1F80441002CF4D188
:1099D00043F6095CC3F308010CFB01F15B0A01F5D6
:1099E00080710CFB03F303EB5123516818B962B685
:1099F00010780028D9D11748E1FB0034D2E90C12C5
:109A00008B4294412CBF0120002070BC7047C3F3EF
:109A1000080143F609555B0A05FB01F105FB03F359
:109A200001F5807103EB5123DFE71EB10A4B0024DF
:109A30005168B9E7516810B903460446D7E70448AE
:109A400033463446D8E700BFD031002000B0004094
:109A500080841E000080841E61841E002DE9F04772
:109A6000DFF874815D4E012100234FF4002284B0A1
:109A7000C8F80410C8F84035C8F84031C8F81010CC
:109A8000C6F80825D8F8042522F00302C8F80425F2
:109A9000D8F8082542F00302C8F80825102292FAE7
:109AA000A2F2B2FA82F2092A00F39180C8F81025D6
:109AB0004B4A4C4FC8F80C104FF48070C2F880012C
:109AC0001060494AC8F80410C8F80C10C6F8A82558
:109AD0003A78C6F8AC8502A8002A56D0019306E071
:109AE0000123C6F808A5C8F80430C8F80C30FFF701
:109AF000C7FCDDE90243019D4FF4002A4FF4803991
:109B0000C6F804A5E3FB0945FFF7BAFCDDE902321C
:109B10000199E2FB0931A94208BFA342E0D1013417
:109B200043F60952C4F3080345F1000502FB03F3B1
:109B3000210EC4F34E2441EA052102FB04F02D0E50
:109B400003F5807300EB53204C016B01641A43EA68
:109B5000D16363EB0506B201A3011B1B42EA9462C9
:109B600062EB0602D20042EA5372DB005B1845EB5F
:109B70000205E903DA03801841EA534141F100018B
:109B8000C7E90C0104B0BDE8F087019206E00123AB
:109B9000C6F808A5C8F80430C8F80C30FFF770FC08
:109BA000DDE90243019D4FF4002A4FF08079C6F8A9
:109BB00004A5E3FB0945FFF763FCDDE902320199E7
:109BC000E2FB0931A94208BFA342E0D1A7E7074859
:109BD00040F29F3100F0B0F90080004000F00140F9
:109BE00000E100E0D031002000B100409C92020072
:109BF00010B5029C201841F10001801A61EB0301AD
:109C0000B0F1004F71F1000100DA10BD40F2A9314E
:109C1000052000F09BF900BF70B4EFF3108572B619
:109C2000364C207820B3364BD3F80425D3F848615E
:109C30004FF6FF739A4252D043F60951C2F308031C
:109C400001FB03F3500A01FB00F003F5807300EB06
:109C500053200021002E45D047F6FE739A4241D88A
:109C60006368013325B3274A70BCE3FB02017047E8
:109C7000234AD2F80435D2F8041111B363680133D2
:109C80006360C2F80401D2F80435D2F80411002947
:109C9000F4D143F6095CC3F30802580A0CFB02F244
:109CA00002F580730CFB00F000EB532063681DB9D4
:109CB00062B62278002AD6D1134AE3FB020170BCB7
:109CC000704743F60956C3F30802580A06FB02F32D
:109CD00006FB00F003F5807300EB5320E6E71EB1AE
:109CE0000A4800216368BDE7636815B9284629461C
:109CF000DEE7044A30463146DFE700BFD0310020BE
:109D000000B0004080841E000080841E61841E001C
:109D1000024B0122C3F84423704700BF00B000404B
:109D2000024B0122C3F84823704700BF00B0004037
:109D300008B5FEF711F930B9074A936B0133312B9F
:109D4000936304D808BD044B00229A6308BD40F217
:109D5000F531052000F0FAF8D031002010B53F4C65
:109D6000237882B0002B55D03D4BD3F80423520307
:109D70005BD43B4BE168D3F80423D00334D5D3F84C
:109D80004031002B30D0636899425DD800232374A2
:109D9000334AA168C2F840314FF48030C2F808035A
:109DA000002955D0A36088472D4BA169D3F804231F
:109DB000920324D5D3F844310BB363688B423FD36D
:109DC00000222277264B6169C3F844214FF400300A
:109DD000C3F8080300293BD08847214BD3F8403112
:109DE0000193019B02B010BD6268237C002BCDD192
:109DF0009142D9D91A4B0022C3F84021D4E76268B6
:109E0000237F002BDCD18A42E7D2154B0022C3F816
:109E10004421E2E7124AD2F804110029A9D0C2F87D
:109E20000431636801336360A3E7D3F84821002A53
:109E30009FD00022C3F8482163680133636098E72C
:109E4000237F002BE1D0BBE7237C002BD2D09DE702
:109E500040F23741052000F079F800BFD0310020F2
:109E600000B00040014B1879704700BF103200204D
:109E7000044B1A79824283BF1B68602202FB0030C8
:109E80000020704710320020BFF34F8F0549064B6A
:109E9000CA6802F4E0621343CB60BFF34F8F00BF88
:109EA000FDE700BF00ED00E00400FA05094B0122C8
:109EB0005A604FF0FF32C3F80823074B4FF480423B
:109EC000C3F88020BFF34F8FBFF36F8FC3F880219B
:109ED000704700BF00E0004000E100E0094B0122B4
:109EE0005A604FF0FF32C3F80823074B4FF48052FB
:109EF000C3F88020BFF34F8FBFF36F8FC3F880216B
:109F0000704700BF00C0004000E100E0084B0022A5
:109F1000C3F8FC2F0122C3F8FC2F064B0222C3F822
:109F20008020BFF34F8FBFF36F8FC3F8802170473E
:109F30000010004000E100E008B572B6024B5B681B
:109F400003B19847FFF7A0FF183200201FB572B683
:109F5000134B5D6895B9FFF797FF2346B2FBF6F206
:109F60005C1C002AF9D104AEDCB256FA83F303F884
:109F70000C2C0A2234B901A8A847ECE702460023BA
:109F80000A26EDE7631E04AEDCB256FA83F3B0FB9B
:109F9000F2F602FB1600303003F80C0C3046E9E70D
:109FA00018320020F8B51F4E337805460C46174688
:109FB000A3BB00F0C5F9FDF7F3FB77603472FFF740
:109FC000A5FFFFF78BFFFFF771FF174B002D14BFA5
:109FD00028461846FEF704F80546E8B9FFF75EF98B
:109FE000FDF7F0FF03F04BFCFEF746F818B9B82177
:109FF0001120FFF7ABFF002C0CDB04F01F026409FB
:10A00000A40004F1604404F5614401239340C4F8C2
:10A0100080312360012333702846F8BD4FF0FF35AF
:10A02000FAE700BF1832002010890200074B93F9AD
:10A030000830002B09DB5A09012103F01F03994066
:10A0400002F14003024A42F8231070471832002000
:10A0500000E100E0014B1878704700BF1832002083
:10A0600050B1074B03F1140253F8041B40F8041BD2
:10A070009342F9D1002070476FF01500704700BF80
:10A08000DFD10200F0B5284D284C294F83B02E783F
:10A090000136F6B2D5E84F3F0133DBB2C5E8423FA7
:10A0A000002AF7D101236360C4F80021C4F8042119
:10A0B000EFF3108272B6C4F80405236052B962B699
:10A0C00008E0D4F804314BB92B789E4206D13B69A5
:10A0D000DB0613D4D4F80031002BF2D0D4F80431CD
:10A0E000002BD4D12A78B242D1D10322C4F8003156
:10A0F000C4F80431C4F8082303B0F0BD0D4B0321AC
:10A100004FF48042C4F80413C3F88021D4F800311E
:10A11000002BDFD1D4F80431002BDBD1019003F008
:10A120000CFC0198D6E700BF2132002000E000407F
:10A1300000ED00E000E100E070B51446DA078CB0F5
:10A140001D4686468C4633D5C36842681BBA0093C9
:10A15000CB681BBA049383681BBA019303681BBACC
:10A1600003938B6812BA1BBA029205934A680B6874
:10A1700012BA1BBA6E46069207933046FFF782FF6B
:10A18000AB070DD5DDE90A10DDE9083200BA09BADE
:10A1900012BA1BBA20606160A260E3600CB070BDAF
:10A1A00008AD0FCD20606160A260E3600CB070BDAF
:10A1B000DEF80410DEF80820DEF80C300068EE4609
:10A1C000AEE80F00DCF80000DCF80410DCF8082032
:10A1D000DCF80C306E46AEE80F00CEE710B5002478
:10A1E00082B0CDE90044FFF7A7FF02B010BD00BF69
:10A1F0001A4B4FF4805270B5C3F88020BFF34F8FD5
:10A20000BFF36F8F164C174D0021C4F80011C3F82F
:10A2100080212E692B6943F010032B610123C4F8C0
:10A22000043306F010062360D4F800319BB11EB948
:10A230002B6923F010032B610123D4F80805636018
:10A24000C4F808330023C4F80031044B4FF48052A3
:10A25000C3F8802170BD03F070FBE5E700E100E08A
:10A2600000C0004000ED00E00B4938B5042301EBCD
:10A27000C302157905F0FF042DB1013BF7D240214F
:10A280006920FFF763FE41F8330001215471947196
:10A290001171D8B238BD00BF24320020042808B59F
:10A2A00003D947216920FFF751FE034B03EBC0039D
:10A2B00000221A7108BD00BF24320020042808B50E
:10A2C00003D950216920FFF741FE094B03EBC00081
:10A2D0000379012B01D05121F4E7437982790133CD
:10A2E000DBB29A4218BF4371BDE80840FFF79EBE3B
:10A2F0002432002038B5114D052495F8281005EBBF
:10A30000C1031A79012A09D158799A79904205D066
:10A310005A79D2B29A7155F83130984795F8283069
:10A320000133DBB2052B04F1FF3428BF002314F006
:10A33000FF0485F82830E0D138BD00BF243200206A
:10A340004FF08052034BD2F830111960D2F834210B
:10A350005A60704750320020084B1B68083B082B9E
:10A360000AD840F2211222FA03F313F0010F044B32
:10A37000044818BF18467047024870475032002002
:10A3800000E701400C050040144B1B68062B03D06E
:10A39000013301D020BF7047EFF3108072B6104A2E
:10A3A0001369116941F0100111610E49D1F80021C2
:10A3B000D1F804110A4303F0100300D040BF20BFBE
:10A3C00000BF00BF00BF00BF23B9054A136923F0D7
:10A3D0001003136100B962B6704700BF503200200D
:10A3E00000ED00E000E100E0914270B53FD2B2FA2A
:10A3F00082F33BB1C3F1200420FA04F499402143D5
:10A4000098409A40150CB1FBF5FC05FB1C1E4FEA69
:10A410000E4E030C84B20EEB10401FFA82FE0CFBB2
:10A420000EF6864206D9361A964294BF01260226B7
:10A43000ACEB060C03EB01430CFB1233B3FBF5F062
:10A4400005FB103304EB034400FB0EFEA6454FEA68
:10A450000C4C09D9AEEB040E964594BF4FF0010E9B
:10A460004FF0020EA0EB0E0040EA0C0070BD73210D
:10A470009620FFF76BFD00BF2DE9F8431C4652EA1A
:10A48000040349D0074615460E4684B9914204D2CA
:10A49000FFF7AAFF2146BDE8F88321463046FFF7C3
:10A4A000A3FF04462A46384604FB1561F0E74FF047
:10A4B0000108B4FA84F908FA09F3A3FB021220FA9E
:10A4C00008F003FB042240EAC67026FA08F1FFF701
:10A4D0008BFFC9F11F0230FA02F34FF0000C08D1D4
:10A4E00040461946AF42A6413CBF18466146BDE80A
:10A4F000F8835A1E61466CEB0C0C05FB0CFE02FB4C
:10A5000004EE18461346A5FB0228BA1A0EEB0807FC
:10A5100066EB07061746E5E7A6219620FFF716FD2E
:10A5200010F0030FC9B2034607D0BAB303F8011BFA
:10A5300013F0030F02F1FF32F7D170B5032A01EBDC
:10A54000012404EB04441ED9161FB508032E05F19F
:10A55000010521D94FEA550E03EBCE0E9C46CCE9FE
:10A5600000440CF1080CF445F9D115F0010F04D0AA
:10A5700025F0010503EB85052C6026F00306043366
:10A58000334402F0030232B1012A197003D0022AC7
:10A59000597018BF997070BD1D46EDE7704700BF38
:10A5A000844641EA000313F003037DD1403A51D3BE
:10A5B000F0B4F0C9F0C0F0C9F0C0F0C9F0C0F0C903
:10A5C000F0C0403AF5D2F0BC44E0403A42D300BF7C
:10A5D00051F8043B40F8043B51F8043B40F8043B7D
:10A5E00051F8043B40F8043B51F8043B40F8043B6D
:10A5F00051F8043B40F8043B51F8043B40F8043B5D
:10A6000051F8043B40F8043B51F8043B40F8043B4C
:10A6100051F8043B40F8043B51F8043B40F8043B3C
:10A6200051F8043B40F8043B51F8043B40F8043B2C
:10A6300051F8043B40F8043B51F8043B40F8043B1C
:10A6400051F8043B40F8043B51F8043B40F8043B0C
:10A65000403ABDD2303211D351F8043B40F8043BAC
:10A6600051F8043B40F8043B51F8043B40F8043BEC
:10A6700051F8043B40F8043B103AEDD20C3205D3BC
:10A6800051F8043B40F8043B043AF9D2043208D0B4
:10A69000D2071CBF11F8013B00F8013B01D30B8826
:10A6A00003806046704700BF082A14D38B078CD004
:10A6B00010F0030389D0C3F10403D21ADB071CBFD7
:10A6C00011F8013B00F8013BFFF47FAF31F8023B8A
:10A6D00020F8023B79E7043AD8D3013A11F8013B5C
:10A6E00000F8013BF9D20B7803704B7843708B78FC
:10A6F00083706046704700BF43D900004FD9000007
:10A7000053D900005BD900005FD900007BB972B952
:10A710000029BEBF00204FF0004106E008BF00281E
:10A720001CBF6FF000414FF0FF3000F057B8ADF1A3
:10A73000080C6DE904CE002909DB002B1ADB03F0BD
:10A7400020F9DDF804E0DDE9022304B0704740425F
:10A7500061EB4101002B1BDB03F013F9DDF804E092
:10A76000DDE9022304B0404261EB4101524263EB58
:10A7700043037047524263EB430303F002F9DDF8F1
:10A7800004E0DDE9022304B0404261EB410170477F
:10A79000524263EB430303F0F4F8DDF804E0DDE933
:10A7A000022304B0524263EB4303704753B94AB9E2
:10A7B000002908BF00281CBF4FF0FF314FF0FF30C9
:10A7C00000F00CB8ADF1080C6DE904CE03F0D9F837
:10A7D000DDF804E0DDE9022304B07047704700BFF4
:10A7E00008B5F6F7FDFCF8F7B1F9F6F70FFC002015
:10A7F00008BDFFF735BCF8F73BB901F030B801F000
:10A8000031B801F029B810B586B0044601A8FFF7A9
:10A8100027FC02232370A3709DF804306371BDF8F8
:10A820000530E380DDF80730A36000206070E07041
:10A83000207106B010BD00F01BBE70B5044602F0DA
:10A8400027FF012805461AD1601C02F028FFB0B18D
:10A85000A37963F03F03A3710020F8F761FAE61DC6
:10A8600038B1102200213046FFF75AFE2570002033
:10A8700070BD304602F026FF0028F2D0F6E7002532
:10A88000F4E710B5102204460021FFF749FE04F159
:10A890001003102200211846FFF742FE02F02BFFA2
:10A8A0000020F8F73DFA20B1204602F00BFF00200F
:10A8B00010BD02F0EDFE0028F6D0F8E710B5044612
:10A8C000FFF796FCB0F5007F09DA10F5007F08DD90
:10A8D000031EB8BF03339B102370002010BD7F23DD
:10A8E000FAE76FF07E03F7E78178008800F077BF22
:10A8F00037B505460C4600880DF1060100F0A4FEB0
:10A900002B882380BDF80630638003B030BDF7B5D7
:10A9100004462046F8F74AFE022805462ED00428B1
:10A920002CD123788A2B18D13E20F6F76DFC78B90C
:10A93000E378227901A943EA02236846ADF80030A2
:10A9400000F001FF0028E4D053210820F6F722FB95
:10A950000520F6F79DFC0028EAD0204600F013F809
:10A960002678A7783046F6F74FFC0028D1D03E2E47
:10A9700004D13846F6F78CFC0028CAD0284603B02C
:10A98000F0BD01F09ABC10B50378813B04460E2B54
:10A990002FD8DFE803F02F3541454F676D08613B45
:10A9A00071775B2E7D002920F6F772FC30B13E23D3
:10A9B0002370222363702923A3701AE00A20F6F77C
:10A9C00067FC3E23237018B11F2363700A23F3E74B
:10A9D0000123A37013236370E37903F00103E37190
:10A9E000D4F81A30C4F80E30E38B638294F8203028
:10A9F000237510BD3E230370042343701423DBE74B
:10AA00003E2303700A2343700323D5E73E230370DC
:10AA10000D2343700523CFE705232370042307E0AC
:10AA20005A20F6F7F1FB08230028F6D05A222270AC
:10AA30006370DEE75B20F6F7E7FB18B15B2323705A
:10AA40000623F5E7302323700323F1E73E23037049
:10AA50000B2343700723AFE73E23037006234370A5
:10AA60000C23A9E71323037083789B000133DFE7EE
:10AA7000572303700223DBE73E2303700623437052
:10AA8000122399E73E23037009234370132393E7AE
:10AA9000FF2303700D23437080238DE708B510B9A1
:10AAA0006FF0150008BDFFF76CFF0028F8D00020FC
:10AAB000F8E710B50C4648B141B1FFF728FF002870
:10AAC00020700CBF6FF02200002010BD6FF0150049
:10AAD000FBE7F8B5941C0C446343B3F5004FA8BFE3
:10AAE0004FF0FF330E4610F00301054617469CB2A7
:10AAF00003D0B0211420F6F74DFAB4F5004F01D978
:10AB0000B121F7E714220430FFF70AFDEF746C80DF
:10AB10002E80F8BD38B50388C48805898B42C4F3FC
:10AB20000E0203D2D1211420F6F734FA84EA050389
:10AB3000C3F30E030BB9AC4206D102F11803012294
:10AB4000C1528274184438BD1846FCE702310144F2
:10AB50004A43B2F5004FA8BF4FF0FF3290B21B300E
:10AB600020F00300B0F5004F34BF00B24FF0FF30CB
:10AB7000704740881B3020F00300B0F5004F34BF11
:10AB800000B24FF0FF3080B2704738B503888B4277
:10AB900003D2F7211420F6F7FDF9857C65B1C3884F
:10ABA000C3F30E031833C25A8A4207D3C152811D20
:10ABB000F6F77EFB00238374284638BD0025FBE7AB
:10ABC0000346F0B59E88DD88B4B2A54200F11800B6
:10ABD000C6F30E0616D05F89DD7C845B3D440235EA
:10ABE0003544E41B28440D88A4B2A54288BF0C80DC
:10ABF0005989B1FA81F14FEA511188BF2546117088
:10AC0000DD81F0BD00252846FAE7F8B58288C389C2
:10AC1000002604460D4692B20E60CBB1C2F30E027E
:10AC20004189183287180B44825A9BB29342438160
:10AC300004D94FF4A2711420F6F7ACF904D1011D28
:10AC4000F6F736FB46812F600023E3810120F8BD33
:10AC50001846FCE7838802899BB29A42014602D0DB
:10AC60000831F6F725BB70478388C0889BB2C31AAA
:10AC7000584258417047828873B5C48895B2AC4237
:10AC8000C2F30E0202F1180212D04189C689835A1A
:10AC9000314499420EDB0DF10601ADF80650F6F78E
:10ACA00007FBBDF80600001B18BF012002B070BDF5
:10ACB0000020FBE70120F9E770B5C488068984EA23
:10ACC0000602C2F30E020346C4F30E0518300AB999
:10ACD000B4420FD19C891A880CB1465B921B9142F9
:10ACE00007DCDA7C2C440232224410440A461A82E1
:10ACF00070BD00221046FAE7F8B5038A002B38D061
:10AD00008B4236D3C488858900F11803C4F30E043E
:10AD10001E1995B91D55757085891E5B0D44ADB220
:10AD2000314485811953D2B1811DF6F7C1FA002350
:10AD30008381002303820120F8BD1E5BAE4204D054
:10AD40004FF4F6711420F6F725F9C57C878A26445E
:10AD5000023535445E195F53857DB570DCE7C27CF2
:10AD6000254402322A4499189B5A83828B78837532
:10AD7000DFE70020E0E78388C2889BB29A4206D0D2
:10AD8000428922B9C3F30E031833184470470020D8
:10AD90007047C37C0233C81870470230704738B51B
:10ADA0008388C2889BB29A4207D045892DB9011D7C
:10ADB000F6F77EFAC581012038BD0020FCE7038844
:10ADC0001380C388C3F30E03183303440B608089D8
:10ADD00070470368002223B9C0E90132031D0360F4
:10ADE000704759681B680A44F5E7072970B50346A0
:10ADF00004D84FF4EC711520F6F7CCF80068C0B118
:10AE000044681A688C42064610D0106860B901F197
:10AE10000805AC420DD3546850501868651A541890
:10AE200000686560505002E01346E9E714681C6052
:10AE3000304670BD0023C1E9003203680B60016039
:10AE4000704730B590B18478B1FBF4F304FB131371
:10AE500000EB430252898A4201D1D8B230BDC27898
:10AE600022B900F10803D0B2844201D8FF20F5E7EF
:10AE700033F8025F8D4202F10102F4D1EEE78278ED
:10AE8000038805324B4303EB42031844704737B540
:10AE90000024CDE9004405468DF806006846ADF86B
:10AEA0000440F6F7DDFBBDF8044008B103B030BD47
:10AEB00029462046F6F7B0FB0028EFD040F23521B6
:10AEC0001720F6F767F870B50D4609211E46FFF703
:10AED0003DFE3246044609212846FFF737FE40EA88
:10AEE00004031B0454BF00194FF0FF3070BD012351
:10AEF0000370704710B5FF238B70C2F380035B00B3
:10AF0000DBB2CA180124127D032A08BF0133CA1814
:10AF1000147503F10C0401EB8303002221F81420C3
:10AF20005B688A700360828010BDF8B50C4684F0BF
:10AF300001046400054611461E46E4B2FF238370F7
:10AF400003191B7D012B06D0631CDCB250FA83F37E
:10AF50001B7D012B0AD105EB44073B8B3A8C9819DA
:10AF6000904205DD2C4400233B8323750020F8BD6F
:10AF700005EB8404324660681844FFF711FB3B8BF5
:10AF80001E443E830023AB700120F0E781F00101F5
:10AF9000490010B5C9B2FF23837043181C7D012CF2
:10AFA00007D10C3120F8112002221A75002383707A
:10AFB00010BD0131CBB250FA81F10C7D012C05D1CD
:10AFC0000C3320F8132002230B75EFE74FF499712F
:10AFD0000920F5F7DFFF30B50246837803F0FF0064
:10AFE000F3B9137D022B19D0537D022B15D10346E3
:10AFF000012089B1D5180C3300242C7522F8134098
:10B00000131803241C7502EB80035B680B6000F1CE
:10B010000C0332F813308B80012030BD0123E8E7A8
:10B020000020FAE730B50346827802F0FF00E2B96B
:10B030009A7D022A17D0DC7D022C13D1032281B124
:10B040001D190C340020287523F8140098180324C7
:10B05000047503EB82000C32406833F8123008604C
:10B060008B80012030BD0324E9E70020FAE7037D4F
:10B07000012B01D1008B7047437D012B0CBF408B0E
:10B0800000207047837D012B01D1808B7047C37DE9
:10B09000012B0CBFC08B00207047027D022A01D11A
:10B0A000008B7047437D022B01D1408B7047032AF0
:10B0B000F6D0032BF9D000207047827D022A01D1FF
:10B0C000808B7047C37D022B01D1C08B7047032A50
:10B0D000F6D0032BF9D000207047F6F7B1BBF6F796
:10B0E00011BC07B50023CDE9003301238DF80630EC
:10B0F0006846F6F7B5FA08B1002004E0009801F0C0
:10B100006FFF0028F4D003B05DF804FB1FB50022E8
:10B11000009240F6881303A9FCF798FA05B05DF891
:10B1200004FB10B5044638B1F7F73AFD24EA0000F5
:10B13000B0FA80F0400910BD0120FCE72DE9F04194
:10B140000F46B0F85E60B0F8605001F028FE0221B2
:10B15000044600F080FE02218046204600F07BFE7F
:10B16000464528BF4646B6B21B2E38BF1B26FB2ECF
:10B1700028BFFB26854228BF0546ADB21B2D38BF30
:10B180001B25FB2D28BFFB25B4F5A47F38BF4FF44A
:10B19000A47440F648039C4228BF1C467E80FD8074
:10B1A000BC803C81BDE8F0812DE9F04186B00546C8
:10B1B00002A9008800F073FE0446002870D1029AAC
:10B1C00092F85031D91E4B424B418DF8063013682E
:10B1D00098064ABF9DF80630234683F001038DF898
:10B1E000073092F862309B0603D49DF80730002B9D
:10B1F0005CD0EB881B3B9BB2E02B59D82989A1F589
:10B20000A4739BB244F24810834251D86B881B3B15
:10B210009BB2E02B4CD8AA88A2F5A4739BB28342C0
:10B2200046D840F64807B94244D8BA4242D8029EAE
:10B230004FF0FF0886F823819DF80630A3BB03A9D1
:10B2400006F1A800FFF77AFF6A88BDF81230BDF852
:10B250001410E888934228BF1346A6F82831BDF899
:10B260000E30AA88B94228BF3946834228BF034618
:10B27000A6F82431BDF810302889BB4228BF3B46D0
:10B28000834228BF03468A42A6F82631134628BFC8
:10B290000B46A6F82A3186F82281002386F823314E
:10B2A000204606B0BDE8F0813A24F6E71A24F7E715
:10B2B0001224F5E71124F3E710B5FFF712FF60B190
:10B2C000F7F7AAF8044601F0CEFF40B9204601F096
:10B2D000C6FF80F00100C0B210BD0120FCE70020D5
:10B2E000FAE7006890F8BA3123B1002380F8BA3148
:10B2F00001F06ABD704710B50378012B044601D9EF
:10B30000122010BDFFF7EDFE58B9207810F0FD00B7
:10B310000DD104F11703E21D611CBDE81040F7F7E1
:10B3200075BEF7F705FF0028EFD00C20E9E7A379F9
:10B3300003F0C003C02BE3D10120EAE710B5037886
:10B34000012B04460DD8FFF7CCFE60B9214611F859
:10B35000010B00F0FD00003818BF012000F01EFDB9
:10B3600038B9122010BDF7F7E3FE0028EED00C200C
:10B37000F8E70020F6E708B50088F7F7DFFE0028B9
:10B380000CBF3020002008BD38B50546FFF7A9FEE8
:10B39000044638B92878003818BF0120F7F7C2FEF4
:10B3A000204638BD0C20FCE708B5FFF79AFE18B917
:10B3B000F7F7A8FE002008BDF7F7BAFE0028F7D07F
:10B3C0000C20F8E708230370002070471122027058
:10B3D00041F23903C2705922A0F801308280C38043
:10B3E0000020704708B50821F6F760FA002008BD74
:10B3F00073B50646008808800C4680B201A900F0AB
:10B400004EFD054640B9B3784BB9019B93F91C0139
:10B41000A070FAF7F3FFA070284602B070BD7F203D
:10B42000FFF774FEF4E710B504466FF07F00FFF7F6
:10B430006DFEFAF7E3FF20707F20FFF767FEFAF753
:10B44000DDFF6070002010BD08B50A46072300F13B
:10B450001001FEF7C3FE002008BD10B501460446EA
:10B460000020F7F743FC08B92060A080002010BD41
:10B4700010B50446F7F764FB28B900202146F7F71A
:10B480001DFC002010BDFFF717FF0028F5D10C2090
:10B49000F8E710B50446FFF70FFF28B10120214659
:10B4A000F7F70CFC002010BD0C20FCE7FFF77CBE7A
:10B4B0001FB502880A80838844F290218B4215D8F8
:10B4C00040F648018B42ADF804204288ADF80620D2
:10B4D00028BF0B4601A8ADF80830ADF80A20ADF83A
:10B4E0000C30FFF761FE05B05DF804FB1220FAE7AF
:10B4F00037B508800D4601A900F0D1FC044620B9FB
:10B5000001982946A830FFF719FE204603B030BD48
:10B5100010B503466FF004040020482108221C7077
:10B5200058709970DA701C7158719971DA7110BD88
:10B5300010B50446FFF7D5FD78B92146E27911F838
:10B54000010B00F0FD00003818BF0120F7F7BAFE2C
:10B5500080F001004000C0B210BDF7F7E9FD0028FF
:10B56000EBD00C20F8E713B5008808800C4680B2B9
:10B5700001A900F094FCC8B9019B83F8160193F867
:10B580001421012A06D0022A04D04FF43F7106206C
:10B59000F5F700FDA27093F81521012A01D0022AC7
:10B5A000F3D1E27093F81621002AE6D102B010BD63
:10B5B0001FB5044603A9008800F071FC38B9A388C0
:10B5C000022B14D8E078FFF7ACFD10B9112004B0BD
:10B5D00010BDA078FFF7A5FD0028F7D00123009348
:10B5E000A388E278A17803A800F0ACF9EFE7122075
:10B5F000EDE737B58378C178027903F0010451EAA9
:10B60000040503F002031DD052EA03051AD0002CF2
:10B6100018BF0021002B18BF00228DF803200378EB
:10B6200042788DF8021043EA0223ADF800304379E6
:10B630008279684643EA0223ADF80430FFF7B8FF89
:10B6400003B030BD1120FBE713B50C4601A900F093
:10B6500026FC18B9019BDB880133238002B010BDA2
:10B6600007B5008801A900F033FC30B9019B93F8BD
:10B67000332112B9FF2283F8332103B05DF804FBB4
:10B6800010B50446F7F786FA20606160002010BD0F
:10B6900037B50446F6F7C0FE23781F2B054618D8A9
:10B6A000816A04226846FFF725FC2246A86A12F840
:10B6B000013B0021FFF739FC68B1AC6A2046FFF777
:10B6C000E1FC002102462046FFF760FC002003B0A9
:10B6D00030BD1220FBE70720F9E737B50446F6F73F
:10B6E0009BFE23781F2B054618D8816A00226846E6
:10B6F000FFF700FC2246A86A12F8013B0121FFF780
:10B7000014FC68B1AC6A2046FFF7B1FC0121024687
:10B710002046FFF73BFC002003B030BD1220FBE7C2
:10B720000720F9E710B5044634F8020B0880002121
:10B7300080B2F5F75BFF20B12146BDE8104001F073
:10B740005DBF022010BD008808B50880002180B2CE
:10B75000F5F74CFF20B1BDE80840002101F04EBFD5
:10B76000022008BD13B5008808800C4680B201A9EC
:10B7700000F095FB10B9019B9B8F638002B010BD58
:10B7800037B503880B80044698B2638813B912203A
:10B7900003B030BD01A900F082FB0028F8D1658814
:10B7A000019B42F21072A9B2D3F8C4405143B3F8DE
:10B7B000DA206243B3F8CC4004FB02229142E6D384
:10B7C000D3F8C420D3F8C4409442F9D100225A637C
:10B7D000621E0A449D87B2FBF4F29A63D8E710B563
:10B7E0000C460021F5F702FF90B1022C12D804F0AC
:10B7F0000102C4F3400480F8BC2180F8BB4112B1BF
:10B8000090F8BA310BB9002010BD01F0DDFAFAE76B
:10B810000220F9E71220F7E710B504460078FF2868
:10B820000AD00121F5F7E2FE58B16378A27843EA25
:10B830000223C383002010BDB4F80100F9F796F984
:10B84000F8E74220F7E708B50078003818BF012074
:10B85000F9F790F8002008BD0620F7F78FB9082007
:10B86000F7F78CB901F0F4BE10B5044604B910BD69
:10B87000236898476468F9E703680BB9016070476B
:10B880001A465B6813B18A42FAD170478A4218BFE0
:10B890005160704708B5F9F773FDF9F75DF8BDE839
:10B8A0000840F9F755BD08B50020FFF7F0FAF5F7A5
:10B8B00061FFF7F7BDF9F6F717FC20B140F243112D
:10B8C0009320F5F767FB08BD08B5F9F715F8F9F708
:10B8D0002DFD20B140F263119320F5F75BFBBDE82D
:10B8E00008400120FFF7D3BA08B5FFF7EDFF01F0DC
:10B8F00071FE20B14FF4BC719320F5F74BFB08BDEE
:10B90000FCF74CBB0B46892203F8032BD0F8092027
:10B91000C1F80320427B1A71704738B50D460446C2
:10B92000F7F73EF92B78002B08BF034684F8683000
:10B930006B78002B08BF034684F869306B88A4F845
:10B940006A3038BD2DE9F7430468994694F86330AE
:10B9500094F80F8043EAD303DB070F46164602D460
:10B96000B8F1250F36D16FBBF7F71AF90546BEBB04
:10B97000F7F716F945BBB8F1250F2ED10020054683
:10B98000FF2384F82D3194F82C3103F0FF08F3B92C
:10B990009DF8283084F82F0184F82C3184F82E513A
:10B9A00001A904F1A8008DF804708DF80560ADF8C8
:10B9B0000690FFF7B2FF002384F82D31404603B014
:10B9C000BDE8F0833D46D2E70028D4D0D8E74FF059
:10B9D0003A08F0E74FF01A08F0E74FF00908EDE7F2
:10B9E000002DC8D03046CBE738B5036893F82C312A
:10B9F000012B04460D4602D11E21F7F7F3F8236808
:10BA0000002083F82C0165B1182283F899200822C0
:10BA10009A7393F84A3093B940F25B41AE20F5F740
:10BA2000B9FADA7B233A072A03D8DD73204600F0FF
:10BA3000F5FD20461821BDE8384000F00EBE38BDA7
:10BA400008B503689A7B22B14FF4E671AE20F5F792
:10BA5000A1FA23229A7308BD034610F0010002BF29
:10BA6000C3F340035B00D8B270472DE9F84F074697
:10BA700010461E46FFF7F0FF83460846FFF7ECFF2F
:10BA800042EA01044BEA04040443E4B2003C0A9D88
:10BA900088469246814618BF0124F7F781F810EADC
:10BAA0000A0A18BFDA46F7F77BF897F8143110EA5C
:10BAB000080118BF4946534508BF4FF0000A85F8F2
:10BAC00000A097F815318B4208BF002169705AEA2F
:10BAD00001010AD1FB88013EF61AB6B247F6FD73A2
:10BAE0009E428CBF002404F001042046BDE8F88F7C
:10BAF000F7B50468E57BA5F12303072B06464FD96C
:10BB0000002D4BD1A37B282B4AD04B7813F0070391
:10BB10003DD08A7812F0070239D084F80C31252301
:10BB200084F80D21E37394F82D31F3B994F82C3196
:10BB3000012B1AD094F80C7194F8150194F8101197
:10BB400094F81121B4F81231874214D194F80D7190
:10BB500094F8140187420ED1022084F82C0184F855
:10BB60002E1184F82F21A4F83031304600F04CFD1E
:10BB7000284603B0F0BD022000903046FFF7E2FEF9
:10BB80000028F2D04FF46671AE20F5F703FA097879
:10BB9000304603B0BDE8F04000F05FBD0125E7E7A7
:10BBA0002025E5E72DE9F04F056895F80EB0ABF1DB
:10BBB0002403D3F1000848EB0308052A87B00446A4
:10BBC00070D1EB7B262B73D10F358A784F78039297
:10BBD00007F0070902F0070A09F1FF330AF1FF3005
:10BBE00003EA090300EA0A00034366D1B1F80360DF
:10BBF000F6F7D6FF039A174307F0070787435CD190
:10BC00005046FFF729FF2768A8B197F814319842EA
:10BC100011D097F82E211AEA020F4ED0BBF1240F53
:10BC200009D097F80D211AEA020F04D1022870D129
:10BC3000013B012B71D84846FFF70EFF40B197F842
:10BC40001531834204D097F82F3119EA030F34D00D
:10BC500005AB00933846334652464946FFF705FF89
:10BC60002368074678BB93F82C21012A28D1014686
:10BC70002046F6F7B7FF236883F82C712F702368EE
:10BC800003F10F02954201D10022DA73236803F118
:10BC90000F02954237D1204600F0C0FC002007B0CB
:10BCA000BDE8F08F414607B0BDE8F04FFFF79CBEFE
:10BCB000BBF1240F2BD10E3587E741462046F2E732
:10BCC00083F82C01DBE7DA88A3F86C62013EB61A30
:10BCD000B6B247F6FD72964206D9282283F8312083
:10BCE0002046F7F737FFD1E7DA7B0C2A02D0093A72
:10BCF000012A01D82A22F1E7BDF81420A3F86E2208
:10BD000028232B70C2E7002283F84A20C6E70220CE
:10BD1000C5E7012B8FD0022BCFD04FF4DD71062069
:10BD2000F5F738F908B50368DA7B252A05D022B182
:10BD300040F2D351AE20F5F72DF92622DA7308BD73
:10BD4000F6F776BF704730B542401C7808785D78CA
:10BD500060404C786C4020449D788C786C40204446
:10BD6000DD78CC786C4020441D790C795B79497979
:10BD70006C4020444B4018441044B0FA80F0400915
:10BD800030BD024600200139C9B2FF2900D17047F9
:10BD9000535C83F001030344D8B2F4E708B5F6F727
:10BDA000CBFF082807D0F6F7E9FF082803D0F6F7FD
:10BDB000FBFF012008BD0020FCE708B5F6F7BCFF3B
:10BDC000082803D0BDE80840F6F7D8BF08BD08B57D
:10BDD00001F04BFC18B1BDE80840FAF7D3BB0820CE
:10BDE00008BD01440023884203D1B3FA83F040091F
:10BDF000704710F8012B1343F5E7F8B5D0E9047646
:10BE000005460C46FDF7E0FA18B952212920F5F74E
:10BE1000C1F8E4B1D5E90423D21B63EB0603012A80
:10BE200073F100014FF0000113DB6FF0010090424D
:10BE3000994101DA5C21E9E7631E1344B3FBF4F393
:10BE40005C43E41946F10006C5E904461C46204659
:10BE5000F8BD0C46FBE7022905D13C2808D9801023
:10BE60000F3880B27047702802D9C0100E38F8E73A
:10BE700000207047012908B5034605D002290BD0E0
:10BE8000E7212920F5F786F840F6C41040F2E24297
:10BE9000002B08BF104608BD40F6C410FBE710B5E4
:10BEA0000C460021F5F7A2FB2060B0FA80F04009B3
:10BEB000400010BD0368587BC0B293F830302BB9F6
:10BEC00000F0FB00003818BF0120704700207047C9
:10BED00010B50C46FFF7E3FF38B92046FFF7EAFF3D
:10BEE00080F001004000C0B210BD0220FCE738B570
:10BEF0004FF4267204460D460021FEF711FB6FF049
:10BF0000360284F86320042284F864206FF03B0238
:10BF100084F865206F2284F86620032284F8672065
:10BF2000002284F868206FF07F0284F869202B22B9
:10BF300084F86220FE22012384F89E207F22A375CC
:10BF4000E27284F8A830A4F8AA5038BDC2B292FABE
:10BF5000A2F2030A93FAA3F31B0E100E40EA032089
:10BF6000704770B50131C9B20530002210F8013FA9
:10BF70008B4216D310F8054C0023012505FA03F671
:10BF800026421CBF01F1FF31C9B269B10133082B50
:10BF9000F4D10132D2B2052AE8D19B214620F4F730
:10BFA000F9FFC91AC9B2F4E703EBC200C0B270BD11
:10BFB0000B6870B5C0F801300B7903F01F034371B3
:10BFC00000230446C3720546461D15F8010F00F014
:10BFD00002FB6871E37AB5421844E072F5D170BD96
:10BFE00070B581EA11418CB20546C17A032682EA16
:10BFF0000400FFF7ABFF013E00EB0010221816F023
:10C00000FF0690B2F5D144402522B4FBF2F302FBC7
:10C010001343C3F3C4022A44D8B2567803F007038B
:10C02000012202FA03F31E4207D161432846C1F3FD
:10C030000741BDE87040FFF794BF70BDF8B590F8B8
:10C0400021506B1E242B044603D9E1214620F4F72E
:10C05000A1FFDAB1807D002843D194F8233094F811
:10C06000221002FB01322523B2FBF3F103FB112363
:10C07000DBB204EBD30284F82330D17D03F0070652
:10C080000122B240114202D084F82430F8BDB3FB43
:10C09000F5F205FB1233013303F0FF0304F11B013A
:10C0A00011F8012F9A4219D311F8055C00220126DC
:10C0B00006FA02F72F4208D0013B13F0FF0304D128
:10C0C00002EBC00284F82420E0E70132082AEFD115
:10C0D0000130C0B20528E3D1D721B7E79B1ADBB204
:10C0E000F6E7E288096A04F11600FFF779FF84F8A1
:10C0F0002400CBE70378890123F0400301F04001DD
:10C100000B4303707047037803F07F0343EAC113C6
:10C11000037070471F2A38B50546144603D9A82175
:10C120002A20F4F737FF09300634FEF739FA6C702D
:10C1300038BD1F2A38B50546144603D9CA212A201E
:10C14000F4F728FF09300634FEF72AFA6C7038BD80
:10C15000037803F00F03032B02463ED0052B42D198
:10C16000C37F90F82000034392F82100034392F824
:10C170002200034392F8230000F01F00184333D03D
:10C180005378222B2FD1B2F81930B1B1B3F5506FDB
:10C1900013D940F607518B4225D8B2F81B30B3F5BE
:10C1A000FA7F20D2B2F81D000A3880B240F67643FA
:10C1B00098428CBF002001207047991F89B240F639
:10C1C0007A4081420FD8917D481E07280BD89942AA
:10C1D00009D2B2F817109942DEE74078A0F10C03BB
:10C1E000584258417047002070478388A1B1B3F589
:10C1F000506F11D940F6075293421BD8C388B3F54C
:10C20000FA7F17D200890A3880B240F67643984206
:10C210008CBF0020012070479A420BD8B3F5486FBD
:10C2200008D84278511E072904D89A4202D242887F
:10C230009A42E2E7002070472DE9F3470E4601A934
:10C2400014469946FFF72BFE054618B9019F2CB9F5
:10C2500001237B75012002B0BDE8F087D7F8BC80D0
:10C2600021464046FEF756FC824608B90020F2E718
:10C27000F6F7ECF88442F9D851464046FEF789FDBE
:10C280007B7DA0F80150002B18BF0226494600F81C
:10C29000036B2246FEF784F921464046FEF775FC03
:10C2A00018B983212B20F4F775FE01A8FFF719F8C0
:10C2B000019BA3F8B2517D75CCE74378C3F301111C
:10C2C000012910B502460ED0022915D0047803F0DA
:10C2D0000F00131D5288022144EA0020FFF7ACFF33
:10C2E00038B1012010BD047803F00F00131D5288EF
:10C2F000F2E7F7F72BFAF4E70020F3E71A230B70C5
:10C3000001234B708B707047F7F7F8B810B521B95F
:10C3100040F2A9211020F4F73DFE4A600B72EFF3C2
:10C32000108472B6031D0B6042681AB1127A012A9A
:10C3300008BF036003681960016004B962B6BDE814
:10C340001040F7F725B90222F7F7EEB90322F7F705
:10C35000EBB90422F7F7E8B90222F7F729BA8D23DF
:10C360000B7030F8953CA1F8033030F8573CA1F839
:10C37000053030F8533CA1F8073030F8553CA1F8AF
:10C38000093030F8513CA1F80B307047012908B54D
:10C3900003D10E30C00080B208BD022902D10F3097
:10C3A0008000F8E74FF40C710620F4F7F3FD30B588
:10C3B00087B004460D46F6F74FF880B334F89E4C2C
:10C3C00069462046FFF794F818B1FB212C20F4F7BA
:10C3D000E1FDBDF80630ADF80E30BDF80830ADF81F
:10C3E0001030BDF80230ADF8123003A8BDF80430AB
:10C3F000ADF80C40ADF81430FFF758F810B14FF419
:10C400008271E3E7ADF80C009DF80C30002063F377
:10C4100007009DF80D3063F30F2007B030BD2B46A9
:10C420008E2203F8032BD4F80920C5F80320D4F892
:10C430000D205A60B4F811201A810423ADF80C3095
:10C44000E2E740687047C08A704710B58A880B8958
:10C45000CC884988A0F85410A0F85840A0F856207D
:10C46000A0F85A3010BD8383BDF8003001834283A9
:10C47000C3837047034670B5B3F84C10B3F8582027
:10C48000B3F85A40B3F84850B0F84260B0F84600EC
:10C49000914228BF1146B3F85020A3F84210A2429F
:10C4A00028BF2246B3F84A40A3F84620944238BF3A
:10C4B00014468D4238BF0D468E42A3F84850A3F86B
:10C4C0004A4021D1801A18BF0120B3F84E10B3F8AA
:10C4D0005420B3F85660B3F84050B3F8444091424A
:10C4E00028BF1146B3F85220A3F84010B24228BF2B
:10C4F00032468D42A3F8442008D1944218BF40F040
:10C50000010000F0010070BD0120DEE70120F8E726
:10C5100038B5C58B438C04469D42007A28BF1D4622
:10C52000FFF734FF6389AB4228BF2B46984238BFE0
:10C53000184680B238BD2DE9F04106460F46808985
:10C54000194698461446FFF721FF414605463046F6
:10C55000FFF7DEFF854228BF05469DF81810B08A18
:10C56000FFF714FFF38A834228BF0346ADB2A01D34
:10C5700015FA83F338441844BDE8F08107B590F804
:10C580006D30009390F86C30002296213430FFF724
:10C59000D2FF03B05DF804FB38B50D4619461446CA
:10C5A000FFF7ECFF96342044A84294BF281A0020DD
:10C5B00038BD38B50D4611460446FFF7DFFF284465
:10C5C000A06338BD01F19C0383423DBF9C38401AF3
:10C5D00040080020704700F05503400800F0550067
:10C5E000034403F033009B0803F03303034403F0D8
:10C5F0000F0000EB13107047036800229A7383F852
:10C600004A20A3F84620704703680022A3F84E2072
:10C6100093F85020013283F85020704708B5026823
:10C6200092F85030013B5BB2002B82F8503003DAB5
:10C6300052214A20F4F7AEFC08BDA0F10903042BF7
:10C6400009D9A0F14603012B05D9233807288CBF4F
:10C65000002001207047012070470268136810B560
:10C6600013F0080408D143F00803136082F898100F
:10C67000FFF7CAFF204610BD0120FCE730F8023C5E
:10C68000F7B5B0F8827005460E4673B101226846D0
:10C690008DF80020ADF80170ADF80330F5F770FFAC
:10C6A00018B195216320F4F775FC832300243370BF
:10C6B000B470A6F803706B7AD5F898007371FEF722
:10C6C000D3FA08B9BA21EDE721463846F4F7A4FFBA
:10C6D0004FF4017303F00402204662F307001B0AC3
:10C6E00063F30F2003B0F0BD03681A7C063A012AF9
:10C6F00081BF4A785A7406221A7400207047026873
:10C70000137C063B012B84BF07231374704770B55D
:10C710000268D57BE5B9CB88D688A2F86C32013B9C
:10C720009B1B9BB247F6FD76B34206D9282382F8BD
:10C730003130F7F70FFA284670BDD1F80130C2F852
:10C740006E324B7982F8723203680922DA73F2E7AB
:10C750000125F0E70B46822203F8032BD0F80920CD
:10C76000C1F80320D0F80D205A60427C1A720023D1
:10C77000CB70704770B50368DD7B06460C46002D14
:10C780003CD1062229462046FFF72FFD28B9217803
:10C790003046BDE87040FFF760BF32686389D188DA
:10C7A000A2F86C32013B5B1A9BB247F6FD718B42DB
:10C7B00007D9282382F831303046F7F7CBF92846DD
:10C7C00070BDA38840F2E2414B43C2F874326378F3
:10C7D000C3EB431003EB800303EB83035B00A2F87E
:10C7E0006E3263884B43C2F87032E388A2F8783225
:10C7F0002389A2F87A320C23D373E0E70125DEE720
:10C800000B46842203F8022BD0F80920C1F802203D
:10C81000D0F80D205A6070470B46852203F8022B92
:10C82000D0F80920C1F80220B0F80D209A80704796
:10C8300038B50368DC7B054634B1103C0F2C8CBF47
:10C8400001240824204638BD1B7D002BFAD0FFF7B9
:10C85000DBFE2B681022DA73F4E708B50368DA7B95
:10C86000152A04D040F253211F20F4F793FB012234
:10C8700083F851201722DA7308BD0368DA7B112A86
:10C8800003BF12220020DA730220704710B503683C
:10C89000DB7B1B2B044606D1FFF7C0FE23681F225B
:10C8A000DA73002010BD0220FCE708B50368DA7BCC
:10C8B000102A04D040F27E211F20F4F76BFB0122E6
:10C8C00083F851201122DA7308BD08B50368DA7BBA
:10C8D000172A04D040F28A211F20F4F75BFB1B22A9
:10C8E000DA7308BD3E230B700C234B7004238B704E
:10C8F000D0F80930C1F80330D0F80D30C1F8073056
:10C90000B0F81130A1F80B30C37C4B73704708B5F9
:10C9100003689A7B1AB1CF211C20F4F73BFB042259
:10C920009A7308BD026808B51368D90703D4DD21DE
:10C930001C20F4F72FFB23F001031360BDE808402F
:10C94000FFF76CBE87230B7030F88C3C4B80704730
:10C9500003689A7B0E2A01BF002283F83E2083F8E9
:10C960004A209A730020704738B505682B6813F089
:10C97000040407D1FFF748FE2B6843F004032B6043
:10C98000204638BD0120FCE70268136823F0040349
:10C990001360FFF743BE08B503689A7B1AB1722192
:10C9A0004B20F4F7F7FA0E229A7308BD10B5D0E9C0
:10C9B0000D42A24206D38B8C498E05334B43121B8A
:10C9C000934202D3012380F83E3010BD0C230B703C
:10C9D00008234B7000238B70B0F85630A1F8033059
:10C9E000437A4B714389CB8083890B81704710B5A3
:10C9F000046894F853309A070CD4A37B1BB17721B9
:10CA00004020F4F7C7FA0122A27384F84A20A4F860
:10CA1000463010BD23689B0705D5FFF7FFFD23684F
:10CA200023F002032360002384F83231F1E710B5CC
:10CA30000B794C790A68012843EA042108BF41F4C4
:10CA40008031104610BD07B5FFF7F1FF0DF1070269
:10CA5000F7F7AEFA03B05DF804FB07B5002301A8B1
:10CA60000193FAF7C3FD019810F0030018BF0120ED
:10CA700003B05DF804FB08B5FFF7EFFF002814BF13
:10CA80001420002008BD08B503689A7B1AB126213E
:10CA9000A320F4F77FFA20229A7308BDF7B5056842
:10CAA000AB7B203B022B06460C462BD8B1F8051079
:10CAB0001A2921D9B4F80730B3F5A47F1CD3B4F8F0
:10CAC00001201A2A18D9B4F80300B0F5A47F13D3B3
:10CAD000009005F1A80405F1DC00FFF7C4FC204636
:10CAE0003768FFF7C7FC18B107F23F10F6F782FE70
:10CAF00030680621F7F752FF002085F84A00A87336
:10CB000003B0F0BD0120FBE702681368D90610B539
:10CB1000044603D4B821A320F4F73CFA990601D5C2
:10CB2000B921F8E723F010031360FFF777FD2068C1
:10CB30000621BDE81040F7F731BF10B5FAF70CFB3E
:10CB40000446FFF798FF04F55F43BE304FF47A7256
:10CB50004133B3FBF2F3184410BD10B5044690F80E
:10CB60006D00FFF7EAFF012201462046BDE81040B4
:10CB7000FFF71FBD7FB5044618B9A5213020F4F793
:10CB800009FA052900F2B580DFE801F003AE2A2595
:10CB9000B3A990F80032C288A3B1B0F8FE31934235
:10CBA00008BFB0F8B4319A1AA0F8B621E380D4E9EE
:10CBB00090232046C4E99223F8F7E2FF94F84C3022
:10CBC00004B070BDB0F8FC319B1AA0F8B631B0F8D3
:10CBD000FC319BB2EAE704B0BDE87040FAF70CBA4A
:10CBE000FBF75CFAD4E99223801A61EB0301012878
:10CBF00071F1000302DA40F20161BFE76FF0010357
:10CC000083424FF000038B4102DA40F20261B5E744
:10CC1000D4F8C4300BB1B0FBF3F3E17BB4F8FE21E0
:10CC20000C2931D10132A4F8FE21B4F86232E58832
:10CC30000133A4F86232B4F842301D44B4F84030F5
:10CC4000013DED1AADB203AEB4F8FE116B1A180433
:10CC500034D4002300961A462046F7F751FA0128EB
:10CC6000AED1B4F8FE21B4F8B011BDF80C301344C5
:10CC7000521A12049BB204D5EA1A12F4004F18BFDC
:10CC80000B46A4F8FE31DFE7E1880B449BB2D11AD2
:10CC90000D044DBF0133013293B29BB2A4F8FE31B3
:10CCA00094F80132002BC0D1B4F8B431B4F8FE21AD
:10CCB000934204BF0133A4F8FE31B6E7A37C03948A
:10CCC000002B14BF08233E23304684F83130F6F79A
:10CCD00041FF204600F087FC0023637370E704B037
:10CCE000BDE87040FEF7FBB9437B042BF4D0C621AE
:10CCF00044E7CB2142E713B500234373A0F8603229
:10CD00001A46009319460446F7F7FAF920B140F2A3
:10CD1000E7113020F4F73EF901236373C4F8E8010A
:10CD2000C4F8E001A4F8FE01A4F8FC0184F80102B3
:10CD3000E388A4F86202013BE38002B010BDD0F8A2
:10CD4000E800704738B5044690F828319BB1FF23BE
:10CD500080F83031012100F09FFA94F8283153B166
:10CD600004F1C0052846FBF74FFA2846FBF760FAA6
:10CD7000002384F82831002038BD08B590F8302110
:10CD800042B990F8EC2042B1D0E93C31994202D945
:10CD9000F8F73AFC0022104608BD0122FBE710B567
:10CDA0000446FFF768FEE269636B9A4228BF1A46A1
:10CDB00000F5C1711046FFF705FC40F648039842A4
:10CDC00028BF184680B210BD7FB5044690F84C309D
:10CDD00003F0FF05002B58D1437B032B55D1FBF704
:10CDE0005DF9D4E99223801A61EB0301012871F106
:10CDF00000034ADB6FF00103834275EB010104DAA3
:10CE000040F2AA513020F4F7C5F8D4F8C420E388E2
:10CE10000AB1B0FBF2F2013313449BB2A4F8FC3127
:10CE2000B4F8FC21B4F8B4319B1A1BB2002B2CDDF2
:10CE300004F50270FBF7E8F938B3FF2384F80132F8
:10CE4000B4F84230E5881D44B4F84030013DED1A95
:10CE5000ADB20DF10E06B4F8FC31EB1A1B0414D47C
:10CE6000B4F8FC1100960023012289B22046F7F79E
:10CE700047F9012809D1B4F8FC31BDF80E2012FAA7
:10CE800083F39BB2A4F8FC31E5E704B070BD2DE953
:10CE900070430C461546E2B9F9F7E6FDD4E9468938
:10CEA000064684F8EC5084F82851D4F8E800F6F7E8
:10CEB00073FAD4F8E800C0E99289C0E99689C0F80D
:10CEC0006462FFF718FFF9F761FFBDE87043FCF7F4
:10CED000EDB940F2C3713020F4F75CF870B5044648
:10CEE00021B1012978D040F2D37172E000F007F946
:10CEF00094F8293105460E46DBB150EA010318D0FB
:10CF0000D4E93E32D4E94601C01A61EB020133464E
:10CF10002A46FDF7B1FA05FB01F300FB0633A5FB3A
:10CF200000021344D4E93E21121843EB0103C4E983
:10CF30003E23E08B30B1F6F777FCE38BB0FBF3F2E6
:10CF400002FB1300D4E93E32ED1846EB02062D1821
:10CF50004FF0000346F1000640F20242C4E93E569B
:10CF6000C4E9465684F80831A4F8102184F8293120
:10CF700094F8303103F0FF01DBB9D4E948026FF0D7
:10CF800000439A4208BFB0F1FF3F18D02046D4E9D1
:10CF9000465600F0A9F8D4E94832E5305B1B62EB55
:10CFA00006021B1A62F10002002A08DA2046F8F78E
:10CFB0002BFBF9F7EBFEBDE87040FCF777B904F501
:10CFC000847104F1C000FCF78BF90028F1D14FF413
:10CFD000E0613020F3F7DEFF002380F8EC30E8E773
:10CFE00090F82801003818BF012070470B468C22AA
:10CFF00003F8032BD0F80920C1F80320D0F80D2046
:10D000005A60704738B50B46882203F8032B0C464C
:10D0100000F10902293052F8041B43F8041B824234
:10D02000F9D112781A70A5880123A371002128462E
:10D03000F4F7DCFA58B1E3784BB100212846F4F755
:10D04000EBFA20B140F233212D20F3F7A3FF38BDD6
:10D050000121F8F76DB8FFF7FBBF90F872300BB104
:10D060000120704790F8AA2002F0FF03002AF7D1B0
:10D0700090F89C201846704737B504460D464FF48B
:10D080009C720021FDF74CFAFF2323701323638069
:10D0900042F21073E383F4F7A5FB00220146A0627D
:10D0A0006846FDF727FFA06A00220121FDF76EFF09
:10D0B000A16A68460422FDF71DFF0022A06A1146FE
:10D0C000FDF764FF04F12000A57403B0BDE8304013
:10D0D00000F019B9FF23886A0B70FDF708BF0078CC
:10D0E000FF3818BF0120704710B50446203000F00B
:10D0F00060F961882822F8F7B9FA6D3010BDD0E9DF
:10D10000020170472DE9F04F07460C4606460FCF47
:10D110008FB006AD0FC597E80F000DF1100885E838
:10D120000F00404600F0EFF8677894F8149094F8F8
:10D130000AA094F800B007F07F05B9F1010F2F465F
:10D1400007D0B9F1020F04D040F212310620F3F7F4
:10D1500021FF617A404600F0DDF8237D227F022B1B
:10D1600008BF617D02F1010206BF0131C9B2012190
:10D17000D2B2404600F0D0F815F0080360D1404626
:10D18000019300F016F928223946F8F76FFAE5788E
:10D19000019B00F52472207945EA0025607940F270
:10D1A000712145EA00454D43B2FBF1F24A43AA42E0
:10D1B0000AD9E079A57945EA0025207A45EA0045B3
:10D1C0004D43954228BF1546227E0393531E5A4273
:10D1D0005A41A17CB06A02910192FDF75EFFB06AEC
:10D1E000FDF76BFF039B019A02998DF818B0ADF81B
:10D1F0001A7008958DF828208DF82B108DF82CA02A
:10D200008DF81C90099306AF0FCF35460FC597E8F0
:10D210000F0085E80F0098E803003062B184E37ADC
:10D2200003F0FD03003B18BF012386F84F30E3688D
:10D230003365238AA6F8543000200FB0BDE8F08F84
:10D2400000252B46C0E74FF40043C38443881D2BC1
:10D2500008BF00214174704790F912007047408860
:10D2600000F0010070478078C0F34000704780787C
:10D27000C0F3C000704790F84830816181F8B33046
:10D28000D0F84930C1F8B430B0F84D30A1F8B8301A
:10D2900070477047F7F7BABC80F86810704782781B
:10D2A000034612F0010002D0D978C90710D59007C3
:10D2B00002D5D97889070AD512F0040008D0D878A9
:10D2C000C0F3800080F001008000C0B270470220EF
:10D2D0007047C0F34002C0F38003134400F0010024
:10D2E00018447047022808B507D0042807D0012841
:10D2F00007D039212E20F3F74DFE262008BD272028
:10D30000FCE72520FAE70023C0F802300123437030
:10D31000037070478170704710B54270017080785B
:10D320001446FFF7D6FF10FB01F010FB04F2FE2AB3
:10D3300003DD5C212E20F3F72DFE10BD0023C3700A
:10D3400043710371704710B50446FFF7A8FF637976
:10D3500062780133DBB29A4263710FD1E378A1782E
:10D360000343DBB29942E37008BF23794FF0000218
:10D3700008BF0133627104BFE2702371BDE8104041
:10D38000FFF7B0BF38B501468078FFF7A2FF04462B
:10D39000C8784D78FFF79DFF0A790B789B1A13FB2D
:10D3A00005F34A7913FB04F39B1A00FB1530C0B256
:10D3B00038BD08B501468078FFF78BFF4B780A78B7
:10D3C00013FB02F313FB00F0C0B208BD40F2EF20E4
:10D3D000704740F25A335843704738B513680E38D7
:10D3E00014460D469A7B09283ED8DFE800F0053D3B
:10D3F0003D3D0F3D183D3D27042A05D12046FFF74E
:10D40000FBF82046F6F714FD002038BD0E2AFBD1AC
:10D41000002220461146BDE83840FFF799BA202A7D
:10D42000F2D12046FFF7E8F8002DEDD0226892F8FF
:10D43000623023F0200382F86230E5E7DA7B262AA7
:10D44000E2D10025DD732046FFF7E8F8236893F862
:10D450002C31012B03D129462046F5F7C3FB236865
:10D46000002283F82C21CFE740F262213120F3F72C
:10D4700091FD08B50368DA7B172A04D040F27E518B
:10D480003120F3F787FD1D22DA7308BD08B590F847
:10D490009E30FE2B04D040F66F113120F3F77AFD59
:10D4A000002380F89E1080F89F3012B9A0F84E201B
:10D4B00008BDA0F84630012380F84A30F8E708B5E7
:10D4C0000368DA7B342A05D10022DA73BDE808400C
:10D4D000FFF7A4B8172A02D11D22DA7308BD40F263
:10D4E00093513120F3F756FD08B503689A7B082A5B
:10D4F0000AD193F8991093F8A020914204D1002208
:10D500009A7383F84A2008BD1A68110706D522F0DD
:10D5100008021A60BDE80840FFF780B84FF4AF6119
:10D520003120F3F737FD037D63B9C37BA3F10F020D
:10D53000032A07D990F8520028B11F2B8CBF002076
:10D540000120704701207047024600684978837BBC
:10D55000202B13D00AD8042B12D00E2B12D0C37B51
:10D56000262B0CBF1720FE20F8F73EBA2A2B03D03B
:10D570002C2B09D0242BF2D11620F5E71420F3E749
:10D580000E20F1E71220EFE72320EDE702460068C6
:10D590000B4690F8621041F0040180F8621099780F
:10D5A0005878F8F721BA38B50C460546D1E92F016D
:10D5B000F4F7CCF8637B3BB104F502742046FAF72C
:10D5C00023FE2046FAF734FE28460221BDE8384003
:10D5D000F4F722B80020704708B5F6F76FF9BDE8F8
:10D5E0000840F6F71DBB0022C281827490F84C30CF
:10D5F00013B10221F7F7D2B90321FBE738B504468E
:10D600000846E37B03F0FD0394F8682212B10C2571
:10D61000284638BD152BFAD194F8843203F0FF0563
:10D62000002BF4D191B194F8D63123B940F66C3186
:10D630003120F3F7AFFC052304F1800204F5E37118
:10D64000FCF7CCFD012384F86832E1E70223FAE716
:10D65000F6F7A8B908B5F9F7D5F9F8F7C1FFF8F763
:10D6600019FFBDE80840F9F7DBBD10B5C824F8F78D
:10D6700071FF022808D1013C14F0FF04F7D1062005
:10D68000F6F772F8204610BD431E58425841FAE79B
:10D690004FF08053D3F8A00000F0010070474FF026
:10D6A0008053D3F8A420D3F8A830511C9BB203D1E7
:10D6B0004FF6FF718B4203D00260838001207047D8
:10D6C000002070474FF0805330B5D3F89050D3F816
:10D6D0009440D3F89810D3F89C2005EA04030B403B
:10D6E000134001331FBF056044608160C2600CBFFE
:10D6F0000020012030BD4FF0805330B5D3F880506A
:10D70000D3F88440D3F88810D3F88C2005EA0403BA
:10D710000B40134001331FBF056044608160C2604D
:10D720000CBF0020012030BD10B5F9F7A5F9044663
:10D73000FAF700FE201841F1000110BD38B504468B
:10D740001546F8F7DBFF2A4601462046BDE838407B
:10D75000F9F7B8BA10B504460846F9F7FDFC4FF4DE
:10D760007A73B0FBF3F0201A10BD10B504460846DA
:10D77000F9F7F2FC023C00F2E7334FF47A72B3FBA4
:10D78000F2F3E01A10BD08B5FCF7DAFDBDE8084079
:10D79000FAF706B8801A00F3070038B540B20D4614
:10D7A00059B21446F9F7ECFF002328706B7020443F
:10D7B00040B238BD002303607047704700207047B7
:10D7C0004FF0FF3070474FF0FF30704770474FF019
:10D7D000FF3070470020704700207047002303701F
:10D7E00070479DF800300022FFF7D4BF4FF0FF30A4
:10D7F0007047002070474FF0FF3070474FF0FF3008
:10D8000070477047C0B208B520B94FF0804301227D
:10D810001A6008BD4D21B520FCF798FB0020FAF7EF
:10D8200017B84FF08043D3F8080400F001007047A8
:10D830004FF08043D3F8140400F0010070474FF01C
:10D840008043D3F81C0400F0030070474FF080427F
:10D85000D2F81834D2F81824C3F3004302F00302BC
:10D86000824214BF002003F0010070470020FAF745
:10D8700065B80020FAF790B80020F9F7E9BF70B555
:10D88000FCF7F0FA002405462646E0B2854200D8AF
:10D8900070BDFCF7EDFA0134068580F82A60F4E7E4
:10D8A000F8B5037904461BB11B219D20FCF74EFB04
:10D8B0004679017126B901234371217909B9617152
:10D8C000F8BD276826712046B84702280546F4D1DE
:10D8D00003212046B84708B12F21E6E723682946EF
:10D8E000204698470028E8D03021DEE7034600684C
:10D8F00000B970478842F9D102681A607047034640
:10D90000002018707047EFF3108272B6037801217F
:10D91000DBB2017002B962B6012B0CBF6FF02200BE
:10D9200000207047EFF3108372B60022027003B933
:10D9300062B600207047FCF7DDBCFCF725BDFCF7A4
:10D9400023BD00280CBF6FF0150000207047002099
:10D9500070470723037000207047002070470020A5
:10D960007047034611F8012B03F8012B002AF9D167
:10D970007047034613F8012B002AFBD1181A01380F
:10D9800070472DE9F0478C468E46089E15460446A2
:10D990001946002B40F0D080724547D9B2FA82F781
:10D9A0004FB1C7F120030EFA07FC20FA03F3BD4084
:10D9B00043EA0C0CBC404FEA154EA8B2BCFBFEF883
:10D9C000230C0EFB18CC08FB00F943EA0C439945E5
:10D9D00028D9EB1808F1FF3204D2994502D9A8F1F1
:10D9E00002022B44A3EB0903A4B2B3FBFEFC0EFB23
:10D9F0001C330CFB00F044EA0344A04214D92C1958
:10DA00000CF1FF3304D2A04202D9ACF102032C4442
:10DA1000241A43EA02401EB1FC40002334607360C4
:10DA2000BDE8F0874246DDE76346F1E7002A79D09A
:10DA3000B2FA82F3002B3FD01946C1F1200302FA5B
:10DA400001F52EFA03F20EFA01FE20FA03F343EA7F
:10DA50000E034FEA154E00FA01F4B2FBFEFCAFB222
:10DA60000EFB1C201A0C0CFB07F842EA0042904502
:10DA70005AD9AA180CF1FF3004D2904502D9ACF162
:10DA800002002A44A2EB08029BB2B2FBFEFC0EFB92
:10DA90001C220CFB07F743EA02439F4246D9EB18CE
:10DAA0000CF1FF3204D29F4202D9ACF102022B44A6
:10DAB000DB1B42EA004202E0AEEB020301224FEA26
:10DAC000154EAFB2B3FBFEFC200C0EFB1C330CFB5F
:10DAD00007F840EA034398452AD9EB180CF1FF30C8
:10DAE00004D2984502D9ACF102002B44A3EB080301
:10DAF000A4B2B3FBFEFC0EFB1C330CFB07F744EA9D
:10DB00000344A74216D92C190CF1FF3304D2A742C3
:10DB100002D9ACF102032C44E41B43EA00400F4657
:10DB2000114678E71F2188E76046ABE76246BFE70A
:10DB30006046DBE76346EFE7734506D916B9002177
:10DB400008466DE7C6E9000EF9E7B3FA83F787B92F
:10DB5000734501D3824207D8841A6EEB0303012078
:10DB60009C461EB900215BE73846FAE7C6E9004C3F
:10DB7000F8E7C7F1200CBB4022FA0CF51D4320FA50
:10DB80000CF12EFA0CF30EFA07FE41EA0E014FEAF1
:10DB9000154900FA07F4B3FBF9F81FFA85FE09FBF3
:10DBA00018300B0C08FB0EFA43EA00439A4502FAC0
:10DBB00007F240D9EB1808F1FF3004D29A4502D998
:10DBC000A8F102002B44A3EB0A0389B2B3FBF9F8D6
:10DBD00009FB183308FB0EFE41EA03418E452CD9A0
:10DBE000691808F1FF3304D28E4502D9A8F1020367
:10DBF000294443EA0040A0FB0298A1EB0E014145F5
:10DC0000CE46434602D306D14C4504D2B9EB020EB0
:10DC100068EB05030138002EA4D0B4EB0E0261EBD3
:10DC2000030101FA0CFC22FA07F34CEA0303F94062
:10DC3000C6E9003196E74046C5E74346D9E700000C
:10DC4000F0B5002285B0114602AF40F6034006F061
:10DC50009DFB044600285BD106F06AF921463A1D77
:10DC600041F2030006F092FB0446002850D17A6886
:10DC7000294DD168D1F80100D1F8051005F17803DC
:10DC800003C3104605F00AFB21463A1D41F201008C
:10DC900006F07CFB044600283AD17868C3685A78BD
:10DCA00085F870205A88A5F872201A7985F87120B5
:10DCB000B3F80720A5F87420B3F80530A5F876303E
:10DCC00005F0ECFA21463A1D41F2020006F05EFB37
:10DCD0000446E8B9D7F804C0DCF80C2005F180064A
:10DCE000531C413218685968344603C408339342C0
:10DCF0002646F7D1604605F0D1FA95F87C305A06F1
:10DD000010D4064A0648012115F0CCFE6FF012042B
:10DD100020460C37BD46F0BD40210020C0B70200B0
:10DD2000A88502003A1D002142F2030006F02EFBF6
:10DD300004460028ECD17A68A94BD168D1F80100DB
:10DD4000D1F8051003C3104605F0A8FA21463A1D84
:10DD500042F2020006F01AFB04460028D8D17E6881
:10DD6000F468B4F801309AB292B1E27882B1A5F8C1
:10DD7000FC30E378032B06D00322009299489A4A9C
:10DD8000022115F0ADFBE2789848114618F012FF19
:10DD9000304605F083FA95F87C601F2316F02006C4
:10DDA000A5F8103119D14FF0FF304FF0FF3106F0D8
:10DDB000E7F80446002800F0BE8102210C3015F07F
:10DDC00009FD0123037046702146324640F66D403E
:10DDD00006F0DCFA044600289AD195F89C301B071F
:10DDE00012D53A1D002142F21C0006F0CFFA04467B
:10DDF00000288DD17868C368D3F80120D3F80530A6
:10DE0000C5E9382305F04AFA95F8D8309E0623D59F
:10DE1000B91C384606F062FB044600287FF478AF50
:10DE20004FF0FF304FF0FF3106F0AAF80646002809
:10DE300000F0818104210C3015F0CCFC3B8803807C
:10DE40007B8843802246314642F2240006F09EFA47
:10DE5000044600287FF45CAF95F8D8305C0610D5F6
:10DE60003A1D002142F22A0006F090FA04460028EA
:10DE70007FF44EAF7868C3685B7885F8123105F09F
:10DE80000DFA4FF0FF304FF0FF3106F079F80646FB
:10DE9000002800F0508108210C3015F09BFC95F80B
:10DEA000D84014F0400F40F20223024608BF03237B
:10DEB000A0074CBF43F02C0343F00C03A10695F8D8
:10DEC000D91048BF43F0400311F0090F18BF43F4C5
:10DED000006304F0010443EA0410002115F019FE68
:10DEE0000022314642F2010006F050FA04460028B2
:10DEF0007FF40EAF95F87C30B5F8FC1098065CD432
:10DF0000C9B93A1D41F2050006F040FA044600285E
:10DF10007FF4FEAEB5F8FC307C684BB9E368B3F82B
:10DF20000120A5F8FC209A883048114618F042FEDE
:10DF3000204605F0B3F94FF0FF304FF0FF3106F007
:10DF40001FF80446002800F0F68008210C3015F078
:10DF500041FC95F8D830D907024638D424484FF010
:10DF6000005115F0D6FD2146002240F6014006F092
:10DF70000DFA044600287FF4CBAE01463A1D4FF659
:10DF8000014006F003FA002838D01A4A1548022149
:10DF900015F088FDEB79002B40F0BD8007F08CF97F
:10DFA000044600287FF4B4AE08F030FE0446002892
:10DFB0007FF4AEAE06F0D0F8AAE60029BBD10E4A37
:10DFC0000848012115F06EFD6FF00404A0E602A1DF
:10DFD000D1E90001C5E700BF908800020080002061
:10DFE00018220020A8850200E4B702004022002089
:10DFF000108800024DB802002AB802007B68DC6875
:10E00000B4F80130042B96BF584A594952F82310EE
:10E010006E468AB002AA5748D3614FF40073138446
:10E02000554BC2E9050142F8103F54484FF41351D3
:10E0300015F04BFDB4F80120B4F80330022AB546C0
:10E0400049D1052B47D84E4A52F823106E468AB064
:10E0500002AA4C48D3614FF400731384464BC2E9C3
:10E06000050142F8103F4FF41351444815F02DFDBF
:10E07000637994F806C0D4F80900032BB54698BF1D
:10E08000414AB4F8076094BF52F8231038496C46EF
:10E090008CB002AADFF8F4E0C2E9073C4FF4007349
:10E0A00093853B4BC2E905E1C2E909604FF4735126
:10E0B00042F8103F314815F008FDA546786805F094
:10E0C000EDF83A1D00214FF6024006F05FF90446D4
:10E0D00018B1304A5AE72649B8E77868C368B3F8F8
:10E0E0000130A5F8C13005F0D9F895F8C1305A07CC
:10E0F0007FF550AF3A1D21464FF6034006F046F932
:10E1000008B1254A42E77868C3685B7885F8C03073
:10E1100005F0C4F83EE72E78002E7FF43FAF95F867
:10E12000C1309B061FD54FF0FF304FF0FF3105F097
:10E1300027FF044610B96FF06804E9E506210C30AA
:10E1400015F048FBD5F801300360144B9B888380A1
:10E15000214632464FF6064006F018F904460028DC
:10E160003FF41CAFD4E56FF08504D1E5908D02003B
:10E1700006B6020071B8020004000001A885020082
:10E18000788D02008AB80200688D0200A2B80200F1
:10E1900007000001CFB80200F8B8020041210020BA
:10E1A00008B5074814F07CF8064817F07FFC3022C9
:10E1B0000348012114F09CF8034B00221A8008BD8B
:10E1C0002C5B0020988202009E63002010B5274C33
:10E1D000274886B00023CDE90333059323788DF8D3
:10E1E0000430244B1B788DF80530234B1B88ADF889
:10E1F0000630224B1B88ADF80830214B1B88ADF848
:10E200000A3014F0B5F90390194814F0AFF9ADF8DD
:10E21000100013F0E0FF00234FF47A72FCF776FA57
:10E2200023780590022B08BF9DF80530104804BFE5
:10E2300043F002038DF8053014F09CF928B19DF8E5
:10E24000053043F001038DF80530039A42B1BDF863
:10E2500010304FF47A714B43B3FBF2F3ADF8123048
:10E2600001A802F0BFF806B010BD00BFC1630020D6
:10E27000E05A0020C06300209E6300209C630020C1
:10E2800008270020B0F5967F28BF4FF49670052828
:10E2900098B538BF0520814238BF0146114A4FF476
:10E2A0007A7303FB00F4B1F5616F146028BF4FF47B
:10E2B00061610D4A00AF4B438AB013606A460B4B55
:10E2C0000791CDE90530642358430523B0FBF1F0F5
:10E2D0004FF42351089042F8103F054813F089FF8E
:10E2E000BD4698BD64230020602300209493020063
:10E2F0003086020058B1BFF35B8F054B012253E813
:10E30000001F43E800200028F9D1BFF35B8F70475E
:10E31000DC580020F8B505460E46471C012410497C
:10E32000104800F0C5FC48B90F4B01221A700F4B82
:10E330001B7843F004030D4A1370F8BDA54202DDBB
:10E34000304613F059FF0134BC42E8D1064B00229D
:10E350001A70064B1B786FF0120003F0FB03EAE71C
:10E360007C8202002C5B0020C2630020C06300207E
:10E37000064BBFF35B8F012253E8001F43E80020E8
:10E380000028F9D1BFF35B8F704700BFDC58002035
:10E390002DE9F04F9BB002AF304A3148032115F010
:10E3A0008CF800237B6507F1540017F0A0FA78B1D0
:10E3B0002C4818F0BCFA00286CD12B4A28480121BF
:10E3C00015F07BF86FF012006437BD46BDE8F08FA2
:10E3D00017F0B6FA7B6DD90605D5244A20480221EC
:10E3E00015F074F8E4E79A0701D5214AF6E7214AC7
:10E3F000214E224C2248234913F0080F08BF16462D
:10E4000013F0010F08BF144613F0200F08BF104689
:10E410006D4613F0800F8EB008BF114602AADFF8D8
:10E4200068C09162C2E905C3184BBB6503F10233B2
:10E43000FB6507F16001506211E9030002F12C0352
:10E44000C2E9076483E80300114B42F8103F044817
:10E4500044F6C00113F0CDFEAD46A9E7CC9402000E
:10E46000308602007C82020086950200E39402005E
:10E4700026950200ECAB0200BC930200FB9C02005C
:10E48000C6930200CD9302006A95020001030204C4
:10E4900007000004BA4818F04AFAB86200288CD085
:10E4A000B74817F0D3FAC82013F0A6FE4FF0A043E8
:10E4B000D3F81035C3F30050C3F38031DB0240F1D1
:10E4C000E281B04BB04A002918BF13466C468AB0AF
:10E4D00002AAAE4DDFF8B892C2E9071340F2024338
:10E4E000C2E905509384AB4DAB4B42F8103FAB48AB
:10E4F0004FF4335113F07DFEAB68A5460124FB6455
:10E50000FB6C5B69002B00F0C481284698474FF0F4
:10E51000A043EA46D3F810B58AB0CBF3005602AA5E
:10E52000CBF3803353620623C2E90706C2E90594A0
:10E530009A4842F8103F4FF443510BF4821B13F0FA
:10E5400058FEBBF5821FD54640F0A681944A9348F9
:10E550002346032114F0BAFF924801F0D1FE01F0E6
:10E56000D5FE64210320FFF7D5FE20B18E4A8B48EB
:10E57000022114F0A2FF874800F0E8FE20B98B4A80
:10E58000137843F010031370824801F033F9814887
:10E5900002F010F820B9854A137843F0080313708D
:10E5A000FFF7FEFD764817F051FA142013F024FE11
:10E5B000302201217E4813F09BFE7E4A7748DFF827
:10E5C000F8A1022114F079FF502002F061F813F055
:10E5D00002FEC7E9101013F0FEFD784B1B681B18F4
:10E5E000FB6441F10003BB6402F0C6FA9AF8002014
:10E5F000734B6C4688B053F8223002AA71496748C1
:10E60000C2E905134FF4007393836F4B42F8103F38
:10E610004FF000094FF4E65113F0EBFDA546C7E9B2
:10E620000599C7E90799C7E9039913F0D4FD044692
:10E630000D4602F0EFFA3B699C42FB6875EB030361
:10E6400050DB0023534887F8583007F1580101F098
:10E650004DF814F5FA633B6145F10003FB60534B41
:10E660001B78002840F0288143F010034F4A97F8A8
:10E67000588013709AF80030B8F1000F00F01F8135
:10E68000022B2FD0012B01D1FFF78AFD6E4688B0F7
:10E6900002AA4C4B53614D4B93614FF4007393832B
:10E6A000494B42F8103F4FF4E6513C4813F0A1FDAE
:10E6B0003348B54617F0CAF9142013F09DFD40F613
:10E6C000B83203213A4813F05CFE2D4817F0EEF9FA
:10E6D00037483022012113F00BFE02238AF8003064
:10E6E000FFF774FD3B6A9C42FB6975EB030325DB76
:10E6F0009AF80030022B21D0264807F1580100F08B
:10E700009DFE061E0BDD324B1E8014F0B2F814F095
:10E71000EDF8304A21483346032114F0D7FE00F0CB
:10E72000DFFE2D4B40EAE070188047F23053E318CB
:10E730003B6245F10003FB61FFF748FD02F0BCF9C5
:10E7400000F022FF9AF80060012E00F02281022ED4
:10E7500000F0D280002E7FF468AF14F0DFF80028BC
:10E760003CDBA0F57A700028B8BF404278287B6C6B
:10E77000C8BF23467B643B6CC8BF2B463B642DE07F
:10E78000988202002394020002940200A8950200DD
:10E79000DE9502007C820200050000013086020046
:10E7A000079602005889020093960200C063002079
:10E7B0002C5B0020E2960200C16300206023002051
:10E7C000688902001B97020003000001A99F020054
:10E7D0009C6300202C9702000827002001F07AFD9E
:10E7E00060B107F1580014F086F838B9B7F95C2029
:10E7F000B7F95A10B7F9580001F056FE01F034FF8E
:10E8000050B114F0D1F8AA4AAA48032114F055FED9
:10E81000C7E91054C7E91254BFF35B8FA64B00221F
:10E8200053E8001F012903D143E800200028F7D155
:10E83000BFF35B8F0CBF0126164611D0FB6C9C42C8
:10E84000BB6C75EB0303C0F29D807B6C9B49E21AA5
:10E850003B6C65EB0303914276EB0303C0F29280BD
:10E86000974817F0F3F80346002849D0954A914895
:10E87000012114F02BFE944B1B681B19FB6445F11E
:10E880000003BB64D1E6914B914A002908BF1346AF
:10E890001CE66FF057003AE60520013413F0ACFC9B
:10E8A000062C7FF42DAE002E7FF456AE894A8148A7
:10E8B000012114F002FE4FE603F0EF03D6E6022B2F
:10E8C0007FF410AF6E4688B002AA834B5361834B2E
:10E8D00093614FF400739383814B42F8103F754866
:10E8E0004FF4E65113F085FCB5468AF80080FFF737
:10E8F0006DFCC7E91254F5E6C82013F07DFC94E6E0
:10E90000142013F079FC774B1B7843B93221022095
:10E91000FFF700FD18B16A4817F0C8F8ABE7724876
:10E920008022012100F098FA034628B16F4A61481D
:10E93000012114F0CBFDEEE76D48642113F00DFECC
:10E9400001236C4A8AF800306B4BE8468AB0002EEF
:10E9500018BF134602AA6949516169495548C2E97D
:10E960000613684B1362684B42F8103F4FF4235173
:10E9700013F03FFCC546FFF729FC86F00109C7E903
:10E98000055452E601F0A6FC00280CBFC820142054
:10E99000B3E75E495448802213F069FD031EBB6350
:10E9A00040F35A8197F838105848DFF8648101F035
:10E9B0003BFD564B7B620023FB637A6A52F8043BB3
:10E9C0007A62C3F31201C3F3C7430022012BA7F8F5
:10E9D000582000F0A5804F4A00913648022114F0DB
:10E9E0007FFDFB6B0133FB63D7E90E329342E4D129
:10E9F00001F070FC60B107F1580013F07CFF38B9EA
:10EA0000B7F95C20B7F95A10B7F9580001F04CFD7E
:10EA1000374813F0AFFDBB69B4EB030B7B6965EBC3
:10EA20000308002840F02181B9F1000F00F0218196
:10EA300041F271739B4578F10003ACBF01260026BB
:10EA4000354B1B68FB6301F02FFC002840F013815D
:10EA5000FB6B9B4578F1000803DA002E00F00B8178
:10EA6000BE6AFFF79DFB00238AF80030164B2B4A45
:10EA70001B681B19FB6445F10003BB641E4B6C460D
:10EA80008AB0002E18BF134602AA1C4951611349CF
:10EA90000848C2E906131B4B13621B4B42F8103F98
:10EAA0004FF4235113F0A5FBA546FFF78FFBBCE500
:10EAB0003A97020030860200DC58002020BF020096
:10EAC0009882020046970200602300205A940200B8
:10EAD000D6930200319602001B970200279702008E
:10EAE00003000001C26300202C5B00205F9702003E
:10EAF000E05A002089940200ECAB020075970200F6
:10EB0000839702000002010304000002E058002085
:10EB1000D85800208D97020064230020BF94020083
:10EB2000564807F1580213F030FDD8F80030013391
:10EB3000C8F8003070B1B7F858205AB10A21B2FBBA
:10EB4000F1F301FB132292B200924D484D4A03218A
:10EB500014F0C6FCD8F80030632B7FF642AF47486C
:10EB600013F004FD7863454813F002FD031E3B6378
:10EB7000C1BF7B6B4FF47A765E430346B7F858000B
:10EB8000CCBF96FBF3F600264FF00A0B96FBFBF387
:10EB9000FB620BFB136600283CD03B4B1880053012
:10EBA000B0FBFBF080B213F096FEB7F85830B3FB21
:10EBB000FBF291B20BFB1233B9601FFA83FB01F039
:10EBC00065FB324A3249C7F804D08EB0002808BF2E
:10EBD000114602AA3B6B93617B6BD361FB6A2D48A4
:10EBE0005061C2E90836BB681163C2E90A3B40F6CE
:10EBF00006039386284B42F8103F214844F6C04153
:10EC000013F0F7FAD7F804D0FFF7E0FA0023C8F8BA
:10EC10000030E6E6194813F0ADFC204A204BEB46E5
:10EC20008CB0002818BF134602AA396B9161796B2A
:10EC3000D1619362F96A1B48506140F20463938585
:10EC4000194B0F48C2E9081642F8103F4FF47351B0
:10EC500013F0CFFADD46D7E73FF4CAAE134ABB6BD9
:10EC60000748314614F032FCC2E6C7E910544FF0B1
:10EC700000094E46E4E614203FE600BFE05A0020BB
:10EC800030860200B29702009E630020ECAB0200C7
:10EC90009A940200C397020009000001A0940200A8
:10ECA000B5940200ED970200070000010C980200E5
:10ECB0002DE9F04F8DB000AF624B01604FF0000BBB
:10ECC0000446FB60D9460126FB68206813F8015B07
:10ECD000FB60FF233B7507F11503C7E906360122E8
:10ECE0002B4607F1180125714FF0030887F815909E
:10ECF00087F8169087F8179087F8208013F08CFA21
:10ED00004FF00203786087F82030206807F1140A7A
:10ED10002B46012207F11801C7E906A613F07CFA79
:10ED2000B860002864D107F11603C7E906362068E9
:10ED300087F820802B46012207F1180113F06CFAA6
:10ED4000804607F11703C7E90936072387F82C30F7
:10ED500007F118012B46206887F820900222C7E9A6
:10ED600006A613F059FAC7F800D08EB0B97DFB7D26
:10ED700082466A4634480C93CDE9050578680790C9
:10ED8000B8680923CDE90808CDE90A1A42F8103F0E
:10ED90002E48002344F6C00102F01AFFD7F800D035
:10EDA000BAF1000F27D197F817A0BAF1360F28D083
:10EDB000E8468AB06A46264BCDF81CA0CDE9053559
:10EDC00036230893052342F8103F204800234FF4D0
:10EDD000225102F0FDFEC5460BF10103022B4FF05C
:10EDE000010B7FF471AF002323716FF0120025E057
:10EDF0004FF0FF38A5E7B8F1000FEDD197F816A056
:10EE0000D3E707F118020025FE2120463D7613F0D6
:10EE100012FA21793B7E6C468AB06A460D48CDE9EC
:10EE200007A30523CDE9050142F8103F07482B460B
:10EE30004FF4235102F0CCFE2846A5463437BD4698
:10EE4000BDE8F08F03D20200279802003886020046
:10EE50006B980200A29802002DE9F04F8DB00E468B
:10EE600000AF15460D210122804613F001FA044639
:10EE7000002863D100214FF4A47018F08EF82146C9
:10EE800007F10F02404613F0D6F902220D21404649
:10EE900013F0EEF90446002850D1434B434A7E77E5
:10EEA000C7E90423424BBB6120233B772123FB832B
:10EEB000404B3B62012E4FF0230387F824300CBFF8
:10EEC0002B46002387F82530022E4FF0240387F8C5
:10EED00026300CBF2B46002387F82730032E4FF037
:10EEE000250387F828300CBF2B46002387F82930EC
:10EEF00040F609737B85304BFB6207F110098246AF
:10EF000099F801B099F8001079605A46404613F01C
:10EF1000AFF979680446B0B16D468AB0274ACDE9A9
:10EF200005216A460523CDE907B042F8103F244881
:10EF300000234FF4215102F04BFEAD4620463437FA
:10EF4000BD46BDE8F08F0AF1010ABAF1100F09F1D0
:10EF50000209D5D102460D21404613F089F9044635
:10EF60000028EBD1174B53F826106E460C238CB0BB
:10EF70006B436A4614480795CDE905016420B3FB4D
:10EF8000F0F100FB113309934FF40073ADF8283012
:10EF90000E4B089142F8103F094823464FF4535155
:10EFA00002F016FEB546C9E7110B12180200030065
:10EFB0001340150122002A000A0E0A1ED9980200E9
:10EFC0003886020074890200FB98020006000001E6
:10EFD000F7B51E461B68044683FB043408466946A1
:10EFE000CDE9003415460BF0B1FE0746E0B9019CAF
:10EFF0000099C5F12002B5F1200304FA02F221FACA
:10F0000005F141EA02015CBF44FA03F319432C41C4
:10F01000CDE9001411F1004144F1000414B1044899
:10F0200013F063FE009B3360384603B0F0BD00BFB1
:10F03000659902000146024883685B68184700BF73
:10F040006082020008B505484FF4D012092113F080
:10F05000CAFBBDE808400A2013F0D3BBD4810200EC
:10F060002DE9F04FCDB002AFA94817F060FC48B9C8
:10F07000A84AA948012113F097FB07F59677BD46EA
:10F08000BDE8F08FA548DFF898924FF4D0120B211D
:10F0900013F0A9FB322013F0B4FB0026344607F12D
:10F0A000200507F1180800216960A8F80010142253
:10F0B000C5F800906E7107F1340018F06CFF012361
:10F0C000C7E90E3802233B6429460C23904887F891
:10F0D000443013F03AFB07F1480A0AEB040BC4F181
:10F0E000E001002800F0EA808E4A3346584612F0CC
:10F0F000F5FD072E044403D0C32C06F10106D0DD34
:10F100006C4688B002AA884B8348C2E9053A4FF49E
:10F1100000739383854B42F8103F4FF4E65113F090
:10F1200045FBA5460024264644F48073002123F0C5
:10F13000E0036960A8F80010AB801422C5F80090C5
:10F1400007F1340018F027FF0123A340C7E90E3868
:10F1500002233B6429460C236D4887F8443013F0A2
:10F16000F4FA0AEB060BC6F1E00140B907F13400EE
:10F17000F960FFF75FFFF968002800F0BA806C4A79
:10F1800000902346584612F0A9FD032C064403D0F4
:10F19000C72E04F10104C7DDE84688B002AA654B1A
:10F1A000536107F1480393614FF4007393835F4BFE
:10F1B00042F8103F002507F1200457484FF4E6516C
:10F1C00013F0F4FA2946C54614222046BD82FD827A
:10F1D00018F0E1FE40F20112022607F1140AFA616A
:10F1E0002946142207F13400C7F828A0C7F8189060
:10F1F00007F1160B4FF00C09FE6218F0CCFE4E49D9
:10F2000043483E64C7E90E6B87F8449013F09DFABB
:10F21000786020467E62A7F83090FFF70BFF07F179
:10F220001801B8603A4813F090FAF86007F134001A
:10F23000FFF700FF92B0B7F914C0D7F824A097F8F1
:10F24000301097F8313097F832E0B7F9164002AA3B
:10F25000DFF8E8B0C2E905BCD7F804C0C2E90B1377
:10F26000FB68C2E907C5D7F808C0C2E90F300D2313
:10F27000C2E909CAC2E90DE4274842F8103F46F640
:10F28000C00113F093FA04B002AA2D4B536101237D
:10F29000C2E90633032144F22803C2E90B130A230F
:10F2A000C2E908559662C2F834901B4842F8103FF4
:10F2B00045F2C00113F07AFAC546DEE607F13400E4
:10F2C000F960FFF7B7FEF96800287FF40DAFB8F8D2
:10F2D00000304FF4E16213FB02F3002BB8BF03F6DA
:10F2E000FF731B130093174A3346584612F0F6FC7F
:10F2F000FFE6B8F800304FF4E16213FB02F3002B95
:10F30000B8BF03F6FF731B1300930F4A234639E778
:10F31000608202008999020080860200F08102006A
:10F32000020328409D990200AE99020003000001EB
:10F33000E9990200009A0200D28902002A9A02008A
:10F340008C9A0200A5990200F59902007FB500236E
:10F35000044601258DF809308DF80A308DF80B3000
:10F36000FFF770FE00950DF10B032A466A21204637
:10F3700013F01FFA064648B12C4A00906A232C4825
:10F38000294614F0ADF8304604B070BD00950DF17B
:10F39000090303226A21204613F00BFAF8B99DF8FD
:10F3A0000920C2F38403120615D50A25282213FB6F
:10F3B000052543F60343ADF80C3002226A2303A966
:10F3C000204613F0E4F950B91A4A19482B46032194
:10F3D00014F07CF803E00F2B03F10505E9D10123BC
:10F3E000009302220DF10A036A21204613F0E1F98D
:10F3F0000028C8D19DF90A209DF80A30002AC2DAF7
:10F40000022503F07F038DF80D302A466A2303A9F5
:10F4100020468DF80C5013F0BAF90028B3D1064AF3
:10F420000348294613F0C0F9ADE700BFDF9A020098
:10F4300080860200319B0200559B0200F0B585B02A
:10F44000002306468DF80A308DF80B30012748F26C
:10F450000A030C46ADF80C30FFF7F4FD00970DF1F0
:10F460000A0305226A21304613F0A3F988BB6A23F8
:10F47000022203A930469DF80A5013F088F940BBD8
:10F48000052013F0BEF900970DF10B030A226A2143
:10F49000304613F08EF9E0B99DF80B300E49C3F3F6
:10F4A0004112C3F38203023BDBB2052B8A5C9CBF93
:10F4B0000A49C85C1044C0B204B120706D080A2229
:10F4C0004FF4616315FB023515FB00F56420B5FBB5
:10F4D000F0F005B0F0BD00BF0BD2020005D2020073
:10F4E00030B589B00021142203A8ADF8061018F039
:10F4F00052FD0DF106030593022306931E4817F0F3
:10F5000016FA002835D01D491B4813F01EF9044691
:10F5100060BB1B4D1B484FF4D0120B2113F063F955
:10F520002B781BB94FF4487013F06BF90223049346
:10F530000C230DEB0300ADF81C30FFF77BFD2B789F
:10F5400004462BB90F484FF4B0120B2113F04BF9BE
:10F5500064B9BDF9063002930C2202AB02214FF4CC
:10F56000E170FFF735FD044600B9029C204609B062
:10F5700030BD6FF01204F9E760820200D289020008
:10F58000C3630020F08102002DE9F04F83B002AF89
:10F5900017F0AEFD4FF47A73A0FB030603FB016680
:10F5A000444BD3E90012C40B44EA46448C424FEA70
:10F5B000D63676EB020279DB14F5FA7146F10002D9
:10F5C000C3E900123C4817F0B2F9834600286DD019
:10F5D0003A49394813F0B9F88246002866D13848CC
:10F5E0004FF4D0120B2113F0FEF8364B01221A70A3
:10F5F00013F01AF9051E59DBDFF8CC90334AD9F81D
:10F600000030DFF8CC8093420CDBEA1A052A09DCD3
:10F610005B1B052B06DCD8E90023944276EB030341
:10F6200044DBD346B5F5FA7F2BDD42F21073A5F526
:10F63000FA7A03FB0AFA4BF2BC13BAFBF3FA0A2379
:10F64000244ABAFBF3F003FB10A1234BEA468CB02B
:10F65000BBF1000F18BF134602AADFF880C0536247
:10F6600040F2035313851E4BC2E90701C2E905C5E9
:10F670001C4842F8103F4FF4535113F097F8D54609
:10F680000BE0B5F5F07FDADAC5F5FA730093164AA8
:10F6900014482B46022113F023FF40F6B833E41838
:10F6A00046F10006C8E90046C9F800500437BD46D7
:10F6B000BDE8F08F2835002060820200D289020068
:10F6C000F0810200C36300206C230020E0B1FFFF43
:10F6D00020350020ECAB02009D9B0200E69B02005F
:10F6E0000600000180860200A79B02002DE9F04F72
:10F6F00085B002AF00238246BB710D4601B10B708D
:10F700004FF4D01209213348DFF8CC9013F06BF896
:10F71000052013F076F801220092BB1D6A215046A5
:10F7200013F047F8064690B1D9F80030023309D0FB
:10F730002A4A034602212A4813F0C8FE6FF001034B
:10F74000C9F8003030460C37BD46BDE8F08F97F859
:10F750000680C8F3801484F0010418F04008E4B275
:10F7600005D11C484FF4B012092113F03CF8D9F828
:10F7700000309C4229D04FF0000B322087F807B0B0
:10F7800013F03FF8012300935A46FB1D6A215046AF
:10F7900013F00FF8134A144BF979D84508BF1346F4
:10F7A000E8468AB002AA1148D161C2E905034FF4C4
:10F7B000007313840E4B42F8103F09484FF4135165
:10F7C00012F0F4FFC546C9F80040002DBAD02C70E5
:10F7D000B8E700BFD4810200682300203D9C0200EE
:10F7E00080860200FE9B0200219C0200549C0200C5
:10F7F000040000012DE9F04FB1B0044602AF7D4A8C
:10F800007D480321012612F0CFFFFFF71BFC009675
:10F81000BB1900226A21204612F0CBFF07F1080530
:10F820008046002800F097800023FB703B71324631
:10F830006A23F91C204612F0AAFF8146002840F0F6
:10F8400087803B1DC7E9023603233B7432466A2397
:10F850002946204612F08CFF824601233B8102227A
:10F860006A232946204612F092FF6E468CB03B79FF
:10F8700002AA62495161C2E90A306A210823C2E939
:10F880000618C2E9089A5C4842F8103F44F2400169
:10F8900012F08CFFB5460023294620463B72FFF745
:10F8A000CDFD031E80F28E81554A5348012113F08D
:10F8B0000DFE00230126FB700F220096FB1C6B211E
:10F8C000204612F076FF002800F084814D4A009017
:10F8D0006B234948314613F003FEFFF701FE031E78
:10F8E00080F22682484A4448012113F0EFFD4FF48C
:10F8F00080324648102112F076FF0921444812F068
:10F9000027FF10210446414812F022FF414A424B92
:10F910006D468AB0002C18BF134602AA3F49C2E9BF
:10F92000073040F2013393843D4B3348C2E905145C
:10F9300042F8103F4FF4335112F038FFAD46394AC8
:10F940002D48032112F030FFBC37BD46BDE8F08FD3
:10F950004FF0FF3A81E70096BB1C32466A212046F1
:10F9600012F027FF7B78DFF8C090B9789A09EB4650
:10F970008CB059F8220002AAC2E9083140F20133E2
:10F980001385DFF8A8C02A4BC2F814C04FF06A0AEA
:10F99000C2E906A04FF4535142F8103F164812F046
:10F9A00005FFDD46FB1C87F80380032200965146C5
:10F9B000204612F0FEFE002864D1FA781006C2F349
:10F9C000840339D50A26282213FB062643F603436F
:10F9D0003B8102226A232946204612F0D8FE78BBDA
:10F9E000144A05483346032113F070FD3C23FB7095
:10F9F000142625E0159E0200808602002F9E02003C
:10FA000034A0020087A0020053A10200F08102008E
:10FA1000D4810200E69D0200029E020079A202004B
:10FA200005000001ABA20200BC8902007D9E02001D
:10FA300006000001319B02000F2B03F10506C5D122
:10FA4000FB789C4A9C489D4913F0020F08BF104662
:10FA50009B4A13F0010FE8468CB008BF114602AA7A
:10FA6000DFF860C25362984B9362984BC2E907017A
:10FA7000C2E905C6964842F8103F4FF4635112F0B0
:10FA800095FEC54600233B710123009302223B1DD6
:10FA90006A21204612F08DFE002836D197F9040025
:10FAA0003979844A8B4B33EA200328BF13468A4AAC
:10FAB000C1F341106E468AB052F8200002AADFF866
:10FAC0001CC2C2E905C3864B5362864BC2E90701DB
:10FAD00042F8103F7E484FF4435112F067FE97F909
:10FAE00004203B79002AB5460FDA03F07F03022297
:10FAF0007B7229466A2320463A7212F048FE20B9EA
:10FB0000794A7348032112F04FFEBE7816F0400682
:10FB100027D0764A6E48032112F046FE97F902304C
:10FB2000002B04DA724A6A48022112F03DFEBB78CB
:10FB3000590604D56F4A6648022112F035FEBB789B
:10FB40009A0604D56C4A6248022112F02DFEBB7859
:10FB5000DB067FF5A0AE694A5D48022112F024FE63
:10FB600099E667484FF4B012092112F03CFE654A4D
:10FB70005748032112F018FEFA2012F042FE01232A
:10FB80003E72324600936A212B46204612F011FE47
:10FB90000028C3D13B7A9A096E468AB059F82210E0
:10FBA00002AA5948D3614FF400731384574BC2E93A
:10FBB000050142F8103F46484FF4135112F0F6FD8C
:10FBC000B546ABE73A7A424800920321504A13F017
:10FBD00087FC6EE6FB78702B05D0712B15D06B225D
:10FBE00000924C4A75E64C4E4FF4C263BB80022231
:10FBF0006B23391D204612F0CAFD034638B1474A2F
:10FC00003348012113F062FC67E6454EECE73220F1
:10FC100012F0F7FD0623009328222B466B21204685
:10FC200012F0C7FD034608B13E4AE9E76C4690B0C2
:10FC3000B7F90800B7F90A10B7F90C3097F803C004
:10FC400002AADFF8E4E0D362C2E905E66B26C2E966
:10FC5000076C4FF4FA66C2E9090110FB06F00028B0
:10FC6000BCBF00F5FF407F30C01310634FF4FA6053
:10FC700011FB00F10029BCBF01F5FF417F31C91321
:10FC800051634FF4FA6113FB01F3002BBCBF03F582
:10FC9000FF437F33DB1393634FF400739387234B4E
:10FCA00042F8103F0A4845F6C04112F07FFDA546D4
:10FCB00013E600BFFA9D02006D9C02007D9C0200CD
:10FCC000849C0200B89E02000103020406000002A8
:10FCD000808602008F9C0200AC890200F49E020024
:10FCE00000020103050000021C9F0200469F020063
:10FCF000DA9F0200F09F020007A002001AA0020093
:10FD0000D4810200779F0200B29F0200040000012C
:10FD10004BA00200ADA00200989C0200D5A00200FA
:10FD2000A09C0200F3A0020010A102000B00000141
:10FD3000844A85496C468AB0312BC8BF114602AA55
:10FD40008248D161C2E9050340F201331384804B3C
:10FD500042F8103F7F48DFF800924FF4135112F041
:10FD600025FD4FF4B012A5460B217C4812F03BFD57
:10FD70004FF4967012F045FD78484FF4D0120B21E5
:10FD800012F031FD00242646A04659F804AB504637
:10FD900012F037FD7249734812F0D7FC12F044FD9F
:10FDA00056440090C4F1B00128196F4A334611F04F
:10FDB00095FF08F10108B8F10A0F044401D0972C0F
:10FDC000E3DD4FF0A044D4F82C37D4F80425C2F377
:10FDD000C02200925F48654A032113F081FB5F480F
:10FDE0004FF4B0120B2112F0FEFC6E4688B002AA4E
:10FDF0005F4B5848C2E905354FF4007393835D4B60
:10FE000042F8103F4FF4E65112F0D0FC4FF4006579
:10FE1000B5464FF00108FFF723F9C4F82C870520F9
:10FE2000C4F8085512F0EDFCD4F81035C4F80C55A0
:10FE30000520C3F3C02A12F0E4FCD4F81035C4F84E
:10FE400008551420C3F3C02B12F0DBFC0C23C4F8BC
:10FE50000C37052012F0D5FCD4F81035C3F3C009D7
:10FE60000423C4F80C37052012F0CBFCD4F810554D
:10FE7000C4F80C870823C5F3C005C4F808354FF44F
:10FE80007A7016F038FDD4F810250823C4F80C3524
:10FE90000223C2F3C008C4F80C37374A374B8AB084
:10FEA000BAF1000F18BF134602AA35492948C2E922
:10FEB00007B340F202439384324BC2E9051A42F879
:10FEC000103F4FF4335112F071FCB546B9F1000FF9
:10FED00032D02D4B2D4A002D08BF13466E468AB0F6
:10FEE00002AC2B4A1B48C4E90753254640F20243A3
:10FEF000A384244BC4E9052945F8103F4FF433513E
:10FF00002A4612F053FC234A234BB546B8F1000FA2
:10FF100018BF13468AB0214AE36140F201332384BB
:10FF20000B4B0C482361C4E905284FF413512A46B2
:10FF300012F03CFCB546DAE4194B134A002D18BF09
:10FF40001346CBE7ECAB0200AC9C02006AA10200B6
:10FF5000040000018086020084890200F081020012
:10FF6000D28902006082020097A102009EA10200D5
:10FF7000D0A1020003000001EB9C0200009D0200E2
:10FF8000EEA1020005000001689D0200219D020013
:10FF90001CA20200749D0200B69D02004FA2020046
:10FFA000439D02001FB514240294044C0194BDF833
:10FFB0001840009414F080FF04B010BDC46300200A
:10FFC00070B503788AB004460E4607AD032B20D8DF
:10FFD000DFE803F002191B1D11492846FDF7C1FC9B
:10FFE000059563780493A3780393E37802932379C8
:10FFF000019363790093A3790A4A1E21304611F0D8
:020000021000EC
:100000006DFE0AB070BD0849E7E70849E5E7084911
:10001000E3E7084A0A21284611F060FEE0E700BF46
:1000200043A3020065A302004AA3020051A30200F9
:100030005BA3020006A502004B1E5942014859412C
:1000400012F03EBC4C5B00204B1E59420148594106
:1000500012F036BC485B00204B1E59420148594102
:1000600012F02EBC445B0020F0B583B002AF1C46FA
:100070003B8B1546002B40F08280002C7FD01378FC
:100080005A1E032A71D8DFE802F002304E5A012CC2
:1000900078D069783D48003918BF012112F010FC72
:1000A0003B4B1B6833B11B6823B16878003818BF1D
:1000B000012098476978374A374B6D4688B0002948
:1000C00018BF134602AA3549C2E905134FF400735D
:1000D0009383334B42F8103F324800234FF4E651EC
:1000E00001F076FDAD46204646E0012C4AD0697805
:1000F0002D48003918BF012112F0E2FB244B1B6888
:1001000033B15B6823B16878003818BF0120984785
:100110006978204A204B6D4688B0002918BF1346E5
:1001200002AA2249D0E71A4B1B6813B19B6803B19E
:1001300098471F4A1B48032113F0BFF9D3E7042C4B
:1001400020D9134BB5F801601B68B5F8035023B1F3
:10015000DB6813B1294630469847164A1148009586
:100160003346032113F0BCF9BDE70E48124A0221C1
:1001700013F0ACF96FF012000437BD46F0BD6FF01C
:100180000600F9E76FF00C00F6E700BF405B0020C7
:10019000385B0020C393020088A302008CA30200F6
:1001A00003000001608502003C5B0020A6A3020062
:1001B000C0A30200D5A30200F3A3020090B589B04A
:1001C00000AF13F0CBFF3946FFF7FAFEBFF35B8FAA
:1001D0000F4B3C4653E8001F013143E80012002A50
:1001E000F8D1BFF35B8F88B06A460A4BCDE905347E
:1001F0004FF40073ADF81C30074B42F8103F07482E
:1002000000234FF4E65101F0E3FC2437BD4690BDD6
:10021000505B002012A40200030000016085020070
:100220000B4621B1034A0448012113F04FB9FFF7EF
:10023000C5BF00BF22A402006085020010B50E4BAE
:10024000BFF35B8F0C4653E8001F013943E80012EF
:10025000002AF8D1BFF35B8F0021084812F030FB71
:10026000074812F02DFB074A074823460321BDE843
:10027000104013F02BB900BF505B0020405B002002
:100280003C5B00203DA4020060850200054BBFF3EB
:100290005B8F1868BFF35B8F0028D4BF002001205C
:1002A000704700BF505B0020084BBFF35B8F18689E
:1002B000BFF35B8F40B1BFF35B8F054B1868BFF393
:1002C0005B8F003818BF0120704700BF405B0020E3
:1002D000485B0020084BBFF35B8F1868BFF35B8F50
:1002E00040B1BFF35B8F054B1868BFF35B8F0038DD
:1002F00018BF0120704700BF3C5B0020445B00201A
:10030000014B1860704700BF385B0020F0B593B018
:10031000002002AF04F03AFA044648B1264A0346E8
:100320002648012113F0D2F820464437BD46F0BDDF
:10033000234D0FCD07F10C040FC42B68236001255A
:10034000204B21490095022207F10C0005F078F8B6
:10035000044610B11D4A0346E2E73F2301461A2234
:1003600007F124003B623D6017F015FE3946381D49
:1003700004F012FE3B6807F120051BB12946381D29
:10038000FFF71EFE6E468AB002AA114B5361114B55
:10039000C2E90635104B1362104B42F8103F074874
:1003A00000234FF4235101F013FCB5460C4A0348D7
:1003B000032113F082F8B7E75AA402006085020017
:1003C000C0860200D08A0200D88A020070A402000F
:1003D00091A40200ACA40200000201030400000288
:1003E000B5A4020008B50D4B00F1140250F8041B2F
:1003F00043F8041B9042F9D1FFF748FF68B1BFF3FF
:100400005B8F074B1B68BFF35B8F33B1BDE80840C0
:1004100002490448142212F03FBA08BDC463002008
:100420004C5B0020F489020030B5ABB004460D46A9
:10043000FFF73AFF88B3002014F0CAFDC31E9BB239
:10044000052B2AD9282DA3F10503C3F3870128BF63
:100450002825A94228BF2946F9B1114A8DF8041070
:1004600013680093581C106020468A006C4600EB0D
:10047000810150F8043B6371C3F307251B0CE37142
:1004800088424FEA1323A571237204F10404F0D1CA
:1004900004480532694612F0FFF92BB030BD00BFA9
:1004A000345B0020308A020013B50446FFF712FFC8
:1004B00050B1ADF80210ADF804200448ADF800408A
:1004C0000622694612F0E8F902B010BD6C8A0200FB
:1004D00010B5104B88B0CDE905128DF807001868EB
:1004E0000DF1070302930123039300238DF81030CD
:1004F00007238DF81C309DF81C30826843F00203FE
:100500008DF81C3094686B23022202A9A04708B022
:1005100010BD00BF645B002007B50648836801A9D1
:100520005B68984718B99DF80600C0F3000003B057
:100530005DF804FBF0810200064BBFF35B8F0122E4
:1005400053E8001F43E800200028F9D1BFF35B8F78
:10055000704700BF545B002010B402460548016993
:1005600084680B6823F480330B60236810BC10216F
:10057000184700BFF08102001FB50D4B8DF8000039
:1005800018688DF801100223CDF804D002938DF87D
:100590000C309DF80C30826843F002038DF80C306B
:1005A00094686B23012201A9A04704B010BD00BFCD
:1005B000645B0020B0B584B002AF0023FB71224B16
:1005C00001221860F91D0F20FFF782FF044650B189
:1005D0001E4A00906B231E48012112F081FF204625
:1005E0000837BD46B0BDFB79A3F17002012A07D9D7
:1005F000184A1748012112F069FF6FF01204EEE764
:10060000154A16496D468AB0712B18BF114602AAC9
:10061000134BC2E905316B23D3614FF4007313848C
:10062000104B42F8103F4FF413510346084801F0B5
:10063000CFFA4421AD461220FFF79EFF062110207D
:10064000FFF79AFF0446CAE7645B0020D9A40200C2
:1006500018860200F2A40200989C0200A09C0200EE
:100660000DA5020004000001084BBFF35B8F0022C0
:1006700053E8001F012903D143E800200028F7D1E7
:10068000BFF35B8F0CBF012010467047545B002006
:100690002DE9F04F89B000AF0121B8605620FFF777
:1006A0006BFF0546002840F0B580BB68C3F3C70365
:1006B0003F2B28BF3F23012B38BF01230146542085
:1006C000FB60FFF759FFF9685B20FFF755FF2946EC
:1006D0005C20FFF751FF20215E20FFF74DFF8021B6
:1006E0005020FFF749FF0546002840F09380012283
:1006F000FF23B86107F11601C7F81B001046BB7550
:10070000FB75FFF7E5FE07F1170101220320FFF754
:10071000DFFE07F1180101221020FFF7D9FE07F1D3
:10072000190101225620FFF7D3FE07F11A01012219
:100730005420FFF7CDFE07F11B0101225B20FFF7DC
:10074000C7FE07F11C0101225C20FFF7C1FE07F183
:100750001D0101225E20FFF7BBFE07F11E010122F1
:100760005020FFF7B5FE6C468CB097F816C0FE7DA2
:10077000387E797EBB7E6A46DFF8CCE2CDE909138C
:100780000723CDE905ECCDE9076042F8103FAF48FB
:100790002B464FF4635101F01BFAA5468AB0FE7E4A
:1007A000387F797FBB7F6A46DFF8A4C209930623AE
:1007B000CDE905C6CDE9070142F8103FA3482B4615
:1007C0004FF4435101F004FABB7DA54623B1A14A81
:1007D0009E48012112F07AFEFB7DDC0604D59E4A7C
:1007E0009A48012112F072FEFB7D980604D59B4ABF
:1007F0009648012112F06AFE7B7F990603D597F98E
:100800001E30002B0BDB964A9048012112F055FE5A
:100810006FF0040528462437BD46BDE8F08F914CA3
:10082000204616F084F8002800F00B814FF4803049
:10083000FFF792FE8C4A8D4B53604FF480339360E8
:10084000A368DB691BB18849012220469847A36849
:100850009C6934B183484FF080634FF0A07210213F
:10086000A047BFF35B8F824C002354E8002F44E87D
:1008700000310029F9D1BFF35B8F12F095F87D4864
:10088000FFF76AFEC82016F036F8FFF745FE8046EF
:100890007948FFF761FEC82016F02DF8FFF73CFEFF
:1008A00006464FF48030FFF757FEB8F1010F7C6029
:1008B00040F0B780002E40F0BE80704B6C468AB08E
:1008C0006A466F49CDE9076340F20243ADF8243030
:1008D0006C4BCDE9051842F8103F5C4800234FF4FB
:1008E000335101F075F90121A5460D20FFF744FEB3
:1008F0004FF000094FF4C876FFF70EFE012808BF3D
:1009000009F10109642015F0F6FF013EF4D13146EA
:100910000D20FFF731FE5C4A5C4BE8468AB0B9F126
:10092000000F18BF13466C46594A0793EA46594BC5
:1009300040F2013BCDE90529ADF820B04AF8103F5F
:100940004248334652464FF4135101F041F93021E9
:10095000C5460320FFF710FE4648FFF7FDFD0021C6
:10096000422016F01AFBFFF7D7FD4FF0A043814657
:10097000D3F84037A5464849C4E9051303F00101FF
:10098000E161C3F34001C3F3810363620623216283
:1009900023612E48334652464FF4435101F018F973
:1009A0003146C5460320FFF7E7FD4FF48030FFF7DF
:1009B000D3FD3A493A4BA546B9F1000F18BF0B4693
:1009C0003849E361334BA4F820B0C4E90519236129
:1009D0001E48524633464FF4135101F0F9F8C5460C
:1009E0007A68BFF35B8F52E8003F42E8006100295C
:1009F000F9D1BFF35B8F11F0D7FFA5462A4B636196
:100A0000BB68A361FB68E3611023236205232361B4
:100A10000E48334652464FF4235101F0D9F8C546EB
:100A2000F8E6224BB8F1000F7FF448AF204A002EC1
:100A300008BF134642E71F4B1C4A012E18BF13463E
:100A40003CE76FF01205E5E621A6020018860200D9
:100A500072A60200B9A602001CA7020075A7020038
:100A6000C0A70200F0810200585B00203905010098
:100A7000545B0020100001002000010032A502009C
:100A8000DAA702000500000172A50200A0A502007D
:100A90000BA802000400000147A80200CEA5020036
:100AA000E9A5020083A80200BAA802004EA5020030
:100AB0001AA502005BA50200F0B583B000AF0023C9
:100AC000BB71FB71234815F032FF00283ED0FFF7C1
:100AD00023FD01220446B91D4520FFF7F9FC012240
:100AE000F91D1D20FFF7F4FC1B4AB9791368A342D6
:100AF0001A4B02D11878884228D014601970FE79F8
:100B0000174BBFF35B8F1868BFF35B8FBB79154A38
:100B100013F0080F6D468CB0134B18BF13466A468E
:100B2000DFF848C0CDE9090340F20463ADF82C308A
:100B30000F4BCDE905C4CDE9071642F8103F0D482B
:100B400000234FF4735101F043F8AD460C37BD4616
:100B5000F0BD00BFF0810200FC2300200F27002021
:100B6000545B0020F3A80200ECAB0200FFA80200D7
:100B700007000001188602001E4BF0B50FCB85B0B0
:100B80008DE80F001C4D284615F0D1FE48B91B4AD0
:100B90001B48012112F091FC6FF01204204605B0B1
:100BA000F0BDAE686946B36828469847041E06DA69
:100BB000144A23461248012112F088FCEEE7124F36
:100BC0003C600221336828469847041E05DA4FF03E
:100BD000FF333B600D4A2346ECE73968F36828464B
:100BE00098470B4A064842F21073032112F06EFC3C
:100BF0000024D3E7D4860200288202004FA9020015
:100C00009886020080A9020000240020B7A90200F3
:100C1000E4A90200044B1968002903DB0348836838
:100C2000DB681847704700BF0024002028820200BC
:100C30002DE9F84F8A4600AF002974D004680E1FD2
:100C4000361BF50826F0070604EB0608B8F802B0D4
:100C50001BF0010B16D1E94688B06A46334BCDE94B
:100C60000531032342F8103F31485B464FF4C2512F
:100C700000F0AEFFCD468BF31188BFF36F8F0423D6
:100C8000184602DF2946204611F09EFE284434F81B
:100C90003030C01A854217D0E94688B06A46254BE5
:100CA000CDE9053A032342F8103F214800234FF4D1
:100CB000C25100F08DFF0023CD4683F31188BFF3AE
:100CC0006F8F0423184602DFB8F8023023F00103C7
:100CD000A8F802302946204611F076FE05EB000800
:100CE00004EBC8035B88DA0708D44146204611F0BC
:100CF000B4FE42462946204611F0F4FEA65BAE1B28
:100D000004EBC6035B88DB0709D43146204611F0AB
:100D1000A4FE2A463146204611F0E4FE3546294617
:100D2000204611F056FEBD46BDE8F88F72AA0200BB
:100D30007086020049AA02002DE9F04F91B08407A5
:100D4000009302F004030293C2F3C20303F1010310
:100D5000DDF868A0039205460E46059340F09D819C
:100D6000041D00284AD101F00706341DC6F108060B
:100D7000009B00275A1E4FF004084FF0FF330193E9
:100D80000497B946BB4643460DB1009921600598CA
:100D9000002800F3D78090480099814203D38F4800
:100DA0008142C0F0CF80039911F0020CA4EB050042
:100DB00040F0D680B9F10F0F00F2CF80002D00F087
:100DC000D68009F140010DEB010EC0F387000199B7
:100DD0000EF8200C0EF8101CBCF1000F00F0C380C0
:100DE00060F07F000EF8200C013709F10109C5F110
:100DF0000801043406914FF6DA7E8CE00729B7D853
:100E00006FF01B0011B0BDE8F08F7A285BD84B283B
:100E10000FD8472857D829282ED8252850D052D85F
:100E2000202818BF23280CBF4FF0010B4FF0000BF8
:100E300071E04C382E2846D8DFE800F06D45454576
:100E4000454545454545454548454545454545454F
:100E500045564548485656566D486A456D451848AA
:100E60001845457F7C48454548457C0000204FF0AB
:100E7000000B4FF0040835E02A38C0B2012101FA16
:100E800000F010EA0E0F46D110F0625C2CD110EA8F
:100E9000010B40D06046013C4444B4FBF8F408FB2D
:100EA00004F425B1A3EB050CA444B445A8D800284C
:100EB00070D00599013905915AF8041B009163E738
:100EC0000199013901914FF0000B24E012F8010C57
:100ED0006C2834D112F8023C00206C2B8346C8D118
:100EE0004FF008084346D6E70AF1070A2AF0070A36
:100EF0000734FAE802BC24F0070435B10698204410
:100F0000B0423FF67DAFC4E900BC08344FF0000B9F
:100F10004FF00808434612F8010F002853D0BBF1E8
:100F2000000F7FF472AF2528F5D1019B01330193A7
:100F30004FF0010B4FF00408ECE7584697E700200C
:100F40008346A8E7039988077FF551AF601B4FF0F0
:100F5000010CB0F5007FFFF42DAF6FF0150051E7E5
:100F60004FF0000CF5E70498013004903DE7BCF128
:100F7000000F01D0013638E70298023600287FF4CE
:100F800034AF0098CDE90632FCF7F3FCDDE9063218
:100F900006442AE7042B08D10AF1040015B1DAF857
:100FA0000010216004348246B5E70AF1070323F0FC
:100FB000070303F1080A1DB1D3E90001C4E90001E8
:100FC00008340823A7E7631BB3F5806FC5D23DB98A
:100FD000A6F10804E01815E7D88002002CD402001E
:100FE000029A28609B082B709DF81030AAB1EB7014
:100FF000AF702FB108A80022C5F1010C91450ED1A8
:10100000C5F101030DF120084FF0000A01930DF125
:10101000300BD14512D1601BF4E66B70E8E710F895
:10102000013B190608D50CEB040EB64503F07F030F
:101030003FF6E6AE04F8013B0132DFE71FB198F955
:101040000020002A17DB029BD3B11AF80B2004F80A
:10105000012B0022019B18191044B0423FF6D0AE7C
:1010600098F8000004F8010B00990392204616F04E
:1010700084FF039A14440AF1010A08F10108C8E741
:1010800098F8002055F822300093029B45F8223052
:101090000098FCF76EFC421CDCE76FF00D00B1E637
:1010A0002DE9F04F97B000AFC7E90A3205468A46EE
:1010B00049B903784678807800EB83002844564588
:1010C00024D8A0EB050AD7F8803095F80280D7F82D
:1010D000804003F00103FB61EB787B62B8F1000F05
:1010E0000CBF002404F001041BB1D7F880309A072C
:1010F00015D4A4B9FB6A1BB1BA6A51462846984771
:10110000564630465C37BD46BDE8F08F441C20464D
:10111000FCF72FFC013020440AF1010ACFE7D7F891
:101120008030C3F3C0033B622B78BB619B003B6103
:101130006B687B61BB6905EB830BFB6A002B77D186
:101140005646D844BCB11C461BF8013B55F8230059
:10115000FCF70FFCD7F88430013043B1D7F8883062
:10116000A34282BFD7F8843023F814000134C3456A
:101170000644E9D1D846D7F8803013F0050F0CBFEC
:101180004FF0020B4FF0010B4FF000097B6A9945BD
:10119000B7D298F8013055F823A0AE4B9A4508F124
:1011A0000208C0F04B81AC4B3A6A9A452CBF002331
:1011B00001230AB318F8021C7869FB6211F067FD7D
:1011C000FB6AC8B1EA468AB06A46A44B05937B69BC
:1011D000CDE906314FF40073ADF82030A04B42F852
:1011E000103FA04800234FF4125100F0F1FC023EE2
:1011F000D54609F10109C9E723B1FB6933B9A6EB6B
:101200000B06F6E7D7F880309B07F2D55046FCF77F
:10121000B0FBD7F884304BB1D7F888309C423FBF41
:10122000D7F88420431C22F8143001340644E0E748
:10123000002C69D1B8F1000F6CD0D7F88030580776
:101240006BD5C14607F148004246594616F095FE57
:101250000BEB0803FB6000220233796A8A425ED3FB
:10126000D7F8802095F801B0F969920704EB0B03D9
:10127000DBB254BF4FEA59020022002940F0A68099
:10128000D7F8801011F0040F14BF494600216B708D
:10129000A970EA703969BA6AFB6A28469847061E3F
:1012A000FFF62FAFBB692B707B6AEB704946BA6AB9
:1012B000FB6A85F801B085F8028007F1480098477D
:1012C000B0F10009C0F2B6803B697A6A786A03EB34
:1012D0004201FB68BA6A414403EB4000AAEB0101FA
:1012E000FB6A98470028C0F2A780B14409EB0006CA
:1012F0004FF0000B07F1380AA34569D30021BA6A01
:10130000FB6A08469847FCE6444607F138004FF070
:10131000000999E74446C1469AE7A14698E713F8C1
:10132000016CDFF830C155F8260013F8021C604547
:10133000C0F08A80DFF820C16045386A2CBF4FF0CA
:10134000000B4FF0010B38B17869C7E9013211F099
:101350009EFCD7E90132F0B9BBF1000F1ED0F9694C
:1013600049B1611C04F1280007F13004041904F8A4
:10137000206CCCB20FE0D7F8801049070BD509F1EB
:10138000280007F1300C09F1010100EB0C0909F804
:10139000106C5FFA81F9013202335EE7D7F8800002
:1013A0008007DED409F1280C07F1300EF44409F16E
:1013B00001000CF8101C07F1580151FA80F009F1F6
:1013C00002095FFA89F900F8106CE4E700215EE792
:1013D0001BF80A3087F8373055F82390D7F8843057
:1013E0002BB3D7F888309B4521D2D7F8843033F817
:1013F0001B80BA6AFB6A012107F137009847002871
:101400001ADB0644B8F1000F06D14846FCF7B1FAE2
:1014100000F101081FFA88F8BA6AFB6A414648469B
:101420009847002808DB06440BF1010B64E74FF0F6
:101430000008DEE74E4664E6064662E63B6A002B9D
:101440003FF4E0AE0023B5E6386A0028A6D04FF09E
:10145000000B79E7D88002002CD402009FAA02007A
:1014600004000001E8850200014B1860704700BFCE
:101470000424002080B505460E46174698460EF017
:10148000BDF9034601F076FCDFF81890044649F8F0
:101490000030424630463946A84754F8090001F06A
:1014A00005FC00BF080000002DE9F047058B04464D
:1014B000280717460CD501290CBF45F0100545F04B
:1014C0002005258387F31188BFF36F8FBDE8F08770
:1014D000022905F0070540F09480204611F07DFEBA
:1014E000052864D801A353F820F000BFC5140100FB
:1014F00003160100AF150100711501008B150100E5
:101500009D15010001F007035A1F012A1FD8002270
:1015100021F00701062BD4F8008089B2C4E900222B
:1015200009D1434603E0628B013262831B68002BC2
:10153000F9D141F002012183204611F04EFE4FF017
:10154000000900286DD041F02001218369E0042BBF
:101550000AD121F0070189B22183204611F03DFE16
:1015600010B141F0200121834FF00008C14658E03E
:101570002369D3F80090238B23F0070343F006037D
:1015800023834FF0000846464BE02369D3F80490CC
:10159000238B23F0070343F00403F1E72369D3F817
:1015A0000890238B23F0070343F00503E8E74FF08F
:1015B0000008C146E7E7012243F00803238387F3CD
:1015C0001188BFF36F8F002A3BD1B8F1000F4AD1C9
:1015D000B9F1000F02D02D492046C847EFF311871B
:1015E000402383F31288BFF36F8F238B23F008030C
:1015F0009BB22383D9063FD523F01002228303F048
:1016000007056669218B002EBFF67CAF0023D4F856
:10161000008021F00701C4E9003341F0010121837A
:101620009946238B03F0070AAA4502D0A268002A34
:10163000C1D1B8F1000F02D1B9F1000FDAD0002208
:10164000BAE7A1680029C0D00D680029BDD04F6855
:10165000334652462046B8471DB12B6829461D46E1
:10166000F3E72B46FAE74146334652462046D8F880
:10167000008011F0DEFDA8E79A067FF523AF23F086
:101680002002228303F0070527E700BF5F32020034
:101690002DE9F047DFF85480044607464FF0010972
:1016A00094FAA4F5B5FA85F509FA05F32E0108EBCD
:1016B00005156FEA030A24EA03042B7B63B158F88B
:1016C00006301B696BB946440422736828461968C2
:1016D00007EA0A0711F081FE002CE1D13846BDE887
:1016E000F087284698470028F6D1ECE7A886020044
:1016F00010B50F490F4888B0002215F041FD0022B7
:101700000023CDE9062300240E23CDE90334CDE9DF
:101710000144094B094900944FF4407208480DF008
:10172000F5FD0849064815F077FB204608B010BDC6
:1017300049170100B8450020791A0100806800208F
:10174000303500205EAB020001480DF0E3BA00BF67
:10175000CC2700202DE9F047804621480F4611F0A4
:101760001CFE0646002833D000252846BDE8F08739
:10177000237B83B12368DB680BB1204698476368FD
:1017800083F8069023681B69D3B96368042219683B
:10179000204611F022FE013610345445E8D3B8F14A
:1017A000000FE2D0002DDFD02846FFF771FF05467D
:1017B000002FF7D000214FF4A47015F0EEFBF1E7F5
:1017C000204698470028E0D009FA06F31D43E2E7D7
:1017D000044CDFF814A005464FF00109DDE700BF17
:1017E000785B0020A8860200B8860200014B53F8FF
:1017F00020007047FC8A020008B5034608462BB15A
:10180000044A136000F044FC002008BD6FF015008E
:10181000FBE700BF0824002010B5044C237813B95F
:1018200003480DF077FA0123237010BDD863002020
:10183000CC27002010B504460B4811F0AEFD5CB17A
:10184000BFF35B8F094B53E8001F013943E80012D7
:10185000002AF8D1BFF35B8F05480EF0F3FA054874
:10186000BDE810400DF056BA705B0020745B00209C
:10187000B8450020CC270020064BBFF35B8F002229
:1018800053E8000F43E800210029F9D1BFF35B8F33
:10189000704700BF705B002070B5FFF7EDFF084C8C
:1018A000084E0546B44200D370BD63685B792BB126
:1018B00023685B6813B12946204698471034F1E746
:1018C000A8860200B886020010B5044C04492046E0
:1018D00011F018FB034B1C6010BD00BF282700202F
:1018E000E88A0200685B00200D4A0E48002310B50C
:1018F00013700D4A13600D4A4FF400411360FFF757
:101900007BFFFFF7E1FF0A4B0A4918468B4200D3E1
:1019100010BD1A1A5C681211013222711033F5E7FA
:10192000D963002097330200705B0020745B0020B5
:10193000A8860200B8860200014600220148002362
:1019400011F001BB28270020014811F098BB00BF0F
:1019500028270020024B0146186811F0EBBB00BF9E
:10196000685B0020014811F020BC00BF2827002040
:1019700070B52A4B1B78002B4ED0FFF7E5FF0446CD
:10198000002846D1264B274D1B68002B19DD15F08A
:10199000AFFB4FF47A76A0FB063206FB0121D5E9B6
:1019A0000020DB0B43EA41439B1A4FEAD13140F25E
:1019B000E93261EB0001934271F1000101D3FFF7BD
:1019C0006BFFD5E9003213F57A7342F10002C5E9E5
:1019D00000320CB3BDE87040FFF7C4BF6B685B79A1
:1019E00023B12B6821461B68284698471035B5421D
:1019F000F4D32046FFF7AEFFBFF35B8F0A4B53E8EB
:101A0000001F013943E80012002AF8D1BFF35B8FB1
:101A1000B8E7064D064EEAE7002070BDD863002007
:101A2000705B0020B0450020745B0020A886020097
:101A3000B886020070B50D4D297861B90120FFF715
:101A400089FE0B4C0B4EB44206D3FFF791FF0028E2
:101A5000FBD101232B7070BD63685B791BB12368D8
:101A600020469B6898471034EDE700BFD9630020FB
:101A7000A8860200B886020000212DE9F843084636
:101A8000FFF768FE044648B340F267684FF000096C
:101A900001F070F91A4B1B4A1B58136033B11A4BF3
:101AA0001B68092B02DD19480DF034F9184F002589
:101AB00044B12046FFF7ECFD044618B94FF0FF385B
:101AC0004FF0FF39FFF754FF064628B9B5B90F4864
:101AD00042464B460DF052F93546E9E74FF0FF38E4
:101AE0004FF0FF39D4E72B689B691BB100221146E8
:101AF000284698471035BD42F5D3E8E7054DFAE78B
:101B0000080000006C5B0020745B0020CC270020E4
:101B1000B8860200A886020013B5184811F03DFCF3
:101B2000174B1B7873B1EFF31184402383F31288B2
:101B3000BFF36F8FFFF71CFF84F31188BFF36F8F24
:101B400002B010BD0F4B1B68002BF9D050B900221A
:101B50000023CDE900230C484FF4004200230EF08F
:101B600039F9EDE70928EBD107480EF06BF9074882
:101B700002B0BDE810400DF0CDB800BF745B00208E
:101B8000D96300206C5B0020B8450020CC270020E2
:101B900010B5064B1B68044698472146A0600448D0
:101BA00011F04EFABDE81040FFF7B6BF0824002040
:101BB00028270020044A054B9B1AB1EBD30F34BFF2
:101BC00052F831000020704750850200A8860200BC
:101BD0002DE9F04F8FB004AFC1F34A26B8600D462F
:101BE00090467B600C0D002E61D04FF000090A2357
:101BF0004FF0040B07F1140AFE60C7E90799C7F814
:101C000024900093CDF808B0CDF804A007F11C0390
:101C1000F9684A464046FFF743FAB0F5006F0346BD
:101C20001CD36C468AB0D8F8041004AB2448C3E92E
:101C3000050140F2FF71D9611A464FF40071198411
:101C4000204B42F8103F20484B464FF41251FFF70B
:101C5000BFFFA5462C37BD46BDE8F08FC0F30A068E
:101C600004F11700184420F0070080083B60FFF7DC
:101C700063FE66F35325044680B13B68134A00F1C6
:101C80001001C7E90839F961CDE901AB0A230093D6
:101C9000F96807F11C034046FFF702FA66F3532583
:101CA0007B68B9682A46204611F0B7FBD2E704F1F9
:101CB000170020F007008008FFF73EFE0446EDE71E
:101CC00073AB02000400000120860200ED33020025
:101CD0002DE9F04F87B0DDE9127ADDE9106B05469A
:101CE000884614469946BFB11021CDF800A03B4666
:101CF0005A460020CDF814A0FFF71EF8B0F5006F8B
:101D000001460BD3194A1A4840F2FF73022107B06B
:101D1000BDE8F04F11F0DABB3946384604F007034E
:101D200005F00704E40044EA831444EA402444EA4A
:101D3000065406F11700084420F0070080080391BC
:101D4000FFF7FAFD054640B13FB10399CDF800A079
:101D50003B465A461030FEF7EFFF4B4622464146BF
:101D6000284607B0BDE8F04F11F057BBB2AB0200F8
:101D700020860200406820B1034BC01A40F3CF0018
:101D800070474FF0FF307047508502000EB403B526
:101D900003AB014653F8042B0448019301F070F99A
:101DA00002B05DF804EB03B0704700BF2F350200AE
:101DB000CA0605D48B064CBF02490349FFF7E6BFAC
:101DC000704700BFEBAB0200EAAB02002DE9F04F19
:101DD00089B09846159B0693DDE916A39DF85090AF
:101DE000189F059204460D460493B9F1000F00F0C8
:101DF000B08007F48073079311F0EDFA07F0020B3F
:101E00000246002874D078492046FFF7BFFF0646F7
:101E1000BBF1000F08D017F0440F6BD173492A466D
:101E20002046FFF7B3FF064407F0010353B1704BA0
:101E3000704953F82920704B2046002A08BF1A46E3
:101E4000FFF7A4FF07F48073002B07F0080318BF07
:101E50004FF00008002B79D0684B694953F82920CE
:101E60002046FFF793FF0546059B2BB165491A46AF
:101E70002046FFF78BFF0544B8F1000F05D06249FB
:101E800042462046FFF782FF054460483544069BE2
:101E90001BB15F49224610F0C9FE049B002B00F0E5
:101EA0008E80DDF810803946B8F1100F204628BF2B
:101EB0004FF01008FFF77CFF0026B54250DC0026EB
:101EC00033461AF8032053492046FFF75FFF0136D7
:101ED000102E4BD0710703D14F492046FFF756FF14
:101EE00046453346EDD34D492046FFF74FFFEEE719
:101EF00006468DE74A4B1868002894D0494B4FF4AA
:101F00007A7B1B68B5FBF3F54FF46163B5FBF0F129
:101F100000FB11550BFB05F54FF03C0CB1FBF3F248
:101F200003FB1211B5FBF0FEB1FBFCF300FB1E55E9
:101F30000CFB13110BFB05F50091B5FBF0F53A49CD
:101F4000CDE901E52046FFF721FF6CE707F0080522
:101F50008AE7B8F1010F0CBF2C4834484D4696E78C
:101F60002D492046FFF712FF0136A6E730492046EB
:101F70000026FFF70BFF33461AF803202D49A2F184
:101F800020035F2B28BF2E222046FFF7FFFE0136DD
:101F9000102E0DD0720703D11F492046FFF7F6FE21
:101FA000B0453346E8D81C492046FFF7EFFEEEE780
:101FB000049BB3EB0803C24404937FF472AFB9F1FE
:101FC000000F0AD0FB0704D50B4A0A492046FFF749
:101FD000DDFE39462046FFF7EBFE204609B0BDE89E
:101FE000F04F11F097BA00BFF2AB0200F6AB02005F
:101FF0000C8B020045B60200EDAB0200208B020004
:102000001BAC020021AC020025AC02002F350200FF
:10201000813001002AAC020032AC020030AC020078
:10202000805B00207C5B0020FFAB02006535020076
:1020300034AC020036AC020073B542F20F738B422F
:1020400028BF0B4605680F4A0446052168460FF075
:1020500045FE63680C495B6806460B22284611F072
:102060004BFA63683246694628465B6811F044FAC9
:10207000636806495B681B22284611F03DFA02B0EE
:1020800070BD00BFCED0020080D2020064D2020038
:10209000074A00210123904206D8064A01B90123CC
:1020A0001360054B1860704740085B000121F2E7A0
:1020B00040420F007C5B0020805B0020014B01222E
:1020C0001A707047DA630020014B002019607047D6
:1020D000985B00200148FFF7AFBF00BF508B0200A4
:1020E00010B5064B18680C46FFF780FB21460346E7
:1020F000BDE8104002480F22184700BF985B00203F
:10210000508B0200F8B5094D094B0A4ED5E900473E
:1021100001221A700CB92C60F8BD214630463A46AF
:1021200000F01EF8241A0644F4E700BF8C5B002080
:10213000DB630020DC63002010B9074B1870704788
:10214000064B1B781BB141F2883014F0D4BBA4209D
:10215000002114F022BF00BFDA630020DB630020FF
:102160002DE9F047DFF88090204E80460F46042589
:1021700099F80040ACB914F0B1FB3A4682464146AA
:1021800020460CF041FA0446504614F0AFFBECB187
:102190000123337099F800307BB93C462046BDE8F6
:1021A000F0873A46414600200CF02EFA0446EEE74E
:1021B0002846FFF7C1FF6C1E254600200CF0B4FA3C
:1021C0000028EAD03378002BF2D1E6E7337833B138
:1021D000013D2846FFF7B0FF3378002BC8D1337894
:1021E000002BDAD0DAE700BFDB630020DA630020DF
:1021F000014B036000207047608B020010B5DFF8D0
:1022000024C086B04FF42814CDE904C408240294F5
:1022100004AC0194BDF82040009412F04DFE06B0CD
:1022200010BD00BF18002800024B01221A700020C8
:10223000704700BFEE6300201FB501240294044CD8
:102240000194BDF81840009412F036FE04B010BDA1
:10225000EE630020B0B5144A144B012900AF6C4660
:1022600088B006BF1346012500256A461049CDE90E
:1022700005134FF40073ADF81C300E4B42F8103FBD
:1022800000230D484FF4E651FFF7A2FC0B4BA54687
:102290001C683CB154F8083C083C0BB128469847F0
:1022A000A468F6E7BD46B0BDFA9D02008F9C02000F
:1022B00065AC020003000001008602009C5B002068
:1022C00070B516461D46104A1048032111F0FEF85D
:1022D0000F4B1C687CB1083C6FF0850063682BB124
:1022E0003078984710B110F1860F09D1A4680CB16D
:1022F000083CF3E710B16FF07F0070BD2846FCE7A3
:102300006FF00D00F9E700BF7AAC02000086020012
:102310009C5B002010B50D4C86B00623607018221F
:1023200000216846237015F036FE094B6946CDE959
:10233000013400200223ADF80C3006F065FF10F1E7
:10234000800F08BF002006B010BD00BFEC63002066
:10235000008C020010B5084C86B024788DF8174028
:10236000012402940DF117040194BDF8204000945B
:1023700012F0A2FD06B010BD1027002080B50D4A56
:102380000D4B00AF88B0012908BF13466A460B49C0
:10239000CDE905134FF40073ADF81C30084B42F83B
:1023A000103F084800234FF4E651FFF711FCBD46EB
:1023B00080BD00BFFA9D02008F9C020098AC020015
:1023C000030000015885020000B589B064288DF82B
:1023D0000700C2B219D80E4B00211A7002A81822A9
:1023E00015F0D9FD0B4B03930DF10703049302A9DC
:1023F00001230020ADF8143006F006FF10F1800F25
:1024000008BF002009B05DF804FB6FF01500F9E784
:1024100010270020A08C020008B5044810F058FCDA
:10242000034810F055FC002008BD00BFB1AC02000D
:10243000E6AC020008B50348034A0021121A11F065
:102440000BF908BD20290020746800200748084ABD
:10245000084908B5121A11F001F90748074A084956
:10246000BDE80840121A11F0F9B800BFC0200020E2
:102470001C29002034D40200B8200020C0200020F5
:102480002CD402002DE9F047064600AF0C46002987
:1024900036D0E9468AB0D1E90012A3686D462148DA
:1024A000E8464FF0050ACDE90501CDE9072348F8D4
:1024B00010AF1D48424600234FF42151FFF788FB1F
:1024C000CD46D4E903126369AD461848C5F810A09B
:1024D000C5E90501C5E907231348002342464FF427
:1024E0002151FFF775FBCD46E369114A0E480121E2
:1024F00010F0ECFFA3690F4A0B48012110F0E6FF32
:10250000012E07D1EFF305830B4A0748103B3146F4
:1025100010F0DCFF214630460CF026F9BD46BDE840
:10252000F08700BF13AD02006886020042AD0200D2
:1025300071AD020080AD0200AEAD020030BFFFF70A
:10254000FDBF00BF2DE9F0410B4EDFF8308006EBF8
:102550000807CC1B054632460949204615F00DFDFB
:10256000A01942460021083C15F015FD2C6707F123
:102570000800BDE8F08100BF00000000040000007A
:10258000B886020010B5204C2049214811F073F89C
:10259000A36A990136D51E481E4911F06CF81E2019
:1025A000A36ADA0104D51A481B4911F064F81F2008
:1025B000154CA36A1B0304D51548184911F05BF8A4
:1025C0002120A36A590304D51148154911F053F885
:1025D00022200D4CA36A9A0304D50D48114911F02D
:1025E0004AF82320A36ADB0304D509480E4911F0F9
:1025F00042F82420044A936A6FEA03436FEA1343C4
:10260000936210BD1D20CBE700ED00E0C1AD0200DC
:1026100068860200D9AD0200ECAD020006AE0200F1
:1026200024AE020049AE020063AE020070B5064659
:102630000D46284C2849294811F01DF8A36AD904F1
:102640003CD52648264911F016F81720A36A1A052A
:1026500004D52248234911F00EF818201D4CA36A16
:102660009B0512D51D48204911F005F8A36BA26AFD
:10267000100409D51D4A1948012110F027FF1EB189
:10268000A36A23F40043A3621920124CA36A5905DC
:1026900004D51248164910F0EEFF1A20A36ADA0595
:1026A0000ED50E48134910F0E6FF1B20094A936A25
:1026B00043F47F43936200232B7070BD1620C5E75F
:1026C000A36A9B04F2D505480B4910F0D4FF1C20E7
:1026D000ECE700BF00ED00E08EAE0200688602006D
:1026E000A4AE0200B5AE0200C8AE0200E1AE020028
:1026F000F6AE020011AF020029AF02002DE9F84347
:10270000804689461746354D3549364810F0B3FFA7
:10271000AB6ADE0627D53449324810F0ACFF1124ED
:10272000AB6A1D0704D531492E4810F0A4FF1224CE
:102730002A4DAB6A980718D52D492A4810F09BFFFF
:102740006E6BAB6A190646D52A4A264833460121E4
:1027500010F0BCFEB9F1000F03D0AB6A23F0800388
:10276000AB62132403E01024DAE76FF015061B4D6B
:10277000AB6ADA0704D520491A4810F07CFF14240C
:10278000AB6A9B0604D51D49164810F074FF15244A
:10279000124B9A6AD50602D49A6A90070AD55B68EA
:1027A000190507D54146304600F036FA10B180F3DE
:1027B00009880224094B9A6A920642BF5A6A22F497
:1027C00000525A629A6A42F0FF029A6200233B70FA
:1027D0002046BDE8F8836FF01506C2E700ED00E083
:1027E00058AF0200688602006EAF0200B5AE02006C
:1027F000A1AF0200B9AF0200CFAF020029AF0200C3
:102800002DE9F041684B8AB0D3F8048000AF04464C
:10281000C8F30806002585F31188BFF36F8F02F017
:102820007F43B3F17F4F07D102F00C03082B12D185
:102830005E495F4810F01FFF00252C460023FB7106
:10284000F31E092B00F28F80DFE803F00A858881F0
:102850008D8D8D8D8D8B10074CBF0C460125EDE7BE
:1028600054495348504E10F006FF0023FB71F36AA1
:102870009A0705D550494E4810F0FDFE00232DE083
:10288000F36A002B01DA4D49F5E7F36A5B00F5D5F1
:102890004B49474810F0EFFE7369A26943F4807317
:1028A0007361BFF34F8FBFF36F8F32F8023C7269D1
:1028B00022F480727261BFF34F8FBFF36F8F03F406
:1028C0007F42B2F55F4F2BD1DBB2022B28D12368B8
:1028D0003C4A3748012110F0F9FD2368FA79DAB94A
:1028E00007F1080604F1200C20686168324603C233
:1028F000083464451646F7D17A6A002D50D0C2F3E9
:10290000080121B96FEA52226FEA42227A6207F186
:1029100008011846FFF7B6FD2837BD46BDE8F0812F
:10292000214B9A6AD2B22AB1FA1D01212046FFF743
:10293000E5FE0EE09A6A12F47F4F04D0F91D0120E3
:10294000FFF774FE05E09B6AB3F5803F96D3FFF76F
:1029500019FE0346C2E7FA1D0021E7E7F91D002032
:10296000EEE7194987E7194A194B18F4F87FE8464A
:102970008AB008BF13466A461649CDE905134FF4DD
:102980000073ADF82030103E134B079642F8103F0D
:10299000074800234FF41151FFF71AF9C5466DE7B8
:1029A0006FF30802B2E700BF00ED00E01CB00200C8
:1029B0006886020047B002005EB002007FB00200ED
:1029C0008DB00200ACB00200C8B00200EEAF020051
:1029D00003B00200ECB0020004000001044B5A698D
:1029E00042F010025A615A6922F008025A61704797
:1029F00000ED00E0EFF30880EFF3098101B57246C6
:102A0000FFF7FEFE01BD00BF002080F31488BFF376
:102A10006F8F0F4880F308880AF03EFC00200D49B4
:102A20000860BFF34F8F00F02BF8402080F311882F
:102A300009484FF40461401880F30988EFF31480CB
:102A40000221084380F31488BFF36F8F00F0B4F8BD
:102A5000C093002094ED00E0008200200749D1F8E7
:102A600090200023C2F307221846934200DB7047F0
:102A7000C1F89830C1F8A0000133F6E700ED00E09E
:102A800008B572B6002383F31388FFF7E7FF144BF2
:102A90004FF0FF32C3F88020C3F88420C3F88820A9
:102AA000C3F88C20C3F89020C3F89420C3F8982072
:102AB000C3F89C20C3F88021C3F88421C3F888217F
:102AC000C3F88C21C3F89021C3F89421C3F898214E
:102AD000C3F89C2162B6BFF34F8FBFF36F8F08BD61
:102AE00000E100E01EF0040F0CBFEFF30880EFF3ED
:102AF0000980816911F8021C0229FFD001B57246D4
:102B000010F0AEFD01BD00BF40B2002807DB044A53
:102B10004109012300F01F00834042F82130704733
:102B200000E100E040B200280CDB4309064900F058
:102B30001F0020330122824041F82320BFF34F8F32
:102B4000BFF36F8F704700BF00E100E0054B420903
:102B500000F01F0053F82220012303FA00F0104078
:102B6000704700BF00E100E040B2D30754BF02311C
:102B700000210028ACBF00F16040074A4FEA411332
:102B8000ACBF00F5614000F00F00DBB2B4BF1354DE
:102B900080F80033704700BF14ED00E0044B054A95
:102BA00023F07F039360BFF34F8FBFF36F8F7047A6
:102BB0000000000000ED00E008B5FFF7EFFF074A56
:102BC000D2F8883023F47003C2F88830FFF732FC63
:102BD000FFF73CFC00F0B0F80BF0ECFE00ED00E07D
:102BE00042F8203C009B42F81C3C0A49019B42F8F9
:102BF000183C029B42F8143C21F001014FF0807315
:102C000042F8043C42F8081C0023203A026543675E
:102C1000704700BF75140100094A0346906870B1FF
:102C200013F1160F006E05D0A0F14002934205D3B8
:102C3000834203D2814228BF0020704700207047A2
:102C4000305F002008B515460B4A0C4B9060026FB0
:102C50001A600E4600F0A0F82C4686F30988002082
:102C6000034B98472046002100220023014C2047B7
:102C70008D36020075140100305F0020A45B002037
:102C8000014B10221A61704700ED00E0054B5A69B4
:102C90009B689A421FBF044A536843F080535360B5
:102CA000704700BF305F002000ED00E0084B9B68DC
:102CB00083420BD1EFF3058343B1064B5A6842F0D0
:102CC00080525A605A6A22F400425A620CF09CBD4B
:102CD000305F002000ED00E014498A684FF03000BA
:102CE0001044EFF3098C80E8F01F402080F3128835
:102CF000BFF36F8F0E4F4FF000664A698A603E60E7
:102D0000106F0C4C2060506F0023536780F31188C4
:102D100004B5104600F040F8BDE8044002F1300070
:102D200090E8F01F8CF3098870470000305F0020A6
:102D300004ED00E0A45B0020044800234021C218F9
:102D40000133302B82F80013F9D1704700E100E025
:102D500008B5EFF30583064A103B02EBC30152F8B6
:102D6000330049688847BDE80840FFF78FBF00BFC0
:102D7000B48202000148006870470000A45B002094
:102D8000024B034A0348012100F08AB800000220E8
:102D900000000020F08C0200036E054A403B1360E7
:102DA000044B4021C2E901131046012100F082B812
:102DB000A85B002000000B1508B503461048D0F8AA
:102DC0009020C2F30722013A934207D90D480E4AD8
:102DD000012110F07BFB6FF0150008BDC0F89830A2
:102DE0000A6822F01F021A4342F01002C0F89C2029
:102DF0008A6842F00102C0F8A0201846EDE700BF43
:102E000000ED00E04886020003B10200F0B50E4676
:102E100085B01F4604460025B5420DDA606810B340
:102E200097B1431E18420AD0104A11482B4601217F
:102E300010F04CFB6FF01502104605B0F0BD1F28D6
:102E4000F2D921680B42EFD12368019310F041FCC5
:102E5000A36801A90343D0B20393FFF7ADFF10F1BC
:102E6000160FE7D0421C01350C34D5E729B102001A
:102E700048860200044B0522C3F89420BFF34F8F0D
:102E8000BFF36F8F704700BF00ED00E0BFF35F8FAF
:102E9000024B0022C3F89420704700BF00ED00E011
:102EA00010B5034C01232278FFF7B0FF207010BD4E
:102EB000EF63002008B50B4A00231278FFF7A6FF46
:102EC00010F1160F07D0084A0021D2F89030C3F352
:102ED0000723984200DB08BDC2F89800C2F8A01092
:102EE0000130F2E7EF63002000ED00E02DE9F04350
:102EF0005D485E49D0F890300C68C3F307239C42CC
:102F000085B000F2AE80FFF7C1FF4968002294420D
:102F100001F10C011AD1564F564D3C706846FFF72F
:102F200067F9554C554E81464FF00008C14520D1F8
:102F30003B784D490020D1F89020C2F307229342FC
:102F4000C0F28980FFF796FF002050E0C0F898207B
:102F500051F80C3C23F01F03134343F01003C0F857
:102F60009C3051F8043C43F00103C0F8A03001321A
:102F7000CDE7009800EB08114FEA081CCB6823400E
:102F8000B3F5000F49D00BD8B3F5001F32D0B3F51D
:102F9000800F37D0B3F5801F14D008F10108C5E7C2
:102FA000B3F1007F42D0B3F1805F48D0B3F1807FAE
:102FB000F3D150F80C3088684A6810F08AFB40F072
:102FC000887009E050F80C3088684A6810F081FB7E
:102FD00040F0885040F43020039001A93878CDE9C2
:102FE0000123FFF7E9FE002831DA6FF0150005B084
:102FF000BDE8F08350F80C3088684A6810F069FB2F
:103000003043E9E750F80C3088684A6810F061FBFB
:1030100040F0C06040F40030DEE750F80C308868C3
:103020004A6810F056FB40F08270D5E750F80C303B
:1030300088684A6810F04DFB40F48020CCE750F8D7
:103040000C3088684A6810F044FB2843C4E73B789A
:1030500001333B70A1E7C1F89830C1F8A0000133FB
:1030600069E74FF0FF30C2E700ED00E0FC8C0200A2
:10307000EF630020000002110000F0FF00000811C3
:10308000F0B587B007460E46144600211022684668
:103090001D4614F080FF02238DF802302A46054BAE
:1030A000019321466846CDE904760EF041FE07B053
:1030B000F0BD00BFF336020008B502480EF0EEFD89
:1030C000FEE700BF5EB1020008B5024B1B689847DF
:1030D000002008BDB45B0020034B044A18609378BD
:1030E00043F0020393707047B45B00208C240020EF
:1030F00008B50649064821F00701C1F1005202F562
:1031000000320FF052FD002008BD00BFFDB80020C6
:10311000B85B002070B54169867A0B4D044659B101
:10312000437ADB0706D4242303FB0653DB691B68C1
:103130009B689847002363612420214600FB0650CA
:10314000BDE8704013F028BDFC270020024B24226C
:1031500002FB0030704700BFFC270020827A064B3C
:10316000242101FB02331A6A1B7D1B33801A23F0D2
:103170000303B0FBF3F07047FC27002038B5074B82
:10318000827A242404FB0233DB69D3E901240C6036
:103190001568FFF7E3FF04FB005038BDFC27002053
:1031A0002DE9F04385B005466846039190461C46DC
:1031B00013F0A0FFDDE90067EFF31189402383F3EB
:1031C0001288BFF36F8F6B8A002B41D02A8A9A42F4
:1031D00025D90022002328460BF06AFD0446F0B1F1
:1031E00089F31188BFF36F8F039B002B41D03246C8
:1031F0003B46684613F0A3FFA27A264B242101FB2D
:1032000002332046DB691B6803A91D68DDE9002342
:10321000A847606170BB2046FFF77CFF24E0698A05
:103220004B1E6B8289F31188BFF36F8F2B7D2A8A27
:103230002C6A1B3323F00303521A02FB0344154B81
:10324000154AEB1A9B105343A3722B7DE372CBE715
:1032500089F31188BFF36F8F2346424628460BF04F
:1032600027FD04460028BFD10024204605B0BDE854
:10327000F0836361012300252381039B6382E27A4B
:103280006560294604F1180014F085FE6369258203
:10329000E360EAE7FC270020398EE33870B50D4C77
:1032A000242500B970BD037A4668002BFAD0013B93
:1032B000DBB20372002BF5D1C3604360837A05FB58
:1032C00003439B6913B198473046EAE7FFF722FFB3
:1032D000FAE700BFFC270020044A0123C2F840356A
:1032E0004FF080420020C2F87835704700E001407E
:1032F00048B1054B054A1B68B3FBF2F35843044B36
:1033000043F00103184770478C26002040420F000D
:1033100050890200BFF34F8F0549064BCA6802F47B
:10332000E0621343CB60BFF34F8F00BFFDE700BFE8
:1033300000ED00E00400FA0570B50B7892B0064687
:103340000C4607AD032B31D8DFE803F0022A2C2E00
:1033500019492846FAF705FB059563780493A37885
:103360000393E37802932379019363790093A3791C
:10337000124A1E210AA80EF0B1FC10AD0AAB32466B
:103380001C4603CCAC4210605160234602F1080297
:10339000F6D120681060A3889380304612B070BDCB
:1033A0000749D6E70749D4E70749D2E7074A0A2180
:1033B00028460EF093FCCFE743A3020065A302006A
:1033C0004AA3020051A302005BA3020006A502006B
:1033D0000E4B402970B528BF40210D4C46181D46A4
:1033E000B04203F1020304D1002305F8113007486D
:1033F00070BD02781209A25C03F8022C10F8012BB0
:1034000002F00F02A25C03F8012CE9E7F063002050
:10341000A6D2020010B586B0094B0A4803930024D7
:10342000CDE9044413F095FC03AB0093064905482D
:103430000A234FF4E8620BF03FFE204606B010BDB1
:1034400085B10200F0450020C06B00200146014814
:103450000BF072BEF04500200146014813F04EBC4F
:10346000F045002030B50378012B11D0022B21D07C
:103470006BB9154B0A4603F1100453F8045B42F88C
:10348000045BA342F9D143881A0A8A70CB7030BD1D
:103490000D4B0A4603F1100453F8045B42F8045B39
:1034A000A342F9D143681A0C180E4A700870C3F38E
:1034B0000722EAE700F11003013913F8012901F8A6
:1034C000012F9842F9D1E2E7B7D2020010B510F00F
:1034D00063FA13F09BFC044608B90CF0CBF8BFF379
:1034E0005B8F064B1B68BFF35B8F0BB10A209847BD
:1034F0001CB9BDE810400CF0D1B810BDC45B002071
:1035000038B50446084810F005F9054648B1631E71
:10351000DBB21F2B96BF054A0021D15C0C3010F0A6
:1035200068F9284638BD00BFB0280020C7D2020085
:10353000054BBFF35B8F53E8002F43E800010029E0
:10354000F9D1BFF35B8F7047C45B00200F2810B523
:103550000CD80D280CD90A4810F0DCF8044618B134
:1035600004210C3010F045F9204610BD1328F2D08C
:1035700009B10448F0E7BDE810400220FFF7C0BFE2
:10358000F828002044280020C3681B78024A03481A
:10359000022110F089BA00BF9DB10200A885020087
:1035A00038B5C5682B7893B9B5F801400F2120468E
:1035B00002F088FEEB78054650B90A4A118831B905
:1035C0006FEA04506FEA10501080074A137038BD3C
:1035D0000373012102F094FD2846BDE8384002F053
:1035E0003FBD00BFA06300207164002070B5C368B8
:1035F0001D78BDB9B3F801600F21304602F062FEBC
:10360000044638B9084A094833460121BDE87040EC
:1036100010F04ABA294602F073FD2046BDE870401A
:1036200002F01EBD70BD00BFC5B10200A88502003A
:1036300010B5C368B3F801400121204602F042FEF4
:1036400038B9064A064823460121BDE8104010F06B
:103650002BBABDE8104002F003BD00BFEBB1020081
:10366000A885020010B5C3681C880121204602F01D
:1036700029FE38B9054A064823460121BDE8104015
:1036800010F012BABDE8104002F0EABCEBB1020043
:10369000A885020010B501210C3010F0CBF803789A
:1036A000034A0448BDE81040012110F0FDB900BFF5
:1036B0000FB20200A8850200014610B5084810F0BC
:1036C0002DF80849084813F019FB031E06DA074ACB
:1036D0000748BDE81040012110F0E6B910BD00BF59
:1036E00074220020302500203047002031B2020033
:1036F000A885020010B586B003AB002400930749EB
:10370000074805944FF0FF334FF48062CDE903443E
:103710000BF0D2FC204606B010BD00BF4073002065
:103720009046002010B5084C0146062294F86F0020
:1037300003F036F938B994F86F000449BDE8104039
:10374000052203F02DB910BD402100208CD20200CB
:10375000024A0348012110F0A5B900BF4EB2020091
:10376000A8850200B0B50B460D8A00AF0446294675
:10377000D868FFF72DFE8AB06A46094BCDE90534BB
:1037800040F20243ADF82430064BCDE907504FF428
:10379000325142F8103F044810F097F9BD46B0BDD1
:1037A00068B2020005000001A885020070B5C56876
:1037B000B5F801600121304602F084FD044638B9B5
:1037C0000D4A0E4833460121BDE8704010F06CB937
:1037D0002B783BB9D5F80330C0F89930D5F80730CD
:1037E000C0F89D30201D4FF4803110F05FF9204665
:1037F000BDE8704002F034BCEBB10200A8850200C5
:103800002DE9F84FD0F80C90018A99F80040A300F8
:1038100001338B4200AF63D96D468AB06A463248A5
:10382000CDE907310523CDE905044FF4215142F8D4
:10383000103F2E4810F049F9AD46BD46BDE8F88F5F
:103840002B4A2A482B46012110F02EF9013699F80F
:1038500000309E42F1DA09EB86030F21B3F80150E4
:10386000B3F80380284602F02DFD04460028E7D077
:1038700000F1C00AB8F1000F06D0656945B91D4ACC
:103880001A48012110F00EF9204602F0E9FBDDE7AD
:10389000A2692B686361954208BFA361204602F0CC
:1038A00001FB0BF037FAC5F800B0236AABB9C4E9E5
:1038B0000755BFF35B8F5AE8003F013B4AE80032EF
:1038C000002AF8D1BFF35B8F0021204608F1FF38B2
:1038D00002F0F4FA1FFA88F8CCE71D602562E8E7E9
:1038E0000026B346B3E700BF8AB20200A8850200F3
:1038F000B5B20200D1B2020037B502EBC3030446F1
:1039000008469A4202D16FF05E0010E0114611F8AD
:10391000085BA54211D1038A5178994209D9084818
:10392000084A009401210FF0DBFD6FF0150003B091
:1039300030BD536898470020F9E70A46E1E700BF29
:10394000A8850200E8B202002DE9F0470C460BF012
:1039500091FEE5682B78022B75D0042B0AD03E4AE5
:103960003E48012110F0A0F82046FFF797FC6FF0C9
:1039700015040EE0B4F81080B8F1020F0ED8384AE2
:1039800043463648012110F08FF82046FFF786FCA9
:1039900000240BF083FE2046BDE8F08768783E28BF
:1039A0000CD1B8F1030F02D12E4A4346E9E7EB7878
:1039B000012B01D00A2B46D1032704E010F060F858
:1039C0000746F8073FD504F10C0601213046D4F82C
:1039D00014A00FF027FF022130460FF02BFF814685
:1039E00000783E2807D1E3681B78012B01D00A2B11
:1039F00006D1032614E010F043F8C10706460FD4A1
:103A0000194A1A491A4841F268130FF06EF9002357
:103A100083F31188BFF36F8F0323184602DF02265A
:103A2000144A99F800000623214610F089F8B207DD
:103A30000DD56369A4F81080A5EB0A0513FA85F586
:103A4000E560BB07A4D52046FFF736FEA0E7204679
:103A5000FFF724FCF5E700BFB0B30200A885020021
:103A60000AB3020026B3020046B302007AB3020092
:103A700093B30200A48D020010B5012104460C305E
:103A80000FF0D8FE2146034A0078BDE8104002231B
:103A900010F056B8D48D020073B53E480FF053FEB7
:103AA0000446002873D000F10C0528460FF0CAFE2A
:103AB0000228034603D0042847D0374A03E0238A6C
:103AC000032B05D8354A364801210FF0EDFF13E0EE
:103AD000042128460FF0AEFEFF2342880688237695
:103AE000238AC6F30B009A42608309D02C480092C7
:103AF00001212C4A0FF0F4FC2046FFF7CFFB12E027
:103B00000F2102F0DFFB054610B9638B264ADAE786
:103B100002F0FEFB320B20762146284602F024FA02
:103B2000284602F09DFA214BD3F834317BB320496B
:103B3000204813F0E3F8031E29DA1F4A1848012130
:103B400002B0BDE870400FF0AFBF284602210FF071
:103B500071FE054600783E2812D00FF091FF10F05C
:103B600002060DD1154A1649164840F69A430FF041
:103B7000BCF886F31188BFF36F8F0323184602DF6A
:103B8000114A2878062321460FF0DAFFB4E702B085
:103B900070BD00BF7422002059B40200C4B30200FB
:103BA000A8850200E5B3020009B40200402100200C
:103BB000302500203047002031B2020046B3020019
:103BC0002BB4020093B30200E48D020010B5012172
:103BD00004460C300FF02EFE2146034A0078BDE863
:103BE000104008230FF0ACBF148E0200F8B501217D
:103BF00000AF04460C300FF01DFE0678114A00237A
:103C000021463046FFF778FE5F3019D1258AE068FB
:103C10002946FFF7DDFB6C468AB06A460A4BCDE9C0
:103C2000053640F20243ADF82430084BCDE9075089
:103C30004FF4325142F8103F05480FF046FFA546B9
:103C4000BD46F8BD548E02006DB4020005000001AF
:103C5000A88502002DE9F74FDFF818A1BFF35B8FAD
:103C600080468946174600235AE8004F4AE800324A
:103C7000002AF9D1BFF35B8F264644B93E4A3F483C
:103C80004346012103B0BDE8F04F0FF00DBF2046C1
:103C9000FFF764FA3A4D4FF00C0B0BFB00504388D2
:103CA00043451FD02046FFF759FA0BFB00504388CD
:103CB000344A00933148434601210FF011FCBFF311
:103CC0005B8F5AE8003F4AE80062002AF9D1BFF34F
:103CD0005B8F002B4BD01E46304603B0BDE8F04F43
:103CE000FFF7DCBAA74208D020460FF00EFD3A8A53
:103CF000F96804F10C000FF073FD2046FFF72EFA6F
:103D00000C2707FB00504368ABB1B9F1000F12D18B
:103D10002046FFF723FA07FB005001214268536851
:103D200003F01F00814010685B0900EB8300137AE9
:103D3000CBB10FF0BBFE2046FFF710FA0C2707FBB4
:103D400000508368002BC7D02046FFF707FA78435E
:103D500005F800902046FFF701FA07FB0055A86818
:103D60000AF0D8FFB8E7C9430FF0B2FEE3E703B0AB
:103D7000BDE8F08F702200209FB40200A8850200E9
:103D8000C85B0020C7B4020073B5C568B5F8016010
:103D90000121304602F096FA044640B93E4A3F48B7
:103DA0003346012102B0BDE870400FF07DBE2B7894
:103DB0001A2B00F1040619D1C378012B50D14FF40E
:103DC000804130460FF072FE42040FD4D4F88C309C
:103DD00000936946D4F894300193204603F020F90B
:103DE000204602B0BDE8704002F03AB92B78BBBB68
:103DF000B5F803302A4940F2E2425343C4F8883010
:103E0000B5F80520A4F89020B5F80720A4F8922072
:103E1000A3F5EA520C3A8A4204D9224A1F480221E9
:103E20000FF042FEB4F89030B3F5FA7F04D31E4A87
:103E30001A4802210FF038FEB4F89230A3F10A02BA
:103E400092B240F676418A4204D9184A13480221B8
:103E50000FF02AFE6FF4805130460FF039FE17E064
:103E6000BFF35B8F6368BFF35B8FDB04F2D52B7806
:103E7000202BEFD194F89830002BEBD0013B84F845
:103E800098304FF42032002304F140000BF07EF90B
:103E9000204602F01FFCA3E7EBB10200A885020058
:103EA00095F03C00FAB4020021B5020048B50200CA
:103EB000B0B53C2800AF04461AD101F0BDFA6FF44A
:103EC000807110300FF004FE0020FFF72BFC054638
:103ED00030B9124A124801210FF0E4FDBD46B0BDD1
:103EE0000473002102F00CF9284602F0B9F8F5E756
:103EF0006D468AB06A460B4BCDE905300A4B0793F5
:103F000040F20133ADF82030084B42F8103F04482E
:103F10004FF412510FF0D9FDAD46DFE774B5020042
:103F2000A885020095B50200ECAB02000400000178
:103F3000094BBFF35B8F1A68BFF35B8F02F00B0274
:103F4000BFF35B8F53E8001F43E800200028F9D13E
:103F5000BFF35B8F704700BF1422002010B5C1E98A
:103F600000239DF808300B720C46FFF7F7F8034B5F
:103F70000C2202FB00335C6010BD00BFC85B002058
:103F8000F8B502460B4610480FF0C4FB0446C0B11A
:103F900004210C300FF013FC2046FFF7DFF80B4D27
:103FA0000C2707FB0050002646802046FFF7D6F876
:103FB00007FB005086602046FFF7D0F807FB00554E
:103FC0006E602046F8BD00BF8C280020C85B002032
:103FD00029289ABF014B185C09207047E7D20200DC
:103FE00070B5C368B3F801601D780F21304602F048
:103FF00069F9044638B91A4A1A4833460121BDE81E
:1040000070400FF051BD65B12846FFF7E1FF29462A
:104010000246204602F01CFC2046BDE8704002F03B
:104020001FB88378012B07D106F04AFC20460FF019
:104030000FFD002808BF05252846FFF7C9FF2946C0
:104040000246204602F004FC002DE5D0064A054851
:1040500001210FF027FD052120460FF0EDFFDBE7E2
:10406000C5B10200A8850200B1B502002DE9F041FA
:10407000C668B6F8017035780F21384602F022F98B
:10408000044638B9204A21483B460121BDE8F041A9
:104090000FF00ABD65B12846FFF79AFF2946024690
:1040A000204602F0D5FB2046BDE8F04101F0D8BF24
:1040B000F278C37A934205D1154A144802210FF0D1
:1040C000F3FCF0E78378C272012B08D10AB106F045
:1040D000F7FB20460FF0BCFC002808BF052528464A
:1040E000FFF776FF29460246204602F0B1FB002D7D
:1040F000D9D0084A054801210FF0D4FC05212046FB
:104100000FF09AFFCFE700BFC5B10200A8850200FB
:10411000D7B50200B1B5020010B592B00446074908
:104120004822684613F029FF112C9BBF12AB03EB0A
:104130008404034854F8480C12B010BDE486020011
:1041400006B60200034B0146D3F84C018268926820
:10415000104700BF402100202DE9F04F91B004210D
:1041600000AF4A480FF0A2FC6D4688B06A46484B43
:104170000593484B06934FF40073ADF81C30464C42
:10418000464B42F8103F4648464E4FF4E6510FF07A
:104190009CFC454BE17907F12008AD46012998BF09
:1041A0001E4640462146FFF7C7F88AB06A463F4B95
:1041B000CDF81C80CDE905363D4B08933D4B42F8C8
:1041C000103F37483C4EDFF8F4804FF423510FF096
:1041D0007CFCA246AD460125E3799D420AF1070A1F
:1041E0003BDB94F870502846FFF796FF6E468CB084
:1041F000B4F87210B4F876306A46DFF8C4C0099398
:10420000CDE907512F4B4FF40075CDE905C0ADF84E
:1042100028504FF4535142F8103F21480FF055FCFD
:10422000B54694F871603046FFF776FF8AB0B4F86F
:1042300074306A462449ADF82450CDE90763234B16
:10424000CDE9051042F8103F15484FF433510FF0F7
:104250003CFC4437BD46BDE8F08F51463846FFF779
:104260006BF8E9468AB06A4640F20133CDE905654C
:104270000797ADF820300A4842F8108F4FF41351D9
:104280000FF023FC0135CD46A6E700BF1422002025
:1042900012B6020024B602004021002003000001F3
:1042A000A88502000EB60200ECAB020028B60200A0
:1042B000000201030400000237B6020004000001FE
:1042C00048B602000600000186B6020005000001A3
:1042D00000487047ACA402000149024812F00EBD2C
:1042E000202500209046002070B505460C4639B1C7
:1042F000CB684A699B1A032B0ED86FF0150509E0AD
:104300004FF0FF304FF0FF31FFF73AFE044618B987
:104310006FF06805284670BD2046FEF71FFF174B5B
:104320000C2202FB0033A618032130465D800FF0FB
:1043300068FA0580238A033B8370012130460FF021
:1043400068FA40F635439D420FD12046FFF7FAFE4A
:1043500005460028DED00A4A0346012109480FF02D
:10436000A3FB2046FEF79AFFD4E70748214612F048
:1043700008FC0025FFF7B0FFCCE700BFC85B0020BA
:10438000ADB60200A88502007C2200202DE9F0478E
:1043900084B0804600AF91460C4671B94FF0FF30B3
:1043A0004FF0FF31FFF7ECFD044660B96FF0680590
:1043B00028461037BD46BDE8F087887AFEF7C6FE6E
:1043C0003C4B83426FD101220021384612F0F2FBB0
:1043D0002046FEF7C3FEDFF8E0A00C2303FB00A09D
:1043E000876020460FF0C5F901464046FFF77CFF85
:1043F000054618B12046FEF751FFD9E74FF4A02239
:10440000002338460AF0BAFC064690B14FF4F17327
:104410002A4A2B492B480EF068FC2B48324641466D
:104420000EF063FC85F31188BFF36F8F03231846EA
:1044300002DF2046FEF792FE0C2358431AF8006074
:104440005EB36D468AB06A46204B0796CDE90538C3
:104450001F4B089340F20243ADF824301D4B42F845
:10446000103F1D484FF432510FF02FFB2046AD4650
:10447000093EFEF713FF092E0CD8DFE806F0050B06
:104480000B08170B0B0B0B146FF06E0590E76FF01A
:104490000C058DE76FF004058AE7B9F1000FA9D08C
:1044A000C9F8004084E76FF0150581E76FF00B0550
:1044B0007EE700BF8C280020C85B002046B30200C6
:1044C000CFB6020093B30200D8B602001DB70200B7
:1044D000ECAB020005000001A885020073B506469A
:1044E0000D4601AA002142F22F00FFF74FFF0446BC
:1044F00038B1154A154801210FF0D4FA204602B010
:1045000070BD0198C368B3F801203280B3F803305E
:104510002B80FEF7C3FE3388A3F11B02E02A04D9E7
:104520000B4A0A4802210FF0BFFA2B88A3F5A472A8
:1045300092B244F248118A42E0D9064A0348022165
:104540000FF0B2FADAE700BF3CB70200A88502001C
:104550005CB7020081B702002DE9F04F8DB0604BCF
:10456000B0F80190198849F4704291424FF000066A
:1045700008BF1E80054608BF5A4B00AF08BF1E7813
:1045800000F0A8FCEB78012B08BF574B05F1040A9B
:1045900050460CBF93F86F4000240FF0F9F907F173
:1045A0000808514680B340460FF0E7F9D5F81130BE
:1045B000C7F80130B5F81530A7F805304FF0010BFA
:1045C000EB78012B37D007F1100451462046FEF757
:1045D000B3FE6D4688B06A46444B4548CDE9053484
:1045E0004FF40073ADF81C30424B42F8103F4FF4CB
:1045F000E2510FF06AFA1321AD4648460FF0DCFA9B
:104600003437BD46BDE8F08F20460FF027FC034647
:104610000068B8609A889B796868A8F8042088F8D0
:104620000630BAF804209AF8063095F804B03860DD
:10463000BA80BB71C4E74046FFF774F8044600280F
:10464000C1D00346B5F8012023F8702BB86898F85C
:104650000620B8F8041020679A719980B5F81730D1
:1046600040F2E2425343C4F88830B5F81930A4F858
:104670009030B5F81B30A4F89230EB78E37000224C
:10468000012B22731AD187F800B0BA88BB79386839
:10469000A4F87B2084F87D30C4F8770000F0CCFECD
:1046A000237A1149C3EBC3035A18CB58C4F87E30A0
:1046B0009388A4F88230937984F8843007212046C7
:1046C00001F01EFD26B126730121204601F018FDE0
:1046D000204601F059FE204601F0C2FC90E700BFE1
:1046E000A06300207164002040210020A4B70200D4
:1046F000A88502000300000100B5C368187889B0DE
:1047000020B109B05DF804EBFFF7D2BBB3F801208C
:10471000ADF80120DA788DF800008DF80320B3F8A9
:104720000B20ADF81720B3F80D20ADF81920B3F821
:104730000F20ADF81B205A7C8DF81D205868019081
:104740001A899B7A8DF80A30094BADF80820684623
:104750001A689B88CDF80B20ADF80F30CDF81120EA
:10476000ADF81530FFF7F8FE09B05DF804FB00BFA7
:10477000A0D2020010B5F9F763FA034B1B6813B11E
:10478000BDE81040184710BDEC5B002073B52A4D02
:104790000646D5F84C0112F0CAF848B9274A28480D
:1047A00001210FF07FF96FF01204204602B070BDB6
:1047B0006FF0020105F1D4000FF08AF901210FF02A
:1047C00075F910EA010434D11E4B1E600A4605F546
:1047D000907012F0EFF905F59E7012F0CAF91A48C0
:1047E00012F0B7FA1949184800946FF007034FF414
:1047F000C0620AF061FC1649134812F00DFBD5F8AF
:104800004C01144983681B689847044630B1124A2A
:10481000034601210A480FF047F9C6E726B902B05E
:10482000BDE87040F9F70CBA05F1C4000AF03EFC8F
:10483000BBE76FF07704B8E74021002021B9020000
:10484000A8850200EC5B0020304700208077002024
:1048500039B902004939010042B90200F0B5C56812
:104860002F88BCB287B00121204601F02BFD0646FF
:1048700040B9284A28482346012107B0BDE8F04046
:104880000FF012B902ACD5F80220D5F80630019429
:104890006989009110F0BAFD48B34FF0FF304FF036
:1048A000FF31FFF76DFB054648B91C4A1A48012144
:1048B0000FF0F8F8304601F0D3FB07B0F0BD12213D
:1048C0000C300EF087FF0346224623F8027B144685
:1048D00003CC596006A98C421860224603F10803F4
:1048E000F5D1294642F21A00FFF7FEFCE2E74FF04D
:1048F000FF304FF0FF31FFF743FB04460028D4D0D0
:1049000002210C300EF066FF2146078042F21B00A8
:10491000EAE700BFEBB10200A88502005EB9020021
:1049200073B5C368D9789A781E8842EA0122ADF837
:10493000002059791A7942EA0122ADF80220D9798A
:104940009A7942EA0122ADF804201A7A5B7AB4B26D
:1049500042EA032301212046ADF8063001F0B2FC03
:10496000054658B91D481E4A012123460FF09CF800
:10497000022120460FF07EF902B070BD694601F0B9
:10498000FBFE38B91E2120460FF074F9284601F0CD
:1049900067FBF1E74FF0FF304FF0FF31FFF7F0FA20
:1049A00004460028F2D00E210C300EF013FF002335
:1049B0000680C0F80A30BDF800304380BDF80230F0
:1049C0008380BDF80430C380BDF8063003812146E2
:1049D00042F22000FFF788FCD8E700BFA88502005C
:1049E000EBB1020038B5042104460C300EF022FF72
:1049F000034640885D7818B119782246FFF72AF9F6
:104A000035B104480AF086F9BDE83840FFF764BCC8
:104A100038BD00BF60220020B0B50321044600AFBE
:104A20000C300EF007FFE2680346B0F80100117881
:104A300040F63542904216D16C468AB06A46104B19
:104A40001048CDE90531104B079340F20133ADF822
:104A500020300E4B42F8103F4FF412510FF035F852
:104A6000A546BD46B0BD1D7810B12246FFF7F2F84D
:104A7000002DF6D006480AF04DF9FFF72DFCF0E7BF
:104A800075B90200A8850200ECAB02000400000129
:104A90006022002038B50AF0EDFD2F4DD5F83C31ED
:104AA000002B56D00022002305F590700AF066F91D
:104AB00000284ED10022002305F59E700AF0F8F878
:104AC000044668B9254A2649264840F6AA430EF00E
:104AD0000CF984F31188BFF36F8F0323184602DFAC
:104AE000D5F830315BB1204A204801210EF0DAFFC1
:104AF000D5F83001FEF7D2FB0023C5F8303120464F
:104B00000EF037FEC5F830012046FFF71BFB0346C9
:104B1000C8B1174A154801210EF0C6FF15480AF022
:104B2000F9F82046FEF71AFB134B0C2202FB003368
:104B3000588818B122461F21FFF78CF82046FEF74F
:104B4000ADFBFFF7C9FBFFF7C7FBBDE838400AF034
:104B5000A5BD01F029FCF8E74021002046B3020082
:104B600091B1020093B30200ADB90200A885020022
:104B7000ADB6020060220020C85B0020F8B50A4DE7
:104B8000EF7906460024E3B29F4202D86FF001009D
:104B900007E0294630460FF089F80735631C08B155
:104BA0002046F8BD1C46EEE74021002037B50446FC
:104BB0000D4671B1124928460FF078F848B91148EE
:104BC000C4EBC404294620440FF07AF8002003B057
:104BD00030BD68460EF0C3FE0028F8D16846FFF7E6
:104BE000CDFF0028F5DA074BC4EBC4001844694632
:104BF0000FF066F8002DE9D001462846E4E700BF33
:104C000093D202004021002070B51A4E0622314690
:104C1000054613F0CFF938B34FF0FF304FF0FF31B6
:104C2000FFF7AEF9044608B3062229460C300EF011
:104C3000D7FD2146002242F20500FFF7A7FB0446FC
:104C400048B110F10D0F04D10B4A0C4802210FF0AE
:104C500035F8204670BD33462A6843F86929AA888A
:104C6000B280012283F868200024F2E76FF0680424
:104C7000EFE700BFA9210020EDBA0200B0850200D5
:104C8000084BBFF35B8F53E800CF4CF4806C43E8D4
:104C900000C2002AF7D1BFF35B8F037A1943017278
:104CA000704700BF14220020F7B5002104460222FD
:104CB000084601F075FE064648B120460121FFF77F
:104CC000DFFF304603B0BDE8F04001F0C9B93B4D0D
:104CD00001463B4800F0AAFB95F813317BB1304602
:104CE0000FF038F858B1374A022137480EF0E6FF86
:104CF0003648002103B0BDE8F04000F097BB95F8BE
:104D0000132195F812319A4218D1314A2E480221C6
:104D10000EF0D4FF0022114642F22900FFF736FBC5
:104D200010B12C4A0121E0E795F81331013385F8E1
:104D30001331237A43F004032372D9E72246671C18
:104D400012F82E0B39460EF0C8FF064610B1224A63
:104D500001210EE095F81331013385F81331237AE0
:104D600043F00403237295F8A7305B0708D41B4A6D
:104D7000022115480EF0A2FF01200EF0EBFFB7E76D
:104D8000394668460EF09CFF01234FF0FF304FF08C
:104D9000FF318DF80730FFF7F3F8044660B10822C1
:104DA00069460C300EF01CFD3246214642F24E00A0
:104DB000FFF7ECFA0028DFD0094AC9E740210020BC
:104DC000253E0200FCBA0200B0850200873D0200C9
:104DD00021BB020052BB020072BB020092BB020068
:104DE000BCBB020000212DE9F04102220446084626
:104DF00001F0D6FD054640B120460221FFF740FFF5
:104E00002846BDE8F04101F02BB901462A4800F0E0
:104E10000DFB28460EF09EFF284D064688B1284A15
:104E20000346012127480EF051FB95F8133113B1C9
:104E300001200EF08FFFBDE8F0412348002100F073
:104E4000F5BA95F8133195F812219A420CD2013B2C
:104E500085F81331237A1D4923F004030246237297
:104E6000022005F017FEE0E74FF0FF304FF0FF3172
:104E7000FFF786F804F10108074668B107210C30F6
:104E80000EF0A8FC41460EF01BFF3246394642F2B6
:104E90002800FFF77BFA28B10D4A0A4801210EF0DD
:104EA0000DFFC2E795F81331013B85F81331237AE2
:104EB00023F004032372B8E7253E020040210020BE
:104EC000D7BB0200B0850200873D02003F3D0200D3
:104ED00004BC02000A4BBFF35B8F53E8002F22F49F
:104EE000806143E800100028F7D1BFF35B8F5305C2
:104EF00004D504490022022005F0CCBD704700BF54
:104F000014220020BB3E02001FB50023CDE902336E
:104F100001908DF80C1001AA0349022005F0BAFD9A
:104F2000029805B05DF804FBFB3D020010B4034697
:104F300070B10A4991F8124191F813210CB19442D1
:104F400008D2013281F813211A7A42F004021A724F
:104F500010BC704710BCFFF7A7BE00BF4021002067
:104F600010B4034698B10B4C94F8121194F8132125
:104F700029B101318A4203DC10BCFFF733BF12B103
:104F8000013A84F813211A7A22F004021A7210BC32
:104F9000704700BF4021002038B50D460649CC7946
:104FA00038B12B689C4228BF1C46C4EBC40212F0E7
:104FB000E4FF2C6038BD00BF4021002070B50446DE
:104FC00011BB20B325490EF071FE00BB2046FFF750
:104FD000D5FD00283BDA237853B92148C279002A4D
:104FE00035D121460EF06CFE0123C371104670BD11
:104FF000012B04D1A37903F0C003C02B07D0194AB9
:10500000194801210EF05AFE6FF01500EFE7144D1C
:10501000EB79012B1ED005F1D4000EF058FEC3072A
:1050200007D4002CF0D00D4920460EF03FFE00289A
:10503000EAD1EE792146731C3046EB71FFF7B6FDDD
:1050400008B93046D3E7EB79013BEB71CFE76FF05E
:105050007700CCE76FF00B00C9E700BF93D20200E6
:105060004021002029BC0200B08502002DE9F34157
:10507000044640B91A4A1B4802210EF01FFE0020C8
:1050800002B0BDE8F08101AA002141F20900FFF75A
:105090007DF9054608B1144AEDE7019E1349D6F89B
:1050A0000C8008F101070622384612F083FF28B170
:1050B0000F490622384612F07DFF18B93046FEF738
:1050C000EDF8DCE7D8F80130C4F80130BB88A4F86B
:1050D000053030462570FEF7E1F80120D0E700BF2B
:1050E00057BC0200B085020070BC0200A0D20200D2
:1050F0009AD2020007B56846FFF7B8FF044BD87193
:1051000018B169460020FFF751FD03B05DF804FBBC
:10511000402100202DE9F041304EF17988B000297E
:1051200054D196F8C24014F0010411D12C4A2D48F4
:1051300002210EF0C3FD0024F4711625002401277E
:10514000F379E0B283422BD8002B3FD000203AE025
:105150006A464FF60940FFF719F908B1224AE6E717
:10516000DDF800C0DCF80C5095F80180B8F1000FB4
:105170000ED0AB1C02AA123518685968174603C72F
:105180000833AB423A46F7D1186838609B88BB8039
:105190006046FEF783F8B8F1000FCDD1134AC6E799
:1051A00008AB05FB0033694653F8182C33F8143C60
:1051B000CDF80120ADF805308DF80070FFF7F6FC52
:1051C00001340028BCD008B0BDE8F08100210846B9
:1051D00008B0BDE8F041FFF7F1BE00BF402100205C
:1051E0008EBC0200B0850200BABC0200DABC02002C
:1051F0002DE9F0411D460E461746034648B145B11C
:105200000A0311D54C0708D5284A294801210EF078
:1052100055FD6FF01500BDE8F0810EF033FE00285B
:10522000F9D101232B70F6E7B107047824D0214986
:105230002FB1B20603D591F8D820500632D5C4EB71
:10524000C40411F80480B8F1010F09D101342144DC
:1052500018460EF00FFE0028DDD185F8008002E030
:10526000B8F1000FF9D02FB1B30642BF2B7843F04D
:1052700002032B700020CEE7720710D50D49C4EB56
:10528000C4040F5D012F07D1013421440EF0F2FD5B
:105290000028C0D12F70E7E7002FE5D1FAE70EF024
:1052A000F1FDBEE76FF08500B5E700BF03BD02006A
:1052B000B08502004021002038B5104DEB7913B1C4
:1052C0000024204638BDFFF715FF044628B10C4ADC
:1052D0000C4801210EF0F2FCF3E7EB79002BEFD143
:1052E000FFF718FF04460028F1D1681CFFF78CFC7B
:1052F00004460028E5D0044AEAE700BF4021002028
:1053000022BD0200B085020041BD02002DE9F74F29
:10531000884601904FF0FF314FF0FF30FEF730FE2E
:10532000044600284ED020210C300EF053FA002104
:1053300020220646002712F02EFED8F8005006F173
:10534000010B3946D8F804309F4208D301983170D8
:105350000022214603B0BDE8F04FFFF717B86A7886
:1053600095F800C0881C13181F2B5FFA80F915D917
:10537000BCF1090FC9F11F0201D1002A0CDC134A4C
:10538000134801210EF099F82046FDF787FF6FF0D2
:10539000150003B0BDE8F08F4FF0080C5FFA82FAF9
:1053A0000AF1010E0BF801E00131C9B258440BF8C3
:1053B00001C0D144696812F0E0FD01375FFA89F15C
:1053C0000835BFE76FF06800E3E700BF64BD020087
:1053D00068850200F7B5CDE90001694642F2080090
:1053E0009DF8207016461D46FFF790FF044668B9E9
:1053F0007FB9BFF35B8F0C4B53E8001F41F00401F2
:1054000043E80012002AF7D1BFF35B8F204603B0B8
:10541000F0BD694642F20900CDE90065FFF776FF6D
:105420000028E6D00446F1E7682100200346014841
:10543000184700BF5821002000487047582100201D
:105440002DE9F04FD0F8109089B0B9F1000405466D
:10545000A248029118BF012403930EF03EFD4607B7
:10546000924640F19A816E6870050CD56FF0150474
:10547000029B002240F20110924540F097812046A5
:1054800009B0BDE8F08FD5F81080B8F1000F01D059
:10549000B107EBD0924F2878FB798342E6D9C0EB75
:1054A000C00090490722384412F084FD0028DDD066
:1054B000B20706D197F87030082B02D8AB689F2B43
:1054C000D4D916F0300F7ED0B8F1000FCED0F3064D
:1054D0007CD406F46036B6F5603FC7D028460EF09F
:1054E000E8FC80460028C1D07F487F4E0EF0F5FCD6
:1054F00010F4807F40F0548106F1AC000EF0EDFC1A
:1055000010F4806F06F1AC0B01D0FFF7E3FC6A6882
:105510000023CDE90533CDF81B30AB68ADF8103072
:1055200012F4004FEB68ADF8123014BF06230723C6
:10553000D00348BF03F00503910348BF03F0FB030A
:105540008DF81D30BFF35B8F5BE8003F23F4807361
:105550004BE80032002AF7D1BFF35B8F2B783B7604
:1055600087F86F302246696860480DF11503FFF730
:105570003FFE044600287FF47BAF5D4BB9F1000F7E
:1055800031D02A6911684BF8B31C918899809279BF
:105590009A716B689A0728D0B9F1000F2CD013F0DC
:1055A000100F0CBF012304238DF814302B691A68E7
:1055B000CDF816209A88ADF81A209B798DF81C300A
:1055C0004FF000081BE0B8F1000F82D1D5E90223AB
:1055D0009A423FF64BAF1F2A7FF648AFB3F5804F94
:1055E0007FF677AF42E73F4ACCE79B0502D4039BA7
:1055F000002B3CD0022300E04B468DF814304FF0D6
:10560000FF304FF0FF31FEF7BBFC0446002800F0EE
:10561000CA800F2204A90C300EF0E2F821460022C5
:1056200042F20600FEF7B2FE044600287FF420AFE7
:10563000B9F1000F1FD0686810F0030027D10746AA
:105640002A4801210EF04FFC0446002858D0294A70
:10565000294801210DF031FF002F3FF409AF3846F2
:10566000002100F04DFD384600F0FAFC00E703236E
:105670008DF81430A4E7129B039A0298CDF80080AD
:105680005146FFF7A7FE04460028D4D0F0E63C7E42
:105690001449174887F86F40072212F08BFC60B955
:1056A0001649204601F0FCF8074610B96FF00B04CC
:1056B000DEE6052100F024FDC2E70D49204601F099
:1056C00035F900287FF4D2AE387E094901F0E8F8B8
:1056D00007460028EAD00621ECE700BF142200208C
:1056E0004021002093D20200682100205821002090
:1056F000612100207DBD0200688502008CD202007D
:1057000017B1384600F0ACFC6B68BFF35B8F9F07A6
:1057100028D056E8003F43F4007346E80032002AE0
:10572000F7D1BFF35B8FBFF35B8FB8F1000F22D0CF
:1057300056E8003F43F4806346E80032002AF7D180
:10574000BFF35B8F6B68BFF35B8F58071CD556E8C0
:10575000003F43F4805346E80032002AF7D1BFF3FC
:105760005B8F85E656E8003F23F4007346E800327D
:10577000002AD6D0F6E756E8003F23F4806346E8D7
:105780000032002ADCD0F6E756E8003F23F48053CD
:1057900046E80032002AE2D0F6E76FF00A0467E636
:1057A0006FF0770464E66FF0680461E6198881425F
:1057B00004D1596811B10978C90702D401320833FC
:1057C0005AE60549054811F0CAFA4FF47022002341
:1057D000024809F00FFD52E65D58010070210020DB
:1057E00010B518480EF0A7FB17480EF076FB0346DD
:1057F000DA05C0F3002023D513480EF06EFB8305B5
:1058000015D512491248072212F0D4FB114903465C
:10581000087E93B91049052201F0C2F8044630B160
:105820000021017300F06CFC204600F019FCBDE87B
:105830001040044800210EF056BB06222131EBE750
:1058400010BD00BF582100206821002093D2020023
:1058500061210020402100208CD2020010B5FFF70A
:10586000BFFF034630B1044A0448BDE8104002219E
:105870000DF02CBE10BD00BF98BD0200688502006F
:1058800070B59AB01822002103A812F084FB47F2E9
:105890001213ADF808304FF48073ADF80A303B4B6B
:1058A00044F20102694602A8CDE904230BF0B8F8DE
:1058B000034638B3364A374801210DF007FE1F254D
:1058C000354BBFF35B8F53E8001F21F0010143E824
:1058D0000012002AF7D1BFF35B8F304E09F0CAFEE9
:1058E000346804B1043C002D2D4D18BF0025002C58
:1058F00045D023680BB1284698476468002C3ED0F9
:10590000043CF6E701AB0098412209A911F01EFE04
:10591000034608B1234ACEE7234A0DF125030DF1D2
:10592000650153F8040B42F8040B8B42F9D101AB2B
:105930001E490098202211F0B4FD034608B11C4A0C
:10594000B9E700980AF062FF054610B1194A03460C
:10595000B1E7154912480EF0F1FA174820310EF060
:10596000EDFABFF35B8F154B53E8001F41F01001B8
:1059700043E80012002AF7D1BFF35B8FA0E70023B2
:10598000C6E9003309F08AFE1AB070BD00000209B2
:10599000BEBD020098850200F05B0020F85B00208D
:1059A000D2640020DCBD02009264002072640020FA
:1059B000FFBD020023BE0200F2640020142200207A
:1059C00030B5A7B01822002107A812F0E4FA04238A
:1059D0003D22002116A8159312F0DDFA47F21213AA
:1059E000ADF818304FF48073ADF81A302B4B2C49BA
:1059F00044F20102CDE9082306A804AB20220AF0F4
:105A000043FF034600B3274A274801210DF05EFDFE
:105A10006FF0040409F02EFE244B1D6885B10020B0
:105A20001860234BBFF35B8F53E8001F21F0020186
:105A300043E80012002AF7D1BFF35B8F44B3A847B5
:105A400009F02CFE27B030BD1A4B0DF1550203F1C1
:105A50004000194653F8044B42F8044B8342F9D1F5
:105A600005AB02932023CDE900130C480499412390
:105A700015AA11F03AFE034608B10F4AC4E704988C
:105A80000AF0C4FE04460028C4D00C4A0346BBE713
:105A90000DA808490EF052FA0DA8D0E7000002093F
:105AA0007264002043BE020098850200F45B00206F
:105AB000F05B00209264002079BE020095BE0200D7
:105AC00008B50449402212F075FAB0FA80F0400996
:105AD00008BD00BF11D3020010B59AB004461822C9
:105AE000002103A812F057FA44F21213ADF808305F
:105AF0004FF48073ADF80A30154B4FF48042CDE976
:105B00000423214604230DF125008DF824300EF0E6
:105B100015FA04F120010DF145000EF00FFA01AB6A
:105B2000412209A902A80AF0AFFE044602A811F01A
:105B300028FE2CB901980AF069FE01201AB010BDA8
:105B40000448054A234601210DF0C0FC0020F5E77A
:105B50000000020998850200B2BE020010B50028BC
:105B60003FD0234A136823B1043B98423CD05B6882
:105B7000F9E7204BBFF35B8F1968BFF35B8F890791
:105B800007D51D481D4A02210DF097FC6FF00F004C
:105B900010BD14684460011D5068116000B9516067
:105BA000BFF35B8F53E8002F42F0010143E8001080
:105BB0000028F7D1BFF35B8FD30701D50020E7E7BB
:105BC0000F4BBFF35B8F53E8001F21F0100143E838
:105BD0000012002AF7D1BFF35B8F0A48FDF73CFCA7
:105BE000ECE76FF01500D3E76FF07700D0E700BF68
:105BF000F85B0020F05B002098850200D6BE020012
:105C00001422002050250020054BBFF35B8F1B683A
:105C1000BFF35B8F13F0100F024808BF00207047DE
:105C200014220020D264002070B505461E48036887
:105C30008B4232D0BFF35B8F1C4B1B68BFF35B8F73
:105C4000DA062DD5036813B16FF00F0070BD184A46
:105C5000BFF35B8F1368BFF35B8FDB07F4D4BFF335
:105C60005B8F52E8003F43F0020442E80046002EFA
:105C7000F7D1BFF35B8F13F00204E5D101600D484B
:105C800029460EF05BF90C4805F120010EF056F99B
:105C90000A48FDF7E1FB2046D8E76FF07700D5E72B
:105CA0006FF07C00D2E700BFF45B002014220020DC
:105CB000F05B002092640020B264002040250020A8
:105CC00070B50C4B1C68054644B154F81C3C1C3C98
:105CD00013B1297B28469847E469F5E7064C074E3F
:105CE000B44200D370BD236813B1297B284698477E
:105CF0002034F5E7345C0020088502002885020086
:105D000010B50446FDF72AFA044901EB00112046BC
:105D10000DF07FFEBDE81040FEF7DEBA005C00200B
:105D200070B5D1E9015600220446C1E901220648B6
:105D300010F027FF3DB1314620462B466FF06D0233
:105D4000BDE87040184770BDEC27002013B504462D
:105D50004FF4806104300EF017F940053FD4BFF3D3
:105D60005B8F6368BFF35B8FD90326D5E37823B9D4
:105D70001C4A1D4802210EF005F9637B072B2ED12A
:105D80001A4B93F8D8309B0629D50DF0E7FE30B3B7
:105D90000DF1060101A8FEF7A1FB00BBBDF806202E
:105DA000BDF8041020460DF046FF0346B8B1104A76
:105DB0000D4801210EF0E6F811E00C4B93F8D830B5
:105DC0001A07D3D520460DF01BFF034620B1094A20
:105DD000054801210EF0D6F8637B072BC6D002B030
:105DE00010BD00BF25BF02008085020040210020B9
:105DF0003EBF020004BF020070B505460F480022F6
:105E0000002308F0BBFFB8B90D4B1C6834B154F83F
:105E1000143C1C3C03B19847E469F7E7094C0A4E6F
:105E2000B44204D32846BDE8704009F03FB9A368E6
:105E300003B198472034F3E770BD00BFDC27002092
:105E4000345C002008850200288502002DE9F0411D
:105E5000044640270025EFF3118287F31288BFF331
:105E60006F8FE16929B1206A0B68E361814208BF45
:105E7000236282F31188BFF36F8F71B1D1E901689A
:105E80000748C1E9015510F07CFE1EB100224146D1
:105E90002046B047FEF720FADDE7BDE8F08100BFFD
:105EA000EC2700200448B0F8FC30002B00F580708F
:105EB00008BF0020704700BF4021002030B50446D5
:105EC000FCF758FF0D4A0D460D490858D2F88010CE
:105ED000884289B005D1204609B0BDE83040FFF7BF
:105EE000B5BF24342146104610F008FF1DB16946A5
:105EF000204610F013FF09B030BD00BF98570020B6
:105F00000800000038B5002204468A4202D100246D
:105F1000204638BD04F1C8030120BFF35B8F53E86E
:105F2000005F002D04D143E8000CBCF1000FF6D156
:105F3000BFF35B8F02D0D0340244E6E7002CE6D0FA
:105F4000C8220021204612F026F804F1400004493E
:105F500010F005FF034904F1240010F0B3FED7E769
:105F6000056B0100B33F0200F7B516460D4601214F
:105F70000446FFF7A3FF012E23D0022E52D123693E
:105F80003BB13148314A01210DF097FA20460EF01D
:105F90002EF8256121690B8A012B53D9CA68128812
:105FA000043292B293424DD343D927480092012143
:105FB000274A0DF095FA204603B0BDE8F0400EF0F8
:105FC00016B8206940B9234A1F4831460DF075FACA
:105FD00020460EF00CF801E02A8A2AB9284603B0C0
:105FE000BDE8F040FDF75AB9018A438A47695B1A58
:105FF000C168C91B5B1A9A420CD9174A124831462C
:106000000DF05BFA21690022204600F0DDFF00233D
:106010002361E3E7E9680C300DF0E2FB2846FDF769
:106020003DF9B7E70D4A0848334601210DF0AAFFB4
:10603000CEE7002301222046236103B0BDE8F040F3
:1060400000F0C2BF03B0F0BD808502005ABF02005D
:10605000DABF020077BF020095BF0200BCBF02009A
:1060600008B500F1C803BFF35B8F53E8002F013A76
:1060700043E800210029F8D1BFF35B8FAAB90B4B8D
:10608000984212D303F1D00290420ED2C01AD0230C
:10609000B0FBF3F203FB120038B9054808F03AFEF2
:1060A000BDE80840034809F001B808BDD04700200A
:1060B000DC2700207025002010B504460DF0A0FF5D
:1060C00009F0D8FA0C4BD3F8143104F1BC0143B9F0
:1060D0000A480DF03DFF09F0E1FABDE81040FEF777
:1060E000FBB8994201D01B68F1E709F0D7FA2046C6
:1060F000FFF7B6FFF1E700BF402100205422002047
:10610000F8B5467B8E4200AF04460D461BD1082EE3
:1061100096BF534B534B53F826306C4688B06A46B3
:106120005149CDE905134FF40073ADF81C304F4BC6
:1061300042F8103F4E4800234FF4E451FBF748FD6E
:10614000A546BD46F8BD41730EB90DF059FF637BFE
:10615000082B00F2818001A252F823F0A96101000E
:10616000FF610100436101004361010043610100DF
:10617000436101004361010081610100436101004D
:106180000023C4E90D33E378012BDAD1A378012B86
:1061900004BF032384F898304FF42032002304F125
:1061A000400008F0F3FFCCE7082ECAD8DFE806F07D
:1061B0002005171C1C1C1720200004F14005284650
:1061C00010F0D9FD01212046FFF778FE20460DF0A2
:1061D0000EFF00220023284609F00CF8B1E7237BCC
:1061E00013B12046FFF76CFD2046FFF739FFA8E703
:1061F000204A2B461E4802210DF0C4FEA1E7237B56
:106200003E2B0FD16D4688B06A461B4BCDE9053455
:10621000032342F8103F164800234FF4C451FBF704
:10622000D7FCAD46154D05F58076616911B9FEF7CD
:1062300053F886E7A2690B686361914208BFA361C6
:106240002046FFF76DFDB5F8FC30002B14BF30463B
:10625000002008F05FFDE8E7094A2B46CAE700BFC7
:10626000688E0200F5BF0200FFBF020003000001BC
:106270008085020010C0020027C0020040210020DB
:106280004EC00200F8B5074609480D4616460DF007
:10629000B7FE044650B183781F4203D1BDE8F840F1
:1062A000FFF7DEBE3146A8472046F7E7F8BD00BF3E
:1062B000D0470020024900220120FFF7E3BF00BFC2
:1062C000A73F020070B505460E480E460DF098FE39
:1062D0000446A0B1437B012B02D0073B012B0CD815
:1062E0002388AB4208D1A3781E4209D1064A074849
:1062F0002B4602210DF046FE2046FFF7B1FE00249A
:10630000204670BDD04700206AC002008085020090
:10631000034BC01A034B00115843C0B2704700BF73
:10632000D0470020C54EECC470B51C46144305464A
:106330000E460DD00F49FCF71DFDD1F880400E49E7
:1063400009588C4206D10D4A0D4802210DF0B5F8CE
:10635000002213460B49002D14BF284608460DF0B5
:10636000D9F9044618B1711D0C300DF028FA2046F9
:1063700070BD00BF985700200800000081C00200D7
:1063800080850200FC27002010B50446054808F06F
:106390008DFE204600F05EFD2046BDE81040FFF770
:1063A0008FBC00BF602500202DE9F04F87B000AF03
:1063B0000023FB607B61BF4B5A8A3AB1BE4DD5F8D2
:1063C00014413CB91C37BD46BDE8F08F1B68002B5B
:1063D000F4D1F7E754F8BC3903B1BC3BB749002608
:1063E00001E01C461346B5F8FC20002A00F05F814E
:1063F000D5F808214AB904F1BC06002BE2D0D3F845
:10640000BC20002AEDD0BC3AEBE70A68002AF2D0A3
:10641000D4F8A820002AEED0D4F8AC20002AEAD084
:10642000D4F8B020002AE6D0637B072B6CD120463D
:106430009047002868D0BFF35B8FD4F8C030BFF31B
:106440005B8F022B60DC20460DF0DAFD044600284D
:10645000B8D0637B072B40F02781D4F8A830B5F87B
:10646000FC1007F11002204698478146002800F0F2
:106470000E81B5F8FC203B699A4208D30146D4F856
:10648000AC6007F1140307F10C022046B0477B69AA
:106490003B60B9F81030D7F80C80002B00F0FE807C
:1064A0004846D7F810A00DF0CAFA7860002840F0EE
:1064B000F880B5F8FC30DFF808B2002B14BF58465E
:1064C00000200022002308F059FC78B97B48002204
:1064D000002308F0EDFB064600283BD1B5F8FC3060
:1064E000002B18BF5E46304608F014FC6FF00B0519
:1064F0004846FCF7D3FEB8F1000F00F0B3803968CE
:106500002A462046C047ADE0D4F8BC3004F1BC02B6
:10651000C6B9D5F81811C5F814318A4201D1C5F8A9
:1065200018310023C4F8BC302046D4F8B030984766
:1065300000288ED0637B072B40F0B6802046FFF703
:10654000BBFD86E73360D5F818319A4208BFC5F81D
:106550001861E6E73B68C0F804808360B5F8FCB0DA
:106560005448DA454FF000024FF000034FF00001AD
:1065700098BF1FFA8AFBFCF713FE804650B1FCF768
:10658000EDFD504B5A4603EB0013494640460DF0D3
:106590001BFA8046B5F8FC3094F8C4909A4584BF45
:1065A00001237B607B6884F8C4309CBF09F1020939
:1065B0005FFA89F904F1C00ABFF35B8F5AE8003F24
:1065C00001334AE80032002AF8D1BFF35B8F04F1AF
:1065D000140B314658460DF0BBFCA378012B5AD161
:1065E00008F10C03042118467B600DF00AF922889B
:1065F0007B6809F0FD0942EA09320280B8F81020F0
:10660000043A4280022118460DF003F94046FDF796
:1066100099FD8146002847D0BFF35B8F5AE8003FC1
:10662000013B4AE80032002AF8D1BFF35B8F3146C4
:1066300058460DF0C1FC244A24484B4601210DF078
:10664000A1FC4046FCF72AFE20463146FFF768FBD6
:10665000B5F8FC301A48002B08BF002008F05AFBA0
:106660006FF004056E4688B0194A0794CDE90525F8
:106670006A46042342F8103F14484FF401510023A6
:10668000FBF7A6FA1321B54620460DF0D5FC2046AF
:10669000FFF7E6FC96E66FF01509BDE76FF07905A8
:1066A00026E76FF0040523E7FDF716FEEFE7936892
:1066B000FFDE00BF6828002040210020EC270020DA
:1066C00040220020005C0020ADB602008085020060
:1066D000AAC002002DE9F04140F2E243D0F8886000
:1066E000B6FBF3F60446B6B2031DBFF35B8F4268F8
:1066F000BFF35B8F920417D5B0F88C20B24213D849
:10670000B0F88E20B2420FD3D0E9241291420BD1BF
:10671000BFF35B8F53E8001F21F4005143E80012E0
:10672000002AF7D1BFF35B8F104B1D6865B155F898
:106730000C7C1C3D37B1B4F89230B4F8902031464F
:106740002046B847ED69F1E7094DDFF82880454557
:1067500001D3BDE8F0812F6937B1B4F89230B4F8B5
:10676000902031462046B8472035F0E7345C0020C1
:1067700008850200288502002DE9F04107460846F9
:106780000D460DF0EDF9064618B900263046BDE875
:10679000F081144B1C6884B154F8103C1C3C0BB9BC
:1067A000E469F8E72946384698470028EDD028469E
:1067B0000DF0D6F90028F3D1E7E70B4CDFF82C8079
:1067C0004445E3D2E3680BB92034F9E7294638465B
:1067D00098470028D9D028460DF0C2F90028F3D1F7
:1067E000D3E700BF345C0020088502002885020042
:1067F0002DE9F041C37804468BB900F17E06114BB8
:106800001D687DB11C3D04F170076B691BB13A46F0
:10681000314620469847ED6925B11C3DF5E700F16A
:106820007706ECE7084D094F04F17008BD4201D32B
:10683000BDE8F0816B691BB142463146204698475E
:106840002035F3E7345C002008850200288502002B
:10685000F8B5437A8372054616460DF035FD0D4BAB
:106860001C684CB154F8043C1C3C1BB1697A32469C
:1068700028469847E469F4E7074C084FBC4200D328
:10688000F8BDA3691BB1697A32462846984720347F
:10689000F4E700BF345C0020088502002885020070
:1068A00038B505460C460F480121FFF72BFBC0B158
:1068B000057223680367A388A0F87430A37980F871
:1068C00076300123437283728370074BC0F8A8307F
:1068D000064BC0F8AC30064BC0F8B030054BC0F8E2
:1068E0008C3038BDD0470020516D0100713F02004F
:1068F000653F02001800280070B505460A480E469C
:106900000DF07EFB044620B18378012B04D0FFF705
:10691000A7FB0024204670BD324629460DF0FEFB41
:106920000028F7D12046F2E7D0470020F0B589B023
:1069300000AF0D46FFF7E0FF044610B32946384686
:10694000FCF7FAFC637B082B96BF0F4A0F4B52F8FB
:1069500023306D468AB06A460D49CDE907730D4B69
:1069600009930D4BCDE9051442F8103F0B48002365
:106970004FF44251FBF72CF92046AD46FFF770FB70
:1069800001202437BD46F0BD688E0200F5BF02002D
:10699000CDC0020001030204050000028085020050
:1069A000F8B505460E480E4617460DF029FB04467D
:1069B00020B18378012B03D0FFF752FB00240DE0B8
:1069C00036B1324629460DF0A9FB08B92046F3E757
:1069D000637BBB42FAD1237AAB42F7D12046F8BDA4
:1069E000D047002070B58B78012B92B006460C463C
:1069F00042D191F8703007AD032B37D8DFE803F0B0
:106A0000023032341E492846F6F7ABFF059594F85C
:106A10007130049394F87230039394F873300293B6
:106A200094F87430019394F87530009394F87630AC
:106A3000144A1E210AA80BF051F90AAB324610ADD8
:106A40001C4603CCAC4210605160234602F10802A0
:106A5000F6D120681060A3889380304612B070BDD4
:106A60000949D0E70949CEE70949CCE7094A0A2193
:106A700028460BF033F9C9E700238DF82830DCE70E
:106A800043A3020065A302004AA3020051A302002F
:106A90005BA3020006A5020038B5044608460D4671
:106AA0000DF05EF848B3164B93F8D830990707D429
:106AB000E37883B129462046BDE8384000F0B0BAFB
:106AC00094F899309A07F3D5BFF35B8F6368BFF3EF
:106AD0005B8F5B04ECD4294620460DF045FB58B98A
:106AE0002B88A4F88C306B88A4F88E30AB88A4F87F
:106AF0009430EB88A4F8963038BD6FF01500FBE7B2
:106B000040210020F7B510F8333C0446A0F14006C0
:106B10000BBB30460DF07BFB354B1D684DB155F876
:106B2000183C1C3D1BB114F8341C30469847ED69E5
:106B3000F4E7304D304FBD4205D3304603B0BDE8D9
:106B4000F040FFF78DBA6B681BB114F8341C304667
:106B500098472035EFE710F83E3C012B46D1BFF3B4
:106B60005B8FA0F13C0555E8003F23F4005245E857
:106B700000210029F7D1BFF35B8F990423D5E36C83
:106B800000936946636D01933046FFF785FF034626
:106B900098B9BFF35B8F55E8003F23F4805345E875
:106BA0000032002AF7D1BFF35B8F4FF40061284613
:106BB00003B0BDE8F0400DF0E7B9104A10480221DB
:106BC0000DF0E0F9F1E70F4A4FF42813694630461B
:106BD000CDE90023FFF760FF034628B94FF4805149
:106BE00028460DF0D1F9E0E7074AE7E703B0F0BD2A
:106BF000345C0020088502002885020006C10200DE
:106C000080850200180028002BC1020010B50E4834
:106C10000FF0AFFF0D490C480FF0B3FF0C490A48C5
:106C20000FF0AFFF0B4908480FF0ABFF0DF041FF2D
:106C300002F06AFC044628B903F0F0FE044608B9E5
:106C40000DF0A6FB204610BDEC270020105C0020B4
:106C50001C5C0020285C00200346024A02480121F7
:106C60000CF034BCDEC10200C085020080B500AF6C
:106C700088B06A46074BCDE90530032342F8103F40
:106C8000054800234FF4C251FAF7A2FF6FF00B0042
:106C9000BD4680BD06C20200C085020008B5064A96
:106CA000136823B9054850600A60184608BDFFF70D
:106CB000DDFF6FF00B00F9E7485C0020B48E0200A6
:106CC00070B5044652EA030008D0FCF753F8074DAC
:106CD000074ED5F880503058854201D10022134626
:106CE00020460431BDE87040FFF71EBB98570020D6
:106CF0000800000073B5054618462B680BB35B7B94
:106D0000072B1ED1002A0E7A0CBF012302239E42BC
:106D100009DD0D4A0D48009601210CF0E1FB6FF0F2
:106D2000150002B070BDCB7A072BF8D9C8618A6113
:106D300005F130000FF025FF28460DF03FFA002046
:106D4000EFE76FF07F00ECE72DC20200C085020084
:106D50002DE9F84FD0F8B44000AF8846914644B1D1
:106D6000403C236B63B92068B4300DF046FA246CC4
:106D7000F5E7FDF7B1FA00263046BD46BDE8F88FCD
:106D800004F1300A50460FF011FF05460028F0D0FC
:106D90000CF055FE80B16C4688B06A462A4BCDE9AE
:106DA0000535032342F8103F284800234FF4C25111
:106DB000FAF70EFFA546DEE728460CF0DAFC656C14
:106DC00006469DB9A38C058A403B9BB23F2B03D856
:106DD000238D9D4228BF1D46042106F10C000CF0B6
:106DE00010FD0580A38C438004356564454520D89B
:106DF000B6F810B0AB4506D100220023504607F08C
:106E000057FFFCF74BFAA38CA3F140023F2A07D8A7
:106E1000AB4514BF00220E4AB26118BF1346F3619E
:106E20002068B4300DF0E9F9236B13B120460DF062
:106E3000C5F9636CC9F80030984534BFA3EB08016D
:106E40000021616498E700BF4DC20200C0850200C6
:106E500041430200F7B5284D284F04460026BD42A5
:106E600001D303B0F0BD298820460DF05FFA6B68AE
:106E7000019001A920469847002838DB019B2A8809
:106E80009A829A8403F11002BFF35B8F52E8001FCD
:106E900042E800600028F9D1BFF35B8F1E645E6496
:106EA0009E60A16B03F1080219BBC4E90D221C60AE
:106EB000DE6003F130000FF05CFE019843681B6850
:106EC00003B19847019BBFF35B8F103353E8001F5A
:106ED00041F0010143E80012002AF7D1BFF35B8FB4
:106EE00001984368DB6913B100F110019847083538
:106EF000B5E70A60A263DAE7F084020008850200C1
:106F000073B50D460646042105F10C000CF092FC09
:106F10002B8A42889A42044607D000921C4A1D4898
:106F200001210CF0DDFA02B070BD43783BB91A4A7A
:106F30001848012102B0BDE870400CF0BEBA0378D9
:106F4000012BF0D0132B06D1022AECD002230093A0
:106F50001346124AE3E7124A0E4802210CF0B6FA31
:106F600061783568022201200DF0C6F90446002838
:106F7000D9D002210C300CF02DFC0023037043709B
:106F80002146284602B0BDE870400DF0E6B900BFCA
:106F900065C20200C085020086C20200A7C20200CC
:106FA000D2C2020008B50B8A032B06D8044A054852
:106FB00001210CF082FA002008BDFFF7A1FFFAE7DB
:106FC000FAC20200C085020038B50B8A032B0546C1
:106FD0000C4609D80F4A104801210CF06EFA2046E1
:106FE000BDE83840FCF75AB9042104F10C000CF05C
:106FF00021FC418828460DF0C1F930B9074A0648FE
:107000000B4602210CF062FAE9E7436821465B690E
:107010009847E4E718C30200C085020035C30200A8
:1070200070B5144A137801330C4613F0FF010CBFFE
:1070300001230B461370064608BF1946082212208A
:107040000DF05AF9054688B108210C300CF0C2FB4E
:107050002288028062884280A2888280E288C28080
:1070600029463046BDE870400DF077B96FF00B004F
:1070700070BD00BF1265002023281FD81A2804D82D
:10708000431E182B0ED906207047A0F11B03082BB6
:107090001ED8DFE803F0051D1B231D19251D050063
:1070A000032070470F4A012383401A40C2B90E4A99
:1070B0001A40002A0CBF06200120704700F07F0311
:1070C000522B05D1002070470120704705207047E2
:1070D00010F0400F14BF00200620704704207047B6
:1070E00002207047AAAA8A02545545012DE9F74F9C
:1070F000064608460C46FCF731F82E4F182343434A
:10710000FA18054691680191E168BFF35B8FF06C56
:10711000BFF35B8FC0070AD4274A284801210DF02E
:107120005AF96FF01509484603B0BDE8F08FE068E2
:10713000007810710022FA500B78D22B0FD13368EF
:10714000214618680EF0CFF9814640B11C4A1B4811
:1071500001210DF040F92046FCF7A0F8E3E71823E1
:1071600003FB0573D4F80C80D4F814B0B4F810A065
:107170009E6000231A462146301DFFF7BBFD814665
:107180000028D0D010F1690F04D10E4A0B4801211C
:107190000DF021F96269019BA4F810A0A8EB0B087F
:1071A00012FA88F2E260182255437A1947F80590DE
:1071B0009360B8E7985C002071C3020070850200FC
:1071C0008BC302009EC3020008B5EFF31181402378
:1071D00083F31288BFF36F8F002303600F4B5A684D
:1071E000C2B9C3E9000081F31188BFF36F8F0C4867
:1071F00007F05CFF031E0CDA0A4A0B4801210CF071
:1072000065F9002383F31188BFF36F8F03231846BA
:1072100002DF08BD10605860E5E700BF905C002009
:10722000B4250020C1C3020070850200011F01487F
:107230000FF0CEBB80270020024A034801210DF049
:10724000CAB800BFEAC302007085020010B500F1A1
:1072500048030446BFF35B8F53E8001F41F0010170
:1072600043E80012002AF7D1BFF35B8F201F0DF017
:1072700086F904F1640004490FF071FD2068BDE84F
:10728000104002F0C3B800BF2985010073B50E4657
:10729000438D418B8B4202F1010228BF0B469A427B
:1072A000054609D91E48009202211E4A0CF018F921
:1072B0000024204602B070BD3046FFF7DDFE6FF0BF
:1072C0001403034113F0010310D0FBF753FD164BD9
:1072D0001958164BD3F8803099421ED0144B1B68B6
:1072E0005A1A18BF4FF0FF32134601E04FF47022D4
:1072F00010480021FFF7E4FC04460028D9D0FBF732
:107300002DFF0D4B182202FB0033012104F10C006C
:107310009D600CF05FFA0670CBE70022E4E700BF47
:107320007085020007C40200080000009857002082
:10733000E05C002020280020985C0020F0B51E466C
:1073400003680D46003987B0044618BF012118684C
:1073500017460DF0B1FE38B904F14C000DF077F985
:10736000002848D1122014E0002E46D01822002117
:10737000684610F010FE77B1002213212046FFF777
:1073800085FF019038B91E481E4A01210DF023F8EF
:10739000112007B0F0BD23681B4A1B680093BDF89D
:1073A0003030ADF812300D9B0393BDF83830ADF896
:1073B000103001238DF8143031466B4630468DF87D
:1073C00008500DF020F99DF814307BB14FB10198B1
:1073D000FBF764FF9DF814303246294620460DF035
:1073E00045F9182D07D19DF81400D2E7019911B184
:1073F00020460DF05AF80020CBE70120C9E700BF76
:10740000708502002CC4020039440200F7B514460E
:1074100005460E464FF49572014620680DF0DAFDE0
:10742000207430B9206829460DF08EFE20B908235B
:107430002374002003B0F0BD6B8A5B0612D50123D4
:107440000193E3890093AF68A389A2682068294665
:10745000B84738B110F1FF0F26BF4042C0B20E202E
:107460002074E6E70A48002200230CF053F960601C
:1074700008B90923DCE70683E38943836068A289AE
:10748000A1680C300CF0ACF9002323740120D1E783
:10749000D42800202DE9F3410B8A04460D4643B958
:1074A000294A2A4801210CF096FF002002B0BDE8CD
:1074B000F0810768012105F10C000CF0BBF97B7B22
:1074C000072B0646F1D154F8043C002BEDD003788D
:1074D0001F4F043C002217F8320098424FEAC208BE
:1074E00007EBC20114D12A8A4878904226D917485E
:1074F000009301211346174A0BF0F2FF042347447F
:10750000BA78012AD1D1002BCFD03178002211E0F6
:1075100001320E2ADFD1104A0C4802210BF0D6FFAF
:1075200031780846FFF7A8FD2122C24012F001027F
:10753000BBD1062320460DF099F8B6E74B682046EC
:10754000294698470346DAE745C4020070850200E1
:10755000DC8E02007AC4020060C40200F8B54FF469
:1075600070220746002311480D460CF0D3F804465C
:1075700038B90F4A0F482B4601210BF0A7FF2046D0
:10758000F8BD00F10C06092130460CF018F9204630
:10759000FBF7E4FD084B182202FB003301213046C3
:1075A0009F600CF017F90570E9E700BF2028002064
:1075B000DEC1020070850200985C00202DE9F04FCA
:1075C000CB68524F1B7887B006460493002530687D
:1075D000C36973B9002D40F08E8019213046FFF742
:1075E000BDFF0146002800F08E8030460CF05DFFA4
:1075F00081E01C300CF0A7F84FF00003B0F818A0A1
:10760000028AC168BB800446BB6840483B600CF0FE
:10761000E7F8D6F80080D8F81C5035B1638BD5F860
:10762000009005934FF0000BD5B9049B012B68D156
:10763000BB8802933B680193638B009300225346FF
:1076400018213046FFF77AFE054628B10346228B03
:10765000182130460DF00AF82046FBF71FFEB6E76A
:107660002A8B524532D16A8B002ADED0B988059B1D
:10767000581882422ED12A8AF888114481423EDC71
:10768000E96838460CF0ACF82A68BBF1000F14D159
:10769000D8F82010C8F81C208D4201D1C8F820204D
:1076A00000232B602846FBF7F9FDB9F1000F0FD03E
:1076B000D9F800204D469146B6E7CBF80020D8F81F
:1076C0002020954208BFC8F820B0E9E7AB46ECE7B8
:1076D0004A46EFE707252046FBF7E0FD30681C30FF
:1076E0000CF031F804460028F5D12B4652461821FB
:1076F00030460CF0BBFF002007B0BDE8F08F0D2531
:10770000E9E70025A8E70E20F6E700BF8025002066
:107710002DE9F0410E8A043EF6B2022E04468CB0EA
:10772000084601D0102E64D104210C300CF082F8F0
:107730000DF1080805884788011D324640460CF0C7
:10774000EEF8002857D0A5B300268FB3AF4230D350
:107750004FF4205301A940468DF80460ADF806307F
:107760000CF0B0F848BB1422002107A810F013FC5D
:1077700011212046FFF7F2FE0990002837D00121A1
:107780000C30CDE907480CF025F800230A90394663
:1077900003701A4A0B93284607AB0CF034FFDDE95F
:1077A00009131B78FBB90846FBF778FD0A2301E0B3
:1077B0003D4601232A4610210EE042F6010307A9A7
:1077C00040468DF81C60ADF81E300CF07BF80028A8
:1077D000C9D010232A46194620460CF047FF002046
:1077E0000CB0BDE8F08120460CF05FFEF7E71120F9
:1077F000F6E70420F4E70E20F2E700BF317E010037
:107800002DE9FF41036804460D46186801210DF07B
:1078100053FC40B904F14C000CF019FFA0BB12203E
:1078200004B0BDE8F08110220021684610F0B3FBDF
:1078300021212046FFF792FE029038B3009405F113
:107840000C074FF001082B8A012B04D8029920461F
:107850000CF02BFE18E038460BF0FCFF6B460C4A90
:107860008DF80C80014606460CF0CDFE9DF80C30DC
:10787000002BE8D00298FBF711FD9DF80C30324642
:10788000202120460CF0F2FE0020C9E71120C7E7B6
:10789000C34802002DE9FF41036804460D461868FD
:1078A00001210DF009FC40B904F14C000CF0CFFEB1
:1078B000A0BB122004B0BDE8F08110220021684670
:1078C00010F069FB0F212046FFF748FE029038B305
:1078D000009405F10C074FF001082B8A012B04D806
:1078E000029920460CF0E1FD18E038460BF0B2FF9B
:1078F0006B460C4A8DF80C80014606460CF083FE60
:107900009DF80C30002BE8D00298FBF7C7FC9DF8DF
:107910000C3032460E2120460CF0A8FE0020C9E7AC
:107920001120C7E747490200F0B51D46036885B03E
:1079300004460E461868012117460DF0BDFB38B904
:1079400004F14C000CF083FE50BB122005B0F0BDDA
:1079500065B310220021684610F01DFB3946204611
:10796000FFF7FCFD029018B3BDF82830ADF80430E5
:1079700001238DF80C3029466B460E4A00942846A8
:107980000CF041FE9DF80C3002995BB10846FBF704
:1079900085FC9DF80C302A46314620460CF066FEE8
:1079A0000020D3E720460CF080FDF9E70120CDE769
:1079B0001120CBE7474902002DE9F0410E8A043E31
:1079C000F6B2022E04468CB0084601D0102E76D1B5
:1079D00004210C300BF02EFF0DF1040805884788B8
:1079E000011D324640460BF09AFF002869D085B34E
:1079F00077B3BD422DD8606801210DF05DFB0646CE
:107A000078BB8DF8000042F6020369464046ADF8A7
:107A100002300BF057FF20B342F6030306A940469D
:107A20008DF81860ADF81A300BF04CFFC8B1012D7D
:107A300003D14FF6FF739F4213D004F14C000CF0BA
:107A400006FE002814BF002012200CB0BDE8F08113
:107A50003D4601232A46082120460CF007FE00205F
:107A6000F3E7182200210DEB020010F094FA09212F
:107A70002046FFF773FD0890F8B101210C30CDE9E5
:107A800006480BF0A7FE0023099003700A238DF827
:107A90002C30394606AB0C4A28460CF0B4FD9DF854
:107AA0002C3008992BB10846FBF7F8FB9DF82C30D9
:107AB000D0E720460CF0F9FCD1E71120C5E70420FF
:107AC000C3E70E20C1E700BFE97E01002DE9F043C6
:107AD0000F4687B00446062107F10C000BF0AAFE02
:107AE0000588EDB1B0F80280B8F1000F17D0454518
:107AF00016D8002382888DF800308DF8043001A953
:107B00004FF420536846D7F80C90ADF80220ADF83A
:107B100006300BF0D7FE064660B10A2301E0454669
:107B200001232A46062120460CF0A0FD002007B0C4
:107B3000BDE8F0830146142201A83F7C10F02BFA27
:107B400007212046FFF70AFD0290D8B10A238DF8DD
:107B50001530414601AB0C4A01942846CDE9036932
:107B60008DF814700CF04FFD9DF8153002992BB173
:107B70000846FBF793FB9DF81530D2E720460CF042
:107B800094FCD3E71120D2E7D57C01007FB5CB6808
:107B90001D8804468DB15E8876B1B5420DD810229D
:107BA0000021684610F0F7F905212046FFF7D6FCC2
:107BB000019058B9112007E0354601232A460421D7
:107BC00020460CF053FD002004B070BD6B463146DA
:107BD000084A009428460CF016FDDDE9011323B98C
:107BE0000846FBF75BFB0A23E8E720460CF05DFC48
:107BF000E9E700BFC74402002DE9F0470D4686B013
:107C00000446042105F10C000BF014FE2368B0F8C3
:107C10000090B0F802801868EF682E8A01211FFAE0
:107C200089FA0DF049FA40B904F14C000CF00FFD4F
:107C300028BB122006B0BDE8F087BAF1000F43D090
:107C40001422002101A810F0A6F92368204A1B681D
:107C5000019301238DF81430F6B201AB5146504622
:107C6000ADF812800397ADF810600CF0CCFC9DF8D5
:107C7000143033B15246162120460CF0F7FC002098
:107C8000D8E7206802991C300BF048FD17212046E8
:107C9000FFF764FC0290C8B104210C300BF09AFD90
:107CA000A0F80090A0F802800546029831460C30FA
:107CB0000BF090FD39463246281D10F05EF902990E
:107CC00020460CF0F2FBDAE70120B3E71120B1E720
:107CD0000D7401002DE9F04391B0D2F80080064602
:107CE0000F46002542F601030068D8F804908DF88D
:107CF0002C500BA91446ADF82E300BF0E3FD0028F4
:107D00006DD04FF4205330688DF82C500BA9ADF88E
:107D10002E300BF0D7FD38B1A3681BB15A88BA4298
:107D200000D25F80012010E0616808460CF03BFB48
:107D3000B8F82A20B8F81A309A4294BFC0EB020073
:107D4000C0EB0300032803D8002011B0BDE8F08386
:107D500008460BF012FD6168054608460CF023FB4F
:107D60006B8A2A8AA3EB020C6B69EA68D21AACEB25
:107D70000203B8F82AC0B8F81A20944594BFC0EBA3
:107D80000C00C0EB0200834228BF03466BB9887A1F
:107D9000FBF7DCF9002200230BF0BCFC05460028B1
:107DA000D2D0014660680BF0F9FC00230093D6F8AE
:107DB00004803146102302AA4846C047061E0EDB47
:107DC000227CE068964227D001460BA80BF0A7FD65
:107DD00040B9237C134A144802210BF077FB00239F
:107DE000A3609FE7F2B202A906A80BF098FD10B9B4
:107DF0000E4A3346EFE706A90BA80BF063FD0028F7
:107E0000EDD100236374042105F10C000BF0E2FCBA
:107E1000A0600780A36884E7324602A910F0CAF880
:107E2000EDE700BF99C4020070850200B8C40200EB
:107E30002DE9FF4105460E464FF000084FF4205350
:107E4000006817688DF8088002A91446ADF80A305A
:107E50000BF038FDA0B142F6010328688DF80C80C4
:107E600003A9ADF80E300BF02DFD48B123691BB10D
:107E70005A88B24200D25E80012004B0BDE8F08191
:107E8000616828680BF01EFD10B100232361F3E741
:107E9000E368A0681A786AB1B7F81AC0798D038AC6
:107EA0008C4594BFC3EB0C03C3EB0103934201DA8F
:107EB0000020E2E704210C300BF08CFC20610680EE
:107EC00023695E80074B00930194A2680023294632
:107ED00038460CF06DFC0028EADB2069003818BF3A
:107EE0000120CAE7E74502002DE9F3471768054678
:107EF000894600685168D7F804A014460BF0E2FCEC
:107F0000804600284BD19522294650460DF062F854
:107F10000646207540B1E3681B780BB184F81480E5
:107F2000002002B0BDE8F087294650460DF00AF95E
:107F300010B908232375F3E7A06826750BF01DFC24
:107F400002210C300BF046FC164B2061A0F800908B
:107F500000930194A2683346294638460CF028FC69
:107F6000002807DA10F1FF0F26BF4042C0B20E20F2
:107F70002075D5E72369002BD2D0A0680CF013FA46
:107F80007B8D7A8B9A4294BFC0EB0200C0EB03005A
:107F9000E3681B78984294BF00200120C1E70120CC
:107FA000BFE700BFB74302002DE9F04182B000AF48
:107FB000044688463F4800220023394606F088FDE3
:107FC0000546B0B16D4688B06A463B4BCDE90534F5
:107FD000032342F8103F394800234FF4C251F9F708
:107FE000F7FDAD466FF00B0630460837BD46BDE8DD
:107FF000F081FAF7BFFE324B1A58324B38681A60DC
:1080000029462C220FF0C7FF3B682F481C603C68B4
:108010007D60C4E90155C4E9095500220023391DDA
:1080200006F056FD064688B123686C4688B06A465D
:108030002649CDE90513032342F8103F1F482B467C
:108040004FF4C451F9F7C4FDA546CBE70146A02281
:1080500078680FF0A0FF78681D4B836054300EF0F5
:1080600088FD7B68BFF35B8F4C3353E8002F43E8F8
:1080700000610029F9D1BFF35B8F7B681C60636AE4
:108080007D682BB904F10C000EF073FDC4E907669E
:10809000626AC5F89820A26A05F19803636202B982
:1080A000A3627B6817225A855A830433C8F80030CC
:1080B0009AE700BF64270020D7C402007085020041
:1080C00008000000E05C002080270020FCC40200C3
:1080D0008C25002008B5437B072B06D00C4A0221D3
:1080E0000C480CF078F9002008BD04210CF046F98A
:1080F00010B9094A0121F3E7BFF35B8F836CBFF32B
:108100005B8FDB0701D4054AF4E750F8040CEBE77A
:1081100021C50200708502002FC5020071C3020054
:108120002DE9F04F85B000AFB860EFF31188402320
:1081300083F31288BFF36F8F5B4D28460CF029F94B
:108140002E68044688F31188BFF36F8F00285FD034
:10815000FBF704F85549182202FB00F3C81851F840
:1081600003A00369FB600021D0E9025890F8049055
:10817000B0F806B00FF00FFFA07AFAF7E7FF6169D9
:10818000034659B1627AD00706D4DA697B60126877
:108190002046926890477B6800226261214618461B
:1081A0000EF0FAFCB9F1000F0DD065B12B6853B198
:1081B0001B6843B1BAF1000F2ED03D4A3D485346EB
:1081C00001210BF083F91EB3B96800200EF096FD73
:1081D00000281DDA6C468AB06A46374B0593374B48
:1081E000CDE906304FF40073ADF82030344B42F83F
:1081F000103F304800234FF41151F9F7E9FC0023F8
:10820000A54683F31188BFF36F8F0323184602DF5F
:108210001437BD46BDE8F08F281D0CF0C4FB48465E
:10822000FEF72AFF0528CED801A353F820F000BF9F
:108230007982010049820100C78101007982010031
:10824000C781010049820100BFF35B8FEB6CBFF374
:108250005B8FDA0705D41B4A164801210CF0BBF8E6
:10826000B1E72B6D002BAED04FF47022002305F147
:10827000680006F0BFFFA6E72B68D3F80090BFF3B5
:108280005B8FEB6CBFF35B8FDB07E4D5B8F1000FBE
:1082900099D0002403E0F9684846C0470134A3B2EE
:1082A0009B45F8D88FE700BF905C0020985C0020C9
:1082B0004AC502007085020069C5020051D3020060
:1082C0000400000171C30200F8B50F461646FFF71F
:1082D00001FFB0B1446A20461CB150F8984904B17E
:1082E000983C731C194638B1428B458DAA4228BF71
:1082F0002A469A4207D264B90A4A0B4802210BF077
:10830000E5F80020F8BD32463946BDE8F840FEF7F2
:10831000BDBFD4F8985005B1983D20460B462C4679
:10832000E2E700BF84C502007085020007B50B4676
:1083300002460021FAF71EFD01910E4909580E4828
:108340000068884204D00D48D0F88000884201D1EE
:108350000022134601A90A4806F0BAFB014638B9C3
:1083600001981C220FF017FE019803B05DF804FB82
:108370000020FAE708000000E05C00209857002089
:108380009C27002010B50446806818B1FAF786FFD4
:108390000023A36021460248BDE810400EF018BB40
:1083A0009C2700202DE9F743044668300F4690468D
:1083B0001E460EF0E0FC206D50B9154A154802210A
:1083C0000CF009F8204603B0BDE8F04300F094B883
:1083D000114B98424FF0000317D045684360206D61
:1083E000D0F81890FFF7CEFF0023206823650CF02B
:1083F0000FFB3DB12068CDF80090006843463A4637
:108400003146A84703B0BDE8F0831D46ECE700BF46
:108410009FC5020070850200E45C0020F7B550F8AB
:10842000044C0546002C63D000F1940104F12400B3
:108430000CF0F4F82E1F05F15007002200233846F7
:1084400006F036FC0246B0BBEB6C2BB101466FF078
:1084500067033046FFF7A6FF002345F8043C05F10B
:108460004803BFF35B8F53E8001F21F0010143E88D
:108470000012002AF7D1BFF35B8F636A002B37D15C
:1084800004F11C0630460BF05EF9B8B904F10C0695
:1084900000220023304606F00BFC90B966689EB9B6
:1084A0001448266021460EF093FA286803B0BDE810
:1084B000F04001F005B8FAF7F1FEBEE7FAF7EEFE7C
:1084C000E0E7FAF7EBFEE3E7A26833686360964201
:1084D00008BFA36077683FB1B369009300232068A9
:1084E0001A466FF06701B8473046FFF74BFFD5E7F4
:1084F00003B0F0BD6427002010B504460430FFF738
:108500008DFF606813210BF097FD034630B1044ADC
:108510000448BDE8104001210AF0D8BF10BD00BFDB
:10852000B6C5020070850200F0B5044689B054F863
:10853000683D00AF19683846FEF754FA6E4688B0B9
:108540006A460B4BCDE905374FF40073ADF81C308C
:10855000084B42F8103F00234FF4E2510648F9F768
:1085600037FB2046B546FFF7C7FF2437BD46F0BDB1
:10857000D4C50200030000017085020070B550F8F8
:10858000043C0446061F002B3BD039B1C36C002BC2
:1085900037D01B7CDA0734D505231CE00568284654
:1085A00000F07AFF6B7A012B2BD0E46C4CB3237C68
:1085B000DB0726D5E368002BEED06269617C30468C
:1085C000FEF764FE054668B9637C0E4A0E48012139
:1085D0000AF07CFF0E23002230461146BDE87040B1
:1085E000FFF7E0BED4E90512E368984718B12846C2
:1085F000FAF754FEEEE729463046FEF777FD0028ED
:10860000F5D170BD00C6020070850200F8B51D46A8
:108610000F461646FAF7A2FD044C182303FB004050
:10862000C0E903760123C3800575F8BD985C00207E
:1086300008B50FF00EF838B1044A0346012104488A
:108640000AF044FF6FF0040008BD00BF27C6020017
:10865000A085020038B5054648B1154B13F8011C3A
:108660001A465C1E0BF05AFD58B1204606E011492F
:108670000F480CF030FB78B10D4B581E38BD002070
:10868000FCE7217C04F1110228460BF047FD00288D
:10869000F5D004F11000F1E7054B064903F1100095
:1086A0000CF019FB0028EAD0014B03F10F00E5E7BD
:1086B000195D002093D2020070B50E4C23788342DE
:1086C00005460E4603D1601C0CF005FB68B9237B00
:1086D000AB420CD1084831460CF0FDFA20B1012024
:1086E000404200F00C00204470BD0020F8E700205C
:1086F000FAE700BFA6630020B363002070B54A1CF0
:108700000C46054688B90E4910460CF0E4FAA8B9A3
:1087100004F10A0604F10B025DB1A17A28460BF0C0
:10872000FDFC00B90026304670BD09780BF0F6FC60
:10873000EDE7034910460CF0CEFAF2E72646F2E7E1
:1087400093D20200024608B5084901300CF0DAFA6B
:10875000002313720C32BFF35B8F52E8001F42E814
:1087600000300028F9D1BFF35B8F08BD93D202001F
:108770002DE9F04180460F4616461D46FFF79CFF47
:10878000044680B91249FFF797FF044630B9114AF1
:108790001148BDE8F04101210AF08FBE00F8018BBD
:1087A00039460CF0AFFA23892BB962892AB92681A0
:1087B0006581BDE8F0819E4204D36289AA42F8D265
:1087C0009E42F5D263892681AB42F2D2F0E700BF28
:1087D00093D202003DC60200A08502002DE9F047B9
:1087E000284B164682689A4207462BD1C568AB8A49
:1087F00043B36C1C05F115094FF00008B4F80730BD
:108800009BB114F8011C224630460BF087FCE0B9FE
:1088100014F8010C2146FEF76FF830B1437B072BAB
:1088200008BF48F00108FDF71BFC0A344C45E5D1B0
:10883000B8F1000F06D1AB69A5F8148013B1414619
:10884000384698470120BDE8F08706F1700A307A73
:1088500051460BF0A8F978B90B4B9D4202D1304636
:108860000CF0E8FA094920460CF04CFA002304F811
:10887000013CA4F80730D8E7514620460CF042FAF4
:10888000D3E700BF91880100DC25002093D20200CD
:108890002DE9F8431E46BDF82030D1F80C80814602
:1088A0000F46002B45D1731E012B45D8012E4146A2
:1088B0000CBF15781588FFF721FF0446C0B915B91C
:1088C0003046BDE8F8834146FFF718FF044638B943
:1088D0001B481C4A02210AF0F0FD6FF01000F0E77F
:1088E00009F1700101300CF00DFA99F8083023708D
:1088F000D8F81C308BB92581B8F81430AB4203D0BE
:10890000414638460CF005FA002DD9D10E49601CBD
:108910000CF0F8F925702581D2E72A4639464846F9
:1089200098470028CDDB01380128E4D96FF00D000D
:10893000C7E76FF00600C4E76FF00C00C1E700BFA7
:10894000A08502005CC6020093D202002DE9F0412E
:108950009846BDF81830012B0646174635D84344D3
:10896000012B454634DCFFF775FE044668B9FFF776
:1089700071FE044648B9194A194802210AF09DFDC2
:108980006FF010052846BDE8F081B8F1000F11D056
:10899000217A002321FA03F2D00703D53A78DA408E
:1089A000D20718D50133032BF4D13B7803F007032A
:1089B00019432172601C06F170010CF0A3F9337A9F
:1089C000237020460CF05CFADCE76FF00605D9E76F
:1089D0006FF00C05D6E76FF01205D3E776C60200FC
:1089E000A085020010B504461448BFF35B8F50E821
:1089F000003F23F0020340E80032002AF7D1BFF322
:108A00005B8FBFF35B8F0368BFF35B8FDA0704D51F
:108A100000220023303806F0EDFB20460CF0BFF8B2
:108A200050B12046FFF716FE30B1037ADB0703D5BD
:108A3000BDE810400CF024BA10BD00BF5049002022
:108A400010B5154801210CF04EF9C30723D40221BB
:108A500011480CF048F9084007D11049104A0B881A
:108A6000104CA24211D300B10B800F490F480EF0F9
:108A700076F90E484FF4A4720023FAF7E7FCBDE83C
:108A800010400B490B480EF06AB9506803449BB282
:108A900008320120E5E710BD385D0020BE630020EC
:108AA0002885020050850200218D0100B048002079
:108AB00081900100204900202DE9F041034648B192
:108AC000008A38B91249DFF84CE001244FF0140C49
:108AD000714501D3BDE8F081D1E90076BB4204D3F2
:108AE0000CFB0672143A93420ED93444A2B20831F8
:108AF0001446EDE70CFB0578434507D001356219B4
:108B0000AE4292B2F6D1F2E70025F8E71046E1E76F
:108B100028850200508502002DE9F74FBDF830503E
:108B2000009199464FF6FF73002D08BF1D46244B58
:108B30001B888342074690463CD203B0BDE8F08FC5
:108B400073682344BB4232D29CB208361D4B9E420E
:108B5000F6D3F2E78958019340460AF0B3FE019B31
:108B600090B101340AF1010AA4B273685345ECD9FB
:108B7000009B9C42E1D8BC42F3D331680BFB0AF264
:108B80008B18B8F1000FE5D1B9F1000F0BD1013D01
:108B9000ADB218460E9A0D9B21469847002DCCD0B9
:108BA0000028DED1C9E7DA689145DAD1EFE74FF066
:108BB000000ADAE7044E01244FF0140BC6E700BFA9
:108BC000BE630020508502002885020030B5E5B064
:108BD0001022002101A80FF0DEF9182200210DEB70
:108BE00002000FF0D8F94FF41053ADF81430274CB1
:108BF0008023ADF816304FF48063CDE9073410229E
:108C000062AB01A905A807F03FFE0CAD034630B1E9
:108C10001F4A204801210AF059FC65B030BD0146C9
:108C20004FF4AC7228460FF0B6F9D5F85811224629
:108C300028460EF00BFD034608B1174AE9E7174A2C
:108C40002B464FF6FF7101200CF099F9144905AB42
:108C5000102228460EF00FFD0446D5F8580107F003
:108C6000D5FD14B10F4A2346D3E70D4B214603F13E
:108C700010020131187812F8014D03F8014B082950
:108C80001070F6D108480CF02EF8C6E70002C003B9
:108C9000A2C60200A0850200CBC602002B4C020037
:108CA000A0480020E9C60200504900202DE9F0410B
:108CB0001849BDF818700446A1F1300015461E464B
:108CC0000EF06CF8BFF35B8F134B1B68BFF35B8F29
:108CD000190701D4FFF77AFF2046FFF7BBFC0446D3
:108CE00068B1037ADA070AD50C30BFF35B8FE3680B
:108CF000BFF35B8FDB0702D402210BF0F4FF1023DC
:108D000006933A4631462846044BBDE8F0410CF044
:108D100024B800BFE048002050490020A0480020AF
:108D2000054BBFF35B8F1B68BFF35B8F1B0701D441
:108D3000FFF74CBF704700BF5049002007B5002324
:108D40000193FFF7B9FE411C89B20846034A01AB03
:108D50000CF015F9019803B05DF804FBEF4B02002D
:108D60002DE9F04387B0437B072B02AF80460C46CA
:108D7000154640F0A68000233B73206842F60303AB
:108D800007F10C01FB810AF09DFD0646002834D155
:108D9000D4F80490B9F1000F05D14C4A4C48012198
:108DA0000AF08BFB8DE00123009007F108022146B9
:108DB000C847031E11DA6D4688B002AA4549D3613F
:108DC0000423C2E9051442F8103F414833464FF4EA
:108DD0000151F8F7FDFEAD4673E0012B05D03E4A88
:108DE0003B4801210AF072FB6BE03B7A13F0300F35
:108DF00067D02046FFF7A2FF0446002320683B739C
:108E000007F10C0142F60213FB810AF05BFD18B179
:108E10002046FFF793FF0446002642F60219206819
:108E20003E703946A7F802900AF04CFD18BB0023AB
:108E300020683B7307F10C0142F60213FB810AF034
:108E400041FD064600283CD1D4F80490B9F1000F4A
:108E5000A3D00090022307F10C0221464046C847E8
:108E6000031EA8DB022BBAD1BB8905EA0300003838
:108E700018BF012026E020683E7142F60303391D29
:108E8000FB800AF01FFD0028D1D020683E724FF40D
:108E9000205307F108017B810AF014FD0028C6D099
:108EA00020683E7342F6010307F10C01FB810AF0D2
:108EB00009FD0028BBD02046FFF740FF04460028EC
:108EC000ADD100201437BD46BDE8F083FFC60200D7
:108ED000A085020013C7020039C702002DE9F8433C
:108EE000154689469422696806460CF073F8804658
:108EF000002842D1696802223046FFF731FF00287E
:108F00003ED04FF470200021AF8AFFF70FFA0237EE
:108F1000044680B11C4B47611D214174C0F80C8090
:108F2000436085613A463046FFF7CEF9074638B9C7
:108F30002046FFF727FA6FF00B052846BDE8F883B7
:108F4000012342464146FFF761FBA98A07F10C0065
:108F500002310AF03FFC20F8029BAA8A29690FF02F
:108F60000CF8A760214630460BF0FCFD05460028B2
:108F7000E3D02046FFF706FADFE74FF0FF35DCE7E6
:108F80006FF01505D9E700BFF54B020070B5044638
:108F90008AB00D46374BBFF35B8F1B68BFF35B8F07
:108FA0005A0761D510B1437B072B60D16E680596D7
:108FB0003046FFF781FD2A68ADF8180032B305A9E5
:108FC00002912D4901910121002300914FF6FF717B
:108FD0000593FFF7A1FD059E1EB96FF001000AB0D1
:108FE00070BD6E60002330688DF8103004A942F621
:108FF0000303ADF812300AF065FC70B90598C36838
:109000009B799B0605D46FF01500E8E70028E9D1AD
:10901000E3E70BF06DFFADF81800BDF818003CB1A8
:1090200001230146AB752A462046FFF757FFD6E7D6
:109030006FF07F0307930223ADF8203042F602134E
:10904000ADF8123005ABAC7502930C4B01930123C4
:10905000009304AA23464FF6FF7109958DF810403E
:10906000FFF75AFD0798BAE76FF00A00B7E76FF00D
:109070007F00B4E714220020234C0200F592010087
:1090800013B550F8082C01920346A0F1200100F11D
:109090003004BFF35B8F54E8002F22F0010244E854
:1090A00000200028F7D1BFF35B8F0D4A43F81C2C3A
:1090B0000C4A43F8182C01AA002043F8102C042273
:1090C00023F8080C23F8060C23F80C2CFFF75EFF9E
:1090D00018B9022120460BF006FE02B010BD00BFF9
:1090E0009C8F0200E58901002DE9F84F3D4B904629
:1090F00082689A4200AF054670D1D0F80C90D8F83B
:10910000004009F1010609F1150AB6F80730F3B17C
:1091100016F8011C324620460BF000F8B8B14FF4A7
:109120009572294620460BF055FF30B3032812D123
:10913000EB4688B06A462C4BCDE9053542F8100F56
:109140002A4800234FF4C451F8F742FDDD460A36A1
:10915000564543D0D9E7052820460CBF4FF0030BF6
:109160004FF0020B0AF0D4FF834506D998F804307B
:109170005B45ECD288F804B0E9E7494628460BF095
:10918000C8FD1B4B994529D1207A04F17001FFF7E6
:1091900093FA054610B303890BB94389F3B120460E
:1091A000FDF7B6F8134B2A8923F8202003EB800340
:1091B0006A8911495A80182202FB00110F4A4A603D
:1091C0000B610F4A8A60042320468B82FFF7DEFE84
:1091D00020B10C4A054801210AF06FF90120BD4673
:1091E000BDE8F88F9188010052C70200A0850200F7
:1091F000DC250020A2630020005D00209C8F02007F
:10920000894E020066C7020070B504468AB00D465A
:10921000354BBFF35B8F1B68BFF35B8F5A075DD580
:1092200010B1437B072B5CD16E6805963046FFF783
:1092300043FC2A68ADF8180032B305A902912B4906
:1092400001910121002300914FF6FF710593FFF773
:1092500063FC059E1EB96FF001000AB070BD6E6020
:10926000002330688DF8103004A942F60303ADF8EE
:1092700012300AF027FB70B90598C3689B79DB06AA
:1092800005D46FF01500E8E70028E9D1E3E70BF01B
:109290002FFEADF81800BDF818002CB101462A4683
:1092A00020460BF0D2FED8E742F60212ADF81220AB
:1092B00005AA6FF07F0302920D4A07930123CDE9BF
:1092C0000032ADF8203004AA23464FF6FF7109950D
:1092D0008DF81040FFF720FC0798BEE76FF00A00FA
:1092E000BBE76FF07F00B8E714220020234C020098
:1092F000F59201002DE9F84F404B144682689A42DE
:1093000080463AD1D0F80C903D4B99451DD13D4D4A
:1093100000263D4928460BF0DEFC78B915F8010C13
:1093200007222946FDF73CFB50BB236915F8010CC9
:109330001A69294653881288FFF71AFA731C022B00
:1093400005F10C054FF00106E3D109F1010709F120
:10935000150AB7F80720A3899A420BD117F8010C18
:109360003946FDF7C9FA064620B1437B072B0AD0E0
:10937000FCF776FE0A375745EBD14FF0010B2AE098
:10938000FCF76EFEDAE7D9F8203023B14146984762
:1093900008B93046ECE79422414630460BF01AFEFD
:1093A00083460028F5D1A389022B17D1B7F80730DF
:1093B0009A0720D52269A1883046FFF78FFD054620
:1093C00018B92269937D013393753046FCF748FE46
:1093D000002DA560CEDA5846BDE8F88F012B0AD1E2
:1093E000B7F80730DB0706D52269A18830460BF0B5
:1093F0002CFE0546E9E75D46E7E700BF91880100DE
:10940000DC250020A763002093D2020013B50F4A89
:1094100000904FF6FF7104466B4601208DF8040062
:109420000BF0ADFD20460AF073FE9DF80410884253
:1094300009D220460AF037FE034620B1044A054807
:1094400002210AF043F802B010BD00BFE99001000C
:1094500083C70200A08502002DE9F0410D4B1B6877
:1094600006460F46904623B153F8044904B1043C24
:109470000BB9BDE8F0811B681BB142463946304646
:1094800098472CB1656805B1043D23462C46EFE7AB
:109490002546FAE73C5D002013B5084A00900446D3
:1094A0006B4601204FF6FF718DF804000BF067FD4D
:1094B000002120460BF000FE02B010BDE990010033
:1094C00070B503460F4A04464FF6FF7101200BF0BA
:1094D00056FD2046FFF7BEF8054688B104F1700638
:1094E000207A31460AF05FFB20B92846BDE870407B
:1094F000FFF728B93146681CBDE870400BF002BC8C
:1095000070BD00BFDD8701007FB54FF42052ADF87C
:10951000162004AA02920B4A00230120CDE9003252
:109520004FF6FF7105AA04938DF81430FFF7F4FA93
:10953000049B012B14BF6FF01500002007B05DF8ED
:1095400004FB00BF4D51020008B501460448044B1E
:109550000BF015FE043B002814BF1846002008BD80
:109560005C49002010B50C4A11680C4ABFF35B8FB0
:1095700000F5B47353E8004F944204D143E8001C53
:10958000BCF1000FF6D1BFF35B8FBFF35B8FD0F858
:109590006801BFF35B8F10BD445C00205849002078
:1095A00008B5FFF7DFFFB8B1036843B1426832B1D5
:1095B000826812B90B4A12783AB904200BE0094AC2
:1095C000127812B10BB1826842B9426842B9002BDD
:1095D00014BF0020032008BD0320FCE70120FAE7A8
:1095E0000220F8E71365002008B5034A034801216B
:1095F0000BF0C3FD002008BDB7C70200E0850200E4
:10960000024A034802210BF0B8BD00BFD2C70200D6
:10961000E085020038B5002304461A46EC300D46BA
:10962000FDF768FB58B1693004D1074A07480121AA
:109630000BF0A3FD2846BDE83840F9F72FBE2046C1
:10964000BDE838400BF0F7BD9EC30200E085020084
:1096500038B5051D0446082128460BF0F5FD0849DC
:1096600004F15700FCF7E0FA48B1082128460BF056
:10967000C4FD0448044A01210BF07FFD082038BDD9
:10968000ED540200E0850200EBC7020038B5EC2281
:10969000054600210EF07FFC102105F1270003F0A4
:1096A000EBFC044648B9052128460BF0CDFDFCF73C
:1096B000ABFA034B1860204638BD0824FBE700BF17
:1096C000445D002070B50E4686B00446FFF74AFFA1
:1096D000F36804F137020546114603F1100053F810
:1096E000046B41F8046B8342F9D1237A052B00F215
:1096F0009580DFE803F017232303936A02AB4B49FD
:109700000093096804F1270304F1570001F0A8FA57
:1097100058BB0A21201D0BF097FDAB680299D4F8C5
:10972000EC00984720460D210BF08EFD201D1021E6
:109730000BF08AFD20460BF0BAFD17E094F8DC1020
:10974000D4F8D83002ADCB403849009503F001037E
:10975000096843F0800304F157000BF07BFF38B138
:10976000334A344801210BF008FD082006B070BDD3
:109770001022294604F117000EF01CFC08B1042049
:10978000F4E7032120460BF05FFD0BF090FD00286D
:10979000EBD194F8DC300133DBB2142B84F8DC30ED
:1097A00009D10D2120460BF04FFD1021201D0BF09B
:1097B0004BFD0020DAE7102104F1270003F05CFCE8
:1097C000003818BF0120C000D0E7102104F12700A5
:1097D00003F052FC0028C8D135B3EB6823B3164B15
:1097E000E27A1B88ADF80830A37C12F0010F08BFA5
:1097F0000320DB0703D5002814BF0120022000232B
:10980000C4E938338DF809000C21201D0BF01CFD34
:10981000EB68D4F8EC0002A99847CAE7074A054864
:1098200001210BF0F9FCA0E702209FE7445D002036
:1098300004C80200E0850200188902001DC8020069
:109840002DE9F04790B004460CAD102200212846C7
:109850000EF0A1FB237A052B34D8DFE803F00603D2
:1098600003063323D4F8D8300C93D4F8EC3004F149
:10987000470204F1C707CDE9017204F1370803F18B
:109880007E0204F12709009277334A46414604F1EB
:10989000970001F07DF9F0B1454A464801210BF0EF
:1098A0006CFC14E0D4F8E430002BDED02E4603F13B
:1098B000100718685968324603C20833BB4216467F
:1098C000F7D1D2E73C4A3B4801210BF0A5FC082028
:1098D00010B0BDE8F087D4F8EC3003F177027E33A6
:1098E00008AE019304F111030292009303962B46F4
:1098F0004246494638460BF0D2FE08B12F4ACCE723
:10990000237A052B0ED1D4F8E01011B30B46AC46E8
:1099100001F1100E18685968624603C20833734596
:109920009446F7D1D4F8EC3003F17E0277330DF191
:10993000100A019304F10A0302920093CDF80CA0DF
:109940002B464A46414638460BF0A9FE30B11C4A28
:10995000A3E7102228460EF01EFBE3E71022514633
:1099600004F1B7000EF026FBF8B90D2120460BF0EC
:109970007FFC07460028AAD010210C3009F02AFFEE
:1099800032460346164603CEAE4218605960324650
:1099900003F10803F6D139462046FFF73BFE201DB0
:1099A00001210BF051FC002092E70B2090E700BF53
:1099B00039C80200E08502001DC802004EC802003E
:1099C00071C8020073B5047A022C054623D844B14D
:1099D00090F8DC30D0F8D840DC4004F0010444F0CA
:1099E0008004032128460BF043FC0646D8B1102121
:1099F0000C3009F0EFFE009012482346006805F194
:109A0000270205F157010BF025FE044680B13046D0
:109A1000F9F744FC07E0032C08D00B4A0B48234617
:109A200001210BF0F9FB082002B070BD0024D8E73B
:109A300031462846FFF7EEFD281D21460BF0DDFBE1
:109A40002046F1E7445D00201DC80200E0850200C9
:109A500070B5061DCD6804460B2130460BF0CDFBDA
:109A60002B4604F1170205F1100153F8040B42F8DC
:109A7000040B8B42F9D1237A012B09D0022B13D18D
:109A8000204604210BF0E0FBBDE87040FFF79ABFD1
:109A90000A2130460BF073FB0028F1D0304600213C
:109AA0000BF0D2FB002070BD0348044A01210BF0EB
:109AB000B3FB0820F7E700BFE08502001DC80200E5
:109AC000F7B50446FFF74EFD261D05460E2130462C
:109AD0000BF055FB78B94E4B2022196804F1570062
:109AE0000EF068FA38B94B4A4B4802210BF045FB9F
:109AF000082003B0F0BD0C2120460BF0B9FB07464F
:109B00000028F5D040210C3009F064FE404B1B6862
:109B10000246014603F1200053F804CB41F804CB80
:109B20008342F9D1203203F1200153F8040B42F8AB
:109B3000040B8B42F9D139462046FFF76BFD237A9F
:109B4000052B5DD8DFE803F003491A035C590421B3
:109B500020460BF079FBFFF735FF0028C8D13046CF
:109B600007210BF071FB0820FFF7EEFC00284DD118
:109B7000204603B0BDE8F040FFF76ABD2046D4F8A8
:109B8000EC70FFF7EFFC042105464FF0FF330DEBBF
:109B90000100019303F070FA0028A9D1019B1F4A2C
:109BA000B3FBF2F102FB11330193C4F8D83084F80F
:109BB000DC0055B12B6843B10B2130460BF044FB60
:109BC0002B68D4F8D81038469847032120460BF06C
:109BD0003BFB0E210BF038FBC1E7204603210BF0C5
:109BE00033FB0E210BF030FB30460A210BF02CFB2F
:109BF0006B68D4F8EC009847B1E704212046E9E708
:109C0000074A054801210BF007FB71E7002070E7C8
:109C1000445D002095C80200E085020040420F002C
:109C20001DC8020070B50E460546FFF79BFCF368A1
:109C300005F15704224603F1200153F8040B42F8C2
:109C4000040B8B42F9D105F1770203F1200153F89F
:109C5000040B42F8040B8B42F9D12046FBF730FF8E
:109C6000F0B11D4A1D4803210BF087FA281D0E2173
:109C70000BF0EAFAD5F8EC40D4F8A40038B9207A11
:109C800004F1700100F0D8FEC4F8A40098B1438A32
:109C900003F024037BB1437C9B070CD4032070BDED
:109CA0002046FBF719FF30B90C480D4A02210BF092
:109CB00064FA0B20F3E70B4B1C682CB9281D062116
:109CC0000BF0C2FA2046EAE72846FFF7F9FE003813
:109CD00018BF0120C000E2E7B0C80200E085020022
:109CE000D1C80200445D002038B512490446A0F1F5
:109CF000EC054C300DF033F828460BF040FBBFF379
:109D00005B8F0D4A04F17C0353E8001F43E80020F9
:109D10000028F9D1BFF35B8FBFF35B8F80344FF026
:109D2000FF3354E8002F44E800310029F9D1BFF394
:109D30005B8F38BD79A801005849002080B500AF7D
:109D400088B06A46074BCDE90530032342F8103F3F
:109D5000054800234FF4C251F7F73AFF6FF00B00AC
:109D6000BD4680BDEDC80200E085020008B5084A86
:109D7000D2F8EC3033B90748C2F8F000EC320A6090
:109D8000184608BDFFF7DAFF6FF00B00F9E700BFD8
:109D900058490020149002002DE9F04188B0064691
:109DA00000AF0B4604300D210BF0E9F990B3DD68EC
:109DB000D6F8EC3003F17008197A424602200BF015
:109DC0000FFC0446E0B941463846F9F7B5FA6E464D
:109DD00088B06A46124BCDE905374FF40073ADF8F1
:109DE0001C30104B42F8103F0F4823464FF4E2510D
:109DF000F7F7EEFE0820B5462037BD46BDE8F081F6
:109E00002B462E3405F1100253F8041B44F8041BB2
:109E10009342F9D1304609210BF016FA0020EBE706
:109E200012C9020003000001E085020038B5174B9B
:109E30001B78054623B301F00F042846FFF7B0FB5B
:109E4000134A03280CBF04F00B0444F0040405F586
:109E5000B6731278BFF35B8F53E8001F013103D153
:109E600043E800200028F7D1BFF35B8FBFF35B8F7F
:109E7000D5F86C31BFF35B8F2BB144F0010038BDD6
:109E800001F00704D9E704F0FE00F8E713650020AD
:109E900011270020F8B50D46D0F8EC700446FFF706
:109EA00061FBED68EB78102B01D00620F8BDD7F8E8
:109EB000A430002B73D0261D0F2130460BF05FF924
:109EC00020B92046FFF7E2FB002871D1012363721D
:109ED0002B68C4F80A30AB88E38102232374A97885
:109EE0002046FFF7A3FFE0742046FFF759FB10233D
:109EF000607423752B7903F0030363756B7903F0AA
:109F00000103A375E37C1A0754D4052130460BF0F6
:109F100036F900285CD0574B1B78A374E37C980675
:109F200006D5AB78990603D5142130460BF08CF991
:109F3000E37CDA074ED5AB78DB074BD50D213046F5
:109F40000BF082F9A37D84F8E830637D84F8E93072
:109F5000032130460BF078F9237BE17C2D7803EA6E
:109F60000102100704D5E27AA07C0243D20735D45F
:109F7000042D35D80B4313F0040307D02046FFF718
:109F80000FFB3D4B05EB85052B441B5C2372D7F87B
:109F9000A41020460BF0FCF820BB032086E7387A9B
:109FA00007F1700100F048FDC7F8A400002882D135
:109FB00008207BE7AB781B07A7D5052130460BF0BF
:109FC00043F9637D03F0020363750023A3759CE7E7
:109FD0002A4BA1E700236375A375B3E70523D5E7F3
:109FE0000023D3E7D4F8EC309B7A032B33D022D86C
:109FF000013B012BDCD8052130460BF0C0F80028CE
:10A00000CBD00C2120460BF01FF902210BF030F9C8
:10A0100005460028CCD006210C3009F0DBFBD4F833
:10A0200011300360B4F81530838029462046FFF7CD
:10A03000F1FA00203AE7042BBAD1237D627B9342E8
:10A0400028BF1346102B7FF430AF052130460BF0AC
:10A0500096F80028A1D0237A002B9ED00521304607
:10A060000BF08DF80028C6D1237A013B012BC2D812
:10A0700093E700BF156500208DD302001465002012
:10A080002DE9F041C778012F044604D06FF0150484
:10A090002046BDE8F0810BF0C1F80546002800F02D
:10A0A000A980061D042130460BF069F8002840F015
:10A0B000A480032130460BF062F810B16FF00F045A
:10A0C000E6E7394630460BF05AF80028F6D1284624
:10A0D000FFF748FAD5F8EC309B7A032B074640D0BF
:10A0E00030D8013B012B46D90F21201D0BF047F83A
:10A0F0000028CBD1D4F8A40090B904F17007217ADC
:10A100003A46202000F0DAFCC4F8A40040B9217AD5
:10A110003A46042000F0D2FCC4F8A4000028B5D0D0
:10A12000438A13F0240FB1D0A27A022A23D9417CAA
:10A13000C907ABD5032A1ED09B06A7D5037C102BDD
:10A14000A4D118E0042BCFD12846FFF729FA032821
:10A1500004D1002FC8D0FB68002BC5D0284B1B783A
:10A1600007E02846FFF71CFA032804D1002FBBD0D4
:10A17000FB68002BB8D0D4F8A4303BB12846FFF7D9
:10A1800085FA044670B16FF0680481E7207A04F123
:10A19000700100F051FCC4F8A4000028EED16FF06B
:10A1A0000B0475E70B2128460BF062F807460028E0
:10A1B000E9D001210C3009F00DFB09218046284629
:10A1C000FFF734FE234688F800002246394605F1A1
:10A1D000EC00FCF78FFD044618B13846F9F75EF83D
:10A1E00056E730460F210BF02FF8012128460BF0DF
:10A1F0002BF84DE76FF07F044AE76FF0040447E760
:10A2000013650020F8B5D0F8EC40D4F8A43005462A
:10A21000061D002B3CD102213B4A3C480AF0ADFF11
:10A2200007213B4B5F5CD4F8A4304BB11B7C002B67
:10A230005FD1D4F8A4000BF0E7F90023C4F8A430F0
:10A24000022130460AF09BFF40B9072F96BF314BE1
:10A250001F21D95D3A462046FCF7FAFA0321304621
:10A260000AF08DFF10B32C4B1B68FBB153F80C693F
:10A2700006B10C3ED3B15B6813B13946204698470E
:10A28000002E3DD0F26802B10C3A33461646F1E793
:10A2900049BB214B0D2130460AF071FF1B68074670
:10A2A00023B153F80C6906B10C3E73B928460BF084
:10A2B00066F8637B072B25D1627AA37A9A4221D074
:10A2C0002046BDE8F840FFF7DBBE1B6813B13946F6
:10A2D000204698472EB1F26802B10C3A3346164632
:10A2E000E3E73246FAE70139C9B20E2999D90927BD
:10A2F00099E7022130460AF042FF002899D19FE7F2
:10A300003246C2E7F8BD00BF2CC90200E08502005A
:10A310007ED302006DD302003C5C0020F8B5031D23
:10A3200006460F46184602210AF029FF044620B1CE
:10A33000B6F8E840B4FA84F46409032118460AF038
:10A340001EFF80B139463046FFF75CFFC4B11A48A2
:10A350001A4A02210AF011FFD6F8EC00052109F093
:10A360006BFE0020F8BD012118460AF008FF002806
:10A37000E8D10F2118460AF002FF0028E2D1E5E7F4
:10A38000052130460AF074FF054688B101210C30E2
:10A3900009F020FA234607702246294606F1EC0010
:10A3A000FCF7A8FC0028DCD02846F8F777FFD8E7B0
:10A3B0006FF06800D6E700BFE085020056C90200D2
:10A3C000134B10B5044618604FF0FF324FF0FF33C7
:10A3D000104804F0ABFB104804F012FF0D4804F0E5
:10A3E00017FC1CB9BDE81040FFF70AB90B4CBFF3CE
:10A3F0005B8F2368BFF35B8F5B0607D5201FFFF7DA
:10A400005FFB18B10821201FFFF788FF10BD00BFB8
:10A41000445D002000260020142600205C49002016
:10A420002DE9F3410B8A04460E4643B92D4A2E48C6
:10A4300001210AF0A2FE002002B0BDE8F081012156
:10A4400006F10C0009F0F6F9A4F1EC05E83C07462A
:10A45000042120460AF093FE3B7828B1234A224883
:10A4600002210AF0D9FEE6E70E2B01D9204AF6E7D1
:10A47000DFF8808058F833204AB902211E4A1A4872
:10A480000AF0CAFE07212846FFF748FFD3E719461E
:10A4900028460AF05DFF3B7860B91348174A02214D
:10A4A0000AF0BAFE032120460AF069FE0028C2D055
:10A4B0000821E8E708EBC301328A0979914208D004
:10A4C00001210093084813460D4A09F009F80A21B2
:10A4D000D9E7314658F833302846984701460028D6
:10A4E000A9D0D0E7AEC90200E0850200C9C90200C8
:10A4F000FAC902003C9002001CCA020036CA0200DF
:10A500007AC402002DE9F04F99B090F8E930D1F803
:10A510000C80D0F8EC6023F0020380F8E93098F862
:10A52000003000AF054606F17009002B3BD098F8CB
:10A53000063003F0C003C02B35D041463846F8F74B
:10A54000FBFE6E4688B06C46614BDFF888816D4635
:10A550004FF4007ACDE90537ADF81CA045F8108F0F
:10A5600000232A465C484FF4E25107F1200BF7F72D
:10A570002FFB4946B5465846F8F7DEFEA546574B31
:10A58000A4F81CA0C4E9053BC4F81080524800237D
:10A590002A464FF4E251F7F71BFB0A20B546643711
:10A5A000BD46BDE8F08F0722414648460DF002FD4A
:10A5B00068B1307A414600F0D9FA044638B1014614
:10A5C00028460AF0E5FD48B320460BF01DF80D21A2
:10A5D000281D0AF0D4FD002868D0317A4A460220AE
:10A5E0000AF0FEFF0446D8B907F14005494628465F
:10A5F000F8F7A2FE6E4688B06A46394BCDE90535BC
:10A600004FF40073ADF81C30324B42F8103F324823
:10A6100023464FF4E251F7F7DBFAB5460820BEE7D0
:10A62000F378002B3CD106F17E03187801282BD15A
:10A630009A7902F0C002402A26D1D3F80120C4F84A
:10A640003E20B3F80530A4F8423096F87030DBB104
:10A6500096F8763003F0C003C02B15D02149BC64B6
:10A6600007F14002C7E91098FBF70CFED8F800305C
:10A67000C4F80130B8F80430A4F8053098F8063072
:10A68000E3713046FCF7B4F800212046FAF73CFCB1
:10A6900048B11148144A02210AF06FFD03207EE7F9
:10A6A00006F17703C1E72046FAF740FC95F8E93058
:10A6B0005B0703D50A2128460AF0C6FDB5F8E81065
:10A6C00009B100206BE72846FFF79CFDF9E700BFC2
:10A6D00051CA020003000001E0850200CFCA020057
:10A6E00012C90200C553020065CA02002DE9F041FB
:10A6F0000E46D0F8EC800446FEF734FFF6680546B7
:10A7000033781048104A0121271D0AF085FD0A21DF
:10A7100038460AF01DFE38B16DB920463178FFF792
:10A7200071FD0020BDE8F0810B2138460AF010FED3
:10A730000028F1D1F1E72B69002BEED04046984775
:10A74000EBE700BFE0850200A0CA02002DE9F0435C
:10A75000054689B0A0F1E806044600AF88463046B9
:10A76000012155F8EC990AF0F3FD28B3B8F1000F78
:10A7700017D0032130460AF002FDE8B14046F9F750
:10A7800027FC0138C0B208289ABF374B1C5C002454
:10A79000022130460AF058FD21462846FFF732FDD7
:10A7A0000AE099F80B303BB1032130460AF0E7FC90
:10A7B00030B928460AF0E3FD2437BD46BDE8F083F2
:10A7C000052130460AF0DBFCB8B114F8043C1B0745
:10A7D00007D514F8033C180703D5112130460AF0B9
:10A7E00033FD14F8043C23F0080304F8043C14F887
:10A7F000033C23F0080304F8033C14F8033CD90796
:10A8000010D5062128460AF01FFD022130460AF025
:10A810001BFD2168D1F8A46066B134F8041C00293E
:10A82000CAD1BAE79A0701D50821EBE75B07ECD557
:10A830000A21E7E770313846F8F77EFD6D4688B0AB
:10A840006A460A4BCDE905374FF40073ADF81C306A
:10A85000074B42F8103F074833464FF4E251F7F7F1
:10A86000B7F9AD46A8E700BF75D30200C2CA02001F
:10A8700003000001E085020037B5A0F59C75A0F546
:10A880009A74BFF35B8F2368BFF35B8FBFF35B8F5B
:10A890002A68BFF35B8F084800920121074A08F03D
:10A8A0001FFE28460821FFF7ADFC0421204603B017
:10A8B000BDE830400AF0C8BCE0850200D7CA0200FB
:10A8C0002DE9F04389B000AF04460AF0A7FC054625
:10A8D00080B3061D032130460AF051FC50B3D4F872
:10A8E000A40008B10AF090FE04F17009207A4946EC
:10A8F00000F0A2F88046C4F8A400F8B949463846EA
:10A90000F8F71AFD6E4688B06A46414BCDE9053727
:10A910004FF40073ADF81C303E4B42F8103F3E48F8
:10A920004FF4E2514346F7F753F90821B54628465C
:10A93000FFF7F4FC2437BD46BDE8F0830E21304616
:10A940000AF01DFC28B1D4F8A420537C43F0020384
:10A9500053742B7A032B0DD8002B4DD1D4F8A4209F
:10A96000537C23F020035374D4F8A420537C23F0A9
:10A9700001030DE0053B012BF0D8D4F8A420537C53
:10A9800043F020035374D4F8A420537C43F0010314
:10A9900053742B7D697BD4F8A4208B4228BF0B46CF
:10A9A0001374052130460AF0EAFBD4F8A420537C46
:10A9B00048B343F0100353740D2130460AF0DFFB17
:10A9C0000028B7D0D4F8A40020210AF019FED4F84A
:10A9D000A43005F147021E33573552F8041B43F8E3
:10A9E000041BAA42F9D1D4F8A42000235361936137
:10A9F000D4F8A42093839DE7052130460AF0BFFBDD
:10AA00000028ABD0BFE723F01003537492E700BFD8
:10AA100012C9020003000001E085020008B5044BE2
:10AA2000044801221A70FBF799F8002008BD00BF06
:10AA3000136500201C26002070B5054612480378D7
:10AA4000AB420C464FF0010604D1072230440DF012
:10AA5000B1FAA0B12EB10D490D4807220DF0AAFAA6
:10AA600078B9094A134603F8015B2168C2F801105E
:10AA7000A1889980A179997140F21123D36002488D
:10AA800070BD0020FCE700BF485D002093D20200AB
:10AA9000495D0020F8B5084F164604460D460022D1
:10AAA0007B8A234002B1F8BD002BFCD031463846EA
:10AAB000A8470122F4E700BF485D002070B50B4CA9
:10AAC000638A03400D464FF000061146227808D0F5
:10AAD000954204D10722601C0DF06CFA18B1304683
:10AAE00000E0184670BD2046FCE700BF485D00202E
:10AAF000F8B50B78012B06460C4601D00020F8BDB6
:10AB00008B7903F0C003402BF8D1154D6F8A29468D
:10AB1000BF0711F83E2B4FF0000304F1010006D5EA
:10AB2000B24204D106220DF045FAB8B10023002B41
:10AB3000E4D16B8A9B07E1D52B78B342DED1661C4A
:10AB40000848314608F0ABFE0028D7D0D4F80130D1
:10AB5000C5F83E30044BB4F805209A800048CEE793
:10AB6000485D0020765D0020865D002010B5074C12
:10AB70002378834208D10722601C0DF01BFA0028BD
:10AB80000CBF2046002010BD0020FCE7485D0020DF
:10AB90002DE9F0439BB0304CDDE923871D46844608
:10ABA000894616460CAB04F1300E206861681A46DF
:10ABB00003C2083474451346F7D120681060227927
:10ABC0001A716146202204A80AF02CFD23486B4626
:10ABD000202204A900F072F80446C0BB10224946A6
:10ABE0000DF135000AF01EFD102231460DF1450031
:10ABF0000AF018FD2946062211F8013B8DF8553060
:10AC00000DF156000AF00EFD2299062211F8013BC3
:10AC10008DF85C300DF15D000AF004FD43463522ED
:10AC20000CA9684600F04AF8044680B940460AF08C
:10AC300003FD01238DF8303035223B460CA96846D0
:10AC400000F03CF8044610B938460AF0F5FC2046FE
:10AC50001BB0BDE8F08300BF1A890200A6D3020032
:10AC600070B598B00E4614460146202204A81D4631
:10AC70000AF0D8FC202231460CA80AF0D3FC10229E
:10AC8000294614A80AF0CEFC1022214668460AF094
:10AC9000C9FC6B46502204A9684600F00FF840B981
:10ACA000039B054A1BBAB3FBF2F102FB11331C9A5A
:10ACB000136018B070BD00BF40420F002DE9F04195
:10ACC0008EB007460C4615460021182208A81E46DD
:10ACD0000DF061F94FF41053ADF81C30DFF85C80D3
:10ACE0008023ADF81E304FF44063CDE909381022BF
:10ACF00005AB394607A805F0C7FD034648B1104A21
:10AD00001048012108F0E2FB6FF004000EB0BDE82E
:10AD1000F08106AB029310232246CDE90063414641
:10AD20002B4605980CF0D4FC0446059805F06EFD02
:10AD30002043EBD0044A2346E2E700BF0002C003F1
:10AD40001FCB0200888502003BCB0200142870B59F
:10AD500003460C4612D80B4A12F81010D4E900052D
:10AD600002EB4302A0FB01065278002301FB0561C0
:10AD7000EFF7CCFCC4E90001002070BD6FF01500B6
:10AD8000FBE700BFB6D3020008B502F03BFF034665
:10AD900068B10748074A012108F098FB06486FF0A0
:10ADA00004034362BDE8084014300AF0C8BC08BD83
:10ADB0005085020054CB020090220020044B93F8EF
:10ADC0003A3013B1034802F0CBBFFFF7DDBF00BF3D
:10ADD000902200208DAE0100094BBFF35B8F53E83A
:10ADE000002F511C43E800100028F8D1BFF35B8FFF
:10ADF0000AB9FFF7E3BF6FF00F025A62704700BF56
:10AE00009022002080B500AF88B06A46094BCDE99A
:10AE100005304FF40073ADF81C30074B42F8103F7B
:10AE2000064800234FF4E251F6F7D2FE6FF004001B
:10AE3000BD4680BD6ECB02000300000150850200BC
:10AE400038B50F49002205460E480CF099F900204C
:10AE500002F0C4FD044630B12868FFF7D3FF6FF05D
:10AE60000404204638BD024601210720F7F77CFE86
:10AE70000548C368002BF4D104300AF060FCF0E709
:10AE8000D9AD0100F022002090220020F8B503780F
:10AE9000002B40F09A80574CE36A94F850701F42A0
:10AEA000254607D1A36A002B3FD15348BDE8F8409F
:10AEB0000AF045BC94F89810A26D94F85160A1B9BD
:10AEC0000121DBB20B420BD00F4208D016EA010C75
:10AED000B2F9000024D000EBD07040101080023294
:10AEE000490089B2B942EDD9DCE73340018915D078
:10AEF00002EB41019142D5D0B2F9003003EBD3739C
:10AF00005B1022F8023BF5E732F91360002EB8BF60
:10AF100022F8130001338B42F6DBC3E71846FAE749
:10AF20000028B8BFA2F800C0D9E7236C43B1B4F839
:10AF30004C2032493248984701280BD0022837D09C
:10AF4000B4F84C30B4F848209A4231D90133A4F80F
:10AF50004C30002094F89830B3B994F8521018B9D6
:10AF6000A36D03EB4103A365A06D02F00BFE034646
:10AF700050B12448244A012108F0A8FA6FF00403D4
:10AF80001D4863620AF0DBFBE36B1BB9BDE8F840C8
:10AF9000FFF714BFBFF35B8F55E8003F5A1E45E82B
:10AFA00000210029F8D1BFF35B8F012BEEDCF8BD47
:10AFB000E36B002B3FF479AF94F89830002B7FF4CB
:10AFC00074AF124804F03EFF6FE7022B0FD102F07E
:10AFD00019FE03460028EAD00A480D4A012108F06C
:10AFE00075FA04486FF00403436214305EE7052BE2
:10AFF000DDD15AE790220020A4220020B8220020B0
:10B0000060820200508502008ECB0200F0220020F8
:10B0100054CB02002DE9FF410F464FF0FF3380482B
:10B020004FF0FF3203F0AAFE7E68731EFE2B05D997
:10B030007C4A7D48012108F040FA10E000242546B2
:10B0400026FA04F3DA0715D502F010FDE040C30735
:10B050000ED4764A23467448012108F037FA6FF07F
:10B0600015046F480AF06BFB204604B0BDE8F08180
:10B070000135EDB20134082CE2D10DB96C4AD8E7A4
:10B080003B7CA3F10802062A0FD8DFE802F0100E7D
:10B09000120E040E0C000221012D7A7C0BD0002A26
:10B0A00046D0644AC5E70321F6E7634AD3E70021A7
:10B0B000F2E70121F0E7082A06D8DFE802F00808E5
:10B0C000080808080808080013465C4AC3E73B68FC
:10B0D00073B35C6864BB186801387F2828D88DF882
:10B0E00008208DF809401B68554A1B01013BADF84B
:10B0F0000A30012382F898308DF80C3002AA514BA7
:10B10000304602F0EFFC04460028AAD13B686A00F2
:10B1100013B19B8903FB0222FB68934211D2424880
:10B1200000920121484A08F0DBF96FF00B0498E720
:10B13000434B002083F89800424B304602F09CFCC1
:10B14000E1E73F4E86F8525096F89830B868B065FF
:10B15000B04673B13B689D890135A9B202F012FD7A
:10B16000044640B1394A034601212F4808F0AEF9A0
:10B1700077E72946F2E7BC46BCE80F00344D0FC51F
:10B18000DCF800302B6074623B68002B45D00FCB9D
:10B190002F1D87E80F00F36BB762A6F84C40002B19
:10B1A0003BD0BFF35B8F58E8003F48E80042002ADD
:10B1B000F9D1BFF35B8F96F89810E1B9F46B25488D
:10B1C000254A4FF400470023E4FB0701EFF7EEFAAE
:10B1D0000022CDE90001002305F1280004F0FAFD6A
:10B1E0001E484FF0FF324FF0FF3303F0C7FD00B1B0
:10B1F0007062746A35E702F005FD03460028EFD05F
:10B20000174A0948012108F061F96FF00403A5F11C
:10B21000240073620AF093FAE2E7FFF7CFFDDFE75D
:10B2200094220020A7CB020050850200C5CB02006B
:10B23000DFCB02001ACC0200F5CB02004CCC02009E
:10B24000902200208DAE01006FCC02008ECB020058
:10B25000B82200203F420F0040420F00A4220020ED
:10B2600054CB020030B587B000230393CDF80F30E4
:10B270004B798DF813300B7913F020050C4615D05F
:10B280008A797F2A08BFFF228DF81420C3F30402B5
:10B2900003F01F03072B8DF8152009D95A4A5B4884
:10B2A000012108F013F96FF015059DE0FF22EBE78F
:10B2B00022780C2A1ED8DFE802F00A07111D131DA0
:10B2C000151D1D17191D1B0001228DF80E20627817
:10B2D000032A15D0042A16D04D4A0CE00222F4E7C6
:10B2E0000322F2E70422F0E70522EEE70622ECE76C
:10B2F0000722EAE7474A4548012108F0DEF8D2E78D
:10B3000001228DF80F20628844F20A018A4227D870
:10B3100043F6FE718A4203D8002A4BD03E4AEAE740
:10B32000A2F57F523F3A0B2AF8D801A151F822F03A
:10B33000BDB301001DB301001DB301001DB3010029
:10B3400083B301001DB301007DB301001DB30100F3
:10B350001DB301001DB301001DB30100B5B3010011
:10B3600044F214018A4227D044F228018A4225D0AF
:10B3700044F20F018A42D1D1032200E001228DF86C
:10B3800010202649012000FA03F391F85020DBB287
:10B390006DB3A5797F2D13D1134381F850302379F4
:10B3A00091F8512003F01F0300FA03F3134381F8CF
:10B3B00051300BE00222E2E70422E0E70522DEE75B
:10B3C00022EA03028DF8110081F8502003A80BF047
:10B3D000EAF8054640B1237903F01F03104A0090B4
:10B3E00001210A4808F07CF8284607B030BD134315
:10B3F00081F85030237991F8512003F01F0300FAAF
:10B4000003F322EA0303D2E794CC02005085020042
:10B41000CACC0200ABCC0200EECC0200902200208D
:10B4200019CD0200084B70B5C31A0D4607499B1091
:10B4300004465943064840220AF08CF92B4601463F
:10B440002046BDE870401847A05D0020B76DDBB610
:10B45000B881020073B50C4C0C4A4023041B0093C6
:10B460000D460B460A49A4106143064609480AF0F6
:10B470009DF9014628B130462B4602B0BDE8704028
:10B48000184702B070BD00BFA05D0020195802002F
:10B49000B76DDBB6B88102000022F8B50121054680
:10B4A0001046F7F761FB104801F0F0FE0446B8B90A
:10B4B0000AF057FD2F690D49384607F0DDFE031EDF
:10B4C00009DB01263E642D69084905F11C0007F0DF
:10B4D000D3FE031E02DA1C462046F8BDEE64FBE7ED
:10B4E0006FF00404F8E700BF19B60100B490020041
:10B4F0001FB500220123CDE902236C46074A6B46A3
:10B50000CDE900440AF081F928B94FF480420023C4
:10B51000684603F033FC04B010BD00BF2B58020096
:10B5200010B5EFF31184402383F31288BFF36F8FBC
:10B53000074A136823F00201DB07116002D40120DF
:10B540000AF009FD84F31188BFF36F8F10BD00BFAF
:10B55000F05D002030B4104B0C2202FB003301469A
:10B560000020D3E90E529863EFF31180402484F356
:10B570001288BFF36F8F1C6C04F0C00444F0020407
:10B580001C6480F31188BFF36F8F1DB12B460348F5
:10B5900030BC184730BC7047A05D0020B881020065
:10B5A00010B4EFF31180402282F31288BFF36F8F43
:10B5B00017490B6843F0020413F001030C601AD022
:10B5C0004FF08043D3F80C14D3F80C3413F001037C
:10B5D00011D0EFF3118182F31288BFF36F8F0D4A00
:10B5E000136C03F0C00343F00203136481F311886A
:10B5F000BFF36F8F012380F31188BFF36F8F1BB1EF
:10B6000010BC0020FFF7A6BF10BC012001F02EBE29
:10B61000F05D0020A05D002010B1012804D070472B
:10B62000034B1B6C5B0701D1FFF794BF704700BF52
:10B63000A05D0020F8B52849BFF35B8F06460122C4
:10B6400051E8003F41E800200028F9D1BFF35B8FAB
:10B6500033B9224922484B60CB608A6007F01FFE55
:10B66000731E012B2CD80BF0D1FB044650B1EFF325
:10B670001185402383F31288BFF36F8F01244FF0AD
:10B6800080470EE0174B1B78002BF0D04FF0804323
:10B690000222C3F808230546F1E794B1284608F0D2
:10B6A00009F8D7F81824D7F81834D203F5D59B0732
:10B6B00001D0012EF1D14CB185F31188BFF36F8F0A
:10B6C000F8BD002121200BF068FCEAE74FF0804331
:10B6D0000222C3F80423F3E79C5D00208C5D002068
:10B6E000BC5D00207068002008B50448F5F7BCFE7A
:10B6F0000248F7F7F1FC002008BD00BF01B70100C8
:10B7000073B5104E8DF807000446032501220DF194
:10B710000701002002F0EEFF20B101233370204624
:10B7200002B070BD3378002BF9D0013D08D00BF08A
:10B730006DFB0028EAD1002142200BF02EFCE5E74A
:10B740003570ECE716650020EFF31182402383F398
:10B750001288BFF36F8F0A4BD3F8001161B100213B
:10B76000D3F80805C3F80011D3F80031C0B282F352
:10B770001188BFF36F8F70476FF00A00F7E700BFC3
:10B7800000D00040F0B503468478C678EFF3118E00
:10B79000402080F31288BFF36F8F1D7893F801C0AB
:10B7A000641B3440A24288BFA2B2AF18374028467B
:10B7B0001F708EF31188BFF36F8F8F188F4218D1CF
:10B7C00065450CD1EFF31181402080F31288BFF35F
:10B7D0006F8F1878587081F31188BFF36F8F1B79C2
:10B7E000A41AA34228BF074B90B224BF01221A60BB
:10B7F000F0BD03EB000E01309EF805E001F801EB0F
:10B800003040DBE700D00040DB432DE9F04713F088
:10B8100001050F46144604D02448FFF7B3FFBDE8E6
:10B82000F087B2B3EFF31186402383F31288BFF39E
:10B830006F8F0D20F7F78AF980460D20F7F772F920
:10B8400086F31188BFF36F8FDFF864A0194ECAF832
:10B850000051DAF800314FF400590123CAF80030E2
:10B860002546C6F88091DAF80031A3B1FFF76CFFE6
:10B87000031EA4BF05F1FF35ADB2C6F88091A8BF85
:10B880007B55002DEFD1B8F1000F02D00D20F7F756
:10B890003BF92046C3E7EFF31180402383F312887E
:10B8A000BFF36F8F07F006FFDDE700BF145E0020D7
:10B8B00000D0004000E100E070B50D4614460CB920
:10B8C000204670BD4FF0FF334FF0FF320C4803F0BD
:10B8D00055FA224629460B48FFF754FF064608480A
:10B8E00003F018FA3EB94FF0FF324FF0FF3306482D
:10B8F00003F044FAE6E7A41BA4B23544DFE700BF37
:10B90000F45D0020295E0020045E002038B501228D
:10B91000114617480BF04EF9154D0122002105F193
:10B9200010000BF047F940F207432B874FF070638C
:10B930002B620C2385F8243000240E4B85F835400B
:10B94000EC86D3F8042522F00102C3F80425012176
:10B95000C3F80041D3F80021C3F80413224619604C
:10B960000D20F7F701F90D20F7F7CEF8204638BD86
:10B97000F45D002000D0004010B5FFF7E5FE002880
:10B9800020DB174B93F8222093F8214093F82310E3
:10B99000141B31EA0404C0B20DD193F8372093F898
:10B9A000364093F83810141B31EA04040BD10D4BC8
:10B9B00001225A600EE09C180132114084F82500E3
:10B9C00083F8221010BD9C180132114084F83A000F
:10B9D00083F837100448BDE8104003F09BB900BF5E
:10B9E000F45D002000D00040045E00202DE9F0430B
:10B9F000476840F20636D0063B7C87B002EA06066E
:10BA000054BFC2F3401C4FF0030C01F01F05B6F504
:10BA1000837F144645EA43158DF803C044D00DD802
:10BA2000062E16D005D8A6B1022E3FD06FF0150015
:10BA300037E0B6F5807FF9D101260AE040F2022214
:10BA4000964235D0B6F5407F34D0B6F5007FEDD1C3
:10BA50000226220330D57A6801238B40C2F80835CC
:10BA6000B868A0BB05F01F036D092DD0012D77D15B
:10BA70003E4A02EB8302C4F30043D2F8001783F07E
:10BA80000103C4F3404444EA430421F4E16144EA7D
:10BA90008C0421F0070144EA06230B43C2F8003767
:10BAA000002007B0BDE8F0830726D2E70426D0E7E0
:10BAB0000526CEE70326CCE7630341BF01237A685E
:10BAC0008B40C2F80C35CBE74FF0A042D1E70DF127
:10BAD000020229460AF0BDFC14F4403F80460CD116
:10BAE000B86829460AF0EAFCB8F1000FD8D19DF8F1
:10BAF0000210B86801F0C8FCD2E74FF0000901ABB2
:10BB0000CDE90199CDE90439CDF80C90B86803AAC4
:10BB100029460AF073FB4845C2DB14F4003314D005
:10BB2000C4F300449DF803308DF80E3084F0010416
:10BB30008DF80C608DF80D40B8684B4603AA294675
:10BB40000AF00FFC0028CFDAAAE7CDE904330DF1A3
:10BB500003030393B86803AA29460AF04FFBF1E7F1
:10BB600003F5E07350F82330FFDE00BF0003005000
:10BB7000420970B5034602D0012A17D070BD0D4EA0
:10BB8000326951680029F9D003F01F0301250C68C0
:10BB90009D400029F2D08A682A4002D04B68304686
:10BBA00098472CB1236821461C46F2E7024EE7E78E
:10BBB0002346F8E7F0810200D481020038B54568D9
:10BBC000A86890B10AF074FC014670B9A8680AF040
:10BBD00053FC044658B902460649A8680AF036FCE8
:10BBE000224605210620F6F7BFFF002038BD6FF082
:10BBF0000400FBE771BB0100F0B544681646A0687D
:10BC0000227C01F01F0587B045EA421500286DD05F
:10BC1000B6F5001F04D129460AF0A3FC002056E027
:10BC20006268607CC2F8240501AA0020B6F5800F86
:10BC30000190506037D1B3F1007F14BF0523042376
:10BC40008DF804300023CDE904230393E36823FA3D
:10BC500001F111F001010DF103073AD1B6F1A07F16
:10BC600037D105F01F036A0903F5E07326D0012AD6
:10BC70003FD1214A52F82330DB072AD4A0683A4644
:10BC800029460AF0E6FB16301BD00297A06803AAEB
:10BC900029460AF0B3FA002819DBA06801222946D8
:10BCA0000AF00EFCBAE7B3F1C06F05D0B3F1007F24
:10BCB00014BF01230223C3E70323C1E74FF0A042CF
:10BCC000D8E7A068394601F0E5FB0028DDDA07B0C7
:10BCD000F0BDA0683A4629460AF0BBFB0028D5D142
:10BCE0009DF80310A06801F0CFFBCFE76FF085004F
:10BCF000EDE751F82330FFDE00030050044A054B06
:10BD00009362054A1A60012100220320F6F72CBF36
:10BD100024260020505E0020003000402DE9F04F26
:10BD200089B002AFD0F810A0BB6043683A61D3F885
:10BD300020B09B8A7B614FF0FF324FF0FF33054606
:10BD40000C4609F02EFE0AF13C03FB6000230022A2
:10BD50000AF13C00002603F011F833463A69964296
:10BD600001D300235DE0207A010700F19B803A694E
:10BD70002168013696420BD2820709D4227D80EADF
:10BD8000020C0CF0010C02F004025CEA020C24D05C
:10BD9000002B50D101F06042B2F1005F4ED1D4F8D7
:10BDA0000080A3884FF00009BA68CAF85080217A51
:10BDB00000922846424600F0A5F8031E31DB4FF4FE
:10BDC0008042F868002302F0D9FF00284BD02846B3
:10BDD00009F0FEFD6FF0730323E04FF00108626885
:10BDE000D7F814E003EB020CF44529D96C468CB06B
:10BDF000286802A92E4ECA61C1E905637B690A461B
:10BE0000C1E9083040F203530B852A4B42F8103F3A
:10BE1000002329484FF45151F5F7DAFE6FF01B0368
:10BE2000A54628467B6109F0C0FD7B691C37184692
:10BE3000BD46BDE8F08F4FF00008D0E79846CEE74A
:10BE4000C00705D40BEB03007B600CF096F87B6811
:10BE500062681A4493B2B8F1000F0CD1002B9ED047
:10BE60009946D846A0E7DAF84C30002B1DDB237A40
:10BE7000DB0702D400230C3470E7C345FAD1234614
:10BE80000AE0A9EB0201D8687B601FFA81F918FA71
:10BE900081F10CF072F87B685A689145A3F10C03AC
:10BEA000EFD2E7E76FF08503BBE76FF00403B8E775
:10BEB000AECD0200060000011086020008B5CA07D8
:10BEC00043680AD4C1F34201012909D002290FD0E5
:10BED0000A4A0B48012107F0F0FA6FF0150006E05E
:10BEE0009B6A1B684FF0CC72C3F82425002008BD64
:10BEF0009B6A4FF0C8621B68F6E700BF94CE020051
:10BF000010860200F0B589B047680C46164600213D
:10BF100012220DF10E001D460CF03DF804F0010355
:10BF20008DF80C30BDF838308DF80D30BB8C049591
:10BF3000AB4206960AD20A4800930A4A2B460121D0
:10BF400007F0CEFA6FF01B0009B0F0BDC4F3400259
:10BF500082F00102B86A520103A902F08BF8F3E7FC
:10BF600010860200A6CE0200B0B5456800AFAB69EE
:10BF700004469847E869012109F01BFD2A69A86A6F
:10BF8000234629460AF0AAFB002818DA23686C46E3
:10BF900088B06A460C49CDE905134FF40073ADF83B
:10BFA0001C300A4B42F8103F094800234FF4E2517D
:10BFB000F5F70EFE6FF00400A546BD46B0BD204665
:10BFC00009F01EFD0020F8E76ECB0200030000011F
:10BFD000108602002DE9F0412C4E002440F2FF159E
:10BFE000E3B28B4201D3002015E050F8247017F41F
:10BFF000804FC7F3C32CC7F308033ED13F0EAB42BB
:10C0000008BF4FF0FF330B2F16F80CC005D00C2FD4
:10C010002DD06FF08500BDE8F081C2F80835BCF185
:10C02000000F01D14FF0060C5F1C1ED003F01F075C
:10C030005B091FD0012B23D1DFF854E050F82430E6
:10C040000EEB8707DFF84CE0D7F8008708EA0E0E02
:10C05000C3F3C038C3F341239B0043EA480343EAD8
:10C060000C2343EA0E03C7F800370134B8E7C2F8DF
:10C070000C35D4E74FF0A04EE0E76FF01500CAE7AB
:10C0800007F5E077002353F82730FFDEE0D3020006
:10C0900000030050F0F8FCFF08B578B10849094AE0
:10C0A0004FF4004E8C460021E0FB0EC10023604699
:10C0B000EEF77CFBBDE808400AF06FBF08BD00BF8B
:10C0C0003F420F0040420F002DE9F041466896F8CC
:10C0D000268008F00308B8F1000500AF044618BF39
:10C0E000012509F0ABFCB06A30B92946204609F0B9
:10C0F0004EFDBD46BDE8F0810AF019FC0346B8B913
:10C10000B26A6C4688B011686A461F48CDE90501DD
:10C110004FF40071ADF81C101C4942F8101F1C4868
:10C120004FF4E251F5F754FD6FF01200A546E0E739
:10C13000B8F1000FF28DB06A96F82C100CBF4FF4D6
:10C14000B0134FF4D0131A43D0F810E0D0F80880A1
:10C15000DEF8006042F3000303F4402353404FF045
:10C16000010C23F480120CFA01FCDB074CBF4CEAF3
:10C17000060626EA0C06CEF80060D8F8003098478C
:10C180000028B2DAB5E700BFEDCE020003000001DF
:10C190007886020070B5012383400F4ABFF35B8F9E
:10C1A000DC4352E8001F01EA040542E80056002E75
:10C1B000F7D1BFF35B8F4FF4803282400748C0F85D
:10C1C0000823BFF35F8FBFF36F8F03EA01000038CE
:10C1D00018BF012070BD00BFC05E002000100140EC
:10C1E00070B41249D1E90034D01AC31844F10004E4
:10C1F00022F07F46C1E90034A6F50013B3F5400FE5
:10C2000009D20B4B1B681A0A1B069C19094B42F1F9
:10C210000005C3E90045EFF31181402383F3128841
:10C22000BFF36F8F70BC03F0DDBC00BFD84A0020A5
:10C23000C45E0020E04A002011B3BFF35B8F0123EE
:10C24000104A834052E800CF4CEA030C42E800C198
:10C250000029F7D1BFF35B8F0B4A4FF48033834043
:10C26000C2F80433094BBFF35B8F1B68BFF35B8FCE
:10C27000C340DB0742BF064B4FF40032C3F8002136
:10C28000704700BFC05E002000100140BC5E00206F
:10C2900000E100E00D4B1868010A0006BFF35F8F54
:10C2A0000B4BD3F80435181841F10001B3F5801F8A
:10C2B0000AD2084BD3E90023904271EB030303D267
:10C2C00010F1807041F10001704700BFC45E002092
:10C2D00000100140E04A00202DE9F04F85B01646DD
:10C2E0001F469DF840A00446FFF754FF0190FFF75A
:10C2F000D1FFB04271EB07035ED23E4B301A67EBC1
:10C300000101984271F1000109D36FF01505204633
:10C310000199FFF791FF284605B0BDE8F08F364B35
:10C3200003EB0413D3E902239F4208BF964254D083
:10C3300032494FF4803804F1500508FA04F8AD0092
:10C34000C1F848832046ADB209F0E8FC26F07F4BE7
:10C3500005F1804504F5A87305F58835DC464FF0F6
:10C3600003090293029A2CF07F4341F82230C1F86E
:10C370004483D1F80435224A6FF00200C01A6044A9
:10C3800020F07F40904228D9286868B1D1F8043560
:10C390000393A3EB0B0020F07F40B0F5000F1CD9F6
:10C3A000204609F0BBFC039BBAF1000FADD109EBAD
:10C3B000030C09F10109D5E7BAF1000FA5D101235A
:10C3C000104ABFF35B8FA34052E8000F184342E8C6
:10C3D00000010029F8D1BFF35B8F07490E982301B4
:10C3E00001EB0412C8500F9B5360C2E9026700259D
:10C3F0008DE700BF01008000C84A00200010014006
:10C40000FDFF7F00BC5E00207FB51C4C1C4BC4F8B8
:10C410000833C4F848331B4B00254FF0FF304FF072
:10C42000FF31C4F80855C3E902014FF48033C4F862
:10C430000433154B02264FF400320121C4F8046383
:10C440001120C3F880212A46F6F78EFB1120F6F75B
:10C450005BFB0E4A0123A360236013600C4B0D4A63
:10C460000093CDE9015500232846FFF735FF3046FC
:10C47000FFF7E0F8284604B070BD00BF001001408F
:10C4800003000F00C84A002000E100E0C05E002069
:10C49000E1C10100FFFF7F002DE9F7432B4CD4F8E9
:10C4A000043399070BD5D4F8043143B1284A00234B
:10C4B000C4F80431D4F80431136801331360D4F89C
:10C4C0000433DA0323D5BFF35B8F224B53E8002FED
:10C4D00022F0010143E800100028F7D1BFF35B8F81
:10C4E000D30702D4D4F840318BB10025C4F84051B1
:10C4F000D4F84031FFF7CEFEEFF3108272B6164B40
:10C50000D3E90267B042B94104D282F3108803B084
:10C51000BDE8F0834FF0FF384FF0FF39C3E90289DF
:10C52000D3E900101D604FF48033C4F84833C4F8D9
:10C530004051D4F8403182F310880029E7D00090B0
:10C5400032463B4628468847E1E700BF00100140DD
:10C55000C45E0020BC5E0020C84A002030B5431CE9
:10C56000124C85B005D08442A8BF0446012CB8BF48
:10C570000124FFF78FFE0E4B0C4DD3E90013401A38
:10C58000B0F5000F10D22218AA4228BF2A4652182E
:10C590004FF0000007490091CDE9010043F100038D
:10C5A000FFF79AFE05B030BD2A46F0E7FFFF7F0097
:10C5B000D84A0020E1C1010008B5FFF76BFE024B2D
:10C5C0001B68C01A08BD00BFD84A002037B50469EF
:10C5D00094F835300D464BBB0B7B022B29D10B68F1
:10C5E0000BBB94F834204B68D2B9134A591E9142C0
:10C5F00019D823630DF1070120460AF0DEF810F187
:10C600000C0F0BD0AB689DF8070013B1021D44F866
:10C61000223094F83430013384F8343003B030BD24
:10C62000226B9A42E6D06FF01500F7E76FF00F002B
:10C63000F4E76FF08500F1E7FEFFCF0710B50022A9
:10C64000046901211020F6F78FFA00232046034ADF
:10C65000BDE8104019460AF08CB800BF61C6010061
:10C66000F8B50A4E0C46012704B9F8BD94FAA4F5B2
:10C67000B5FA85F52B1D56F8233013B10448294629
:10C68000984707FA05F524EA0504EDE7542600204B
:10C690002882020002460B46014802F047BA00BF5A
:10C6A000B8270020014802F0B3BA00BFB827002025
:10C6B00008B5F5F7BFF90448044A012106F0FDFE6C
:10C6C0000020F6F727FE00BFF88502003BCF0200EE
:10C6D000014902480AF012BBCC5E0020F855002048
:10C6E000094B93F80031042B02D1810709D470471C
:10C6F000022B02D1020704D47047082B03D1830612
:10C7000001D5FFF7E5BF70472765002010B4034649
:10C710000A46034881680C681946234610BC18472E
:10C720000C820200B0B584B000AF3B1D00247C60D9
:10C730000A22BC60C7F80B403960014618460BF06E
:10C7400049FC6D468AB0396803466A460D48079130
:10C75000CDE905034FF40073ADF820300A4B42F8E1
:10C76000103F0A4823464FF41151F5F731FAAD4610
:10C7700084F31188BFF36F8F0323184602DF10374D
:10C78000BD46B0BD58CF020004000001D8850200AC
:10C79000F0B589B0064600AF34480D4634490AF07A
:10C7A00091FA07F10C00EEF724F86C4688B06A465F
:10C7B000304B0593304B06934FF40073ADF81C30AB
:10C7C0002E4B42F8103F2E492E4807F10C03F5F787
:10C7D000FFF9A5462C480AF0AAF850B92B4A294877
:10C7E000012106F06AFE6FF0120420462437BD4690
:10C7F000F0BD274B7B60381DE5F750F8034638B194
:10C80000244A2048012106F061FE6FF01504ECE790
:10C810004FF0FF304FF0FF31FFF73CFF0446002898
:10C82000E3D11D491D48E4F785FC044610B1FFF72C
:10C8300039FFDAE741F64C5307F10800BB60E6F731
:10C8400003F920B1FFF72EFF6FF08504CDE7012338
:10C8500038463B70EEF7F7FF0028F3D1FFF722FFD1
:10C8600033690F481D60F6F763FEBEE7CC5E00201B
:10C87000535E020045B602007DCF020003000001B6
:10C88000C01C4001D88502000C820200A4CF020027
:10C890000DC70100C4CF0200E84A002075C901009D
:10C8A000E1C6010030B5304887B0E4F7C7FB044665
:10C8B000002854D1E4F77CFC0125E4F785FCEDF772
:10C8C0009AFFEDF79AFFEDF79AFFEDF79AFF03AAAB
:10C8D000022120468DF80C50E4F7DEFB00283DDBFA
:10C8E000082303AA07212046ADF80C30E4F7D4FB57
:10C8F000002833DB4FF0FB13039303AA40F203231A
:10C9000003212046ADF81030E4F7C6FB002825DBF4
:10C9100003AA042120468DF80C50E4F7BDFB002843
:10C920001CDB1F2303AA06212046ADF80C30E4F7D8
:10C93000B3FB002812DB40F60C33984212D90B4AA5
:10C94000009029460A4806F0CBFD84F31188BFF316
:10C950006F8F0423184602DF6FF00B000446204659
:10C9600007B030BD2046F9E725C70100E8CF020037
:10C97000D885020073B5434C94F800313BB394F86A
:10C980000031042B56D120783E2833D1A678B31E2F
:10C990005E425E416378FF2B2ED14FF4807300938B
:10C9A00040F20113384A3948012106F099FD384A0E
:10C9B00036486FF00B03012106F088FD002383F356
:10C9C0001188BFF36F8F0423184602DF1DE04FF07C
:10C9D000FF304FF0FF31FFF75DFE48B904F580717D
:10C9E000204600F033FB0546FFF75CFE002DC6D065
:10C9F00002B070BD0026CDE7002200233146F6F7D5
:10CA0000A5FD054648B9002EF2D0002384F8003178
:10CA100002B0BDE87040FFF75BBE62780232194990
:10CA200005F10C0006F0DCFE1A4B1B481B6829467A
:10CA30009847EAE7022B10D1002200230820F6F7DE
:10CA40005FFD05460028D3D063880433B3F5807FAB
:10CA50000FD94FF480720092A4E7082B0BD100236A
:10CA600000222020F6F74CFD638805460028ECD113
:10CA7000BEE71A46D3E7094A0448012106F026FD1D
:10CA8000C3E700BF276500200BD00200D885020055
:10CA900065D00200C85E0020448202002CD0020053
:10CAA0002DE9F341A94D2C780746002C40F0C682B1
:10CAB00004238DF80730A64B0688D3F80080B8F120
:10CAC000000F15D1B6F5105F4FEA96230BD2002B5D
:10CAD00000F0A782013B072B62D8DFE803F0266154
:10CAE0004D95616161DD3F2B00F0DE81012019E28F
:10CAF0000DF106030DF10702691CC0470128E1D0C2
:10CB00009DF8063013B9012840F08E820F236B7018
:10CB10000423AB700123E8702B71A5F80560012395
:10CB20002B70002002B0BDE8F081384640F206428A
:10CB300030F9033B934219D040F21D42934218D082
:10CB4000012042F219039E4200F2588242F20C0385
:10CB50009E4200F24C8240F2064340F21D429E4249
:10CB600018BF964214BF0124002430E0E5F71AFDF7
:10CB7000E7E7E5F78DFDE4E7384640F6634230F934
:10CB8000033B934234D00EDC40F60342934223D061
:10CB900040F62D42934222D040F60142934213D0F8
:10CBA0000120044613E040F67B42934223D040F636
:10CBB0007C429342F4D19DF80730664902338DF8E8
:10CBC0000730EEF7DDFD01E0E4F73CFB012484F0E3
:10CBD00001038DF8063093E7EDF702FEF6E79DF8C6
:10CBE00007305C4903338DF80730EEF701FCEDE7C1
:10CBF000E4F73AFBEAE79DF80730564904338DF82D
:10CC00000730EEF7AFFDE1E73B88A3F58053013B2A
:10CC1000082BC5D801A252F823F000BF41CC010077
:10CC200053CC010067CC0100A1CB0100A1CB0100D6
:10CC3000A1CB0100A1CB0100A1CB010087CC010059
:10CC40009DF80730434808338DF80730EEF7BEFBF8
:10CC5000BCE79DF807303F4840338DF8073009F0B6
:10CC6000FAF80020B2E79DF8073008338DF8073056
:10CC7000384B00221A605A60EB7A23F0600343F0CD
:10CC80006003EB72EDE79DF80730324806338DF80C
:10CC90000730EEF7E2FB99E7384630F8033BA3F59F
:10CCA0000053013B4D2B00F29381DFE813F0550058
:10CCB00062006B0091017400770091017A007D00A1
:10CCC00080009101910191019101910191019101E6
:10CCD0009101910191019101830086008F009101E2
:10CCE0009800A100AA009101910191019101910187
:10CCF000B5009101BE0091019101C100C400C700BF
:10CD0000CA0091019101D300D600D900E200EB00E6
:10CD1000EE00910191019101910191019101910127
:10CD20009101910191019101910191019101910173
:10CD30009101910191019101910191019101910163
:10CD40009101F10091019101FA0000BF28660020D5
:10CD5000DC5E00202F660020E4F790FA42F26403C4
:10CD60009E423FF434AF42F264039E4200F2DA8006
:10CD7000E7E69DF80730B34803338DF80730E5F751
:10CD800007FCEBE79DF80730AE4808338DF8073015
:10CD9000EEF776FCE2E7EEF77CFBDFE7E5F754FD24
:10CDA000DCE7EEF79AFCD9E7EEF772FCD6E7E5F799
:10CDB000A5FDD3E7EEF754FCD0E79DF80730A14975
:10CDC00010338DF80730EEF73FFBC7E79DF80730CB
:10CDD0009C4808338DF80730EEF704FBBEE79DF85A
:10CDE0000730984902338DF80730EEF79BFCB5E722
:10CDF0009DF80730934902338DF80730EEF7A3FC16
:10CE0000ACE79DF8073008338DF807308F23EB71BE
:10CE1000C023EB720020A1E79DF807308949023357
:10CE20008DF80730EEF744FB98E7E5F7EDFB95E763
:10CE3000EEF761FA92E7EEF781FA8FE7EEF7B4FAD0
:10CE40008CE79DF807307F4801338DF80730EEF707
:10CE5000B9FA83E7EEF798FA80E7EEF78CFA7DE708
:10CE60009DF80730774808338DF80730EEF750FB10
:10CE700074E79DF80730734904338DF80730EEF7F7
:10CE800072FB6BE7E5F7D8FB68E7EEF7B2FB65E707
:10CE90009DF807306B4802338DF80730EEF7C3FA80
:10CEA0005CE7EEF745FB59E738464FF60C5230F891
:10CEB000033B934222D84FF60252934212D803F218
:10CEC000FF3292B20A2A3FF611AEA3F57C43013B32
:10CED0000A2B7FD8DFE803F01E347E7E7E5B7E7EE9
:10CEE00049525E00A3F57D43033B092B72D8DFE86E
:10CEF00003F05A715D717171607171634FF6145274
:10CF000093425CD04FF6165293427FF4EFADE5F7B3
:10CF1000A3FD07E09DF807304A480C338DF8073031
:10CF2000EDF771FC42F285039E4274D842F267032A
:10CF30009E4251D842F26603F41A18BF012446E615
:10CF40009DF8073040338DF807303E4B00201880A5
:10CF5000EB7923F0230343F02303EB712B7A23F0C7
:10CF6000070343F007032B72DCE79DF807303548D1
:10CF700017338DF80730EDF760FCD3E79DF80730E5
:10CF8000304820338DF80730EDF77BFCCAE7EDF72A
:10CF900052FCC7E79DF807302A4801338DF8073067
:10CFA000EDF78CFCBEE7EEF74EFCBBE7E5F74CFD7A
:10CFB000B8E7EDF799FCB5E7EEF72EFCB2E79DF880
:10CFC0000730204904338DF80730EDF791FCA9E7CD
:10CFD0000120C3E60120C6E6A6F50153283B9AB21C
:10CFE000194BD34003F0010383F00104EFE5A6F5EC
:10CFF00000530D3B9AB241F24123F2E742F2320371
:10D000009E423FF4E4ADA6F50153033B012B94BFD0
:10D0100000240124DBE526F008034FF602529C1A97
:10D020008BE701242046D2E59DF80730AB700E2235
:10D0300001236A70EB70AE80A87170E54FF0FF308D
:10D0400070E500BF2F6600202F80402038B5094CC6
:10D0500023780D461BB9BDE83840EDF72ABDA2780C
:10D06000611C02320AF089FF0020042320702B701B
:10D0700038BD00BF2866002070B505460E46084C36
:10D08000204609F054FC38B1A368B2B229462046C4
:10D090001B68BDE8704018476FF0120070BD00BFFC
:10D0A0000C82020002484FF4007103F07BB800BF0D
:10D0B0007066002013B54FF4FA73ADF80430002306
:10D0C0008DF806304FF48053ADF80030104A02233B
:10D0D000192168468DF80230ECF764FF044698B9D0
:10D0E00008F0AAFB80B2EAF7B3FF0122214608202C
:10D0F000F5F73AFD012221460B20F5F735FD012217
:10D1000021461046F5F730FD204602B010BD00BFA5
:10D1100025D101000149024809F0F0BDE45E00207C
:10D12000F8550020B0B584B000AF3B1D00247C60F2
:10D130000A22BC60C7F80B403960014618460AF065
:10D1400049FF6D468AB0396803466A460D48079123
:10D15000CDE905034FF40073ADF820300A4B42F8D7
:10D16000103F0A4823464FF41151F4F731FDAD4604
:10D1700084F31188BFF36F8F0323184602DF103743
:10D18000BD46B0BDBDD002000400000140860200D3
:10D1900013B500241549164800946FF009034FF4A5
:10D1A000806201F089FF1349114809F035FE1249E8
:10D1B000124809F087FD224604211920F5F7D4FC16
:10D1C000BFF35B8F0E4B012253E8001F43E80020A2
:10D1D0000028F9D1BFF35B8F0A4905484FF40032AC
:10D1E000002301F0A9FF204602B010BDC07D002041
:10D1F000F8550020D1D00200EF5E0200E45E00206E
:10D20000E05E00203023002010B5BFF35B8F084B99
:10D210001B68BFF35B8F53B1EAF7B0FEBDE8104067
:10D22000044905484FF40032002301F085BF10BDCA
:10D23000E05E002030230020F85500200346024A1B
:10D240000248022106F042B9E5D0020060860200E1
:10D2500010B9024B1B681847FFF7F0BFF45E0020BF
:10D26000014B01201B681847F45E002028B10128FB
:10D2700007D104490020EAF703BE034B01201B68D5
:10D280001847704751D20100F45E0020014B18602E
:10D2900000207047F45E00204FF08053D3F8302117
:10D2A0000D2A55D14FF080410022C1F80C21C1F860
:10D2B0001021C1F83825304AD3F80404C2F82005FB
:10D2C000D3F80804C2F82405D3F80C04C2F82805E2
:10D2D000D3F81004C2F82C05D3F81404C2F83005B2
:10D2E000D3F81804C2F83405D3F81C04C2F840057A
:10D2F000D3F82004C2F84405D3F82404C2F8480542
:10D30000D3F82804C2F84C05D3F82C04C2F8500511
:10D31000D3F83004C2F85405D3F83404C2F86005D9
:10D32000D3F83804C2F86405D3F83C04C2F86805A1
:10D33000D3F84004C2F86C05D3F84434C2F8703511
:10D34000D1F80034DB0709D56FF00103C1F80034D0
:10D350004FF08053D3F830310D2B0CD14FF0805368
:10D36000D3F834313BB14FF01023D3F808224FF0FB
:10D370008043C3F85825704700C00040036803F09D
:10D380001F025B09026004D0012B034818BF002074
:10D3900070474FF0A040704700030050034A430914
:10D3A00000F01F00D35C1844C0B27047E8D30200FD
:10D3B000024611F0010030B515D18B07C1F34000D2
:10D3C00022D51249D1F8200550604FF08052C1F8A3
:10D3D0002005D2F830210D2A08BFD1F820250038C9
:10D3E00018BF012010E04FF0A0444FF08055D4F852
:10D3F00020351360C4F82035D5F830510D2D08BF05
:10D40000D4F82045002BD8D030BD00BF0003005019
:10D41000F7B504460846FFF7C1FF04EB40060D468A
:10D42000B38ADB072AD5204608F0C6FE29462046E7
:10D4300008F032FE50B1204608F044FE276807EBA2
:10D4400080000023C0F81035C0F81035294620466A
:10D4500008F061FE0021B18201A80195FFF78EFF5F
:10D46000019B00EB8300074BD0F80027134043F0EB
:10D470000203C0F80037084603B0F0BD6FF0150096
:10D48000FAE700BFF0F8FCFF014808F090BD00BFCC
:10D490009026002010B504480C4608F06AFD0028CC
:10D4A000A4BF2070002010BD902600202DE9F04F71
:10D4B000074689B057F8049BD9F80413C9B28346CC
:10D4C000082241F00041484608F04EFE051E2FDAC2
:10D4D0000023032106A8CDE90633FFF769FF634B5C
:10D4E00001930DF118084FF0000A019A604912F8F3
:10D4F000013B0192DA0803F007038A5C22FA03F386
:10D50000DB071CD40AF10103022B08F104084FF0D9
:10D51000010AEAD14FF000410022484608F024FEFB
:10D52000032106A8FFF744FF0028D8D125F00045C5
:10D530000124002D40F0848009B0BDE8F08F4D4BF0
:10D5400053440293D8F80060002EDBD0029B96FA79
:10D55000A6F61C78B6FA86F646EA44142046FFF78B
:10D560001DFF0BEB4000F208818A18F802000594B9
:10D57000C1F382030393009306F00706012303FA25
:10D5800006F620EA060008F8020005A8FFF7F6FEF6
:10D59000059A039B02F5E07211F0100F50F822601B
:10D5A000C6F3014633D0009A3846214608F094FD70
:10D5B00005A80594FFF7E2FE059B03F5E073F6B2BC
:10D5C00050F82330C3F301439E4207D10021204687
:10D5D00008F053FD3146204608F04FFD05A805949C
:10D5E000FFF7CCFE059B012202FA03F3C0F82035B9
:10D5F0004FF08053D3F830310D2B01BFD0F82035D8
:10D60000D0F82035D0F82035D0F820359AE7022E12
:10D6100014BF022103212046039308F02EFD039B33
:10D62000032B03D0022E07D1012BD7D1009A21461C
:10D63000384608F051FDD1E7032ECFD1022BF4E795
:10D6400095FAA5F3B3FA83F304FA03F225EA020587
:10D6500003F5A2720BEB430359F82220B3F87010C4
:10D66000C2F30142384608F037FD62E7F8D3020002
:10D670005C910200F8D3020080F08003042B04D8F0
:10D68000054B034413F8800C704707289ABF034BDF
:10D69000185C0020704700BFFAD30200FFD30200DD
:10D6A000064B93F82E00012806D0022818BF042844
:10D6B00014BF01200020704700207047F85E002052
:10D6C00010B5164B164A0020C3F8000592F82F40FB
:10D6D000D3F8041382F82E40146821F033010CB102
:10D6E00041F02301C3F81C01D3F81C41C3F8180111
:10D6F000D3F81841C3F80801D3F8080192F83400B0
:10D7000092F8332002F0010200F00100D20142EA57
:10D7100080120A43C3F8002310BD00BF0070004010
:10D72000F85E002070B50D4A002392F830100125F4
:10D730001E4618B90BB182F8301070BD90FAA0F3F4
:10D74000B3FA83F305FA03F40C3302EB430320EA44
:10D750000400DE8021EA04010123EAE7F85E0020EC
:10D7600073B50023044601AA0E464FF4807101935D
:10D7700008F0F9FE4FF48A71204608F0F4FE4FF4E9
:10D7800082710546204608F0EEFE20B11EB115B1AB
:10D79000144BD3F8343601AA4FF48471204608F0B4
:10D7A000E2FE4FF48671204608F0DDFE4FF48871EA
:10D7B000204608F0D8FE0C4B234083B14FF48E7501
:10D7C000294601AA204608F0CEFE291F083589B255
:10D7D0002046ADB208F0C7FEB5F5AE7FF0D1019896
:10D7E00002B070BD00700040C0FF3F002DE9F04F57
:10D7F0009A464FF0805393B0D3F830311C9D0D2BD7
:10D800003BD10DF1080C0AAF3E4C3E46E0460023EA
:10D8100004EB031E0133DEF8189548F8049B082B2F
:10D82000DEF81CE546F804EBF2D1D4F8F065D4F844
:10D83000403601934FF0010E0023D4F84496D4F8FB
:10D840004886C4F8FC3FC4F8FCEF2E4C5CF804BBDF
:10D8500004EB031E0133CEF818B557F804BBCEF81D
:10D860001CB5082BF2D1019BC4F84036F6B2C4F8BF
:10D870004496C4F84886C4F8F065234B002483F826
:10D88000334083F834409C601C611D6083F8310094
:10D890009C831C4BC3F8F015C3F8F4257DB32322F9
:10D8A000C3F80023184D174C00220127110107FA75
:10D8B00002F301F18046034006F5E04619BF95F8F2
:10D8C0001EE095F81FC09C469E46002B04EB01030A
:10D8D000C6F810E5C6F814C5D3F8181514BF564697
:10D8E000002621F08071013241EA0661082AC3F85E
:10D8F000181505F10205D9D113B0BDE8F08FC3F8B2
:10D900000053CFE700700040F85E0020F8B50446F1
:10D91000067A4779417AC079FFF7AEFE10B96FF009
:10D920001500F8BD214A01F10C0502EB4503012F5A
:10D93000987139D13046FFF79FFE0028EFD002EBF7
:10D940004505E871E378A0781B03000200F4E0606D
:10D9500003F480530343207800F00300034320794D
:10D96000000400F4E02003436078000100F0300080
:10D970000343A079000600F080700343607900053E
:10D9800000F480100343080100F1804000F5E040FE
:10D99000C0F81835012303FA01F192F830300B4337
:10D9A00082F830300020BCE70020C8E7F85E002095
:10D9B000084B01229A600022C3F81421D3F81411F5
:10D9C00005498020C1F88001C3F80025C3F800256F
:10D9D000704700BF0070004000E100E070B5204DCE
:10D9E00095F82E40002C38D1FF20012685F82E60B6
:10D9F000FFF798FE1B4B1C48C3F80041D3F80021E9
:10DA0000C3F80441D3F80421C3F81041D3F810211E
:10DA1000C3F81441D3F814311C239A0806FA02F112
:10DA200011F0330F1CBF03F1804101F5E24102F117
:10DA3000FF3218BF0C6006FA02F218BF096812F034
:10DA4000330F1CBF1C501A5808335C2BE5D107203C
:10DA5000F5F75AF80020286070BD6FF07700FBE7FB
:10DA6000F85E002000700040FC700040014B93F80D
:10DA700030007047F85E00202DE9F74307469946CD
:10DA8000FFF70EFE044608BBDFF8508098F83030F0
:10DA9000082601252F4203D02B421CD00134E4B2CA
:10DAA000013E4FEA4505F5D10D4BC3F8F865131E4D
:10DAB00018BF01233846CDF80090FFF797FE0223E8
:10DAC00088F8324088F82E30304601E06FF00F00C1
:10DAD00003B0BDE8F0836FF01500F9E7F85E0020B1
:10DAE000007000402DE9F341804615461A46FFF7C5
:10DAF000D7FD0646002837D1204F97F830C00820C0
:10DB00003446012318EA030F04D013EA0C0F2ED079
:10DB10000134E4B201384FEA4303F3D16B8813B107
:10DB2000012C27D832B328786B7818B113B9012C9F
:10DB300020D80126009202464046FFF757FE6B8828
:10DB40000F4A0BB143F48053C2F8F83587F83240DE
:10DB50002B7987F83530042387F8366087F82E3024
:10DB6000002002B0BDE8F0816FF00F00F9E76FF020
:10DB70001500F6E76FF08500F3E700BFF85E0020C0
:10DB80000070004030B51D4A136904466BBB00F0BD
:10DB90006043B3F1005F2BD192F83250B1FBF5F343
:10DBA00005FB131038BB0BB2002B24DD92F82E308E
:10DBB000052B06D8032B0BD8022B0ED06FF0760066
:10DBC00030BD062BFAD10E4BC3F82C46C3F83016E5
:10DBD00093683BB1C2E90441F2E78D420BD1C2E93F
:10DBE0000245EDE7C2E90241EAE76FF07700E7E7B7
:10DBF0006FF00C00E4E76FF00600E1E7F85E00204C
:10DC0000007000402DE9FF41524CA368002B00F04A
:10DC10009D8094F82E20022A06D0042A33D06FF07B
:10DC2000760004B0BDE8F0814B4D0126C5F80065D3
:10DC30002168E26849B1032184F82E10C5F82C361A
:10DC4000C5F830262E600020EBE7C5F82C36C5F865
:10DC500030262E6008F09FFC04F108036E600193EB
:10DC600001990220FFF77CFD0028F9D03A4B0022F1
:10DC7000C3F80821D3F80811C3F80C21D3F80C110C
:10DC8000C3F80025DFE7344D4FF00108C5F80085E3
:10DC9000276857B1052284F82E20E268C5F82C3693
:10DCA000C5F83026C5F80080CDE7A18B94F8322066
:10DCB000039203EB41030293C5F82C36C5F83026D6
:10DCC000C5F8008008F067FC94F8363063BB224D3D
:10DCD00001236B6002A90220FFF742FD0028F9D062
:10DCE0000023C5F80831D5F80821C5F80C31D5F85E
:10DCF0000C21A18B94F832200A44E16892B28A4246
:10DD0000A28321BF154AA383D2E90201236124BF64
:10DD1000C2E900011846104B4FF0000238BF6FF007
:10DD20000F00C3F800257CE7D5F8F465F6B208FAD1
:10DD300006F6013EBE42CAD9C5F80480002104207F
:10DD4000FFF70EFD0028F9D00137F3E76FF00B0065
:10DD500067E700BFF85E002000700040005F002011
:10DD6000F8B50246FFF79CFC002851D12A4E2B4CF7
:10DD700096F82E3086F82F30072386F82E300123B0
:10DD80007260C4F80035D4F80453C4F80003E360AB
:10DD90003AB125F0C00545F03305C4F80053002022
:10DDA000F8BD00211020FFF7DBFC0028F9D000238C
:10DDB000C4F80431D4F80431194BC4F82C360127C7
:10DDC0000223C4F83036276008F0E5FBA760002185
:10DDD0002020FFF7C5FC0028F9D0104B0022C3F823
:10DDE0000421D3F80411C3F80821D3F80811C3F8AB
:10DDF000002596F82F1086F82E10C3F81C21D3F8B2
:10DE00001C11C3F81821D3F81821C3F80053C6E732
:10DE10006FF00F00C4E700BFF85E00200070004004
:10DE2000105F00207FB56249614E3320FFF798FCF8
:10DE300010F0100F05460BD05E4B1022C3F80823DC
:10DE4000B218C3F82C260222C3F8302601221A6029
:10DE500015F0200F584C10D094F82E30554A072B4F
:10DE600005D0D2F834369BB2E36000232361D2F8A8
:10DE70000433DB0601D5FFF723FCA80717D50022E2
:10DE800094F82E308DF80420A2680292062BE268E6
:10DE9000ADF80C2017D0072B33D0032B07D1FFF799
:10DEA00087FD022384F82E30236801A89847E907EC
:10DEB0004ED594F82E30033B042B49D8DFE803F00D
:10DEC000594828405D0094F8353023B1236913B1D7
:10DED000384B01221A60236801A89847374B93E812
:10DEE000030086E8030000232361A368002BDED132
:10DEF000FFF75EFD042384F82E3005238DF80430EF
:10DF0000D2E7FFF7DDFB02238DF804306368CCE72E
:10DF100004238DF8043001A823689847254BD3F8D3
:10DF2000F825D20444BF01225A602269062384F8EE
:10DF30002E302AB11F4B6169C3F82C26C3F8301666
:10DF400023692BB903238DF8043001A8236898476F
:10DF500094F82E30072B0AD0164B1948D3F8043307
:10DF600000211840FFF7FCFB012685094DB904B0DC
:10DF700070BD104B01225A60EAE70E4B01229A60F5
:10DF8000E6E795FAA5F3B3FA83F306FA03F225EA76
:10DF900002055A08DB4303F001038DF809308DF8C0
:10DFA000046023688DF8082001A89847DEE700BFC9
:10DFB000005F002000700040F85E0020085F002035
:10DFC000C0FF3F00827B002A38D1036803F01F01A5
:10DFD0005B0922D0012B26D1194A02EB8102194993
:10DFE000D2F800370B4043F4C16343F00403C2F896
:10DFF0000037436803F01F005B0911D0012B17D1D4
:10E000000F4A02EB8002D2F800370B4043F4C163A1
:10E0100043F00403C2F8003770474FF0A042DCE73A
:10E020004FF0A042EDE701F5E07152F82130FFDE3C
:10E0300000F5E070002353F82030F8E7704700BF88
:10E0400000030050F0F8FCFF036809490022C26099
:10E05000C3F80813D3F8001221F4BC51C3F800121E
:10E06000C3F80025012380F8263080F82820704767
:10E0700002029C012DE9F047002380F827304B680D
:10E08000046805460E46174633B1CB6803F060437B
:10E09000B3F1005F40F040813378023B012B06D89A
:10E0A000336903F06043B3F1005F40F035819C4B6E
:10E0B000C4F8083395F8283003F0FF023BB1EB6851
:10E0C000C4F804336FF00F084046BDE8F08707F04E
:10E0D0001403B3FA83F35B0985F82830337885F8A5
:10E0E0002430737885F82530F3682B6173686B6191
:10E0F0003369AB61B368EB61C7F3001385F829306E
:10E100002F627378C4F88835C4F86021D4F8603180
:10E11000C4F84821D4F84831C4F82421D4F8243173
:10E12000C4F80421D4F8043117F0010318BF012307
:10E13000C4F8503517F0020318BF0123C4F8403566
:10E140003378032B00F28180DFE803F05E764A0229
:10E150004FF48073C4F80032D5E90423C4F8442591
:10E16000C4F848350123A3604FF48011204608F01D
:10E1700069FA0028F8D1D5E90623C4F84425C4F883
:10E1800048354FF48023EB604FF0000817F0080982
:10E1900010D13378032B0DD0012B6A686BD123602B
:10E1A000002A55D073682BB96B68002B00F0928061
:10E1B000012363616B68002B00F08C80780744BFFB
:10E1C0000023EB6079065EBFEB6843F00203EB606F
:10E1D000EB6843F40073EB60EB68C4F8043373E757
:10E1E000D5E90423C4F84425C4F84835D5E9062305
:10E1F000C4F83425C4F838354FF48453C4F80032D9
:10E20000012323620223BEE7D5E90423B806C4F83C
:10E210004425C4F848354BBF4FF480734FF4007366
:10E22000C4F80032C4F800324CBF4FF480230223FC
:10E23000EB6001232362A7E7D5E90423C4F8342562
:10E24000C4F838354FF48053D8E76FF015089DE7D0
:10E250006A6902B96361DFF8CC904FF0010A324974
:10E26000204608F0EFF9810501D5C4F814A010EAA2
:10E27000090FF4D096E70123A360002A92D16A69BE
:10E2800032B3DFF8A0A019EA0A0F8BD12649204645
:10E2900008F0D8F910F4007F8146F4D04FF0807177
:10E2A000204608F0CFF9D4F8003208B19A0505D419
:10E2B00001222262626140B14FF00009DB05E2D524
:10E2C0004FF48021204608F0BDF94FF00009DAE74D
:10E2D0006361D6E7D4F8C434C4F8C434002285F8A6
:10E2E00028206BB19A075ABF03F00108A8F18C08E7
:10E2F0006FF00D0813F0040F18BF6FF00A08E3E683
:10E300007B063FF5E1AE291D204608F059F90028AB
:10E3100008BF6FF08B08D7E66FF00C08D4E600BF9B
:10E3200002029C01020004000202040070B50568AC
:10E3300086B002210446284608F084F94FF40071A3
:10E340000646284608F07EF9D0B1D6B9E368C5F88C
:10E3500008330223E360E368C5F804334FF08071AB
:10E36000284608F06FF918B1D5F800329B0502D4A1
:10E3700001232B626B61012384F8273006B070BD46
:10E38000AEB3236A5E060AD494F827303BB9211D48
:10E39000284608F015F980F0010084F82700236A68
:10E3A00013F004033BD1C5F86031D5F86021C5F8FE
:10E3B0005C31D5F85C3194F8293013B194F82730EA
:10E3C00013B30023C5F80032E360314BC5F80833BE
:10E3D00045F30733002B17DB5A09012103F01F0314
:10E3E000994002F160032B4A42F823100CE04FF4ED
:10E3F0008021284608F026F994F82430002B2FD1EC
:10E4000094F82930002BDDD0A38CADF804302369BB
:10E41000049363690293A3690593E3690393D5F8B1
:10E42000C434C5F8C43498072CD459072CD4DA075F
:10E430002CD494F827309B00DBB28DF8003094F890
:10E4400029300BB984F82830236A5B0703D594F888
:10E450002730002B92D0D4E90131684698478DE7E8
:10E460004FF40073C5F8003240F20223E36003F179
:10E47000CE73C5F80833E368C5F804330123AB60F5
:10E480002B627BE70123D8E70223D6E70323D4E7F7
:10E4900002029C0100E100E00368034A01F5C0713B
:10E4A00043F82120704700BF3546526E036803F0E1
:10E4B0001F025B09026004D0012B034818BF002033
:10E4C00070474FF0A040704700030050F7B5064674
:10E4D00008F0A4F9084608F0A1F901A80196FFF791
:10E4E000E5FF019B00EB83000C46D0F800372D4977
:10E4F000019440F20D650B402B43C0F8003701A892
:10E50000FFF7D4FF019B00EB83000127D0F8003711
:10E510000B402B43C0F80037042007F028FD0925E5
:10E5200001A80194FFF7C2FF019AD0F81035D3403B
:10E53000DB0715D401A80196FFF7B8FF019B07FA86
:10E5400003F3C0F80C35042007F011FD304608F045
:10E5500065F9013D042007F00AFD15F0FF05DFD144
:10E5600001A80194FFF7A2FF019A01239340C0F88C
:10E570000C35042007F0FBFC204608F04FF904207E
:10E5800007F0F5FC01A80194FFF790FF019AD0F87D
:10E590001035D34013F0010F0CBF6FF08B0000203B
:10E5A00003B0F0BDF0F8FCFF08B5124BA822002123
:10E5B000184609F0F0FC032202610F4942610F4A3C
:10E5C0008161C2614FF400520262002282624262A3
:10E5D000C26201660A4941661021816609490267E3
:10E5E0000346C266426711F8010D98540132102AA1
:10E5F000F9D108BD1020002011D102001000002028
:10E600000000002017D402002DE9F74FDFF88880C2
:10E61000182606FB008700FB066646447D6AD7F88D
:10E6200028C07368AC4581468B46144603EB050051
:10E6300025D83B6AA3EB050A0AF1FF3E724507D8CD
:10E640002C4409F09AFC7C62012003B0BDE8F08FF5
:10E65000E64472451ED85246019309F08EFC019B98
:10E660002C44E41A05D0706822460BEB0A0109F02D
:10E6700084FC182303FB0988C8F82440E4E70CF164
:10E68000FF3CACEB050C944504D3254409F075FC24
:10E690007D62D9E70020D8E710200020F8B5144BA0
:10E6A000182700FB07751D4407FB00330E46DB6A85
:10E6B000012B14460AD0022B14D023B9284608F0A7
:10E6C000BAF8844208D900242046F8BD284608F04C
:10E6D000B2F8844228BF044622463146284608F054
:10E6E000B3F8F1E72846BDE8F84008F0C8B800BF25
:10E6F00010200020F8B50B4B1B78532B04460E4618
:10E70000174601D0FFF750FF08F0E8F83A460546F3
:10E7100031462046FFF7C2FF0446284608F0E6F8D7
:10E720002046F8BD10200020034B182202FB0033C6
:10E730009A6A586A801A70471020002010B4084A5C
:10E7400008490023C85C12F8014D844204D101330A
:10E75000102BF7D110BC704710BCFFF725BF00BFCE
:10E7600017D40200102000202DE9F843044600AF22
:10E770000D46EFF31188402383F31288BFF36F8FA8
:10E7800004282A4A98BF2A4B9668117C94BF53F8F4
:10E790002030284BE9468AB06A462748CDE9073140
:10E7A00040F20133ADF82430244BCDE9050442F8A2
:10E7B000103F234800234FF43151F3F709FACD46B7
:10E7C00045B1EB69C3F3080323B11E4A1C4801217C
:10E7D00004F073FE2EB1304608F021FB08B1037837
:10E7E00003B91948E9468AB06A46184B0790CDE943
:10E7F000053640F20133ADF82030154B42F8103F9A
:10E8000000230F484FF41151F3F7E2F92946CD46A2
:10E810002046FDF74DFF88F31188BFF36F8F304618
:10E82000F4F744FABD46BDE8F88300BF305F00202E
:10E83000609102001AD1020028D1020005000001F7
:10E840006886020050D1020006B6020071D10200B3
:10E850000400000138B50A4B53F82040013053F84A
:10E860002050A54200D838BD606830B1037EDB0778
:10E8700001D408F044F80834F3E723689847FAE72E
:10E880007491020070B52A4B2A4C2B4D86B00122A0
:10E8900003201A70FFF7DEFF08F085FC0420FFF765
:10E8A000D9FF2646AE4204F130040FD300F0E2FE59
:10E8B000204CAC4226D300F0F1FEEFF769FD1F4A71
:10E8C000938923F00103938106B070BD54F80C3C8A
:10E8D000059354F8103C049354F8143C039354F8F3
:10E8E000183C029354F81C3C019354F8203C0093CC
:10E8F00054E90A2354E90C0100F0BCFC54F8303C04
:10E900005E65CEE7D4E90A23B3F1FF3F08BFB2F159
:10E91000FF3F05D052EA0301206803D108F056FBFF
:10E920003034C6E70649183001F0CCF8F8E700BFEC
:10E9300070680020348402003484020018570020DC
:10E94000FB6E020070B5002386B00122CDE90423DE
:10E95000134E144D01930F22CDE9023212491423B4
:10E9600003FB005506EBC01604464FF4C07000FBD5
:10E9700004110E4B00954FF4A072304600F07AFC63
:10E98000337C0B4AEE6023F0040333744FF40463CA
:10E9900004FB033313442C746B6006B070BD00BFDE
:10E9A00098560020305F0020408A00203F6A020015
:10E9B000008200207FB50020FFF74CFF294B83F336
:10E9C0000888294C636943F400736361E02384F889
:10E9D000223000252023E37725766576A57684F816
:10E9E0002050636A43F4E023636284F82350F3F712
:10E9F000F5FFF4F745F94FF0FF33A362E362F4F754
:10EA000075FAF4F7BDF9F2F76FFF1848184C00F0EB
:10EA1000A9FC0120FFF71EFF0220FFF71BFF00F0FB
:10EA200067FE144B14495C61144B059301234FF4AA
:10EA30000062CDE90353CDE90155114B0095204605
:10EA400000F018FC237C064623F0040320462374C0
:10EA500008F01FFA2846FFF775FF094A314620469D
:10EA6000F4F7F0F8408A002000ED00E0385800206C
:10EA700018570020305F0020C08B00202298020031
:10EA800085E8010038B5064C064DAC4201D30020A4
:10EA900038BDD4E90112204607F054FF1434F4E7DE
:10EAA000B8270020B827002038B5074C074DAC42E6
:10EAB00001D3002038BD204607F068FF08B91C3498
:10EAC000F5E76FF01500F5E764270020B827002070
:10EAD00073B50C46EFF31181402585F31288BFF31F
:10EAE0006F8FC5685DB125602B68C3608369013392
:10EAF0008361002081F31188BFF36F8F11E052EA28
:10EB0000030603D125606FF00B00F3E7CDE9002386
:10EB10000246083000F00CFD18B9034B9B685B6996
:10EB2000236002B070BD00BF305F00202DE9F341CB
:10EB3000044617461E46EFF31188402383F31288DC
:10EB4000BFF36F8F304BC2689B6872B18068984288
:10EB500017D057EA060216D188F31188BFF36F8FDA
:10EB60006FF00F0002B0BDE8F08193F90E10216143
:10EB70000132C4E9023288F31188BFF36F8F00209D
:10EB8000F0E72169F3E793F90E1090F90E309942FE
:10EB900030DA9942A8BF194607F05CFF0546CDE977
:10EBA00000761A482246414600F0C2FC0028E6D012
:10EBB000EFF31186402383F31288BFF36F8FA068B1
:10EBC000D0B1236821699C420AD04BB193F90E3031
:10EBD0009942A8BF19466FF07F039942B8BF194602
:10EBE00007F038FF40B10948314608F0ACF96FF042
:10EBF0000A00B7E70025D2E7002DF4D186F311888B
:10EC0000BFF36F8FF3E700BF305F00207168002013
:10EC1000F8B583680546002B3FD0234A926893429B
:10EC20003ED1C368012B03D9013BC3600020F8BD6E
:10EC3000EFF31187402383F31288BFF36F8F0169CD
:10EC4000806807F007FF2C68A54207D10023C5E9BB
:10EC5000023387F31188BFF36F8FE7E7002CF5D0FD
:10EC6000D4E9003213605A60237C002623F00203AB
:10EC70002374C4E90066A66004F1180008F0FFF9E7
:10EC8000AC6094F90E302B612046A66708F001F9BC
:10EC90000648394608F057F9C8E76FF01500C6E78F
:10ECA0004FF0FF30C3E700BF305F002071680020E5
:10ECB00037B51146EFF31185402282F31288BFF376
:10ECC0006F8F04689CB12368426823F00303944269
:10ECD000036008BF43600121204607F03EFF044661
:10ECE00085F31188BFF36F8F204603B030BD51EA22
:10ECF0000302F5D000F10802CDE9001310462946C1
:10ED000000F016FC0028EFD1014B9B685C69EBE733
:10ED1000305F002070B5EFF31186402383F3128833
:10ED2000BFF36F8F0468A0421AD0CCB1D4E900328F
:10ED300013605A60237C002523F002032374C4E986
:10ED40000055A56004F1180008F099F92046A56760
:10ED500008F09FF831460848BDE8704008F0F3B865
:10ED6000D0E902329A4218BF0133836086F31188DA
:10ED7000BFF36F8F70BD00BF7168002013B5EFF354
:10ED80001181402484F31288BFF36F8F846844B1EB
:10ED9000013C846081F31188BFF36F8F002002B0C3
:10EDA00010BD52EA030406D181F31188BFF36F8FBF
:10EDB0006FF00F00F3E7CDE900230246014800F0B1
:10EDC000B7FBECE77168002007B5074B00930749D4
:10EDD00007484FF0FF334FF4006200F06DF9002058
:10EDE00003B05DF804FB00BF8C910200009400208A
:10EDF000985700202DE9FF41544E04464027EFF379
:10EE0000118887F31288BFF36F8FD4F88450F5B957
:10EE1000022104F19C0007F0D9FE002870D004F113
:10EE2000940500220121284608F0F0F80028F8D1C6
:10EE3000002302934FF0FF324FF0FF33CDE9002360
:10EE4000414604F18C02424800F07CFDD7E7D4F83B
:10EE500088202B68C4F88430954208BFC4F88830F5
:10EE6000D4F89C3043F00203C4F89C30EB6823F0E4
:10EE7000040343F00103EB606B6888F31188BFF370
:10EE80006F8F28469847EFF3118887F31288BFF3F6
:10EE90006F8FEB68D80623F001023ED4EA60EB687E
:10EEA0009A0717D5306823F00203EB6090B103682E
:10EEB000002178B1426895423DD10368002934D1E0
:10EEC00072683360904200D17360002340F8083BC1
:10EED000FFF720FFD4F89C3023F00203C4F89C30E5
:10EEE000DB0530D4D4F88430003B18BF012388F30D
:10EEF0001188BFF36F8F002B81D000F001FC7EE7FB
:10EF0000D4F89C30D90693D5C4F89C0088F31188B6
:10EF1000BFF36F8F04B0BDE8F08123F01103EB6005
:10EF200005F11000FFF7F6FEB9E70B607368984231
:10EF300008BF7160C9E701461BB11A68184613463D
:10EF4000B7E71A46FAE70023D1E700BF505F002079
:10EF50007168002070B5C368C3F340069B0705467F
:10EF60000C460DD50122002104F1080007F022FE15
:10EF700000232360054B65605A681AB9C3E9004451
:10EF8000304670BD14605C60FAE700BF505F00203F
:10EF9000F8B5C3689A0704460E46C3F3400542D449
:10EFA0005F0742D40B680BB983680B60E368D8072E
:10EFB00044BFA368336037684CBF0225012557B3AF
:10EFC0001B4B9A68D7F880309A421ED107F01EFF7B
:10EFD00080F00100C0B2D7F89C30D907C3F380029B
:10EFE0001CD5F2B1F8B100232360D7F8883073B98B
:10EFF000C7E92144384607F004FEE36843F0040300
:10F00000E3603368A3602846F8BD0020E3E71C6096
:10F01000C7F88840EEE76FF0150506E06FF01205BF
:10F0200003E01B07DFD56FF00F0500233360EAE72D
:10F03000305F0020F8B5C36803F00503002B0646D7
:10F040000C4614BF012700271CD08568012200212F
:10F0500004F1100007F0AEFD1349204607F032FE20
:10F06000E36843F01003E360F3685B0712D533688D
:10F0700023606BB9D5F8883033B9C5E921442846F7
:10F0800007F0BFFD3846F8BD1C60C5F88840F6E7BC
:10F090003460F4E7D5F884302360D5F88830C5F8BB
:10F0A0008440002BEBD1F0E7E36B020001460148FE
:10F0B00007F024BE98570020F0B589B00446002020
:10F0C000C4E921000E9D04F18C00C4E9230004F181
:10F0D0009400C4E9250055B32879002840F20110B6
:10F0E00008BF0120C4F89C0000204FF0FF364FF00D
:10F0F000FF37CDE90330CDE90100CDE906670D4BBF
:10F100000094204600F002F955B1296811B120465B
:10F1100007F082FE6B791BB1A38943F00103A38141
:10F12000204607F053FFC4F8804009B0F0BD01202D
:10F13000D8E700BFF5ED010037B501900846EFF3C1
:10F140001184402181F31288BFF36F8FC16811F0E1
:10F150001E0F16D153EA020508D101A9FFF718FFC7
:10F1600084F31188BFF36F8F03B030BD41F0080105
:10F17000C160019981620449103000F0A3FC0120B4
:10F18000EEE70020ECE700BF776C02000146014883
:10F19000FFF7D2BF98570020F7B50C4601901646EE
:10F1A0001D46EFF31187402383F31288BFF36F8F5F
:10F1B000084607F017FD55EA060309D101A92046C4
:10F1C000FFF7E6FE87F31188BFF36F8F03B0F0BD42
:10F1D000E368074943F00803E360019BA3623246FA
:10F1E0002B4604F1100000F06DFC0120EAE700BF9F
:10F1F000776C020001460148FFF7CEBF9857002008
:10F200002DE9F0410546EFF31187402383F312887F
:10F21000BFF36F8F0468A0421CD0DCB1204607F01A
:10F22000E8FD04F1180007F02AFF0026B046C4F8F4
:10F230007880204607F02DFE2C68A54206F10106D5
:10F2400010D07CB1204607F0D4FD04F1180007F07F
:10F2500016FFECE787F31188BFF36F8F0026304667
:10F26000BDE8F0810248394607F06DFEF7E700BFC0
:10F27000716800202DE9F043073285B022F00702C3
:10F280000E461F461099818100F158037F32C0E974
:10F2900016330446002322F03F02042183600174E8
:10F2A0003F2A0F98A073C4E90633E37306F14009BF
:10F2B000A2F1400805D883F31188BFF36F8F084689
:10F2C00002DFB51829462046F3F73CF907300E9BBC
:10F2D00020F00700A066C4E9189802930D9B0193E3
:10F2E0002D1A0C9B00932A463B4631462046F3F7E5
:10F2F00077FC00236365044B9B6803B1DB6EE36618
:10F30000284605B0BDE8F083305F0020F0B587B037
:10F3100000250595109D04950F9D03950E9D029562
:10F32000DDE912760D9D01950C9D00950446FFF7D1
:10F33000A1FFB6F1FF3F08BFB7F1FF3F05D056EA86
:10F34000070305D1204607F041FE204607B0F0BD77
:10F350003A46334604F11800014900F0B3FBF4E7E4
:10F36000FB6E02000123037483810023C0E918337C
:10F37000C366014B98607047305F0020094A93686C
:10F380006FF00A019967084958674B6843F080534A
:10F390004B60002383F31188BFF36F8F9368986FDE
:10F3A000704700BF305F002000ED00E070B590F9BD
:10F3B0001020037C002A2FDBD9062DD11A4C63F0D4
:10F3C0007F032246037452F8183FE169934207D144
:10F3D000C0E900210860E0610FE09942F8D01B68A5
:10F3E000002BF5D093F90E6090F90E50AE42F4DD8B
:10F3F0005968C0E9003108605860A569954200D09D
:10F4000005B9E568A3681A7CD20606D1DA897F2A95
:10F4100003D9AA690AB9636170BDAB4202D028461C
:10F4200000F0D2FA6561F7E7305F002038B590F957
:10F430001020037C002A014604DA03F07F030374E2
:10F4400007F0EFFC0D4D2A46AB6852F8184F944276
:10F4500000D004B9EC688B4207D01A7CD20604D1E4
:10F46000DA897F2A01D9A2692AB1A34202D02046B3
:10F4700000F0AAFA23466B6138BD00BF305F002060
:10F48000B3F1FF3F08BFB2F1FF3F03D0024918308C
:10F4900000F018BB704700BFFB6E0200034648B97E
:10F4A000EFF3058232B9064A51699268914201D060
:10F4B000FFF764BF83F31188BFF36F8F704700BFFE
:10F4C000305F002038B5184CA168E0690B688142B4
:10F4D00014BF1A46002249680B605960A368E169AD
:10F4E0002AB9124AC3E900210B60E3610AE092F9EC
:10F4F0000E5093F90E00854212DD5168C3E90021D8
:10F500000B605360A569094B9D4200D005B9E568C1
:10F51000A3689D4202D0284600F056FA656138BDC6
:10F520008A42DED01268DBE7305F0020485F0020AF
:10F53000F8B50E4B0C4611460D4A98681060DDE98F
:10F540000667EFF31182402282F31288BFF36F8FB8
:10F550009D68284607F077FC284632463B46FFF771
:10F560008FFF2046BDE8F840FFF708BF305F00205E
:10F57000585F0020F8B50446EFF31187402383F36A
:10F580001288BFF36F8F037C03F01F02002A0CBFA9
:10F590000126002649B235D103F07F03037407F03A
:10F5A00040FC294D037C817363F07F032A4603747A
:10F5B00052F8183FE869934207D1C4E9002004607B
:10F5C000EC610DE09842F8D01B68002BF5D093F960
:10F5D0000EC08C45F6DD5968C4E900310C605C60F2
:10F5E000AC69944200D004B9EC68AB689C4202D08C
:10F5F000204600F0E9F96C6187F31188BFF36F8F43
:10F600003046F8BD9B071CD5856807F00AFC81735E
:10F610002B689D4209D16B68C4E900531C606C6083
:10F62000EAE76A689A42F6D01B68002BF3D093F998
:10F630000E208A42F5DD5A68C4E9003214605C602D
:10F64000DAE78173D8E700BF305F0020034648B98E
:10F65000EFF3058232B9064A51699268914201D0AE
:10F66000FFF78CBE83F31188BFF36F8F704700BF25
:10F67000305F0020EFF31181402383F31288BFF342
:10F680006F8F054B9A68D37B013BD37381F311884D
:10F69000BFF36F8F704700BF305F002070B5EFF38E
:10F6A0001186402383F31288BFF36F8F0F4DAB6831
:10F6B000DA7B0132DA732A4652F8184F944200D0AE
:10F6C00004B9EC681A7CD20604D1DA897F2A01D900
:10F6D000A2692AB19C4202D0204600F075F9234667
:10F6E0006B613046BDE87040FFF7D8BE305F002048
:10F6F000024B03F11802C3E906227047305F002075
:10F7000070B5EFF31186402383F31288BFF36F8F38
:10F710001A4CA168E0690B68814214BF1A460022A6
:10F7200049680B605960A368E1692AB9144AC3E9C2
:10F7300000210B60E3610AE092F90E5093F90E008C
:10F74000854216DD5168C3E900210B605360A5694D
:10F750000B4B9D4200D005B9E568A3689D4202D0DD
:10F76000284600F031F965613046BDE87040FFF78A
:10F7700005BE8A42DAD01268D7E700BF305F0020AA
:10F78000485F0020F8B550EA010306460C4603D155
:10F79000FFF7B6FF0020F8BDEFF31187402383F396
:10F7A0001288BFF36F8F124D124BA8681860FFF7D5
:10F7B0003DFEA868104923463246183000F082F911
:10F7C000AA68137C43F00403137404463846FFF719
:10F7D000D5FDAB68D3E90A23B3F1004F08BF002A77
:10F7E000D8D107F081FC201A20EAE070D3E700BFEF
:10F7F000305F0020585F0020FB6E0200014B9868CC
:10F80000704700BF305F00202DE9F8430446878928
:10F81000EFF31186402383F31288BFF36F8F037CCD
:10F82000190705D586F31188BFF36F8FBDE8F883FC
:10F83000D90943F008026FD10274A36813B12046BE
:10F8400007F0F7FA04F1180007F019FCA56D04F1B0
:10F850005808A84511D04FF0000975B1284607F0A7
:10F86000E8FA05F1180007F00AFCC5F87890284678
:10F87000FFF79CFDA56DA845EFD1DFF8BC80D8F857
:10F8800008309C4250D1EFF30589B9F1000918BF47
:10F890004FF00109D8F81850284A954200D00DB908
:10F8A000D8F80C50AB4202D0284600F08DF8204624
:10F8B000C8F8145003F0E7FEB9F1000F02D0204859
:10F8C000FFF750FDD8F808309C4230D1EFF30583A4
:10F8D0006BBBA289D20711D586F31188BFF36F8F56
:10F8E00083F31188BFF36F8F0423184602DFEFF311
:10F8F0001186402383F31288BFF36F8F3046FFF7E2
:10F900003DFDFB0792D5002383F31188BFF36F8F72
:10F910000423184602DF89E703F07F0343F008035E
:10F92000037407F07EFA88E74FF00009B2E786F328
:10F930001188BFF36F8FE4E7305F0020485F00203D
:10F9400038580020D3B5DDE90667089CCDE900678B
:10F95000FFF7EEFD1CB1034B9B685B69236002B0AF
:10F96000D0BD00BF305F0020027C12F01F020346B2
:10F9700010D10A4988420DD00949086868B1D9896F
:10F980007F2909D893F90E20064B1B689A42B8BF0D
:10F99000002070470020704710467047985600209E
:10F9A000942600205C5F0020044BC01A044BC0105A
:10F9B0005843044B01221A54704700BFB858002026
:10F9C000ABAAAAAA7168002070B50C4B0C4D1E7C26
:10F9D000FFF7CAFF182303FB06550446284607F025
:10F9E0004EFB084B00229A553CB1621E2846064940
:10F9F000BDE87040D31700F065B870BD305F0020DF
:10FA0000B858002071680020A9F9010038B5EFF35B
:10FA10001185402383F31288BFF36F8F0F4B104A79
:10FA20009C681068A04206D1FFF7CEFF85F31188CD
:10FA3000BFF36F8F38BD00211B7C1160094AD35C76
:10FA4000002BF3D02046FFF78FFF0028EED0237C59
:10FA5000DB0601D1FFF736FD2046E5E7305F0020E9
:10FA6000585F002071680020024B1868984208BF58
:10FA70000020704798260020034B1B680BB9FCF749
:10FA80009BBD0020704700BF605F002030B570B1A3
:10FA90000B4B5B6898420AD0036843B1D3E9042159
:10FAA000D0E90445121941EB0501C3E90421D0E96D
:10FAB000003213605A600023C0E9003330BD00BF3C
:10FAC00098260020B3F1FF3F08BFB2F1FF3F2DE9B8
:10FAD000F84F0446994615461F467AD08160EFF3E9
:10FAE0001188402383F31288BFF36F8FB9F1000FA1
:10FAF000DFF8E4A020DBFFF7BFFFDAE900270135DC
:10FB000049F100092D1849EBE073C4E90453AD181D
:10FB1000064643EB07074FF00109FFF7A5FFDFF8A3
:10FB2000BCE0DEF804A00346EBB9C4E900EACAF879
:10FB30000040CEF8044028E0DAE900126FF001033B
:10FB40005B1A4FF0FF3161EB02025B1B62EB0902B3
:10FB5000012B72F10001BCBF01230022C0E9043275
:10FB60004FF00009D9E7D3E9041CD4E904208A4204
:10FB700070EB0C0B24DA891A5A686CEB0000C3E9AD
:10FB80000410C4E9003214605C60FFF76DFF84422A
:10FB90000ED1134B1B685BB9B9F1000F02D1FFF70F
:10FBA0006BFF0646304607F053FA0021FCF7D6FCFF
:10FBB00088F31188BFF36F8F28463946BDE8F88F68
:10FBC000521A60EB0C005345C4E90420ADD01B6809
:10FBD000AAE700252F46EFE7D058002098260020FE
:10FBE000605F00202DE9F047DFF8A890DFF8A880DB
:10FBF000C9F800000246FFF737FF0D460026002730
:10FC0000D8E900134FEAE27E50B1D0E9044CA24299
:10FC10007EEB0C0A1BDAA41A6CEB0E06C0E9044654
:10FC200052184FF0000443EB0E032046C8E90023AE
:10FC3000C9F8004007F00CFA2146FCF78FFC85F369
:10FC40001188BFF36F8FBDE8F047FFF7DFBE611883
:10FC500043EBE473C0E90467C8E90013FFF716FF3C
:10FC600001224FF00043C0E9042385F31188BFF35C
:10FC70006F8F83689847EFF31185402383F31288D1
:10FC8000BFF36F8FD9F80020121BC9F80020FFF7CF
:10FC9000EBFEB5E7605F0020D058002010B5EFF311
:10FCA0001184402383F31288BFF36F8FFFF7E4FEC4
:10FCB000054A0346D2E90001181841EBE37184F3C9
:10FCC0001188BFF36F8F10BDD0580020F8B50446DF
:10FCD000EFF31187402383F31288BFF36F8FD0E9CE
:10FCE0000423B3F1004F08BF012A04D087F3118821
:10FCF000BFF36F8FF8BDD0E90A566A1C46F10003C6
:10FD0000022A73F1000334D3013D46F1FF36002E81
:10FD1000BCBF00252E4607F0EBF9013041F1000190
:10FD2000401946EB0101012871F1000147DB07F0A2
:10FD3000DFF9013041F100016FF00203401946EB99
:10FD4000010183426FF000438B413DDB07F0D0F9A6
:10FD5000013041F100016FF00102401946EB01034F
:10FD6000121A4FF0FF3161EB030319492046FFF7E8
:10FD7000A9FE236B01332363236A63B187F31188E0
:10FD8000BFF36F8F20469847EFF31187402383F32B
:10FD90001288BFF36F8F54F8185FA542A6D0002DCC
:10FDA000A4D0284607F084F80023AB6787F31188B6
:10FDB000BFF36F8F2846BDE8F84007F06AB86FF0D0
:10FDC00001024FF0FF33D0E700224FF00043CCE7B1
:10FDD000CDFC01002DE9F04105461C4690461F462A
:10FDE000EFF31186402383F31288BFF36F8FB4F1D2
:10FDF000FF3F08BFB2F1FF3F05D186F31188BFF383
:10FE00006F8FBDE8F081002C09DB012A74F100033B
:10FE1000BCBF0122002412F1FF3844F1FF3728460D
:10FE200007F02DF9DDE906010023C5E90A012B637E
:10FE300042463B4628460249FFF744FEDDE700BF45
:10FE4000CDFC010070B50546EFF31184402686F322
:10FE50001288BFF36F8F07F012F920B184F3118875
:10FE6000BFF36F8F70BD6B6A63B184F31188BFF30A
:10FE70006F8F6B6A28469847EFF3118486F31288D8
:10FE8000BFF36F8F05F1180007F047F80028E5D0A1
:10FE900006F0FFFF21460248BDE8704007F053B866
:10FEA00072680020F8B507460C46164606F0AEFF0D
:10FEB00008B10020F8BD0D4B9B68DD6E002DF8D019
:10FEC000221DF6D2EFF31184402383F31288BFF38F
:10FED0006F8F47F004012846B04784F31188BFF3C1
:10FEE0006F8F0028E5D040F8045BE3E7305F002027
:10FEF0000146024A0020FFF7D5BF00BFA52B020034
:10FF000001680E4A9142034615D1C169A2F110223F
:10FF1000A2F1EF1291420ED18268012A0BD8C26879
:10FF200012B101698A4206D0586928B19B691B1A2F
:10FF30005842584170470120704700BF55AA00FF42
:10FF400070B50E4B9E68B6B13046FFF7D9FF044638
:10FF500018B9F3687BB935690DB9204670BD2846DC
:10FF6000FFF7CEFF28B9EB68B34204D12E462D69C6
:10FF7000F2E70446F1E70124EFE700BF645F0020E9
:10FF80002DE9F041404D06466869884607F00FF9B3
:10FF900018B100242046BDE8F0812C68DCB1AC68C3
:10FFA000CCB1002E6AD0B8F1000F69D008FB06F77B
:10FFB000B7FBF6F6B04565D1391D63D8BA0710D046
:10FFC00027F003020432EC6803E0616891420AD230
:10FFD000A469002CF9D1686907F0EFF80028D9D09E
:10FFE000D7E73A46EFE7D4F808C0BCF1000F02D0DB
:10FFF000012007F0D8FF891A232904F120061CD814
:020000022000DC
:100000000123A360D4E90523AAB19361A3690BB1CD
:1000100062695A610023C4E905332B69DB0703D504
:10002000FFF78EFF0028E3D13A46002130463446E0
:1000300007F0B1FFCFE7EB60E8E702F120002318FB
:100040002039C3E9011CDC602169DFF840C0196177
:1000500044F800C00E48D86101B1CB6061695961B4
:10006000A069986141B18B61996901B14B6101212E
:10007000C4E901212361CDE7EB60F5E73446AAE747
:100080004446A8E70446A6E7645F002055AA00FF9F
:10009000669911EE70B5424E0546706907F087F813
:1000A00000287BD1002D5FD03368002B5CD0B26874
:1000B000002A59D09D4203D3726813449D4202D353
:1000C000012007F070FFA5F120042046FFF718FF7C
:1000D0000028F5D155F8183C012BF1D155F8143C06
:1000E00045F8180CC3B19A68002A42D155F81C2C67
:1000F00002F120015A680A445A6055E905321A6132
:1001000055F8145C2B6903B1DD60204620220021E4
:1001100007F041FF23462C462069002836D082682C
:10012000002A33D163684268203313446360036953
:100130002361D4E90523F2B923BB43696361826972
:10014000A2610BB39C61A36903B15C61236903B134
:10015000DC602022002107F01EFF33699B0703D5D6
:10016000FFF7EEFE0028ABD17069BDE8704007F0E4
:1001700024B80023D0E79361A369002BDDD0626926
:100180005A61DAE7F360F7E7F460DCE7002BE4D1CB
:10019000F368A36103B15C61F460DEE770BD00BF8A
:1001A000645F002070B5174E14220C4605460021EE
:1001B000304607F0F0FE1448706106F0F5FF134971
:1001C000134800F035F8232C1BD915F003031FBF8B
:1001D000043CE418C3F10403ED182246002128462C
:1001E00007F0D9FEC6E90054203CB5606C60B368E6
:1001F000084A1A60B368F360A2F11022A2F1EF126C
:10020000DA6170BD645F0020A02600209500020026
:1002100081FF010055AA00FF014B1B68184700BF72
:1002200004270020014B1B68184700BF002700204F
:10023000024B1860024B0020196070470427002011
:100240000027002010B50A46044619B1024B0021D0
:100250001B68984710BD00BF989102000E4B0340E9
:10026000B3F1607F06D1B1F5885F0CBF00206FF05D
:1002700086007047B3F1707F0BD101F4E043B3F512
:10028000005F06D111F4E06F14BF00206FF086000C
:1002900070476FF0860070470000C07F8A42F8B553
:1002A00006460D4600F00A8101F0FE41B1F1C06F33
:1002B00061D1884C22F4FF7121F00101A14222F0AA
:1002C000FF0014D004F58854A04210D022F47F76A9
:1002D00026F00306A4F57064A64208D004F5A064D5
:1002E000A04204D004F57454A14240F0EB80D1B296
:1002F000784E19B922F48061B14224D125F4FF74FB
:1003000024F00104B44225F0FF0112D0724EB14234
:100310000FD025F47F7727F00307A6F57066B74264
:1003200007D006F5A066B14203D006F57456B44274
:1003300009D115F0FF0406D0684E44F00074B442B1
:1003400004BF02460D468BB122F4FF7323F0010374
:10035000B3F1062F06D0624B22F4FF6121F00701B2
:10036000994203D122F4807225F48075954214BF1E
:1003700000200120F8BDB1F1A06F16D102F0FE43BC
:10038000B3F1A06F40F0888082EA050333F47E1356
:1003900040F0828028047FD5C5F30540C2F30542B2
:1003A00090428CBF00200120E4E74E4B9D4209D1D2
:1003B000A3F500439A4200F081804B4B22F47E105B
:1003C0009842D4E7B1F1407F60D102F0FE43B3F12F
:1003D000407F5BD182EA050030F47E1456D131466D
:1003E0002846FFF73BFF00286AD1404912F47C17EA
:1003F00001EA020113D0B1F1607FC2F3054333D1AA
:10040000D1B241F0007101F17E410339122901D8C6
:100410003748445C15F47C1F2DD19C42A7E7B1F10D
:10042000607F0AD1D3B243F0007303F17E43033BF4
:10043000122B4BD82F49CB5CE2E7B1F1707F17D17B
:1004400006F4E043B3F5005F42D1C6F30221012375
:100450008B4006F4E041B1F5005FDBD1C6F3022624
:10046000012000FA06F4D5E7B1F1707FD2D1F0E7B0
:1004700000242346CEE71FB9C5F30541A1421DD094
:10048000290403D5C5F3054098428AE71A4B9D42DB
:1004900002D1B2F1082F6AE725F0004323F47F036D
:1004A000B3F1106F0CD102F0FE43B3F1106F07D11E
:1004B0001248104040F01060A84258E7012059E768
:1004C000002057E7002B7FF446AF4FE7002397E764
:1004D0000023BEE70002000600130006FF00000232
:1004E000004000060093C004000140050000C07FEA
:1004F00018D4020018D402000002C0030000FFF666
:1005000070B505460F480E4606F051FE044618B178
:100510006FF08F04204670BD6B6933602B7F012B19
:100520000ABF022330602B77064818BF6FF096048D
:1005300006F043FE0028EDD0002CE9D06FF09604C1
:10054000E8E700BFE826002038B50C4C0C4806F060
:100550002EFE65780A4806F030FE0A4806F027FEAF
:10056000022D08D12478E31F5C425C41054806F067
:1005700024FE204638BD0024F8E700BF7C5F002041
:10058000B8260020D02600202DE9F04789461546E0
:100590001C4600F0C3FC0646002851D1D9F8007073
:1005A000B7F800A00AF4E043B3F5804FBB6808BF7A
:1005B00025F0010535EA03033AD1002C40D0B5F50A
:1005C000006F40D0A5F5005255425541284A24F409
:1005D000FF7323F00103934213D0264924F0FF0256
:1005E0008A420ED024F47F7020F00300A1F57061E0
:1005F000884206D001F5A0618A4202D01E4A934289
:1006000023D114F0FF0304D01C4A43F0007393423B
:1006100022D0F9682B4622465046FFF73FFE80461F
:1006200070B939692B4622465046FFF737FEE0B9CC
:100630006FF084060023C9F80030384600F0A6FCAD
:100640003046BDE8F0870125C0E704F0FE43B3F172
:10065000407F04D12304DCD56FF08606EAE7B3F1CE
:10066000A06FF7D0054B9C42D2E74646E8E700BFB3
:10067000000200060013000600460006FF0000020C
:1006800038B500F0FE43B3F1407F04460D4602D07A
:100690006FF0860038BDFFF7E1FD0028F8D114F4B3
:1006A0007C1F18D0C4F30543032B137022D9224AB0
:1006B0002240B2F1607F31D1E4B244F0007404F121
:1006C0007E44033C122CE3D81C4A125D9342DFD8CF
:1006D000202BDFD90EE0184B2340B3F1607F0FD100
:1006E000E3B243F0007303F17E43033B122B04D9C2
:1006F000002313706FF08500CCE71149CB5CD3E782
:10070000B3F1707FF4D101F4E043B3F5005FEFD1B2
:10071000C1F3022101238B40DBB2C5E7B2F1707F48
:10072000B6D105F4E042B2F5005FB1D1C5F30225C0
:100730000122AA40CAE700BF0000C07F18D402000F
:1007400018D402002DE9F3414768D0F8148004461C
:1007500038460E4607F02EF80546E8B9FFB22FB925
:10076000B8F1000F05D06FF0860515E0B8F1000F65
:10077000F9D0A36823F0031323F47F43002BF2D1B5
:1007800062884FF6F8739A4228D81648277906F0FF
:100790000EFD28B16FF08F05284602B0BDE8F0814C
:1007A00007B901A8314600F069FB05460D4806F07F
:1007B00004FD10B1002DEFD1ECE7002DECD10FCCF2
:1007C000D6F800C066460FC694E8070086E8070022
:1007D000002FE1D1019BCCF81430DDE76FF08505E7
:1007E000DAE700BFE826002010B5044650B10648FD
:1007F00006F0DDFC204606F011FEBDE81040024880
:1008000006F0DBBC10BD00BFE826002013B504468F
:1008100010B301A900F082FB0446E8B9194806F0BC
:10082000C6FC0346019853B1002406F0AEFF002831
:1008300018BF0446134806F0C0FC68B109E0037F06
:10084000032B11D106F0A1FF04460E4806F0B5FCBB
:1008500028B10CB96FF08F04204602B010BD002CF7
:1008600008BF6FF08704F7E7022B07D10323037754
:100870000379FF2BD8D16FF08404D6E76FF096048C
:10088000D3E700BFE82600202DE9F0411E4688B0DE
:10089000904600220388059205460F46CDF81C803D
:1008A0003260B8F1000F65D0B8F1005F80F0A18030
:1008B00023F0FF03B3F5E24F02D0B3F5824F25D109
:1008C000284606F089FC0446002840F08680EB6844
:1008D00083B16A8872B12B8803F44F41B1F5824F1E
:1008E00002D0B1F5884F05D1DBB2222B36D02CD8FF
:1008F000122B38D03A4608EB0701002312F8010BFF
:100900008A4243EA0003F9D1002B33D005A92846D7
:10091000FFF718FF0446A0B9059B9B6A6BB3059BC4
:100920005A88069206AA029203F1280201929A6A54
:1009300000925B6A42463946284606F06DFF04463F
:1009400080B30598FFF750FF47E0273BDBB21B2B36
:10095000D0D8294921FA03F3DB07CBD50732B8EB0E
:10096000D20FC7D206E040F209239A42F6D1B8F17D
:10097000400FBFD86FF086042FE06B681B0A07D1C9
:100980000799059806F00AFD04460028C7D0D8E765
:1009900007AB42463946284606F016FF04460028B3
:1009A000EED0CEE70599069B4A88D2B94B80069ACD
:1009B0004FF6F8739A4219D82B88059813B102881C
:1009C0009A4210D16B8813B142889A420BD13146BA
:1009D000FFF796FD04460028B3D1204608B0BDE8D5
:1009E000F0819A42E3D06FF08604AAE76FF08504A5
:1009F000A7E76FF08504F0E70102000C38B5044664
:100A00000D46FFF7A1FD30B12A4621460348BDE857
:100A1000384006F0A8BF6FF0880038BD805F002026
:100A200073B5002203880A600092428804460D468E
:100A3000002A00F0FF80028802F4E042B2F5804F05
:100A400000F0F88023F0FF03B3F5E24F02D0B3F5D6
:100A5000824F04D1204606F0BFFB0646D0B9694656
:100A60002046FFF76FFE064660BB009B9B6AA3B162
:100A70000099204601F12803D1E9091206F0AEFEE3
:100A800006460098002E40F0D2802946FFF738FD38
:100A90000646B8B9304602B070BD63681B0A40F024
:100AA000BD802288618802F4E043B3F5805F0DD0F9
:100AB000B3F5005F0AD002F44F40B0F5824F1ED06C
:100AC0006FF085060098FFF78FFEE3E7104606F00B
:100AD00036FC06460028F5D147F201039A4220D1A0
:100AE0004B080133DB0803EBC3033B330193DDE920
:100AF000000106F053FC06460028B9D0E2E7B3F542
:100B0000E04FDDD147F201039A42E9D022F0FF0322
:100B1000B3F5884F15D1CB1DDB0803EB430301333D
:100B2000E4E744F201039A4202D1CB081033DDE737
:100B300022F0FF03B3F5E84FEAD1CB1DDB085B00E1
:100B4000D4E7B3F5EE4F67D0B3F58E4F02D1CB1D8E
:100B5000DB08CBE702F44F40B0F5824F02D0B0F58E
:100B6000884F06D1D0B2422801D1CB08D7E741281F
:100B7000EDD0B3F5E24FEAD0B3F5824F03D1CB1DF0
:100B8000DB085B00CBE744F20D039A4224D844F221
:100B900001039A42DBD9A2F58042023A0B2AD6D849
:100BA00001A353F822F000BFED0B02004F0B02002F
:100BB000F90B02004F0B02004F0B0200010C020068
:100BC000090C02004F0B02004F0B0200110C020037
:100BD0004F0B0200110C020047F202039A421BD095
:100BE00047F204039A42B2D140237FE74B094FF406
:100BF000A0725343203379E70B0A4FF4C072F8E731
:100C0000CB1DDB08183371E7CB1DDB081C336DE708
:100C1000CB1DDB08023392E7202367E701A92046BA
:100C200006F0D7FD064600283FF461AF4AE706F01C
:100C3000EAFB47E76FF086062CE700BF10B51C4CB7
:100C40001C4806F0B4FA2378590744BF03F0FB03AD
:100C500023709A0705D500F0F7F8237823F00203F4
:100C60002370144806F0A9FA134806F0A0FA637836
:100C700013B1124806F079FE00234FF4AC710F480F
:100C80006370FFF7DFFA0C4806F097FA094806F0A0
:100C90008EFA2378DB0705D506F095FD237823F03F
:100CA00001032370BDE81040024806F086BA00BF79
:100CB0007C5F0020D0260020B8260020805F002026
:100CC00070B5FFF741FC10B10024204670BD3448D8
:100CD00006F06DFA044620B16FF08F04FFF7AEFF07
:100CE000F3E7304D2B789E0706D400F0A5F82B785B
:100CF00043F0020304462B70294806F05EFA10B157
:100D0000002CE9D0EAE7002CE8D1254806F04FFA9C
:100D100004460028E0D12B78D80706D406F051FD10
:100D20002B7843F0010304462B701D4806F045FA6A
:100D30000028E5D1002CD1D1194806F038FA002856
:100D4000CAD117482E7806F038FA0028C4D11648C0
:100D500006F02DFA04460028BED16B783BB9F107A6
:100D600005D5124806F0FDFD022304466B700E48BF
:100D700006F023FA0028C3D1002CAFD1084806F0B2
:100D800016FA0028A8D12B7805485A075CBF43F013
:100D900004032B7006F011FA002895D09CE700BFE1
:100DA000D02600207C5F0020B8260020805F002035
:100DB00000F140420F2A30B50CD81D4B2C2404FB07
:100DC00002331A7F022A02D15A69824224D06FF07C
:100DD0008B001AE0441E6FF040439C420ED2144A2E
:100DE00000241346157F022D02D15569854210D08B
:100DF0000134102C02F12C02F4D1E8E70D4BA2F5DE
:100E000080529A42EBD96FF0870030BD6FF09600A8
:100E1000FBE72C2202FB04331A7F022AF6D11A6A5E
:100E2000501CF3D001321A6200200B60EDE700BFC6
:100E3000D8600020FFDFFF3F024B012283F8C02271
:100E400000207047D86000202DE9F0410A4C0025B1
:100E500026464FF001080327C4F820802777204654
:100E6000013506F0DBFA102D04F12C04F4D1002337
:100E700086F8C032BDE8F081D8600020F8B5244D76
:100E8000064624480F4606F092F995F8C0422148DC
:100E900006F093F9002C34D000242B462246197F0B
:100EA000F9B13CB9022905D1196A19B91979002992
:100EB00018BF1C460132102A03F12C03EFD114B9DC
:100EC0006FF08C000BE0237F022B04D1236A5A1CA5
:100ED0001CBF01332362204606F0A0FA10B10024A3
:100EE0000DE01C46237F7BB90123237736B10A4BE3
:100EF000651BAD105D4305F18045356000203C6009
:100F0000F8BD6FF08800EAE76FF09600E7E700BFF2
:100F1000D8600020D0260020A38B2EBA002370B505
:100F20000B60044616480D4606F041F9154B14486F
:100F300093F8C06206F041F9FEB1134806F037F9A4
:100F4000064618B16FF08F04204670BD2046294632
:100F5000FFF72EFF10F18C0F044607D00A4806F069
:100F60002CF90028F0D0002CEED1EBE706482E60DB
:100F700006F023F96FF08704E6E76FF08804E3E7F3
:100F8000D0260020D8600020E826002010B50446B6
:100F9000084806F00CF940B9204606F0F6FB044676
:100FA000044806F00AF910B10CB96FF08F0420461E
:100FB00010BD00BFE826002070B40A4E4568DCB2C0
:100FC00044F00074B4424FEA152503D035B970BC23
:100FD00000F0CCB86FF0850070BC70476FF08600F1
:100FE000FAE700BF05000002F7B5089E0D4FF5B205
:100FF000044645F000754868BD424FEA10200AD00B
:1010000060B9009604F1080000F07CF808B91C23D0
:10101000236003B0F0BD6FF08500FAE76FF0860043
:10102000F7E700BF05000002F7B5089E0D4FF5B2C7
:10103000044645F000754868BD424FEA10200AD0CA
:1010400060B9009604F1080006F08EFD08B91C2373
:10105000236003B0F0BD6FF08500FAE76FF0860003
:10106000F7E700BF050000022DE9F0414FF6FF74DD
:101070009C4228BF1C460D461FFA84F81646AAB1AA
:10108000A1B19BB10B4F384605F051FC18B96FF078
:101090009200BDE8F081BB6842461B683146384685
:1010A00098470028F3D1E4002C60F2E76FF0860047
:1010B000EFE700BF0C8202007FB50024C0F8484172
:1010C0000F4C0094054606F0FDFB044698B903ABAF
:1010D000102205F59C7601930092334605F5947134
:1010E000284606F002FC044628B9304606F06BFCA0
:1010F000204604B070BD284606F003FCF8E700BFA8
:10110000004440042DE9F0411E46069B1746154A4F
:1011100023F47E13934204460D461BD10B88B3F58E
:10112000105F17D1A6F11002102A17D80E4BD3402A
:10113000DB0713D54FF4A672002106F02CFF022323
:1011400084F84C313A46334629462046BDE8F04102
:10115000FFF7B2BF6FF08500BDE8F0816FF0860049
:10116000FAE700BF0002C003010101002DE9F043CE
:1011700023F47E16124BDDF82C909E42DDE9077CAD
:10118000DDE909E815D10388B3F5105F11D1A2F1AB
:101190001004102C11D80B4D25FA04F4E3070CD5DC
:1011A000CDE90989CDE907CE3B46BDE8F04306F01D
:1011B000B2BC6FF08500BDE8F0836FF08600FAE7FF
:1011C0000002C0030101010073B50C4611461A4626
:1011D0002388069EB3F5105F054619D1A2F11004CD
:1011E000102C12D80C4BE340DB070ED50B4B9E4264
:1011F0000ED100240094234600F0A0F885F81C418D
:10120000C5F81861204602B070BD6FF08600FAE79D
:101210006FF08500F7E700BF0101010000444004C2
:101220002DE9F04116461F46D0F818210E4B9A4280
:101230000546884611D1314600F0A0F8069B984239
:1012400004460DD8334628464246394600F0A4F8F5
:10125000079B00201C60BDE8F0816FF08500FAE775
:101260006FF08900F7E700BF0044400430B58BB051
:10127000044618220D4604A8002106F08CFE4FF407
:101280001053ADF80C3020464FF48073ADF80E309B
:10129000059306F036FB4FF494720021204606F0C9
:1012A0007AFE0B4B00932A46202303A9204606F022
:1012B00009FB50B905F1200304F59474303553F857
:1012C000042B44F8042BAB42F9D10BB030BD00BF66
:1012D0000044400470B5184E049C4588B34202D0C7
:1012E0006FF0850070BDEE1DB2EBD60F4FEAD6034E
:1012F00002D06FF08600F5E7079A934218D8089A53
:101300001360008847F212129042E9D1059A5B00FF
:1013100001339342EDD12378042BEAD1B5F5807FD8
:10132000DED10698621C00F067F90028DAD0E0E709
:101330006FF08900D6E700BF00000209F8B5069FEC
:1013400004461D4661B11646AFB9DFF7D9F8002350
:1013500084F8116184F8103184F8127184F8133123
:1013600045B11022294604F1F00006F006FE0123E3
:1013700084F81331F8BDDFF757FAE8E751B190F878
:10138000103190F812210B4402F001029B1A23F055
:101390000F007047084670472DE9F04F044687B0AC
:1013A00090F8120194F810910090002B55D09246BD
:1013B00000F00108C9F110021E4608EB0203B34217
:1013C00004F5807700F2C4800D46002A40F0B38017
:1013D000009B002B6AD194F8133104F1F009C84640
:1013E000002B40F0C18094F811312246394648461E
:1013F000DEF732FF0F2E40F2CE80A6F1100323F06D
:101400000F031033019305EB030BD04694F813C17F
:10141000102341464A463846BCF1000F20D0DFF782
:1014200035FC10224946284606F0A7FD103594F8F1
:101430001131224639464846DEF70EFF5D4508F178
:101440001008E3D116F00F0621D184F81061C846C8
:1014500010224146584606F090FD07B0BDE8F08FD7
:10146000102206F08AFD10224946284606F085FD26
:10147000103594F81131224639464846DEF7ECFE25
:10148000AB4508F11008C1D116F00F06DDD0019B65
:101490009A4451463846324606F06FFD009B84F868
:1014A0001061002B7DD00DF10808D1E794F81131BF
:1014B0002246394602A8DFF765F894F81331002B6D
:1014C0005BD1B8F1000F0CBF4FF010094FF01109BC
:1014D0004E4529D304F1F00801E04E4524D351468E
:1014E00010223846924406F048FD102202A92846F0
:1014F00006F043FD94F811312246394602A8DFF781
:1015000041F894F81331103E1035002BE5D002A9B4
:10151000084642461023DFF7B9FB10223946404601
:1015200006F02BFD4E45DAD22EBB84F81061AB4697
:101530000DF108088CE7514607EB0900924406F0CC
:101540001CFD009B103E4E44002B3FF444AFADE722
:1015500007EB09005146324606F00FFDB14484F80E
:10156000109107B0BDE8F08F10234A46394638463F
:10157000DFF78CFB37E7AB468BE702A904F1F009F4
:101580004A4608461023DFF781FB484610223946B9
:1015900006F0F3FC95E7002EEDD184F81061AB4620
:1015A00056E704F1F00952E700B589B001466846F4
:1015B00000F03CF809B05DF804FB00BF00B591B045
:1015C0000146684600F06AF911B05DF804FB00BFFF
:1015D00030B599B00546684600F028F869460446DB
:1015E00008A800F053FA08A90443284600F08AF935
:1015F000204619B030BD00BF70B598B005466846AA
:10160000164600F013F83146044608A800F046F9E3
:1016100008A96A460443084600F082F908A9044371
:10162000284600F06DF9204618B070BD70B50B6803
:10163000124E1BBAC3614B681BBA83618B681BBA1D
:101640004361CB681BBA03610B691BBAC3604B696A
:101650001BBA83608B691BBA4360CB691BBA3246E5
:10166000036001460446DFF701F9314605460246AC
:101670002046DFF71BF9681E70BD00BF9C91020079
:101680002DE9F04188B00C46064602F1200168467B
:1016900006F120079046DFF7E3FB6A466946684695
:1016A000DFF700FB69463846DFF7DAFB3A46394692
:1016B000384604F12005DFF7F5FA6A4669466846C0
:1016C000DFF7F0FA41462846DFF7CAFB6A46414693
:1016D0003046DFF7ADFB2A4629466846DFF7E2FAD7
:1016E0002A4669466846DFF7DDFA124A69466846C7
:1016F000DFF7D8FA69462046DFF7B2FB32462146CB
:101700002046DFF70DFB324621462046DFF708FB77
:10171000224631462846DFF703FB6A46294628461B
:10172000DFF786FB3A4629462846DFF7F9FA08B084
:10173000BDE8F0817C920200F0B599B004460D46F8
:101740000A4601466846DFF7EBFA69466846DFF766
:1017500087FB6A46214608A805F1200604F1200708
:10176000DFF766FB6A4629466846DFF761FB3246CB
:10177000394610A8DFF796FA324639463046DFF789
:10178000CFFA31462846DFF76BFB6A4608A92046A8
:10179000DFF788FA224629462846DFF7C1FA6A466B
:1017A00008A96846DFF7BCFA6A4639463846DFF7CB
:1017B0003FFB2A4608A96846DFF7B2FA6A46314677
:1017C0003046DFF735FB3A4631463046DFF7A8FAB8
:1017D00010A96846DFF744FB224669462046DFF73A
:1017E0009FFA08A922460846DFF79AFA10A908AA24
:1017F0000846DFF71DFB3A4610A93846DFF790FA96
:1018000019B0F0BD2DE9F04188B00C460546904670
:101810000A4601466846DFF783FA69466846DFF7FD
:101820001FFB6A462946284604F12006DFF700FB25
:1018300005F120076A4621466846DFF7F9FA324685
:1018400039463046DFF76CFA31462046DFF708FBB1
:101850002A4621462046DFF763FA6A46214620469B
:10186000DFF75EFA6A4629464046DFF759FA4246F4
:1018700039463846DFF7DCFA224629466846DFF764
:101880004FFA6A4631463046DFF7D2FA3A463146D9
:101890003046DFF745FA08B0BDE8F08170B500F1D9
:1018A000200690B00D46044600F014F905F1200121
:1018B000304600F00FF9214608A8DFF7D1FA08A951
:1018C00008460D4ADFF7EEF908A922460846DFF779
:1018D000AFFA08A9094A0846DFF7E4F93146684635
:1018E000DFF7BEFA202269460DEB0200DFF7ACF904
:1018F000013810B070BD00BF7C9202005C92020003
:1019000000F002B938B504460D4600F0FDF805F1C7
:10191000200104F12000BDE8384000F0F5B800BF18
:101920002DE9F0471346B8B0544A89468046194617
:1019300010A8DEF79BFF5249024610A8DEF7B6FF5B
:10194000179E4E4900EAD6760746C6F1010210A856
:10195000DEF7ACFF179B4A466FEA030A28A918A8CE
:10196000FFF78EFE4FEADA7A20A9CAF10102084693
:1019700000F092F8C7F10107FE246A4618A928A8CA
:10198000FFF740FF631138AA02EB830304F01F0244
:1019900053F8A03CD340554603F0010A8AEA0505F6
:1019A0002A4628A918A8DEF7DDFF2A4630A920A874
:1019B000DEF7D8FF013C28A918A8FFF7BDFE631C7D
:1019C000DBD1CAF1010220A908A800F065F886EA77
:1019D0000A066A4618A928A8FFF714FF28A9324664
:1019E00018A8DEF7BFFF324630A920A8DEF7BAFFFD
:1019F00008A96A460846DFF71BFA08A9084600F05E
:101A00009DF808A908F1200409F120020846DFF733
:101A10000FFA20A908AA2046DFF70AFA08AA18A98F
:101A20006846DFF705FA69466846DFF719FA18AA2B
:101A3000694608A8DFF7FCF921466846DFF710FA87
:101A400008AA69461046DFF76BF90E4A08A96846EE
:101A5000DFF766F920462021DFF70AF908A90246D8
:101A600044426846DEF77EFF4046074A6946DFF794
:101A7000DFF93C43204638B0BDE8F087DC91020036
:101A8000FC9102005C920200BC9102000A460149EE
:101A9000FFF746BF1C92020070B588B004460D46A1
:101AA000164600212022684606F075FA00232946D2
:101AB00020222046009306F060FA2A4669466846CE
:101AC000DFF72EF9324669462046DEF74BFF08B0B5
:101AD00070BD00BF0B681BBAC3614B681BBA836142
:101AE0008B681BBA4361CB681BBA03610B691BBAD5
:101AF000C3604B691BBA83608B691BBA4360CB69B7
:101B00001BBA0360704700BFCB691BBA03608B69C7
:101B10001BBA43604B691BBA83600B691BBAC36075
:101B2000CB681BBA03618B681BBA43614B681BBA55
:101B300083610B681BBAC361704700BF70B598B072
:101B40000D46064610A8DFF78BF92A4610A968460D
:101B5000DFF76EF9694610A8DFF782F910A9084689
:101B6000DFF77EF96A4610A908A8DFF761F908A92E
:101B700010A8DFF775F910A90846DFF771F910A969
:101B80000846DFF76DF910A90846DFF769F910A9D3
:101B900008AA0846DFF74CF910A90846DFF760F9F4
:101BA00010A90846DFF75CF910A96A4608A8DFF714
:101BB0003FF9052408A910A8DFF752F910A9084633
:101BC000DFF74EF9013C10A9F5D108AA0846DFF766
:101BD0002FF9052410A90846DFF742F910A9084695
:101BE000DFF73EF9013CF5D110A908AA0846DFF756
:101BF0001FF910A908A8DFF733F908A90846DFF78D
:101C00002FF908A96A466846DFF712F910246946D9
:101C100010A8DFF725F910A90846DFF721F9013CE4
:101C200010A9F5D12A460846DFF702F9402410A989
:101C30000846DFF715F910A90846DFF711F9013C4E
:101C4000F5D110A96A460846DFF7F2F8102410A96A
:101C50000846DFF705F910A90846DFF701F9013C4E
:101C6000F5D110A96A460846DFF7E2F8102410A95A
:101C70000846DFF7F5F810A90846DFF7F1F8013C50
:101C8000F5D110A908AA0846DFF7D2F82A4610A90C
:101C90003046DFF7CDF818B070BD00BFF8B50E4B79
:101CA0001D68AB789B07064612D56F6816F8014B86
:101CB00029462CB90A20B847002805DB204609E050
:101CC0002046B8470028F1DAAB7843F00403AB7044
:101CD0004FF0FF30F8BD00BF1C8D02000CB430B5D2
:101CE0008BB004460D462022002102A806F053F9CD
:101CF00002238DF80A30002D0C4B0393069412DB5F
:101D000001D06B1E1C440FAA0E99079402A80192E1
:101D100000F00EF815B1069B00221A700BB0BDE85A
:101D2000304002B070470024EDE700BFC1800200E0
:101D30002DE9F04F8BB04368009383789C07804671
:101D4000924640F1F98000250878002800F0F680DE
:101D500025280AD04B1C019301354146009B98472A
:101D60000028C0F2E3800199EEE74E788B1C252E07
:101D70000193F1D00027B9463C460A221F2C22D8F5
:101D8000A6F12003102B20D8DFE803F0141F1F1A40
:101D90001F1F1F0B1F1F1F121F171F1F090044F0BB
:101DA0000104019B13F8016B0193002EE6D13AE088
:101DB00044F0020444F00404F3E744F00804F0E7BC
:101DC00044F01004EDE77F2C24D8A6F13003092B52
:101DD00008D860064EBF02FB073702FB093944F002
:101DE0002004DEE72A2E0DD161065AF8043B53D4B5
:101DF000002BA7BF44F020049946C3F1000944F02A
:101E00002804CEE72E2E05D1630600F1978044F01A
:101E10004004C6E76C2E2ED028D8682E32D06A2E09
:101E200037D04C2E35D0002F46F02003B8BF24F019
:101E30004004A3F16502BCBFA4B20027022A01D965
:101E4000612B2BD10AF1070A2AF0070A9C4E0AF1EE
:101E5000080A0727210760D506EB070B34465C45C7
:101E60005DD1AE1BA219A9EB070959E1742E98D0D8
:101E70007A2E96D0D7E7260648BF44F4007444F083
:101E800080048EE7E00548BF44F4007444F4807495
:101E900087E744F4207484E71F4682E7A6F16302D3
:101EA000122A00F2D880DFE812F013004D00D600AD
:101EB000D600D600D6004D00D600D600D600D600FB
:101EC000D600E800D100D600D6001A00D600A00047
:101ED0005AF8043B8DF81030012704AEBAE75AF8DF
:101EE000046B784B002E08BF1E4614F0400F14BF41
:101EF00039464FF0FF31304606F07FF80746A9E734
:101F0000009B41462020984700280FDB013CA74258
:101F1000F6D34D442D1BA1469EE74C46F7E714F837
:101F2000010B009B41469847002898DA98F8023048
:101F300043F0040388F802304FF0FF3528460BB019
:101F4000BDE8F08F220630D5A3052AD50AF1070A8D
:101F50002AF007039A4659685AF8080B24F0100B28
:101F600000291FFA8BFB2FDA404261EB41014BF451
:101F7000806B04AC0A23224606F04BF81BF0400F9E
:101F8000A0EB040200F08E802BF001049742A4B273
:101F900040F38F80002E40F08E802BF01104A4B20D
:101FA0001DE05AF8040BC117D8E7E0055AF8041BE6
:101FB00001D40846F7E7A2054BBF48B208B241F387
:101FC000C01141F3C031C9E750EA0103D1D1630622
:101FD000CFD5002FCDD124F01104A4B23A463B4610
:101FE00040F206410C4262D124E024F01004A4B275
:101FF0000A2314F0800243D014F400711FBF0AF1C9
:10200000070A2AF007029246516814BF5AF8080BD3
:102010005AF8040B50EA01023ED124F0160B620676
:102020001FFA8BFB3CD5002F3AD124F01704A4B241
:102030003A463B4621075AD4E10705D5994572DD5A
:10204000A9EB03039F184B469B464AE044F010045B
:1020500010237826CDE7782B04D1C6F1780343F01E
:102060001003C6E7009B4146252098470028FFF64D
:102070005DAF02354146304670E608230026B8E7DA
:1020800014F480715AF8040BC4D014F400711ABF10
:10209000C0B2114680B2BDE724F006041FFA84FBEB
:1020A00004AC68E713465C46E10699D52EB90133C6
:1020B000C0E71346F8E73B46F6E70233BAE700BF4E
:1020C000FBD10200F4D10200CDE902324146009B6F
:1020D000202098470028FFF629AFDDE902320BF1F6
:1020E000010BD945F0DCEB1A03EB0B055B46E1066F
:1020F00027D5CDE902324146009B30209847002881
:10210000FFF614AFDDE902327EB901352F44791BA9
:102110008A4229DB144604AE9CBB2A44A9EB03097E
:102120001546914442E017468EE7CDE9023202356A
:1021300041463046009B98470028DDE90232E5DA47
:10214000F4E640F206410C42E0D014F0020F14BF56
:102150002B20202014F4806FCDE9023205F1010517
:10216000414618BF2D20E5E7CDE902324146009BEC
:10217000302098470028DDE9023205F10105C6DA72
:10218000D4E6013CCDE90232305D009B41469847E0
:102190000028DDE90232BFDAC8E6009B4146202074
:1021A0009847002805F10105FFF6C0AEA9EB05032D
:1021B000002BF2DCD7E500BF38B5044C044DAC422F
:1021C00000D138BD54F8043D9847F8E700000000FE
:1021D00000000000704708B504F08AFF4FF47A72DF
:1021E000A0FB020302FB0131C00B40EA4140C90BD6
:1021F00008BD0023EFF7ECBC014640F2E73008B51C
:102200004FF47A72002300EBC130490CE8F7CEFAA4
:10221000BDE8084004F0C1BEF0B40C2707FB02146F
:10222000866814F8045C45F0020504F8045CB468A0
:10223000A446F0BC604710B588B003798DF807104C
:102240009BB10DF1070102910121CDE90521072282
:10225000039100248DF81C2000688DF810400222A4
:1022600002A9FFF7D9FF08B010BD6FF01200FAE71E
:102270001FB503798DF800108DF801206BB1022293
:1022800002928DF80C200068CDF804D0012201A93B
:10229000FFF7C2FF05B05DF804FB6FF01200F9E72D
:1022A00038B502220D210546FFF7E2FF0446E8B9E2
:1022B000024620212846FFF7DBFF2246212128463F
:1022C000FFF7D6FF224622212846FFF7D1FF2246FC
:1022D00023212846FFF7CCFF224624212846FFF77A
:1022E000C7FF224625212846FFF7C2FF204638BDFA
:1022F000F8B50E4617460D2102220446FFF7B8FF37
:10230000054600283CD10B2211212046FFF7B0FFE3
:10231000882212212046FFF7ABFF2A462A212046B9
:10232000FFF7A6FF012E0CBF3A46002223212046CC
:10233000FFF79EFF022E0CBF3A46002224212046C2
:10234000FFF796FF032E0CBF3A46002225212046B8
:10235000FFF78EFF324620212046FFF789FF2A46ED
:1023600021212046FFF784FF2A4622212046FFF73D
:102370007FFF2A4620460D21BDE8F840FFF778BFD1
:10238000F8BDF8B50E4617460D2102220446FFF7A8
:102390006FFF0546002857D10B2211212046FFF779
:1023A00067FF882212212046FFF762FF3F222A2181
:1023B0002046FFF75DFF012E4FF0FF3218BF0022CD
:1023C000D2B223212046FFF753FF022E4FF0FF32F7
:1023D00018BF0022D2B224212046FFF749FF032E66
:1023E0004FF0FF3218BF0022D2B225212046FFF75E
:1023F0003FFF324620212046FFF73AFF2A4621219F
:102400002046FFF735FF2A4622212046FFF730FFFE
:102410002A460D212046FFF72BFF0546A0B927EAE3
:10242000E776294640F2E7304FF400454FF47A72E0
:102430000023E6FB0501E8F7B9F904F0AEFD2046FC
:10244000BDE8F840FFF72CBF2846F8BD07B50721C7
:102450000DF10702FFF7EFFE30B99DF907309DF847
:102460000700002BB8BF802003B05DF804FBF0B577
:10247000E9B008238DF80730037907460E46154664
:102480000DF10704ABB3FFF7E1FF002822DD854221
:102490004FF00103A8BF0546039300238DF81030C9
:1024A0002BB203EB43030693072302948DF81C30F1
:1024B00008AC3B7938680594022202A9FFF7ACFE0C
:1024C00040B92346314606EB8500814203F1030300
:1024D00002D1284669B0F0BD13F8022C13F8034C62
:1024E000120242EA044213F8014C224341F8042B41
:1024F000EBE76FF01200EDE770B590F8444088B05C
:102500004CB300F12401A200684605F036FD6A468E
:102510000121CBB29C4207D8640808AB03EB8404CA
:1025200054F8200C08B070BD013B55685BB21046F2
:1025300050F80469AE4204D9013B5BB286605E1C70
:10254000F6D101335BB208A800EB8303013143F8F5
:10255000205C0432DDE72046E4E738B504460D464A
:102560004C22002105F017FD256038BDC06870477A
:10257000406870470346007E30B1586843F69723A1
:102580009842D4BF0020012070472DE9F04FC36965
:1025900090F818B003F1010A85B004461746C0F858
:1025A0001CA0BBF1000F0FD1C0E9011BC0E904BBA7
:1025B000012303762FB94FF00008404605B0BDE86F
:1025C000F08F00233B80F6E74368CA1A03EBA2139F
:1025D00043F697229342436005DC0023A0F8443081
:1025E00003624376E6E785680668BAFBF6F2C91A25
:1025F000491B436905EBA10501698560AB42B8BF82
:102600002B46A942A8BF294606FB12A243610161DD
:102610003AB9C2685B1A9B1AC0E9045502EB63021F
:10262000C26094F84420E1684FF03C09012A09FB9C
:1026300006F94FF0DC03B9FBF3F313D92046CDE9DB
:1026400002230191FFF758FF039B4FF0060CDDE9D1
:1026500001120CFB00F04FF00A0CB0FBFCF08342BF
:1026600038BF034694F81980B8F1000F61D10A20F1
:1026700091FBF0F0854263DD282905DC0023A4F8F6
:1026800044304FF0000825E001216176216AF9B15C
:10269000AAEB01018B421BD8B9FBF1F9A9F11E0984
:1026A000B9F1BE0F14D894F8453004EB8300013320
:1026B000416203F0070384F84530A36C072A98BFF2
:1026C000013203F1010398BF84F84420A364D84683
:1026D000C4F820A0002F3FF470AF2046FFF70CFF96
:1026E00094F844C0BCF1030F2DD900B32825002273
:1026F0004543203411464FF0640E54F8043F98428D
:1027000034BF1B1AC31A0EFB03F3AB4201F10101E4
:1027100098BF0132C9B298BFD2B28C45EDD1032A1D
:1027200011D94FF416735E43B6FBF0F6B0B23880A1
:1027300043E7142391FBF3F39D42BCBF0023637670
:1027400028299BDD9DE70020F1E783681B68184777
:1027500013B50C46836801A95B68984730B9019BA3
:102760000120A0401840003818BF012002B010BD61
:10277000F0B40C2707FB0214866814F8045C45F0DB
:10278000020504F8045CB468A446F0BC60471FB5B9
:10279000CDE9011202228DF80C2001A90122FFF7D8
:1027A000E7FF05B05DF804FB00F087BE0023EFF7FC
:1027B0000FBA00B589B08DF807200DF1070202921B
:1027C000059301220A9B03920693002207238DF8AA
:1027D00010208DF81C3002220B4602A9FFF7C8FF1B
:1027E00009B05DF804FBF0B406698768336801241A
:1027F0008C4023EA040333603B6822F48012F0BC6F
:10280000184710B54FF4004C20EAE074002140F264
:10281000E7304FF47A720023E4FB0C01E7F7C6FFC0
:10282000BDE8104004F0B9BB30B589B000210C25DB
:10283000142203A80224ADF8061005F0ACFB0DF13C
:1028400006030DEB05000593069404948DF81C50C7
:10285000ECF7F0FB58B9BDF9063002932A4602ABFB
:1028600021464FF4E170ECF7B3FB00B9029809B0D0
:1028700030BD41F2670398420ADC40F6E4439842D7
:1028800008DD0923A0F6E440B0FBF3F0C0B27047C6
:10289000642070470020704770B586B006460D462C
:1028A000144600211822684605F075FB6946002091
:1028B000CDE90165ADF80C40F6F7A6FC06B070BD99
:1028C000BFF35B8F50E8003F40E80012002AF9D1C7
:1028D000BFF35B8F704708B50246EDF7D7FC20B118
:1028E000BDE808401046EFF715BD08BD642828BFB5
:1028F0006420EFF769BD13B5062204466946282017
:10290000EDF7E6FD40B9BDF800302380BDF8023098
:102910006380BDF80430A38002B010BD07B56846DF
:10292000FFF7E9FF00283CD1BDF800304FF4FA6210
:1029300013FB02F3002BBCBF03F5FF437F33DA1315
:10294000BDF802304FF4FA6113FB01F3002BBCBF5A
:1029500003F5FF437F33D913BDF804304FF4FA6019
:1029600013FB00F3002BBCBF03F5FF437F33494348
:1029700002FB0212DB1303FB03234FF080429A4257
:1029800004D8002022B903B05DF804FB9208F6E7F2
:10299000811899424FEA50009CBF80185B1A920838
:1029A000F0E76FF00400EEE707B501220DF1070133
:1029B0001D20EDF78DFD01220DF107014520EDF7FA
:1029C00087FD03B05DF804FB00EBC10040884008C0
:1029D0007047F8B50346FFF7F7FFB0FA80F0C0F193
:1029E0001F0003EB800CCA00DCF81060171D0C46BA
:1029F00006328DB256B9012101FA00F0D9680143BF
:102A0000D960CCF81040DD539D52F8BDF10004317F
:102A1000585AD85303EBC0009E52C5805D52F4E76C
:102A200010B500EBC104E3888B4202F104010AD126
:102A3000012303FA02F2C36823EA0203C3600023FE
:102A400040F8213010BDA28840F8213000EBC201CF
:102A500000EBC300CB808280F4E708B50346FFF7A4
:102A6000B3FFB0FA80F2C2F11F021846BDE8084079
:102A7000FFF7D6BF2DE9F843B1FA81F3C3F11F0286
:102A800000EB82090646D9F810700D4687B9C3F1EC
:102A900020034FF0FF349C40F3681C4014D094FA9C
:102AA000A4F2B2FA82F2131D56F82340214608E040
:102AB0003C464FF0030821463046FFF785FF85422C
:102AC00005D83046FFF7ACFF2046BDE8F88306EB9B
:102AD000C404B8F10108E488C9F81040D7D0BC425A
:102AE000E9D1D4E738B50446FFF76EFF0D4603463B
:102AF00011462046FFF768FF03449BB204EBC5056F
:102B00005A006A802046FFF75FFF014424F8313005
:102B100038BD70B50446FFF757FF0B4604EBC305FD
:102B2000511A9B1A89B203444E009BB204EBC200B7
:102B30006E805D00458024F8321020461146FFF774
:102B400043FF014424F8313070BD70B509B900204D
:102B500070BD056801F007030B33CC0804EBD30408
:102B6000AB689C4228BF1C4621462846FFF782FFDF
:102B700006460028EBD001462846FFF725FFA04275
:102B800007D932192846FFF7C4FF11462846FFF738
:102B900020FF05EBC6021046538843F00103538023
:102BA0000430D5E71146FFF7D0BF043A2DE9F843CA
:102BB000CC1D114424F0070421F00706A6EB0408FD
:102BC0004FEAD807B7FA87F2C2F12405AD004FF0FB
:102BD00000090735C2F12002ED0804604946A760EC
:102BE000C4F80C90920004F1100005F0D4F9AAB2D8
:102BF000530043F0010363807B1B9BB204EBC501D0
:102C00005800A4F80090488024F83520A6F80290D7
:102C100024F8083004EBC70329465A8842F0010221
:102C20005A802046BDE8F843FFF7D3BE2DE9F047B0
:102C300006460D46174698462BB398F8004093F881
:102C40000190DB78A40004EB430498F802301C44A4
:102C500044444FF0000ACA4509D3D8F8042008F1CB
:102C6000080339463046AC46BDE8F047604714F8E3
:102C7000013B48F823402046EAF77BFE013004443C
:102C80000AF1010AE7E76FF01500BDE8F08730B5FB
:102C900002460024002012F8013B43B178B18C4277
:102CA00007D1702B04D0A3F140053A2D07D800209E
:102CB00030BDA3F140053A2D01D80134EAE7252BB8
:102CC00008BF80F00100E6E70020704700F072BB0B
:102CD0000FB407B504A951F8040B019100F06AFB89
:102CE00003B05DF804EB04B070470FB407B504A956
:102CF00051F8040B0191FFF7E9FF03B05DF804EB15
:102D000004B0704710B50369024613F0080009D1FA
:102D10001368D4689C4297BF126AE31AD31A012041
:102D20000B6010BD00231846FAE713B501A904464D
:102D3000FFF7E8FF20B1019BE268013B13440193D8
:102D4000206A019BC01A013802B010BD10B50446BC
:102D500050182269236AD20702D5013B184010BDE2
:102D6000984228BFC01AFAE710B504460A46C1685F
:102D7000FFF7ECFF2369E06023F00803236110BD37
:102D800038B50D46C2698B00016843F0020342F872
:102D90002130044601682A46FFF7D8FFE3686168DE
:102DA0002060984202BF236943F0080323612A464A
:102DB0002046FFF7CBFF606038BD2DE9F74FD0F814
:102DC0000CB0C669009216F82B2002F00302022A0A
:102DD00008BF56F82B209A4606EB8B030F4601934B
:102DE0004FF00001009B0CBFC2F39D09894619609A
:102DF0000446CAF80010B9F1000F07D04946FFF7A2
:102E0000B3FFE368A3604FF0010804E001698A079B
:102E100005D44FF00008404603B0BDE8F08F81694B
:102E200006EB8B00884716F82B1011F001080546B9
:102E3000EFD08B071DD51FB139462046FFF7A0FF05
:102E400061682A462046FFF781FFD4E902138B42CE
:102E5000606007D12A462046FFF778FF4FF0000850
:102E60000146A0602369216043F00803E16023610B
:102E7000D1E701462046FFF777FFE168A1601FB167
:102E80002068E16941F82090EA19CAF80020216819
:102E90002046FFF75BFF2269206042F008022261B2
:102EA00016F82B2022F0010206F82B20DDE9003273
:102EB0001A60A8E770B504461546FFF747FF236878
:102EC000834205D12369216023F00803236170BD8B
:102ED000E269AB0043F0020342F82130204661680A
:102EE0002A46FFF733FF6060F1E738B503695B07F7
:102EF000044606D5456AFFF718FF85422CBF656278
:102F0000606238BD38B50D4604461C22002105F02C
:102F100042F8EB68A361AB6863612B68E3616B689F
:102F20002362002262622A6923B1591E194208BF36
:102F300042F001022261012204F128000021BDE8D3
:102F4000384003F037BE2DE9F04F9846036A87B04A
:102F500000258B4204460E46934603950595AA46E6
:102F600038D3EFF31189402383F31288BFF36F8FB7
:102F7000059A2AB129462046FFF79CFF00230593B6
:102F800004A92046FFF7BEFE0499B14207462AD3A2
:102F90002268E36913F8221021F0030103F82210DC
:102FA00003EB820A216832462046FFF7CFFEE36832
:102FB0002060984212D0002789F31188BFF36F8FE9
:102FC000039929B162690AB120469047002303930F
:102FD000002FC6D1504607B0BDE8F08F236943F0FB
:102FE00008032361E7E718B12046FFF7C9FEE3E7CE
:102FF0005BEA08031CD0019103F008FF0199B8B9FE
:10300000B9F1000F14D189F31188BFF36F8F5A46BD
:10301000434604F12800FBF7B1FEEFF3118940238A
:1030200083F31288BFF36F8FB0FA80F77F09C3E78D
:1030300005AB03AA20462568FFF7BFFE0746BBE79E
:1030400070B50446836908460D4698470246EFF37B
:103050001186402383F31288BFF36F8F2B7843F0E0
:1030600001032B7061682046FFF770FE6060204608
:10307000FFF73BFF86F31188BFF36F8F70BD2DE91B
:10308000F843044600274026EFF3118586F31288A3
:10309000BFF36F8F2369A268190702D46368934254
:1030A00000D2236A9B1A002B42D0E06910F822104C
:1030B00011F0030300EB82093AD0022B04D150F83F
:1030C00022305FEA930805D1CB0720D4A369484694
:1030D00098478046A16842462046FFF737FE012701
:1030E000A06041462046FFF73FFE3B4685F311882E
:1030F000BFF36F8F002BC7D137B1B9F1000F03D1E8
:1031000004F12800FBF706FE4846BDE8F88341F0CD
:10311000020100F822104846A369D4F808809847B5
:10312000414602462046FFF711FE0023A060DDE77E
:103130009946DBE7F8B50446836908460D4698478B
:103140000646EFF31187402383F31288BFF36F8F96
:103150002B7823F001032B7023699B0705D5E268C8
:10316000E36903EB82039D421AD12B7823F002031B
:103170002B70D4E90231994204D132462046FFF740
:10318000E5FDA06031462046FFF7EEFD87F311888C
:10319000BFF36F8F04F12800BDE8F840FBF7BABD1C
:1031A0002B6860F39F032B60F0E7EFF3118140235E
:1031B00083F31288BFF36F8F02698368120702D40A
:1031C00042689A4200D2026AD31A81F31188BFF38F
:1031D0006F8F181E18BF01207047038B13F0070371
:1031E00006D10368002B18BF032008BF00207047DA
:1031F000022B05D1408BB0FA80F040098000704767
:10320000012B04D10368002B18BF0520EDE7002037
:10321000704710B50C4600B111B96FF0150010BD24
:10322000081D00F087F80028F9D1A368032BF6D910
:10323000F3E72DE9F0410D4607461946281D904653
:103240001E4600F088F8044638B133464246294607
:103250003846A446BDE8F0416047BDE8F08110B4AF
:10326000EFF31182402484F31288BFF36F8F416122
:1032700010BC0121EEF718B938B50C46054658B117
:1032800051B10B6843B14B6833B11C22002104F0EB
:1032900082FE2C61002038BD6FF01500FBE7F8B509
:1032A00004460E46FFF7B5FF051E3BDBEFF3118228
:1032B000402383F31288BFF36F8F638B278B4FF606
:1032C000FF718B4207F007072ED0062F2FD8DFE8BB
:1032D00007F0182E082E180418006FF0850500233B
:1032E00003E0013363830225012382F31188BFF3D6
:1032F0006F8FBBB100233A4631462046FFF799FF56
:1033000010E000233360636823B9C4E9006627B185
:103310003D46E4E71E606660F9E702212046EEF7CD
:10332000C3F83D462846F8BD6FF00A05D7E76FF0B1
:103330000405D4E7034658B1426802F00302012AAB
:1033400003D0032A04D1026812B1002098607047AC
:103350006FF0150070474268816002F00302032A93
:103360004FF0000203460CBF006810465A607047D9
:10337000704703785B075FBF03684288C3F34A2343
:1033800003EB12105DBF173020F00700800800200B
:1033900070470020704702F0CDBC0346BFF35B8F3F
:1033A00053E8000F421C43E800210029F8D1BFF385
:1033B0005B8F70471FB50023CDE90201CDE90033D3
:1033C0001A4619461846EEF783FC05B05DF804FB73
:1033D0000120EEF72FBA002070474368DA71436886
:1033E0001960436801225A71EEF716BA70B5154696
:1033F0000C4669B1D2E901369B1B99420AD8136881
:103400000A460146981904F0B8FDAB682344AB6046
:10341000204670BD6FF01B00FBE770B50E461546E9
:103420001946044618B9BDE87040EEF703BA33B147
:10343000C2F34A231030120D184404F09EFDC4E973
:1034400000562046BDE87040EEF7A2BB2DE9F341DF
:103450005F1C4FEA8708064608F1170020F00700B6
:1034600080080C461546EEF767FA0023ADF80530E4
:103470008DF807308DF8047068B10346019A43F85F
:10348000102FA8F104012A46294452F8045B43F89E
:10349000045F8A42F9D1A20102F4E07242EA4822B2
:1034A00022F07F4222F47002002322F03F023146D4
:1034B00002B0BDE8F041FFF7B0BF07B501230192AC
:1034C00001AAFFF7C3FF03B05DF804FB07B5CDE920
:1034D000002302236A46FFF7B9FF03B05DF804FB3F
:1034E0001FB5CDE90123069B039301AA0323FFF730
:1034F000ADFF05B05DF804FBF8B506460D46144671
:103500001F4604B9F8BD214628463A46B047241A5A
:103510000544F6E710B5426881680446D2E9002305
:103520000068FFF7E9FF636800221A6010BD38B534
:103530004B681A68CB689A4205460C4602D1084689
:10354000FFF7E8FF6368BFF35B8F53E8002F511C60
:1035500043E800100028F8D1BFF35B8FA3689D54A7
:10356000002038BD0A2838B504460D4602D10D208A
:10357000FFF7DDFF29462046FFF7D9FF002038BDC1
:103580002DE9F043054689B008460E8891F8009071
:10359000D1F808800C461746EEF7ECFB011EC6F387
:1035A0008216C9F3C2091FDB4846EEF703FB034648
:1035B0002146608851F8102B0296C2F34A22002A55
:1035C00001EB0204C0F30B1008BF00210022CDE97B
:1035D0000507CDE90314CDE9002241462846EEF760
:1035E000F5FB09B0BDE8F0830023E1E7F0B587B053
:1035F0001F4604460D46164600F0D2FA02230293F7
:103600000DF116030193BDF83030ADF816000093AC
:1036100032463B462946204601F04EFC07B0F0BD3D
:103620002DE9FF411F460D4616460446F0F750FEB1
:103630008046EAF79EF9BDF82830009380B2CDE9C4
:1036400001803B4632462946204601F035FC04B055
:10365000BDE8F0810020704704F09DBC04F08DBCF3
:1036600001460068EEF70EBF08B5EEF767FFBDE84C
:103670000840EFF70BBB0A460121FFF71EBF0021F0
:103680000120EEF7FFBE6FF08500704761B662B6AD
:1036900080F31188BFF36F8F704772B6002383F3F6
:1036A0001188BFF36F8FBFF34F8F30BF62B6BFF388
:1036B0006F8F704772B6002383F31188BFF36F8F4B
:1036C000BFF34F8F20BF80F31188BFF36F8F62B6B7
:1036D0007047202809D9B0F1004F08D80138B0FA56
:1036E00080F0C0F11F0040007047082070473E2066
:1036F000704708B5D1E904319847002008BD08B5E6
:10370000EFF7E2FC002008BD704700230382436905
:10371000C3607047C1698968EFF742BDEFF311825A
:10372000402383F31288BFF36F8F00230B6043683D
:1037300033B9C0E9001182F31188BFF36F8F70476E
:1037400019604160F7E710B50346EFF3118140229D
:1037500082F31288BFF36F8F006828B15C6802683B
:103760001A60A04208BF5A6081F31188BFF36F8FBF
:1037700010BD027A013202727047034618465B6838
:10378000002BFBD17047426810B52AB10B461C468E
:103790005B68002BFBD16260416010BD10B5044630
:1037A00020B90B7A01330B72084610BD0346184648
:1037B0005B68002BFBD1FFF7E6FF2046F5E7836847
:1037C0000B440360704703680B6043684B60836879
:1037D0008B6070478388026819448180D0187047D5
:1037E00030B484880568A3188380281930BC04F09D
:1037F000C4BB10B5838802685C1C8480D154D01887
:1038000010BD034600689A88401A114418609980D8
:1038100070470268531E036083880133838002F877
:10382000011C70478288521A03468280006808444F
:1038300018607047034600689A88521A01449A80BB
:103840001960704710B503681C780121FFF7EAFF83
:10385000204610BD10B503681C880221FFF7E2FF67
:10386000204610BD7FB514460A888B78ADF800203D
:1038700006460D2200210DF103008DF8023004F000
:103880008AFB6A466946304602F017FB28B9BDF844
:1038900000209DF802302280A37004B070BD13B5E3
:1038A0000C4601AA0331FFF7DDFF48B9032201A945
:1038B000204604F07FFBB0FA80F0400902B010BD52
:1038C0000020FBE710B50C46017822788A4288B0C8
:1038D0000ED06946EFF7C6FD04A92046EFF7C2FDFA
:1038E00010220DEB0201684604F064FB08B010BD25
:1038F000012A06D0022A07D072B940886388C01A0C
:10390000F4E740686368FAE71022611C013008B0F0
:10391000BDE8104004F04EBB6FF01500E6E7042A46
:103920000AD0102A0DD0022A4FF0000315D10370DF
:103930000B88438001207047012303700B684360AC
:10394000F8E7022300F8013B01F1100351F8042BC2
:1039500040F8042B9942F9D1ECE71846704701234F
:1039600010B50621044600F8013BF9F785FB18B9AC
:10397000A37963F03F03A37110BD0B6803608B88CC
:1039800083808B798371037823F00203037070477F
:103990000078C0F34000704738B50446807AEFF7EE
:1039A000D5FB6169054649B1637ADB0704D4C36975
:1039B0001B6820469B689847002363612146284680
:1039C000BDE8384003F0E8B82DE9F0410C4601F1BC
:1039D0000C08054600F10C01404617461E46FFF74D
:1039E000F2FE6269E3682F829B1A13FA87F36B82F7
:1039F00001236B7239464046FFF714FFE36873609A
:103A0000628A0023E3607281638234602846BDE8E5
:103A1000F08138B5D1E90032DA600B684A895A8200
:103A20000C4605460868EFF739FC204610220021B5
:103A300004F0B1FA2846BDE83840FFF7ADBF438A2D
:103A400023B9C068B0FA80F0400970470020704781
:103A5000D0F8A43083B15A7CD1070DD5D2060DD54C
:103A60001B7C102B0CBF042303234372807A9842E3
:103A70008CBF0020012070470223F6E70323F4E700
:103A80000F2806D80D280BD8052814BF02200320C4
:103A90007047132804D01A2814BF02200120704751
:103AA00001207047FFF709BDFFF710BD10B50346B1
:103AB000BFF35B8F53E8000F40EA010243E80024A4
:103AC000002CF7D1BFF35B8F10BD0023EEF780B859
:103AD000BFF35B8F50E8003F0B4040E80032002A04
:103AE000F8D1BFF35B8F704710B5F1F7A5FC6FF409
:103AF000807104461030FFF7EBFF2046BDE8104010
:103B000000F019BAC368DB78012B01D1FFF7ECBFD5
:103B10007047C0F307231070000E5370D07000235D
:103B2000C1F30720090E9370137150719371D17115
:103B30007047C368DB78012B01D1FFF7D5BF704711
:103B400038B504460D46EFF7D7FE5F3005D129465C
:103B50002046BDE83840EFF705BE38BD002070476D
:103B600010B5028843889A4218D8052A16D9B3F5A9
:103B7000486F13D88488B4F5FA7F0FD2C188A1F1B9
:103B80000A0292B240F67640824207D804FB033321
:103B9000B3EB810F34BF0120002010BD0020FCE7F3
:103BA00040F24130704708B5F6F7E0FF18B1408A9F
:103BB000003818BF012008BD70B506460D464FF00D
:103BC000FF304FF0FF31F0F7DBF9044668B1032115
:103BD0000C30FFF7FFFD0680857021460022BDE80E
:103BE000704040F20640F0F7D1BB6FF0680070BD46
:103BF000C368187808B1F0F75BB91846F0F7ACBCA9
:103C000038B54FF0FF3105464FF0FF30F0F7B8F907
:103C1000044668B102210C30FFF7DCFD2B880380DD
:103C200021460022BDE8384042F21600F0F7AEBB54
:103C30006FF0680038BDF8B507460E464FF0FF300C
:103C40004FF0FF311546F0F79BF9044678B1062195
:103C50000C30FFF7BFFD3B880380468085802146FE
:103C60000022BDE8F84042F22200F0F78FBB6FF06F
:103C70006800F8BD70B506460D464FF0FF304FF0B6
:103C8000FF31F0F77DF9044618B9BDE87040EFF751
:103C90005FBD03210C30FFF79DFD06808570214636
:103CA00042F22100BDE87040F0F71EBB08B50722C4
:103CB00004F080F9B0FA80F0400908BDFFF7FDBBC1
:103CC0000B6803608B8883808B7983717047BFF3A7
:103CD0005B8F0068BFF35B8F7047F8B50F461446E3
:103CE00038BB4FF0FF304FF0FF31F0F749F9054690
:103CF00010B327210C30FFF76DFD3946FFF7E0FFC9
:103D000006462246C31D04F1100152F8040B43F885
:103D1000040B8A42F9D11022002106F1170004F0A9
:103D20003AF929460022BDE8F84042F22700F0F7B0
:103D30002DBB6FF01500F8BD6FF06800FBE7037A4C
:103D40005B07024605D501462E3211F8010BFFF73D
:103D5000C4BF704738B54FF0FF3105464FF0FF3014
:103D6000F0F70EF9044658B129460C30FFF741FD33
:103D700021460022BDE8384042F22D00F0F706BB94
:103D80006FF0680038BD10B400F11003BFF35B8F13
:103D900053E8002F22F4005143E80014002CF7D11F
:103DA000BFF35B8F930403D510BC012100F0C1B8B1
:103DB00010BC704770B5044686B00E460130013124
:103DC000FFF774FF2E34162200210546684604F0E2
:103DD000E2F810226946204604F0ECF840B11022C7
:103DE00006F12E01204604F0E5F8B0FA80F0400913
:103DF000284300F0010006B070BD38B54B68054699
:103E00000C4673B90B7A13B9037A5B0709D520689E
:103E10002A7803789A4204D02946FFF7CBFF00B1F5
:103E2000656038BD00F1100208B503461046FFF783
:103E30004EFFC10511D5BFF35B8F52E8000F40F470
:103E4000005042E800010029F7D1BFF35B8F18460C
:103E50000021BDE8084000F06CB808BD10B50C4664
:103E600030B919B1F6F744FE00B1441C204610BD2C
:103E70000024FBE718B111B10846F0F7C5BE6FF09A
:103E80001500704713B5044680B106216846F9F75E
:103E9000F3F848B99DF80530694603F03F03204622
:103EA0008DF80530FFF7E6FF02B010BD6FF015008A
:103EB000FAE7003818BF01207047037AD90704D504
:103EC00023F001030372F1F731B8990704D523F009
:103ED00002030372F1F744B87047BFF35B8F0068C9
:103EE000BFF35B8F704770B5064686B00D464FF046
:103EF000FF304FF0FF31F0F743F80446B0B10C301B
:103F000095B10121FFF775FC06F1100203A92046C7
:103F100000950823F0F722F80022214642F20A0019
:103F2000F0F734FA06B070BD2946EBE76FF0680091
:103F3000F8E7FFF7D8BF183002F01DBF01F12003EA
:103F4000013813F8012D00F8012F8B42F9D1704789
:103F500000230B60436813B9C0E900117047196072
:103F600041607047D0F8B400003818BF0120704796
:103F7000084689691160C2691A60C27A0021183046
:103F800004F009B8FFF7A2BA10B50346BFF35B8F80
:103F900053E8000F40EA010243E80024002CF7D167
:103FA000BFF35B8F10BD437B072B01D1F1F7CEBE72
:103FB00070472438F1F74ABF036800220BB918464E
:103FC00070478B4210D10B6842B94268036091423E
:103FD00000D1436000230B600120704713604368E9
:103FE000994208BF4260F5E71A461B68E6E710B53C
:103FF0000446006918B1EFF751F90023236110BDA1
:1040000010B500F1C802BFF35B8FD0F8C830BFF322
:104010005B8F7BB1BFF35B8F591C52E8004F9C4212
:1040200004D142E8001CBCF1000FF6D1BFF35B8F56
:10403000E7D110BD1846FCE710B5437B023B0446B0
:10404000062B16D8DFE803F009041515150B090037
:10405000017300212046F2F753F8002010BD0088BC
:10406000FFF7AAFD0028F9D1637B072BF5D10821C2
:10407000F0E76FF07F00F1E710B50446D0F8A40038
:1040800028B9207A04F17001F6F770FD38B1E278B2
:10409000438A2AB903F02100003818BF012010BD5F
:1040A00003F02400F8E738B58378012B044627D1C4
:1040B000437B072B27D10B0601F07F050CD54FF46E
:1040C00000410430FFF760FFA5722046F5F7D8FFE6
:1040D00008B1637AA37238BD437AAB4216D2837AB1
:1040E000AB4213D2BFF35B8F031D53E8001F21F4D3
:1040F000004143E80012002AF7D1BFF35B8FE3E7EA
:104100006FF01500E7E76FF07F00E4E70020E2E7DB
:104110008378012B0CBF407A0020704738B5037AB2
:104120008B420446154615D100F17001072228463E
:1041300003F040FF80B1E378072243B904F17E0128
:10414000284603F037FFB0FA80F0400938BD04F18B
:104150007701F5E70020F9E70120F7E78378012BE5
:104160000CBF703000207047F8B507460D464FF081
:10417000FF304FF0FF31EFF703FF0646D0B10E21BD
:104180000C30FFF727FB0E220446002103F003FF4B
:104190003B8823802B8863806B88A380AB88E38077
:1041A000EB88238131460022BDE8F84042F213003B
:1041B000F0F7ECB86FF06800F8BD704710B5044632
:1041C000FBF758FA234653F8402BD2F8B41061B9E4
:1041D0002164D2F8B81061B9C2E92D33FBF75EFA59
:1041E0002068BDE81040F1F767BF8B42F6D0096840
:1041F000EDE70B60C2F8B830F0E703682BB1416817
:104200001A6802608B4208BF4260704770472DE910
:10421000F843446B2CB154F8085905B1083D002708
:104220000CB9BDE8F883D4E900682EB3FBF722FA95
:10423000D6F8B43004F14001002263B1994233D181
:10424000236C4ABBD6F8B820C6F8B430914201D1ED
:10425000C6F8B8302764FBF721FA04F130090022D0
:1042600000234846FAF724FD064600BBD8F8043080
:104270000BB1204698472760E3680BB1204698476A
:10428000D8F820300BB120469847DDB1AB6803B1B8
:10429000083B2C461D46C3E71360D6F8B830994258
:1042A00008BFC6F8B820D5E71A461B68C5E7B3694A
:1042B00023B1F16920686FF06D0298473046EEF740
:1042C000EDFFCCE72B46E4E738B5406B0D4620B157
:1042D00050F8084904B1083C00B938BD43689B68F0
:1042E0000BB1294698472CB1A36803B1083B20467F
:1042F0001C46F1E72346FAE7F8B50F4600210546CC
:10430000164600234FF480320846F2F7D9FC0446E3
:1043100020B92846F2F7A0FC2046F8BD04210C3055
:10432000FFF758FA057047704680F5E7406B30B1EB
:10433000838B8B42A0F1080001D08068F7E77047BB
:1043400010B54AB989B2FFF7F1FF28B143689B69FC
:1043500013B1BDE81040184710BD38B50D46052112
:10436000FFF7E4FF00231A462946F2F7C3FC044690
:1043700010B12846EEF792FF204638BD406B30B1B1
:1043800083898B42A0F1080001D08068F7E770476D
:1043900070470346006828B1596802681A6088426D
:1043A00008BF5A6070470346002003B970471A8A55
:1043B0005B681044F9E710B5D4682378023113B96B
:1043C0002170012010BD8B42FBD0038A023B038287
:1043D00000201061F6E7FFF770B82DE9F0410446C0
:1043E0008868FFF7E0FF638D628B934228BF134616
:1043F00083420D461DD32165D1F8088000278F60C8
:10440000FBF738F941462046F2F770FE064638B110
:10441000C5F808802765FBF741F93046BDE8F08113
:10442000618D638B994228BF1946284600F089FEAA
:10443000F1E76FF07906F0E773B5144601460546DB
:104440004FF49572206800F0C5FD207530B92068E2
:10445000294600F079FE20B908232375002002B018
:1044600070BD237AB3B1A3F11802534253419B00AC
:104470000193638A0093AE68238AE2682068294624
:10448000B047002808DB238A98420CD1002323750B
:104490000120E4E70223EBE710F1FF0F03D34042D2
:1044A000C0B22075DAE70E20FBE738B504460D46AA
:1044B000F2F71CFE30B1294604F15400BDE8384043
:1044C00002F05FBB38BDF8B59368166805460F4625
:1044D000144663B9506801210C30FFF77BF9A060E6
:1044E0002B681B78002B14BF022301230370A368E1
:1044F0001B78012B03D0022B1FD000201CE02B685F
:104500001B78002BF9D1606804210C30FFF762F9A9
:10451000E06007802A68E36852885A806168728D7B
:10452000738B088A9A4294BFC0EB0200C0EB030071
:10453000042894BF00200120F8BD2B681B78022BB3
:10454000DBD1606812210C30FFF744F9E06007808E
:104550002B68E268591C0232113351F8040B42F8FF
:10456000040B9942F9D16168728D738B088A9A4263
:1045700094BFC0EB0200C0EB03001228D9E770B46F
:104580000668726A5AB3144654F8983903B1983BD6
:10459000002211467CB9438D408B8B4201D890425A
:1045A0001FD9824238BF02469942306838BF194647
:1045B00070BCF4F751BF844207D0658D648BA9426B
:1045C00038BF2946A24238BF224633B1D3F89850AB
:1045D00005B1983D1C462B46DCE71D46FAE711461F
:1045E000D9E770BC7047D0680378043113B9017003
:1045F000012070478B42FBD091680B8A0020043B5E
:104600000B82106170471FB5CDE901230023009391
:104610001A46F4F781FA05B05DF804FB036800223E
:1046200003B970478B420FD10B683AB942680360F7
:10463000914200D1436000230B60704713604368D0
:10464000994208BF4260F6E71A461B68E8E7BFF3E5
:104650005B8F50E8003F43F0080240E8002100294A
:10466000F7D1BFF35B8FC3F3C00070472DE9F04172
:10467000064690461F460D46B9B104220121F2F7C5
:1046800005FE044618B9BDE8F041F2F7D5BD042196
:104690000C30FFF79FF80570A0F80180C770214625
:1046A0003046BDE8F041FFF700BFBDE8F08130B50E
:1046B0000C4685B0054601F10C00FFF7CBF8228AC5
:1046C0000292E268019200220346009211462846B7
:1046D000F2F734FE05B030BD30B50C4685B0054666
:1046E00001F10C00FFF7B6F8228A0292E26801920B
:1046F000002203460092122113222846F2F71EFEE2
:1047000005B030BD70B504460E46002200230846B1
:10471000FAF7CEFA054658B101462046F2F7E6FC14
:10472000044618B12946304602F036FA204670BDDC
:104730006FF00104FAE707B5CA681388528800923F
:104740000C210D22F3F7F0F803B05DF804FB07B578
:10475000CB6800221B8800920A210B22F3F7E4F8B1
:1047600003B05DF804FBF8B5CB681F88BBB2162B0D
:10477000054619D90321F2F7F1FE0646B0B1022130
:104780000C30FFF727F800246FF008030370447023
:1047900031462846FFF789FEF72328466B836F854D
:1047A000FFF7EDFE2046F8BD0420FCE70E20FAE7F7
:1047B0002DE9F04F064685B0104690469946FFF722
:1047C000F2FD738B728D934228BF134683428B4652
:1047D00075D9736803934046FEF7CFFF4FF0000A88
:1047E00004464046FFF7DFFDE168228A658A636977
:1047F000778BCB1AAD1AED1A738D9F4294BFC0EB25
:104800000700C0EB0300854228BF054625BB98F88A
:104810000A00EEF79BFC00220023FEF77BFF044614
:1048200008B9574627E001464046FEF7B7FF404625
:10483000FFF7B9FDE168228A658A6369778DCB1A33
:10484000AD1AED1A738B9F4294BFC0EB0700C0EB0B
:104850000300854228BF0546CDF80090DBF80470C0
:1048600003980A44ABB25946B847071E07DABAF1B3
:10487000000F18BF5746384605B0BDE8F08F0E9BB5
:10488000ABB9394604F10C00FEF7A4FF4046FFF730
:104890008AFD738D728B934228BF1346B9448342BD
:1048A000BA441FFA89F9BCD9AF429AD0B9E70F9A36
:1048B0000E9B3946204698470028E2D1B1E70027F1
:1048C000D9E72DE9F3411768D7F80480002314468F
:1048D0001373014606469522404600F07BFB0546D1
:1048E000207330B93146404600F02CFC28B908232B
:1048F0002373002002B0BDE8F081A068798D7A8B27
:10490000038A914294BFC3EB0103C3EB0203012B63
:10491000EFDD02210C30FEF75DFFCDE9005580464A
:10492000A388A26831463846FFF742FF031E06DA25
:1049300013F1FF0F26BF5B42DBB20E23D8E7A8F8C6
:1049400000300120D6E72DE9F3411768D7F804803D
:10495000002314461373014606469522404600F094
:1049600039FB0546207330B93146404600F0EAFB7A
:1049700028B908232373002002B0BDE8F081CDE9F7
:1049800000553146A388A2683846FFF711FF00287A
:1049900007DA10F1FF0F26BF4042C0B20E2020738D
:1049A000E9E70120E8E7F8B50546071F00F14803ED
:1049B00050F8044CBFF35B8F53E8001F21F0040153
:1049C00043E80012002AF7D1BFF35B8FFCB1EB6C18
:1049D00083B9636873B1201DFFF7DBFC064601460F
:1049E0003846FFF7FAFC90B163683360A3686660ED
:1049F00003B9A66005F150013846FFF783FE30B1D8
:104A000004F10C013846BDE8F840FFF77BBEF8BD65
:104A10002DE9F041446A074644B154F8986906B15B
:104A2000983E0022154607F104080CB9BDE8F08154
:104A3000236D9BB905B98AB94046FFF7AAFC054624
:104A400058B101462046FFF7C8FC0028EED07B682D
:104A50002B60BB687D6003B9BD60224636B1D6F8D5
:104A6000983003B1983B34461E46DEE73346FAE7FA
:104A700038B50546BFF35B8F0B68BFF35B8FDB0771
:104A800016D550F8040C98B1EB6C8BB90430FFF7D5
:104A900080FC044660B10146281FFFF79EFC38B138
:104AA00055F8043C5A6822609A685C6002B99C60C0
:104AB00038BDF3F7C5BF08B5F3F70CFB40B1406A4A
:104AC00030B1024652F8983903B1983B002002B940
:104AD00008BD518B528D8A4228BF0A46904238BF8A
:104AE000104633B1D3F8981001B198391A460B46E5
:104AF000EDE71946FAE708B500230A8AC968F3F713
:104B000051FC002008BD70B50D46F3F7E3FA0446EA
:104B100028B92846EEF7C2FB6FF07F0070BD00F1A8
:104B20000C062946304602F02CF8646AC4B154F8E9
:104B3000985905B1983D0022104607E022467DB104
:104B4000D5F8983003B1983B2C461D46831C01D103
:104B5000002AF4D131462046FFF7D4FD0028EDD1DC
:104B60000020DBE738B505460C46FAF783FD2846FA
:104B7000F3F7B0FA20B9FAF791FD6FF07F0038BD76
:104B80000023236083683BB9C0E90144FFF740FF7D
:104B9000FAF784FD0020F2E71C608460F6E701204C
:104BA000704708B5F3F796FA98B1436A8BB1BFF333
:104BB0005B8F983B03F14C0252E8000F20F0080095
:104BC00042E800010029F7D1BFF35B8FD3F898309A
:104BD000ECE708BD08B50421FFF7D0FB30B1BFF307
:104BE0005B8F806CBFF35B8FC0F3C00008BD1060AB
:104BF0000020704710B5029CA36833B1B1F5807FE7
:104C000028BF0E21CAB221469847A37DE268013B26
:104C1000DBB2A37522B11BB92046BDE81040104796
:104C200010BD1060918000207047F0B507683D7896
:104C300089B006461446E5B97B88B3F5245F04D0F5
:104C400011D8A3F52053032B13D8ADF80A10022274
:104C50000DF10A012046F3F7EBFC70B16FF015037C
:104C6000C4F85C3106E003F55643FF339BB2042BD6
:104C700020D90125284609B0F0BD7B88ADF80A305F
:104C800002220DF10A012046F3F7D2FC0028E5D1FB
:104C9000009003AA776813233146B847021E02DA50
:104CA000C4F85C21E6E703A92046F3F7C1FC00281D
:104CB000DFD0D3E7ADF80A1002220DF10A01204639
:104CC000F3F7B6FC0028C9D17B88ADF80A30022280
:104CD0000DF10A01E8E708B5072203F06BF9B0FA15
:104CE00080F0400908BD10B50346BFF35B8F53E861
:104CF000000F40EA010243E80024002CF7D1BFF383
:104D00005B8F10BD0B6803608B8883808B79837108
:104D1000704770B50D46064611F8010BF1F7ECFD32
:104D2000044610B12C89F1F79BF9A87A05F10B0123
:104D3000F1F7E2FD28B16B8A9C4238BF1C46F1F7BF
:104D40008FF9AB8AA34207D0AB69AC8223B121466D
:104D50003046BDE87040184770BD38B5BDF810400A
:104D6000A24215460CD84CB16BB1A41A8C42A8BF14
:104D70000C46A4B22246591903F0FFF8204638BD6C
:104D80006FF00604FAE76FF00D04F7E730B585B071
:104D9000C96814461D46F3F7B1FC00B10089ADF8AF
:104DA0000E0002230093BDF820200DF10E032946CA
:104DB0002046FFF7D2FF05B030BD1FB50C4619469F
:104DC000E3681C781046BDF818203CB1102401336C
:104DD000069404B0BDE81040FFF7BFBF5B88ADF894
:104DE0000E30022300930DF10E03FFF7B6FF04B05F
:104DF00010BD30B585B01D46002314468DF80C302B
:104E0000F3F728FC10B1037A8DF80C3001230093DE
:104E1000BDF8202003AB29462046FFF79EFF05B0D2
:104E200030BD08B5F3F748FC18B1002303604360B8
:104E3000836008BD70B500F1700605463146007A02
:104E4000FEF7B1FE04463146287A1CB1BDE8704039
:104E5000FFF7E7BFF3F730FC10B1046044608460F3
:104E600070BD022A10B508D1002300F170011A4666
:104E7000007AF3F77DFC022010BDFFF7DBFFFAE7B5
:104E800001210C30FFF72FBF38B504461546FFF758
:104E900086FE40B12046F3F7DDFB20B1037ADB0745
:104EA00001D5FFF7EDFF35B9207A04F17001F3F772
:104EB00003FC00B1856038BD38B5BDF81010BDF8F1
:104EC0001840059DA14210460CD84CB16DB1641A32
:104ED0009C42A8BF1C46A4B22246294403F04DF8C8
:104EE000204638BD6FF00604FAE76FF00D04F7E7CF
:104EF00013B5044610B9002002B010BD00238DF890
:104F00000430006842F6030301A9ADF80630FEF74D
:104F1000D9FC0028EFD1E36898880028ECD120461E
:104F2000F3F7CAFD013080B2E6E770B5CC6888B00F
:104F300008461E46A3798DF80C301546FFF7D8FFBA
:104F4000ADF80D00246823786BB96388ADF80F3095
:104F500005230093BDF8302003AB31462846FFF708
:104F6000FCFE08B070BD631C0DF10F02113453F844
:104F7000041B42F8041BA342F9D11323E9E71FB530
:104F8000CDE90123002300931A46F3F7C5FD05B0D0
:104F90005DF804FB1FB50C461946E36810461A7805
:104FA0008DF8082093F901208DF809205A88ADF872
:104FB0000A201A79DB88ADF80D3007238DF80C2014
:104FC0000093BDF8182002ABFFF7C7FE04B010BD78
:104FD000FFF771BD38B54C8AD3070546C4F30E04FC
:104FE00004D514F0950F2AD04B6843B3900704D52D
:104FF00014F4957F25D08B681BB3144014F4DE7F26
:105000000DD0EB7A2BB92846FFF736F8D8B9052032
:1050100038BD14F0300F04D114F4C07F07D1002044
:10502000F6E72846FFF774F80228F5D8EFE7D5F839
:10503000A430002BEBD05B7CDB06E8D5EFE7022049
:10504000E6E70320E4E70F20E2E7F8B514460F4651
:10505000942261680646FFF7BDFF20BB616801220C
:105060003046F3F77DFE08B3A2891B210232304699
:10507000F3F72AF90546E0B1A1890C300231FEF7B9
:10508000A9FB20F8027BA289A16802F076FFD4E98F
:10509000041228460123F3F7B9FA29463046BDE841
:1050A000F840FFF730BD4FF0FF30F8BD6FF015004E
:1050B000FBE76FF00B00F8E72DE9F04105460F46DE
:1050C000F3F7C8FA044608B3037ADA071ED500F1ED
:1050D0000C08BFF35B8FC668BFF35B8F16F0010649
:1050E00014D1A7B1BFF35B8F58E8003F23F0020251
:1050F00048E800210029F7D1BFF35B8F9B072846C2
:1051000008D5FFF74EFD2046FFF7BAFE01263046D0
:10511000BDE8F081FFF743FD0028F8D02846FFF7EF
:1051200059FD0028F3D0BFF35B8F58E8003F23F010
:10513000020348E80032002AF7D1BFF35B8F28460C
:10514000DFE77047012070470120704713B5C06842
:10515000144668B100238DF8043001A94FF4C05300
:10516000ADF80630FEF7AEFB10B9236801332360BB
:10517000012002B010BD07207047FEF79EB9BFF3B3
:105180005B8F0068BFF35B8F084100F00100704740
:1051900038B50A46034609B9012038BD488A10F0DF
:1051A000240FF9D0197D5D7B147CA94228BF2946C4
:1051B0008C4201D90020F0E7800607D4517CC90752
:1051C0000BD4187A003818BF0120E6E70521181D16
:1051D000FFF7D5FF0028F1D1ECE7197A0029E9D0D3
:1051E0000521181DFFF7CBFF18B9197A01390129DC
:1051F000E0D9527CD207CFD4E3E701238B40DB43D5
:10520000BFF35B8F50E8002F1A4040E800210029CF
:10521000F8D1BFF35B8F7047FEF758B910B5062180
:10522000FFF7ACF8044618B9F4F7DEF9204610BDD4
:10523000A0F1EC04FAE74FF47022002300F59C7013
:10524000F9F7D8BF0720704701238B40BFF35B8F6E
:1052500050E8002F1A4340E800210029F8D1BFF39D
:105260005B8F704708B50E21FFF7EEFF002008BDE9
:1052700070B5051D0E4628460421FFF780FF68B172
:105280000022002100230846F1F71AFD044640B928
:1052900004212846FFF7D8FF204670BD4FF4702246
:1052A000EFE701210C30FEF795FA0670F4E738B508
:1052B00004210446FFF7DCFF054698B110210C30AD
:1052C000FEF788FA04F1270304F1370253F8041BB0
:1052D00040F8041B9342F9D120462946F4F79AF985
:1052E000002038BD0820FCE770B5D0F8EC30DB7842
:1052F000012B044619D1CD68061D10213046FFF759
:105300007CFF2B4604F1B70205F1100153F8040BA2
:1053100042F8040B8B42F9D107213046FFF72FFFEB
:1053200028B109213046FFF78FFF002070BD0A2108
:105330003046FFF724FF0028F3D12046BDE8704037
:10534000F4F77EBA072070470720704707207047A0
:1053500030B5012303FA01F1CA43BFF35B8F50E874
:10536000003F03EA020440E80045002DF7D1BFF3F7
:105370005B8F01EA0300003818BF012030BD38B54B
:105380000446031D0025BFF35B8F53E8002F43E85D
:1053900000510029F9D1BFF35B8F04F59C7001F037
:1053A000EAFC2572BFF35B8F54E8003F44E80052EB
:1053B000002AF9D1BFF35B8F20460121BDE83840B8
:1053C000FFF742BF70B500F1700605460C46072294
:1053D0000968304602F0EEFDB8B963681A682A67BA
:1053E0009A88A5F874209B7985F87630D5F8A43092
:1053F0005BB1A268934208D062681168C3F80110DB
:105400009188A3F805109279DA7170BD2DE9F84FF3
:10541000DDF82C80BDF82890044692461F46FFF721
:10542000FDFE054600285CD0061DB9F1000F27D10E
:105430005AEA070324D103213046FFF7A0FEF8B152
:1054400001213046FFF79BFED0B12C7D6B7B9C4247
:1054500028BF1C46224605F14701404602F08DFD5B
:105460000F2C06D8C4F11002494608EB040002F0E4
:1054700092FD30460121FFF7E7FE0120BDE8F88FDD
:10548000D4F8A43083B904F1700B217A5A46202055
:10549000F5F714FBC4F8A40030B9217A5A4601206C
:1054A000F5F70CFBC4F8A400B9F1000F0CD15AEACF
:1054B000070709D1D4F8A41031B14B8A9B0603D554
:1054C0000C7C1E312246C8E70F213046FFF757FEFD
:1054D00020B1022206212046F1F7BAF92846FFF74B
:1054E0004EFF0020CAE76FF08500704770B5044694
:1054F0000820F4F729F80546E0B1061D08213046DA
:10550000FFF77BFEBCB30721FFF777FE234605F1CB
:10551000970204F1200153F8040B42F8040B8B426C
:10552000F9D10A213046FFF72AFE70B10921304631
:10553000FFF78AFE0720F4F707F80446E8B1F4F70E
:1055400087F8D0B10821204612E010213046FFF73D
:1055500016FE09210028EAD13046FFF710FE002888
:10556000E8D02846F4F76CF901460028E2D0284636
:10557000F4F7D4FEDEE70B21F9E770BD70B5044601
:10558000A0F1EC0650F84C3BE83CD3F8A45001F0F5
:10559000F2FB03212046FFF7F2FDA0B108213046BF
:1055A000F4F730FE3DB16B8A13B16B7C9B0702D5DB
:1055B000284600F029F830464FF4B872BDE8704034
:1055C000002102F0E8BC01212046FFF7D8FD0028A9
:1055D000E4D10F212046FFF7D2FD0028DED1E1E71C
:1055E00070B504460D461646F5F768FA38B93146E7
:1055F0002846F5F721FA10B1438A1C43448270BD56
:10560000438A19434182704710B5037A5B07044609
:1056100001D5EFF7A5FC20464422BDE8104000214B
:1056200002F0B9BC531E1944024411F8013900F8C4
:10563000013B9042F9D1704710B5431E00F11002B2
:10564000073013F8011F12F8014D1C7083421170CE
:10565000F7D110BDF0B597B014460E462022014692
:1056600005A81D461C9FFFF7DDFF202231460DA82F
:10567000FFF7D8FF2146102201A88DF85450FFF7FC
:10568000D1FF3B46412205A901A8F5F717FB0446C7
:1056900010B93846FFF7D0FF204617B0F0BD2DE90E
:1056A000F04397B00446164605A810221D46DDE9D2
:1056B0001F98219FFFF7B6FF1022314609A8FFF778
:1056C000B1FF102229460DA8FFF7ACFF1E99032257
:1056D00011A8FFF7A7FF4946D9F8010011F8013BCF
:1056E0008DF8473012908B88ADF84C30062212A806
:1056F000FFF798FF4146062211F8013B8DF84E3026
:10570000D8F80130CDF84F300DF14F008B88ADF84F
:105710005330FFF787FF2146102201A8FFF782FFD1
:105720003B46412205A901A8F5F7C8FA044610B97D
:105730003846FFF781FF204617B0BDE8F083F9F740
:10574000E9BA0369C9B20C2202FB0133186C00F0FC
:105750000700704770B50346C9B20069EFF31186C0
:10576000402484F31288BFF36F8F0C2505FB0104DE
:10577000246C14F0C00401D0A24211D105FB010039
:1057800001220264002086F31188BFF36F8F30B9C5
:105790005B680C2202FB01335B689847002070BDF8
:1057A0004FF0FF30EFE78022FFF7D4BFF8B5069F38
:1057B00004690546C9B2EFF3118C402080F31288CA
:1057C000BFF36F8F0C2606FB0146306C00F0070E0E
:1057D000BEF1010F10D1376400268CF31188BFF39E
:1057E0006F8F3EB90C2041430C44C4E90E236B6813
:1057F0005B5898473046F8BD00F0C00087420CBFA8
:105800006FF077064FF0FF36E7E713B5802400947A
:10581000FFF7CCFF02B010BD10B40069CBB21C245E
:1058200004FB0300002110BC10471046F9F772BAC0
:1058300000F090BBF7F714BD4FF4AF6070474368BA
:105840005B68D3F810350B600020704743685B68D5
:1058500002EA010021EA0201C3F80805C3F80C15A9
:105860000020704743685B680020C3F80815704744
:1058700043685B680020C3F80C15704743685B6899
:10588000D3F8042521EA02001140C3F80805C3F843
:105890000C150020704730B50369586800B3002428
:1058A000884219D108688CB99C685860A14200D11F
:1058B0009860002008602AB15A680A609A685960A6
:1058C00002B9996000200FE02846E9E72060986857
:1058D000814208BF9C60ECE705680446002DF3D1C7
:1058E000002AE9D16FF0150030BDF7F7DFBD4FF0AA
:1058F0008043D3F8002402F00103910748BF43F02E
:105900001003110748BF43F48073D10348BF43F02D
:105910008003510348BF43F02003510748BF43F0C1
:105920000203910348BF43F08003110348BF43F0D3
:105930008003D20248BF43F0080303600020704791
:105940004FF080434FF0FF32C3F80024002070472F
:1059500002780B69012A07D0022A08D052B9DA640A
:1059600003F13C00F9F7D6B96FF00D02F7E76FF0DD
:105970000A02F4E76FF00402F1E738B5044605695E
:105980000122114605F12C0001F014F9012205F164
:105990003C00002101F00EF92046BDE83840F6F742
:1059A000E3BA00692C30F9F7E9B900692C30F9F74E
:1059B000B1B913B501AA044600F02DF8002805DBA3
:1059C000019B226819791868F6F704FB02B010BD34
:1059D00070B54568A86A0368D3F80845D3F80C6524
:1059E000F8F732FB31462046F8F770FD00210446F7
:1059F000E869FFF7DEFFA86A00F093FE204670BD5D
:105A000010B544680021E069FFF7D3FFA06ABDE844
:105A1000104000F086BE30B543681360057A4468D4
:105A200004EBC504A34202D36FF0010030BD5C79E2
:105A30008C4203F10803F0D10020F7E710B50469A8
:105A4000204601F00FF80023636110BD2DE9F041FD
:105A5000D0F80880D8F800400646F4B1476897F8B7
:105A6000264014F001041FD105694FF0FF334FF0B9
:105A7000FF322846F9F75AF86B690133012B6B6145
:105A800008D1D8F8003030469847041E08DA6B6910
:105A9000013B6B612846F9F7BBF82046BDE8F08171
:105AA000F869F6F7F9FAF5E70024F6E7F8B587683C
:105AB0007C6806469CB1436893F82630DB071DD40A
:105AC00005694FF0FF334FF0FF322846F9F72EF803
:105AD0006B69002B05DC00242846F9F799F820466D
:105AE000F8BD013B6B61002BF5D17B6830469847D0
:105AF000041EBEBF6B6901336B61EDE70024EEE766
:105B0000F0B4D0E901631B693BB177688F4208DBD1
:105B10003568954205DCF0BC18476FF05700F0BCC3
:105B200070476FF01500FAE7F0B4D0E901631B6A23
:105B30003BB137698F4208DBF568954205DCF0BC64
:105B400018476FF05700F0BC70476FF01500FAE788
:105B500070B4D0E90162956A03460C46A5B196F887
:105B6000242012B92B4670BC1847306A024410F842
:105B7000011BA14202D121461846F3E79042F6D11B
:105B80006FF0850070BC70476FF05700FAE72DE9A1
:105B9000F341D0E901470E4694F825100569FF2925
:105BA00080460FD194F8261001F00C01082914D07A
:105BB000D8F808301B6B003918BF01214BB96FF0C2
:105BC000570003E0FFF7C4FF0028EBDA02B0BDE89E
:105BD000F081404698470028F8DBA268B2F1004FF8
:105BE00005D011464046FFF78BFF0028EEDB6269C7
:105BF000B2F1004F05D011464046FFF795FF00284F
:105C0000E4DB2368B3F1004F14D0D8F808305B69A7
:105C1000002BD4D001A9404698470028D6DB226843
:105C2000019B9A421CDD11464046FFF769FF0028A0
:105C300005DACBE762686FF000439A42E5D19EB97E
:105C400094F826309B0716D03B68404698470028BA
:105C5000BCDBA069F6F720FA6B6901336B610AE0DF
:105C600062689342EBDDDEE76B6901336B6194F8A8
:105C70002630DA0601D40020A8E74046FFF716FFD9
:105C8000A4E7012303FA01F103691B68194218BF55
:105C900082F0010212B18368DB68184783681B69D0
:105CA000FBE708B54368986A38B193F82C100122D5
:105CB000FFF7E7FF00EAE07008BD6FF08500FBE743
:105CC00043681B68B3F1004F14BF00206FF0010060
:105CD000B0FA80F0400970470346084631B95B6866
:105CE0001B68B3F1004F01D0136070476FF01500CF
:105CF000704743681B68B3F1004F1ABF00200B6068
:105D00006FF0010070474368986A20B193F82C1037
:105D10000022FFF7B6BF6FF08500704700F1500317
:105D20009B009BB203F1804303F5883300221A6085
:105D30001B68704708B5F6F7ADFA08BD4FF0FF30A5
:105D4000704708B5006990F83430994207D290F84E
:105D500035303BB1C9B2F8F79FFB002008BD6FF0AA
:105D60001500FBE76FF00A00F8E71FB50469002390
:105D70000193CA070393236B02935CBF0123019332
:105D80008B0758BF019B01A958BF43F00803204669
:105D900058BF019300F0FCFC002806DB204600F011
:105DA00006FD012384F83530002004B010BD10B585
:105DB0004FF0FF304FF0FF31F6F76CFC044628B986
:105DC000DBF7E6F9044618B1F6F76CFC204610BD87
:105DD000F6F768FC2046EDF7ABFBF7E738B50B8A22
:105DE0000D463BB101F10C00FDF72CFD012818D048
:105DF000022803D06FF01504204638BD4FF0FF3065
:105E00004FF0FF31F6F746FC04460028F4D1E8686D
:105E1000E4F744FE0446F6F745FCACB1F6F758FC4F
:105E2000EAE74FF0FF304FF0FF31F6F733FC04465E
:105E30000028E1D1E868F6F733FE0446F6F732FCB5
:105E4000002CD9D1F6F744FC2846EDF727FA0024B8
:105E5000D2E7F6F78FBD10B532220446002102F0DA
:105E60009AF8202323708023A3706FF03F0363719F
:105E70000423A3722823A3730223E3730423A375CB
:105E80006FF0480363760323A3766FF01F03E37676
:105E90000E232377302384F82030402384F82130E8
:105EA000792384F822307E2384F82330802384F8F9
:105EB0002630042384F8273010BD08B50323E4F707
:105EC0008DF9002008BD08B5F7F7ECF8002008BDF3
:105ED00008B5FAF7F5FE48B1002383F31188BFF344
:105EE0006F8F0423184602DF6FF0040008BD08B569
:105EF0004FF0FF314FF0FF30F6F7CCFBE7F71BFD1B
:105F0000BDE80840F6F7CEBB684620F007018D4695
:105F100001B5E3F741F9BDE80140854670476846A1
:105F200020F007018D4601B5E3F72AF9BDE80140ED
:105F300085467047684620F007018D4601B5E3F7B6
:105F40000DFFBDE801408546704708B5E7F71BFC2B
:105F5000002008BD7047012802D10020E1F7ACBF46
:105F600070477047E1F7A6BD03460020184700F0D0
:105F7000C2BC10B502461168B1B1BFF35B8FB1FA74
:105F800081F3C3F11F000123834021EA030352E898
:105F9000004F8C4204D142E8003CBCF1000FF6D126
:105FA000BFF35B8FE7D110BD6FF00B00FBE710B5BF
:105FB0000368CB40DB0714D401238B400268BFF396
:105FC0005B8F43EA020150E8004F944204D140E85D
:105FD000001CBCF1000FF6D1BFF35B8FEED10020A7
:105FE00010BD6FF01500FBE7F7B5019001A8DDE9E2
:105FF000084716461D46F7F7C1F9019BB6F1000C9C
:1060000018BF4FF0010C00EB83000B1E18BF0123DB
:10601000002D43EA4C030CBF4FF0000C4FF00C0C6A
:10602000002C43EA0C030CBF4FF0000C4FF4E06C63
:10603000002F43EA0C03D0F800270CBF4FF0000CF0
:106040004FF4403C43EA0C0322EA030301B1097810
:106050000EB13678760019430DB12D78AD0031437D
:106060000CB12478240229430FB13F783F040C433C
:106070003C43C0F8004703B0F0BD1FB50DF10F035E
:10608000019300238DF80F1000931A461946FFF76D
:10609000ABFF05B05DF804FB10B504460846F7F702
:1060A0007DF904EB4004207DC0F3401010BD10B515
:1060B00004460846F7F772F904EB4004207DC0F36C
:1060C000400010BD10B504460846F7F767F904EB29
:1060D0004004A08A400B10BD70B504460846164621
:1060E000F7F75CF908300D4634F81030DA0509D5B9
:1060F000C3F3432304EBC302314654F833305268F0
:1061000028469847A3682BB1E26831462846BDE887
:106110007040184770BD10B504460846F7F73EF9C1
:1061200004EB4000838ADA051DD5C3F3432123F431
:10613000F853838204F1120204F1660032F8023F40
:1061400013F4807F03D0C3F3432399420BD08242E0
:10615000F4D104EBC10300225A6004F16C00BDE8E5
:106160001040FFF724BF10BDF0B5034600F5807462
:10617000002005460127844695420AD1D3F87C21A8
:1061800032B10022C3F87C21D3F87C3140F00040CA
:10619000F0BD25F0404607FA06F6314209D0D4F8A2
:1061A00000E0BEF1000F04D0C4F800C0D4F800E055
:1061B000304301350434DFE738B504460D46FFF7B8
:1061C0006BFFA8B12046FFF772FF88B92046FFF7A2
:1061D00079FF226801238340C2F80833236803EB68
:1061E0008000D0F8103523F00303C0F8103538BD17
:1061F00028460021BDE83840FFF73FBF2DE9F043B6
:10620000174685B004460846F7F7C8F8D7F8008067
:106210000E460546B8F1000F1ED02046FFF747FF97
:1062200018B12046FFF738FF20BB0023CDE900332B
:106230008DF80E308DF80F300DF10F0243460DF141
:106240000E013046FFF7D0FE04EB4502938A23F09F
:10625000020343F0010393827B689BB331462046DF
:1062600093F80080D3F80490FFF721FF28B1B9F12B
:10627000000F1FD06FF0150027E004EB4500838A64
:1062800023F4604323F020038382B9F1000F11D07F
:10629000B8F1030FEED87B6821685B6893F800C003
:1062A0004FEA8C031944B8F1000F11D1C1F81085E1
:1062B000C1F8108504EB4502938A23F01C0343EADE
:1062C00088039382BB6843BB002005B0BDE8F08320
:1062D000D1F8102522F00302C1F8102522681344DA
:1062E000D3F8102522F44F3222F44072C3F810255F
:1062F0003202D3F8101502F47C5242EA08420A43F3
:10630000C3F8102504EB4C03A3F87060838A43EABA
:106310004C3343F020038382CCE7D3E90078314645
:106320002046FFF7F8FE002FCED063689F4206D0CC
:1063300004F16C00FFF71DFE002804DAC5E7A3682E
:106340009845F5D1002004EBC003C3E9017804EBC4
:106350004505C0B2AB8A43EA402343F48073AB8265
:10636000B2E72DE9F043054685B0084616461F46BC
:10637000F7F714F80C46804626B32846FFF797FE39
:1063800018B92846FFF788FE18BB05EB4809B9F88D
:10639000143003F01C0313B17378012B19D00123BF
:1063A0008DF80F300023CDE90063721CB31C0DF192
:1063B0000F012046FFF718FEB9F8143043F003032D
:1063C000A9F81430002F3FD021462846FFF76FFE72
:1063D00020B96FF0150005B0BDE8F0833E782B685A
:1063E00003EB86030022C3F81025C3F8102505EB44
:1063F00048024FEA860C938A23F4604323F020037B
:106400009382787800B32968BF7861440004D1F89A
:10641000103523F4991323F4F853C1F810352302EF
:1064200000F4403003F47C5303433805D1F8105591
:1064300000F4801003432B43C1F81035938A43EADC
:10644000463343F0200393820020C4E7C0E90312DF
:10645000704770B504461546FFF71EFE48B1084662
:10646000F6F79CFF04EB40040020A38A5B0B2B7023
:1064700070BD6FF01500FBE738B590F88040054619
:106480009CB954222146143001F085FD2868C0F8DB
:106490007C41D0F87C3140F30730ECF735FB012329
:1064A00085F88030EB66204638BD6FF07700FBE75B
:1064B00090F88000003818BF01207047F6F7A8BF99
:1064C0002DE9F34104461746FFF7E6FD0D46266821
:1064D000F0B12046FFF7EBFD8046C8B92046FFF734
:1064E000F1FD820002F5807346F80380F3582368BB
:1064F0001344D3F8102542F00102C3F8102527B148
:10650000226801238340C2F8043302B0BDE8F08161
:10651000D6F80433002BA4BF4FF00043C6F8043371
:106520002846F6F73BFF04EB4004A38AC3F382033B
:10653000042B12D0052B12D001A80195F6F71EFFEF
:10654000019BD0F81015D94001F001010231284615
:1065500002B0BDE8F041FFF790BD0321F7E702214B
:10656000F5E7FFF729BE10B5A1F58074A408012353
:10657000A34018400AD001F1804101F5E0410868CC
:1065800020B10020086009680AB9012010BD116817
:1065900019431160F9E708B500210120F7F7E0F889
:1065A0000028F9D008BD08B50246F7F779F820B9F8
:1065B000BDE808401046F7F7A9B96FF00F0008BD15
:1065C00091F820200346032A29D8DFE802F021258C
:1065D00019028A68500304D5D3F84C250869904203
:1065E00007D18A6852031AD4D3F84C25896991429D
:1065F00015D000200622C3F80005C3F80025704717
:10660000D3F84C2508699042F3D1D3F83C25EDE747
:10661000D3F84C250969EAE7D3F83C25FAE70120CD
:10662000704730B59508403D0124AC400C4208D07D
:10663000815831B100218150825813B11A68224328
:106640001A6030BD13B500230C4601934FF4A472B9
:1066500001ABFFF7E6FF21464FF48272FFF7E1FF3F
:1066600021464FF49272FFF7DCFF21464FF4A872E7
:10667000FFF7D7FF21464FF4A672FFF7D2FF21465E
:106680004FF4B072FFF7CDFF4FF4AE722146FFF723
:10669000C8FF019802B010BD10B44FF080528B6853
:1066A000D2F83021CC7B0D2A04D1B3F1C86F08BFDA
:1066B0004FF0C46302682CB9D1E90041C2F8084523
:1066C000C2F80C15C2F8243543682BB1006810BC21
:1066D00040F30730ECF718BA10BC704738B50D46D8
:1066E00090F826100446C9B9C160C0E9012380F8BA
:1066F000291080F8281065B1AB7B80F82B30284634
:10670000F7F760FC6B7B84F82A3029462046FFF7B8
:10671000C3FF012384F82630002038BD6FF07700D6
:10672000FBE703680622C3F80025022380F8263021
:10673000704738B5D1E9005104460023C8034FF42F
:106740007A72490CE4F732F82368C3F80C55C3F8A1
:106750000405A36863B124680023C4F8003144F33E
:106760000730D4F80031ECF7CFF90123C4F8043333
:1067700038BD38B5C0E90223437933B901234371E9
:1067800009B1FFF7D6FF002038BD6FF07700FBE7B7
:1067900008B543792BB1022B06D0FFF7CAFF0020C2
:1067A00008BD6FF07600FBE76FF00F00F8E70368B5
:1067B00001221A6002234371704710B5EFF3118470
:1067C000402383F31288BFF36F8F0379072B11D80F
:1067D0000B700133037102680978D2F808050123B0
:1067E0008B400343C2F80835002084F31188BFF3BF
:1067F0006F8F10BD6FF00B00F7E70368D3F8041438
:10680000D3F800214AB10022C3F80021D3F80031A7
:10681000D0E902324FF480701847704707B50190F5
:1068200001A8F7F743FE019A01239340C0F8083509
:1068300003B05DF804FB0369C26893429CBF8168A2
:106840005B18013B981A70472DE9F041D0E90284AA
:106850000546A8EB04064068964220440F461444BF
:1068600004D901F08AFBEC60BDE8F0813246A4EB6C
:10687000080401F082FB68682246B919F1E72DE9A6
:10688000F843C5680646894617464FF00008336945
:10689000B46870689D4228BF1B19641BBC4203F199
:1068A000FF3328BF3C465B1B9C4228BF1C46494621
:1068B0002844224601F061FBB3682544AB4208BF7F
:1068C00000253F1BA044A144F560E0D14046BDE84F
:1068D000F88308B5F7F732FF002008BDEFF3118009
:1068E000402383F31288BFF36F8F704780F31188C2
:1068F000BFF36F8F704708B1ECF7FABC704710B563
:10690000436904463BB90020E268537843F0010331
:106910005370404210BD98470028F4D00028B8BFFB
:106920004042E368FF28A8BFFF201870ECE740B1A1
:10693000C368587810F001001EBF1878B0FA80F0D4
:106940004009704710B400F10C04C0E9034410BCC6
:10695000FCF72BB938B50446EFF31185402383F3D8
:106960001288BFF36F8FEAF763F904F10C0000F0AF
:1069700005FB30B1294604F11400BDE8384000F0B1
:10698000E2BA85F31188BFF36F8F38BD10B5426945
:106990006AB1836842EA0301890708D10169A2FB51
:1069A000011424B95B182CBF0121002102D36FF020
:1069B000150005E0C1609B1A02698A4201D80020D7
:1069C00010BDC2681A604269C36001319B1AF3E7C7
:1069D0002DE9F04105460F46EFF31188402383F37C
:1069E0001288BFF36F8FC668F6B90468A0421BD047
:1069F000D4B1D4E9003213605A60237CA66023F03E
:106A000002032374C4E9006604F1180000F037FBA8
:106A10002046A667676100F03CFA414605F1080090
:106A2000BDE8F04100F08FBA3E60AB69EF60013B1A
:106A3000AB6188F31188BFF36F8FBDE8F08108B5B3
:106A40004024EFF3118384F31288BFF36F8FFCF7B8
:106A500024FEF6E790F90E308B4201D0F8F78ABD9C
:106A60000020704703460020C3E90200C3E9003359
:106A70007047D0E9003213605A60027C002322F094
:106A80000202C0E900330274836070472DE9F843C5
:106A9000904604469DF820200D46EFF311874021D3
:106AA00081F31288BFF36F8F02B14568A66804F1C5
:106AB0000809B14515D0A6B13046FFF7DAFF00242A
:106AC00006F1180000F0DBFA3046B467C6F814800F
:106AD00000F0DFF94846394600F035FA2046BDE8B7
:106AE000F883A3B10820F9F703FA002832D0012275
:106AF000C0F804800260016801F003015DB92268FA
:106B00000A430260626820606AB960600BE0C8F8FE
:106B100000304046EFE72A68032A10D80160616818
:106B200039B9C4E90000002087F31188BFF36F8FE3
:106B3000D5E70A6802F0030202430A60E5E722F0A3
:106B400003020A4302602A6802F0030240EA0203D9
:106B50002B60E8E76FF00B00E6E710B5044630B1B4
:106B60000268930703D0446809B100F015FB204682
:106B700010BD0023C0E9003300F10803C0E902336F
:106B8000704707B50123009300230A461946FFF713
:106B90007DFF03B05DF804FB07B500230A460093B0
:106BA0001946FFF773FF03B05DF804FB006800218E
:106BB000FFF7D3BF3AB18A4205D3C0E90212C0E958
:106BC0000000002070476FF0150070470268012335
:106BD0008B4022EA0303036022FA01F000F0010077
:106BE0007047704710B5032104460C30FFF7EEFFE5
:106BF00030B104F1100000F042FAB0FA80F0400920
:106C000010BD20B1002211468C3000F0FFB9704752
:106C100070B5C368C3F340069B07044616D4856865
:106C200002210C30FFF7D2FF80B1D5F884206AB181
:106C300094421DD122689EB9D5F88830C5F88420C9
:106C40009C4201D1C5F8882000232360E36813F03B
:106C50001F001EBF43F00203E36040F0020070BD5E
:106C60003260D5F88820944208BFC5F88860EBE709
:106C700016461268DBE773B50446EFF3118540232F
:106C800083F31288BFF36F8F00230193D0E90423AD
:106C9000B3F1004F08BF012A05D085F31188BFF377
:106CA0006F8F02B070BDA0F1100603210438FFF70A
:106CB0008DFF0028F1D0A369019301A93046F8F7B0
:106CC00067F9EAE738B504460D461022002101F0C5
:106CD00062F9656038BD13B501900846EFF3118481
:106CE000402383F31288BFF36F8F01A9F8F750F99F
:106CF00084F31188BFF36F8F02B010BD10B5FFF79A
:106D0000EAFF041E08DDEFF31180402383F31288AD
:106D1000BFF36F8FF8F79AFC204610BD70B50D4693
:106D2000EFF31186402383F31288BFF36F8FF8F7D8
:106D300081F9044686F31188BFF36F8F38B14FF0A5
:106D4000FF324FF0FF3305F11000F8F717F8204637
:106D500070BD08B5A022002101F01DF908BD38B5AD
:106D6000302204460D46002101F015F94FF48073DE
:106D70006560E36038BD38B50446EFF31185402304
:106D800083F31288BFF36F8FFFF72CFF2046FFF7C6
:106D90003FFF85F31188BFF36F8F38BDF8B5044608
:106DA0000D46EFF31187402383F31288BFF36F8FF3
:106DB000C36803F01F03002B14BF0126002609D06F
:106DC000FFF710FF2046FFF723FF29462046F8F77C
:106DD000C1F8034687F31188BFF36F8F3BB14FF0C3
:106DE000FF324FF0FF3305F10800F7F7C7FF3046D9
:106DF000F8BDD0E9003213605A60027C002322F013
:106E00000202C0E90033027483607047EFF305802B
:106E1000003818BF012070476FF0570070470020FE
:106E20007047D0E9003213605A600023C0E9003394
:106E3000704708B5FFF7F5FF037C23F002030374E6
:106E40000023836008BD38B504460D46F8F7EEFA16
:106E5000237C43F002032374D5B1A5602B689D42C7
:106E600009D16B68C4E900531C606C6010E06A686B
:106E70009A42F6D01B68002BF3D093F90E1094F9C8
:106E80000E209142F3DD5A68C4E9003214605C6060
:106E900038BD10B5EFF31184402383F31288BFF39C
:106EA0006F8FF8F783FA84F31188BFF36F8F10BDEB
:106EB00008B5EFF31181402282F31288BFF36F8F80
:106EC00083680BB1FFF7B5FF81F31188BFF36F8FB4
:106ED00008BD08B5037C13F0280F01460CD1836868
:106EE0000BB1FFF7A6FF0B7C23F004030B740846DD
:106EF000BDE80840F8F75ABA08BD10B5EFF31184A1
:106F0000402383F31288BFF36F8F1838FFF7E1FF38
:106F100084F31188BFF36F8F10BD08B50346EFF3FC
:106F20001181402282F31288BFF36F8F0068834281
:106F300007D008B1FFF77DFF81F31188BFF36F8F92
:106F400008BD0020F8E70846F8F7A8BA38B5046885
:106F50000546AC424FF0000000D138BD002CFCD0FB
:106F60002046FFF766FF04F1180000F088F820467D
:106F7000F8F71CFA2C680120A542EDE710B5EFF3F5
:106F80001184402383F31288BFF36F8FFFF7DEFF76
:106F900084F31188BFF36F8F10BD38B50C460546DA
:106FA000F8F7F0FBB4F1FF3F08BFB5F1FF3F1FBF9B
:106FB00047F6FF7300224FF47A71E0FB01321ABFEB
:106FC000D80B40EA42404FF0FF3038BD38B5044698
:106FD000EFF31185402383F31288BFF36F8F037C97
:106FE0005B070ED5183000F04AF8237C23F0040329
:106FF00020462374F8F7DAF92846BDE83840F8F758
:107000004DBA85F31188BFF36F8F38BD38B5EFF3F4
:107010001185402383F31288BFF36F8F0468A04269
:1070200012D09CB1A16762612046FFF702FF04F114
:10703000180000F024F82046F8F7B8F9012085F38D
:107040001188BFF36F8F38BD0020F8E72046F6E7C0
:1070500008B50246F8F708FD70B1D0E904319B1A73
:1070600061EBE272B3F1004F72F1000104DA002A21
:10707000ACBF1846002008BD6FF00040FBE738B5F4
:107080000246EFF31185402383F31288BFF36F8F1D
:107090000368D3B1F8F7E8FC04461046F8F7F6FCAD
:1070A00000224FF000438442C0E9042305D00020B1
:1070B00085F31188BFF36F8F38BDF8F7DDFCFFF75C
:1070C000C7FF0021F5F74AFAF1E7D0E90413B3F15D
:1070D000004F08BF012904D100204FF00041C2E950
:1070E00004016FF01500E3E708B5F8F7D7FD08BD18
:1070F000F8F7D4BDB3F1FF3F08BFB2F1FF3F70B561
:1071000006461D46144614D01A4316D0002B08DB41
:10711000F8F7C4FD041941EB0501C6E9004130460A
:1071200070BD6FF001031C1B4FF0FF3363EB0501D3
:10713000F3E74FF0FF342146EFE70024FBE7B3F11C
:10714000FF3F08BFB2F1FF3FF8B5074616461C46A1
:1071500010D054EA020311D0F8F7A0FDB0420A465D
:10716000A14103460AD2F31A64EB0204C7E90034D2
:107170003846F8BD4FF0FF331C46F7E70023FBE726
:107180000023C0E9081200F11802C0E90622C0E994
:10719000003303634363704720B1011F50F8040CB0
:1071A000FFF7D8BB70477047FFF75CBC70474FF0E4
:1071B000FF324FF0FF33F7F7B9BCF7F729BD0020D6
:1071C0007047704710B5044608B1F9F73BF8204600
:1071D000BDE81040F9F726B80346C068F8B15888F2
:1071E000E8B11B8803F44F42B2F5824F02D0B2F5EA
:1071F000884F09D1DBB2272B2AD008D8172B0FD004
:10720000222B34D0122B16D06FF085007047302B14
:107210002FD0413B012BF7D8FF2839D100207047F0
:10722000C028FBD0E128F9D0B0F5807F14BF6FF003
:1072300086000020704720F02003C02BEED020F005
:107240008003B3F5807FE9D040F209239842EDE74F
:10725000E928E3D0EF28E1D040F21B139842DDD0BB
:1072600040F299139842D9D040F23B23EEE7E92847
:10727000F1E720F02003C02BD0D020F04003B3F57D
:10728000807FCBD0B0F5C07FC8D0B0F5007FCDE710
:10729000B0F5E07FCAE73AB1002918BF0023D21A3F
:1072A0002121184400F077BE70472DE9F04F89B0D6
:1072B0009B4600238DF81B30159BDDF85080002B7A
:1072C00091460B460D460CBF4FF400624FF48062AE
:1072D00007A9DDE912A7F9F757F90446D0B9079EC7
:1072E0000DF11B0231882846F9F7CAF9044688B91E
:1072F0009DF81B30BB421FD8CDE90338CDE901BA58
:10730000CDF80090D6E909122B463046F9F754FE25
:10731000044608B1C8F80070D8F800303A46214653
:107320005046FFF7B8FF0798F9F730FE002C18BF5A
:10733000204609B0BDE8F08F6FF08904EAE741F21A
:10734000062398421AD8B0F5905F09D241F20103A2
:1073500098420CD0B0F5885F09D06FF08500704777
:10736000A0F5905080B26923C340DB07F5D511F03A
:10737000070F14BF6FF0860000207047B0F5105F54
:10738000EBD121F04003802B06D0B1F5807F14BFF4
:107390006FF08600002070470020704770B5446A87
:1073A00005460E463CB90120F8F736FF686228B161
:1073B000AE62204670BD6FF08A00FBE76FF08C0074
:1073C000F8E7F8B51E460F4603881546C2B103F428
:1073D000E043B3F5805F02D0B3F5005F10D1089BA6
:1073E000E90019600088FFF7AAFF044630B92A4671
:1073F0003946304600F0C1FD079B1D602046F8BDB0
:107400006FF08504FAE710B50446406A10B1A16A2E
:10741000FFF7D8FE0020C4E9090010BD38B50446C6
:10742000FFF7F1FF237F012B0FD0023B012B0FD879
:10743000236A012B14BF6FF0960500252C22002132
:10744000204600F0A8FD284638BD236A002BF1E74E
:107450006FF09605F2E738B514460288049D02F4F1
:10746000E040B0F5805F07D0B0F5005F04D002F4D3
:107470004F42B2F5824F0ED1AC420FD81846224689
:1074800000F07BFD2A1B0021204400F084FD059BB9
:1074900000201C6038BD6FF08500FBE76FF08900AD
:1074A000F8E7F0B50F4685B01E461546CAB1002371
:1074B0003360012203A9F9F767F8044670B9CDE9F2
:1074C000005603983B46D0E9091200F0CEF9044675
:1074D0000398F9F75BFD002C08BF0446204605B071
:1074E000F0BD6FF08904F9E770B50488049E154675
:1074F00004F4E042B2F5804F22D124F4405044F22B
:10750000010290420DD004F44F44B4F5824F08D0EC
:10751000B4F5844F05D0B4F5884F02D0B4F58E4F42
:107520000ED1B5420FD818462A4600F026FD721B30
:107530000021284400F02FFD059B00201D6070BD38
:107540006FF08500FBE76FF08900F8E7F0B50F46B4
:1075500085B01E461546FAB1002333601A4603A9CA
:10756000F9F712F8044688B9039803885B0410D52C
:10757000CDE900563B46D0E9091200F081F90446F6
:107580000398F9F703FD002C08BF0446204605B018
:10759000F0BD6FF08604F3E76FF08904F6E710B5ED
:1075A0000368044643B100F0C9F900232360A388AF
:1075B0006FF30803A38010BD1846FCE72DE9FF41D7
:1075C0000C46016898460023054616460393002999
:1075D00039D14FF4A872083000F0DDFCB8F1000F8B
:1075E000204633460CBF4FF400624FF4806203A97B
:1075F000F8F7CAFF0446B8B9039F2A1D39883046F8
:10760000F9F73EF8044678B96B7968F300036B71BB
:10761000D7E90923394600962846B8F1000F0FD064
:10762000F9F7E2FC044610B12846FFF7B8FF0398CB
:10763000F9F7ACFC002C18BF204604B0BDE8F0817F
:10764000F9F7F2FCEEE76FF08804EDE70123FFF7AE
:10765000B5BF38B50368054614464BB132B100F0EA
:1076600058F9044610B12846FFF799FF204638BD67
:107670006FF08804FAE72DE9F041164602680546E6
:107680000F469846F2B14279D2071BD50279CAB1AA
:10769000B2421AD800F046F9044618B10023C8F8DF
:1076A00000602B7137B1D8F8003032462146384699
:1076B000FFF7F1FD2846FFF772FF002C18BF2046A8
:1076C000BDE8F0816FF08804E8E76FF08904E5E732
:1076D0001FB501240394089C0294079C0194069C06
:1076E0000094FFF7E2FD04B010BD2DE9F04788B02B
:1076F00005469A460023079325F0004323F47F03B1
:10770000B3F1106FDDE91096DDF8488008461746A2
:1077100023D12B464FF4804207A9F8F735FF0446E2
:1077200060B9CDE90368CDE901A907980097D0E9D0
:1077300009122B4600F00AF9044628B131464846A2
:10774000F9F75CF9C8F800600798F9F71FFC002CFE
:1077500018BF204608B0BDE8F0876FF08604EDE75B
:10776000034608461B8803F4E043B3F5805F1146E7
:1077700002D0B3F5005F01D1F9F740B96FF0850091
:1077800070471C22002100F006BC034668B1017F4F
:107790008A1E012A0BD80329026A03D1012A01D1CA
:1077A000FFF73CBE1AB1013A1A62002070476FF031
:1077B00096007047C0B2002814BF6FF0850000200B
:1077C000704700207047704700221A606FF08600F3
:1077D000704700230B606FF0860070472DE9F04181
:1077E00047683F0A04460D461646984611D1078859
:1077F0007F0407D44346324629462046BDE8F0417F
:10780000FFF7AEBF00F0D1F810F1860FF2D0BDE85F
:10781000F0816FF08600FAE72DE9F04F476885B0F8
:107820003F0ADDE90E9ADDF840B004460D461646E3
:10783000984615D1CDE901ABCDF8009000F0A7F83E
:1078400010F1860F0ED14346324629462046CDE937
:107850000FABCDF8389005B0BDE8F04FFFF7B1BDE4
:107860006FF0860005B0BDE8F08F10B44468240ABC
:1078700002D110BCFFF7EFBD6FF0860010BC70475F
:107880002DE9F34747683F0ADDE90A9A04460D46A9
:107890001646984611D1CDE9009A00F06AF810F129
:1078A000860F0CD14346324629462046CDE90A9A36
:1078B00002B0BDE8F047FFF717BE6FF0860002B0D8
:1078C000BDE8F08713B504464868000A0AD1049859
:1078D000009004F10800F9F777FC08B91C23236035
:1078E00002B010BD6FF08600FAE710B404681C2CDB
:1078F00003D110BC0830F9F793BC6FF0860010BCC0
:10790000704703681C2B02D1083000F054B90020E6
:10791000704703681C2B02D1083000F027B96FF0C4
:107920008600704710B404681C2C03D110BC0830CA
:1079300000F025B96FF0860010BC704703681C2B5F
:1079400002D1083000F027B90020704710B4446815
:10795000240A02D110BC00F036B96FF0860010BCCA
:10796000704700F0C5B900F0E6B900F031BAF9F798
:107970007BBB10B4048804F44F44B4F5824F02D1A9
:1079800010BC00F04CBA6FF0850010BC704710B40A
:10799000048804F44F44B4F5824F02D110BC00F0C7
:1079A0006EBA6FF0850010BC704710B4048824F0E4
:1079B000FF04B4F5E24F02D110BC00F0B3BA6FF08F
:1079C000850010BC7047024612F8103B43F3C01309
:1079D00003F0870312F8011D83EA410390421370FC
:1079E0004FEA1323F6D170472DE9FF470546884635
:1079F000144622B3D0F8486100F5947786B9A044C4
:107A00004FF010090DF10C0A102CA8EB040237D826
:107A100023463946384600F0F5F9C5F848410EE0EE
:107A2000C6F110094A450FD8B9191346084642460F
:107A300000F0E8F9D5F848312344C5F8483100266C
:107A4000304604B0BDE8F087B9F1000F08D0B9198D
:107A500042464B46084600F0D5F9103EC84434442F
:107A600003AB1022019300923B4639462846FFF7AC
:107A70003CFF06460028C2D02846FFF742FFDFE75A
:107A800010233946384600F0BDF9CDE9009A3B464F
:107A9000102239462846FFF728FF06460028EBD17A
:107AA000103CB1E72DE9F0439846D0F84831102B4F
:107AB000174685B00446894600F5947500F59C721A
:107AC0001CD12946284600F09DF903AB10220193F2
:107AD00000922B4629462046FFF707FF064630B99D
:107AE0003A462946484600F048FAC8F80070204651
:107AF000FFF707FF304605B0BDE8F083C618104613
:107B000096F8283183F0800386F82831FFF75BFF71
:107B100010230246D5E7F0B5D5B004460E46174609
:107B200000214FF4A67201A81D4600F034FA214648
:107B30003B46324601A8F9F7BFFA044680B95A9A83
:107B4000294601A8FFF750FF044648B9DDE95C2348
:107B50005B9901A8FFF7A6FF0446204655B0F0BD8B
:107B600001A8FFF7CEFEF8E7F9F7CCBA90F84C3150
:107B7000022B01D1FFF738BF6FF08800704710B4B7
:107B800090F84C41022C02D110BCFFF78BBF6FF074
:107B9000880010BC704710B590F84C31022B044699
:107BA00007D1FFF7AEFE4FF4A8720021204600F087
:107BB000F2F9002010BD08B54FF49072002100F0DA
:107BC000EAF9002008BD10B4048804F44F44B4F569
:107BD000824F02D110BCF9F77DBB6FF0850010BC5D
:107BE00070472DE9F04F89B005460E461C4602EB62
:107BF000030800F5947A0DF110090F2CA8EB040787
:107C000004D81CBB002009B0BDE8F08FD5F828319E
:107C1000002E03F1010303AA4FF0100BC5F8283121
:107C200051460CBF3B464B460192CDF800B05A4638
:107C30002846FFF75AFE0028E5D12EB15B463246B2
:107C40004946384600F0DEF8103CD6E7D5F8283132
:107C50000133C5F82831102203AB019300920DEBDC
:107C6000020305F594712846FFF73FFE0028CAD1AC
:107C700036B12346324604A9384600F0C3F8C1E7BE
:107C8000224604A9384600F078F9BBE72DE9F34114
:107C90000546884616461F460246302301A90020A5
:107CA000FFF765FE044658B9019B43450CD33EB12E
:107CB000302F0CD83B4632462946284600F0A2F821
:107CC000204602B0BDE8F0816FF09304F8E76FF052
:107CD0008504F5E710B58CB030236A460446FFF7FB
:107CE00080FF18B969462046F9F7C0FA0CB010BDFC
:107CF00010B504468CB000F5A070FFF755FA0021CE
:107D00003022684600F047F969462046F9F7AEFA96
:107D100078B9034602464FF4C0716846FFF7B6FFD4
:107D200038B969462046FFF7D5FF10B90123C4F8DA
:107D300038310CB010BDF0B500F5A0768DB004461A
:107D400030460F461546FFF732FA18B16FF0830040
:107D50000DB0F0BDD4F83831A3B3B5F5803F34D8B9
:107D6000D4F83C211AB942F21072934211D900237F
:107D70001A464FF480716846FFF788FF0028E7D164
:107D800069462046FFF7A6FF0028E1D10123C4F889
:107D900038312B463A4600212046FFF722FF0028C3
:107DA000D6D101462046FFF795FF0028D0D1D4F860
:107DB00038310133C4F838313046FFF7FEF9002876
:107DC000C6D0C3E76FF08800C2E76FF08600BFE758
:107DD00010B50446FFF795FD04F5A070FFF7E6F92E
:107DE0004FF4AC720021204600F0D5F8002010BD01
:107DF00003460144002013F8012B8B4240EA0200A5
:107E0000F9D1704730B50B4411F8014B12F8015B02
:107E1000994284EA050400F8014BF5D130BDF8B56C
:107E2000054614462F8807F4E04CBCF5804F1846F1
:107E3000DDE9063606D19A421ED800F09EF834607D
:107E40000020F8BD47F21212974202D06FF0850071
:107E5000F7E7640001349C420ED86B88346004223A
:107E6000B3F5807F0270F1D10130F9F7B1FB002842
:107E7000E6D06FF08600E4E76FF08900E1E72DE9D6
:107E8000F0411F460388DDF820800E4644F21211AF
:107E90008B42154642882ED047F212118B423BD1BD
:107EA00002B9EA00B2F5807F36D1202D03D06FF001
:107EB0008600BDE8F08129463046FFF799FF00288B
:107EC000F5D03046F9F770FB0028F0D1D8F8004023
:107ED00034F48074EBD1069B9D4220D82A4631466B
:107EE000384600F04AF8079B1D604FF48073C8F8CD
:107EF00000302046DDE71AB9EB07D8D56A08D20072
:107F0000B2F5807F08D1412DD1D13378042BCED169
:107F1000701CF9F753FBD7E76FF08500C9E76FF0E6
:107F20008900C6E7F8B50C46478801881E4647F227
:107F30001213FD1D99424FEAD50502D06FF085005E
:107F4000F8BD954216D829462046F8F757FD002877
:107F5000F6D129462046FFF74BFF0028F3D0B7F5AE
:107F6000807FEBD12046F9F71FFB0028EBD12023BF
:107F70003360E5E76FF08900E2E70A44914200F1DF
:107F8000FF3300D1704710B511F8014B03F8014FD2
:107F90009142F9D110BD02440346934200D170478B
:107FA00003F8011BF9E7044608B5FAF705F920467E
:107FB000EBF782F810B501390244904201D100205C
:107FC00005E0037811F8014FA34201D0181B10BD42
:107FD0000130F2E710B50139034632B111F8014F13
:107FE00003F8014B013A002CF7D11A4400219342C7
:107FF00000D110BD03F8011BF9E710B5024601449A
:108000008A42134603D01C780132002CF8D1181A8A
:1080100010BDF0B5C3F137070446FFB203F01F03EC
:108020001046082BE6B233D0102B3ED06508A408CA
:1080300044EA817445EAC1752D194FEA910242EB79
:108040005102290941EA02716D1842EB1212290A04
:1080500041EA02616D1842EB1222290C41EA024109
:108060006D1842EB1242AD1842F10002EC0844EAEE
:108070004274D10804EB8402A6EB4205EDB2092D4F
:108080000CD90134A5F10A0541F10001EDB212E06D
:10809000E40844EA417406F00705C908303554EA9B
:1080A000010200F8015BBCD1F0BD240944EA01746F
:1080B00006F00F050909092D84BFED19EDB2EDE7B2
:1080C000D1E9043293421EBF5A1C0A6118707047EE
:0880D000B258FE7F0100000020
:1080D800D93201000000000000000000B881020051
:1080E800D36802000000000085EA010000000000DB
:1080F800A9EA01000000000000000000F081020071
:1081080000000000D4810200E9B601000000000070
:10811800B5D00100000000004B5F02000000000025
:10812800000000000C82020000000000288202000B
:1081380009C4010000000000F11601000000000061
:10814800F13001000000000000000000448202003D
:1081580091D1010000000000C9ED010000000000FD
:108168000000000060820200000000007C82020023
:108178001534010000000000C75E02000000000086
:10818800D15E02000000000000000000988202009A
:10819800F53601000000000019240100000000006D
:1081A80029220100000000005536020000000000EE
:1081B80055CD0200C09002009484020016270020CA
:1081C800A05D002099B40100000000008ECD0200DF
:1081D800D8900200488402001A270020385E002048
:1081E800BDBB0100000000009CCD0200EC90020025
:1081F800488402001C270020445E0020BDBB01000B
:10820800000000007ECD0200000000004084020053
:1082180018270020F45D00200DB9010000000000BF
:1082280020CF0200000000008484020022270020E2
:10823800542600203DC601000000000092D0020034
:10824800000000004C91020024270020C85E002096
:10825800A5C801000000000039CD020000000000A0
:1082680034840200142700200000000041AE010001
:108278000000000079CE0200242600206C84020051
:108288001E270020505E00207B59020000000000DD
:1082980005CF02001C910200B084020020270020B4
:0C82A800A45E0020C9C00100000000001E
:1082B400655F0200695F0200000000007F36020073
:1082C400000000007F360200505E00202DE3010014
:1082D400000000007F360200000000007F3602002C
:1082E4009C240020EB58020025DE0100695F020097
:1082F400000000007F360200000000007F3602000C
:10830400000000007F360200000000007F360200FB
:10831400000000007F360200F45D002079B90100FE
:10832400000000007F360200000000007F360200DB
:1083340054260020FB6702000000000099C40100DD
:10834400000000007F360200000000007F360200BB
:10835400000000007F360200000000007F360200AB
:10836400000000007F360200000000007F3602009B
:10837400000000007F3602000000000015D101005B
:10838400000000007F360200000000007F3602007B
:10839400000000007F360200000000007F3602006B
:1083A400000000007F360200000000007F3602005B
:1083B400000000007F360200000000007F3602004B
:1083C400000000007F360200000000007F3602003B
:1083D400000000007F360200000000007F3602002B
:1083E400000000007F360200000000007F3602001B
:1083F400000000007F360200000000007F3602000B
:10840400000000007F360200000000007F360200FA
:10841400000000007F360200000000007F360200EA
:10842400000000007F360200000000007F360200DA
:0C84340065B2010015B001005802000004
:08844000B9B8010009B8010000
:10844800EDB901003F5802004D580200655802007E
:10845800715802007D580200F9BB010097580200CC
:048468000000000010
:10846C00BDBE0100000000001DBD010000000000A9
:08847C0000000000D1590200CC
:108484006B5D02003D5D0200CDC50100435D02004D
:10849400F1B40100A75702000B58020000000000CD
:0C84A40043570200000000000000000030
:1084B000A35C0200075D0200C15C0200D95C0200FF
:1084C00000000000F35C020000000000000000005B
:1084D000000000000000000000000000000000009C
:1084E000000000000000000000000000000000008C
:1084F000050000009D6C0100060000006D9D01005C
:0885000004000000A97F010046
:10850800210201003D0201000000000000000000FF
:108518000000000000000000000000000000000053
:10852800748F020008000000608B02000700000042
:108538008C8C020005000000EC8B02000800000093
:08854800E08902000C000000B4
:1085500046CD020003000000ADAC020003000000A5
:10856000B6BC020003000000B7BD0200030000001B
:1085700020C60200030000008EB1020003000000CC
:10858000D6C102000300000015CB0200030000006A
:1085900095B1020003000000FDBE020003000000D0
:1085A000AFC7020003000000E1BA020003000000B0
:1085B0005EBD0200030000000DCB020003000000BE
:1085C00068C30200030000007EB102000300000047
:1085D000AFD00200030000009DD0020003000000A5
:1085E00006CB02000300000042AB020003000000C3
:1085F00070CD0200030000004CCF02000300000019
:1086000094AC020003000000AACD020003000000A9
:1086100086CE0200030000004BA902000300000008
:1086200066AB0200030000006AAB0200030000001A
:1086300022980200030000005B9902000300000082
:10864000DBD0020003000000FFB0020003000000C6
:1086500063B10200030000006BB1020003000000E0
:1086600001D1020003000000D3D10200030000008A
:1086700097AA02000300000010CF020003000000D0
:108680003AA30200030000007AB1020003000000D8
:1086900053AB02000300000021AA02000300000007
:0886A00032CF020003000000CC
:1086A800348B0200845B002055AC020001000000FE
:1086C0000000000003000000300000006000000017
:1086D0000000000000000000102700000000000063
:1086E00002000000C8B90200CDB90200D1B90200F1
:1086F000D5B90200D9B90200DDB90200E1B9020022
:10870000E5B90200E9B90200EDB90200F1B90200D1
:10871000F5B90200F9B90200FDB9020001BA020080
:1087200005BA020009BA02000DBA020001000100F8
:108730000001010000010001000001000100000033
:1087400001000B0002000A00050009000A000800F1
:10875000140007001E000600320005004B00040054
:108760006400030096000200FA000100F40100001A
:10877000F401FA00960064004B0032001E00140061
:108780000A000500020001000C0802170D01010299
:108790000909010106020918180301010909838367
:1087A00085030201230202240910040405050B0BB2
:1087B000040B2B1B1B159A9A1C021D16130501494D
:1087C0000D150508061B1B0F01010000FEFEFEFE35
:1087D000FEFEFEFEFEFEFEFEFEFEFEFEFEFEFEFEB9
:1087E000FE16FEFEFEFEFEFEFEFEFEFEFEFE1F1F4F
:1087F000FE26FEFEFEFEFEFEFEFEFEFEFEFEFEFE71
:10880000FEFEFEFE3E3EFEFEFEFE3B3BA301B1032E
:10881000BF05EF024906A309C505F50B25120000A7
:1088200001000000101100400000000000000000E6
:1088300000000000000000000406080A0C0E1012E0
:108840001416181C1E20222426282A2C2E303234DE
:1088500036383A3C3E40424446484A4C4E021A5052
:1088600000000000280000001800000000000000C8
:10887000141E0000301100000000000070170000FE
:10888000A00F00000000DC05E8030000000000006D
:10889000141E00003011000000002CA6E0A1000012
:1088A0003408E803D8ECF0F4F8FC000203040506F1
:1088B00007080000000000000000000000000000A9
:1088C0000000000000000101010102020202030396
:1088D000030304040404050505050606060809004B
:1088E0000000000000000000000000000000000088
:1088F000000000010101010202020203030303045C
:108900000404040505050506060708090A0B0C0DF5
:1089100000100200FA00000001030062746C6500A0
:108920000000000000000000000000000000000047
:108930000000000000000000000000000000000037
:108940000000000000000000000000000001000026
:108950000338FDD870470000F5E200000000000079
:1089600071E3000085E20000279702008397020070
:10897000A99F0200000000002D9902003E9902000C
:108980004C990200010000000400000005000000F6
:108990000F000000190000003200000096000000E7
:1089A000FA000000F4010000E8030000C4A2020085
:1089B000CBA20200EDA202000AA3020097990200D6
:1089C000A99F020028A3020034A3020060820200D3
:1089D00001010203284001010000C2010C00000057
:1089E000E0920200BB4D02000000000053D20200E2
:1089F00000000100DC9202002B4F0200000000008A
:108A0000F42300200000010042D20200A5FF000074
:108A1000000000000000000000000100D8920200E9
:108A20008D4D020091880100D0230020000003003A
:108A3000D49202002B4F020000000000C823002047
:108A40000000010031D20200000000000000000020
:108A50000000000000000000D09202008D4D0200D6
:108A600091880100A423002000000300CC920200A2
:108A70002B4F0200000000009C230020000001009A
:108A800020D20200000000000000000000000000F2
:108A900000000000C89202008D4D02009188010084
:108AA0007823002000000300C49202002B4F020034
:108AB0000000000070230020000001000FD202001F
:108AC000000000006900010000000000000002003A
:108AD00009080000ACA40200010100000E270020DC
:108AE000030400000A270020B03500200004000025
:108AF000D13302007333020002000000813502000E
:108B00000000000000000000000000000000000065
:108B100039AC020041AC020000000000000000007F
:108B200000000000A199020049AC02004DAC020017
:108B300051AC0200E1200100D52001000521010017
:108B4000BD20010000000000C9200100000000005D
:108B5000612101008C5B0020DC630020100000001C
:108B60000C930200BB4D02000000000008930200BD
:108B700000000100049302002B4F020000000000DF
:108B80001C24002000000100FC920200213602009B
:108B9000000000000000000000000100F892020048
:108BA0002B4F0200000000001424002000000100F0
:108BB000F0920200ED35020000000000000000000D
:108BC00000000100EC9202002B4F020000000000A8
:108BD0000C24002000000100E4920200FD210100AD
:108BE0000000000000000000000001003C930200B3
:108BF000BB4D02000000000038930200000001009D
:108C0000349302002B4F0200000000005824002083
:108C1000000001002C930200000000000000000092
:108C20000000000000000000289302008D4D0200AB
:108C300091880100342400200000030024930200E6
:108C40002B4F0200000000002C2400200000010037
:108C50001C93020039220100000000000000000007
:108C600000000100189302002B4F020000000000DA
:108C700024240020000001001093020000000000E6
:108C8000C122010000000000000002005893020011
:108C9000BB4D0200000000005493020000000100E0
:108CA000509302002B4F020000000000842400209B
:108CB000000001004893020055230100000000005D
:108CC0000000000000000100449302008D4D0200EE
:108CD00091880100602400200000030040930200FE
:108CE000954F0200000000005C93020000000100AC
:108CF000C02000200000000000000B060200000061
:108D0000048D0200000000004FB1020024000206A2
:108D10000000002057B1020020000B118C2400201D
:108D20007D3101000000000009370200208D0200A3
:108D30003C8D02000001000000000000E09C0020CB
:108D4000208D0200508D02002E0000000000000067
:108D500030AA0020208D0200648D02000201000074
:108D60000000000004AB002011BA02002FBA02007C
:108D70004ABA02005ABA020067BA020070BA020088
:108D800077BA02007EBA020085BA02008DBA0200EC
:108D900067BA020095BA0200A7BA0200BCBA020084
:108DA000CFBA02000E030000194A01000F040000B0
:108DB000E54901001A0100008935010005040000A1
:108DC000A135010013010000013801003E0100003F
:108DD000793A010001120000053B02000A1E000062
:108DE000333B0200FF010000ED3B01003E010000AB
:108DF000CD3B010005040000ED3501000804000032
:108E00006D40010030030000E13F0100100100004F
:108E10009536010001120000F94601000A1E00000B
:108E2000F13B020003090000893D0100040B000032
:108E3000AD370100060A000021490100070A0000C1
:108E4000653601000C05000031360100050C0000FC
:108E50005D480100208D0200648E02004700000082
:108E60000000000020AC002055C1020062C10200D9
:108E700082C1020076C102008DC10200A4C10200BD
:108E8000B4C1020025C50200C8C10200208D020045
:108E90009C8E0200000000000000000040AD002099
:108EA000208D0200B08E02000001000000000000D2
:108EB00068AD0020BB4102000D420200000000002E
:108EC0000000000000000000A56F0100000000008D
:108ED000000000000000000000000000020201008D
:108EE00067470200040401008D7B010006060100B3
:108EF000CD7A010008040100B97901000A020100DD
:108F00004F4702000C040100374702000E04010025
:108F1000957801002004010001780100100401008F
:108F20001177010012020100D94602001604010067
:108F3000F97B010018010100BD7501001E0004004D
:108F4000F74A020052020000AF460200208D0200E4
:108F50005C8F02000201000000000000E0B0002071
:108F6000208D0200708F0200F7000000000000005A
:108F7000E0B4002090930200BB4D0200000000000E
:108F80008C93020000000100889302002B4F020026
:108F900000000000D42500200000010080930200A2
:108FA00000000000000000000000000000000000C1
:108FB0007C9302008D4D020091880100DC25002089
:108FC00000000300789302002B4F02000000000015
:108FD000CC2500200000010070930200F34D020038
:108FE0004D89010000000000000003006C930200A6
:108FF0002B4F020000000000C425002000000100EB
:1090000064930200AD8C010000000000000000002D
:1090100000000100E99C01007D5502004DA7010000
:10902000000000000000000021A40100000000007A
:109030000000000000000000000000000000000030
:1090400000000000959E0100060000004953020048
:1090500006000000519A010010000000C5960100B2
:1090600010000000EDA60100010000007751020091
:1090700010000000455302000A000000999D010005
:109080001000000005A50100070000004D5302007C
:10909000100000004552020001000000259C010064
:1090A00040000000E952020010000000655202007A
:1090B0000100000055B4010025B4010000000000CB
:1090C000A1B5010021B5010064CD020035580200B0
:1090D000315802006ACD0200FF0300000003005077
:1090E0009C2400200000000001000000FFFFFFFFA3
:1090F000000000509C240020000000000000000040
:10910000003000400C9102000100000014910200A8
:10911000020000001400000C0E00000B0000008094
:10912000FFFFFF7F0000008000000080FFFFFF7F47
:10913000000000808813000000000000E8D3020057
:1091400000FF0800F08102000C00000091C7010040
:10915000AF5D0200DD5D02000800000003000000BA
:1091600089D1020097D10200ABD10200BAD102002E
:10917000C6D10200D8800200D880020038810200E7
:1091800040810200A0810200B8810200D6D1020015
:109190000001000000000000977F0200512563FCE1
:1091A000C2CAB9F3849E17A7ADFAE6BCFFFFFFFF62
:1091B000FFFFFFFF00000000FFFFFFFFAAAAAAAA0F
:1091C000AAAAAAAAAAAAAAAA5555555555555555A7
:1091D000555555550000000055555555522563FC11
:1091E000C2CAB9F3849E17A7ADFAE6BCFFFFFFFF22
:1091F000FFFFFFFF00000000FFFFFFFF512563FCA2
:10920000C2CAB9F3849E17A7ADFAE6BCFFFFFFFF01
:10921000FFFFFFFF00000000FFFFFFFF96C298D88E
:109220004539A1F4A033EB2D817D0377F240A4638F
:10923000E5E6BCF847422CE1F2D1176BF551BF3798
:109240006840B6CBCE5E316B5733CE2B169E0F7C6B
:109250004AEBE78E9B7F1AFEE242E34F4B60D22738
:109260003E3CCE3BF6B053CCB0061D65BC8698762E
:1092700055BDEBB3E7933AAAD835C65AFCFFFFFFBA
:10928000FFFFFFFFFFFFFFFF0000000000000000E6
:109290000000000001000000FFFFFFFF6472616733
:1092A0006F6F6E2F6C6962732F73636865642F73C1
:1092B00072632F73636865645F68616C5F72746367
:1092C0002E6300000000032800000229000003288C
:1092D00000000229000003280000022900000328E2
:1092E000000000280000042A0000042A00000328CF
:1092F0000000012A0000012A000003280000002AC3
:109300000000002A000003280000001800000028C8
:109310000000392A0000392A000003280000382AFA
:109320000000382A00000328000002290000372A24
:109330000000372A0000032800000D180000002854
:1093400000000429000002290000192A0000192A3F
:109350000000032800000F18000000280400AD27BB
:109360000100060100002A2B00002A2B0000032820
:109370000000292B0000292B0000032800000229EF
:109380000000052A0000052A00000328000001183B
:109390000000002864757479207365743A2025757F
:1093A00020732077696E646F772065766572792007
:1093B00025752073202825752525290020706F77B5
:1093C00065722D6F6E0020646562756700206C7099
:1093D0002D77616B6500424F54482048454C44202E
:1093E0004C4F57202D2D2073686F72746564207266
:1093F00061696C206F7220474E4420627269646715
:109400006500626F74682072656C65617365642CB9
:1094100020627573206C6F6F6B73206865616C746C
:1094200068790053434C2048454C44204C4F57200A
:109430002D2D20627269646765206F6E2055352E70
:10944000313120286E6F20736C6176652063616E08
:1094500020646F2074686973290053444120484593
:109460004C44204C4F57202D2D20737475636B2076
:10947000736C617665206F72206272696467652023
:109480006F6E2055352E31300020286170702072AB
:10949000657175657374656429005B424C455D00B8
:1094A00066696E676572206F6E2C206163717569E5
:1094B00072696E67006E6F2066696E676572002064
:1094C000286E6F2066696E676572290072696E6723
:1094D000206669726D776172652073746172746958
:1094E0006E670072657365742063617573653A20F9
:1094F0005741544348444F47202830782530387826
:1095000029202D2D20746865206D61696E206C6F97
:109510006F702073746F7070656420666565646930
:109520006E6720697400726573657420636175737A
:10953000653A20534F4654574152452028307825EC
:1095400030387829202D2D20666174616C20657279
:10955000726F722068616E646C6572206F72207326
:1095600079735F7265626F6F7400726573657420E2
:1095700063617573653A2030782530387825732516
:1095800073257325730069326330206F7220626F18
:109590006F737420726567756C61746F72206E6F83
:1095A00074207265616479004255532020206964FB
:1095B0006C65206C6576656C733A20534441285085
:1095C000302E3230293D25642053434C2850302E14
:1095D0003134293D256420202D3E2025730042553D
:1095E000532020207265636F7665722025643A20CF
:1095F00072633D2564202D3E205344413D25642067
:1096000053434C3D25640042555320202072656C25
:1096100065617365642061667465722025642072DB
:1096200065636F766572792070617373286573293D
:1096300000425553202020534441207374696C6CC0
:10964000206C6F77206166746572207265636F7637
:10965000657279202D2D206E6F742061206C6174ED
:109660006368656420736C6176653B207375737005
:109670006563742061206272696467652066726F39
:109680006D2055352E31302F53444120746F2047C3
:109690004E44004D41584D3836313631206E6F748E
:1096A00020726573706F6E64696E672061742062EA
:1096B0006F6F74202D2D2077696C6C207265747229
:1096C00079207768656E2061206D656173757265BC
:1096D0006D656E742077696E646F77206F70656E4C
:1096E000730042454E43485F504F5745525F4C45CB
:1096F00044206F6E3A20677265656E2068656C6401
:1097000020736F6C69642C20626F6F7374206E65B8
:1097100076657220736C656570730073746174652F
:10972000202D3E2025730069646C650062617474AD
:10973000657279202564206D56006D6F74696F6EB7
:109740002077616B6500626F6F737420656E616274
:109750006C65206661696C65642028256429005069
:109760005047207374617274206661696C6564206F
:1097700028256429007374617465202D3E202573AB
:109780002573006D6561737572696E6700756E652E
:1097900078706563746564204649464F207461673C
:1097A0002030782530327820286461746120257556
:1097B00029006265617420202025752E25752062A0
:1097C000706D00646320256420206163202564207F
:1097D0002050492025642E2564252520204852202C
:1097E00025752E25752062706D2025730064632019
:1097F00025642020616320256420205049202564B1
:109800002E25642525202028257329004649464F0A
:109810002072656164206661696C65642028256436
:1098200029006D61696E0030782530327820206221
:109830006172653D256420207074725F777269746F
:10984000653D2564202073706C69743D2564283063
:109850007825303278292020726573746172743DE6
:109860002564283078253032782900307825303248
:109870007820616E7377657265642062757420501C
:109880004152545F49442069732030782530327842
:109890002C206578706563746564203078253032DB
:1098A00078004D41584D383631363120666F756E2F
:1098B000642061742030782530327820285041525D
:1098C000545F4944203078253032782C2052455658
:1098D000203078253032782900777269746520301D
:1098E0007825303278203D20307825303278206657
:1098F00061696C65642028256429005050472072F6
:10990000756E6E696E673A2025732C2050412030A9
:10991000782530327820287E25752E253032752026
:109920006D41292C2031303020737073004C454438
:109930003120677265656E203533306E6D004C45A1
:109940004432204952203838306E6D004C45443343
:1099500020726564203636306E6D006D61786D382A
:10996000363136310009636F6E76657273696F6EDA
:1099700020726573756C74206973206F7574206F25
:10998000662072616E67650A0047535220202041AD
:109990004443206E6F7420726561647900202575E0
:1099A0003D657272002025753D25646D5600475354
:1099B0005220202041494E207363616E2028696E39
:1099C0006465783D6D562C20657870656374207EE3
:1099D000353030206F6E207468652050302E303363
:1099E000206F6E65293A25730020636825753D65F3
:1099F000727225640020636825753D25646D5600EC
:109A00004753522020206368616E6E656C20412FA1
:109A1000422C20696E7075742066697865642061D7
:109A2000742041494E313A2573004753522020207B
:109A30007061746820412F423A206474207261770B
:109A40003D2564206572723D25642F25642F2564B1
:109A5000207365717B63683D30782578207265736B
:109A60003D2575206F76733D25752063616C3D251E
:109A7000757D207C7C2068616E64207261773D2555
:109A800064206572723D25642F256400475352207F
:109A90002020647420737065633A2063685F696492
:109AA0003D257520696E7075745F703D2575206960
:109AB0006E7075745F6E3D257520646966663D2520
:109AC00075206761696E3D2575207265663D257557
:109AD000206163713D2575207265733D25750050C9
:109AE0004D494320204251323531323041204030FF
:109AF000782530327820756E726561636861626CBA
:109B0000652028256429202D2D206E6F7420636F19
:109B10006E666967757265643B2063686172676928
:109B20006E672077696C6C206E6F7420776F726B34
:109B300000504D494320206368617267652063755A
:109B40007272656E74202564206D41202D3E203296
:109B500030206D4100504D494320205453206D6FFB
:109B60006E69746F722064697361626C6564202D24
:109B70002D206368617267696E6720776974682059
:109B80006E6F20626174746572792074656D7065A2
:109B9000726174757265206C696D69740020202093
:109BA0002869646C652900475352202020256420D1
:109BB0006D56202042454C4F572042494153206268
:109BC00079202564206D56202D2D206375727265D5
:109BD0006E7420696E6A65637465642C206E6F74A0
:109BE00020736B696E004753522020202564206D3E
:109BF00056202025642E2564207553257300636844
:109C000061726765722061747461636865642C2099
:109C10006368617267696E6720656E61626C656416
:109C2000006F6E20626174746572792C2043442049
:109C30006869676820666F722049324300504D4959
:109C4000432020756E726561636861626C652028CF
:109C500025642900504D4943202025732028737422
:109C60006174757320307825303278290044495367
:109C700041424C4544202843453D3129004849474D
:109C8000482D5A006E6F7420686967682D5A006409
:109C9000697361626C6564004C534D3644535600E1
:109CA0004C534D36445356313642580020202D2D0A
:109CB000206E656172207A65726F3B206F70656EF1
:109CC00020656C656374726F6465732073686F756B
:109CD0006C642069646C6520617420565F5245464F
:109CE00020287E353030206D5629007261696C2045
:109CF00072656163686573207468652070696E00C1
:109D0000535455434B204C4F57202D2D2055372071
:109D10006E65766572206765747320706F77657203
:109D2000006E6F6465206672656520286F702D6116
:109D30006D70206E6F742064726976696E67206939
:109D40007429006E6F64652048454C44204C4F5781
:109D5000202D2D20627269646765206F7220433167
:109D6000302073686F72740064726976656E206863
:109D70006967680073657269657320696D706564F1
:109D8000616E63652C206E6F7420612073686F7242
:109D9000743A206661756C74206973205537202FE2
:109DA000205233202F205234202F20565F52454618
:109DB000207369646500484152442053484F52540F
:109DC000206F6E20746865204753525F41444320E2
:109DD0006E65743A2055352E31392C205236206F5D
:109DE00072204331300041637469766520426174AA
:109DF000746572792C2049324320656E61626C650E
:109E0000640048692D5A2C20504D49432049324363
:109E1000204F4646002D2D2D2D20626F617264204B
:109E200073656C662D74657374202D2D2D2D005077
:109E30004D494320204251323531323041204030AB
:109E400078253032783A20726573746172743D25DA
:109E500064207074725F77726974653D2564207345
:109E6000706C69743D25642830782530327829205B
:109E70007265675F77726974653D256400504D496E
:109E80004320204251323531323041204030782554
:109E90003032783A202573202028737461747573EA
:109EA000203078253032782C206661756C747320F0
:109EB0003078253032782900504D4943202063689E
:109EC000617267652063757272656E742025642007
:109ED0006D412C20636861726765722025732C20A8
:109EE000257320202830783033203D2030782530ED
:109EF00032782900504D4943202054532025732C9B
:109F0000206661756C743A202573202028307830E3
:109F100032203D203078253032782900504D494399
:109F200020205453206D6F6E69746F7220646973C2
:109F300061626C656420286E6F204E544320666910
:109F4000747465642900504D494320206E6F20636E
:109F50006861726765722070726573656E74202D1A
:109F60002D2043442068656C64206869676820661A
:109F70006F722049324300504D494320206368618D
:109F800072676572206465746563746564202D2D45
:109F90002043442064726976656E206C6F7720746C
:109FA0006F20656E61626C65206368617267696EBF
:109FB0006700504D49432020616674657220656ECC
:109FC00061626C653A202573202028737461747572
:109FD00073203078253032782900504D49432020B5
:109FE00056494E206F766572766F6C7461676500B6
:109FF000504D4943202056494E20756E6465727657
:10A000006F6C7461676500504D4943202062617434
:10A01000746572792055564C4F00504D49432020AD
:10A0200062617474657279206F766572637572729D
:10A03000656E74004241545420207265616420664C
:10A0400061696C65642028256429004241545420CC
:10A05000202564206D5620202825752525206F6633
:10A0600020564241545245472C202B2F2D3432206C
:10A070006D56206D6F6E69746F72207265736F6CB0
:10A080007574696F6E2900494D552020204C534D41
:10A090003644535620403078253032783A206E6F5F
:10A0A00020616E73776572202825642900494D551B
:10A0B000202020756E6B6E6F776E2057484F5F4182
:10A0C0004D5F492030782530327820617420307817
:10A0D0002530327800494D552020204354524C31D0
:10A0E000207772697465206661696C656420282533
:10A0F000642900494D55202020616363656C2072FE
:10A10000656164206661696C6564202825642900A6
:10A11000494D552020202573204030782530327855
:10A12000202857484F5F414D5F4920307825303215
:10A1300078293A20616363656C20256420256420BA
:10A14000256420202D3E20256420256420256420C0
:10A150006D6700475352202020726561642066615C
:10A16000696C65642028256429004753522020200B
:10A1700041494E31202850302E303329203D2025B2
:10A1800064206D562077697468204753525F50579A
:10A1900052206F6E2573002025753D2564004753BE
:10A1A00052202020647572696E6720737765657030
:10A1B0003A204753525F5057522050494E5F434E0A
:10A1C000463D307825303878204F55543D25750070
:10A1D000475352202020736574746C652073776533
:10A1E000657020286D733D6D56293A2573004753DD
:10A1F000522020204753525F5057522850302E3162
:10A2000031292064726976656E2068693D25642075
:10A210006C6F3D2564202D3E20257300475352204E
:10A2200020204753525F4144432850302E30332979
:10A230002070756C6C2D75703D25642070756C6C8C
:10A240002D646F776E3D2564202D3E2025730047D9
:10A2500053522020204753525F41444320666F727F
:10A2600063656420686967683A2072656164732079
:10A270002564202D3E2025730050494E5320204355
:10A2800044202850312E303929203D202564205B80
:10A2900025735D2C20204143435F494E54202850B4
:10A2A000302E313629203D202564002D2D2D2D20E6
:10A2B00073656C662D7465737420646F6E65202DF4
:10A2C0002D2D2D006E6F726D616C006F7574206F97
:10A2D000662072616E6765202D20434841524749D0
:10A2E0004E472053555350454E44454400636F6FCD
:10A2F0006C202D20636861726765206375727265DA
:10A300006E742068616C766564007761726D202DD3
:10A310002063686172676520766F6C746167652081
:10A320007265647563656400636861726765206463
:10A330006F6E65004641554C540073656C667465DC
:10A340007374007075626C69630072616E646F6D26
:10A35000007075626C69632D69640072616E646F70
:10A360006D2D696400253032583A253032583A252F
:10A370003032583A253032583A253032583A253062
:10A3800032582028257329006F666600636F6E744B
:10A39000726F6C3A205050472073747265616D691A
:10A3A0006E6720257300636F6E74726F6C3A20497C
:10A3B0004D552073747265616D696E672025730059
:10A3C000636F6E74726F6C3A206D65617375726540
:10A3D000206E6F7700636F6E74726F6C3A206475D5
:10A3E000747920257520732065766572792025752E
:10A3F000207300636F6E74726F6C3A20756E6B6EB3
:10A400006F776E206F70636F64652030782530320F
:10A410007800636F6E6E656374656420746F2025C9
:10A420007300636F6E6E656374696F6E2066616939
:10A430006C6564202830782530327829006469738F
:10A44000636F6E6E65637465642028726561736FF7
:10A450006E20307825303278290062745F656E6135
:10A46000626C65206661696C65642028256429003A
:10A470006164766572746973696E67206661696C80
:10A48000656420746F2073746172742028256429B8
:10A49000006164766572746973696E672061732008
:10A4A00025732C20616464722025730052696E67E5
:10A4B000205050470073657276696365733A20488F
:10A4C0006561727420526174652C204261747465F8
:10A4D00072792C2052696E67006E6F20616E7377FF
:10A4E0006572206174203078253032782028256408
:10A4F0002900756E65787065637465642057484FF0
:10A500005F414D5F49203078253032780025732037
:10A510006174203078253032780064726976656E17
:10A52000206C6F7720286E657420696E7461637487
:10A5300029004F50454E2C206E6F7468696E67205D
:10A5400064726976696E672050302E313600696E0C
:10A55000636F6E73697374656E7400647269766597
:10A560006E2068696768202861737365727465641A
:10A57000290070696E2043414E206472697665201F
:10A58000686967683B2077616B6520726F757469D5
:10A590006E6720697320746865206661756C74004D
:10A5A00070696E20535455434B204C4F573B204904
:10A5B0004E5431206F7574707574207374616765C3
:10A5C00020697320746865206661756C74006E651F
:10A5D0007420636C65616E2C20494D552072656C4A
:10A5E0006561736573206974004143435F494E544C
:10A5F0002048454C44204C4F572065787465726E56
:10A60000616C6C79202D2D2073686F727420746FCB
:10A6100020474E44206F722064656164207061643D
:10A6200000726561646261636B2042414E4B3D3054
:10A6300078253032782049465F4346473D307825BB
:10A64000303278204354524C313D307825303278C6
:10A65000205441505F434647303D307825303278B2
:10A6600020494E4143545F4455523D3078253032A5
:10A670007800726561646261636B2057414B455F8E
:10A680005448533D3078253032782057414B455F50
:10A690004455523D307825303278204D44315F4367
:10A6A00046473D3078253032782046554E435F4549
:10A6B0004E3D307825303278006E6F7420696E2000
:10A6C000746865206D61696E207265676973746571
:10A6D000722062616E6B202846554E435F434647A9
:10A6E0005F4143434553533D30782530327829202C
:10A6F0002D2D2065766572792077726974652061E9
:10A70000626F76652077656E7420746F207468655B
:10A710002077726F6E67207061676500494E543113
:10A72000206973206F70656E2D647261696E2028D8
:10A7300049465F4346473D307825303278292061CD
:10A740006E64204143435F494E5420686173206E1C
:10A750006F2070756C6C2D7570202D2D2069742004
:10A7600063616E206E65766572206472697665201D
:10A770006869676800494E543120697320616374C9
:10A780006976652D6C6F77202849465F4346473DC3
:10A7900030782530327829206275742074686520FD
:10A7A0004750494F2069732061726D656420666F60
:10A7B00072206120726973696E6720656467650045
:10A7C00077616B6520636F6E6669672064696420DA
:10A7D0006E6F7420737469636B004143435F494E2D
:10A7E00054206E657420746573743A2070756C6CB7
:10A7F0002D75703D25642070756C6C2D646F776EBF
:10A800003D256420202D3E20257300494E543120E3
:10A8100064726976652074657374202844524459C3
:10A820005F584C2C203430206D73293A2025642F3A
:10A830003430302073616D706C65732068696768AF
:10A84000202D3E2025730050302E31362050494EA9
:10A850005F434E463D3078253038782020444952B9
:10A860003D257520494E5055543D25752050554C79
:10A870004C3D2575202833203D2070756C6C2D755E
:10A88000702900494E54312072656C6561736520F2
:10A890007465737420286F70656E2D647261696EC3
:10A8A000202B2070756C6C2D7570293A2070696EA4
:10A8B0003D2564202D3E2025730077616B652D6F4B
:10A8C0006E2D6D6F74696F6E2061726D65643A20D4
:10A8D0002575206D672028574B5F5448533D2575DB
:10A8E00029202D3E20494E5431202D3E2050302E1F
:10A8F00025640020203C2D2D2057555F49410077CD
:10A90000616B6520646961673A20494E543120705B
:10A91000696E3D25642057414B455F55505F53524A
:10A92000433D30782530327820414C4C5F494E54BD
:10A930005F5352433D307825303278206973725F1F
:10A94000666C61673D256C64257300696D750077E1
:10A9500061746368646F6720646576696365206EFF
:10A960006F74207265616479202D2D2072756E6E72
:10A97000696E6720756E70726F74656374656400CC
:10A980007764745F696E7374616C6C5F74696D6514
:10A990006F7574206661696C6564202825642920C0
:10A9A0002D2D2072756E6E696E6720756E70726FD8
:10A9B000746563746564007764745F73657475703F
:10A9C000206661696C65642028256429202D2D206E
:10A9D00072756E6E696E6720756E70726F746563E6
:10A9E000746564007761746368646F672061726D79
:10A9F00065643A202564206D732C2072657365743C
:10AA0000732074686520536F432C207061757365E3
:10AA10007320756E64657220646562756767657220
:10AA200000776474006865617020636F727275707E
:10AA300074696F6E20286E6F7420696E207573655F
:10AA40003F29206174202570006865617020636F64
:10AA50007272757074696F6E2028627566666572B1
:10AA6000206F766572666C6F773F292061742025B0
:10AA700070006865617020636F7272757074696FC1
:10AA80006E2028646F75626C6520667265653F296B
:10AA9000206174202570006F735F68656170002805
:10AAA000756E7369676E6564292063686172202A18
:10AAB000207573656420666F722025257020617291
:10AAC00067756D656E742E204974277320726563F7
:10AAD0006F6D6D656E64656420746F20636173745F
:10AAE00020697420746F20766F6964202A20626563
:10AAF0006361757365206974206D61792063617588
:10AB00007365206D69736265686176696F7220692B
:10AB10006E206365727461696E20636F6E6669672B
:10AB200075726174696F6E732E20537472696E67EB
:10AB30003A2225732220617267756D656E743A251D
:10AB4000640063627072696E74665F7061636B61EA
:10AB50006765007379735F6765746F7074006C6FFD
:10AB60006767696E67006C6F67006C6F675F6D6722
:10AB70006D74004D6573736167652028222573220B
:10AB8000292064726F7070656420626563617573FB
:10AB90006520697420657863656564732073697ADC
:10ABA00065206C696D69746174696F6E2028257504
:10ABB00029004D6573736167652064726F707065FD
:10ABC00064206265636175736520697420657863CC
:10ABD000656564732073697A65206C696D69746159
:10ABE00074696F6E2028257529000D0A001B5B30E3
:10ABF0006D00257320005B2530386C755D20005B8F
:10AC0000253032753A253032753A253032752E2589
:10AC10003033752C253033755D20003C25733E2084
:10AC20000025732F0025733A20002530327820004C
:10AC3000202020007C002563001B5B313B33316DFD
:10AC4000001B5B313B33336D0077726E00696E66BB
:10AC500000646267006C6F675F6261636B656E645E
:10AC60005F72747400485253206E6F746966696332
:10AC70006174696F6E7320257300485253204354EA
:10AC8000524C20506F696E74205772697474656EEF
:10AC90002025640068727300424153204E6F74692E
:10ACA0006669636174696F6E7320257300626173F6
:10ACB000002A2A2A20426F6F74696E67206E5246FE
:10ACC00020436F6E6E6563742053444B2076332EA1
:10ACD000342E302D3939353533303535363037620D
:10ACE000202A2A2A0A002A2A2A205573696E6720F8
:10ACF0005A6570687972204F532076342E342E3086
:10AD00002D626638303165346533643139202A2A42
:10AD10002A0A0072302F61313A20203078253038ED
:10AD200078202072312F61323A2020307825303857
:10AD300078202072322F61333A2020307825303845
:10AD4000780072332F61343A2020307825303878FB
:10AD5000207231322F69703A2020307825303878CF
:10AD6000207231342F6C723A2020307825303878B8
:10AD70000020787073723A202030782530387800BF
:10AD80004661756C74696E6720696E737472756361
:10AD900074696F6E20616464726573732028723108
:10ADA000352F7063293A2030782530387800556E79
:10ADB00068616E646C6564204952516E3A20256466
:10ADC000002A2A2A2A2A2055534147452046415520
:10ADD0004C54202A2A2A2A2A0020204469766973A2
:10ADE000696F6E206279207A65726F002020556E3F
:10ADF000616C69676E6564206D656D6F7279206145
:10AE000063636573730020204E6F20636F70726FF1
:10AE1000636573736F7220696E737472756374699E
:10AE20006F6E73002020496C6C6567616C206C6FDD
:10AE30006164206F66204558435F52455455524E19
:10AE400020696E746F205043002020496C6C656748
:10AE5000616C20757365206F6620746865204550AD
:10AE60005352002020417474656D707420746F20FB
:10AE70006578656375746520756E646566696E6571
:10AE80006420696E737472756374696F6E002A2A28
:10AE90002A2A2A20425553204641554C54202A2A1A
:10AEA0002A2A2A002020537461636B696E6720652B
:10AEB00072726F72002020556E737461636B696EDD
:10AEC00067206572726F720020205072656369732B
:10AED00065206461746120627573206572726F729F
:10AEE0000020204246415220416464726573733AE7
:10AEF0002030782578002020496D70726563697371
:10AF000065206461746120627573206572726F726E
:10AF1000002020496E737472756374696F6E2062CD
:10AF20007573206572726F72002020466C6F6174B9
:10AF3000696E672D706F696E74206C617A79207309
:10AF40007461746520707265736572766174696F7F
:10AF50006E206572726F72002A2A2A2A2A204D50AA
:10AF600055204641554C54202A2A2A2A2A002020BE
:10AF7000537461636B696E67206572726F7220280B
:10AF8000636F6E746578742061726561206D6967A6
:10AF90006874206265206E6F742076616C69642924
:10AFA00000202044617461204163636573732056FF
:10AFB000696F6C6174696F6E0020204D4D4641527F
:10AFC00020416464726573733A20307825780020DC
:10AFD00020496E737472756374696F6E2041636388
:10AFE0006573732056696F6C6174696F6E0052658A
:10AFF00073657276656420457863657074696F6EF9
:10B0000020280053707572696F757320696E7465BE
:10B010007272757074202849525120005350534564
:10B020004C20696E20746872656164206D6F646580
:10B0300020646F6573206E6F7420696E646963614C
:10B04000746520505350002A2A2A2A2A2048415247
:10B0500044204641554C54202A2A2A2A2A002020DE
:10B06000427573206661756C74206F6E207665631F
:10B07000746F72207461626C652072656164002077
:10B08000204465627567206576656E7400202046F1
:10B0900061756C7420657363616C6174696F6E2097
:10B0A000287365652062656C6F77290041524348BB
:10B0B0005F45584345505420776974682072656134
:10B0C000736F6E2025780A002A2A2A2A2A204465CE
:10B0D000627567206D6F6E69746F72206578636545
:10B0E0007074696F6E202A2A2A2A2A002A2A2A2A9C
:10B0F0002A20257320256429202A2A2A2A2A006D3D
:10B100007075004661696C656420746F20616C6CB9
:10B110006F63617465206E6577204D5055207265B0
:10B1200067696F6E2025750A0050617274697469D1
:10B130006F6E2025753A20636F686572656E636572
:10B1400020636865636B206661696C65642E0046E8
:10B150004C4153485F30005352414D5F3000657899
:10B160006974006E65745F627566006E65745F6217
:10B1700075665F73696D706C6500736F63006274F0
:10B180005F727061004254204C5720575100627426
:10B190005F6275660062745F64617461004461742B
:10B1A0006120627566666572206F766572666C6F87
:10B1B0007720286C696E6B20747970652030782553
:10B1C0003032782900556E61626C6520746F206C96
:10B1D0006F6F6B20757020636F6E6E207769746877
:10B1E0002068616E646C6520257500556E61626C27
:10B1F0006520746F206C6F6F6B757020636F6E6E5F
:10B2000020666F722068616E646C65202575004849
:10B2100061726477617265206572726F722C20684A
:10B220006172647761726520636F64653A2025649A
:10B2300000436F756C64206E6F74207375626D6966
:10B24000742072785F776F726B3A20256400556EB8
:10B2500061626C6520746F20616C6C6F63617465F2
:10B260002062756666657200556E68616E646C6515
:10B2700064206576656E7420307825303278206CD5
:10B28000656E2025753A20257300657674206E75ED
:10B290006D5F68616E646C657320283D257529209B
:10B2A000746F6F206C617267652028257A75203E67
:10B2B00020257529004E6F20636F6E6E656374697B
:10B2C0006F6E20666F722068616E646C65202575F4
:10B2D000007061636B65747320636F756E74206DAD
:10B2E00069736D6174636800546F6F20736D616C76
:10B2F0006C20282575206279746573292065766530
:10B300006E742030782530327800496E76616C6931
:10B310006420484349206576656E742073697A65B8
:10B32000202825752900496E76616C6964204C459A
:10B33000206D657461206576656E742073697A6529
:10B34000202825752900574553545F544F504449D0
:10B35000522F7A65706879722F7375627379732FC3
:10B36000626C7565746F6F74682F686F73742F6883
:10B3700063695F636F72652E63006576745F666CE8
:10B380006167732026202831554C203C3C20283012
:10B39000292900415353455254494F4E20464149B3
:10B3A0004C205B25735D20402025733A25640A00FC
:10B3B000496E76616C696420627566207479706587
:10B3C00020257500496E76616C69642048434920E8
:10B3D00041434C207061636B65742073697A65200A
:10B3E000282575290041434C2064617461206C65F7
:10B3F0006E677468206D69736D61746368202825B9
:10B400007520213D2025752900556E61626C6520EF
:10B41000746F2066696E6420636F6E6E20666F7253
:10B420002068616E646C652025750062745F6863D6
:10B43000695F6576745F6765745F666C61677328C2
:10B440006864722D3E657674292026202831554C7B
:10B45000203C3C202831292900556E6B6E6F776E99
:10B4600020627566207479706520257500556E68B8
:10B47000616E646C65642076656E646F722D7370A6
:10B48000656369666963206576656E74203078252A
:10B49000303278206C656E2025753A202573004E79
:10B4A0006F20636F6D6D616E642073656E742066CE
:10B4B0006F7220636D6420636F6D706C65746520BE
:10B4C000307825303478004F70436F6465203078D1
:10B4D0002530347820636F6D706C65746564206905
:10B4E0006E7374656164206F66206578706563743F
:10B4F00065642030782530347800696E7465727622
:10B50000616C206578636565647320746865207676
:10B51000616C69642072616E6765202575207573A2
:10B52000006C6174656E637920657863656564732A
:10B53000207468652076616C69642072616E67654D
:10B540002030782530347800737570765F74696DBB
:10B55000656F7574206578636565647320746865CC
:10B560002076616C69642072616E67652030782591
:10B57000303478004E6F2070656E64696E6720709D
:10B5800065726970686572616C20636F6E6E656369
:10B5900074696F6E00556E657870656374656420BC
:10B5A0007374617475732030782530327820257378
:10B5B000004661696C656420746F20736574207245
:10B5C00065717569726564207365637572697479F4
:10B5D000206C6576656C004E6F206368616E6765F0
:10B5E00020746F20656E6372797074696F6E20735A
:10B5F000746174652028656E637279707420307888
:10B60000253032782900756E6B6E6F776E005B3077
:10B610005D00484349207472616E73706F72743AB2
:10B6200020257300534443004964656E746974793E
:10B6300025733A202573004964656E746974795BDB
:10B6400025645D3A202573004843493A20766572A7
:10B6500073696F6E20257320283078253032782961
:10B66000207265766973696F6E2030782530347882
:10B670002C206D616E756661637475726572203021
:10B680007825303478004C4D503A207665727369D5
:10B690006F6E20257320283078253032782920736A
:10B6A00075627665722030782530347800556E6189
:10B6B000626C6520746F2073656E6420746F206403
:10B6C000726976657220286572722025642900658A
:10B6D0007272203D3D20300009436F6E74726F6CB2
:10B6E0006C657220756E726573706F6E73697665C6
:10B6F0002C20636F6D6D616E64206F70636F646585
:10B70000203078253034782074696D656F75742029
:10B7100077697468206572722025640A006F70630F
:10B720006F646520307825303478207374617475C7
:10B730007320307825303278202573004661696C9B
:10B74000656420746F207265616420444C45206DEF
:10B7500061782064617461206C656E0074785F6F3D
:10B7600063746574732065786365656473207468B9
:10B77000652076616C69642072616E67652025754D
:10B780000074785F74696D652065786365656473BE
:10B79000207468652076616C69642072616E6765EB
:10B7A000202575004E6F2070656E64696E6720639A
:10B7B0006F6E6E20666F7220706565722025730053
:10B7C0004E6F6E2D4C452063617061626C65206325
:10B7D0006F6E74726F6C6C657220646574656374EF
:10B7E000656421004E756D206F6620436F6E747224
:10B7F0006F6C6C657227732041434C207061636BE2
:10B8000065747320213D2041434C2062745F636F57
:10B810006E6E5F747820636F6E7465787473202821
:10B82000257520213D202575290041434C20425299
:10B830002F4544522062756666657273206E6F7480
:10B8400020696E697469616C697A65640056656E19
:10B85000646F722048434920657874656E73696F20
:10B860006E73206E6F7420617661696C61626C65C5
:10B8700000485720506C6174666F726D3A202573D2
:10B8800020283078253034782900485720566172B6
:10B8900069616E743A202573202830782530347819
:10B8A00029004669726D776172653A2025732028F8
:10B8B000307825303278292056657273696F6E2092
:10B8C00025752E2575204275696C64202575004606
:10B8D00061696C656420746F2072656164207375A2
:10B8E00070706F727465642076656E646F72206329
:10B8F0006F6D6D616E6473004661696C6564207480
:10B900006F207265616420737570706F7274656406
:10B910002076656E646F72206665617475726573FA
:10B920000048434920647269766572206973206E0D
:10B930006F74207265616479004254205258205718
:10B94000510048434920647269766572206F7065C2
:10B950006E206661696C65642028256429004F7536
:10B9600074206F6620636F6D6D616E642062756612
:10B970006665727300556E657870656374656420E2
:10B98000484F53545F4E554D5F434F4D504C4554B7
:10B9900045445F5041434B4554532C2073746174AC
:10B9A00075732030782530327820257300556E630A
:10B9B0006C65617265642070656E64696E67207382
:10B9C000656E745F636D6400312E306200312E311C
:10B9D00000312E3200322E3000322E3100332E3024
:10B9E00000342E3000342E3100342E3200352E300B
:10B9F00000352E3100352E3200352E3300352E34F1
:10BA000000362E3000362E3100362E3200362E33E0
:10BA1000005374616E6461726420426C7565746F6A
:10BA20006F746820636F6E74726F6C6C6572005611
:10BA3000656E646F72207370656369666963206305
:10BA40006F6E74726F6C6C6572004669726D7761AF
:10BA50007265206C6F616465720052657363756511
:10BA600020696D6167650072657365727665640053
:10BA70006E5246353178006E5246353278006E523D
:10BA800046353378006E524635344878006E52465B
:10BA900035344C7800496E74656C20436F72706F5A
:10BAA000726174696F6E004E6F72646963205365D2
:10BAB0006D69636F6E647563746F72004E585020C9
:10BAC00053656D69636F6E647563746F727300455F
:10BAD00073707265737369662053797374656D73DF
:10BAE0000062745F6863695F636F726500636D64B1
:10BAF00020646973616C6C6F776564004661696C82
:10BB0000656420746F2064697361626C6520616490
:10BB10006472657373207265736F6C7574696F6E90
:10BB2000005265736F6C76696E67206C6973742060
:10BB300073697A652065786365656465642E205352
:10BB40007769746368696E6720746F20686F7374B7
:10BB50002E004661696C656420746F20636C6561BA
:10BB600072207265736F6C7574696F6E206C697387
:10BB700074004661696C656420746F2061646420A0
:10BB800049524B20746F20636F6E74726F6C6C65DA
:10BB900072005365742070726976616379206D6FED
:10BBA000646520636F6D6D616E64206973206E6FD4
:10BBB0007420737570706F72746564004661696C8F
:10BBC000656420746F207365742070726976616398
:10BBD00079206D6F64650044697361626C696E679A
:10BBE0002061646472657373207265736F6C757421
:10BBF000696F6E206661696C6564202865727220C9
:10BC0000256429004661696C656420746F20726543
:10BC10006D6F76652049524B2066726F6D20636FA1
:10BC20006E74726F6C6C6572004F6E6C792072610D
:10BC30006E646F6D20737461746963206964656EEE
:10BC400074697479206164647265737320737570AC
:10BC5000706F7274656400496E76616C6964206906
:10BC60006E70757420706172616D657465727300B9
:10BC70004661696C656420746F2072656164207030
:10BC800075626C69632061646472657373005265E8
:10BC900061642053746174696320416464726573E4
:10BCA00073657320636F6D6D616E64206E6F7420B9
:10BCB000617661696C61626C65004661696C65649E
:10BCC00020746F20726561642073746174696320ED
:10BCD000616464726573736573004E6F2073746181
:10BCE000746963206164647265737365732073742F
:10BCF0006F72656420696E20636F6E74726F6C6C16
:10BD000065720043616E27742073657420626F74DE
:10BD100068204944454E544954592026204E5250DB
:10BD20004100556E61626C6520746F2073657420EC
:10BD30006964656E74697479206164647265737393
:10BD400000556E61626C6520746F2073657420729B
:10BD5000616E646F6D2061646472657373006274F8
:10BD60005F696400546F6F20626967206164766563
:10BD700072746973696E67206461746100466169F9
:10BD80006C656420746F20737461727420616476D2
:10BD900065727469736572004661696C65642074CC
:10BDA0006F2073746F702061647665727469736953
:10BDB0006E673A2025640062745F616476004661B4
:10BDC000696C656420746F2067656E657261746567
:10BDD00020454343206B6579202564004661696CEA
:10BDE000656420746F206578706F727420454343DA
:10BDF000207075626C6963206B657920256400464C
:10BE000061696C656420746F206578706F7274204E
:10BE10004543432070726976617465206B657920B3
:10BE20002564004661696C656420746F20646573E5
:10BE300074726F7920454343206B65792049442013
:10BE40002564004661696C656420746F20696D70BB
:10BE50006F727420746865207072697661746520F1
:10BE60006B657920666F72206B65792061677265FA
:10BE7000656D656E7420256400526177206B65796D
:10BE80002061677265656D656E74206661696C65B9
:10BE900064202564004661696C656420746F2064C9
:10BEA000657374726F7920746865206B65792025DD
:10BEB00064007073615F696D706F72745F6B657938
:10BEC00028292072657475726E65642073746174BC
:10BED0007573202564004275737920706572666FF2
:10BEE000726D696E6720616E6F746865722045437C
:10BEF0004448206F7065726174696F6E0062745F90
:10BF0000656363004661696C6564207265616420E5
:10BF100072656D6F746520666561747572657320F6
:10BF2000282564290050485920307825303278205F
:10BF30006E6F7420737570706F7274656400466103
:10BF4000696C656420746F2073657420646174612A
:10BF5000206C656E202825642900556E6578706513
:10BF600063746564206669727374204C3243415077
:10BF7000206672616D6500556E65787065637465E5
:10BF800064204C3243415020636F6E74696E75615A
:10BF900074696F6E004E6F7420656E6F75676820F0
:10BFA00062756666657220737061636520666F7284
:10BFB000204C32434150206461746100556E6578B5
:10BFC0007065637465642041434C20666C616773DF
:10BFD0002028307825303278290041434C206C6588
:10BFE0006E206D69736D6174636820282575203E2D
:10BFF000202575290028756E6B6E6F776E29006E8F
:10C000006F207472616E736974696F6E202573009E
:10C01000496E76616C69642028257529206F6C64EF
:10C0200020737461746500636F6E6E2025702066E6
:10C0300061696C656420746F2065737461626C69FA
:10C0400073682E205246206E6F6973653F006E6FD5
:10C050002076616C696420282575292073746174C9
:10C0600065207761732073657400696E636F6D700E
:10C07000617469626C652068616E646C6520257509
:10C080000054696D656F75742064697363617264CF
:10C0900065642E204E6F20626C6F636B696E672043
:10C0A000696E2073797377712E00466174616C201C
:10C0B0006572726F7220282564292E20446973638B
:10C0C0006F6E6E656374696E6720257000466F75CC
:10C0D0006E642076616C696420636F6E6E65637454
:10C0E000696F6E2028257029207769746820616443
:10C0F000647265737320257320696E202573207325
:10C1000074617465200053656E64204C4520706135
:10C1100072616D20757064617465206661696C651B
:10C12000642028657272202564290053656E64209E
:10C130006175746F204C4520706172616D2075705F
:10C1400064617465206661696C656420286572723B
:10C150002025642900646973636F6E6E656374657E
:10C160006400646973636F6E6E6563742D636F6DD5
:10C17000706C657465007363616E2D6265666F72C5
:10C18000652D696E6974696174696E6700696E69AD
:10C1900074696174696E672D66696C7465722D6C63
:10C1A000697374006164762D636F6E6E656374618C
:10C1B000626C65006164762D6469722D636F6E6ECA
:10C1C00065637461626C6500646973636F6E6E654C
:10C1D0006374696E670062745F636F6E6E00556EA4
:10C1E00061626C6520746F20616C6C6F6361746553
:10C1F0002062756666657220666F72206F702030EF
:10C200007825303278004E6F20617661696C61620A
:10C210006C65204C3243415020636F6E74657874B6
:10C2200020666F7220636F6E6E20257000457870F7
:10C23000656374696E6720757020746F20256420B3
:10C24000726566732C20676F7420256400616C72C0
:10C250006561647920686176652076696577206F0D
:10C260006E202570004C32434150206C656E67741F
:10C2700068206D69736D61746368202825752021BD
:10C280003D2025752900496E76616C6964206964DA
:10C29000656E742076616C756520696E204C324342
:10C2A00041502050445500496E76616C6964204CC1
:10C2B0004520636F6E6E20706172616D20727370C5
:10C2C0002073697A652028257520213D20257A75FF
:10C2D000290052656A656374696E6720756E6B6EBE
:10C2E0006F776E204C324341502050445520636F8D
:10C2F00064652030782530327800546F6F20736D7C
:10C30000616C6C204C32434150207369676E616CE4
:10C31000696E672050445500546F6F20736D616CD7
:10C320006C204C3243415020504455207265636567
:10C33000697665640049676E6F72696E6720646133
:10C34000746120666F7220756E6B6E6F776E2063FE
:10C3500068616E6E656C20494420307825303478F1
:10C3600000636F6E6669670062745F6C3263617050
:10C3700000415454206368616E6E656C206E6F746A
:10C3800020636F6E6E6563746564004572726F72D0
:10C39000207369676E696E67206461746100526121
:10C3A0006E206F7574206F66205458206275666623
:10C3B000657273206F7220636F6E74657874732E6C
:10C3C000004661696C656420746F207375626D69E5
:10C3D00074206174745F74785F64657374726F79CC
:10C3E0005F776F726B3A20256400556E61626C65F1
:10C3F00020746F20637265617465206572722072AB
:10C4000073702050445500415454204D54552065BC
:10C41000786365656465642C206D61782025752CD2
:10C420002077616E74656420257A7500556E6162AF
:10C430006C6520746F20637265617465207273701F
:10C440002050445500546F6F20736D616C6C204117
:10C4500054542050445520726563656976656400C4
:10C46000556E68616E646C65642041545420636F3E
:10C4700064652030782530327800496E76616C69C9
:10C4800064206C656E20257520666F7220636F6472
:10C49000652030782530327800556E61626C6520F9
:10C4A000746F2063726561746520555549443A2064
:10C4B00073697A6520257500556E61626C6520741C
:10C4C0006F2063726561746520555549443A207345
:10C4D000697A65202564004E6F20617661696C6120
:10C4E000626C652041545420636F6E7465787420CB
:10C4F000666F7220636F6E6E202570004E6F206134
:10C500007661696C61626C65204154542063686196
:10C510006E6E656C20666F7220636F6E6E20257084
:10C52000004E6F7420636F6E6E65637465640055B2
:10C530006E61626C6520746F2066696E6420415480
:10C5400054206368616E6E656C00476F742065727D
:10C55000722025642C206E6F742063616C6C696E90
:10C560006720415454206362004661696C65642011
:10C57000746F2072652D7375626D69742025733A2E
:10C58000202564004E6F20415454206368616E6E14
:10C59000656C20666F72204D545520257A75004ECB
:10C5A0006F2070656E64696E672041545420726517
:10C5B000717565737400446973636F6E6E6563743F
:10C5C000696E67206661696C6564202865727220F7
:10C5D000256429004154542054696D656F75742099
:10C5E000666F72206465766963652025732E20442A
:10C5F0006973636F6E6E656374696E672E2E2E00AD
:10C60000556E61626C6520746F206372656174653C
:10C6100020726574727920504455202825752900B0
:10C6200062745F61747400434D41432075706461AE
:10C630007465206661696C656420256400756E61AF
:10C64000626C6520746F20736176652053433A20D5
:10C650006E6F20636667206C656674004E6F207392
:10C660007061636520746F2073746F72652043433B
:10C670004320636667004E6F2073706163652074AA
:10C680006F2073746F726520436C69656E742053FC
:10C690007570706F7274656420466561747572653B
:10C6A0007300556E61626C6520746F20696D706FE8
:10C6B000727420746865206B657920666F72204102
:10C6C000455320434D414320256400434D414320C1
:10C6D0006F7065726174696F6E20696E697420662F
:10C6E00061696C656420256400434D41432066699F
:10C6F0006E697368206661696C6564202564005208
:10C70000656164206D6574686F64206E6F7420735A
:10C710006574004661696C656420746F20726561A0
:10C7200064206174747269627574652025702028B4
:10C7300065727220257A642900496E76616C69649D
:10C740002072656164206C656E6774683A20257A92
:10C750006400434343202570206E6F742077726914
:10C760007461626C6500534320726573746F726507
:10C7700020696E6469636174696F6E206661696CBB
:10C780006564004661696C656420746F207365742C
:10C7900020736563757269747920666F7220626FA9
:10C7A0006E646564207065657220282564290062C6
:10C7B000745F6761747400556E61626C6520746F9C
:10C7C0002066696E6420534D50206368616E6E650B
:10C7D0006C005075626C6963206B6579206E6F74B4
:10C7E00020617661696C61626C65004661696C65A7
:10C7F0006420746F2067656E6572617465204448BB
:10C800004B65790043616C63756C61746520636F7F
:10C810006E6669726D206661696C656400556E6B49
:10C820006E6F776E2070616972696E67206D6574D6
:10C83000686F6420282575290043616C63756C61FD
:10C840007465204C544B206661696C6564004361DB
:10C850006C63756C617465206C6F63616C20444817
:10C860004B657920636865636B206661696C6564FC
:10C870000043616C63756C6174652072656D6F74E3
:10C88000652044484B657920636865636B20666169
:10C89000696C65640052656D6F7465207075626CBB
:10C8A0006963206B65792072656A656374656400ED
:10C8B00052656D6F7465206973207573696E6720AA
:10C8C0004465627567205075626C6963206B657999
:10C8D00000526563656976656420696E76616C698E
:10C8E00064207075626C6963206B6579004E6F20FF
:10C8F000617661696C61626C6520534D5020636F95
:10C900006E7465787420666F7220636F6E6E20257A
:10C910007000556E61626C6520746F2067657420CD
:10C920006B65797320666F722025730054686520EB
:10C93000696E2D70726F67726573732070616972B2
:10C94000696E6720686173206265656E2064656C3E
:10C95000657465642100534D5020646F6573206ECB
:10C960006F7420616C6C6F772061207061697269EF
:10C970006E67206661696C757265206174207468E9
:10C98000697320706F696E742E204B6E6F776E2006
:10C9900069737375652E20446973636F6E6E65638A
:10C9A00074696E6720696E73746561642E00546FDC
:10C9B0006F20736D616C6C20534D50205044552096
:10C9C000726563656976656400534D5020636F6DD1
:10C9D0006D616E642028636F646520307825303285
:10C9E000782920726563656976656420616674657F
:10C9F000722074696D656F75740052656365697640
:10CA0000656420726573657276656420534D5020AD
:10CA1000636F64652030782530327800556E686128
:10CA20006E646C656420534D5020636F64652030E4
:10CA3000782530327800556E65787065637465646A
:10CA400020534D5020636F64652030782530327854
:10CA500000496E76616C6964206964656E746974FE
:10CA600079202573005265667573696E67206E655F
:10CA7000772070616972696E672E20546865206F37
:10CA80006C6420626F6E64206D7573742062652023
:10CA9000756E7061697265642066697273742E00C8
:10CAA00070616972696E67206661696C65642028CF
:10CAB0007065657220726561736F6E2030782578BD
:10CAC00029004E6F206B6579732073706163652058
:10CAD000666F7220257300534D502054696D656F49
:10CAE00075742028666C6167733A30782530387821
:10CAF00020616C6C6F7765645F636D64733A307846
:10CB000025303878290062745F736D700062745F3D
:10CB10006B6579730062745F63727970746F00463D
:10CB200061696C656420746F20696D706F72742028
:10CB3000414553206B6579202564004661696C6529
:10CB40006420746F20636F6D70757465204D414370
:10CB50002025640043616E6E6F742073746172747B
:10CB60002073616D706C696E673A202564004661C0
:10CB7000696C656420746F20696E697469616C69A1
:10CB80007A65206465766963653A2025730046619D
:10CB9000696C656420746F207365742062756666C5
:10CBA00065723A20256400496E76616C6964207371
:10CBB000656C656374696F6E206F66206368616E73
:10CBC0006E656C73004368616E6E656C2025752020
:10CBD0006E6F7420636F6E66696775726564004E70
:10CBE0006F206368616E6E656C20636F6E66696747
:10CBF0007572656400414443207265736F6C75748F
:10CC0000696F6E2076616C756520256420697320DC
:10CC10006E6F742076616C6964004F766572736123
:10CC20006D706C696E6720697320737570706F72B8
:10CC300074656420666F722073696E676C6520632B
:10CC400068616E6E656C206F6E6C79004F766572F0
:10CC500073616D706C696E672076616C75652025F7
:10CC600064206973206E6F742076616C6964005073
:10CC7000726F7669646564206275666665722069A4
:10CC80007320746F6F20736D616C6C202825752F75
:10CC900025752900496E76616C6964206368616E50
:10CCA0006E656C2049443A2025640053656C6563C9
:10CCB00074656420414443206761696E2069732074
:10CCC0006E6F742076616C69640053656C65637483
:10CCD000656420414443207265666572656E6365D4
:10CCE000206973206E6F742076616C6964005365EF
:10CCF0006C656374656420414443206163717569A8
:10CD0000736974696F6E2074696D65206973206E34
:10CD10006F742076616C69640043616E6E6F74207D
:10CD2000636F6E666967757265206368616E6E65B4
:10CD30006C2025643A2025640061646340343030FF
:10CD40003037303030006164635F6E7266785F73D5
:10CD50006161646300636C6F636B4034303030300A
:10CD6000303030006866636C6B006C66636C6B001F
:10CD7000636C6F636B5F636F6E74726F6C00726174
:10CD80006E646F6D40343030306430303000677026
:10CD9000696F403530303030333030006770696F44
:10CDA00040353030303030303000693263004E650D
:10CDB000656420746F207573652074686520696EE2
:10CDC0007465726E616C206472697665722062753A
:10CDD0006666657220627574206974732073697A5F
:10CDE0006520697320696E73756666696369656E2F
:10CDF0007420282575202B202575203E2025752997
:10CE00002E2041646A75737420746865207A657099
:10CE10006879722C636F6E6361742D6275662D7311
:10CE2000697A65206F72207A65706879722C666CF9
:10CE30006173682D6275662D6D61782D73697A65F1
:10CE40002070726F70657274792028746865206F25
:10CE50006E652077697468206772656174657220F9
:10CE600076616C75652920696E20746865202225BD
:10CE70007322206E6F64652E006932634034303057
:10CE80003033303030006932635F6E7266785F74C1
:10CE900077696D00756E737570706F72746564205C
:10CEA000737065656400547279696E6720746F20D1
:10CEB0007472616E73666572206D6F72652074683E
:10CEC000616E20746865206D6178696D756D207381
:10CED000697A6520666F722074686973206465766C
:10CEE0006963653A202564203E2025640047504947
:10CEF0004F20706F72743A202573206E6F74207209
:10CF00006561647900766C65642D626F6F7374007F
:10CF1000726567756C61746F725F666978656400CD
:10CF20007761746368646F6740343030313030301B
:10CF300030007764745F6E72667800526573657452
:10CF400074696E672073797374656D0066617461CE
:10CF50006C5F6572726F7200536F667444657669B8
:10CF6000636520436F6E74726F6C6C657220415301
:10CF7000534552543A2025732C20256400536F6684
:10CF80007444657669636520436F6E74726F6C6C70
:10CF90006572206275696C64207265766973696F69
:10CFA0006E3A2000456E74726F707920736F7572DF
:10CFB000636520646576696365206E6F74207265B1
:10CFC000616479004661696C656420746F207265E4
:10CFD0006769737465722072616E6420736F757215
:10CFE0006365202825642900416C6C6F636174655A
:10CFF00064206D656D6F727920746F6F206C6F7730
:10D000003A20257A75203C202575004576656E749A
:10D010002062756666657220746F6F20736D616C37
:10D020006C2E20257A75203E20257500556E65787A
:10D03000706563746564206D73675F747970653AB9
:10D040002025752E20546869732069662D656C73E0
:10D0500065206E656564732061206E65772062725D
:10D06000616E636800556E6B6E6F776E20657272CD
:10D070006F72207768656E2070726F636573736975
:10D080006E6720686369206D65737361676520252D
:10D09000640062745F6863695F7364630062745FF5
:10D0A0007364635F6863695F647269766572006266
:10D0B000745F7364635F63727970746F004D505373
:10D0C0004C204153534552543A2025732C2025645B
:10D0D000004D50534C20576F726B006D70736C5F36
:10D0E000696E697400556E737570706F72746564E3
:10D0F000204846434C4B206576656E743A20256483
:10D10000006E7266785F636C6F636B5F6D70736CDB
:10D11000005465726D696E616C00556E6B6E6F7751
:10D120006E206572726F72003E3E3E205A45504836
:10D13000595220464154414C204552524F522025CD
:10D14000643A202573206F6E2043505520256400DB
:10D150004661756C7420647572696E6720696E74BF
:10D160006572727570742068616E646C696E670AAE
:10D170000043757272656E74207468726561643AFA
:10D180002025702028257329004350552065786399
:10D19000657074696F6E00556E68616E646C65646D
:10D1A00020696E7465727275707400537461636B7C
:10D1B000206F766572666C6F77004B65726E656C7A
:10D1C000206F6F7073004B65726E656C2070616EBE
:10D1D0006963006F7300737973776F726B7100C846
:10D1E000DA3098F9F034A44B6EBAD30819CC0CEAB3
:10D1F00051DA4700286E756C6C29002A666C6F61E5
:10D20000742A0062630204000006083C46505A0279
:10D21000214D5A6E7B9C3F8D2B4A5C1E0400A1F071
:10D2200002214D5A6E7B9C3F8D2B4A5C1E0300A150
:10D23000F002214D5A6E7B9C3F8D2B4A5C1E0200F2
:10D24000A1F002214D5A6E7B9C3F8D2B4A5C1E0142
:10D2500000A1F002214D5A6E7B9C3F8D2B4A5C1E33
:10D260000000A1F0206D65737361676573206472BF
:10D270006F70706564202D2D2D0D0A1B5B306D00C5
:10D280001B5B313B33316D2D2D2D200000FFFFFF47
:10D29000FFFFFF00000000000000FFFFFFFFFFFF97
:10D2A0000000000000003031323334353637383971
:10D2B0006162636465660000000000000010008089
:10D2C0000000805F9B34FB010400020000000200AC
:10D2D0000000000000000500000000000000000049
:10D2E0000000000000000500090909090102090900
:10D2F00009090909090909090907090909090906A3
:10D30000090909090909090909090909090909098D
:10D3100005E69D350E480103CCDBFDF4AC1191F41C
:10D32000EFB9A5F9E9A7832C5E2CBE97F2D203B022
:10D33000208BD28915D08E1C742430ED8FC24563AA
:10D34000765C15525ABF9A32636DEB2A65499C8010
:10D35000DC6174745F74785F64657374726F795F95
:10D36000776F726B5F68616E646C657200000506B2
:10D370001F1F2918120308020305080A00080103E9
:10D38000040105040509060701010606080000015D
:10D39000000100030100030202010002000000007E
:10D3A0000002030100036C888391AAF5A538603759
:10D3B0000BDB5A6083BE060105010401070203016D
:10D3C0000502020103020504010101020103010437
:10D3D00001060108010C0110011801200140018023
:10D3E000000102030405060700202A2A2A2A2A2A05
:10D3F0002A2A2A2A2A2A2A2A0001090000000D01C5
:10D4000002030405060708000000000000545452FF
:10D41000205245474745530010141400001C20308B
:0CD42000401C2000001C20304000400098
:10D43400FFFFFFFFFF1F00001F00000000000000AF
:10D444001D40000000000000FFFFFFFF1FFF000061
:10D45400BAABBABA101010100000000000800040EF
:10D4640000000000000000000C00000000000000AC
:10D4740000FF7F000000000095B8000000000000DD
:10D48400C9B80000000000008D2A00000000000060
:10D49400E9B8000000000000A7B800000000000088
:10D4A400AC760000FF000000F8A6000001000000B8
:10D4B4000000000000000000000000000000000068
:10D4C4000000000000000000000000000000000058
:10D4D4000000000000000000000000000000000048
:10D4E4000000000000000000000000000000000038
:10D4F4000000000000000000000000000000000028
:10D504000000000000000000000000000000000017
:10D514000000000000000000000000000000000007
:10D5240000000000000000000000000000000000F7
:10D5340000000000000000000000000000000000E7
:10D5440000000000000000000000000000000000D7
:10D5540000000000000000000000000000000000C7
:10D5640000000000000000000000000000000000B7
:10D5740000000000000000007547010000000000EA
:10D584000000000000000000000000000000000097
:10D594000000000000000000000000000000000087
:10D5A4000000000000000000000000000000000077
:10D5B4000000000000000000000000000000000067
:10D5C4000000000000000000000000000000000057
:10D5D4000000000000000000000000000000000047
:10D5E4000000000000000000000000000000000037
:10D5F400000000000000000000000000448202005F
:10D60400000000009422002094220020000000006A
:10D6140001000000A4220020A42200200000000039
:10D6240001000000000000000000000000000000F5
:10D6340000000000000000000000000000000000E6
:10D6440000000000000000000000000000000000D6
:10D6540000000000000000000000000000000000C6
:10D6640000000000000000000000000000000000B6
:10D6740000000000000000000000000000000000A6
:10D684000000000000000000000000000000000096
:10D694000000000000000000000000000000000086
:10D6A4000000000009D20100000000000001000099
:10D6B4000000000000000000000000000000000066
:10D6C4000000000000000000000000000000000056
:10D6D40060EA0000983A0000FFFFFFFFD08AFFFFD6
:10D6E4000FD2020000000C00000000000000000047
:10D6F4000000000000000000000000000000000026
:10D7040059000100000000000000000020D20200C7
:10D7140000001000000000000000000000000000F5
:10D7240000000000000000000000000049000100AB
:10D73400000000000000000031D2020000001000D0
:10D7440000000000000000000000000000000000D5
:10D75400000000000000000039000100000000008B
:10D764000000000042D2020000001200FFFFFFFF91
:10D77400FFFFFFFFC92C020093330200E89202006E
:10D7840000000200F4920200000002000093020074
:10D79400000002001493020000000800209302001D
:10D7A4000000020000000000000000000000000073
:10D7B40000000000000000000000000055220100ED
:10D7C4000000000000000000309302000000100080
:10D7D4000000000000000000000000000000000045
:10D7E40000000000000000007D2301000000000094
:10D7F400000000004C930200000012000000000032
:10D80400FF3602000000000000000000006000403D
:10D814000000000000000000000000000000000004
:10D8240000000000000000000000000000000000F4
:10D8340000000000000000000000000000000000E4
:10D8440000000000000000000000000000000000D4
:10D8540000000000000000000000000000000000C4
:10D8640000000000000000000000000000000000B4
:10D8740000000000000000000000000000000000A4
:10D884000000000000000000000000000000000094
:10D8940000000000954A01000000000000000000A4
:10D8A40000000000993A01000000000000000000A0
:10D8B40000000000C1590100000000000000000049
:10D8C400000000008158010000000000000000007A
:10D8D40000000000B562010000000000000000002C
:10D8E40000000000F95D01000000000000000000DD
:10D8F40008B700200000EE0108B700204D720100B7
:10D904001D8401007D85010000000000000000006E
:10D9140095740100A7490200714A02002D720100AA
:10D924000000000000000000218101000000000050
:10D9340000000000689302000000020074930200DB
:10D9440000000A0084930200000020000000000090
:10D9540000000000000000000000000000000000C3
:10D964000000000000000000634E02000000000000
:10D974000026002000260020000000000000000017
:10D984000E0000001426002014260020C1A301006C
:10D9940000000000000000000000000000009801EA
:10D9A400000001015159020010000000FDBC0100FB
:10D9B4000091020017650020FFFF00000000000036
:10D9C4000000000000000140000000000000000012
:10D9D4000000000000000000000000000000000043
:10D9E4000000000000000000000000000000000033
:10D9F4000000000000000000000000000090D003C0
:10DA0400FF000000900200009826002098260020C5
:10DA1400A0260020A0260020000000000000000036
:10DA24000E00000000000000B8260020B8260020E8
:10DA340000000000000000000E00000000000000D4
:10DA4400D0260020D02600200000000000000000A6
:10DA54000E00000000000000E8260020E826002058
:10DA640000000000000000000E00000000000000A4
:10DA7400C3710200BF710200FFFF0D180F1806FFEB
:02DA840064013B
:10DA86000000000000000000000000000000000090
:06DA96000000000000008A
:10DA9C00000000000000000000000000000000007A
:10DAAC00000000000000000000000000000000006A
:10DABC00000000000000000000000000000000005A
:08DACC00000000000000000052
:04DAD400000000004E
:10DAD800642700206427002060B4002000000000B4
:10DAE800010000002C00000000000000802700203A
:10DAF80080270020409C002000000000010000005A
:10DB0800A0000000000000009C2700209C270020A7
:10DB18008CB4002000000000030000001C0000007E
:04DB280000000000F9
:10DB2C00B8270020B82700200000000000000000EB
:04DB3C000E000000D7
:10DB4000CC270020CC2700200000000001000000AE
:10DB5000DC270020DC27002000000000FFFFFFFF83
:10DB60000000000000000000F4270020F42700203F
:10DB7000000000000000000004280020042800200D
:10DB8000030003001000000000000000A08E02004F
:10DB900068B00020000000000000000028280020DD
:10DBA000282800200300030010000000C9710100B4
:10DBB0004C8F0200E8B300200000000000000000CD
:10DBC0004C2800204C280020030003000000000027
:10DBD00000000000408D0200BCAA002000000000F0
:10DBE00000000000702800207028002001000100C3
:10DBF00010000000015D01008C8E020040AD00208D
:10DC0000000000000000000094280020942800205C
:10DC1000030003000000000000000000548E02001A
:10DC2000F8AC00200000000000000000B828002030
:10DC3000B82800200C000C0004000000CD340100C6
:10DC40002C8D0200E0A80020000000000000000071
:10DC5000DC280020DC280020020002000400000074
:10DC600000000000608F0200D0B60020000000001D
:10DC70000000000000290020002900200100010010
:10DC80000000000000000000548D020008AC0020DD
:04DC900015E015E0A6
:0400000310002A09B6
:00000001FF
