:1000000080930020F126010039320200DD26010034
:10001000DD260100DD260100DD26010000000000D4
:10002000000000000000000000000000CD270100DB
:10003000DD26010000000000C1290100DD260100CD
:10004000392A0100055A0200392A0100392A010023
:10005000392A0100392A0100392A0100392A010010
:100060001B5A0200392A0100392A0100315A0200C4
:10007000392A0100392A0100392A0100392A0100F0
:10008000392A0100392A0100392A0100392A0100E0
:10009000392A0100392A0100392A0100392A0100D0
:1000A000392A0100392A0100392A0100392A0100C0
:1000B000392A0100392A0100392A0100392A0100B0
:1000C000392A0100392A0100392A0100392A0100A0
:1000D000392A0100392A0100392A0100392A010090
:1000E000392A0100392A0100392A0100392A010080
:1000F000392A0100392A0100392A0100392A010070
:1001000080EA101404F0F01480EA0410604081EAE0
:10011000111404F0F01481EA0411614082EA12140F
:1001200004F0F01482EA0412624083EA131404F02B
:10013000F01483EA0413634080EA102404F47F443B
:1001400080EA0420604081EA112404F47F4481EABB
:100150000421614082EA122404F47F4482EA0422EA
:10016000624083EA132404F47F4483EA0423634057
:1001700081EA500404F0553480EA4400614083EA87
:10018000520404F0553482EA4402634082EA900447
:1001900004F0333480EA8400624083EA910404F07E
:1001A000333481EA84016340704700BF82EA9004DF
:1001B00004F0333480EA8400624083EA910404F05E
:1001C000333481EA8401634081EA500404F05534F9
:1001D00080EA4400614083EA520404F0553482EA24
:1001E0004402634080EA102404F47F4480EA04203F
:1001F000604081EA112404F47F4481EA04216140D3
:1002000082EA122404F47F4482EA0422624083EAF0
:10021000132404F47F4483EA0423634080EA101427
:1002200004F0F01480EA0410604081EA111404F034
:10023000F01481EA0411614082EA121404F0F0140F
:1002400082EA0412624083EA131404F0F01483EA91
:1002500004136340704700BF2DE9F14F94464FEA05
:10026000930B8A68CB6808684968FFF749FF0BF170
:10027000060E33E083EA134480EA134582EA13470B
:1002800046BA96EA3444604000F00F1684EA063419
:1002900020F00F1684EA161054BA94EA0106724050
:1002A00002F00F1486EA043622F00F1486EA1412C4
:1002B0004CBA6540694001F00F1485EA043521F01D
:1002C0000F1485EA14115CBA67407B4003F00F14E9
:1002D00087EA043723F00F1487EA1413BCE8F00010
:1002E0006040694072407B4000F0E03400F010351F
:1002F00000F00F3040EA540040EAC50080EA900464
:1003000004F0332480EA8400604001F0E03401F01E
:10031000103501F00F3141EA540141EAC50181EA8B
:10032000910404F0332481EA8401614002F0E03456
:1003300002F0103502F00F3242EA540242EAC502DE
:1003400082EA920404F0332482EA8402624003F0D9
:10035000E03403F0103503F00F3343EA540343EA6B
:10036000C50383EA930404F0332483EA84036340DF
:1003700081EA324787EA134581EA354690EA060466
:1003800084EA034B82EA1B4280EA044484EA05447F
:1003900083EA144A85EA14448BEA044B84EA37441E
:1003A00081EA0B4181EA164104EA0A00454082EAEB
:1003B00004082BEA080041408AEA0B0602EA06001C
:1003C00084EA34438AEA3A4603EA0607784045401D
:1003D000414088EA38478BEA3B4007EA000985EA52
:1003E000090583EA0709464006EA0906714085EADD
:1003F000010005EA3546464006EA314181EA3041CE
:1004000081EA364606EA304686EA3546344008EA4E
:10041000010886EA01052A4086EA364003405A4030
:1004200081EA31431F407C4080EA030709EA07095B
:1004300088EA0908544088EA020806EA0A0601EA3E
:100440000B018AEA0B0215408AEA3A421040454005
:100450008BEA3B4003405E404240174079404D40AC
:100460004E40E443F64386EA18435D4085EA054082
:1004700083EA134386EA034183EA384284EA11435C
:1004800083EA04435FEA3343BEF1010E3FF6F2AE66
:100490001ED4BCE8F0006040694072407B4020BC44
:1004A000FFF784FE28606960AA60EB60BDE8F08F0A
:1004B0002DE9E0414FF2F00280EA1031114080EA6C
:1004C0000130484041088208C3084FF0000E4FE752
:1004D00000F0113001F0113102F0113203F011334C
:1004E00040EA410040EA820040EAC3004FF2F002D5
:1004F00080EA1031114080EA01304840BDE8E081D7
:100500002DE9F04F02F11C050646074600EB850871
:1005100051F8040B043A46F8040BF9D14FF0010CE2
:10052000FFF7C6FF5FEA302080EA0C001ECF414093
:100530004A4053405C401EC62000464517D04FEA53
:100540004C0C1CF4807F18BFACF1E50C2C2DE7D0CF
:100550003C2D06D1FFF7ACFF06CF41404A4006C60E
:10056000100006CF41404A4006C61000D8E736E9E1
:100570000F00FFF7C5FD043D86E80F00F7D1BDE889
:10058000F08F00BF2DE9F14F03F11C0402EB840C46
:100590004FEA930B8A68CB6808684968FFF7B0FD9B
:1005A0003CE9F0006040694072407B400BF1060E70
:1005B0004EE083EA134480EA134582EA134746BAC1
:1005C00096EA3444604000F00F1684EA063420F0C6
:1005D0000F1684EA161054BA94EA0106724002F02B
:1005E0000F1486EA043622F00F1486EA14124CBA6D
:1005F0006540694001F00F1485EA043521F00F14BD
:1006000085EA14115CBA67407B4003F00F1487EA57
:10061000043723F00F1487EA141344BA44404DBA48
:100620004D4056BA56405FBA5F4087EA174886EA9F
:10063000174B84EA17464FEA38488BEA1B4485EA91
:100640001B4788EA1B4580EA3440694072407B4082
:1006500000F0703400F0803500F00F3040EA4400C4
:1006600040EAD50080EA900404F0332480EA840054
:10067000604001F0703401F0803501F00F3141EA43
:10068000440141EAD50181EA910404F0332481EA6E
:100690008401614002F0703402F0803502F00F32C4
:1006A00042EA440242EAD50282EA920404F0332488
:1006B00082EA8402624003F0703403F0803503F074
:1006C0000F3343EA440343EAD50383EA930404F077
:1006D000332483EA84036340C943DB4381EA000493
:1006E00083EA044686EA020183EA014382EA33454B
:1006F00083EA14435C4084EA00077FEA040A8AEA3A
:10070000024A8AEA010B87EA11488AEA374A80EAF4
:10071000060181EA1A418AEA030A04EA0A0045400E
:1007200088EA040707EA0B0041408AEA0B0608EA58
:10073000060084EA34428AEA3A4602EA060358404E
:100740004540414087EA37438BEA3B4003EA0009D2
:1007500085EA090582EA0309464006EA090671406E
:1007600085EA010005EA3546464006EA314181EA5C
:10077000304181EA364606EA304686EA354634405C
:100780000F4086EA010508EA050886EA364002407D
:1007900088EA020881EA314213405C4080EA0203A1
:1007A00009EA030987EA0907674088EA040806EAB4
:1007B0000A0601EA0B018AEA0B0425408AEA3A4458
:1007C000204045408BEA3B4B02EA0B02564084EA4C
:1007D0000B04234059406E40694087EA364080EA66
:1007E000384080EA060380EA104481EA134585EA2E
:1007F000344585EA17427D4082EA354180EA05406A
:100800003CE9F0006040694072407B40BEF1010E5F
:100810003FF6CFAE20BCFFF7C9FC28606960AA6034
:10082000EB60BDE8F08F00BFFFF76ABE2DE9F0076F
:1008300091E8F807B2E802105B1854EB0C04B2E838
:1008400002104D4156EB0C06B2E802104F4158EB36
:100850000C08B2E8021059EB01095AEB0C0A80E8C7
:10086000F80780410130BDE8F00770472DE9F00737
:1008700091E8F807B2E802105B1A74EB0C04B2E8D6
:1008800002108D4176EB0C06B2E802108F4178EB36
:100890000C08B2E8021079EB01097AEB0C0A80E847
:1008A000F80780414042BDE8F00770472DE9F007A6
:1008B000524290E87800B1E880071740DB1918EA47
:1008C000020854EB080419EA020955EB09051AEA73
:1008D000020A56EB0A0678C090E87800B1E8800773
:1008E00017407B4118EA020854EB080419EA020990
:1008F00055EB09051AEA020A56EB0A0678C0804150
:100900000130BDE8F00770472DE9F007524290E84A
:100910007800B1E880071740DB1B18EA020874EB87
:10092000080419EA020975EB09051AEA020A76EBCE
:100930000A0678C090E87800B1E880071740BB410C
:1009400018EA020874EB080419EA020975EB0905B4
:100950001AEA020A76EB0A0678C080414042BDE8F6
:10096000F00770472DE9F00152424FF0040890E87B
:10097000300091E8C000A31B1340E41AF618EB1BEB
:100980001340ED1AFF1830C0C0C1B8F10108EED114
:10099000BDE8F001704700BF00B592E8DC072DE923
:1009A000DC07B1E8805702B4A7FB02510A95A8FB07
:1009B000020BE7FB6310E9FB62B00B91A8FB03514C
:1009C000EAFB6201E7FB64B5E7FB6605E8FB661539
:1009D000CDF830B0A9FB03B6EAFB6316ECFB635617
:1009E000E8FB640BE9FB641BEAFB645BECFB646BF8
:1009F0000D90ACFB0230059CEEFB6250E9FB64609D
:100A0000EAFB64B0E7FB6431E8FB6451069CE8FB59
:100A10006461E9FB64B1EAFB64010E93A7FB043255
:100A2000079CE7FB6462E8FB64B2E9FB6402EAFB53
:100A30006412049CE9FB6453EAFB6463089CE7FBD3
:100A400064B3E8FB6403E9FB6413EAFB64230F95DA
:100A50005DF8049B99E80006DDF80080A9FB0854C6
:100A6000EAFB68B4DDF81080ECFB6804EEFB681468
:100A7000E9FB6824EAFB6834DDF80480EEFB686576
:100A8000E9FB68B5EAFB6805DDF81480ECFB681546
:100A9000EEFB6825E9FB6835EAFB68450F96DDF853
:100AA0000880AEFB0876E9FB6806EAFB6816DDF80D
:100AB0001880ECFB6826EEFB6836E9FB6846EAFB2B
:100AC0006856DDF80C80ECFB68B7EEFB6807E9FBC5
:100AD0006817EAFB6827DDF81C80ECFB6837EEFB43
:100AE0006847E9FB6857EAFB686708B000BD00BFCC
:100AF0002DE9F14F87B0FFF74FFFDDF81C8008F1BB
:100B0000200888E8FF00FFBC87E87F08BDE8F08F79
:100B100000B591E89857A3FB03520195A3FB04018C
:100B2000E3FB6420E3FB67100292A3FB0752E3FBA5
:100B30006802E4FB6415E3FB6805E3FB69250391A8
:100B4000A4FB07B6E3FB6926E3FB6A56E4FB670BED
:100B5000E4FB682BE3FB6A5BE3FB6C6B0490A4FB98
:100B60000810E4FB6950E3FB6C60E3FB6EB0E7FB4D
:100B70006721E4FB6951E4FB6A61E3FB6EB1E4FBCE
:100B80006E010592A7FB0832E4FB6A62E4FB6CB2DB
:100B9000E4FB6E02E7FB6E12E7FB6853E7FB696359
:100BA000E4FB6CB3E7FB6C03E7FB6E13E8FB6E231F
:100BB0000695A7FB0954E7FB6AB4E7FB6C04E8FB66
:100BC0006C14E8FB6E24E9FB6E34E8FB6865E7FB18
:100BD0006AB5E8FB6A05E8FB6C15E9FB6C25E9FBE7
:100BE0006E35EAFB6E450796A8FB0976E8FB6A06B8
:100BF000E9FB6A16E9FB6C26EAFB6C36EAFB6E46FB
:100C0000ECFB6E56E8FB69B7E9FB6907E9FB6A177D
:100C1000EAFB6A27EAFB6C37ECFB6C47ECFB6E5790
:100C2000EEFB6E6700BD00BF2DE9F14F87B0FFF707
:100C30006FFFDDF81C8008F1200888E8FF00FFBC8A
:100C400087E87F08BDE8F08F30B44FF0000310F85C
:100C5000014B11F8015B013A84EA050443EA0403FD
:100C6000F5D1A3F101034FEAD37030BC704700BF48
:100C70004FF0000310F8012B013943EA0203F9D1C8
:100C8000A3F101034FEAD370704700BF30B411F8ED
:100C9000014B12F8015B6C4000F8014B013BF6D1AF
:100CA00030BC70472DE9F00791E8F807B2E8021070
:100CB0005B1854EB0C04B2E802104D4156EB0C06E5
:100CC000B2E802104F4158EB0C08B2E8021059EBA1
:100CD00001095AEB0C0A8941B3F1FF3374F1FF3477
:100CE00075F1FF3576F1000677F1000778F100081D
:100CF00079F101097AF1FF3A51F100015B184C4199
:100D00004D4156F1000657F1000758F1000859EB24
:100D1000D1795AEB010A80E8F807BDE8F00770477F
:100D20002DE9F00791E8F807B2E802105B1A74EBBE
:100D30000C04B2E802108D4176EB0C06B2E802100A
:100D40008F4178EB0C08B2E8021079EB01097AEBDD
:100D50000C0A89415B184C414D4156F1000657F190
:100D6000000758F1000859EBD1795AEB010A80E8E5
:100D7000F807BDE8F007704718EB040859EB0509C0
:100D80005AEB060A5BEB070B5FF0000C4CF1000C12
:100D900018EB050859EB06095AEB070A5BEB070B42
:100DA00050EB0C005FF0000C51EB0C0152EB0C020D
:100DB00063414CF1000CB8EB070879F100097AF1B6
:100DC000000A7BEB040BA841B141A241B3416CF195
:100DD000000CBBEB050BB041B941AA41BB416CF122
:100DE000000C4CF001068CF0020718EB060859EBDA
:100DF0006C095AEB6C0A7BEB6C0B70EB6C0471EBBF
:100E00006C0572EB670653EB6C076CEB6C0C18EB24
:100E10000C0059EB0C015AEB0C025BF1000354F18E
:100E2000000455F1000556EBDC7657EB0C077047D4
:100E30002DE9F14F87B0FFF7AFFDDDF81080DDF849
:100E40001490DDF818A0FFF797FFBDE8000FFFF73B
:100E500093FF03B05DF8048B88E8FF00BDE8F08FD6
:100E60002DE9F14F87B0FFF753FEDDF81080DDF874
:100E70001490DDF818A0FFF77FFFBDE8000FFFF723
:100E80007BFF03B05DF8048B88E8FF00BDE8F08FBE
:100E9000064B074A5B7802604FF426728280C3716A
:100EA0000822002382710372704700BFE0280020EF
:100EB000A7D50000064B074A5B7A02604FF49C728C
:100EC0008280C3710822FF2382710372704700BFC2
:100ED000E0280020D5D00000F8B5C41D002824F07B
:100EE0000704054614BF2046002000F053FA071EF1
:100EF00002DA6FF00B00F8BD254EB1887088F379E7
:100F0000B2790331033089B280B209F0DCFF0028E6
:100F1000EFDB737831783C4403341944002D24F01E
:100F2000030400FB01F114BF2046002000F0B8FBD1
:100F300023180DB9002BDCDB717A184679B1033325
:100F4000002D23F0030414BF20460020728900F016
:100F500019FC0028CDDB20440DB90028C9DB317A0B
:100F600091B1737A83B1C41D002D24F0070414BF1E
:100F70002046002003F05EF80028BADB0DB1002007
:100F8000B9E72018B7D5B4E7002DF8D1B3E700BF13
:100F9000E02800201FB572B6194BDD68EDB9BFF32C
:100FA0004F8F1849184BCA6802F4E0621343CB60B4
:100FB000BFF34F8F00BFFDE72346B2FBF6F25C1C88
:100FC000002AF9D104AEDCB256FA83F303F80C2CF4
:100FD0000A2234B901A8A847E1E7024600230A26FD
:100FE000EDE7631E04AEDCB256FA83F3B0FBF2F613
:100FF00002FB1600303003F80C0C3046E9E700BF66
:10100000E028002000ED00E00400FA0507B50A4BD7
:10101000DA88ADF8002068469A885B88ADF804202D
:10102000ADF8023001F0FAFC18B1FA219C20FFF76C
:10103000B1FF03B05DF804FBE028002010B50446C2
:1010400028B309F007F810B94FF0FF3010BD06F0D3
:10105000A5FFB0F5FA7FF7D80E4B00221A744FF4B3
:1010600080721A801B225A809A8040F20322DA8012
:101070004FF484721A811F22DC605A81EFF31084CE
:1010800072B600F0DDFB04B962B60020DEE76FF057
:101090001500DBE7E028002010B5002840D1234CE4
:1010A000237C032B39D059B1002A3CD002390529C1
:1010B00036D8DFE801F0031227352A2D1378637044
:1010C0000020FFF709FF0028B7BF01230223237484
:1010D0006FF00B00A8BF237410BD13791BB35379B5
:1010E0000BB31188FB291ED853881B3B9BB2E02B06
:1010F00019D81A2917D91368C4F802300C4B9288F2
:101100009A80DDE713786372DAE713886381D7E7A3
:101110001388FF2B07D82372D2E74FF0FF30DBE7AD
:101120006FF02C00D8E76FF01500D5E7E02800201D
:10113000E2280020F8B50D46064620B319B311F099
:10114000070420D1114F3B7C012B02D16FF00B0023
:10115000F8BD032B02D14FF0FF30F9E700F0ACFBF4
:101160000028F8D02846FFF7B7FE0028EEDB0CF089
:1011700071FA3046214601F0D3FCFFF747FF032305
:101180003B742046E4E76FF01500E1E7E02800201B
:1011900010B5064C237C032B03D101F0D7FC02F0E1
:1011A000EDF909F09AFF0020207410BDE02800201E
:1011B00008B501F081FCBDE808400249012000F0BB
:1011C000E1B800BFB50E000008B501F089FCBDE82C
:1011D00008400249002000F0D5B800BF910E000081
:1011E000074B4FF0FF3141F6FF72C3E9001205498A
:1011F0000022C1E900221F21C3E90212704700BF8B
:10120000C0200020F42800203F280CD801380B4BC8
:10121000C0F3421200F01F0053F8223023FA00F00E
:1012200000F001007047FF2806D04038C0F342129A
:10123000034B00F01F00EFE701207047C0200020A3
:10124000F42800200146074B006849681A4603C28B
:1012500040F48C221A6041F0107242F4FF625A602E
:1012600000207047C02000200246034B00685168F0
:1012700003C30020704700BFF42800200246034B40
:101280000068516803C30020704700BFC8200020D9
:101290000138064BC0F3421203EB820300F01F003B
:1012A0009B6823FA00F000F001007047C020002086
:1012B000F0B50C88C37C0288A5B2C4F30E0404F117
:1012C00018060233865B1A44334497B213FA82F34A
:1012D000013B4288B3FBF7F313FB07439BB29A42EF
:1012E000044A93BF22EA05032A4013439BB20B80B2
:1012F000F0BD00BF0080FFFF4A1E062A08B5034666
:10130000084604D84FF4D1711520FFF743FE094A6F
:10131000914202D940F2A311F6E711B903B1196065
:1013200008BD2BB11B680022C3E901211A1D1A60F8
:101330000430F5E7FAFFFF7F10B5114B00EB4104D5
:101340001A786389B3FBF2F303FB0223013A1A44D0
:10135000B2F5706F0279807828BF00231A440B1809
:10136000B2FBF0F100FB11215B1AB3FBF0F100FBC3
:10137000113313446FEA43436FEA5343638110BD53
:10138000FC280020024B03EB80035960704700BF2C
:10139000FC2800202DE9F04F10F0070A85B0054623
:1013A00004D040F26F111720FFF7F4FD534F07F1FF
:1013B0000C06B1460446B04657F8043B8DF80BA026
:1013C0003BB101A898479DF80A30082B01D9F521B7
:1013D000E9E79DF80B1041BB05B131604F4506F1BF
:1013E0000406E9D1002D70D0DFF81491002289F8AD
:1013F00000209646022758F827A0013FBAF1000FB7
:1014000056D09AF804609AF802C0FF2E61D039468F
:101410000023481C39D19C44BCF1FF0F40D90AB1CC
:1014200089F800E04FF49A71BDE79DF80AC0604664
:10143000022838BF02204B1D5A0004EB4303441E10
:101440002344BDF808406444013CCCF1000C04EA9C
:101450000C044042B4F5803F03EA000302D340F29B
:101460000511A0E775B19A1A0120326091701480BD
:10147000D0709DF80C001071019810814FEA104C4B
:10148000A2F806C004FB0134A8E758F8210028B1EF
:1014900090F804B0B34504BF80781B180139B8E751
:1014A000DBB2E6458AF804303CBF5FFA8CFE0122CD
:1014B0007B1CA0D10AB189F800E0022640F6FF6A41
:1014C00058F82670B7B9013EFAD2601B05B0BDE8E6
:1014D000F08F0023E5E707EB41033846A3F80AA0A5
:1014E000FFF72AFF09F10109BB785FFA89F18B4206
:1014F000F1D8E8E74FF00009F6E700BF0029002027
:10150000FC28002038B54FF6FF730380184B03EB1F
:10151000810302461869A8B184780379B3FBF4F11A
:1015200004FB1133DBB2194600EB4105B5F90A5053
:10153000002D0EDB0131B1FBF4F504FB1511C9B22E
:101540008B42F1D1002038BD6381BDE8384009F0FD
:1015500096BC00EB41046389C3F30E031380C27889
:10156000002AF1D14FF4E5711720FFF713FD00BFFA
:10157000FC2800201C4B03EB810370B51C69054659
:1015800044B3030404D54FF4EC711720FFF702FDB8
:101590000146204609F055FCFF28014604D02046AC
:1015A000BDE8704009F06BBCA078B5FBF0F300FB20
:1015B0001353DBB219460A1D04EB4206B6F902606A
:1015C000002E09DB0131B1FBF0F200FB1211C9B2B0
:1015D0008B42F0D1002070BD8B4201D00023E3701C
:1015E00004EB42025580DAE7FC280020094B03EBAC
:1015F000810310B51C690146204609F022FCFF2832
:10160000014604D02046BDE8104009F038BC002057
:1016100010BD00BFFC280020F8B5104B03EB810380
:1016200007461C690146204609F00BFCFF280546C9
:1016300011D0E288238953EA024606D001462046AB
:1016400009F01DFC01463846B04720462946FFF701
:1016500073FE0020F8BD0520FCE700BFFC28002039
:1016600038B50E4B827903EB82030446186908B93A
:10167000052038BD8278E1799142F9D24B1CE371A3
:1016800000EB41035D89B3F90A30002BF3DBA58041
:1016900009F0F5FB20600020EBE700BFFC280020EC
:1016A00070B5044610F003000E4603D04E211820FA
:1016B000FFF770FCFFF720FE054624B103483146D2
:1016C0000460FFF719FE284670BD00BF18290020EE
:1016D0002DE9F14FDFF870B09DF828A09DF82C900F
:1016E0001E46DBF8003007460D4690461BB96021C8
:1016F0001820FFF74FFC52460921404609F026FA10
:101700004A4684B20921304609F020FA14FA80F1E1
:10171000DBF8000009F069FB386018B9286001B0F7
:10172000BDE8F08F04442C603868534641460922D6
:1017300009F0CFF928684B460922314601B0BDE8CF
:10174000F04F09F0C6B900BF1829002070B50E4649
:10175000044609F00EFA0546304609F00AFA044B31
:101760002A1821461868BDE8704009F063BB00BF25
:1017700018290020024B186808B109F02ABB7047ED
:10178000182900201F2AF8B5044626D80420032370
:10179000134D12FB003254B1A30703D06821092076
:1017A000FFF7F8FB22F0030329706C602B8122F015
:1017B00003022823120403FB01F001276B68120CBB
:1017C0000025EEB2B14200D8F8BD14B126181F7042
:1017D0005E60104401352833F3E74FF0FF30F3E744
:1017E0001C29002070B5154A157853680021C8B22D
:1017F000854203D8BA210920FFF7CCFB1C461846C6
:1018000014F8286B01310EB92346F0E700219970D6
:10181000128999610124D96159685C70920803F1B9
:101820001E0403F1260524F8022FAC4243F8041FDE
:101830001144F8D100234361037070BD1C290020BE
:10184000134B012200214FF0FF309A60C3F80012C1
:10185000C3F80803C3F80015C3F804259A60C3F859
:101860000803C3F80015C3F804250A490A4A03F51A
:1018700080334FF40040C3F80825C1F88000BFF35F
:101880004F8FBFF36F8FC1F88001C3F808257047F1
:1018900000F0004000E100E00000F63F024B02686B
:1018A0001A600020704700BF28290020014B1B68E8
:1018B000184700BF28290020024B1868003818BFBD
:1018C00001207047282900200A468F2302F8033B95
:1018D0000448C368C1F803300369536043699360E7
:1018E000704700BF2C290020024B5A8C02435A84B7
:1018F0005B6A18472C290020014B00215B6A1847BE
:101900002C29002010B5154C05F05AFB05F056FDAA
:10191000208DFFF7F1FF237E63B12246104952F874
:101920000C3BE3606368536004F11900A3689360A3
:101930000AF012FD218DE06A02F0B0FBE36AB3F811
:10194000AA0002F02DFB636B94F8301094F831007C
:101950009847002384F8383010BD00BF2C290020A0
:10196000C9180000034B93F838300BB1FFF7CABF1A
:10197000704700BF2C29002070B5184CE66AE36C54
:10198000E3634FF481730546A4F8403094F85000A7
:10199000337D96F8151100EB83002DB9FF2803D194
:1019A00096F814318B4201D005F082F8337D73B183
:1019B000606D05F05BFA616DE06B05F0DBFC15B95D
:1019C000284605F0A7FA022384F8383070BDE06B92
:1019D00005F04CFA05F0F2FCF1E700BF2C290020DD
:1019E000F0B590F86D40134A0B46012CD1E91E6703
:1019F00092F8502087B001F1800103F190034FF07D
:101A0000010006D0022C13D040F225410620FFF73A
:101A1000C1FA00240025CDE9013205900090CDE9FE
:101A2000034532463B46012005F002FC07B0F0BDFD
:101A30000446EFE72C29002008B5094B93F838201D
:101A4000022A04D040F257312720FFF7A3FADA7AAE
:101A500042F00102DA72BDE80840FFF753BF00BF51
:101A60002C29002070B50F4DAE6D3478C90001F0FF
:101A7000080104F0F30492000C4302F00402144342
:101A80001B0103F0100304F0EC041C4300F00300FE
:101A900004433470B5F8643073700223A5F85C30E9
:101AA00070BD00BF2C290020F7B5184CA56E064666
:101AB0000DB1636C23B940F6C4012720FFF76AFA21
:101AC000B4F848306B702B782F4601F0030123F0F7
:101AD00003030B4307F8033BB4F84820616C384616
:101AE00008F05EFD0DF1020201A9E06EE563676496
:101AF00009F065F9019809F050F9B4F84810306020
:101B00000122E06E09F0F8F803B0F0BD2C290020A6
:101B10002DE9F0412C4C94F83830012B06460F4645
:101B20005FFA83F804D040F60C112720FFF732FA51
:101B3000E56A2B7933B1002129710420FFF7D4FE27
:101B400085F805802B7A052B0AD120490220FFF762
:101B5000CBFE236E1B78991E4B424B4184F87030AC
:101B60001EB1BDE8F041FFF7CDBE002FF9D0636F85
:101B7000304698470028F4D094F83030002BF0D14C
:101B8000638C9A0716D594F87030002BE9D02B7D22
:101B9000E46A23B1294604F1A800FFF721FF94F875
:101BA0001521012096210BF0C9FDBDE8F041002070
:101BB000FFF7E2BE002BD4D194F87830002BE6D1A9
:101BC00094F87930E1E700BF2C2900208C2900200F
:101BD0002DE9F04F964EF46A91B004F1A8030A93F0
:101BE0000023CDE90D3396F838300790022B099188
:101BF0005FFA83FA04D040F6AD112720FFF7CAF947
:101C0000F36B03221D785978A6F8481013447364C7
:101C1000079BA6F8402005F00308002B00F0F48095
:101C200019B1F06E09F048F80146627A338DB16659
:101C30000132D2B282EA950743F4007317F001072C
:101C4000338546D1237A23B3032B62720AD8012B42
:101C50001FD0D6F880000DA908F0D7FF90B940F248
:101C6000D471CAE7053B012B02D940F2B371C4E736
:101C700001F00EF810B940F2DE71BEE739460820D7
:101C8000FFF732FED4E91C32013342F10002C4E90D
:101C90001C326379002121721BB161711020FFF7A2
:101CA00023FE338D43F40063338500230893237DA3
:101CB000C5F3C007CBB1B6F84830B3B105F096FB19
:101CC0000328FBD0022806D1FFF71CFE11B0BDE8A7
:101CD000F08F079BEAE740B9A37A03F001039F4224
:101CE00003D1012386F83130EEE7A27A02F0010336
:101CF0009F4240D04FF0000BB36E002B40F0968017
:101D0000B6F84830B3FA83F35B0903EA151386F893
:101D10007930099B002B40F08F80728C96F88630CA
:101D2000110704D596F87020002A40F08580012B19
:101D300000F28280736F0120984700287CD096F8CB
:101D40003050002D78D1E37C002B00F0D78094F840
:101D50001461012ED4E91C2304F1800104F19007E1
:101D60004FF0010000F0BF80022E00F0F18040F241
:101D70002541062042E7B6F84830E3B108F1FF31CB
:101D8000012918D8318D41F48051318596F884109D
:101D9000994206D296F8303043F0100386F830307E
:101DA000A8E7B16E0029A5D096F8851019B12020BA
:101DB000FFF7A2FD9EE70132B8F1030FA27219D01E
:101DC00008F1FF32012A0BD8002B93D0D4E91E3240
:101DD000013342F10002C4E91E32DDF81CB08BE78A
:101DE000002B87D0D4E91E32013342F10002C4E94E
:101DF0001E327FE7338D0F49012043F48053207159
:101E00003385FFF771FDEDE7237D0BB105F02AFB6C
:101E100096F88630013386F88630338D4FF0000B0C
:101E200043F480633385CDF820B065E701236CE788
:101E30002C2900207029002005F0C2F8BBF1000F0A
:101E40004CD101230993A54D2B8D5A0606D4402071
:101E5000FFF752FD2B8D43F040032B85089B63B1A8
:101E6000B5F80720B5F805301343E28813431EBFC9
:101E7000B5F809300133A5F80930079B002B00F0B5
:101E80002681B5F805300133A5F80530002385F823
:101E90008630934802F072F80D9830B108F07DFF5B
:101EA000002202720A9901F071FC0E9B33B10022EC
:101EB0001A720C220A990E9801F036FC099B002B2D
:101EC0007FF402AF2B8D1B063FF500AF8020FFF79C
:101ED00013FD2B8D43F080032B85F7E641460EA8BA
:101EE000FFF7E2FDADE72E4605900020CDE9036047
:101EF000FB26CDE90176009005F09AF9774F94F82A
:101F00001421962100200BF019FCD7F82C9097F89B
:101F1000503099F8142099F8141103EB8203FF2B29
:101F200003D199F815318B4202D0FF2004F0C0FD97
:101F3000FE6A00238DF83130ADF83230337A062B4B
:101F400000F2B280DFE803F0068E9191B0A3A30007
:101F50000646C9E797F88730A6F804310DF132013B
:101F60000FA8ADF8323000F085FE30B10F9820B1E7
:101F700005233372BDF8323014E0FB6A93F8513018
:101F8000002B6AD1D7F880000DF131020DF132013A
:101F900008F016FE002860D0BDF83230002B4BD17F
:101FA00001223272B865A7F8643003B1C31C3B66E6
:101FB000B27A96F809A0367A0B92022E07D0053E27
:101FC000012E74D81B78022B4FF003060CD0D7F8E3
:101FD000800008F050FE00286BD1032E04D000F0E2
:101FE00063FE80F00105EDB23C4F05F0010387F878
:101FF000783099F81330002B5DD0B7F86430002B9F
:1020000059D051460B9A2B463046FFF72BFD786D81
:1020100004F02CFFD7E9150105F072F9012387F8C8
:10202000883087F83830BBF1000F3FF40CAF4146E1
:102030000EA8FFF739FD06E79DF831201AB9028096
:102040008270032395E7027802F00302012A08BF99
:102050004FF0030A86F808A0A4E70023ADF8323059
:10206000012333721F4800239CE7B6F80431D7F8E8
:102070008000ADF832300DF131020DF1320108F07F
:102080009FFD00287FF476AF40F2C351B5E50DF116
:1020900032010FA800F0EEFD08B10F9810B940F220
:1020A000D251AAE5062364E740F2DC51A5E50126FA
:1020B0008DE7012598E70B9A2B4651463046FFF7EE
:1020C000D1FCB86D04F0D2FE05F078F9A6E7B5F8BA
:1020D00007300133A5F80730DBE600BF2C290020CC
:1020E00058290020A629002010B5064B93F8382067
:1020F00002F0FF0422B91C7601F0C8FF204610BD93
:102100000C24FBE72C290020094B0A4A10B51A6061
:10211000FFF7EAFF20B14FF4B1712720FEF73AFF35
:1021200000F024FD044CE06400F024FD606510BD67
:102130008C320020E02200002C290020F8B55C4CF5
:1021400094F83860054606F0FF0016B909B102B1EF
:1021500023B94FF420712720FEF71CFF63639DF81D
:10216000183084F885306162626784F8300084F842
:10217000860084F8310084F888006084208584F823
:10218000780084F8790084F87000A0652066A4F8CF
:102190006400E0636064A4F84800E56204F0CAFCEF
:1021A00005F00CF995F91C0104F00EFDD5F8D0608E
:1021B000D5F8C80004F00EFD304604F049FE95F84D
:1021C000240004F011FDE36A93F891320BB104F09E
:1021D0009FFC0AF050FC95F8152100F189010120BF
:1021E00004F070FD334B186804F038FED5F8BC30AD
:1021F000C4F88030D5F8C030E366AB7B233B072BB7
:1022000054D9EB7B233B072B50D9B5F8E630B5F812
:10221000EC0095F81411984228BF184609F01BFEEF
:1022200095F8E830834228BF034698B295F8E43029
:10223000984200D3C3B295F8151184F8873005F1A0
:10224000DC000AF000F92F7D95F81511B5F8F06063
:1022500009F001FE0FB9043080B2864228BF06465D
:10226000F3B284F8843084F850302B7D23B12946B2
:1022700005F1A800FFF7B4FB0120FFF77DFBE36A3F
:10228000D3F8C00104F00EFE002323606360A36056
:10229000EB886380B5F8AA30238095F82430237149
:1022A000D5F818310BB101221A60F8BD1B23C2E723
:1022B0002C2900208C320020014B93F888007047B5
:1022C0002C290020024B93F82900C0F3C00070476E
:1022D0002C290020014B93F8860070472C29002000
:1022E000391A0000D11B0000111B00006519000005
:1022F000F0B5070CA7F5AA42144B543A012A03EA99
:1023000090231FD927F4004042F6AA22801A18BF52
:1023100001200022162116461F2487EA060562EADC
:102320000505013510D0DD03ADB245EA5606E503DB
:10233000ADB2013945EA52024FEA53034FEA540461
:10234000EBD1F0BD0020E4E70020FAE7E0FF3F001A
:10235000304BF0B55A89B0F86070B0F85E609D8976
:10236000974228BF1746964228BF16461B2E85B0B7
:102370000C462ED0B5F5A47F2DD040F648039D42E3
:1023800001A928BF1D4608F0D9FEBDF80A30BB429E
:1023900028BF3B46E380BDF80C30AB4228BF2B463C
:1023A0002381BDF80630B34228BF33466380BDF8B1
:1023B0000830AB4228BF2B46A380FF232370E3885D
:1023C0001B3B9BB2E02B08D940F209513920FEF7A4
:1023D000E1FD1B2FCED105B0F0BD63881B3B9BB246
:1023E000E02B02D940F20B51F0E72389A3F5A47347
:1023F0009BB2B3F5E06F02D940F20D51E6E7A38836
:10240000A3F5A4739BB2B3F5E06FE4D940F20F518A
:10241000DCE700BFB829002010B501210020FFF73C
:10242000E5F8044670B90121FFF7A4F8044620B985
:1024300040F225313920FEF7ADFD034B93F918101A
:102440000AF01AFE204610BDB8290020014BD8889A
:10245000704700BFB8290020044BD87CC0F340006F
:1024600080F0010000F00100704700BFB829002093
:1024700008B509F067FC00F0B9FD00F09BFB09F01E
:1024800043FF01F0E9FD03F0EDFF084B084800228F
:102490001A60084B4FF01B11C3E901014FF4A471FE
:1024A000D960DA741A801A8208BD00BF9032002009
:1024B00003021B00B8290020034B41F64C525A611D
:1024C0001B229A74FFF7D4BFB8290020F7B5284D16
:1024D0006B69C0F8DC3000F1A807264BC0F8C430A7
:1024E000044638460AF05BFC064600F053FB8306C0
:1024F00054BF1B23EB88A4F8063158BF1A461E4B65
:10250000A97C1B6848BF2A89A4F8082184F8E41034
:10251000A4F8E66023B194F91C11B4F8AA00984716
:102520001649384609F0F9F90123EA886979A4F8CF
:10253000DA302B89019129790091033303329BB260
:1025400092B204F1C00104F1BC00FFF7C1F8D4F865
:10255000BC3023B940F2E2413920FEF71BFDD4F82C
:10256000C03013B940F2E341F6E703B0F0BD00BF5D
:10257000B829002000093D0094320020C62900201F
:10258000024B1B6803B118470C20704790320020A3
:10259000034BDA8802801B7983700020704700BFEC
:1025A000B829002037B583781A2B054608D8042BA4
:1025B00004D9144A22FA03F3DB0705D412241AE0E3
:1025C000292B01D03B2BF9D12888B0F5706FF5D2BB
:1025D00001A909F064FC88B9019B93F8202102F05D
:1025E000FF046AB9AA7883F82121FF2283F8202109
:1025F00001A808F076FE204603B030BD0224FAE7B9
:102600000C24F8E7200038040188A1F11B039BB2D9
:10261000E02B0CD84288A2F5A4739BB244F2481078
:10262000834204D8034B002059819A8170471220BD
:10263000704700BFB829002038B50278447802F00E
:10264000010354EA030102F0020201D1112038BD56
:10265000BAB98578002DF9D0002B18BF002400E00E
:102660001D46204608F05DFD0028EFD0284608F002
:1026700058FD0028EAD0054B00209C73DD731882BA
:10268000E5E7002BECD000242546EAE7B829002036
:1026900013B5008801A909F01BFC044620B9019874
:1026A00090F832311BB13A24204602B010BD90F8A8
:1026B0005C3003F0FF04002BF5D190F853309B07FA
:1026C00006D1FF2380F8323101A808F00AFEEBE7BB
:1026D0000249543009F040FEE6E700BFCDC90000D2
:1026E000F7B50778EF2F05460C460FD890F9012073
:1026F0004378002A0ADB8278900707D113F0100094
:102700001DD1990603F0030202D51AB1122442E04A
:10271000032AFBD01E07F9D42979EA78EE7942EA38
:102720000122697942EA0142A97941EA06212E7A19
:1027300041EA06418A42E9D81F2A0FD8E6E713F09A
:10274000600FE3D103F00702052A05D003F00F0163
:102750000D22CA40D107D9D51A07DDD56A7A013AC8
:10276000062AD3D8AA7A032AD0D813F0040102D1BA
:10277000023A012A03D8EA7A012AC7D811B9AA7CF9
:10278000032AC3D82A7D48B1012ABFD12A7E012A53
:10279000BCD830B91124204603B0F0BD022AF5D1CF
:1027A000B4E7DB0712D46B782A7D03F01803082BFB
:1027B00011D1022AEED101213846FEF717FF064655
:1027C00078B10AF00DFCB8B10C24E4E700F0A2F9EE
:1027D0000028E8D1DEE7022AEDD02B7F002BEAD0DB
:1027E000D8E701213846FEF7C5FE064640B3154B33
:1027F00093F918100AF040FC30460AF02DFD2946E6
:102800002070E87430460AF07DFCEB7E0446002B15
:10281000C1D00028BFD1B16A0246684608F06AFB01
:10282000B06A2246012108F0B1FBB16A6846042271
:1028300008F060FBB06A2246214608F0A7FBAAE731
:102840000724A8E7B829002030B50279042A8BB004
:1028500003464FD84088B0F5804F4BD826498D5C51
:10286000114400244A79ADF8004042F0100242EAD7
:1028700045028D7AC97B8DF8084042EA850242EA1A
:10288000C10202F01F028DF80020BDF80020ADF853
:1028900009201A888DF80B208DF80E00120A000A04
:1028A0008DF80C208DF80D408DF80F008DF810403C
:1028B0005A7B8DF811205A798DF812209A79D3F825
:1028C00007008DF81320B3F80B209B7B8DF81A308E
:1028D0007F2305908DF81B3069464FF0011302A845
:1028E000CDE90734ADF818208DF82440FFF7F8FE45
:1028F0000BB030BD1220FBE7EC80020073B506463A
:10290000FFF78AFD04460AF0B2FC3378012B054636
:102910005FD120460AF0E3FB00287AD020460AF077
:10292000A6FC18B115B9122002B070BD20460AF0FD
:1029300057FB08B10C20F7E720460AF08EFB06464D
:102940000028F7D1204602F033FD0028EBD0ED013E
:1029500042F2107331462046ADB25D430AF073FC7B
:1029600020460AF07CFC014658B92A46204601F070
:102970001BFF08B90020D7E741F698213920FEF760
:1029800009FB31460DF10600FEF7BCFD064608B90D
:102990000D20C9E7BDF8061009F0A9FA3146204616
:1029A0000AF069FC3046FFF791FD2A463146204681
:1029B00001F0FAFE024610B141F6B421DEE7164BF3
:1029C000DB69002BD6D006F5917106F1A800984777
:1029D000D0E7002BA7D120460AF081FBC8B12046E2
:1029E0000AF0FEFA0028C5D020460AF0A8F90546EC
:1029F00020460AF0A7F9014600289BD1002DB9D046
:102A0000B5F8AA00FEF708FE0028B3D041F6D6219B
:102A1000B4E7422088E700BFB829002002780346C7
:102A200072B1427862B142881A2A09D982881A2A78
:102A300006D9044A006850609B88138100207047C3
:102A400012207047B8290020024B02685A6100200A
:102A5000704700BFB82900200378A3F10A02112AA9
:102A60009DBF024A0020937412207047B8290020AD
:102A700008B5052000F082F803F0B4FC014B024ACF
:102A8000DA6108BDB82900205123000008B5094BC0
:102A900001221A7002F07CFC0AF09EFD09F050F948
:102AA000FFF732FB002008F0F2F9BDE8084000F023
:102AB00075BD00BFD829002010B5064C0649201D61
:102AC00008F0DAFE04F108000449BDE8104008F0FF
:102AD000D3BE00BFD82900200821002010210020EB
:102AE00010B5084C0849201D08F0C6FE04F1080086
:102AF000064908F0C1FE04F10C000549BDE810408C
:102B000008F0BABED829002018210020202100207A
:102B100028210020014B1878704700BFD8290020D9
:102B200010B5064C00F016FD606808F09DFEFFF73A
:102B3000C3FC00F0A9FE0123237410BDD829002096
:102B4000014B187C704700BFD829002010B5064CF7
:102B5000A06808F089FEE06808F086FEFFF788FCB0
:102B60000023237410BD00BFD829002000487047FF
:102B7000E929002000487047EB2A0020C2080449D8
:102B800000F0070001238340885C03438B547047A7
:102B9000D0200020014BD3E900017047D020002055
:102BA000034B1868C0F30020400040F0010070475C
:102BB000D020002008B505F0F1F9084A002332F8CA
:102BC0002310814205D302EB83029378044A1370E9
:102BD00008BD01330C2BF2D10023F7E7008102007E
:102BE000ED2B002008B50068B0F8AA30A0F86531D8
:102BF00090F8143180F86411012B06D0022B04D018
:102C00004FF43F710620FEF7C5F980F8673190F860
:102C10001531012B01D0022BF2D180F86831BDE8CB
:102C20000840024900F25B1009F096BB05B90000AC
:102C3000024B002283F822209A847047EE2B00205A
:102C4000044B93F82220012A1ABF036001200020C0
:102C5000704700BFEE2B0020054B93F8221001298E
:102C600002461DBF012083F822009A84002070478D
:102C7000EE2B0020054B024693F8220020B1136092
:102C800009B19B8C0B800120704700BFEE2B002008
:102C9000044B93F8220000229A8410B183F822207A
:102CA00001207047EE2B0020034B93F82200B0FA6E
:102CB00080F04009704700BFEE2B002050B90A4A4F
:102CC0001346012003F8010B0868C2F801008A8846
:102CD0009A807047012805D1034B0A689A608A8858
:102CE000D8719A81704700BF142C002050B90B4B4B
:102CF000187888B1D3F80120B3F805300A608B80CA
:102D000001207047012806D1044BD87920B19A6878
:102D10000A609B89F3E70020704700BF142C002055
:102D200010B9044B18787047012806BF014BD879B9
:102D300000207047142C0020F7B500238A888DF8F6
:102D40000600ADF8042008680B4A8DF80730019D95
:102D50001478014602F5A872D8B2844201D808203E
:102D600008E052F8087F5668AE4208BF8F4203F170
:102D70000103F1D103B0F0BD282C002030B5094B80
:102D800001465C78002203F20113D0B2844201D8DC
:102D9000082005E013F8015F8D4202F10102F4D131
:102DA00030BD00BF282C0020F8B52D4C6378013BC6
:102DB000DBB22218834292F80251637030D01A01BC
:102DC0000101961C8F1C2644274406F1100C56F86E
:102DD00004EB47F804EB6645F9D182328231224494
:102DE000214402F1100652F8047B41F8047BB24200
:102DF000F9D1E118221891F8026182F802610626E1
:102E00007343704303F5857300F58570E618E35846
:102E100023502718B388BB8091F83A3182F83A31B1
:102E20002846FFF7ABFF082818D12378013BDBB217
:102E30009D42237012D02B3304EBC30393E80300AD
:102E400005F12B0204EBC20282E803002078FFF7B1
:102E500095FF08281CBF241884F80251F8BD00BF54
:102E6000282C0020F0B5254D95F8984189B02246D0
:102E700005F29911684607F093FB2146684608F071
:102E800080FF0446B8B300EB4001C9B202A8FEF7C8
:102E90000DFD631E95F8A161DBB2012495F8981130
:102EA00005E0721CB2FBF1F001FB1022D6B206F174
:102EB00020020DEB020010F8202C002AF1D103EBC8
:102EC00043012031694406EB46022A4411F8187C7C
:102ED00082F8A27111F8177C11F8161C82F8A37100
:102EE00082F8A41100F8204C013BAA19DBB2FF2B99
:102EF00082F89941D2D109B0F0BD00BF282C002042
:102F000070B5064688B00C46002A4ED0294A92F881
:102F1000A131D01890F8991119B9FF212820FEF796
:102F200039F803EB43011144013391F8A251E570E4
:102F300091F8A35191F8A41161710021257180F8D5
:102F4000991192F89811B3FBF1F001FB103382F85C
:102F5000A13192F8C23123B9174902F5DD7009F0A9
:102F6000F8F9657905F03F0545F0400565710D22DA
:102F70000021684607F0D4FAE3788DF80F30237902
:102F80008DF80E3004AA0423694630468DF80D50A2
:102F900007F024F99DF81F3023709DF81E306370F0
:102FA0009DF81D30A37008B070BD03216018FEF7B6
:102FB0007DFCD6E7282C0020652E0000044B5A78B3
:102FC000824286BF1B1893F84A010020704700BF59
:102FD000282C0020044B5A78824286BF1B1893F895
:102FE00042010020704700BF282C0020064B002221
:102FF0004FF461711A8083F8C32183F8C421A3F8C8
:10300000C61183F8C2217047282C00202DE9F04713
:103010008246894617469846FFF78EFE08280546E1
:10302000064603D0FFF7AAFE082860D1324C637829
:10303000072B5ED8082D15D12678731C072E237018
:1030400003D96C212820FDF7A5FF06F12B02D9F842
:10305000000044F8320004EBC203B9F804209A805F
:1030600083F806A065786B1C290163704B1C07F17F
:103070001002234412F8010D03F8010FBA42F9D1EE
:10308000813108F11003214413F8012D01F8012FBB
:103090009845F9D11021404608F0A3FE254410219F
:1030A00085F84201384608F09CFE85F80261667892
:1030B00085F84A010023114885F83A31314608F075
:1030C00060FE0128054607D80D48314608F059FE34
:1030D000002818BF0135EDB284F898510025284624
:1030E00084F8A151FFF7BEFE2846BDE8F087122004
:1030F000FBE70720F9E700BF282C00206A2D0020FD
:10310000722D002010B5064B5878013840B20028C7
:1031100000DA10BDC4B22046FFF746FE601EF5E798
:10312000282C0020014B83F8C3017047282C002075
:10313000014B93F8C3017047282C0020431E9BB21B
:103140004AF2B71293429DBF024BA3F8C601012079
:1031500000207047282C0020014BB3F8C6017047AF
:10316000282C002030B50A4B5C7884420ED91844D4
:1031700090F802012B3003EBC004A5790D7053F8D1
:1031800030001060A3889380012030BD0020FCE750
:10319000282C00200246074810B590F8C34124B1FE
:1031A000417821B1023003F07FF9204610BD0C4672
:1031B000FBE700BF282C00202DE9F74F2F4C9A4643
:1031C000637883428046894656D9231893F8425142
:1031D00085F00105F9B193F84A31E3B945F00207EA
:1031E0000135BAF1000F18D1FA070AD5062101FB03
:1031F000084104EB0810524601F585718230FFF753
:103200007FFEBB0734D504EB081052464946023016
:10321000FFF776FE2CE02F46E3E794F8A1614FF02C
:10322000010B002DE0D0A319019393F8991199B9DE
:103230000092DAB100F0F8FA06EB46012144019B56
:1032400081F8A2014FEA102C009A81F8A3C1000C6A
:1032500081F8A40183F899B194F898310136B6FB4E
:10326000F3F103FB1166F6B2013DDAE747F004071C
:10327000384603B0BDE8F08F0027F9E7282C00207E
:10328000074B5A78824209D91A1892F842212AB972
:10329000062202FB003000F5857070470020704761
:1032A000282C0020064B5A78824281BF1B1893F8C5
:1032B0003A01B0FA80F0400998BF0020704700BF83
:1032C000282C0020F8B50E46074606213046154644
:1032D00008F087FD044670B10C4B0022587803F2C9
:1032E0003913D1B2884202D801242046F8BD03F830
:1032F000015F0132F5E73146384608F05EFD0828E7
:10330000F3D0024B034483F83A51EDE7282C002018
:10331000034B80F874101B680BB140881847704746
:10332000983200200B2808B504D940F22911292031
:10333000FDF730FE014B33F8100008BD308102006C
:10334000036830B50024D3F8C400A3F84040B3F8B4
:10335000444042F210754443B4FBF1F4A3F84440F6
:103360004C1E05FB0242B2FBF1F2A3F84220094ACF
:10337000B2FBF1F20132A3F848209A8F05FB024418
:103380005A6BB4FBF1F450439C63B0FBF1F058630B
:1033900030BD00BF005A620213B540F6B8338387D0
:1033A000B0F8CE20D0F8C4100190044601A8FFF771
:1033B000C7FF0C4B1B68062B01D001330FD10A4B02
:1033C0001B68063B08330AD9D4F8C800FEF790FF03
:1033D00080F00100C0B284F8910202B010BD00205C
:1033E000F9E700BF103200201432002003460846DF
:1033F00071B13F2B0BD8074AD35C03F07F02914297
:1034000005D08CBF0120002000EAD31070470120B6
:10341000704700BF48810200FF230B7002234B70EE
:1034200083238B70014B1B78CB707047F42D0020E9
:103430002DE9F84FD0F80480D8F8186030460C46D3
:1034400007F099FC054620B94FF4AA711020FDF74A
:10345000A1FD0146304607F09CFCB5F800B01FFA0C
:103460008BF7824617B94FF4AC71EFE7224B1B681C
:1034700000F10309D3B998F8023098F803202370BB
:103480006378A4F802B002F00F0223F00F03134395
:1034900023F0C00363709AF8003003F00303012B9C
:1034A0000FD0022B0DD04FF4BB71CFE7B8F802005C
:1034B0003A464946984705460028DCD12846BDE8EB
:1034C000F88F627863F305126270304607F067FC8C
:1034D000054610B94FF4C071B8E7FB2F02D940F28E
:1034E0008F11B3E73A464946201D07F059F8304698
:1034F00007F0B0FBE2E700BF9C32002038B5134C68
:1035000010220021201D07F00BF801252574102240
:1035100004F10803002104F11400C4E9013306F0AA
:10352000FFFF84F8205004F11803C4E90533084A6A
:1035300000236362A36284F82C30C4F82D30C4F8F1
:10354000313084F835301360A36338BDF42D00208A
:103550009C32002010B5084C2378FF2B04D040F299
:1035600099111020FDF716FD06F07EFE2070BDE8D3
:103570001040FFF7C3BF00BFDD20002010B5034C93
:10358000207806F08BFEFF23237010BDDD20002085
:10359000014B187806F092BEDD200020014B024A54
:1035A0001A607047A0320020313400002DE9F34149
:1035B000DFF86881054608F11407D8F80830D8F814
:1035C0001840227A012A22D1D8F8382052B1137A31
:1035D0001BB9BF211020FDF7DDFCD8F83840C4B975
:1035E000002083E01A7A012AFAD04D4A1C46EFF3F4
:1035F000108172B650680068506001B962B6A3428B
:1036000008BFC8F83840237A1BB9EE21E2E73A46F2
:10361000EDE7267AF6B205232372731E0B2B6ED8C4
:10362000DFE803F06A062235676D3E6D6D6D6D5BF8
:10363000636813B94FF40371CCE7204629469847D5
:103640000420EFF3108272B6237A052BD9B24FF023
:10365000000359D12372D8F83810A14201D1C8F81B
:103660003830B2BB62B634E0636813B940F215215A
:10367000B0E72946204698470346C3F30723012BAA
:10368000ADF80400C0B22FD0022BDAD11AE0636883
:1036900013B940F21D219DE7204698470020D0E74E
:1036A00063680BB9FE2195E786222A7001225988AA
:1036B000AA706A7100225869A5F80310AA7107F070
:1036C000C9FA0420D8F83830A34202D10023C8F840
:1036D000383000283FF471AF08E0124B29461B68D0
:1036E00020469847034668B9267298B102B0BDE8F3
:1036F000F0814FF415716DE740F257216AE740F20F
:103700005A2167E70220DDE711B940F27B2161E72A
:103710001846A6E7002B7FF450AF61E7F42D002098
:10372000F82D0020A032002010B51346027A22B1F5
:1037300040F202311020FDF72DFC0A46BDE8104092
:103740000146014808F0E2BDF82D0020044890F839
:103750002C301BB90349243008F0F5BD704700BF79
:10376000F42D0020FDC200000346064890F83C20DE
:103770003AB190F8352022B900F82D3B024908F003
:10378000E2BD7047F42D00201934000010B50A4640
:10379000037A23B140F20A311020FDF7FBFB01460A
:1037A000BDE810400148072308F0B0BD082E0020F6
:1037B0001346027A0AB1037270470A46014601486D
:1037C00008F0A4BDF82D00201B234FF01B128384AA
:1037D000038482618382C260038539B94FF4A47384
:1037E000034AC3844384C261C3820261704700BF3D
:1037F00048014801014908F0AFBD00BF5FC30000A8
:103800000B8BA2F80B304B8BA2F80D308B8BA2F8F0
:103810000F30CB8BA2F809000249A2F811301046F4
:1038200008F094BDAFC30000094AD2E90003434049
:1038300083EAB01181EA43214FEAF3435360054B19
:10384000116058434FEAF06000EB8000704700BF02
:10385000342E0020BB79379E094AD2E90003434049
:1038600083EAB01181EA43214FEAF3435360054BE9
:10387000116058434FEAF06000EB8000704700BFD2
:10388000E0200020BB79379E10B50A4C094808217A
:10389000FEF70CF8D4E900321343F7D0064CFFF7DB
:1038A000DBFF2060FFF7D8FF236860601843F6D085
:1038B00010BD00BFE0200020342E0020174B184A16
:1038C0009A60184A5A60184A1A60184A9A62184A46
:1038D000DA62184ADA60184A9A61184A1A63184A72
:1038E0001A62184ADA64184A9A64184A5A62184BDB
:1038F000184A9A60184A5A62184ADA62184A1A61D3
:10390000184A5A61184A9A61184A1A63184A9A64FE
:10391000184ADA64184A9A63704700BFA43200203C
:10392000E9C600000FC7000075C7000031C80000DD
:103930007BC800007D3C00008DC80000F13E000007
:10394000793D000051C9000069C90000C53D000073
:10395000A4330020FFC6000025C90000ABC800004A
:103960005BC80000CBC80000093D0000EFC90000A3
:1039700097C9000089C900000FC90000044B054A1F
:103980005A65054B054A1A65054A5A65704700BFD6
:10399000A43200209DCA0000A433002087CA000082
:1039A00009CB0000054B064A9A65064A1A66064B83
:1039B000064A9A65064ADA65704700BFA4320020BD
:1039C000F1BA0000A5BB0000A433002041BA0000FA
:1039D00025BD000037B5044601A80D46FFF730F9B4
:1039E00020B94FF4AA615120FDF7D4FA00210198C3
:1039F000222206F095FD019B194601F8035F023D66
:103A0000232D00F28980DFE805F02587128A8A25B8
:103A1000872B878A313D418787458A8A4E4E656567
:103A200087878787878787878787876C77802168DD
:103A3000D1F8CE215A60D1F8D2219A602268D2F80A
:103A40009420DA600D20FFF707F9002869D140F2D1
:103A50005751C8E7226892F8A0201A710220F2E7B5
:103A6000204600F00BFA0028EDD13DE011221A713A
:103A700059225A7100229A713922DA7110221A726F
:103A80000620E0E7226892F89A20E6E7084600F070
:103A9000E3F9E8E7226892F89B10197192F89A20EE
:103AA0005A710320CFE72268B2F800111971090A90
:103AB0005971B2F8A2109971090AD971B2F8FC10C3
:103AC0001972090A5972B2F8A0209A72120ADA72AF
:103AD0000920B8E7226892F82E11197192F82F2167
:103AE000DEE7114B1B6813B940F249517BE72320F5
:103AF000224698470420A6E70B4B1B68002BF3D007
:103B000022462420984705209DE7074B1B68002B81
:103B1000EAD022462520F5E740F2445163E7012030
:103B200091E703B030BD00BFA43400203F289ABF06
:103B3000024B53F820000020704700BFA432002041
:103B40003F289ABF024B53F820000020704700BF67
:103B5000A4330020F7B50568D5F8BC6004464FF6DD
:103B6000FF770DF102010DF101023046ADF8027050
:103B700007F026F801A9304607F047F848B1019848
:103B800007F00BF92168A83100220272FFF7FEFD51
:103B9000E7E7044905F1280003B0BDE8F04008F06C
:103BA000D5BB00BF7DC60000F0B5044685B00D460C
:103BB000FF2600F8A56C10F8A63CF3B1174F3B7830
:103BC0001BB162211F20FDF7E5F90C21381DFDF71F
:103BD0006DFE3E70002304F8A53C2A468A2302F8B5
:103BE000033BD4F80930C5F80330D4F80D305360E6
:103BF000D4F81130936005B0F0BD01A80C21FDF799
:103C000055FEA4F5F473039A1A6001AB03CB44F894
:103C1000AE0C44F8AA1C04F8A66CDBE73C2E00208E
:103C200010B5054C23782BB90C21201DFDF73EFE65
:103C3000FF23237010BD00BF3C2E0020024690F8E9
:103C4000D631BBB990F8D73103F0FF010BB100209A
:103C50007047094B18780028F9D01970D968C2F854
:103C60009410043303CBC2F8CE01C2F8D211FF2363
:103C700082F8D631012070473C2E002038B502680A
:103C8000D37B04460D463BB1122B05D0103B0F2BC6
:103C90008CBF0120082038BD92F8523013B920465D
:103CA00008F0B2FC2268D5F80B30C2F8C631D5F85E
:103CB0000F30C2F8CA312368D5F81320C3F890201A
:103CC000B3F8AA20A3F88522D5F80120C3F88722EB
:103CD000D5F80520C3F88B222368B5F80920A3F88E
:103CE0008F222368002583F89E5183F8D6512068DF
:103CF000044900F51F7008F026FB23681522DA73CB
:103D00002846C8E7A93B000010B50368DA7B1F2AE4
:103D1000044604D040F29D211F20FDF73BF993F8A3
:103D20005220B3F8AA00002183F8511082B1C3F8E1
:103D3000A91183F85210A3F8AD110D49A3F8AA01F7
:103D400003F5D07008F0FFFA23680022DA7310BD83
:103D50000121A3F8990183F89B1183F89821054963
:103D600083F89F21A3F89C2103F28F10EAE700BF9C
:103D700019C8000001C8000038B505682B6813F0A9
:103D8000010419D1D1F801200C4BD1F805101340D2
:103D90000B4AC5F86230C3F3076343F008030A40D7
:103DA00085F86530C5F8662008F02EFC2B6843F0D6
:103DB00001032B60204638BD0120FCE72FC904F722
:103DC0006FDB008010B50068837B042B2CD1D1F809
:103DD0000130D1F80540C0F86230C3F3076343F007
:103DE000080380F8653000234A1CC0F8664080F85C
:103DF0004A30837390F8713103F0FF040BB1002057
:103E000010BDB0F8AA30A0F8733180F87241D1F833
:103E10000130C0F875315368C0F87931034900F2B8
:103E2000691008F090FAEAE70120E9E7E5C8000028
:103E3000006890F871315BB9B0F8AA30A0F873311E
:103E40001A2380F87231034900F2691008F07BBA36
:103E5000704700BFE5C8000010B50446FEF79AFEA3
:103E6000044A054B02400B40C4F80120C4F8053059
:103E7000092010BD2FC904F76FDB008037B50C4651
:103E80000568FEF787FE0A4A0A4B0A4095F8621059
:103E90000192034000930B408DF800306B4603CB3A
:103EA000C4F801000920C4F8051003B030BD00BFFC
:103EB0006FDB00802FC904F738B5DB04154604D545
:103EC000037D13B10023436338BD446B0134446365
:103ED00008F06CFD836B9C42F6D3002343630349D7
:103EE0002846BDE8384008F037BA00BF45C9000091
:103EF00038B50468A37B012B054602D023689807D8
:103F000038D494F853309A0713D44A7884F85D2053
:103F10004A88A4F85E208A88A4F86020D80743F075
:103F2000020284F853200FD5134904F1540008F01D
:103F300013FA94F85330D90711D423689A0708D597
:103F400058214020FDF726F894F83231002BEBD1B0
:103F5000EFE743F002032360284608F055FBA37BFC
:103F6000012B4FF0000301D0002038BDA37384F86B
:103F70004A30F9E70120F8E7CDC9000070B50568BF
:103F8000044602F04DFA054BE8721B6801461BB16E
:103F90002046BDE87040184770BD00BFAC3400201B
:103FA000024B1B6803B11847704700BFA8340020BC
:103FB000F0B51F4D2B78002414709BB1013B6D6848
:103FC000DBB21E1B012E0FDC05EBC40655F8347066
:103FD00076688E4208BF874227D0B84271EB06064A
:103FE00012D214700020F0BD1E19771005EBC70E19
:103FF00055F837C0DEF804708445C6F347068F4194
:104000002CBF33463446DCE705EBC30455F8335088
:1040100064688C4208BF854206D0A84271EB040454
:1040200028BF01331370DDE71C4614700120DAE766
:104030005C2E002010F0070208B503D06321482051
:10404000FCF7A8FF18B1034B197258601A70C8002A
:1040500008BD00BF5C2E0020014B00221A70704783
:104060005C2E0020FF230B70074A0D234B70822328
:104070008B701368C1F803305368C1F80730936838
:10408000C1F80B30704700BF722E00200248162284
:10409000002106F045BA00BF722E00200B4B5A7D5E
:1040A00092B14A0610D5B0F8AA201A80D0F8502252
:1040B0005A60D0F854229A60C2885A800449022279
:1040C00003F10C00FFF774BB704700BF722E002095
:1040D00065400000094B53F8203070B503F52343C9
:1040E0000C461646A1334FF47A72B3FBF2F503F097
:1040F0002BF834442C44204470BD00BF4C82020095
:104100002DE9F04F8FB09A4690F815310793044689
:104110008946069207F0F4FB834694F81F01FFF7E7
:1041200001F9834408F0A7FCE37B0393069B1FFA85
:104130008BFB00F16007002B4BD1637B032B48D135
:10414000039B0C2B32D1B4F86C324B452ED1D4F8F2
:10415000F031C4F8E031D4F8C430B4F8C421C4F864
:10416000E431B4F862321344C4F8E831204602F076
:1041700003F9D4F8742294F81D31C4F8C42041F630
:104180004B518A428CBF002303F00103D4F8701214
:10419000D4F87822C4F8D41084F81E31B4F86E1222
:1041A000A4F8D8100223C4F8CC206373E37BA17B6E
:1041B000282B01D028290CD1B4F86C32A9EB0303C9
:1041C0001A0406D4A1F1280359425941204601F0AE
:1041D00095FCB4F86052B4F8068094F81531089351
:1041E000A9EB05052DB204F50C73A9EB0808002D09
:1041F00004930FFA88F817DAD4E99223C4E99623D6
:10420000012345460493D04B1B7813B103F0AAFE5B
:1042100068B90026637B032B00F2D681DFE813F038
:104220006C007201C1009801CDF810A0EBE7B4F862
:10423000D831012BEDD9637B022BEAD094F80262CE
:10424000002EE6D194F81F01FFF76CF8637B00F5B0
:10425000C86B012B1FFA8BFBD9B23FD1A27CD4F8DB
:10426000D430032A33D1D4F8E42113445946D4F886
:10427000E401099303F03AFED4F8E061099BD4F815
:10428000E821C4F8E001861B59461846564303F05E
:104290002DFED4F8EC31C4F8EC01C31A5946D4F819
:1042A000C4001E4403F022FEB4F8C431D4F8E8215F
:1042B00043445B1B9B1AD4F8F021013B821A02FB9A
:1042C00003660123C4F8F00184F80232A2E7304605
:1042D000099307F0CFFD099B0344C7E7D4F8C40056
:1042E000594603F003FEB4F8C461D4F8F0314644F3
:1042F000761BC31A5E43E4E70121002007F0BAFDF4
:104300008046D4F8D4005946404403F0EFFD5946A6
:10431000C4F8EC01D4F8C40003F0E8FD0BA9C4F81C
:10432000F0010CA802F05CFE0B9B0093D4E996010F
:10433000DDE90C2303F0BCFE049004F1A80008F0B2
:104340000CFCD4F8D410D4F8642294F815018D181C
:1043500002F002FFD4F8EC11049B203D6D1AED1B16
:10436000454400F52340ED1AA1304FF47A73B0FBB9
:10437000F3F0B4F8D83030312D1A03EB410194F842
:1043800015013A46FFF7A6FED4F86432EB1A223044
:10439000DA2BC4F8F4015DD840F2C7413020FCF7B5
:1043A000F9FDD4F8D430D4F8E4015946184403F0A8
:1043B0009DFD5946C4F8EC01D4F8C40003F096FD05
:1043C000C4F8F00104F1A80008F0C7FBD4F8D43019
:1043D000D4F8E4511D44B4F8C431002B40F08E8071
:1043E000BAF1000F00F08A8094F8150102F0B4FED3
:1043F000D4F8EC11D4F8503294F815216D1A203D00
:104400001D44D4E992BC514B53F82220A5EB0B0577
:104410004FF47A7302F2E732B2FBF3F21544ED1B6C
:1044200000F52340A130B0FBF3F02D1AD4F8E821B9
:10443000D4F8E03194F8150102FB0313B4F8D81056
:10444000303301EB43013A46FFF744FE0123C4F841
:10445000F4016373D4F8C430D4F8F0217E3B9B1A86
:10446000DF1B002384F83032D4E996328742A5EB73
:10447000060528BF07465B1942F10002C4E99032E5
:10448000C4F8C07104F1DC0007F0DBFF042384F8FA
:104490003932D4E99023C4E99623B4F8B031A4F8B2
:1044A0006092A3EB09031BB2002BD4BF00220122B0
:1044B000520084F83822039A38440C2AC4F8340293
:1044C00000F08580BAF1000F40F08480637B002B00
:1044D00000F09D80D4F8C410D4F8F03104F50C70CD
:1044E000C91A07F08AFC80B2002800F09080189B5F
:1044F00003B1188001200FB0BDE8F08FD4F8EC11A3
:104500006D1A93E7D4F8F011D4F8C430B4F8C4218C
:10451000D4F8E801D4F8E0C15B1A5D43D4F8EC317B
:104520004244121A3033013A0CFB003301FB0233D0
:10453000B4F8D81094F815013A4601EB4301FFF79F
:10454000C9FDC4F8F40185E7882E00204C820200E2
:10455000D4F8F0E1D4F8C430B4F8C4C1A3EB0E032E
:104560005D43049B3BB3BCF1000F24D1D4E99423F9
:10457000D4E99201904271EB030302D340F20E5151
:104580000CE707992B4B53F82130D4E99201CDE980
:1045900004010498203A121A03F2E7314FF47A7BAF
:1045A00003F52343B1FBFBF10A44A133B3FBFBF357
:1045B000D21AD21B15440CEB08010EFB01F130316D
:1045C00008983A464900BAE740F22651E6E6BAF1C1
:1045D000000F1CD0B4F8D80118B3B4F8DA1194F86D
:1045E000DC21A4F8DA1101FB0222904201F101055D
:1045F0000DDD002B0BDD002384F83832A4F8DA51EE
:10460000FFF712F900F00700013084F8DC0104F52F
:104610000C7104F5027004F063FE20B940F276518B
:10462000BCE60146DBE7069B83F0010384F8003219
:10463000002060E74C8202002DE9F8430E46044654
:1046400018B9D3213020FCF7A5FC052900F2A7807A
:10465000DFE801F00376413DA52E03F06BFEC4E9CF
:104660004601204600F0C8FFD4F80C01CB3803F017
:1046700017FD204608F0FBFD054600BB014620461D
:1046800008F032FD00F1E506D4F80C01B04209D281
:10469000301A322838BF3220032103F01BFE60B1EC
:1046A00003F002FDC4F80C61204608F0F2FD45B1AC
:1046B0002046BDE8F84308F0EDBD0125F2E70025EE
:1046C000F2E7D4E94623C4E94023BDE8F883BDE816
:1046D000F84302F091BC08F012FD042384F8113174
:1046E0008146884603F0DAFC07220F46A9FB023117
:1046F00002FB0811D4E940525B1941EB0205D4F8E2
:10470000E8203AB159EA080204D0984277EB050252
:1047100028BF012684F81061D4E94826121A66EBF6
:10472000070694F8301139B9012A76F100010BDA45
:10473000204600F069FF03E0012A76F10006F7DB6E
:10474000002384F82831C0E7984277EB05010FD2A7
:1047500059EA08080CD01B1A65EB07019A4276EB60
:10476000010005DB012B71F10000A4BF1A460E46C3
:104770000C490123914284F829314FF0000384F859
:104780000831B341B8BF0A4604F1C00004F5847192
:1047900004F03AFE002898D140F2B26152E7EF21CE
:1047A00050E700BF0040420F2DE9F84304460E4693
:1047B000154690F8283103F0FF07002B40F0948055
:1047C00000F1C00839467822404605F0A9FE474965
:1047D0002246404604F07EFDC4F8E860FF2384F8DA
:1047E000283166B1FFF738F800F00700013086F88D
:1047F000DC013F49324606F5027004F06BFD40F2E1
:1048000002434FF00009A4F8103184F8089103F036
:10481000CFFB00F19E06204608F029FDB6B2014606
:10482000C0B307F06DF800F1280189B2284603F003
:104830005DFB2844C4F80C0103F030FC301841F152
:104840000001C4E94601012084F8EC00A4F81E90A0
:1048500008F0BFFDE53D2D1AC4F8F0504FF0FF35CC
:104860006FF00041D4E94623C4E948510025C4E96A
:104870003E23C4E9402384F8295142F2107204F522
:104880008471404604F0C0FD38BB40F2B9113020BD
:10489000FCF780FB204608F027FCDFF85890E53055
:1048A000C4F80C01B9F8020048B1E08B38B1FEF74A
:1048B000D3FFB9F80230B0FBF3F202FB1300064459
:1048C00003F0ECFB361841F10001C4E94661002D0C
:1048D000C4D0AD1941F10001C4E72946204608F0D3
:1048E000DBFC3846BDE8F8830C27FAE739460000C0
:1048F00075CB0000882E0020F0B5002385B0CDE9EF
:10490000003301238DF806306846FCF7A9FE70B12C
:10491000104E012333710023CDE9023302A8FCF7C6
:104920009FFE044638B10023337105B0F0BD0098F6
:1049300008F008FAE8E7029D6B7B002BEED005F546
:104940000277384603F060FC384603F071FC6C7364
:10495000E4E700BF882E0020054B002201215A7198
:1049600019701A7142F210725A80FFF7C5BF00BF6A
:10497000882E0020014B5871704700BF882E002000
:1049800008B502F071F8044B9A6882422ABF187980
:10499000002080F0010008BD882E00202DE9F3479B
:1049A0000446062900F2DB80DFE801F0048473810D
:1049B000878CD300D0E99201D4E99423904271EB23
:1049C000030354D294F80232002B50D0637B032BA4
:1049D0004DD108F050F894F815A1814606F090FFEB
:1049E000064694F81F01FEF79DFC064494F81F014B
:1049F000FEF798FCD4E99223D4F85072D4F8C05151
:104A000080465046BF1A02F09FFB564A52F82A20B1
:104A1000A5F1600302F52342A1324FF47A71B2FB93
:104A2000F1F29B1AA3EB09031B1A09F1890909EB9F
:104A30005309B6B2603B08F5C86873431FFA88F89B
:104A4000B3FBF8F360335A08A9EB53039F4202D338
:104A500091444F4501D903F08BFAD4F8C400314694
:104A600003F044FA0023C4F8F00184F802323E4B0C
:104A70001B7903F0FF0263B90092B4F8B41101236B
:104A80002046FFF73DFB30B140F2CE613020FCF70D
:104A900081FA0423637302F079F904F007FCE288D9
:104AA000A4F8FE210023A4F8623284F8013202B097
:104AB000BDE8F08703234373F9E708F035FEC4E946
:104AC0009401F4E790F81501274F08F036F86E309E
:104AD000D4F8F031D4F8C45095288CBF0020C0F130
:104AE0009600C218954288BFED1A7B798CBF2D1AAB
:104AF000002523B9D4F8DC309D4228BF1D4604F1BF
:104B0000DC00D4F8C06107F09CFC0644022003F0EE
:104B1000B5FBAD1B25EAE575854228BF0546022198
:104B2000284603F0D7FB10B103F0BEFA2E44012350
:104B3000DC22314604F1A80007F02EFDD4F8C03184
:104B4000B860D4F8C400184402B0BDE8F04703F0E0
:104B5000A7BAA83002B0BDE8F04707F0FEBF40F2A8
:104B60009C7193E74C820200882E0020014B5880F4
:104B7000704700BF882E0020074A03461068D3F80C
:104B80004920C0F80320B3F84D20A0F8072093F87F
:104B9000481007F0AFBA00BF942E002070B504464D
:104BA0000E466588807D15F00401134618BF04F198
:104BB00057013246FEF700FB4107054621D4C207E4
:104BC0000BD5012384F84830A07DFEF759FB03681C
:104BD000C4F849308388A4F84D30AB0701D40120D4
:104BE00070BD094B1868D4F85730012184F856106D
:104BF000C0F80930B4F85B30A0F80D3007F083FA44
:104C0000EDE70020ECE700BF942E002038B5C38C00
:104C10000F4D0133C3F30E03C3842B7C04462BB129
:104C200002F09EF901F072FC00232B7400232B711B
:104C300094F869302BB101212046BDE8384008F0D6
:104C40004DB9637C13B1E28C9A42F4D20021F3E7B0
:104C5000942E002010B5074C2379012B05D1237C1D
:104C60001BB102F07DF901F051FCA069BDE81040D4
:104C7000FFF7CCBF942E002070B5254C2379012B73
:104C800004D040F682412D20FCF784F998B9012523
:104C9000237C1BB102F064F901F038FC002D36D002
:104CA000A06908F06AF868B302F020F8E369BDE88B
:104CB00070409B6818472168A26911F8095B02F1EE
:104CC0004903E80992F8482007F03DF80028DED0B3
:104CD0002068002107F03CFA0028D8D02379A06989
:104CE000012B02D040F65C41CDE72379E26903F164
:104CF00080435269013B05F00F0152F82330984779
:104D00000546C5E7A069BDE87040FFF77FBF70BDED
:104D1000942E0020074A0346906903B909B9FFF7AA
:104D200075BF1379D26903F180431269023B52F8CF
:104D300023301847942E00202DE9F043032985B035
:104D40000546174607D14388980723D400242046F8
:104D500005B0BDE8F083428890F86830D107DBB237
:104D6000F4D5002BF2D14FF00108DFF8D49099F878
:104D70001060C6B107F02BF80828387016D002AAC8
:104D80000DF10701FEF7EEF938B940F6F7612D2075
:104D9000FCF700F94FF00208E7E79DF8070002A9C9
:104DA00007F051FE06463B78082B08D1D9F80010D1
:104DB00011F8030BC0F3801007F045FE0646D9F842
:104DC000001095F84F2011F8030B05F15003C0F3C4
:104DD000801006F0B8FFD9F80010044611F8030B54
:104DE000C0F3801006F0E9FF8146FEF75BFA40B1A0
:104DF000B9F1080F1BD04846FEF7E0F880F0010338
:104E0000D8B23A78082A14D01CB9AC7DA21A544200
:104E100054416A8853079AD4002897D176B9EC7C1C
:104E2000444518BF002C0CBF012400248FE700204C
:104E3000E7E780F001022240D4B2EAE7344686E791
:104E4000942E00202DE9F04F85B008230DF10702C4
:104E5000052104468DF80730FFF76EFF064620B99E
:104E60000026304605B0BDE8F08F794F39687A7C6E
:104E700011F8030B07F11203C0F3801006F063FF73
:104E800080460028ECD13B68A16918468D7D10F85A
:104E9000032BC2F340122A408A75D3F80320C1F8CD
:104EA000AD208288A1F8B1201D46A26915F81F1B0C
:104EB000C1F3801182F8AC10D3F81F00029002A950
:104EC00028790871D3F80F00C2F8C800587D1D7DFD
:104ED000000440EA0520DD7C2843C2F8D000B3F886
:104EE000190082F81E8140F2E24909FB00F0C2F885
:104EF000C4009D7DC5EB451005EB800505EB8505E0
:104F00006D00A2F8D850B3F8170009FB00F0C2F802
:104F1000D400B3F81B00A2F8CC00B3F81D00A2F82F
:104F2000CE0093F8243003F01F005B0982F82200C2
:104F300082F81F31A56994F912A005F1160007F057
:104F400037F840F20113A5F814314FF0FF0B85F844
:104F500016B1414605F1DC00FEF736FC514605F17D
:104F6000A800FEF7D5F9A36984F87380B3F8AA20E6
:104F7000A4F8742084F891B04FF6FF72A4F8922040
:104F8000D3F8C420B2FBF9F2A4F88A20B3F8CC20FD
:104F9000A4F88C20B3F8CE20A4F88E2093F81F211B
:104FA00084F89020627D9DF8070004F17E0162B3D1
:104FB00094F84820012A28D194F84E2002F0C0022B
:104FC000402A22D1D4F84920C4F87E20B4F84D20DC
:104FD0008A8093F8AC2084F87720082803F1AD0587
:104FE00004F18401D3F8AD3004F1780227D0C4F87D
:104FF0008430AB888B8004F17701FEF7B3F840B9B9
:1050000040F6E2312D20FBF7C5FF0022C4F87E20D8
:10501000DEE794F8773043F0020384F8773004F148
:105020006A000C4907F08FF90B4BA0691B6800223E
:105030003A71002B3FF415AF2146984711E7A3675B
:10504000AB8893800023C4F884308B80E7E700BFEF
:10505000942E002005D00000B4340020032937B579
:10506000044604D0052953D0012003B030BD0823E5
:105070000DF107028DF80730FFF75EFE0028F3D030
:10508000237C284D03B39DF8070094F8B630DBB9B4
:10509000237884F8B730082804F1B90229D004F144
:1050A000B801FEF75FF820B94FF477612D20FBF7C8
:1050B00071FF94F8B83043F0020384F8B8301A490D
:1050C00004F1AE0007F03FF92B6804221A700622A3
:1050D0005A702046FFF750FD286894F83820616B1D
:1050E00007F027F8032328682B7101F0BFFE00208A
:1050F000BBE72868034613F8031BC1F3801184F84B
:10510000B810D0F80310C4F8B9109B889380D6E784
:10511000064B1B68002BEAD0984780F00100C0B214
:10512000A3E700BF942E0020EDCF0000B034002094
:10513000F8B504460F4619B300F12005284608F0DB
:1051400021F9A0B963881A072ED5284608F031F94D
:105150000646284608F016F9301AC0B208F039F9A8
:10516000474A936803442846936008F0E7F82846C6
:1051700008F0E9F801F038FD2179252001F098FCCC
:105180003F4E94F8562030680023037043706388C4
:10519000103B0D2B64D8DFE803F05F635B0C6340CA
:1051A00063636363636363402046BDE8F840FFF7D1
:1051B0002DBD06234370202303702046FFF7DCFC3F
:1051C000638823F008039BB2152B05D094F8302098
:1051D000E16A306806F09EFF306801F047FE022366
:1051E00021793371002001F00DFD054607B9F0600B
:1051F00063881B0704D508F0E9F80544C4F8F450A7
:105200006388103B0D2B36D8DFE803F038352F2F9D
:10521000352F353535353535352F0C23437003465D
:10522000212103F8091B52B1D4F85720C0F80920F6
:10523000B4F85B209A80012106F065FFBDE7226D7E
:10524000C0F80920B4F854209A8094F84F10F3E77E
:10525000062303704370B0E7022303700623F9E7C7
:1052600040F259612D20FBF795FE21790120BDE820
:10527000F84001F09BBE40F6F541F3E7F8BD00BFF2
:10528000942E002038B54388102B044604D1BDE885
:1052900038400121FFF74CBF0B4D2B7C23B101F0AF
:1052A0001BF9402001F050FE286801F0DFFD608806
:1052B00010F0040002D1217901F078FE002001F005
:1052C00029FE01232B7138BD942E0020024B0121B1
:1052D0009869FFF72DBF00BF942E002010B5124C27
:1052E000237C1BB101F03CFE01F010F9A06907F02E
:1052F00044FD38B12379012B09D040F686312D20A9
:10530000FBF748FEA069BDE81040FFF77FBC23799A
:10531000E269A069D26803F18043013BBDE8104017
:1053200052F82330184700BF942E002010B50748CC
:10533000037903F0FF0433B914222146043005F049
:10534000EFF8204610BD0C24FBE700BF942E002090
:1053500010B50A4C00232371FDF708FC2060FFF70D
:10536000E5FF20B14FF442712D20FBF713FEE369F6
:1053700013B940F20B31F7E710BD00BF942E0020A7
:10538000014B024ADA617047942E00205456000007
:10539000034B044A1A60044B044A1A60704700BF6A
:1053A000B0340020454E0000B43400208FCE000001
:1053B000F8B5057DAF1E0446FFB2002D3AD0012F8F
:1053C0002DD800F1500190F84F0006F0F6FC0828A7
:1053D000064624D0FDF7FEFD10BB023D18BF012597
:1053E000012F8CBF0027012784F848506775A675E8
:1053F000FDF7B2FE054602F051FE154B0022E5FB1B
:105400000301C4E9100184F8562011462046FFF735
:10541000C5FB70B940F2A3412D20FBF7BBFD082668
:10542000022D09D104F149010020FDF75FFC60B9AC
:105430000020F8BD0826F5E704F149010120FDF739
:1054400055FC0028F4D00125CAE70025C8E700BFB5
:1054500040420F00F0B5444E327985B0044602F068
:10546000FF0312B90278FF2A04D140F6DD112D2086
:10547000FBF790FDB36080F869303C4B00933C4BE8
:1054800001933C4B0293F36968465B68039301F018
:10549000E5FC01F04FFB01F063FD01F037F8364801
:1054A00001F098FB04F12005344801F0D1FC2846B6
:1054B00007F044FF284607F046FF01F095FB2179ED
:1054C000252001F0F5FA94F9120001F07DFB04F1BA
:1054D0002C01A06A05F07FFD04F134010746A06AA3
:1054E00005F0A0FD0546DFB1237FCBB1B4F926500E
:1054F000ED43ED0F637D13B963885B0709D5D4E9EC
:1055000010126FF000439A4208BFB1F1FF3F0DD176
:105510009DB930680330FDF73DFE307405B0F0BD35
:10552000002DE7D0657F002DE0D1E3E702F0B6FD66
:10553000D4E9102390429941EAD30122294620461A
:10554000FFF72CFB50B1FDF707FE054602F0A6FD64
:105550000B4BE5FB0301C4E91001DAE7002DD8D0BD
:1055600040F61C2183E700BF942E0020DD5200008E
:10557000794C0000154D0000D6BE898E555555005A
:1055800040420F0073B50446FFF764FF0021204638
:10559000FFF7CEFD236E0BB101221A606388DB0793
:1055A00024D50023124EA569CDE90033FF2373747F
:1055B0006846FCF755F8C8B9009CA542F8D095F8A4
:1055C000B32094F8B30005F1B40304F1B40106F07C
:1055D000BAFB0028ECD094F8AC307374D4F8AD303A
:1055E000C6F81230034BB4F8B1209A8002B070BDF7
:1055F000942E0020A62E0020024B9861DB691B68C8
:10560000184700BF942E002043881B0710B504469E
:1056100012D583690A493C2280F87320B3F8AA3076
:10562000A0F87430FF2380F891304FF6FF73A0F894
:1056300092306A3006F087FEFF2384F8693010BD8F
:1056400005D0000051D000008552000057D0000066
:105650005D50000085550000554C0000CD52000003
:1056600044560000485600005056000001380228F9
:1056700008B503D9C4212F20FBF78CFC13290A4B52
:1056800005D811290CD8102907D0D221F3E7152904
:10569000FBD103EB4003D88801E033F8100008BDCC
:1056A00003EB40039889FAE7CC810200294A38B518
:1056B000948803461C43402B1068948004D1042135
:1056C000BDE83840FFF76AB9802B01D10521F7E723
:1056D00003F00304032C04D140F6A4313120FBF77E
:1056E00059FCDD0706D50C6891602478062C0FD094
:1056F0000B2C17D09C0706D509680978117305296A
:1057000019D00B2921D09B0644BF0823537338BD01
:10571000C47B1B2CEED100240025C0E91C450124CC
:10572000C474E7E7C47B112C01BF0024C4740124B6
:1057300080F85240DEE7C17B1729E4D10024002520
:10574000C0E91E4501210175DDE7C17B1029DAD1D1
:105750000021F8E7B42E00200C4A517B034689B99A
:1057600010683BB9B0F80411B0F8E820914209D8AC
:10577000FFF706B993881B0706D5007C073818BFCA
:10578000012070470020704701207047B42E002090
:1057900073B504460068036813F0300F0D4649D115
:1057A000B1F805101A2904D9B5F80730B3F5A47F6C
:1057B00006D22978204602B0BDE8704006F04DBF01
:1057C000B5F801201A2AF4D9B5F80360B6F5A47F1C
:1057D000EFD30096DC3006F046FE174B9A8892070E
:1057E0000DD51B7B142B0AD12268136843F01003DC
:1057F0001360204606F008FF002002B070BD236849
:105800009A7B202AF0D093F82331002BECD1236827
:1058100093F82231002BE7D123681A68B3F8AA0065
:1058200042F020021A6003F1DC0103F5A472FDF7D7
:10583000E7FFDEE70120E0E7B42E00202DE9F84382
:10584000614D06462C6800287ED1AB881A0725D505
:1058500094F89E30FE2B04D140F2FB513120FBF72F
:1058600099FBFE2384F89E30E37B1D2B05D184F841
:105870005100284606F0D2FEE673A37B232B06D107
:10588000E37B233B072B94BF2A232423A373237C8E
:10589000072B02BF0223AB7384F89E30AB88DB0773
:1058A00017D4AB885F0776D499077DD5287B2B6802
:1058B00001220D2883F89F2073D011287DD007285E
:1058C0007DD0FEF73DF9034600286BD140F2EE5142
:1058D000C4E7D5F80080A96898F80F30D1F8009097
:1058E000103B0F2B99F8007009D8BB1EDBB2092BB7
:1058F00067D840F2333222FA03F3D80761D5097929
:105900003846FDF773FD20B939462F4806F0A5FE4D
:1059100039E0012F01D9162F21D198F80E0006F099
:105920008CFE40B198F80E30232B04D0242B07D1E5
:105930002A2388F80E303846FEF7F8F803461BE0B5
:10594000162F14BF022620266B7B1B0704D5E37B92
:10595000103B0F2B98BF08263046BDE8F883112F67
:1059600015D005D8072F14D00D2FE4D1174B05E023
:10597000142FE0D1164B1B68002BC5D0AA68124823
:1059800012794946984700288BD00646DCE7114B30
:10599000F4E7114BF2E7227C062A04BF0122AA7326
:1059A00082E70E4B08489847AB88DA06CCD5E37BF4
:1059B000092BC9D10A23E373C6E7094BF2E7094B68
:1059C000F0E70826C0E700BFB42E002049D500004C
:1059D000B83400208DD500006D5A000073D400004B
:1059E000BFD40000E9D400002DE9F041A0F10E047D
:1059F0000B1EE4B208BF1F23172C16460AD8012538
:105A0000A54040F251210D4207D115F460051FD188
:105A1000082C07D00020BDE8F081BDE8F04100214E
:105A200007F0DBBC1468A17B242906D11946304657
:105A3000FDF7D8F884F82C5105E02A29EAD1E37B58
:105A4000233B072BF3D80023A37384F84A30E1E704
:105A5000054A1468002CDDD01A460146234630461C
:105A6000BDE8F041184700BFBC34002070B54D7848
:105A7000A5F10E03DBB2152B04460CD8012101FA67
:105A800003F640F25122164207D10268152B927B91
:105A90002AD0082B07D0002070BD02462846BDE85A
:105AA000704007F09ABC242A01D02A2AF3D120465C
:105AB00006F0A2FD2368DA7B252AECD093F8632058
:105AC00022F0010283F86320226892F8633023F009
:105AD000080382F863301A212046FDF783F8236813
:105AE000002283F82C21D6E72C2AD4D1024B1B6844
:105AF000002BD0D09847CEE7C03400202DE9F041EC
:105B000090F86E7290F86F6204460D467FBB90F875
:105B1000141176BB94F8153184F8141184F81531FA
:105B2000FF2384F81631154B1B6804F1A8080BB14C
:105B30004046984794F82C31012B01D03E4303D0C6
:105B4000237B43F001032373404606F093FC18B116
:105B5000237B43F00203237306212046FEF71EFF3A
:105B6000002384F82C3135B1A373BDE8F0813946A8
:105B7000CFE73346D0E7E573F7E700BFC434002032
:105B800073B5484D002604462860AE806E73AE7330
:105B9000FF2380F84C30B0F8B231002B7CD090F865
:105BA0009E30FE2B78D190F82031002B74D0037CEE
:105BB000063B012B70D990F82131A0F8446080F8A1
:105BC000A0300221012207F061FC84F8BA610221B1
:105BD0002846FDF7FFFEB4F8B611B4F8B821B4F8C2
:105BE000DA30013989B2B1FBF3F31344A4F8B831C8
:105BF000B4F840300B44A4F84030204607F093FC42
:105C000010B1636B0B446363B4F8B231012B9CBFDA
:105C10000133A4F8B231002609B184F8BE61E37BF8
:105C200084F8BA61093B012B0FD8E388B4F86C22E1
:105C30009B1A190409D404F26E2104F1160006F02F
:105C4000B7F9E673FF2384F84B30B4F8B62104F1BA
:105C5000A801204606F0F2F9E37B134A1349103BF2
:105C60000F2B8CBF0023012300932868104BFCF7F7
:105C700065FA2C68237BDA0703D50A480021FCF774
:105C8000B1FF237B9B0703D504F23F10FDF7B2FD64
:105C90000023237302B070BD94F89E10FE299AD0A1
:105CA000004896E7B42E002059570000AD5600007A
:105CB000B55C00002DE9F047B24F0E46B9883C684C
:105CC0008D0556BFB4F8402000230132804646BF00
:105CD000A4F8403084F8BE31A4F84020204607F0F4
:105CE00022FC38B10B4604F59B7204F1A801204652
:105CF000FEF7E2F8BB8803F4C06323B1A37C002B5A
:105D000045D0032B49D0A27CBB88012A03D11805BA
:105D100044BF0222A274B8F1000F40F08F805906F0
:105D20005DBFB4F8D821013292B24246A4F8D8211E
:105D300003F00A020A2A0CD13A7B022A09D123F085
:105D400008033046BB80FFF779FD08233043C6B215
:105D5000BB803046FFF772FD3D6895F89E303043BA
:105D6000FE2BC6B23BD1D6BB2B7C063B012B36D9D2
:105D700095F82031ABB195F82131A5F8446085F84C
:105D8000A03001220221284607F080FB27E00121F4
:105D9000A1742046FEF702FEB5E70223A374012199
:105DA000F7E795F80FA0AAF10F0A5FFA8AFABAF19D
:105DB000100F40F2E9802B68DA0702D5324609213C
:105DC000E1E7980740F18D8032460C21284607F024
:105DD0005DFB95F8533043F0010385F85330B4F878
:105DE000B83194F8BB510133A4F8B831002D00F05C
:105DF000FB81FCF767FA10B10023A4F8B831A17C4D
:105E0000012940F22382237C072B40F00582B4F85D
:105E10004030022B40F21A82B4F842500135ADB244
:105E2000E3882B44A4F8B03194F8BC31002B00F087
:105E300011820123E2881344A4F8B431BB883D6881
:105E40005B065FBFB5F8C431B5F8B6219B189BB2AD
:105E500048BF0023A5F8C43195F820311BB92B7C2D
:105E6000063B012B06D8B5F84430B5F8B6211344EB
:105E7000A5F8443095F84A1031B1B5F84630B5F878
:105E8000B6211344A5F8463095F95020002AC1BF29
:105E9000B5F84E30B5F8B6011B18A5F84E3095F898
:105EA000313063B9B8F1000F40F05E82BB7B022B4A
:105EB00040F0168295F8A030062B18BF162395F8EF
:105EC000302022B92F4885F83130FDF743FE2846AF
:105ED00007F089FB002384F84C30BDE8F047FCF75D
:105EE000D7BE590702D5324613214CE71A0706D50B
:105EF00095F8983085F8A0303246072143E713F033
:105F0000300F3AD095F82331002B5BD195F8223130
:105F1000D3B1EB7B282B05F1A80005F5917105F2B3
:105F20006E2228D0AB7BA3F1280CDCF1000343EBFD
:105F30000C0306F08AFA2B6823F0200343F01003C9
:105F40002B60002385F822312B68DA063AD505F15B
:105F5000A80006F08FFA18B105F23F10FDF74AFCD1
:105F6000B5F8FE30A5F8A030B5F80231A5F8A2309A
:105F70000022152107E70123DBE75B0622D500227B
:105F8000242100E7B42E0020D7F8009099F80F30B4
:105F9000172B2DD011D8102B1DD0152B1FD0AB7B5C
:105FA000002B63D1EB7B0F3B102B67D995F83E306C
:105FB000002B63D001221221E5E61F2BEFD13246E0
:105FC00006210AE03868C37B252B3FD0342BE6D16D
:105FD00000221121D8E632460B214846D4E6484635
:105FE000FDF72CFE00283FF4FAAE00220421F4E76E
:105FF00099F86832012B07D132460521484607F04F
:1060000045FA89F86862EAE699F86832022BD9B253
:106010007FF4E5AE99F8523053B1062389F8A030E9
:106020003246484607F032FA002389F86832EAE738
:106030003B6840F20632A3F89A2099F8623013F0D8
:10604000040F32460CBF0D211121EAE790F82C31E4
:10605000022B02D10022172196E690F82C31012B59
:106060009DD190F82D31002BF4D098E7082B05D165
:1060700095F8993085F8A03001223EE7BAF1100F6B
:106080007FF6ADAE3D6895F80E90B9F1000F7FF444
:10609000A6AE95F833313BB101220E21284607F018
:1060A000F5F985F83391AEE795F8323183B195F87B
:1060B000539019F0030A0BD101220C21284649F014
:1060C000010907F0E3F985F8539085F832A19AE7C2
:1060D00095F822313BB395F8233123BBEB7B282B7A
:1060E00005F1A80005F5917105F26E2219D0AB7B80
:1060F000A3F1280CDCF1000343EB0C0306F0A5F937
:10610000002385F8223101221421284607F0BEF928
:10611000B5F8FE30A5F8A030B5F80231A5F8A230E8
:106120005DE60123EAE795F82C31012B3FD195F884
:106130002D31002B3BD1EA7BA2F12303072B36D96B
:1061400095F81401012806D0022804D04FF43F71BD
:106150000620FAF71FFF95F81511012901D0022931
:10616000F4D1022895F82E310BD0012B14BF002357
:10617000012343B9093A042A7FF631AE01221621E0
:1061800001E6022BF2E7022995F82F310DD0012B01
:1061900014BF00230123002BECD076480021FCF72C
:1061A00021FD002385F82C3119E6022BF0E795F844
:1061B00035314BB195F82D3133B9EB7B233B072BB0
:1061C00002D901222321DEE595F83431012B05D1D6
:1061D000002385F8343101222521D4E595F83431A6
:1061E000022B7FF4FCADF3E7FCF766F808B1A4F8E6
:1061F000B851FCF76FF800283FF401AE94F8BE31B7
:106200000133DBB2022B84F8BE3182BF0023A4F835
:10621000B83184F8BE31F2E594F83E3013B1A37B77
:106220000E2B13D1B4F84250B4F840302046ED1A8A
:10623000033D07F078F958B1A36B626B033B9B1ADF
:106240009D42A8BF1D46012D3FF7E9AD0125E7E5B9
:106250002B46F5E7012D7FF6ECADE37B13B10A2B5E
:106260007FF4E7ADA37B002B7FF4E3AD237C002B11
:106270007FF4DFAD02297FF4DCAD94F8BE31002B52
:106280007FF4D7ADD4F8BC00B4F8DA9004F0ECFC9D
:1062900000283FF4CEAD94F89E30FE2B7FF4C9ADBC
:1062A000B4F8B231012B7FF6C4ADB4F8B821B4F81C
:1062B000CC309A42BFF4BDAD9B1A9BB2013DADB24A
:1062C000B5FBF9F59D4228BF1D4619FB05F3003DBE
:1062D00003F1010318BF01259BB284F8BA51A9E567
:1062E000012B08D16B7C002B7FF4E9AD00212846FF
:1062F000FEF754FBEEE55EB1F00633D4310733D43C
:10630000B20633D4B30733D14FF43161312020E7E3
:1063100039B1B5F84610B5F84830994201D3222377
:10632000CDE5002A05DDB5F84E20B5F848309A4293
:10633000F5D2B5F84420B5F842309A4209D2AA7C89
:10634000B5F8403052B1B5F842209A42CED8082371
:10635000B5E595F82031002BE1D1F0E7052BC5D943
:106360003E23ACE51E23AAE53D23A8E52323A6E5AD
:106370002A23A4E5B42E002013B5D0F87432D0F847
:10638000C42001909342044605D1D0F87812D0F889
:10639000CC20914216D0B4F8AA20A4F8872140F26C
:1063A000E242B3FBF2F3A4F88931B4F87832A4F8EE
:1063B0008B31B4F87A320A49A4F88D3104F27D1099
:1063C00005F0CAFFB4F87A22D4F8741201A8FCF7D9
:1063D000B7FF0023E3730323A37402B010BD00BF13
:1063E00055C7000008B5FDF7C9FA024B024A1A600A
:1063F00008BD00BFB834002091570000074B93F947
:1064000000301844142804DC10F17F0F03DB40B285
:106410007047142070476FF07E007047C52E002033
:1064200007B57F230DF107008DF8073000F0A6FDBA
:1064300003469DF9070053B1094B5B785B4240FA74
:1064400083F0142806DC10F17F0F05DB40B203B0A7
:106450005DF804FB1420FAE76FF07E00F7E700BF59
:10646000C52E0020024B00221A705A70704700BFE0
:10647000C52E0020064BD3F8000138B1D3F8040133
:1064800020B1D3F80801B0FA80F04009704700BF8E
:1064900000F00040034B00221A705A7010229A70CC
:1064A000704700BFC72E002070B506460220144674
:1064B0000D4600F0A3F8064B01221A70054B033C71
:1064C000C3F81045C3F80865C3F8045570BD00BF94
:1064D000C72E002000F0004008B5022000F08EF822
:1064E000084B01221A70084B0022C3F80021C3F8A0
:1064F0000421C3F8082103F580334FF40002C3F8E8
:10650000042508BDC72E002000F000400E4A08B543
:10651000137883B10D4B4FF40001C3F80815FFF752
:10652000A9FF68B101235370094BD3F80034DBB2E3
:10653000937000231370BDE80840002000F05EB89F
:1065400050701023F4E700BFC72E002000F0014078
:1065500000F00040094B1A7862B1094BD3F80021D2
:1065600052B1D3F8040140B1D3F80801B0FA80F079
:10657000400970475878704702207047C72E0020A6
:1065800000F0004008B5074B1A783AB1FFF772FFE8
:1065900030B1054BD3F80004C0B208BD9878FCE7D1
:1065A0001020FAE7C72E002000F0004008B50A4B83
:1065B000D3F80025032A04BF01229A600022C3F801
:1065C0000025C3F8002500F0F9FE044B4FF400024B
:1065D000C3F8082508BD00BF00F0004000F00140EE
:1065E000054B4FF40042C3F88020BFF34F8FBFF339
:1065F0006F8FFFF7DBBF00BF00E100E010B504467E
:10660000FFF7D4FF012C06D0022C0CD054B18C2102
:106610003D20FAF7BFFC0B4B0222C3F800250A4AC3
:10662000C3F8142510BD074B0322C3F80025064A02
:10663000C3F8142503F580334FF40002C3F8042592
:10664000F0E700BF00F00040CA2E0020044B18689D
:10665000062818BFB0F1FF3F0CBF01200020704793
:1066600010320020044B1868062818BFB0F1FF3F15
:106670000CBF0120002070471032002008B5FFF742
:10668000E5FF38B1044B1868063810F1080F94BFC5
:106690000020012008BD00BF1432002008B5FFF71C
:1066A000E1FF38B1044B1868063810F1080F94BFA9
:1066B0000020012008BD00BF1432002008B5FFF7FC
:1066C000C5FF38B1044B1868063810F1080F8CBFAD
:1066D0000020012008BD00BF14320020064B00221C
:1066E000C3F80021C3F80C21C3F81021C3F804211A
:1066F000C3F80821704700BF0010004070B5134D6B
:106700006E7F0346084626B940F6C1013E20FAF7DF
:1067100041FC63B9012EAC69297F05D100F03CFD35
:1067200020442B69C01A70BD07F014F8F8E7012B5C
:1067300009D1012EAC69297F02D100F01DFDEFE7E0
:1067400007F013F8ECE70020EBE700BFD82F00209C
:106750000B4B93F82B0088B193F82A307BB1094B8F
:10676000D3F8002242F00102C3F80022D3F850050A
:1067700000F0F600023818BF012070470120704772
:10678000D82F00200010004008B5094B01281871CF
:10679000084B06D0022808D040F645513E20FAF7B3
:1067A000F9FB0322C3F8102508BD0422FAE700BF55
:1067B000D82F00200010004008B570B9104B2831C8
:1067C000D96018460F4900F023FF0130012816D97F
:1067D00040F2C2613E20FAF7DDFB01280CD1084BE4
:1067E0002931D9601846074900F018FF0130012807
:1067F00005D940F2CC61EDE74FF4DA61EAE708BD74
:10680000E8200020E081020008B50C4B5B78012BEA
:1068100009D100F009FF013001280ED940F611110D
:106820003E20FAF7B7FB022B07D100F003FF01303F
:10683000012802D940F61711F2E708BDD82F002031
:10684000094B0A4A1B89B3F5166F3ABFA3F63813F2
:1068500043F48073A3F5166300F07F00C2F8083597
:10686000C2F85405704700BFD82F00200010004028
:1068700010B50C46FFF788FF2046FFF7E1FF0F4AEF
:106880000023C2F81C31D2F8003243F48873C2F8F6
:10689000003240F20313C2F8343540F25B63C2F8B1
:1068A0003835FFF7EBFE40B9FFF708FF28B9D2F8FB
:1068B000683543F4C023C2F8683510BD00100040AD
:1068C00073B50C46154D0646FFF75EFF2046FFF7F1
:1068D000B7FF214695F9052001AB304600F034FEA4
:1068E0009DF8050000F0ACFE20B140F2E3513E20DF
:1068F000FAF750FB9DF90400294600F035FC084BDF
:1069000040F20312C3F83425284640F25B62C3F814
:10691000382502B0BDE8704000F0FABDD82F002045
:10692000001000402DE9F04106460C46174601F0E4
:10693000C3FB0028FBD02C4B2C4D4FF40022C3F896
:1069400008259EBB01236B7095F82A301BB9A979E5
:106950003846FFF7B5FF264B33F817304FF47A72FD
:1069600003F5FA73B3FBF2F3224AE41A1E4BC3F8A1
:10697000AC252B691C4A204FE1184FF001081F4B32
:1069800085F82A80C7F84015C2F8A8352B6A43F469
:1069900000232B624FF40023C2F80435FFF7D8FE22
:1069A0000446B8B900242046BDE8F081012E0CD180
:1069B00002236B7095F82A301BB9A9793846FFF786
:1069C00057FF094B0E4A293CD1E740F634013E20DF
:1069D000FAF7E0FAC7F84C80D7F84C358B42E1DA89
:1069E0003046FFF7E9FEDEE700F00140D82F002037
:1069F00058820200001000400080004040810040AA
:106A00000410004008B540221048002103F088FD22
:106A10000F4B1B6823F004020A2A05D0102B03D069
:106A2000082B0ED1402200E024220A48FF2103F067
:106A300077FD4FF080430022C3F8082EC3F8102ED4
:106A400008BD0D2BEED03822EFE700BFD82F002075
:106A500010320020000E0040024B0344187E00F567
:106A600016607047E0810200024B98691B69C01AEA
:106A7000704700BFD82F00200A4B1A7FD3E904309B
:106A8000C01A094B03EB82031B6CC01A074B53F867
:106A900022304FF47A7203F2F313B3FBF2F3C01A0D
:106AA000704700BFD82F0020E08102004C82020016
:106AB000FF2808B504D940F2CB213E20FAF76AFA44
:106AC000114B0129188504D0022919D04FF44F71B8
:106AD000F3E700230D4A43F4801340F0007043F4C1
:106AE000847340F44030C2F81435C2F81805D2F867
:106AF000503503F0F703032B05D140F25631DCE7A4
:106B00004FF08073E6E708BDD82F0020001000404A
:106B100008B5FFF7B3FD50B1054AD2F8743723F03A
:106B2000807323F0010343F08073C2F8743708BD0B
:106B3000001000401E4B2DE9F0410226C3F8806092
:106B4000BFF34F8FBFF36F8F01F0B0FA044601F02F
:106B5000F1FB184D001B184C286100274FF001086D
:106B6000C4F8FC7FC4F8FC8F00F082FC40F20122E4
:106B7000C4F83085C4F85026104AC4F80062107C6E
:106B800000F076FD0E4A0A4B0E49C2F80415102299
:106B9000AF836F85AF61C3F88061C4F804231E60C2
:106BA0002B6C03B19847BDE8F04100F025BD00BF54
:106BB00000E100E0D82F002000100040E820002075
:106BC00000F001400000020C014B5871704700BFFB
:106BD000D82F0020034B020E0002C3F82425C3F86F
:106BE0001C05704700100040044B054A0344907197
:106BF0001B7E03F516631381704700BFE08102001E
:106C0000D82F0020F8B52B4C94F82B3006460F46B1
:106C100023B940F206713E20FAF7BCF9264A012357
:106C200084F82A30D2F8003243F00103C2F800326F
:106C300001F042FA0028FBD02EBB0123A17963703A
:106C40003846FFF73DFE6378012B02D04FF4E9612F
:106C5000E1E71A4AD364A2F5E0421360174BD3F878
:106C60004C5530462946FFF7A7FD2369ED1AF6B9C2
:106C7000134B33F817304FF47A7203F5FA73B3FB02
:106C8000F2F35819F8BD012EE8D10223A1796370FF
:106C90003846FFF7EDFD6378022B02D040F25171C8
:106CA000B9E7064BDE64A3F5E0435E60D6E705F185
:106CB0002900E7E7D82F00200010004000800040A6
:106CC0005882020008B5FFF72DFE58B9064BC3F8ED
:106CD0004005A3F5E04301221A610220BDE8084007
:106CE000FCF742BD08BD00BF0080004073B5234BD8
:106CF0002349D3F80443234D02224FF0FF30C3F859
:106D00000803C1F880212049C3F8002200226A85C7
:106D1000C1F8402501F5B8314FF46026C1F8086587
:106D2000D3F85015C9B204F01004D1B18DF80700A2
:106D3000C3F8102101221A619DF8072012B1D3F87F
:106D400010213AB19DF807305BB940F6FF013E20B3
:106D5000FAF720F99DF80720013AD2B28DF8072002
:106D6000EAE7FFF751FD054B0022C3F810212A8006
:106D700014B11022C3F8042302B070BD001000400B
:106D800000E100E0D82F00200080004038B51B4D06
:106D90000024C5F84845C5F84445C5F84045C5F840
:106DA0004C45FFF7A3FF00F02DFC154B15491A6A5F
:106DB0001C6242F0446242F40032C1F80825C3E983
:106DC0000544DC70104BC5F848450222C5F844451F
:106DD000C5F84045C5F84C45C5F84841C5F844419B
:106DE000C5F84041C5F84C41C3F88020BFF34F8F30
:106DF000BFF36F8FC3F8802138BD00BF0080004013
:106E0000D82F002000F0014000E100E070B50F4DE8
:106E10002C7806461CB96C70EC706C8570BD18B18E
:106E2000BDE87040FFF762BF013C18BF0124AA789B
:106E300096212046FFF762FC2E80AA7885F82A600A
:106E400001462046BDE87040FFF73CBFD82F002028
:106E5000014BC3F83C0570470010004010B50FC847
:106E6000014C84E80F0010BD1C3000200A490B4B78
:106E700010B5C1F80405012483F82B405862FFF7D0
:106E800067FC40B9064BC3F840050C610320BDE820
:106E90001040FCF769BC10BD00100040D82F002046
:106EA00000800040174B1A6910449A69824210B55D
:106EB000154C09D30220FCF757FC0023C4F84035D9
:106EC000124B01221A610CE00122DA706264D4F8DC
:106ED00044150531814205D30C4BD3F80411002928
:106EE000F0D010BD0022C4F84421C4F844051A6A49
:106EF00042F480021A62064B4FF48002C3F8042564
:106F0000EFE700BFD82F00200080004000100040B5
:106F100000F0014010B50B4C0346607F217F2279C1
:106F200001284FF0960009D100F044F9A3692269C5
:106F30009B1ABDE810401844FFF7B4BF00F054F9A5
:106F4000F4E700BFD82F0020044BC3F86005D3F846
:106F5000002242F04002C3F80022704700100040B7
:106F6000054BD3F8002222F04002C3F80022002291
:106F7000C3F86025704700BF001000400A4A014670
:106F8000D2F81C0182B068B1D2F8483503F07F0313
:106F90005B420B700023C2F81C31D2F81C31019304
:106FA000019B012002B0704700100040034B0028F5
:106FB00014BF0222012299701A707047D82F002046
:106FC000054B0022C3F84025044AD2F85035DBB205
:106FD0000BB1012313617047008000400010004096
:106FE00030B5044BD3E90C459B6BC0E900450B6001
:106FF00030BD00BFD82F00202DE9F04701F05AF82E
:107000004D4C4E4E4FF00109C4E90C01C6F84C90AE
:10701000D6F84C35A363FFF7F7FB494B226AC3F858
:1070200008250025474A2562C3F8AC55D2F800323E
:1070300023F48E7323F00103C2F80032D6F84835EA
:10704000A361D6F84435636163786377D2F80C8125
:1070500084F82B50D2F81011FFF740FB6778022F0D
:107060004FD1E37813B1D6F8443113BBB8F1000F18
:1070700026D0FFF703FB50BBFFF720FB38BB314B9B
:10708000D3F85034D90122D51A0705D013F0F00FE8
:1070900002D013F4706F1AD12A4AC3F304410129B4
:1070A000D2F8542413D1012A11D0C3F34253022B36
:1070B0000DD80120FFF7AAFE636CBDE8F047184722
:1070C000002937D00120FFF7A1FE236DF5E72379D2
:1070D00023770020258DFFF799FE1A4BD3F8003453
:1070E000DB070CD5636A5878A84294BF00200120C2
:1070F000A36C002180F00100BDE8F0471847012093
:10710000F6E7012F13D123792377B8F1000F06D0CA
:107110002846FFF77BFEE36C39462846ECE749B189
:107120003846FFF773FEE36C41464046E4E709B199
:107130004846C8E7BDE8F087D82F0020008000400F
:1071400000F0014000100040024B03EB8003186C7C
:10715000704700BFE0810200024B03EB8003D86C54
:10716000704700BFE0810200024BC0B2C3F80C05BB
:10717000704700BF00100040064A4FF47A7332F99E
:107180001120584300F2E7301044B0FBF3F002380E
:10719000704700BF44820200054A4FF47A7332F907
:1071A000112000FB03301044B0FBF3F0704700BF28
:1071B0004482020038B51D460A4B33F9114003EBF7
:1071C000820305359B681C4404F6B7344FF47A7388
:1071D00003FB00441046B4FBF3F4FFF7B5FF25446E
:1071E000284438BD4482020070B50646084615465C
:1071F000FFF7B2FF094B03EB85039C684FF47A73EA
:1072000004F6B73403FB0644241A2846B4FBF3F40F
:10721000FFF79AFF0530204470BD00BF4482020092
:10722000024B00221A705A709A7070472C3000205E
:107230002DE9F041054601200C4617469846079E69
:10724000FFF7DCF99DF8243005F0030141EA034122
:10725000244B41F08071C3F80415234B214604F1FF
:107260001002184651F8044B43F8044B9142F9D1EF
:107270001E499DF81830C0F814800761CB7633683A
:10728000CB6173680B62174B194AC3F80805126883
:10729000062A09D001321FBFD3F81825BDF82000F7
:1072A00060F30702C3F81825124B134AC3F80825E8
:1072B00015F0FB0F01BF114AC3F89825FC3AC3F83B
:1072C0009C250122022D4A7081F8245007D8054BD5
:1072D0000A700021C3F80011C3F800121A60BDE85B
:1072E000F08100BF00F000402F3000202C30002043
:1072F0001032002000F001400000020200F10040C6
:1073000070B5194C637823B94FF4D5713C20F9F767
:1073100041FE164BC3F80C15C3F8100594F8245021
:107320000122A270C5B924780CB99721EEE7104C60
:10733000C3F804514FF40035C4F80455D3F8006184
:1073400016B15A60C4F808550B7803704B780433B3
:1073500043708B78837070BD00212270C3F80411D4
:10736000C3F800221A60F6E72C30002000F000403D
:1073700000F001400E4A08B5537823B94FF4DF718D
:107380003C20F9F707FE0B4BC3F80C150121C3F89D
:107390001005917012780AB9BA21F1E70022C3F8FA
:1073A0000421054B4FF00072C3F8042508BD00BF4F
:1073B0002C30002000F0004000F00140084B1A780B
:1073C0004AB10849084AC1F808250022C1F89825A1
:1073D000C1F89C251A7000225A709A70704700BF3D
:1073E0002C30002000F0014000000202194B1B78F5
:1073F00070B523B94FF4F2713C20F9F7CBFD164C70
:10740000D4F80431BBB90223C4F80433134B144E2F
:107410001D691A6942F0100205F010051A61D4F8CE
:1074200004317BB125B90D4A136923F010031361B0
:107430000223C4F80833084BD3F80004003818BFFF
:10744000012070BD4FF40043C6F8803106F075FA94
:10745000E5E700BF2C30002000F0004000ED00E028
:1074600000E100E0014B01229A60704700F000400B
:1074700010B5FFF7F7F888B1224B1B68063B0833BD
:1074800033D9214AD2F83C3723F0004323F0FF03DD
:1074900043F0004343F09603C2F83C37FFF7FEF891
:1074A000194C38B1D4F8403723F47F4343F4B05338
:1074B000C4F84037154BC4F8783700F0D3F838B12A
:1074C0004FF08053D3F830335A1C18BFC4F84C37F0
:1074D0004FF01023196E4B1C1FBF0B4AD2F88C358E
:1074E00061F31743C2F88C3510BD074AD2F83C3718
:1074F00043F48063C2F83C37FFF7B4F80028C0D1EA
:10750000CCE700BF14320020001000402C0000899E
:1075100008B50146FFF7C2F898B10B790948022B6C
:107520004FF08053D0F88825D3F8203322F4FE4260
:107530000CBFC3F30663C3F3062342EA0323C0F878
:10754000883508BD001000402DE9F04F264C85B06D
:10755000054698460E46174600F0C8F82378AB4219
:10756000814611D16378B3420ED194F90230BB4207
:107570000AD1E378834207D1A388A8F8003094F9B0
:10758000060005B0BDE8F08F012D06D0022D10D009
:1075900040F289410620F9F7FDFC00200DF10F03B0
:1075A0003A46314600F0A8F8824620B14621A9208B
:1075B000F1E70120F2E730469DF90FB0FFF74CFAF2
:1075C000A91E4A4203464A41CDF800A0414658460A
:1075D00000F03CF8B8F80030A071A3802570667008
:1075E000A77084F80390CAE700210020014B1B68B4
:1075F0001B68184730210020014B1B685B68184747
:1076000030210020014B1B689B6818473021002067
:10761000014B1B681B69184730210020014B1B6878
:107620005B69184730210020014B1B689B69184794
:1076300030210020014B1B68DB69184730210020F6
:10764000014B1B689B6A18473021002030B4044C62
:107650009DF8085024680295E468A44630BC604751
:1076600030210020014B1878704700BFC83400203B
:1076700010B500220C49134640FA02F4E40744BF57
:10768000CA545C1C02F1010248BFE3B2042AF3D1E0
:10769000054AFF24D118032B01D9107110BD013305
:1076A00001F8014BDBB2F6E7D4340020B5D7000077
:1076B000BBD70000BDD70000E3D70000C1D7000052
:1076C000EDD70000C7D70000F7D70000CDD70000E6
:1076D00003D80000D9D70000DDD70000CFD70000C5
:1076E000D5D70000F3D70000FDD70000014B187D6F
:1076F000704700BF60300020042810B511D883B156
:1077000004280CBF10242824A1420AD2064C54F8A5
:10771000200018B141568A42A8BF0A461A700020BC
:1077200010BD6FF01500FBE76030002030B5034658
:10773000114890F91C209A4219DD90F924209A42B0
:1077400017DA9A1A846AA05C0C4A15569D420DD02D
:107750000E32002918BF01309442C0B206D129B1BF
:10776000013BDBB2012B01D80130C0B230BD0D208E
:10777000FCE70020FAE700BF6030002064820200CE
:1077800008B5054B93F91C30984203DAFFF7CEFF9A
:10779000024B1B56184608BD603000206482020070
:1077A00008B5184B93F82C20FAB9012283F82C2045
:1077B000154A1268A2F10800082803D813490141AC
:1077C000C90709D5911F092910D9013212D04FF4E8
:1077D000DF71742002F0BAFB0D4A9A62D8221A6255
:1077E00083F8242008229A611A7708BD094A0A41C1
:1077F000D207ECD4084A9A62D8221A6283F824206D
:107800000422F0E76030002010320020DEFEFFFF8F
:107810009F820200EEFCFFFF7282020010F0FF0068
:1078200008B508D14FF0804301225A60C3F8000127
:10783000034B187008BD7C21B52002F087FB00BF08
:107840008D300020014B01221A7070478D300020CE
:1078500008B548B94FF08043D3F8003113B9044B51
:10786000187808BD0120FCE7C221B52002F06EFBAC
:107870008D300020044B1868062818BFB0F1FF3F78
:107880000CBF0120002070471032002008B5094BC2
:107890001A680A2A02D1084B1B6823B1FFF7EAFFD6
:1078A00008B9082A04D14FF080430222C3F8342CCF
:1078B00008BD00BF1032002014320020F8B50F4E72
:1078C0000127375404460D4605F0A8FF60B934B9C6
:1078D0004FF08043B7707560C3F80473F8BD40F291
:1078E00025116D2002F032FB002DF7D01CB9204687
:1078F000A8477460F2E74FF4A071F2E790300020DF
:10790000044B191800228A7003EB80011A544A6054
:10791000704700BF90300020014B9881704700BF36
:1079200090300020014BD889704700BF9030002074
:10793000014B9889704700BF9030002010B5EFF3DD
:10794000108472B6064B03441A7C0132D2B21A7408
:107950001B7C012B01D105F055FF04B962B610BDA7
:107960009030002010B505F081FF05F057FF4FF073
:107970008044084940B1FFF789FF012323610423B4
:107980008B740023CB7410BD03238B740123C4F8C4
:107990000433F6E79030002010B5EFF3108472B690
:1079A000094B03441A7C22B940F257216D2002F0A2
:1079B000CDFA1A7C013AD2B21A741B7C0BB9FFF7CC
:1079C0002DFF04B962B610BD90300020024B987CA8
:1079D000003818BF012070479030002038B5164C91
:1079E000237D23B940F206316D2002F0AFFA637DAA
:1079F000C3B9A37DB3B1E27C013B9A4212DA05F030
:107A00000DFF054602F0F4FBA37D012B82BFE37C52
:107A10000133E37455B1A369C31A0133022B09D9A9
:107A200035B1A061BDE83840FFF79CBFE369F3E7DB
:107A3000E061F7E738BD00BF9030002073B51B4D03
:107A40006B7D63B9286A00F0030005F0FFFE30B1DA
:107A5000EFF3108372B6AA7C1AB103B962B602B012
:107A600070BD0122AA7403B962B64FF080430822A8
:107A7000C3F808234FF42073ADF80630BDF8064074
:107A8000A4B2631E9BB2ADF80630002CF6D14FF0C5
:107A900080460748C6F80C4105F031FF85F82540BF
:107AA000FFF760FF0823C6F80433D8E790300020C2
:107AB000B43000202DE9F347484C237D002B00F023
:107AC0008A800323ADF804304FF08043D3F800518F
:107AD000F5B9D3F80481B8F1000F09D04FF0804315
:107AE0000022C3F804210222C3F80823FFF7A6FFEF
:107AF00094F825603A484FF08047F6B2D7F80C81E9
:107B000005F001FF48B340F243316D2002F01EFA48
:107B100000258DF804500122D3F80481C3F808230E
:107B20000DF10409271DA61C19F8010B03280AD022
:107B3000337843B13B684FF0000A86F800A013B1D8
:107B40009847C7F800A06B1C022B07F1040706F149
:107B500001064FF00105E7D1BDE745B1A37C032B3A
:107B600005D10423A374FFF791FE01233B61B8F113
:107B7000000F1FD04FF080430022C3F80C21A37CDC
:107B8000042B02D040F26931BFE7164B1A680A2A6B
:107B900002D1154B1B6823B1FFF76CFE08B9082A08
:107BA00004D14FF080430022C3F8342C0223A37485
:107BB00005F05FFE4EB1002384F82530A37C022B34
:107BC00001D1FFF7CFFE05F054FE054802B0BDE835
:107BD000F04705F0A7BE02B0BDE8F0879030002066
:107BE000B4300020103200201432002010B5054CB3
:107BF000206A00F0030005F029FE0028F8D00020DC
:107C000010BD00BF90300020F8B5054650B1027895
:107C1000042A07D8437842B9013B1F2B02D8837846
:107C2000212B07D96FF0150075E0002BFAD183786E
:107C3000002BF7D17B4B0127C3F88070BFF34F8F28
:107C4000BFF36F8F4FF08046C3F88071764C0B23E3
:107C5000C6F808330023C6F80031C6F80431C6F868
:107C60000C3123746374AB88E38105F0DAFD08B14D
:107C700027702774D6F80C24D6F80C34D20303D519
:107C8000DF0701D5FFF7DEFD4FF4AF63A3812B784B
:107C9000A978637500222262A175E274042B4DD885
:107CA000DFE803F005033A484A000123236205F0A8
:107CB000BFFD00284DD005F0C2FD236A03F0030389
:107CC000984246D1AB79002B3DD1FFF78FFFA37DC2
:107CD0006BB12B785BB905F0A1FD054602F088FA7F
:107CE0006FF00043002D00F09980C4E906034FF0C7
:107CF0008043D3F80C24D3F80C34D20303D5DB072C
:107D000001D5FFF79FFD474A01230020A07423758A
:107D1000C2F880311360F8BD05F0A8FD4FF0804334
:107D2000D3F80C14D3F80C24CE03F9D5D007F7D52B
:107D30000223BBE73D4BB9E73D4BB7E740F21E518D
:107D40006D2002F003F94FF080430222C3F80423B0
:107D5000BDE74FF080430122DA600022C3F804211E
:107D6000226AC3F81825334A1368A3F10E010129CA
:107D700004D90A2B02D0FFF77DFD48B14FF08053A4
:107D80004FF08041D3F84432C3F34233C1F83C355D
:107D90001368A3F10E02012A04D90A2B02D0FFF7BF
:107DA00069FD20B14FF080430122C3F84C254FF00C
:107DB000804301229A600222C3F80423AA79002A90
:107DC00085D1D3F80423910702D440F2D141B7E71B
:107DD000194A1669116941F010011161D3F8043193
:107DE00006F010060BB905F0AAFD4FF08047D7F852
:107DF000043183B1FFF7FAFE26B90F4A136923F065
:107E0000100313614FF080430222C3F808230022BD
:107E1000C3F804215BE705F090FDE8E7C4E906300C
:107E200065E700BF00E100E09030002001000200A3
:107E3000010003001032002000ED00E010B50D4CF1
:107E400004F1240005F05FFD48B9A37C022B01D1A9
:107E5000FFF788FDBDE81040074805F063BD074AFD
:107E6000012384F82530BDE81040C2F8003105F048
:107E7000FDBC00BF90300020B430002000E100E0E5
:107E800038B50C4B0C46197919B183216F2002F0DB
:107E90005DF860B95D790DB1002038BD01225A71DD
:107EA000FFF74CFD21462846FFF708FDF4E76FF089
:107EB0001500F2E7B830002038B50B4D2B79044699
:107EC0001BB19A216F2002F041F850B96B790BB9C0
:107ED000002038BDFFF714FD20466C71FFF75CFDF4
:107EE000F6E76FF01500F4E7B830002010B501B3E5
:107EF000F0B14FF0FF33104A1C46E0FB01349442CE
:107F000003D9DB216F2002F021F81A0D42EA043276
:107F1000C3F30F10094B00EB02404FF22444B2FBB5
:107F2000F4F103FB1100B0FBF4F040EA0140013032
:107F300010BD0846FCE700BF3F420F00000024F4DC
:107F4000014B9B68184700BFB8300020014BDB682D
:107F5000184700BFB8300020014B1B69184700BF0D
:107F6000B8300020014B1B6A184700BFB830002012
:107F7000014BDB69184700BFB830002008B5064B3D
:107F80001B7923B140F237116F2001F0DFFFBDE80C
:107F90000840FFF723BD00BFB8300020034B1A791B
:107FA0000AB9FFF7BFBC988D704700BFB8300020FA
:107FB000034B1A790AB9FFF7BBBC988A704700BF18
:107FC000B8300020024B1B790BB9FFF737BD704763
:107FD000B8300020014B9B69184700BFB830002023
:107FE00010B5144C2379A3B1636A9847002806DBC7
:107FF00094F82E3023B1012384F83030002010BDD6
:10800000FFF7E8FF0028F6DA40F28D116F2001F04B
:108010009DFF094BA361094BE361094B2362094BA7
:10802000A360094BE360094B2361FFF7EDFD0028D6
:10803000E1D0E4E7B8300020ED7B00003D7E000099
:10804000CD7900006DD8000073D8000079D8000009
:1080500038B5084B1D79044625B140F2E1116F2077
:1080600001F074FF01F026F82046FFF755FC284682
:1080700038BD00BFB830002008B5074801F008F847
:10808000054800F021F801F04FFA01F031FA00F054
:108090001FFB012008BD00BFEC30002001F0E2BB57
:1080A000103001F029B800BF01F03EB801F0D6BC95
:1080B00001F09EBD01F0B0BD01F050BC08B5272114
:1080C000032001F043FF00BF024B186000221A7129
:1080D0009A607047F430002070B582B01E4C23794E
:1080E000012B11D0DAB2022A0BD1A0680DF10701E1
:1080F00000F014FB0023A36023719DF8070002B079
:1081000070BD012002B070BDA0680DF1070100F044
:10811000FBFAA5686B7DDB07ECD5AB7F042BE9D0C0
:1081200001F046F806460028E4D001F047F82A6935
:10813000B3682E686D68961945F1000500220A3370
:1081400042F100021B1842EB0102B342AA41D1D313
:10815000A06800F085FCCDE7F4300020837F0BB1F0
:108160000020704710B50A684B688C68D1F80CC0C5
:10817000C0F80CC08460026043600A694B694361C7
:10818000012402618477054B1A792AB998601C7121
:1081900000F0A4FF204610BDFFF790FFF430002050
:1081A00070B5044682B00D4601F002F8A37F012BA2
:1081B00017D02B686A68A9680646E868E060A16085
:1081C000236062606A692B69626101222361A27780
:1081D0000DF10701204600F097FA2EB1012002B000
:1081E00070BD002002B070BD024B0421186805F07C
:1081F00057FBF3E7F4300020024B0621186805F026
:108200004FBB00BFF430002010B5084B1A7952B9AB
:108210000446986002221A7100F060FFA07FB0FA55
:1082200080F0400910BDFFF749FF00BFF430002087
:1082300038B5837FC3B1044609E0A37F042B09D07E
:10824000A37F012B11D005F078FBA37F63B1A37F3F
:10825000032BF2D1EFF3108572B6204600F0BCFA82
:1082600005B962B6A37F2BB938BD4FF482710320E4
:1082700001F06CFEFF21032001F068FE70B5054699
:1082800000F096FF08B3044600F098FFA468034688
:10829000E41841F1000628463346224600F072FBFE
:1082A000A04271EB06034FF000050CD3001B6FF0EA
:1082B000010361EB0601834275EB010100D370BD40
:1082C0004FF0FF3070BD284670BD40F229110320E9
:1082D00001F03CFE2DE9F04104460F4600F068FF36
:1082E00010B38568002362195B41064613B1002074
:1082F000BDE8F08100F062FF2A1841F10003384622
:10830000A51843F1000800F03DFBA84271EB0801FD
:10831000EDD301F0A7FA00F019FAB36837752344DA
:108320000120B360BDE8F0814FF4A371032001F098
:108330000DFE00BF00F042BFF8B50369002B4ED11F
:10834000044601F08FFA05460E46FFF705FE78B3A6
:10835000D4E90003643546F10006A84273EB060237
:1083600023D3C4E90003EFF3108672B600F020FFB8
:10837000054698B100F022FFAB6800220B3342F1B2
:1083800000021B1842EB0101D4E90002834271EBA9
:1083900002053CBF03461146C4E9003106B962B686
:1083A0002046BDE8F84000F083BB28463346D8E7B6
:1083B000FFF7FEFD074600F00FFFB8422168626834
:1083C00038BF3846963546F10006401946F100039D
:1083D000884273EB02053CBF08461346C1E74FF4E1
:1083E000D171032001F0B2FD1C4B1868A0B350E915
:1083F000063130B550F8104C13F10A02036841F110
:1084000000011519A0F1180041F1000C1BB922E080
:1084100014D31B68FBB153E90621AA4271EB0C048B
:1084200019D290F814E013F8044C7445F0D19C88EC
:10843000B0F81CE0A4EB0E042404EAD553F8100CA9
:108440000A3241F100018518A3F118001B6841F1BF
:10845000000C002BDFD130BD704700BF0031002081
:1084600070B5264D00236B60EFF3108172B6AA68D9
:108470006A60AB60EB6009B962B66A6872B3204C9F
:1084800000269379032BA2F1180028D0136873B348
:108490009A79042AA3F118038446A6460FD1818B4A
:1084A0009A8B521A12049A6944BF0CF1180E18469E
:1084B00042B19C46A2F118039A7F042AEFD09B7F19
:1084C000032B16D1DEF800201368CEF8003002210D
:1084D000C368867798476A68002AD2D170BD116850
:1084E00052F80C3C9671696001219847F3E7A64663
:1084F000EAE763219F2001F029FD00BF0031002041
:10850000043100202DE9F04F6F4B04681B6845686B
:1085100083B08283427D0646894602F00102002B29
:1085200000F0CB80A3F1180C002A6ED0DCE900012A
:10853000844275EB0107644A2FD39CF81420337DE5
:108540009A421BD8DCF808301B1841F1000113F1E6
:108550000A0E41F10007744575EB070280F0A88010
:108560003269121945F10000964577EB000801D2F7
:10857000724638469A428841C0F08280DCF8183052
:108580000CF11802002B00F09180A3F1180CDCE92B
:108590000001844275EB0107CFD21F466346B068E5
:1085A000001945F10008002B44D0CDE90027CA4648
:1085B000D3E9007110F10A0C48F10002674571EB34
:1085C000020245D21A7D96F814C0944519D39A68D0
:1085D000D21941F1000112F10A0941F1000E4C4596
:1085E00075EB0E0745D237693F1945F1000CB945C7
:1085F0007EEB0C0B01D24F46F44697427CEB010C0C
:108600003DD39B6923B3183BD2E7DCE900018442E8
:1086100075EB01012C4A0CD3DCF818300CF1180270
:108620003BB1A3F1180CDCE90001844275EB0101B8
:10863000F2D21F46334643F8187F1360FFF7D4FE8B
:10864000864210D0002389F8003003B0BDE8F08FD7
:10865000DDE900273346D14643F8187F1360FFF762
:10866000C3FE8642EED1012389F8003003B0BDE895
:10867000F08F2746AC4697427CEB010CC1D2D14625
:10868000114A0423B3779168002333767376B37667
:10869000F37606F118020C4B69B1DB681A600B4BDC
:1086A00009491878CA6001F009FECBE71F4676E752
:1086B000224628465EE79A60F1E712B91746024A59
:1086C000B8E7014A1F466AE7003100203421002044
:1086D00010B50A4C2378FF2B0AD1094801F0C4FDDC
:1086E000084B207000221A609A60DA601A8210BD6E
:1086F0004FF48D719F2001F029FC00BF3421002030
:108700006184000000310020034B1A8A02F1010C41
:10871000A3F810C0FFF7F6BE0031002038B50446BC
:108720000D46FFF761FE0346E31AB3FA83F35B09D4
:1087300005482B7004F1180105F0D8F810B100239A
:10874000A377012038BD00BF003100202DE9F043A0
:108750001F4E34686CB34FF000083546C6464FF0E4
:1087600004092346246853F8187C53F8082CD219BE
:1087700053F8147C47F1000C82427CEB010C1AD2B6
:108780002A6812682A6083F80690B26883F800E0CD
:1087900083F801E083F802E083F803E07AB1F2683D
:1087A0001360F3604FF00108002CDAD1B8F1000F2C
:1087B00007D1BDE8F0831D46002CD2D1F6E7B360A7
:1087C000EFE7044BBDE8F043187801F077BD00BF38
:1087D000003100203421002070B5154EB3680546E5
:1087E00000F11801BBB1B368002423B913E01A6883
:1087F0001C4682B113469942F9D10CB1AA69226094
:10880000B268914204BF1B68B360F36899420AD012
:108810000023AB7770BD074805F068F80028F9D051
:108820000023AB77F6E70023F460AB77F2E700BFF5
:1088300000310020043100202DE9F843484E34680F
:10884000002C00F087804FF000080F460546B14627
:1088500041464FF0040E2346246853F8180C53F891
:10886000082C121853F8140C40F1000CAA427CEBAF
:10887000070C69D2D9F800201268C9F8002083F8E3
:1088800006E0B268197059709970D970002A5FD0EB
:10889000F2681360F3604FF00108002CDBD1B8F1EF
:1088A000000F03D02F4B187801F008FD3368002B20
:1088B00050D053E90612A94272EB070053F8100C8E
:1088C0003CBF29463A46A3F1180C0A304FF0000489
:1088D0001B6844F10004091842EB04021BB92DE0A7
:1088E00016D81B6853B353E90604884274EB020E92
:1088F00024D29CF8148013F804ECF045F0D1B3F8BE
:1089000004E0BCF81C80AEEB080E1EF4004FE8D06B
:10891000854277EB040E294638BF014653F8100C08
:108920003A46A3F1180C38BF22461B68091842F1D9
:1089300000020A3142F10002002BD4D10CF11803DD
:1089400073616046BDE8F8839946002C83D1A6E7A1
:10895000B3609FE700239C4673616046BDE8F883DF
:10896000003100203421002010B5054C61692046FB
:1089700004F0BCFF18B1606900231838636110BDB2
:10898000003100201C49096839B3A1F1180C9CF88A
:10899000141081421DD870B5DCE9004112F10A05BE
:1089A00043F1000EAC4271EB0E0620D2DCF81060F1
:1089B000341941F10001AC4271EB0E0115D2DCF823
:1089C000181071B1A1F1180C9CF814108142F6D85E
:1089D000E2E7DCF818100029D7D14FF0FF3001464C
:1089E00070474FF0FF30014670BD2C467146B4F120
:1089F0000A0041F1FF3170BD0031002010B5837FC6
:108A0000022B06D0837F012B02D0837F042B1DD144
:108A100010BD437D13F0020313D103210E4A817769
:108A20009468037600F1180143768376C3765CB1CF
:108A3000D3681960094BD160BDE81040187801F087
:108A40003DBC0023837710BD9160F3E74FF4FF71C5
:108A50009F2001F07BFA00BF00310020342100206C
:108A600070B5114D00F1180604463146284604F051
:108A70003DFF98B10423A377AA6800232376637689
:108A8000A376E37642B1EB681E60084BEE6018787F
:108A9000BDE8704001F012BCAE60F6E74FF4027121
:108AA0009F2001F053FA00BF003100203421002044
:108AB0002DE9F04F066983B0002E70D1D0E9001582
:108AC0008368077DEFF3108472B6DFF8DCC0DCF852
:108AD0000020002A5CD013F10A0EBCF81080CDF8FB
:108AE000048046F10006183AB046D2E9003611EB90
:108AF0000E0A45EB08099A4579EB060C48D38B42E0
:108B000076EB050C28D3D2F810C01CEB030C46F111
:108B1000000BD4457BEB090B34BF4FF0010C4FF039
:108B2000000CBCF1000F13D092F814C0BC4526D045
:108B300034BF4FF0010C4FF0000CBCF1000F07D018
:108B400013F10A01936846F10005591845F1000533
:108B50009269EAB1183AC8E7D2F808A013F10A0CF2
:108B600046F100091AEB0C0C49F10009614575EB5F
:108B7000090934BF4FF0010C4FF0000CD1E7B2F8F7
:108B80001CC0DDF80490ACEB090CCCF3C03CD4E77E
:108B900004B962B6C0E9001503B0BDE8F08F40F239
:108BA00027219F2001F0D2F900310020024B05213E
:108BB000186804F075BE00BF18310020054B5868D6
:108BC00010B1C3680521184710B54FF41B71B020D0
:108BD00001F0BCF9183100202DE9F0471646002BB2
:108BE00055D0D3E900894B4C804579EB0103A38A2A
:108BF0003CBF804689466433B8EB000569EB01074A
:108C00000022AB422261BA41C4E9028916DBA369A2
:108C100003F2A3139D4277F1000769DA3E4AC4F8D4
:108C2000288040464946C4F82C9000F03FFD3B4A5E
:108C3000052384F830303260BDE8F087627F237FFF
:108C40001AB19A071ED40022627703F0010AA369C1
:108C500003F2A3139D4277F100072EDABAF1000F59
:108C6000DCD0A08A2C4AB8EB000069F10001C4E90D
:108C70000A0100F01BFD0623284A84F830303260D8
:108C8000BDE8F087236A01209847237FDBE7214C6A
:108C9000637F2BB1237F9B0702D5236A012098476E
:108CA0000025657701F03CF8FFF750F92B461C4A88
:108CB00084F830303260BDE8F08701F031F8FFF71A
:108CC00045F9A08AA369BAF1000F01D0984215D8DE
:108CD000B8EB0300104A69F10001C4E90A0100F091
:108CE000E5FC02230D4A84F830303260BDE8F0879D
:108CF00001F016F8FFF72AF9A369E9E7B8EB0000DD
:108D0000054A69F10001C4E90A0100F0CFFC034AF9
:108D100001238EE718310020AD8B0000698E000022
:108D20006190000002392DE9F04104292DD8DFE8D7
:108D300001F00309292C0C00164A137F003B18BFD1
:108D4000012353770020BDE8F081044600F07AFC4F
:108D500000F088FD0E460746FFF76EFD0D4D80467C
:108D60006868FFF74BFE22463846314643460024EA
:108D700000260027C5E902676C60FFF72DFF02207F
:108D8000BDE8F081FFF7A8F9DCE740F21721B02039
:108D900001F0DCF8183100202DE9F84F2E4C637FEC
:108DA000A769804683BB94F81C9019F0010934D15F
:108DB00000F058FD10EB070B41F1000A05460E4686
:108DC00058465146FFF738FDA8B3D0E900329B451D
:108DD0007AEB02011BD30023204AA56228463146C4
:108DE000C4E902BAE662236100F060FCB9F1000F49
:108DF00018D0A38A1A4A9F4216D0022384F8303032
:108E0000C8F80020BDE8F88F4FF00009D0E7DD1B5F
:108E10009B4662F100069246DDE7A38A9F4238BF77
:108E20001F46C5E70E4AE8E7012384F83030C8F84A
:108E30000020BDE8F88F637F2BB1237F9B0702D50D
:108E4000236A012098470023064A84F8303063776C
:108E5000C8F80020BDE8F88F18310020AD8B000065
:108E6000698E000061900000023970B50546032943
:108E700000F2EB80DFE801F006024508754B0022A6
:108E800083F83120002070BD724C94F830301A1FE6
:108E9000012A40F29F8000F0E5FCA26A2369801A53
:108EA0009842B8BF184694F830302061022B7FD02A
:108EB000237FD90740F1C480607F002840F0C08044
:108EC000236A98470123637794F83020022AD4E973
:108ED00002034BD0012A70D02269323843F1FF31AE
:108EE000101841EBE2715C4AC4E90A0100F0DEFBB4
:108EF00094F83030062B0CBF0523042384F830305F
:108F0000C0E7544C94F83030042B0FD8022B25D8EE
:108F1000013B012B00F28F80FFF7DEF80028B1D073
:108F200000F08EFC2846FFF737FF15E0053B012BCC
:108F300000F28180FFF7D0F80028A3D000F080FC79
:108F400000F090FC06460C46FFF776FC2A460346E6
:108F500021463046FFF740FE022070BDFFF7BCF807
:108F600000288FD0012384F831308BE7227FD2078D
:108F70000ED5627F62B9A18A374A401A63F10001B7
:108F8000C4E90A0100F092FB032384F8303079E74A
:108F90002169314A323843F1FF33401843EBE17124
:108FA000C4E90A0100F082FB042384F8303069E749
:108FB00000F0AEFEFEF7C4FF86E7A169264A401A1C
:108FC00063F10001C4E90A0100F070FB022384F898
:108FD000303057E7042B94F8316019D0002EAFD110
:108FE000FFF7C2FC0028ABD06060C4E90D6600F05A
:108FF0001DFB6068022383773146C3689847D4E934
:109000000201FFF7A3FB154B84F830602B60A3E748
:1090100000F08EFE0028E1D100200021FFF70CFCBB
:1090200008B1FFF71DFD00F07BFEFEF78FFF28461D
:10903000FFF7B2FE90E74FF4CD71B02000F086FF4D
:1090400040F2B311B02000F081FF40F2F111B020E6
:1090500000F07CFF18310020AD8B0000258D000052
:10906000032910B506D801290AD840F25D11B020B5
:1090700000F06CFF0429F8D10446FFF72DF808B979
:10908000002010BD2046FFF787FE022010BD00BF64
:1090900010B5064A064C02600023206084F8303088
:1090A0002377FEF785FF5130A06110BD619000006D
:1090B0001831002008B5074B074A19680968914222
:1090C00002D15130986108BD40F25121B02000F02A
:1090D0003DFF00BF183100206190000010B5EFF394
:1090E000108472B6034B0421186804F0D9FB04B94C
:1090F00062B610BD1831002008B5094B5A684AB154
:10910000D3E902218018BDE80840064A41F1000178
:1091100000F0CCBA40F27221B02000F017FF00BF7F
:1091200018310020BD8B000008B5064B5B681BB1F1
:10913000BDE8084000F084BB4FF41E71B02000F081
:1091400005FF00BF1831002008B5054B5A680AB169
:10915000586308BD40F27E21B02000F0F7FE00BF4A
:109160001831002008B5054B5A680AB1986308BD4C
:109170004FF42171B02000F0E9FE00BF183100204B
:10918000044B9B6B03B1184710B540F28A21B02005
:1091900000F0DCFE18310020044B5B6B03B1184774
:1091A00010B54FF42471B02000F0D0FE183100202B
:1091B000014B5868704700BF1831002008B5054BB7
:1091C0005A6812B1D3E9020108BD40F29B21B020D8
:1091D00000F0BCFE18310020034B187F10F0010096
:1091E00018BF988A704700BF18310020054B1B68D4
:1091F0001BB1D3E908200421104710B57221452086
:1092000000F0A4FE58310020054B1B681BB1D3E9C8
:1092100008200321104710B56C21452000F096FE70
:10922000583100202DE9F04104460D4679B9174F19
:109230003B683BBB16483C60FFF786FF1548FFF7CD
:1092400091FFFFF777F8637D5B07064605D4D4E905
:1092500008302946BDE8F0411847FEF727FF2036C1
:10926000361A7E6000F07AFB0028FBD00A4B002201
:10927000C3F8A8252946C3F8AC25D4E90830BDE8D1
:10928000F04118478621452000F060FE583100204B
:1092900009920000ED91000000F00140024B002215
:1092A0001A601A81704700BF5831002008B5074B7B
:1092B0001A683AB10648D06000211960BDE808403C
:1092C000FEF79ABFB921452000F040FE583100203A
:1092D00025920000C0E908122022002101F020B9E7
:1092E00030B587B04B7A00220D460592CDE90022B9
:1092F0000492C3F3800282F001024FF0000162F396
:10930000820104462A78287A8DF815108DF8140009
:1093100069682B4802910390002A40D1D5E90420C6
:109320009DF815C01CF0040FCDE9002028D19DF850
:1093300015202449C3F340035B0043F0010322F0EE
:10934000030213438DF815304B68C3F308038BB148
:10935000103B5BB2002B1CDB03F1604303F5614360
:1093600093F800335B092BB969462046FEF718FFD6
:1093700007B030BD69462046FEF7F0FE07B030BDAD
:10938000203A01F1200140F1FF300092029101905A
:10939000CDE703F00F0319440B7D5B09E3E72B696D
:1093A0000493FEF77BFE9DF815305B07CDE90001C5
:1093B00004D5029A6B7A20320292B8E76B7AB6E74C
:1093C0002592000000ED00E010B5037886B0B3B937
:1093D0000446D0E90401CDE90433CDE9000103934B
:1093E000217A6368029368468DF81410FEF7A4FF93
:1093F000DDE900230120C4E9042306B010BD4FF4C9
:10940000AB71452000F0A2FD30B50C7887B07CBB75
:109410004B7A05940C7A8DF81440C3F3800E174CE8
:109420004D6803948EF0010ED1E904414FF0000C19
:109430006EF3820C1CF0040FCDE900418DF815C0CD
:10944000029507D0203C05F1200541F1FF31009441
:10945000029501919DF815400492C3F3400363F314
:10946000410469468DF81540FEF778FE07B030BD1F
:1094700040F21F21452000F069FD00BF2592000049
:1094800070B4EFF3108672B617490D78ADB1174B73
:10949000D3F80445D3F848314FF6FF7294421FD0F9
:1094A000E3B147F6FE739C4218D84B68013306B906
:1094B00062B6C0E9004370BC70470C4AD2F804455C
:1094C000D2F8043153B14B6801334B60C2F80451F8
:1094D000D2F80445D2F80431002BF4D14B68E6E70A
:1094E000002BFBD11C46F9E79031002000B0004072
:1094F00010B50A4C002222742277094B0948012139
:109500005960C3F84025C3F840214FF40022196187
:10951000C0F8082500F020FF206210BD9031002027
:109520000080004000F001403749384BF0B44D6AEC
:10953000374C002201204A6058609860C3F8084305
:10954000C3F84843C3F80421C3F84021C3F84421B9
:10955000C3F84821002D55D02E4C2F4EC4F8A865D5
:109560002E4AC4F8AC55C4F85C394FF40023C4F853
:1095700004350523C2F840351060D2F84031002B85
:10958000FBD02448002301244FF40025C0F80855DF
:109590005460D460C2F84031C2F84035C0F8A835F4
:1095A000C0F8AC35C0F8AC350B7833B391F828402F
:1095B000184816491A4E1B4DE30003F1804303F58A
:1095C000F8330122A2404FF6FF774FF48024C0F811
:1095D0000825C1F84443C1F84875C1F80443C3F8ED
:1095E0001065C3F81455C0F804250F4B4FF4006202
:1095F000C3F88021F0BC1A607047044B0222C3F804
:109600000423F2E71860CFE79031002000B000405B
:109610000200070000F0014040810040008000404F
:1096200048B1004008B0004000E100E0044B4FF0BA
:1096300080411A6A0123C1F808351360704700BFE2
:109640009031002010B4144C1449154A0023C4F87A
:10965000A8350120C4F8AC354FF0FF3448600861EC
:10966000C1F808430F4891684FF48074C0F88041F6
:1096700041B10D494FF48030C1F808031374C1F8AB
:1096800040319360126A10BC4FF080410023C1F852
:1096900008351360704700BF00F0014000800040B3
:1096A0009031002000E100E000B00040F0B55A4CDD
:1096B000A36883B0002B40F09F802578A260002D26
:1096C0005CD1564B994200F29C80430F544E554F4B
:1096D00043EAC101A6FB0132C0F34F33920B03EB07
:1096E000014307FB1233A6FB03639B0B43EA0243D0
:1096F0004D4A02FB1300420B48F2376101FB02F2B4
:10970000120C43F60957494907FB120000FB01F10F
:10971000490D43F6085601EB422207FB0161B0EB0D
:10972000512F88BF01320026002D41D01F0C1B0491
:109730009D18684647F10007FFF7A2FEDDE90032F9
:10974000053346F100064FF48031E2FB01369D42BD
:1097500077EB060647D32A0C4FF6FF71ADB242EA0B
:109760000742002D08BF0D4631494FF48030C1F843
:109770004055E260C1F8040303B0F0BD2D4B99429F
:1097800044D8430D264E274F43EAC121A6FB0132A0
:10979000C0F34F13920B03EB014307FB1233A6FBFD
:1097A00003639B0B43EA0243234A02FB1300A2E735
:1097B0001F0A1B069E18684647F10007FFF760FE68
:1097C000DDE90032053345F100054FF08071E2FB21
:1097D00001359E4277EB050505D3320E42EA07229A
:1097E00026F07F45C0E7FF232374144B4FF400623B
:1097F000C3F8002103B0F0BD40F2F921052000F0CC
:10980000A5FB4FF49471052000F0A0FB40F223115A
:10981000052000F09BFB00BF90310020FF7F841EDD
:1098200083DE1B43000024F40080841E6F0C0100C3
:1098300000B000407F841E0080841E0000E100E034
:10984000064B9A684AB106494FF48032C1F80823A2
:1098500000221A74C1F840219A60704790310020AC
:1098600000B0004070B4EFF3108572B6364C20782B
:1098700020B3364BD3F80425D3F848614FF6FF7375
:109880009A4252D043F60951C2F3080301FB03F395
:10989000500A01FB00F003F5807300EB5320002118
:1098A000002E45D047F6FE739A4241D863680133D3
:1098B00025B3274A70BCE3FB02017047234AD2F864
:1098C0000435D2F8041111B3636801336360C2F840
:1098D0000401D2F80435D2F804110029F4D143F67A
:1098E000095CC3F30802580A0CFB02F202F580730C
:1098F0000CFB00F000EB532063681DB962B62278C0
:10990000002AD6D1134AE3FB020170BC704743F62C
:109910000956C3F30802580A06FB02F306FB00F0DF
:1099200003F5807300EB5320E6E71EB10A480021DF
:109930006368BDE7636815B928462946DEE7044A2F
:1099400030463146DFE700BF9031002000B00040D4
:1099500080841E000080841E61841E0070B4EFF3BA
:10996000108072B6384A15780DB3384BD3F80455C9
:10997000D3F848614FF6FF739D4256D043F6095421
:10998000C5F3080104FB01F16B0A04FB03F301F5C5
:10999000807103EB51230024002E49D047F6FE715D
:1099A0008D4245D85168013108B3294824E0274940
:1099B000D1F80435D1F804414CB3536801335360F6
:1099C000C1F80451D1F80435D1F80441002CF4D188
:1099D00043F6095CC3F308010CFB01F15B0A01F5D6
:1099E00080710CFB03F303EB5123516818B962B685
:1099F00010780028D9D11748E1FB0034D2E90C12C5
:109A00008B4294412CBF0120002070BC7047C3F3EF
:109A1000080143F609555B0A05FB01F105FB03F359
:109A200001F5807103EB5123DFE71EB10A4B0024DF
:109A30005168B9E7516810B903460446D7E70448AE
:109A400033463446D8E700BF9031002000B00040D4
:109A500080841E000080841E61841E002DE9F04772
:109A6000DFF874815D4E012100234FF4002284B0A1
:109A7000C8F80410C8F84035C8F84031C8F81010CC
:109A8000C6F80825D8F8042522F00302C8F80425F2
:109A9000D8F8082542F00302C8F80825102292FAE7
:109AA000A2F2B2FA82F2092A00F39180C8F81025D6
:109AB0004B4A4C4FC8F80C104FF48070C2F880012C
:109AC0001060494AC8F80410C8F80C10C6F8A82558
:109AD0003A78C6F8AC8502A8002A56D0019306E071
:109AE0000123C6F808A5C8F80430C8F80C30FFF701
:109AF000C7FCDDE90243019D4FF4002A4FF4803991
:109B0000C6F804A5E3FB0945FFF7BAFCDDE902321C
:109B10000199E2FB0931A94208BFA342E0D1013417
:109B200043F60952C4F3080345F1000502FB03F3B1
:109B3000210EC4F34E2441EA052102FB04F02D0E50
:109B400003F5807300EB53204C016B01641A43EA68
:109B5000D16363EB0506B201A3011B1B42EA9462C9
:109B600062EB0602D20042EA5372DB005B1845EB5F
:109B70000205E903DA03801841EA534141F100018B
:109B8000C7E90C0104B0BDE8F087019206E00123AB
:109B9000C6F808A5C8F80430C8F80C30FFF770FC08
:109BA000DDE90243019D4FF4002A4FF08079C6F8A9
:109BB00004A5E3FB0945FFF763FCDDE902320199E7
:109BC000E2FB0931A94208BFA342E0D1A7E7074859
:109BD00040F29F3100F0B0F90080004000F00140F9
:109BE00000E100E09031002000B100405C8C0200F8
:109BF00010B5029C201841F10001801A61EB0301AD
:109C0000B0F1004F71F1000100DA10BD40F2A9314E
:109C1000052000F09BF900BF70B4EFF3108572B619
:109C2000364C207820B3364BD3F80425D3F848615E
:109C30004FF6FF739A4252D043F60951C2F308031C
:109C400001FB03F3500A01FB00F003F5807300EB06
:109C500053200021002E45D047F6FE739A4241D88A
:109C60006368013325B3274A70BCE3FB02017047E8
:109C7000234AD2F80435D2F8041111B363680133D2
:109C80006360C2F80401D2F80435D2F80411002947
:109C9000F4D143F6095CC3F30802580A0CFB02F244
:109CA00002F580730CFB00F000EB532063681DB9D4
:109CB00062B62278002AD6D1134AE3FB020170BCB7
:109CC000704743F60956C3F30802580A06FB02F32D
:109CD00006FB00F003F5807300EB5320E6E71EB1AE
:109CE0000A4800216368BDE7636815B9284629461C
:109CF000DEE7044A30463146DFE700BF90310020FE
:109D000000B0004080841E000080841E61841E001C
:109D1000024B0122C3F84423704700BF00B000404B
:109D2000024B0122C3F84823704700BF00B0004037
:109D300008B5FEF711F930B9074A936B0133312B9F
:109D4000936304D808BD044B00229A6308BD40F217
:109D5000F531052000F0FAF89031002010B53F4CA5
:109D6000237882B0002B55D03D4BD3F80423520307
:109D70005BD43B4BE168D3F80423D00334D5D3F84C
:109D80004031002B30D0636899425DD800232374A2
:109D9000334AA168C2F840314FF48030C2F808035A
:109DA000002955D0A36088472D4BA169D3F804231F
:109DB000920324D5D3F844310BB363688B423FD36D
:109DC00000222277264B6169C3F844214FF400300A
:109DD000C3F8080300293BD08847214BD3F8403112
:109DE0000193019B02B010BD6268237C002BCDD192
:109DF0009142D9D91A4B0022C3F84021D4E76268B6
:109E0000237F002BDCD18A42E7D2154B0022C3F816
:109E10004421E2E7124AD2F804110029A9D0C2F87D
:109E20000431636801336360A3E7D3F84821002A53
:109E30009FD00022C3F8482163680133636098E72C
:109E4000237F002BE1D0BBE7237C002BD2D09DE702
:109E500040F23741052000F079F800BF9031002032
:109E600000B00040014B1879704700BFD03100208E
:109E7000044B1A79824283BF1B68602202FB0030C8
:109E800000207047D0310020BFF34F8F0549064BAB
:109E9000CA6802F4E0621343CB60BFF34F8F00BF88
:109EA000FDE700BF00ED00E00400FA05094B0122C8
:109EB0005A604FF0FF32C3F80823074B4FF480423B
:109EC000C3F88020BFF34F8FBFF36F8FC3F880219B
:109ED000704700BF00E0004000E100E0094B0122B4
:109EE0005A604FF0FF32C3F80823074B4FF48052FB
:109EF000C3F88020BFF34F8FBFF36F8FC3F880216B
:109F0000704700BF00C0004000E100E0084B0022A5
:109F1000C3F8FC2F0122C3F8FC2F064B0222C3F822
:109F20008020BFF34F8FBFF36F8FC3F8802170473E
:109F30000010004000E100E008B572B6024B5B681B
:109F400003B19847FFF7A0FFD83100201FB572B6C4
:109F5000134B5D6895B9FFF797FF2346B2FBF6F206
:109F60005C1C002AF9D104AEDCB256FA83F303F884
:109F70000C2C0A2234B901A8A847ECE702460023BA
:109F80000A26EDE7631E04AEDCB256FA83F3B0FB9B
:109F9000F2F602FB1600303003F80C0C3046E9E70D
:109FA000D8310020F8B51F4E337805460C461746C9
:109FB000A3BB00F0C5F9FDF7F3FB77603472FFF740
:109FC000A5FFFFF78BFFFFF771FF174B002D14BFA5
:109FD00028461846FEF704F80546E8B9FFF75EF98B
:109FE000FDF7F0FF03F04BFCFEF746F818B9B82177
:109FF0001120FFF7ABFF002C0CDB04F01F026409FB
:10A00000A40004F1604404F5614401239340C4F8C2
:10A0100080312360012333702846F8BD4FF0FF35AF
:10A02000FAE700BFD8310020D0820200074B93F935
:10A030000830002B09DB5A09012103F01F03994066
:10A0400002F14003024A42F823107047D831002041
:10A0500000E100E0014B1878704700BFD8310020C4
:10A0600050B1074B03F1140253F8041B40F8041BD2
:10A070009342F9D1002070476FF01500704700BF80
:10A080000DC90200F0B5284D284C294F83B02E7819
:10A090000136F6B2D5E84F3F0133DBB2C5E8423FA7
:10A0A000002AF7D101236360C4F80021C4F8042119
:10A0B000EFF3108272B6C4F80405236052B962B699
:10A0C00008E0D4F804314BB92B789E4206D13B69A5
:10A0D000DB0613D4D4F80031002BF2D0D4F80431CD
:10A0E000002BD4D12A78B242D1D10322C4F8003156
:10A0F000C4F80431C4F8082303B0F0BD0D4B0321AC
:10A100004FF48042C4F80413C3F88021D4F800311E
:10A11000002BDFD1D4F80431002BDBD1019003F008
:10A120000CFC0198D6E700BFE131002000E00040C0
:10A1300000ED00E000E100E070B51446DA078CB0F5
:10A140001D4686468C4633D5C36842681BBA0093C9
:10A15000CB681BBA049383681BBA019303681BBACC
:10A1600003938B6812BA1BBA029205934A680B6874
:10A1700012BA1BBA6E46069207933046FFF782FF6B
:10A18000AB070DD5DDE90A10DDE9083200BA09BADE
:10A1900012BA1BBA20606160A260E3600CB070BDAF
:10A1A00008AD0FCD20606160A260E3600CB070BDAF
:10A1B000DEF80410DEF80820DEF80C300068EE4609
:10A1C000AEE80F00DCF80000DCF80410DCF8082032
:10A1D000DCF80C306E46AEE80F00CEE710B5002478
:10A1E00082B0CDE90044FFF7A7FF02B010BD00BF69
:10A1F0001A4B4FF4805270B5C3F88020BFF34F8FD5
:10A20000BFF36F8F164C174D0021C4F80011C3F82F
:10A2100080212E692B6943F010032B610123C4F8C0
:10A22000043306F010062360D4F800319BB11EB948
:10A230002B6923F010032B610123D4F80805636018
:10A24000C4F808330023C4F80031044B4FF48052A3
:10A25000C3F8802170BD03F070FBE5E700E100E08A
:10A2600000C0004000ED00E00B4938B5042301EBCD
:10A27000C302157905F0FF042DB1013BF7D240214F
:10A280006920FFF763FE41F8330001215471947196
:10A290001171D8B238BD00BFE4310020042808B5E0
:10A2A00003D947216920FFF751FE034B03EBC0039D
:10A2B00000221A7108BD00BFE4310020042808B54F
:10A2C00003D950216920FFF741FE094B03EBC00081
:10A2D0000379012B01D05121F4E7437982790133CD
:10A2E000DBB29A4218BF4371BDE80840FFF79EBE3B
:10A2F000E431002038B5114D052495F8281005EB00
:10A30000C1031A79012A09D158799A79904205D066
:10A310005A79D2B29A7155F83130984795F8283069
:10A320000133DBB2052B04F1FF3428BF002314F006
:10A33000FF0485F82830E0D138BD00BFE4310020AB
:10A340004FF08052034BD2F830111960D2F834210B
:10A350005A60704710320020084B1B68083B082BDE
:10A360000AD840F2211222FA03F313F0010F044B32
:10A37000044818BF18467047024870471032002042
:10A3800000E701400C050040144B1B68062B03D06E
:10A39000013301D020BF7047EFF3108072B6104A2E
:10A3A0001369116941F0100111610E49D1F80021C2
:10A3B000D1F804110A4303F0100300D040BF20BFBE
:10A3C00000BF00BF00BF00BF23B9054A136923F0D7
:10A3D0001003136100B962B6704700BF103200204D
:10A3E00000ED00E000E100E0914270B53FD2B2FA2A
:10A3F00082F33BB1C3F1200420FA04F499402143D5
:10A4000098409A40150CB1FBF5FC05FB1C1E4FEA69
:10A410000E4E030C84B20EEB10401FFA82FE0CFBB2
:10A420000EF6864206D9361A964294BF01260226B7
:10A43000ACEB060C03EB01430CFB1233B3FBF5F062
:10A4400005FB103304EB034400FB0EFEA6454FEA68
:10A450000C4C09D9AEEB040E964594BF4FF0010E9B
:10A460004FF0020EA0EB0E0040EA0C0070BD73210D
:10A470009620FFF76BFD00BF2DE9F8431C4652EA1A
:10A48000040349D0074615460E4684B9914204D2CA
:10A49000FFF7AAFF2146BDE8F88321463046FFF7C3
:10A4A000A3FF04462A46384604FB1561F0E74FF047
:10A4B0000108B4FA84F908FA09F3A3FB021220FA9E
:10A4C00008F003FB042240EAC67026FA08F1FFF701
:10A4D0008BFFC9F11F0230FA02F34FF0000C08D1D4
:10A4E00040461946AF42A6413CBF18466146BDE80A
:10A4F000F8835A1E61466CEB0C0C05FB0CFE02FB4C
:10A5000004EE18461346A5FB0228BA1A0EEB0807FC
:10A5100066EB07061746E5E7A6219620FFF716FD2E
:10A5200010F0030FC9B2034607D0BAB303F8011BFA
:10A5300013F0030F02F1FF32F7D170B5032A01EBDC
:10A54000012404EB04441ED9161FB508032E05F19F
:10A55000010521D94FEA550E03EBCE0E9C46CCE9FE
:10A5600000440CF1080CF445F9D115F0010F04D0AA
:10A5700025F0010503EB85052C6026F00306043366
:10A58000334402F0030232B1012A197003D0022AC7
:10A59000597018BF997070BD1D46EDE7704700BF38
:10A5A000844641EA000313F003037DD1403A51D3BE
:10A5B000F0B4F0C9F0C0F0C9F0C0F0C9F0C0F0C903
:10A5C000F0C0403AF5D2F0BC44E0403A42D300BF7C
:10A5D00051F8043B40F8043B51F8043B40F8043B7D
:10A5E00051F8043B40F8043B51F8043B40F8043B6D
:10A5F00051F8043B40F8043B51F8043B40F8043B5D
:10A6000051F8043B40F8043B51F8043B40F8043B4C
:10A6100051F8043B40F8043B51F8043B40F8043B3C
:10A6200051F8043B40F8043B51F8043B40F8043B2C
:10A6300051F8043B40F8043B51F8043B40F8043B1C
:10A6400051F8043B40F8043B51F8043B40F8043B0C
:10A65000403ABDD2303211D351F8043B40F8043BAC
:10A6600051F8043B40F8043B51F8043B40F8043BEC
:10A6700051F8043B40F8043B103AEDD20C3205D3BC
:10A6800051F8043B40F8043B043AF9D2043208D0B4
:10A69000D2071CBF11F8013B00F8013B01D30B8826
:10A6A00003806046704700BF082A14D38B078CD004
:10A6B00010F0030389D0C3F10403D21ADB071CBFD7
:10A6C00011F8013B00F8013BFFF47FAF31F8023B8A
:10A6D00020F8023B79E7043AD8D3013A11F8013B5C
:10A6E00000F8013BF9D20B7803704B7843708B78FC
:10A6F00083706046704700BF43D900004FD9000007
:10A7000053D900005BD900005FD900007BB972B952
:10A710000029BEBF00204FF0004106E008BF00281E
:10A720001CBF6FF000414FF0FF3000F057B8ADF1A3
:10A73000080C6DE904CE002909DB002B1ADB03F0BD
:10A7400020F9DDF804E0DDE9022304B0704740425F
:10A7500061EB4101002B1BDB03F013F9DDF804E092
:10A76000DDE9022304B0404261EB4101524263EB58
:10A7700043037047524263EB430303F002F9DDF8F1
:10A7800004E0DDE9022304B0404261EB410170477F
:10A79000524263EB430303F0F4F8DDF804E0DDE933
:10A7A000022304B0524263EB4303704753B94AB9E2
:10A7B000002908BF00281CBF4FF0FF314FF0FF30C9
:10A7C00000F00CB8ADF1080C6DE904CE03F0D9F837
:10A7D000DDF804E0DDE9022304B07047704700BFF4
:10A7E00008B5F6F7FDFCF8F7B1F9F6F70FFC002015
:10A7F00008BDFFF735BCF8F73BB901F030B801F000
:10A8000031B801F029B810B586B0044601A8FFF7A9
:10A8100027FC02232370A3709DF804306371BDF8F8
:10A820000530E380DDF80730A36000206070E07041
:10A83000207106B010BD00F01BBE70B5044602F0DA
:10A8400027FF012805461AD1601C02F028FFB0B18D
:10A85000A37963F03F03A3710020F8F761FAE61DC6
:10A8600038B1102200213046FFF75AFE2570002033
:10A8700070BD304602F026FF0028F2D0F6E7002532
:10A88000F4E710B5102204460021FFF749FE04F159
:10A890001003102200211846FFF742FE02F02BFFA2
:10A8A0000020F8F73DFA20B1204602F00BFF00200F
:10A8B00010BD02F0EDFE0028F6D0F8E710B5044612
:10A8C000FFF796FCB0F5007F09DA10F5007F08DD90
:10A8D000031EB8BF03339B102370002010BD7F23DD
:10A8E000FAE76FF07E03F7E78178008800F077BF22
:10A8F00037B505460C4600880DF1060100F0A4FEB0
:10A900002B882380BDF80630638003B030BDF7B5D7
:10A9100004462046F8F74AFE022805462ED00428B1
:10A920002CD123788A2B18D13E20F6F76DFC78B90C
:10A93000E378227901A943EA02236846ADF80030A2
:10A9400000F001FF0028E4D053210820F6F722FB95
:10A950000520F6F79DFC0028EAD0204600F013F809
:10A960002678A7783046F6F74FFC0028D1D03E2E47
:10A9700004D13846F6F78CFC0028CAD0284603B02C
:10A98000F0BD01F09ABC10B50378813B04460E2B54
:10A990002FD8DFE803F02F3541454F676D08613B45
:10A9A00071775B2E7D002920F6F772FC30B13E23D3
:10A9B0002370222363702923A3701AE00A20F6F77C
:10A9C00067FC3E23237018B11F2363700A23F3E74B
:10A9D0000123A37013236370E37903F00103E37190
:10A9E000D4F81A30C4F80E30E38B638294F8203028
:10A9F000237510BD3E230370042343701423DBE74B
:10AA00003E2303700A2343700323D5E73E230370DC
:10AA10000D2343700523CFE705232370042307E0AC
:10AA20005A20F6F7F1FB08230028F6D05A222270AC
:10AA30006370DEE75B20F6F7E7FB18B15B2323705A
:10AA40000623F5E7302323700323F1E73E23037049
:10AA50000B2343700723AFE73E23037006234370A5
:10AA60000C23A9E71323037083789B000133DFE7EE
:10AA7000572303700223DBE73E2303700623437052
:10AA8000122399E73E23037009234370132393E7AE
:10AA9000FF2303700D23437080238DE708B510B9A1
:10AAA0006FF0150008BDFFF76CFF0028F8D00020FC
:10AAB000F8E710B50C4648B141B1FFF728FF002870
:10AAC00020700CBF6FF02200002010BD6FF0150049
:10AAD000FBE7F8B5941C0C446343B3F5004FA8BFE3
:10AAE0004FF0FF330E4610F00301054617469CB2A7
:10AAF00003D0B0211420F6F74DFAB4F5004F01D978
:10AB0000B121F7E714220430FFF70AFDEF746C80DF
:10AB10002E80F8BD38B50388C48805898B42C4F3FC
:10AB20000E0203D2D1211420F6F734FA84EA050389
:10AB3000C3F30E030BB9AC4206D102F11803012294
:10AB4000C1528274184438BD1846FCE702310144F2
:10AB50004A43B2F5004FA8BF4FF0FF3290B21B300E
:10AB600020F00300B0F5004F34BF00B24FF0FF30CB
:10AB7000704740881B3020F00300B0F5004F34BF11
:10AB800000B24FF0FF3080B2704738B503888B4277
:10AB900003D2F7211420F6F7FDF9857C65B1C3884F
:10ABA000C3F30E031833C25A8A4207D3C152811D20
:10ABB000F6F77EFB00238374284638BD0025FBE7AB
:10ABC0000346F0B59E88DD88B4B2A54200F11800B6
:10ABD000C6F30E0616D05F89DD7C845B3D440235EA
:10ABE0003544E41B28440D88A4B2A54288BF0C80DC
:10ABF0005989B1FA81F14FEA511188BF2546117088
:10AC0000DD81F0BD00252846FAE7F8B58288C389C2
:10AC1000002604460D4692B20E60CBB1C2F30E027E
:10AC20004189183287180B44825A9BB29342438160
:10AC300004D94FF4A2711420F6F7ACF904D1011D28
:10AC4000F6F736FB46812F600023E3810120F8BD33
:10AC50001846FCE7838802899BB29A42014602D0DB
:10AC60000831F6F725BB70478388C0889BB2C31AAA
:10AC7000584258417047828873B5C48895B2AC4237
:10AC8000C2F30E0202F1180212D04189C689835A1A
:10AC9000314499420EDB0DF10601ADF80650F6F78E
:10ACA00007FBBDF80600001B18BF012002B070BDF5
:10ACB0000020FBE70120F9E770B5C488068984EA23
:10ACC0000602C2F30E020346C4F30E0518300AB999
:10ACD000B4420FD19C891A880CB1465B921B9142F9
:10ACE00007DCDA7C2C440232224410440A461A82E1
:10ACF00070BD00221046FAE7F8B5038A002B38D061
:10AD00008B4236D3C488858900F11803C4F30E043E
:10AD10001E1995B91D55757085891E5B0D44ADB220
:10AD2000314485811953D2B1811DF6F7C1FA002350
:10AD30008381002303820120F8BD1E5BAE4204D054
:10AD40004FF4F6711420F6F725F9C57C878A26445E
:10AD5000023535445E195F53857DB570DCE7C27CF2
:10AD6000254402322A4499189B5A83828B78837532
:10AD7000DFE70020E0E78388C2889BB29A4206D0D2
:10AD8000428922B9C3F30E031833184470470020D8
:10AD90007047C37C0233C81870470230704738B51B
:10ADA0008388C2889BB29A4207D045892DB9011D7C
:10ADB000F6F77EFAC581012038BD0020FCE7038844
:10ADC0001380C388C3F30E03183303440B608089D8
:10ADD00070470368002223B9C0E90132031D0360F4
:10ADE000704759681B680A44F5E7072970B50346A0
:10ADF00004D84FF4EC711520F6F7CCF80068C0B118
:10AE000044681A688C42064610D0106860B901F197
:10AE10000805AC420DD3546850501868651A541890
:10AE200000686560505002E01346E9E714681C6052
:10AE3000304670BD0023C1E9003203680B60016039
:10AE4000704730B590B18478B1FBF4F304FB131371
:10AE500000EB430252898A4201D1D8B230BDC27898
:10AE600022B900F10803D0B2844201D8FF20F5E7EF
:10AE700033F8025F8D4202F10102F4D1EEE78278ED
:10AE8000038805324B4303EB42031844704737B540
:10AE90000024CDE9004405468DF806006846ADF86B
:10AEA0000440F6F7DDFBBDF8044008B103B030BD47
:10AEB00029462046F6F7B0FB0028EFD040F23521B6
:10AEC0001720F6F767F870B50D4609211E46FFF703
:10AED0003DFE3246044609212846FFF737FE40EA88
:10AEE00004031B0454BF00194FF0FF3070BD012351
:10AEF0000370704710B5FF238B70C2F380035B00B3
:10AF0000DBB2CA180124127D032A08BF0133CA1814
:10AF1000147503F10C0401EB8303002221F81420C3
:10AF20005B688A700360828010BDF8B50C4684F0BF
:10AF300001046400054611461E46E4B2FF238370F7
:10AF400003191B7D012B06D0631CDCB250FA83F37E
:10AF50001B7D012B0AD105EB44073B8B3A8C9819DA
:10AF6000904205DD2C4400233B8323750020F8BD6F
:10AF700005EB8404324660681844FFF711FB3B8BF5
:10AF80001E443E830023AB700120F0E781F00101F5
:10AF9000490010B5C9B2FF23837043181C7D012CF2
:10AFA00007D10C3120F8112002221A75002383707A
:10AFB00010BD0131CBB250FA81F10C7D012C05D1CD
:10AFC0000C3320F8132002230B75EFE74FF499712F
:10AFD0000920F5F7DFFF30B50246837803F0FF0064
:10AFE000F3B9137D022B19D0537D022B15D10346E3
:10AFF000012089B1D5180C3300242C7522F8134098
:10B00000131803241C7502EB80035B680B6000F1CE
:10B010000C0332F813308B80012030BD0123E8E7A8
:10B020000020FAE730B50346827802F0FF00E2B96B
:10B030009A7D022A17D0DC7D022C13D1032281B124
:10B040001D190C340020287523F8140098180324C7
:10B05000047503EB82000C32406833F8123008604C
:10B060008B80012030BD0324E9E70020FAE7037D4F
:10B07000012B01D1008B7047437D012B0CBF408B0E
:10B0800000207047837D012B01D1808B7047C37DE9
:10B09000012B0CBFC08B00207047027D022A01D11A
:10B0A000008B7047437D022B01D1408B7047032AF0
:10B0B000F6D0032BF9D000207047827D022A01D1FF
:10B0C000808B7047C37D022B01D1C08B7047032A50
:10B0D000F6D0032BF9D000207047F6F7B1BBF6F796
:10B0E00011BC07B50023CDE9003301238DF80630EC
:10B0F0006846F6F7B5FA08B1002004E0009801F0C0
:10B100006FFF0028F4D003B05DF804FB1FB50022E8
:10B11000009240F6881303A9FCF798FA05B05DF891
:10B1200004FB10B5044638B1F7F73AFD24EA0000F5
:10B13000B0FA80F0400910BD0120FCE72DE9F04194
:10B140000F46B0F85E60B0F8605001F028FE0221B2
:10B15000044600F080FE02218046204600F07BFE7F
:10B16000464528BF4646B6B21B2E38BF1B26FB2ECF
:10B1700028BFFB26854228BF0546ADB21B2D38BF30
:10B180001B25FB2D28BFFB25B4F5A47F38BF4FF44A
:10B19000A47440F648039C4228BF1C467E80FD8074
:10B1A000BC803C81BDE8F0812DE9F04186B00546C8
:10B1B00002A9008800F073FE0446002870D1029AAC
:10B1C00092F85031D91E4B424B418DF8063013682E
:10B1D00098064ABF9DF80630234683F001038DF898
:10B1E000073092F862309B0603D49DF80730002B9D
:10B1F0005CD0EB881B3B9BB2E02B59D82989A1F589
:10B20000A4739BB244F24810834251D86B881B3B15
:10B210009BB2E02B4CD8AA88A2F5A4739BB28342C0
:10B2200046D840F64807B94244D8BA4242D8029EAE
:10B230004FF0FF0886F823819DF80630A3BB03A9D1
:10B2400006F1A800FFF77AFF6A88BDF81230BDF852
:10B250001410E888934228BF1346A6F82831BDF899
:10B260000E30AA88B94228BF3946834228BF034618
:10B27000A6F82431BDF810302889BB4228BF3B46D0
:10B28000834228BF03468A42A6F82631134628BFC8
:10B290000B46A6F82A3186F82281002386F823314E
:10B2A000204606B0BDE8F0813A24F6E71A24F7E715
:10B2B0001224F5E71124F3E710B5FFF712FF60B190
:10B2C000F7F7AAF8044601F0CEFF40B9204601F096
:10B2D000C6FF80F00100C0B210BD0120FCE70020D5
:10B2E000FAE7006890F8BA3123B1002380F8BA3148
:10B2F00001F06ABD704710B50378012B044601D9EF
:10B30000122010BDFFF7EDFE58B9207810F0FD00B7
:10B310000DD104F11703E21D611CBDE81040F7F7E1
:10B3200075BEF7F705FF0028EFD00C20E9E7A379F9
:10B3300003F0C003C02BE3D10120EAE710B5037886
:10B34000012B04460DD8FFF7CCFE60B9214611F859
:10B35000010B00F0FD00003818BF012000F01EFDB9
:10B3600038B9122010BDF7F7E3FE0028EED00C200C
:10B37000F8E70020F6E708B50088F7F7DFFE0028B9
:10B380000CBF3020002008BD38B50546FFF7A9FEE8
:10B39000044638B92878003818BF0120F7F7C2FEF4
:10B3A000204638BD0C20FCE708B5FFF79AFE18B917
:10B3B000F7F7A8FE002008BDF7F7BAFE0028F7D07F
:10B3C0000C20F8E708230370002070471122027058
:10B3D00041F23903C2705922A0F801308280C38043
:10B3E0000020704708B50821F6F760FA002008BD74
:10B3F00073B50646008808800C4680B201A900F0AB
:10B400004EFD054640B9B3784BB9019B93F91C0139
:10B41000A070FAF7F3FFA070284602B070BD7F203D
:10B42000FFF774FEF4E710B504466FF07F00FFF7F6
:10B430006DFEFAF7E3FF20707F20FFF767FEFAF753
:10B44000DDFF6070002010BD08B50A46072300F13B
:10B450001001FEF7C3FE002008BD10B501460446EA
:10B460000020F7F743FC08B92060A080002010BD41
:10B4700010B50446F7F764FB28B900202146F7F71A
:10B480001DFC002010BDFFF717FF0028F5D10C2090
:10B49000F8E710B50446FFF70FFF28B10120214659
:10B4A000F7F70CFC002010BD0C20FCE7FFF77CBE7A
:10B4B0001FB502880A80838844F290218B4215D8F8
:10B4C00040F648018B42ADF804204288ADF80620D2
:10B4D00028BF0B4601A8ADF80830ADF80A20ADF83A
:10B4E0000C30FFF761FE05B05DF804FB1220FAE7AF
:10B4F00037B508800D4601A900F0D1FC044620B9FB
:10B5000001982946A830FFF719FE204603B030BD48
:10B5100010B503466FF004040020482108221C7077
:10B5200058709970DA701C7158719971DA7110BD88
:10B5300010B50446FFF7D5FD78B92146E27911F838
:10B54000010B00F0FD00003818BF0120F7F7BAFE2C
:10B5500080F001004000C0B210BDF7F7E9FD0028FF
:10B56000EBD00C20F8E713B5008808800C4680B2B9
:10B5700001A900F094FCC8B9019B83F8160193F867
:10B580001421012A06D0022A04D04FF43F7106206C
:10B59000F5F700FDA27093F81521012A01D0022AC7
:10B5A000F3D1E27093F81621002AE6D102B010BD63
:10B5B0001FB5044603A9008800F071FC38B9A388C0
:10B5C000022B14D8E078FFF7ACFD10B9112004B0BD
:10B5D00010BDA078FFF7A5FD0028F7D00123009348
:10B5E000A388E278A17803A800F0ACF9EFE7122075
:10B5F000EDE737B58378C178027903F0010451EAA9
:10B60000040503F002031DD052EA03051AD0002CF2
:10B6100018BF0021002B18BF00228DF803200378EB
:10B6200042788DF8021043EA0223ADF800304379E6
:10B630008279684643EA0223ADF80430FFF7B8FF89
:10B6400003B030BD1120FBE713B50C4601A900F093
:10B6500026FC18B9019BDB880133238002B010BDA2
:10B6600007B5008801A900F033FC30B9019B93F8BD
:10B67000332112B9FF2283F8332103B05DF804FBB4
:10B6800010B50446F7F786FA20606160002010BD0F
:10B6900037B50446F6F7C0FE23781F2B054618D8A9
:10B6A000816A04226846FFF725FC2246A86A12F840
:10B6B000013B0021FFF739FC68B1AC6A2046FFF777
:10B6C000E1FC002102462046FFF760FC002003B0A9
:10B6D00030BD1220FBE70720F9E737B50446F6F73F
:10B6E0009BFE23781F2B054618D8816A00226846E6
:10B6F000FFF700FC2246A86A12F8013B0121FFF780
:10B7000014FC68B1AC6A2046FFF7B1FC0121024687
:10B710002046FFF73BFC002003B030BD1220FBE7C2
:10B720000720F9E710B5044634F8020B0880002121
:10B7300080B2F5F75BFF20B12146BDE8104001F073
:10B740005DBF022010BD008808B50880002180B2CE
:10B75000F5F74CFF20B1BDE80840002101F04EBFD5
:10B76000022008BD13B5008808800C4680B201A9EC
:10B7700000F095FB10B9019B9B8F638002B010BD58
:10B7800037B503880B80044698B2638813B912203A
:10B7900003B030BD01A900F082FB0028F8D1658814
:10B7A000019B42F21072A9B2D3F8C4405143B3F8DE
:10B7B000DA206243B3F8CC4004FB02229142E6D384
:10B7C000D3F8C420D3F8C4409442F9D100225A637C
:10B7D000621E0A449D87B2FBF4F29A63D8E710B563
:10B7E0000C460021F5F702FF90B1022C12D804F0AC
:10B7F0000102C4F3400480F8BC2180F8BB4112B1BF
:10B8000090F8BA310BB9002010BD01F0DDFAFAE76B
:10B810000220F9E71220F7E710B504460078FF2868
:10B820000AD00121F5F7E2FE58B16378A27843EA25
:10B830000223C383002010BDB4F80100F9F796F984
:10B84000F8E74220F7E708B50078003818BF012074
:10B85000F9F790F8002008BD0620F7F78FB9082007
:10B86000F7F78CB901F0F4BE10B5044604B910BD69
:10B87000236898476468F9E703680BB9016070476B
:10B880001A465B6813B18A42FAD170478A4218BFE0
:10B890005160704708B5F9F773FDF9F75DF8BDE839
:10B8A0000840F9F755BD08B50020FFF7F0FAF5F7A5
:10B8B00061FFF7F7BDF9F6F717FC20B140F243112D
:10B8C0009320F5F767FB08BD08B5F9F715F8F9F708
:10B8D0002DFD20B140F263119320F5F75BFBBDE82D
:10B8E00008400120FFF7D3BA08B5FFF7EDFF01F0DC
:10B8F00071FE20B14FF4BC719320F5F74BFB08BDEE
:10B90000FCF74CBB0B46892203F8032BD0F8092027
:10B91000C1F80320427B1A71704738B50D460446C2
:10B92000F7F73EF92B78002B08BF034684F8683000
:10B930006B78002B08BF034684F869306B88A4F845
:10B940006A3038BD2DE9F7430468994694F86330AE
:10B9500094F80F8043EAD303DB070F46164602D460
:10B96000B8F1250F36D16FBBF7F71AF90546BEBB04
:10B97000F7F716F945BBB8F1250F2ED10020054683
:10B98000FF2384F82D3194F82C3103F0FF08F3B92C
:10B990009DF8283084F82F0184F82C3184F82E513A
:10B9A00001A904F1A8008DF804708DF80560ADF8C8
:10B9B0000690FFF7B2FF002384F82D31404603B014
:10B9C000BDE8F0833D46D2E70028D4D0D8E74FF059
:10B9D0003A08F0E74FF01A08F0E74FF00908EDE7F2
:10B9E000002DC8D03046CBE738B5036893F82C312A
:10B9F000012B04460D4602D11E21F7F7F3F8236808
:10BA0000002083F82C0165B1182283F899200822C0
:10BA10009A7393F84A3093B940F25B41AE20F5F740
:10BA2000B9FADA7B233A072A03D8DD73204600F0FF
:10BA3000F5FD20461821BDE8384000F00EBE38BDA7
:10BA400008B503689A7B22B14FF4E671AE20F5F792
:10BA5000A1FA23229A7308BD034610F0010002BF29
:10BA6000C3F340035B00D8B270472DE9F84F074697
:10BA700010461E46FFF7F0FF83460846FFF7ECFF2F
:10BA800042EA01044BEA04040443E4B2003C0A9D88
:10BA900088469246814618BF0124F7F781F810EADC
:10BAA0000A0A18BFDA46F7F77BF897F8143110EA5C
:10BAB000080118BF4946534508BF4FF0000A85F8F2
:10BAC00000A097F815318B4208BF002169705AEA2F
:10BAD00001010AD1FB88013EF61AB6B247F6FD73A2
:10BAE0009E428CBF002404F001042046BDE8F88F7C
:10BAF000F7B50468E57BA5F12303072B06464FD96C
:10BB0000002D4BD1A37B282B4AD04B7813F0070391
:10BB10003DD08A7812F0070239D084F80C31252301
:10BB200084F80D21E37394F82D31F3B994F82C3196
:10BB3000012B1AD094F80C7194F8150194F8101197
:10BB400094F81121B4F81231874214D194F80D7190
:10BB500094F8140187420ED1022084F82C0184F855
:10BB60002E1184F82F21A4F83031304600F04CFD1E
:10BB7000284603B0F0BD022000903046FFF7E2FEF9
:10BB80000028F2D04FF46671AE20F5F703FA097879
:10BB9000304603B0BDE8F04000F05FBD0125E7E7A7
:10BBA0002025E5E72DE9F04F056895F80EB0ABF1DB
:10BBB0002403D3F1000848EB0308052A87B00446A4
:10BBC00070D1EB7B262B73D10F358A784F78039297
:10BBD00007F0070902F0070A09F1FF330AF1FF3005
:10BBE00003EA090300EA0A00034366D1B1F80360DF
:10BBF000F6F7D6FF039A174307F0070787435CD190
:10BC00005046FFF729FF2768A8B197F814319842EA
:10BC100011D097F82E211AEA020F4ED0BBF1240F53
:10BC200009D097F80D211AEA020F04D1022870D129
:10BC3000013B012B71D84846FFF70EFF40B197F842
:10BC40001531834204D097F82F3119EA030F34D00D
:10BC500005AB00933846334652464946FFF705FF89
:10BC60002368074678BB93F82C21012A28D1014686
:10BC70002046F6F7B7FF236883F82C712F702368EE
:10BC800003F10F02954201D10022DA73236803F118
:10BC90000F02954237D1204600F0C0FC002007B0CB
:10BCA000BDE8F08F414607B0BDE8F04FFFF79CBEFE
:10BCB000BBF1240F2BD10E3587E741462046F2E732
:10BCC00083F82C01DBE7DA88A3F86C62013EB61A30
:10BCD000B6B247F6FD72964206D9282283F8312083
:10BCE0002046F7F737FFD1E7DA7B0C2A02D0093A72
:10BCF000012A01D82A22F1E7BDF81420A3F86E2208
:10BD000028232B70C2E7002283F84A20C6E70220CE
:10BD1000C5E7012B8FD0022BCFD04FF4DD71062069
:10BD2000F5F738F908B50368DA7B252A05D022B182
:10BD300040F2D351AE20F5F72DF92622DA7308BD73
:10BD4000F6F776BF704730B542401C7808785D78CA
:10BD500060404C786C4020449D788C786C40204446
:10BD6000DD78CC786C4020441D790C795B79497979
:10BD70006C4020444B4018441044B0FA80F0400915
:10BD800030BD024600200139C9B2FF2900D17047F9
:10BD9000535C83F001030344D8B2F4E708B5F6F727
:10BDA000CBFF082807D0F6F7E9FF082803D0F6F7FD
:10BDB000FBFF012008BD0020FCE708B5F6F7BCFF3B
:10BDC000082803D0BDE80840F6F7D8BF08BD08B57D
:10BDD00001F04BFC18B1BDE80840FAF7D3BB0820CE
:10BDE00008BD01440023884203D1B3FA83F040091F
:10BDF000704710F8012B1343F5E7F8B5D0E9047646
:10BE000005460C46FDF7E0FA18B952212920F5F74E
:10BE1000C1F8E4B1D5E90423D21B63EB0603012A80
:10BE200073F100014FF0000113DB6FF0010090424D
:10BE3000994101DA5C21E9E7631E1344B3FBF4F393
:10BE40005C43E41946F10006C5E904461C46204659
:10BE5000F8BD0C46FBE7022905D13C2808D9801023
:10BE60000F3880B27047702802D9C0100E38F8E73A
:10BE700000207047012908B5034605D002290BD0E0
:10BE8000E7212920F5F786F840F6C41040F2E24297
:10BE9000002B08BF104608BD40F6C410FBE710B5E4
:10BEA0000C460021F5F7A2FB2060B0FA80F04009B3
:10BEB000400010BD0368587BC0B293F830302BB9F6
:10BEC00000F0FB00003818BF0120704700207047C9
:10BED00010B50C46FFF7E3FF38B92046FFF7EAFF3D
:10BEE00080F001004000C0B210BD0220FCE738B570
:10BEF0004FF4267204460D460021FEF711FB6FF049
:10BF0000360284F86320042284F864206FF03B0238
:10BF100084F865206F2284F86620032284F8672065
:10BF2000002284F868206FF07F0284F869202B22B9
:10BF300084F86220FE22012384F89E207F22A375CC
:10BF4000E27284F8A830A4F8AA5038BDC2B292FABE
:10BF5000A2F2030A93FAA3F31B0E100E40EA032089
:10BF6000704770B50131C9B20530002210F8013FA9
:10BF70008B4216D310F8054C0023012505FA03F671
:10BF800026421CBF01F1FF31C9B269B10133082B50
:10BF9000F4D10132D2B2052AE8D19B214620F4F730
:10BFA000F9FFC91AC9B2F4E703EBC200C0B270BD11
:10BFB0000B6870B5C0F801300B7903F01F034371B3
:10BFC00000230446C3720546461D15F8010F00F014
:10BFD00002FB6871E37AB5421844E072F5D170BD96
:10BFE00070B581EA11418CB20546C17A032682EA16
:10BFF0000400FFF7ABFF013E00EB0010221816F023
:10C00000FF0690B2F5D144402522B4FBF2F302FBC7
:10C010001343C3F3C4022A44D8B2567803F007038B
:10C02000012202FA03F31E4207D161432846C1F3FD
:10C030000741BDE87040FFF794BF70BDF8B590F8B8
:10C0400021506B1E242B044603D9E1214620F4F72E
:10C05000A1FFDAB1807D002843D194F8233094F811
:10C06000221002FB01322523B2FBF3F103FB112363
:10C07000DBB204EBD30284F82330D17D03F0070652
:10C080000122B240114202D084F82430F8BDB3FB43
:10C09000F5F205FB1233013303F0FF0304F11B013A
:10C0A00011F8012F9A4219D311F8055C00220126DC
:10C0B00006FA02F72F4208D0013B13F0FF0304D128
:10C0C00002EBC00284F82420E0E70132082AEFD115
:10C0D0000130C0B20528E3D1D721B7E79B1ADBB204
:10C0E000F6E7E288096A04F11600FFF779FF84F8A1
:10C0F0002400CBE70378890123F0400301F04001DD
:10C100000B4303707047037803F07F0343EAC113C6
:10C11000037070471F2A38B50546144603D9A82175
:10C120002A20F4F737FF09300634FEF739FA6C702D
:10C1300038BD1F2A38B50546144603D9CA212A201E
:10C14000F4F728FF09300634FEF72AFA6C7038BD80
:10C15000037803F00F03032B02463ED0052B42D198
:10C16000C37F90F82000034392F82100034392F824
:10C170002200034392F8230000F01F00184333D03D
:10C180005378222B2FD1B2F81930B1B1B3F5506FDB
:10C1900013D940F607518B4225D8B2F81B30B3F5BE
:10C1A000FA7F20D2B2F81D000A3880B240F67643FA
:10C1B00098428CBF002001207047991F89B240F639
:10C1C0007A4081420FD8917D481E07280BD89942AA
:10C1D00009D2B2F817109942DEE74078A0F10C03BB
:10C1E000584258417047002070478388A1B1B3F589
:10C1F000506F11D940F6075293421BD8C388B3F54C
:10C20000FA7F17D200890A3880B240F67643984206
:10C210008CBF0020012070479A420BD8B3F5486FBD
:10C2200008D84278511E072904D89A4202D242887F
:10C230009A42E2E7002070472DE9F3470E4601A934
:10C2400014469946FFF72BFE054618B9019F2CB9F5
:10C2500001237B75012002B0BDE8F087D7F8BC80D0
:10C2600021464046FEF756FC824608B90020F2E718
:10C27000F6F7ECF88442F9D851464046FEF789FDBE
:10C280007B7DA0F80150002B18BF0226494600F81C
:10C29000036B2246FEF784F921464046FEF775FC03
:10C2A00018B983212B20F4F775FE01A8FFF719F8C0
:10C2B000019BA3F8B2517D75CCE74378C3F301111C
:10C2C000012910B502460ED0022915D0047803F0DA
:10C2D0000F00131D5288022144EA0020FFF7ACFF33
:10C2E00038B1012010BD047803F00F00131D5288EF
:10C2F000F2E7F7F72BFAF4E70020F3E71A230B70C5
:10C3000001234B708B707047F7F7F8B810B521B95F
:10C3100040F2A9211020F4F73DFE4A600B72EFF3C2
:10C32000108472B6031D0B6042681AB1127A012A9A
:10C3300008BF036003681960016004B962B6BDE814
:10C340001040F7F725B90222F7F7EEB90322F7F705
:10C35000EBB90422F7F7E8B90222F7F729BA8D23DF
:10C360000B7030F8953CA1F8033030F8573CA1F839
:10C37000053030F8533CA1F8073030F8553CA1F8AF
:10C38000093030F8513CA1F80B307047012908B54D
:10C3900003D10E30C00080B208BD022902D10F3097
:10C3A0008000F8E74FF40C710620F4F7F3FD30B588
:10C3B00087B004460D46F6F74FF880B334F89E4C2C
:10C3C00069462046FFF794F818B1FB212C20F4F7BA
:10C3D000E1FDBDF80630ADF80E30BDF80830ADF81F
:10C3E0001030BDF80230ADF8123003A8BDF80430AB
:10C3F000ADF80C40ADF81430FFF758F810B14FF419
:10C400008271E3E7ADF80C009DF80C30002063F377
:10C4100007009DF80D3063F30F2007B030BD2B46A9
:10C420008E2203F8032BD4F80920C5F80320D4F892
:10C430000D205A60B4F811201A810423ADF80C3095
:10C44000E2E740687047C08A704710B58A880B8958
:10C45000CC884988A0F85410A0F85840A0F856207D
:10C46000A0F85A3010BD8383BDF8003001834283A9
:10C47000C3837047034670B5B3F84C10B3F8582027
:10C48000B3F85A40B3F84850B0F84260B0F84600EC
:10C49000914228BF1146B3F85020A3F84210A2429F
:10C4A00028BF2246B3F84A40A3F84620944238BF3A
:10C4B00014468D4238BF0D468E42A3F84850A3F86B
:10C4C0004A4021D1801A18BF0120B3F84E10B3F8AA
:10C4D0005420B3F85660B3F84050B3F8444091424A
:10C4E00028BF1146B3F85220A3F84010B24228BF2B
:10C4F00032468D42A3F8442008D1944218BF40F040
:10C50000010000F0010070BD0120DEE70120F8E726
:10C5100038B5C58B438C04469D42007A28BF1D4622
:10C52000FFF734FF6389AB4228BF2B46984238BFE0
:10C53000184680B238BD2DE9F04106460F46808985
:10C54000194698461446FFF721FF414605463046F6
:10C55000FFF7DEFF854228BF05469DF81810B08A18
:10C56000FFF714FFF38A834228BF0346ADB2A01D34
:10C5700015FA83F338441844BDE8F08107B590F804
:10C580006D30009390F86C30002296213430FFF724
:10C59000D2FF03B05DF804FB38B50D4619461446CA
:10C5A000FFF7ECFF96342044A84294BF281A0020DD
:10C5B00038BD38B50D4611460446FFF7DFFF284465
:10C5C000A06338BD01F19C0383423DBF9C38401AF3
:10C5D00040080020704700F05503400800F0550067
:10C5E000034403F033009B0803F03303034403F0D8
:10C5F0000F0000EB13107047036800229A7383F852
:10C600004A20A3F84620704703680022A3F84E2072
:10C6100093F85020013283F85020704708B5026823
:10C6200092F85030013B5BB2002B82F8503003DAB5
:10C6300052214A20F4F7AEFC08BDA0F10903042BF7
:10C6400009D9A0F14603012B05D9233807288CBF4F
:10C65000002001207047012070470268136810B560
:10C6600013F0080408D143F00803136082F898100F
:10C67000FFF7CAFF204610BD0120FCE730F8023C5E
:10C68000F7B5B0F8827005460E4673B101226846D0
:10C690008DF80020ADF80170ADF80330F5F770FFAC
:10C6A00018B195216320F4F775FC832300243370BF
:10C6B000B470A6F803706B7AD5F898007371FEF722
:10C6C000D3FA08B9BA21EDE721463846F4F7A4FFBA
:10C6D0004FF4017303F00402204662F307001B0AC3
:10C6E00063F30F2003B0F0BD03681A7C063A012AF9
:10C6F00081BF4A785A7406221A7400207047026873
:10C70000137C063B012B84BF07231374704770B55D
:10C710000268D57BE5B9CB88D688A2F86C32013B9C
:10C720009B1B9BB247F6FD76B34206D9282382F8BD
:10C730003130F7F70FFA284670BDD1F80130C2F852
:10C740006E324B7982F8723203680922DA73F2E7AB
:10C750000125F0E70B46822203F8032BD0F80920CD
:10C76000C1F80320D0F80D205A60427C1A720023D1
:10C77000CB70704770B50368DD7B06460C46002D14
:10C780003CD1062229462046FFF72FFD28B9217803
:10C790003046BDE87040FFF760BF32686389D188DA
:10C7A000A2F86C32013B5B1A9BB247F6FD718B42DB
:10C7B00007D9282382F831303046F7F7CBF92846DD
:10C7C00070BDA38840F2E2414B43C2F874326378F3
:10C7D000C3EB431003EB800303EB83035B00A2F87E
:10C7E0006E3263884B43C2F87032E388A2F8783225
:10C7F0002389A2F87A320C23D373E0E70125DEE720
:10C800000B46842203F8022BD0F80920C1F802203D
:10C81000D0F80D205A6070470B46852203F8022B92
:10C82000D0F80920C1F80220B0F80D209A80704796
:10C8300038B50368DC7B054634B1103C0F2C8CBF47
:10C8400001240824204638BD1B7D002BFAD0FFF7B9
:10C85000DBFE2B681022DA73F4E708B50368DA7B95
:10C86000152A04D040F253211F20F4F793FB012234
:10C8700083F851201722DA7308BD0368DA7B112A86
:10C8800003BF12220020DA730220704710B503683C
:10C89000DB7B1B2B044606D1FFF7C0FE23681F225B
:10C8A000DA73002010BD0220FCE708B50368DA7BCC
:10C8B000102A04D040F27E211F20F4F76BFB0122E6
:10C8C00083F851201122DA7308BD08B50368DA7BBA
:10C8D000172A04D040F28A211F20F4F75BFB1B22A9
:10C8E000DA7308BD3E230B700C234B7004238B704E
:10C8F000D0F80930C1F80330D0F80D30C1F8073056
:10C90000B0F81130A1F80B30C37C4B73704708B5F9
:10C9100003689A7B1AB1CF211C20F4F73BFB042259
:10C920009A7308BD026808B51368D90703D4DD21DE
:10C930001C20F4F72FFB23F001031360BDE808402F
:10C94000FFF76CBE87230B7030F88C3C4B80704730
:10C9500003689A7B0E2A01BF002283F83E2083F8E9
:10C960004A209A730020704738B505682B6813F089
:10C97000040407D1FFF748FE2B6843F004032B6043
:10C98000204638BD0120FCE70268136823F0040349
:10C990001360FFF743BE08B503689A7B1AB1722192
:10C9A0004B20F4F7F7FA0E229A7308BD10B5D0E9C0
:10C9B0000D42A24206D38B8C498E05334B43121B8A
:10C9C000934202D3012380F83E3010BD0C230B703C
:10C9D00008234B7000238B70B0F85630A1F8033059
:10C9E000437A4B714389CB8083890B81704710B5A3
:10C9F000046894F853309A070CD4A37B1BB17721B9
:10CA00004020F4F7C7FA0122A27384F84A20A4F860
:10CA1000463010BD23689B0705D5FFF7FFFD23684F
:10CA200023F002032360002384F83231F1E710B5CC
:10CA30000B794C790A68012843EA042108BF41F4C4
:10CA40008031104610BD07B5FFF7F1FF0DF1070269
:10CA5000F7F7AEFA03B05DF804FB07B5002301A8B1
:10CA60000193FAF7C3FD019810F0030018BF0120ED
:10CA700003B05DF804FB08B5FFF7EFFF002814BF13
:10CA80001420002008BD08B503689A7B1AB126213E
:10CA9000A320F4F77FFA20229A7308BDF7B5056842
:10CAA000AB7B203B022B06460C462BD8B1F8051079
:10CAB0001A2921D9B4F80730B3F5A47F1CD3B4F8F0
:10CAC00001201A2A18D9B4F80300B0F5A47F13D3B3
:10CAD000009005F1A80405F1DC00FFF7C4FC204636
:10CAE0003768FFF7C7FC18B107F23F10F6F782FE70
:10CAF00030680621F7F752FF002085F84A00A87336
:10CB000003B0F0BD0120FBE702681368D90610B539
:10CB1000044603D4B821A320F4F73CFA990601D5C2
:10CB2000B921F8E723F010031360FFF777FD2068C1
:10CB30000621BDE81040F7F731BF10B5FAF70CFB3E
:10CB40000446FFF798FF04F55F43BE304FF47A7256
:10CB50004133B3FBF2F3184410BD10B5044690F80E
:10CB60006D00FFF7EAFF012201462046BDE81040B4
:10CB7000FFF71FBD7FB5044618B9A5213020F4F793
:10CB800009FA052900F2B580DFE801F003AE2A2595
:10CB9000B3A990F80032C288A3B1B0F8FE31934235
:10CBA00008BFB0F8B4319A1AA0F8B621E380D4E9EE
:10CBB00090232046C4E99223F8F7E2FF94F84C3022
:10CBC00004B070BDB0F8FC319B1AA0F8B631B0F8D3
:10CBD000FC319BB2EAE704B0BDE87040FAF70CBA4A
:10CBE000FBF75CFAD4E99223801A61EB0301012878
:10CBF00071F1000302DA40F20161BFE76FF0010357
:10CC000083424FF000038B4102DA40F20261B5E744
:10CC1000D4F8C4300BB1B0FBF3F3E17BB4F8FE21E0
:10CC20000C2931D10132A4F8FE21B4F86232E58832
:10CC30000133A4F86232B4F842301D44B4F84030F5
:10CC4000013DED1AADB203AEB4F8FE116B1A180433
:10CC500034D4002300961A462046F7F751FA0128EB
:10CC6000AED1B4F8FE21B4F8B011BDF80C301344C5
:10CC7000521A12049BB204D5EA1A12F4004F18BFDC
:10CC80000B46A4F8FE31DFE7E1880B449BB2D11AD2
:10CC90000D044DBF0133013293B29BB2A4F8FE31B3
:10CCA00094F80132002BC0D1B4F8B431B4F8FE21AD
:10CCB000934204BF0133A4F8FE31B6E7A37C03948A
:10CCC000002B14BF08233E23304684F83130F6F79A
:10CCD00041FF204600F087FC0023637370E704B037
:10CCE000BDE87040FEF7FBB9437B042BF4D0C621AE
:10CCF00044E7CB2142E713B500234373A0F8603229
:10CD00001A46009319460446F7F7FAF920B140F2A3
:10CD1000E7113020F4F73EF901236373C4F8E8010A
:10CD2000C4F8E001A4F8FE01A4F8FC0184F80102B3
:10CD3000E388A4F86202013BE38002B010BDD0F8A2
:10CD4000E800704738B5044690F828319BB1FF23BE
:10CD500080F83031012100F09FFA94F8283153B166
:10CD600004F1C0052846FBF74FFA2846FBF760FAA6
:10CD7000002384F82831002038BD08B590F8302110
:10CD800042B990F8EC2042B1D0E93C31994202D945
:10CD9000F8F73AFC0022104608BD0122FBE710B567
:10CDA0000446FFF768FEE269636B9A4228BF1A46A1
:10CDB00000F5C1711046FFF705FC40F648039842A4
:10CDC00028BF184680B210BD7FB5044690F84C309D
:10CDD00003F0FF05002B58D1437B032B55D1FBF704
:10CDE0005DF9D4E99223801A61EB0301012871F106
:10CDF00000034ADB6FF00103834275EB010104DAA3
:10CE000040F2AA513020F4F7C5F8D4F8C420E388E2
:10CE10000AB1B0FBF2F2013313449BB2A4F8FC3127
:10CE2000B4F8FC21B4F8B4319B1A1BB2002B2CDDF2
:10CE300004F50270FBF7E8F938B3FF2384F80132F8
:10CE4000B4F84230E5881D44B4F84030013DED1A95
:10CE5000ADB20DF10E06B4F8FC31EB1A1B0414D47C
:10CE6000B4F8FC1100960023012289B22046F7F79E
:10CE700047F9012809D1B4F8FC31BDF80E2012FAA7
:10CE800083F39BB2A4F8FC31E5E704B070BD2DE953
:10CE900070430C461546E2B9F9F7E6FDD4E9468938
:10CEA000064684F8EC5084F82851D4F8E800F6F7E8
:10CEB00073FAD4F8E800C0E99289C0E99689C0F80D
:10CEC0006462FFF718FFF9F761FFBDE87043FCF7F4
:10CED000EDB940F2C3713020F4F75CF870B5044648
:10CEE00021B1012978D040F2D37172E000F007F946
:10CEF00094F8293105460E46DBB150EA010318D0FB
:10CF0000D4E93E32D4E94601C01A61EB020133464E
:10CF10002A46FDF7B1FA05FB01F300FB0633A5FB3A
:10CF200000021344D4E93E21121843EB0103C4E983
:10CF30003E23E08B30B1F6F777FCE38BB0FBF3F2E6
:10CF400002FB1300D4E93E32ED1846EB02062D1821
:10CF50004FF0000346F1000640F20242C4E93E569B
:10CF6000C4E9465684F80831A4F8102184F8293120
:10CF700094F8303103F0FF01DBB9D4E948026FF0D7
:10CF800000439A4208BFB0F1FF3F18D02046D4E9D1
:10CF9000465600F0A9F8D4E94832E5305B1B62EB55
:10CFA00006021B1A62F10002002A08DA2046F8F78E
:10CFB0002BFBF9F7EBFEBDE87040FCF777B904F501
:10CFC000847104F1C000FCF78BF90028F1D14FF413
:10CFD000E0613020F3F7DEFF002380F8EC30E8E773
:10CFE00090F82801003818BF012070470B468C22AA
:10CFF00003F8032BD0F80920C1F80320D0F80D2046
:10D000005A60704738B50B46882203F8032B0C464C
:10D0100000F10902293052F8041B43F8041B824234
:10D02000F9D112781A70A5880123A371002128462E
:10D03000F4F7DCFA58B1E3784BB100212846F4F755
:10D04000EBFA20B140F233212D20F3F7A3FF38BDD6
:10D050000121F8F76DB8FFF7FBBF90F872300BB104
:10D060000120704790F8AA2002F0FF03002AF7D1B0
:10D0700090F89C201846704737B504460D464FF48B
:10D080009C720021FDF74CFAFF2323701323638069
:10D0900042F21073E383F4F7A5FB00220146A0627D
:10D0A0006846FDF727FFA06A00220121FDF76EFF09
:10D0B000A16A68460422FDF71DFF0022A06A1146FE
:10D0C000FDF764FF04F12000A57403B0BDE8304013
:10D0D00000F019B9FF23886A0B70FDF708BF0078CC
:10D0E000FF3818BF0120704710B50446203000F00B
:10D0F00060F961882822F8F7B9FA6D3010BDD0E9DF
:10D10000020170472DE9F04F07460C4606460FCF47
:10D110008FB006AD0FC597E80F000DF1100885E838
:10D120000F00404600F0EFF8677894F8149094F8F8
:10D130000AA094F800B007F07F05B9F1010F2F465F
:10D1400007D0B9F1020F04D040F212310620F3F7F4
:10D1500021FF617A404600F0DDF8237D227F022B1B
:10D1600008BF617D02F1010206BF0131C9B2012190
:10D17000D2B2404600F0D0F815F0080360D1404626
:10D18000019300F016F928223946F8F76FFAE5788E
:10D19000019B00F52472207945EA0025607940F270
:10D1A000712145EA00454D43B2FBF1F24A43AA42E0
:10D1B0000AD9E079A57945EA0025207A45EA0045B3
:10D1C0004D43954228BF1546227E0393531E5A4273
:10D1D0005A41A17CB06A02910192FDF75EFFB06AEC
:10D1E000FDF76BFF039B019A02998DF818B0ADF81B
:10D1F0001A7008958DF828208DF82B108DF82CA02A
:10D200008DF81C90099306AF0FCF35460FC597E8F0
:10D210000F0085E80F0098E803003062B184E37ADC
:10D2200003F0FD03003B18BF012386F84F30E3688D
:10D230003365238AA6F8543000200FB0BDE8F08F84
:10D2400000252B46C0E74FF40043C38443881D2BC1
:10D2500008BF00214174704790F912007047408860
:10D2600000F0010070478078C0F34000704780787C
:10D27000C0F3C000704790F84830816181F8B33046
:10D28000D0F84930C1F8B430B0F84D30A1F8B8301A
:10D2900070477047F7F7BABC80F86810704782781B
:10D2A000034612F0010002D0D978C90710D59007C3
:10D2B00002D5D97889070AD512F0040008D0D878A9
:10D2C000C0F3800080F001008000C0B270470220EF
:10D2D0007047C0F34002C0F38003134400F0010024
:10D2E00018447047022808B507D0042807D0012841
:10D2F00007D039212E20F3F74DFE262008BD272028
:10D30000FCE72520FAE70023C0F802300123437030
:10D31000037070478170704710B54270017080785B
:10D320001446FFF7D6FF10FB01F010FB04F2FE2AB3
:10D3300003DD5C212E20F3F72DFE10BD0023C3700A
:10D3400043710371704710B50446FFF7A8FF637976
:10D3500062780133DBB29A4263710FD1E378A1782E
:10D360000343DBB29942E37008BF23794FF0000218
:10D3700008BF0133627104BFE2702371BDE8104041
:10D38000FFF7B0BF38B501468078FFF7A2FF04462B
:10D39000C8784D78FFF79DFF0A790B789B1A13FB2D
:10D3A00005F34A7913FB04F39B1A00FB1530C0B256
:10D3B00038BD08B501468078FFF78BFF4B780A78B7
:10D3C00013FB02F313FB00F0C0B208BD40F2EF20E4
:10D3D000704740F25A335843704738B513680E38D7
:10D3E00014460D469A7B09283ED8DFE800F0053D3B
:10D3F0003D3D0F3D183D3D27042A05D12046FFF74E
:10D40000FBF82046F6F714FD002038BD0E2AFBD1AC
:10D41000002220461146BDE83840FFF799BA202A7D
:10D42000F2D12046FFF7E8F8002DEDD0226892F8FF
:10D43000623023F0200382F86230E5E7DA7B262AA7
:10D44000E2D10025DD732046FFF7E8F8236893F862
:10D450002C31012B03D129462046F5F7C3FB236865
:10D46000002283F82C21CFE740F262213120F3F72C
:10D4700091FD08B50368DA7B172A04D040F27E518B
:10D480003120F3F787FD1D22DA7308BD08B590F847
:10D490009E30FE2B04D040F66F113120F3F77AFD59
:10D4A000002380F89E1080F89F3012B9A0F84E201B
:10D4B00008BDA0F84630012380F84A30F8E708B5E7
:10D4C0000368DA7B342A05D10022DA73BDE808400C
:10D4D000FFF7A4B8172A02D11D22DA7308BD40F263
:10D4E00093513120F3F756FD08B503689A7B082A5B
:10D4F0000AD193F8991093F8A020914204D1002208
:10D500009A7383F84A2008BD1A68110706D522F0DD
:10D5100008021A60BDE80840FFF780B84FF4AF6119
:10D520003120F3F737FD037D63B9C37BA3F10F020D
:10D53000032A07D990F8520028B11F2B8CBF002076
:10D540000120704701207047024600684978837BBC
:10D55000202B13D00AD8042B12D00E2B12D0C37B51
:10D56000262B0CBF1720FE20F8F73EBA2A2B03D03B
:10D570002C2B09D0242BF2D11620F5E71420F3E749
:10D580000E20F1E71220EFE72320EDE702460068C6
:10D590000B4690F8621041F0040180F8621099780F
:10D5A0005878F8F721BA38B50C460546D1E92F016D
:10D5B000F4F7CCF8637B3BB104F502742046FAF72C
:10D5C00023FE2046FAF734FE28460221BDE8384003
:10D5D000F4F722B80020704708B5F6F76FF9BDE8F8
:10D5E0000840F6F71DBB0022C281827490F84C30CF
:10D5F00013B10221F7F7D2B90321FBE738B504468E
:10D600000846E37B03F0FD0394F8682212B10C2571
:10D61000284638BD152BFAD194F8843203F0FF0563
:10D62000002BF4D191B194F8D63123B940F66C3186
:10D630003120F3F7AFFC052304F1800204F5E37118
:10D64000FCF7CCFD012384F86832E1E70223FAE716
:10D65000F6F7A8B908B5F9F7D5F9F8F7C1FFF8F763
:10D6600019FFBDE80840F9F7DBBD10B5C824F8F78D
:10D6700071FF022808D1013C14F0FF04F7D1062005
:10D68000F6F772F8204610BD431E58425841FAE79B
:10D690004FF08053D3F8A00000F0010070474FF026
:10D6A0008053D3F8A420D3F8A830511C9BB203D1E7
:10D6B0004FF6FF718B4203D00260838001207047D8
:10D6C000002070474FF0805330B5D3F89050D3F816
:10D6D0009440D3F89810D3F89C2005EA04030B403B
:10D6E000134001331FBF056044608160C2600CBFFE
:10D6F0000020012030BD4FF0805330B5D3F880506A
:10D70000D3F88440D3F88810D3F88C2005EA0403BA
:10D710000B40134001331FBF056044608160C2604D
:10D720000CBF0020012030BD10B5F9F7A5F9044663
:10D73000FAF700FE201841F1000110BD38B504468B
:10D740001546F8F7DBFF2A4601462046BDE838407B
:10D75000F9F7B8BA10B504460846F9F7FDFC4FF4DE
:10D760007A73B0FBF3F0201A10BD10B504460846DA
:10D77000F9F7F2FC023C00F2E7334FF47A72B3FBA4
:10D78000F2F3E01A10BD08B5FCF7DAFDBDE8084079
:10D79000FAF706B8801A00F3070038B540B20D4614
:10D7A00059B21446F9F7ECFF002328706B7020443F
:10D7B00040B238BD002303607047704700207047B7
:10D7C0004FF0FF3070474FF0FF30704770474FF019
:10D7D000FF3070470020704700207047002303701F
:10D7E00070479DF800300022FFF7D4BF4FF0FF30A4
:10D7F0007047002070474FF0FF3070474FF0FF3008
:10D8000070477047C0B208B520B94FF0804301227D
:10D810001A6008BD4D21B520FCF798FB0020FAF7EF
:10D8200017B84FF08043D3F8080400F001007047A8
:10D830004FF08043D3F8140400F0010070474FF01C
:10D840008043D3F81C0400F0030070474FF080427F
:10D85000D2F81834D2F81824C3F3004302F00302BC
:10D86000824214BF002003F0010070470020FAF745
:10D8700065B80020FAF790B80020F9F7E9BF70B555
:10D88000FCF7F0FA002405462646E0B2854200D8AF
:10D8900070BDFCF7EDFA0134068580F82A60F4E7E4
:10D8A000F8B5037904461BB11B219D20FCF74EFB04
:10D8B0004679017126B901234371217909B9617152
:10D8C000F8BD276826712046B84702280546F4D1DE
:10D8D00003212046B84708B12F21E6E723682946EF
:10D8E000204698470028E8D03021DEE7034600684C
:10D8F00000B970478842F9D102681A607047034640
:10D90000002018707047EFF3108272B6037801217F
:10D91000DBB2017002B962B6012B0CBF6FF02200BE
:10D9200000207047EFF3108372B60022027003B933
:10D9300062B600207047FCF7DDBCFCF725BDFCF7A4
:10D9400023BD00280CBF6FF0150000207047002099
:10D9500070470723037000207047002070470020A5
:10D960007047034611F8012B03F8012B002AF9D167
:10D970007047034613F8012B002AFBD1181A01380F
:10D9800070472DE9F0478C468E46089E15460446A2
:10D990001946002B40F0D080724547D9B2FA82F781
:10D9A0004FB1C7F120030EFA07FC20FA03F3BD4084
:10D9B00043EA0C0CBC404FEA154EA8B2BCFBFEF883
:10D9C000230C0EFB18CC08FB00F943EA0C439945E5
:10D9D00028D9EB1808F1FF3204D2994502D9A8F1F1
:10D9E00002022B44A3EB0903A4B2B3FBFEFC0EFB23
:10D9F0001C330CFB00F044EA0344A04214D92C1958
:10DA00000CF1FF3304D2A04202D9ACF102032C4442
:10DA1000241A43EA02401EB1FC40002334607360C4
:10DA2000BDE8F0874246DDE76346F1E7002A79D09A
:10DA3000B2FA82F3002B3FD01946C1F1200302FA5B
:10DA400001F52EFA03F20EFA01FE20FA03F343EA7F
:10DA50000E034FEA154E00FA01F4B2FBFEFCAFB222
:10DA60000EFB1C201A0C0CFB07F842EA0042904502
:10DA70005AD9AA180CF1FF3004D2904502D9ACF162
:10DA800002002A44A2EB08029BB2B2FBFEFC0EFB92
:10DA90001C220CFB07F743EA02439F4246D9EB18CE
:10DAA0000CF1FF3204D29F4202D9ACF102022B44A6
:10DAB000DB1B42EA004202E0AEEB020301224FEA26
:10DAC000154EAFB2B3FBFEFC200C0EFB1C330CFB5F
:10DAD00007F840EA034398452AD9EB180CF1FF30C8
:10DAE00004D2984502D9ACF102002B44A3EB080301
:10DAF000A4B2B3FBFEFC0EFB1C330CFB07F744EA9D
:10DB00000344A74216D92C190CF1FF3304D2A742C3
:10DB100002D9ACF102032C44E41B43EA00400F4657
:10DB2000114678E71F2188E76046ABE76246BFE70A
:10DB30006046DBE76346EFE7734506D916B9002177
:10DB400008466DE7C6E9000EF9E7B3FA83F787B92F
:10DB5000734501D3824207D8841A6EEB0303012078
:10DB60009C461EB900215BE73846FAE7C6E9004C3F
:10DB7000F8E7C7F1200CBB4022FA0CF51D4320FA50
:10DB80000CF12EFA0CF30EFA07FE41EA0E014FEAF1
:10DB9000154900FA07F4B3FBF9F81FFA85FE09FBF3
:10DBA00018300B0C08FB0EFA43EA00439A4502FAC0
:10DBB00007F240D9EB1808F1FF3004D29A4502D998
:10DBC000A8F102002B44A3EB0A0389B2B3FBF9F8D6
:10DBD00009FB183308FB0EFE41EA03418E452CD9A0
:10DBE000691808F1FF3304D28E4502D9A8F1020367
:10DBF000294443EA0040A0FB0298A1EB0E014145F5
:10DC0000CE46434602D306D14C4504D2B9EB020EB0
:10DC100068EB05030138002EA4D0B4EB0E0261EBD3
:10DC2000030101FA0CFC22FA07F34CEA0303F94062
:10DC3000C6E9003196E74046C5E74346D9E700000C
:10DC4000F0B5002285B0114602AF40F6034006F061
:10DC5000FFF9044600285BD105F0CCFF21463A1DB0
:10DC600041F2030006F0F4F90446002850D17A6826
:10DC7000294DD168D1F80100D1F8051005F17803DC
:10DC800003C3104605F07EF921463A1D41F201001A
:10DC900006F0DEF9044600283AD17868C3685A785D
:10DCA00085F870205A88A5F872201A7985F87120B5
:10DCB000B3F80720A5F87420B3F80530A5F876303E
:10DCC00005F060F921463A1D41F2020006F0C0F964
:10DCD0000446E8B9D7F804C0DCF80C2005F180064A
:10DCE000531C413218685968344603C408339342C0
:10DCF0002646F7D1604605F045F995F87C305A067E
:10DD000010D4064A0648012115F0B4FC6FF0120445
:10DD100020460C37BD46F0BD4021002017AF020061
:10DD2000987F02003A1D002142F2030006F090F9AC
:10DD300004460028ECD17A68A94BD168D1F80100DB
:10DD4000D1F8051003C3104605F01CF921463A1D11
:10DD500042F2020006F07CF904460028D8D17E6821
:10DD6000F468B4F801309AB292B1E27882B1A5F8C1
:10DD7000FC30E378032B06D00322009299489A4A9C
:10DD8000022115F095F9E2789848114618F023FC25
:10DD9000304605F0F7F895F87C601F2316F0200652
:10DDA000A5F8103119D14FF0FF304FF0FF3105F0D9
:10DDB00049FF0446002800F0BE8102210C3015F016
:10DDC000F1FA0123037046702146324640F66D4059
:10DDD00006F03EF9044600289AD195F89C301B07BE
:10DDE00012D53A1D002142F21C0006F031F904461A
:10DDF00000288DD17868C368D3F80120D3F80530A6
:10DE0000C5E9382305F0BEF895F8D8309E0623D52D
:10DE1000B91C384606F0C4F9044600287FF478AFF0
:10DE20004FF0FF304FF0FF3105F00CFF06460028A1
:10DE300000F0818104210C3015F0B4FA3B88038096
:10DE40007B8843802246314642F2240006F000F9E6
:10DE5000044600287FF45CAF95F8D8305C0610D5F6
:10DE60003A1D002142F22A0006F0F2F8044600288A
:10DE70007FF44EAF7868C3685B7885F8123105F09F
:10DE800081F84FF0FF304FF0FF3105F0DBFE064622
:10DE9000002800F0508108210C3015F083FA95F825
:10DEA000D84014F0400F40F20223024608BF03237B
:10DEB000A0074CBF43F02C0343F00C03A10695F8D8
:10DEC000D91048BF43F0400311F0090F18BF43F4C5
:10DED000006304F0010443EA0410002115F001FC82
:10DEE0000022314642F2010006F0B2F80446002852
:10DEF0007FF40EAF95F87C30B5F8FC1098065CD432
:10DF0000C9B93A1D41F2050006F0A2F804460028FE
:10DF10007FF4FEAEB5F8FC307C684BB9E368B3F82B
:10DF20000120A5F8FC209A883048114618F053FBD0
:10DF3000204605F027F84FF0FF304FF0FF3105F095
:10DF400081FE0446002800F0F68008210C3015F010
:10DF500029FA95F8D830D907024638D424484FF02A
:10DF6000005115F0BEFB2146002240F6014006F0AC
:10DF70006FF8044600287FF4CBAE01463A1D4FF6F9
:10DF8000014006F065F8002838D01A4A15480221E9
:10DF900015F070FBEB79002B40F0BD8006F0EEFF32
:10DFA000044600287FF4B4AE08F092FC0446002832
:10DFB0007FF4AEAE05F032FFAAE60029BBD10E4ACF
:10DFC0000848012115F056FB6FF00404A0E602A1F9
:10DFD000D1E90001C5E700BF908800020080002061
:10DFE00018220020987F02003BAF02004022002050
:10DFF00010880002A4AF020081AF02007B68DC68D9
:10E00000B4F80130042B96BF584A594952F82310EE
:10E010006E468AB002AA5748D3614FF40073138446
:10E02000554BC2E9050142F8103F54484FF41351D3
:10E0300015F033FBB4F80120B4F80330022AB546DA
:10E0400049D1052B47D84E4A52F823106E468AB064
:10E0500002AA4C48D3614FF400731384464BC2E9C3
:10E06000050142F8103F4FF41351444815F015FBD9
:10E07000637994F806C0D4F80900032BB54698BF1D
:10E08000414AB4F8076094BF52F8231038496C46EF
:10E090008CB002AADFF8F4E0C2E9073C4FF4007349
:10E0A00093853B4BC2E905E1C2E909604FF4735126
:10E0B00042F8103F314815F0F0FAA546786804F0B0
:10E0C00061FF3A1D00214FF6024005F0C1FF0446F2
:10E0D00018B1304A5AE72649B8E77868C368B3F8F8
:10E0E0000130A5F8C13004F04DFF95F8C1305A0752
:10E0F0007FF550AF3A1D21464FF6034005F0A8FFCB
:10E1000008B1254A42E77868C3685B7885F8C03073
:10E1100004F038FF3EE72E78002E7FF43FAF95F8ED
:10E12000C1309B061FD54FF0FF304FF0FF3105F097
:10E1300089FD044610B96FF06804E9E506210C304A
:10E1400015F030F9D5F801300360144B9B888380BB
:10E15000214632464FF6064005F07AFF0446002875
:10E160003FF41CAFD4E56FF08504D1E55087020081
:10E170005DAD0200C8AF020004000001987F0200FC
:10E1800038870200E1AF020028870200F9AF0200E1
:10E190000700000126B002004FB00200412100201C
:10E1A00008B5074813F069FE064817F036FA302222
:10E1B0000348012113F089FE034B00221A8008BD99
:10E1C000EC5A0020987C02005E63002010B5274CBA
:10E1D000274886B00023CDE90333059323788DF8D3
:10E1E0000430244B1B788DF80530234B1B88ADF889
:10E1F0000630224B1B88ADF80830214B1B88ADF848
:10E200000A3013F09DFF0390194813F097FFADF803
:10E21000100013F0D4FD00234FF47A72FCF776FA65
:10E2200023780590022B08BF9DF80530104804BFE5
:10E2300043F002038DF8053013F084FF28B19DF8F8
:10E24000053043F001038DF80530039A42B1BDF863
:10E2500010304FF47A714B43B3FBF2F3ADF8123048
:10E2600001A801F08FFF06B010BD00BF8163002040
:10E27000A05A0020806300205E6300205C630020C1
:10E28000CC260020B0F5967F28BF4FF49670052865
:10E2900098B538BF0520814238BF0146114A4FF476
:10E2A0007A7303FB00F4B1F5616F146028BF4FF47B
:10E2B00061610D4A00AF4B438AB013606A460B4B55
:10E2C0000791CDE90530642358430523B0FBF1F0F5
:10E2D0004FF42351089042F8103F054813F07DFD9C
:10E2E000BD4698BD6423002060230020548D0200A9
:10E2F0001880020058B1BFF35B8F054B012253E831
:10E30000001F43E800200028F9D1BFF35B8F70475E
:10E310009C580020064BBFF35B8F012253E8001F7F
:10E3200043E800200028F9D1BFF35B8F704700BF9E
:10E330009C5800202DE9F04F97B002AF414A424867
:10E34000032114F0A2FE414817F0FAFF002800F064
:10E35000F8833F4817F0F4FFB861002800F0F1831C
:10E360003B4817F02AF9C82013F03AFD4FF0A043BC
:10E37000D3F81035C3F30050C3F38031DB024AD524
:10E38000344B354A002918BF13466C468AB002AA9E
:10E39000324DDFF8CC90C2E9071340F20243C2E9E4
:10E3A00005509384294D2F4B42F8103F26484FF4D7
:10E3B000335113F012FDAB68A54601247B647B6CDE
:10E3C0005B6973B3284698474FF0A043EA46D3F8F9
:10E3D00010B58AB0CBF3005602AACBF38033536258
:10E3E0000623C2E90706C2E90594174842F8103F20
:10E3F0004FF443510BF4821B13F0EFFCBBF5821F6B
:10E40000D54611D1184A10482346032114F046FE80
:10E41000164D012445E0164B164A002908BF134645
:10E42000B3E76FF05700CFE70520013413F0D8FCB5
:10E43000062CC4D1002EEBD10F4A0348012114F061
:10E4400024FEE5E7728E0200188002007C7C020048
:10E45000987C0200C98D0200A88D0200AB8E0200DC
:10E46000E18E0200050000010A8F0200CDCCCCCC69
:10E47000008E02007C8D0200348F0200B24905FB41
:10E4800004F2B1EB720F05D3B04AB14800940221F7
:10E4900014F00EFE4FF4FA70013413F0A1FC3D2C81
:10E4A0000BD0AC49AC4800F067FB03460028E5D12F
:10E4B000AA4A137843F004031370A64801F06AF8DF
:10E4C000A44801F047FF20B9A44A137843F0080399
:10E4D0001370A34801F0E4FD01F0E8FDFFF760FED2
:10E4E000A04817F06AF8142013F07AFC30220121BA
:10E4F000994813F0EAFC9C4A9548DFF87092022193
:10E5000014F0C3FD502001F093FF13F058FCC7E94D
:10E51000101013F054FC964B99F800201B681B1840
:10E52000FB6341F10003BB63924B6C4688B053F828
:10E53000223002AA90498648C2E905134FF40073BD
:10E5400093838E4B42F8103F4FF0000A4FF4E65190
:10E5500013F043FCA546C7E902AAC7E909AAC7E91F
:10E5600004AA13F02CFC7B6998423B6971EB03030E
:10E5700004460D4645DB774800F0A4FF774A14F5C2
:10E58000FA637B6145F100033B61137843F01003AC
:10E590001370804699F80030002800F00181022BAA
:10E5A0005BD0012B01D1FFF7FBFD6E4688B002AABC
:10E5B000714B5361724B93614FF4007393836F4BB4
:10E5C00042F8103F4FF4E651614813F006FC6548ED
:10E5D000B54616F0F2FF142013F002FC40F6B832F4
:10E5E00003215D4813F0BAFC5E4817F016F85A484C
:10E5F0003022012113F069FC022389F80030FFF773
:10E60000E5FDBB6A9C427B6A75EB030325DB99F849
:10E610000030022B21D04F4807F1480100F0FAFDED
:10E62000061E0BDD574B1E8013F00BFF13F046FF49
:10E63000554A47483346032114F030FD00F03CFEB4
:10E64000524B40EAE070188047F23053E318BB6247
:10E6500045F100037B62FFF7B9FD02F0FDF800F021
:10E660007FFE99F80060012E00F0FB80022E00F082
:10E67000B480002E7FF475AF13F038FF00280DDB57
:10E68000A0F57A700028B8BF404278287B6CC8BFDC
:10E6900023467B643B6CC8BF2B463B6401F0EAFC1D
:10E6A00060B107F1480013F00EFF38B9B7F94C20FC
:10E6B000B7F94A10B7F9480001F0C6FD01F0A4FE11
:10E6C00050B113F059FF324A2148032114F0DDFC08
:10E6D000C7E91054C7E90E54BFF35B8F2D4B0022DE
:10E6E00053E8001F012903D143E800200028F7D197
:10E6F000BFF35B8F0CBF0126164611D0FB6B9C420B
:10E70000BB6B75EB0303C0F2A5807B6C2249E21A58
:10E710003B6C65EB0303914276EB0303C0F29A80F6
:10E72000104816F04AFF034600285AD01B4A0848F2
:10E73000012114F0B3FC0E4B1B681B19FB6345F160
:10E740000003BB630DE700BF99999919968F0200EA
:10E75000188002007C7C0200EC5A002080630020BC
:10E7600018830200987C0200C08F020081630020A1
:10E770006023002028830200F98F020003000001BB
:10E78000D69702005C6300200A900200CC2600208D
:10E79000189002009C58002020BF02002490020024
:10E7A000022B40F0C6816E4688B002AAAE4B536180
:10E7B000AE4B93614FF400739383AD4B42F8103F1F
:10E7C000AC484FF4E65113F008FBB54689F80080D9
:10E7D000FFF7FCFCC7E90E5413E7C82013F000FB59
:10E7E000BFE6142013F0FCFAA3488022012100F0B8
:10E7F00097FA034640B1A14A9E48012114F04EFC0D
:10E800009F4816F00AFF96E79E48642113F08DFC9E
:10E8100001239D4A89F800309C4BE8468AB0002EBF
:10E8200018BF134602AA9A4951619A499148C2E910
:10E830000613994B1362994B42F8103F4FF4235142
:10E8400013F0CBFAC546FFF7C1FC86F0010AC7E911
:10E85000025486E601F00EFC00280CBFC8201420EC
:10E86000BCE78F498448802213F0EEFB031E7B63D4
:10E8700040F34E8197F83410894801F0A5FC884B8D
:10E880003B624FF000083A6A52F8043B3A62C3F325
:10E890001201C3F3C7430022012BA7F848206AD016
:10E8A000804A00917348022114F002FC7B6B08F14E
:10E8B00001084345E7D101F0DDFB60B107F14800F5
:10E8C00013F001FE38B9B7F94C20B7F94A10B7F97F
:10E8D000480001F0B9FC6B4813F034FCFB68B4EB62
:10E8E000030BBB6865EB0308002840F01A81BAF1FE
:10E8F000000F00F01A8141F271739B4578F100031B
:10E90000ACBF01260026684B1B687B6301F09CFBB3
:10E91000002840F00C817B6B9B4578F1000803DAFE
:10E92000002E00F00481BE69FFF73AFC002389F84D
:10E9300000305E4B5E4A1B681B19FB6345F1000308
:10E94000BB63524B6C468AB0002E18BF134602AA16
:10E950004F49516145494748C2E906134E4B13627E
:10E960004E4B42F8103F4FF4235113F036FAA546B0
:10E97000FFF72CFCF5E507F14802424813F0EDFBE8
:10E980004C4A13680133136070B1B7F848205AB18C
:10E990000A21B2FBF1F301FB132292B20092354837
:10E9A000454A032114F084FB424B1B68632B7FF61E
:10E9B0007DAF344813F0C2FB3863324813F0C0FB1C
:10E9C000031EFB62C1BF3B6B4FF47A765E43034686
:10E9D000B7F84800CCBF96FBF3F600264FF00A0BC1
:10E9E00096FBFBF3FB610BFB136600286ED0334BE9
:10E9F00018800530B0FBFBF080B213F054FDB7F87F
:10EA00004830B3FBFBF291B20BFB123379601FFA73
:10EA100083FB01F00BFB1D4A2949C7F800D08EB0DB
:10EA2000002808BF114602AAFB6A93613B6BD361C1
:10EA3000FB6924485061C2E908367B681163C2E96A
:10EA40000A3B40F6060393861F4B42F8103F0948E5
:10EA500044F6C04113F0C1F9D7F800D0FFF7B6FB78
:10EA6000144A0023136021E7F98F02000590020089
:10EA70000300000118800200EC5A00203D900200C3
:10EA8000987C0200A05A00202F8E020043A30200AF
:10EA90005390020061900200000201030400000292
:10EAA000A05800206B900200642300206023002007
:10EAB000658E020098580020909002005E6300204E
:10EAC000408E0200A190020009000001224813F0CC
:10EAD00039FB224A224BEB468CB0002818BF134664
:10EAE00002AAF96A9161396BD1619362F9691D4893
:10EAF000506140F2046393851B4B1C48C2E9081621
:10EB000042F8103F4FF4735113F067F9DD46A5E763
:10EB10003FF4D1AE164A7B6B1448314614F0BEFA6E
:10EB2000C9E6C7E910544FF0000A5646EBE6142038
:10EB300054E6BB6A9C427B6A75EB0303FFF68DAD1E
:10EB400069E50C4A0948012114F09FFA6FF01200A0
:10EB50005437BD46BDE8F08FA05A0020468E020013
:10EB60005B8E0200CB9002000700000118800200BB
:10EB7000EA900200898E02002DE9F04F8DB000AFBF
:10EB8000624B01604FF0000B0446FB60D946012642
:10EB9000FB68206813F8015BFB60FF233B7507F1FE
:10EBA0001503C7E9063601222B4607F11801257126
:10EBB0004FF0030887F8159087F8169087F817909C
:10EBC00087F8208013F01CF94FF00203786087F873
:10EBD0002030206807F1140A2B46012207F11801A2
:10EBE000C7E906A613F00CF9B860002864D107F154
:10EBF0001603C7E90636206887F820802B460122D5
:10EC000007F1180113F0FCF8804607F11703C7E974
:10EC10000936072387F82C3007F118012B462068A6
:10EC200087F820900222C7E906A613F0E9F8C7F892
:10EC300000D08EB0B97DFB7D82466A4634480C9385
:10EC4000CDE9050578680790B8680923CDE908087B
:10EC5000CDE90A1A42F8103F2E48002344F6C001BD
:10EC600002F02AFED7F800D0BAF1000F27D197F8AA
:10EC700017A0BAF1360F28D0E8468AB06A46264B6C
:10EC8000CDF81CA0CDE9053536230893052342F8BD
:10EC9000103F204800234FF4225102F00DFEC546DC
:10ECA0000BF10103022B4FF0010B7FF471AF002336
:10ECB00023716FF0120025E04FF0FF38A5E7B8F19F
:10ECC000000FEDD197F816A0D3E707F11802002541
:10ECD000FE2120463D7613F0A2F821793B7E6C465A
:10ECE0008AB06A460D48CDE907A30523CDE90501A1
:10ECF00042F8103F07482B464FF4235102F0DCFD49
:10ED00002846A5463437BD46BDE8F08F31C902001C
:10ED100005910200208002004991020080910200CA
:10ED20002DE9F04F8DB00E4600AF15460D210122A2
:10ED3000804613F08EF80446002863D100214FF47A
:10ED4000A47017F03BFE214607F10F02404613F076
:10ED500066F802220D21404613F07BF80446002895
:10ED600050D1434B434A7E77C7E90423424BBB61F2
:10ED700020233B772123FB83404B3B62012E4FF046
:10ED8000230387F824300CBF2B46002387F8253057
:10ED9000022E4FF0240387F826300CBF2B460023A9
:10EDA00087F82730032E4FF0250387F828300CBF53
:10EDB0002B46002387F8293040F609737B85304BBA
:10EDC000FB6207F11009824699F801B099F800102A
:10EDD00079605A46404613F03CF879680446B0B171
:10EDE0006D468AB0274ACDE905216A460523CDE95B
:10EDF00007B042F8103F244800234FF4215102F09D
:10EE00005BFDAD4620463437BD46BDE8F08F0AF1C4
:10EE1000010ABAF1100F09F10209D5D102460D21FC
:10EE2000404613F016F804460028EBD1174B53F870
:10EE300026106E460C238CB06B436A461448079527
:10EE4000CDE905016420B3FBF0F100FB1133099318
:10EE50004FF40073ADF828300E4B089142F8103F84
:10EE6000094823464FF4535102F026FDB546C9E741
:10EE7000110B1218020003001340150122002A0092
:10EE80000A0E0A1EB791020020800200348302009D
:10EE9000D991020006000001F7B51E461B68044622
:10EEA00083FB043408466946CDE9003415460BF06F
:10EEB000AFFD0746E0B9019C0099C5F12002B5F10C
:10EEC000200304FA02F221FA05F141EA02015CBFD3
:10EED00044FA03F319432C41CDE9001411F1004128
:10EEE00044F1000414B1044813F0E7FC009B3360C4
:10EEF000384603B0F0BD00BF43920200014602480D
:10EF000083685B68184700BF607C020008B505484D
:10EF10004FF4D012092113F04EFABDE808400A2040
:10EF200013F057BAF07B02002DE9F04FCDB002AFDD
:10EF3000A94817F005FA48B9A84AA948012113F0D1
:10EF40001BFA07F59677BD46BDE8F08FA548DFF8B8
:10EF500098924FF4D0120B2113F02DFA322013F0B7
:10EF600038FA0026344607F1200507F11808002179
:10EF70006960A8F800101422C5F800906E7107F1BE
:10EF8000340018F019FD0123C7E90E3802233B6451
:10EF900029460C23904887F8443013F0BEF907F156
:10EFA000480A0AEB040BC4F1E001002800F0EA80F3
:10EFB0008E4A3346584612F085FC072E044403D08F
:10EFC000C32C06F10106D0DD6C4688B002AA884B3E
:10EFD0008348C2E9053A4FF400739383854B42F8A6
:10EFE000103F4FF4E65113F0C9F9A5460024264618
:10EFF00044F48073002123F0E0036960A8F8001056
:10F00000AB801422C5F8009007F1340018F0D4FC4E
:10F010000123A340C7E90E3802233B6429460C2391
:10F020006D4887F8443013F078F90AEB060BC6F107
:10F03000E00140B907F13400F960FFF75FFFF968BC
:10F04000002800F0BA806C4A00902346584612F01F
:10F0500039FC032C064403D0C72E04F10104C7DD9C
:10F06000E84688B002AA654B536107F148039361F3
:10F070004FF4007393835F4B42F8103F002507F174
:10F08000200457484FF4E65113F078F92946C54655
:10F0900014222046BD82FD8218F08EFC40F201123F
:10F0A000022607F1140AFA612946142207F13400F6
:10F0B000C7F828A0C7F8189007F1160B4FF00C09F5
:10F0C000FE6218F079FC4E4943483E64C7E90E6B76
:10F0D00087F8449013F021F9786020467E62A7F803
:10F0E0003090FFF70BFF07F11801B8603A4813F0B2
:10F0F00014F9F86007F13400FFF700FF92B0B7F998
:10F1000014C0D7F824A097F8301097F8313097F84A
:10F1100032E0B7F9164002AADFF8E8B0C2E905BC50
:10F12000D7F804C0C2E90B13FB68C2E907C5D7F8DA
:10F1300008C0C2E90F300D23C2E909CAC2E90DE4D3
:10F14000274842F8103F46F6C00113F017F904B003
:10F1500002AA2D4B53610123C2E90633032144F275
:10F160002803C2E90B130A23C2E908559662C2F8C4
:10F1700034901B4842F8103F45F2C00113F0FEF8EE
:10F18000C546DEE607F13400F960FFF7B7FEF9681F
:10F1900000287FF40DAFB8F800304FF4E16213FBA4
:10F1A00002F3002BB8BF03F6FF731B130093174A3B
:10F1B0003346584612F086FBFFE6B8F800304FF4AD
:10F1C000E16213FB02F3002BB8BF03F6FF731B13BE
:10F1D00000930F4A234639E7607C020067920200E1
:10F1E000688002000C7C0200020328407B9202002F
:10F1F0008C92020003000001C7920200DE9202001E
:10F2000092830200089302006A9302008392020034
:10F21000D3920200F0B585B0002306468DF80A307F
:10F220008DF80B30012748F20A030C46ADF80C307C
:10F23000FFF76CFE00970DF10A0305226A213046A4
:10F2400013F09FF888BB6A23022203A930469DF879
:10F250000A5013F084F840BB052013F0BAF8009769
:10F260000DF10B030A226A21304613F08AF8E0B947
:10F270009DF80B300E49C3F34112C3F38203023BE6
:10F28000DBB2052B8A5C9CBF0A49C85C1044C0B243
:10F2900004B120706D080A224FF4616315FB02353A
:10F2A00015FB00F56420B5FBF0F005B0F0BD00BF24
:10F2B00039C9020033C9020030B589B000211422D7
:10F2C00003A8ADF8061018F077FB0DF106030593BF
:10F2D000022306931E4817F033F8002835D01D4945
:10F2E0001B4813F01AF8044660BB1B4D1B484FF433
:10F2F000D0120B2113F05FF82B781BB94FF4487034
:10F3000013F067F8022304930C230DEB0300ADF810
:10F310001C30FFF7F3FD2B7804462BB90F484FF450
:10F32000B0120B2113F047F864B9BDF9063002930F
:10F330000C2202AB02214FF4E170FFF7ADFD044651
:10F3400000B9029C204609B030BD6FF01204F9E705
:10F35000607C020092830200826300200C7C020029
:10F360002DE9F04F83B002AF17F0D3FB4FF47A735F
:10F37000A0FB030603FB0166444BD3E90012C40B58
:10F3800044EA46448C424FEAD63676EB020279DBF9
:10F3900014F5FA7146F10002C3E900123C4816F078
:10F3A000CFFF834600286DD03A49394812F0B5FFA7
:10F3B0008246002866D138484FF4D0120B2112F053
:10F3C000FAFF364B01221A7013F016F8051E59DBAE
:10F3D000DFF8CC90334AD9F80030DFF8CC80934284
:10F3E0000CDBEA1A052A09DC5B1B052B06DCD8E9D5
:10F3F0000023944276EB030344DBD346B5F5FA7F52
:10F400002BDD42F21073A5F5FA7A03FB0AFA4BF2F0
:10F41000BC13BAFBF3FA0A23244ABAFBF3F003FB4A
:10F4200010A1234BEA468CB0BBF1000F18BF134666
:10F4300002AADFF880C0536240F2035313851E4BCB
:10F44000C2E90701C2E905C51C4842F8103F4FF464
:10F45000535112F093FFD5460BE0B5F5F07FDADAA1
:10F46000C5F5FA730093164A14482B46022113F08F
:10F470001FFE40F6B833E41846F10006C8E900461E
:10F48000C9F800500437BD46BDE8F08FE8340020CD
:10F49000607C0200928302000C7C020082630020E8
:10F4A0006C230020E0B1FFFFE034002043A3020002
:10F4B000BD9302000694020006000001688002006D
:10F4C000C79302002DE9F04385B002AF4FF4D0128C
:10F4D0000921804600242848BC7112F06CFF0520E9
:10F4E00012F077FF01220092BB1D6A21404612F004
:10F4F00048FF00283BD1BB79C3F3801484F001049A
:10F5000013F04005E4B205D11B484FF4B0120921B5
:10F5100012F051FF194E33689C4228D04FF0000979
:10F52000322087F8079012F054FF012300934A46D7
:10F53000FB1D6A21404612F024FF114A114BF97954
:10F540004D4508BF13466D468AB002AA0E48D161E8
:10F55000C2E905034FF4007313840C4B42F8103FCB
:10F560000B484FF4135112F009FFAD4634602046AA
:10F570000C37BD46BDE8F083F07B02006823002015
:10F580001E940200419402005D94020004000001F8
:10F59000688002002DE9F04FB1B0044602AF7D4A09
:10F5A0007D480321012612F0E7FEFFF7AFFC00962D
:10F5B000BB1900226A21204612F0E3FE07F108057C
:10F5C0008046002800F097800023FB703B71324694
:10F5D0006A23F91C204612F0C2FE8146002840F042
:10F5E00087803B1DC7E9023603233B7432466A23FA
:10F5F0002946204612F0A4FE824601233B810222C6
:10F600006A232946204612F0AAFE6E468CB03B794A
:10F6100002AA62495161C2E90A306A210823C2E99B
:10F620000618C2E9089A5C4842F8103F44F24001CB
:10F6300012F0A4FEB5460023294620463B72FFF790
:10F64000E9FD031E80F28E81554A5348012113F0D3
:10F6500025FD00230126FB700F220096FB1C6B2169
:10F66000204612F08EFE002800F084814D4A009062
:10F670006B234948314613F01BFDFFF71DFE031EA7
:10F6800080F22682484A4448012113F007FD4FF4D6
:10F6900080324648102112F08EFE0921444812F0B3
:10F6A0003FFE10210446414812F03AFE414A424BC7
:10F6B0006D468AB0002C18BF134602AA3F49C2E922
:10F6C000073040F2013393843D4B3348C2E90514BF
:10F6D00042F8103F4FF4335112F050FEAD46394A14
:10F6E0002D48032112F048FEBC37BD46BDE8F08F1F
:10F6F0004FF0FF3A81E70096BB1C32466A21204654
:10F7000012F03FFE7B78DFF8C090B9789A09EB469B
:10F710008CB059F8220002AAC2E9083140F2013344
:10F720001385DFF8A8C02A4BC2F814C04FF06A0A4C
:10F73000C2E906A04FF4535142F8103F164812F0A8
:10F740001DFEDD46FB1C87F8038003220096514610
:10F75000204612F016FE002864D1FA781006C2F393
:10F76000840339D50A26282213FB062643F60343D1
:10F770003B8102226A232946204612F0F0FD78BB25
:10F78000144A05483346032113F088FC3C23FB70E0
:10F79000142625E01E9602006880020038960200BA
:10F7A00061980200B4980200809902000C7C02006B
:10F7B000F07B0200EF9502000B960200A69A020071
:10F7C00005000001D89A02007C83020086960200A0
:10F7D00006000001C19602000F2B03F10506C5D1FA
:10F7E000FB789C4A9C489D4913F0020F08BF1046C5
:10F7F0009B4A13F0010FE8468CB008BF114602AADD
:10F80000DFF860C25362984B9362984BC2E90701DC
:10F81000C2E905C6964842F8103F4FF4635112F012
:10F82000ADFDC54600233B710123009302223B1D21
:10F830006A21204612F0A5FD002836D197F9040070
:10F840003979844A8B4B33EA200328BF13468A4A0E
:10F85000C1F341106E468AB052F8200002AADFF8C8
:10F860001CC2C2E905C3864B5362864BC2E907013D
:10F8700042F8103F7E484FF4435112F07FFD97F954
:10F8800004203B79002AB5460FDA03F07F030222F9
:10F890007B7229466A2320463A7212F060FD20B935
:10F8A000794A7348032112F067FDBE7816F04006CE
:10F8B00027D0764A6E48032112F05EFD97F9023098
:10F8C000002B04DA724A6A48022112F055FDBB7817
:10F8D000590604D56F4A6648022112F04DFDBB78E7
:10F8E0009A0604D56C4A6248022112F045FDBB78A5
:10F8F000DB067FF5A0AE694A5D48022112F03CFDAF
:10F9000099E667484FF4B012092112F054FD654A98
:10F910005748032112F030FDFA2012F05AFD01235E
:10F920003E72324600936A212B46204612F029FD92
:10F930000028C3D13B7A9A096E468AB059F8221042
:10F9400002AA5948D3614FF400731384574BC2E99C
:10F95000050142F8103F46484FF4135112F00EFDD6
:10F96000B546ABE73A7A424800920321504A13F079
:10F970009FFB6EE6FB78702B05D0712B15D06B22A8
:10F9800000924C4A75E64C4E4FF4C263BB80022293
:10F990006B23391D204612F0E2FC034638B1474A7A
:10F9A0003348012113F07AFB67E6454EECE732203D
:10F9B00012F00FFD0623009328222B466B212046D0
:10F9C00012F0DFFC034608B13E4AE9E76C4690B00E
:10F9D000B7F90800B7F90A10B7F90C3097F803C067
:10F9E00002AADFF8E4E0D362C2E905E66B26C2E9C9
:10F9F000076C4FF4FA66C2E9090110FB06F0002813
:10FA0000BCBF00F5FF407F30C01310634FF4FA60B5
:10FA100011FB00F10029BCBF01F5FF417F31C91383
:10FA200051634FF4FA6113FB01F3002BBCBF03F5E4
:10FA3000FF437F33DB1393634FF400739387234BB0
:10FA400042F8103F0A4845F6C04112F097FCA5461F
:10FA500013E600BF0396020076940200869402002B
:10FA60008D940200E59602000103020406000002E4
:10FA700068800200989402006C83020021970200C3
:10FA8000000201030500000249970200739702007B
:10FA9000079802001D98020034980200479802005F
:10FAA000F07B0200A4970200DF970200040000012F
:10FAB00078980200DA980200A194020002990200EC
:10FAC000A9940200209902003D9902000B00000158
:10FAD000844A85496C468AB0312BC8BF114602AAB8
:10FAE0008248D161C2E9050340F201331384804B9F
:10FAF00042F8103F7F48DFF800924FF4135112F0A4
:10FB00003DFC4FF4B012A5460B217C4812F053FC8B
:10FB10004FF4967012F05DFC78484FF4D0120B2130
:10FB200012F049FC00242646A04659F804AB504682
:10FB300012F04FFC7249734812F0EFFB12F05CFCBC
:10FB400056440090C4F1B00128196F4A334611F0B1
:10FB5000B9FE08F10108B8F10A0F044401D0972C4E
:10FB6000E3DD4FF0A044D4F82C37D4F80425C2F3D9
:10FB7000C02200925F48654A032113F099FA5F485A
:10FB80004FF4B0120B2112F016FC6E4688B002AA98
:10FB90005F4B5848C2E905354FF4007393835D4BC2
:10FBA00042F8103F4FF4E65112F0E8FB4FF40065C5
:10FBB000B5464FF00108FFF7B7F9C4F82C870520C8
:10FBC000C4F8085512F005FCD4F81035C4F80C55EB
:10FBD0000520C3F3C02A12F0FCFBD4F81035C4F89A
:10FBE00008551420C3F3C02B12F0F3FB0C23C4F808
:10FBF0000C37052012F0EDFBD4F81035C3F3C00923
:10FC00000423C4F80C37052012F0E3FBD4F8105598
:10FC1000C4F80C870823C5F3C005C4F808354FF4B1
:10FC20007A7016F071FBD4F810250823C4F80C354F
:10FC30000223C2F3C008C4F80C37374A374B8AB0E6
:10FC4000BAF1000F18BF134602AA35492948C2E984
:10FC500007B340F202439384324BC2E9051A42F8DB
:10FC6000103F4FF4335112F089FBB546B9F1000F44
:10FC700032D02D4B2D4A002D08BF13466E468AB058
:10FC800002AC2B4A1B48C4E90753254640F2024305
:10FC9000A384244BC4E9052945F8103F4FF43351A0
:10FCA0002A4612F06BFB234A234BB546B8F1000FEE
:10FCB00018BF13468AB0214AE36140F2013323841E
:10FCC0000B4B0C482361C4E905284FF413512A4615
:10FCD00012F054FBB546DAE4194B134A002D18BF55
:10FCE0001346CBE743A30200B594020097990200A4
:10FCF0000400000168800200448302000C7C0200C2
:10FD000092830200607C0200C4990200CB99020039
:10FD1000FD99020003000001F4940200099502001D
:10FD20001B9A020005000001719502002A9502004D
:10FD3000499A02007D950200BF9502007C9A02005C
:10FD40004C9502001FB514240294044C0194BDF894
:10FD50001840009414F098FE04B010BD8363002096
:10FD600070B503788AB004460E4607AD032B20D841
:10FD7000DFE803F002191B1D11492846FDF7F1FDCC
:10FD8000059563780493A3780393E378029323792A
:10FD9000019363790093A3790A4A1E21304611F03A
:10FDA00091FD0AB070BD0849E7E70849E5E7084951
:10FDB000E3E7084A0A21284611F084FDE0E700BF86
:10FDC000709B0200929B0200779B02007E9B0200C8
:10FDD000889B0200339D02004B1E59420148594145
:10FDE00012F056BB0C5B00204B1E59420148594192
:10FDF00012F04EBB085B00204B1E5942014859418E
:10FE000012F046BB045B0020F0B583B002AF1C4685
:10FE10003B8B1546002B40F08280002C7FD013785E
:10FE20005A1E032A71D8DFE802F002304E5A012C24
:10FE300078D069783D48003918BF012112F028FBBD
:10FE40003B4B1B6833B11B6823B16878003818BF7F
:10FE5000012098476978374A374B6D4688B00029AA
:10FE600018BF134602AA3549C2E905134FF40073BF
:10FE70009383334B42F8103F324800234FF4E6514E
:10FE800001F01AFDAD46204646E0012C4AD06978C3
:10FE90002D48003918BF012112F0FAFA244B1B68D3
:10FEA00033B15B6823B16878003818BF01209847E8
:10FEB0006978204A204B6D4688B0002918BF134648
:10FEC00002AA2249D0E71A4B1B6813B19B6803B101
:10FED00098471F4A1B48032113F0D7F8D3E7042C97
:10FEE00020D9134BB5F801601B68B5F8035023B156
:10FEF000DB6813B1294630469847164A11480095E9
:10FF00003346032113F0D4F8BDE70E48124A02210C
:10FF100013F0C4F86FF012000437BD46F0BD6FF067
:10FF20000600F9E76FF00C00F6E700BF005B002069
:10FF3000F85A00200DA70200B59B0200B99B0200F1
:10FF400003000001507F0200FC5A0020D39B0200F6
:10FF5000ED9B0200029C0200209C020090B589B03B
:10FF600000AF13F0E3FE3946FFF7FAFEBFF35B8FF5
:10FF70000F4B3C4653E8001F013143E80012002AB2
:10FF8000F8D1BFF35B8F88B06A460A4BCDE90534E0
:10FF90004FF40073ADF81C30074B42F8103F074890
:10FFA00000234FF4E65101F087FC2437BD4690BD95
:10FFB000105B00203F9C020003000001507F020004
:10FFC0000B4621B1034A0448012113F067B8FFF73B
:10FFD000C5BF00BF4F9C0200507F020010B50E4B02
:10FFE000BFF35B8F0C4653E8001F013943E8001252
:10FFF000002AF8D1BFF35B8F0021084812F048FABD
:020000021000EC
:10000000074812F045FA074A074823460321BDE88E
:10001000104013F043B800BF105B0020005B0020CD
:10002000FC5A00206A9C0200507F0200054BBFF37F
:100030005B8F1868BFF35B8F0028D4BF00200120BE
:10004000704700BF105B0020084BBFF35B8F186840
:10005000BFF35B8F40B1BFF35B8F054B1868BFF3F5
:100060005B8F003818BF0120704700BF005B002085
:10007000085B0020084BBFF35B8F1868BFF35B8FF2
:1000800040B1BFF35B8F054B1868BFF35B8F00383F
:1000900018BF0120704700BFFC5A0020045B0020FD
:1000A000014B1860704700BFF85A0020F0B593B0BC
:1000B000002002AF04F0CCF9044648B1264A0346BA
:1000C0002648012112F0EAFF20464437BD46F0BD24
:1000D000234D0FCD07F10C040FC42B6823600125BD
:1000E000204B21490095022207F10C0005F00AF887
:1000F000044610B11D4A0346E2E73F2301461A2297
:1001000007F124003B623D6017F056FC3946381D6C
:1001100004F0A4FD3B6807F120051BB12946381DFA
:10012000FFF71EFE6E468AB002AA114B5361114BB7
:10013000C2E90635104B1362104B42F8103F0748D6
:1001400000234FF4235101F0B7FBB5460C4A034896
:10015000032112F09AFFB7E7879C0200507F02004C
:100160009080020090840200988402009D9C02000E
:10017000BE9C0200D99C02000002010304000002A0
:10018000E29C020008B50D4B00F1140250F8041B6C
:1001900043F8041B9042F9D1FFF748FF68B1BFF361
:1001A0005B8F074B1B68BFF35B8F33B1BDE8084023
:1001B00002490448142212F057B908BD8363002095
:1001C0000C5B0020B483020030B5ABB004460D4692
:1001D000FFF73AFF88B3002014F0E2FCC31E9BB285
:1001E000052B2AD9282DA3F10503C3F3870128BFC6
:1001F0002825A94228BF2946F9B1114A8DF80410D3
:1002000013680093581C106020468A006C4600EB6F
:10021000810150F8043B6371C3F307251B0CE371A4
:1002200088424FEA1323A571237204F10404F0D12C
:1002300004480532694612F017F92BB030BD00BFF3
:10024000F45A0020F083020013B50446FFF712FFB2
:1002500050B1ADF80210ADF804200448ADF80040EC
:100260000622694612F000F902B010BD2C8402008B
:1002700010B5104B88B0CDE905128DF8070018684D
:100280000DF1070302930123039300238DF810302F
:1002900007238DF81C309DF81C30826843F0020360
:1002A0008DF81C3094686B23022202A9A04708B085
:1002B00010BD00BF245B002007B50648836801A974
:1002C0005B68984718B99DF80600C0F3000003B0BA
:1002D0005DF804FB0C7C0200064BBFF35B8F012230
:1002E00053E8001F43E800200028F9D1BFF35B8FDB
:1002F000704700BF145B002010B402460548016936
:1003000084680B6823F480330B60236810BC1021D1
:10031000184700BF0C7C02001FB50D4B8DF8000084
:1003200018688DF801100223CDF804D002938DF8DF
:100330000C309DF80C30826843F002038DF80C30CD
:1003400094686B23012201A9A04704B010BD00BF2F
:10035000245B0020B0B584B002AF0023FB71224BB8
:1003600001221860F91D0F20FFF782FF044650B1EB
:100370001E4A00906B231E48012112F099FE204670
:100380000837BD46B0BDFB79A3F17002012A07D939
:10039000184A1748012112F081FE6FF01204EEE7AF
:1003A000154A16496D468AB0712B18BF114602AA2C
:1003B000134BC2E905316B23D3614FF400731384EF
:1003C000104B42F8103F4FF413510346084801F018
:1003D00073FA4421AD461220FFF79EFF062110203C
:1003E000FFF79AFF0446CAE7245B0020069D02003F
:1003F000008002001F9D0200A1940200A994020047
:100400003A9D020004000001084BBFF35B8F0022FD
:1004100053E8001F012903D143E800200028F7D149
:10042000BFF35B8F0CBF012010467047145B0020A8
:100430002DE9F04F89B000AF0121B8605620FFF7D9
:100440006BFF0546002840F0B580BB68C3F3C703C7
:100450003F2B28BF3F23012B38BF012301465420E7
:10046000FB60FFF759FFF9685B20FFF755FF29464E
:100470005C20FFF751FF20215E20FFF74DFF802118
:100480005020FFF749FF0546002840F093800122E5
:10049000FF23B86107F11601C7F81B001046BB75B2
:1004A000FB75FFF7E5FE07F1170101220320FFF7B7
:1004B000DFFE07F1180101221020FFF7D9FE07F136
:1004C000190101225620FFF7D3FE07F11A0101227C
:1004D0005420FFF7CDFE07F11B0101225B20FFF73F
:1004E000C7FE07F11C0101225C20FFF7C1FE07F1E6
:1004F0001D0101225E20FFF7BBFE07F11E01012254
:100500005020FFF7B5FE6C468CB097F816C0FE7D04
:10051000387E797EBB7E6A46DFF8CCE2CDE90913EE
:100520000723CDE905ECCDE9076042F8103FAF485D
:100530002B464FF4635101F0BFF9A5468AB0FE7E09
:10054000387F797FBB7F6A46DFF8A4C20993062310
:10055000CDE905C6CDE9070142F8103FA3482B4677
:100560004FF4435101F0A8F9BB7DA54623B1A14A40
:100570009E48012112F092FDFB7DDC0604D59E4AC7
:100580009A48012112F08AFDFB7D980604D59B4A0A
:100590009648012112F082FD7B7F990603D597F9D9
:1005A0001E30002B0BDB964A9048012112F06DFDA6
:1005B0006FF0040528462437BD46BDE8F08F914C06
:1005C000204615F0BDFE002800F00B814FF480306E
:1005D000FFF792FE8C4A8D4B53604FF4803393604B
:1005E000A368DB691BB18849012220469847A368AC
:1005F0009C6934B183484FF080634FF0A0721021A2
:10060000A047BFF35B8F824C002354E8002F44E8DF
:1006100000310029F9D1BFF35B8F11F0ADFF7D48A8
:10062000FFF76AFEC82015F06FFEFFF745FE804613
:100630007948FFF761FEC82015F066FEFFF73CFE23
:1006400006464FF48030FFF757FEB8F1010F7C608B
:1006500040F0B780002E40F0BE80704B6C468AB0F0
:100660006A466F49CDE9076340F20243ADF8243092
:100670006C4BCDE9051842F8103F5C4800234FF45D
:10068000335101F019F90121A5460D20FFF744FE71
:100690004FF000094FF4C876FFF70EFE012808BF9F
:1006A00009F10109642015F02FFE013EF4D1314615
:1006B0000D20FFF731FE5C4A5C4BE8468AB0B9F189
:1006C000000F18BF13466C46594A0793EA46594B28
:1006D00040F2013BCDE90529ADF820B04AF8103FC2
:1006E0004248334652464FF4135101F0E5F83021A9
:1006F000C5460320FFF710FE4648FFF7FDFD002129
:10070000422016F05BF9FFF7D7FD4FF0A04381467A
:10071000D3F84037A5464849C4E9051303F0010161
:10072000E161C3F34001C3F38103636206232162E5
:1007300023612E48334652464FF4435101F0BCF832
:100740003146C5460320FFF7E7FD4FF48030FFF741
:10075000D3FD3A493A4BA546B9F1000F18BF0B46F5
:100760003849E361334BA4F820B0C4E9051923618B
:100770001E48524633464FF4135101F09DF8C546CA
:100780007A68BFF35B8F52E8003F42E800610029BE
:10079000F9D1BFF35B8F11F0EFFEA5462A4B6361E1
:1007A000BB68A361FB68E361102323620523236117
:1007B0000E48334652464FF4235101F07DF8C546AA
:1007C000F8E6224BB8F1000F7FF448AF204A002E24
:1007D00008BF134642E71F4B1C4A012E18BF1346A1
:1007E0003CE76FF01205E5E64E9E02000080020035
:1007F0009F9E0200E69E0200499F0200A29F020007
:10080000ED9F02000C7C0200185B0020D902010061
:10081000145B002010000100200001005F9D020019
:1008200007A00200050000019F9D0200CD9D02006F
:1008300038A002000400000174A00200FB9D020029
:10084000169E0200B0A00200E7A002007B9D0200FD
:10085000479D0200889D0200F0B583B000AF0023E1
:10086000BB71FB71234815F06BFD00283ED0FFF7EC
:1008700023FD01220446B91D4520FFF7F9FC0122A2
:10088000F91D1D20FFF7F4FC1B4AB9791368A34238
:100890001A4B02D11878884228D014601970FE795A
:1008A000174BBFF35B8F1868BFF35B8FBB79154A9B
:1008B00013F0080F6D468CB0134B18BF13466A46F1
:1008C000DFF848C0CDE9090340F20463ADF82C30ED
:1008D0000F4BCDE905C4CDE9071642F8103F0D488E
:1008E00000234FF4735100F0E7FFAD460C37BD46CF
:1008F000F0BD00BF0C7C0200FC230020D3260020AA
:10090000145B002020A1020043A302002CA10200DE
:1009100007000001008002002DE9F84F8A4600AF71
:10092000002974D004680E1F361BF50826F0070650
:1009300004EB0608B8F802B01BF0010B16D1E9462B
:1009400088B06A46334BCDE90531032342F8103FA6
:1009500031485B464FF4C25100F0AEFFCD468BF3F9
:100960001188BFF36F8F0423184602DF2946204603
:1009700011F012FE284434F83030C01A854217D0E6
:10098000E94688B06A46254BCDE9053A032342F88B
:10099000103F214800234FF4C25100F08DFF002387
:1009A000CD4683F31188BFF36F8F0423184602DF0F
:1009B000B8F8023023F00103A8F802302946204697
:1009C00011F0EAFD05EB000804EBC8035B88DA07C9
:1009D00008D44146204611F028FE424629462046CA
:1009E00011F068FEA65BAE1B04EBC6035B88DB0759
:1009F00009D43146204611F018FE2A4631462046D9
:100A000011F058FE35462946204611F0CAFDBD4674
:100A1000BDE8F88FC9A1020058800200A0A1020021
:100A20002DE9F04F91B08407009302F00403029384
:100A3000C2F3C20303F10103DDF868A00392054687
:100A40000E46059340F09D81041D00284AD101F017
:100A50000706341DC6F10806009B00275A1E4FF0FA
:100A600004084FF0FF3301930497B946BB46434651
:100A70000DB1009921600598002800F3D7809048B7
:100A80000099814203D38F488142C0F0CF800399FF
:100A900011F0020CA4EB050040F0D680B9F10F0F65
:100AA00000F2CF80002D00F0D68009F140010DEB5F
:100AB000010EC0F3870001990EF8200C0EF8101CEF
:100AC000BCF1000F00F0C38060F07F000EF8200C36
:100AD000013709F10109C5F10801043406914FF607
:100AE000DA7E8CE00729B7D86FF01B0011B0BDE8A3
:100AF000F08F7A285BD84B280FD8472857D8292859
:100B00002ED8252850D052D8202818BF23280CBF13
:100B10004FF0010B4FF0000B71E04C382E2846D8F7
:100B2000DFE800F06D4545454545454545454545AA
:100B30004845454545454545455645484856565618
:100B40006D486A456D4518481845457F7C484545C0
:100B500048457C0000204FF0000B4FF0040835E0C2
:100B60002A38C0B2012101FA00F010EA0E0F46D176
:100B700010F0625C2CD110EA010B40D06046013CC1
:100B80004444B4FBF8F408FB04F425B1A3EB050CD2
:100B9000A444B445A8D8002870D00599013905911E
:100BA0005AF8041B009163E70199013901914FF054
:100BB000000B24E012F8010C6C2834D112F8023C2E
:100BC00000206C2B8346C8D14FF008084346D6E777
:100BD0000AF1070A2AF0070A0734FAE802BC24F0EF
:100BE000070435B106982044B0423FF67DAFC4E912
:100BF00000BC08344FF0000B4FF00808434612F8D1
:100C0000010F002853D0BBF1000F7FF472AF2528ED
:100C1000F5D1019B013301934FF0010B4FF0040814
:100C2000ECE7584697E700208346A8E70399880732
:100C30007FF551AF601B4FF0010CB0F5007FFFF462
:100C40002DAF6FF0150051E74FF0000CF5E7049859
:100C5000013004903DE7BCF1000F01D0013638E7C8
:100C60000298023600287FF434AF0098CDE90632AE
:100C7000FCF77FFEDDE9063206442AE7042B08D1A3
:100C80000AF1040015B1DAF800102160043482463C
:100C9000B5E70AF1070323F0070303F1080A1DB1C2
:100CA000D3E90001C4E9000108340823A7E7631B66
:100CB000B3F5806FC5D23DB9A6F10804E01815E779
:100CC000FC7A02005CCB0200029A28609B082B7021
:100CD0009DF81030AAB1EB70AF702FB108A80022B8
:100CE000C5F1010C91450ED1C5F101030DF12008AC
:100CF0004FF0000A01930DF1300BD14512D1601B6A
:100D0000F4E66B70E8E710F8013B190608D50CEB28
:100D1000040EB64503F07F033FF6E6AE04F8013B50
:100D20000132DFE71FB198F90020002A17DB029B90
:100D3000D3B11AF80B2004F8012B0022019B1819DB
:100D40001044B0423FF6D0AE98F8000004F8010B12
:100D500000990392204616F021FE039A14440AF1EA
:100D6000010A08F10108C8E798F8002055F8223078
:100D70000093029B45F822300098FCF7FAFD421CD4
:100D8000DCE76FF00D00B1E62DE9F04F97B000AF52
:100D9000C7E90A3205468A4649B903784678807819
:100DA00000EB83002844564524D8A0EB050AD7F869
:100DB000803095F80280D7F8804003F00103FB6192
:100DC000EB787B62B8F1000F0CBF002404F0010443
:100DD0001BB1D7F880309A0715D4A4B9FB6A1BB1B0
:100DE000BA6A514628469847564630465C37BD4653
:100DF000BDE8F08F441C2046FCF7BBFD01302044C9
:100E00000AF1010ACFE7D7F88030C3F3C0033B6291
:100E10002B78BB619B003B616B687B61BB6905EB19
:100E2000830BFB6A002B77D15646D844BCB11C46D5
:100E30001BF8013B55F82300FCF79BFDD7F88430E5
:100E4000013043B1D7F88830A34282BFD7F884304D
:100E500023F814000134C3450644E9D1D846D7F835
:100E6000803013F0050F0CBF4FF0020B4FF0010B59
:100E70004FF000097B6A9945B7D298F8013055F8D0
:100E800023A0AE4B9A4508F10208C0F04B81AC4B51
:100E90003A6A9A452CBF002301230AB318F8021CB2
:100EA0007869FB6211F0DBFCFB6AC8B1EA468AB0E4
:100EB0006A46A44B05937B69CDE906314FF4007374
:100EC000ADF82030A04B42F8103FA04800234FF46B
:100ED000125100F0F1FC023ED54609F10109C9E7C3
:100EE00023B1FB6933B9A6EB0B06F6E7D7F88030E0
:100EF0009B07F2D55046FCF73CFDD7F884304BB148
:100F0000D7F888309C423FBFD7F88420431C22F892
:100F1000143001340644E0E7002C69D1B8F1000F29
:100F20006CD0D7F8803058076BD5C14607F1480020
:100F30004246594616F032FD0BEB0803FB600022D7
:100F40000233796A8A425ED3D7F8802095F801B0DF
:100F5000F969920704EB0B03DBB254BF4FEA590265
:100F60000022002940F0A680D7F8801011F0040F6D
:100F700014BF494600216B70A970EA703969BA6ADA
:100F8000FB6A28469847061EFFF62FAFBB692B70F9
:100F90007B6AEB704946BA6AFB6A85F801B085F84E
:100FA000028007F148009847B0F10009C0F2B6800E
:100FB0003B697A6A786A03EB4201FB68BA6A41448A
:100FC00003EB4000AAEB0101FB6A98470028C0F23E
:100FD000A780B14409EB00064FF0000B07F1380A77
:100FE000A34569D30021BA6AFB6A08469847FCE624
:100FF000444607F138004FF0000999E74446C146DE
:101000009AE7A14698E713F8016CDFF830C155F86C
:10101000260013F8021C6045C0F08A80DFF820C16A
:101020006045386A2CBF4FF0000B4FF0010B38B110
:101030007869C7E9013211F012FCD7E90132F0B941
:10104000BBF1000F1ED0F96949B1611C04F1280001
:1010500007F13004041904F8206CCCB20FE0D7F883
:10106000801049070BD509F1280007F1300C09F170
:10107000010100EB0C0909F8106C5FFA81F90132EB
:1010800002335EE7D7F880008007DED409F1280C30
:1010900007F1300EF44409F101000CF8101C07F1BF
:1010A000580151FA80F009F102095FFA89F900F854
:1010B000106CE4E700215EE71BF80A3087F8373050
:1010C00055F82390D7F884302BB3D7F888309B4558
:1010D00021D2D7F8843033F81B80BA6AFB6A012129
:1010E00007F13700984700281ADB0644B8F1000FD3
:1010F00006D14846FCF73DFC00F101081FFA88F8CC
:10110000BA6AFB6A414648469847002808DB06440D
:101110000BF1010B64E74FF00008DEE74E4664E692
:10112000064662E63B6A002B3FF4E0AE0023B5E6DC
:10113000386A0028A6D04FF0000B79E7FC7A02004D
:101140005CCB0200F6A1020004000001D87F02007F
:10115000014B1860704700BF0024002080B5054691
:101160000E46174698460EF03DF9034601F076FC10
:10117000DFF81890044649F80030424630463946B8
:10118000A84754F8090001F005FC00BF0800000062
:101190002DE9F047058B0446280717460CD5012991
:1011A0000CBF45F0100545F02005258387F3118815
:1011B000BFF36F8FBDE8F087022905F0070540F007
:1011C0009480204611F0F1FD052864D801A353F85E
:1011D00020F000BFAD110100EB12010097120100D9
:1011E00059120100731201008512010001F007037A
:1011F0005A1F012A1FD8002221F00701062BD4F81C
:10120000008089B2C4E9002209D1434603E0628B21
:10121000013262831B68002BF9D141F00201218366
:10122000204611F0C2FD4FF0000900286DD041F0BA
:101230002001218369E0042B0AD121F0070189B242
:101240002183204611F0B1FD10B141F0200121832E
:101250004FF00008C14658E02369D3F80090238B73
:1012600023F0070343F0060323834FF000084646AC
:101270004BE02369D3F80490238B23F0070343F05A
:101280000403F1E72369D3F80890238B23F00703C5
:1012900043F00503E8E74FF00008C146E7E7012205
:1012A00043F00803238387F31188BFF36F8F002A6D
:1012B0003BD1B8F1000F4AD1B9F1000F02D02D494E
:1012C0002046C847EFF31187402383F31288BFF30A
:1012D0006F8F238B23F008039BB22383D9063FD55E
:1012E00023F01002228303F007056669218B002E8C
:1012F000BFF67CAF0023D4F8008021F00701C4E9D9
:10130000003341F0010121839946238B03F0070A42
:10131000AA4502D0A268002AC1D1B8F1000F02D1BB
:10132000B9F1000FDAD00022BAE7A1680029C0D0D5
:101330000D680029BDD04F68334652462046B84755
:101340001DB12B6829461D46F3E72B46FAE74146B7
:10135000334652462046D8F8008011F052FDA8E7E7
:101360009A067FF523AF23F02002228303F00705BE
:1013700027E700BF2F2E02002DE9F047DFF8548049
:10138000044607464FF0010994FAA4F5B5FA85F52D
:1013900009FA05F32E0108EB05156FEA030A24EAA2
:1013A00003042B7B63B158F806301B696BB94644C4
:1013B000042273682846196807EA0A0711F0F5FD48
:1013C000002CE1D13846BDE8F08728469847002830
:1013D000F6D1ECE78080020010B50F490F4888B0C5
:1013E000002215F0DEFB00220023CDE906230024B5
:1013F0000E23CDE90334CDE90144094B094900949A
:101400004FF4407208480DF075FD0849064815F084
:1014100014FA204608B010BD3114010078450020B0
:101420006117010040680020F0340020B5A20200DE
:1014300001480DF063BA00BF8C2700202DE9F0476A
:10144000804621480F4611F090FD0646002833D013
:1014500000252846BDE8F087237B83B12368DB683D
:101460000BB120469847636883F8069023681B6990
:10147000D3B9636804221968204611F096FD01363D
:1014800010345445E8D3B8F1000FE2D0002DDFD07E
:101490002846FFF771FF0546002FF7D000214FF4D3
:1014A000A47015F08BFAF1E7204698470028E0D0A9
:1014B00009FA06F31D43E2E7044CDFF814A00546E1
:1014C0004FF00109DDE700BF385B0020808002009B
:1014D00090800200014B53F820007047BC8402004A
:1014E00008B5034608462BB1044A136000F044FCDB
:1014F000002008BD6FF01500FBE700BF04240020AA
:1015000010B5044C237813B903480DF0F7F9012303
:10151000237010BD976300208C27002010B504466F
:101520000B4811F022FD5CB1BFF35B8F094B53E810
:10153000001F013943E80012002AF8D1BFF35B8F86
:1015400005480EF073FA0548BDE810400DF0D6B915
:10155000305B0020345B0020784500208C27002081
:10156000064BBFF35B8F002253E8000F43E80021D6
:101570000029F9D1BFF35B8F704700BF305B0020BB
:1015800070B5FFF7EDFF084C084E0546B44200D396
:1015900070BD63685B792BB123685B6813B1294622
:1015A000204698471034F1E78080020090800200C6
:1015B00010B5044C0449204611F08CFA034B1C6012
:1015C00010BD00BFE8260020A8840200285B002090
:1015D0000D4A0E48002310B513700D4A13600D4AD2
:1015E0004FF400411360FFF77BFFFFF7E1FF0A4B69
:1015F0000A4918468B4200D310BD1A1A5C681211B2
:10160000013222711033F5E798630020672F020042
:10161000305B0020345B002080800200908002005C
:10162000014600220148002311F075BAE826002087
:10163000014811F00CBB00BFE8260020024B014618
:10164000186811F05FBB00BF285B0020014811F053
:1016500094BB00BFE826002070B52A4B1B78002BF6
:101660004ED0FFF7E5FF0446002846D1264B274D14
:101670001B68002B19DD15F04CFA4FF47A76A0FBAD
:10168000063206FB0121D5E90020DB0B43EA41438A
:101690009B1A4FEAD13140F2E93261EB00019342EB
:1016A00071F1000101D3FFF76BFFD5E9003213F5AB
:1016B0007A7342F10002C5E900320CB3BDE8704014
:1016C000FFF7C4BF6B685B7923B12B6821461B68A9
:1016D000284698471035B542F4D32046FFF7AEFFB1
:1016E000BFF35B8F0A4B53E8001F013943E8001238
:1016F000002AF8D1BFF35B8FB8E7064D064EEAE744
:10170000002070BD97630020305B002070450020F2
:10171000345B0020808002009080020070B50D4D87
:10172000297861B90120FFF789FE0B4C0B4EB442BA
:1017300006D3FFF791FF0028FBD101232B7070BD6A
:1017400063685B791BB1236820469B689847103417
:10175000EDE700BF986300208080020090800200C7
:1017600000212DE9F8430846FFF768FE044648B318
:1017700040F267684FF0000901F070F91A4B1B4AFC
:101780001B58136033B11A4B1B68092B02DD194833
:101790000DF0B4F8184F002544B12046FFF7ECFDDA
:1017A000044618B94FF0FF384FF0FF39FFF754FFE8
:1017B000064628B9B5B90F4842464B460DF0D2F857
:1017C0003546E9E74FF0FF384FF0FF39D4E72B6893
:1017D0009B691BB100221146284698471035BD422F
:1017E000F5D3E8E7054DFAE7080000002C5B002080
:1017F000345B00208C270020908002008080020053
:1018000013B5184811F0B1FB174B1B7873B1EFF308
:101810001184402383F31288BFF36F8FFFF71CFFFF
:1018200084F31188BFF36F8F02B010BD0F4B1B689C
:10183000002BF9D050B900220023CDE900230C4839
:101840004FF4004200230EF0B9F8EDE70928EBD180
:1018500007480EF0EBF8074802B0BDE810400DF065
:101860004DB800BF345B0020986300202C5B002043
:10187000784500208C27002010B5064B1B680446D5
:1018800098472146A060044811F0C2F9BDE8104015
:10189000FFF7B6BF04240020E8260020044A054BC9
:1018A0009B1AB1EBD30F34BF52F8310000207047C0
:1018B000407F0200808002002DE9F04F8FB004AF1E
:1018C000C1F34A26B8600D4690467B600C0D002E91
:1018D00061D04FF000090A234FF0040B07F1140AFE
:1018E000FE60C7E90799C7F824900093CDF808B0C7
:1018F000CDF804A007F11C03F9684A464046FFF7FB
:1019000043FAB0F5006F03461CD36C468AB0D8F892
:10191000041004AB2448C3E9050140F2FF71D9610A
:101920001A464FF400711984204B42F8103F2048AA
:101930004B464FF41251FFF7BFFFA5462C37BD466B
:10194000BDE8F08FC0F30A0604F11700184420F038
:10195000070080083B60FFF763FE66F353250446EB
:1019600080B13B68134A00F11001C7E90839F961F9
:10197000CDE901AB0A230093F96807F11C03404647
:10198000FFF702FA66F353257B68B9682A462046BA
:1019900011F02BFBD2E704F1170020F007008008BC
:1019A000FFF73EFE0446EDE7CAA202000400000174
:1019B00008800200BD2F02002DE9F04F87B0DDE95D
:1019C000127ADDE9106B0546884614469946BFB188
:1019D0001021CDF800A03B465A460020CDF814A0B7
:1019E000FFF71EF8B0F5006F01460BD3194A1A48ED
:1019F00040F2FF73022107B0BDE8F04F11F04EBB7B
:101A00003946384604F0070305F00704E40044EAC9
:101A1000831444EA402444EA065406F117000844BB
:101A200020F0070080080391FFF7FAFD054640B15A
:101A30003FB10399CDF800A03B465A461030FEF75F
:101A4000EFFF4B4622464146284607B0BDE8F04F1F
:101A500011F0CBBA09A3020008800200406820B14F
:101A6000034BC01A40F3CF0070474FF0FF30704770
:101A7000407F02000EB403B503AB014653F8042BBC
:101A80000448019301F070F902B05DF804EB03B073
:101A9000704700BFFF300200CA0605D48B064CBF5A
:101AA00002490349FFF7E6BF704700BF42A30200A7
:101AB00041A302002DE9F04F89B09846159B06938B
:101AC000DDE916A39DF85090189F059204460D4637
:101AD0000493B9F1000F00F0B08007F4807307930E
:101AE00011F061FA07F0020B0246002874D0784921
:101AF0002046FFF7BFFF0646BBF1000F08D017F0E6
:101B0000440F6BD173492A462046FFF7B3FF0644C2
:101B100007F0010353B1704B704953F82920704B03
:101B20002046002A08BF1A46FFF7A4FF07F4807377
:101B3000002B07F0080318BF4FF00008002B79D0E6
:101B4000684B694953F829202046FFF793FF054663
:101B5000059B2BB165491A462046FFF78BFF0544CC
:101B6000B8F1000F05D0624942462046FFF782FFD8
:101B7000054460483544069B1BB15F49224610F07E
:101B80003DFE049B002B00F08E80DDF8108039466E
:101B9000B8F1100F204628BF4FF01008FFF77CFF68
:101BA0000026B54250DC002633461AF8032053497C
:101BB0002046FFF75FFF0136102E4BD0710703D18F
:101BC0004F492046FFF756FF46453346EDD34D4972
:101BD0002046FFF74FFFEEE706468DE74A4B1868B1
:101BE000002894D0494B4FF47A7B1B68B5FBF3F582
:101BF0004FF46163B5FBF0F100FB11550BFB05F5EC
:101C00004FF03C0CB1FBF3F203FB1211B5FBF0FEFD
:101C1000B1FBFCF300FB1E550CFB13110BFB05F590
:101C20000091B5FBF0F53A49CDE901E52046FFF713
:101C300021FF6CE707F008058AE7B8F1010F0CBF38
:101C40002C4834484D4696E72D492046FFF712FFB1
:101C50000136A6E7304920460026FFF70BFF334642
:101C60001AF803202D49A2F120035F2B28BF2E2252
:101C70002046FFF7FFFE0136102E0DD0720703D16C
:101C80001F492046FFF7F6FEB0453346E8D81C4909
:101C90002046FFF7EFFEEEE7049BB3EB0803C244D8
:101CA00004937FF472AFB9F1000F0AD0FB0704D59B
:101CB0000B4A0A492046FFF7DDFE39462046FFF76A
:101CC000EBFE204609B0BDE8F04F11F00BBA00BFA3
:101CD00049A302004DA30200CC8402009CAD020087
:101CE00044A30200E084020072A3020078A3020071
:101CF0007CA30200FF300200692D010081A30200D5
:101D000089A3020087A30200405B00203C5B002007
:101D100056A30200353102008BA302008DA30200FE
:101D200073B542F20F738B4228BF0B4605680F4A0A
:101D30000446052168460FF0C5FD63680C495B68E1
:101D400006460B22284611F0BFF963683246694601
:101D500028465B6811F0B8F9636806495B681B2286
:101D6000284611F0B1F902B070BD00BFEDC7020006
:101D7000AEC9020092C90200074A00210123904225
:101D800006D8064A01B901231360054B1860704755
:101D900040085B000121F2E740420F003C5B00205D
:101DA000405B0020014B01221A70704799630020AC
:101DB000014B002019607047585B00200148FFF775
:101DC000AFBF00BF1085020010B5064B18680C4667
:101DD000FFF780FB21460346BDE8104002480F2272
:101DE000184700BF585B002010850200F8B5094D68
:101DF000094B0A4ED5E9004701221A700CB92C6034
:101E0000F8BD214630463A4600F01EF8241A064432
:101E1000F4E700BF4C5B00209A6300209B63002026
:101E200010B9074B18707047064B1B781BB141F275
:101E3000883014F069BAA420002114F0BFBD00BF9F
:101E4000996300209A6300202DE9F047DFF8809025
:101E5000204E80460F46042599F80040ACB914F096
:101E600046FA3A468246414620460CF0B1F904460D
:101E7000504614F044FAECB10123337099F8003065
:101E80007BB93C462046BDE8F0873A4641460020F3
:101E90000CF09EF90446EEE72846FFF7C1FF6C1EE2
:101EA000254600200CF024FA0028EAD03378002BD5
:101EB000F2D1E6E7337833B1013D2846FFF7B0FFB2
:101EC0003378002BC8D13378002BDAD0DAE700BFA3
:101ED0009A63002099630020014B03600020704743
:101EE0002085020010B5DFF824C086B04FF4281416
:101EF000CDE904C40824029404AC0194BDF8204048
:101F0000009412F0C1FD06B010BD00BF18002800FB
:101F1000024B01221A700020704700BFAD63002001
:101F20001FB501240294044C0194BDF8184000949C
:101F300012F0AAFD04B010BDAD630020B0B5144A84
:101F4000144B012900AF6C4688B006BF134601252B
:101F500000256A461049CDE905134FF40073ADF82A
:101F60001C300E4B42F8103F00230D484FF4E65151
:101F7000FFF7A2FC0B4BA5461C683CB154F8083C8B
:101F8000083C0BB128469847A468F6E7BD46B0BDAB
:101F90000396020098940200BCA302000300000113
:101FA000E87F02005C5B002070B516461D46104AB3
:101FB0001048032111F072F80F4B1C687CB1083CEB
:101FC0006FF0850063682BB13078984710B110F13D
:101FD000860F09D1A4680CB1083CF3E710B16FF08B
:101FE0007F0070BD2846FCE76FF00D00F9E700BFE9
:101FF000D1A30200E87F02005C5B002010B50D4C0D
:1020000086B006236070182200216846237015F000
:10201000D3FC094B6946CDE9013400200223ADF819
:102020000C3006F053FF10F1800F08BF002006B0FF
:1020300010BD00BFAB630020C085020010B5084C86
:1020400086B024788DF81740012402940DF117040E
:102050000194BDF82040009412F016FD06B010BDAA
:10206000D426002080B50D4A0D4B00AF88B0012961
:1020700008BF13466A460B49CDE905134FF40073B8
:10208000ADF81C30084B42F8103F084800234FF4CD
:10209000E651FFF711FCBD4680BD00BF039602006C
:1020A00098940200EFA3020003000001487F0200A1
:1020B00000B589B064288DF80700C2B219D80E4B5C
:1020C00000211A7002A8182215F076FC0B4B03931E
:1020D0000DF10703049302A901230020ADF8143089
:1020E00006F0F4FE10F1800F08BF002009B05DF883
:1020F00004FB6FF01500F9E7D4260020608602008B
:1021000008B5044810F0CCFB034810F0C9FB0020D0
:1021100008BD00BF08A402003DA4020008B50348A2
:10212000034A0021121A11F07FF808BDE0280020B0
:10213000346800200748084A084908B5121A11F007
:1021400075F80748074A0849BDE80840121A11F017
:102150006DB800BFC0200020DC28002064CB020046
:10216000B8200020C02000205CCB02002DE9F04701
:10217000064600AF0C46002936D0E9468AB0D1E9C0
:102180000012A3686D462148E8464FF0050ACDE9E4
:102190000501CDE9072348F810AF1D48424600234A
:1021A0004FF42151FFF788FBCD46D4E90312636950
:1021B000AD461848C5F810A0C5E90501C5E90723D3
:1021C0001348002342464FF42151FFF775FBCD46DB
:1021D000E369114A0E48012110F060FFA3690F4A1C
:1021E0000B48012110F05AFF012E07D1EFF30583B0
:1021F0000B4A0748103B314610F050FF214630464D
:102200000CF0A6F8BD46BDE8F08700BF6AA4020046
:102210005080020099A40200C8A40200D7A40200C2
:1022200005A5020030BFFFF7FDBF00BF2DE9F0415B
:102230000B4EDFF8308006EB0807CC1B0546324614
:102240000949204615F0AAFBA01942460021083C86
:1022500015F0B2FB2C6707F10800BDE8F08100BF64
:1022600000000000040000009080020010B5204C27
:102270002049214810F0E7FFA36A990136D51E488E
:102280001E4910F0E0FF1E20A36ADA0104D51A48A7
:102290001B4910F0D8FF1F20154CA36A1B0304D55F
:1022A0001548184910F0CFFF2120A36A590304D51F
:1022B0001148154910F0C7FF22200D4CA36A9A035C
:1022C00004D50D48114910F0BEFF2320A36ADB039B
:1022D00004D509480E4910F0B6FF2420044A936A39
:1022E0006FEA03436FEA1343936210BD1D20CBE7EF
:1022F00000ED00E018A502005080020030A50200A9
:1023000043A502005DA502007BA50200A0A5020076
:10231000BAA5020070B506460D46284C2849294842
:1023200010F091FFA36AD9043CD52648264910F045
:102330008AFF1720A36A1A0504D52248234910F002
:1023400082FF18201D4CA36A9B0512D51D48204909
:1023500010F079FFA36BA26A100409D51D4A194831
:10236000012110F09BFE1EB1A36A23F40043A36277
:102370001920124CA36A590504D51248164910F0C9
:1023800062FF1A20A36ADA050ED50E48134910F031
:102390005AFF1B20094A936A43F47F439362002348
:1023A0002B7070BD1620C5E7A36A9B04F2D50548C3
:1023B0000B4910F048FF1C20ECE700BF00ED00E0E7
:1023C000E5A5020050800200FBA502000CA6020059
:1023D0001FA6020038A602004DA6020068A6020051
:1023E00080A602002DE9F843804689461746354D00
:1023F0003549364810F027FFAB6ADE0627D5344949
:10240000324810F020FF1124AB6A1D0704D5314972
:102410002E4810F018FF12242A4DAB6A980718D5E1
:102420002D492A4810F00FFF6E6BAB6A190646D58E
:102430002A4A26483346012110F030FEB9F1000F38
:1024400003D0AB6A23F08003AB62132403E01024B3
:10245000DAE76FF015061B4DAB6ADA0704D52049A1
:102460001A4810F0F0FE1424AB6A9B0604D51D49EF
:10247000164810F0E8FE1524124B9A6AD50602D4CD
:102480009A6A90070AD55B68190507D54146304618
:1024900000F036FA10B180F309880224094B9A6AD9
:1024A000920642BF5A6A22F400525A629A6A42F075
:1024B000FF029A6200233B702046BDE8F8836FF06C
:1024C0001506C2E700ED00E0AFA602005080020052
:1024D000C5A602000CA60200F8A6020010A7020082
:1024E00026A7020080A602002DE9F041684B8AB0C1
:1024F000D3F8048000AF0446C8F30806002585F32E
:102500001188BFF36F8F02F07F43B3F17F4F07D184
:1025100002F00C03082B12D15E495F4810F093FEC5
:1025200000252C460023FB71F31E092B00F28F803F
:10253000DFE803F00A8588818D8D8D8D8D8B1007E6
:102540004CBF0C460125EDE754495348504E10F05E
:102550007AFE0023FB71F36A9A0705D550494E486D
:1025600010F071FE00232DE0F36A002B01DA4D49D3
:10257000F5E7F36A5B00F5D54B49474810F063FE79
:102580007369A26943F480737361BFF34F8FBFF324
:102590006F8F32F8023C726922F480727261BFF36D
:1025A0004F8FBFF36F8F03F47F42B2F55F4F2BD194
:1025B000DBB2022B28D123683C4A3748012110F0B6
:1025C0006DFD2368FA79DAB907F1080604F1200CE9
:1025D00020686168324603C2083464451646F7D164
:1025E0007A6A002D50D0C2F3080121B96FEA522255
:1025F0006FEA42227A6207F108011846FFF7B6FD3A
:102600002837BD46BDE8F081214B9A6AD2B22AB183
:10261000FA1D01212046FFF7E5FE0EE09A6A12F44A
:102620007F4F04D0F91D0120FFF774FE05E09B6A7F
:10263000B3F5803F96D3FFF719FE0346C2E7FA1DB4
:102640000021E7E7F91D0020EEE7194987E7194A5D
:10265000194B18F4F87FE8468AB008BF13466A465B
:102660001649CDE905134FF40073ADF82030103E44
:10267000134B079642F8103F074800234FF41151BF
:10268000FFF71AF9C5466DE76FF30802B2E700BF1E
:1026900000ED00E073A70200508002009EA7020038
:1026A000B5A70200D6A70200E4A7020003A8020013
:1026B0001FA8020045A702005AA7020043A8020073
:1026C00004000001044B5A6942F010025A615A6931
:1026D00022F008025A61704700ED00E0EFF3088035
:1026E000EFF3098101B57246FFF7FEFE01BD00BFA1
:1026F000002080F31488BFF36F8F0F4880F30888A1
:102700000AF0B8FB00200D490860BFF34F8F00F0BE
:102710002BF8402080F3118809484FF404614018D9
:1027200080F30988EFF314800221084380F31488B2
:10273000BFF36F8F00F0B4F88093002094ED00E0B9
:10274000C08100200749D1F890200023C2F307225E
:102750001846934200DB7047C1F89830C1F8A000DA
:102760000133F6E700ED00E008B572B6002383F30D
:102770001388FFF7E7FF144B4FF0FF32C3F88020B8
:10278000C3F88420C3F88820C3F88C20C3F89020B5
:10279000C3F89420C3F89820C3F89C20C3F8802184
:1027A000C3F88421C3F88821C3F88C21C3F8902191
:1027B000C3F89421C3F89821C3F89C2162B6BFF3F3
:1027C0004F8FBFF36F8F08BD00E100E01EF0040FD4
:1027D0000CBFEFF30880EFF30980816911F8021C48
:1027E0000229FFD001B5724610F022FD01BD00BFE5
:1027F00040B2002807DB044A4109012300F01F0012
:10280000834042F82130704700E100E040B20028E8
:102810000CDB4309064900F01F00203301228240EF
:1028200041F82320BFF34F8FBFF36F8F704700BF76
:1028300000E100E0054B420900F01F0053F82220A0
:10284000012303FA00F01040704700BF00E100E0F0
:1028500040B2D30754BF023100210028ACBF00F1C1
:102860006040074A4FEA4113ACBF00F5614000F0F9
:102870000F00DBB2B4BF135480F80033704700BFC1
:1028800014ED00E0044B054A23F07F039360BFF38F
:102890004F8FBFF36F8F70470000000000ED00E026
:1028A00008B5FFF7EFFF074AD2F8883023F470032A
:1028B000C2F88830FFF732FCFFF73CFC00F0B0F8BC
:1028C0000BF06CFE00ED00E042F8203C009B42F86B
:1028D0001C3C0A49019B42F8183C029B42F8143CFC
:1028E00021F001014FF0807342F8043C42F8081CCB
:1028F0000023203A02654367704700BF5D11010065
:10290000094A0346906870B113F1160F006E05D0A6
:10291000A0F14002934205D3834203D2814228BFF3
:102920000020704700207047F05E002008B5154673
:102930000B4A0C4B9060026F1A600E4600F0A0F834
:102940002C4686F309880020034B98472046002137
:1029500000220023014C20475D3202005D1101007E
:10296000F05E0020645B0020014B10221A6170476A
:1029700000ED00E0054B5A699B689A421FBF044A6C
:10298000536843F080535360704700BFF05E0020EF
:1029900000ED00E0084B9B6883420BD1EFF3058309
:1029A00043B1064B5A6842F080525A605A6A22F488
:1029B00000425A620CF01CBDF05E002000ED00E009
:1029C00014498A684FF030001044EFF3098C80E816
:1029D000F01F402080F31288BFF36F8F0E4F4FF02F
:1029E00000664A698A603E60106F0C4C2060506F30
:1029F0000023536780F3118804B5104600F040F8B7
:102A0000BDE8044002F1300090E8F01F8CF3098823
:102A100070470000F05E002004ED00E0645B0020E1
:102A2000044800234021C2180133302B82F80013E0
:102A3000F9D1704700E100E008B5EFF30583064ADD
:102A4000103B02EBC30152F8330049688847BDE8E8
:102A50000840FFF78FBF00BFB47C02000148006848
:102A600070470000645B0020024B034A03480121C9
:102A700000F08AB80000022000000020B0860200AA
:102A8000036E054A403B1360044B4021C2E9011329
:102A90001046012100F082B8685B002000000B1591
:102AA00008B503461048D0F89020C2F30722013A37
:102AB000934207D90D480E4A012110F0EFFA6FF04A
:102AC000150008BDC0F898300A6822F01F021A43AA
:102AD00042F01002C0F89C208A6842F00102C0F85F
:102AE000A0201846EDE700BF00ED00E030800200B6
:102AF0005AA80200F0B50E4685B01F4604460025D0
:102B0000B5420DDA606810B397B1431E18420AD07F
:102B1000104A11482B46012110F0C0FA6FF015023F
:102B2000104605B0F0BD1F28F2D921680B42EFD145
:102B30002368019310F0B5FBA36801A90343D0B249
:102B40000393FFF7ADFF10F1160FE7D0421C0135DC
:102B50000C34D5E780A8020030800200044B052227
:102B6000C3F89420BFF34F8FBFF36F8F704700BF40
:102B700000ED00E0BFF35F8F024B0022C3F894200A
:102B8000704700BF00ED00E010B5034C0123227830
:102B9000FFF7B0FF207010BDAE63002008B50B4AF0
:102BA00000231278FFF7A6FF10F1160F07D0084A8E
:102BB0000021D2F89030C3F30723984200DB08BD10
:102BC000C2F89800C2F8A0100130F2E7AE6300200E
:102BD00000ED00E02DE9F0435D485E49D0F890300B
:102BE0000C68C3F307239C4285B000F2AE80FFF768
:102BF000C1FF49680022944201F10C011AD1564FDD
:102C0000564D3C706846FFF767F9554C554E814666
:102C10004FF00008C14520D13B784D490020D1F844
:102C20009020C2F307229342C0F28980FFF796FFFB
:102C3000002050E0C0F8982051F80C3C23F01F030E
:102C4000134343F01003C0F89C3051F8043C43F0A8
:102C50000103C0F8A0300132CDE7009800EB081165
:102C60004FEA081CCB682340B3F5000F49D00BD8BE
:102C7000B3F5001F32D0B3F5800F37D0B3F5801F06
:102C800014D008F10108C5E7B3F1007F42D0B3F1D9
:102C9000805F48D0B3F1807FF3D150F80C30886862
:102CA0004A6810F0FEFA40F0887009E050F80C30E5
:102CB00088684A6810F0F5FA40F0885040F43020F7
:102CC000039001A93878CDE90123FFF7E9FE002838
:102CD00031DA6FF0150005B0BDE8F08350F80C3024
:102CE00088684A6810F0DDFA3043E9E750F80C30A4
:102CF00088684A6810F0D5FA40F0C06040F40030AF
:102D0000DEE750F80C3088684A6810F0CAFA40F0E4
:102D10008270D5E750F80C3088684A6810F0C1FA24
:102D200040F48020CCE750F80C3088684A6810F0F6
:102D3000B8FA2843C4E73B7801333B70A1E7C1F8F8
:102D40009830C1F8A000013369E74FF0FF30C2E7C7
:102D500000ED00E0BC860200AE630020000002111E
:102D60000000F0FF00000811F0B587B007460E46DE
:102D700014460021102268461D4614F01DFE022351
:102D80008DF802302A46054B019321466846CDE96D
:102D900004760EF0C1FD07B0F0BD00BFC3320200E3
:102DA00008B502480EF06EFDFEE700BFB5A80200B0
:102DB00008B5024B1B689847002008BD745B0020D3
:102DC000034B044A1860937843F0020393707047F2
:102DD000745B00208824002008B50649064821F0CD
:102DE0000701C1F1005202F500320FF0C6FC0020CD
:102DF00008BD00BFBDB80020785B002070B54169F8
:102E0000867A0B4D044659B1437ADB0706D4242356
:102E100003FB0653DB691B689B68984700236361CB
:102E20002420214600FB0650BDE8704013F0C5BBCE
:102E3000BC270020024B242202FB0030704700BF59
:102E4000BC270020827A064B242101FB02331A6A38
:102E50001B7D1B33801A23F00303B0FBF3F0704794
:102E6000BC27002038B5074B827A242404FB0233A8
:102E7000DB69D3E901240C601568FFF7E3FF04FB6D
:102E8000005038BDBC2700202DE9F04385B0054631
:102E90006846039190461C4613F03DFEDDE900674D
:102EA000EFF31189402383F31288BFF36F8F6B8A8E
:102EB000002B41D02A8A9A4225D900220023284695
:102EC0000BF0EAFC0446F0B189F31188BFF36F8F71
:102ED000039B002B41D032463B46684613F040FE30
:102EE000A27A264B242101FB02332046DB691B68B2
:102EF00003A91D68DDE90023A847606170BB204677
:102F0000FFF77CFF24E0698A4B1E6B8289F31188EE
:102F1000BFF36F8F2B7D2A8A2C6A1B3323F00303A8
:102F2000521A02FB0344154B154AEB1A9B105343EC
:102F3000A3722B7DE372CBE789F31188BFF36F8F08
:102F40002346424628460BF0A7FC04460028BFD182
:102F50000024204605B0BDE8F0836361012300250D
:102F60002381039B6382E27A6560294604F118009D
:102F700014F022FD63692582E360EAE7BC270020A4
:102F8000398EE33870B50D4C242500B970BD037A35
:102F90004668002BFAD0013BDBB20372002BF5D15F
:102FA000C3604360837A05FB03439B6913B1984771
:102FB0003046EAE7FFF722FFFAE700BFBC27002010
:102FC000044A0123C2F840354FF080420020C2F885
:102FD0007835704700E0014048B1054B054A1B6851
:102FE000B3FBF2F35843044B43F001031847704717
:102FF0005026002040420F001083020070B50B786D
:1030000092B006460C4607AD032B31D8DFE803F03B
:10301000022A2C2E19492846FAF7A3FC0595637855
:103020000493A3780393E37802932379019363795C
:103030000093A379124A1E210AA80EF043FC10AD9A
:103040000AAB32461C4603CCAC42106051602346AA
:1030500002F10802F6D120681060A3889380304600
:1030600012B070BD0749D6E70749D4E70749D2E750
:10307000074A0A2128460EF025FCCFE7709B020084
:10308000929B0200779B02007E9B0200889B0200BD
:10309000339D02000E4B402970B528BF40210D4CD6
:1030A00046181D46B04203F1020304D1002305F87F
:1030B0001130074870BD02781209A25C03F8022C97
:1030C00010F8012B02F00F02A25C03F8012CE9E7D3
:1030D000AF630020D4C9020010B586B0094B0A487E
:1030E00003930024CDE9044413F044FB03AB0093A5
:1030F000064905480A234FF4E8620BF0D1FD20464B
:1031000006B010BDDCA80200B0450020806B002096
:10311000014601480BF004BEB045002001460148BD
:1031200013F0FDBAB045002030B50378012B11D063
:10313000022B21D06BB9154B0A4603F1100453F84A
:10314000045B42F8045BA342F9D143881A0A8A70EF
:10315000CB7030BD0D4B0A4603F1100453F8045BED
:1031600042F8045BA342F9D143681A0C180E4A7066
:103170000870C3F30722EAE700F11003013913F8DE
:10318000012901F8012F9842F9D1E2E7E5C90200CF
:1031900010B510F0E9F913F04AFB044608B90CF039
:1031A0005DF8BFF35B8F064B1B68BFF35B8F0BB102
:1031B0000A2098471CB9BDE810400CF063B810BD58
:1031C000845B002038B50446084810F08BF80546AB
:1031D00048B1631EDBB21F2B96BF054A0021D15CAC
:1031E0000C3010F0EEF8284638BD00BF70280020E3
:1031F000F5C90200054BBFF35B8F53E8002F43E88E
:1032000000010029F9D1BFF35B8F7047845B002078
:103210000F2810B50CD80D280CD90A4810F062F808
:10322000044618B104210C3010F0CBF8204610BD34
:103230001328F2D009B10448F0E7BDE8104002209D
:10324000FFF7C0BFB828002004280020C3681B78FF
:10325000024A0348022110F00FBA00BFF4A802008E
:10326000987F020038B5C5682B7893B9B5F801404E
:103270000F21204602F088FEEB78054650B90A4A35
:10328000118831B96FEA04506FEA10501080074A74
:10329000137038BD0373012102F094FD2846BDE888
:1032A000384002F03FBD00BF606300203064002062
:1032B00070B5C3681D78BDB9B3F801600F21304601
:1032C00002F062FE044638B9084A09483346012133
:1032D000BDE8704010F0D0B9294602F073FD2046D9
:1032E000BDE8704002F01EBD70BD00BF1CA9020009
:1032F000987F020010B5C368B3F801400121204651
:1033000002F042FE38B9064A064823460121BDE8CC
:10331000104010F0B1B9BDE8104002F003BD00BF8D
:1033200042A90200987F020010B5C3681C880121E1
:10333000204602F029FE38B9054A064823460121F5
:10334000BDE8104010F098B9BDE8104002F0EABCAA
:1033500042A90200987F020010B501210C3010F044
:1033600051F80378034A0448BDE81040012110F0E9
:1033700083B900BF66A90200987F0200014610B51C
:1033800008480FF0B3FF0849084813F0C8F9031EB6
:1033900006DA074A0748BDE81040012110F06CB971
:1033A00010BD00BF742200202C250020F046002014
:1033B00088A90200987F020010B586B003AB0024F4
:1033C00000930749074805944FF0FF334FF480629C
:1033D000CDE903440BF064FC204606B010BD00BFED
:1033E000007300205046002010B5084C014606220C
:1033F00094F86F0003F036F938B994F86F00044977
:10340000BDE81040052203F02DB910BD4021002079
:10341000BAC90200024A0348012110F02BB900BFCB
:10342000A5A90200987F0200B0B50B460D8A00AF37
:1034300004462946D868FFF72DFE8AB06A46094B34
:10344000CDE9053440F20243ADF82430064BCDE916
:1034500007504FF4325142F8103F044810F01DF964
:10346000BD46B0BDBFA9020005000001987F020063
:1034700070B5C568B5F801600121304602F084FDE1
:10348000044638B90D4A0E4833460121BDE8704064
:1034900010F0F2B82B783BB9D5F80330C0F899306A
:1034A000D5F80730C0F89D30201D4FF4803110F062
:1034B000E5F82046BDE8704002F034BC42A90200A5
:1034C000987F02002DE9F84FD0F80C90018A99F806
:1034D0000040A30001338B4200AF63D96D468AB030
:1034E0006A463248CDE907310523CDE905044FF49A
:1034F000215142F8103F2E4810F0CFF8AD46BD469E
:10350000BDE8F88F2B4A2A482B46012110F0B4F869
:10351000013699F800309E42F1DA09EB86030F215B
:10352000B3F80150B3F80380284602F02DFD04469D
:103530000028E7D000F1C00AB8F1000F06D0656995
:1035400045B91D4A1A48012110F094F8204602F0AE
:10355000E9FBDDE7A2692B686361954208BFA361BF
:10356000204602F001FB0BF0C9F9C5F800B0236A50
:10357000ABB9C4E90755BFF35B8F5AE8003F013B85
:103580004AE80032002AF8D1BFF35B8F00212046C1
:1035900008F1FF3802F0F4FA1FFA88F8CCE71D6052
:1035A0002562E8E70026B346B3E700BFE1A90200C1
:1035B000987F02000CAA020028AA020037B502EB8D
:1035C000C303044608469A4202D16FF05E0010E041
:1035D000114611F8085BA54211D1038A517899422E
:1035E00009D90848084A009401210FF061FD6FF0E5
:1035F000150003B030BD536898470020F9E70A462C
:10360000E1E700BF987F02003FAA02002DE9F047E2
:103610000C460BF023FEE5682B78022B75D0042BAB
:103620000AD03E4A3E48012110F026F82046FFF716
:10363000A9FC6FF015040EE0B4F81080B8F1020F89
:103640000ED8384A43463648012110F015F8204676
:10365000FFF798FC00240BF015FE2046BDE8F0872C
:1036600068783E280CD1B8F1030F02D12E4A4346A8
:10367000E9E7EB78012B01D00A2B46D1032704E0C0
:103680000FF0E6FF0746F8073FD504F10C060121CD
:103690003046D4F814A00FF0ADFE022130460FF0F2
:1036A000B1FE814600783E2807D1E3681B78012BE4
:1036B00001D00A2B06D1032614E00FF0C9FFC10781
:1036C00006460FD4194A1A491A4841F268130FF0F6
:1036D000F4F8002383F31188BFF36F8F0323184698
:1036E00002DF0226144A99F800000623214610F052
:1036F0000FF8B2070DD56369A4F81080A5EB0A0591
:1037000013FA85F5E560BB07A4D52046FFF736FE22
:10371000A0E72046FFF736FCF5E700BF07AB020045
:10372000987F020061AA02007DAA02009DAA020001
:10373000D1AA0200EAAA02006487020010B50121A2
:1037400004460C300FF05EFE2146034A0078BDE8C7
:10375000104002230FF0DCBF9487020073B53E488F
:103760000FF0D9FD0446002873D000F10C0528465F
:103770000FF050FE0228034603D0042847D0374AF2
:1037800003E0238A032B05D8354A364801210FF080
:1037900073FF13E0042128460FF034FEFF23428814
:1037A00006882376238AC6F30B009A42608309D0E9
:1037B0002C48009201212C4A0FF07AFC2046FFF79A
:1037C000E1FB12E00F2102F0DFFB054610B9638B2D
:1037D000264ADAE702F0FEFB320B20762146284625
:1037E00002F024FA284602F09DFA214BD3F8343136
:1037F0007BB32049204812F092FF031E29DA1F4AAA
:103800001848012102B0BDE870400FF035BF2846CE
:1038100002210FF0F7FD054600783E2812D00FF088
:1038200017FF10F002060DD1154A1649164840F64A
:103830009A430FF042F886F31188BFF36F8F03238A
:10384000184602DF114A2878062321460FF060FF50
:10385000B4E702B070BD00BF74220020B0AB02001C
:103860001BAB0200987F02003CAB020060AB020081
:10387000402100202C250020F046002088A90200CD
:103880009DAA020082AB0200EAAA0200A4870200FD
:1038900010B5012104460C300FF0B4FD2146034A57
:1038A0000078BDE8104008230FF032BFD487020033
:1038B000F8B5012100AF04460C300FF0A3FD0678E7
:1038C000114A002321463046FFF778FE5F3019D1B8
:1038D000258AE0682946FFF7DDFB6C468AB06A4618
:1038E0000A4BCDE9053640F20243ADF82430084BCF
:1038F000CDE907504FF4325142F8103F05480FF020
:10390000CCFEA546BD46F8BD14880200C4AB02003B
:1039100005000001987F02002DE9F74FDFF818A19C
:10392000BFF35B8F80468946174600235AE8004F55
:103930004AE80032002AF9D1BFF35B8F264644B92A
:103940003E4A3F484346012103B0BDE8F04F0FF027
:1039500093BE2046FFF776FA3A4D4FF00C0B0BFB67
:103960000050438843451FD02046FFF76BFA0BFBFE
:1039700000504388344A00933148434601210FF0F8
:1039800097FBBFF35B8F5AE8003F4AE80062002ACA
:10399000F9D1BFF35B8F002B4BD01E46304603B0EE
:1039A000BDE8F04FFFF7EEBAA74208D020460FF06F
:1039B00094FC3A8AF96804F10C000FF0F9FC2046F7
:1039C000FFF740FA0C2707FB00504368ABB1B9F191
:1039D000000F12D12046FFF735FA07FB00500121F6
:1039E0004268536803F01F00814010685B0900EBD8
:1039F0008300137ACBB10FF041FE2046FFF722FA85
:103A00000C2707FB00508368002BC7D02046FFF728
:103A100019FA784305F800902046FFF713FA07FBE0
:103A20000055A8680AF06AFFB8E7C9430FF038FEEE
:103A3000E3E703B0BDE8F08F70220020F6AB020090
:103A4000987F0200885B00201EAC020073B5C56839
:103A5000B5F801600121304602F096FA044640B9FB
:103A60003E4A3F483346012102B0BDE870400FF0A6
:103A700003BE2B781A2B00F1040619D1C378012B51
:103A800050D14FF4804130460FF0F8FD42040FD47E
:103A9000D4F88C3000936946D4F8943001932046D2
:103AA00003F020F9204602B0BDE8704002F03AB9B8
:103AB0002B78BBBBB5F803302A4940F2E2425343AE
:103AC000C4F88830B5F80520A4F89020B5F8072090
:103AD000A4F89220A3F5EA520C3A8A4204D9224A69
:103AE0001F4802210FF0C8FDB4F89030B3F5FA7FFB
:103AF00004D31E4A1A4802210FF0BEFDB4F89230DA
:103B0000A3F10A0292B240F676418A4204D9184AD9
:103B1000134802210FF0B0FD6FF4805130460FF0D2
:103B2000BFFD17E0BFF35B8F6368BFF35B8FDB0400
:103B3000F2D52B78202BEFD194F89830002BEBD0D6
:103B4000013B84F898304FF42032002304F1400008
:103B50000BF010F9204602F01FFCA3E742A9020077
:103B6000987F020095F03C0051AC020078AC020056
:103B70009FAC0200B0B53C2800AF04461AD101F05A
:103B8000BDFA6FF4807110300FF08AFD0020FFF74E
:103B90002BFC054630B9124A124801210FF06AFD8C
:103BA000BD46B0BD0473002102F00CF9284602F0B6
:103BB000B9F8F5E76D468AB06A460B4BCDE905309A
:103BC0000A4B079340F20133ADF82030084B42F81E
:103BD000103F04484FF412510FF05FFDAD46DFE790
:103BE000CBAC0200987F0200ECAC020043A30200C1
:103BF00004000001094BBFF35B8F1A68BFF35B8FB2
:103C000002F00B02BFF35B8F53E8001F43E8002074
:103C10000028F9D1BFF35B8F704700BF142200204A
:103C200010B5C1E900239DF808300B720C46FFF770
:103C300009F9034B0C2202FB00335C6010BD00BF8E
:103C4000885B0020F8B502460B4610480FF04AFB8F
:103C50000446C0B104210C300FF099FB2046FFF759
:103C6000F1F80B4D0C2707FB00500026468020463C
:103C7000FFF7E8F807FB005086602046FFF7E2F800
:103C800007FB00556E602046F8BD00BF4C280020A1
:103C9000885B002029289ABF014B185C09207047D7
:103CA00015CA020070B5C368B3F801601D780F2112
:103CB000304602F069F9044638B91A4A1A483346C0
:103CC0000121BDE870400FF0D7BC65B12846FFF771
:103CD000E1FF29460246204602F01CFC2046BDE8D2
:103CE000704002F01FB88378012B07D106F04AFC20
:103CF00020460FF095FC002808BF05252846FFF751
:103D0000C9FF29460246204602F004FC002DE5D0FA
:103D1000064A054801210FF0ADFC052120460FF0B1
:103D200073FFDBE71CA90200987F020008AD0200C8
:103D30002DE9F041C668B6F8017035780F21384694
:103D400002F022F9044638B9204A21483B460121B5
:103D5000BDE8F0410FF090BC65B12846FFF79AFF2F
:103D600029460246204602F0D5FB2046BDE8F04138
:103D700001F0D8BFF278C37A934205D1154A1448AE
:103D800002210FF079FCF0E78378C272012B08D191
:103D90000AB106F0F7FB20460FF042FC002808BFEE
:103DA00005252846FFF776FF29460246204602F001
:103DB000B1FB002DD9D0084A054801210FF05AFC6B
:103DC000052120460FF020FFCFE700BF1CA902000D
:103DD000987F02002EAD020008AD020010B592B02F
:103DE000044607494822684613F0D8FD112C9BBFB2
:103DF00012AB03EB8404034854F8480C12B010BD16
:103E0000A48002005DAD0200034B0146D3F84C01D3
:103E100082689268104700BF402100202DE9F04FD2
:103E200091B0042100AF4A480FF028FC6D4688B0DD
:103E30006A46484B0593484B06934FF40073ADF820
:103E40001C30464C464B42F8103F4648464E4FF415
:103E5000E6510FF022FC454BE17907F12008AD4611
:103E6000012998BF1E4640462146FFF7C7F88AB091
:103E70006A463F4BCDF81C80CDE905363D4B089393
:103E80003D4B42F8103F37483C4EDFF8F4804FF48A
:103E900023510FF002FCA246AD460125E3799D4275
:103EA0000AF1070A3BDB94F870502846FFF796FFAB
:103EB0006E468CB0B4F87210B4F876306A46DFF80B
:103EC000C4C00993CDE907512F4B4FF40075CDE9DC
:103ED00005C0ADF828504FF4535142F8103F214827
:103EE0000FF0DBFBB54694F871603046FFF776FFC4
:103EF0008AB0B4F874306A462449ADF82450CDE94C
:103F00000763234BCDE9051042F8103F15484FF4E5
:103F100033510FF0C2FB4437BD46BDE8F08F514628
:103F20003846FFF76BF8E9468AB06A4640F201333B
:103F3000CDE905650797ADF820300A4842F8108FA3
:103F40004FF413510FF0A9FB0135CD46A6E700BF92
:103F50001422002069AD02007BAD02004021002048
:103F600003000001987F020065AD020043A3020038
:103F70007FAD020000020103040000028EAD0200CA
:103F8000040000019FAD020006000001DDAD02004B
:103F90000500000100487047D99C02000149024811
:103FA00012F0BDBB1C2500205046002070B5054610
:103FB0000C4639B1CB684A699B1A032B0ED86FF0B7
:103FC000150509E04FF0FF304FF0FF31FFF73AFEE3
:103FD000044618B96FF06805284670BD2046FEF704
:103FE00031FF174B0C2202FB0033A6180321304689
:103FF0005D800FF0EEF90580238A033B8370012179
:1040000030460FF0EEF940F635439D420FD1204681
:10401000FFF7FAFE05460028DED00A4A03460121D2
:1040200009480FF029FB2046FEF7ACFFD4E707480C
:10403000214612F0B7FA0025FFF7B0FFCCE700BF2A
:10404000885B002004AE0200987F02007C220020E2
:104050002DE9F04784B0804600AF91460C4671B917
:104060004FF0FF304FF0FF31FFF7ECFD044660B931
:104070006FF0680528461037BD46BDE8F087887A9E
:10408000FEF7D8FE3C4B83426FD101220021384617
:1040900012F0A1FA2046FEF7D5FEDFF8E0A00C23CF
:1040A00003FB00A0876020460FF04BF90146404615
:1040B000FFF77CFF054618B12046FEF763FFD9E7FE
:1040C0004FF4A022002338460AF04CFC064690B17B
:1040D0004FF4F1732A4A2B492B480EF0EEFB2B4884
:1040E000324641460EF0E9FB85F31188BFF36F8F2E
:1040F0000323184602DF2046FEF7A4FE0C23584394
:104100001AF800605EB36D468AB06A46204B079687
:10411000CDE905381F4B089340F20243ADF8243037
:104120001D4B42F8103F1D484FF432510FF0B5FAC5
:104130002046AD46093EFEF725FF092E0CD8DFE8E4
:1041400006F0050B0B08170B0B0B0B146FF06E052D
:1041500090E76FF00C058DE76FF004058AE7B9F181
:10416000000FA9D0C9F8004084E76FF0150581E77A
:104170006FF00B057EE700BF4C280020885B002015
:104180009DAA020026AE0200EAAA02002FAE02009B
:1041900074AE020043A3020005000001987F0200F4
:1041A00073B506460D4601AA002142F22F00FFF723
:1041B0004FFF044638B1154A154801210FF05AFA4D
:1041C000204602B070BD0198C368B3F80120328068
:1041D000B3F803302B80FEF7D5FE3388A3F11B0222
:1041E000E02A04D90B4A0A4802210FF045FA2B882D
:1041F000A3F5A47292B244F248118A42E0D9064A69
:10420000034802210FF038FADAE700BF93AE02004C
:10421000987F0200B3AE0200D8AE02002DE9F04F45
:104220008DB0604BB0F80190198849F4704291420A
:104230004FF0000608BF1E80054608BF5A4B00AF6E
:1042400008BF1E7800F0A8FCEB78012B08BF574B85
:1042500005F1040A50460CBF93F86F4000240FF09C
:104260007FF907F10808514680B340460FF06DF919
:10427000D5F81130C7F80130B5F81530A7F805307A
:104280004FF0010BEB78012B37D007F110045146AA
:104290002046FEF7B3FE6D4688B06A46444B45485B
:1042A000CDE905344FF40073ADF81C30424B42F8B1
:1042B000103F4FF4E2510FF0F0F91321AD4648469C
:1042C0000FF062FA3437BD46BDE8F08F20460FF09C
:1042D000ADFB03460068B8609A889B796868A8F8C7
:1042E000042088F80630BAF804209AF8063095F8C9
:1042F00004B03860BA80BB71C4E74046FFF774F879
:1043000004460028C1D00346B5F8012023F8702BDD
:10431000B86898F80620B8F8041020679A71998058
:10432000B5F8173040F2E2425343C4F88830B5F88C
:104330001930A4F89030B5F81B30A4F89230EB781F
:10434000E3700022012B22731AD187F800B0BA88DB
:10435000BB793868A4F87B2084F87D30C4F87700F6
:1043600000F0CCFE237A1149C3EBC3035A18CB5893
:10437000C4F87E309388A4F88230937984F884302E
:104380000721204601F01EFD26B12673012120469B
:1043900001F018FD204601F059FE204601F0C2FC54
:1043A00090E700BF606300203064002040210020BF
:1043B000FBAE0200987F02000300000100B5C36855
:1043C000187889B020B109B05DF804EBFFF7D2BBD3
:1043D000B3F80120ADF80120DA788DF800008DF8EF
:1043E0000320B3F80B20ADF81720B3F80D20ADF87B
:1043F0001920B3F80F20ADF81B205A7C8DF81D2032
:10440000586801901A899B7A8DF80A30094BADF8EB
:10441000082068461A689B88CDF80B20ADF80F304D
:10442000CDF81120ADF81530FFF7F8FE09B05DF8B2
:1044300004FB00BFCEC9020010B5F9F701FC034B25
:104440001B6813B1BDE81040184710BDAC5B0020DD
:1044500073B52A4D0646D5F84C0111F071FF48B9E5
:10446000274A284801210FF005F96FF01204204671
:1044700002B070BD6FF0020105F1D4000FF010F929
:1044800001210FF0FBF810EA010434D11E4B1E602D
:104490000A4605F5907012F09EF805F59E7012F030
:1044A00079F81A4812F066F91949184800946FF023
:1044B00007034FF4C0620AF0F3FB1649134812F0E9
:1044C000BCF9D5F84C01144983681B689847044629
:1044D00030B1124A034601210A480FF0CDF8C6E771
:1044E00026B902B0BDE87040F9F7AABB05F1C400D7
:1044F0000AF0D0FBBBE76FF07704B8E7402100205B
:1045000078B00200987F0200AC5B0020F0460020EB
:104510004077002090B002000D36010099B00200F3
:10452000F0B5C5682F88BCB287B00121204601F0E4
:104530002BFD064640B9284A28482346012107B0EA
:10454000BDE8F0400FF098B802ACD5F80220D5F8DD
:10455000063001946989009110F040FD48B34FF096
:10456000FF304FF0FF31FFF76DFB054648B91C4A9D
:104570001A4801210FF07EF8304601F0D3FB07B056
:10458000F0BD12210C300EF00DFF0346224623F839
:10459000027B144603CC596006A98C42186022465F
:1045A00003F10803F5D1294642F21A00FFF7FEFC99
:1045B000E2E74FF0FF304FF0FF31FFF743FB0446D7
:1045C0000028D4D002210C300EF0ECFE21460780EA
:1045D00042F21B00EAE700BF42A90200987F0200F6
:1045E000B5B0020073B5C368D9789A781E8842EADC
:1045F0000122ADF8002059791A7942EA0122ADF87A
:104600000220D9799A7942EA0122ADF804201A7A77
:104610005B7AB4B242EA032301212046ADF80630AA
:1046200001F0B2FC054658B91D481E4A0121234637
:104630000FF022F8022120460FF004F902B070BDFD
:10464000694601F0FBFE38B91E2120460FF0FAF84A
:10465000284601F067FBF1E74FF0FF304FF0FF31E4
:10466000FFF7F0FA04460028F2D00E210C300EF0CD
:1046700099FE00230680C0F80A30BDF80030438060
:10468000BDF802308380BDF80430C380BDF8063029
:104690000381214642F22000FFF788FCD8E700BFE3
:1046A000987F020042A9020038B5042104460C306C
:1046B0000EF0A8FE034640885D7818B119782246AE
:1046C000FFF72AF935B104480AF018F9BDE8384077
:1046D000FFF764BC38BD00BF60220020B0B50321E5
:1046E000044600AF0C300EF08DFEE2680346B0F8D1
:1046F0000100117840F63542904216D16C468AB0DE
:104700006A46104B1048CDE90531104B079340F233
:104710000133ADF820300E4B42F8103F4FF41251E8
:104720000EF0BBFFA546BD46B0BD1D7810B12246B8
:10473000FFF7F2F8002DF6D006480AF0DFF8FFF791
:104740002DFCF0E7CCB00200987F020043A30200EA
:10475000040000016022002038B50AF07FFD2F4DD3
:10476000D5F83C31002B56D00022002305F590707F
:104770000AF0F8F800284ED10022002305F59E70BB
:104780000AF08AF8044668B9254A2649264840F6C0
:10479000AA430EF092F884F31188BFF36F8F0323BE
:1047A000184602DFD5F830315BB1204A204801219C
:1047B0000EF060FFD5F83001FEF7E4FB0023C5F8EA
:1047C000303120460EF0BDFDC5F830012046FFF720
:1047D0001BFB0346C8B1174A154801210EF04CFFD8
:1047E00015480AF08BF82046FEF72CFB134B0C22E1
:1047F00002FB0033588818B122461F21FFF78CF8BE
:104800002046FEF7BFFBFFF7C9FBFFF7C7FBBDE87C
:1048100038400AF037BD01F029FCF8E740210020BC
:104820009DAA0200E8A80200EAAA020004B1020060
:10483000987F020004AE020060220020885B002006
:10484000F8B50A4DEF7906460024E3B29F4202D83C
:104850006FF0010007E0294630460FF00FF80735EA
:10486000631C08B12046F8BD1C46EEE7402100203D
:1048700037B504460D4671B1124928460EF0FEFFC9
:1048800048B91148C4EBC404294620440FF000F88D
:10489000002003B030BD68460EF049FE0028F8D174
:1048A0006846FFF7CDFF0028F5DA074BC4EBC400DC
:1048B000184469460EF0ECFF002DE9D00146284669
:1048C000E4E700BFC1C902004021002070B51A4EC4
:1048D00006223146054613F07EF838B34FF0FF301C
:1048E0004FF0FF31FFF7AEF9044608B30622294620
:1048F0000C300EF05DFD2146002242F20500FFF76C
:10490000A7FB044648B110F10D0F04D10B4A0C4827
:1049100002210EF0BBFF204670BD33462A6843F8E3
:104920006929AA88B280012283F868200024F2E76E
:104930006FF06804EFE700BFA921002044B2020035
:10494000A07F0200084BBFF35B8F53E800CF4CF40D
:10495000806C43E800C2002AF7D1BFF35B8F037A73
:1049600019430172704700BF14220020F7B50021DF
:1049700004460222084601F075FE064648B120466C
:104980000121FFF7DFFF304603B0BDE8F04001F042
:10499000C9B93B4D01463B4800F0AAFB95F81331DD
:1049A0007BB130460EF0BEFF58B1374A022137487E
:1049B0000EF06CFF3648002103B0BDE8F04000F077
:1049C00097BB95F8132195F812319A4218D1314AC4
:1049D0002E4802210EF05AFF0022114642F2290011
:1049E000FFF736FB10B12C4A0121E0E795F81331AF
:1049F000013385F81331237A43F004032372D9E796
:104A00002246671C12F82E0B39460EF04EFF064662
:104A100010B1224A01210EE095F81331013385F8D7
:104A20001331237A43F00403237295F8A7305B0710
:104A300008D41B4A022115480EF028FF01200EF071
:104A400071FFB7E7394668460EF022FF01234FF0A9
:104A5000FF304FF0FF318DF80730FFF7F3F80446D1
:104A600060B1082269460C300EF0A2FC32462146A5
:104A700042F24E00FFF7ECFA0028DFD0094AC9E7FE
:104A800040210020F539020053B20200A07F02004D
:104A90005739020078B20200A9B20200C9B202007E
:104AA000E9B2020013B3020000212DE9F041022215
:104AB0000446084601F0D6FD054640B120460221D5
:104AC000FFF740FF2846BDE8F04101F02BB9014651
:104AD0002A4800F00DFB28460EF024FF284D06461C
:104AE00088B1284A0346012127480EF0D7FA95F8E5
:104AF000133113B101200EF015FFBDE8F04123483A
:104B0000002100F0F5BA95F8133195F812219A4278
:104B10000CD2013B85F81331237A1D4923F004039D
:104B200002462372022005F017FEE0E74FF0FF3047
:104B30004FF0FF31FFF786F804F10108074668B12E
:104B400007210C300EF02EFC41460EF0A1FE32463D
:104B5000394642F22800FFF77BFA28B10D4A0A488D
:104B600001210EF093FEC2E795F81331013B85F861
:104B70001331237A23F004032372B8E7F5390200D6
:104B8000402100202EB30200A07F0200573902000E
:104B90000F3902005BB302000A4BBFF35B8F53E88F
:104BA000002F22F4806143E800100028F7D1BFF302
:104BB0005B8F530504D504490022022005F0CCBDCB
:104BC000704700BF142200208B3A02001FB500235B
:104BD000CDE9023301908DF80C1001AA034902209F
:104BE00005F0BAFD029805B05DF804FBCB39020070
:104BF00010B4034670B10A4991F8124191F813219B
:104C00000CB1944208D2013281F813211A7A42F091
:104C100004021A7210BC704710BCFFF7A7BE00BF99
:104C20004021002010B4034698B10B4C94F81211A7
:104C300094F8132129B101318A4203DC10BCFFF73B
:104C400033BF12B1013A84F813211A7A22F0040218
:104C50001A7210BC704700BF4021002038B50D46C5
:104C60000649CC7938B12B689C4228BF1C46C4EB5E
:104C7000C40212F093FE2C6038BD00BF402100201A
:104C800070B5044611BB20B325490EF0F7FD00BBFB
:104C90002046FFF7D5FD00283BDA237853B9214899
:104CA000C279002A35D121460EF0F2FD0123C371ED
:104CB000104670BD012B04D1A37903F0C003C02BB3
:104CC00007D0194A194801210EF0E0FD6FF01500D8
:104CD000EFE7144DEB79012B1ED005F1D4000EF057
:104CE000DEFDC30707D4002CF0D00D4920460EF09E
:104CF000C5FD0028EAD1EE792146731C3046EB71E0
:104D0000FFF7B6FD08B93046D3E7EB79013BEB710D
:104D1000CFE76FF07700CCE76FF00B00C9E700BF7B
:104D2000C1C902004021002080B30200A07F020020
:104D30002DE9F341044640B91A4A1B4802210EF0FE
:104D4000A5FD002002B0BDE8F08101AA002141F2DA
:104D50000900FFF77DF9054608B1144AEDE7019E09
:104D60001349D6F80C8008F101070622384612F0E4
:104D700032FE28B10F490622384612F02CFE18B92F
:104D80003046FEF7FFF8DCE7D8F80130C4F8013010
:104D9000BB88A4F8053030462570FEF7F3F80120F3
:104DA000D0E700BFAEB30200A07F0200C7B302008D
:104DB000CEC90200C8C9020007B56846FFF7B8FFB0
:104DC000044BD87118B169460020FFF751FD03B0BC
:104DD0005DF804FB402100202DE9F041304EF179CF
:104DE00088B0002954D196F8C24014F0010411D1C2
:104DF0002C4A2D4802210EF049FD0024F47116259D
:104E000000240127F379E0B283422BD8002B3FD056
:104E100000203AE06A464FF60940FFF719F908B159
:104E2000224AE6E7DDF800C0DCF80C5095F8018076
:104E3000B8F1000F0ED0AB1C02AA123518685968E1
:104E4000174603C70833AB423A46F7D118683860B3
:104E50009B88BB806046FEF795F8B8F1000FCDD176
:104E6000134AC6E708AB05FB0033694653F8182C14
:104E700033F8143CCDF80120ADF805308DF8007002
:104E8000FFF7F6FC01340028BCD008B0BDE8F08183
:104E90000021084608B0BDE8F041FFF7F1BE00BFB1
:104EA00040210020E5B30200A07F020011B40200FF
:104EB00031B402002DE9F0411D460E461746034667
:104EC00048B145B10A0311D54C0708D5284A2948ED
:104ED00001210EF0DBFC6FF01500BDE8F0810EF053
:104EE000B9FD0028F9D101232B70F6E7B10704784A
:104EF00024D021492FB1B20603D591F8D82050060D
:104F000032D5C4EBC40411F80480B8F1010F09D103
:104F10000134214418460EF095FD0028DDD185F8B6
:104F2000008002E0B8F1000FF9D02FB1B30642BF04
:104F30002B7843F002032B700020CEE7720710D5C8
:104F40000D49C4EBC4040F5D012F07D10134214486
:104F50000EF078FD0028C0D12F70E7E7002FE5D1D3
:104F6000FAE70EF077FDBEE76FF08500B5E700BF0A
:104F70005AB40200A07F02004021002038B5104D35
:104F8000EB7913B10024204638BDFFF715FF044626
:104F900028B10C4A0C4801210EF078FCF3E7EB79BC
:104FA000002BEFD1FFF718FF04460028F1D1681C51
:104FB000FFF78CFC04460028E5D0044AEAE700BF6E
:104FC0004021002079B40200A07F020098B40200C2
:104FD0002DE9F74F884601904FF0FF314FF0FF3039
:104FE000FEF730FE044600284ED020210C300EF093
:104FF000D9F9002120220646002712F0DDFCD8F85E
:10500000005006F1010B3946D8F804309F4208D30E
:10501000019831700022214603B0BDE8F04FFFF740
:1050200017B86A7895F800C0881C13181F2B5FFA10
:1050300080F915D9BCF1090FC9F11F0201D1002A6D
:105040000CDC134A134801210EF01FF82046FDF72F
:1050500099FF6FF0150003B0BDE8F08F4FF0080C1A
:105060005FFA82FA0AF1010E0BF801E00131C9B2D0
:1050700058440BF801C0D144696812F08FFC013725
:105080005FFA89F10835BFE76FF06800E3E700BF1A
:10509000BBB40200587F0200F7B5CDE900016946B4
:1050A00042F208009DF8207016461D46FFF790FF5B
:1050B000044668B97FB9BFF35B8F0C4B53E8001F00
:1050C00041F0040143E80012002AF7D1BFF35B8FDF
:1050D000204603B0F0BD694642F20900CDE9006503
:1050E000FFF776FF0028E6D00446F1E768210020AC
:1050F00003460148184700BF582100200048704768
:10510000582100202DE9F04FD0F8109089B0B9F166
:1051100000040546A248029118BF012403930EF033
:10512000C4FC4607924640F19A816E6870050CD522
:105130006FF01504029B002240F20110924540F0EE
:105140009781204609B0BDE8F08FD5F81080B8F1FE
:10515000000F01D0B107EBD0924F2878FB79834242
:10516000E6D9C0EBC00090490722384412F033FC66
:105170000028DDD0B20706D197F87030082B02D88E
:10518000AB689F2BD4D916F0300F7ED0B8F1000F4A
:10519000CED0F3067CD406F46036B6F5603FC7D0B7
:1051A00028460EF06EFC80460028C1D07F487F4E16
:1051B0000EF07BFC10F4807F40F0548106F1AC00CF
:1051C0000EF073FC10F4806F06F1AC0B01D0FFF70A
:1051D000E3FC6A680023CDE90533CDF81B30AB68EA
:1051E000ADF8103012F4004FEB68ADF8123014BF78
:1051F00006230723D00348BF03F00503910348BFEC
:1052000003F0FB038DF81D30BFF35B8F5BE8003FBD
:1052100023F480734BE80032002AF7D1BFF35B8F91
:105220002B783B7687F86F302246696860480DF12D
:105230001503FFF73FFE044600287FF47BAF5D4B6C
:10524000B9F1000F31D02A6911684BF8B31C91886D
:10525000998092799A716B689A0728D0B9F1000FFA
:105260002CD013F0100F0CBF012304238DF8143041
:105270002B691A68CDF816209A88ADF81A209B7908
:105280008DF81C304FF000081BE0B8F1000F82D100
:10529000D5E902239A423FF64BAF1F2A7FF648AF6B
:1052A000B3F5804F7FF677AF42E73F4ACCE79B05E7
:1052B00002D4039B002B3CD0022300E04B468DF828
:1052C00014304FF0FF304FF0FF31FEF7BBFC0446C7
:1052D000002800F0CA800F2204A90C300EF068F8F4
:1052E0002146002242F20600FEF7B2FE04460028E4
:1052F0007FF420AFB9F1000F1FD0686810F00300F1
:1053000027D107462A4801210EF0D5FB0446002884
:1053100058D0294A294801210DF0B7FE002F3FF44B
:1053200009AF3846002100F04DFD384600F0FAFC88
:1053300000E703238DF81430A4E7129B039A029828
:10534000CDF800805146FFF7A7FE04460028D4D0D0
:10535000F0E63C7E1449174887F86F40072212F0A8
:105360003AFB60B91649204601F0FCF8074610B92F
:105370006FF00B04DEE6052100F024FDC2E70D49C5
:10538000204601F035F900287FF4D2AE387E094975
:1053900001F0E8F807460028EAD00621ECE700BF54
:1053A0001422002040210020C1C9020068210020F1
:1053B0005821002061210020D4B40200587F02004F
:1053C000BAC9020017B1384600F0ACFC6B68BFF3F5
:1053D0005B8F9F0728D056E8003F43F4007346E8F0
:1053E0000032002AF7D1BFF35B8FBFF35B8FB8F1B8
:1053F000000F22D056E8003F43F4806346E80032B5
:10540000002AF7D1BFF35B8F6B68BFF35B8F580740
:105410001CD556E8003F43F4805346E80032002A8A
:10542000F7D1BFF35B8F85E656E8003F23F40073A6
:1054300046E80032002AD6D0F6E756E8003F23F4CB
:10544000806346E80032002ADCD0F6E756E8003FE9
:1054500023F4805346E80032002AE2D0F6E76FF0EA
:105460000A0467E66FF0770464E66FF0680461E6AB
:105470001988814204D1596811B10978C90702D449
:10548000013208335AE60549054811F079F94FF41D
:1054900070220023024809F0A1FC52E621550100C8
:1054A0007021002010B518480EF02DFB17480EF0A3
:1054B000FCFA0346DA05C0F3002023D513480EF0AA
:1054C000F4FA830515D512491248072212F083FA1F
:1054D00011490346087E93B91049052201F0C2F82C
:1054E000044630B10021017300F06CFC204600F04E
:1054F00019FCBDE81040044800210EF0DCBA062279
:105500002131EBE710BD00BF5821002068210020A9
:10551000C1C902006121002040210020BAC9020057
:1055200010B5FFF7BFFF034630B1044A0448BDE899
:10553000104002210DF0B2BD10BD00BFEFB402005B
:10554000587F020070B59AB01822002103A812F00B
:1055500033FA47F21213ADF808304FF48073ADF808
:105560000A303B4B44F20102694602A8CDE904230C
:105570000BF04AF8034638B3364A374801210DF09C
:105580008DFD1F25354BBFF35B8F53E8001F21F0C6
:10559000010143E80012002AF7D1BFF35B8F304EC0
:1055A00009F05CFE346804B1043C002D2D4D18BF99
:1055B0000025002C45D023680BB128469847646825
:1055C000002C3ED0043CF6E701AB0098412209A92B
:1055D00011F0CDFC034608B1234ACEE7234A0DF172
:1055E00025030DF1650153F8040B42F8040B8B42BF
:1055F000F9D101AB1E490098202211F063FC03464B
:1056000008B11C4AB9E700980AF0F4FE054610B14B
:10561000194A0346B1E7154912480EF077FA1748C0
:1056200020310EF073FABFF35B8F154B53E8001F68
:1056300041F0100143E80012002AF7D1BFF35B8F5D
:10564000A0E70023C6E9003309F01CFE1AB070BDC4
:105650000000020915B50200887F0200B05B00203F
:10566000B85B00209164002033B502005164002033
:105670003164002056B502007AB50200B164002002
:105680001422002030B5A7B01822002107A812F07C
:1056900093F904233D22002116A8159312F08CF9EA
:1056A00047F21213ADF818304FF48073ADF81A308A
:1056B0002B4B2C4944F20102CDE9082306A804AB88
:1056C00020220AF0D5FE034600B3274A27480121CD
:1056D0000DF0E4FC6FF0040409F0C0FD244B1D68DC
:1056E00085B100201860234BBFF35B8F53E8001F88
:1056F00021F0020143E80012002AF7D1BFF35B8FCB
:1057000044B3A84709F0BEFD27B030BD1A4B0DF1D8
:10571000550203F14000194653F8044B42F8044B7C
:105720008342F9D105AB02932023CDE900130C4845
:105730000499412315AA11F0E9FC034608B10F4A68
:10574000C4E704980AF056FE04460028C4D00C4A68
:105750000346BBE70DA808490EF0D8F90DA8D0E71D
:1057600000000209316400209AB50200887F02001F
:10577000B45B0020B05B002051640020D0B5020073
:10578000ECB5020008B50449402212F024F9B0FA41
:1057900080F0400908BD00BF3FCA020010B59AB0B2
:1057A00004461822002103A812F006F944F212134D
:1057B000ADF808304FF48073ADF80A30154B4FF454
:1057C0008042CDE90423214604230DF125008DF804
:1057D00024300EF09BF904F120010DF145000EF08C
:1057E00095F901AB412209A902A80AF041FE04463D
:1057F00002A811F0D7FC2CB901980AF0FBFD01209A
:105800001AB010BD0448054A234601210DF046FC9C
:105810000020F5E700000209887F020009B60200B7
:1058200010B500283FD0234A136823B1043B9842A7
:105830003CD05B68F9E7204BBFF35B8F1968BFF37F
:105840005B8F890707D51D481D4A02210DF01DFCFD
:105850006FF00F0010BD14684460011D50681160A6
:1058600000B95160BFF35B8F53E8002F42F0010194
:1058700043E800100028F7D1BFF35B8FD30701D5B1
:105880000020E7E70F4BBFF35B8F53E8001F21F0C9
:10589000100143E80012002AF7D1BFF35B8F0A48DA
:1058A000FDF73CFCECE76FF01500D3E76FF07700F5
:1058B000D0E700BFB85B0020B05B0020887F02000B
:1058C0002DB60200142200204C250020054BBFF30A
:1058D0005B8F1B68BFF35B8F13F0100F024808BF8C
:1058E00000207047142200209164002070B5054606
:1058F0001E4803688B4232D0BFF35B8F1C4B1B6882
:10590000BFF35B8FDA062DD5036813B16FF00F007C
:1059100070BD184ABFF35B8F1368BFF35B8FDB0763
:10592000F4D4BFF35B8F52E8003F43F0020442E837
:105930000046002EF7D1BFF35B8F13F00204E5D1D0
:1059400001600D4829460EF0E1F80C4805F12001F0
:105950000EF0DCF80A48FDF7E1FB2046D8E76FF0CF
:105960007700D5E76FF07C00D2E700BFB45B002082
:1059700014220020B05B00205164002071640020DC
:105980003C25002070B50C4B1C68054644B154F80A
:105990001C3C1C3C13B1297B28469847E469F5E779
:1059A000064C074EB44200D370BD236813B1297B67
:1059B000284698472034F5E7F45B0020F87E020083
:1059C000187F020010B50446FDF73CFA044901EBCC
:1059D000001120460DF005FEBDE81040FEF7DEBACE
:1059E000C05B002070B5D1E9015600220446C1E930
:1059F0000122064810F0D6FD3DB1314620462B4627
:105A00006FF06D02BDE87040184770BDAC270020F4
:105A100013B504464FF4806104300EF09DF8400544
:105A20003FD4BFF35B8F6368BFF35B8FD90326D589
:105A3000E37823B91C4A1D4802210EF08BF8637BE2
:105A4000072B2ED11A4B93F8D8309B0629D50DF091
:105A50006DFE30B30DF1060101A8FEF7A1FB00BBFE
:105A6000BDF80620BDF8041020460DF0CCFE03461C
:105A7000B8B1104A0D4801210EF06CF811E00C4B42
:105A800093F8D8301A07D3D520460DF0A1FE03466F
:105A900020B1094A054801210EF05CF8637B072B11
:105AA000C6D002B010BD00BF7CB60200707F0200FD
:105AB0004021002095B602005BB6020070B5054695
:105AC0000F480022002308F04DFFB8B90D4B1C68A9
:105AD00034B154F8143C1C3C03B19847E469F7E72F
:105AE000094C0A4EB44204D32846BDE8704009F080
:105AF000D1B8A36803B198472034F3E770BD00BF65
:105B00009C270020F45B0020F87E0200187F020032
:105B10002DE9F041044640270025EFF3118287F379
:105B20001288BFF36F8FE16929B1206A0B68E361C6
:105B3000814208BF236282F31188BFF36F8F71B176
:105B4000D1E901680748C1E9015510F02BFD1EB1EC
:105B5000002241462046B047FEF720FADDE7BDE8C7
:105B6000F08100BFAC2700200448B0F8FC30002BC7
:105B700000F5807008BF0020704700BF4021002062
:105B800030B50446FCF76AFF0D4A0D460D4908582A
:105B9000D2F88010884289B005D1204609B0BDE80E
:105BA0003040FFF7B5BF24342146104610F0B7FD52
:105BB0001DB16946204610F0C2FD09B030BD00BFDE
:105BC000585700200800000038B5002204468A42D9
:105BD00002D10024204638BD04F1C8030120BFF3E0
:105BE0005B8F53E8005F002D04D143E8000CBCF14B
:105BF000000FF6D1BFF35B8F02D0D0340244E6E74A
:105C0000002CE6D0C8220021204611F0D5FE04F178
:105C10004000044910F0B4FD034904F1240010F0E1
:105C200062FDD7E7C9670100833B0200F7B516465E
:105C30000D4601210446FFF7A3FF012E23D0022EBB
:105C400052D123693BB13148314A01210DF01DFA8F
:105C500020460DF0B4FF256121690B8A012B53D931
:105C6000CA681288043292B293424DD343D927486E
:105C700000920121274A0DF01BFA204603B0BDE82F
:105C8000F0400DF09CBF206940B9234A1F483146BF
:105C90000DF0FBF920460DF092FF01E02A8A2AB9A7
:105CA000284603B0BDE8F040FDF76CB9018A438A8D
:105CB00047695B1AC168C91B5B1A9A420CD9174A1B
:105CC000124831460DF0E1F921690022204600F02A
:105CD000DDFF00232361E3E7E9680C300DF068FB8A
:105CE0002846FDF74FF9B7E70D4A0848334601212A
:105CF0000DF030FFCEE7002301222046236103B0E0
:105D0000BDE8F04000F0C2BF03B0F0BD707F0200FC
:105D1000B1B6020031B70200CEB60200ECB6020006
:105D200013B7020008B500F1C803BFF35B8F53E857
:105D3000002F013A43E800210029F8D1BFF35B8F1F
:105D4000AAB90B4B984212D303F1D00290420ED263
:105D5000C01AD023B0FBF3F203FB120038B9054898
:105D600008F0CCFDBDE80840034808F093BF08BD2B
:105D7000904700209C2700206C25002010B5044689
:105D80000DF026FF09F06AFA0C4BD3F8143104F138
:105D9000BC0143B90A480DF0C3FE09F073FABDE82F
:105DA0001040FEF7FBB8994201D01B68F1E709F0FB
:105DB00069FA2046FFF7B6FFF1E700BF4021002057
:105DC00054220020F8B5467B8E4200AF04460D46B3
:105DD0001BD1082E96BF534B534B53F826306C46BD
:105DE00088B06A465149CDE905134FF40073ADF808
:105DF0001C304F4B42F8103F4E4800234FF4E45103
:105E0000FBF75AFDA546BD46F8BD41730EB90DF02E
:105E1000DFFE637B082B00F2818001A252F823F0A1
:105E20006D5E0100C35E0100075E0100075E0100B8
:105E3000075E0100075E0100075E0100455E01008C
:105E4000075E01000023C4E90D33E378012BDAD1AA
:105E5000A378012B04BF032384F898304FF4203239
:105E6000002304F1400008F085FFCCE7082ECAD8D3
:105E7000DFE806F02005171C1C1C1720200004F189
:105E80004005284610F088FC01212046FFF778FEE7
:105E900020460DF094FE00220023284608F09EFFC5
:105EA000B1E7237B13B12046FFF76CFD2046FFF7D7
:105EB00039FFA8E7204A2B461E4802210DF04AFE72
:105EC000A1E7237B3E2B0FD16D4688B06A461B4B62
:105ED000CDE90534032342F8103F164800234FF460
:105EE000C451FBF7E9FCAD46154D05F580766169B7
:105EF00011B9FEF753F886E7A2690B686361914216
:105F000008BFA3612046FFF76DFDB5F8FC30002BFC
:105F100014BF3046002008F0F1FCE8E7094A2B46A0
:105F2000CAE700BF288802004CB7020056B702003B
:105F300003000001707F020067B702007EB7020015
:105F400040210020A5B70200F8B5074609480D46D4
:105F500016460DF03DFE044650B183781F4203D132
:105F6000BDE8F840FFF7DEBE3146A8472046F7E718
:105F7000F8BD00BF90470020024900220120FFF732
:105F8000E3BF00BF773B020070B505460E480E46E2
:105F90000DF01EFE0446A0B1437B012B02D0073B4F
:105FA000012B0CD82388AB4208D1A3781E4209D11B
:105FB000064A07482B4602210DF0CCFD2046FFF78C
:105FC000B1FE0024204670BD90470020C1B70200FA
:105FD000707F0200034BC01A034B00115843C0B23C
:105FE000704700BF90470020C54EECC470B51C46FA
:105FF000144305460E460DD00F49FCF72FFDD1F88E
:1060000080400E4909588C4206D10D4A0D480221A4
:106010000DF03BF8002213460B49002D14BF284613
:1060200008460DF05FF9044618B1711D0C300DF0F3
:10603000AEF9204670BD00BF585700200800000090
:10604000D8B70200707F0200BC27002010B50446BC
:10605000054808F01FFE204600F05EFD2046BDE822
:106060001040FFF78FBC00BF5C2500202DE9F04FEA
:1060700087B000AF0023FB607B61BF4B5A8A3AB107
:10608000BE4DD5F814413CB91C37BD46BDE8F08F74
:106090001B68002BF4D1F7E754F8BC3903B1BC3BC3
:1060A000B749002601E01C461346B5F8FC20002A3B
:1060B00000F05F81D5F808214AB904F1BC06002B35
:1060C000E2D0D3F8BC20002AEDD0BC3AEBE70A6856
:1060D000002AF2D0D4F8A820002AEED0D4F8AC20C0
:1060E000002AEAD0D4F8B020002AE6D0637B072B40
:1060F0006CD120469047002868D0BFF35B8FD4F85E
:10610000C030BFF35B8F022B60DC20460DF060FDDA
:1061100004460028B8D0637B072B40F02781D4F8D1
:10612000A830B5F8FC1007F11002204698478146C8
:10613000002800F00E81B5F8FC203B699A4208D394
:106140000146D4F8AC6007F1140307F10C022046B5
:10615000B0477B693B60B9F81030D7F80C80002B52
:1061600000F0FE804846D7F810A00DF050FA786095
:10617000002840F0F880B5F8FC30DFF808B2002BBA
:1061800014BF584600200022002308F0EBFB78B92A
:106190007B480022002308F07FFB064600283BD105
:1061A000B5F8FC30002B18BF5E46304608F0A6FB61
:1061B0006FF00B054846FCF7E5FEB8F1000F00F064
:1061C000B38039682A462046C047ADE0D4F8BC30D9
:1061D00004F1BC02C6B9D5F81811C5F814318A42C9
:1061E00001D1C5F818310023C4F8BC302046D4F8DA
:1061F000B030984700288ED0637B072B40F0B680E4
:106200002046FFF7BBFD86E73360D5F818319A4288
:1062100008BFC5F81861E6E73B68C0F804808360F2
:10622000B5F8FCB05448DA454FF000024FF00003D7
:106230004FF0000198BF1FFA8AFBFCF725FE80464D
:1062400050B1FCF7FFFD504B5A4603EB0013494693
:1062500040460DF0A1F98046B5F8FC3094F8C490A2
:106260009A4584BF01237B607B6884F8C4309CBF5F
:1062700009F102095FFA89F904F1C00ABFF35B8FE3
:106280005AE8003F01334AE80032002AF8D1BFF350
:106290005B8F04F1140B314658460DF041FCA37896
:1062A000012B5AD108F10C03042118467B600DF034
:1062B00090F822887B6809F0FD0942EA09320280E1
:1062C000B8F81020043A4280022118460DF089F8EF
:1062D0004046FDF799FD8146002847D0BFF35B8F0C
:1062E0005AE8003F013B4AE80032002AF8D1BFF3E8
:1062F0005B8F314658460DF047FC244A24484B46F4
:1063000001210DF027FC4046FCF73CFE20463146BB
:10631000FFF768FBB5F8FC301A48002B08BF0020D7
:1063200008F0ECFA6FF004056E4688B0194A07943D
:10633000CDE905256A46042342F8103F14484FF47E
:1063400001510023FBF7B8FA1321B54620460DF0A2
:106350005BFC2046FFF7E6FC96E66FF01509BDE70B
:106360006FF0790526E76FF0040523E7FDF716FEC9
:10637000EFE79368FFDE00BF2828002040210020BF
:10638000AC27002040220020C05B002004AE0200A9
:10639000707F020001B802002DE9F04140F2E243B3
:1063A000D0F88860B6FBF3F60446B6B2031DBFF31F
:1063B0005B8F4268BFF35B8F920417D5B0F88C20D7
:1063C000B24213D8B0F88E20B2420FD3D0E92412D3
:1063D00091420BD1BFF35B8F53E8001F21F40051B2
:1063E00043E80012002AF7D1BFF35B8F104B1D6802
:1063F00065B155F80C7C1C3D37B1B4F89230B4F857
:10640000902031462046B847ED69F1E7094DDFF8A5
:106410002880454501D3BDE8F0812F6937B1B4F834
:106420009230B4F8902031462046B8472035F0E746
:10643000F45B0020F87E0200187F02002DE9F04195
:10644000074608460D460DF073F9064618B90026B2
:106450003046BDE8F081144B1C6884B154F8103C00
:106460001C3C0BB9E469F8E72946384698470028F0
:10647000EDD028460DF05CF90028F3D1E7E70B4C8E
:10648000DFF82C804445E3D2E3680BB92034F9E708
:106490002946384698470028D9D028460DF048F9B3
:1064A0000028F3D1D3E700BFF45B0020F87E0200A0
:1064B000187F02002DE9F041C37804468BB900F142
:1064C0007E06114B1D687DB11C3D04F170076B69A0
:1064D0001BB13A46314620469847ED6925B11C3D2F
:1064E000F5E700F17706ECE7084D094F04F1700875
:1064F000BD4201D3BDE8F0816B691BB14246314614
:10650000204698472035F3E7F45B0020F87E020030
:10651000187F0200F8B5437A8372054616460DF0DF
:10652000BBFC0D4B1C684CB154F8043C1C3C1BB12B
:10653000697A324628469847E469F4E7074C084FE1
:10654000BC4200D3F8BDA3691BB1697A3246284624
:1065500098472034F4E700BFF45B0020F87E020087
:10656000187F020038B505460C460F480121FFF799
:106570002BFBC0B1057223680367A388A0F87430B1
:10658000A37980F876300123437283728370074BBE
:10659000C0F8A830064BC0F8AC30064BC0F8B0309D
:1065A000054BC0F88C3038BD90470020156A0100BB
:1065B000413B0200353B02001800280070B505463B
:1065C0000A480E460DF004FB044620B18378012BE7
:1065D00004D0FFF7A7FB0024204670BD32462946B1
:1065E0000DF084FB0028F7D12046F2E79047002009
:1065F000F0B589B000AF0D46FFF7E0FF044610B3D9
:1066000029463846FCF7FAFC637B082B96BF0F4AF5
:106610000F4B52F823306D468AB06A460D49CDE9DA
:1066200007730D4B09930D4BCDE9051442F8103F4C
:106630000B4800234FF44251FBF73EF92046AD468C
:10664000FFF770FB01202437BD46F0BD288802000B
:106650004CB7020024B80200010302040500000246
:10666000707F0200F8B505460E480E4617460DF03D
:10667000AFFA044620B18378012B03D0FFF752FB19
:1066800000240DE036B1324629460DF02FFB08B943
:106690002046F3E7637BBB42FAD1237AAB42F7D1C2
:1066A0002046F8BD9047002070B58B78012B92B042
:1066B00006460C4642D191F8703007AD032B37D80F
:1066C000DFE803F0023032341E492846F7F749F973
:1066D000059594F87130049394F87230039394F80C
:1066E0007330029394F87430019394F875300093EA
:1066F00094F87630144A1E210AA80BF0E3F80AAB8E
:10670000324610AD1C4603CCAC42106051602346AB
:1067100002F10802F6D120681060A3889380304609
:1067200012B070BD0949D0E70949CEE70949CCE765
:10673000094A0A2128460BF0C5F8C9E700238DF85D
:106740002830DCE7709B0200929B0200779B0200DE
:106750007E9B0200889B0200339D020038B50446F0
:1067600008460D460CF0E4FF48B3164B93F8D830BA
:10677000990707D4E37883B129462046BDE838401D
:1067800000F0B0BA94F899309A07F3D5BFF35B8F55
:106790006368BFF35B8F5B04ECD4294620460DF0A1
:1067A000CBFA58B92B88A4F88C306B88A4F88E30BB
:1067B000AB88A4F89430EB88A4F8963038BD6FF01D
:1067C0001500FBE740210020F7B510F8333C0446E4
:1067D000A0F140060BBB30460DF001FB354B1D68A8
:1067E0004DB155F8183C1C3D1BB114F8341C304613
:1067F0009847ED69F4E7304D304FBD4205D3304640
:1068000003B0BDE8F040FFF78DBA6B681BB114F818
:10681000341C304698472035EFE710F83E3C012BFA
:1068200046D1BFF35B8FA0F13C0555E8003F23F450
:10683000005245E800210029F7D1BFF35B8F99048E
:1068400023D5E36C00936946636D01933046FFF7EF
:1068500085FF034698B9BFF35B8F55E8003F23F4EB
:10686000805345E80032002AF7D1BFF35B8F4FF425
:106870000061284603B0BDE8F0400DF06DB9104A44
:10688000104802210DF066F9F1E70F4A4FF4281382
:1068900069463046CDE90023FFF760FF034628B97B
:1068A0004FF4805128460DF057F9E0E7074AE7E733
:1068B00003B0F0BDF45B0020F87E0200187F0200F8
:1068C0005DB80200707F02001800280082B8020044
:1068D00010B50E480FF05EFE0D490C480FF062FE39
:1068E0000C490A480FF05EFE0B4908480FF05AFEAB
:1068F0000DF0C7FE02F06AFC044628B903F0F0FE72
:10690000044608B90DF02CFB204610BDAC27002032
:10691000D05B0020DC5B0020E85B00200346024ADD
:10692000024801210CF0BABB35B90200B07F020069
:1069300080B500AF88B06A46074BCDE90530032328
:1069400042F8103F054800234FF4C251FAF7B4FF54
:106950006FF00B00BD4680BD5DB90200B07F020044
:1069600008B5064A136823B9054850600A601846FE
:1069700008BDFFF7DDFF6FF00B00F9E7085C0020B2
:106980007488020070B5044652EA030008D0FCF790
:1069900065F8074D074ED5F880503058854201D133
:1069A0000022134620460431BDE87040FFF71EBBAD
:1069B000585700200800000073B5054618462B689C
:1069C0000BB35B7B072B1ED1002A0E7A0CBF012371
:1069D00002239E4209DD0D4A0D48009601210CF06C
:1069E00067FB6FF0150002B070BDCB7A072BF8D9AA
:1069F000C8618A6105F130000FF0D4FD28460DF022
:106A0000C5F90020EFE76FF07F00ECE784B90200E2
:106A1000B07F02002DE9F84FD0F8B44000AF8846AF
:106A2000914644B1403C236B63B92068B4300DF00B
:106A3000CCF9246CF5E7FDF7B1FA00263046BD46E7
:106A4000BDE8F88F04F1300A50460FF0C0FD05464E
:106A50000028F0D00CF0DBFD80B16C4688B06A46AF
:106A60002A4BCDE90535032342F8103F284800237F
:106A70004FF4C251FAF720FFA546DEE728460CF096
:106A800060FC656C06469DB9A38C058A403B9BB2B1
:106A90003F2B03D8238D9D4228BF1D46042106F1BC
:106AA0000C000CF096FC0580A38C438004356564D3
:106AB000454520D8B6F810B0AB4506D100220023DA
:106AC000504607F0E9FEFCF75DFAA38CA3F1400203
:106AD0003F2A07D8AB4514BF00220E4AB26118BF47
:106AE0001346F3612068B4300DF06FF9236B13B1D6
:106AF00020460DF04BF9636CC9F80030984534BF5F
:106B0000A3EB08010021616498E700BFA4B902006B
:106B1000B07F0200113F0200F7B5284D284F044610
:106B20000026BD4201D303B0F0BD298820460DF0F8
:106B3000E5F96B68019001A920469847002838DBE9
:106B4000019B2A889A829A8403F11002BFF35B8F1B
:106B500052E8001F42E800600028F9D1BFF35B8FC4
:106B60001E645E649E60A16B03F1080219BBC4E958
:106B70000D221C60DE6003F130000FF00BFD019868
:106B800043681B6803B19847019BBFF35B8F1033C9
:106B900053E8001F41F0010143E80012002AF7D139
:106BA000BFF35B8F01984368DB6913B100F11001FB
:106BB00098470835B5E70A60A263DAE7E07E02008D
:106BC000F87E020073B50D460646042105F10C005F
:106BD0000CF018FC2B8A42889A42044607D0009297
:106BE0001C4A1D4801210CF063FA02B070BD4378C5
:106BF0003BB91A4A1848012102B0BDE870400CF0B8
:106C000044BA0378012BF0D0132B06D1022AECD022
:106C1000022300931346124AE3E7124A0E48022168
:106C20000CF03CFA61783568022201200DF04CF935
:106C300004460028D9D002210C300CF0B3FB00230D
:106C4000037043702146284602B0BDE870400DF045
:106C50006CB900BFBCB90200B07F0200DDB9020010
:106C6000FEB9020029BA020008B50B8A032B06D828
:106C7000044A054801210CF008FA002008BDFFF77E
:106C8000A1FFFAE751BA0200B07F020038B50B8AC3
:106C9000032B05460C4609D80F4A104801210CF079
:106CA000F4F92046BDE83840FCF76CB9042104F142
:106CB0000C000CF0A7FB418828460DF047F930B9CD
:106CC000074A06480B4602210CF0E8F9E9E7436859
:106CD00021465B699847E4E76FBA0200B07F020083
:106CE0008CBA020070B5144A137801330C4613F0C5
:106CF000FF010CBF01230B461370064608BF19465F
:106D0000082212200DF0E0F8054688B108210C3069
:106D10000CF048FB2288028062884280A288828030
:106D2000E288C28029463046BDE870400DF0FDB8CB
:106D30006FF00B0070BD00BFD164002023281FD866
:106D40001A2804D8431E182B0ED906207047A0F12C
:106D50001B03082B1ED8DFE803F0051D1B231D199C
:106D6000251D0500032070470F4A012383401A4068
:106D7000C2B90E4A1A40002A0CBF062001207047F3
:106D800000F07F03522B05D100207047012070478F
:106D90000520704710F0400F14BF002006207047F8
:106DA0000420704702207047AAAA8A025455450160
:106DB0002DE9F74F064608460C46FCF743F82E4FE0
:106DC00018234343FA18054691680191E168BFF31F
:106DD0005B8FF06CBFF35B8FC0070AD4274A28484B
:106DE00001210DF0E0F86FF01509484603B0BDE849
:106DF000F08FE068007810710022FA500B78D22BE7
:106E00000FD13368214618680EF055F9814640B11C
:106E10001C4A1B4801210DF0C6F82046FCF7B2F8C9
:106E2000E3E7182303FB0573D4F80C80D4F814B0FF
:106E3000B4F810A09E6000231A462146301DFFF7CB
:106E4000BBFD81460028D0D010F1690F04D10E4A55
:106E50000B4801210DF0A7F86269019BA4F810A06E
:106E6000A8EB0B0812FA88F2E260182255437A194F
:106E700047F805909360B8E7585C0020C8BA020054
:106E8000607F0200E2BA0200F5BA020008B5EFF333
:106E90001181402383F31288BFF36F8F00230360B7
:106EA0000F4B5A68C2B9C3E9000081F31188BFF3E0
:106EB0006F8F0C4807F0EEFE031E0CDA0A4A0B48EF
:106EC00001210CF0EBF8002383F31188BFF36F8FDF
:106ED0000323184602DF08BD10605860E5E700BFD5
:106EE000505C0020B025002018BB0200607F02002B
:106EF000011F01480FF07DBA40270020024A0348D5
:106F000001210DF050B800BF41BB0200607F0200BC
:106F100010B500F148030446BFF35B8F53E8001F30
:106F200041F0010143E80012002AF7D1BFF35B8F63
:106F3000201F0DF00CF904F1640004490FF020FC4F
:106F40002068BDE8104002F0C3B800BFED81010029
:106F500073B50E46438D418B8B4202F1010228BF6F
:106F60000B469A42054609D91E48009202211E4A44
:106F70000CF09EF80024204602B070BD3046FFF7AA
:106F8000DDFE6FF01403034113F0010310D0FBF793
:106F900065FD164B1958164BD3F8803099421ED018
:106FA000144B1B685A1A18BF4FF0FF32134601E00A
:106FB0004FF4702210480021FFF7E4FC044600283B
:106FC000D9D0FBF73FFF0D4B182202FB0033012104
:106FD00004F10C009D600CF0E5F90670CBE700228F
:106FE000E4E700BF607F02005EBB02000800000013
:106FF00058570020A05C0020E0270020585C0020AB
:10700000F0B51E4603680D46003987B0044618BF28
:107010000121186817460DF037FE38B904F14C000D
:107020000DF0FDF8002848D1122014E0002E46D0C3
:1070300018220021684610F0BFFC77B1002213210E
:107040002046FFF785FF019038B91E481E4A0121EE
:107050000CF0A9FF112007B0F0BD23681B4A1B6884
:107060000093BDF83030ADF812300D9B0393BDF89E
:107070003830ADF8103001238DF8143031466B46AE
:1070800030468DF808500DF0A6F89DF814307BB10D
:107090004FB10198FBF776FF9DF814303246294630
:1070A00020460DF0CBF8182D07D19DF81400D2E73B
:1070B000019911B120460CF0E0FF0020CBE7012040
:1070C000C9E700BF607F020083BB020009400200E5
:1070D000F7B5144605460E464FF4957201462068F2
:1070E0000DF060FD207430B9206829460DF014FEC3
:1070F00020B908232374002003B0F0BD6B8A5B061F
:1071000012D501230193E3890093AF68A389A26894
:1071100020682946B84738B110F1FF0F26BF40421A
:10712000C0B20E202074E6E70A48002200230CF0CB
:10713000D9F8606008B90923DCE70683E389438353
:107140006068A289A1680C300CF032F90023237426
:107150000120D1E7942800202DE9F3410B8A044651
:107160000D4643B9294A2A4801210CF01CFF002092
:1071700002B0BDE8F0810768012105F10C000CF0B8
:1071800041F97B7B072B0646F1D154F8043C002BD8
:10719000EDD003781F4F043C002217F832009842CC
:1071A0004FEAC20807EBC20114D12A8A48789042FC
:1071B00026D91748009301211346174A0BF078FF90
:1071C00004234744BA78012AD1D1002BCFD031789B
:1071D000002211E001320E2ADFD1104A0C480221B0
:1071E0000BF05CFF31780846FFF7A8FD2122C24072
:1071F00012F00102BBD1062320460DF01FF8B6E7BE
:107200004B682046294698470346DAE79CBB0200B4
:10721000607F02009C880200D1BB0200B7BB020065
:10722000F8B54FF470220746002311480D460CF0C4
:1072300059F8044638B90F4A0F482B4601210BF084
:107240002DFF2046F8BD00F10C06092130460CF058
:107250009EF82046FBF7F6FD084B182202FB003390
:10726000012130469F600CF09DF80570E9E700BFF2
:10727000E027002035B90200607F0200585C002042
:107280002DE9F04FCB68524F1B7887B00646049328
:1072900000253068C36973B9002D40F08E80192134
:1072A0003046FFF7BDFF0146002800F08E803046D3
:1072B0000CF0E3FE81E01C300CF02DF84FF00003E1
:1072C000B0F818A0028AC168BB800446BB68404879
:1072D0003B600CF06DF8D6F80080D8F81C5035B142
:1072E000638BD5F8009005934FF0000BD5B9049B44
:1072F000012B68D1BB8802933B680193638B009399
:107300000022534618213046FFF77AFE054628B181
:107310000346228B182130460CF090FF2046FBF7E5
:1073200031FEB6E72A8B524532D16A8B002ADED075
:10733000B988059B581882422ED12A8AF8881144B0
:1073400081423EDCE96838460CF032F82A68BBF12D
:10735000000F14D1D8F82010C8F81C208D4201D19C
:10736000C8F8202000232B602846FBF70BFEB9F15C
:10737000000F0FD0D9F800204D469146B6E7CBF864
:107380000020D8F82020954208BFC8F820B0E9E7CF
:10739000AB46ECE74A46EFE707252046FBF7F2FD50
:1073A00030681C300BF0B7FF04460028F5D12B469F
:1073B0005246182130460CF041FF002007B0BDE8CE
:1073C000F08F0D25E9E70025A8E70E20F6E700BFBE
:1073D0007C2500202DE9F0410E8A043EF6B2022EF3
:1073E00004468CB0084601D0102E64D104210C3024
:1073F0000CF008F80DF1080805884788011D324691
:1074000040460CF074F8002857D0A5B300268FB37F
:10741000AF4230D34FF4205301A940468DF80460A9
:10742000ADF806300CF036F848BB1422002107A84E
:1074300010F0C2FA11212046FFF7F2FE0990002851
:1074400037D001210C30CDE907480BF0ABFF00230A
:107450000A90394603701A4A0B93284607AB0CF082
:10746000BAFEDDE909131B78FBB90846FBF78AFD74
:107470000A2301E03D4601232A4610210EE042F690
:10748000010307A940468DF81C60ADF81E300CF0D2
:1074900001F80028C9D010232A46194620460CF0CE
:1074A000CDFE00200CB0BDE8F08120460CF0E5FDDB
:1074B000F7E71120F6E70420F4E70E20F2E700BF1B
:1074C000F57A01002DE9FF41036804460D4618686E
:1074D00001210DF0D9FB40B904F14C000CF09FFEE6
:1074E000A0BB122004B0BDE8F08110220021684644
:1074F00010F062FA21212046FFF792FE029038B385
:10750000009405F10C074FF001082B8A012B04D8D9
:10751000029920460CF0B1FD18E038460BF082FFCE
:107520006B460C4A8DF80C80014606460CF053FE63
:107530009DF80C30002BE8D00298FBF723FD9DF856
:107540000C303246202120460CF078FE0020C9E79E
:107550001120C7E7934402002DE9FF410368044668
:107560000D46186801210DF08FFB40B904F14C0065
:107570000CF055FEA0BB122004B0BDE8F081102233
:107580000021684610F018FA0F212046FFF748FE48
:10759000029038B3009405F10C074FF001082B8AD4
:1075A000012B04D8029920460CF067FD18E03846FC
:1075B0000BF038FF6B460C4A8DF80C8001460646EE
:1075C0000CF009FE9DF80C30002BE8D00298FBF778
:1075D000D9FC9DF80C3032460E2120460CF02EFED0
:1075E0000020C9E71120C7E717450200F0B51D4686
:1075F000036885B004460E461868012117460DF051
:1076000043FB38B904F14C000CF009FE50BB1220CA
:1076100005B0F0BD65B310220021684610F0CCF92A
:1076200039462046FFF7FCFD029018B3BDF828301C
:10763000ADF8043001238DF80C3029466B460E4A14
:10764000009428460CF0C7FD9DF80C3002995BB100
:107650000846FBF797FC9DF80C302A463146204639
:107660000CF0ECFD0020D3E720460CF006FDF9E716
:107670000120CDE71120CBE7174502002DE9F041AD
:107680000E8A043EF6B2022E04468CB0084601D0A3
:10769000102E76D104210C300BF0B4FE0DF104084D
:1076A00005884788011D324640460BF020FF002820
:1076B00069D085B377B3BD422DD8606801210DF044
:1076C000E3FA064678BB8DF8000042F602036946ED
:1076D0004046ADF802300BF0DDFE20B342F6030366
:1076E00006A940468DF81860ADF81A300BF0D2FEAE
:1076F000C8B1012D03D14FF6FF739F4213D004F19F
:107700004C000CF08CFD002814BF002012200CB09F
:10771000BDE8F0813D4601232A46082120460CF0B1
:107720008DFD0020F3E7182200210DEB020010F080
:1077300043F909212046FFF773FD0890F8B10121B4
:107740000C30CDE906480BF02DFE002309900370A4
:107750000A238DF82C30394606AB0C4A28460CF02B
:107760003AFD9DF82C3008992BB10846FBF70AFC2E
:107770009DF82C30D0E720460CF07FFCD1E711209B
:10778000C5E70420C3E70E20C1E700BFAD7B0100C1
:107790002DE9F0430F4687B00446062107F10C009F
:1077A0000BF030FE0588EDB1B0F80280B8F1000FA3
:1077B00017D0454516D8002382888DF800308DF803
:1077C000043001A94FF420536846D7F80C90ADF867
:1077D0000220ADF806300BF05DFE064660B10A23CC
:1077E00001E0454601232A46062120460CF026FDED
:1077F000002007B0BDE8F0830146142201A83F7CB9
:1078000010F0DAF807212046FFF70AFD0290D8B100
:107810000A238DF81530414601AB0C4A01942846E5
:10782000CDE903698DF814700CF0D5FC9DF8153086
:1078300002992BB10846FBF7A5FB9DF81530D2E75E
:1078400020460CF01AFCD3E71120D2E79979010009
:107850007FB5CB681D8804468DB15E8876B1B54290
:107860000DD810220021684610F0A6F80521204608
:10787000FFF7D6FC019058B9112007E035460123E7
:107880002A46042120460CF0D9FC002004B070BD2B
:107890006B463146084A009428460CF09CFCDDE912
:1078A000011323B90846FBF76DFB0A23E8E72046DE
:1078B0000CF0E3FBE9E700BF974002002DE9F04739
:1078C0000D4686B00446042105F10C000BF09AFD2C
:1078D0002368B0F80090B0F802801868EF682E8A2C
:1078E00001211FFA89FA0DF0CFF940B904F14C00DB
:1078F0000CF095FC28BB122006B0BDE8F087BAF169
:10790000000F43D01422002101A810F055F823687D
:10791000204A1B68019301238DF81430F6B201ABA5
:1079200051465046ADF812800397ADF810600CF048
:1079300052FC9DF8143033B15246162120460CF00B
:107940007DFC0020D8E7206802991C300BF0CEFCAB
:1079500017212046FFF764FC0290C8B104210C30C7
:107960000BF020FDA0F80090A0F8028005460298D8
:1079700031460C300BF016FD39463246281D10F00A
:107980000DF8029920460CF078FBDAE70120B3E706
:107990001120B1E7D17001002DE9F04391B0D2F888
:1079A000008006460F46002542F601030068D8F81D
:1079B00004908DF82C500BA91446ADF82E300BF026
:1079C00069FD00286DD04FF4205330688DF82C509D
:1079D0000BA9ADF82E300BF05DFD38B1A3681BB1DB
:1079E0005A88BA4200D25F80012010E061680846E0
:1079F0000CF0C1FAB8F82A20B8F81A309A4294BFAD
:107A0000C0EB0200C0EB0300032803D8002011B034
:107A1000BDE8F08308460BF098FC6168054608460F
:107A20000CF0A9FA6B8A2A8AA3EB020C6B69EA684C
:107A3000D21AACEB0203B8F82AC0B8F81A20944561
:107A400094BFC0EB0C00C0EB0200834228BF03468A
:107A50006BB9887AFBF7EEF9002200230BF042FCA9
:107A600005460028D2D0014660680BF07FFC002359
:107A70000093D6F804803146102302AA4846C04736
:107A8000061E0EDB227CE068964227D001460BA83A
:107A90000BF02DFD40B9237C134A144802210BF052
:107AA000FDFA0023A3609FE7F2B202A906A80BF03B
:107AB0001EFD10B90E4A3346EFE706A90BA80BF0DE
:107AC000E9FC0028EDD100236374042105F10C00CA
:107AD0000BF068FCA0600780A36884E7324602A927
:107AE0000FF079FFEDE700BFF0BB0200607F0200FE
:107AF0000FBC02002DE9FF4105460E464FF000087D
:107B00004FF42053006817688DF8088002A91446C6
:107B1000ADF80A300BF0BEFCA0B142F601032868B4
:107B20008DF80C8003A9ADF80E300BF0B3FC48B112
:107B300023691BB15A88B24200D25E80012004B092
:107B4000BDE8F081616828680BF0A4FC10B1002347
:107B50002361F3E7E368A0681A786AB1B7F81AC03E
:107B6000798D038A8C4594BFC3EB0C03C3EB0103EF
:107B7000934201DA0020E2E704210C300BF012FC02
:107B80002061068023695E80074B00930194A26800
:107B90000023294638460CF0F3FB0028EADB206975
:107BA000003818BF0120CAE7B74102002DE9F347AA
:107BB00017680546894600685168D7F804A014463E
:107BC0000BF068FC804600284BD195222946504690
:107BD0000CF0E8FF0646207540B1E3681B780BB156
:107BE00084F81480002002B0BDE8F0872946504692
:107BF0000DF090F810B908232375F3E7A0682675F7
:107C00000BF0A3FB02210C300BF0CCFB164B2061D8
:107C1000A0F8009000930194A268334629463846A4
:107C20000CF0AEFB002807DA10F1FF0F26BF404230
:107C3000C0B20E202075D5E72369002BD2D0A068F2
:107C40000CF099F97B8D7A8B9A4294BFC0EB0200BD
:107C5000C0EB0300E3681B78984294BF002001202A
:107C6000C1E70120BFE700BF873F02002DE9F041D7
:107C700082B000AF044688463F48002200233946C0
:107C800006F01AFD0546B0B16D4688B06A463B4B1A
:107C9000CDE90534032342F8103F394800234FF45F
:107CA000C251F9F709FEAD466FF00B0630460837B2
:107CB000BD46BDE8F081FAF7D1FE324B1A58324B7F
:107CC00038681A6029462C220FF076FE3B682F4850
:107CD0001C603C687D60C4E90155C4E90955002277
:107CE0000023391D06F0E8FC064688B123686C467F
:107CF00088B06A462649CDE90513032342F8103FB0
:107D00001F482B464FF4C451F9F7D6FDA546CBE7E3
:107D10000146A02278680FF04FFE78681D4B836003
:107D200054300EF037FC7B68BFF35B8F4C3353E865
:107D3000002F43E800610029F9D1BFF35B8F7B6816
:107D40001C60636A7D682BB904F10C000EF022FC04
:107D5000C4E90766626AC5F89820A26A05F198032B
:107D6000636202B9A3627B6817225A855A8304337F
:107D7000C8F800309AE700BF242700202EBC02007C
:107D8000607F020008000000A05C00204027002067
:107D900053BC02008825002008B5437B072B06D082
:107DA0000C4A02210C480CF0FEF8002008BD04210A
:107DB0000CF0CCF810B9094A0121F3E7BFF35B8F4F
:107DC000836CBFF35B8FDB0701D4054AF4E750F8FF
:107DD000040CEBE778BC0200607F020086BC020066
:107DE000C8BA02002DE9F04F85B000AFB860EFF3DC
:107DF0001188402383F31288BFF36F8F5B4D2846B1
:107E00000CF0AFF82E68044688F31188BFF36F8F2B
:107E100000285FD0FBF716F85549182202FB00F343
:107E2000C81851F803A00369FB600021D0E902588B
:107E300090F80490B0F806B00FF0BEFDA07AFAF703
:107E4000F9FF6169034659B1627AD00706D4DA694D
:107E50007B6012682046926890477B6800226261CE
:107E6000214618460EF0A9FBB9F1000F0DD065B1FF
:107E70002B6853B11B6843B1BAF1000F2ED03D4AB5
:107E80003D48534601210BF009F91EB3B9680020A3
:107E90000EF045FC00281DDA6C468AB06A46374B66
:107EA0000593374BCDE906304FF40073ADF8203021
:107EB000344B42F8103F304800234FF41151F9F78A
:107EC000FBFC0023A54683F31188BFF36F8F0323C8
:107ED000184602DF1437BD46BDE8F08F281D0CF0B0
:107EE0004AFB4846FEF72AFF0528CED801A353F8DF
:107EF00020F000BF3D7F01000D7F01008B7E01005F
:107F00003D7F01008B7E01000D7F0100BFF35B8F81
:107F1000EB6CBFF35B8FDA0705D41B4A16480121CF
:107F20000CF041F8B1E72B6D002BAED04FF470226E
:107F3000002305F1680006F051FFA6E72B68D3F88F
:107F40000090BFF35B8FEB6CBFF35B8FDB07E4D577
:107F5000B8F1000F99D0002403E0F9684846C04703
:107F60000134A3B29B45F8D88FE700BF505C0020D6
:107F7000585C0020A1BC0200607F0200C0BC02006F
:107F80007FCA020004000001C8BA0200F8B50F461B
:107F90001646FFF701FFB0B1446A20461CB150F805
:107FA000984904B1983C731C194638B1428B458DF1
:107FB000AA4228BF2A469A4207D264B90A4A0B4805
:107FC00002210BF06BF80020F8BD32463946BDE8BF
:107FD000F840FEF7BDBFD4F8985005B1983D204653
:107FE0000B462C46E2E700BFDBBC0200607F0200CC
:107FF00007B50B4602460021FAF730FD01910E4904
:1080000009580E480068884204D00D48D0F8800016
:10801000884201D10022134601A90A4806F04CFB10
:10802000014638B901981C220FF0C6FC019803B034
:108030005DF804FB0020FAE708000000A05C0020C7
:10804000585700205C27002010B50446806818B1FE
:10805000FAF798FF0023A36021460248BDE81040CC
:108060000EF0C7B95C2700202DE9F74304466830BD
:108070000F4690461E460EF08FFB206D50B9154AF4
:10808000154802210BF08FFF204603B0BDE8F043F6
:1080900000F094B8114B98424FF0000317D0456898
:1080A0004360206DD0F81890FFF7CEFF00232068C2
:1080B00023650CF095FA3DB12068CDF8009000687A
:1080C00043463A463146A84703B0BDE8F0831D4613
:1080D000ECE700BFF6BC0200607F0200A45C002059
:1080E000F7B550F8044C0546002C63D000F194011C
:1080F00004F124000CF07AF82E1F05F1500700223D
:108100000023384606F0C8FB0246B0BBEB6C2BB12F
:1081100001466FF067033046FFF7A6FF002345F8DE
:10812000043C05F14803BFF35B8F53E8001F21F0C7
:10813000010143E80012002AF7D1BFF35B8F636AA5
:10814000002B37D104F11C0630460BF0E4F8B8B927
:1081500004F10C0600220023304606F09DFB90B986
:1081600066689EB91448266021460EF042F92868D8
:1081700003B0BDE8F04001F005B8FAF703FFBEE731
:10818000FAF700FFE0E7FAF7FDFEE3E7A2683368DD
:108190006360964208BFA36077683FB1B3690093FC
:1081A000002320681A466FF06701B8473046FFF792
:1081B0004BFFD5E703B0F0BD2427002010B50446DF
:1081C0000430FFF78DFF606813210BF01DFD03469F
:1081D00030B1044A0448BDE8104001210AF05EBFF6
:1081E00010BD00BF0DBD0200607F0200F0B5044667
:1081F00089B054F8683D00AF19683846FEF754FA64
:108200006E4688B06A460B4BCDE905374FF40073D4
:10821000ADF81C30084B42F8103F00234FF4E251F8
:108220000648F9F749FB2046B546FFF7C7FF243754
:10823000BD46F0BD2BBD020003000001607F0200BF
:1082400070B550F8043C0446061F002B3BD039B1F2
:10825000C36C002B37D01B7CDA0734D505231CE018
:108260000568284600F07AFF6B7A012B2BD0E46C6E
:108270004CB3237CDB0726D5E368002BEED0626984
:10828000617C3046FEF764FE054668B9637C0E4AA1
:108290000E4801210AF002FF0E230022304611464B
:1082A000BDE87040FFF7E0BED4E90512E3689847E7
:1082B00018B12846FAF766FEEEE729463046FEF783
:1082C00077FD0028F5D170BD57BD0200607F020028
:1082D000F8B51D460F461646FAF7B4FD044C1823B0
:1082E00003FB0040C0E903760123C3800575F8BD98
:1082F000585C002008B50EF0BDFE38B1044A0346B4
:10830000012104480AF0CAFE6FF0040008BD00BF56
:108310007EBD0200907F020038B5054648B1154B7E
:1083200013F8011C1A465C1E0BF0E0FC58B1204605
:1083300006E011490F480CF0B6FA78B10D4B581E03
:1083400038BD0020FCE7217C04F1110228460BF027
:10835000CDFC0028F5D004F11000F1E7054B0649EB
:1083600003F110000CF09FFA0028EAD0014B03F152
:108370000F00E5E7D95C0020C1C9020070B50E4CC2
:108380002378834205460E4603D1601C0CF08BFA1D
:1083900068B9237BAB420CD1084831460CF083FA14
:1083A00020B10120404200F00C00204470BD0020AC
:1083B000F8E70020FAE700BF66630020736300203F
:1083C00070B54A1C0C46054688B90E4910460CF09B
:1083D0006AFAA8B904F10A0604F10B025DB1A17AA8
:1083E00028460BF083FC00B90026304670BD0978A2
:1083F0000BF07CFCEDE7034910460CF054FAF2E771
:108400002646F2E7C1C90200024608B50849013014
:108410000CF060FA002313720C32BFF35B8F52E84A
:10842000001F42E800300028F9D1BFF35B8F08BD80
:10843000C1C902002DE9F04180460F4616461D468F
:10844000FFF79CFF044680B91249FFF797FF0446E7
:1084500030B9114A1148BDE8F04101210AF015BEBA
:1084600000F8018B39460CF035FA23892BB9628963
:108470002AB926816581BDE8F0819E4204D36289D4
:10848000AA42F8D29E42F5D263892681AB42F2D24B
:10849000F0E700BFC1C9020094BD0200907F020056
:1084A0002DE9F047284B164682689A4207462BD1A1
:1084B000C568AB8A43B36C1C05F115094FF0000881
:1084C000B4F807309BB114F8011C224630460BF07B
:1084D0000DFCE0B914F8010C2146FEF76FF830B13D
:1084E000437B072B08BF48F00108FDF71BFC0A344B
:1084F0004C45E5D1B8F1000F06D1AB69A5F8148061
:1085000013B14146384698470120BDE8F08706F18F
:10851000700A307A51460BF02EF978B90B4B9D4218
:1085200002D130460CF06EFA094920460CF0D2F91F
:10853000002304F8013CA4F80730D8E75146204650
:108540000CF0C8F9D3E700BF55850100D8250020FD
:10855000C1C902002DE9F8431E46BDF82030D1F80C
:108560000C8081460F46002B45D1731E012B45D848
:10857000012E41460CBF15781588FFF721FF0446F0
:10858000C0B915B93046BDE8F8834146FFF718FF7A
:10859000044638B91B481C4A02210AF076FD6FF0E8
:1085A0001000F0E709F1700101300CF093F999F82F
:1085B00008302370D8F81C308BB92581B8F81430F6
:1085C000AB4203D0414638460CF08BF9002DD9D18F
:1085D0000E49601C0CF07EF925702581D2E72A46F1
:1085E0003946484698470028CDDB01380128E4D9B0
:1085F0006FF00D00C7E76FF00600C4E76FF00C00E6
:10860000C1E700BF907F0200B3BD0200C1C90200F4
:108610002DE9F0419846BDF81830012B0646174663
:1086200035D84344012B454634DCFFF775FE04463C
:1086300068B9FFF771FE044648B9194A1948022182
:108640000AF023FD6FF010052846BDE8F081B8F16F
:10865000000F11D0217A002321FA03F2D00703D5AD
:108660003A78DA40D20718D50133032BF4D13B789E
:1086700003F0070319432172601C06F170010CF02E
:1086800029F9337A237020460CF0E2F9DCE76FF029
:108690000605D9E76FF00C05D6E76FF01205D3E7B2
:1086A000CDBD0200907F020010B504461448BFF310
:1086B0005B8F50E8003F23F0020340E80032002ABD
:1086C000F7D1BFF35B8FBFF35B8F0368BFF35B8FA3
:1086D000DA0704D500220023303806F07FFB20465D
:1086E0000CF045F850B12046FFF716FE30B1037A82
:1086F000DB0703D5BDE810400CF0AAB910BD00BFE0
:108700001049002010B5154801210CF0D4F8C3071A
:1087100023D4022111480CF0CEF8084007D11049AB
:10872000104A0B88104CA24211D300B10B800F49A4
:108730000F480EF025F80E484FF4A4720023FAF704
:10874000E7FCBDE810400B490B480EF019B8506823
:1087500003449BB208320120E5E710BDF85C00201D
:108760007E630020187F0200407F0200E58901003F
:1087700070480020458D0100E04800202DE9F041BF
:10878000034648B1008A38B91249DFF84CE00124A9
:108790004FF0140C714501D3BDE8F081D1E90076AA
:1087A000BB4204D30CFB0672143A93420ED93444F4
:1087B000A2B208311446EDE70CFB0578434507D01B
:1087C00001356219AE4292B2F6D1F2E70025F8E720
:1087D0001046E1E7187F0200407F02002DE9F74FC5
:1087E000BDF83050009199464FF6FF73002D08BF39
:1087F0001D46244B1B888342074690463CD203B05B
:10880000BDE8F08F73682344BB4232D29CB2083675
:108810001D4B9E42F6D3F2E78958019340460AF079
:1088200039FE019B90B101340AF1010AA4B27368C8
:108830005345ECD9009B9C42E1D8BC42F3D331684C
:108840000BFB0AF28B18B8F1000FE5D1B9F1000F5C
:108850000BD1013DADB218460E9A0D9B21469847AB
:10886000002DCCD00028DED1C9E7DA689145DAD1F5
:10887000EFE74FF0000ADAE7044E01244FF0140B43
:10888000C6E700BF7E630020407F0200187F020021
:1088900030B5E5B01022002101A80FF08DF81822A4
:1088A00000210DEB02000FF087F84FF41053ADF8E4
:1088B0001430274C8023ADF816304FF48063CDE997
:1088C0000734102262AB01A905A807F0D1FD0CAD59
:1088D000034630B11F4A204801210AF0DFFB65B092
:1088E00030BD01464FF4AC7228460FF065F8D5F85C
:1088F0005811224628460EF0BAFB034608B1174A23
:10890000E9E7174A2B464FF6FF7101200CF01FF9DB
:10891000144905AB102228460EF0BEFB0446D5F8DC
:10892000580107F067FD14B10F4A2346D3E70D4BFA
:10893000214603F110020131187812F8014D03F8B5
:10894000014B08291070F6D108480BF0B4FFC6E7B8
:108950000002C003F9BD0200907F020022BE0200A7
:10896000FB4702006048002040BE02001049002082
:108970002DE9F0411849BDF818700446A1F1300006
:1089800015461E460DF01BFFBFF35B8F134B1B6894
:10899000BFF35B8F190701D4FFF77AFF2046FFF77B
:1089A000BBFC044668B1037ADA070AD50C30BFF382
:1089B0005B8FE368BFF35B8FDB0702D402210BF010
:1089C0007AFF102306933A4631462846044BBDE809
:1089D000F0410BF0AABF00BFA048002010490020C2
:1089E00060480020054BBFF35B8F1B68BFF35B8FB4
:1089F0001B0701D4FFF74CBF704700BF1049002090
:108A000007B500230193FFF7B9FE411C89B2084660
:108A1000034A01AB0CF09BF8019803B05DF804FB2E
:108A2000BF4702002DE9F04387B0437B072B02AF1D
:108A300080460C46154640F0A68000233B73206814
:108A400042F6030307F10C01FB810AF023FD064601
:108A5000002834D1D4F80490B9F1000F05D14C4A64
:108A60004C4801210AF011FB8DE00123009007F131
:108A700008022146C847031E11DA6D4688B002AAD3
:108A80004549D3610423C2E9051442F8103F414827
:108A900033464FF40151F8F70FFFAD4673E0012B59
:108AA00005D03E4A3B4801210AF0F8FA6BE03B7AD8
:108AB00013F0300F67D02046FFF7A2FF04460023D3
:108AC00020683B7307F10C0142F60213FB810AF0A8
:108AD000E1FC18B12046FFF793FF0446002642F65A
:108AE000021920683E703946A7F802900AF0D2FCBD
:108AF00018BB002320683B7307F10C0142F60213F8
:108B0000FB810AF0C7FC064600283CD1D4F804904B
:108B1000B9F1000FA3D00090022307F10C02214607
:108B20004046C847031EA8DB022BBAD1BB8905EA21
:108B30000300003818BF012026E020683E7142F68D
:108B40000303391DFB800AF0A5FC0028D1D0206862
:108B50003E724FF4205307F108017B810AF09AFC22
:108B60000028C6D020683E7342F6010307F10C01CD
:108B7000FB810AF08FFC0028BBD02046FFF740FFA6
:108B800004460028ADD100201437BD46BDE8F0836F
:108B900056BE0200907F02006ABE020090BE020034
:108BA0002DE9F843154689469422696806460BF07C
:108BB000F9FF8046002842D1696802223046FFF75B
:108BC00031FF00283ED04FF470200021AF8AFFF71C
:108BD0000FFA0237044680B11C4B47611D214174D6
:108BE000C0F80C80436085613A463046FFF7CEF905
:108BF000074638B92046FFF727FA6FF00B052846DD
:108C0000BDE8F883012342464146FFF761FBA98A8C
:108C100007F10C0002310AF0C5FB20F8029BAA8A7A
:108C200029690EF0BBFEA760214630460BF082FD9D
:108C300005460028E3D02046FFF706FADFE74FF0AD
:108C4000FF35DCE76FF01505D9E700BFC547020027
:108C500070B504468AB00D46374BBFF35B8F1B6877
:108C6000BFF35B8F5A0761D510B1437B072B60D1EF
:108C70006E6805963046FFF781FD2A68ADF818004A
:108C800032B305A902912D490191012100230091E0
:108C90004FF6FF710593FFF7A1FD059E1EB96FF01A
:108CA00001000AB070BD6E60002330688DF810308E
:108CB00004A942F60303ADF812300AF0EBFB70B9D9
:108CC0000598C3689B799B0605D46FF01500E8E70B
:108CD0000028E9D1E3E70BF0F3FEADF81800BDF88A
:108CE00018003CB101230146AB752A462046FFF728
:108CF00057FFD6E76FF07F0307930223ADF82030CC
:108D000042F60213ADF8123005ABAC7502930C4B72
:108D100001930123009304AA23464FF6FF7109959E
:108D20008DF81040FFF75AFD0798BAE76FF00A0078
:108D3000B7E76FF07F00B4E714220020F34702008A
:108D4000B98F010013B550F8082C01920346A0F129
:108D5000200100F13004BFF35B8F54E8002F22F0B4
:108D6000010244E800200028F7D1BFF35B8F0D4AD1
:108D700043F81C2C0C4A43F8182C01AA002043F895
:108D8000102C042223F8080C23F8060C23F80C2CD2
:108D9000FFF75EFF18B9022120460BF08CFD02B0F0
:108DA00010BD00BF5C890200A98601002DE9F84FC3
:108DB0003D4B904682689A4200AF054670D1D0F88C
:108DC0000C90D8F8004009F1010609F1150AB6F82F
:108DD0000730F3B116F8011C324620460AF086FF30
:108DE000B8B14FF49572294620460BF0DBFE30B344
:108DF000032812D1EB4688B06A462C4BCDE90535E5
:108E000042F8100F2A4800234FF4C451F8F754FDDC
:108E1000DD460A36564543D0D9E7052820460CBF23
:108E20004FF0030B4FF0020B0AF05AFF834506D9AF
:108E300098F804305B45ECD288F804B0E9E749467D
:108E400028460BF04EFD1B4B994529D1207A04F1A1
:108E50007001FFF793FA054610B303890BB94389F4
:108E6000F3B12046FDF7B6F8134B2A8923F82020EA
:108E700003EB80036A8911495A80182202FB001112
:108E80000F4A4A600B610F4A8A60042320468B8296
:108E9000FFF7DEFE20B10C4A054801210AF0F5F883
:108EA0000120BD46BDE8F88F55850100A9BE02002E
:108EB000907F0200D825002062630020C05C002063
:108EC0005C890200594A0200BDBE020070B504462A
:108ED0008AB00D46354BBFF35B8F1B68BFF35B8FCA
:108EE0005A075DD510B1437B072B5CD16E680596A0
:108EF0003046FFF743FC2A68ADF8180032B305A9E5
:108F000002912B4901910121002300914FF6FF713D
:108F10000593FFF763FC059E1EB96FF001000AB0D0
:108F200070BD6E60002330688DF8103004A942F6E1
:108F30000303ADF812300AF0ADFA70B90598C368B2
:108F40009B79DB0605D46FF01500E8E70028E9D12E
:108F5000E3E70BF0B5FDADF81800BDF818002CB133
:108F600001462A4620460BF058FED8E742F6021288
:108F7000ADF8122005AA6FF07F0302920D4A079305
:108F80000123CDE90032ADF8203004AA23464FF684
:108F9000FF7109958DF81040FFF720FC0798BEE798
:108FA0006FF00A00BBE76FF07F00B8E714220020E3
:108FB000F3470200B98F01002DE9F84F404B1446EA
:108FC00082689A4280463AD1D0F80C903D4B994540
:108FD0001DD13D4D00263D4928460BF064FC78B973
:108FE00015F8010C07222946FDF73CFB50BB23690D
:108FF00015F8010C1A69294653881288FFF71AFAE6
:10900000731C022B05F10C054FF00106E3D109F1A9
:10901000010709F1150AB7F80720A3899A420BD175
:1090200017F8010C3946FDF7C9FA064620B1437B13
:10903000072B0AD0FCF776FE0A375745EBD14FF0E5
:10904000010B2AE0FCF76EFEDAE7D9F8203023B1F5
:109050004146984708B93046ECE7942241463046ED
:109060000BF0A0FD83460028F5D1A389022B17D170
:10907000B7F807309A0720D52269A1883046FFF754
:109080008FFD054618B92269937D013393753046EB
:10909000FCF748FE002DA560CEDA5846BDE8F88FF3
:1090A000012B0AD1B7F80730DB0706D52269A18862
:1090B00030460BF0B2FD0546E9E75D46E7E700BF45
:1090C00055850100D825002067630020C1C9020032
:1090D00013B50F4A00904FF6FF7104466B4601200E
:1090E0008DF804000BF033FD20460AF0F9FD9DF8E1
:1090F0000410884209D220460AF0BDFD034620B183
:10910000044A0548022109F0C9FF02B010BD00BFA2
:10911000AD8D0100DABE0200907F02002DE9F04122
:109120000D4B1B6806460F46904623B153F8044981
:1091300004B1043C0BB9BDE8F0811B681BB1424689
:109140003946304698472CB1656805B1043D234641
:109150002C46EFE72546FAE7FC5C002013B5084AE9
:10916000009004466B4601204FF6FF718DF8040015
:109170000BF0EDFC002120460BF086FD02B010BD87
:10918000AD8D010070B503460F4A04464FF6FF71DE
:1091900001200BF0DCFC2046FFF7BEF8054688B145
:1091A00004F17006207A31460AF0E5FA20B9284623
:1091B000BDE87040FFF728B93146681CBDE8704033
:1091C0000BF088BB70BD00BFA18401007FB54FF4D8
:1091D0002052ADF8162004AA02920B4A0023012067
:1091E000CDE900324FF6FF7105AA04938DF81430D3
:1091F000FFF7F4FA049B012B14BF6FF01500002059
:1092000007B05DF804FB00BF1D4D020008B5014624
:109210000448044B0BF09BFD043B002814BF184688
:10922000002008BD1C49002010B50C4A11680C4AEA
:10923000BFF35B8F00F5B47353E8004F944204D141
:1092400043E8001CBCF1000FF6D1BFF35B8FBFF306
:109250005B8FD0F86801BFF35B8F10BD045C00200A
:109260001849002008B5FFF7DFFFB8B1036843B124
:10927000426832B1826812B90B4A12783AB90420B6
:109280000BE0094A127812B10BB1826842B9426808
:1092900042B9002B14BF0020032008BD0320FCE7C7
:1092A0000120FAE70220F8E7D264002008B5034A5B
:1092B000034801210BF049FD002008BD0EBF02004C
:1092C000D07F0200024A034802210BF03EBD00BFDE
:1092D00029BF0200D07F020038B5002304461A4699
:1092E000EC300D46FDF768FB58B1693004D1074AF0
:1092F000074801210BF029FD2846BDE83840F9F761
:1093000041BE2046BDE838400BF07DBDF5BA0200F5
:10931000D07F020038B5051D0446082128460BF011
:109320007BFD084904F15700FCF7E0FA48B1082139
:1093300028460BF04AFD0448044A01210BF005FDC4
:10934000082038BDBD500200D07F020042BF02009D
:1093500038B5EC22054600210EF02EFB102105F158
:10936000270003F077FC044648B9052128460BF096
:1093700053FDFCF7ABFA034B1860204638BD0824B8
:10938000FBE700BF045D002070B50E4686B00446C2
:10939000FFF74AFFF36804F137020546114603F16F
:1093A000100053F8046B41F8046B8342F9D1237A1F
:1093B000052B00F29580DFE803F017232303936A5F
:1093C00002AB4B490093096804F1270304F15700ED
:1093D00001F0A8FA58BB0A21201D0BF01DFDAB6857
:1093E0000299D4F8EC00984720460D210BF014FDAB
:1093F000201D10210BF010FD20460BF040FD17E062
:1094000094F8DC10D4F8D83002ADCB403849009540
:1094100003F00103096843F0800304F157000BF0E7
:1094200001FF38B1334A344801210BF08EFC08208B
:1094300006B070BD1022294604F117000EF0CBFAD9
:1094400008B10420F4E7032120460BF0E5FC0BF003
:1094500016FD0028EBD194F8DC300133DBB2142B7D
:1094600084F8DC3009D10D2120460BF0D5FC102109
:10947000201D0BF0D1FC0020DAE7102104F12700B9
:1094800003F0E8FB003818BF0120C000D0E710212E
:1094900004F1270003F0DEFB0028C8D135B3EB68E8
:1094A00023B3164BE27A1B88ADF80830A37C12F088
:1094B000010F08BF0320DB0703D5002814BF0120DC
:1094C00002200023C4E938338DF809000C21201D47
:1094D0000BF0A2FCEB68D4F8EC0002A99847CAE7AD
:1094E000074A054801210BF07FFCA0E702209FE717
:1094F000045D00205BBF0200D07F0200D882020022
:1095000074BF02002DE9F04790B004460CAD102264
:10951000002128460EF050FA237A052B34D8DFE8D4
:1095200003F0060303063323D4F8D8300C93D4F8A1
:10953000EC3004F1470204F1C707CDE9017204F1F0
:10954000370803F17E0204F12709009277334A4677
:10955000414604F1970001F07DF9F0B1454A4648D3
:1095600001210BF0F2FB14E0D4F8E430002BDED044
:109570002E4603F1100718685968324603C20833B3
:10958000BB421646F7D1D2E73C4A3B4801210BF0DB
:109590002BFC082010B0BDE8F087D4F8EC3003F1C4
:1095A00077027E3308AE019304F111030292009317
:1095B00003962B464246494638460BF058FE08B102
:1095C0002F4ACCE7237A052B0ED1D4F8E01011B343
:1095D0000B46AC4601F1100E18685968624603C28A
:1095E000083373459446F7D1D4F8EC3003F17E028A
:1095F00077330DF1100A019304F10A0302920093EC
:10960000CDF80CA02B464A46414638460BF02FFEBB
:1096100030B11C4AA3E7102228460EF0CDF9E3E74B
:109620001022514604F1B7000EF0D5F9F8B90D211A
:1096300020460BF005FC07460028AAD010210C306C
:1096400009F0B0FE32460346164603CEAE4218601D
:109650005960324603F10803F6D139462046FFF738
:109660003BFE201D01210BF0D7FB002092E70B20D1
:1096700090E700BF90BF0200D07F020074BF0200DD
:10968000A5BF0200C8BF020073B5047A022C0546CC
:1096900023D844B190F8DC30D0F8D840DC4004F056
:1096A000010444F08004032128460BF0C9FB064660
:1096B000D8B110210C3009F075FE009012482346F5
:1096C000006805F1270205F157010BF0ABFD0446D8
:1096D00080B13046F9F756FC07E0032C08D00B4A5E
:1096E0000B48234601210BF07FFB082002B070BD20
:1096F0000024D8E731462846FFF7EEFD281D214615
:109700000BF063FB2046F1E7045D002074BF02000C
:10971000D07F020070B5061DCD6804460B2130468F
:109720000BF053FB2B4604F1170205F1100153F81F
:10973000040B42F8040B8B42F9D1237A012B09D098
:10974000022B13D1204604210BF066FBBDE87040CC
:10975000FFF79ABF0A2130460BF0F9FA0028F1D042
:10976000304600210BF058FB002070BD0348044A2E
:1097700001210BF039FB0820F7E700BFD07F020082
:1097800074BF0200F7B50446FFF74EFD261D0546DF
:109790000E2130460BF0DBFA78B94E4B20221968C7
:1097A00004F157000EF017F938B94B4A4B48022123
:1097B0000BF0CBFA082003B0F0BD0C2120460BF0D3
:1097C0003FFB07460028F5D040210C3009F0EAFDA8
:1097D000404B1B680246014603F1200053F804CBBE
:1097E00041F804CB8342F9D1203203F1200153F830
:1097F000040B42F8040B8B42F9D139462046FFF79F
:109800006BFD237A052B5DD8DFE803F003491A03CB
:109810005C59042120460BF0FFFAFFF735FF0028C2
:10982000C8D1304607210BF0F7FA0820FFF7EEFC0D
:1098300000284DD1204603B0BDE8F040FFF76ABDD7
:109840002046D4F8EC70FFF7EFFC042105464FF0FA
:10985000FF330DEB0100019303F0FCF90028A9D1BF
:10986000019B1F4AB3FBF2F102FB11330193C4F8D1
:10987000D83084F8DC0055B12B6843B10B21304659
:109880000BF0CAFA2B68D4F8D81038469847032151
:1098900020460BF0C1FA0E210BF0BEFAC1E72046BC
:1098A00003210BF0B9FA0E210BF0B6FA30460A216B
:1098B0000BF0B2FA6B68D4F8EC009847B1E70421DA
:1098C0002046E9E7074A054801210BF08DFA71E7C8
:1098D000002070E7045D0020ECBF0200D07F020092
:1098E00040420F0074BF020070B50E460546FFF7F8
:1098F0009BFCF36805F15704224603F1200153F85D
:10990000040B42F8040B8B42F9D105F1770203F105
:10991000200153F8040B42F8040B8B42F9D1204686
:10992000FBF730FFF0B11D4A1D4803210BF00DFA83
:10993000281D0E210BF070FAD5F8EC40D4F8A400E5
:1099400038B9207A04F1700100F0D8FEC4F8A40000
:1099500098B1438A03F024037BB1437C9B070CD46A
:10996000032070BD2046FBF719FF30B90C480D4AA3
:1099700002210BF0EAF90B20F3E70B4B1C682CB922
:10998000281D06210BF048FA2046EAE72846FFF793
:10999000F9FE003818BF0120C000E2E707C002004E
:1099A000D07F020028C00200045D002038B51249B3
:1099B0000446A0F1EC054C300CF0E2FE28460BF01A
:1099C000C6FABFF35B8F0D4A04F17C0353E8001F16
:1099D00043E800200028F9D1BFF35B8FBFF35B8F12
:1099E00080344FF0FF3354E8002F44E80031002961
:1099F000F9D1BFF35B8F38BD3DA5010018490020A8
:109A000080B500AF88B06A46074BCDE90530032327
:109A100042F8103F054800234FF4C251F7F74CFFBE
:109A20006FF00B00BD4680BD44C00200D07F020035
:109A300008B5084AD2F8EC3033B90748C2F8F0004C
:109A4000EC320A60184608BDFFF7DAFF6FF00B0032
:109A5000F9E700BF18490020D48902002DE9F04140
:109A600088B0064600AF0B4604300D210BF06FF9AD
:109A700090B3DD68D6F8EC3003F17008197A4246ED
:109A800002200BF095FB0446E0B941463846F9F751
:109A9000B5FA6E4688B06A46124BCDE905374FF4E9
:109AA0000073ADF81C30104B42F8103F0F482346AE
:109AB0004FF4E251F7F700FF0820B5462037BD46C6
:109AC000BDE8F0812B462E3405F1100253F8041B3B
:109AD00044F8041B9342F9D1304609210BF09CF95C
:109AE0000020EBE769C0020003000001D07F020004
:109AF00038B5174B1B78054623B301F00F042846F1
:109B0000FFF7B0FB134A03280CBF04F00B0444F02A
:109B1000040405F5B6731278BFF35B8F53E8001F9A
:109B2000013103D143E800200028F7D1BFF35B8F58
:109B3000BFF35B8FD5F86C31BFF35B8F2BB144F073
:109B4000010038BD01F00704D9E704F0FE00F8E792
:109B5000D2640020D5260020F8B50D46D0F8EC7070
:109B60000446FFF761FBED68EB78102B01D006206F
:109B7000F8BDD7F8A430002B73D0261D0F21304636
:109B80000BF0E5F820B92046FFF7E2FB002871D181
:109B9000012363722B68C4F80A30AB88E381022387
:109BA0002374A9782046FFF7A3FFE0742046FFF74F
:109BB00059FB1023607423752B7903F0030363753D
:109BC0006B7903F00103A375E37C1A0754D40521D4
:109BD00030460BF0BCF800285CD0574B1B78A374C0
:109BE000E37C980606D5AB78990603D51421304658
:109BF0000BF012F9E37CDA074ED5AB78DB074BD5D7
:109C00000D2130460BF008F9A37D84F8E830637D20
:109C100084F8E930032130460BF0FEF8237BE17C29
:109C20002D7803EA0102100704D5E27AA07C0243F2
:109C3000D20735D4042D35D80B4313F0040307D0D5
:109C40002046FFF70FFB3D4B05EB85052B441B5CC6
:109C50002372D7F8A41020460BF082F820BB032013
:109C600086E7387A07F1700100F048FDC7F8A400D4
:109C7000002882D108207BE7AB781B07A7D50521F8
:109C800030460BF0C9F8637D03F0020363750023CF
:109C9000A3759CE72A4BA1E700236375A375B3E77F
:109CA0000523D5E70023D3E7D4F8EC309B7A032BC8
:109CB00033D022D8013B012BDCD8052130460BF0F4
:109CC00046F80028CBD00C2120460BF0A5F8022145
:109CD0000BF0B6F805460028CCD006210C3009F070
:109CE00061FBD4F811300360B4F815308380294645
:109CF0002046FFF7F1FA00203AE7042BBAD1237D82
:109D0000627B934228BF1346102B7FF430AF0521AE
:109D100030460BF01CF80028A1D0237A002B9ED0EF
:109D2000052130460BF013F80028C6D1237A013BF9
:109D3000012BC2D893E700BFD4640020BBCA020045
:109D4000D36400202DE9F041C778012F044604D0E8
:109D50006FF015042046BDE8F0810BF047F805468A
:109D6000002800F0A980061D042130460AF0EFFF0C
:109D7000002840F0A480032130460AF0E8FF10B12B
:109D80006FF00F04E6E7394630460AF0E0FF00289E
:109D9000F6D12846FFF748FAD5F8EC309B7A032B2A
:109DA000074640D030D8013B012B46D90F21201D5A
:109DB0000AF0CDFF0028CBD1D4F8A40090B904F16B
:109DC0007007217A3A46202000F0DAFCC4F8A4009B
:109DD00040B9217A3A46042000F0D2FCC4F8A4002D
:109DE0000028B5D0438A13F0240FB1D0A27A022AFA
:109DF00023D9417CC907ABD5032A1ED09B06A7D522
:109E0000037C102BA4D118E0042BCFD12846FFF7F8
:109E100029FA032804D1002FC8D0FB68002BC5D035
:109E2000284B1B7807E02846FFF71CFA032804D1CB
:109E3000002FBBD0FB68002BB8D0D4F8A4303BB1C6
:109E40002846FFF785FA044670B16FF0680481E791
:109E5000207A04F1700100F051FCC4F8A40000283D
:109E6000EED16FF00B0475E70B2128460AF0E8FFEE
:109E700007460028E9D001210C3009F093FA0921A6
:109E800080462846FFF734FE234688F80000224625
:109E9000394605F1EC00FCF78FFD044618B1384651
:109EA000F9F770F856E730460F210AF0B5FF0121A7
:109EB00028460AF0B1FF4DE76FF07F044AE76FF0E4
:109EC000040447E7D2640020F8B5D0F8EC40D4F899
:109ED000A4300546061D002B3CD102213B4A3C48DC
:109EE0000AF033FF07213B4B5F5CD4F8A4304BB141
:109EF0001B7C002B5FD1D4F8A4000BF06DF900237C
:109F0000C4F8A430022130460AF021FF40B9072FDF
:109F100096BF314B1F21D95D3A462046FCF7FAFA2D
:109F2000032130460AF013FF10B32C4B1B68FBB122
:109F300053F80C6906B10C3ED3B15B6813B13946D6
:109F400020469847002E3DD0F26802B10C3A3346C5
:109F50001646F1E749BB214B0D2130460AF0F7FECA
:109F60001B68074623B153F80C6906B10C3E73B960
:109F700028460AF0ECFF637B072B25D1627AA37A8F
:109F80009A4221D02046BDE8F840FFF7DBBE1B68AF
:109F900013B13946204698472EB1F26802B10C3A07
:109FA00033461646E3E73246FAE70139C9B20E29CD
:109FB00099D9092799E7022130460AF0C8FE0028FE
:109FC00099D19FE73246C2E7F8BD00BF83C00200C7
:109FD000D07F0200ACCA02009BCA0200FC5B0020DA
:109FE000F8B5031D06460F46184602210AF0AFFEDB
:109FF000044620B1B6F8E840B4FA84F464090321B9
:10A0000018460AF0A4FE80B139463046FFF75CFFDF
:10A01000C4B11A481A4A02210AF097FED6F8EC0099
:10A02000052109F0F1FD0020F8BD012118460AF0D4
:10A030008EFE0028E8D10F2118460AF088FE00287D
:10A04000E2D1E5E7052130460AF0FAFE054688B17F
:10A0500001210C3009F0A6F9234607702246294653
:10A0600006F1EC00FCF7A8FC0028DCD02846F8F745
:10A0700089FFD8E76FF06800D6E700BFD07F020005
:10A08000ADC00200134B10B5044618604FF0FF320C
:10A090004FF0FF33104804F03DFB104804F0A4FEDD
:10A0A0000D4804F0A9FB1CB9BDE81040FFF70AB940
:10A0B0000B4CBFF35B8F2368BFF35B8F5B0607D549
:10A0C000201FFFF75FFB18B10821201FFFF788FF53
:10A0D00010BD00BF045D0020FC25002010260020DC
:10A0E0001C4900202DE9F3410B8A04460E4643B972
:10A0F0002D4A2E4801210AF028FE002002B0BDE8BA
:10A10000F081012106F10C0009F07CF9A4F1EC05C5
:10A11000E83C0746042120460AF019FE3B7828B1A6
:10A12000234A224802210AF05FFEE6E70E2B01D9FE
:10A13000204AF6E7DFF8808058F833204AB9022138
:10A140001E4A1A480AF050FE07212846FFF748FF2A
:10A15000D3E7194628460AF0E3FE3B7860B9134876
:10A16000174A02210AF040FE032120460AF0EFFDC3
:10A170000028C2D00821E8E708EBC301328A097938
:10A18000914208D001210093084813460D4A08F077
:10A190008FFF0A21D9E7314658F8333028469847CF
:10A1A00001460028A9D0D0E705C10200D07F0200F7
:10A1B00020C1020051C10200FC89020073C10200EB
:10A1C0008DC10200D1BB02002DE9F04F99B090F88B
:10A1D000E930D1F80C80D0F8EC6023F0020380F86D
:10A1E000E93098F8003000AF054606F17009002B01
:10A1F0003BD098F8063003F0C003C02B35D0414661
:10A200003846F8F7FBFE6E4688B06C46614BDFF8C7
:10A2100088816D464FF4007ACDE90537ADF81CA072
:10A2200045F8108F00232A465C484FF4E25107F1AD
:10A23000200BF7F741FB4946B5465846F8F7DEFED6
:10A24000A546574BA4F81CA0C4E9053BC4F81080F0
:10A25000524800232A464FF4E251F7F72DFB0A201B
:10A26000B5466437BD46BDE8F08F072241464846F3
:10A270000DF0B1FB68B1307A414600F0D9FA0446DE
:10A2800038B1014628460AF06BFD48B320460AF073
:10A29000A3FF0D21281D0AF05AFD002868D0317A4D
:10A2A0004A4602200AF084FF0446D8B907F1400567
:10A2B00049462846F8F7A2FE6E4688B06A46394BF2
:10A2C000CDE905354FF40073ADF81C30324B42F840
:10A2D000103F324823464FF4E251F7F7EDFAB54606
:10A2E0000820BEE7F378002B3CD106F17E031878F6
:10A2F00001282BD19A7902F0C002402A26D1D3F846
:10A300000120C4F83E20B3F80530A4F8423096F896
:10A310007030DBB196F8763003F0C003C02B15D057
:10A320002149BC6407F14002C7E91098FBF70CFE15
:10A33000D8F80030C4F80130B8F80430A4F805307B
:10A3400098F80630E3713046FCF7B4F80021204657
:10A35000FAF73CFC48B11148144A02210AF0F5FC16
:10A3600003207EE706F17703C1E72046FAF740FCB9
:10A3700095F8E9305B0703D50A2128460AF04CFD21
:10A38000B5F8E81009B100206BE72846FFF79CFDFF
:10A39000F9E700BFA8C1020003000001D07F02005E
:10A3A00026C2020069C00200954F0200BCC1020033
:10A3B0002DE9F0410E46D0F8EC800446FEF734FF5C
:10A3C000F668054633781048104A0121271D0AF027
:10A3D0000BFD0A2138460AF0A3FD38B16DB92046BD
:10A3E0003178FFF771FD0020BDE8F0810B21384680
:10A3F0000AF096FD0028F1D1F1E72B69002BEED091
:10A4000040469847EBE700BFD07F0200F7C102004B
:10A410002DE9F043054689B0A0F1E806044600AFF7
:10A4200088463046012155F8EC990AF079FD28B3A9
:10A43000B8F1000F17D0032130460AF088FCE8B1CC
:10A440004046F9F727FC0138C0B208289ABF374BBD
:10A450001C5C0024022130460AF0DEFC214628461E
:10A46000FFF732FD0AE099F80B303BB1032130468B
:10A470000AF06DFC30B928460AF069FD2437BD4664
:10A48000BDE8F083052130460AF061FCB8B114F84C
:10A49000043C1B0707D514F8033C180703D511210A
:10A4A00030460AF0B9FC14F8043C23F0080304F821
:10A4B000043C14F8033C23F0080304F8033C14F8AC
:10A4C000033CD90710D5062128460AF0A5FC022135
:10A4D00030460AF0A1FC2168D1F8A46066B134F8D6
:10A4E000041C0029CAD1BAE79A0701D50821EBE775
:10A4F0005B07ECD50A21E7E770313846F8F77EFDB7
:10A500006D4688B06A460A4BCDE905374FF40073B3
:10A51000ADF81C30074B42F8103F074833464FF464
:10A52000E251F7F7C9F9AD46A8E700BFA3CA020098
:10A5300019C2020003000001D07F020037B5A0F568
:10A540009C75A0F59A74BFF35B8F2368BFF35B8F94
:10A55000BFF35B8F2A68BFF35B8F0848009201212D
:10A56000074A08F0A5FD28460821FFF7ADFC0421A5
:10A57000204603B0BDE830400AF04EBCD07F020058
:10A580002EC202002DE9F04389B000AF04460AF064
:10A590002DFC054680B3061D032130460AF0D7FB8B
:10A5A00050B3D4F8A40008B10AF016FE04F1700903
:10A5B000207A494600F0A2F88046C4F8A400F8B911
:10A5C00049463846F8F71AFD6E4688B06A46414B50
:10A5D000CDE905374FF40073ADF81C303E4B42F81F
:10A5E000103F3E484FF4E2514346F7F765F9082122
:10A5F000B5462846FFF7F4FC2437BD46BDE8F08396
:10A600000E2130460AF0A3FB28B1D4F8A420537CD5
:10A6100043F0020353742B7A032B0DD8002B4DD13A
:10A62000D4F8A420537C23F020035374D4F8A4203E
:10A63000537C23F001030DE0053B012BF0D8D4F847
:10A64000A420537C43F020035374D4F8A420537CFB
:10A6500043F0010353742B7D697BD4F8A4208B4213
:10A6600028BF0B461374052130460AF070FBD4F85E
:10A67000A420537C48B343F0100353740D2130469B
:10A680000AF065FB0028B7D0D4F8A40020210AF016
:10A690009FFDD4F8A43005F147021E33573552F818
:10A6A000041B43F8041BAA42F9D1D4F8A4200023C8
:10A6B00053619361D4F8A42093839DE7052130462C
:10A6C0000AF045FB0028ABD0BFE723F0100353741A
:10A6D00092E700BF69C0020003000001D07F0200C2
:10A6E00008B5044B044801221A70FBF799F80020C2
:10A6F00008BD00BFD26400201826002070B50546B2
:10A7000012480378AB420C464FF0010604D10722F1
:10A7100030440DF060F9A0B12EB10D490D4807226B
:10A720000DF059F978B9094A134603F8015B21681D
:10A73000C2F80110A1889980A179997140F2112382
:10A74000D360024870BD0020FCE700BF085D002018
:10A75000C1C90200095D0020F8B5084F164604463D
:10A760000D4600227B8A234002B1F8BD002BFCD0AD
:10A7700031463846A8470122F4E700BF085D0020B3
:10A7800070B50B4C638A03400D464FF0000611462E
:10A79000227808D0954204D10722601C0DF01BF9E5
:10A7A00018B1304600E0184670BD2046FCE700BFF7
:10A7B000085D0020F8B50B78012B06460C4601D049
:10A7C0000020F8BD8B7903F0C003402BF8D1154D64
:10A7D0006F8A2946BF0711F83E2B4FF0000304F1A2
:10A7E000010006D5B24204D106220DF0F4F8B8B14A
:10A7F0000023002BE4D16B8A9B07E1D52B78B34271
:10A80000DED1661C0848314608F031FE0028D7D05A
:10A81000D4F80130C5F83E30044BB4F805209A80D6
:10A820000048CEE7085D0020365D0020465D002030
:10A8300010B5074C2378834208D10722601C0DF025
:10A84000CAF800280CBF2046002010BD0020FCE7FD
:10A85000085D00202DE9F0439BB0304CDDE92387F3
:10A860001D468446894616460CAB04F1300E20681E
:10A8700061681A4603C2083474451346F7D120684C
:10A88000106022791A716146202204A80AF0B2FCF5
:10A8900023486B46202204A900F072F80446C0BB8E
:10A8A000102249460DF135000AF0A4FC1022314671
:10A8B0000DF145000AF09EFC2946062211F8013BE5
:10A8C0008DF855300DF156000AF094FC22990622BD
:10A8D00011F8013B8DF85C300DF15D000AF08AFC47
:10A8E000434635220CA9684600F04AF8044680B970
:10A8F00040460AF089FC01238DF8303035223B4672
:10A900000CA9684600F03CF8044610B938460AF035
:10A910007BFC20461BB0BDE8F08300BFDA8202005A
:10A92000D4CA020070B598B00E46144601462022E3
:10A9300004A81D460AF05EFC202231460CA80AF04D
:10A9400059FC1022294614A80AF054FC1022214672
:10A9500068460AF04FFC6B46502204A9684600F096
:10A960000FF840B9039B054A1BBAB3FBF2F102FB97
:10A9700011331C9A136018B070BD00BF40420F0025
:10A980002DE9F0418EB007460C46154600211822ED
:10A9900008A81E460DF010F84FF41053ADF81C3007
:10A9A000DFF85C808023ADF81E304FF44063CDE9C2
:10A9B0000938102205AB394607A805F059FD0346B2
:10A9C00048B1104A1048012108F068FB6FF00400FC
:10A9D0000EB0BDE8F08106AB029310232246CDE90C
:10A9E000006341462B4605980CF083FB044605980E
:10A9F00005F000FD2043EBD0044A2346E2E700BF08
:10AA00000002C00376C20200787F020092C20200F8
:10AA1000142870B503460C4612D80B4A12F81010D1
:10AA2000D4E9000502EB4302A0FB010652780023A3
:10AA300001FB0561EFF76AFEC4E90001002070BD6B
:10AA40006FF01500FBE700BFE4CA020008B502F092
:10AA5000C7FE034668B10748074A012108F01EFBFC
:10AA600006486FF004034362BDE8084014300AF062
:10AA70004EBC08BD407F0200ABC202009022002005
:10AA8000044B93F83A3013B1034802F057BFFFF775
:10AA9000DDBF00BF9022002051AB0100094BBFF386
:10AAA0005B8F53E8002F511C43E800100028F8D1B9
:10AAB000BFF35B8F0AB9FFF7E3BF6FF00F025A6273
:10AAC000704700BF9022002080B500AF88B06A4672
:10AAD000094BCDE905304FF40073ADF81C30074B3E
:10AAE00042F8103F064800234FF4E251F6F7E4FE27
:10AAF0006FF00400BD4680BDC5C202000300000126
:10AB0000407F020038B50F49002205460E480CF080
:10AB100048F8002002F050FD044630B12868FFF7E5
:10AB2000D3FF6FF00404204638BD02460121072000
:10AB3000F7F78EFE0548C368002BF4D104300AF005
:10AB4000E6FBF0E79DAA0100F02200209022002001
:10AB5000F8B50378002B40F09A80574CE36A94F8DC
:10AB600050701F42254607D1A36A002B3FD153489E
:10AB7000BDE8F8400AF0CBBB94F89810A26D94F8A9
:10AB80005160A1B90121DBB20B420BD00F4208D0BA
:10AB900016EA010CB2F9000024D000EBD07040108E
:10ABA00010800232490089B2B942EDD9DCE7334066
:10ABB000018915D002EB41019142D5D0B2F90030A4
:10ABC00003EBD3735B1022F8023BF5E732F9136015
:10ABD000002EB8BF22F8130001338B42F6DBC3E727
:10ABE0001846FAE70028B8BFA2F800C0D9E7236CDE
:10ABF00043B1B4F84C2032493248984701280BD071
:10AC0000022837D0B4F84C30B4F848209A4231D9F1
:10AC10000133A4F84C30002094F89830B3B994F87C
:10AC2000521018B9A36D03EB4103A365A06D02F0A8
:10AC300097FD034650B12448244A012108F02EFA1A
:10AC40006FF004031D4863620AF061FBE36B1BB9FC
:10AC5000BDE8F840FFF714BFBFF35B8F55E8003F36
:10AC60005A1E45E800210029F8D1BFF35B8F012B64
:10AC7000EEDCF8BDE36B002B3FF479AF94F898302D
:10AC8000002B7FF474AF124804F0D0FE6FE7022B64
:10AC90000FD102F0A5FD03460028EAD00A480D4A6C
:10ACA000012108F0FBF904486FF0040343621430FB
:10ACB0005EE7052BDDD15AE790220020A422002078
:10ACC000B8220020607C0200407F0200E5C2020042
:10ACD000F0220020ABC202002DE9FF410F464FF0E9
:10ACE000FF3380484FF0FF3203F03CFE7E68731E56
:10ACF000FE2B05D97C4A7D48012108F0C6F910E0F9
:10AD00000024254626FA04F3DA0715D502F09CFC48
:10AD1000E040C3070ED4764A23467448012108F068
:10AD2000BDF96FF015046F480AF0F1FA204604B03F
:10AD3000BDE8F0810135EDB20134082CE2D10DB946
:10AD40006C4AD8E73B7CA3F10802062A0FD8DFE85B
:10AD500002F0100E120E040E0C000221012D7A7C5E
:10AD60000BD0002A46D0644AC5E70321F6E7634AC0
:10AD7000D3E70021F2E70121F0E7082A06D8DFE84F
:10AD800002F00808080808080808080013465C4A8A
:10AD9000C3E73B6873B35C6864BB186801387F28FD
:10ADA00028D88DF808208DF809401B68554A1B01EA
:10ADB000013BADF80A30012382F898308DF80C3051
:10ADC00002AA514B304602F07BFC04460028AAD16F
:10ADD0003B686A0013B19B8903FB0222FB68934224
:10ADE00011D2424800920121484A08F061F96FF0FF
:10ADF0000B0498E7434B002083F89800424B304601
:10AE000002F028FCE1E73F4E86F8525096F8983061
:10AE1000B868B065B04673B13B689D890135A9B289
:10AE200002F09EFC044640B1394A034601212F48F6
:10AE300008F034F977E72946F2E7BC46BCE80F0092
:10AE4000344D0FC5DCF800302B6074623B68002B7A
:10AE500045D00FCB2F1D87E80F00F36BB762A6F824
:10AE60004C40002B3BD0BFF35B8F58E8003F48E8D5
:10AE70000042002AF9D1BFF35B8F96F89810E1B930
:10AE8000F46B2548254A4FF400470023E4FB0701F3
:10AE9000EFF78CFC0022CDE90001002305F128002A
:10AEA00004F08CFD1E484FF0FF324FF0FF3303F0EB
:10AEB00059FD00B17062746A35E702F091FC0346F7
:10AEC0000028EFD0174A0948012108F0E7F86FF091
:10AED0000403A5F1240073620AF019FAE2E7FFF710
:10AEE000CFFDDFE794220020FEC20200407F020077
:10AEF0001CC3020036C3020071C302004CC302002F
:10AF0000A3C302009022002051AB0100C6C302007F
:10AF1000E5C20200B82200203F420F0040420F006D
:10AF2000A4220020ABC2020030B587B000230393F7
:10AF3000CDF80F304B798DF813300B7913F02005D5
:10AF40000C4615D08A797F2A08BFFF228DF814207D
:10AF5000C3F3040203F01F03072B8DF8152009D952
:10AF60005A4A5B48012108F099F86FF015059DE0F9
:10AF7000FF22EBE722780C2A1ED8DFE802F00A074E
:10AF8000111D131D151D1D17191D1B0001228DF804
:10AF90000E206278032A15D0042A16D04D4A0CE000
:10AFA0000222F4E70322F2E70422F0E70522EEE7AB
:10AFB0000622ECE70722EAE7474A4548012108F064
:10AFC00064F8D2E701228DF80F20628844F20A016A
:10AFD0008A4227D843F6FE718A4203D8002A4BD012
:10AFE0003E4AEAE7A2F57F523F3A0B2AF8D801A180
:10AFF00051F822F081B00100E1AF0100E1AF0100A2
:10B00000E1AF010047B00100E1AF010041B0010034
:10B01000E1AF0100E1AF0100E1AF0100E1AF0100EC
:10B0200079B0010044F214018A4227D044F2280189
:10B030008A4225D044F20F018A42D1D1032200E096
:10B0400001228DF810202649012000FA03F391F81F
:10B050005020DBB26DB3A5797F2D13D1134381F856
:10B060005030237991F8512003F01F0300FA03F3C5
:10B07000134381F851300BE00222E2E70422E0E7BB
:10B080000522DEE722EA03028DF8110081F8502044
:10B0900003A80BF006F8054640B1237903F01F031F
:10B0A000104A009001210A4808F002F8284607B02B
:10B0B00030BD134381F85030237991F8512003F0CB
:10B0C0001F0300FA03F322EA0303D2E7EBC30200F3
:10B0D000407F020021C4020002C4020045C40200F5
:10B0E0009022002070C40200084B70B5C31A0D46B0
:10B0F00007499B1004465943064840220AF012F9BA
:10B100002B4601462046BDE870401847605D002090
:10B11000B76DDBB6D47B020073B50C4C0C4A4023F0
:10B12000041B00930D460B460A49A41061430646D2
:10B1300009480AF023F9014628B130462B4602B0EF
:10B14000BDE87040184702B070BD00BF605D0020D0
:10B15000E9530200B76DDBB6D47B02000022F8B5DC
:10B16000012105461046F7F773FB104801F07CFEFD
:10B170000446B8B90AF073FC2F690D49384607F048
:10B1800063FE031E09DB01263E642D69084905F1B3
:10B190001C0007F059FE031E02DA1C462046F8BDCB
:10B1A000EE64FBE76FF00404F8E700BFDDB20100D6
:10B1B000748A02001FB500220123CDE902236C46E8
:10B1C000074A6B46CDE900440AF007F928B94FF465
:10B1D00080420023684603F0C5FB04B010BD00BFE9
:10B1E000FB53020010B5EFF31184402383F3128860
:10B1F000BFF36F8F074A136823F00201DB0711606A
:10B2000002D401200AF025FC84F31188BFF36F8F6C
:10B2100010BD00BFB05D002030B4104B0C2202FB0B
:10B22000003301460020D3E90E529863EFF31180FA
:10B23000402484F31288BFF36F8F1C6C04F0C004A9
:10B2400044F002041C6480F31188BFF36F8F1DB1BA
:10B250002B46034830BC184730BC7047605D002067
:10B26000D47B020010B4EFF31180402282F31288E5
:10B27000BFF36F8F17490B6843F0020413F001030B
:10B280000C601AD04FF08043D3F80C14D3F80C3470
:10B2900013F0010311D0EFF3118182F31288BFF391
:10B2A0006F8F0D4A136C03F0C00343F00203136465
:10B2B00081F31188BFF36F8F012380F31188BFF3EF
:10B2C0006F8F1BB110BC0020FFF7A6BF10BC012080
:10B2D00001F0BABDB05D0020605D002010B1012812
:10B2E00004D07047034B1B6C5B0701D1FFF794BF81
:10B2F000704700BF605D0020F8B52849BFF35B8F41
:10B300000646012251E8003F41E800200028F9D11B
:10B31000BFF35B8F33B9224922484B60CB608A6010
:10B3200007F0A5FD731E012B2CD80BF080FA044604
:10B3300050B1EFF31185402383F31288BFF36F8F71
:10B3400001244FF080470EE0174B1B78002BF0D004
:10B350004FF080430222C3F808230546F1E794B179
:10B36000284607F08FFFD7F81824D7F81834D203EF
:10B37000F5D59B0701D0012EF1D14CB185F3118891
:10B38000BFF36F8FF8BD002121200BF017FBEAE718
:10B390004FF080430222C3F80423F3E75C5D0020F2
:10B3A0004C5D00207C5D00202F68002008B504481B
:10B3B000F5F7CEFE0248F7F703FD002008BD00BFF9
:10B3C000C5B3010073B5104E8DF807000446032580
:10B3D00001220DF10701002002F070FF20B10123CE
:10B3E0003370204602B070BD3378002BF9D0013D98
:10B3F00008D00BF01CFA0028EAD1002142200BF003
:10B40000DDFAE5E73570ECE7D5640020EFF3118253
:10B41000402383F31288BFF36F8F0A4BD3F80011D8
:10B4200061B10021D3F80805C3F80011D3F8003149
:10B43000C0B282F31188BFF36F8F70476FF00A00BC
:10B44000F7E700BF00D00040F0B503468478C67827
:10B45000EFF3118E402080F31288BFF36F8F1D78B9
:10B4600093F801C0641B3440A24288BFA2B2AF1857
:10B47000374028461F708EF31188BFF36F8F8F18E7
:10B480008F4218D165450CD1EFF31181402080F334
:10B490001288BFF36F8F1878587081F31188BFF34B
:10B4A0006F8F1B79A41AA34228BF074B90B224BF09
:10B4B00001221A60F0BD03EB000E01309EF805E09A
:10B4C00001F801EB3040DBE700D00040DB432DE921
:10B4D000F04713F001050F46144604D02448FFF747
:10B4E000B3FFBDE8F087B2B3EFF31186402383F3D7
:10B4F0001288BFF36F8F0D20F7F79CF980460D205F
:10B50000F7F784F986F31188BFF36F8FDFF864A033
:10B51000194ECAF80051DAF800314FF400590123EE
:10B52000CAF800302546C6F88091DAF80031A3B198
:10B53000FFF76CFF031EA4BF05F1FF35ADB2C6F8DF
:10B540008091A8BF7B55002DEFD1B8F1000F02D03C
:10B550000D20F7F74DF92046C3E7EFF311804023A4
:10B5600083F31288BFF36F8F07F08CFEDDE700BF17
:10B57000D45D002000D0004000E100E070B50D4631
:10B5800014460CB9204670BD4FF0FF334FF0FF3228
:10B590000C4803F0E7F9224629460B48FFF754FF11
:10B5A0000646084803F0AAF93EB94FF0FF324FF0C3
:10B5B000FF33064803F0D6F9E6E7A41BA4B23544EE
:10B5C000DFE700BFB45D0020E95D0020C45D00201E
:10B5D00038B50122114617480AF0FDFF154D01222A
:10B5E000002105F110000AF0F6FF40F207432B8717
:10B5F0004FF070632B620C2385F8243000240E4B2F
:10B6000085F83540EC86D3F8042522F00102C3F812
:10B6100004250121C3F80041D3F80021C3F8041325
:10B62000224619600D20F7F713F90D20F7F7E0F81F
:10B63000204638BDB45D002000D0004010B5FFF7B3
:10B64000E5FE002820DB174B93F8222093F82140D9
:10B6500093F82310141B31EA0404C0B20DD193F8FF
:10B66000372093F8364093F83810141B31EA04045D
:10B670000BD10D4B01225A600EE09C180132114093
:10B6800084F8250083F8221010BD9C180132114067
:10B6900084F83A0083F837100448BDE8104003F0FE
:10B6A0002DB900BFB45D002000D00040C45D002073
:10B6B0002DE9F043476840F20636D0063B7C87B060
:10B6C00002EA060654BFC2F3401C4FF0030C01F01F
:10B6D0001F05B6F5837F144645EA43158DF803C070
:10B6E00044D00DD8062E16D005D8A6B1022E3FD0D4
:10B6F0006FF0150037E0B6F5807FF9D101260AE03A
:10B7000040F20222964235D0B6F5407F34D0B6F5ED
:10B71000007FEDD10226220330D57A6801238B40C9
:10B72000C2F80835B868A0BB05F01F036D092DD01D
:10B73000012D77D13E4A02EB8302C4F30043D2F8D5
:10B74000001783F00103C4F3404444EA430421F4A6
:10B75000E16144EA8C0421F0070144EA06230B432B
:10B76000C2F80037002007B0BDE8F0830726D2E713
:10B770000426D0E70526CEE70326CCE7630341BFC6
:10B7800001237A688B40C2F80C35CBE74FF0A0421A
:10B79000D1E70DF1020229460AF0D9FB14F4403F2B
:10B7A00080460CD1B86829460AF006FCB8F1000FB3
:10B7B000D8D19DF80210B86801F054FCD2E74FF0E0
:10B7C000000901ABCDE90199CDE90439CDF80C9020
:10B7D000B86803AA29460AF08FFA4845C2DB14F478
:10B7E000003314D0C4F300449DF803308DF80E30BC
:10B7F00084F001048DF80C608DF80D40B8684B465C
:10B8000003AA29460AF02BFB0028CFDAAAE7CDE9E4
:10B8100004330DF103030393B86803AA29460AF021
:10B820006BFAF1E703F5E07350F82330FFDE00BF59
:10B8300000030050420970B5034602D0012A17D018
:10B8400070BD0D4E326951680029F9D003F01F0315
:10B8500001250C689D400029F2D08A682A4002D058
:10B860004B68304698472CB1236821461C46F2E7C6
:10B87000024EE7E72346F8E70C7C0200F07B02006B
:10B8800038B54568A86890B10AF090FB014670B9D8
:10B89000A8680AF06FFB044658B902460649A86832
:10B8A0000AF052FB224605210620F6F7D1FF0020C0
:10B8B00038BD6FF00400FBE735B80100F0B544680F
:10B8C0001646A068227C01F01F0587B045EA4215A4
:10B8D00000286DD0B6F5001F04D129460AF0BFFB41
:10B8E000002056E06268607CC2F8240501AA0020AE
:10B8F000B6F5800F0190506037D1B3F1007F14BFCF
:10B90000052304238DF804300023CDE90423039399
:10B91000E36823FA01F111F001010DF103073AD1B7
:10B92000B6F1A07F37D105F01F036A0903F5E07374
:10B9300026D0012A3FD1214A52F82330DB072AD4EE
:10B94000A0683A4629460AF002FB16301BD002973F
:10B95000A06803AA29460AF0CFF9002819DBA068DD
:10B96000012229460AF02AFBBAE7B3F1C06F05D0DD
:10B97000B3F1007F14BF01230223C3E70323C1E710
:10B980004FF0A042D8E7A068394601F071FB0028CB
:10B99000DDDA07B0F0BDA0683A4629460AF0D7FACA
:10B9A0000028D5D19DF80310A06801F05BFBCFE71C
:10B9B0006FF08500EDE751F82330FFDE0003005003
:10B9C000044A054B9362054A1A60012100220320B4
:10B9D000F6F73EBF20260020105E00200030004019
:10B9E0002DE9F04F89B002AFD0F810A0BB604368DA
:10B9F0003A61D3F820B09B8A7B614FF0FF324FF061
:10BA0000FF3305460C4609F083FD0AF13C03FB6059
:10BA1000002300220AF13C00002602F0A3FF334677
:10BA20003A69964201D300235DE0207A010700F1D4
:10BA30009B803A692168013696420BD2820709D46D
:10BA4000227D80EA020C0CF0010C02F004025CEA98
:10BA5000020C24D0002B50D101F06042B2F1005F03
:10BA60004ED1D4F80080A3884FF00009BA68CAF814
:10BA70005080217A00922846424600F0A5F8031E25
:10BA800031DB4FF48042F868002302F06BFF00289E
:10BA90004BD0284609F053FD6FF0730323E04FF0BD
:10BAA00001086268D7F814E003EB020CF44529D9C9
:10BAB0006C468CB0286802A92E4ECA61C1E90563A4
:10BAC0007B690A46C1E9083040F203530B852A4BD3
:10BAD00042F8103F002329484FF45151F5F7ECFE8E
:10BAE0006FF01B03A54628467B6109F015FD7B69B5
:10BAF0001C371846BD46BDE8F08F4FF00008D0E770
:10BB00009846CEE7C00705D40BEB03007B600BF033
:10BB100045FF7B6862681A4493B2B8F1000F0CD1FC
:10BB2000002B9ED09946D846A0E7DAF84C30002B7F
:10BB30001DDB237ADB0702D400230C3470E7C345F6
:10BB4000FAD123460AE0A9EB0201D8687B601FFA0C
:10BB500081F918FA81F10BF021FF7B685A68914551
:10BB6000A3F10C03EFD2E7E76FF08503BBE76FF0BB
:10BB70000403B8E705C5020006000001F87F0200D3
:10BB800008B5CA0743680AD4C1F34201012909D0A4
:10BB900002290FD00A4A0B48012107F076FA6FF00C
:10BBA000150006E09B6A1B684FF0CC72C3F8242591
:10BBB000002008BD9B6A4FF0C8621B68F6E700BF13
:10BBC000EBC50200F87F0200F0B589B047680C466B
:10BBD0001646002112220DF10E001D460BF0ECFE60
:10BBE00004F001038DF80C30BDF838308DF80D30BD
:10BBF000BB8C0495AB4206960AD20A4800930A4AC7
:10BC00002B46012107F054FA6FF01B0009B0F0BD7C
:10BC1000C4F3400282F00102B86A520103A902F0A3
:10BC200017F8F3E7F87F0200FDC50200B0B54568DC
:10BC300000AFAB6904469847E869012109F070FC40
:10BC40002A69A86A234629460AF0C6FA002818DAA3
:10BC500023686C4688B06A460C49CDE905134FF459
:10BC60000073ADF81C300A4B42F8103F094800231E
:10BC70004FF4E251F5F720FE6FF00400A546BD46F3
:10BC8000B0BD204609F073FC0020F8E7C5C20200F1
:10BC900003000001F87F02002DE9F0412C4E002442
:10BCA00040F2FF15E3B28B4201D3002015E050F8BB
:10BCB000247017F4804FC7F3C32CC7F308033ED199
:10BCC0003F0EAB4208BF4FF0FF330B2F16F80CC0EE
:10BCD00005D00C2F2DD06FF08500BDE8F081C2F8A3
:10BCE0000835BCF1000F01D14FF0060C5F1C1ED0CF
:10BCF00003F01F075B091FD0012B23D1DFF854E0AD
:10BD000050F824300EEB8707DFF84CE0D7F80087B7
:10BD100008EA0E0EC3F3C038C3F341239B0043EA85
:10BD2000480343EA0C2343EA0E03C7F80037013403
:10BD3000B8E7C2F80C35D4E74FF0A04EE0E76FF05B
:10BD40001500CAE707F5E077002353F82730FFDE38
:10BD50000ECB020000030050F0F8FCFF08B578B1EC
:10BD60000849094A4FF4004E8C460021E0FB0EC101
:10BD700000236046EEF71AFDBDE808400AF01EBE3B
:10BD800008BD00BF3F420F0040420F002DE9F041C7
:10BD9000466896F8268008F00308B8F1000500AF61
:10BDA000044618BF012509F000FCB06A30B92946E5
:10BDB000204609F0A3FCBD46BDE8F0810AF0C0FAB8
:10BDC0000346B8B9B26A6C4688B011686A461F4823
:10BDD000CDE905014FF40071ADF81C101C4942F883
:10BDE000101F1C484FF4E251F5F766FD6FF012008A
:10BDF000A546E0E7B8F1000FF28DB06A96F82C1076
:10BE00000CBF4FF4B0134FF4D0131A43D0F810E026
:10BE1000D0F80880DEF8006042F3000303F440230A
:10BE200053404FF0010C23F480120CFA01FCDB07A5
:10BE30004CBF4CEA060626EA0C06CEF80060D8F89D
:10BE4000003098470028B2DAB5E700BF44C60200C8
:10BE5000030000016080020070B5012383400F4A97
:10BE6000BFF35B8FDC4352E8001F01EA040542E8A0
:10BE70000056002EF7D1BFF35B8F4FF48032824023
:10BE80000748C0F80823BFF35F8FBFF36F8F03EA43
:10BE90000100003818BF012070BD00BF805E002087
:10BEA0000010014070B41249D1E90034D01AC3180F
:10BEB00044F1000422F07F46C1E90034A6F50013E6
:10BEC000B3F5400F09D20B4B1B681A0A1B069C19CD
:10BED000094B42F10005C3E90045EFF3118140230E
:10BEE00083F31288BFF36F8F70BC03F06FBC00BF89
:10BEF000984A0020845E0020A04A002011B3BFF3BE
:10BF00005B8F0123104A834052E800CF4CEA030CB8
:10BF100042E800C10029F7D1BFF35B8F0B4A4FF411
:10BF200080338340C2F80433094BBFF35B8F1B6837
:10BF3000BFF35B8FC340DB0742BF064B4FF40032B9
:10BF4000C3F80021704700BF805E00200010014050
:10BF50007C5E002000E100E00D4B1868010A00063D
:10BF6000BFF35F8F0B4BD3F80435181841F1000174
:10BF7000B3F5801F0AD2084BD3E90023904271EB3E
:10BF8000030303D210F1807041F10001704700BF3C
:10BF9000845E002000100140A04A00202DE9F04FEF
:10BFA00085B016461F469DF840A00446FFF754FF93
:10BFB0000190FFF7D1FFB04271EB07035ED23E4B19
:10BFC000301A67EB0101984271F1000109D36FF05B
:10BFD000150520460199FFF791FF284605B0BDE8F9
:10BFE000F08F364B03EB0413D3E902239F4208BFC3
:10BFF000964254D032494FF4803804F1500508FA83
:10C0000004F8AD00C1F848832046ADB209F03DFC0C
:10C0100026F07F4B05F1804504F5A87305F58835BA
:10C02000DC464FF003090293029A2CF07F4341F85B
:10C030002230C1F84483D1F80435224A6FF002005F
:10C04000C01A604420F07F40904228D9286868B127
:10C05000D1F804350393A3EB0B0020F07F40B0F53B
:10C06000000F1CD9204609F010FC039BBAF1000F09
:10C07000ADD109EB030C09F10109D5E7BAF1000FC5
:10C08000A5D10123104ABFF35B8FA34052E8000FF4
:10C09000184342E800010029F8D1BFF35B8F07493C
:10C0A0000E98230101EB0412C8500F9B5360C2E9A4
:10C0B000026700258DE700BF01008000884A00204C
:10C0C00000100140FDFF7F007C5E00207FB51C4C0E
:10C0D0001C4BC4F80833C4F848331B4B00254FF001
:10C0E000FF304FF0FF31C4F80855C3E902014FF4A7
:10C0F0008033C4F80433154B02264FF4003201217B
:10C10000C4F804631120C3F880212A46F6F7A0FB87
:10C110001120F6F76DFB0E4A0123A3602360136024
:10C120000C4B0D4A0093CDE9015500232846FFF73B
:10C1300035FF3046FFF7E0F8284604B070BD00BF79
:10C140000010014003000F00884A002000E100E0D9
:10C15000805E0020A5BE0100FFFF7F002DE9F743B0
:10C160002B4CD4F8043399070BD5D4F8043143B1E0
:10C17000284A0023C4F80431D4F804311368013389
:10C180001360D4F80433DA0323D5BFF35B8F224B5B
:10C1900053E8002F22F0010143E800100028F7D1F6
:10C1A000BFF35B8FD30702D4D4F840318BB10025A5
:10C1B000C4F84051D4F84031FFF7CEFEEFF31082BF
:10C1C00072B6164BD3E90267B042B94104D282F38A
:10C1D000108803B0BDE8F0834FF0FF384FF0FF390F
:10C1E000C3E90289D3E900101D604FF48033C4F81D
:10C1F0004833C4F84051D4F8403182F31088002904
:10C20000E7D0009032463B4628468847E1E700BF2A
:10C2100000100140845E00207C5E0020884A0020DF
:10C2200030B5431C124C85B005D08442A8BF0446EB
:10C23000012CB8BF0124FFF78FFE0E4B0C4DD3E944
:10C240000013401AB0F5000F10D22218AA4228BFDE
:10C250002A4652184FF0000007490091CDE901002D
:10C2600043F10003FFF79AFE05B030BD2A46F0E720
:10C27000FFFF7F00984A0020A5BE010008B5FFF728
:10C280006BFE024B1B68C01A08BD00BF984A002015
:10C2900002460B46014802F03DBA00BF7827002055
:10C2A000014802F0A9BA00BF7827002001490248DE
:10C2B0000AF035BA8C5E0020B8550020094B93F87F
:10C2C0000031042B02D1810709D47047022B02D11F
:10C2D000020704D47047082B03D1830601D5FFF76A
:10C2E000E5BF7047E664002010B403460A460348E1
:10C2F00081680C681946234610BC1847287C020048
:10C30000B0B584B000AF3B1D00247C600A22BC6045
:10C31000C7F80B403960014618460BF06CFB6D46C0
:10C320008AB0396803466A460D480791CDE905038E
:10C330004FF40073ADF820300A4B42F8103F0A4822
:10C3400023464FF41151F5F7B7FAAD4684F311883F
:10C35000BFF36F8F0323184602DF1037BD46B0BD11
:10C3600077C6020004000001C87F0200F0B589B062
:10C37000064600AF34480D4634490AF0B4F907F1D7
:10C380000C00EEF736FA6C4688B06A46304B0593DF
:10C39000304B06934FF40073ADF81C302E4B42F82F
:10C3A000103F2E492E4807F10C03F5F785FAA546F4
:10C3B0002C4809F0C5FF50B92B4A2948012106F045
:10C3C00064FE6FF0120420462437BD46F0BD274BB3
:10C3D0007B60381DE5F762FA034638B1244A2048ED
:10C3E000012106F05BFE6FF01504ECE74FF0FF3023
:10C3F0004FF0FF31FFF74CFF04460028E3D11D4901
:10C400001D48E4F797FE044610B1FFF749FFDAE74D
:10C4100041F64C5307F10800BB60E6F715FB20B16D
:10C42000FFF73EFF6FF08504CDE7012338463B70F0
:10C43000EFF709FA0028F3D1FFF732FF33690F480D
:10C440001D60F6F7D7FEBEE78C5E00204F59020054
:10C450009CAD02009CC6020003000001C01C40010C
:10C46000C87F0200287C0200C3C60200E9C20100A6
:10C47000E3C60200A84A002051C50100BDC2010068
:10C4800030B5304887B0E4F7D9FD0446002854D1D0
:10C49000E4F78EFE0125E4F797FEEEF7ACF9EEF730
:10C4A000ACF9EEF7ACF9EEF7ACF903AA022120469D
:10C4B0008DF80C50E4F7F0FD00283DDB082303AABB
:10C4C00007212046ADF80C30E4F7E6FD002833DB09
:10C4D0004FF0FB13039303AA40F2032303212046EA
:10C4E000ADF81030E4F7D8FD002825DB03AA0421BD
:10C4F00020468DF80C50E4F7CFFD00281CDB1F23ED
:10C5000003AA06212046ADF80C30E4F7C5FD00284B
:10C5100012DB40F60C33984212D90B4A00902946A0
:10C520000A4806F0C5FD84F31188BFF36F8F04231A
:10C53000184602DF6FF00B000446204607B030BDFE
:10C540002046F9E701C3010007C70200C87F0200C7
:10C5500073B5434C94F800313BB394F80031042B8D
:10C5600056D120783E2833D1A678B31E5E425E4174
:10C570006378FF2B2ED14FF48073009340F20113A8
:10C58000384A3948012106F093FD384A36486FF0A1
:10C590000B03012106F082FD002383F31188BFF312
:10C5A0006F8F0423184602DF1DE04FF0FF304FF07D
:10C5B000FF31FFF76DFE48B904F58071204600F0A9
:10C5C00033FB0546FFF76CFE002DC6D002B070BDF0
:10C5D0000026CDE7002200233146F6F719FE054676
:10C5E00048B9002EF2D0002384F8003102B0BDE833
:10C5F0007040FFF75BBE62780232194905F10C000A
:10C6000006F0D6FE1A4B1B481B6829469847EAE7F6
:10C61000022B10D1002200230820F6F7D3FD054697
:10C620000028D3D063880433B3F5807F0FD94FF44B
:10C6300080720092A4E7082B0BD100230022202057
:10C64000F6F7C0FD638805460028ECD1BEE71A4620
:10C65000D3E7094A0448012106F020FDC3E700BFE3
:10C66000E66400202AC70200C87F020084C70200D7
:10C67000885E0020447C02004BC702002DE9F34194
:10C68000A94D2C780746002C40F0C68204238DF873
:10C690000730A64B0688D3F80080B8F1000F15D1FB
:10C6A000B6F5105F4FEA96230BD2002B00F0A7825D
:10C6B000013B072B62D8DFE803F026614D956161ED
:10C6C00061DD3F2B00F0DE81012019E20DF1060350
:10C6D0000DF10702691CC0470128E1D09DF8063022
:10C6E00013B9012840F08E820F236B700423AB70C6
:10C6F0000123E8702B71A5F8056001232B70002041
:10C7000002B0BDE8F081384640F2064230F9033B02
:10C71000934219D040F21D42934218D0012042F2B8
:10C7200019039E4200F2588242F20C039E4200F22C
:10C730004C8240F2064340F21D429E4218BF964290
:10C7400014BF0124002430E0E5F72CFFE7E7E5F70C
:10C750009FFFE4E7384640F6634230F9033B9342DB
:10C7600034D00EDC40F60342934223D040F62D42F3
:10C77000934222D040F60142934213D00120044656
:10C7800013E040F67B42934223D040F67C42934232
:10C79000F4D19DF80730664902338DF80730EEF783
:10C7A000EFFF01E0E4F74EFD012484F001038DF872
:10C7B000063093E7EEF714F8F6E79DF807305C498A
:10C7C00003338DF80730EEF713FEEDE7E4F74CFD89
:10C7D000EAE79DF80730564904338DF80730EEF745
:10C7E000C1FFE1E73B88A3F58053013B082BC5D887
:10C7F00001A252F823F000BF1DC801002FC801009C
:10C8000043C801007DC701007DC701007DC701004D
:10C810007DC701007DC7010063C801009DF8073096
:10C82000434808338DF80730EEF7D0FDBCE79DF89C
:10C8300007303F4840338DF8073009F08AF8002070
:10C84000B2E79DF8073008338DF80730384B0022E7
:10C850001A605A60EB7A23F0600343F06003EB72D6
:10C86000EDE79DF80730324806338DF80730EEF7D4
:10C87000F4FD99E7384630F8033BA3F50053013B3C
:10C880004D2B00F29381DFE813F0550062006B003E
:10C8900091017400770091017A007D008000910180
:10C8A00091019101910191019101910191019101F8
:10C8B00091019101830086008F0091019800A100F1
:10C8C000AA0091019101910191019101B50091019D
:10C8D000BE0091019101C100C400C700CA009101CE
:10C8E0009101D300D600D900E200EB00EE009101E7
:10C8F00091019101910191019101910191019101A8
:10C900009101910191019101910191019101910197
:10C910009101910191019101910191019101F10028
:10C9200091019101FA0000BFE76500209C5E0020A4
:10C93000EE650020E4F7A2FC42F264039E423FF45D
:10C9400034AF42F264039E4200F2DA80E7E69DF8DB
:10C950000730B34803338DF80730E5F719FEEBE7EE
:10C960009DF80730AE4808338DF80730EEF788FEA3
:10C97000E2E7EEF78EFDDFE7E5F766FFDCE7EEF7CF
:10C98000ACFED9E7EEF784FED6E7E5F7B7FFD3E7CD
:10C99000EEF766FED0E79DF80730A14910338DF819
:10C9A0000730EEF751FDC7E79DF807309C48083384
:10C9B0008DF80730EEF716FDBEE79DF80730984971
:10C9C00002338DF80730EEF7ADFEB5E79DF807307E
:10C9D000934902338DF80730EEF7B5FEACE79DF8CA
:10C9E000073008338DF807308F23EB71C023EB72CB
:10C9F0000020A1E79DF80730894902338DF8073000
:10CA0000EEF756FD98E7E5F7FFFD95E7EEF773FCC7
:10CA100092E7EEF793FC8FE7EEF7C6FC8CE79DF804
:10CA200007307F4801338DF80730EEF7CBFC83E702
:10CA3000EEF7AAFC80E7EEF79EFC7DE79DF8073055
:10CA4000774808338DF80730EEF762FD74E79DF8FC
:10CA50000730734904338DF80730EEF784FD6BE738
:10CA6000E5F7EAFD68E7EEF7C4FD65E79DF80730F6
:10CA70006B4802338DF80730EEF7D5FC5CE7EEF734
:10CA800057FD59E738464FF60C5230F8033B9342B6
:10CA900022D84FF60252934212D803F2FF3292B2DA
:10CAA0000A2A3FF611AEA3F57C43013B0A2B7FD83F
:10CAB000DFE803F01E347E7E7E5B7E7E49525E00A0
:10CAC000A3F57D43033B092B72D8DFE803F05A71CD
:10CAD0005D717171607171634FF6145293425CD055
:10CAE0004FF6165293427FF4EFADE5F7B5FF07E03E
:10CAF0009DF807304A480C338DF80730EDF783FE78
:10CB000042F285039E4274D842F267039E4251D896
:10CB100042F26603F41A18BF012446E69DF8073076
:10CB200040338DF807303E4B00201880EB7923F01E
:10CB3000230343F02303EB712B7A23F0070343F025
:10CB400007032B72DCE79DF80730354817338DF863
:10CB50000730EDF772FED3E79DF8073030482033F9
:10CB60008DF80730EDF78DFECAE7EDF764FEC7E7F5
:10CB70009DF807302A4801338DF80730EDF79EFE07
:10CB8000BEE7EEF760FEBBE7E5F75EFFB8E7EDF75F
:10CB9000ABFEB5E7EEF740FEB2E79DF8073020495F
:10CBA00004338DF80730EDF7A3FEA9E70120C3E6B3
:10CBB0000120C6E6A6F50153283B9AB2194BD34093
:10CBC00003F0010383F00104EFE5A6F500530D3BEC
:10CBD0009AB241F24123F2E742F232039E423FF41D
:10CBE000E4ADA6F50153033B012B94BF00240124BF
:10CBF000DBE526F008034FF602529C1A8BE701246E
:10CC00002046D2E59DF80730AB700E2201236A70F2
:10CC1000EB70AE80A87170E54FF0FF3070E500BF9B
:10CC2000EE6500202F80402038B5094C23780D4652
:10CC30001BB9BDE83840EDF73CBFA278611C023259
:10CC40000AF0ACFE0020042320702B7038BD00BF1A
:10CC5000E765002070B505460E46084C204609F0F1
:10CC60006FFB38B1A368B2B2294620461B68BDE805
:10CC7000704018476FF0120070BD00BF287C0200A2
:10CC800002484FF4007103F081B800BF2F66002006
:10CC900013B54FF4FA73ADF8043000238DF8063065
:10CCA0004FF48053ADF80030104A02231921684632
:10CCB0008DF80230EDF776F9044698B908F0A4FB38
:10CCC00080B2EBF7C5F9012221460820F5F7C0FD37
:10CCD000012221460B20F5F7BBFD0122214610461B
:10CCE000F5F7B6FD204602B010BD00BF01CD010032
:10CCF0000149024809F013BDA45E0020B855002088
:10CD0000B0B584B000AF3B1D00247C600A22BC603B
:10CD1000C7F80B403960014618460AF06CFE6D46B4
:10CD20008AB0396803466A460D480791CDE9050384
:10CD30004FF40073ADF820300A4B42F8103F0A4818
:10CD400023464FF41151F4F7B7FDAD4684F3118833
:10CD5000BFF36F8F0323184602DF1037BD46B0BD07
:10CD6000DCC70200040000012880020013B5002483
:10CD70001549164800946FF009034FF4806201F0E2
:10CD80008FFF1349114809F058FD1249124809F064
:10CD9000AAFC224604211920F5F75AFDBFF35B8F48
:10CDA0000E4B012253E8001F43E800200028F9D170
:10CDB000BFF35B8F0A4905484FF40032002301F0AE
:10CDC000AFFF204602B010BD807D0020B855002086
:10CDD000F0C70200EB590200A45E0020A05E002014
:10CDE0003023002010B5BFF35B8F084B1B68BFF3E7
:10CDF0005B8F53B1EBF7C2F8BDE81040044905481A
:10CE00004FF40032002301F08BBF10BDA05E002064
:10CE100030230020B85500200346024A0248022170
:10CE200006F03CB904C802004880020010B9024B69
:10CE30001B681847FFF7F0BFB45E0020014B0120CC
:10CE40001B681847B45E002028B1012807D10449A7
:10CE50000020EBF715B8034B01201B6818477047FB
:10CE60002DCE0100B45E0020014B186000207047F9
:10CE7000B45E00204FF08053D3F830210D2A55D1F5
:10CE80004FF080410022C1F80C21C1F81021C1F8F7
:10CE90003825304AD3F80404C2F82005D3F8080432
:10CEA000C2F82405D3F80C04C2F82805D3F81004FE
:10CEB000C2F82C05D3F81404C2F83005D3F81804CE
:10CEC000C2F83405D3F81C04C2F84005D3F8200496
:10CED000C2F84405D3F82404C2F84805D3F828045E
:10CEE000C2F84C05D3F82C04C2F85005D3F830042E
:10CEF000C2F85405D3F83404C2F86005D3F83804F6
:10CF0000C2F86405D3F83C04C2F86805D3F84004BD
:10CF1000C2F86C05D3F84434C2F87035D1F8003447
:10CF2000DB0709D56FF00103C1F800344FF08053DF
:10CF3000D3F830310D2B0CD14FF08053D3F834316E
:10CF40003BB14FF01023D3F808224FF08043C3F8D1
:10CF50005825704700C00040036803F01F025B09BA
:10CF6000026004D0012B034818BF002070474FF027
:10CF7000A040704700030050034A430900F01F001F
:10CF8000D35C1844C0B2704716CB0200024611F0C1
:10CF9000010030B515D18B07C1F3400022D51249ED
:10CFA000D1F8200550604FF08052C1F82005D2F82A
:10CFB00030210D2A08BFD1F82025003818BF0120E4
:10CFC00010E04FF0A0444FF08055D4F820351360A6
:10CFD000C4F82035D5F830510D2D08BFD4F82045C0
:10CFE000002BD8D030BD00BF00030050F7B5044679
:10CFF0000846FFF7C1FF04EB40060D46B38ADB0786
:10D000002AD5204608F056FE2946204608F0C2FDE3
:10D0100050B1204608F0D4FD276807EB80000023BC
:10D02000C0F81035C0F810352946204608F0F1FD4B
:10D030000021B18201A80195FFF78EFF019B00EB53
:10D040008300074BD0F80027134043F00203C0F8D9
:10D050000037084603B0F0BD6FF01500FAE700BFD7
:10D06000F0F8FCFF014808F020BD00BF5426002066
:10D0700010B504480C4608F0FAFC0028A4BF207044
:10D08000002010BD542600202DE9F04F074689B03E
:10D0900057F8049BD9F80413C9B28346082241F01B
:10D0A0000041484608F0DEFD051E2FDA002303216B
:10D0B00006A8CDE90633FFF769FF634B01930DF135
:10D0C00018084FF0000A019A604912F8013B0192DA
:10D0D000DA0803F007038A5C22FA03F3DB071CD4A7
:10D0E0000AF10103022B08F104084FF0010AEAD10A
:10D0F0004FF000410022484608F0B4FD032106A885
:10D10000FFF744FF0028D8D125F000450124002D69
:10D1100040F0848009B0BDE8F08F4D4B534402933A
:10D12000D8F80060002EDBD0029B96FAA6F61C7899
:10D13000B6FA86F646EA44142046FFF71DFF0BEBCD
:10D140004000F208818A18F802000594C1F38203B6
:10D150000393009306F00706012303FA06F620EA7C
:10D16000060008F8020005A8FFF7F6FE059A039BE3
:10D1700002F5E07211F0100F50F82260C6F301467C
:10D1800033D0009A3846214608F024FD05A80594BE
:10D19000FFF7E2FE059B03F5E073F6B250F823308B
:10D1A000C3F301439E4207D10021204608F0E3FC6F
:10D1B0003146204608F0DFFC05A80594FFF7CCFEB9
:10D1C000059B012202FA03F3C0F820354FF080538B
:10D1D000D3F830310D2B01BFD0F82035D0F82035F1
:10D1E000D0F82035D0F820359AE7022E14BF02215E
:10D1F00003212046039308F0BEFC039B032B03D0BE
:10D20000022E07D1012BD7D1009A2146384608F0CB
:10D21000E1FCD1E7032ECFD1022BF4E795FAA5F379
:10D22000B3FA83F304FA03F225EA020503F5A272C6
:10D230000BEB430359F82220B3F87010C2F30142FC
:10D24000384608F0C7FC62E726CB02001C8B0200C0
:10D2500026CB020080F08003042B04D8054B034446
:10D2600013F8800C704707289ABF034B185C002006
:10D27000704700BF28CB02002DCB0200064B93F86D
:10D280002E00012806D0022818BF042814BF012050
:10D290000020704700207047B85E002010B5164B84
:10D2A000164A0020C3F8000592F82F40D3F8041363
:10D2B00082F82E40146821F033010CB141F02301B3
:10D2C000C3F81C01D3F81C41C3F81801D3F8184166
:10D2D000C3F80801D3F8080192F8340092F833201B
:10D2E00002F0010200F00100D20142EA80120A437A
:10D2F000C3F8002310BD00BF00700040B85E0020DE
:10D3000070B50D4A002392F8301001251E4618B959
:10D310000BB182F8301070BD90FAA0F3B3FA83F32A
:10D3200005FA03F40C3302EB430320EA0400DE8029
:10D3300021EA04010123EAE7B85E002073B5002367
:10D34000044601AA0E464FF48071019308F089FE4D
:10D350004FF48A71204608F084FE4FF4827105462E
:10D36000204608F07EFE20B11EB115B1144BD3F853
:10D37000343601AA4FF48471204608F072FE4FF44F
:10D380008671204608F06DFE4FF48871204608F043
:10D3900068FE0C4B234083B14FF48E75294601AAD9
:10D3A000204608F05EFE291F083589B22046ADB23E
:10D3B00008F057FEB5F5AE7FF0D1019802B070BD10
:10D3C00000700040C0FF3F002DE9F04F9A464FF03B
:10D3D000805393B0D3F830311C9D0D2B3BD10DF110
:10D3E000080C0AAF3E4C3E46E046002304EB031E09
:10D3F0000133DEF8189548F8049B082BDEF81CE58D
:10D4000046F804EBF2D1D4F8F065D4F84036019335
:10D410004FF0010E0023D4F84496D4F84886C4F89F
:10D42000FC3FC4F8FCEF2E4C5CF804BB04EB031E7D
:10D430000133CEF818B557F804BBCEF81CB5082B4D
:10D44000F2D1019BC4F84036F6B2C4F84496C4F851
:10D450004886C4F8F065234B002483F8334083F8F2
:10D4600034409C601C611D6083F831009C831C4B20
:10D47000C3F8F015C3F8F4257DB32322C3F80023C5
:10D48000184D174C00220127110107FA02F301F190
:10D490008046034006F5E04619BF95F81EE095F872
:10D4A0001FC09C469E46002B04EB0103C6F810E506
:10D4B000C6F814C5D3F8181514BF5646002621F037
:10D4C0008071013241EA0661082AC3F8181505F196
:10D4D0000205D9D113B0BDE8F08FC3F80053CFE7F0
:10D4E00000700040B85E0020F8B50446067A47791F
:10D4F000417AC079FFF7AEFE10B96FF01500F8BDA4
:10D50000214A01F10C0502EB4503012F987139D135
:10D510003046FFF79FFE0028EFD002EB4505E8718B
:10D52000E378A0781B03000200F4E06003F480536A
:10D530000343207800F0030003432079000400F443
:10D54000E02003436078000100F030000343A0793D
:10D55000000600F0807003436079000500F480103D
:10D560000343080100F1804000F5E040C0F81835A1
:10D57000012303FA01F192F830300B4382F8303086
:10D580000020BCE70020C8E7B85E0020084B01225D
:10D590009A600022C3F81421D3F8141105498020A1
:10D5A000C1F88001C3F80025C3F80025704700BF0B
:10D5B0000070004000E100E070B5204D95F82E406D
:10D5C000002C38D1FF20012685F82E60FFF798FE49
:10D5D0001B4B1C48C3F80041D3F80021C3F8044199
:10D5E000D3F80421C3F81041D3F81021C3F8144133
:10D5F000D3F814311C239A0806FA02F111F0330F04
:10D600001CBF03F1804101F5E24102F1FF3218BF76
:10D610000C6006FA02F218BF096812F0330F1CBF43
:10D620001C501A5808335C2BE5D10720F5F7E0F8B9
:10D630000020286070BD6FF07700FBE7B85E002027
:10D6400000700040FC700040014B93F830007047C0
:10D65000B85E00202DE9F74307469946FFF70EFE16
:10D66000044608BBDFF8508098F8303008260125C2
:10D670002F4203D02B421CD00134E4B2013E4FEACA
:10D680004505F5D10D4BC3F8F865131E18BF0123EE
:10D690003846CDF80090FFF797FE022388F8324015
:10D6A00088F82E30304601E06FF00F0003B0BDE87F
:10D6B000F0836FF01500F9E7B85E002000700040BD
:10D6C0002DE9F341804615461A46FFF7D7FD064679
:10D6D000002837D1204F97F830C008203446012366
:10D6E00018EA030F04D013EA0C0F2ED00134E4B271
:10D6F00001384FEA4303F3D16B8813B1012C27D8CB
:10D7000032B328786B7818B113B9012C20D80126D0
:10D71000009202464046FFF757FE6B880F4A0BB156
:10D7200043F48053C2F8F83587F832402B7987F8F4
:10D730003530042387F8366087F82E30002002B099
:10D74000BDE8F0816FF00F00F9E76FF01500F6E724
:10D750006FF08500F3E700BFB85E00200070004066
:10D7600030B51D4A136904466BBB00F06043B3F14A
:10D77000005F2BD192F83250B1FBF5F305FB13108B
:10D7800038BB0BB2002B24DD92F82E30052B06D8C7
:10D79000032B0BD8022B0ED06FF0760030BD062B7A
:10D7A000FAD10E4BC3F82C46C3F8301693683BB140
:10D7B000C2E90441F2E78D420BD1C2E90245EDE72F
:10D7C000C2E90241EAE76FF07700E7E76FF00C008B
:10D7D000E4E76FF00600E1E7B85E0020007000406B
:10D7E0002DE9FF41524CA368002B00F09D8094F876
:10D7F0002E20022A06D0042A33D06FF0760004B01F
:10D80000BDE8F0814B4D0126C5F800652168E2684E
:10D8100049B1032184F82E10C5F82C36C5F83026FE
:10D820002E600020EBE7C5F82C36C5F830262E60B8
:10D8300008F02FFC04F108036E60019301990220A7
:10D84000FFF77CFD0028F9D03A4B0022C3F80821ED
:10D85000D3F80811C3F80C21D3F80C11C3F8002534
:10D86000DFE7344D4FF00108C5F80085276857B150
:10D87000052284F82E20E268C5F82C36C5F830263B
:10D88000C5F80080CDE7A18B94F83220039203EB1A
:10D8900041030293C5F82C36C5F83026C5F8008040
:10D8A00008F0F7FB94F8363063BB224D01236B6020
:10D8B00002A90220FFF742FD0028F9D00023C5F895
:10D8C0000831D5F80821C5F80C31D5F80C21A18B09
:10D8D00094F832200A44E16892B28A42A28321BFBE
:10D8E000154AA383D2E90201236124BFC2E90001E2
:10D8F0001846104B4FF0000238BF6FF00F00C3F80E
:10D9000000257CE7D5F8F465F6B208FA06F6013E84
:10D91000BE42CAD9C5F8048000210420FFF70EFDDD
:10D920000028F9D00137F3E76FF00B0067E700BF7D
:10D93000B85E002000700040C05E0020F8B50246CE
:10D94000FFF79CFC002851D12A4E2B4C96F82E3024
:10D9500086F82F30072386F82E3001237260C4F832
:10D960000035D4F80453C4F80003E3603AB125F05D
:10D97000C00545F03305C4F800530020F8BD002170
:10D980001020FFF7DBFC0028F9D00023C4F8043195
:10D99000D4F80431194BC4F82C3601270223C4F8FB
:10D9A0003036276008F075FBA76000212020FFF7C4
:10D9B000C5FC0028F9D0104B0022C3F80421D3F88D
:10D9C0000411C3F80821D3F80811C3F8002596F80C
:10D9D0002F1086F82E10C3F81C21D3F81C11C3F8A1
:10D9E0001821D3F81821C3F80053C6E76FF00F00D1
:10D9F000C4E700BFB85E002000700040D05E002089
:10DA00007FB56249614E3320FFF798FC10F0100F8C
:10DA100005460BD05E4B1022C3F80823B218C3F89A
:10DA20002C260222C3F8302601221A6015F0200F9E
:10DA3000584C10D094F82E30554A072B05D0D2F808
:10DA400034369BB2E36000232361D2F80433DB0653
:10DA500001D5FFF723FCA80717D5002294F82E3034
:10DA60008DF80420A2680292062BE268ADF80C2023
:10DA700017D0072B33D0032B07D1FFF787FD0223E5
:10DA800084F82E30236801A89847E9074ED594F80A
:10DA90002E30033B042B49D8DFE803F059482840D7
:10DAA0005D0094F8353023B1236913B1384B01225E
:10DAB0001A60236801A89847374B93E8030086E86B
:10DAC000030000232361A368002BDED1FFF75EFD76
:10DAD000042384F82E3005238DF80430D2E7FFF7B5
:10DAE000DDFB02238DF804306368CCE704238DF856
:10DAF000043001A823689847254BD3F8F825D204B1
:10DB000044BF01225A602269062384F82E302AB1CC
:10DB10001F4B6169C3F82C26C3F8301623692BB953
:10DB200003238DF8043001A82368984794F82E3019
:10DB3000072B0AD0164B1948D3F80433002118409C
:10DB4000FFF7FCFB012685094DB904B070BD104BF1
:10DB500001225A60EAE70E4B01229A60E6E795FA45
:10DB6000A5F3B3FA83F306FA03F225EA02055A088D
:10DB7000DB4303F001038DF809308DF8046023685E
:10DB80008DF8082001A89847DEE700BFC05E00209E
:10DB900000700040B85E0020C85E0020C0FF3F005B
:10DBA000827B002A38D1036803F01F015B0922D071
:10DBB000012B26D1194A02EB81021949D2F800370C
:10DBC0000B4043F4C16343F00403C2F800374368D9
:10DBD00003F01F005B0911D0012B17D10F4A02EB94
:10DBE0008002D2F800370B4043F4C16343F00403D2
:10DBF000C2F8003770474FF0A042DCE74FF0A04278
:10DC0000EDE701F5E07152F82130FFDE00F5E0703C
:10DC1000002353F82030F8E7704700BF000300509E
:10DC2000F0F8FCFF036809490022C260C3F808133A
:10DC3000D3F8001221F4BC51C3F80012C3F8002538
:10DC4000012380F8263080F82820704702029C01CA
:10DC50002DE9F047002380F827304B68046805461B
:10DC60000E46174633B1CB6803F06043B3F1005F53
:10DC700040F040813378023B012B06D8336903F032
:10DC80006043B3F1005F40F035819C4BC4F808332A
:10DC900095F8283003F0FF023BB1EB68C4F8043379
:10DCA0006FF00F084046BDE8F08707F01403B3FAA1
:10DCB00083F35B0985F82830337885F8243073784E
:10DCC00085F82530F3682B6173686B613369AB614C
:10DCD000B368EB61C7F3001385F829302F627378BE
:10DCE000C4F88835C4F86021D4F86031C4F84821FC
:10DCF000D4F84831C4F82421D4F82431C4F80421DC
:10DD0000D4F8043117F0010318BF0123C4F85035CB
:10DD100017F0020318BF0123C4F840353378032BF2
:10DD200000F28180DFE803F05E764A024FF48073F0
:10DD3000C4F80032D5E90423C4F84425C4F84835B2
:10DD40000123A3604FF48011204608F0F9F9002860
:10DD5000F8D1D5E90623C4F84425C4F848354FF472
:10DD60008023EB604FF0000817F0080910D13378DA
:10DD7000032B0DD0012B6A686BD12360002A55D08C
:10DD800073682BB96B68002B00F0928001236361EC
:10DD90006B68002B00F08C80780744BF0023EB6099
:10DDA00079065EBFEB6843F00203EB60EB6843F477
:10DDB0000073EB60EB68C4F8043373E7D5E9042320
:10DDC000C4F84425C4F84835D5E90623C4F83425F9
:10DDD000C4F838354FF48453C4F800320123236269
:10DDE0000223BEE7D5E90423B806C4F84425C4F8E5
:10DDF00048354BBF4FF480734FF40073C4F80032C2
:10DE0000C4F800324CBF4FF480230223EB6001239F
:10DE10002362A7E7D5E90423C4F83425C4F83835CC
:10DE20004FF48053D8E76FF015089DE76A6902B98F
:10DE30006361DFF8CC904FF0010A3249204608F0C8
:10DE40007FF9810501D5C4F814A010EA090FF4D0B8
:10DE500096E70123A360002A92D16A6932B3DFF802
:10DE6000A0A019EA0A0F8BD12649204608F068F9CC
:10DE700010F4007F8146F4D04FF08071204608F006
:10DE80005FF9D4F8003208B19A0505D40122226264
:10DE9000626140B14FF00009DB05E2D54FF480210B
:10DEA000204608F04DF94FF00009DAE76361D6E744
:10DEB000D4F8C434C4F8C434002285F828206BB1E7
:10DEC0009A075ABF03F00108A8F18C086FF00D08FB
:10DED00013F0040F18BF6FF00A08E3E67B063FF566
:10DEE000E1AE291D204608F0E9F8002808BF6FF0D0
:10DEF0008B08D7E66FF00C08D4E600BF02029C0145
:10DF0000020004000202040070B5056886B0022118
:10DF10000446284608F014F94FF4007106462846D6
:10DF200008F00EF9D0B1D6B9E368C5F8083302237A
:10DF3000E360E368C5F804334FF08071284608F0C9
:10DF4000FFF818B1D5F800329B0502D401232B62EB
:10DF50006B61012384F8273006B070BDAEB3236A2D
:10DF60005E060AD494F827303BB9211D284608F0F4
:10DF7000A5F880F0010084F82700236A13F0040359
:10DF80003BD1C5F86031D5F86021C5F85C31D5F8D2
:10DF90005C3194F8293013B194F8273013B300237F
:10DFA000C5F80032E360314BC5F8083345F3073359
:10DFB000002B17DB5A09012103F01F03994002F1DE
:10DFC00060032B4A42F823100CE04FF480212846CE
:10DFD00008F0B6F894F82430002B2FD194F82930AB
:10DFE000002BDDD0A38CADF8043023690493636962
:10DFF0000293A3690593E3690393D5F8C434C5F884
:10E00000C43498072CD459072CD4DA072CD494F8AC
:10E0100027309B00DBB28DF8003094F829300BB923
:10E0200084F82830236A5B0703D594F82730002B47
:10E0300092D0D4E90131684698478DE74FF40073D8
:10E04000C5F8003240F20223E36003F1CE73C5F855
:10E050000833E368C5F804330123AB602B627BE728
:10E060000123D8E70223D6E70323D4E702029C0169
:10E0700000E100E0036803F01F025B09026004D0C6
:10E08000012B034818BF002070474FF0A040704795
:10E0900000030050F7B5064608F0C9F8084608F036
:10E0A000C6F801A80196FFF7E5FF019B00EB83008E
:10E0B0000C46D0F800372D49019440F20D650B4015
:10E0C0002B43C0F8003701A8FFF7D4FF019B00EBFA
:10E0D00083000127D0F800370B402B43C0F80037EE
:10E0E000042007F0C2FC092501A80194FFF7C2FF34
:10E0F000019AD0F81035D340DB0715D401A801965A
:10E10000FFF7B8FF019B07FA03F3C0F80C350420B2
:10E1100007F0ABFC304608F08AF8013D042007F018
:10E12000A4FC15F0FF05DFD101A80194FFF7A2FFC1
:10E13000019A01239340C0F80C35042007F095FCA8
:10E14000204608F074F8042007F08FFC01A8019421
:10E15000FFF790FF019AD0F81035D34013F0010F6C
:10E160000CBF6FF08B00002003B0F0BDF0F8FCFF97
:10E1700008B5124BA8220021184609F01DFC032205
:10E1800002610F4942610F4A8161C2614FF400523E
:10E190000262002282624262C26201660A494166EC
:10E1A00010218166094902670346C266426711F879
:10E1B000010D98540132102AF9D108BD1020002019
:10E1C00030C80200100000200000002045CB0200F3
:10E1D0002DE9F74FDFF88880182606FB008700FB43
:10E1E000066646447D6AD7F828C07368AC45814608
:10E1F0008B46144603EB050025D83B6AA3EB050AC2
:10E200000AF1FF3E724507D82C4409F0C7FB7C6237
:10E21000012003B0BDE8F08FE64472451ED8524697
:10E22000019309F0BBFB019B2C44E41A05D07068F4
:10E2300022460BEB0A0109F0B1FB182303FB098806
:10E24000C8F82440E4E70CF1FF3CACEB050C944526
:10E2500004D3254409F0A2FB7D62D9E70020D8E76A
:10E2600010200020F8B5144B182700FB07751D443B
:10E2700007FB00330E46DB6A012B14460AD0022B43
:10E2800014D023B9284607F0DFFF844208D90024C0
:10E290002046F8BD284607F0D7FF844228BF044631
:10E2A00022463146284607F0D8FFF1E72846BDE868
:10E2B000F84007F0EDBF00BF10200020F8B50B4B71
:10E2C0001B78532B04460E46174601D0FFF750FF2C
:10E2D00008F00DF83A46054631462046FFF7C2FFE2
:10E2E0000446284608F00BF82046F8BD1020002010
:10E2F000034B182202FB00339A6A586A801A70474F
:10E300001020002010B4084A08490023C85C12F805
:10E31000014D844204D10133102BF7D110BC70475A
:10E3200010BCFFF725BF00BF45CB02001020002026
:10E3300010B50446F3F7F2F90348044A012104F04A
:10E34000A4FE204608F007F85080020039C80200F9
:10E350002DE9F843044600AF0D46EFF31188402342
:10E3600083F31288BFF36F8F04282A4A98BF2A4B81
:10E370009668117C94BF53F82030284BE9468AB048
:10E380006A462748CDE9073140F20133ADF8243021
:10E39000244BCDE9050442F8103F234800234FF4F5
:10E3A0003151F3F789FACD4645B1EB69C3F3080360
:10E3B00023B11E4A1C48012104F067FE2EB13046ED
:10E3C00008F03EFA08B1037803B91948E9468AB063
:10E3D0006A46184B0790CDE9053640F20133ADF897
:10E3E0002030154B42F8103F00230F484FF41151D5
:10E3F000F3F762FA2946CD462046FFF799FF88F3E6
:10E400001188BFF36F8F3046F4F7C4FABD46BDE8FC
:10E41000F88300BFF05E0020208B020048C8020095
:10E4200056C8020005000001508002007EC80200AC
:10E430005DAD02009FC802000400000138B50A4B20
:10E4400053F82040013053F82050A54200D838BD81
:10E45000606830B1037EDB0701D407F059FF083450
:10E46000F3E723689847FAE7348B020070B52A4B2C
:10E470002A4C2B4D86B0012203201A70FFF7DEFFD5
:10E4800008F0A2FB0420FFF7D9FF2646AE4204F1B4
:10E4900030040FD300F0E2FE204CAC4226D300F053
:10E4A000F1FEEFF747FF1F4A938923F001039381A1
:10E4B00006B070BD54F80C3C059354F8103C04931E
:10E4C00054F8143C039354F8183C029354F81C3C41
:10E4D000019354F8203C009354E90A2354E90C01B9
:10E4E00000F0BCFC54F8303C5E65CEE7D4E90A236A
:10E4F000B3F1FF3F08BFB2F1FF3F05D052EA03017D
:10E50000206803D108F073FA3034C6E706491830A2
:10E5100001F0CCF8F8E700BF2F680020347E02003D
:10E52000347E0200D85600201D69020070B5002319
:10E5300086B00122CDE90423134E144D01930F221E
:10E54000CDE902321249142303FB005506EBC01635
:10E5500004464FF4C07000FB04110E4B00954FF4BD
:10E56000A072304600F07AFC337C0B4AEE6023F058
:10E57000040333744FF4046304FB033313442C7417
:10E580006B6006B070BD00BF58560020F05E0020E2
:10E59000008A002061640200C08100207FB5002055
:10E5A000FFF74CFF294B83F30888294C636943F438
:10E5B00000736361E02384F8223000252023E37791
:10E5C00025766576A57684F82050636A43F4E023C7
:10E5D000636284F82350F4F775F8F4F7C5F94FF047
:10E5E000FF33A362E362F4F7F5FAF4F73DFAF2F7CA
:10E5F000EFFF1848184C00F0A9FC0120FFF71EFFA0
:10E600000220FFF71BFF00F067FE144B14495C610A
:10E61000144B059301234FF40062CDE90353CDE978
:10E620000155114B0095204600F018FC237C06464E
:10E6300023F004032046237408F03CF92846FFF732
:10E6400075FF094A31462046F4F770F9008A002028
:10E6500000ED00E0F8570020D8560020F05E0020C2
:10E66000808B0020009102006DE4010038B5064C5B
:10E67000064DAC4201D3002038BDD4E9011220463A
:10E6800007F071FE1434F4E7782700207827002083
:10E6900038B5074C074DAC4201D3002038BD2046A9
:10E6A00007F085FE08B91C34F5E76FF01500F5E7B3
:10E6B000242700207827002073B50C46EFF3118142
:10E6C000402585F31288BFF36F8FC5685DB1256063
:10E6D0002B68C360836901338361002081F3118853
:10E6E000BFF36F8F11E052EA030603D125606FF08C
:10E6F0000B00F3E7CDE900230246083000F00CFDE3
:10E7000018B9034B9B685B69236002B070BD00BF02
:10E71000F05E00202DE9F341044617461E46EFF354
:10E720001188402383F31288BFF36F8F304BC26888
:10E730009B6872B18068984217D057EA060216D1DA
:10E7400088F31188BFF36F8F6FF00F0002B0BDE840
:10E75000F08193F90E1021610132C4E9023288F38D
:10E760001188BFF36F8F0020F0E72169F3E793F979
:10E770000E1090F90E30994230DA9942A8BF19462E
:10E7800007F079FE0546CDE900761A482246414653
:10E7900000F0C2FC0028E6D0EFF31186402383F39B
:10E7A0001288BFF36F8FA068D0B1236821699C42A3
:10E7B0000AD04BB193F90E309942A8BF19466FF0B9
:10E7C0007F039942B8BF194607F055FE40B109488A
:10E7D000314608F0C9F86FF00A00B7E70025D2E724
:10E7E000002DF4D186F31188BFF36F8FF3E700BFDC
:10E7F000F05E002030680020F8B583680546002BE5
:10E800003FD0234A926893423ED1C368012B03D97B
:10E81000013BC3600020F8BDEFF31187402383F371
:10E820001288BFF36F8F0169806807F024FE2C689F
:10E83000A54207D10023C5E9023387F31188BFF34E
:10E840006F8FE7E7002CF5D0D4E9003213605A60EF
:10E85000237C002623F002032374C4E90066A6602B
:10E8600004F1180008F01CF9AC6094F90E302B612B
:10E870002046A66708F01EF80648394608F074F8E6
:10E88000C8E76FF01500C6E74FF0FF30C3E700BFE1
:10E89000F05E00203068002037B51146EFF3118597
:10E8A000402282F31288BFF36F8F04689CB1236803
:10E8B000426823F003039442036008BF43600121D0
:10E8C000204607F05BFE044685F31188BFF36F8F87
:10E8D000204603B030BD51EA0302F5D000F1080232
:10E8E000CDE900131046294600F016FC0028EFD1B0
:10E8F000014B9B685C69EBE7F05E002070B5EFF3BD
:10E900001186402383F31288BFF36F8F0468A042FF
:10E910001AD0CCB1D4E9003213605A60237C0025B0
:10E9200023F002032374C4E90055A56004F1180024
:10E9300008F0B6F82046A56707F0BCFF3146084846
:10E94000BDE8704008F010B8D0E902329A4218BF12
:10E950000133836086F31188BFF36F8F70BD00BFF2
:10E960003068002013B5EFF31181402484F312883E
:10E97000BFF36F8F846844B1013C846081F31188D8
:10E98000BFF36F8F002002B010BD52EA030406D11E
:10E9900081F31188BFF36F8F6FF00F00F3E7CDE9BC
:10E9A00000230246014800F0B7FBECE73068002086
:10E9B00007B5074B0093074907484FF0FF334FF463
:10E9C000006200F06DF9002003B05DF804FB00BFA9
:10E9D0004C8B0200C0930020585700202DE9FF41C6
:10E9E000544E04464027EFF3118887F31288BFF393
:10E9F0006F8FD4F88450F5B9022104F19C0007F020
:10EA0000F6FD002870D004F194050022012128466B
:10EA100008F00DF80028F8D1002302934FF0FF32E0
:10EA20004FF0FF33CDE90023414604F18C02424808
:10EA300000F07CFDD7E7D4F888202B68C4F8843038
:10EA4000954208BFC4F88830D4F89C3043F00203E4
:10EA5000C4F89C30EB6823F0040343F00103EB603F
:10EA60006B6888F31188BFF36F8F28469847EFF3E0
:10EA7000118887F31288BFF36F8FEB68D80623F0F5
:10EA800001023ED4EA60EB689A0717D5306823F09C
:10EA90000203EB6090B10368002178B142689542AF
:10EAA0003DD10368002934D172683360904200D1AF
:10EAB0007360002340F8083BFFF720FFD4F89C3038
:10EAC00023F00203C4F89C30DB0530D4D4F8843042
:10EAD000003B18BF012388F31188BFF36F8F002B11
:10EAE00081D000F001FC7EE7D4F89C30D90693D5A4
:10EAF000C4F89C0088F31188BFF36F8F04B0BDE8A1
:10EB0000F08123F01103EB6005F11000FFF7F6FE32
:10EB1000B9E70B607368984208BF7160C9E70146A6
:10EB20001BB11A6818461346B7E71A46FAE70023DE
:10EB3000D1E700BF105F00203068002070B5C368C7
:10EB4000C3F340069B0705460C460DD50122002164
:10EB500004F1080007F03FFD00232360054B6560CA
:10EB60005A681AB9C3E90044304670BD14605C604D
:10EB7000FAE700BF105F0020F8B5C3689A070446A3
:10EB80000E46C3F3400542D45F0742D40B680BB96D
:10EB900083680B60E368D80744BFA36833603768B5
:10EBA0004CBF0225012557B31B4B9A68D7F880301C
:10EBB0009A421ED107F03BFE80F00100C0B2D7F8A8
:10EBC0009C30D907C3F380021CD5F2B1F8B1002301
:10EBD0002360D7F8883073B9C7E92144384607F075
:10EBE00021FDE36843F00403E3603368A360284633
:10EBF000F8BD0020E3E71C60C7F88840EEE76FF03F
:10EC0000150506E06FF0120503E01B07DFD56FF076
:10EC10000F0500233360EAE7F05E0020F8B5C36813
:10EC200003F00503002B06460C4614BF01270027FE
:10EC30001CD085680122002104F1100007F0CBFCF4
:10EC40001349204607F04FFDE36843F01003E360EB
:10EC5000F3685B0712D5336823606BB9D5F8883049
:10EC600033B9C5E92144284607F0DCFC3846F8BD35
:10EC70001C60C5F88840F6E73460F4E7D5F88430C6
:10EC80002360D5F88830C5F88440002BEBD1F0E73D
:10EC9000056602000146014807F041BD58570020B3
:10ECA000F0B589B004460020C4E921000E9D04F1AE
:10ECB0008C00C4E9230004F19400C4E9250055B395
:10ECC0002879002840F2011008BF0120C4F89C00F8
:10ECD00000204FF0FF364FF0FF37CDE90330CDE98C
:10ECE0000100CDE906670D4B0094204600F002F9C3
:10ECF00055B1296811B1204607F09FFD6B791BB112
:10ED0000A38943F00103A381204607F070FEC4F8F5
:10ED1000804009B0F0BD0120D8E700BFDDE9010067
:10ED200037B501900846EFF31184402181F3128832
:10ED3000BFF36F8FC16811F01E0F16D153EA0205A1
:10ED400008D101A9FFF718FF84F31188BFF36F8F73
:10ED500003B030BD41F00801C160019981620449EE
:10ED6000103000F0A3FC0120EEE70020ECE700BF2C
:10ED70009966020001460148FFF7D2BF58570020AC
:10ED8000F7B50C46019016461D46EFF31187402358
:10ED900083F31288BFF36F8F084607F034FC55EAFF
:10EDA000060309D101A92046FFF7E6FE87F3118883
:10EDB000BFF36F8F03B0F0BDE368074943F008036A
:10EDC000E360019BA36232462B4604F1100000F081
:10EDD0006DFC0120EAE700BF996602000146014888
:10EDE000FFF7CEBF585700202DE9F0410546EFF35D
:10EDF0001187402383F31288BFF36F8F0468A0420A
:10EE00001CD0DCB1204607F005FD04F1180007F026
:10EE100047FE0026B046C4F87880204607F04AFD39
:10EE20002C68A54206F1010610D07CB1204607F0FF
:10EE3000F1FC04F1180007F033FEECE787F31188CA
:10EE4000BFF36F8F00263046BDE8F0810248394697
:10EE500007F08AFDF7E700BF306800202DE9F04396
:10EE6000073285B022F007020E461F4610998181B5
:10EE700000F158037F32C0E916330446002322F024
:10EE80003F020421836001743F2A0F98A073C4E9F4
:10EE90000633E37306F14009A2F1400805D883F375
:10EEA0001188BFF36F8F084602DFB5182946204648
:10EEB000F3F7BCF907300E9B20F00700A066C4E909
:10EEC000189802930D9B01932D1A0C9B00932A46D0
:10EED0003B4631462046F3F7F7FC00236365044BBD
:10EEE0009B6803B1DB6EE366284605B0BDE8F0839E
:10EEF000F05E0020F0B587B000250595109D0495C3
:10EF00000F9D03950E9D0295DDE912760D9D0195ED
:10EF10000C9D00950446FFF7A1FFB6F1FF3F08BF27
:10EF2000B7F1FF3F05D056EA070305D1204607F0A9
:10EF30005EFD204607B0F0BD3A46334604F11800A6
:10EF4000014900F0B3FBF4E71D69020001230374DB
:10EF500083810023C0E91833C366014B9860704772
:10EF6000F05E0020094A93686FF00A01996708492A
:10EF700058674B6843F080534B60002383F311883C
:10EF8000BFF36F8F9368986F704700BFF05E0020EB
:10EF900000ED00E070B590F91020037C002A2FDB13
:10EFA000D9062DD11A4C63F07F032246037452F820
:10EFB000183FE169934207D1C0E900210860E06190
:10EFC0000FE09942F8D01B68002BF5D093F90E6042
:10EFD00090F90E50AE42F4DD5968C0E90031086086
:10EFE0005860A569954200D005B9E568A3681A7C08
:10EFF000D20606D1DA897F2A03D9AA690AB96361E0
:10F0000070BDAB4202D0284600F0D2FA6561F7E746
:10F01000F05E002038B590F91020037C002A0146EC
:10F0200004DA03F07F03037407F00CFC0D4D2A464D
:10F03000AB6852F8184F944200D004B9EC688B4288
:10F0400007D01A7CD20604D1DA897F2A01D9A269B5
:10F050002AB1A34202D0204600F0AAFA23466B61EF
:10F0600038BD00BFF05E0020B3F1FF3F08BFB2F132
:10F07000FF3F03D00249183000F018BB704700BFB3
:10F080001D690200034648B9EFF3058232B9064A0A
:10F0900051699268914201D0FFF764BF83F31188F0
:10F0A000BFF36F8F704700BFF05E002038B5184C7B
:10F0B000A168E0690B68814214BF1A4600224968C2
:10F0C0000B605960A368E1692AB9124AC3E90021BB
:10F0D0000B60E3610AE092F90E5093F90E0085424D
:10F0E00012DD5168C3E900210B605360A569094B2B
:10F0F0009D4200D005B9E568A3689D4202D028462C
:10F1000000F056FA656138BD8A42DED01268DBE74E
:10F11000F05E0020085F0020F8B50E4B0C4611464B
:10F120000D4A98681060DDE90667EFF3118240220E
:10F1300082F31288BFF36F8F9D68284607F094FB17
:10F14000284632463B46FFF78FFF2046BDE8F84091
:10F15000FFF708BFF05E0020185F0020F8B50446F6
:10F16000EFF31187402383F31288BFF36F8F037C83
:10F1700003F01F02002A0CBF0126002649B235D138
:10F1800003F07F03037407F05DFB294D037C81735B
:10F1900063F07F032A46037452F8183FE8699342EC
:10F1A00007D1C4E900200460EC610DE09842F8D07A
:10F1B0001B68002BF5D093F90EC08C45F6DD59681D
:10F1C000C4E900310C605C60AC69944200D004B9C1
:10F1D000EC68AB689C4202D0204600F0E9F96C6113
:10F1E00087F31188BFF36F8F3046F8BD9B071CD59E
:10F1F000856807F027FB81732B689D4209D16B68F6
:10F20000C4E900531C606C60EAE76A689A42F6D071
:10F210001B68002BF3D093F90E208A42F5DD5A6863
:10F22000C4E9003214605C60DAE78173D8E700BF9C
:10F23000F05E0020034648B9EFF3058232B9064A72
:10F2400051699268914201D0FFF78CBE83F3118817
:10F25000BFF36F8F704700BFF05E0020EFF31181A6
:10F26000402383F31288BFF36F8F054B9A68D37BDB
:10F27000013BD37381F31188BFF36F8F704700BFD9
:10F28000F05E002070B5EFF31186402383F31288FF
:10F29000BFF36F8F0F4DAB68DA7B0132DA732A460A
:10F2A00052F8184F944200D004B9EC681A7CD20688
:10F2B00004D1DA897F2A01D9A2692AB19C4202D0FD
:10F2C000204600F075F923466B613046BDE870407A
:10F2D000FFF7D8BEF05E0020024B03F11802C3E92D
:10F2E00006227047F05E002070B5EFF311864023D0
:10F2F00083F31288BFF36F8F1A4CA168E0690B6823
:10F30000814214BF1A46002249680B605960A36805
:10F31000E1692AB9144AC3E900210B60E3610AE0FC
:10F3200092F90E5093F90E00854216DD5168C3E93B
:10F3300000210B605360A5690B4B9D4200D005B9BD
:10F34000E568A3689D4202D0284600F031F9656166
:10F350003046BDE87040FFF705BE8A42DAD0126839
:10F36000D7E700BFF05E0020085F0020F8B550EA44
:10F37000010306460C4603D1FFF7B6FF0020F8BD97
:10F38000EFF31187402383F31288BFF36F8F124D81
:10F39000124BA8681860FFF73DFEA8681049234685
:10F3A0003246183000F082F9AA68137C43F0040357
:10F3B000137404463846FFF7D5FDAB68D3E90A233A
:10F3C000B3F1004F08BF002AD8D107F09EFB201AE6
:10F3D00020EAE070D3E700BFF05E0020185F002055
:10F3E0001D690200014B9868704700BFF05E002065
:10F3F0002DE9F84304468789EFF31186402383F310
:10F400001288BFF36F8F037C190705D586F3118827
:10F41000BFF36F8FBDE8F883D90943F008026FD1BD
:10F420000274A36813B1204607F014FA04F118001F
:10F4300007F036FBA56D04F15808A84511D04FF030
:10F44000000975B1284607F005FA05F1180007F024
:10F4500027FBC5F878902846FFF79CFDA56DA845C9
:10F46000EFD1DFF8BC80D8F808309C4250D1EFF3E0
:10F470000589B9F1000918BF4FF00109D8F81850F3
:10F48000284A954200D00DB9D8F80C50AB4202D0B2
:10F49000284600F08DF82046C8F8145003F0DBFE33
:10F4A000B9F1000F02D02048FFF750FDD8F808301E
:10F4B0009C4230D1EFF305836BBBA289D20711D5F3
:10F4C00086F31188BFF36F8F83F31188BFF36F8FBB
:10F4D0000423184602DFEFF31186402383F31288DA
:10F4E000BFF36F8F3046FFF73DFDFB0792D500233A
:10F4F00083F31188BFF36F8F0423184602DF89E777
:10F5000003F07F0343F00803037407F09BF988E7D7
:10F510004FF00009B2E786F31188BFF36F8FE4E77D
:10F52000F05E0020085F0020F8570020D3B5DDE929
:10F530000667089CCDE90067FFF7EEFD1CB1034BA1
:10F540009B685B69236002B0D0BD00BFF05E002005
:10F55000027C12F01F02034610D10A4988420DD0E6
:10F560000949086868B1D9897F2909D893F90E201B
:10F57000064B1B689A42B8BF0020704700207047B6
:10F580001046704758560020582600201C5F002067
:10F59000044BC01A044BC0105843044B01221A54A8
:10F5A000704700BF78580020ABAAAAAA3068002094
:10F5B00070B50C4B0C4D1E7CFFF7CAFF182303FBE4
:10F5C00006550446284607F06BFA084B00229A5568
:10F5D0003CB1621E28460649BDE87040D31700F0D2
:10F5E00065B870BDF05E00207858002030680020BB
:10F5F00091F5010038B5EFF31185402383F31288AC
:10F60000BFF36F8F0F4B104A9C681068A04206D161
:10F61000FFF7CEFF85F31188BFF36F8F38BD002150
:10F620001B7C1160094AD35C002BF3D02046FFF706
:10F630008FFF0028EED0237CDB0601D1FFF736FDDB
:10F640002046E5E7F05E0020185F002030680020CB
:10F65000024B1868984208BF002070475C260020C3
:10F66000034B1B680BB9FCF709BE0020704700BFB5
:10F67000205F002030B570B10B4B5B6898420AD018
:10F68000036843B1D3E90421D0E90445121941EBE1
:10F690000501C3E90421D0E9003213605A60002358
:10F6A000C0E9003330BD00BF5C260020B3F1FF3F4E
:10F6B00008BFB2F1FF3F2DE9F84F044699461546C1
:10F6C0001F467AD08160EFF31188402383F31288BC
:10F6D000BFF36F8FB9F1000FDFF8E4A020DBFFF775
:10F6E000BFFFDAE90027013549F100092D1849EB80
:10F6F000E073C4E90453AD18064643EB07074FF027
:10F700000109FFF7A5FFDFF8BCE0DEF804A003461F
:10F71000EBB9C4E900EACAF80040CEF8044028E09A
:10F72000DAE900126FF001035B1A4FF0FF3161EB71
:10F7300002025B1B62EB0902012B72F10001BCBFEC
:10F7400001230022C0E904324FF00009D9E7D3E9D0
:10F75000041CD4E904208A4270EB0C0B24DA891AC9
:10F760005A686CEB0000C3E90410C4E9003214606D
:10F770005C60FFF76DFF84420ED1134B1B685BB9D1
:10F78000B9F1000F02D1FFF76BFF0646304607F0D4
:10F7900070F90021FCF744FD88F31188BFF36F8FE7
:10F7A00028463946BDE8F88F521A60EB0C005345E5
:10F7B000C4E90420ADD01B68AAE700252F46EFE777
:10F7C000905800205C260020205F00202DE9F047A3
:10F7D000DFF8A890DFF8A880C9F800000246FFF71C
:10F7E00037FF0D4600260027D8E900134FEAE27ED6
:10F7F00050B1D0E9044CA2427EEB0C0A1BDAA41AE9
:10F800006CEB0E06C0E9044652184FF0000443EBBF
:10F810000E032046C8E90023C9F8004007F029F983
:10F820002146FCF7FDFC85F31188BFF36F8FBDE81F
:10F83000F047FFF7DFBE611843EBE473C0E90467EC
:10F84000C8E90013FFF716FF01224FF00043C0E99B
:10F85000042385F31188BFF36F8F83689847EFF314
:10F860001185402383F31288BFF36F8FD9F80020EE
:10F87000121BC9F80020FFF7EBFEB5E7205F002060
:10F880009058002010B5EFF31184402383F31288C1
:10F89000BFF36F8FFFF7E4FE054A0346D2E900018C
:10F8A000181841EBE37184F31188BFF36F8F10BD1B
:10F8B00090580020F8B50446EFF31187402383F3F6
:10F8C0001288BFF36F8FD0E90423B3F1004F08BF54
:10F8D000012A04D087F31188BFF36F8FF8BDD0E9F8
:10F8E0000A566A1C46F10003022A73F1000334D35E
:10F8F000013D46F1FF36002EBCBF00252E4607F025
:10F9000008F9013041F10001401946EB01010128DD
:10F9100071F1000147DB07F0FCF8013041F1000113
:10F920006FF00203401946EB010183426FF0004380
:10F930008B413DDB07F0EDF8013041F100016FF044
:10F940000102401946EB0103121A4FF0FF3161EB3F
:10F95000030319492046FFF7A9FE236B01332363F4
:10F96000236A63B187F31188BFF36F8F20469847EE
:10F97000EFF31187402383F31288BFF36F8F54F89E
:10F98000185FA542A6D0002DA4D0284606F0A1FFFE
:10F990000023AB6787F31188BFF36F8F2846BDE85C
:10F9A000F84006F087BF6FF001024FF0FF33D0E759
:10F9B00000224FF00043CCE7B5F801002DE9F041FB
:10F9C00005461C4690461F46EFF31186402383F3FD
:10F9D0001288BFF36F8FB4F1FF3F08BFB2F1FF3F52
:10F9E00005D186F31188BFF36F8FBDE8F081002C3D
:10F9F00009DB012A74F10003BCBF0122002412F1CB
:10FA0000FF3844F1FF37284607F04AF8DDE90601E0
:10FA10000023C5E90A012B6342463B4628460249BA
:10FA2000FFF744FEDDE700BFB5F8010070B50546FD
:10FA3000EFF31184402686F31288BFF36F8F07F02F
:10FA40002FF820B184F31188BFF36F8F70BD6B6AFC
:10FA500063B184F31188BFF36F8F6B6A28469847B0
:10FA6000EFF3118486F31288BFF36F8F05F118004E
:10FA700006F064FF0028E5D006F01CFF214602488E
:10FA8000BDE8704006F070BF31680020F8B5074649
:10FA90000C46164606F0CBFE08B10020F8BD0D4B13
:10FAA0009B68DD6E002DF8D0221DF6D2EFF3118495
:10FAB000402383F31288BFF36F8F47F00401284679
:10FAC000B04784F31188BFF36F8F0028E5D040F86A
:10FAD000045BE3E7F05E00200146024A0020FFF7E6
:10FAE000D5BF00BF7527020001680E4A9142034648
:10FAF00015D1C169A2F11022A2F1EF1291420ED1EB
:10FB00008268012A0BD8C26812B101698A4206D004
:10FB1000586928B19B691B1A584258417047012007
:10FB2000704700BF55AA00FF70B50E4B9E68B6B176
:10FB30003046FFF7D9FF044618B9F3687BB9356939
:10FB40000DB9204670BD2846FFF7CEFF28B9EB68F7
:10FB5000B34204D12E462D69F2E70446F1E70124B1
:10FB6000EFE700BF245F00202DE9F041404D06463D
:10FB70006869884607F02CF818B100242046BDE8D3
:10FB8000F0812C68DCB1AC68CCB1002E6AD0B8F141
:10FB9000000F69D008FB06F7B7FBF6F6B04565D154
:10FBA000391D63D8BA0710D027F003020432EC687D
:10FBB00003E0616891420AD2A469002CF9D1686916
:10FBC00007F00CF80028D9D0D7E73A46EFE7D4F889
:10FBD00008C0BCF1000F02D0012007F0F5FE891A21
:10FBE000232904F120061CD80123A360D4E90523AE
:10FBF000AAB19361A3690BB162695A610023C4E998
:10FC000005332B69DB0703D5FFF78EFF0028E3D10F
:10FC10003A4600213046344607F0CEFECFE7EB608F
:10FC2000E8E702F1200023182039C3E9011CDC6059
:10FC30002169DFF840C0196144F800C00E48D8615E
:10FC400001B1CB6061695961A069986141B18B6173
:10FC5000996901B14B610121C4E901212361CDE71B
:10FC6000EB60F5E73446AAE74446A8E70446A6E772
:10FC7000245F002055AA00FF669911EE70B5424E30
:10FC80000546706906F0A4FF00287BD1002D5FD0E7
:10FC90003368002B5CD0B268002A59D09D4203D350
:10FCA000726813449D4202D3012007F08DFEA5F136
:10FCB00020042046FFF718FF0028F5D155F8183C1E
:10FCC000012BF1D155F8143C45F8180CC3B19A68D2
:10FCD000002A42D155F81C2C02F120015A680A442E
:10FCE0005A6055E905321A6155F8145C2B6903B165
:10FCF000DD6020462022002107F05EFE23462C46D0
:10FD00002069002836D08268002A33D163684268AF
:10FD100020331344636003692361D4E90523F2B9F6
:10FD200023BB436963618269A2610BB39C61A369D0
:10FD300003B15C61236903B1DC602022002107F07C
:10FD40003BFE33699B0703D5FFF7EEFE0028ABD1DE
:10FD50007069BDE8704006F041BF0023D0E79361B1
:10FD6000A369002BDDD062695A61DAE7F360F7E737
:10FD7000F460DCE7002BE4D1F368A36103B15C61BC
:10FD8000F460DEE770BD00BF245F002070B5174E41
:10FD900014220C4605460021304607F00DFE14489B
:10FDA000706106F012FF1349134800F035F8232C58
:10FDB0001BD915F003031FBF043CE418C3F104036F
:10FDC000ED1822460021284607F0F6FDC6E900544A
:10FDD000203CB5606C60B368084A1A60B368F36091
:10FDE000A2F11022A2F1EF12DA6170BD245F0020AF
:10FDF000642600207DFC010069FB010055AA00FF7C
:10FE0000014B1B68184700BFC8260020014B1B6828
:10FE1000184700BFC4260020024B1860024B002088
:10FE200019607047C8260020C426002010B50A4675
:10FE3000044619B1024B00211B68984710BD00BF52
:10FE4000588B02000E4B0340B3F1607F06D1B1F531
:10FE5000885F0CBF00206FF086007047B3F1707FA1
:10FE60000BD101F4E043B3F5005F06D111F4E06F6C
:10FE700014BF00206FF0860070476FF08600704757
:10FE80000000C07F8A42F8B506460D4600F00A81A0
:10FE900001F0FE41B1F1C06F61D1884C22F4FF71D5
:10FEA00021F00101A14222F0FF0014D004F5885492
:10FEB000A04210D022F47F7626F00306A4F57064E9
:10FEC000A64208D004F5A064A04204D004F57454FE
:10FED000A14240F0EB80D1B2784E19B922F4806192
:10FEE000B14224D125F4FF7424F00104B44225F07A
:10FEF000FF0112D0724EB1420FD025F47F7727F068
:10FF00000307A6F57066B74207D006F5A066B142B2
:10FF100003D006F57456B44209D115F0FF0406D09B
:10FF2000684E44F00074B44204BF02460D468BB1E3
:10FF300022F4FF7323F00103B3F1062F06D0624BC6
:10FF400022F4FF6121F00701994203D122F480726B
:10FF500025F48075954214BF00200120F8BDB1F151
:10FF6000A06F16D102F0FE43B3F1A06F40F088807D
:10FF700082EA050333F47E1340F0828028047FD5A3
:10FF8000C5F30540C2F3054290428CBF002001201A
:10FF9000E4E74E4B9D4209D1A3F500439A4200F09D
:10FFA00081804B4B22F47E109842D4E7B1F1407F20
:10FFB00060D102F0FE43B3F1407F5BD182EA0500DD
:10FFC00030F47E1456D131462846FFF73BFF002817
:10FFD0006AD1404912F47C1701EA020113D0B1F151
:10FFE000607FC2F3054333D1D1B241F0007101F11A
:10FFF0007E410339122901D83748445C15F47C1F2F
:020000022000DC
:100000002DD19C42A7E7B1F1607F0AD1D3B243F072
:10001000007303F17E43033B122B4BD82F49CB5C7B
:10002000E2E7B1F1707F17D106F4E043B3F5005F6A
:1000300042D1C6F3022101238B4006F4E041B1F521
:10004000005FDBD1C6F30226012000FA06F4D5E7F3
:10005000B1F1707FD2D1F0E700242346CEE71FB97B
:10006000C5F30541A1421DD0290403D5C5F30540C0
:1000700098428AE71A4B9D4202D1B2F1082F6AE7F3
:1000800025F0004323F47F03B3F1106F0CD102F08D
:10009000FE43B3F1106F07D11248104040F01060DA
:1000A000A84258E7012059E7002057E7002B7FF4CA
:1000B00046AF4FE7002397E70023BEE700020006A4
:1000C00000130006FF000002004000060093C00479
:1000D000000140050000C07F46CB020046CB020075
:1000E0000002C0030000FFF670B505460F480E463B
:1000F00006F06EFD044618B16FF08F04204670BD07
:100100006B6933602B7F012B0ABF022330602B7792
:10011000064818BF6FF0960406F060FD0028EDD089
:10012000002CE9D06FF09604E8E700BFAC26002071
:1001300038B50C4C0C4806F04BFD65780A4806F0C3
:100140004DFD0A4806F044FD022D08D12478E31F36
:100150005C425C41054806F041FD204638BD002464
:10016000F8E700BF3C5F00207C260020942600209A
:100170002DE9F047894615461C4600F0C3FC0646AB
:10018000002851D1D9F80070B7F800A00AF4E04374
:10019000B3F5804FBB6808BF25F0010535EA0303BE
:1001A0003AD1002C40D0B5F5006F40D0A5F50052F3
:1001B00055425541284A24F4FF7323F0010393422A
:1001C00013D0264924F0FF028A420ED024F47F7017
:1001D00020F00300A1F57061884206D001F5A0610E
:1001E0008A4202D01E4A934223D114F0FF0304D066
:1001F0001C4A43F00073934222D0F9682B462246F2
:100200005046FFF73FFE804670B939692B462246BB
:100210005046FFF737FEE0B96FF084060023C9F8B7
:100220000030384600F0A6FC3046BDE8F0870125D6
:10023000C0E704F0FE43B3F1407F04D12304DCD5D2
:100240006FF08606EAE7B3F1A06FF7D0054B9C424A
:10025000D2E74646E8E700BF0002000600130006AA
:1002600000460006FF00000238B500F0FE43B3F17F
:10027000407F04460D4602D06FF0860038BDFFF780
:10028000E1FD0028F8D114F47C1F18D0C4F3054315
:10029000032B137022D9224A2240B2F1607F31D160
:1002A000E4B244F0007404F17E44033C122CE3D821
:1002B0001C4A125D9342DFD8202BDFD90EE0184B89
:1002C0002340B3F1607F0FD1E3B243F0007303F139
:1002D0007E43033B122B04D9002313706FF085007B
:1002E000CCE71149CB5CD3E7B3F1707FF4D101F4D3
:1002F000E043B3F5005FEFD1C1F3022101238B404E
:10030000DBB2C5E7B2F1707FB6D105F4E042B2F5D9
:10031000005FB1D1C5F302250122AA40CAE700BFA0
:100320000000C07F46CB020046CB02002DE9F3411E
:100330004768D0F81480044638460E4606F04BFF56
:100340000546E8B9FFB22FB9B8F1000F05D06FF03C
:10035000860515E0B8F1000FF9D0A36823F0031368
:1003600023F47F43002BF2D162884FF6F8739A4250
:1003700028D81648277906F02BFC28B16FF08F0596
:10038000284602B0BDE8F08107B901A8314600F067
:1003900069FB05460D4806F021FC10B1002DEFD198
:1003A000ECE7002DECD10FCCD6F800C066460FC6A6
:1003B00094E8070086E80700002FE1D1019BCCF804
:1003C0001430DDE76FF08505DAE700BFAC260020CA
:1003D00010B5044650B1064806F0FAFB204606F078
:1003E0002EFDBDE81040024806F0F8BB10BD00BF6E
:1003F000AC26002013B5044610B301A900F082FB1F
:100400000446E8B9194806F0E3FB0346019853B1E6
:10041000002406F0CBFE002818BF0446134806F05F
:10042000DDFB68B109E0037F032B11D106F0BEFEAE
:1004300004460E4806F0D2FB28B10CB96FF08F04C9
:10044000204602B010BD002C08BF6FF08704F7E70C
:10045000022B07D1032303770379FF2BD8D16FF049
:100460008404D6E76FF09604D3E700BFAC260020E3
:100470002DE9F0411E4688B090460022038805927F
:1004800005460F46CDF81C803260B8F1000F65D0EC
:10049000B8F1005F80F0A18023F0FF03B3F5E24FD5
:1004A00002D0B3F5824F25D1284606F0A6FB0446BC
:1004B000002840F08680EB6883B16A8872B12B888F
:1004C00003F44F41B1F5824F02D0B1F5884F05D109
:1004D000DBB2222B36D02CD8122B38D03A4608EB80
:1004E0000701002312F8010B8A4243EA0003F9D105
:1004F000002B33D005A92846FFF718FF0446A0B902
:10050000059B9B6A6BB3059B5A88069206AA0292CA
:1005100003F1280201929A6A00925B6A42463946C8
:10052000284606F08AFE044680B30598FFF750FF80
:1005300047E0273BDBB21B2BD0D8294921FA03F334
:10054000DB07CBD50732B8EBD20FC7D206E040F2BB
:1005500009239A42F6D1B8F1400FBFD86FF0860454
:100560002FE06B681B0A07D10799059806F027FC56
:1005700004460028C7D0D8E707AB4246394628468C
:1005800006F033FE04460028EED0CEE70599069B20
:100590004A88D2B94B80069A4FF6F8739A4219D816
:1005A0002B88059813B102889A4210D16B8813B139
:1005B00042889A420BD13146FFF796FD0446002847
:1005C000B3D1204608B0BDE8F0819A42E3D06FF085
:1005D0008604AAE76FF08504A7E76FF08504F0E7CB
:1005E0000102000C38B504460D46FFF7A1FD30B1FD
:1005F0002A4621460348BDE8384006F0C5BE6FF0E4
:10060000880038BD405F002073B5002203880A606F
:100610000092428804460D46002A00F0FF800288BE
:1006200002F4E042B2F5804F00F0F88023F0FF03BF
:10063000B3F5E24F02D0B3F5824F04D1204606F065
:10064000DCFA0646D0B969462046FFF76FFE06463B
:1006500060BB009B9B6AA3B10099204601F128036F
:10066000D1E9091206F0CBFD06460098002E40F0B5
:10067000D2802946FFF738FD0646B8B9304602B0A9
:1006800070BD63681B0A40F0BD802288618802F457
:10069000E043B3F5805F0DD0B3F5005F0AD002F4FC
:1006A0004F40B0F5824F1ED06FF085060098FFF7DF
:1006B0008FFEE3E7104606F053FB06460028F5D10F
:1006C00047F201039A4220D14B080133DB0803EBC8
:1006D000C3033B330193DDE9000106F070FB0646DE
:1006E0000028B9D0E2E7B3F5E04FDDD147F20103CE
:1006F0009A42E9D022F0FF03B3F5884F15D1CB1D04
:10070000DB0803EB43030133E4E744F201039A42BD
:1007100002D1CB081033DDE722F0FF03B3F5E84F39
:10072000EAD1CB1DDB085B00D4E7B3F5EE4F67D011
:10073000B3F58E4F02D1CB1DDB08CBE702F44F405F
:10074000B0F5824F02D0B0F5884F06D1D0B2422822
:1007500001D1CB08D7E74128EDD0B3F5E24FEAD07D
:10076000B3F5824F03D1CB1DDB085B00CBE744F22E
:100770000D039A4224D844F201039A42DBD9A2F530
:100780008042023A0B2AD6D801A353F822F000BFC8
:10079000D507020037070200E10702003707020011
:1007A00037070200E9070200F107020037070200DD
:1007B00037070200F907020037070200F9070200B5
:1007C00047F202039A421BD047F204039A42B2D185
:1007D00040237FE74B094FF4A0725343203379E75E
:1007E0000B0A4FF4C072F8E7CB1DDB08183371E732
:1007F000CB1DDB081C336DE7CB1DDB08023392E712
:10080000202367E701A9204606F0F4FC06460028ED
:100810003FF461AF4AE706F007FB47E76FF0860653
:100820002CE700BF10B51C4C1C4806F0D1F923780A
:10083000590744BF03F0FB0323709A0705D500F066
:10084000F7F8237823F002032370144806F0C6F962
:10085000134806F0BDF9637813B1124806F096FD0F
:1008600000234FF4AC710F486370FFF7DFFA0C48B8
:1008700006F0B4F9094806F0ABF92378DB0705D593
:1008800006F0B2FC237823F001032370BDE810408A
:10089000024806F0A3B900BF3C5F00209426002068
:1008A0007C260020405F002070B5FFF741FC10B1AE
:1008B0000024204670BD344806F08AF9044620B171
:1008C0006FF08F04FFF7AEFFF3E7304D2B789E07F4
:1008D00006D400F0A5F82B7843F0020304462B70F1
:1008E000294806F07BF910B1002CE9D0EAE7002C8A
:1008F000E8D1254806F06CF904460028E0D12B78B1
:10090000D80706D406F06EFC2B7843F001030446AA
:100910002B701D4806F062F90028E5D1002CD1D1DA
:10092000194806F055F90028CAD117482E7806F064
:1009300055F90028C4D1164806F04AF904460028A3
:10094000BED16B783BB9F10705D5124806F01AFD08
:10095000022304466B700E4806F040F90028C3D10C
:10096000002CAFD1084806F033F90028A8D12B7825
:1009700005485A075CBF43F004032B7006F02EF9BC
:10098000002895D09CE700BF942600203C5F002003
:100990007C260020405F002000F140420F2A30B545
:1009A0000CD81D4B2C2404FB02331A7F022A02D1DF
:1009B0005A69824224D06FF08B001AE0441E6FF017
:1009C00040439C420ED2144A00241346157F022D48
:1009D00002D15569854210D00134102C02F12C024D
:1009E000F4D1E8E70D4BA2F580529A42EBD96FF0B3
:1009F000870030BD6FF09600FBE72C2202FB04332A
:100A00001A7F022AF6D11A6A501CF3D001321A62F8
:100A100000200B60EDE700BF98600020FFDFFF3F84
:100A2000024B012283F8C02200207047986000200A
:100A30002DE9F0410A4C002526464FF00108032716
:100A4000C4F8208027772046013506F0F8F9102DEC
:100A500004F12C04F4D1002386F8C032BDE8F08103
:100A600098600020F8B5244D064624480F4606F04D
:100A7000AFF895F8C042214806F0B0F8002C34D009
:100A800000242B462246197FF9B13CB9022905D131
:100A9000196A19B91979002918BF1C460132102AA0
:100AA00003F12C03EFD114B96FF08C000BE0237F1E
:100AB000022B04D1236A5A1C1CBF01332362204637
:100AC00006F0BDF910B100240DE01C46237F7BB970
:100AD0000123237736B10A4B651BAD105D4305F149
:100AE0008045356000203C60F8BD6FF08800EAE783
:100AF0006FF09600E7E700BF986000209426002082
:100B0000A38B2EBA002370B50B60044616480D4621
:100B100006F05EF8154B144893F8C06206F05EF8D4
:100B2000FEB1134806F054F8064618B16FF08F0472
:100B3000204670BD20462946FFF72EFF10F18C0F8E
:100B4000044607D00A4806F049F80028F0D0002CE7
:100B5000EED1EBE706482E6006F040F86FF0870410
:100B6000E6E76FF08804E3E7942600209860002011
:100B7000AC26002010B50446084806F029F840B914
:100B8000204606F013FB0446044806F027F810B18F
:100B90000CB96FF08F04204610BD00BFAC260020BA
:100BA00070B40A4E4568DCB244F00074B4424FEAB7
:100BB000152503D035B970BC00F0CCB86FF08500B6
:100BC00070BC70476FF08600FAE700BF05000002B6
:100BD000F7B5089E0D4FF5B2044645F0007548681C
:100BE000BD424FEA10200AD060B9009604F1080017
:100BF00000F07CF808B91C23236003B0F0BD6FF04F
:100C00008500FAE76FF08600F7E700BF05000002F5
:100C1000F7B5089E0D4FF5B2044645F000754868DB
:100C2000BD424FEA10200AD060B9009604F10800D6
:100C300006F0ABFC08B91C23236003B0F0BD6FF0D5
:100C40008500FAE76FF08600F7E700BF05000002B5
:100C50002DE9F0414FF6FF749C4228BF1C460D461B
:100C60001FFA84F81646AAB1A1B19BB10B4F3846C2
:100C700005F066FB18B96FF09200BDE8F081BB6823
:100C800042461B683146384698470028F3D1E400B5
:100C90002C60F2E76FF08600EFE700BF287C0200CF
:100CA0007FB50024C0F848410F4C0094054606F07B
:100CB0001AFB044698B903AB102205F59C76019304
:100CC0000092334605F59471284606F01FFB044652
:100CD00028B9304606F088FB204604B070BD28468F
:100CE00006F020FBF8E700BF004440042DE9F04186
:100CF0001E46069B1746154A23F47E13934204466C
:100D00000D461BD10B88B3F5105F17D1A6F1100269
:100D1000102A17D80E4BD340DB0713D54FF4A67219
:100D2000002106F049FE022384F84C313A4633464E
:100D300029462046BDE8F041FFF7B2BF6FF08500BD
:100D4000BDE8F0816FF08600FAE700BF0002C00343
:100D5000010101002DE9F04323F47E16124BDDF86A
:100D60002C909E42DDE9077CDDE909E815D1038876
:100D7000B3F5105F11D1A2F11004102C11D80B4D56
:100D800025FA04F4E3070CD5CDE90989CDE907CEAE
:100D90003B46BDE8F04306F0CFBB6FF08500BDE8F1
:100DA000F0836FF08600FAE70002C0030101010042
:100DB00073B50C4611461A462388069EB3F5105F9C
:100DC000054619D1A2F11004102C12D80C4BE340A7
:100DD000DB070ED50B4B9E420ED100240094234618
:100DE00000F0A0F885F81C41C5F81861204602B053
:100DF00070BD6FF08600FAE76FF08500F7E700BF7F
:100E000001010100004440042DE9F04116461F464F
:100E1000D0F818210E4B9A420546884611D131462A
:100E200000F0A0F8069B984204460DD833462846A9
:100E30004246394600F0A4F8079B00201C60BDE83C
:100E4000F0816FF08500FAE76FF08900F7E700BFE7
:100E50000044400430B58BB0044618220D4604A867
:100E6000002106F0A9FD4FF41053ADF80C302046D8
:100E70004FF48073ADF80E30059306F053FA4FF43B
:100E800094720021204606F097FD0B4B00932A46F2
:100E9000202303A9204606F026FA50B905F12003C5
:100EA00004F59474303553F8042B44F8042BAB420A
:100EB000F9D10BB030BD00BF0044400470B5184EEE
:100EC000049C4588B34202D06FF0850070BDEE1DD2
:100ED000B2EBD60F4FEAD60302D06FF08600F5E7EB
:100EE000079A934218D8089A1360008847F21212A2
:100EF0009042E9D1059A5B0001339342EDD123780A
:100F0000042BEAD1B5F5807FDED10698621C00F093
:100F100067F90028DAD0E0E76FF08900D6E700BF74
:100F200000000209F8B5069F04461D4661B1164649
:100F3000AFB9DFF7E5FA002384F8116184F81031C6
:100F400084F8127184F8133145B11022294604F156
:100F5000F00006F023FD012384F81331F8BDDFF71C
:100F600063FCE8E751B190F8103190F812210B447E
:100F700002F001029B1A23F00F00704708467047E9
:100F80002DE9F04F044687B090F8120194F81091C3
:100F90000090002B55D0924600F00108C9F11002D4
:100FA0001E4608EB0203B34204F5807700F2C480CA
:100FB0000D46002A40F0B380009B002B6AD194F8C4
:100FC000133104F1F009C846002B40F0C18094F8B9
:100FD0001131224639464846DFF73EF90F2E40F2DE
:100FE000CE80A6F1100323F00F031033019305EB1D
:100FF000030BD04694F813C1102341464A463846A5
:10100000BCF1000F20D0DFF741FE102249462846F0
:1010100006F0C4FC103594F8113122463946484692
:10102000DFF71AF95D4508F11008E3D116F00F0655
:1010300021D184F81061C84610224146584606F076
:10104000ADFC07B0BDE8F08F102206F0A7FC10221F
:101050004946284606F0A2FC103594F81131224684
:1010600039464846DFF7F8F8AB4508F11008C1D11A
:1010700016F00F06DDD0019B9A44514638463246A1
:1010800006F08CFC009B84F81061002B7DD00DF1E4
:101090000808D1E794F811312246394602A8DFF753
:1010A00071FA94F81331002B5BD1B8F1000F0CBF2B
:1010B0004FF010094FF011094E4529D304F1F00803
:1010C00001E04E4524D3514610223846924406F0A2
:1010D00065FC102202A9284606F060FC94F8113144
:1010E0002246394602A8DFF74DFA94F81331103E34
:1010F0001035002BE5D002A9084642461023DFF741
:10110000C5FD10223946404606F048FC4E45DAD26D
:101110002EBB84F81061AB460DF108088CE75146F0
:1011200007EB0900924406F039FC009B103E4E4448
:10113000002B3FF444AFADE707EB090051463246C0
:1011400006F02CFCB14484F8109107B0BDE8F08F94
:1011500010234A4639463846DFF798FD37E7AB4655
:101160008BE702A904F1F0094A4608461023DFF78D
:101170008DFD48461022394606F010FC95E7002EFA
:10118000EDD184F81061AB4656E704F1F00952E75F
:1011900000B589B00146684600F03CF809B05DF83A
:1011A00004FB00BF00B591B00146684600F06AF943
:1011B00011B05DF804FB00BF30B599B00546684634
:1011C00000F028F86946044608A800F053FA08A978
:1011D0000443284600F08AF9204619B030BD00BF0C
:1011E00070B598B005466846164600F013F83146CB
:1011F000044608A800F046F908A96A4604430846D0
:1012000000F082F908A90443284600F06DF9204651
:1012100018B070BD70B50B68124E1BBAC3614B6835
:101220001BBA83618B681BBA4361CB681BBA03612D
:101230000B691BBAC3604B691BBA83608B691BBA0D
:101240004360CB691BBA3246036001460446DFF7B0
:101250000DFB3146054602462046DFF727FB681E98
:1012600070BD00BF5C8B02002DE9F04188B00C46D8
:10127000064602F12001684606F120079046DFF796
:10128000EFFD6A4669466846DFF70CFD6946384659
:10129000DFF7E6FD3A463946384604F12005DFF728
:1012A00001FD6A4669466846DFF7FCFC4146284670
:1012B000DFF7D6FD6A4641463046DFF7B9FD2A46DC
:1012C00029466846DFF7EEFC2A4669466846DFF79E
:1012D000E9FC124A69466846DFF7E4FC69462046A5
:1012E000DFF7BEFD324621462046DFF719FD3246C4
:1012F00021462046DFF714FD224631462846DFF717
:101300000FFD6A4629462846DFF792FD3A462946F0
:101310002846DFF705FD08B0BDE8F0813C8C0200EF
:10132000F0B599B004460D460A4601466846DFF717
:10133000F7FC69466846DFF793FD6A46214608A830
:1013400005F1200604F12007DFF772FD6A46294601
:101350006846DFF76DFD3246394610A8DFF7A2FC7C
:10136000324639463046DFF7DBFC31462846DFF7A8
:1013700077FD6A4608A92046DFF794FC22462946F5
:101380002846DFF7CDFC6A4608A96846DFF7C8FCA7
:101390006A4639463846DFF74BFD2A4608A96846B3
:1013A000DFF7BEFC6A4631463046DFF741FD3A467C
:1013B00031463046DFF7B4FC10A96846DFF750FD30
:1013C000224669462046DFF7ABFC08A922460846BC
:1013D000DFF7A6FC10A908AA0846DFF729FD3A4660
:1013E00010A93846DFF79CFC19B0F0BD2DE9F0419B
:1013F00088B00C46054690460A4601466846DFF727
:101400008FFC69466846DFF72BFD6A462946284669
:1014100004F12006DFF70CFD05F120076A4621469E
:101420006846DFF705FD324639463046DFF778FC7F
:1014300031462046DFF714FD2A4621462046DFF7D5
:101440006FFC6A4621462046DFF76AFC6A46294659
:101450004046DFF765FC424639463846DFF7E8FC90
:10146000224629466846DFF75BFC6A46314630462D
:10147000DFF7DEFC3A4631463046DFF751FC08B074
:10148000BDE8F08170B500F1200690B00D4604462D
:1014900000F014F905F12001304600F00FF9214663
:1014A00008A8DFF7DDFC08A908460D4ADFF7FAFBBC
:1014B00008A922460846DFF7BBFC08A9094A0846E6
:1014C000DFF7F0FB31466846DFF7CAFC20226946A9
:1014D0000DEB0200DFF7B8FB013810B070BD00BFA4
:1014E0003C8C02001C8C020000F002B938B50446A6
:1014F0000D4600F0FDF805F1200104F12000BDE8E3
:10150000384000F0F5B800BF2DE9F0471346B8B0F9
:10151000544A89468046194610A8DFF7A7F9524970
:10152000024610A8DFF7C2F9179E4E4900EAD676A8
:101530000746C6F1010210A8DFF7B8F9179B4A4623
:101540006FEA030A28A918A8FFF78EFE4FEADA7A95
:1015500020A9CAF10102084600F092F8C7F101077C
:10156000FE246A4618A928A8FFF740FF631138AA8D
:1015700002EB830304F01F0253F8A03CD34055460E
:1015800003F0010A8AEA05052A4628A918A8DFF708
:10159000E9F92A4630A920A8DFF7E4F9013C28A997
:1015A00018A8FFF7BDFE631CDBD1CAF1010220A918
:1015B00008A800F065F886EA0A066A4618A928A86D
:1015C000FFF714FF28A9324618A8DFF7CBF93246F7
:1015D00030A920A8DFF7C6F908A96A460846DFF750
:1015E00027FC08A9084600F09DF808A908F1200486
:1015F00009F120020846DFF71BFC20A908AA2046B3
:10160000DFF716FC08AA18A96846DFF711FC69463F
:101610006846DFF725FC18AA694608A8DFF708FC2A
:1016200021466846DFF71CFC08AA69461046DFF72A
:1016300077FB0E4A08A96846DFF772FB2046202197
:10164000DFF716FB08A9024644426846DFF78AF92D
:101650004046074A6946DFF7EBFB3C43204638B07B
:10166000BDE8F0879C8B0200BC8B02001C8C020042
:101670007C8B02000A460149FFF746BFDC8B020063
:1016800070B588B004460D461646002120226846F3
:1016900006F092F90023294620222046009306F006
:1016A0007DF92A4669466846DFF73AFB32466946C5
:1016B0002046DFF757F908B070BD00BF0B681BBAB2
:1016C000C3614B681BBA83618B681BBA4361CB68EB
:1016D0001BBA03610B691BBAC3604B691BBA8360F9
:1016E0008B691BBA4360CB691BBA0360704700BFAC
:1016F000CB691BBA03608B691BBA43604B691BBA89
:1017000083600B691BBAC360CB681BBA03618B682B
:101710001BBA43614B681BBA83610B681BBAC36178
:10172000704700BF70B598B00D46064610A8DFF7A9
:1017300097FB2A4610A96846DFF77AFB694610A88E
:10174000DFF78EFB10A90846DFF78AFB6A4610A96F
:1017500008A8DFF76DFB08A910A8DFF781FB10A927
:101760000846DFF77DFB10A90846DFF779FB10A9D3
:101770000846DFF775FB10A908AA0846DFF758FBF3
:1017800010A90846DFF76CFB10A90846DFF768FBD5
:1017900010A96A4608A8DFF74BFB052408A910A882
:1017A000DFF75EFB10A90846DFF75AFB013C10A9E2
:1017B000F5D108AA0846DFF73BFB052410A9084627
:1017C000DFF74EFB10A90846DFF74AFB013CF5D1D5
:1017D00010A908AA0846DFF72BFB10A908A8DFF715
:1017E0003FFB08A90846DFF73BFB08A96A466846A5
:1017F000DFF71EFB1024694610A8DFF731FB10A9A4
:101800000846DFF72DFB013C10A9F5D12A46084612
:10181000DFF70EFB402410A90846DFF721FB10A9D3
:101820000846DFF71DFB013CF5D110A96A460846C2
:10183000DFF7FEFA102410A90846DFF711FB10A904
:101840000846DFF70DFB013CF5D110A96A460846B2
:10185000DFF7EEFA102410A90846DFF701FB10A904
:101860000846DFF7FDFA013CF5D110A908AA0846A1
:10187000DFF7DEFA2A4610A93046DFF7D9FA18B0AA
:1018800070BD00BFF8B50E4B1D68AB789B070646D0
:1018900012D56F6816F8014B29462CB90A20B847B3
:1018A000002805DB204609E02046B8470028F1DA89
:1018B000AB7843F00403AB704FF0FF30F8BD00BFCE
:1018C000DC8602000CB430B58BB004460D462022F5
:1018D000002102A806F070F802238DF80A30002DCE
:1018E0000C4B0393069412DB01D06B1E1C440FAA11
:1018F0000E99079402A8019200F00EF815B1069B0C
:1019000000221A700BB0BDE8304002B070470024CE
:10191000EDE700BFE37A02002DE9F04F8BB043689A
:10192000009383789C078046924640F1F980002519
:101930000878002800F0F68025280AD04B1C019377
:1019400001354146009B98470028C0F2E380019989
:10195000EEE74E788B1C252E0193F1D00027B94677
:101960003C460A221F2C22D8A6F12003102B20D897
:10197000DFE803F0141F1F1A1F1F1F0B1F1F1F126A
:101980001F171F1F090044F00104019B13F8016B8E
:101990000193002EE6D13AE044F0020444F004043E
:1019A000F3E744F00804F0E744F01004EDE77F2C7F
:1019B00024D8A6F13003092B08D860064EBF02FBDD
:1019C000073702FB093944F02004DEE72A2E0DD147
:1019D00061065AF8043B53D4002BA7BF44F02004FF
:1019E0009946C3F1000944F02804CEE72E2E05D114
:1019F000630600F1978044F04004C6E76C2E2ED0B9
:101A000028D8682E32D06A2E37D04C2E35D0002FF1
:101A100046F02003B8BF24F04004A3F16502BCBF28
:101A2000A4B20027022A01D9612B2BD10AF1070A9F
:101A30002AF0070A9C4E0AF1080A0727210760D5F9
:101A400006EB070B34465C455DD1AE1BA219A9EB32
:101A5000070959E1742E98D07A2E96D0D7E726063A
:101A600048BF44F4007444F080048EE7E00548BFAA
:101A700044F4007444F4807487E744F4207484E7E9
:101A80001F4682E7A6F16302122A00F2D880DFE83F
:101A900012F013004D00D600D600D600D6004D003F
:101AA000D600D600D600D600D600E800D100D60079
:101AB000D6001A00D600A0005AF8043B8DF810306A
:101AC000012704AEBAE75AF8046B784B002E08BF22
:101AD0001E4614F0400F14BF39464FF0FF31304618
:101AE00005F09CFF0746A9E7009B41462020984748
:101AF00000280FDB013CA742F6D34D442D1BA14625
:101B00009EE74C46F7E714F8010B009B41469847C7
:101B1000002898DA98F8023043F0040388F802307D
:101B20004FF0FF3528460BB0BDE8F08F220630D5C8
:101B3000A3052AD50AF1070A2AF007039A4659682D
:101B40005AF8080B24F0100B00291FFA8BFB2FDA30
:101B5000404261EB41014BF4806B04AC0A23224606
:101B600005F068FF1BF0400FA0EB040200F08E8030
:101B70002BF001049742A4B240F38F80002E40F076
:101B80008E802BF01104A4B21DE05AF8040BC1178B
:101B9000D8E7E0055AF8041B01D40846F7E7A20588
:101BA0004BBF48B208B241F3C01141F3C031C9E79D
:101BB00050EA0103D1D16306CFD5002FCDD124F057
:101BC0001104A4B23A463B4640F206410C4262D1AF
:101BD00024E024F01004A4B20A2314F0800243D0BD
:101BE00014F400711FBF0AF1070A2AF00702924697
:101BF000516814BF5AF8080B5AF8040B50EA010256
:101C00003ED124F0160B62061FFA8BFB3CD5002F49
:101C10003AD124F01704A4B23A463B4621075AD4DD
:101C2000E10705D5994572DDA9EB03039F184B46E3
:101C30009B464AE044F0100410237826CDE7782B29
:101C400004D1C6F1780343F01003C6E7009B414678
:101C5000252098470028FFF65DAF02354146304603
:101C600070E608230026B8E714F480715AF8040BD4
:101C7000C4D014F400711ABFC0B2114680B2BDE7DF
:101C800024F006041FFA84FB04AC68E713465C46A4
:101C9000E10699D52EB90133C0E71346F8E73B4674
:101CA000F6E70233BAE700BF29C9020022C90200E1
:101CB000CDE902324146009B202098470028FFF6DC
:101CC00029AFDDE902320BF1010BD945F0DCEB1A4B
:101CD00003EB0B055B46E10627D5CDE90232414611
:101CE000009B302098470028FFF614AFDDE9023250
:101CF0007EB901352F44791B8A4229DB144604AE94
:101D00009CBB2A44A9EB03091546914442E01746BF
:101D10008EE7CDE90232023541463046009B9847B6
:101D20000028DDE90232E5DAF4E640F206410C4231
:101D3000E0D014F0020F14BF2B20202014F4806F89
:101D4000CDE9023205F10105414618BF2D20E5E736
:101D5000CDE902324146009B302098470028DDE95A
:101D6000023205F10105C6DAD4E6013CCDE90232C2
:101D7000305D009B414698470028DDE90232BFDA1A
:101D8000C8E6009B414620209847002805F1010540
:101D9000FFF6C0AEA9EB0503002BF2DCD7E500BFD0
:101DA00038B5044C044DAC4200D138BD54F8043D64
:101DB0009847F8E70000000000000000704708B5F1
:101DC00004F0A7FE4FF47A72A0FB020302FB01317C
:101DD000C00B40EA4140C90B08BD0023EFF76CBDC2
:101DE000014640F2E73008B54FF47A72002300EB69
:101DF000C130490CE8F7DAFCBDE8084004F0DEBD6C
:101E0000F0B40C2707FB0214866814F8045C45F054
:101E1000020504F8045CB468A446F0BC604700B551
:101E200089B00DF1070302930123CDE905238DF855
:101E300007100393002107238DF810108DF81C3034
:101E400002220379006802A9FFF7DAFF09B05DF802
:101E500004FB1FB502238DF800108DF801200293BA
:101E60008DF80C30012203790068CDF804D001A967
:101E7000FFF7C6FF05B05DF804FB38B502220D215F
:101E80000546FFF7E6FF0446E8B90246202128464A
:101E9000FFF7DFFF224621212846FFF7DAFF22461F
:101EA00022212846FFF7D5FF224623212846FFF7A7
:101EB000D0FF224624212846FFF7CBFF22462521CA
:101EC0002846FFF7C6FF204638BDF8B50E46174630
:101ED0000D2102220446FFF7BCFF054600283CD135
:101EE0000B2211212046FFF7B4FF88221221204641
:101EF000FFF7AFFF2A462A212046FFF7AAFF012E4F
:101F00000CBF3A46002223212046FFF7A2FF022EF3
:101F10000CBF3A46002224212046FFF79AFF032EE9
:101F20000CBF3A46002225212046FFF792FF324699
:101F300020212046FFF78DFF2A4621212046FFF76A
:101F400088FF2A4622212046FFF783FF2A462046A3
:101F50000D21BDE8F840FFF77CBFF8BDF8B50E468F
:101F600017460D2102220446FFF773FF054600289D
:101F700057D10B2211212046FFF76BFF8822122137
:101F80002046FFF766FF3F222A212046FFF761FF28
:101F9000012E4FF0FF3218BF0022D2B2232120467B
:101FA000FFF757FF022E4FF0FF3218BF0022D2B2C8
:101FB00024212046FFF74DFF032E4FF0FF3218BFBC
:101FC0000022D2B225212046FFF743FF32462021CE
:101FD0002046FFF73EFF2A4621212046FFF739FF22
:101FE0002A4622212046FFF734FF2A460D212046AB
:101FF000FFF72FFF0546A0B927EAE776294640F20A
:10200000E7304FF400454FF47A720023E6FB0501F8
:10201000E8F7CCFB04F0D2FC2046BDE8F840FFF71F
:102020002CBF2846F8BD07B507210DF10702FFF7C1
:10203000F6FE30B99DF907309DF80700002BB8BFB8
:10204000802003B05DF804FBF0B5E9B00823074633
:102050000E4615468DF80730FFF7E5FF00280DF115
:10206000070422DD85424FF00103A8BF0546039314
:1020700000238DF810302BB203EB430306930723A4
:1020800002948DF81C3008AC3B7938680594022224
:1020900002A9FFF7B5FE40B92346314606EB85009D
:1020A000814203F1030302D1284669B0F0BD13F861
:1020B000022C13F8034C120242EA044213F8014CBA
:1020C000224341F8042BEBE770B590F8444088B008
:1020D0004CB300F12401A200684605F05FFC6A469B
:1020E0000121CBB29C4207D8640808AB03EB8404FF
:1020F00054F8200C08B070BD013B55685BB2104627
:1021000050F80469AE4204D9013B5BB286605E1CA4
:10211000F6D101335BB208A800EB8303013143F829
:10212000205C0432DDE72046E4E738B504460D467E
:102130004C22002105F040FC256038BDC068704786
:10214000406870470346007E30B1586843F69723D5
:102150009842D4BF0020012070472DE9F04FC36999
:1021600090F818B003F1010A85B004461746C0F88C
:102170001CA0BBF1000F0FD1C0E9011BC0E904BBDB
:10218000012303762FB94FF00008404605B0BDE8A3
:10219000F08F00233B80F6E74368CA1A03EBA213D3
:1021A00043F697229342436005DC0023A0F84430B5
:1021B00003624376E6E785680668BAFBF6F2C91A59
:1021C000491B436905EBA10501698560AB42B8BFB6
:1021D0002B46A942A8BF294606FB12A24361016112
:1021E0003AB9C2685B1A9B1AC0E9045502EB630254
:1021F000C26094F84420E1684FF03C09012A09FBD1
:1022000006F94FF0DC03B9FBF3F313D92046CDE90F
:1022100002230191FFF758FF039B4FF0060CDDE905
:1022200001120CFB00F04FF00A0CB0FBFCF08342F3
:1022300038BF034694F81980B8F1000F61D10A2025
:1022400091FBF0F0854263DD282905DC0023A4F82A
:1022500044304FF0000825E001216176216AF9B190
:10226000AAEB01018B421BD8B9FBF1F9A9F11E09B8
:10227000B9F1BE0F14D894F8453004EB8300013354
:10228000416203F0070384F84530A36C072A98BF26
:10229000013203F1010398BF84F84420A364D846B7
:1022A000C4F820A0002F3FF470AF2046FFF70CFFCA
:1022B00094F844C0BCF1030F2DD900B328250022A7
:1022C0004543203411464FF0640E54F8043F9842C1
:1022D00034BF1B1AC31A0EFB03F3AB4201F1010119
:1022E00098BF0132C9B298BFD2B28C45EDD1032A52
:1022F00011D94FF416735E43B6FBF0F6B0B23880D6
:1023000043E7142391FBF3F39D42BCBF00236376A4
:1023100028299BDD9DE70020F1E783681B681847AB
:1023200013B50C46836801A95B68984730B9019BD7
:102330000120A0401840003818BF012002B010BD95
:10234000F0B40C2707FB0214866814F8045C45F00F
:10235000020504F8045CB468A446F0BC60471FB5ED
:10236000CDE9011202228DF80C2001A90122FFF70C
:10237000E7FF05B05DF804FB00F087BE0023EFF730
:102380009BBA00B589B08DF807200DF107020292C3
:10239000059301220A9B03920693002207238DF8DE
:1023A00010208DF81C3002220B4602A9FFF7C8FF4F
:1023B00009B05DF804FBF0B406698768336801244E
:1023C0008C4023EA040333603B6822F48012F0BCA3
:1023D000184710B54FF4004C20EAE074002140F299
:1023E000E7304FF47A720023E4FB0C01E8F7DEF9E2
:1023F000BDE8104004F0E2BA30B589B000210C25E8
:10240000142203A80224ADF8061005F0D5FA0DF148
:1024100006030DEB05000593069404948DF81C50FB
:10242000ECF76CFD58B9BDF9063002932A4602ABB1
:1024300021464FF4E170ECF72FFD00B9029809B086
:1024400030BD41F2670398420ADC40F6E44398420B
:1024500008DD0923A0F6E440B0FBF3F0C0B27047FA
:10246000642070470020704770B586B006460D4660
:10247000144600211822684605F09EFA694600209D
:10248000CDE90165ADF80C40F6F720FD06B070BD52
:10249000BFF35B8F50E8003F40E80012002AF9D1FB
:1024A000BFF35B8F704708B50246EDF7BFFD20B163
:1024B000BDE808401046EFF7A1BD08BD642828BF5D
:1024C0006420EFF7F5BD13B50622044669462820BF
:1024D000EDF7CEFE40B9BDF800302380BDF80230E4
:1024E0006380BDF80430A38002B010BD07B5684614
:1024F000FFF7E9FF00283CD1BDF800304FF4FA6245
:1025000013FB02F3002BBCBF03F5FF437F33DA1349
:10251000BDF802304FF4FA6113FB01F3002BBCBF8E
:1025200003F5FF437F33D913BDF804304FF4FA604D
:1025300013FB00F3002BBCBF03F5FF437F3349437C
:1025400002FB0212DB1303FB03234FF080429A428B
:1025500004D8002022B903B05DF804FB9208F6E726
:10256000811899424FEA50009CBF80185B1A92086C
:10257000F0E76FF00400EEE707B501220DF1070167
:102580001D20EDF775FE01220DF107014520EDF745
:102590006FFE03B05DF804FB00EBC100408840080B
:1025A0007047F8B50346FFF7F7FFB0FA80F0C0F1C7
:1025B0001F0003EB800CCA00DCF81060171D0C46EE
:1025C00006328DB256B9012101FA00F0D9680143F3
:1025D000D960CCF81040DD539D52F8BDF1000431B4
:1025E000585AD85303EBC0009E52C5805D52F4E7A1
:1025F00010B500EBC104E3888B4202F104010AD15B
:10260000012303FA02F2C36823EA0203C360002332
:1026100040F8213010BDA28840F8213000EBC20103
:1026200000EBC300CB808280F4E708B50346FFF7D8
:10263000B3FFB0FA80F2C2F11F021846BDE80840AD
:10264000FFF7D6BF2DE9F843B1FA81F3C3F11F02BA
:1026500000EB82090646D9F810700D4687B9C3F120
:1026600020034FF0FF349C40F3681C4014D094FAD0
:10267000A4F2B2FA82F2131D56F82340214608E074
:102680003C464FF0030821463046FFF785FF854260
:1026900005D83046FFF7ACFF2046BDE8F88306EBCF
:1026A000C404B8F10108E488C9F81040D7D0BC428E
:1026B000E9D1D4E738B50446FFF76EFF0D4603466F
:1026C00011462046FFF768FF03449BB204EBC505A3
:1026D0005A006A802046FFF75FFF014424F831303A
:1026E00038BD70B50446FFF757FF0B4604EBC30532
:1026F000511A9B1A89B203444E009BB204EBC200EC
:102700006E805D00458024F8321020461146FFF7A8
:1027100043FF014424F8313070BD70B509B9002081
:1027200070BD056801F007030B33CC0804EBD3043C
:10273000AB689C4228BF1C4621462846FFF782FF13
:1027400006460028EBD001462846FFF725FFA042A9
:1027500007D932192846FFF7C4FF11462846FFF76C
:1027600020FF05EBC6021046538843F00103538057
:102770000430D5E71146FFF7D0BF043A2DE9F843FE
:10278000CC1D114424F0070421F00706A6EB040831
:102790004FEAD807B7FA87F2C2F12405AD004FF02F
:1027A00000090735C2F12002ED0804604946A76020
:1027B000C4F80C90920004F1100005F0FDF8AAB2E4
:1027C000530043F0010363807B1B9BB204EBC50104
:1027D0005800A4F80090488024F83520A6F802900C
:1027E00024F8083004EBC70329465A8842F0010256
:1027F0005A802046BDE8F843FFF7D3BE2DE9F047E5
:1028000006460D46174698462BB398F8004093F8B5
:102810000190DB78A40004EB430498F802301C44D8
:1028200044444FF0000ACA4509D3D8F8042008F1FF
:10283000080339463046AC46BDE8F047604714F817
:10284000013B48F823402046EBF793F8013004445D
:102850000AF1010AE7E76FF01500BDE8F08730B52F
:1028600002460024002012F8013B43B178B18C42AB
:1028700007D1702B04D0A3F140053A2D07D80020D2
:1028800030BDA3F140053A2D01D80134EAE7252BEC
:1028900008BF80F00100E6E70020704700F072BB3F
:1028A0000FB407B504A951F8040B019100F06AFBBD
:1028B00003B05DF804EB04B070470FB407B504A98A
:1028C00051F8040B0191FFF7E9FF03B05DF804EB49
:1028D00004B0704710B50369024613F0080009D12F
:1028E0001368D4689C4297BF126AE31AD31A012076
:1028F0000B6010BD00231846FAE713B501A9044682
:10290000FFF7E8FF20B1019BE268013B134401930C
:10291000206A019BC01A013802B010BD10B50446F0
:1029200050182269236AD20702D5013B184010BD16
:10293000984228BFC01AFAE710B504460A46C16893
:10294000FFF7ECFF2369E06023F00803236110BD6B
:1029500038B50D46C2698B00016843F0020342F8A6
:102960002130044601682A46FFF7D8FFE368616812
:102970002060984202BF236943F0080323612A467E
:102980002046FFF7CBFF606038BD2DE9F74FD0F848
:102990000CB0C669009216F82B2002F00302022A3E
:1029A00008BF56F82B209A4606EB8B030F4601937F
:1029B0004FF00001009B0CBFC2F39D0989461960CE
:1029C0000446CAF80010B9F1000F07D04946FFF7D6
:1029D000B3FFE368A3604FF0010804E001698A07D0
:1029E00005D44FF00008404603B0BDE8F08F816980
:1029F00006EB8B00884716F82B1011F001080546EE
:102A0000EFD08B071DD51FB139462046FFF7A0FF39
:102A100061682A462046FFF781FFD4E902138B4202
:102A2000606007D12A462046FFF778FF4FF0000884
:102A30000146A0602369216043F00803E16023613F
:102A4000D1E701462046FFF777FFE168A1601FB19B
:102A50002068E16941F82090EA19CAF8002021684D
:102A60002046FFF75BFF2269206042F008022261E6
:102A700016F82B2022F0010206F82B20DDE90032A7
:102A80001A60A8E770B504461546FFF747FF2368AC
:102A9000834205D12369216023F00803236170BDBF
:102AA000E269AB0043F0020342F82130204661683E
:102AB0002A46FFF733FF6060F1E738B503695B072B
:102AC000044606D5456AFFF718FF85422CBF6562AC
:102AD000606238BD38B50D4604461C22002104F062
:102AE0006BFFEB68A361AB6863612B68E3616B68A4
:102AF0002362002262622A6923B1591E194208BF6B
:102B000042F001022261012204F128000021BDE807
:102B1000384003F060BD2DE9F04F9846036A87B056
:102B200000258B4204460E46934603950595AA461A
:102B300038D3EFF31189402383F31288BFF36F8FEB
:102B4000059A2AB129462046FFF79CFF00230593EA
:102B500004A92046FFF7BEFE0499B14207462AD3D6
:102B60002268E36913F8221021F0030103F8221010
:102B700003EB820A216832462046FFF7CFFEE36866
:102B80002060984212D0002789F31188BFF36F8F1D
:102B9000039929B162690AB1204690470023039343
:102BA000002FC6D1504607B0BDE8F08F236943F02F
:102BB00008032361E7E718B12046FFF7C9FEE3E702
:102BC0005BEA08031CD0019103F031FE0199B8B90A
:102BD000B9F1000F14D189F31188BFF36F8F5A46F2
:102BE000434604F12800FBF7BDFEEFF311894023B3
:102BF00083F31288BFF36F8FB0FA80F77F09C3E7C2
:102C000005AB03AA20462568FFF7BFFE0746BBE7D2
:102C100070B50446836908460D4698470246EFF3AF
:102C20001186402383F31288BFF36F8F2B7843F014
:102C300001032B7061682046FFF770FE606020463C
:102C4000FFF73BFF86F31188BFF36F8F70BD2DE94F
:102C5000F843044600274026EFF3118586F31288D7
:102C6000BFF36F8F2369A268190702D46368934288
:102C700000D2236A9B1A002B42D0E06910F8221080
:102C800011F0030300EB82093AD0022B04D150F873
:102C900022305FEA930805D1CB0720D4A3694846C8
:102CA00098478046A16842462046FFF737FE012735
:102CB000A06041462046FFF73FFE3B4685F3118862
:102CC000BFF36F8F002BC7D137B1B9F1000F03D11C
:102CD00004F12800FBF712FE4846BDE8F88341F0F6
:102CE000020100F822104846A369D4F808809847EA
:102CF000414602462046FFF711FE0023A060DDE7B3
:102D00009946DBE7F8B50446836908460D469847BF
:102D10000646EFF31187402383F31288BFF36F8FCA
:102D20002B7823F001032B7023699B0705D5E268FC
:102D3000E36903EB82039D421AD12B7823F002034F
:102D40002B70D4E90231994204D132462046FFF774
:102D5000E5FDA06031462046FFF7EEFD87F31188C0
:102D6000BFF36F8F04F12800BDE8F840FBF7C6BD44
:102D70002B6860F39F032B60F0E7EFF31181402392
:102D800083F31288BFF36F8F02698368120702D43E
:102D900042689A4200D2026AD31A81F31188BFF3C3
:102DA0006F8F181E18BF01207047038B13F00703A5
:102DB00006D10368002B18BF032008BF002070470E
:102DC000022B05D1408BB0FA80F04009800070479B
:102DD000012B04D10368002B18BF0520EDE700206C
:102DE000704710B50C4600B111B96FF0150010BD59
:102DF000081D00F087F80028F9D1A368032BF6D945
:102E0000F3E72DE9F0410D4607461946281D904687
:102E10001E4600F088F8044638B13346424629463B
:102E20003846A446BDE8F0416047BDE8F08110B4E3
:102E3000EFF31182402484F31288BFF36F8F416156
:102E400010BC0121EEF7A4B938B50C46054658B1BF
:102E500051B10B6843B14B6833B11C22002104F01F
:102E6000ABFD2C61002038BD6FF01500FBE7F8B515
:102E700004460E46FFF7B5FF051E3BDBEFF311825C
:102E8000402383F31288BFF36F8F638B278B4FF63A
:102E9000FF718B4207F007072ED0062F2FD8DFE8EF
:102EA00007F0182E082E180418006FF0850500236F
:102EB00003E0013363830225012382F31188BFF30A
:102EC0006F8FBBB100233A4631462046FFF799FF8A
:102ED00010E000233360636823B9C4E9006627B1BA
:102EE0003D46E4E71E606660F9E702212046EEF702
:102EF0004FF93D462846F8BD6FF00A05D7E76FF059
:102F00000405D4E7034658B1426802F00302012ADF
:102F100003D0032A04D1026812B1002098607047E0
:102F20006FF0150070474268816002F00302032AC7
:102F30004FF0000203460CBF006810465A6070470D
:102F4000704703785B075FBF03684288C3F34A2377
:102F500003EB12105DBF173020F00700800800203F
:102F600070470020704702F09CBC0346BFF35B8FA4
:102F700053E8000F421C43E800210029F8D1BFF3B9
:102F80005B8F70471FB50023CDE90201CDE9003307
:102F90001A4619461846EEF70FFD05B05DF804FB1A
:102FA0000120EEF7BBBA002070474368DA7143682E
:102FB0001960436801225A71EEF7A2BA70B515463E
:102FC0000C4669B1D2E901369B1B99420AD81368B5
:102FD0000A460146981904F0E1FCAB682344AB6053
:102FE000204670BD6FF01B00FBE770B50E4615461E
:102FF0001946044618B9BDE87040EEF78FBA33B1F0
:10300000C2F34A231030120D184404F0C7FCC4E97F
:1030100000562046BDE87040EEF72EBC2DE9F34186
:103020005F1C4FEA8708064608F1170020F00700EA
:1030300080080C461546EEF7F3FA0023ADF805308C
:103040008DF807308DF8047068B10346019A43F893
:10305000102FA8F104012A46294452F8045B43F8D2
:10306000045F8A42F9D1A20102F4E07242EA4822E6
:1030700022F07F4222F47002002322F03F02314608
:1030800002B0BDE8F041FFF7B0BF07B501230192E0
:1030900001AAFFF7C3FF03B05DF804FB07B5CDE954
:1030A000002302236A46FFF7B9FF03B05DF804FB73
:1030B0001FB5CDE90123069B039301AA0323FFF764
:1030C000ADFF05B05DF804FBF8B506460D461446A5
:1030D0001F4604B9F8BD214628463A46B047241A8F
:1030E0000544F6E710B5426881680446D2E900233A
:1030F0000068FFF7E9FF636800221A6010BD38B569
:103100004B681A68CB689A4205460C4602D10846BD
:10311000FFF7E8FF6368BFF35B8F53E8002F511C94
:1031200043E800100028F8D1BFF35B8FA3689D54DB
:10313000002038BD0A2838B504460D4602D10D20BE
:10314000FFF7DDFF29462046FFF7D9FF002038BDF5
:103150002DE9F043054689B008460E8891F80090A5
:10316000D1F808800C461746EEF778FC011EC6F32E
:103170008216C9F3C2091FDB4846EEF78FFB0346F0
:103180002146608851F8102B0296C2F34A22002A89
:1031900001EB0204C0F30B1008BF00210022CDE9AF
:1031A0000507CDE90314CDE9002241462846EEF794
:1031B00081FC09B0BDE8F0830023E1E7F0B587B0FA
:1031C0001F4604460D46164600F0D2FA022302932B
:1031D0000DF116030193BDF83030ADF816000093E1
:1031E00032463B462946204601F04EFC07B0F0BD72
:1031F0002DE9FF411F460D4616460446F0F7CAFE6C
:103200008046EAF7B6FBBDF82830009380B2CDE9DE
:1032100001803B4632462946204601F035FC04B089
:10322000BDE8F0810020704704F0C6BB04F0B6BBD7
:1032300001460068EEF79ABF08B5EEF7F3FFBDE868
:103240000840EFF797BB0A460121FFF71EBF002198
:103250000120EEF78BBF6FF08500704761B662B654
:1032600080F31188BFF36F8F704772B6002383F32A
:103270001188BFF36F8FBFF34F8F30BF62B6BFF3BC
:103280006F8F704772B6002383F31188BFF36F8F7F
:10329000BFF34F8F20BF80F31188BFF36F8F62B6EB
:1032A0007047202809D9B0F1004F08D80138B0FA8A
:1032B00080F0C0F11F0040007047082070473E209A
:1032C000704708B5D1E904319847002008BD08B51A
:1032D000EFF76EFD002008BD7047002303824369AD
:1032E000C3607047C1698968EFF7CEBDEFF3118203
:1032F000402383F31288BFF36F8F00230B60436872
:1033000033B9C0E9001182F31188BFF36F8F7047A2
:1033100019604160F7E710B50346EFF311814022D1
:1033200082F31288BFF36F8F006828B15C6802686F
:103330001A60A04208BF5A6081F31188BFF36F8FF3
:1033400010BD027A013202727047034618465B686C
:10335000002BFBD17047426810B52AB10B461C46C2
:103360005B68002BFBD16260416010BD10B5044664
:1033700020B90B7A01330B72084610BD034618467C
:103380005B68002BFBD1FFF7E6FF2046F5E783687B
:103390000B440360704703680B6043684B608368AD
:1033A0008B6070478388026819448180D018704709
:1033B00030B484880568A3188380281930BC04F0D1
:1033C000EDBA10B5838802685C1C8480D154D01893
:1033D00010BD034600689A88401A1144186099800D
:1033E00070470268531E036083880133838002F8AC
:1033F000011C70478288521A034682800068084484
:1034000018607047034600689A88521A01449A80EF
:103410001960704710B503681C780121FFF7EAFFB7
:10342000204610BD10B503681C880221FFF7E2FF9B
:10343000204610BD7FB514460A888B78ADF8002071
:1034400006460D2200210DF103008DF8023004F034
:10345000B3FA6A466946304602F0ADFA28B9BDF8BB
:1034600000209DF802302280A37004B070BD13B517
:103470000C4601AA0331FFF7DDFF48B9032201A979
:10348000204604F0A8FAB0FA80F0400902B010BD5E
:103490000020FBE710B50C46017822788A4288B0FC
:1034A0000ED06946EFF740FE04A92046EFF73CFE38
:1034B00010220DEB0201684604F08DFA08B010BD31
:1034C000012A06D0022A07D072B940886388C01A40
:1034D000F4E740686368FAE71022611C013008B025
:1034E000BDE8104004F077BA6FF01500E6E7042A53
:1034F0000AD0102A0DD0022A4FF0000315D1037014
:103500000B88438001207047012303700B684360E0
:10351000F8E7022300F8013B01F1100351F8042BF6
:1035200040F8042B9942F9D1ECE718467047012383
:1035300010B50621044600F8013BF9F78BFB18B9DA
:10354000A37963F03F03A37110BD0B6803608B8800
:1035500083808B798371037823F0020303707047B3
:103560000078C0F34000704738B50446807AEFF722
:1035700061FC6169054649B1637ADB0704D4C3691C
:103580001B6820469B6898470023636121462846B4
:10359000BDE8384003F011B82DE9F0410C4601F1C7
:1035A0000C08054600F10C01404617461E46FFF781
:1035B000F2FE6269E3682F829B1A13FA87F36B822B
:1035C00001236B7239464046FFF714FFE3687360CE
:1035D000628A0023E3607281638234602846BDE81A
:1035E000F08138B5D1E90032DA600B684A895A8235
:1035F0000C4605460868EFF7C5FC2046102200215E
:1036000004F0DAF92846BDE83840FFF7ADBF438A39
:1036100023B9C068B0FA80F04009704700207047B5
:10362000D0F8A43083B15A7CD1070DD5D2060DD580
:103630001B7C102B0CBF042303234372807A984217
:103640008CBF0020012070470223F6E70323F4E734
:103650000F2806D80D280BD8052814BF02200320F8
:103660007047132804D01A2814BF02200120704785
:1036700001207047FFF709BDFFF710BD10B50346E5
:10368000BFF35B8F53E8000F40EA010243E80024D8
:10369000002CF7D1BFF35B8F10BD0023EEF70CB900
:1036A000BFF35B8F50E8003F0B4040E80032002A38
:1036B000F8D1BFF35B8F704710B5F1F71FFD6FF4C2
:1036C000807104461030FFF7EBFF2046BDE8104044
:1036D00000F019BAC368DB78012B01D1FFF7ECBF0A
:1036E0007047C0F307231070000E5370D070002392
:1036F000C1F30720090E9370137150719371D1714A
:103700007047C368DB78012B01D1FFF7D5BF704745
:1037100038B504460D46EFF751FF5F3005D1294615
:103720002046BDE83840EFF77FBE38BD0020704727
:1037300010B5028843889A4218D8052A16D9B3F5DD
:10374000486F13D88488B4F5FA7F0FD2C188A1F1ED
:103750000A0292B240F67640824207D804FB033355
:10376000B3EB810F34BF0120002010BD0020FCE727
:1037700040F24130704708B5F7F75AF818B1408A5F
:10378000003818BF012008BD70B506460D464FF041
:10379000FF304FF0FF31F0F755FA044668B10321CE
:1037A0000C30FFF7FFFD0680857021460022BDE842
:1037B000704040F20640F0F74BBC6FF0680070BDFF
:1037C000C368187808B1F0F7D5B91846F0F726BDE8
:1037D00038B54FF0FF3105464FF0FF30F0F732FAC1
:1037E000044668B102210C30FFF7DCFD2B88038012
:1037F00021460022BDE8384042F21600F0F728BC0E
:103800006FF0680038BDF8B507460E464FF0FF3040
:103810004FF0FF311546F0F715FA044678B106214E
:103820000C30FFF7BFFD3B88038046808580214632
:103830000022BDE8F84042F22200F0F709BC6FF028
:103840006800F8BD70B506460D464FF0FF304FF0EA
:10385000FF31F0F7F7F9044618B9BDE87040EFF70B
:10386000D9BD03210C30FFF79DFD068085702146F0
:1038700042F22100BDE87040F0F798BB08B507227E
:1038800004F0A9F8B0FA80F0400908BDFFF7FDBBCD
:103890000B6803608B8883808B7983717047BFF3DB
:1038A0005B8F0068BFF35B8F7047F8B50F46144617
:1038B00038BB4FF0FF304FF0FF31F0F7C3F905464A
:1038C00010B327210C30FFF76DFD3946FFF7E0FFFD
:1038D00006462246C31D04F1100152F8040B43F8BA
:1038E000040B8A42F9D11022002106F1170004F0DE
:1038F00063F829460022BDE8F84042F22700F0F7BD
:10390000A7BB6FF01500F8BD6FF06800FBE7037A06
:103910005B07024605D501462E3211F8010BFFF771
:10392000C4BF704738B54FF0FF3105464FF0FF3048
:10393000F0F788F9044658B129460C30FFF741FDED
:1039400021460022BDE8384042F22D00F0F780BB4E
:103950006FF0680038BD10B400F11003BFF35B8F47
:1039600053E8002F22F4005143E80014002CF7D153
:10397000BFF35B8F930403D510BC012100F0C1B8E5
:1039800010BC704770B5044686B00E460130013158
:10399000FFF774FF2E34162200210546684604F016
:1039A0000BF810226946204604F015F840B11022A9
:1039B00006F12E01204604F00EF8B0FA80F040091E
:1039C000284300F0010006B070BD38B54B680546CD
:1039D0000C4673B90B7A13B9037A5B0709D52068D3
:1039E0002A7803789A4204D02946FFF7CBFF00B12A
:1039F000656038BD00F1100208B503461046FFF7B8
:103A00004EFFC10511D5BFF35B8F52E8000F40F4A4
:103A1000005042E800010029F7D1BFF35B8F184640
:103A20000021BDE8084000F06CB808BD10B50C4698
:103A300030B919B1F6F7BEFE00B1441C204610BDE6
:103A40000024FBE718B111B10846F0F73FBF6FF053
:103A50001500704713B5044680B106216846F9F792
:103A6000F9F848B99DF80530694603F03F03204650
:103A70008DF80530FFF7E6FF02B010BD6FF01500BE
:103A8000FAE7003818BF01207047037AD90704D538
:103A900023F001030372F1F7ABB8990704D523F0C3
:103AA00002030372F1F7BEB87047BFF35B8F006883
:103AB000BFF35B8F704770B5064686B00D464FF07A
:103AC000FF304FF0FF31F0F7BDF80446B0B10C30D5
:103AD00095B10121FFF775FC06F1100203A92046FC
:103AE00000950823F0F79CF80022214642F20A00D4
:103AF000F0F7AEFA06B070BD2946EBE76FF068004C
:103B0000F8E7FFF7D8BF183002F046BE01F12003F6
:103B1000013813F8012D00F8012F8B42F9D17047BD
:103B200000230B60436813B9C0E9001170471960A6
:103B300041607047D0F8B400003818BF01207047CA
:103B4000084689691160C2691A60C27A002118307A
:103B500003F032BFFFF7A2BA10B50346BFF35B8F85
:103B600053E8000F40EA010243E80024002CF7D19B
:103B7000BFF35B8F10BD437B072B01D1F1F748BF2B
:103B800070472438F1F7C4BF036800220BB9184608
:103B900070478B4210D10B6842B942680360914272
:103BA00000D1436000230B6001207047136043681D
:103BB000994208BF4260F5E71A461B68E6E710B570
:103BC0000446006918B1EFF7DDF90023236110BD49
:103BD00010B500F1C802BFF35B8FD0F8C830BFF357
:103BE0005B8F7BB1BFF35B8F591C52E8004F9C4247
:103BF00004D142E8001CBCF1000FF6D1BFF35B8F8B
:103C0000E7D110BD1846FCE710B5437B023B0446E4
:103C1000062B16D8DFE803F009041515150B09006B
:103C2000017300212046F2F7CDF8002010BD008876
:103C3000FFF7AAFD0028F9D1637B072BF5D10821F6
:103C4000F0E76FF07F00F1E710B50446D0F8A4006C
:103C500028B9207A04F17001F6F7EAFD38B1E2786C
:103C6000438A2AB903F02100003818BF012010BD93
:103C700003F02400F8E738B58378012B044627D1F8
:103C8000437B072B27D10B0601F07F050CD54FF4A2
:103C900000410430FFF760FFA5722046F6F752F8A6
:103CA00008B1637AA37238BD437AAB4216D2837AE5
:103CB000AB4213D2BFF35B8F031D53E8001F21F407
:103CC000004143E80012002AF7D1BFF35B8FE3E71E
:103CD0006FF01500E7E76FF07F00E4E70020E2E710
:103CE0008378012B0CBF407A0020704738B5037AE7
:103CF0008B420446154615D100F170010722284673
:103D000003F069FE80B1E378072243B904F17E0134
:103D1000284603F060FEB0FA80F0400938BD04F197
:103D20007701F5E70020F9E70120F7E78378012B19
:103D30000CBF703000207047F8B507460D464FF0B5
:103D4000FF304FF0FF31EFF77DFF0646D0B10E2177
:103D50000C30FFF727FB0E220446002103F02CFE57
:103D60003B8823802B8863806B88A380AB88E380AB
:103D7000EB88238131460022BDE8F84042F213006F
:103D8000F0F766B96FF06800F8BD704710B50446EB
:103D9000FBF764FA234653F8402BD2F8B41061B90C
:103DA0002164D2F8B81061B9C2E92D33FBF76AFA81
:103DB0002068BDE81040F1F7E1BF8B42F6D00968FA
:103DC000EDE70B60C2F8B830F0E703682BB141684B
:103DD0001A6802608B4208BF4260704770472DE945
:103DE000F843446B2CB154F8085905B1083D00273D
:103DF0000CB9BDE8F883D4E900682EB3FBF72EFABE
:103E0000D6F8B43004F14001002263B1994233D1B5
:103E1000236C4ABBD6F8B820C6F8B430914201D121
:103E2000C6F8B8302764FBF72DFA04F130090022F8
:103E300000234846FAF730FD064600BBD8F80430A8
:103E40000BB1204698472760E3680BB1204698479E
:103E5000D8F820300BB120469847DDB1AB6803B1EC
:103E6000083B2C461D46C3E71360D6F8B83099428C
:103E700008BFC6F8B820D5E71A461B68C5E7B3697E
:103E800023B1F16920686FF06D0298473046EFF773
:103E900079F8CCE72B46E4E738B5406B0D4620B106
:103EA00050F8084904B1083C00B938BD43689B6824
:103EB0000BB1294698472CB1A36803B1083B2046B3
:103EC0001C46F1E72346FAE7F8B50F460021054600
:103ED000164600234FF480320846F2F753FD04469D
:103EE00020B92846F2F71AFD2046F8BD04210C300F
:103EF000FFF758FA057047704680F5E7406B30B120
:103F0000838B8B42A0F1080001D08068F7E77047EF
:103F100010B54AB989B2FFF7F1FF28B143689B6930
:103F200013B1BDE81040184710BD38B50D46052146
:103F3000FFF7E4FF00231A462946F2F73DFD044649
:103F400010B12846EFF71EF8204638BD406B30B15F
:103F500083898B42A0F1080001D08068F7E77047A1
:103F600070470346006828B1596802681A608842A1
:103F700008BF5A6070470346002003B970471A8A89
:103F80005B681044F9E710B5D4682378023113B99F
:103F90002170012010BD8B42FBD0038A023B0382BB
:103FA00000201061F6E7FFF770B82DE9F0410446F4
:103FB0008868FFF7E0FF638D628B934228BF13464A
:103FC00083420D461DD32165D1F8088000278F60FC
:103FD000FBF744F941462046F2F7EAFE064638B1BF
:103FE000C5F808802765FBF74DF93046BDE8F0813C
:103FF000618D638B994228BF1946284600F089FEDF
:10400000F1E76FF07906F0E773B51446014605460F
:104010004FF49572206800F0C5FD207530B9206816
:10402000294600F079FE20B908232375002002B04C
:1040300070BD237AB3B1A3F11802534253419B00E0
:104040000193638A0093AE68238AE2682068294658
:10405000B047002808DB238A98420CD1002323753F
:104060000120E4E70223EBE710F1FF0F03D3404206
:10407000C0B22075DAE70E20FBE738B504460D46DE
:10408000F2F796FE30B1294604F15400BDE83840FD
:1040900002F088BA38BDF8B59368166805460F4631
:1040A000144663B9506801210C30FFF77BF9A0601A
:1040B0002B681B78002B14BF022301230370A36815
:1040C0001B78012B03D0022B1FD000201CE02B6893
:1040D0001B78002BF9D1606804210C30FFF762F9DE
:1040E000E06007802A68E36852885A806168728DB0
:1040F000738B088A9A4294BFC0EB0200C0EB0300A6
:10410000042894BF00200120F8BD2B681B78022BE7
:10411000DBD1606812210C30FFF744F9E0600780C2
:104120002B68E268591C0232113351F8040B42F833
:10413000040B9942F9D16168728D738B088A9A4297
:1041400094BFC0EB0200C0EB03001228D9E770B4A3
:104150000668726A5AB3144654F8983903B1983B0A
:10416000002211467CB9438D408B8B4201D890428E
:104170001FD9824238BF02469942306838BF19467B
:1041800070BCF4F7CBBF844207D0658D648BA94225
:1041900038BF2946A24238BF224633B1D3F89850DF
:1041A00005B1983D1C462B46DCE71D46FAE7114653
:1041B000D9E770BC7047D0680378043113B9017037
:1041C000012070478B42FBD091680B8A0020043B92
:1041D0000B82106170471FB5CDE9012300230093C6
:1041E0001A46F4F7FBFA05B05DF804FB03680022F9
:1041F00003B970478B420FD10B683AB9426803602C
:10420000914200D1436000230B6070471360436804
:10421000994208BF4260F6E71A461B68E8E7BFF319
:104220005B8F50E8003F43F0080240E8002100297E
:10423000F7D1BFF35B8FC3F3C00070472DE9F041A6
:10424000064690461F460D46B9B104220121F2F7F9
:104250007FFE044618B9BDE8F041F2F74FBE0421D5
:104260000C30FFF79FF80570A0F80180C770214659
:104270003046BDE8F041FFF700BFBDE8F08130B542
:104280000C4685B0054601F10C00FFF7CBF8228AF9
:104290000292E268019200220346009211462846EB
:1042A000F2F7AEFE05B030BD30B50C4685B0054620
:1042B00001F10C00FFF7B6F8228A0292E26801923F
:1042C000002203460092122113222846F2F798FE9C
:1042D00005B030BD70B504460E46002200230846E6
:1042E000FAF7DAFA054658B101462046F2F760FDC2
:1042F000044618B12946304602F05FF9204670BDE9
:104300006FF00104FAE707B5CA6813885288009273
:104310000C210D22F3F76AF903B05DF804FB07B531
:10432000CB6800221B8800920A210B22F3F75EF96A
:1043300003B05DF804FBF8B5CB681F88BBB2162B41
:10434000054619D90321F2F76BFF0646B0B10221E9
:104350000C30FFF727F800246FF008030370447057
:1043600031462846FFF789FEF72328466B836F8581
:10437000FFF7EDFE2046F8BD0420FCE70E20FAE72B
:104380002DE9F04F064685B0104690469946FFF756
:10439000F2FD738B728D934228BF134683428B4686
:1043A00075D9736803934046FEF7CFFF4FF0000ABC
:1043B00004464046FFF7DFFDE168228A658A6369AB
:1043C000778BCB1AAD1AED1A738D9F4294BFC0EB59
:1043D0000700C0EB0300854228BF054625BB98F8BF
:1043E0000A00EEF727FD00220023FEF77BFF0446BC
:1043F00008B9574627E001464046FEF7B7FF40465A
:10440000FFF7B9FDE168228A658A6369778DCB1A67
:10441000AD1AED1A738B9F4294BFC0EB0700C0EB3F
:104420000300854228BF0546CDF80090DBF80470F4
:1044300003980A44ABB25946B847071E07DABAF1E7
:10444000000F18BF5746384605B0BDE8F08F0E9BE9
:10445000ABB9394604F10C00FEF7A4FF4046FFF764
:104460008AFD738D728B934228BF1346B9448342F1
:10447000BA441FFA89F9BCD9AF429AD0B9E70F9A6A
:104480000E9B3946204698470028E2D1B1E7002725
:10449000D9E72DE9F3411768D7F8048000231446C3
:1044A0001373014606469522404600F07BFB054605
:1044B000207330B93146404600F02CFC28B908235F
:1044C0002373002002B0BDE8F081A068798D7A8B5B
:1044D000038A914294BFC3EB0103C3EB0203012B98
:1044E000EFDD02210C30FEF75DFFCDE9005580467F
:1044F000A388A26831463846FFF742FF031E06DA5A
:1045000013F1FF0F26BF5B42DBB20E23D8E7A8F8FA
:1045100000300120D6E72DE9F3411768D7F8048071
:10452000002314461373014606469522404600F0C8
:1045300039FB0546207330B93146404600F0EAFBAE
:1045400028B908232373002002B0BDE8F081CDE92B
:1045500000553146A388A2683846FFF711FF0028AE
:1045600007DA10F1FF0F26BF4042C0B20E202073C1
:10457000E9E70120E8E7F8B50546071F00F1480321
:1045800050F8044CBFF35B8F53E8001F21F0040187
:1045900043E80012002AF7D1BFF35B8FFCB1EB6C4C
:1045A00083B9636873B1201DFFF7DBFC0646014643
:1045B0003846FFF7FAFC90B163683360A368666021
:1045C00003B9A66005F150013846FFF783FE30B10C
:1045D00004F10C013846BDE8F840FFF77BBEF8BD9A
:1045E0002DE9F041446A074644B154F8986906B190
:1045F000983E0022154607F104080CB9BDE8F08189
:10460000236D9BB905B98AB94046FFF7AAFC054658
:1046100058B101462046FFF7C8FC0028EED07B6861
:104620002B60BB687D6003B9BD60224636B1D6F809
:10463000983003B1983B34461E46DEE73346FAE72E
:1046400038B50546BFF35B8F0B68BFF35B8FDB07A5
:1046500016D550F8040C98B1EB6C8BB90430FFF709
:1046600080FC044660B10146281FFFF79EFC38B16C
:1046700055F8043C5A6822609A685C6002B99C60F4
:1046800038BDF4F73FB808B5F3F786FB40B1406A90
:1046900030B1024652F8983903B1983B002002B974
:1046A00008BD518B528D8A4228BF0A46904238BFBE
:1046B000104633B1D3F8981001B198391A460B4619
:1046C000EDE71946FAE708B500230A8AC968F3F747
:1046D000CBFC002008BD70B50D46F3F75DFB04462A
:1046E00028B92846EEF74EFC6FF07F0070BD00F150
:1046F0000C062946304601F055FF646AC4B154F8EF
:10470000985905B1983D0022104607E022467DB138
:10471000D5F8983003B1983B2C461D46831C01D137
:10472000002AF4D131462046FFF7D4FD0028EDD110
:104730000020DBE738B505460C46FAF78FFD284622
:10474000F3F72AFB20B9FAF79DFD6FF07F0038BD23
:104750000023236083683BB9C0E90144FFF740FFB1
:10476000FAF790FD0020F2E71C608460F6E7012074
:10477000704708B5F3F710FB98B1436A8BB1BFF3EC
:104780005B8F983B03F14C0252E8000F20F00800C9
:1047900042E800010029F7D1BFF35B8FD3F89830CE
:1047A000ECE708BD08B50421FFF7D0FB30B1BFF33B
:1047B0005B8F806CBFF35B8FC0F3C00008BD1060DF
:1047C0000020704710B5029CA36833B1B1F5807F1B
:1047D00028BF0E21CAB221469847A37DE268013B5B
:1047E000DBB2A37522B11BB92046BDE810401047CB
:1047F00010BD1060918000207047F0B507683D78CB
:1048000089B006461446E5B97B88B3F5245F04D029
:1048100011D8A3F52053032B13D8ADF80A100222A8
:104820000DF10A012046F3F765FD70B16FF0150335
:10483000C4F85C3106E003F55643FF339BB2042B0A
:1048400020D90125284609B0F0BD7B88ADF80A3093
:1048500002220DF10A012046F3F74CFD0028E5D1B4
:10486000009003AA776813233146B847021E02DA84
:10487000C4F85C21E6E703A92046F3F73BFD0028D6
:10488000DFD0D3E7ADF80A1002220DF10A0120466D
:10489000F3F730FD0028C9D17B88ADF80A30022239
:1048A0000DF10A01E8E708B5072203F094F8B0FA21
:1048B00080F0400908BD10B50346BFF35B8F53E895
:1048C000000F40EA010243E80024002CF7D1BFF3B7
:1048D0005B8F10BD0B6803608B8883808B7983713D
:1048E000704770B50D46064611F8010BF1F766FEEC
:1048F000044610B12C89F1F715FAA87A05F10B01DD
:10490000F1F75CFE28B16B8A9C4238BF1C46F1F778
:1049100009FAAB8AA34207D0AB69AC8223B1214626
:104920003046BDE87040184770BD38B5BDF810403E
:10493000A24215460CD84CB16BB1A41A8C42A8BF48
:104940000C46A4B22246591903F028F8204638BD77
:104950006FF00604FAE76FF00D04F7E730B585B0A5
:10496000C96814461D46F3F72BFD00B10089ADF868
:104970000E0002230093BDF820200DF10E032946FE
:104980002046FFF7D2FF05B030BD1FB50C461946D3
:10499000E3681C781046BDF818203CB110240133A0
:1049A000069404B0BDE81040FFF7BFBF5B88ADF8C8
:1049B0000E30022300930DF10E03FFF7B6FF04B093
:1049C00010BD30B585B01D46002314468DF80C305F
:1049D000F3F7A2FC10B1037A8DF80C300123009399
:1049E000BDF8202003AB29462046FFF79EFF05B007
:1049F00030BD08B5F3F7C2FC18B100230360436073
:104A0000836008BD70B500F1700605463146007A36
:104A1000FEF7B1FE04463146287A1CB1BDE870406D
:104A2000FFF7E7BFF3F7AAFC10B1046044608460AD
:104A300070BD022A10B508D1002300F170011A469A
:104A4000007AF3F7F7FC022010BDFFF7DBFFFAE76F
:104A500001210C30FFF72FBF38B504461546FFF78C
:104A600086FE40B12046F3F757FC20B1037ADB07FE
:104A700001D5FFF7EDFF35B9207A04F17001F3F7A6
:104A80007DFC00B1856038BD38B5BDF81010BDF8AB
:104A90001840059DA14210460CD84CB16DB1641A66
:104AA0009C42A8BF1C46A4B22246294402F076FFCD
:104AB000204638BD6FF00604FAE76FF00D04F7E703
:104AC00013B5044610B9002002B010BD00238DF8C4
:104AD0000430006842F6030301A9ADF80630FEF782
:104AE000D9FC0028EFD1E36898880028ECD1204653
:104AF000F3F744FE013080B2E6E770B5CC6888B0C9
:104B000008461E46A3798DF80C301546FFF7D8FFEE
:104B1000ADF80D00246823786BB96388ADF80F30C9
:104B200005230093BDF8302003AB31462846FFF73C
:104B3000FCFE08B070BD631C0DF10F02113453F878
:104B4000041B42F8041BA342F9D11323E9E71FB564
:104B5000CDE90123002300931A46F3F73FFE05B089
:104B60005DF804FB1FB50C461946E36810461A7839
:104B70008DF8082093F901208DF809205A88ADF8A6
:104B80000A201A79DB88ADF80D3007238DF80C2048
:104B90000093BDF8182002ABFFF7C7FE04B010BDAC
:104BA000FFF771BD38B54C8AD3070546C4F30E0430
:104BB00004D514F0950F2AD04B6843B3900704D561
:104BC00014F4957F25D08B681BB3144014F4DE7F5A
:104BD0000DD0EB7A2BB92846FFF736F8D8B9052067
:104BE00038BD14F0300F04D114F4C07F07D1002079
:104BF000F6E72846FFF774F80228F5D8EFE7D5F86E
:104C0000A430002BEBD05B7CDB06E8D5EFE702207D
:104C1000E6E70320E4E70F20E2E7F8B514460F4685
:104C2000942261680646FFF7BDFF20BB6168012240
:104C30003046F3F7F7FE08B3A2891B210232304653
:104C4000F3F7A4F90546E0B1A1890C300231FEF773
:104C5000A9FB20F8027BA289A16802F09FFED4E99B
:104C6000041228460123F3F733FB29463046BDE8FA
:104C7000F840FFF730BD4FF0FF30F8BD6FF0150082
:104C8000FBE76FF00B00F8E72DE9F04105460F4612
:104C9000F3F742FB044608B3037ADA071ED500F1A6
:104CA0000C08BFF35B8FC668BFF35B8F16F001067D
:104CB00014D1A7B1BFF35B8F58E8003F23F0020285
:104CC00048E800210029F7D1BFF35B8F9B072846F6
:104CD00008D5FFF74EFD2046FFF7BAFE0126304605
:104CE000BDE8F081FFF743FD0028F8D02846FFF724
:104CF00059FD0028F3D0BFF35B8F58E8003F23F045
:104D0000020348E80032002AF7D1BFF35B8F284640
:104D1000DFE77047012070470120704713B5C06876
:104D2000144668B100238DF8043001A94FF4C05334
:104D3000ADF80630FEF7AEFB10B9236801332360EF
:104D4000012002B010BD07207047FEF79EB9BFF3E7
:104D50005B8F0068BFF35B8F084100F00100704774
:104D600038B50A46034609B9012038BD488A10F013
:104D7000240FF9D0197D5D7B147CA94228BF2946F8
:104D80008C4201D90020F0E7800607D4517CC90786
:104D90000BD4187A003818BF0120E6E70521181D4A
:104DA000FFF7D5FF0028F1D1ECE7197A0029E9D007
:104DB0000521181DFFF7CBFF18B9197A0139012910
:104DC000E0D9527CD207CFD4E3E701238B40DB4309
:104DD000BFF35B8F50E8002F1A4040E80021002904
:104DE000F8D1BFF35B8F7047FEF758B910B50621B5
:104DF000FFF7ACF8044618B9F4F758FA204610BD8E
:104E0000A0F1EC04FAE74FF47022002300F59C7047
:104E1000F9F7E4BF0720704701238B40BFF35B8F96
:104E200050E8002F1A4340E800210029F8D1BFF3D1
:104E30005B8F704708B50E21FFF7EEFF002008BD1D
:104E400070B5051D0E4628460421FFF780FF68B1A6
:104E50000022002100230846F1F794FD044640B9E2
:104E600004212846FFF7D8FF204670BD4FF470227A
:104E7000EFE701210C30FEF795FA0670F4E738B53C
:104E800004210446FFF7DCFF054698B110210C30E1
:104E9000FEF788FA04F1270304F1370253F8041BE4
:104EA00040F8041B9342F9D120462946F4F714FA3E
:104EB000002038BD0820FCE770B5D0F8EC30DB7876
:104EC000012B044619D1CD68061D10213046FFF78D
:104ED0007CFF2B4604F1B70205F1100153F8040BD7
:104EE00042F8040B8B42F9D107213046FFF72FFF20
:104EF00028B109213046FFF78FFF002070BD0A213D
:104F00003046FFF724FF0028F3D12046BDE870406B
:104F1000F4F7F8BA0720704707207047072070475A
:104F200030B5012303FA01F1CA43BFF35B8F50E8A8
:104F3000003F03EA020440E80045002DF7D1BFF32B
:104F40005B8F01EA0300003818BF012030BD38B57F
:104F50000446031D0025BFF35B8F53E8002F43E891
:104F600000510029F9D1BFF35B8F04F59C7001F06B
:104F700013FC2572BFF35B8F54E8003F44E80052F6
:104F8000002AF9D1BFF35B8F20460121BDE83840EC
:104F9000FFF742BF70B500F1700605460C460722C8
:104FA0000968304602F017FDB8B963681A682A67C5
:104FB0009A88A5F874209B7985F87630D5F8A430C6
:104FC0005BB1A268934208D062681168C3F801100F
:104FD0009188A3F805109279DA7170BD2DE9F84F28
:104FE000DDF82C80BDF82890044692461F46FFF756
:104FF000FDFE054600285CD0061DB9F1000F27D143
:105000005AEA070324D103213046FFF7A0FEF8B186
:1050100001213046FFF79BFED0B12C7D6B7B9C427B
:1050200028BF1C46224605F14701404602F0B6FC67
:105030000F2C06D8C4F11002494608EB040002F018
:10504000BBFC30460121FFF7E7FE0120BDE8F88FE9
:10505000D4F8A43083B904F1700B217A5A46202089
:10506000F5F78EFBC4F8A40030B9217A5A46012026
:10507000F5F786FBC4F8A400B9F1000F0CD15AEA89
:10508000070709D1D4F8A41031B14B8A9B0603D588
:105090000C7C1E312246C8E70F213046FFF757FE31
:1050A00020B1022206212046F1F734FA2846FFF704
:1050B0004EFF0020CAE76FF08500704770B50446C8
:1050C0000820F4F7A3F80546E0B1061D0821304694
:1050D000FFF77BFEBCB30721FFF777FE234605F100
:1050E000970204F1200153F8040B42F8040B8B42A1
:1050F000F9D10A213046FFF72AFE70B10921304666
:10510000FFF78AFE0720F4F781F80446E8B1F4F7C8
:1051100001F9D0B10821204612E010213046FFF7F6
:1051200016FE09210028EAD13046FFF710FE0028BC
:10513000E8D02846F4F7E6F901460028E2D02846F0
:10514000F4F74EFFDEE70B21F9E770BD70B50446BA
:10515000A0F1EC0650F84C3BE83CD3F8A45001F029
:105160001BFB03212046FFF7F2FDA0B108213046CA
:10517000F4F7AAFE3DB16B8A13B16B7C9B0702D595
:10518000284600F029F830464FF4B872BDE8704068
:10519000002102F011BC01212046FFF7D8FD0028B4
:1051A000E4D10F212046FFF7D2FD0028DED1E1E750
:1051B00070B504460D461646F5F7E2FA38B93146A1
:1051C0002846F5F79BFA10B1438A1C43448270BD10
:1051D000438A19434182704710B5037A5B0704463E
:1051E00001D5EFF71FFD20464422BDE81040002105
:1051F00002F0E2BB531E1944024411F8013900F8D1
:10520000013B9042F9D1704710B5431E00F11002E6
:10521000073013F8011F12F8014D1C708342117002
:10522000F7D110BDF0B597B014460E4620220146C6
:1052300005A81D461C9FFFF7DDFF202231460DA863
:10524000FFF7D8FF2146102201A88DF85450FFF730
:10525000D1FF3B46412205A901A8F5F791FB044681
:1052600010B93846FFF7D0FF204617B0F0BD2DE942
:10527000F04397B00446164605A810221D46DDE906
:105280001F98219FFFF7B6FF1022314609A8FFF7AC
:10529000B1FF102229460DA8FFF7ACFF1E9903228B
:1052A00011A8FFF7A7FF4946D9F8010011F8013B03
:1052B0008DF8473012908B88ADF84C30062212A83A
:1052C000FFF798FF4146062211F8013B8DF84E305A
:1052D000D8F80130CDF84F300DF14F008B88ADF884
:1052E0005330FFF787FF2146102201A8FFF782FF06
:1052F0003B46412205A901A8F5F742FB044610B937
:105300003846FFF781FF204617B0BDE8F083F9F774
:10531000F5BA0369C9B20C2202FB0133186C00F024
:105320000700704770B50346C9B20069EFF31186F4
:10533000402484F31288BFF36F8F0C2505FB010412
:10534000246C14F0C00401D0A24211D105FB01006D
:1053500001220264002086F31188BFF36F8F30B9F9
:105360005B680C2202FB01335B689847002070BD2C
:105370004FF0FF30EFE78022FFF7D4BFF8B5069F6C
:1053800004690546C9B2EFF3118C402080F31288FE
:10539000BFF36F8F0C2606FB0146306C00F0070E42
:1053A000BEF1010F10D1376400268CF31188BFF3D2
:1053B0006F8F3EB90C2041430C44C4E90E236B6847
:1053C0005B5898473046F8BD00F0C00087420CBFDC
:1053D0006FF077064FF0FF36E7E713B580240094AF
:1053E000FFF7CCFF02B010BD10B40069CBB21C2493
:1053F00004FB0300002110BC10471046F9F77EBAE9
:1054000000F026BBF7F71ABD4FF4AF607047436852
:105410005B68D3F810350B600020704743685B6809
:1054200002EA010021EA0201C3F80805C3F80C15DD
:105430000020704743685B680020C3F80815704778
:1054400043685B680020C3F80C15704743685B68CD
:10545000D3F8042521EA02001140C3F80805C3F877
:105460000C150020704730B50369586800B300245C
:10547000884219D108688CB99C685860A14200D153
:105480009860002008602AB15A680A609A685960DA
:1054900002B9996000200FE02846E9E7206098688B
:1054A000814208BF9C60ECE705680446002DF3D1FB
:1054B000002AE9D16FF0150030BDF7F7E5BD02789D
:1054C0000B69012A07D0022A08D052B9DA6403F125
:1054D0003C00F9F713BA6FF00D02F7E76FF00A021C
:1054E000F4E76FF00402F1E738B5044605690122DC
:1054F000114605F12C0001F06EF8012205F13C0087
:10550000002101F068F82046BDE83840F6F78EBB70
:1055100000692C30F9F726BA00692C30F9F7EEB99A
:1055200013B501AA044600F02DF8002805DB019B05
:10553000226819791868F6F7AFFB02B010BD70B594
:105540004568A86A0368D3F80845D3F80C65F8F7EE
:1055500069FB31462046F8F79DFD00210446E869C5
:10556000FFF7DEFFA86A00F05AFE204670BD10B5B6
:1055700044680021E069FFF7D3FFA06ABDE810404E
:1055800000F04DBE30B543681360057A446804EB03
:10559000C504A34202D36FF0010030BD5C798C4298
:1055A00003F10803F0D10020F7E710B504692046A5
:1055B00000F069FF0023636110BD2DE9F041D0F8D0
:1055C0000880D8F800400646F4B1476897F82640AE
:1055D00014F001041FD105694FF0FF334FF0FF3283
:1055E0002846F9F797F86B690133012B6B6108D1F5
:1055F000D8F8003030469847041E08DA6B69013B42
:105600006B612846F9F7F8F82046BDE8F081F869A3
:10561000F6F7A4FBF5E70024F6E7F8B587687C68A1
:1056200006469CB1436893F82630DB071DD4056914
:105630004FF0FF334FF0FF322846F9F76BF86B69F4
:10564000002B05DC00242846F9F7D6F82046F8BDE3
:10565000013B6B61002BF5D17B6830469847041EF7
:10566000BEBF6B6901336B61EDE70024EEE7F0B478
:10567000D0E901631B693BB177688F4208DB35686D
:10568000954205DCF0BC18476FF05700F0BC70473E
:105690006FF01500FAE7F0B4D0E901631B6A3BB183
:1056A00037698F4208DBF568954205DCF0BC184786
:1056B0006FF05700F0BC70476FF01500FAE770B458
:1056C000D0E90162956A03460C46A5B196F82420FC
:1056D00012B92B4670BC1847306A024410F8011BFF
:1056E000A14202D121461846F3E79042F6D16FF06D
:1056F000850070BC70476FF05700FAE72DE9F34161
:10570000D0E901470E4694F825100569FF29804627
:105710000FD194F8261001F00C01082914D0D8F804
:1057200008301B6B003918BF01214BB96FF05700CF
:1057300003E0FFF7C4FF0028EBDA02B0BDE8F08118
:10574000404698470028F8DBA268B2F1004F05D028
:1057500011464046FFF78BFF0028EEDB6269B2F18D
:10576000004F05D011464046FFF795FF0028E4DBC7
:105770002368B3F1004F14D0D8F808305B69002BD0
:10578000D4D001A9404698470028D6DB2268019B67
:105790009A421CDD11464046FFF769FF002805DAF2
:1057A000CBE762686FF000439A42E5D19EB994F866
:1057B00026309B0716D03B68404698470028BCDB44
:1057C000A069F6F7CBFA6B6901336B610AE0626896
:1057D0009342EBDDDEE76B6901336B6194F82630B1
:1057E000DA0601D40020A8E74046FFF716FFA4E739
:1057F000012303FA01F103691B68194218BF82F003
:10580000010212B18368DB68184783681B69FBE7F4
:1058100008B54368986A38B193F82C100122FFF755
:10582000E7FF00EAE07008BD6FF08500FBE7436822
:105830001B68B3F1004F14BF00206FF00100B0FAF5
:1058400080F0400970470346084631B95B681B6821
:10585000B3F1004F01D0136070476FF0150070472F
:1058600043681B68B3F1004F1ABF00200B606FF054
:10587000010070474368986A20B193F82C10002209
:10588000FFF7B6BF6FF08500704700F150039B0033
:105890009BB203F1804303F5883300221A601B6832
:1058A000704708B5F6F758FB08BD10B54FF0FF304C
:1058B0004FF0FF31F6F7ECFC044628B9DBF768FC43
:1058C000044618B1F6F7ECFC204610BDF6F7E8FCEC
:1058D0002046EDF78FFCF7E738B50B8A0D463BB154
:1058E00001F10C00FDF796FD012818D0022803D025
:1058F0006FF01504204638BD4FF0FF304FF0FF31F8
:10590000F6F7C6FC04460028F4D1E868E5F7C6F8C7
:105910000446F6F7C5FCACB1F6F7C8FCEAE74FF071
:10592000FF304FF0FF31F6F7B3FC04460028E1D119
:10593000E868F6F7A3FE0446F6F7B2FC002CD9D1CE
:10594000F6F7B4FC2846EDF71DFB0024D2E7F6F786
:10595000FFBD10B532220446002102F02DF82023AD
:1059600023708023A3706FF03F0363710423A3723D
:105970002823A3730223E3730423A3756FF0480362
:1059800063760323A3766FF01F03E3760E2323775A
:10599000302384F82030402384F82130792384F8A0
:1059A00022307E2384F82330802384F82630042399
:1059B00084F8273010BD08B50323E4F70FFC00205E
:1059C00008BD08B5F7F75CF9002008BD08B5FAF77F
:1059D0006BFF48B1002383F31188BFF36F8F04235B
:1059E000184602DF6FF0040008BD08B54FF0FF3124
:1059F0004FF0FF30F6F74CFCE7F79DFFBDE808409D
:105A0000F6F74EBC684620F007018D4601B5E3F776
:105A1000C3FBBDE8014085467047684620F007019A
:105A20008D4601B5E3F7ACFBBDE801408546704704
:105A3000684620F007018D4601B5E4F78FF9BDE80F
:105A400001408546704708B5E7F79DFE002008BD78
:105A50007047012802D10020E2F72EBA7047704744
:105A6000E2F728B803460020184700F04DBC10B5F7
:105A700002461168B1B1BFF35B8FB1FA81F3C3F194
:105A80001F000123834021EA030352E8004F8C42A8
:105A900004D142E8003CBCF1000FF6D1BFF35B8FAC
:105AA000E7D110BD6FF00B00FBE710B50368CB40EA
:105AB000DB0714D401238B400268BFF35B8F43EAFA
:105AC000020150E8004F944204D140E8001CBCF1B0
:105AD000000FF6D1BFF35B8FEED1002010BD6FF049
:105AE0001500FBE7F7B5019001A8DDE90847164668
:105AF0001D46F7F731FA019BB6F1000C18BF4FF0C5
:105B0000010C00EB83000B1E18BF0123002D43EA9C
:105B10004C030CBF4FF0000C4FF00C0C002C43EA70
:105B20000C030CBF4FF0000C4FF4E06C002F43EA65
:105B30000C03D0F800270CBF4FF0000C4FF4403C92
:105B400043EA0C0322EA030301B109780EB1367867
:105B5000760019430DB12D78AD0031430CB1247896
:105B6000240229430FB13F783F040C433C43C0F863
:105B7000004703B0F0BD1FB50DF10F0301930023E3
:105B80008DF80F1000931A461946FFF7ABFF05B0CA
:105B90005DF804FB10B504460846F7F7EDF904EB91
:105BA0004004207DC0F3401010BD10B504460846E7
:105BB000F7F7E2F904EB4004207DC0F3400010BD8C
:105BC00010B504460846F7F7D7F904EB4004A08A5D
:105BD000400B10BD70B5044608461646F7F7CCF9E1
:105BE00008300D4634F81030DA0509D5C3F34323E5
:105BF00004EBC302314654F83330526828469847C4
:105C0000A3682BB1E26831462846BDE870401847CA
:105C100070BD10B504460846F7F7AEF904EB400036
:105C2000838ADA051DD5C3F3432123F4F853838215
:105C300004F1120204F1660032F8023F13F4807F8F
:105C400003D0C3F3432399420BD08242F4D104EB37
:105C5000C10300225A6004F16C00BDE81040FFF758
:105C600024BF10BDF0B5034600F580740020054642
:105C70000127844695420AD1D3F87C2132B1002213
:105C8000C3F87C21D3F87C3140F00040F0BD25F012
:105C9000404607FA06F6314209D0D4F800E0BEF1DA
:105CA000000F04D0C4F800C0D4F800E03043013540
:105CB0000434DFE738B504460D46FFF76BFFA8B1A3
:105CC0002046FFF772FF88B92046FFF779FF226868
:105CD00001238340C2F80833236803EB8000D0F827
:105CE000103523F00303C0F8103538BD28460021D5
:105CF000BDE83840FFF73FBF2DE9F043174685B0B8
:105D000004460846F7F738F9D7F800800E460546EE
:105D1000B8F1000F1ED02046FFF747FF18B120460C
:105D2000FFF738FF20BB0023CDE900338DF80E309C
:105D30008DF80F300DF10F0243460DF10E01304684
:105D4000FFF7D0FE04EB4502938A23F0020343F0F1
:105D5000010393827B689BB33146204693F8008011
:105D6000D3F80490FFF721FF28B1B9F1000F1FD03D
:105D70006FF0150027E004EB4500838A23F46043AD
:105D800023F020038382B9F1000F11D0B8F1030F83
:105D9000EED87B6821685B6893F800C04FEA8C03FB
:105DA0001944B8F1000F11D1C1F81085C1F8108560
:105DB00004EB4502938A23F01C0343EA8803938291
:105DC000BB6843BB002005B0BDE8F083D1F81025C7
:105DD00022F00302C1F8102522681344D3F81025DD
:105DE00022F44F3222F44072C3F810253202D3F865
:105DF000101502F47C5242EA08420A43C3F8102507
:105E000004EB4C03A3F87060838A43EA4C3343F0FD
:105E100020038382CCE7D3E9007831462046FFF7A0
:105E2000F8FE002FCED063689F4206D004F16C00CC
:105E3000FFF71DFE002804DAC5E7A3689845F5D1F1
:105E4000002004EBC003C3E9017804EB4505C0B2B0
:105E5000AB8A43EA402343F48073AB82B2E72DE977
:105E6000F043054685B0084616461F46F7F784F806
:105E70000C46804626B32846FFF797FE18B92846F9
:105E8000FFF788FE18BB05EB4809B9F8143003F09A
:105E90001C0313B17378012B19D001238DF80F3037
:105EA0000023CDE90063721CB31C0DF10F012046E5
:105EB000FFF718FEB9F8143043F00303A9F81430C3
:105EC000002F3FD021462846FFF76FFE20B96FF024
:105ED000150005B0BDE8F0833E782B6803EB860320
:105EE0000022C3F81025C3F8102505EB48024FEA3D
:105EF000860C938A23F4604323F0200393827878FE
:105F000000B32968BF7861440004D1F8103523F448
:105F1000991323F4F853C1F81035230200F44030EC
:105F200003F47C5303433805D1F8105500F4801076
:105F300003432B43C1F81035938A43EA463343F0B9
:105F4000200393820020C4E7C0E90312704770B5B4
:105F500004461546FFF71EFE48B10846F7F70CF851
:105F600004EB40040020A38A5B0B2B7070BD6FF024
:105F70001500FBE738B590F8804005469CB95422DF
:105F80002146143001F018FD2868C0F87C41D0F893
:105F90007C3140F30730ECF72BFC012385F880308F
:105FA000EB66204638BD6FF07700FBE790F8800085
:105FB000003818BF01207047F7F718B82DE9F341F2
:105FC00004461746FFF7E6FD0D462668F0B1204669
:105FD000FFF7EBFD8046C8B92046FFF7F1FD8200D0
:105FE00002F5807346F80380F35823681344D3F80E
:105FF000102542F00102C3F8102527B122680123C1
:106000008340C2F8043302B0BDE8F081D6F804330F
:10601000002BA4BF4FF00043C6F804332846F6F720
:10602000ABFF04EB4004A38AC3F38203042B12D01A
:10603000052B12D001A80195F6F78EFF019BD0F831
:106040001015D94001F001010231284602B0BDE827
:10605000F041FFF790BD0321F7E70221F5E7FFF7D5
:1060600029BE10B5A1F58074A4080123A3401840EF
:106070000AD001F1804101F5E041086820B100201B
:10608000086009680AB9012010BD11681943116040
:10609000F9E708B500210120F7F750F90028F9D0F9
:1060A00008BD08B50246F7F7E9F820B9BDE8084091
:1060B0001046F7F719BA6FF00F0008BD91F82020CD
:1060C0000346032A29D8DFE802F0212519028A684D
:1060D000500304D5D3F84C250869904207D18A684B
:1060E00052031AD4D3F84C258969914215D0002067
:1060F0000622C3F80005C3F800257047D3F84C25E5
:1061000008699042F3D1D3F83C25EDE7D3F84C254C
:106110000969EAE7D3F83C25FAE70120704730B572
:106120009508403D0124AC400C4208D0815831B163
:1061300000218150825813B11A6822431A6030BD81
:1061400013B500230C4601934FF4A47201ABFFF783
:10615000E6FF21464FF48272FFF7E1FF21464FF43C
:106160009272FFF7DCFF21464FF4A872FFF7D7FFCA
:1061700021464FF4A672FFF7D2FF21464FF4B072CA
:10618000FFF7CDFF4FF4AE722146FFF7C8FF01982D
:1061900002B010BD10B44FF080528B68D2F830219D
:1061A000CC7B0D2A04D1B3F1C86F08BF4FF0C46394
:1061B00002682CB9D1E90041C2F80845C2F80C15B3
:1061C000C2F8243543682BB1006810BC40F3073097
:1061D000ECF70EBB10BC704738B50D4690F8261092
:1061E0000446C9B9C160C0E9012380F8291080F8CC
:1061F000281065B1AB7B80F82B302846F7F7D0FC30
:106200006B7B84F82A3029462046FFF7C3FF012321
:1062100084F82630002038BD6FF07700FBE7036874
:106220000622C3F80025022380F82630704707B500
:10623000019001A8F7F71EFF019A01239340C0F8CF
:10624000083503B05DF804FB0369C26893429CBF44
:1062500081685B18013B981A70472DE9F041D0E93D
:1062600002840546A8EB04064068964220440F4687
:10627000144404D901F092FBEC60BDE8F081324691
:10628000A4EB080401F08AFB68682246B919F1E71B
:106290002DE9F843C5680646894617464FF00008C1
:1062A0003369B46870689D4228BF1B19641BBC42E7
:1062B00003F1FF3328BF3C465B1B9C4228BF1C46B2
:1062C00049462844224601F069FBB3682544AB42A5
:1062D00008BF00253F1BA044A144F560E0D1404623
:1062E000BDE8F88308B5F8F70DF8002008BDEFF316
:1062F0001180402383F31288BFF36F8F704780F3C0
:106300001188BFF36F8F704708B1ECF765BE704717
:1063100010B5436904463BB90020E268537843F066
:1063200001035370404210BD98470028F4D0002864
:10633000B8BF4042E368FF28A8BFFF201870ECE711
:1063400040B1C368587810F001001EBF1878B0FA49
:1063500080F040097047EFF31183402383F31288E4
:10636000BFF36F8FFEE710B400F10C04C0E90344E3
:1063700010BCFCF702BA38B50446EFF31185402390
:1063800083F31288BFF36F8FEAF7C6FA04F10C00AB
:1063900000F005FB30B1294604F11400BDE8384097
:1063A00000F0E2BA85F31188BFF36F8F38BD10B5E6
:1063B00042696AB1836842EA0301890708D1016929
:1063C000A2FB011424B95B182CBF0121002102D3C8
:1063D0006FF0150005E0C1609B1A02698A4201D87E
:1063E000002010BDC2681A604269C36001319B1A67
:1063F000F3E72DE9F04105460F46EFF311884023FE
:1064000083F31288BFF36F8FC668F6B90468A042A1
:106410001BD0D4B1D4E9003213605A60237CA6604B
:1064200023F002032374C4E9006604F1180000F0AD
:1064300037FB2046A667676100F03CFA414605F14C
:106440000800BDE8F04100F08FBA3E60AB69EF6034
:10645000013BAB6188F31188BFF36F8FBDE8F0811A
:1064600008B54024EFF3118384F31288BFF36F8FD4
:10647000FCF7FBFEF6E790F90E308B4201D0F8F7FF
:106480006DBE0020704703460020C3E90200C3E947
:1064900000337047D0E9003213605A60027C002359
:1064A00022F00202C0E900330274836070472DE9D4
:1064B000F843904604469DF820200D46EFF31187DF
:1064C000402181F31288BFF36F8F02B14568A6683F
:1064D00004F10809B14515D0A6B13046FFF7DAFF3F
:1064E000002406F1180000F0DBFA3046B467C6F865
:1064F000148000F0DFF94846394600F035FA2046AE
:10650000BDE8F883A3B10820F9F7E6FA002832D0F5
:106510000122C0F804800260016801F003015DB946
:1065200022680A430260626820606AB960600BE01A
:10653000C8F800304046EFE72A68032A10D8016007
:10654000616839B9C4E90000002087F31188BFF3FE
:106550006F8FD5E70A6802F0030202430A60E5E79D
:1065600022F003020A4302602A6802F0030240EAB2
:1065700002032B60E8E76FF00B00E6E710B5044676
:1065800030B10268930703D0446809B100F015FBED
:10659000204610BD0023C0E9003300F10803C0E924
:1065A0000233704707B50123009300230A461946BA
:1065B000FFF77DFF03B05DF804FB07B500230A4633
:1065C00000931946FFF773FF03B05DF804FB006802
:1065D0000021FFF7D3BF3AB18A4205D3C0E90212C6
:1065E000C0E90000002070476FF015007047026896
:1065F00001238B4022EA0303036022FA01F000F03A
:1066000001007047704710B5032104460C30FFF7B6
:10661000EEFF30B104F1100000F042FAB0FA80F061
:10662000400910BD20B1002211468C3000F0FFB9A6
:10663000704770B5C368C3F340069B07044616D481
:10664000856802210C30FFF7D2FF80B1D5F8842095
:106650006AB194421DD122689EB9D5F88830C5F838
:1066600084209C4201D1C5F8882000232360E36880
:1066700013F01F001EBF43F00203E36040F002006E
:1066800070BD3260D5F88820944208BFC5F8886094
:10669000EBE716461268DBE773B50446EFF31185A6
:1066A000402383F31288BFF36F8F00230193D0E957
:1066B0000423B3F1004F08BF012A05D085F31188E8
:1066C000BFF36F8F02B070BDA0F110060321043834
:1066D000FFF78DFF0028F1D0A369019301A930468F
:1066E000F8F74AFAEAE738B504460D4610220021C9
:1066F00001F062F9656038BD13B501900846EFF30B
:106700001184402383F31288BFF36F8F01A9F8F738
:1067100033FA84F31188BFF36F8F02B010BD10B548
:10672000FFF7EAFF041E08DDEFF31180402383F337
:106730001288BFF36F8FF8F77DFD204610BD70B54E
:106740000D46EFF31186402383F31288BFF36F8F5A
:10675000F8F764FA044686F31188BFF36F8F38B1F7
:106760004FF0FF324FF0FF3305F11000F8F7FAF861
:10677000204670BD08B5A022002101F01DF908BD1A
:1067800038B5302204460D46002101F015F94FF4CA
:1067900080736560E36038BD38B50446EFF311855A
:1067A000402383F31288BFF36F8FFFF72CFF20463F
:1067B000FFF73FFF85F31188BFF36F8F38BDF8B542
:1067C00004460D46EFF31187402383F31288BFF38D
:1067D0006F8FC36803F01F03002B14BF0126002630
:1067E00009D0FFF710FF2046FFF723FF2946204678
:1067F000F8F7A4F9034687F31188BFF36F8F3BB115
:106800004FF0FF324FF0FF3305F10800F8F7AAF818
:106810003046F8BDD0E9003213605A60027C002394
:1068200022F00202C0E90033027483607047EFF384
:106830000580003818BF012070476FF0570070477F
:1068400000207047D0E9003213605A600023C0E98D
:106850000033704708B5FFF7F5FF037C23F0020310
:1068600003740023836008BD38B504460D46F8F76D
:10687000D1FB237C43F002032374D5B1A5602B68C0
:106880009D4209D16B68C4E900531C606C6010E044
:106890006A689A42F6D01B68002BF3D093F90E1069
:1068A00094F90E209142F3DD5A68C4E90032146075
:1068B0005C6038BD10B5EFF31184402383F3128878
:1068C000BFF36F8FF8F766FB84F31188BFF36F8F08
:1068D00010BD08B5EFF31181402282F31288BFF397
:1068E0006F8F83680BB1FFF7B5FF81F31188BFF39A
:1068F0006F8F08BD08B5037C13F0280F01460CD13B
:1069000083680BB1FFF7A6FF0B7C23F004030B7425
:106910000846BDE80840F8F73DBB08BD10B5EFF3E9
:106920001184402383F31288BFF36F8F1838FFF769
:10693000E1FF84F31188BFF36F8F10BD08B50346E4
:10694000EFF31181402282F31288BFF36F8F00684A
:10695000834207D008B1FFF77DFF81F31188BFF3B1
:106960006F8F08BD0020F8E70846F8F78BBB38B5F5
:1069700004680546AC424FF0000000D138BD002C41
:10698000FCD02046FFF766FF04F1180000F088F8FD
:106990002046F8F7FFFA2C680120A542EDE710B574
:1069A000EFF31184402383F31288BFF36F8FFFF757
:1069B000DEFF84F31188BFF36F8F10BD38B50C462E
:1069C0000546F8F7D3FCB4F1FF3F08BFB5F1FF3F30
:1069D0001FBF47F6FF7300224FF47A71E0FB0132CC
:1069E0001ABFD80B40EA42404FF0FF3038BD38B5EF
:1069F0000446EFF31185402383F31288BFF36F8FB2
:106A0000037C5B070ED5183000F04AF8237C23F096
:106A1000040320462374F8F7BDFA2846BDE8384041
:106A2000F8F730BB85F31188BFF36F8F38BD38B5E9
:106A3000EFF31185402383F31288BFF36F8F04684F
:106A4000A04212D09CB1A16762612046FFF702FF0D
:106A500004F1180000F024F82046F8F79BFA012012
:106A600085F31188BFF36F8F38BD0020F8E720460B
:106A7000F6E708B50246F8F7EBFD70B1D0E904314E
:106A80009B1A61EBE272B3F1004F72F1000104DA7C
:106A9000002AACBF1846002008BD6FF00040FBE79D
:106AA00038B50246EFF31185402383F31288BFF314
:106AB0006F8F0368D3B1F8F7CBFD04461046F8F7A3
:106AC000D9FD00224FF000438442C0E9042305D0E1
:106AD000002085F31188BFF36F8F38BDF8F7C0FD34
:106AE000FFF7C7FF0021F5F79BFBF1E7D0E904139F
:106AF000B3F1004F08BF012904D100204FF000413D
:106B0000C2E904016FF01500E3E708B5F8F7BAFE33
:106B100008BDF8F7B7BEB3F1FF3F08BFB2F1FF3FC2
:106B200070B506461D46144614D01A4316D0002BE5
:106B300008DBF8F7A7FE041941EB0501C6E900419F
:106B4000304670BD6FF001031C1B4FF0FF3363EB49
:106B50000501F3E74FF0FF342146EFE70024FBE7A0
:106B6000B3F1FF3F08BFB2F1FF3FF8B50746164645
:106B70001C4610D054EA020311D0F8F783FEB0424D
:106B80000A46A14103460AD2F31A64EB0204C7E99C
:106B900000343846F8BD4FF0FF331C46F7E70023BA
:106BA000FBE70023C0E9081200F11802C0E9062241
:106BB000C0E9003303634363704720B1011F50F8FD
:106BC000040CFFF7D8BB70477047FFF75CBC7047F9
:106BD0004FF0FF324FF0FF33F7F79CBDF7F70CBED5
:106BE00000207047704710B5044608B1F9F71EF948
:106BF0002046BDE81040F9F709B90346C068F8B16E
:106C00005888E8B11B8803F44F42B2F5824F02D096
:106C1000B2F5884F09D1DBB2272B2AD008D8172B21
:106C20000FD0222B34D0122B16D06FF08500704776
:106C3000302B2FD0413B012BF7D8FF2839D1002032
:106C40007047C028FBD0E128F9D0B0F5807F14BF91
:106C50006FF086000020704720F02003C02BEED09C
:106C600020F08003B3F5807FE9D040F209239842F9
:106C7000EDE7E928E3D0EF28E1D040F21B1398427A
:106C8000DDD040F299139842D9D040F23B23EEE791
:106C9000E928F1E720F02003C02BD0D020F04003FA
:106CA000B3F5807FCBD0B0F5C07FC8D0B0F5007F02
:106CB000CDE7B0F5E07FCAE73AB1002918BF00235D
:106CC000D21A2121184400F077BE70472DE9F04F09
:106CD00089B09B4600238DF81B30159BDDF8508052
:106CE000002B91460B460D460CBF4FF400624FF44B
:106CF000806207A9DDE912A7F9F73AFA0446D0B98C
:106D0000079E0DF11B0231882846F9F7ADFA0446BB
:106D100088B99DF81B30BB421FD8CDE90338CDE9B7
:106D200001BACDF80090D6E909122B463046F9F7A2
:106D300037FF044608B1C8F80070D8F800303A466A
:106D400021465046FFF7B8FF0798F9F713FF002CCC
:106D500018BF204609B0BDE8F08F6FF08904EAE75C
:106D600041F2062398421AD8B0F5905F09D241F259
:106D7000010398420CD0B0F5885F09D06FF0850010
:106D80007047A0F5905080B26923C340DB07F5D56A
:106D900011F0070F14BF6FF0860000207047B0F5A8
:106DA000105FEBD121F04003802B06D0B1F5807F3E
:106DB00014BF6FF08600002070470020704770B548
:106DC000446A05460E463CB90120F9F719F8686295
:106DD00028B1AE62204670BD6FF08A00FBE76FF00D
:106DE0008C00F8E7F8B51E460F4603881546C2B179
:106DF00003F4E043B3F5805F02D0B3F5005F10D138
:106E0000089BE90019600088FFF7AAFF044630B923
:106E10002A463946304600F0C1FD079B1D602046DA
:106E2000F8BD6FF08504FAE710B50446406A10B16A
:106E3000A16AFFF7D8FE0020C4E9090010BD38B5EB
:106E40000446FFF7F1FF237F012B0FD0023B012BFC
:106E50000FD8236A012B14BF6FF0960500252C2252
:106E60000021204600F0A8FD284638BD236A002BEB
:106E7000F1E76FF09605F2E738B514460288049DF5
:106E800002F4E040B0F5805F07D0B0F5005F04D0B9
:106E900002F44F42B2F5824F0ED1AC420FD81846E1
:106EA000224600F07BFD2A1B0021204400F084FDD7
:106EB000059B00201C6038BD6FF08500FBE76FF07C
:106EC0008900F8E7F0B50F4685B01E461546CAB1F1
:106ED00000233360012203A9F9F74AF9044670B987
:106EE000CDE9005603983B46D0E9091200F0CEF9EF
:106EF00004460398F9F73EFE002C08BF04462046DE
:106F000005B0F0BD6FF08904F9E770B50488049E00
:106F1000154604F4E042B2F5804F22D124F44050EB
:106F200044F2010290420DD004F44F44B4F5824F74
:106F300008D0B4F5844F05D0B4F5884F02D0B4F52D
:106F40008E4F0ED1B5420FD818462A4600F026FDC6
:106F5000721B0021284400F02FFD059B00201D60BE
:106F600070BD6FF08500FBE76FF08900F8E7F0B5C2
:106F70000F4685B01E461546FAB1002333601A4607
:106F800003A9F9F7F5F8044688B9039803885B0468
:106F900010D5CDE900563B46D0E9091200F081F941
:106FA00004460398F9F7E6FD002C08BF0446204686
:106FB00005B0F0BD6FF08604F3E76FF08904F6E7E3
:106FC00010B50368044643B100F0C9F900232360FB
:106FD000A3886FF30803A38010BD1846FCE72DE9D2
:106FE000FF410C4601689846002305461646039368
:106FF000002939D14FF4A872083000F0DDFCB8F157
:10700000000F204633460CBF4FF400624FF48062FD
:1070100003A9F9F7ADF80446B8B9039F2A1D3988CA
:107020003046F9F721F9044678B96B7968F3000323
:107030006B71D7E90923394600962846B8F1000F4D
:107040000FD0F9F7C5FD044610B12846FFF7B8FF89
:107050000398F9F78FFD002C18BF204604B0BDE857
:10706000F081F9F7D5FDEEE76FF08804EDE7012335
:10707000FFF7B5BF38B50368054614464BB132B1CA
:1070800000F058F9044610B12846FFF799FF204652
:1070900038BD6FF08804FAE72DE9F0411646026822
:1070A00005460F469846F2B14279D2071BD50279C0
:1070B000CAB1B2421AD800F046F9044618B100230A
:1070C000C8F800602B7137B1D8F80030324621463D
:1070D0003846FFF7F1FD2846FFF772FF002C18BF76
:1070E0002046BDE8F0816FF08804E8E76FF089047E
:1070F000E5E71FB501240394089C0294079C0194C2
:10710000069C0094FFF7E2FD04B010BD2DE9F047A6
:1071100088B005469A460023079325F0004323F4E0
:107120007F03B3F1106FDDE91096DDF84880084663
:10713000174623D12B464FF4804207A9F9F718F8D8
:10714000044660B9CDE90368CDE901A90798009725
:10715000D0E909122B4600F00AF9044628B131465D
:107160004846F9F73FFAC8F800600798F9F702FDBA
:10717000002C18BF204608B0BDE8F0876FF08604E9
:10718000EDE7034608461B8803F4E043B3F5805F50
:10719000114602D0B3F5005F01D1F9F723BA6FF0C1
:1071A000850070471C22002100F006BC034668B130
:1071B000017F8A1E012A0BD80329026A03D1012A02
:1071C00001D1FFF73CBE1AB1013A1A6200207047A4
:1071D0006FF096007047C0B2002814BF6FF08500B2
:1071E0000020704700207047704700221A606FF03F
:1071F0008600704700230B606FF0860070472DE912
:10720000F04147683F0A04460D461646984611D19C
:1072100007887F0407D44346324629462046BDE806
:10722000F041FFF7AEBF00F0D1F810F1860FF2D0B9
:10723000BDE8F0816FF08600FAE72DE9F04F47686E
:1072400085B03F0ADDE90E9ADDF840B004460D46F0
:107250001646984615D1CDE901ABCDF8009000F067
:10726000A7F810F1860F0ED1434632462946204634
:10727000CDE90FABCDF8389005B0BDE8F04FFFF782
:10728000B1BD6FF0860005B0BDE8F08F10B4446862
:10729000240A02D110BCFFF7EFBD6FF0860010BCCE
:1072A00070472DE9F34747683F0ADDE90A9A04462B
:1072B0000D461646984611D1CDE9009A00F06AF8BD
:1072C00010F1860F0CD14346324629462046CDE9BF
:1072D0000A9A02B0BDE8F047FFF717BE6FF08600CC
:1072E00002B0BDE8F08713B504464868000A0AD129
:1072F0000498009004F10800F9F75AFD08B91C231E
:10730000236002B010BD6FF08600FAE710B4046885
:107310001C2C03D110BC0830F9F776BD6FF0860045
:1073200010BC704703681C2B02D1083000F054B920
:107330000020704703681C2B02D1083000F027B9E9
:107340006FF08600704710B404681C2C03D110BC89
:10735000083000F025B96FF0860010BC7047036854
:107360001C2B02D1083000F027B90020704710B460
:107370004468240A02D110BC00F036B96FF08600D0
:1073800010BC704700F0C5B900F0E6B900F031BAA2
:10739000F9F75EBC10B4048804F44F44B4F5824F8E
:1073A00002D110BC00F04CBA6FF0850010BC7047E1
:1073B00010B4048804F44F44B4F5824F02D110BCD9
:1073C00000F06EBA6FF0850010BC704710B40488EE
:1073D00024F0FF04B4F5E24F02D110BC00F0B3BAC0
:1073E0006FF0850010BC7047024612F8103B43F363
:1073F000C01303F0870312F8011D83EA4103904292
:1074000013704FEA1323F6D170472DE9FF47054665
:107410008846144622B3D0F8486100F5947786B9BF
:10742000A0444FF010090DF10C0A102CA8EB040237
:1074300037D823463946384600F0F5F9C5F84841B3
:107440000EE0C6F110094A450FD8B919134608468F
:10745000424600F0E8F9D5F848312344C5F84831F0
:107460000026304604B0BDE8F087B9F1000F08D01F
:10747000B91942464B46084600F0D5F9103EC844BB
:10748000344403AB1022019300923B463946284610
:10749000FFF73CFF06460028C2D02846FFF742FF10
:1074A000DFE710233946384600F0BDF9CDE9009AF0
:1074B0003B46102239462846FFF728FF064600289B
:1074C000EBD1103CB1E72DE9F0439846D0F84831B4
:1074D000102B174685B00446894600F5947500F5D3
:1074E0009C721CD12946284600F09DF903AB10225E
:1074F000019300922B4629462046FFF707FF0646D8
:1075000030B93A462946484600F048FAC8F80070B3
:107510002046FFF707FF304605B0BDE8F083C618E8
:10752000104696F8283183F0800386F82831FFF75B
:107530005BFF10230246D5E7F0B5D5B004460E46F2
:10754000174600214FF4A67201A81D4600F034FA38
:1075500021463B46324601A8F9F7A2FB044680B912
:107560005A9A294601A8FFF750FF044648B9DDE9B9
:107570005C235B9901A8FFF7A6FF0446204655B09F
:10758000F0BD01A8FFF7CEFEF8E7F9F7AFBB90F822
:107590004C31022B01D1FFF738BF6FF088007047E4
:1075A00010B490F84C41022C02D110BCFFF78BBFF5
:1075B0006FF0880010BC704710B590F84C31022B6A
:1075C000044607D1FFF7AEFE4FF4A8720021204613
:1075D00000F0F2F9002010BD08B54FF490720021C0
:1075E00000F0EAF9002008BD10B4048804F44F4408
:1075F000B4F5824F02D110BCF9F760BC6FF0850082
:1076000010BC70472DE9F04F89B005460E461C4668
:1076100002EB030800F5947A0DF110090F2CA8EB8A
:10762000040704D81CBB002009B0BDE8F08FD5F8D2
:107630002831002E03F1010303AA4FF0100BC5F807
:10764000283151460CBF3B464B460192CDF800B065
:107650005A462846FFF75AFE0028E5D12EB15B4670
:1076600032464946384600F0DEF8103CD6E7D5F8F9
:1076700028310133C5F82831102203AB0193009261
:107680000DEB020305F594712846FFF73FFE002835
:10769000CAD136B12346324604A9384600F0C3F8B1
:1076A000C1E7224604A9384600F078F9BBE72DE986
:1076B000F3410546884616461F460246302301A977
:1076C0000020FFF765FE044658B9019B43450CD3E3
:1076D0003EB1302F0CD83B4632462946284600F0B2
:1076E000A2F8204602B0BDE8F0816FF09304F8E7FD
:1076F0006FF08504F5E710B58CB030236A46044678
:10770000FFF780FF18B969462046F9F7A3FB0CB0D4
:1077100010BD10B504468CB000F5A070FFF755FA07
:1077200000213022684600F047F969462046F9F703
:1077300091FB78B9034602464FF4C0716846FFF7E3
:10774000B6FF38B969462046FFF7D5FF10B90123C7
:10775000C4F838310CB010BDF0B500F5A0768DB08E
:10776000044630460F461546FFF732FA18B16FF05F
:1077700083000DB0F0BDD4F83831A3B3B5F5803F28
:1077800034D8D4F83C211AB942F21072934211D97C
:1077900000231A464FF480716846FFF788FF0028DF
:1077A000E7D169462046FFF7A6FF0028E1D1012373
:1077B000C4F838312B463A4600212046FFF722FF15
:1077C0000028D6D101462046FFF795FF0028D0D1EA
:1077D000D4F838310133C4F838313046FFF7FEF9B8
:1077E0000028C6D0C3E76FF08800C2E76FF08600BC
:1077F000BFE710B50446FFF795FD04F5A070FFF74D
:10780000E6F94FF4AC720021204600F0D5F80020D4
:1078100010BD03460144002013F8012B8B4240EABF
:107820000200F9D1704730B50B4411F8014B12F842
:10783000015B994284EA050400F8014BF5D130BDA3
:10784000F8B5054614462F8807F4E04CBCF5804F88
:107850001846DDE9063606D19A421ED800F09EF899
:1078600034600020F8BD47F21212974202D06FF048
:107870008500F7E7640001349C420ED86B883460C1
:107880000422B3F5807F0270F1D10130F9F794FC46
:107890000028E6D06FF08600E4E76FF08900E1E7AA
:1078A0002DE9F0411F460388DDF820800E4644F2A2
:1078B00012118B42154642882ED047F212118B428C
:1078C0003BD102B9EA00B2F5807F36D1202D03D03A
:1078D0006FF08600BDE8F08129463046FFF799FF3A
:1078E0000028F5D03046F9F753FC0028F0D1D8F83D
:1078F000004034F48074EBD1069B9D4220D82A4688
:107900003146384600F04AF8079B1D604FF48073FB
:10791000C8F800302046DDE71AB9EB07D8D56A0869
:10792000D200B2F5807F08D1412DD1D13378042B1C
:10793000CED1701CF9F736FCD7E76FF08500C9E7A8
:107940006FF08900C6E7F8B50C46478801881E46E7
:1079500047F21213FD1D99424FEAD50502D06FF090
:107960008500F8BD954216D829462046F8F73AFE1C
:107970000028F6D129462046FFF74BFF0028F3D018
:10798000B7F5807FEBD12046F9F702FC0028EBD158
:1079900020233360E5E76FF08900E2E70A44914273
:1079A00000F1FF3300D1704710B511F8014B03F817
:1079B000014F9142F9D110BD02440346934200D1D8
:1079C000704703F8011BF9E7044608B5FAF7E8F930
:1079D0002046EBF7E5F910B501390244904201D198
:1079E000002005E0037811F8014FA34201D0181BD5
:1079F00010BD0130F2E710B50139034632B111F87C
:107A0000014F03F8014B013A002CF7D11A44002131
:107A1000934200D110BD03F8011BF9E710B50246EF
:107A200001448A42134603D01C780132002CF8D15D
:107A3000181A10BDF0B5C3F137070446FFB203F0C2
:107A40001F031046082BE6B233D0102B3ED065083A
:107A5000A40844EA817445EAC1752D194FEA9102E0
:107A600042EB5102290941EA02716D1842EB1212F0
:107A7000290A41EA02616D1842EB1222290C41EAFF
:107A800002416D1842EB1242AD1842F10002EC08BF
:107A900044EA4274D10804EB8402A6EB4205EDB23D
:107AA000092D0CD90134A5F10A0541F10001EDB20F
:107AB00012E0E40844EA417406F00705C9083035CD
:107AC00054EA010200F8015BBCD1F0BD240944EA8C
:107AD000017406F00F050909092D84BFED19EDB2F7
:107AE000EDE7D1E9043293421EBF5A1C0A611870B7
:047AF00070470000DB
:087AF4008E5EFE7F0100000020
:107AFC00C12F01000000000000000000D47B020038
:107B0C00E5620200000000006DE6010000000000CC
:107B1C0091E6010000000000000000000C7C020057
:107B2C0000000000F07B0200ADB30100000000007B
:107B3C0091CC010000000000475A02000000000038
:107B4C0000000000287C0200CDC0010000000000F5
:107B5C00D913010000000000D92D01000000000025
:107B6C0000000000447C02006DCD0100000000000C
:107B7C00B1E901000000000000000000607C020080
:107B8C00000000007C7C0200D930010000000000E5
:107B9C00C359020000000000CD5902000000000093
:107BAC0000000000987C0200B933010000000000C6
:107BBC000121010000000000111F01000000000065
:087BCC00253202000000000058
:107BD400ACC40200808A0200847E0200DA260020FF
:107BE400605D00205DB1010000000000E5C40200FA
:107BF400988A0200487E0200DE260020F85D0020FC
:107C040081B8010000000000F3C40200AC8A020045
:107C1400487E0200E0260020045E002081B80100B6
:107C240000000000D5C4020000000000407E0200F5
:107C3400DC260020B45D0020D1B501000000000066
:107C4400B1C70200000000000C8B0200E6260020F1
:107C5400885E002081C401000000000090C402007E
:107C640000000000347E0200D8260020000000003E
:107C740005AB010000000000D0C502002026002052
:107C84006C7E0200E2260020105E0020E95402000F
:107C9400000000005CC60200DC8A0200A07E020034
:107CA400E4260020645E00208DBD01000000000079
:107CB400615A0200655A0200000000004F320200BF
:107CC400000000004F320200105E002009DF0100B6
:107CD400000000004F320200000000004F3202009A
:107CE40098240020BB54020001DA0100655A020006
:107CF400000000004F320200000000004F3202007A
:107D0400000000004F320200000000004F32020069
:107D1400000000004F320200B45D00203DB60100B7
:107D2400000000004F320200000000004F32020049
:107D3400000000004F320200000000005DC101009D
:107D4400000000004F320200000000004F32020029
:107D5400000000004F320200000000004F32020019
:107D6400000000004F320200000000004F32020009
:107D7400000000004F32020000000000F1CC0100BE
:107D8400000000004F320200000000004F320200E9
:107D9400000000004F320200000000004F320200D9
:107DA400000000004F320200000000004F320200C9
:107DB400000000004F320200000000004F320200B9
:107DC400000000004F320200000000004F320200A9
:107DD400000000004F320200000000004F32020099
:107DE400000000004F320200000000004F32020089
:107DF400000000004F320200000000004F32020079
:107E0400000000004F320200000000004F32020068
:107E1400000000004F320200000000004F32020058
:107E2400000000004F320200000000004F32020048
:0C7E340029AF0100D9AC01005802000089
:087E40007DB50100CDB4010085
:107E4800B1B601000F5402001D540200355402005F
:107E5800415402004D540200BDB8010067540200AD
:047E68000000000016
:107E6C0081BB010000000000E1B90100000000002E
:087E7C00000000003F55020068
:107E8400B5B1010077530200DB530200000000008B
:0C7E94001353020000000000000000007A
:107EA00011580200755802002F580200475802006E
:107EB0000000000061580200000000000000000007
:107EC00000000000000000000000000000000000B2
:107ED00000000000000000000000000000000000A2
:107EE000050000006169010006000000319A0100F0
:087EF000040000006D7C01009C
:107EF800C1FF0000DDFF00000000000000000000DE
:107F08000000000000000000000000000000000069
:107F180034890200080000002085020007000000E4
:107F28004C86020005000000AC8502000800000035
:087F3800A08302000C00000010
:107F40009DC402000300000004A40200030000001E
:107F50000DB40200030000000EB502000300000093
:107F600077BD020003000000E5A802000300000046
:107F70002DB90200030000006CC2020003000000E3
:107F8000ECA802000300000054B602000300000049
:107F900006BF02000300000038B202000300000028
:107FA000B5B402000300000064C202000300000038
:107FB000BFBA020003000000D5A8020003000000C1
:107FC000CEC7020003000000BCC70200030000008F
:107FD0005DC202000300000099A20200030000003D
:107FE000C7C4020003000000EBA30200030000006E
:107FF00001C5020003000000DDC50200030000000F
:1080000078A1020003000000BDA2020003000000EE
:10801000C1A2020003000000009102000300000062
:108020003992020003000000FAC7020003000000BA
:1080300056A8020003000000BAA8020003000000D6
:10804000C2A802000300000020C8020003000000D4
:1080500001C9020003000000EEA1020003000000BD
:1080600067C6020003000000679B020003000000D7
:10807000D1A8020003000000AAA202000300000031
:10808000F4840200445B0020ACA302000100000065
:10809000000000000300000030000000600000004D
:1080A000000000001FB1020024B1020028B102004C
:1080B0002CB1020030B1020034B1020038B102002C
:1080C0003CB1020040B1020044B1020048B10200DC
:1080D0004CB1020050B1020054B1020058B102008C
:1080E0005CB1020060B1020064B102000100010055
:1080F000000101000001000100000100010000007A
:1081000001000B0002000A00050009000A00080037
:10811000140007001E000600320005004B0004009A
:108120006400030096000200FA000100F401000060
:10813000F401FA00960064004B0032001E001400A7
:108140000A000500020001000C0802170D010102DF
:1081500009090101060209181803010109098383AD
:1081600085030201230202240910040405050B0BF8
:10817000040B2B1B1B159A9A1C021D161305014993
:108180000D150508061B1B0F01010000FEFEFEFE7B
:10819000FEFEFEFEFEFEFEFEFEFEFEFEFEFEFEFEFF
:1081A000FE16FEFEFEFEFEFEFEFEFEFEFEFE1F1F95
:1081B000FE26FEFEFEFEFEFEFEFEFEFEFEFEFEFEB7
:1081C000FEFEFEFE3E3EFEFEFEFE3B3BA301B10375
:1081D000BF05EF024906A309C505F50B25120000EE
:1081E000010000001011004000000000000000002D
:1081F00000000000000000000406080A0C0E101227
:108200001416181C1E20222426282A2C2E30323424
:1082100036383A3C3E40424446484A4C4E021A5098
:10822000000000002800000018000000000000000E
:10823000141E000030110000000000007017000044
:10824000A00F00000000DC05E803000000000000B3
:10825000141E00003011000000002CA6E0A1000058
:108260003408E803D8ECF0F4F8FC00020304050637
:1082700007080000000000000000000000000000EF
:1082800000000000000001010101020202020303DC
:108290000303040404040505050506060608090091
:1082A00000000000000000000000000000000000CE
:1082B00000000001010101020202020303030304A2
:1082C0000404040505050506060708090A0B0C0D3C
:1082D00000100200FA00000001030062746C6500E7
:1082E000000000000000000000000000000000008E
:1082F000000000000000000000000000000000007E
:10830000000000000000000000000000000100006C
:108310000338FDD870470000F5E2000000000000BF
:1083200015E3000085E20000059002006190020064
:10833000D6970200000000000B9202001C9202007F
:108340002A92020001000000040000000500000065
:108350000F0000001900000032000000960000002D
:10836000FA000000F4010000E8030000F19A0200A6
:10837000F89A02001A9B0200379B020075920200D5
:10838000D6970200559B0200619B0200607C0200B0
:1083900001010203284001010000C2010C0000009D
:1083A000A08C02008B4902000000000081C902007D
:1083B000000001009C8C0200FB4A0200000000004B
:1083C000F42300200000010070C9020045FD0000F8
:1083D000000000000000000000000100988C020076
:1083E0005D49020055850100D023002000000300F4
:1083F000948C0200FB4A020000000000C823002009
:10840000000001005FC90200000000000000000041
:108410000000000000000000908C02005D49020096
:1084200055850100A4230020000003008C8C02006D
:10843000FB4A0200000000009C2300200000010015
:108440004EC9020000000000000000000000000013
:1084500000000000888C02005D4902005585010083
:108460007823002000000300848C0200FB4A0200F5
:108470000000000070230020000001003DC9020040
:108480000000000009FE00000000000000000200E3
:1084900009080000D99C020001010000D22600203A
:1084A00003040000CE2600207035002000040000E8
:1084B000A12F0200432F02000200000051310200F0
:1084C00000000000000000000000000000000000AC
:1084D00090A3020098A3020000000000000000002A
:1084E000000000007F920200A0A30200A4A30200EB
:1084F000A8A30200C91D0100BD1D0100ED1D010062
:10850000A51D010000000000B11D010000000000D9
:10851000491E01004C5B00209B63002010000000FE
:10852000CC8C02008B49020000000000C88C0200C5
:1085300000000100C48C0200FB4A020000000000A1
:108540001824002000000100BC8C0200F131020060
:10855000000000000000000000000100B88C0200D4
:10856000FB4A02000000000010240020000001006F
:10857000B08C0200BD3102000000000000000000CD
:1085800000000100AC8C0200FB4A02000000000069
:108590000824002000000100A48C0200E51E010058
:1085A000000000000000000000000100FC8C020040
:1085B0008B49020000000000F88C0200000001005E
:1085C000F48C0200FB4A020000000000542400204A
:1085D00000000100EC8C0200000000000000000020
:1085E0000000000000000000E88C02005D4902006D
:1085F000558501003024002000000300E48C0200B7
:10860000FB4A0200000000002824002000000100B6
:10861000DC8C0200211F01000000000000000000AF
:1086200000000100D88C0200FB4A0200000000009C
:108630002024002000000100D08C02000000000077
:10864000A91F01000000000000000200188D0200B8
:108650008B49020000000000148D020000000100A0
:10866000108D0200FB4A0200000000008024002060
:1086700000000100088D02003D2001000000000004
:108680000000000000000100048D02005D490200AE
:10869000558501005C24002000000300008D0200CD
:1086A000654B0200000000001C8D0200000001006C
:1086B000C02000200000000000000B0602000000A7
:1086C000C486020000000000A6A8020024000206E2
:1086D00000000020AEA8020020000B11882400201A
:1086E000652E010000000000D9320200E086020081
:1086F000FC8602000001000000000000A09C002099
:10870000E0860200108702002E000000000000003A
:10871000F0A90020E0860200248702000201000088
:1087200000000000C4AA002068B1020086B1020067
:10873000A1B10200B1B10200BEB10200C7B1020096
:10874000CEB10200D5B10200DCB10200E4B10200FA
:10875000BEB10200ECB10200FEB1020013B2020091
:1087600026B202000E030000DD4601000F040000E7
:10877000A94601001A0100004D3201000504000065
:108780006532010013010000C53401003E01000004
:108790003D37010001120000D53602000A1E00001C
:1087A00003370200FF010000B13801003E01000064
:1087B0009138010005040000B132010008040000F6
:1087C000313D010030030000A53C01001001000014
:1087D0005933010001120000BD4301000A1E0000D0
:1087E000C1370200030900004D3A0100040B0000EC
:1087F00071340100060A0000E5450100070A000087
:10880000293301000C050000F5320100050C0000C1
:1088100021450100E0860200248802004700000094
:1088200000000000E0AB0020ACB80200B9B80200C4
:10883000D9B80200CDB80200E4B80200FBB80200CB
:108840000BB902007CBC02001FB90200E0860200E6
:108850005C880200000000000000000000AD002065
:10886000E0860200708802000001000000000000A5
:1088700028AD00208B3D0200DD3D0200000000001D
:108880000000000000000000696C01000000000012
:1088900000000000000000000000000002020100D3
:1088A000374302000404010051780100060601006C
:1088B00091770100080401007D7601000A020100A1
:1088C0001F4302000C040100074302000E040100D4
:1088D0005975010020040100C57401001004010055
:1088E000D573010012020100A94202001604010022
:1088F000BD78010018010100817201001E00040012
:10890000C7460200520200007F420200E0860200D9
:108910001C8902000201000000000000A0B000203D
:10892000E086020030890200F7000000000000002D
:10893000A0B40020508D02008B490200000000000E
:108940004C8D020000000100488D0200FB4A02002D
:1089500000000000D025002000000100408D020032
:108960000000000000000000000000000000000007
:108970003C8D02005D49020055850100D82500208C
:1089800000000300388D0200FB4A020000000000D6
:10899000C825002000000100308D0200C3490200FC
:1089A0001186010000000000000003002C8D020071
:1089B000FB4A020000000000C0250020000001006A
:1089C000248D0200718901000000000000000000F9
:1089D00000000100AD9901004D51020011A40100F9
:1089E0000000000000000000E5A001000000000001
:1089F0000000000000000000000000000000000077
:108A000000000000599B010006000000194F020001
:108A10000600000015970100100000008993010076
:108A200010000000B1A3010001000000474D02004A
:108A300010000000154F02000A0000005D9A0100BE
:108A400010000000C9A10100070000001D4F020036
:108A500010000000154E020001000000E99801001E
:108A600040000000B94E020010000000354E020028
:108A70000100000019B10100E9B001000000000090
:108A800065B20100E5B10100BBC40200055402005B
:108A900001540200C1C40200FF03000000030050A3
:108AA000982400200000000001000000FFFFFFFFED
:108AB000000000509824002000000000000000008A
:108AC00000300040CC8A020001000000D48A02007D
:108AD000020000001400000C0E00000B00000080DB
:108AE000FFFFFF7F0000008000000080FFFFFF7F8E
:108AF00000000080881300000000000016CB020078
:108B000000FF08000C7C02000C0000006DC3010097
:108B1000AB580200D9580200080000000300000012
:108B2000B7C80200C5C80200D9C80200E8C80200E0
:108B3000F4C80200FC7A0200FC7A0200547B0200B6
:108B40005C7B0200BC7B0200D47B020004C90200F3
:108B50000001000000000000B9790200512563FC0B
:108B6000C2CAB9F3849E17A7ADFAE6BCFFFFFFFFA8
:108B7000FFFFFFFF00000000FFFFFFFFAAAAAAAA55
:108B8000AAAAAAAAAAAAAAAA5555555555555555ED
:108B9000555555550000000055555555522563FC57
:108BA000C2CAB9F3849E17A7ADFAE6BCFFFFFFFF68
:108BB000FFFFFFFF00000000FFFFFFFF512563FCE8
:108BC000C2CAB9F3849E17A7ADFAE6BCFFFFFFFF48
:108BD000FFFFFFFF00000000FFFFFFFF96C298D8D5
:108BE0004539A1F4A033EB2D817D0377F240A463D6
:108BF000E5E6BCF847422CE1F2D1176BF551BF37DF
:108C00006840B6CBCE5E316B5733CE2B169E0F7CB1
:108C10004AEBE78E9B7F1AFEE242E34F4B60D2277E
:108C20003E3CCE3BF6B053CCB0061D65BC86987674
:108C300055BDEBB3E7933AAAD835C65AFCFFFFFF00
:108C4000FFFFFFFFFFFFFFFF00000000000000002C
:108C50000000000001000000FFFFFFFF6472616779
:108C60006F6F6E2F6C6962732F73636865642F7307
:108C700072632F73636865645F68616C5F727463AD
:108C80002E630000000003280000022900000328D2
:108C90000000022900000328000002290000032828
:108CA000000000280000042A0000042A0000032815
:108CB0000000012A0000012A000003280000002A09
:108CC0000000002A0000032800000018000000280F
:108CD0000000392A0000392A000003280000382A41
:108CE0000000382A00000328000002290000372A6B
:108CF0000000372A0000032800000D18000000289B
:108D000000000429000002290000192A0000192A85
:108D10000000032800000F18000000280400AD2701
:108D20000100060100002A2B00002A2B0000032866
:108D30000000292B0000292B000003280000022935
:108D40000000052A0000052A000003280000011881
:108D50000000002864757479207365743A202575C5
:108D600020732077696E646F77206576657279204D
:108D7000257520732028257525252900424F544844
:108D80002048454C44204C4F57202D2D2073686FB0
:108D900072746564207261696C206F7220474E4462
:108DA0002062726964676500626F74682072656C26
:108DB00065617365642C20627573206C6F6F6B73D3
:108DC000206865616C7468790053434C2048454CB9
:108DD00044204C4F57202D2D206272696467652016
:108DE0006F6E2055352E313120286E6F20736C61E7
:108DF00076652063616E20646F2074686973290052
:108E00005344412048454C44204C4F57202D2D20A1
:108E1000737475636B20736C617665206F7220626A
:108E20007269646765206F6E2055352E31300020E1
:108E300028617070207265717565737465642900AE
:108E40005B424C455D0066696E676572206F6E2CF3
:108E500020616371756972696E67006E6F20666963
:108E60006E6765720020286E6F2066696E67657296
:108E7000290072696E67206669726D77617265207C
:108E80007374617274696E670069326330206F7247
:108E900020626F6F737420726567756C61746F7296
:108EA000206E6F74207265616479004255532020F2
:108EB0002069646C65206C6576656C733A20534458
:108EC000412850302E3230293D25642053434C2810
:108ED00050302E3134293D256420202D3E2025732D
:108EE000004255532020207265636F7665722025FD
:108EF000643A2072633D2564202D3E205344413D59
:108F000025642053434C3D256400425553202020C6
:108F100072656C6561736564206166746572202595
:108F200064207265636F766572792070617373284F
:108F30006573290042555320202053444120737407
:108F4000696C6C206C6F7720616674657220726545
:108F5000636F76657279202D2D206E6F74206120ED
:108F60006C61746368656420736C6176653B207323
:108F7000757370656374206120627269646765202F
:108F800066726F6D2055352E31302F534441207459
:108F90006F20474E44004D41584D38363136312010
:108FA0006E6F7420726573706F6E64696E672028CF
:108FB0002564292C20617474656D7074202564000B
:108FC00042454E43485F504F5745525F4C45442001
:108FD0006F6E3A20677265656E2068656C642073F9
:108FE0006F6C69642C20626F6F7374206E65766598
:108FF0007220736C65657073007374617465202DE5
:109000003E2025730069646C65006261747465724A
:1090100079202564206D56006D6F74696F6E20771E
:10902000616B6500626F6F737420656E61626C6561
:10903000206661696C6564202825642900505047CA
:10904000207374617274206661696C6564202825E0
:109050006429007374617465202D3E202573257387
:10906000006D6561737572696E6700756E65787005
:109070006563746564204649464F207461672030FB
:1090800078253032782028646174612025752900A4
:109090006265617420202025752E25752062706D13
:1090A0000064632025642020616320256420205013
:1090B000492025642E256425252020485220257529
:1090C0002E25752062706D20257300646320256451
:1090D00020206163202564202050492025642E250E
:1090E000642525202028257329004649464F2072F3
:1090F000656164206661696C6564202825642900C7
:109100006D61696E0030782530327820206261729E
:10911000653D256420207074725F77726974653DC7
:109120002564202073706C69743D2564283078258F
:10913000303278292020726573746172743D256421
:109140002830782530327829003078253032782060
:10915000616E737765726564206275742050415248
:10916000545F4944206973203078253032782C20B0
:1091700065787065637465642030782530327800D6
:109180004D41584D383631363120666F756E64204A
:109190006174203078253032782028504152545F55
:1091A0004944203078253032782C205245562030E2
:1091B00078253032782900777269746520307825F7
:1091C000303278203D203078253032782066616951
:1091D0006C65642028256429005050472072756E04
:1091E0006E696E673A2025732C2050412030782517
:1091F00030327820287E25752E25303275206D413D
:10920000292C2031303020737073004C45443120BC
:10921000677265656E203533306E6D004C454432A3
:10922000204952203838306E6D004C45443320724E
:109230006564203636306E6D006D61786D3836317C
:1092400036310009636F6E76657273696F6E2072D6
:109250006573756C74206973206F7574206F662058
:1092600072616E67650A00475352202020414443D3
:10927000206E6F74207265616479002025753D65EC
:109280007272002025753D25646D560047535220AB
:10929000202041494E207363616E2028696E646509
:1092A000783D6D562C20657870656374207E35306E
:1092B00030206F6E207468652050302E3033206F60
:1092C0006E65293A25730020636825753D657272C5
:1092D00025640020636825753D25646D560047535D
:1092E000522020206368616E6E656C20412F422CF5
:1092F00020696E70757420666978656420617420D9
:1093000041494E313A257300475352202020706165
:10931000746820412F423A206474207261773D25A1
:1093200064206572723D25642F25642F25642073A7
:1093300065717B63683D30782578207265733D25C3
:1093400075206F76733D25752063616C3D25757DB5
:10935000207C7C2068616E64207261773D256420EA
:109360006572723D25642F256400475352202020EA
:10937000647420737065633A2063685F69643D2597
:109380007520696E7075745F703D257520696E700B
:1093900075745F6E3D257520646966663D25752090
:1093A0006761696E3D2575207265663D2575206192
:1093B00063713D2575207265733D25750020202061
:1093C0002869646C652900475352202020256420B9
:1093D0006D56202042454C4F572042494153206250
:1093E00079202564206D56202D2D206375727265BD
:1093F0006E7420696E6A65637465642C206E6F7488
:1094000020736B696E004753522020202564206D25
:1094100056202025642E256420755325730063682B
:1094200061726765722061747461636865642C2081
:109430006368617267696E6720656E61626C6564FE
:10944000006F6E20626174746572792C2043442031
:109450006869676820666F722049324300504D4941
:10946000432020257320287374617475732030782D
:1094700025303278290044495341424C4544202844
:1094800043453D312900484947482D5A006E6F74C5
:1094900020686967682D5A0064697361626C65644D
:1094A000004C534D36445356004C534D364453569E
:1094B000313642580020202D2D206E656172207AB1
:1094C00065726F3B206F70656E20656C65637472AA
:1094D0006F6465732073686F756C642069646C6574
:1094E00020617420565F52454620287E353030205A
:1094F0006D5629007261696C2072656163686573DD
:10950000207468652070696E00535455434B204C9D
:109510004F57202D2D205537206E657665722067B8
:1095200065747320706F776572006E6F6465206676
:1095300072656520286F702D616D70206E6F7420CC
:1095400064726976696E6720697429006E6F64655C
:109550002048454C44204C4F57202D2D20627269E5
:10956000646765206F72204331302073686F7274B6
:109570000064726976656E20686967680073657259
:1095800069657320696D706564616E63652C206E1A
:109590006F7420612073686F72743A206661756C15
:1095A00074206973205537202F205233202F2052EA
:1095B00034202F20565F5245462073696465004869
:1095C0004152442053484F5254206F6E20746865B6
:1095D000204753525F414443206E65743A2055350D
:1095E0002E31392C205236206F7220433130004109
:1095F000637469766520426174746572792C2049C0
:10960000324320656E61626C65640048692D5A2C96
:1096100020504D494320493243204F4646002D2DCE
:109620002D2D20626F6172642073656C662D7465E8
:109630007374202D2D2D2D00504D49432020425173
:1096400032353132304120403078253032783A207E
:10965000726573746172743D2564207074725F77F3
:10966000726974653D25642073706C69743D25646E
:109670002830782530327829207265675F777269E3
:1096800074653D256400504D4943202042513235D8
:109690003132304120403078253032783A202573FD
:1096A00020202873746174757320307825303278E7
:1096B0002C206661756C74732030782530327829DF
:1096C00000504D49432020636861726765206375CF
:1096D0007272656E74202564206D41202D3E20320B
:1096E00030206D4100504D4943202063686172670E
:1096F000652063757272656E74202564206D412C3F
:1097000020636861726765722025732C20257320A1
:10971000202830783033203D2030782530327829A9
:1097200000504D4943202054532025732C2066615E
:10973000756C743A20257320202830783032203D13
:10974000203078253032782900504D49432020546C
:1097500053206D6F6E69746F722064697361626CFF
:10976000656420286E6F204E5443206669747465CA
:10977000642900504D494320206E6F206368617258
:109780006765722070726573656E74202D2D20439D
:10979000442068656C64206869676820666F722081
:1097A00049324300504D4943202063686172676528
:1097B00072206465746563746564202D2D204344B4
:1097C0002064726976656E206C6F7720746F2065F7
:1097D0006E61626C65206368617267696E670050D4
:1097E0004D49432020616674657220656E61626C2C
:1097F000653A2025732020287374617475732030B6
:1098000078253032782900504D4943202056494E62
:10981000206F766572766F6C7461676500504D4994
:1098200043202056494E20756E646572766F6C74C5
:1098300061676500504D4943202062617474657210
:10984000792055564C4F00504D4943202062617499
:1098500074657279206F76657263757272656E7465
:109860000042415454202072656164206661696C35
:109870006564202825642900424154542020256431
:10988000206D5620202825752525206F66205642FC
:1098900041545245472C202B2F2D3432206D562019
:1098A0006D6F6E69746F72207265736F6C75746919
:1098B0006F6E2900494D552020204C534D3644539E
:1098C0005620403078253032783A206E6F20616E15
:1098D00073776572202825642900494D5520202082
:1098E000756E6B6E6F776E2057484F5F414D5F49C5
:1098F000203078253032782061742030782530325D
:109900007800494D552020204354524C3120777225
:10991000697465206661696C656420282564290086
:10992000494D55202020616363656C207265616438
:10993000206661696C6564202825642900494D55BD
:109940002020202573204030782530327820285779
:10995000484F5F414D5F4920307825303278293AB1
:1099600020616363656C20256420256420256420C4
:10997000202D3E202564202564202564206D67006D
:1099800047535220202072656164206661696C65CE
:109990006420282564290047535220202041494E45
:1099A00031202850302E303329203D202564206D71
:1099B000562077697468204753525F505752206F82
:1099C0006E2573002025753D2564004753522020E5
:1099D00020647572696E672073776565703A2047F9
:1099E00053525F5057522050494E5F434E463D30D0
:1099F0007825303878204F55543D2575004753520F
:109A0000202020736574746C652073776565702001
:109A1000286D733D6D56293A257300475352202017
:109A2000204753525F5057522850302E3131292051
:109A300064726976656E2068693D2564206C6F3DAF
:109A40002564202D3E2025730047535220202047B7
:109A500053525F4144432850302E303329207075D3
:109A60006C6C2D75703D25642070756C6C2D646F69
:109A7000776E3D2564202D3E2025730047535220EC
:109A800020204753525F41444320666F72636564F0
:109A900020686967683A20726561647320256420D4
:109AA0002D3E2025730050494E532020434420284A
:109AB00050312E303929203D202564205B25735DEF
:109AC0002C20204143435F494E54202850302E31F2
:109AD0003629203D202564002D2D2D2D2073656C09
:109AE000662D7465737420646F6E65202D2D2D2D89
:109AF000006E6F726D616C006F7574206F662072FE
:109B0000616E6765202D204348415247494E4720EA
:109B100053555350454E44454400636F6F6C202DA0
:109B2000206368617267652063757272656E742068
:109B300068616C766564007761726D202D206368C2
:109B40006172676520766F6C746167652072656409
:109B5000756365640063686172676520646F6E6534
:109B6000004641554C540073656C6674657374000F
:109B70007075626C69630072616E646F6D00707500
:109B8000626C69632D69640072616E646F6D2D692A
:109B90006400253032583A253032583A2530325850
:109BA0003A253032583A253032583A25303258204A
:109BB00028257329006F666600636F6E74726F6C80
:109BC0003A205050472073747265616D696E67204A
:109BD000257300636F6E74726F6C3A20494D552087
:109BE00073747265616D696E6720257300636F6EB3
:109BF00074726F6C3A206D656173757265206E6F5B
:109C00007700636F6E74726F6C3A2064757479209C
:109C1000257520732065766572792025752073007F
:109C2000636F6E74726F6C3A20756E6B6E6F776EC9
:109C3000206F70636F646520307825303278006360
:109C40006F6E6E656374656420746F2025730063A6
:109C50006F6E6E656374696F6E206661696C6564B2
:109C600020283078253032782900646973636F6E5C
:109C70006E65637465642028726561736F6E203051
:109C80007825303278290062745F656E61626C6598
:109C9000206661696C65642028256429006164760A
:109CA0006572746973696E67206661696C656420AA
:109CB000746F2073746172742028256429006164B4
:109CC000766572746973696E672061732025732CE1
:109CD00020616464722025730052696E67205050C1
:109CE000470073657276696365733A2048656172EF
:109CF0007420526174652C20426174746572792CF1
:109D00002052696E67006E6F20616E7377657220F6
:109D10006174203078253032782028256429007538
:109D20006E65787065637465642057484F5F414D78
:109D30005F49203078253032780025732061742007
:109D40003078253032780064726976656E206C6FE9
:109D50007720286E657420696E7461637429004FE2
:109D600050454E2C206E6F7468696E67206472696E
:109D700076696E672050302E313600696E636F6EE3
:109D800073697374656E740064726976656E2068B9
:109D9000696768202861737365727465642900704F
:109DA000696E2043414E2064726976652068696758
:109DB000683B2077616B6520726F7574696E6720F0
:109DC000697320746865206661756C740070696ED3
:109DD00020535455434B204C4F573B20494E543150
:109DE000206F757470757420737461676520697372
:109DF00020746865206661756C74006E65742063FC
:109E00006C65616E2C20494D552072656C656173DF
:109E10006573206974004143435F494E54204845AF
:109E20004C44204C4F572065787465726E616C6CA1
:109E300079202D2D2073686F727420746F20474E27
:109E400044206F72206465616420706164007265F3
:109E500061646261636B2042414E4B3D3078253036
:109E600032782049465F4346473D30782530327886
:109E7000204354524C313D307825303278205441C3
:109E8000505F434647303D30782530327820494E88
:109E90004143545F4455523D30782530327800724A
:109EA0006561646261636B2057414B455F54485361
:109EB0003D3078253032782057414B455F4455522C
:109EC0003D307825303278204D44315F4346473D60
:109ED0003078253032782046554E435F454E3D3030
:109EE0007825303278006E6F7420696E2074686552
:109EF000206D61696E207265676973746572206296
:109F0000616E6B202846554E435F4346475F414391
:109F1000434553533D30782530327829202D2D206C
:109F200065766572792077726974652061626F76F3
:109F3000652077656E7420746F2074686520777271
:109F40006F6E67207061676500494E5431206973F8
:109F5000206F70656E2D647261696E202849465FBE
:109F60004346473D3078253032782920616E6420A1
:109F70004143435F494E5420686173206E6F2070E7
:109F8000756C6C2D7570202D2D2069742063616EA9
:109F9000206E6576657220647269766520686967EF
:109FA0006800494E54312069732061637469766595
:109FB0002D6C6F77202849465F4346473D30782512
:109FC00030327829206275742074686520475049C2
:109FD0004F2069732061726D656420666F72206125
:109FE00020726973696E6720656467650077616BCD
:109FF0006520636F6E66696720646964206E6F74A4
:10A0000020737469636B004143435F494E54206E73
:10A01000657420746573743A2070756C6C2D75705E
:10A020003D25642070756C6C2D646F776E3D2564E2
:10A0300020202D3E20257300494E54312064726942
:10A04000766520746573742028445244595F584CD7
:10A050002C203430206D73293A2025642F34303081
:10A060002073616D706C65732068696768202D3E90
:10A070002025730050302E31362050494E5F434E1C
:10A08000463D30782530387820204449523D2575AA
:10A0900020494E5055543D25752050554C4C3D257A
:10A0A00075202833203D2070756C6C2D757029004B
:10A0B000494E54312072656C656173652074657317
:10A0C0007420286F70656E2D647261696E202B207C
:10A0D00070756C6C2D7570293A2070696E3D256421
:10A0E000202D3E2025730077616B652D6F6E2D6DE1
:10A0F0006F74696F6E2061726D65643A20257520FA
:10A100006D672028574B5F5448533D257529202DF6
:10A110003E20494E5431202D3E2050302E256400E3
:10A1200020203C2D2D2057555F49410077616B65FC
:10A1300020646961673A20494E54312070696E3D50
:10A1400025642057414B455F55505F5352433D3086
:10A15000782530327820414C4C5F494E545F535241
:10A16000433D307825303278206973725F666C61C8
:10A17000673D256C64257300696D750068656170C5
:10A1800020636F7272757074696F6E20286E6F74C1
:10A1900020696E207573653F292061742025700049
:10A1A0006865617020636F7272757074696F6E207C
:10A1B00028627566666572206F766572666C6F7769
:10A1C0003F29206174202570006865617020636FED
:10A1D0007272757074696F6E2028646F75626C6539
:10A1E00020667265653F29206174202570006F73B9
:10A1F0005F686561700028756E7369676E656429B4
:10A200002063686172202A207573656420666F720E
:10A210002025257020617267756D656E742E20494A
:10A22000742773207265636F6D6D656E646564205D
:10A23000746F206361737420697420746F20766F6B
:10A240006964202A206265636175736520697420E2
:10A250006D6179206361757365206D6973626568EE
:10A260006176696F7220696E206365727461696ED0
:10A2700020636F6E66696775726174696F6E732EA5
:10A2800020537472696E673A2225732220617267C7
:10A29000756D656E743A25640063627072696E74E0
:10A2A000665F7061636B616765007379735F676593
:10A2B000746F7074006C6F6767696E67006C6F67AE
:10A2C000006C6F675F6D676D74004D6573736167D8
:10A2D00065202822257322292064726F70706564BE
:10A2E00020626563617573652069742065786365B4
:10A2F0006564732073697A65206C696D6974617433
:10A30000696F6E2028257529004D65737361676537
:10A310002064726F70706564206265636175736537
:10A3200020697420657863656564732073697A6554
:10A33000206C696D69746174696F6E2028257529B8
:10A34000000D0A001B5B306D00257320005B25307B
:10A35000386C755D20005B253032753A25303275DA
:10A360003A253032752E253033752C253033755D06
:10A3700020003C25733E200025732F0025733A20D2
:10A3800000253032782000202020007C002563004A
:10A390001B5B313B33316D001B5B313B33336D0055
:10A3A00077726E00696E6600646267006C6F675F4B
:10A3B0006261636B656E645F72747400485253200F
:10A3C0006E6F74696669636174696F6E732025735B
:10A3D00000485253204354524C20506F696E7420F1
:10A3E0005772697474656E20256400687273004248
:10A3F0004153204E6F74696669636174696F6E734F
:10A4000020257300626173002A2A2A20426F6F742C
:10A41000696E67206E524620436F6E6E65637420CE
:10A4200053444B2076332E342E302D393935353385
:10A4300030353536303762202A2A2A0A002A2A2A5D
:10A44000205573696E67205A6570687972204F5382
:10A450002076342E342E302D6266383031653465E6
:10A4600033643139202A2A2A0A0072302F61313AA6
:10A470002020307825303878202072312F61323A10
:10A480002020307825303878202072322F61333AFE
:10A4900020203078253038780072332F61343A200C
:10A4A00020307825303878207231322F69703A2088
:10A4B00020307825303878207231342F6C723A2071
:10A4C000203078253038780020787073723A202058
:10A4D000307825303878004661756C74696E672075
:10A4E000696E737472756374696F6E2061646472EF
:10A4F00065737320287231352F7063293A203078C4
:10A500002530387800556E68616E646C656420494A
:10A5100052516E3A202564002A2A2A2A2A205553AD
:10A52000414745204641554C54202A2A2A2A2A00D0
:10A5300020204469766973696F6E206279207A659C
:10A54000726F002020556E616C69676E6564206DC6
:10A55000656D6F7279206163636573730020204EAF
:10A560006F20636F70726F636573736F7220696EB3
:10A57000737472756374696F6E73002020496C6C1C
:10A580006567616C206C6F6164206F66204558437D
:10A590005F52455455524E20696E746F20504300EF
:10A5A0002020496C6C6567616C20757365206F664F
:10A5B0002074686520455053520020204174746512
:10A5C0006D707420746F206578656375746520758F
:10A5D0006E646566696E656420696E737472756316
:10A5E00074696F6E002A2A2A2A2A2042555320466F
:10A5F00041554C54202A2A2A2A2A002020537461CB
:10A60000636B696E67206572726F72002020556EF1
:10A61000737461636B696E67206572726F7200207C
:10A62000205072656369736520646174612062758E
:10A6300073206572726F72002020424641522041A1
:10A640006464726573733A2030782578002020495D
:10A650006D707265636973652064617461206275F1
:10A6600073206572726F72002020496E7374727568
:10A670006374696F6E20627573206572726F720009
:10A680002020466C6F6174696E672D706F696E74FF
:10A69000206C617A792073746174652070726573BF
:10A6A0006572766174696F6E206572726F72002ACE
:10A6B0002A2A2A2A204D5055204641554C54202AFA
:10A6C0002A2A2A2A002020537461636B696E67204E
:10A6D0006572726F722028636F6E74657874206182
:10A6E000726561206D69676874206265206E6F74A1
:10A6F0002076616C696429002020446174612041E6
:10A7000063636573732056696F6C6174696F6E0063
:10A7100020204D4D46415220416464726573733A66
:10A720002030782578002020496E73747275637428
:10A73000696F6E204163636573732056696F6C6146
:10A7400074696F6E00526573657276656420457832
:10A7500063657074696F6E20280053707572696F3D
:10A76000757320696E746572727570742028495211
:10A77000512000535053454C20696E207468726517
:10A780006164206D6F646520646F6573206E6F7403
:10A7900020696E64696361746520505350002A2AF1
:10A7A0002A2A2A2048415244204641554C54202A06
:10A7B0002A2A2A2A002020427573206661756C744B
:10A7C000206F6E20766563746F72207461626C65B1
:10A7D000207265616400202044656275672065769B
:10A7E000656E740020204661756C7420657363612A
:10A7F0006C6174696F6E20287365652062656C6F8B
:10A80000772900415243485F4558434550542077CB
:10A8100069746820726561736F6E2025780A002A5A
:10A820002A2A2A2A204465627567206D6F6E697432
:10A830006F7220657863657074696F6E202A2A2AAA
:10A840002A2A002A2A2A2A2A202573202564292038
:10A850002A2A2A2A2A006D7075004661696C65648F
:10A8600020746F20616C6C6F63617465206E657716
:10A87000204D505520726567696F6E2025750A005E
:10A88000506172746974696F6E2025753A20636F28
:10A89000686572656E636520636865636B206661D9
:10A8A000696C65642E00464C4153485F300053523A
:10A8B000414D5F300065786974006E65745F627544
:10A8C00066006E65745F6275665F73696D706C6556
:10A8D00000736F630062745F727061004254204CB9
:10A8E000572057510062745F6275660062745F643E
:10A8F00061746100446174612062756666657220EE
:10A900006F766572666C6F7720286C696E6B207449
:10A91000797065203078253032782900556E616273
:10A920006C6520746F206C6F6F6B20757020636F87
:10A930006E6E20776974682068616E646C6520258E
:10A940007500556E61626C6520746F206C6F6F6B63
:10A95000757020636F6E6E20666F722068616E6422
:10A960006C652025750048617264776172652065A9
:10A9700072726F722C2068617264776172652063F5
:10A980006F64653A20256400436F756C64206E6FB8
:10A9900074207375626D69742072785F776F726B63
:10A9A0003A20256400556E61626C6520746F2061E9
:10A9B0006C6C6F63617465206275666665720055C4
:10A9C0006E68616E646C6564206576656E742030B7
:10A9D0007825303278206C656E2025753A202573F5
:10A9E00000657674206E756D5F68616E646C65736A
:10A9F00020283D25752920746F6F206C6172676572
:10AA00002028257A75203E20257529004E6F206369
:10AA10006F6E6E656374696F6E20666F7220686119
:10AA20006E646C65202575007061636B65747320BE
:10AA3000636F756E74206D69736D61746368005423
:10AA40006F6F20736D616C6C20282575206279749E
:10AA5000657329206576656E7420307825303278EC
:10AA600000496E76616C69642048434920657665CB
:10AA70006E742073697A65202825752900496E76E1
:10AA8000616C6964204C45206D6574612065766554
:10AA90006E742073697A65202825752900574553FF
:10AAA000545F544F504449522F7A65706879722F21
:10AAB0007375627379732F626C7565746F6F7468E8
:10AAC0002F686F73742F6863695F636F72652E639D
:10AAD000006576745F666C616773202620283155A7
:10AAE0004C203C3C202830292900415353455254E6
:10AAF000494F4E204641494C205B25735D20402044
:10AB000025733A25640A00496E76616C6964206297
:10AB10007566207479706520257500496E76616CC4
:10AB20006964204843492041434C207061636B6550
:10AB3000742073697A6520282575290041434C20CB
:10AB400064617461206C656E677468206D69736DF3
:10AB5000617463682028257520213D202575290012
:10AB6000556E61626C6520746F2066696E64206347
:10AB70006F6E6E20666F722068616E646C65202552
:10AB8000750062745F6863695F6576745F6765749A
:10AB90005F666C616773286864722D3E6576742900
:10ABA0002026202831554C203C3C202831292900E2
:10ABB000556E6B6E6F776E20627566207479706566
:10ABC00020257500556E68616E646C65642076653D
:10ABD0006E646F722D737065636966696320657654
:10ABE000656E7420307825303278206C656E2025B3
:10ABF000753A202573004E6F20636F6D6D616E6432
:10AC00002073656E7420666F7220636D6420636FBD
:10AC10006D706C65746520307825303478004F7025
:10AC2000436F64652030782530347820636F6D7011
:10AC30006C6574656420696E7374656164206F6609
:10AC400020657870656374656420307825303478C9
:10AC500000696E74657276616C2065786365656401
:10AC600073207468652076616C69642072616E6718
:10AC700065202575207573006C6174656E6379209D
:10AC800065786365656473207468652076616C69B6
:10AC9000642072616E6765203078253034780073E7
:10ACA0007570765F74696D656F757420657863651E
:10ACB000656473207468652076616C6964207261D4
:10ACC0006E676520307825303478004E6F207065CF
:10ACD0006E64696E67207065726970686572616C18
:10ACE00020636F6E6E656374696F6E00556E657874
:10ACF0007065637465642073746174757320307853
:10AD000025303278202573004661696C65642074B3
:10AD10006F20736574207265717569726564207344
:10AD200065637572697479206C6576656C004E6F29
:10AD3000206368616E676520746F20656E63727949
:10AD40007074696F6E2073746174652028656E631A
:10AD500072797074203078253032782900756E6BE6
:10AD60006E6F776E005B305D0048434920747261FE
:10AD70006E73706F72743A20257300534443004918
:10AD800064656E7469747925733A2025730049648B
:10AD9000656E746974795B25645D3A20257300489B
:10ADA00043493A2076657273696F6E2025732028B7
:10ADB00030782530327829207265766973696F6E34
:10ADC000203078253034782C206D616E7566616393
:10ADD000747572657220307825303478004C4D508F
:10ADE0003A2076657273696F6E202573202830785B
:10ADF0002530327829207375627665722030782587
:10AE000030347800556E61626C6520746F20736514
:10AE10006E6420746F206472697665722028657292
:10AE2000722025642900657272203D3D20300009A2
:10AE3000436F6E74726F6C6C657220756E726573A1
:10AE4000706F6E736976652C20636F6D6D616E64D3
:10AE5000206F70636F6465203078253034782074FB
:10AE6000696D656F757420776974682065727220EA
:10AE700025640A006F70636F646520307825303474
:10AE8000782073746174757320307825303278209F
:10AE90002573004661696C656420746F207265617A
:10AEA0006420444C45206D61782064617461206C9D
:10AEB000656E0074785F6F63746574732065786382
:10AEC00065656473207468652076616C69642072BE
:10AED000616E67652025750074785F74696D652003
:10AEE00065786365656473207468652076616C6954
:10AEF000642072616E6765202575004E6F20706555
:10AF00006E64696E6720636F6E6E20666F7220706C
:10AF1000656572202573004E6F6E2D4C4520636170
:10AF20007061626C6520636F6E74726F6C6C6572B9
:10AF300020646574656374656421004E756D206FCF
:10AF40006620436F6E74726F6C6C6572277320415C
:10AF5000434C207061636B65747320213D20414335
:10AF60004C2062745F636F6E6E5F747820636F6EE7
:10AF700074657874732028257520213D2025752956
:10AF80000041434C2042522F454452206275666670
:10AF9000657273206E6F7420696E697469616C6983
:10AFA0007A65640056656E646F7220484349206577
:10AFB0007874656E73696F6E73206E6F742061763E
:10AFC00061696C61626C6500485720506C61746601
:10AFD0006F726D3A20257320283078253034782917
:10AFE0000048572056617269616E743A20257320BB
:10AFF0002830782530347829004669726D7761727F
:10B00000653A20257320283078253032782920565B
:10B01000657273696F6E2025752E257520427569DE
:10B020006C64202575004661696C656420746F202E
:10B030007265616420737570706F727465642076D8
:10B04000656E646F7220636F6D6D616E6473004630
:10B0500061696C656420746F20726561642073752A
:10B0600070706F727465642076656E646F722066AE
:10B07000656174757265730048434920647269762E
:10B080006572206973206E6F742072656164790047
:10B090004254205258205751004843492064726955
:10B0A000766572206F70656E206661696C656420DC
:10B0B00028256429004F7574206F6620636F6D6DBD
:10B0C000616E64206275666665727300556E6578A0
:10B0D00070656374656420484F53545F4E554D5FEF
:10B0E000434F4D504C455445445F5041434B4554AC
:10B0F000532C207374617475732030782530327846
:10B1000020257300556E636C6561726564207065FF
:10B110006E64696E672073656E745F636D64003181
:10B120002E306200312E3100312E3200322E3000AE
:10B13000322E3100332E3000342E3000342E3100C8
:10B14000342E3200352E3000352E3100352E3200AF
:10B15000352E3300352E3400362E3000362E310099
:10B16000362E3200362E33005374616E6461726481
:10B1700020426C7565746F6F746820636F6E7472B3
:10B180006F6C6C65720056656E646F7220737065CB
:10B19000636966696320636F6E74726F6C6C65724D
:10B1A000004669726D77617265206C6F61646572CB
:10B1B0000052657363756520696D6167650072652E
:10B1C000736572766564006E5246353178006E5252
:10B1D00046353278006E5246353378006E52463529
:10B1E000344878006E524635344C7800496E7465A8
:10B1F0006C20436F72706F726174696F6E004E6F76
:10B20000726469632053656D69636F6E64756374FE
:10B210006F72004E58502053656D69636F6E647590
:10B2200063746F727300457370726573736966201F
:10B2300053797374656D730062745F6863695F63EB
:10B240006F726500636D6420646973616C6C6F7705
:10B250006564004661696C656420746F206469737D
:10B2600061626C65206164647265737320726573DA
:10B270006F6C7574696F6E005265736F6C76696E72
:10B2800067206C6973742073697A652065786365DB
:10B29000656465642E20537769746368696E6720FE
:10B2A000746F20686F73742E004661696C6564204A
:10B2B000746F20636C656172207265736F6C757456
:10B2C000696F6E206C697374004661696C656420F7
:10B2D000746F206164642049524B20746F20636F47
:10B2E0006E74726F6C6C6572005365742070726955
:10B2F00076616379206D6F646520636F6D6D616E3B
:10B3000064206973206E6F7420737570706F72742F
:10B310006564004661696C656420746F20736574B0
:10B320002070726976616379206D6F64650044698D
:10B330007361626C696E6720616464726573732007
:10B340007265736F6C7574696F6E206661696C6588
:10B3500064202865727220256429004661696C6545
:10B360006420746F2072656D6F76652049524B20A2
:10B3700066726F6D20636F6E74726F6C6C657200B5
:10B380004F6E6C792072616E646F6D20737461749E
:10B390006963206964656E7469747920616464729C
:10B3A00065737320737570706F7274656400496E95
:10B3B00076616C696420696E707574207061726169
:10B3C0006D6574657273004661696C656420746FA5
:10B3D0002072656164207075626C696320616464C9
:10B3E000726573730052656164205374617469639C
:10B3F0002041646472657373657320636F6D6D6162
:10B400006E64206E6F7420617661696C61626C6538
:10B41000004661696C656420746F20726561642008
:10B4200073746174696320616464726573736573B6
:10B43000004E6F2073746174696320616464726587
:10B44000737365732073746F72656420696E206313
:10B450006F6E74726F6C6C65720043616E2774203E
:10B4600073657420626F7468204944454E54495492
:10B47000592026204E52504100556E61626C652065
:10B48000746F20736574206964656E7469747920C3
:10B490006164647265737300556E61626C652074DB
:10B4A0006F207365742072616E646F6D20616464D7
:10B4B000726573730062745F696400546F6F206219
:10B4C0006967206164766572746973696E67206468
:10B4D000617461004661696C656420746F207374E7
:10B4E0006172742061647665727469736572004676
:10B4F00061696C656420746F2073746F702061647F
:10B50000766572746973696E673A202564006274A7
:10B510005F616476004661696C656420746F2067C2
:10B52000656E657261746520454343206B657920C3
:10B530002564004661696C656420746F20657870CD
:10B540006F727420454343207075626C6963206B91
:10B550006579202564004661696C656420746F20FC
:10B560006578706F7274204543432070726976610C
:10B570007465206B6579202564004661696C65649B
:10B5800020746F2064657374726F79204543432083
:10B590006B6579204944202564004661696C6564C7
:10B5A00020746F20696D706F7274207468652070EC
:10B5B000726976617465206B657920666F72206BA5
:10B5C00065792061677265656D656E74202564001C
:10B5D000526177206B65792061677265656D656E74
:10B5E00074206661696C6564202564004661696C3D
:10B5F000656420746F2064657374726F7920746859
:10B6000065206B6579202564007073615F696D70DA
:10B610006F72745F6B657928292072657475726E1C
:10B6200065642073746174757320256400427573BA
:10B630007920706572666F726D696E6720616E6FDA
:10B64000746865722045434448206F706572617468
:10B65000696F6E0062745F656363004661696C6563
:10B660006420726561642072656D6F746520666523
:10B67000617475726573202825642900504859202B
:10B68000307825303278206E6F7420737570706F4B
:10B6900072746564004661696C656420746F207320
:10B6A00065742064617461206C656E2028256429AE
:10B6B00000556E65787065637465642066697273A1
:10B6C00074204C32434150206672616D6500556EA6
:10B6D0006578706563746564204C32434150206323
:10B6E0006F6E74696E756174696F6E004E6F742051
:10B6F000656E6F7567682062756666657220737027
:10B7000061636520666F72204C3243415020646152
:10B71000746100556E65787065637465642041439B
:10B720004C20666C61677320283078253032782988
:10B730000041434C206C656E206D69736D617463CC
:10B740006820282575203E202575290028756E6BF8
:10B750006E6F776E29006E6F207472616E736974FC
:10B76000696F6E20257300496E76616C69642028CC
:10B77000257529206F6C6420737461746500636F94
:10B780006E6E202570206661696C656420746F2080
:10B7900065737461626C6973682E205246206E6F07
:10B7A0006973653F006E6F2076616C69642028259F
:10B7B00075292073746174652077617320736574D3
:10B7C00000696E636F6D70617469626C6520686199
:10B7D0006E646C652025750054696D656F75742005
:10B7E0006469736361726465642E204E6F20626CBD
:10B7F0006F636B696E6720696E2073797377712E42
:10B8000000466174616C206572726F722028256435
:10B81000292E20446973636F6E6E656374696E6769
:10B8200020257000466F756E642076616C69642017
:10B83000636F6E6E656374696F6E202825702920B2
:10B84000776974682061646472657373202573205E
:10B85000696E202573207374617465200053656ED2
:10B8600064204C4520706172616D20757064617454
:10B8700065206661696C65642028657272202564A4
:10B88000290053656E64206175746F204C452070EB
:10B890006172616D20757064617465206661696CA8
:10B8A00065642028657272202564290064697363C9
:10B8B0006F6E6E656374656400646973636F6E6E4A
:10B8C0006563742D636F6D706C657465007363617F
:10B8D0006E2D6265666F72652D696E69746961743B
:10B8E000696E6700696E6974696174696E672D6657
:10B8F000696C7465722D6C697374006164762D6374
:10B900006F6E6E65637461626C65006164762D6450
:10B9100069722D636F6E6E65637461626C6500643D
:10B920006973636F6E6E656374696E670062745FDE
:10B93000636F6E6E00556E61626C6520746F20617E
:10B940006C6C6F63617465206275666665722066F3
:10B950006F72206F7020307825303278004E6F2063
:10B96000617661696C61626C65204C3243415020A4
:10B97000636F6E7465787420666F7220636F6E6E8D
:10B9800020257000457870656374696E6720757056
:10B9900020746F20256420726566732C20676F7495
:10B9A00020256400616C7265616479206861766548
:10B9B0002076696577206F6E202570004C324341F8
:10B9C00050206C656E677468206D69736D61746377
:10B9D000682028257520213D2025752900496E768F
:10B9E000616C6964206964656E742076616C75654C
:10B9F00020696E204C324341502050445500496E1E
:10BA000076616C6964204C4520636F6E6E207061B6
:10BA100072616D207273702073697A6520282575B4
:10BA200020213D20257A75290052656A6563746975
:10BA30006E6720756E6B6E6F776E204C324341508F
:10BA40002050445520636F6465203078253032786B
:10BA500000546F6F20736D616C6C204C3243415009
:10BA6000207369676E616C696E672050445500549D
:10BA70006F6F20736D616C6C204C324341502050CD
:10BA800044552072656365697665640049676E6F29
:10BA900072696E67206461746120666F7220756ED2
:10BAA0006B6E6F776E206368616E6E656C204944C3
:10BAB0002030782530347800636F6E6669670062E5
:10BAC000745F6C3263617000415454206368616E2E
:10BAD0006E656C206E6F7420636F6E6E6563746547
:10BAE00064004572726F72207369676E696E6720B9
:10BAF000646174610052616E206F7574206F6620FE
:10BB000054582062756666657273206F7220636F89
:10BB10006E74657874732E004661696C6564207478
:10BB20006F207375626D6974206174745F74785FDF
:10BB300064657374726F795F776F726B3A202564F6
:10BB400000556E61626C6520746F2063726561746C
:10BB50006520657272207273702050445500415404
:10BB600054204D54552065786365656465642C20C8
:10BB70006D61782025752C2077616E7465642025B1
:10BB80007A7500556E61626C6520746F2063726512
:10BB9000617465207273702050445500546F6F209B
:10BBA000736D616C6C204154542050445520726573
:10BBB00063656976656400556E68616E646C656482
:10BBC0002041545420636F646520307825303278EA
:10BBD00000496E76616C6964206C656E2025752065
:10BBE000666F7220636F646520307825303278008C
:10BBF000556E61626C6520746F2063726561746557
:10BC000020555549443A2073697A652025750055B9
:10BC10006E61626C6520746F20637265617465206B
:10BC2000555549443A2073697A65202564004E6F62
:10BC300020617661696C61626C65204154542063B7
:10BC40006F6E7465787420666F7220636F6E6E20FD
:10BC50002570004E6F20617661696C61626C6520B1
:10BC6000415454206368616E6E656C20666F72206B
:10BC7000636F6E6E202570004E6F7420636F6E6E62
:10BC8000656374656400556E61626C6520746F2035
:10BC900066696E6420415454206368616E6E656C01
:10BCA00000476F74206572722025642C206E6F74BB
:10BCB0002063616C6C696E6720415454206362009C
:10BCC0004661696C656420746F2072652D737562BE
:10BCD0006D69742025733A202564004E6F2041540D
:10BCE00054206368616E6E656C20666F72204D54DF
:10BCF0005520257A75004E6F2070656E64696E67F9
:10BD000020415454207265717565737400446973E1
:10BD1000636F6E6E656374696E67206661696C65DA
:10BD200064202865727220256429004154542054EF
:10BD3000696D656F757420666F72206465766963DE
:10BD4000652025732E20446973636F6E6E6563747E
:10BD5000696E672E2E2E00556E61626C6520746FC1
:10BD60002063726561746520726574727920504435
:10BD70005520282575290062745F61747400434D55
:10BD8000414320757064617465206661696C656407
:10BD900020256400756E61626C6520746F2073618C
:10BDA00076652053433A206E6F20636667206C658A
:10BDB0006674004E6F20737061636520746F20732A
:10BDC000746F72652043434320636667004E6F20A3
:10BDD000737061636520746F2073746F72652043A4
:10BDE0006C69656E7420537570706F727465642031
:10BDF000466561747572657300556E61626C65208D
:10BE0000746F20696D706F727420746865206B6543
:10BE10007920666F722041455320434D41432025D0
:10BE20006400434D4143206F7065726174696F6EA9
:10BE300020696E6974206661696C65642025640000
:10BE4000434D41432066696E697368206661696C81
:10BE500065642025640052656164206D6574686FB7
:10BE600064206E6F7420736574004661696C65644C
:10BE700020746F20726561642061747472696275E8
:10BE80007465202570202865727220257A64290047
:10BE9000496E76616C69642072656164206C656EC0
:10BEA0006774683A20257A64004343432025702054
:10BEB0006E6F74207772697461626C650053432001
:10BEC000726573746F726520696E64696361746909
:10BED0006F6E206661696C6564004661696C6564BB
:10BEE00020746F207365742073656375726974794B
:10BEF00020666F7220626F6E646564207065657283
:10BF000020282564290062745F6761747400556E8F
:10BF100061626C6520746F2066696E6420534D50B9
:10BF2000206368616E6E656C005075626C69632099
:10BF30006B6579206E6F7420617661696C61626CEB
:10BF400065004661696C656420746F2067656E6585
:10BF5000726174652044484B65790043616C637578
:10BF60006C61746520636F6E6669726D20666169CD
:10BF70006C656400556E6B6E6F776E2070616972D0
:10BF8000696E67206D6574686F64202825752900C7
:10BF900043616C63756C617465204C544B20666121
:10BFA000696C65640043616C63756C617465206CD9
:10BFB0006F63616C2044484B657920636865636BEF
:10BFC000206661696C65640043616C63756C6174C3
:10BFD000652072656D6F74652044484B65792063F8
:10BFE0006865636B206661696C65640052656D6F9E
:10BFF0007465207075626C6963206B657920726569
:10C000006A65637465640052656D6F746520697359
:10C01000207573696E67204465627567205075628C
:10C020006C6963206B657900526563656976656448
:10C0300020696E76616C6964207075626C6963203A
:10C040006B6579004E6F20617661696C61626C6529
:10C0500020534D5020636F6E7465787420666F7244
:10C0600020636F6E6E20257000556E61626C6520D6
:10C07000746F20676574206B65797320666F72201A
:10C0800025730054686520696E2D70726F67726544
:10C0900073732070616972696E67206861732062D2
:10C0A00065656E2064656C657465642100534D5050
:10C0B00020646F6573206E6F7420616C6C6F7720E5
:10C0C000612070616972696E67206661696C757262
:10C0D00065206174207468697320706F696E742EB6
:10C0E000204B6E6F776E2069737375652E204469DF
:10C0F00073636F6E6E656374696E6720696E7374C7
:10C100006561642E00546F6F20736D616C6C2053F9
:10C110004D50205044552072656365697665640012
:10C12000534D5020636F6D6D616E642028636F64A2
:10C13000652030782530327829207265636569760C
:10C1400065642061667465722074696D656F7574CD
:10C150000052656365697665642072657365727601
:10C16000656420534D5020636F646520307825301E
:10C17000327800556E68616E646C656420534D5072
:10C1800020636F64652030782530327800556E6505
:10C190007870656374656420534D5020636F6465E7
:10C1A0002030782530327800496E76616C696420E1
:10C1B0006964656E746974792025730052656675CB
:10C1C00073696E67206E65772070616972696E674A
:10C1D0002E20546865206F6C6420626F6E64206D41
:10C1E00075737420626520756E7061697265642074
:10C1F00066697273742E0070616972696E67206679
:10C2000061696C6564202870656572207265617370
:10C210006F6E203078257829004E6F206B6579731A
:10C2200020737061636520666F7220257300534D23
:10C23000502054696D656F75742028666C61677352
:10C240003A30782530387820616C6C6F7765645FA0
:10C25000636D64733A307825303878290062745FF2
:10C26000736D700062745F6B6579730062745F63F5
:10C27000727970746F004661696C656420746F2018
:10C28000696D706F727420414553206B657920256C
:10C2900064004661696C656420746F20636F6D7023
:10C2A000757465204D41432025640043616E6E6FB7
:10C2B000742073746172742073616D706C696E6741
:10C2C0003A202564004661696C656420746F2069BA
:10C2D0006E697469616C697A652064657669636505
:10C2E0003A202573004661696C656420746F207381
:10C2F0006574206275666665723A20256400496E31
:10C3000076616C69642073656C656374696F6E2017
:10C310006F66206368616E6E656C73004368616E62
:10C320006E656C202575206E6F7420636F6E666974
:10C330006775726564004E6F206368616E6E656C30
:10C3400020636F6E666967757265640041444320BF
:10C350007265736F6C7574696F6E2076616C75654C
:10C36000202564206973206E6F742076616C696487
:10C37000004F76657273616D706C696E67206973CA
:10C3800020737570706F7274656420666F722073AD
:10C39000696E676C65206368616E6E656C206F6E98
:10C3A0006C79004F76657273616D706C696E672091
:10C3B00076616C7565202564206973206E6F74202A
:10C3C00076616C69640050726F766964656420629E
:10C3D000756666657220697320746F6F20736D6176
:10C3E0006C6C202825752F25752900496E76616CA7
:10C3F0006964206368616E6E656C2049443A20254B
:10C40000640053656C656374656420414443206730
:10C4100061696E206973206E6F742076616C696447
:10C420000053656C65637465642041444320726504
:10C43000666572656E6365206973206E6F74207621
:10C44000616C69640053656C656374656420414484
:10C4500043206163717569736974696F6E207469D3
:10C460006D65206973206E6F742076616C6964005D
:10C4700043616E6E6F7420636F6E66696775726577
:10C48000206368616E6E656C2025643A2025640027
:10C490006164634034303030373030300061646381
:10C4A0005F6E7266785F736161646300636C6F6373
:10C4B0006B403430303030303030006866636C6B45
:10C4C000006C66636C6B00636C6F636B5F636F6EB5
:10C4D00074726F6C0072616E646F6D403430303016
:10C4E00064303030006770696F4035303030303341
:10C4F0003030006770696F40353030303030303068
:10C5000000693263004E65656420746F2075736541
:10C510002074686520696E7465726E616C20647247
:10C520006976657220627566666572206275742030
:10C530006974732073697A6520697320696E7375F5
:10C540006666696369656E7420282575202B202531
:10C5500075203E202575292E2041646A757374204C
:10C56000746865207A65706879722C636F6E636198
:10C57000742D6275662D73697A65206F72207A65F5
:10C58000706879722C666C6173682D6275662D6DAA
:10C5900061782D73697A652070726F706572747935
:10C5A0002028746865206F6E65207769746820673D
:10C5B0007265617465722076616C75652920696E9B
:10C5C000207468652022257322206E6F64652E001A
:10C5D0006932634034303030333030300069326398
:10C5E0005F6E7266785F7477696D00756E737570D3
:10C5F000706F72746564207370656564005472793D
:10C60000696E6720746F207472616E736665722044
:10C610006D6F7265207468616E20746865206D614D
:10C6200078696D756D2073697A6520666F72207404
:10C63000686973206465766963653A202564203EE5
:10C64000202564004750494F20706F72743A2025AE
:10C6500073206E6F7420726561647900766C656416
:10C660002D626F6F737400726567756C61746F72A1
:10C670005F666978656400536F66744465766963C4
:10C680006520436F6E74726F6C6C657220415353FA
:10C690004552543A2025732C20256400536F66744C
:10C6A00044657669636520436F6E74726F6C6C6568
:10C6B00072206275696C64207265766973696F6E49
:10C6C0003A2000456E74726F707920736F757263D3
:10C6D0006520646576696365206E6F74207265619C
:10C6E0006479004661696C656420746F20726567C7
:10C6F00069737465722072616E6420736F75726302
:10C7000065202825642900416C6C6F636174656441
:10C71000206D656D6F727920746F6F206C6F773A42
:10C7200020257A75203C202575004576656E74209D
:10C7300062756666657220746F6F20736D616C6CD4
:10C740002E20257A75203E20257500556E6578705F
:10C750006563746564206D73675F747970653A20F2
:10C7600025752E20546869732069662D656C736584
:10C77000206E656564732061206E6577206272614A
:10C780006E636800556E6B6E6F776E206572726FA8
:10C7900072207768656E2070726F63657373696E5F
:10C7A0006720686369206D65737361676520256420
:10C7B0000062745F6863695F7364630062745F73CF
:10C7C00064635F6863695F6472697665720062744E
:10C7D0005F7364635F63727970746F004D50534C84
:10C7E000204153534552543A2025732C2025640090
:10C7F0004D50534C20576F726B006D70736C5F69B6
:10C800006E697400556E737570706F727465642014
:10C810004846434C4B206576656E743A202564008B
:10C820006E7266785F636C6F636B5F6D70736C00C4
:10C830005465726D696E616C0048616C74696E67F5
:10C840002073797374656D00556E6B6E6F776E2013
:10C850006572726F72003E3E3E205A4550485952F2
:10C8600020464154414C204552524F522025643AB3
:10C87000202573206F6E20435055202564004661AB
:10C88000756C7420647572696E6720696E74657268
:10C89000727570742068616E646C696E670A00431B
:10C8A000757272656E74207468726561643A2025D1
:10C8B00070202825732900435055206578636570E2
:10C8C00074696F6E00556E68616E646C6564206992
:10C8D0006E7465727275707400537461636B206F4F
:10C8E000766572666C6F77004B65726E656C206F53
:10C8F0006F7073004B65726E656C2070616E69635A
:10C90000006F7300737973776F726B7100C8DA30E0
:10C9100098F9F034A44B6EBAD30819CC0CEA51DA6A
:10C920004700286E756C6C29002A666C6F61742A4A
:10C930000062630204000006083C46505A02214D82
:10C940005A6E7B9C3F8D2B4A5C1E0400A1F0022195
:10C950004D5A6E7B9C3F8D2B4A5C1E0300A1F0025A
:10C96000214D5A6E7B9C3F8D2B4A5C1E0200A1F02C
:10C9700002214D5A6E7B9C3F8D2B4A5C1E0100A10B
:10C98000F002214D5A6E7B9C3F8D2B4A5C1E0000AD
:10C99000A1F0206D657373616765732064726F70B9
:10C9A000706564202D2D2D0D0A1B5B306D001B5B07
:10C9B000313B33316D2D2D2D200000FFFFFFFFFF98
:10C9C000FF00000000000000FFFFFFFFFFFF00006E
:10C9D0000000000030313233343536373839616287
:10C9E0006364656600000000000000100080000025
:10C9F000805F9B34FB010400020000000200000085
:10CA00000000000005000000000000000000000021
:10CA100000000000050009090909010209090909C6
:10CA2000090909090909090709090909090609097B
:10CA3000090909090909090909090909090905E68D
:10CA40009D350E480103CCDBFDF4AC1191F4EFB938
:10CA5000A5F9E9A7832C5E2CBE97F2D203B0208BF8
:10CA6000D28915D08E1C742430ED8FC24563765C5C
:10CA700015525ABF9A32636DEB2A65499C80DC617E
:10CA800074745F74785F64657374726F795F776FC5
:10CA9000726B5F68616E646C6572000005061F1F33
:10CAA0002918120308020305080A000801030401FB
:10CAB000050405090607010106060800000100013A
:10CAC0000003010003020201000200000000000256
:10CAD000030100036C888391AAF5A53860370BDB4E
:10CAE0005A6083BE06010501040107020301050225
:10CAF0000201030205040101010201030104010610
:10CB00000108010C01100118012001400180000101
:10CB100002030405060700202A2A2A2A2A2A2A2A8A
:10CB20002A2A2A2A2A2A0001090000000D010203EC
:10CB3000040506070800000000000054545220526B
:10CB400045474745530010141400001C2030401C7A
:0CCB50002000001C2030400040000000CD
:10CB6400FFFFFFFFFF1F00001F0000000000000088
:10CB74001D40000000000000FFFFFFFF1FFF00003A
:10CB8400BAABBABA101010100000000000800040C8
:10CB940000000000000000000C0000000000000085
:10CBA40000FF7F000000000095B8000000000000B6
:10CBB400C9B80000000000008D2A00000000000039
:10CBC400E9B8000000000000A7B800000000000061
:10CBD400AC760000FF000000F8A600000100000091
:10CBE4000000000000000000000000000000000041
:10CBF4000000000000000000000000000000000031
:10CC04000000000000000000000000000000000020
:10CC14000000000000000000000000000000000010
:10CC24000000000000000000000000000000000000
:10CC340000000000000000000000000000000000F0
:10CC440000000000000000000000000000000000E0
:10CC540000000000000000000000000000000000D0
:10CC640000000000000000000000000000000000C0
:10CC740000000000000000000000000000000000B0
:10CC840000000000000000000000000000000000A0
:10CC94000000000000000000000000000000000090
:10CCA4000000000000000000394401000000000002
:10CCB4000000000000000000000000000000000070
:10CCC4000000000000000000000000000000000060
:10CCD4000000000000000000000000000000000050
:10CCE4000000000000000000000000000000000040
:10CCF4000000000000000000000000000000000030
:10CD0400000000000000000000000000000000001F
:10CD1400000000000000000000000000000000000F
:10CD2400000000000000000000000000447C02003D
:10CD34000000000094220020942200200000000043
:10CD440001000000A4220020A42200200000000012
:10CD540001000000000000000000000000000000CE
:10CD640000000000000000000000000000000000BF
:10CD740000000000000000000000000000000000AF
:10CD8400000000000000000000000000000000009F
:10CD9400000000000000000000000000000000008F
:10CDA400000000000000000000000000000000007F
:10CDB400000000000000000000000000000000006F
:10CDC400000000000000000000000000000000005F
:10CDD40000000000E5CD010000000000000100009B
:10CDE400000000000000000000000000000000003F
:10CDF400000000000000000000000000000000002F
:10CE040060EA0000983A0000FFFFFFFFD08AFFFFAE
:10CE14003DC9020000000C000000000000000000FA
:10CE240000000000000000000000000000000000FE
:10CE3400F9FD000000000000000000004EC90200DF
:10CE440000001000000000000000000000000000CE
:10CE5400000000000000000000000000E9FD0000E8
:10CE640000000000000000005FC902000000100084
:10CE740000000000000000000000000000000000AE
:10CE84000000000000000000D9FD000000000000C8
:10CE94000000000070C9020000001200FFFFFFFF45
:10CEA40099280200632F0200A88C020000000200EF
:10CEB400B48C020000000200C08C020000000200DA
:10CEC400D48C020000000800E08C02000000020084
:10CED400000000000000000000000000000000004E
:10CEE40000000000000000003D1F010000000000E1
:10CEF40000000000F08C02000000100000000000A0
:10CF0400000000000000000000000000000000001D
:10CF14000000000065200100000000000000000087
:10CF24000C8D02000000120000000000CF3202004D
:10CF3400000000000000000000600040000000004D
:10CF440000000000000000000000000000000000DD
:10CF540000000000000000000000000000000000CD
:10CF640000000000000000000000000000000000BD
:10CF740000000000000000000000000000000000AD
:10CF8400000000000000000000000000000000009D
:10CF9400000000000000000000000000000000008D
:10CFA400000000000000000000000000000000007D
:10CFB400000000000000000000000000000000006D
:10CFC40059470100000000000000000000000000BC
:10CFD4005D370100000000000000000000000000B8
:10CFE4008556010000000000000000000000000061
:10CFF4004555010000000000000000000000000092
:10D00400795F010000000000000000000000000043
:10D01400BD5A01000000000000000000C8B6002056
:10D024000000EE01C8B60020116F0100E18001008C
:10D03400418201000000000000000000597101005D
:10D044007745020041460200F16E01000000000035
:10D0540000000000E57D0100000000000000000069
:10D06400288D020000000200348D020000000A0036
:10D07400448D0200000020000000000000000000B9
:10D08400000000000000000000000000000000009C
:10D0940000000000334A020000000000FC250020CC
:10D0A400FC25002000000000000000000E0000002D
:10D0B400102600201026002085A00100000000009A
:10D0C40000000000000000000000980100000101C1
:10D0D400BF54020010000000C1B90100C08A020060
:10D0E400D6640020FFFF00000000000000000000E4
:10D0F4000090D003FF000000900200005C26002096
:10D104005C26002064260020642600200000000025
:10D11400000000000E000000000000007C2600203B
:10D124007C26002000000000000000000E0000002B
:10D134000000000094260020942600200000000037
:10D14400000000000E00000000000000AC260020DB
:10D15400AC26002000000000000000000E000000CB
:10D1640000000000E56B0200E16B0200FFFF0D18F8
:06D174000F1806FF640124
:10D17A0000000000000000000000000000000000A5
:02D18A000000A3
:10D18C000000000000000000000000000000000093
:10D19C000000000000000000000000000000000083
:10D1AC000000000000000000000000000000000073
:08D1BC0000000000000000006B
:04D1C4000000000067
:10D1C800242700202427002020B40020000000008D
:10D1D800010000002C000000000000004027002093
:10D1E80040270020009C00200000000001000000F3
:10D1F800A0000000000000005C2700205C27002041
:10D208004CB4002000000000030000001C000000D7
:04D218000000000012
:10D21C007827002078270020000000000000000084
:04D22C000E000000F0
:10D230008C2700208C270020000000000100000047
:10D240009C2700209C27002000000000FFFFFFFF1C
:10D250000000000000000000B4270020B4270020D8
:10D260000000000000000000C4270020C4270020A8
:10D2700003000300100000000000000060880200AE
:10D2800028B000200000000000000000E827002077
:10D29000E827002003000300100000008D6E01004D
:10D2A0000C890200A8B3002000000000000000006C
:10D2B0000C2800200C2800200300030000000000C0
:10D2C00000000000008702007CAA0020000000008F
:10D2D000000000003028002030280020010001005C
:10D2E00010000000C55901004C88020000AD00206C
:10D2F00000000000000000005428002054280020F6
:10D300000300030000000000000000001488020079
:10D31000B8AC0020000000000000000078280020C9
:10D32000782800200C000C0004000000913101005E
:10D33000EC860200A0A80020000000000000000011
:10D340009C2800209C28002002000200040000000D
:10D35000000000002089020090B6002000000000BC
:10D3600000000000C0280020C028002001000100AB
:10D37000000000000000000014870200C8AB00207D
:04D3800015E015E0BF
:04000003100026F1D2
:00000001FF
