:100000004098002011420100DB6F0200FD41010019
:10001000FD410100FD410100FD4101000000000023
:10002000000000000000000000000000ED420100A0
:10003000FD41010000000000E1440100FD4101001C
:1000400059450100799B02005945010059450100BD
:100050005945010059450100594501005945010024
:100060008F9B02005945010059450100A59B0200E4
:100070005945010059450100594501005945010004
:1000800059450100594501005945010059450100F4
:1000900059450100594501005945010059450100E4
:1000A00059450100594501005945010059450100D4
:1000B00059450100594501005945010059450100C4
:1000C00059450100594501005945010059450100B4
:1000D00059450100594501005945010059450100A4
:1000E0005945010059450100594501005945010094
:1000F0005945010059450100594501005945010084
:1001000080EA101404F0F01480EA0410604081EAE0
:10011000111404F0F01481EA0411614082EA12140F
:1001200004F0F01482EA0412624083EA131404F02B
:10013000F01483EA0413634080EA102404F47F443B
:1001400080EA0420604081EA112404F47F4481EABB
:100150000421614082EA122404F47F4482EA0422EA
:10016000624083EA132404F47F4483EA0423634057
:1001700081EA500404F0553480EA4400614083EA87
:10018000520404F0553482EA4402634082EA900447
:1001900004F0333480EA8400624083EA910404F07E
:1001A000333481EA84016340704700BF82EA9004DF
:1001B00004F0333480EA8400624083EA910404F05E
:1001C000333481EA8401634081EA500404F05534F9
:1001D00080EA4400614083EA520404F0553482EA24
:1001E0004402634080EA102404F47F4480EA04203F
:1001F000604081EA112404F47F4481EA04216140D3
:1002000082EA122404F47F4482EA0422624083EAF0
:10021000132404F47F4483EA0423634080EA101427
:1002200004F0F01480EA0410604081EA111404F034
:10023000F01481EA0411614082EA121404F0F0140F
:1002400082EA0412624083EA131404F0F01483EA91
:1002500004136340704700BF2DE9F14F94464FEA05
:10026000930B8A68CB6808684968FFF749FF0BF170
:10027000060E33E083EA134480EA134582EA13470B
:1002800046BA96EA3444604000F00F1684EA063419
:1002900020F00F1684EA161054BA94EA0106724050
:1002A00002F00F1486EA043622F00F1486EA1412C4
:1002B0004CBA6540694001F00F1485EA043521F01D
:1002C0000F1485EA14115CBA67407B4003F00F14E9
:1002D00087EA043723F00F1487EA1413BCE8F00010
:1002E0006040694072407B4000F0E03400F010351F
:1002F00000F00F3040EA540040EAC50080EA900464
:1003000004F0332480EA8400604001F0E03401F01E
:10031000103501F00F3141EA540141EAC50181EA8B
:10032000910404F0332481EA8401614002F0E03456
:1003300002F0103502F00F3242EA540242EAC502DE
:1003400082EA920404F0332482EA8402624003F0D9
:10035000E03403F0103503F00F3343EA540343EA6B
:10036000C50383EA930404F0332483EA84036340DF
:1003700081EA324787EA134581EA354690EA060466
:1003800084EA034B82EA1B4280EA044484EA05447F
:1003900083EA144A85EA14448BEA044B84EA37441E
:1003A00081EA0B4181EA164104EA0A00454082EAEB
:1003B00004082BEA080041408AEA0B0602EA06001C
:1003C00084EA34438AEA3A4603EA0607784045401D
:1003D000414088EA38478BEA3B4007EA000985EA52
:1003E000090583EA0709464006EA0906714085EADD
:1003F000010005EA3546464006EA314181EA3041CE
:1004000081EA364606EA304686EA3546344008EA4E
:10041000010886EA01052A4086EA364003405A4030
:1004200081EA31431F407C4080EA030709EA07095B
:1004300088EA0908544088EA020806EA0A0601EA3E
:100440000B018AEA0B0215408AEA3A421040454005
:100450008BEA3B4003405E404240174079404D40AC
:100460004E40E443F64386EA18435D4085EA054082
:1004700083EA134386EA034183EA384284EA11435C
:1004800083EA04435FEA3343BEF1010E3FF6F2AE66
:100490001ED4BCE8F0006040694072407B4020BC44
:1004A000FFF784FE28606960AA60EB60BDE8F08F0A
:1004B0002DE9E0414FF2F00280EA1031114080EA6C
:1004C0000130484041088208C3084FF0000E4FE752
:1004D00000F0113001F0113102F0113203F011334C
:1004E00040EA410040EA820040EAC3004FF2F002D5
:1004F00080EA1031114080EA01304840BDE8E081D7
:100500002DE9F04F02F11C050646074600EB850871
:1005100051F8040B043A46F8040BF9D14FF0010CE2
:10052000FFF7C6FF5FEA302080EA0C001ECF414093
:100530004A4053405C401EC62000464517D04FEA53
:100540004C0C1CF4807F18BFACF1E50C2C2DE7D0CF
:100550003C2D06D1FFF7ACFF06CF41404A4006C60E
:10056000100006CF41404A4006C61000D8E736E9E1
:100570000F00FFF7C5FD043D86E80F00F7D1BDE889
:10058000F08F00BF2DE9F14F03F11C0402EB840C46
:100590004FEA930B8A68CB6808684968FFF7B0FD9B
:1005A0003CE9F0006040694072407B400BF1060E70
:1005B0004EE083EA134480EA134582EA134746BAC1
:1005C00096EA3444604000F00F1684EA063420F0C6
:1005D0000F1684EA161054BA94EA0106724002F02B
:1005E0000F1486EA043622F00F1486EA14124CBA6D
:1005F0006540694001F00F1485EA043521F00F14BD
:1006000085EA14115CBA67407B4003F00F1487EA57
:10061000043723F00F1487EA141344BA44404DBA48
:100620004D4056BA56405FBA5F4087EA174886EA9F
:10063000174B84EA17464FEA38488BEA1B4485EA91
:100640001B4788EA1B4580EA3440694072407B4082
:1006500000F0703400F0803500F00F3040EA4400C4
:1006600040EAD50080EA900404F0332480EA840054
:10067000604001F0703401F0803501F00F3141EA43
:10068000440141EAD50181EA910404F0332481EA6E
:100690008401614002F0703402F0803502F00F32C4
:1006A00042EA440242EAD50282EA920404F0332488
:1006B00082EA8402624003F0703403F0803503F074
:1006C0000F3343EA440343EAD50383EA930404F077
:1006D000332483EA84036340C943DB4381EA000493
:1006E00083EA044686EA020183EA014382EA33454B
:1006F00083EA14435C4084EA00077FEA040A8AEA3A
:10070000024A8AEA010B87EA11488AEA374A80EAF4
:10071000060181EA1A418AEA030A04EA0A0045400E
:1007200088EA040707EA0B0041408AEA0B0608EA58
:10073000060084EA34428AEA3A4602EA060358404E
:100740004540414087EA37438BEA3B4003EA0009D2
:1007500085EA090582EA0309464006EA090671406E
:1007600085EA010005EA3546464006EA314181EA5C
:10077000304181EA364606EA304686EA354634405C
:100780000F4086EA010508EA050886EA364002407D
:1007900088EA020881EA314213405C4080EA0203A1
:1007A00009EA030987EA0907674088EA040806EAB4
:1007B0000A0601EA0B018AEA0B0425408AEA3A4458
:1007C000204045408BEA3B4B02EA0B02564084EA4C
:1007D0000B04234059406E40694087EA364080EA66
:1007E000384080EA060380EA104481EA134585EA2E
:1007F000344585EA17427D4082EA354180EA05406A
:100800003CE9F0006040694072407B40BEF1010E5F
:100810003FF6CFAE20BCFFF7C9FC28606960AA6034
:10082000EB60BDE8F08F00BFFFF76ABE2DE9F0076F
:1008300091E8F807B2E802105B1854EB0C04B2E838
:1008400002104D4156EB0C06B2E802104F4158EB36
:100850000C08B2E8021059EB01095AEB0C0A80E8C7
:10086000F80780410130BDE8F00770472DE9F00737
:1008700091E8F807B2E802105B1A74EB0C04B2E8D6
:1008800002108D4176EB0C06B2E802108F4178EB36
:100890000C08B2E8021079EB01097AEB0C0A80E847
:1008A000F80780414042BDE8F00770472DE9F007A6
:1008B000524290E87800B1E880071740DB1918EA47
:1008C000020854EB080419EA020955EB09051AEA73
:1008D000020A56EB0A0678C090E87800B1E8800773
:1008E00017407B4118EA020854EB080419EA020990
:1008F00055EB09051AEA020A56EB0A0678C0804150
:100900000130BDE8F00770472DE9F007524290E84A
:100910007800B1E880071740DB1B18EA020874EB87
:10092000080419EA020975EB09051AEA020A76EBCE
:100930000A0678C090E87800B1E880071740BB410C
:1009400018EA020874EB080419EA020975EB0905B4
:100950001AEA020A76EB0A0678C080414042BDE8F6
:10096000F00770472DE9F00152424FF0040890E87B
:10097000300091E8C000A31B1340E41AF618EB1BEB
:100980001340ED1AFF1830C0C0C1B8F10108EED114
:10099000BDE8F001704700BF00B592E8DC072DE923
:1009A000DC07B1E8805702B4A7FB02510A95A8FB07
:1009B000020BE7FB6310E9FB62B00B91A8FB03514C
:1009C000EAFB6201E7FB64B5E7FB6605E8FB661539
:1009D000CDF830B0A9FB03B6EAFB6316ECFB635617
:1009E000E8FB640BE9FB641BEAFB645BECFB646BF8
:1009F0000D90ACFB0230059CEEFB6250E9FB64609D
:100A0000EAFB64B0E7FB6431E8FB6451069CE8FB59
:100A10006461E9FB64B1EAFB64010E93A7FB043255
:100A2000079CE7FB6462E8FB64B2E9FB6402EAFB53
:100A30006412049CE9FB6453EAFB6463089CE7FBD3
:100A400064B3E8FB6403E9FB6413EAFB64230F95DA
:100A50005DF8049B99E80006DDF80080A9FB0854C6
:100A6000EAFB68B4DDF81080ECFB6804EEFB681468
:100A7000E9FB6824EAFB6834DDF80480EEFB686576
:100A8000E9FB68B5EAFB6805DDF81480ECFB681546
:100A9000EEFB6825E9FB6835EAFB68450F96DDF853
:100AA0000880AEFB0876E9FB6806EAFB6816DDF80D
:100AB0001880ECFB6826EEFB6836E9FB6846EAFB2B
:100AC0006856DDF80C80ECFB68B7EEFB6807E9FBC5
:100AD0006817EAFB6827DDF81C80ECFB6837EEFB43
:100AE0006847E9FB6857EAFB686708B000BD00BFCC
:100AF0002DE9F14F87B0FFF74FFFDDF81C8008F1BB
:100B0000200888E8FF00FFBC87E87F08BDE8F08F79
:100B100000B591E89857A3FB03520195A3FB04018C
:100B2000E3FB6420E3FB67100292A3FB0752E3FBA5
:100B30006802E4FB6415E3FB6805E3FB69250391A8
:100B4000A4FB07B6E3FB6926E3FB6A56E4FB670BED
:100B5000E4FB682BE3FB6A5BE3FB6C6B0490A4FB98
:100B60000810E4FB6950E3FB6C60E3FB6EB0E7FB4D
:100B70006721E4FB6951E4FB6A61E3FB6EB1E4FBCE
:100B80006E010592A7FB0832E4FB6A62E4FB6CB2DB
:100B9000E4FB6E02E7FB6E12E7FB6853E7FB696359
:100BA000E4FB6CB3E7FB6C03E7FB6E13E8FB6E231F
:100BB0000695A7FB0954E7FB6AB4E7FB6C04E8FB66
:100BC0006C14E8FB6E24E9FB6E34E8FB6865E7FB18
:100BD0006AB5E8FB6A05E8FB6C15E9FB6C25E9FBE7
:100BE0006E35EAFB6E450796A8FB0976E8FB6A06B8
:100BF000E9FB6A16E9FB6C26EAFB6C36EAFB6E46FB
:100C0000ECFB6E56E8FB69B7E9FB6907E9FB6A177D
:100C1000EAFB6A27EAFB6C37ECFB6C47ECFB6E5790
:100C2000EEFB6E6700BD00BF2DE9F14F87B0FFF707
:100C30006FFFDDF81C8008F1200888E8FF00FFBC8A
:100C400087E87F08BDE8F08F30B44FF0000310F85C
:100C5000014B11F8015B013A84EA050443EA0403FD
:100C6000F5D1A3F101034FEAD37030BC704700BF48
:100C70004FF0000310F8012B013943EA0203F9D1C8
:100C8000A3F101034FEAD370704700BF30B411F8ED
:100C9000014B12F8015B6C4000F8014B013BF6D1AF
:100CA00030BC70472DE9F00791E8F807B2E8021070
:100CB0005B1854EB0C04B2E802104D4156EB0C06E5
:100CC000B2E802104F4158EB0C08B2E8021059EBA1
:100CD00001095AEB0C0A8941B3F1FF3374F1FF3477
:100CE00075F1FF3576F1000677F1000778F100081D
:100CF00079F101097AF1FF3A51F100015B184C4199
:100D00004D4156F1000657F1000758F1000859EB24
:100D1000D1795AEB010A80E8F807BDE8F00770477F
:100D20002DE9F00791E8F807B2E802105B1A74EBBE
:100D30000C04B2E802108D4176EB0C06B2E802100A
:100D40008F4178EB0C08B2E8021079EB01097AEBDD
:100D50000C0A89415B184C414D4156F1000657F190
:100D6000000758F1000859EBD1795AEB010A80E8E5
:100D7000F807BDE8F007704718EB040859EB0509C0
:100D80005AEB060A5BEB070B5FF0000C4CF1000C12
:100D900018EB050859EB06095AEB070A5BEB070B42
:100DA00050EB0C005FF0000C51EB0C0152EB0C020D
:100DB00063414CF1000CB8EB070879F100097AF1B6
:100DC000000A7BEB040BA841B141A241B3416CF195
:100DD000000CBBEB050BB041B941AA41BB416CF122
:100DE000000C4CF001068CF0020718EB060859EBDA
:100DF0006C095AEB6C0A7BEB6C0B70EB6C0471EBBF
:100E00006C0572EB670653EB6C076CEB6C0C18EB24
:100E10000C0059EB0C015AEB0C025BF1000354F18E
:100E2000000455F1000556EBDC7657EB0C077047D4
:100E30002DE9F14F87B0FFF7AFFDDDF81080DDF849
:100E40001490DDF818A0FFF797FFBDE8000FFFF73B
:100E500093FF03B05DF8048B88E8FF00BDE8F08FD6
:100E60002DE9F14F87B0FFF753FEDDF81080DDF874
:100E70001490DDF818A0FFF77FFFBDE8000FFFF723
:100E80007BFF03B05DF8048B88E8FF00BDE8F08FBE
:100E9000064B074A5B7802604FF426728280C3716A
:100EA0000822002382710372704700BF4829002086
:100EB000B3D80000064B074A5B7A02604FF49C727D
:100EC0008280C3710822FF2382710372704700BFC2
:100ED00048290020E1D30000F8B5C41D002824F003
:100EE0000704054614BF2046002000F053FA071EF1
:100EF00002DA6FF00B00F8BD254EB1887088F379E7
:100F0000B2790331033089B280B20AF062F9002865
:100F1000EFDB737831783C4403341944002D24F01E
:100F2000030400FB01F114BF2046002000F0B8FBD1
:100F300023180DB9002BDCDB717A184679B1033325
:100F4000002D23F0030414BF20460020728900F016
:100F500019FC0028CDDB20440DB90028C9DB317A0B
:100F600091B1737A83B1C41D002D24F0070414BF1E
:100F70002046002003F05EF80028BADB0DB1002007
:100F8000B9E72018B7D5B4E7002DF8D1B3E700BF13
:100F9000482900201FB572B6194BDD68EDB9BFF3C3
:100FA0004F8F1849184BCA6802F4E0621343CB60B4
:100FB000BFF34F8F00BFFDE72346B2FBF6F25C1C88
:100FC000002AF9D104AEDCB256FA83F303F80C2CF4
:100FD0000A2234B901A8A847E1E7024600230A26FD
:100FE000EDE7631E04AEDCB256FA83F3B0FBF2F613
:100FF00002FB1600303003F80C0C3046E9E700BF66
:101000004829002000ED00E00400FA0507B50A4B6E
:10101000DA88ADF8002068469A885B88ADF804202D
:10102000ADF8023001F0FAFC18B1FA219C20FFF76C
:10103000B1FF03B05DF804FB4829002010B5044659
:1010400028B309F08DF910B94FF0FF3010BD06F04C
:10105000A5FFB0F5FA7FF7D80E4B00221A744FF4B3
:1010600080721A801B225A809A8040F20322DA8012
:101070004FF484721A811F22DC605A81EFF31084CE
:1010800072B600F0DDFB04B962B60020DEE76FF057
:101090001500DBE74829002010B5002840D1234C7B
:1010A000237C032B39D059B1002A3CD002390529C1
:1010B00036D8DFE801F0031227352A2D1378637044
:1010C0000020FFF709FF0028B7BF01230223237484
:1010D0006FF00B00A8BF237410BD13791BB35379B5
:1010E0000BB31188FB291ED853881B3B9BB2E02B06
:1010F00019D81A2917D91368C4F802300C4B9288F2
:101100009A80DDE713786372DAE713886381D7E7A3
:101110001388FF2B07D82372D2E74FF0FF30DBE7AD
:101120006FF02C00D8E76FF01500D5E748290020B4
:101130004A290020F8B50D46064620B319B311F030
:10114000070420D1114F3B7C012B02D16FF00B0023
:10115000F8BD032B02D14FF0FF30F9E700F0ACFBF4
:101160000028F8D02846FFF7B7FE0028EEDB0CF089
:10117000F7FB3046214601F0D3FCFFF747FF03237E
:101180003B742046E4E76FF01500E1E748290020B2
:1011900010B5064C237C032B03D101F0D7FC02F0E1
:1011A000EDF90AF020F90020207410BD4829002034
:1011B00008B501F081FCBDE808400249012000F0BB
:1011C000E1B800BFB50E000008B501F089FCBDE82C
:1011D00008400249002000F0D5B800BF910E000081
:1011E000074B4FF0FF3141F6FF72C3E9001205498A
:1011F0000022C1E900221F21C3E90212704700BF8B
:10120000C02000205C2900203F280CD801380B4B5F
:10121000C0F3421200F01F0053F8223023FA00F00E
:1012200000F001007047FF2806D04038C0F342129A
:10123000034B00F01F00EFE701207047C0200020A3
:101240005C2900200146074B006849681A4603C222
:1012500040F48C221A6041F0107242F4FF625A602E
:1012600000207047C02000200246034B00685168F0
:1012700003C30020704700BF5C2900200246034BD7
:101280000068516803C30020704700BFC8200020D9
:101290000138064BC0F3421203EB820300F01F003B
:1012A0009B6823FA00F000F001007047C020002086
:1012B000F0B50C88C37C0288A5B2C4F30E0404F117
:1012C00018060233865B1A44334497B213FA82F34A
:1012D000013B4288B3FBF7F313FB07439BB29A42EF
:1012E000044A93BF22EA05032A4013439BB20B80B2
:1012F000F0BD00BF0080FFFF4A1E062A08B5034666
:10130000084604D84FF4D1711520FFF743FE094A6F
:10131000914202D940F2A311F6E711B903B1196065
:1013200008BD2BB11B680022C3E901211A1D1A60F8
:101330000430F5E7FAFFFF7F10B5114B00EB4104D5
:101340001A786389B3FBF2F303FB0223013A1A44D0
:10135000B2F5706F0279807828BF00231A440B1809
:10136000B2FBF0F100FB11215B1AB3FBF0F100FBC3
:10137000113313446FEA43436FEA5343638110BD53
:1013800064290020024B03EB80035960704700BFC3
:10139000642900202DE9F04F10F0070A85B00546BA
:1013A00004D040F26F111720FFF7F4FD534F07F1FF
:1013B0000C06B1460446B04657F8043B8DF80BA026
:1013C0003BB101A898479DF80A30082B01D9F521B7
:1013D000E9E79DF80B1041BB05B131604F4506F1BF
:1013E0000406E9D1002D70D0DFF81491002289F8AD
:1013F00000209646022758F827A0013FBAF1000FB7
:1014000056D09AF804609AF802C0FF2E61D039468F
:101410000023481C39D19C44BCF1FF0F40D90AB1CC
:1014200089F800E04FF49A71BDE79DF80AC0604664
:10143000022838BF02204B1D5A0004EB4303441E10
:101440002344BDF808406444013CCCF1000C04EA9C
:101450000C044042B4F5803F03EA000302D340F29B
:101460000511A0E775B19A1A0120326091701480BD
:10147000D0709DF80C001071019810814FEA104C4B
:10148000A2F806C004FB0134A8E758F8210028B1EF
:1014900090F804B0B34504BF80781B180139B8E751
:1014A000DBB2E6458AF804303CBF5FFA8CFE0122CD
:1014B0007B1CA0D10AB189F800E0022640F6FF6A41
:1014C00058F82670B7B9013EFAD2601B05B0BDE8E6
:1014D000F08F0023E5E707EB41033846A3F80AA0A5
:1014E000FFF72AFF09F10109BB785FFA89F18B4206
:1014F000F1D8E8E74FF00009F6E700BF68290020BF
:101500006429002038B54FF6FF730380184B03EBB6
:10151000810302461869A8B184780379B3FBF4F11A
:1015200004FB1133DBB2194600EB4105B5F90A5053
:10153000002D0EDB0131B1FBF4F504FB1511C9B22E
:101540008B42F1D1002038BD6381BDE8384009F0FD
:101550001CBE00EB41046389C3F30E031380C27801
:10156000002AF1D14FF4E5711720FFF713FD00BFFA
:10157000642900201C4B03EB810370B51C690546F0
:1015800044B3030404D54FF4EC711720FFF702FDB8
:101590000146204609F0DBFDFF28014604D0204625
:1015A000BDE8704009F0F1BDA078B5FBF0F300FB99
:1015B0001353DBB219460A1D04EB4206B6F902606A
:1015C000002E09DB0131B1FBF0F200FB1211C9B2B0
:1015D0008B42F0D1002070BD8B4201D00023E3701C
:1015E00004EB42025580DAE764290020094B03EB43
:1015F000810310B51C690146204609F0A8FDFF28AB
:10160000014604D02046BDE8104009F0BEBD0020D0
:1016100010BD00BF64290020F8B5104B03EB810317
:1016200007461C690146204609F091FDFF28054642
:1016300011D0E288238953EA024606D001462046AB
:1016400009F0A3FD01463846B04720462946FFF77A
:1016500073FE0020F8BD0520FCE700BF64290020D0
:1016600038B50E4B827903EB82030446186908B93A
:10167000052038BD8278E1799142F9D24B1CE371A3
:1016800000EB41035D89B3F90A30002BF3DBA58041
:1016900009F07BFD20600020EBE700BF64290020FB
:1016A00070B5044610F003000E4603D04E211820FA
:1016B000FFF770FCFFF720FE054624B103483146D2
:1016C0000460FFF719FE284670BD00BF8029002086
:1016D0002DE9F14FDFF870B09DF828A09DF82C900F
:1016E0001E46DBF8003007460D4690461BB96021C8
:1016F0001820FFF74FFC52460921404609F0ACFB89
:101700004A4684B20921304609F0A6FB14FA80F15A
:10171000DBF8000009F0EFFC386018B9286001B070
:10172000BDE8F08F04442C603868534641460922D6
:1017300009F055FB28684B460922314601B0BDE847
:10174000F04F09F04CBB00BF8029002070B50E4659
:10175000044609F094FB0546304609F090FB044B23
:101760002A1821461868BDE8704009F0E9BC00BF9E
:1017700080290020024B186808B109F0B0BC7047FE
:10178000802900201F2AF8B5044626D80420032308
:10179000134D12FB003254B1A30703D06821092076
:1017A000FFF7F8FB22F0030329706C602B8122F015
:1017B00003022823120403FB01F001276B68120CBB
:1017C0000025EEB2B14200D8F8BD14B126181F7042
:1017D0005E60104401352833F3E74FF0FF30F3E744
:1017E0008429002070B5154A157853680021C8B2C5
:1017F000854203D8BA210920FFF7CCFB1C461846C6
:1018000014F8286B01310EB92346F0E700219970D6
:10181000128999610124D96159685C70920803F1B9
:101820001E0403F1260524F8022FAC4243F8041FDE
:101830001144F8D100234361037070BD8429002056
:10184000134B012200214FF0FF309A60C3F80012C1
:10185000C3F80803C3F80015C3F804259A60C3F859
:101860000803C3F80015C3F804250A490A4A03F51A
:1018700080334FF40040C3F80825C1F88000BFF35F
:101880004F8FBFF36F8FC1F88001C3F808257047F1
:1018900000F0004000E100E00000F63F024B02686B
:1018A0001A600020704700BF90290020014B1B6880
:1018B000184700BF90290020024B1868003818BF55
:1018C00001207047902900200A468F2302F8033B2D
:1018D0000448C368C1F803300369536043699360E7
:1018E000704700BF94290020024B5A8C02435A844F
:1018F0005B6A184794290020014B00215B6A184756
:101900009429002010B5154C05F05AFB05F056FD42
:10191000208DFFF7F1FF237E63B12246104952F874
:101920000C3BE3606368536004F11900A3689360A3
:101930000AF098FE218DE06A02F0B0FBE36AB3F88A
:10194000AA0002F02DFB636B94F8301094F831007C
:101950009847002384F8383010BD00BF9429002038
:10196000C9180000034B93F838300BB1FFF7CABF1A
:10197000704700BF9429002070B5184CE66AE36CEC
:10198000E3634FF481730546A4F8403094F85000A7
:10199000337D96F8151100EB83002DB9FF2803D194
:1019A00096F814318B4201D005F082F8337D73B183
:1019B000606D05F05BFA616DE06B05F0DBFC15B95D
:1019C000284605F0A7FA022384F8383070BDE06B92
:1019D00005F04CFA05F0F2FCF1E700BF9429002075
:1019E000F0B590F86D40134A0B46012CD1E91E6703
:1019F00092F8502087B001F1800103F190034FF07D
:101A0000010006D0022C13D040F225410620FFF73A
:101A1000C1FA00240025CDE9013205900090CDE9FE
:101A2000034532463B46012005F002FC07B0F0BDFD
:101A30000446EFE79429002008B5094B93F83820B5
:101A4000022A04D040F257312720FFF7A3FADA7AAE
:101A500042F00102DA72BDE80840FFF753BF00BF51
:101A60009429002070B50F4DAE6D3478C90001F097
:101A7000080104F0F30492000C4302F00402144342
:101A80001B0103F0100304F0EC041C4300F00300FE
:101A900004433470B5F8643073700223A5F85C30E9
:101AA00070BD00BF94290020F7B5184CA56E0646FE
:101AB0000DB1636C23B940F6C4012720FFF76AFA21
:101AC000B4F848306B702B782F4601F0030123F0F7
:101AD00003030B4307F8033BB4F84820616C384616
:101AE00008F0E4FE0DF1020201A9E06EE56367640F
:101AF00009F0EBFA019809F0D6FAB4F84810306012
:101B00000122E06E09F07EFA03B0F0BD94290020B6
:101B10002DE9F0412C4C94F83830012B06460F4645
:101B20005FFA83F804D040F60C112720FFF732FA51
:101B3000E56A2B7933B1002129710420FFF7D4FE27
:101B400085F805802B7A052B0AD120490220FFF762
:101B5000CBFE236E1B78991E4B424B4184F87030AC
:101B60001EB1BDE8F041FFF7CDBE002FF9D0636F85
:101B7000304698470028F4D094F83030002BF0D14C
:101B8000638C9A0716D594F87030002BE9D02B7D22
:101B9000E46A23B1294604F1A800FFF721FF94F875
:101BA0001521012096210BF04FFFBDE8F0410020E8
:101BB000FFF7E2BE002BD4D194F87830002BE6D1A9
:101BC00094F87930E1E700BF94290020F42900203F
:101BD0002DE9F04F964EF46A91B004F1A8030A93F0
:101BE0000023CDE90D3396F838300790022B099188
:101BF0005FFA83FA04D040F6AD112720FFF7CAF947
:101C0000F36B03221D785978A6F8481013447364C7
:101C1000079BA6F8402005F00308002B00F0F48095
:101C200019B1F06E09F0CEF90146627A338DB166D2
:101C30000132D2B282EA950743F4007317F001072C
:101C4000338546D1237A23B3032B62720AD8012B42
:101C50001FD0D6F880000DA909F05DF990B940F2C7
:101C6000D471CAE7053B012B02D940F2B371C4E736
:101C700001F00EF810B940F2DE71BEE739460820D7
:101C8000FFF732FED4E91C32013342F10002C4E90D
:101C90001C326379002121721BB161711020FFF7A2
:101CA00023FE338D43F40063338500230893237DA3
:101CB000C5F3C007CBB1B6F84830B3B105F096FB19
:101CC0000328FBD0022806D1FFF71CFE11B0BDE8A7
:101CD000F08F079BEAE740B9A37A03F001039F4224
:101CE00003D1012386F83130EEE7A27A02F0010336
:101CF0009F4240D04FF0000BB36E002B40F0968017
:101D0000B6F84830B3FA83F35B0903EA151386F893
:101D10007930099B002B40F08F80728C96F88630CA
:101D2000110704D596F87020002A40F08580012B19
:101D300000F28280736F0120984700287CD096F8CB
:101D40003050002D78D1E37C002B00F0D78094F840
:101D50001461012ED4E91C2304F1800104F19007E1
:101D60004FF0010000F0BF80022E00F0F18040F241
:101D70002541062042E7B6F84830E3B108F1FF31CB
:101D8000012918D8318D41F48051318596F884109D
:101D9000994206D296F8303043F0100386F830307E
:101DA000A8E7B16E0029A5D096F8851019B12020BA
:101DB000FFF7A2FD9EE70132B8F1030FA27219D01E
:101DC00008F1FF32012A0BD8002B93D0D4E91E3240
:101DD000013342F10002C4E91E32DDF81CB08BE78A
:101DE000002B87D0D4E91E32013342F10002C4E94E
:101DF0001E327FE7338D0F49012043F48053207159
:101E00003385FFF771FDEDE7237D0BB105F02AFB6C
:101E100096F88630013386F88630338D4FF0000B0C
:101E200043F480633385CDF820B065E701236CE788
:101E300094290020D829002005F0C2F8BBF1000F3A
:101E40004CD101230993A54D2B8D5A0606D4402071
:101E5000FFF752FD2B8D43F040032B85089B63B1A8
:101E6000B5F80720B5F805301343E28813431EBFC9
:101E7000B5F809300133A5F80930079B002B00F0B5
:101E80002681B5F805300133A5F80530002385F823
:101E90008630934802F072F80D9830B109F003F9DA
:101EA000002202720A9901F071FC0E9B33B10022EC
:101EB0001A720C220A990E9801F036FC099B002B2D
:101EC0007FF402AF2B8D1B063FF500AF8020FFF79C
:101ED00013FD2B8D43F080032B85F7E641460EA8BA
:101EE000FFF7E2FDADE72E4605900020CDE9036047
:101EF000FB26CDE90176009005F09AF9774F94F82A
:101F00001421962100200BF09FFDD7F82C9097F814
:101F1000503099F8142099F8141103EB8203FF2B29
:101F200003D199F815318B4202D0FF2004F0C0FD97
:101F3000FE6A00238DF83130ADF83230337A062B4B
:101F400000F2B280DFE803F0068E9191B0A3A30007
:101F50000646C9E797F88730A6F804310DF132013B
:101F60000FA8ADF8323000F085FE30B10F9820B1E7
:101F700005233372BDF8323014E0FB6A93F8513018
:101F8000002B6AD1D7F880000DF131020DF132013A
:101F900008F09CFF002860D0BDF83230002B4BD1F8
:101FA00001223272B865A7F8643003B1C31C3B66E6
:101FB000B27A96F809A0367A0B92022E07D0053E27
:101FC000012E74D81B78022B4FF003060CD0D7F8E3
:101FD000800008F0D6FF00286BD1032E04D000F05B
:101FE00063FE80F00105EDB23C4F05F0010387F878
:101FF000783099F81330002B5DD0B7F86430002B9F
:1020000059D051460B9A2B463046FFF72BFD786D81
:1020100004F02CFFD7E9150105F072F9012387F8C8
:10202000883087F83830BBF1000F3FF40CAF4146E1
:102030000EA8FFF739FD06E79DF831201AB9028096
:102040008270032395E7027802F00302012A08BF99
:102050004FF0030A86F808A0A4E70023ADF8323059
:10206000012333721F4800239CE7B6F80431D7F8E8
:102070008000ADF832300DF131020DF1320108F07F
:1020800025FF00287FF476AF40F2C351B5E50DF18E
:1020900032010FA800F0EEFD08B10F9810B940F220
:1020A000D251AAE5062364E740F2DC51A5E50126FA
:1020B0008DE7012598E70B9A2B4651463046FFF7EE
:1020C000D1FCB86D04F0D2FE05F078F9A6E7B5F8BA
:1020D00007300133A5F80730DBE600BF9429002064
:1020E000C02900200E2A002010B5064B93F8382096
:1020F00002F0FF0422B91C7601F0C8FF204610BD93
:102100000C24FBE794290020094B0A4A10B51A60F9
:10211000FFF7EAFF20B14FF4B1712720FEF73AFF35
:1021200000F024FD044CE06400F024FD606510BD67
:10213000F4320020E022000094290020F8B55C4C25
:1021400094F83860054606F0FF0016B909B102B1EF
:1021500023B94FF420712720FEF71CFF63639DF81D
:10216000183084F885306162626784F8300084F842
:10217000860084F8310084F888006084208584F823
:10218000780084F8790084F87000A0652066A4F8CF
:102190006400E0636064A4F84800E56204F0CAFCEF
:1021A00005F00CF995F91C0104F00EFDD5F8D0608E
:1021B000D5F8C80004F00EFD304604F049FE95F84D
:1021C000240004F011FDE36A93F891320BB104F09E
:1021D0009FFC0AF0D6FD95F8152100F18901012038
:1021E00004F070FD334B186804F038FED5F8BC30AD
:1021F000C4F88030D5F8C030E366AB7B233B072BB7
:1022000054D9EB7B233B072B50D9B5F8E630B5F812
:10221000EC0095F81411984228BF184609F0A1FF68
:1022200095F8E830834228BF034698B295F8E43029
:10223000984200D3C3B295F8151184F8873005F1A0
:10224000DC000AF086FA2F7D95F81511B5F8F060DC
:1022500009F087FF0FB9043080B2864228BF0646D6
:10226000F3B284F8843084F850302B7D23B12946B2
:1022700005F1A800FFF7B4FB0120FFF77DFBE36A3F
:10228000D3F8C00104F00EFE002323606360A36056
:10229000EB886380B5F8AA30238095F82430237149
:1022A000D5F818310BB101221A60F8BD1B23C2E723
:1022B00094290020F4320020014B93F888007047E5
:1022C00094290020024B93F82900C0F3C000704706
:1022D00094290020014B93F8860070479429002030
:1022E000391A0000D11B0000111B00006519000005
:1022F000F0B5070CA7F5AA42144B543A012A03EA99
:1023000090231FD927F4004042F6AA22801A18BF52
:1023100001200022162116461F2487EA060562EADC
:102320000505013510D0DD03ADB245EA5606E503DB
:10233000ADB2013945EA52024FEA53034FEA540461
:10234000EBD1F0BD0020E4E70020FAE7E0FF3F001A
:10235000304BF0B55A89B0F86070B0F85E609D8976
:10236000974228BF1746964228BF16461B2E85B0B7
:102370000C462ED0B5F5A47F2DD040F648039D42E3
:1023800001A928BF1D4609F05FF8BDF80A30BB421D
:1023900028BF3B46E380BDF80C30AB4228BF2B463C
:1023A0002381BDF80630B34228BF33466380BDF8B1
:1023B0000830AB4228BF2B46A380FF232370E3885D
:1023C0001B3B9BB2E02B08D940F209513920FEF7A4
:1023D000E1FD1B2FCED105B0F0BD63881B3B9BB246
:1023E000E02B02D940F20B51F0E72389A3F5A47347
:1023F0009BB2B3F5E06F02D940F20D51E6E7A38836
:10240000A3F5A4739BB2B3F5E06FE4D940F20F518A
:10241000DCE700BF202A002010B501210020FFF7D3
:10242000E5F8044670B90121FFF7A4F8044620B985
:1024300040F225313920FEF7ADFD034B93F918101A
:102440000AF0A0FF204610BD202A0020014BD888AA
:10245000704700BF202A0020044BD87CC0F3400006
:1024600080F0010000F00100704700BF202A00202A
:1024700008B509F0EDFD00F0B9FD00F09BFB0AF096
:10248000C9F801F0E9FD03F0EDFF084B0848002210
:102490001A60084B4FF01B11C3E901014FF4A471FE
:1024A000D960DA741A801A8208BD00BFF8320020A1
:1024B00003021B00202A0020034B41F64C525A61B4
:1024C0001B229A74FFF7D4BF202A0020F7B5284DAD
:1024D0006B69C0F8DC3000F1A807264BC0F8C430A7
:1024E000044638460AF0E1FD064600F053FB830639
:1024F00054BF1B23EB88A4F8063158BF1A461E4B65
:10250000A97C1B6848BF2A89A4F8082184F8E41034
:10251000A4F8E66023B194F91C11B4F8AA00984716
:102520001649384609F07FFB0123EA886979A4F847
:10253000DA302B89019129790091033303329BB260
:1025400092B204F1C00104F1BC00FFF7C1F8D4F865
:10255000BC3023B940F2E2413920FEF71BFDD4F82C
:10256000C03013B940F2E341F6E703B0F0BD00BF5D
:10257000202A002000093D00FC3200202E2A0020E5
:10258000024B1B6803B118470C207047F83200203B
:10259000034BDA8802801B7983700020704700BFEC
:1025A000202A002037B583781A2B054608D8042B3B
:1025B00004D9144A22FA03F3DB0705D412241AE0E3
:1025C000292B01D03B2BF9D12888B0F5706FF5D2BB
:1025D00001A909F0EAFD88B9019B93F8202102F0D6
:1025E000FF046AB9AA7883F82121FF2283F8202109
:1025F00001A808F0FCFF204603B030BD0224FAE732
:102600000C24F8E7200038040188A1F11B039BB2D9
:10261000E02B0CD84288A2F5A4739BB244F2481078
:10262000834204D8034B002059819A8170471220BD
:10263000704700BF202A002038B50278447802F0A5
:10264000010354EA030102F0020201D1112038BD56
:10265000BAB98578002DF9D0002B18BF002400E00E
:102660001D46204608F0E3FE0028EFD0284608F07B
:10267000DEFE0028EAD0054B00209C73DD73188233
:10268000E5E7002BECD000242546EAE7202A0020CD
:1026900013B5008801A909F0A1FD044620B90198ED
:1026A00090F832311BB13A24204602B010BD90F8A8
:1026B0005C3003F0FF04002BF5D190F853309B07FA
:1026C00006D1FF2380F8323101A808F090FFEBE734
:1026D0000249543009F0C6FFE6E700BFD9CC00003C
:1026E000F7B50778EF2F05460C460FD890F9012073
:1026F0004378002A0ADB8278900707D113F0100094
:102700001DD1990603F0030202D51AB1122442E04A
:10271000032AFBD01E07F9D42979EA78EE7942EA38
:102720000122697942EA0142A97941EA06212E7A19
:1027300041EA06418A42E9D81F2A0FD8E6E713F09A
:10274000600FE3D103F00702052A05D003F00F0163
:102750000D22CA40D107D9D51A07DDD56A7A013AC8
:10276000062AD3D8AA7A032AD0D813F0040102D1BA
:10277000023A012A03D8EA7A012AC7D811B9AA7CF9
:10278000032AC3D82A7D48B1012ABFD12A7E012A53
:10279000BCD830B91124204603B0F0BD022AF5D1CF
:1027A000B4E7DB0712D46B782A7D03F01803082BFB
:1027B00011D1022AEED101213846FEF717FF064655
:1027C00078B10AF093FDB8B10C24E4E700F0A2F967
:1027D0000028E8D1DEE7022AEDD02B7F002BEAD0DB
:1027E000D8E701213846FEF7C5FE064640B3154B33
:1027F00093F918100AF0C6FD30460AF0B3FE2946D8
:102800002070E87430460AF003FEEB7E0446002B8D
:10281000C1D00028BFD1B16A0246684608F0F0FC7A
:10282000B06A2246012108F037FDB16A68460422E9
:1028300008F0E6FCB06A2246214608F02DFDAAE722
:102840000724A8E7202A002030B50279042A8BB09B
:1028500003464FD84088B0F5804F4BD826498D5C51
:10286000114400244A79ADF8004042F0100242EAD7
:1028700045028D7AC97B8DF8084042EA850242EA1A
:10288000C10202F01F028DF80020BDF80020ADF853
:1028900009201A888DF80B208DF80E00120A000A04
:1028A0008DF80C208DF80D408DF80F008DF810403C
:1028B0005A7B8DF811205A798DF812209A79D3F825
:1028C00007008DF81320B3F80B209B7B8DF81A308E
:1028D0007F2305908DF81B3069464FF0011302A845
:1028E000CDE90734ADF818208DF82440FFF7F8FE45
:1028F0000BB030BD1220FBE7FCC4020073B50646E6
:10290000FFF78AFD04460AF038FE3378012B0546AE
:102910005FD120460AF069FD00287AD020460AF0EF
:102920002CFE18B115B9122002B070BD20460AF075
:10293000DDFC08B10C20F7E720460AF014FD06463E
:102940000028F7D1204602F033FD0028EBD0ED013E
:1029500042F2107331462046ADB25D430AF0F9FDF4
:1029600020460AF002FE014658B92A46204601F0E8
:102970001BFF08B90020D7E741F698213920FEF760
:1029800009FB31460DF10600FEF7BCFD064608B90D
:102990000D20C9E7BDF8061009F02FFC314620468E
:1029A0000AF0EFFD3046FFF791FD2A4631462046FA
:1029B00001F0FAFE024610B141F6B421DEE7164BF3
:1029C000DB69002BD6D006F5917106F1A800984777
:1029D000D0E7002BA7D120460AF007FDC8B120465A
:1029E0000AF084FC0028C5D020460AF02EFB0546DC
:1029F00020460AF02DFB014600289BD1002DB9D0BE
:102A0000B5F8AA00FEF708FE0028B3D041F6D6219B
:102A1000B4E7422088E700BF202A0020027803465E
:102A200072B1427862B142881A2A09D982881A2A78
:102A300006D9044A006850609B88138100207047C3
:102A400012207047202A0020024B02685A610020A1
:102A5000704700BF202A00200378A3F10A02112A40
:102A60009DBF024A0020937412207047202A002044
:102A700008B5052000F082F803F0B4FC014B024ACF
:102A8000DA6108BD202A00205123000008B5094B57
:102A900001221A7002F07CFC0AF024FF09F0D6FA39
:102AA000FFF732FB002008F078FBBDE8084000F09B
:102AB00075BD00BF402A002010B5064C0649201DF8
:102AC00009F060F804F108000449BDE8104009F07D
:102AD00059B800BF402A0020082100201021002002
:102AE00010B5084C0849201D09F04CF804F1080005
:102AF000064909F047F804F10C000549BDE810400B
:102B000009F040B8402A0020182100202021002090
:102B100028210020014B1878704700BF402A002070
:102B200010B5064C00F016FD606809F023F8FFF7B9
:102B3000C3FC00F0A9FE0123237410BD402A00202D
:102B4000014B187C704700BF402A002010B5064C8E
:102B5000A06809F00FF8E06809F00CF8FFF788FCAE
:102B60000023237410BD00BF402A00200048704796
:102B7000512A002000487047532B0020C208044906
:102B800000F0070001238340885C03438B547047A7
:102B9000D0200020014BD3E900017047D020002055
:102BA000034B1868C0F30020400040F0010070475C
:102BB000D020002008B505F0F1F9084A002332F8CA
:102BC0002310814205D302EB83029378044A1370E9
:102BD00008BD01330C2BF2D10023F7E710C502002A
:102BE000552C002008B50068B0F8AA30A0F865316F
:102BF00090F8143180F86411012B06D0022B04D018
:102C00004FF43F710620FEF7C5F980F8673190F860
:102C10001531012B01D0022BF2D180F86831BDE8CB
:102C20000840024900F25B1009F01CBD11BC000015
:102C3000024B002283F822209A847047562C0020F1
:102C4000044B93F82220012A1ABF036001200020C0
:102C5000704700BF562C0020054B93F82210012925
:102C600002461DBF012083F822009A84002070478D
:102C7000562C0020054B024693F8220020B1136029
:102C800009B19B8C0B800120704700BF562C00209F
:102C9000044B93F8220000229A8410B183F822207A
:102CA00001207047562C0020034B93F82200B0FA05
:102CB00080F04009704700BF562C002050B90A4AE6
:102CC0001346012003F8010B0868C2F801008A8846
:102CD0009A807047012805D1034B0A689A608A8858
:102CE000D8719A81704700BF7C2C002050B90B4BE3
:102CF000187888B1D3F80120B3F805300A608B80CA
:102D000001207047012806D1044BD87920B19A6878
:102D10000A609B89F3E70020704700BF7C2C0020ED
:102D200010B9044B18787047012806BF014BD879B9
:102D3000002070477C2C0020F7B500238A888DF88E
:102D40000600ADF8042008680B4A8DF80730019D95
:102D50001478014602F5A872D8B2844201D808203E
:102D600008E052F8087F5668AE4208BF8F4203F170
:102D70000103F1D103B0F0BD902C002030B5094B18
:102D800001465C78002203F20113D0B2844201D8DC
:102D9000082005E013F8015F8D4202F10102F4D131
:102DA00030BD00BF902C0020F8B52D4C6378013B5E
:102DB000DBB22218834292F80251637030D01A01BC
:102DC0000101961C8F1C2644274406F1100C56F86E
:102DD00004EB47F804EB6645F9D182328231224494
:102DE000214402F1100652F8047B41F8047BB24200
:102DF000F9D1E118221891F8026182F802610626E1
:102E00007343704303F5857300F58570E618E35846
:102E100023502718B388BB8091F83A3182F83A31B1
:102E20002846FFF7ABFF082818D12378013BDBB217
:102E30009D42237012D02B3304EBC30393E80300AD
:102E400005F12B0204EBC20282E803002078FFF7B1
:102E500095FF08281CBF241884F80251F8BD00BF54
:102E6000902C0020F0B5254D95F8984189B0224668
:102E700005F29911684607F019FD2146684609F0E8
:102E800006F90446B8B300EB4001C9B202A8FEF748
:102E90000DFD631E95F8A161DBB2012495F8981130
:102EA00005E0721CB2FBF1F001FB1022D6B206F174
:102EB00020020DEB020010F8202C002AF1D103EBC8
:102EC00043012031694406EB46022A4411F8187C7C
:102ED00082F8A27111F8177C11F8161C82F8A37100
:102EE00082F8A41100F8204C013BAA19DBB2FF2B99
:102EF00082F89941D2D109B0F0BD00BF902C0020DA
:102F000070B5064688B00C46002A4ED0294A92F881
:102F1000A131D01890F8991119B9FF212820FEF796
:102F200039F803EB43011144013391F8A251E570E4
:102F300091F8A35191F8A41161710021257180F8D5
:102F4000991192F89811B3FBF1F001FB103382F85C
:102F5000A13192F8C23123B9174902F5DD7009F0A9
:102F60007EFB657905F03F0545F0400565710D2252
:102F70000021684607F05AFCE3788DF80F3023797A
:102F80008DF80E3004AA0423694630468DF80D50A2
:102F900007F0AAFA9DF81F3023709DF81E30637069
:102FA0009DF81D30A37008B070BD03216018FEF7B6
:102FB0007DFCD6E7902C0020652E0000044B5A784B
:102FC000824286BF1B1893F84A010020704700BF59
:102FD000902C0020044B5A78824286BF1B1893F82D
:102FE00042010020704700BF902C0020064B0022B9
:102FF0004FF461711A8083F8C32183F8C421A3F8C8
:10300000C61183F8C2217047902C00202DE9F047AB
:103010008246894617469846FFF78EFE08280546E1
:10302000064603D0FFF7AAFE082860D1324C637829
:10303000072B5ED8082D15D12678731C072E237018
:1030400003D96C212820FDF7A5FF06F12B02D9F842
:10305000000044F8320004EBC203B9F804209A805F
:1030600083F806A065786B1C290163704B1C07F17F
:103070001002234412F8010D03F8010FBA42F9D1EE
:10308000813108F11003214413F8012D01F8012FBB
:103090009845F9D11021404609F029F8254410211E
:1030A00085F84201384609F022F885F80261667811
:1030B00085F84A010023114885F83A31314608F075
:1030C000E6FF0128054607D80D48314608F0DFFF26
:1030D000002818BF0135EDB284F898510025284624
:1030E00084F8A151FFF7BEFE2846BDE8F087122004
:1030F000FBE70720F9E700BF902C0020D22D00202D
:10310000DA2D002010B5064B5878013840B200285F
:1031100000DA10BDC4B22046FFF746FE601EF5E798
:10312000902C0020014B83F8C3017047902C0020A5
:10313000014B93F8C3017047902C0020431E9BB2B3
:103140004AF2B71293429DBF024BA3F8C601012079
:1031500000207047902C0020014BB3F8C601704747
:10316000902C002030B50A4B5C7884420ED918446C
:1031700090F802012B3003EBC004A5790D7053F8D1
:1031800030001060A3889380012030BD0020FCE750
:10319000902C00200246074810B590F8C34124B196
:1031A000417821B1023003F07FF9204610BD0C4672
:1031B000FBE700BF902C00202DE9F74F2F4C9A46DB
:1031C000637883428046894656D9231893F8425142
:1031D00085F00105F9B193F84A31E3B945F00207EA
:1031E0000135BAF1000F18D1FA070AD5062101FB03
:1031F000084104EB0810524601F585718230FFF753
:103200007FFEBB0734D504EB081052464946023016
:10321000FFF776FE2CE02F46E3E794F8A1614FF02C
:10322000010B002DE0D0A319019393F8991199B9DE
:103230000092DAB100F0F8FA06EB46012144019B56
:1032400081F8A2014FEA102C009A81F8A3C1000C6A
:1032500081F8A40183F899B194F898310136B6FB4E
:10326000F3F103FB1166F6B2013DDAE747F004071C
:10327000384603B0BDE8F08F0027F9E7902C002016
:10328000074B5A78824209D91A1892F842212AB972
:10329000062202FB003000F5857070470020704761
:1032A000902C0020064B5A78824281BF1B1893F85D
:1032B0003A01B0FA80F0400998BF0020704700BF83
:1032C000902C0020F8B50E460746062130461546DC
:1032D00008F00DFF044670B10C4B0022587803F241
:1032E0003913D1B2884202D801242046F8BD03F830
:1032F000015F0132F5E73146384608F0E4FE082860
:10330000F3D0024B034483F83A51EDE7902C0020B0
:10331000034B80F874101B680BB140881847704746
:10332000003300200B2808B504D940F229112920C8
:10333000FDF730FE014B33F8100008BD40C5020018
:10334000036830B50024D3F8C400A3F84040B3F8B4
:10335000444042F210754443B4FBF1F4A3F84440F6
:103360004C1E05FB0242B2FBF1F2A3F84220094ACF
:10337000B2FBF1F20132A3F848209A8F05FB024418
:103380005A6BB4FBF1F450439C63B0FBF1F058630B
:1033900030BD00BF005A620213B540F6B8338387D0
:1033A000B0F8CE20D0F8C4100190044601A8FFF771
:1033B000C7FF0C4B1B68062B01D001330FD10A4B02
:1033C0001B68063B08330AD9D4F8C800FEF790FF03
:1033D00080F00100C0B284F8910202B010BD00205C
:1033E000F9E700BF783200207C320020034608460F
:1033F00071B13F2B0BD8074AD35C03F07F02914297
:1034000005D08CBF0120002000EAD31070470120B6
:10341000704700BF58C50200FF230B7002234B709A
:1034200083238B70014B1B78CB7070475C2E002080
:103430002DE9F84FD0F80480D8F8186030460C46D3
:1034400007F01FFE054620B94FF4AA711020FDF7C2
:10345000A1FD0146304607F022FEB5F800B01FFA84
:103460008BF7824617B94FF4AC71EFE7224B1B681C
:1034700000F10309D3B998F8023098F803202370BB
:103480006378A4F802B002F00F0223F00F03134395
:1034900023F0C00363709AF8003003F00303012B9C
:1034A0000FD0022B0DD04FF4BB71CFE7B8F802005C
:1034B0003A464946984705460028DCD12846BDE8EB
:1034C000F88F627863F305126270304607F0EDFD05
:1034D000054610B94FF4C071B8E7FB2F02D940F28E
:1034E0008F11B3E73A464946201D07F0DFF9304611
:1034F00007F036FDE2E700BF0433002038B5134C77
:1035000010220021201D07F091F9012525741022B9
:1035100004F10803002104F11400C4E9013307F0A9
:1035200085F984F8205004F11803C4E90533084AEA
:1035300000236362A36284F82C30C4F82D30C4F8F1
:10354000313084F835301360A36338BD5C2E002021
:103550000433002010B5084C2378FF2B04D040F230
:1035600099111020FDF716FD07F004F82070BDE852
:103570001040FFF7C3BF00BFDD20002010B5034C93
:10358000207807F011F8FF23237010BDDD20002004
:10359000014B187807F018B8DD200020014B024AD3
:1035A0001A60704708330020313400002DE9F341E0
:1035B000DFF86881054608F11407D8F80830D8F814
:1035C0001840227A012A22D1D8F8382052B1137A31
:1035D0001BB9BF211020FDF7DDFCD8F83840C4B975
:1035E000002083E01A7A012AFAD04D4A1C46EFF3F4
:1035F000108172B650680068506001B962B6A3428B
:1036000008BFC8F83840237A1BB9EE21E2E73A46F2
:10361000EDE7267AF6B205232372731E0B2B6ED8C4
:10362000DFE803F06A062235676D3E6D6D6D6D5BF8
:10363000636813B94FF40371CCE7204629469847D5
:103640000420EFF3108272B6237A052BD9B24FF023
:10365000000359D12372D8F83810A14201D1C8F81B
:103660003830B2BB62B634E0636813B940F215215A
:10367000B0E72946204698470346C3F30723012BAA
:10368000ADF80400C0B22FD0022BDAD11AE0636883
:1036900013B940F21D219DE7204698470020D0E74E
:1036A00063680BB9FE2195E786222A7001225988AA
:1036B000AA706A7100225869A5F80310AA7107F070
:1036C0004FFC0420D8F83830A34202D10023C8F8B8
:1036D000383000283FF471AF08E0124B29461B68D0
:1036E00020469847034668B9267298B102B0BDE8F3
:1036F000F0814FF415716DE740F257216AE740F20F
:103700005A2167E70220DDE711B940F27B2161E72A
:103710001846A6E7002B7FF450AF61E75C2E00202F
:10372000602E00200833002010B51346027A22B123
:1037300040F202311020FDF72DFC0A46BDE8104092
:103740000146014808F068BF602E0020044890F848
:103750002C301BB90349243008F07BBF704700BFF1
:103760005C2E002009C600000346064890F83C2065
:103770003AB190F8352022B900F82D3B024908F003
:1037800068BF70475C2E00201934000010B50A464F
:10379000037A23B140F20A311020FDF7FBFB01460A
:1037A000BDE810400148072308F036BF702E002006
:1037B0001346027A0AB1037270470A46014601486D
:1037C00008F02ABF602E00201B234FF01B128384B9
:1037D000038482618382C260038539B94FF4A47384
:1037E000034AC3844384C261C3820261704700BF3D
:1037F00048014801014908F035BF00BF6BC6000011
:103800000B8BA2F80B304B8BA2F80D308B8BA2F8F0
:103810000F30CB8BA2F809000249A2F811301046F4
:1038200008F01ABFBBC60000094AD2E900034340B2
:1038300083EAB01181EA43214FEAF3435360054B19
:10384000116058434FEAF06000EB8000704700BF02
:103850009C2E0020BB79379E094AD2E900034340E1
:1038600083EAB01181EA43214FEAF3435360054BE9
:10387000116058434FEAF06000EB8000704700BFD2
:10388000E0200020BB79379E10B50A4C094808217A
:10389000FEF70CF8D4E900321343F7D0064CFFF7DB
:1038A000DBFF2060FFF7D8FF236860601843F6D085
:1038B00010BD00BFE02000209C2E0020174B184AAE
:1038C0009A60184A5A60184A1A60184A9A62184A46
:1038D000DA62184ADA60184A9A61184A1A63184A72
:1038E0001A62184ADA64184A9A64184A5A62184BDB
:1038F000184A9A60184A5A62184ADA62184A1A61D3
:10390000184A5A61184A9A61184A1A63184A9A64FE
:10391000184ADA64184A9A63704700BF0C330020D3
:10392000F5C900001BCA000081CA00003DCB0000A1
:1039300087CB00007D3C000099CB0000F13E0000E9
:10394000793D00005DCC000075CC0000C53D000055
:103950000C3400200BCA000031CC0000B7CB0000B3
:1039600067CB0000D7CB0000093D0000FBCC000076
:10397000A3CC000095CC00001BCC0000044B054AF2
:103980005A65054B054A1A65054A5A65704700BFD6
:103990000C330020A9CD00000C34002093CD000092
:1039A00015CE0000054B064A9A65064A1A66064B74
:1039B000064A9A65064ADA65704700BF0C33002054
:1039C000FDBD0000B1BE00000C3400204DBD000064
:1039D00031C0000037B5044601A80D46FFF730F9A5
:1039E00020B94FF4AA615120FDF7D4FA00210198C3
:1039F000222206F01BFF019B194601F8035F023DDE
:103A0000232D00F28980DFE805F02587128A8A25B8
:103A1000872B878A313D418787458A8A4E4E656567
:103A200087878787878787878787876C77802168DD
:103A3000D1F8CE215A60D1F8D2219A602268D2F80A
:103A40009420DA600D20FFF707F9002869D140F2D1
:103A50005751C8E7226892F8A0201A710220F2E7B5
:103A6000204600F00BFA0028EDD13DE011221A713A
:103A700059225A7100229A713922DA7110221A726F
:103A80000620E0E7226892F89A20E6E7084600F070
:103A9000E3F9E8E7226892F89B10197192F89A20EE
:103AA0005A710320CFE72268B2F800111971090A90
:103AB0005971B2F8A2109971090AD971B2F8FC10C3
:103AC0001972090A5972B2F8A0209A72120ADA72AF
:103AD0000920B8E7226892F82E11197192F82F2167
:103AE000DEE7114B1B6813B940F249517BE72320F5
:103AF000224698470420A6E70B4B1B68002BF3D007
:103B000022462420984705209DE7074B1B68002B81
:103B1000EAD022462520F5E740F2445163E7012030
:103B200091E703B030BD00BF0C3500203F289ABF9D
:103B3000024B53F820000020704700BF0C330020D8
:103B40003F289ABF024B53F820000020704700BF67
:103B50000C340020F7B50568D5F8BC6004464FF674
:103B6000FF770DF102010DF101023046ADF8027050
:103B700007F0ACF901A9304607F0CDF948B101983A
:103B800007F091FA2168A83100220272FFF7FEFDCA
:103B9000E7E7044905F1280003B0BDE8F04008F06C
:103BA0005BBD00BF89C90000F0B5044685B00D4675
:103BB000FF2600F8A56C10F8A63CF3B1174F3B7830
:103BC0001BB162211F20FDF7E5F90C21381DFDF71F
:103BD0006DFE3E70002304F8A53C2A468A2302F8B5
:103BE000033BD4F80930C5F80330D4F80D305360E6
:103BF000D4F81130936005B0F0BD01A80C21FDF799
:103C000055FEA4F5F473039A1A6001AB03CB44F894
:103C1000AE0C44F8AA1C04F8A66CDBE7A42E002026
:103C200010B5054C23782BB90C21201DFDF73EFE65
:103C3000FF23237010BD00BFA42E0020024690F881
:103C4000D631BBB990F8D73103F0FF010BB100209A
:103C50007047094B18780028F9D01970D968C2F854
:103C60009410043303CBC2F8CE01C2F8D211FF2363
:103C700082F8D63101207047A42E002038B50268A2
:103C8000D37B04460D463BB1122B05D0103B0F2BC6
:103C90008CBF0120082038BD92F8523013B920465D
:103CA00008F038FE2268D5F80B30C2F8C631D5F8D6
:103CB0000F30C2F8CA312368D5F81320C3F890201A
:103CC000B3F8AA20A3F88522D5F80120C3F88722EB
:103CD000D5F80520C3F88B222368B5F80920A3F88E
:103CE0008F222368002583F89E5183F8D6512068DF
:103CF000044900F51F7008F0ACFC23681522DA7344
:103D00002846C8E7A93B000010B50368DA7B1F2AE4
:103D1000044604D040F29D211F20FDF73BF993F8A3
:103D20005220B3F8AA00002183F8511082B1C3F8E1
:103D3000A91183F85210A3F8AD110D49A3F8AA01F7
:103D400003F5D07008F085FC23680022DA7310BDFB
:103D50000121A3F8990183F89B1183F89821054963
:103D600083F89F21A3F89C2103F28F10EAE700BF9C
:103D700025CB00000DCB000038B505682B6813F08B
:103D8000010419D1D1F801200C4BD1F805101340D2
:103D90000B4AC5F86230C3F3076343F008030A40D7
:103DA00085F86530C5F8662008F0B4FD2B6843F04F
:103DB00001032B60204638BD0120FCE72FC904F722
:103DC0006FDB008010B50068837B042B2CD1D1F809
:103DD0000130D1F80540C0F86230C3F3076343F007
:103DE000080380F8653000234A1CC0F8664080F85C
:103DF0004A30837390F8713103F0FF040BB1002057
:103E000010BDB0F8AA30A0F8733180F87241D1F833
:103E10000130C0F875315368C0F87931034900F2B8
:103E2000691008F016FCEAE70120E9E7F1CB000091
:103E3000006890F871315BB9B0F8AA30A0F873311E
:103E40001A2380F87231034900F2691008F001BCAE
:103E5000704700BFF1CB000010B50446FEF79AFE94
:103E6000044A054B02400B40C4F80120C4F8053059
:103E7000092010BD2FC904F76FDB008037B50C4651
:103E80000568FEF787FE0A4A0A4B0A4095F8621059
:103E90000192034000930B408DF800306B4603CB3A
:103EA000C4F801000920C4F8051003B030BD00BFFC
:103EB0006FDB00802FC904F738B5DB04154604D545
:103EC000037D13B10023436338BD446B0134446365
:103ED00008F0F2FE836B9C42F6D300234363034950
:103EE0002846BDE8384008F0BDBB00BF51CC0000FB
:103EF00038B50468A37B012B054602D023689807D8
:103F000038D494F853309A0713D44A7884F85D2053
:103F10004A88A4F85E208A88A4F86020D80743F075
:103F2000020284F853200FD5134904F1540008F01D
:103F300099FB94F85330D90711D423689A0708D510
:103F400058214020FDF726F894F83231002BEBD1B0
:103F5000EFE743F002032360284608F0DBFCA37B75
:103F6000012B4FF0000301D0002038BDA37384F86B
:103F70004A30F9E70120F8E7D9CC000070B50568B0
:103F8000044602F04DFA054BE8721B6801461BB16E
:103F90002046BDE87040184770BD00BF14350020B2
:103FA000024B1B6803B11847704700BF1035002053
:103FB000F0B51F4D2B78002414709BB1013B6D6848
:103FC000DBB21E1B012E0FDC05EBC40655F8347066
:103FD00076688E4208BF874227D0B84271EB06064A
:103FE00012D214700020F0BD1E19771005EBC70E19
:103FF00055F837C0DEF804708445C6F347068F4194
:104000002CBF33463446DCE705EBC30455F8335088
:1040100064688C4208BF854206D0A84271EB040454
:1040200028BF01331370DDE71C4614700120DAE766
:10403000C42E002010F0070208B503D063214820E9
:10404000FCF7A8FF18B1034B197258601A70C8002A
:1040500008BD00BFC42E0020014B00221A7070471B
:10406000C42E0020FF230B70074A0D234B708223C0
:104070008B701368C1F803305368C1F80730936838
:10408000C1F80B30704700BFDA2E0020024816221C
:10409000002106F0CBBB00BFDA2E00200B4B5A7D6F
:1040A00092B14A0610D5B0F8AA201A80D0F8502252
:1040B0005A60D0F854229A60C2885A800449022279
:1040C00003F10C00FFF774BB704700BFDA2E00202D
:1040D00065400000094B53F8203070B503F52343C9
:1040E0000C461646A1334FF47A72B3FBF2F503F097
:1040F0002BF834442C44204470BD00BF5CC6020041
:104100002DE9F04F8FB09A4690F815310793044689
:104110008946069207F07AFD834694F81F01FFF75F
:1041200001F9834408F02DFEE37B0393069B1FFAFD
:104130008BFB00F16007002B4BD1637B032B48D135
:10414000039B0C2B32D1B4F86C324B452ED1D4F8F2
:10415000F031C4F8E031D4F8C430B4F8C421C4F864
:10416000E431B4F862321344C4F8E831204602F076
:1041700003F9D4F8742294F81D31C4F8C42041F630
:104180004B518A428CBF002303F00103D4F8701214
:10419000D4F87822C4F8D41084F81E31B4F86E1222
:1041A000A4F8D8100223C4F8CC206373E37BA17B6E
:1041B000282B01D028290CD1B4F86C32A9EB0303C9
:1041C0001A0406D4A1F1280359425941204601F0AE
:1041D00095FCB4F86052B4F8068094F81531089351
:1041E000A9EB05052DB204F50C73A9EB0808002D09
:1041F00004930FFA88F817DAD4E99223C4E99623D6
:10420000012345460493D04B1B7813B103F0AAFE5B
:1042100068B90026637B032B00F2D681DFE813F038
:104220006C007201C1009801CDF810A0EBE7B4F862
:10423000D831012BEDD9637B022BEAD094F80262CE
:10424000002EE6D194F81F01FFF76CF8637B00F5B0
:10425000C86B012B1FFA8BFBD9B23FD1A27CD4F8DB
:10426000D430032A33D1D4F8E42113445946D4F886
:10427000E401099303F03AFED4F8E061099BD4F815
:10428000E821C4F8E001861B59461846564303F05E
:104290002DFED4F8EC31C4F8EC01C31A5946D4F819
:1042A000C4001E4403F022FEB4F8C431D4F8E8215F
:1042B00043445B1B9B1AD4F8F021013B821A02FB9A
:1042C00003660123C4F8F00184F80232A2E7304605
:1042D000099307F055FF099B0344C7E7D4F8C400CE
:1042E000594603F003FEB4F8C461D4F8F0314644F3
:1042F000761BC31A5E43E4E70121002007F040FF6C
:104300008046D4F8D4005946404403F0EFFD5946A6
:10431000C4F8EC01D4F8C40003F0E8FD0BA9C4F81C
:10432000F0010CA802F05CFE0B9B0093D4E996010F
:10433000DDE90C2303F0BCFE049004F1A80008F0B2
:1043400092FDD4F8D410D4F8642294F815018D1895
:1043500002F002FFD4F8EC11049B203D6D1AED1B16
:10436000454400F52340ED1AA1304FF47A73B0FBB9
:10437000F3F0B4F8D83030312D1A03EB410194F842
:1043800015013A46FFF7A6FED4F86432EB1A223044
:10439000DA2BC4F8F4015DD840F2C7413020FCF7B5
:1043A000F9FDD4F8D430D4F8E4015946184403F0A8
:1043B0009DFD5946C4F8EC01D4F8C40003F096FD05
:1043C000C4F8F00104F1A80008F04DFDD4F8D43091
:1043D000D4F8E4511D44B4F8C431002B40F08E8071
:1043E000BAF1000F00F08A8094F8150102F0B4FED3
:1043F000D4F8EC11D4F8503294F815216D1A203D00
:104400001D44D4E992BC514B53F82220A5EB0B0577
:104410004FF47A7302F2E732B2FBF3F21544ED1B6C
:1044200000F52340A130B0FBF3F02D1AD4F8E821B9
:10443000D4F8E03194F8150102FB0313B4F8D81056
:10444000303301EB43013A46FFF744FE0123C4F841
:10445000F4016373D4F8C430D4F8F0217E3B9B1A86
:10446000DF1B002384F83032D4E996328742A5EB73
:10447000060528BF07465B1942F10002C4E99032E5
:10448000C4F8C07104F1DC0008F061F9042384F879
:104490003932D4E99023C4E99623B4F8B031A4F8B2
:1044A0006092A3EB09031BB2002BD4BF00220122B0
:1044B000520084F83822039A38440C2AC4F8340293
:1044C00000F08580BAF1000F40F08480637B002B00
:1044D00000F09D80D4F8C410D4F8F03104F50C70CD
:1044E000C91A07F010FE80B2002800F09080189BD7
:1044F00003B1188001200FB0BDE8F08FD4F8EC11A3
:104500006D1A93E7D4F8F011D4F8C430B4F8C4218C
:10451000D4F8E801D4F8E0C15B1A5D43D4F8EC317B
:104520004244121A3033013A0CFB003301FB0233D0
:10453000B4F8D81094F815013A4601EB4301FFF79F
:10454000C9FDC4F8F40185E7F02E00205CC6020026
:10455000D4F8F0E1D4F8C430B4F8C4C1A3EB0E032E
:104560005D43049B3BB3BCF1000F24D1D4E99423F9
:10457000D4E99201904271EB030302D340F20E5151
:104580000CE707992B4B53F82130D4E99201CDE980
:1045900004010498203A121A03F2E7314FF47A7BAF
:1045A00003F52343B1FBFBF10A44A133B3FBFBF357
:1045B000D21AD21B15440CEB08010EFB01F130316D
:1045C00008983A464900BAE740F22651E6E6BAF1C1
:1045D000000F1CD0B4F8D80118B3B4F8DA1194F86D
:1045E000DC21A4F8DA1101FB0222904201F101055D
:1045F0000DDD002B0BDD002384F83832A4F8DA51EE
:10460000FFF712F900F00700013084F8DC0104F52F
:104610000C7104F5027004F065FE20B940F2765189
:10462000BCE60146DBE7069B83F0010384F8003219
:10463000002060E75CC602002DE9F8430E46044600
:1046400018B9D3213020FCF7A5FC052900F2A7807A
:10465000DFE801F00376413DA52E03F06DFEC4E9CD
:104660004601204600F0C8FFD4F80C01CB3803F017
:1046700017FD204608F081FF054600BB0146204695
:1046800008F0B8FE00F1E506D4F80C01B04209D2FA
:10469000301A322838BF3220032103F01DFE60B1EA
:1046A00003F002FDC4F80C61204608F078FF45B124
:1046B0002046BDE8F84308F073BF0125F2E7002566
:1046C000F2E7D4E94623C4E94023BDE8F883BDE816
:1046D000F84302F091BC08F098FE042384F81131ED
:1046E0008146884603F0DAFC07220F46A9FB023117
:1046F00002FB0811D4E940525B1941EB0205D4F8E2
:10470000E8203AB159EA080204D0984277EB050252
:1047100028BF012684F81061D4E94826121A66EBF6
:10472000070694F8301139B9012A76F100010BDA45
:10473000204600F069FF03E0012A76F10006F7DB6E
:10474000002384F82831C0E7984277EB05010FD2A7
:1047500059EA08080CD01B1A65EB07019A4276EB60
:10476000010005DB012B71F10000A4BF1A460E46C3
:104770000C490123914284F829314FF0000384F859
:104780000831B341B8BF0A4604F1C00004F5847192
:1047900004F054FE002898D140F2B26152E7EF21B4
:1047A00050E700BF0040420F2DE9F84304460E4693
:1047B000154690F8283103F0FF07002B40F0948055
:1047C00000F1C00839467822404606F02FF84749E4
:1047D0002246404604F080FDC4F8E860FF2384F8D8
:1047E000283166B1FFF738F800F00700013086F88D
:1047F000DC013F49324606F5027004F06DFD40F2DF
:1048000002434FF00009A4F8103184F8089103F036
:10481000CFFB00F19E06204608F0AFFEB6B201467F
:10482000C0B307F0F3F900F1280189B2284603F07C
:104830005DFB2844C4F80C0103F030FC301841F152
:104840000001C4E94601012084F8EC00A4F81E90A0
:1048500008F045FFE53D2D1AC4F8F0504FF0FF3544
:104860006FF00041D4E94623C4E948510025C4E96A
:104870003E23C4E9402384F8295142F2107204F522
:104880008471404604F0DAFD38BB40F2B9113020A3
:10489000FCF780FB204608F0ADFDDFF85890E530CE
:1048A000C4F80C01B9F8020048B1E08B38B1FEF74A
:1048B000D3FFB9F80230B0FBF3F202FB1300064459
:1048C00003F0ECFB361841F10001C4E94661002D0C
:1048D000C4D0AD1941F10001C4E72946204608F0D3
:1048E00061FE3846BDE8F8830C27FAE73946000038
:1048F00081CE0000F02E0020F0B5002385B0CDE978
:10490000003301238DF806306846FCF7A9FE70B12C
:10491000104E012333710023CDE9023302A8FCF7C6
:104920009FFE044638B10023337105B0F0BD0098F6
:1049300008F08EFBE8E7029D6B7B002BEED005F5BF
:104940000277384603F062FC384603F073FC6C7360
:10495000E4E700BFF02E0020054B002201215A7130
:1049600019701A7142F210725A80FFF7C5BF00BF6A
:10497000F02E0020014B5871704700BFF02E002030
:1049800008B502F071F8044B9A6882422ABF187980
:10499000002080F0010008BDF02E00202DE9F34733
:1049A0000446062900F2DB80DFE801F0048473810D
:1049B000878CD300D0E99201D4E99423904271EB23
:1049C000030354D294F80232002B50D0637B032BA4
:1049D0004DD108F0D6F994F815A1814607F016F9E3
:1049E000064694F81F01FEF79DFC064494F81F014B
:1049F000FEF798FCD4E99223D4F85072D4F8C05151
:104A000080465046BF1A02F09FFB564A52F82A20B1
:104A1000A5F1600302F52342A1324FF47A71B2FB93
:104A2000F1F29B1AA3EB09031B1A09F1890909EB9F
:104A30005309B6B2603B08F5C86873431FFA88F89B
:104A4000B3FBF8F360335A08A9EB53039F4202D338
:104A500091444F4501D903F08BFAD4F8C400314694
:104A600003F044FA0023C4F8F00184F802323E4B0C
:104A70001B7903F0FF0263B90092B4F8B41101236B
:104A80002046FFF73DFB30B140F2CE613020FCF70D
:104A900081FA0423637302F079F904F009FCE288D7
:104AA000A4F8FE210023A4F8623284F8013202B097
:104AB000BDE8F08703234373F9E708F0BBFFC4E9BF
:104AC0009401F4E790F81501274F08F0BCF96E3017
:104AD000D4F8F031D4F8C45095288CBF0020C0F130
:104AE0009600C218954288BFED1A7B798CBF2D1AAB
:104AF000002523B9D4F8DC309D4228BF1D4604F1BF
:104B0000DC00D4F8C06107F022FE0644022003F066
:104B1000B7FBAD1B25EAE575854228BF0546022196
:104B2000284603F0D9FB10B103F0BEFA2E4401234E
:104B3000DC22314604F1A80007F0B4FED4F8C031FD
:104B4000B860D4F8C400184402B0BDE8F04703F0E0
:104B5000A7BAA83002B0BDE8F04708F084B940F227
:104B60009C7193E75CC60200F02E0020014B588038
:104B7000704700BFF02E0020074A03461068D3F8A4
:104B80004920C0F80320B3F84D20A0F8072093F87F
:104B9000481007F035BC00BFFC2E002070B504465D
:104BA0000E466588807D15F00401134618BF04F198
:104BB00057013246FEF700FB4107054621D4C207E4
:104BC0000BD5012384F84830A07DFEF759FB03681C
:104BD000C4F849308388A4F84D30AB0701D40120D4
:104BE00070BD094B1868D4F85730012184F856106D
:104BF000C0F80930B4F85B30A0F80D3007F009FCBC
:104C0000EDE70020ECE700BFFC2E002038B5C38C98
:104C10000F4D0133C3F30E03C3842B7C04462BB129
:104C200002F09EF901F072FC00232B7400232B711B
:104C300094F869302BB101212046BDE8384008F0D6
:104C4000D3BA637C13B1E28C9A42F4D20021F3E729
:104C5000FC2E002010B5074C2379012B05D1237CB5
:104C60001BB102F07DF901F051FCA069BDE81040D4
:104C7000FFF7CCBFFC2E002070B5254C2379012B0B
:104C800004D040F682412D20FCF784F998B9012523
:104C9000237C1BB102F064F901F038FC002D36D002
:104CA000A06908F0F0F968B302F020F8E369BDE804
:104CB00070409B6818472168A26911F8095B02F1EE
:104CC0004903E80992F8482007F0C3F90028DED02C
:104CD0002068002107F0C2FB0028D8D02379A06902
:104CE000012B02D040F65C41CDE72379E26903F164
:104CF00080435269013B05F00F0152F82330984779
:104D00000546C5E7A069BDE87040FFF77FBF70BDED
:104D1000FC2E0020074A0346906903B909B9FFF742
:104D200075BF1379D26903F180431269023B52F8CF
:104D300023301847FC2E00202DE9F043032985B0CD
:104D40000546174607D14388980723D400242046F8
:104D500005B0BDE8F083428890F86830D107DBB237
:104D6000F4D5002BF2D14FF00108DFF8D49099F878
:104D70001060C6B107F0B1F90828387016D002AA41
:104D80000DF10701FEF7EEF938B940F6F7612D2075
:104D9000FCF700F94FF00208E7E79DF8070002A9C9
:104DA00007F0D7FF06463B78082B08D1D9F800104A
:104DB00011F8030BC0F3801007F0CBFF0646D9F8BB
:104DC000001095F84F2011F8030B05F15003C0F3C4
:104DD000801007F03EF9D9F80010044611F8030BD3
:104DE000C0F3801007F06FF98146FEF75BFA40B11F
:104DF000B9F1080F1BD04846FEF7E0F880F0010338
:104E0000D8B23A78082A14D01CB9AC7DA21A544200
:104E100054416A8853079AD4002897D176B9EC7C1C
:104E2000444518BF002C0CBF012400248FE700204C
:104E3000E7E780F001022240D4B2EAE7344686E791
:104E4000FC2E00202DE9F04F85B008230DF107025C
:104E5000052104468DF80730FFF76EFF064620B99E
:104E60000026304605B0BDE8F08F794F39687A7C6E
:104E700011F8030B07F11203C0F3801007F0E9F8F3
:104E800080460028ECD13B68A16918468D7D10F85A
:104E9000032BC2F340122A408A75D3F80320C1F8CD
:104EA000AD208288A1F8B1201D46A26915F81F1B0C
:104EB000C1F3801182F8AC10D3F81F00029002A950
:104EC00028790871D3F80F00C2F8C800587D1D7DFD
:104ED000000440EA0520DD7C2843C2F8D000B3F886
:104EE000190082F81E8140F2E24909FB00F0C2F885
:104EF000C4009D7DC5EB451005EB800505EB8505E0
:104F00006D00A2F8D850B3F8170009FB00F0C2F802
:104F1000D400B3F81B00A2F8CC00B3F81D00A2F82F
:104F2000CE0093F8243003F01F005B0982F82200C2
:104F300082F81F31A56994F912A005F1160007F057
:104F4000BDF940F20113A5F814314FF0FF0B85F8BD
:104F500016B1414605F1DC00FEF736FC514605F17D
:104F6000A800FEF7D5F9A36984F87380B3F8AA20E6
:104F7000A4F8742084F891B04FF6FF72A4F8922040
:104F8000D3F8C420B2FBF9F2A4F88A20B3F8CC20FD
:104F9000A4F88C20B3F8CE20A4F88E2093F81F211B
:104FA00084F89020627D9DF8070004F17E0162B3D1
:104FB00094F84820012A28D194F84E2002F0C0022B
:104FC000402A22D1D4F84920C4F87E20B4F84D20DC
:104FD0008A8093F8AC2084F87720082803F1AD0587
:104FE00004F18401D3F8AD3004F1780227D0C4F87D
:104FF0008430AB888B8004F17701FEF7B3F840B9B9
:1050000040F6E2312D20FBF7C5FF0022C4F87E20D8
:10501000DEE794F8773043F0020384F8773004F148
:105020006A000C4907F015FB0B4BA0691B680022B6
:105030003A71002B3FF415AF2146984711E7A3675B
:10504000AB8893800023C4F884308B80E7E700BFEF
:10505000FC2E002011D300001C350020032937B599
:10506000044604D0052953D0012003B030BD0823E5
:105070000DF107028DF80730FFF75EFE0028F3D030
:10508000237C284D03B39DF8070094F8B630DBB9B4
:10509000237884F8B730082804F1B90229D004F144
:1050A000B801FEF75FF820B94FF477612D20FBF7C8
:1050B00071FF94F8B83043F0020384F8B8301A490D
:1050C00004F1AE0007F0C5FA2B6804221A7006221C
:1050D0005A702046FFF750FD286894F83820616B1D
:1050E00007F0ADF9032328682B7101F0BFFE002003
:1050F000BBE72868034613F8031BC1F3801184F84B
:10510000B810D0F80310C4F8B9109B889380D6E784
:10511000064B1B68002BEAD0984780F00100C0B214
:10512000A3E700BFFC2E0020F9D2000018350020B4
:10513000F8B504460F4619B300F12005284608F0DB
:10514000A7FAA0B963881A072ED5284608F0B7FA3F
:105150000646284608F09CFA301AC0B208F0BFFA9A
:10516000474A936803442846936008F06DFA28463E
:1051700008F06FFA01F038FD2179252001F098FC44
:105180003F4E94F8562030680023037043706388C4
:10519000103B0D2B64D8DFE803F05F635B0C6340CA
:1051A00063636363636363402046BDE8F840FFF7D1
:1051B0002DBD06234370202303702046FFF7DCFC3F
:1051C000638823F008039BB2152B05D094F8302098
:1051D000E16A306807F024F9306801F047FE0223E5
:1051E00021793371002001F00DFD054607B9F0600B
:1051F00063881B0704D508F06FFA0544C4F8F4501F
:105200006388103B0D2B36D8DFE803F038352F2F9D
:10521000352F353535353535352F0C23437003465D
:10522000212103F8091B52B1D4F85720C0F80920F6
:10523000B4F85B209A80012107F0EBF8BDE7226DFE
:10524000C0F80920B4F854209A8094F84F10F3E77E
:10525000062303704370B0E7022303700623F9E7C7
:1052600040F259612D20FBF795FE21790120BDE820
:10527000F84001F09BBE40F6F541F3E7F8BD00BFF2
:10528000FC2E002038B54388102B044604D1BDE81D
:1052900038400121FFF74CBF0B4D2B7C23B101F0AF
:1052A0001BF9402001F050FE286801F0DFFD608806
:1052B00010F0040002D1217901F078FE002001F005
:1052C00029FE01232B7138BDFC2E0020024B012149
:1052D0009869FFF72DBF00BFFC2E002010B5124CBF
:1052E000237C1BB101F03CFE01F010F9A06907F02E
:1052F000CAFE38B12379012B09D040F686312D2022
:10530000FBF748FEA069BDE81040FFF77FBC23799A
:10531000E269A069D26803F18043013BBDE8104017
:1053200052F82330184700BFFC2E002010B5074864
:10533000037903F0FF0433B914222146043005F049
:1053400075FA204610BD0C24FBE700BFFC2E0020A0
:1053500010B50A4C00232371FDF708FC2060FFF70D
:10536000E5FF20B14FF442712D20FBF713FEE369F6
:1053700013B940F20B31F7E710BD00BFFC2E00203F
:10538000014B024ADA617047FC2E0020545600009F
:10539000034B044A1A60044B044A1A60704700BF6A
:1053A00018350020454E00001C3500209BD1000020
:1053B000F8B5057DAF1E0446FFB2002D3AD0012F8F
:1053C0002DD800F1500190F84F0006F07CFE08281F
:1053D000064624D0FDF7FEFD10BB023D18BF012597
:1053E000012F8CBF0027012784F848506775A675E8
:1053F000FDF7B2FE054602F051FE154B0022E5FB1B
:105400000301C4E9100184F8562011462046FFF735
:10541000C5FB70B940F2A3412D20FBF7BBFD082668
:10542000022D09D104F149010020FDF75FFC60B9AC
:105430000020F8BD0826F5E704F149010120FDF739
:1054400055FC0028F4D00125CAE70025C8E700BFB5
:1054500040420F00F0B5444E327985B0044602F068
:10546000FF0312B90278FF2A04D140F6DD112D2086
:10547000FBF790FDB36080F869303C4B00933C4BE8
:1054800001933C4B0293F36968465B68039301F018
:10549000E5FC01F04FFB01F063FD01F037F8364801
:1054A00001F098FB04F12005344801F0D1FC2846B6
:1054B00008F0CAF8284608F0CCF801F095FB2179ED
:1054C000252001F0F5FA94F9120001F07DFB04F1BA
:1054D0002C01A06A05F005FF04F134010746A06A1B
:1054E00005F026FF0546DFB1237FCBB1B4F9265086
:1054F000ED43ED0F637D13B963885B0709D5D4E9EC
:1055000010126FF000439A4208BFB1F1FF3F0DD176
:105510009DB930680330FDF73DFE307405B0F0BD35
:10552000002DE7D0657F002DE0D1E3E702F0B6FD66
:10553000D4E9102390429941EAD30122294620461A
:10554000FFF72CFB50B1FDF707FE054602F0A6FD64
:105550000B4BE5FB0301C4E91001DAE7002DD8D0BD
:1055600040F61C2183E700BFFC2E0020DD52000026
:10557000794C0000154D0000D6BE898E555555005A
:1055800040420F0073B50446FFF764FF0021204638
:10559000FFF7CEFD236E0BB101221A606388DB0793
:1055A00024D50023124EA569CDE90033FF2373747F
:1055B0006846FCF755F8C8B9009CA542F8D095F8A4
:1055C000B32094F8B30005F1B40304F1B40106F07C
:1055D00040FD0028ECD094F8AC307374D4F8AD30B2
:1055E000C6F81230034BB4F8B1209A8002B070BDF7
:1055F000FC2E00200E2F0020024B9861DB691B68F7
:10560000184700BFFC2E002043881B0710B5044636
:1056100012D583690A493C2280F87320B3F8AA3076
:10562000A0F87430FF2380F891304FF6FF73A0F894
:1056300092306A3007F00DF8FF2384F8693010BD0E
:1056400011D300005DD300008552000063D3000039
:105650005D50000085550000554C0000CD52000003
:1056600044560000485600005056000001380228F9
:1056700008B503D9C4212F20FBF78CFC13290A4B52
:1056800005D811290CD8102907D0D221F3E7152904
:10569000FBD103EB4003D88801E033F8100008BDCC
:1056A00003EB40039889FAE7DCC50200294A38B5C4
:1056B000948803461C43402B1068948004D1042135
:1056C000BDE83840FFF76AB9802B01D10521F7E723
:1056D00003F00304032C04D140F6A4313120FBF77E
:1056E00059FCDD0706D50C6891602478062C0FD094
:1056F0000B2C17D09C0706D509680978117305296A
:1057000019D00B2921D09B0644BF0823537338BD01
:10571000C47B1B2CEED100240025C0E91C450124CC
:10572000C474E7E7C47B112C01BF0024C4740124B6
:1057300080F85240DEE7C17B1729E4D10024002520
:10574000C0E91E4501210175DDE7C17B1029DAD1D1
:105750000021F8E71C2F00200C4A517B034689B931
:1057600010683BB9B0F80411B0F8E820914209D8AC
:10577000FFF706B993881B0706D5007C073818BFCA
:105780000120704700207047012070471C2F002027
:1057900073B504460068036813F0300F0D4649D115
:1057A000B1F805101A2904D9B5F80730B3F5A47F6C
:1057B00006D22978204602B0BDE8704007F0D3B881
:1057C000B5F801201A2AF4D9B5F80360B6F5A47F1C
:1057D000EFD30096DC3006F0CCFF174B9A88920787
:1057E0000DD51B7B142B0AD12268136843F01003DC
:1057F0001360204607F08EF8002002B070BD2368C9
:105800009A7B202AF0D093F82331002BECD1236827
:1058100093F82231002BE7D123681A68B3F8AA0065
:1058200042F020021A6003F1DC0103F5A472FDF7D7
:10583000E7FFDEE70120E0E71C2F00202DE9F84319
:10584000614D06462C6800287ED1AB881A0725D505
:1058500094F89E30FE2B04D140F2FB513120FBF72F
:1058600099FBFE2384F89E30E37B1D2B05D184F841
:105870005100284607F058F8E673A37B232B06D186
:10588000E37B233B072B94BF2A232423A373237C8E
:10589000072B02BF0223AB7384F89E30AB88DB0773
:1058A00017D4AB885F0776D499077DD5287B2B6802
:1058B00001220D2883F89F2073D011287DD007285E
:1058C0007DD0FEF73DF9034600286BD140F2EE5142
:1058D000C4E7D5F80080A96898F80F30D1F8009097
:1058E000103B0F2B99F8007009D8BB1EDBB2092BB7
:1058F00067D840F2333222FA03F3D80761D5097929
:105900003846FDF773FD20B939462F4807F02BF8CC
:1059100039E0012F01D9162F21D198F80E0007F098
:1059200012F840B198F80E30232B04D0242B07D165
:105930002A2388F80E303846FEF7F8F803461BE0B5
:10594000162F14BF022620266B7B1B0704D5E37B92
:10595000103B0F2B98BF08263046BDE8F883112F67
:1059600015D005D8072F14D00D2FE4D1174B05E023
:10597000142FE0D1164B1B68002BC5D0AA68124823
:1059800012794946984700288BD00646DCE7114B30
:10599000F4E7114BF2E7227C062A04BF0122AA7326
:1059A00082E70E4B08489847AB88DA06CCD5E37BF4
:1059B000092BC9D10A23E373C6E7094BF2E7094B68
:1059C000F0E70826C0E700BF1C2F002055D80000D4
:1059D0002035002099D800006D5A00007FD70000C4
:1059E000CBD70000F5D700002DE9F041A0F10E045F
:1059F0000B1EE4B208BF1F23172C16460AD8012538
:105A0000A54040F251210D4207D115F460051FD188
:105A1000082C07D00020BDE8F081BDE8F04100214E
:105A200007F061BE1468A17B242906D119463046CF
:105A3000FDF7D8F884F82C5105E02A29EAD1E37B58
:105A4000233B072BF3D80023A37384F84A30E1E704
:105A5000054A1468002CDDD01A460146234630461C
:105A6000BDE8F041184700BF2435002070B54D78DF
:105A7000A5F10E03DBB2152B04460CD8012101FA67
:105A800003F640F25122164207D10268152B927B91
:105A90002AD0082B07D0002070BD02462846BDE85A
:105AA000704007F020BE242A01D02A2AF3D12046D4
:105AB00006F028FF2368DA7B252AECD093F86320D0
:105AC00022F0010283F86320226892F8633023F009
:105AD000080382F863301A212046FDF783F8236813
:105AE000002283F82C21D6E72C2AD4D1024B1B6844
:105AF000002BD0D09847CEE7283500202DE9F04183
:105B000090F86E7290F86F6204460D467FBB90F875
:105B1000141176BB94F8153184F8141184F81531FA
:105B2000FF2384F81631154B1B6804F1A8080BB14C
:105B30004046984794F82C31012B01D03E4303D0C6
:105B4000237B43F001032373404606F019FE18B18E
:105B5000237B43F00203237306212046FEF71EFF3A
:105B6000002384F82C3135B1A373BDE8F0813946A8
:105B7000CFE73346D0E7E573F7E700BF2C350020C9
:105B800073B5484D002604462860AE806E73AE7330
:105B9000FF2380F84C30B0F8B231002B7CD090F865
:105BA0009E30FE2B78D190F82031002B74D0037CEE
:105BB000063B012B70D990F82131A0F8446080F8A1
:105BC000A0300221012207F0E7FD84F8BA6102212A
:105BD0002846FDF7FFFEB4F8B611B4F8B821B4F8C2
:105BE000DA30013989B2B1FBF3F31344A4F8B831C8
:105BF000B4F840300B44A4F84030204607F019FEBA
:105C000010B1636B0B446363B4F8B231012B9CBFDA
:105C10000133A4F8B231002609B184F8BE61E37BF8
:105C200084F8BA61093B012B0FD8E388B4F86C22E1
:105C30009B1A190409D404F26E2104F1160006F02F
:105C40003DFBE673FF2384F84B30B4F8B62104F132
:105C5000A801204606F078FBE37B134A1349103B6A
:105C60000F2B8CBF0023012300932868104BFCF7F7
:105C700065FA2C68237BDA0703D50A480021FCF774
:105C8000B1FF237B9B0703D504F23F10FDF7B2FD64
:105C90000023237302B070BD94F89E10FE299AD0A1
:105CA000004896E71C2F002059570000AD56000011
:105CB000B55C00002DE9F047B24F0E46B9883C684C
:105CC0008D0556BFB4F8402000230132804646BF00
:105CD000A4F8403084F8BE31A4F84020204607F0F4
:105CE000A8FD38B10B4604F59B7204F1A8012046CB
:105CF000FEF7E2F8BB8803F4C06323B1A37C002B5A
:105D000045D0032B49D0A27CBB88012A03D11805BA
:105D100044BF0222A274B8F1000F40F08F805906F0
:105D20005DBFB4F8D821013292B24246A4F8D8211E
:105D300003F00A020A2A0CD13A7B022A09D123F085
:105D400008033046BB80FFF779FD08233043C6B215
:105D5000BB803046FFF772FD3D6895F89E303043BA
:105D6000FE2BC6B23BD1D6BB2B7C063B012B36D9D2
:105D700095F82031ABB195F82131A5F8446085F84C
:105D8000A03001220221284607F006FD27E001216C
:105D9000A1742046FEF702FEB5E70223A374012199
:105DA000F7E795F80FA0AAF10F0A5FFA8AFABAF19D
:105DB000100F40F2E9802B68DA0702D5324609213C
:105DC000E1E7980740F18D8032460C21284607F024
:105DD000E3FC95F8533043F0010385F85330B4F8F1
:105DE000B83194F8BB510133A4F8B831002D00F05C
:105DF000FB81FCF767FA10B10023A4F8B831A17C4D
:105E0000012940F22382237C072B40F00582B4F85D
:105E10004030022B40F21A82B4F842500135ADB244
:105E2000E3882B44A4F8B03194F8BC31002B00F087
:105E300011820123E2881344A4F8B431BB883D6881
:105E40005B065FBFB5F8C431B5F8B6219B189BB2AD
:105E500048BF0023A5F8C43195F820311BB92B7C2D
:105E6000063B012B06D8B5F84430B5F8B6211344EB
:105E7000A5F8443095F84A1031B1B5F84630B5F878
:105E8000B6211344A5F8463095F95020002AC1BF29
:105E9000B5F84E30B5F8B6011B18A5F84E3095F898
:105EA000313063B9B8F1000F40F05E82BB7B022B4A
:105EB00040F0168295F8A030062B18BF162395F8EF
:105EC000302022B92F4885F83130FDF743FE2846AF
:105ED00007F00FFD002384F84C30BDE8F047FCF7D5
:105EE000D7BE590702D5324613214CE71A0706D50B
:105EF00095F8983085F8A0303246072143E713F033
:105F0000300F3AD095F82331002B5BD195F8223130
:105F1000D3B1EB7B282B05F1A80005F5917105F2B3
:105F20006E2228D0AB7BA3F1280CDCF1000343EBFD
:105F30000C0306F010FC2B6823F0200343F0100341
:105F40002B60002385F822312B68DA063AD505F15B
:105F5000A80006F015FC18B105F23F10FDF74AFC49
:105F6000B5F8FE30A5F8A030B5F80231A5F8A2309A
:105F70000022152107E70123DBE75B0622D500227B
:105F8000242100E71C2F0020D7F8009099F80F304B
:105F9000172B2DD011D8102B1DD0152B1FD0AB7B5C
:105FA000002B63D1EB7B0F3B102B67D995F83E306C
:105FB000002B63D001221221E5E61F2BEFD13246E0
:105FC00006210AE03868C37B252B3FD0342BE6D16D
:105FD00000221121D8E632460B214846D4E6484635
:105FE000FDF72CFE00283FF4FAAE00220421F4E76E
:105FF00099F86832012B07D132460521484607F04F
:10600000CBFB89F86862EAE699F86832022BD9B2CC
:106010007FF4E5AE99F8523053B1062389F8A030E9
:106020003246484607F0B8FB002389F86832EAE7B1
:106030003B6840F20632A3F89A2099F8623013F0D8
:10604000040F32460CBF0D211121EAE790F82C31E4
:10605000022B02D10022172196E690F82C31012B59
:106060009DD190F82D31002BF4D098E7082B05D165
:1060700095F8993085F8A03001223EE7BAF1100F6B
:106080007FF6ADAE3D6895F80E90B9F1000F7FF444
:10609000A6AE95F833313BB101220E21284607F018
:1060A0007BFB85F83391AEE795F8323183B195F8F3
:1060B000539019F0030A0BD101220C21284649F014
:1060C000010907F069FB85F8539085F832A19AE73A
:1060D00095F822313BB395F8233123BBEB7B282B7A
:1060E00005F1A80005F5917105F26E2219D0AB7B80
:1060F000A3F1280CDCF1000343EB0C0306F02BFBAF
:10610000002385F8223101221421284607F044FBA0
:10611000B5F8FE30A5F8A030B5F80231A5F8A230E8
:106120005DE60123EAE795F82C31012B3FD195F884
:106130002D31002B3BD1EA7BA2F12303072B36D96B
:1061400095F81401012806D0022804D04FF43F71BD
:106150000620FAF71FFF95F81511012901D0022931
:10616000F4D1022895F82E310BD0012B14BF002357
:10617000012343B9093A042A7FF631AE01221621E0
:1061800001E6022BF2E7022995F82F310DD0012B01
:1061900014BF00230123002BECD076480021FCF72C
:1061A00021FD002385F82C3119E6022BF0E795F844
:1061B00035314BB195F82D3133B9EB7B233B072BB0
:1061C00002D901222321DEE595F83431012B05D1D6
:1061D000002385F8343101222521D4E595F83431A6
:1061E000022B7FF4FCADF3E7FCF766F808B1A4F8E6
:1061F000B851FCF76FF800283FF401AE94F8BE31B7
:106200000133DBB2022B84F8BE3182BF0023A4F835
:10621000B83184F8BE31F2E594F83E3013B1A37B77
:106220000E2B13D1B4F84250B4F840302046ED1A8A
:10623000033D07F0FEFA58B1A36B626B033B9B1A58
:106240009D42A8BF1D46012D3FF7E9AD0125E7E5B9
:106250002B46F5E7012D7FF6ECADE37B13B10A2B5E
:106260007FF4E7ADA37B002B7FF4E3AD237C002B11
:106270007FF4DFAD02297FF4DCAD94F8BE31002B52
:106280007FF4D7ADD4F8BC00B4F8DA9004F072FE15
:1062900000283FF4CEAD94F89E30FE2B7FF4C9ADBC
:1062A000B4F8B231012B7FF6C4ADB4F8B821B4F81C
:1062B000CC309A42BFF4BDAD9B1A9BB2013DADB24A
:1062C000B5FBF9F59D4228BF1D4619FB05F3003DBE
:1062D00003F1010318BF01259BB284F8BA51A9E567
:1062E000012B08D16B7C002B7FF4E9AD00212846FF
:1062F000FEF754FBEEE55EB1F00633D4310733D43C
:10630000B20633D4B30733D14FF43161312020E7E3
:1063100039B1B5F84610B5F84830994201D3222377
:10632000CDE5002A05DDB5F84E20B5F848309A4293
:10633000F5D2B5F84420B5F842309A4209D2AA7C89
:10634000B5F8403052B1B5F842209A42CED8082371
:10635000B5E595F82031002BE1D1F0E7052BC5D943
:106360003E23ACE51E23AAE53D23A8E52323A6E5AD
:106370002A23A4E51C2F002013B5D0F87432D0F8DE
:10638000C42001909342044605D1D0F87812D0F889
:10639000CC20914216D0B4F8AA20A4F8872140F26C
:1063A000E242B3FBF2F3A4F88931B4F87832A4F8EE
:1063B0008B31B4F87A320A49A4F88D3104F27D1099
:1063C00006F050F9B4F87A22D4F8741201A8FCF758
:1063D000B7FF0023E3730323A37402B010BD00BF13
:1063E00061CA000008B5FDF7C9FA024B024A1A60FB
:1063F00008BD00BF2035002091570000074B93F9DE
:1064000000301844142804DC10F17F0F03DB40B285
:106410007047142070476FF07E0070472D2F0020CA
:1064200007B57F230DF107008DF8073000F0A6FDBA
:1064300003469DF9070053B1094B5B785B4240FA74
:1064400083F0142806DC10F17F0F05DB40B203B0A7
:106450005DF804FB1420FAE76FF07E00F7E700BF59
:106460002D2F0020024B00221A705A70704700BF77
:106470002D2F0020064BD3F8000138B1D3F80401CA
:1064800020B1D3F80801B0FA80F04009704700BF8E
:1064900000F00040034B00221A705A7010229A70CC
:1064A000704700BF2F2F002070B50646022014460B
:1064B0000D4600F0A3F8064B01221A70054B033C71
:1064C000C3F81045C3F80865C3F8045570BD00BF94
:1064D0002F2F002000F0004008B5022000F08EF8B9
:1064E000084B01221A70084B0022C3F80021C3F8A0
:1064F0000421C3F8082103F580334FF40002C3F8E8
:10650000042508BD2F2F002000F000400E4A08B5DA
:10651000137883B10D4B4FF40001C3F80815FFF752
:10652000A9FF68B101235370094BD3F80034DBB2E3
:10653000937000231370BDE80840002000F05EB89F
:1065400050701023F4E700BF2F2F002000F001400F
:1065500000F00040094B1A7862B1094BD3F80021D2
:1065600052B1D3F8040140B1D3F80801B0FA80F079
:106570004009704758787047022070472F2F00203D
:1065800000F0004008B5074B1A783AB1FFF772FFE8
:1065900030B1054BD3F80004C0B208BD9878FCE7D1
:1065A0001020FAE72F2F002000F0004008B50A4B1A
:1065B000D3F80025032A04BF01229A600022C3F801
:1065C0000025C3F8002500F0F9FE044B4FF400024B
:1065D000C3F8082508BD00BF00F0004000F00140EE
:1065E000054B4FF40042C3F88020BFF34F8FBFF339
:1065F0006F8FFFF7DBBF00BF00E100E010B504467E
:10660000FFF7D4FF012C06D0022C0CD054B18C2102
:106610003D20FAF7BFFC0B4B0222C3F800250A4AC3
:10662000C3F8142510BD074B0322C3F80025064A02
:10663000C3F8142503F580334FF40002C3F8042592
:10664000F0E700BF00F00040322F0020044B186834
:10665000062818BFB0F1FF3F0CBF01200020704793
:1066600078320020044B1868062818BFB0F1FF3FAD
:106670000CBF0120002070477832002008B5FFF7DA
:10668000E5FF38B1044B1868063810F1080F94BFC5
:106690000020012008BD00BF7C32002008B5FFF7B4
:1066A000E1FF38B1044B1868063810F1080F94BFA9
:1066B0000020012008BD00BF7C32002008B5FFF794
:1066C000C5FF38B1044B1868063810F1080F8CBFAD
:1066D0000020012008BD00BF7C320020064B0022B4
:1066E000C3F80021C3F80C21C3F81021C3F804211A
:1066F000C3F80821704700BF0010004070B5134D6B
:106700006E7F0346084626B940F6C1013E20FAF7DF
:1067100041FC63B9012EAC69297F05D100F03CFD35
:1067200020442B69C01A70BD07F09AF9F8E7012BD5
:1067300009D1012EAC69297F02D100F01DFDEFE7E0
:1067400007F099F9ECE70020EBE700BF40300020AC
:106750000B4B93F82B0088B193F82A307BB1094B8F
:10676000D3F8002242F00102C3F80022D3F850050A
:1067700000F0F600023818BF012070470120704772
:10678000403000200010004008B5094B0128187166
:10679000084B06D0022808D040F645513E20FAF7B3
:1067A000F9FB0322C3F8102508BD0422FAE700BF55
:1067B000403000200010004008B570B9104B28315F
:1067C000D96018460F4900F023FF0130012816D97F
:1067D00040F2C2613E20FAF7DDFB01280CD1084BE4
:1067E0002931D9601846074900F018FF0130012807
:1067F00005D940F2CC61EDE74FF4DA61EAE708BD74
:10680000E8200020F0C5020008B50C4B5B78012B96
:1068100009D100F009FF013001280ED940F611110D
:106820003E20FAF7B7FB022B07D100F003FF01303F
:10683000012802D940F61711F2E708BD40300020C8
:10684000094B0A4A1B89B3F5166F3ABFA3F63813F2
:1068500043F48073A3F5166300F07F00C2F8083597
:10686000C2F85405704700BF4030002000100040BF
:1068700010B50C46FFF788FF2046FFF7E1FF0F4AEF
:106880000023C2F81C31D2F8003243F48873C2F8F6
:10689000003240F20313C2F8343540F25B63C2F8B1
:1068A0003835FFF7EBFE40B9FFF708FF28B9D2F8FB
:1068B000683543F4C023C2F8683510BD00100040AD
:1068C00073B50C46154D0646FFF75EFF2046FFF7F1
:1068D000B7FF214695F9052001AB304600F034FEA4
:1068E0009DF8050000F0ACFE20B140F2E3513E20DF
:1068F000FAF750FB9DF90400294600F035FC084BDF
:1069000040F20312C3F83425284640F25B62C3F814
:10691000382502B0BDE8704000F0FABD40300020DC
:10692000001000402DE9F04106460C46174601F0E4
:10693000C5FB0028FBD02C4B2C4D4FF40022C3F894
:1069400008259EBB01236B7095F82A301BB9A979E5
:106950003846FFF7B5FF264B33F817304FF47A72FD
:1069600003F5FA73B3FBF2F3224AE41A1E4BC3F8A1
:10697000AC252B691C4A204FE1184FF001081F4B32
:1069800085F82A80C7F84015C2F8A8352B6A43F469
:1069900000232B624FF40023C2F80435FFF7D8FE22
:1069A0000446B8B900242046BDE8F081012E0CD180
:1069B00002236B7095F82A301BB9A9793846FFF786
:1069C00057FF094B0E4A293CD1E740F634013E20DF
:1069D000FAF7E0FAC7F84C80D7F84C358B42E1DA89
:1069E0003046FFF7E9FEDEE700F0014040300020CE
:1069F00068C6020000100040008000404081004056
:106A00000410004008B540221048002103F00EFF9A
:106A10000F4B1B6823F004020A2A05D0102B03D069
:106A2000082B0ED1402200E024220A48FF2103F067
:106A3000FDFE4FF080430022C3F8082EC3F8102E4D
:106A400008BD0D2BEED03822EFE700BF403000200C
:106A500078320020000E0040024B0344187E00F5FF
:106A600016607047F0C50200024B98691B69C01A96
:106A7000704700BF403000200A4B1A7FD3E9043032
:106A8000C01A094B03EB82031B6CC01A074B53F867
:106A900022304FF47A7203F2F313B3FBF2F3C01A0D
:106AA000704700BF40300020F0C502005CC6020005
:106AB000FF2808B504D940F2CB213E20FAF76AFA44
:106AC000114B0129188504D0022919D04FF44F71B8
:106AD000F3E700230D4A43F4801340F0007043F4C1
:106AE000847340F44030C2F81435C2F81805D2F867
:106AF000503503F0F703032B05D140F25631DCE7A4
:106B00004FF08073E6E708BD4030002000100040E1
:106B100008B5FFF7B3FD50B1054AD2F8743723F03A
:106B2000807323F0010343F08073C2F8743708BD0B
:106B3000001000401E4B2DE9F0410226C3F8806092
:106B4000BFF34F8FBFF36F8F01F0B0FA044601F02F
:106B5000F3FB184D001B184C286100274FF001086B
:106B6000C4F8FC7FC4F8FC8F00F082FC40F20122E4
:106B7000C4F83085C4F85026104AC4F80062107C6E
:106B800000F076FD0E4A0A4B0E49C2F80415102299
:106B9000AF836F85AF61C3F88061C4F804231E60C2
:106BA0002B6C03B19847BDE8F04100F025BD00BF54
:106BB00000E100E04030002000100040E82000200C
:106BC00000F001400000020C014B5871704700BFFB
:106BD00040300020034B020E0002C3F82425C3F806
:106BE0001C05704700100040044B054A0344907197
:106BF0001B7E03F516631381704700BFF0C50200CA
:106C000040300020F8B52B4C94F82B3006460F4648
:106C100023B940F206713E20FAF7BCF9264A012357
:106C200084F82A30D2F8003243F00103C2F800326F
:106C300001F044FA0028FBD02EBB0123A179637038
:106C40003846FFF73DFE6378012B02D04FF4E9612F
:106C5000E1E71A4AD364A2F5E0421360174BD3F878
:106C60004C5530462946FFF7A7FD2369ED1AF6B9C2
:106C7000134B33F817304FF47A7203F5FA73B3FB02
:106C8000F2F35819F8BD012EE8D10223A1796370FF
:106C90003846FFF7EDFD6378022B02D040F25171C8
:106CA000B9E7064BDE64A3F5E0435E60D6E705F185
:106CB0002900E7E74030002000100040008000403D
:106CC00068C6020008B5FFF72DFE58B9064BC3F899
:106CD0004005A3F5E04301221A610220BDE8084007
:106CE000FCF742BD08BD00BF0080004073B5234BD8
:106CF0002349D3F80443234D02224FF0FF30C3F859
:106D00000803C1F880212049C3F8002200226A85C7
:106D1000C1F8402501F5B8314FF46026C1F8086587
:106D2000D3F85015C9B204F01004D1B18DF80700A2
:106D3000C3F8102101221A619DF8072012B1D3F87F
:106D400010213AB19DF807305BB940F6FF013E20B3
:106D5000FAF720F99DF80720013AD2B28DF8072002
:106D6000EAE7FFF751FD054B0022C3F810212A8006
:106D700014B11022C3F8042302B070BD001000400B
:106D800000E100E0403000200080004038B51B4D9D
:106D90000024C5F84845C5F84445C5F84045C5F840
:106DA0004C45FFF7A3FF00F02DFC154B15491A6A5F
:106DB0001C6242F0446242F40032C1F80825C3E983
:106DC0000544DC70104BC5F848450222C5F844451F
:106DD000C5F84045C5F84C45C5F84841C5F844419B
:106DE000C5F84041C5F84C41C3F88020BFF34F8F30
:106DF000BFF36F8FC3F8802138BD00BF0080004013
:106E00004030002000F0014000E100E070B50F4D7F
:106E10002C7806461CB96C70EC706C8570BD18B18E
:106E2000BDE87040FFF762BF013C18BF0124AA789B
:106E300096212046FFF762FC2E80AA7885F82A600A
:106E400001462046BDE87040FFF73CBF40300020BF
:106E5000014BC3F83C0570470010004010B50FC847
:106E6000014C84E80F0010BD843000200A490B4B10
:106E700010B5C1F80405012483F82B405862FFF7D0
:106E800067FC40B9064BC3F840050C610320BDE820
:106E90001040FCF769BC10BD0010004040300020DD
:106EA00000800040174B1A6910449A69824210B55D
:106EB000154C09D30220FCF757FC0023C4F84035D9
:106EC000124B01221A610CE00122DA706264D4F8DC
:106ED00044150531814205D30C4BD3F80411002928
:106EE000F0D010BD0022C4F84421C4F844051A6A49
:106EF00042F480021A62064B4FF48002C3F8042564
:106F0000EFE700BF4030002000800040001000404C
:106F100000F0014010B50B4C0346607F217F2279C1
:106F200001284FF0960009D100F044F9A3692269C5
:106F30009B1ABDE810401844FFF7B4BF00F054F9A5
:106F4000F4E700BF40300020044BC3F86005D3F8DD
:106F5000002242F04002C3F80022704700100040B7
:106F6000054BD3F8002222F04002C3F80022002291
:106F7000C3F86025704700BF001000400A4A014670
:106F8000D2F81C0182B068B1D2F8483503F07F0313
:106F90005B420B700023C2F81C31D2F81C31019304
:106FA000019B012002B0704700100040034B0028F5
:106FB00014BF0222012299701A70704740300020DD
:106FC000054B0022C3F84025044AD2F85035DBB205
:106FD0000BB1012313617047008000400010004096
:106FE00030B5044BD3E90C459B6BC0E900450B6001
:106FF00030BD00BF403000202DE9F04701F05AF8C5
:107000004D4C4E4E4FF00109C4E90C01C6F84C90AE
:10701000D6F84C35A363FFF7F7FB494B226AC3F858
:1070200008250025474A2562C3F8AC55D2F800323E
:1070300023F48E7323F00103C2F80032D6F84835EA
:10704000A361D6F84435636163786377D2F80C8125
:1070500084F82B50D2F81011FFF740FB6778022F0D
:107060004FD1E37813B1D6F8443113BBB8F1000F18
:1070700026D0FFF703FB50BBFFF720FB38BB314B9B
:10708000D3F85034D90122D51A0705D013F0F00FE8
:1070900002D013F4706F1AD12A4AC3F304410129B4
:1070A000D2F8542413D1012A11D0C3F34253022B36
:1070B0000DD80120FFF7AAFE636CBDE8F047184722
:1070C000002937D00120FFF7A1FE236DF5E72379D2
:1070D00023770020258DFFF799FE1A4BD3F8003453
:1070E000DB070CD5636A5878A84294BF00200120C2
:1070F000A36C002180F00100BDE8F0471847012093
:10710000F6E7012F13D123792377B8F1000F06D0CA
:107110002846FFF77BFEE36C39462846ECE749B189
:107120003846FFF773FEE36C41464046E4E709B199
:107130004846C8E7BDE8F0874030002000800040A6
:1071400000F0014000100040024B03EB8003186C7C
:10715000704700BFF0C50200024B03EB8003D86C00
:10716000704700BFF0C50200024BC0B2C3F80C0567
:10717000704700BF00100040064A4FF47A7332F99E
:107180001120584300F2E7301044B0FBF3F002380E
:10719000704700BF54C60200054A4FF47A7332F9B3
:1071A000112000FB03301044B0FBF3F0704700BF28
:1071B00054C6020038B51D460A4B33F9114003EBA3
:1071C000820305359B681C4404F6B7344FF47A7388
:1071D00003FB00441046B4FBF3F4FFF7B5FF25446E
:1071E000284438BD54C6020070B506460846154608
:1071F000FFF7B2FF094B03EB85039C684FF47A73EA
:1072000004F6B73403FB0644241A2846B4FBF3F40F
:10721000FFF79AFF0530204470BD00BF54C602003E
:10722000024B00221A705A709A70704794300020F6
:107230002DE9F041054601200C4617469846079E69
:10724000FFF7DCF99DF8243005F0030141EA034122
:10725000244B41F08071C3F80415234B214604F1FF
:107260001002184651F8044B43F8044B9142F9D1EF
:107270001E499DF81830C0F814800761CB7633683A
:10728000CB6173680B62174B194AC3F80805126883
:10729000062A09D001321FBFD3F81825BDF82000F7
:1072A00060F30702C3F81825124B134AC3F80825E8
:1072B00015F0FB0F01BF114AC3F89825FC3AC3F83B
:1072C0009C250122022D4A7081F8245007D8054BD5
:1072D0000A700021C3F80011C3F800121A60BDE85B
:1072E000F08100BF00F00040973000209430002073
:1072F0007832002000F001400000020200F100405E
:1073000070B5194C637823B94FF4D5713C20F9F767
:1073100041FE164BC3F80C15C3F8100594F8245021
:107320000122A270C5B924780CB99721EEE7104C60
:10733000C3F804514FF40035C4F80455D3F8006184
:1073400016B15A60C4F808550B7803704B780433B3
:1073500043708B78837070BD00212270C3F80411D4
:10736000C3F800221A60F6E79430002000F00040D5
:1073700000F001400E4A08B5537823B94FF4DF718D
:107380003C20F9F707FE0B4BC3F80C150121C3F89D
:107390001005917012780AB9BA21F1E70022C3F8FA
:1073A0000421054B4FF00072C3F8042508BD00BF4F
:1073B0009430002000F0004000F00140084B1A78A3
:1073C0004AB10849084AC1F808250022C1F89825A1
:1073D000C1F89C251A7000225A709A70704700BF3D
:1073E0009430002000F0014000000202194B1B788D
:1073F00070B523B94FF4F2713C20F9F7CBFD164C70
:10740000D4F80431BBB90223C4F80433134B144E2F
:107410001D691A6942F0100205F010051A61D4F8CE
:1074200004317BB125B90D4A136923F010031361B0
:107430000223C4F80833084BD3F80004003818BFFF
:10744000012070BD4FF40043C6F8803106F092FD74
:10745000E5E700BF9430002000F0004000ED00E0C0
:1074600000E100E0014B01229A60704700F000400B
:1074700010B5FFF7F7F888B1224B1B68063B0833BD
:1074800033D9214AD2F83C3723F0004323F0FF03DD
:1074900043F0004343F09603C2F83C37FFF7FEF891
:1074A000194C38B1D4F8403723F47F4343F4B05338
:1074B000C4F84037154BC4F8783700F0D3F838B12A
:1074C0004FF08053D3F830335A1C18BFC4F84C37F0
:1074D0004FF01023196E4B1C1FBF0B4AD2F88C358E
:1074E00061F31743C2F88C3510BD074AD2F83C3718
:1074F00043F48063C2F83C37FFF7B4F80028C0D1EA
:10750000CCE700BF7C320020001000402C00008936
:1075100008B50146FFF7C2F898B10B790948022B6C
:107520004FF08053D0F88825D3F8203322F4FE4260
:107530000CBFC3F30663C3F3062342EA0323C0F878
:10754000883508BD001000402DE9F04F264C85B06D
:10755000054698460E46174600F0C8F82378AB4219
:10756000814611D16378B3420ED194F90230BB4207
:107570000AD1E378834207D1A388A8F8003094F9B0
:10758000060005B0BDE8F08F012D06D0022D10D009
:1075900040F289410620F9F7FDFC00200DF10F03B0
:1075A0003A46314600F0A8F8824620B14621A9208B
:1075B000F1E70120F2E730469DF90FB0FFF74CFAF2
:1075C000A91E4A4203464A41CDF800A0414658460A
:1075D00000F03CF8B8F80030A071A3802570667008
:1075E000A77084F80390CAE700210020014B1B68B4
:1075F0001B68184730210020014B1B685B68184747
:1076000030210020014B1B689B6818473021002067
:10761000014B1B681B69184730210020014B1B6878
:107620005B69184730210020014B1B689B69184794
:1076300030210020014B1B68DB69184730210020F6
:10764000014B1B689B6A18473021002030B4044C62
:107650009DF8085024680295E468A44630BC604751
:1076600030210020014B1878704700BF30350020D2
:1076700010B500220C49134640FA02F4E40744BF57
:10768000CA545C1C02F1010248BFE3B2042AF3D1E0
:10769000054AFF24D118032B01D9107110BD013305
:1076A00001F8014BDBB2F6E73C350020C1DA0000FF
:1076B000C7DA0000C9DA0000EFDA0000CDDA000016
:1076C000F9DA0000D3DA000003DB0000D9DA0000A9
:1076D0000FDB0000E5DA0000E9DA0000DBDA000089
:1076E000E1DA0000FFDA000009DB0000014B187D41
:1076F000704700BFC8300020042810B511D883B1EE
:1077000004280CBF10242824A1420AD2064C54F8A5
:10771000200018B141568A42A8BF0A461A700020BC
:1077200010BD6FF01500FBE7C830002030B50346F0
:10773000114890F91C209A4219DD90F924209A42B0
:1077400017DA9A1A846AA05C0C4A15569D420DD02D
:107750000E32002918BF01309442C0B206D129B1BF
:10776000013BDBB2012B01D80130C0B230BD0D208E
:10777000FCE70020FAE700BFC830002074C6020012
:1077800008B5054B93F91C30984203DAFFF7CEFF9A
:10779000024B1B56184608BDC830002074C60200B4
:1077A00008B5184B93F82C20FAB9012283F82C2045
:1077B000154A1268A2F10800082803D813490141AC
:1077C000C90709D5911F092910D9013212D04FF4E8
:1077D000DF71742002F040FD0D4A9A62D8221A62CD
:1077E00083F8242008229A611A7708BD094A0A41C1
:1077F000D207ECD4084A9A62D8221A6283F824206D
:107800000422F0E7C830002078320020DEFEFFFFBF
:10781000AFC60200EEFCFFFF82C6020010F0FF00C0
:1078200008B508D14FF0804301225A60C3F8000127
:10783000034B187008BD7C21B52002F00DFD00BF80
:10784000F5300020014B01221A707047F5300020FE
:1078500008B548B94FF08043D3F8003113B9044B51
:10786000187808BD0120FCE7C221B52002F0F4FC25
:10787000F5300020044B1868062818BFB0F1FF3F10
:107880000CBF0120002070477832002008B5094B5A
:107890001A680A2A02D1084B1B6823B1FFF7EAFFD6
:1078A00008B9082A04D14FF080430222C3F8342CCF
:1078B00008BD00BF783200207C320020F8B50F4EA2
:1078C0000127375404460D4606F02EF960B934B945
:1078D0004FF08043B7707560C3F80473F8BD40F291
:1078E00025116D2002F0B8FC002DF7D01CB9204600
:1078F000A8477460F2E74FF4A071F2E7F830002077
:10790000044B191800228A7003EB80011A544A6054
:10791000704700BFF8300020014B9881704700BFCE
:10792000F8300020014BD889704700BFF8300020A4
:10793000014B9889704700BFF830002010B5EFF375
:10794000108472B6064B03441A7C0132D2B21A7408
:107950001B7C012B01D106F0DBF804B962B610BD27
:10796000F830002010B506F007F906F0DDF84FF00A
:107970008044084940B1FFF789FF012323610423B4
:107980008B740023CB7410BD03238B740123C4F8C4
:107990000433F6E7F830002010B5EFF3108472B628
:1079A000094B03441A7C22B940F257216D2002F0A2
:1079B00053FC1A7C013AD2B21A741B7C0BB9FFF744
:1079C0002DFF04B962B610BDF8300020024B987C40
:1079D000003818BF01207047F830002038B5164C29
:1079E000237D23B940F206316D2002F035FC637D22
:1079F000C3B9A37DB3B1E27C013B9A4212DA06F02F
:107A000093F8054602F07AFDA37D012B82BFE37C4B
:107A10000133E37455B1A369C31A0133022B09D9A9
:107A200035B1A061BDE83840FFF79CBFE369F3E7DB
:107A3000E061F7E738BD00BFF830002073B51B4D9B
:107A40006B7D63B9286A00F0030006F085F830B159
:107A5000EFF3108372B6AA7C1AB103B962B602B012
:107A600070BD0122AA7403B962B64FF080430822A8
:107A7000C3F808234FF42073ADF80630BDF8064074
:107A8000A4B2631E9BB2ADF80630002CF6D14FF0C5
:107A900080460748C6F80C4106F04EFA85F82540A6
:107AA000FFF760FF0823C6F80433D8E7F83000205A
:107AB0001C3100202DE9F347484C237D002B00F0BA
:107AC0008A800323ADF804304FF08043D3F800518F
:107AD000F5B9D3F80481B8F1000F09D04FF0804315
:107AE0000022C3F804210222C3F80823FFF7A6FFEF
:107AF00094F825603A484FF08047F6B2D7F80C81E9
:107B000006F01EFA48B340F243316D2002F0A4FBA8
:107B100000258DF804500122D3F80481C3F808230E
:107B20000DF10409271DA61C19F8010B03280AD022
:107B3000337843B13B684FF0000A86F800A013B1D8
:107B40009847C7F800A06B1C022B07F1040706F149
:107B500001064FF00105E7D1BDE745B1A37C032B3A
:107B600005D10423A374FFF791FE01233B61B8F113
:107B7000000F1FD04FF080430022C3F80C21A37CDC
:107B8000042B02D040F26931BFE7164B1A680A2A6B
:107B900002D1154B1B6823B1FFF76CFE08B9082A08
:107BA00004D14FF080430022C3F8342C0223A37485
:107BB00005F0E5FF4EB1002384F82530A37C022BAD
:107BC00001D1FFF7CFFE05F0DAFF054802B0BDE8AE
:107BD000F04706F0C4B902B0BDE8F087F8300020E5
:107BE0001C310020783200207C32002010B5054C7A
:107BF000206A00F0030005F0AFFF0028F8D0002055
:107C000010BD00BFF8300020F8B5054650B102782D
:107C1000042A07D8437842B9013B1F2B02D8837846
:107C2000212B07D96FF0150075E0002BFAD183786E
:107C3000002BF7D17B4B0127C3F88070BFF34F8F28
:107C4000BFF36F8F4FF08046C3F88071764C0B23E3
:107C5000C6F808330023C6F80031C6F80431C6F868
:107C60000C3123746374AB88E38105F060FF08B1C5
:107C700027702774D6F80C24D6F80C34D20303D519
:107C8000DF0701D5FFF7DEFD4FF4AF63A3812B784B
:107C9000A978637500222262A175E274042B4DD885
:107CA000DFE803F005033A484A000123236205F0A8
:107CB00045FF00284DD005F048FF236A03F0030379
:107CC000984246D1AB79002B3DD1FFF78FFFA37DC2
:107CD0006BB12B785BB905F027FF054602F00EFC6F
:107CE0006FF00043002D00F09980C4E906034FF0C7
:107CF0008043D3F80C24D3F80C34D20303D5DB072C
:107D000001D5FFF79FFD474A01230020A07423758A
:107D1000C2F880311360F8BD05F02EFF4FF08043AC
:107D2000D3F80C14D3F80C24CE03F9D5D007F7D52B
:107D30000223BBE73D4BB9E73D4BB7E740F21E518D
:107D40006D2002F089FA4FF080430222C3F8042329
:107D5000BDE74FF080430122DA600022C3F804211E
:107D6000226AC3F81825334A1368A3F10E010129CA
:107D700004D90A2B02D0FFF77DFD48B14FF08053A4
:107D80004FF08041D3F84432C3F34233C1F83C355D
:107D90001368A3F10E02012A04D90A2B02D0FFF7BF
:107DA00069FD20B14FF080430122C3F84C254FF00C
:107DB000804301229A600222C3F80423AA79002A90
:107DC00085D1D3F80423910702D440F2D141B7E71B
:107DD000194A1669116941F010011161D3F8043193
:107DE00006F010060BB906F0C7F84FF08047D7F839
:107DF000043183B1FFF7FAFE26B90F4A136923F065
:107E0000100313614FF080430222C3F808230022BD
:107E1000C3F804215BE706F0ADF8E8E7C4E90630F3
:107E200065E700BF00E100E0F8300020010002003B
:107E3000010003007832002000ED00E010B50D4C89
:107E400004F1240006F07CF848B9A37C022B01D190
:107E5000FFF788FDBDE81040074806F080B8074AE4
:107E6000012384F82530BDE81040C2F8003105F048
:107E700083BE00BFF83000201C31002000E100E08C
:107E800038B50C4B0C46197919B183216F2002F0DB
:107E9000E3F960B95D790DB1002038BD01225A7156
:107EA000FFF74CFD21462846FFF708FDF4E76FF089
:107EB0001500F2E72031002038B50B4D2B79044630
:107EC0001BB19A216F2002F0C7F950B96B790BB939
:107ED000002038BDFFF714FD20466C71FFF75CFDF4
:107EE000F6E76FF01500F4E72031002010B501B37C
:107EF000F0B14FF0FF33104A1C46E0FB01349442CE
:107F000003D9DB216F2002F0A7F91A0D42EA0432EF
:107F1000C3F30F10094B00EB02404FF22444B2FBB5
:107F2000F4F103FB1100B0FBF4F040EA0140013032
:107F300010BD0846FCE700BF3F420F00000024F4DC
:107F4000014B9B68184700BF20310020014BDB68C4
:107F5000184700BF20310020014B1B69184700BFA4
:107F600020310020014B1B6A184700BF2031002040
:107F7000014BDB69184700BF2031002008B5064BD4
:107F80001B7923B140F237116F2002F065F9BDE88B
:107F90000840FFF723BD00BF20310020034B1A79B2
:107FA0000AB9FFF7BFBC988D704700BF2031002091
:107FB000034B1A790AB9FFF7BBBC988A704700BF18
:107FC00020310020024B1B790BB9FFF737BD7047FA
:107FD00020310020014B9B69184700BF2031002051
:107FE00010B5144C2379A3B1636A9847002806DBC7
:107FF00094F82E3023B1012384F83030002010BDD6
:10800000FFF7E8FF0028F6DA40F28D116F2002F04A
:1080100023F9094BA361094BE361094B2362094B27
:10802000A360094BE360094B2361FFF7EDFD0028D6
:10803000E1D0E4E720310020ED7B00003D7E000030
:10804000CD79000079DB00007FDB000085DB0000DC
:1080500038B5084B1D79044625B140F2E1116F2077
:1080600002F0FAF801F028F82046FFF755FC284600
:1080700038BD00BF2031002008B5074801F00AF8DC
:10808000054800F023F801F069FA01F04BFA00F01E
:1080900021FB012008BD00BF5431002001F0FCBBD2
:1080A000103001F02BB800BF01F040B801F02CBD3A
:1080B00001F0F4BD01F006BE01F0EABC01F068BCBD
:1080C00008B52721032002F0C7F800BF024B186053
:1080D00000221A719A6070475C31002070B582B03E
:1080E0001E4C2379012B11D0DAB2022A0BD1A068E1
:1080F0000DF1070100F014FB0023A36023719DF82C
:10810000070002B070BD012002B070BDA0680DF183
:10811000070100F0FBFAA5686B7DDB07ECD5AB7FB0
:10812000042BE9D001F046F806460028E4D001F01F
:1081300047F82A69B3682E686D68961945F10005FD
:1081400000220A3342F100021B1842EB0102B34243
:10815000AA41D1D3A06800F085FCCDE75C310020B6
:10816000837F0BB10020704710B50A684B688C689C
:10817000D1F80CC0C0F80CC08460026043600A698A
:108180004B694361012402618477054B1A792AB94E
:1081900098601C7100F0A4FF204610BDFFF790FF0F
:1081A0005C31002070B5044682B00D4601F002F843
:1081B000A37F012B17D02B686A68A9680646E86878
:1081C000E060A160236062606A692B6962610122DC
:1081D0002361A2770DF10701204600F097FA2EB136
:1081E000012002B070BD002002B070BD024B04211E
:1081F000186805F072FEF3E75C310020024B06219F
:10820000186805F06ABE00BF5C31002010B5084B4D
:108210001A7952B90446986002221A7100F060FF80
:10822000A07FB0FA80F0400910BDFFF749FF00BF02
:108230005C31002038B5837FC3B1044609E0A37FD9
:10824000042B09D0A37F012B11D005F093FEA37F4F
:1082500063B1A37F032BF2D1EFF3108572B62046F2
:1082600000F0BCFA05B962B6A37F2BB938BD4FF454
:108270008271032001F0F0FFFF21032001F0ECFFE9
:1082800070B5054600F096FF08B3044600F098FF6D
:10829000A4680346E41841F1000628463346224606
:1082A00000F072FBA04271EB06034FF000050CD307
:1082B000001B6FF0010361EB0601834275EB0101C6
:1082C00000D370BD4FF0FF3070BD284670BD40F246
:1082D0002911032001F0C0FF2DE9F04104460F46AB
:1082E00000F068FF10B38568002362195B41064601
:1082F00013B10020BDE8F08100F062FF2A1841F1BF
:1083000000033846A51843F1000800F03DFBA842E1
:1083100071EB0801EDD301F0BFFA00F019FAB36870
:10832000377523440120B360BDE8F0814FF4A37199
:10833000032001F091FF00BF00F042BFF8B50369D0
:10834000002B4ED1044601F0A7FA05460E46FFF772
:1083500003FE78B3D4E90003643546F10006A84271
:1083600073EB060223D3C4E90003EFF3108672B661
:1083700000F020FF054698B100F022FFAB68002214
:108380000B3342F100021B1842EB0101D4E9000259
:10839000834271EB02053CBF03461146C4E900313C
:1083A00006B962B62046BDE8F84000F083BB284617
:1083B0003346D8E7FFF7FCFD074600F00FFFB84251
:1083C0002168626838BF3846963546F10006401984
:1083D00046F10003884273EB02053CBF0846134692
:1083E000C1E74FF4D171032001F036FF1C4B186830
:1083F000A0B350E9063130B550F8104C13F10A0221
:10840000036841F100011519A0F1180041F1000CB9
:108410001BB922E014D31B68FBB153E90621AA4221
:1084200071EB0C0419D290F814E013F8044C744565
:10843000F0D19C88B0F81CE0A4EB0E042404EAD52B
:1084400053F8100C0A3241F100018518A3F118000D
:108450001B6841F1000C002BDFD130BD704700BF1D
:108460006831002070B5264D00236B60EFF310815A
:1084700072B6AA686A60AB60EB6009B962B66A68F6
:1084800072B3204C00269379032BA2F1180028D058
:10849000136873B39A79042AA3F118038446A64695
:1084A0000FD1818B9A8B521A12049A6944BF0CF136
:1084B000180E184642B19C46A2F118039A7F042A6E
:1084C000EFD09B7F032B16D1DEF800201368CEF887
:1084D00000300221C368867798476A68002AD2D1A3
:1084E00070BD116852F80C3C967169600121984783
:1084F000F3E7A646EAE763219F2001F0ADFE00BF47
:10850000683100206C3100202DE9F04F6F4B04687A
:108510001B68456883B08283427D0646894602F027
:108520000102002B00F0CB80A3F1180C002A6ED0C2
:10853000DCE90001844275EB0107644A2FD39CF803
:108540001420337D9A421BD8DCF808301B1841F107
:10855000000113F10A0E41F10007744575EB0702A3
:1085600080F0A8803269121945F10000964577EB3A
:10857000000801D2724638469A428841C0F0828093
:10858000DCF818300CF11802002B00F09180A3F1F8
:10859000180CDCE90001844275EB0107CFD21F46BD
:1085A0006346B068001945F10008002B44D0CDE9BE
:1085B0000027CA46D3E9007110F10A0C48F1000205
:1085C000674571EB020245D21A7D96F814C09445B6
:1085D00019D39A68D21941F1000112F10A0941F147
:1085E000000E4C4575EB0E0745D237693F1945F132
:1085F000000CB9457EEB0C0B01D24F46F446974276
:108600007CEB010C3DD39B6923B3183BD2E7DCE93B
:108610000001844275EB01012C4A0CD3DCF81830C0
:108620000CF118023BB1A3F1180CDCE90001844203
:1086300075EB0101F2D21F46334643F8187F1360F1
:10864000FFF7D4FE864210D0002389F8003003B033
:10865000BDE8F08FDDE900273346D14643F8187FA7
:108660001360FFF7C3FE8642EED1012389F8003084
:1086700003B0BDE8F08F2746AC4697427CEB010C77
:10868000C1D2D146114A0423B377916800233376CF
:108690007376B376F37606F118020C4B69B1DB689A
:1086A0001A600B4B09491878CA6001F08DFFCBE7BF
:1086B0001F4676E7224628465EE79A60F1E712B940
:1086C0001746024AB8E7014A1F466AE768310020A8
:1086D0003421002010B50A4C2378FF2B0AD1094819
:1086E00001F048FF084B207000221A609A60DA609F
:1086F0001A8210BD4FF48D719F2001F0ADFD00BFB7
:10870000342100206584000068310020034B1A8A60
:1087100002F1010CA3F810C0FFF7F6BE683100208B
:1087200038B504460D46FFF761FE0346E31AB3FA77
:1087300083F35B0905482B7004F1180105F0F3FB86
:1087400010B10023A377012038BD00BF683100209D
:108750002DE9F0431F4E34686CB34FF000083546E6
:10876000C6464FF004092346246853F8187C53F892
:10877000082CD21953F8147C47F1000C82427CEB90
:10878000010C1AD22A6812682A6083F80690B2682F
:1087900083F800E083F801E083F802E083F803E067
:1087A0007AB1F2681360F3604FF00108002CDAD15F
:1087B000B8F1000F07D1BDE8F0831D46002CD2D1DF
:1087C000F6E7B360EFE7044BBDE8F043187801F03B
:1087D000FBBE00BF683100203421002070B5154E6B
:1087E000B368054600F11801BBB1B368002423B992
:1087F00013E01A681C4682B113469942F9D10CB1B4
:10880000AA692260B268914204BF1B68B360F36832
:1088100099420AD00023AB7770BD074805F083FB6F
:108820000028F9D00023AB77F6E70023F460AB779C
:10883000F2E700BF683100206C3100202DE9F843D9
:10884000484E3468002C00F087804FF000080F4637
:108850000546B14641464FF0040E2346246853F8BE
:10886000180C53F8082C121853F8140C40F1000C93
:10887000AA427CEB070C69D2D9F800201268C9F82B
:10888000002083F806E0B268197059709970D970A9
:10889000002A5FD0F2681360F3604FF00108002CEB
:1088A000DBD1B8F1000F03D02F4B187801F08CFE0C
:1088B0003368002B50D053E90612A94272EB07002F
:1088C00053F8100C3CBF29463A46A3F1180C0A3065
:1088D0004FF000041B6844F10004091842EB040245
:1088E0001BB92DE016D81B6853B353E90604884220
:1088F00074EB020E24D29CF8148013F804ECF045BB
:10890000F0D1B3F804E0BCF81C80AEEB080E1EF406
:10891000004FE8D0854277EB040E294638BF014668
:1089200053F8100C3A46A3F1180C38BF22461B68C6
:10893000091842F100020A3142F10002002BD4D1A1
:108940000CF1180373616046BDE8F8839946002C6A
:1089500083D1A6E7B3609FE700239C46736160461E
:10896000BDE8F883683100203421002010B5054CA3
:108970006169204605F0D7FA18B1606900231838FC
:10898000636110BD683100201C49096839B3A1F149
:10899000180C9CF8141081421DD870B5DCE9004118
:1089A00012F10A0543F1000EAC4271EB0E0620D223
:1089B000DCF81060341941F10001AC4271EB0E019A
:1089C00015D2DCF8181071B1A1F1180C9CF8141034
:1089D0008142F6D8E2E7DCF818100029D7D14FF031
:1089E000FF30014670474FF0FF30014670BD2C4606
:1089F0007146B4F10A0041F1FF3170BD68310020C9
:108A000010B5837F022B06D0837F012B02D0837F9A
:108A1000042B1DD110BD437D13F0020313D103219C
:108A20000E4A81779468037600F1180143768376C5
:108A3000C3765CB1D3681960094BD160BDE81040C2
:108A4000187801F0C1BD0023837710BD9160F3E772
:108A50004FF4FF719F2001F0FFFB00BF6831002041
:108A60003421002070B5114D00F11806044631463E
:108A7000284605F058FA98B10423A377AA68002382
:108A800023766376A376E37642B1EB681E60084BEB
:108A9000EE601878BDE8704001F096BDAE60F6E774
:108AA0004FF402719F2001F0D7FB00BF6831002016
:108AB000342100202DE9F04F066983B0002E70D1DB
:108AC000D0E900158368077DEFF3108472B6DFF8F4
:108AD000DCC0DCF80020002A5CD013F10A0EBCF8E0
:108AE0001080CDF8048046F10006183AB046D2E96D
:108AF000003611EB0E0A45EB08099A4579EB060C96
:108B000048D38B4276EB050C28D3D2F810C01CEB6F
:108B1000030C46F1000BD4457BEB090B34BF4FF03F
:108B2000010C4FF0000CBCF1000F13D092F814C0F0
:108B3000BC4526D034BF4FF0010C4FF0000CBCF107
:108B4000000F07D013F10A01936846F10005591888
:108B500045F100059269EAB1183AC8E7D2F808A0D1
:108B600013F10A0C46F100091AEB0C0C49F100094B
:108B7000614575EB090934BF4FF0010C4FF0000C53
:108B8000D1E7B2F81CC0DDF80490ACEB090CCCF3D3
:108B9000C03CD4E704B962B6C0E9001503B0BDE833
:108BA000F08F40F227219F2001F056FB6831002012
:108BB000024B0521186805F090B900BF80310020F4
:108BC000054B586810B1C3680521184710B54FF41C
:108BD0001B71B02001F040FB803100202DE9F047EF
:108BE0001646002B55D0D3E900894B4C804579EBD4
:108BF0000103A38A3CBF804689466433B8EB000575
:108C000069EB01070022AB422261BA41C4E9028943
:108C100016DBA36903F2A3139D4277F1000769DA1B
:108C20003E4AC4F8288040464946C4F82C9000F0DB
:108C300057FD3B4A052384F830303260BDE8F087A9
:108C4000627F237F1AB19A071ED40022627703F055
:108C5000010AA36903F2A3139D4277F100072EDAFC
:108C6000BAF1000FDCD0A08A2C4AB8EB000069F101
:108C70000001C4E90A0100F033FD0623284A84F804
:108C800030303260BDE8F087236A01209847237FA7
:108C9000DBE7214C637F2BB1237F9B0702D5236A3F
:108CA000012098470025657701F090F8FFF74EF90D
:108CB0002B461C4A84F830303260BDE8F08701F062
:108CC00085F8FFF743F9A08AA369BAF1000F01D034
:108CD000984215D8B8EB0300104A69F10001C4E9C5
:108CE0000A0100F0FDFC02230D4A84F830303260A6
:108CF000BDE8F08701F06AF8FFF728F9A369E9E712
:108D0000B8EB0000054A69F10001C4E90A0100F06E
:108D1000E7FC034A01238EE780310020B18B00007D
:108D20006D8E00006590000002392DE9F0410429A4
:108D30002DD8DFE801F00309292C0C00164A137F17
:108D4000003B18BF012353770020BDE8F0810446A3
:108D500000F092FC00F0A0FD0E460746FFF76EFD06
:108D60000D4D80466868FFF74BFE22463846314677
:108D70004346002400260027C5E902676C60FFF720
:108D80002DFF0220BDE8F081FFF7A8F9DCE740F2F3
:108D90001721B02001F060FA803100202DE9F84F52
:108DA0002E4C637FA769804683BB94F81C9019F012
:108DB000010934D100F070FD10EB070B41F1000AFE
:108DC00005460E4658465146FFF738FDA8B3D0E990
:108DD00000329B457AEB02011BD30023204AA56297
:108DE00028463146C4E902BAE662236100F078FC05
:108DF000B9F1000F18D0A38A1A4A9F4216D0022355
:108E000084F83030C8F80020BDE8F88F4FF0000932
:108E1000D0E7DD1B9B4662F100069246DDE7A38AA0
:108E20009F4238BF1F46C5E70E4AE8E7012384F892
:108E30003030C8F80020BDE8F88F637F2BB1237F66
:108E40009B0702D5236A012098470023064A84F82D
:108E500030306377C8F80020BDE8F88F80310020FB
:108E6000B18B00006D8E000065900000023970B576
:108E70000546032900F2EB80DFE801F00602450811
:108E8000754B002283F83120002070BD724C94F89D
:108E900030301A1F012A40F29F8000F0FDFCA26AC8
:108EA0002369801A9842B8BF184694F83030206180
:108EB000022B7FD0237FD90740F1C480607F002838
:108EC00040F0C080236A98470123637794F83020EC
:108ED000022AD4E902034BD0012A70D02269323829
:108EE00043F1FF31101841EBE2715C4AC4E90A0119
:108EF00000F0F6FB94F83030062B0CBF052304235A
:108F000084F83030C0E7544C94F83030042B0FD83C
:108F1000022B25D8013B012B00F28F80FFF7DEF8F2
:108F20000028B1D000F0A6FC2846FFF737FF15E077
:108F3000053B012B00F28180FFF7D0F80028A3D079
:108F400000F098FC00F0A8FC06460C46FFF776FC03
:108F50002A46034621463046FFF740FE022070BDF8
:108F6000FFF7BCF800288FD0012384F831308BE75D
:108F7000227FD2070ED5627F62B9A18A374A401A92
:108F800063F10001C4E90A0100F0AAFB032384F89D
:108F9000303079E72169314A323843F1FF334018E4
:108FA00043EBE171C4E90A0100F09AFB042384F861
:108FB000303069E700F002FFFEF7C2FF86E7A169E3
:108FC000264A401A63F10001C4E90A0100F088FB57
:108FD000022384F8303057E7042B94F8316019D01D
:108FE000002EAFD1FFF7C2FC0028ABD06060C4E90F
:108FF0000D6600F035FB6068022383773146C36855
:109000009847D4E90201FFF7A3FB154B84F83060C1
:109010002B60A3E700F0E2FE0028E1D10020002150
:10902000FFF70CFC08B1FFF71DFD00F0CFFEFEF7C7
:109030008DFF2846FFF7B2FE90E74FF4CD71B020C8
:1090400001F00AF940F2B311B02001F005F940F245
:10905000F111B02001F000F980310020B18B000047
:10906000298D0000032910B506D801290AD840F23D
:109070005D11B02001F0F0F80429F8D10446FFF7A3
:109080002DF808B9002010BD2046FFF787FE02200A
:1090900010BD00BF10B5064A064C026000232060D8
:1090A00084F830302377FEF783FF5130A06110BD84
:1090B000659000008031002008B5074B074A196809
:1090C0000968914202D15130986108BD40F25121A6
:1090D000B02001F0C1F800BF803100206590000091
:1090E00010B5EFF3108472B6034B0421186804F036
:1090F000F4FE04B962B610BD8031002008B5094BFA
:109100005A684AB1D3E902218018BDE80840064AEE
:1091100041F1000100F0E4BA40F27221B02001F008
:109120009BF800BF80310020C18B000008B5064BC2
:109130005B681BB1BDE8084000F09CBB4FF41E719A
:10914000B02001F089F800BF8031002008B5054B40
:109150005A680AB1586308BD40F27E21B02001F080
:109160007BF800BF8031002008B5054B5A680AB172
:10917000986308BD4FF42171B02001F06DF800BF75
:1091800080310020044B9B6B03B1184710B540F2AF
:109190008A21B02001F060F880310020044B5B6B25
:1091A00003B1184710B54FF42471B02001F054F802
:1091B00080310020014B5868704700BF803100208B
:1091C00008B5054B5A6812B1D3E9020108BD40F257
:1091D0009B21B02001F040F880310020034B187F24
:1091E00010F0010018BF988A704700BF803100203E
:1091F000054B1B681BB1D3E908200421104710B5AB
:109200007221452001F028F8C0310020054B1B6871
:109210001BB1D3E908200321104710B56C2145206C
:1092200001F01AF8C03100202DE9F04104460D4646
:1092300079B9174F3B683BBB16483C60FFF786FF88
:109240001548FFF791FFFFF777F8637D5B07064648
:1092500005D4D4E908302946BDE8F0411847FEF7A7
:1092600025FF2036361A7E6000F092FB0028FBD0E6
:109270000A4B0022C3F8A8252946C3F8AC25D4E937
:109280000830BDE8F04118478621452000F0E4FF92
:10929000C03100200D920000F191000000F001406B
:1092A000024B00221A601A81704700BFC0310020B3
:1092B00008B5074B1A683AB10648D060002119601A
:1092C000BDE80840FEF79ABFB921452000F0C4FF71
:1092D000C031002029920000C0E90812202200219C
:1092E00001F0A4BA30B587B04B7A00220D46059242
:1092F000CDE900220492C3F3800282F001024FF014
:10930000000162F3820104462A78287A8DF815104C
:109310008DF8140069682B4802910390002A40D10F
:10932000D5E904209DF815C01CF0040FCDE90020FC
:1093300028D19DF815202449C3F340035B0043F076
:10934000010322F0030213438DF815304B68C3F379
:1093500008038BB1103B5BB2002B1CDB03F16043B5
:1093600003F5614393F800335B092BB96946204646
:10937000FEF718FF07B030BD69462046FEF7F0FE45
:1093800007B030BD203A01F1200140F1FF300092DA
:1093900002910190CDE703F00F0319440B7D5B09A7
:1093A000E3E72B690493FEF779FE9DF815305B0720
:1093B000CDE9000104D5029A6B7A20320292B8E717
:1093C0006B7AB6E72992000000ED00E010B5037853
:1093D00086B0B3B90446D0E90401CDE90433CDE940
:1093E00000010393217A6368029368468DF8141094
:1093F000FEF7A4FFDDE900230120C4E9042306B041
:1094000010BD4FF4AB71452000F026FF08B50A4BA4
:109410001B6863B15B7D5B0705D5FEF78DFF2030D0
:1094200041F1000108BDBDE80840FEF785BF4FF4DB
:10943000EE71452000F010FFC031002030B50C78EF
:1094400087B07CBB4B7A05940C7A8DF81440C3F33B
:10945000800E174C4D6803948EF0010ED1E9044143
:109460004FF0000C6EF3820C1CF0040FCDE90041AC
:109470008DF815C0029507D0203C05F1200541F17B
:10948000FF310094029501919DF815400492C3F3B9
:10949000400363F3410469468DF81540FEF760FE12
:1094A00007B030BD40F21F21452000F0D5FE00BFBF
:1094B0002992000070B4EFF3108672B617490D7848
:1094C000ADB1174BD3F80445D3F848314FF6FF72CE
:1094D00094421FD0E3B147F6FE739C4218D84B6804
:1094E000013306B962B6C0E9004370BC70470C4A4C
:1094F000D2F80445D2F8043153B14B6801334B60C4
:10950000C2F80451D2F80445D2F80431002BF4D14A
:109510004B68E6E7002BFBD11C46F9E7F831002049
:1095200000B0004010B50A4C002222742277094B8B
:10953000094801215960C3F84025C3F840214FF480
:1095400000221961C0F8082501F08CF8206210BDD6
:10955000F83100200080004000F001403749384BCE
:10956000F0B44D6A374C002201204A605860986080
:10957000C3F80843C3F84843C3F80421C3F84021A3
:10958000C3F84421C3F84821002D55D02E4C2F4E4E
:10959000C4F8A8652E4AC4F8AC55C4F85C394FF439
:1095A0000023C4F804350523C2F840351060D2F812
:1095B0004031002BFBD02448002301244FF4002528
:1095C000C0F808555460D460C2F84031C2F8403544
:1095D000C0F8A835C0F8AC35C0F8AC350B7833B35B
:1095E00091F82840184816491A4E1B4DE30003F124
:1095F000804303F5F8330122A2404FF6FF774FF482
:109600008024C0F80825C1F84443C1F84875C1F862
:109610000443C3F81065C3F81455C0F804250F4B74
:109620004FF40062C3F88021F0BC1A607047044B0D
:109630000222C3F80423F2E71860CFE7F8310020D4
:1096400000B000400200070000F0014040810040EF
:109650000080004048B1004008B0004000E100E058
:10966000044B4FF080411A6A0123C1F8083513609A
:10967000704700BFF831002010B4144C1449154A4B
:109680000023C4F8A8350120C4F8AC354FF0FF34EE
:1096900048600861C1F808430F4891684FF480742E
:1096A000C0F8804141B10D494FF48030C1F8080342
:1096B0001374C1F840319360126A10BC4FF08041BE
:1096C0000023C1F808351360704700BF00F0014067
:1096D00000800040F831002000E100E000B00040D0
:1096E000F0B55A4CA36883B0002B40F09F802578DA
:1096F000A260002D5CD1564B994200F29C80430F32
:10970000544E554F43EAC101A6FB0132C0F34F331B
:10971000920B03EB014307FB1233A6FB03639B0B86
:1097200043EA02434D4A02FB1300420B48F2376101
:1097300001FB02F2120C43F60957494907FB1200DC
:1097400000FB01F1490D43F6085601EB422207FBED
:109750000161B0EB512F88BF01320026002D41D0AE
:109760001F0C1B049D18684647F10007FFF7A2FE77
:10977000DDE90032053346F100064FF48031E2FBAB
:1097800001369D4277EB060647D32A0C4FF6FF7150
:10979000ADB242EA0742002D08BF0D4631494FF4F1
:1097A0008030C1F84055E260C1F8040303B0F0BD59
:1097B0002D4B994244D8430D264E274F43EAC121F1
:1097C000A6FB0132C0F34F13920B03EB014307FBDF
:1097D0001233A6FB03639B0B43EA0243234A02FBBB
:1097E0001300A2E71F0A1B069E18684647F10007F0
:1097F000FFF760FEDDE90032053345F100054FF06B
:109800008071E2FB01359E4277EB050505D3320EF0
:1098100042EA072226F07F45C0E7FF232374144B5A
:109820004FF40062C3F8002103B0F0BD40F2F9210B
:10983000052000F011FD4FF49471052000F00CFD9F
:1098400040F22311052000F007FD00BFF831002091
:10985000FF7F841E83DE1B43000024F40080841EEF
:109860006F0C010000B000407F841E0080841E0049
:1098700000E100E0064B9A684AB106494FF4803295
:10988000C1F8082300221A74C1F840219A60704779
:10989000F831002000B0004070B4EFF3108572B6CC
:1098A000364C207820B3364BD3F80425D3F84861E2
:1098B0004FF6FF739A4252D043F60951C2F30803A0
:1098C00001FB03F3500A01FB00F003F5807300EB8A
:1098D00053200021002E45D047F6FE739A4241D80E
:1098E0006368013325B3274A70BCE3FB020170476C
:1098F000234AD2F80435D2F8041111B36368013356
:109900006360C2F80401D2F80435D2F804110029CA
:10991000F4D143F6095CC3F30802580A0CFB02F2C7
:1099200002F580730CFB00F000EB532063681DB957
:1099300062B62278002AD6D1134AE3FB020170BC3A
:10994000704743F60956C3F30802580A06FB02F3B0
:1099500006FB00F003F5807300EB5320E6E71EB131
:109960000A4800216368BDE7636815B9284629469F
:10997000DEE7044A30463146DFE700BFF831002019
:1099800000B0004080841E000080841E61841E00A0
:1099900070B4EFF3108072B6384A15780DB3384BB7
:1099A000D3F80455D3F848614FF6FF739D4256D063
:1099B00043F60954C5F3080104FB01F16B0A04FBEB
:1099C00003F301F5807103EB51230024002E49D0ED
:1099D00047F6FE718D4245D85168013108B32948D8
:1099E00024E02749D1F80435D1F804414CB3536839
:1099F00001335360C1F80451D1F80435D1F8044162
:109A0000002CF4D143F6095CC3F308010CFB01F10F
:109A10005B0A01F580710CFB03F303EB51235168E2
:109A200018B962B610780028D9D11748E1FB003484
:109A3000D2E90C128B4294412CBF0120002070BC53
:109A40007047C3F3080143F609555B0A05FB01F1B2
:109A500005FB03F301F5807103EB5123DFE71EB132
:109A60000A4B00245168B9E7516810B9034604460F
:109A7000D7E7044833463446D8E700BFF831002022
:109A800000B0004080841E000080841E61841E009F
:109A9000194B1A4810B5012200214FF400245A60D6
:109AA000C3F84015C3F840111A61C0F80845D3F84F
:109AB000040520F00300C3F80405D3F8080540F0BE
:109AC00003001021C3F8080591FAA1F1B1FA81F160
:109AD00009290CDC0A48C3F810154FF48074DA60C9
:109AE000C0F8804104605A60DA601A6010BD054811
:109AF00040F29F3100F0A6FB0080004000F00140E2
:109B000000E100E080D102002DE9F047DFF8748128
:109B10005D4E012100234FF4002284B0C8F80410E8
:109B2000C8F84035C8F84031C8F81010C6F8082504
:109B3000D8F8042522F00302C8F80425D8F808252F
:109B400042F00302C8F80825102292FAA2F2B2FAF3
:109B500082F2092A00F39180C8F810254B4A4C4F35
:109B6000C8F80C104FF48070C2F880011060494AA8
:109B7000C8F80410C8F80C10C6F8A8253A78C6F83A
:109B8000AC8502A8002A56D0019306E00123C6F84E
:109B900008A5C8F80430C8F80C30FFF78BFCDDE9E5
:109BA0000243019D4FF4002A4FF48039C6F804A502
:109BB000E3FB0945FFF77EFCDDE902320199E2FB98
:109BC0000931A94208BFA342E0D1013443F609524A
:109BD000C4F3080345F1000502FB03F3210EC4F3AF
:109BE0004E2441EA052102FB04F02D0E03F580739B
:109BF00000EB53204C016B01641A43EAD16363EB21
:109C00000506B201A3011B1B42EA946262EB060245
:109C1000D20042EA5372DB005B1845EB0205E90310
:109C2000DA03801841EA534141F10001C7E90C0110
:109C300004B0BDE8F087019206E00123C6F808A54C
:109C4000C8F80430C8F80C30FFF734FCDDE90243F3
:109C5000019D4FF4002A4FF08079C6F804A5E3FB7C
:109C60000945FFF727FCDDE902320199E2FB0931E2
:109C7000A94208BFA342E0D1A7E7074840F29F31BD
:109C800000F0E0FA0080004000F0014000E100E058
:109C9000F831002000B1004080D1020010B5029CD4
:109CA000201841F10001801A61EB0301B0F1004F6F
:109CB00071F1000100DA10BD40F2A931052000F079
:109CC000CBFA00BF70B4EFF3108572B6364C207833
:109CD00020B3364BD3F80425D3F848614FF6FF7311
:109CE0009A4252D043F60951C2F3080301FB03F331
:109CF000500A01FB00F003F5807300EB53200021B4
:109D0000002E45D047F6FE739A4241D8636801336E
:109D100025B3274A70BCE3FB02017047234AD2F8FF
:109D20000435D2F8041111B3636801336360C2F8DB
:109D30000401D2F80435D2F804110029F4D143F615
:109D4000095CC3F30802580A0CFB02F202F58073A7
:109D50000CFB00F000EB532063681DB962B622785B
:109D6000002AD6D1134AE3FB020170BC704743F6C8
:109D70000956C3F30802580A06FB02F306FB00F07B
:109D800003F5807300EB5320E6E71EB10A4800217B
:109D90006368BDE7636815B928462946DEE7044ACB
:109DA00030463146DFE700BFF831002000B0004008
:109DB00080841E000080841E61841E00024B0122EC
:109DC000C3F84423704700BF00B00040024B01229B
:109DD000C3F84823704700BF00B0004008B5FEF745
:109DE000BBF830B9074A936B0133312B936304D826
:109DF00008BD044B00229A6308BD40F2F5310520EE
:109E000000F02AFAF831002010B53F4C237882B0D8
:109E1000002B55D03D4BD3F8042352035BD43B4B6E
:109E2000E168D3F80423D00334D5D3F84031002BB4
:109E300030D0636899425DD800232374334AA16807
:109E4000C2F840314FF48030C2F80803002955D0E1
:109E5000A36088472D4BA169D3F80423920324D52E
:109E6000D3F844310BB363688B423FD3002222778F
:109E7000264B6169C3F844214FF40030C3F808034E
:109E800000293BD08847214BD3F840310193019BF7
:109E900002B010BD6268237C002BCDD19142D9D98C
:109EA0001A4B0022C3F84021D4E76268237F002BBD
:109EB000DCD18A42E7D2154B0022C3F84421E2E705
:109EC000124AD2F804110029A9D0C2F804316368FB
:109ED00001336360A3E7D3F84821002A9FD0002212
:109EE000C3F8482163680133636098E7237F002B40
:109EF000E1D0BBE7237C002BD2D09DE740F2374175
:109F0000052000F0A9F900BFF831002000B00040A2
:109F1000034610B3007888B91A79012A1ED85A79F5
:109F2000012A1BD89A680E49643A8A4216D8D86822
:109F30000C4B98422CBF00200120704701280CD107
:109F40001A79012A09D85A79012A06D8DA68044907
:109F5000643A8A4201D89868EAE70020704700BF57
:109F60003C8601000040420F70B50446FEF796F8AB
:109F7000D4E90632656A503342F100025B1942F1BE
:109F8000000205F5DF6540F2F966B5FBF6F55B19F1
:109F900042F1000283428A410ED294F82A30052B06
:109FA00003D0B3216A2000F057F90A21236A94F8FC
:109FB00058009847B621F5E7044C236813B1984739
:109FC00000232360BDE87040FFF772B934320020EF
:109FD00070B504460D4639B9012380F85930FFF7B2
:109FE000C3FF0226304670BD0E78032E70D801A341
:109FF00053F826F0E39F000005A000006FA00000CA
:10A0000027A000004868C72801D80026EAE70421F5
:10A01000FEF762F90028F8D0FEF746F86968204696
:10A0200003F0C3FDDEE790F8286006BB4D682846C4
:10A03000FFF76EFF00284BD02B78D3B90121217098
:10A040002B796A79003B18BF0123002A14BF042230
:10A0500002222272AA6843F004036F326260EA6847
:10A0600063720323226184F82A3084F82910204681
:10A07000B5E794F82A30052B04D040F293116A20FA
:10A0800000F0EAF826702B796A79003B18BF0123AB
:10A09000002A14BF042202222272EA6843F0040359
:10A0A0006F3263726260D4E90632A9685B1842EBD2
:10A0B000E172C4E90432042384F82A30214604F111
:10A0C0003000FFF70FF90028D1D140F29511D6E703
:10A0D000012384F85930CAE72DE9F843884607463A
:10A0E00058B300F02FF84FF0000904465FFA89F6E4
:10A0F000B44203D86FF00B00BDE8F883304600F09F
:10A1000027F890F82A5009F10109002DEED13046C8
:10A1100000F01EF80A490585044680F82A5080F8A8
:10A12000586002463030FFF7D7F80123276284F8E1
:10A130002A30284688F80060DEE76FF01500DBE77C
:10A14000B9DB0000014B1879704700BF383200209E
:10A15000044B1A79824283BF1B68602202FB0030E5
:10A1600000207047383200200A4610F0030110B575
:10A170000AD1074C2271206008B9002010BD60236D
:10A180005A4300F053FBF8E76FF00D00F6E700BF0D
:10A1900038320020BFF34F8F0549064BCA6802F4DE
:10A1A000E0621343CB60BFF34F8F00BFFDE700BFFA
:10A1B00000ED00E00400FA05094B01225A604FF05F
:10A1C000FF32C3F80823074B4FF48042C3F88020C6
:10A1D000BFF34F8FBFF36F8FC3F88021704700BF6D
:10A1E00000E0004000E100E0094B01225A604FF01E
:10A1F000FF32C3F80823074B4FF48052C3F8802086
:10A20000BFF34F8FBFF36F8FC3F88021704700BF3C
:10A2100000C0004000E100E0084B0022C3F8FC2F22
:10A220000122C3F8FC2F064B0222C3F88020BFF3A3
:10A230004F8FBFF36F8FC3F880217047001000402D
:10A2400000E100E008B572B6024B5B6803B19847C5
:10A25000FFF7A0FF403200201FB572B6134B5D68B8
:10A2600095B9FFF797FF2346B2FBF6F25C1C002A74
:10A27000F9D104AEDCB256FA83F303F80C2C0A22AF
:10A2800034B901A8A847ECE7024600230A26EDE707
:10A29000631E04AEDCB256FA83F3B0FBF2F602FBA7
:10A2A0001600303003F80C0C3046E9E7403200204D
:10A2B000F8B51F4E337805460C461746A3BB00F091
:10A2C000C5F9FDF76DFA77603472FFF7A5FFFFF768
:10A2D0008BFFFFF771FF174B002D14BF2846184660
:10A2E000FDF77EFE0546E8B9FEF7DAFFFDF76AFEE8
:10A2F00003F042FDFDF7C0FE18B9B8211120FFF7A9
:10A30000ABFF002C0CDB04F01F026409A40004F175
:10A31000604404F5614401239340C4F88031236014
:10A32000012333702846F8BD4FF0FF35FAE700BF30
:10A3300040320020E0C60200074B93F90830002BA2
:10A3400009DB5A09012103F01F03994002F1400380
:10A35000024A42F8231070474032002000E100E03A
:10A36000014B1878704700BF4032002050B1074BB6
:10A3700003F1140253F8041B40F8041B9342F9D173
:10A38000002070476FF01500704700BFF11C0300FC
:10A39000F0B5284D284C294F83B02E780136F6B2FF
:10A3A000D5E84F3F0133DBB2C5E8423F002AF7D181
:10A3B00001236360C4F80021C4F80421EFF3108284
:10A3C00072B6C4F80405236052B962B608E0D4F846
:10A3D00004314BB92B789E4206D13B69DB0613D47E
:10A3E000D4F80031002BF2D0D4F80431002BD4D1B2
:10A3F0002A78B242D1D10322C4F80031C4F8043122
:10A40000C4F8082303B0F0BD0D4B03214FF4804284
:10A41000C4F80413C3F88021D4F80031002BDFD135
:10A42000D4F80431002BDBD1019003F0A3FD019897
:10A43000D6E700BF4932002000E0004000ED00E018
:10A4400000E100E070B51446DA078CB01D46864680
:10A450008C4633D5C36842681BBA0093CB681BBADD
:10A46000049383681BBA019303681BBA03938B6838
:10A4700012BA1BBA029205934A680B6812BA1BBA49
:10A480006E46069207933046FFF782FFAB070DD565
:10A49000DDE90A10DDE9083200BA09BA12BA1BBABE
:10A4A00020606160A260E3600CB070BD08AD0FCDAC
:10A4B00020606160A260E3600CB070BDDEF8041043
:10A4C000DEF80820DEF80C300068EE46AEE80F003B
:10A4D000DCF80000DCF80410DCF80820DCF80C30B4
:10A4E0006E46AEE80F00CEE710B5002482B0CDE98D
:10A4F0000044FFF7A7FF02B010BD00BF1A4B4FF496
:10A50000805270B5C3F88020BFF34F8FBFF36F8FB9
:10A51000164C174D0021C4F80011C3F880212E6994
:10A520002B6943F010032B610123C4F8043306F0B8
:10A5300010062360D4F800319BB11EB92B6923F0BB
:10A5400010032B610123D4F808056360C4F80833B5
:10A550000023C4F80031044B4FF48052C3F880212B
:10A5600070BD03F007FDE5E700E100E000C000403A
:10A5700000ED00E00B4938B5042301EBC302157967
:10A5800005F0FF042DB1013BF7D240216920FFF710
:10A5900063FE41F833000121547194711171D8B2F6
:10A5A00038BD00BF4C320020042808B503D947212C
:10A5B0006920FFF751FE034B03EBC00300221A7121
:10A5C00008BD00BF4C320020042808B503D9502133
:10A5D0006920FFF741FE094B03EBC0000379012B13
:10A5E00001D05121F4E7437982790133DBB29A42F9
:10A5F00018BF4371BDE80840FFF79EBE4C320020F3
:10A6000038B5114D052495F8281005EBC1031A79CA
:10A61000012A09D158799A79904205D05A79D2B253
:10A620009A7155F83130984795F828300133DBB2EC
:10A63000052B04F1FF3428BF002314F0FF0485F834
:10A640002830E0D138BD00BF4C3200204FF080529E
:10A65000034BD2F830111960D2F834215A60704798
:10A6600078320020084B1B68083B082B0AD840F2C0
:10A67000211222FA03F313F0010F044B044818BF10
:10A6800018467047024870477832002000E70140C2
:10A690000C050040144B1B68062B03D0013301D07E
:10A6A00020BF7047EFF3108072B6104A136911692A
:10A6B00041F0100111610E49D1F80021D1F80411C7
:10A6C0000A4303F0100300D040BF20BF00BF00BF0B
:10A6D00000BF00BF23B9054A136923F010031361BB
:10A6E00000B962B6704700BF7832002000ED00E08C
:10A6F00000E100E0914270B53FD2B2FA82F33BB183
:10A70000C3F1200420FA04F49940214398409A4070
:10A71000150CB1FBF5FC05FB1C1E4FEA0E4E030C9D
:10A7200084B20EEB10401FFA82FE0CFB0EF686423E
:10A7300006D9361A964294BF01260226ACEB060CC7
:10A7400003EB01430CFB1233B3FBF5F005FB1033B5
:10A7500004EB034400FB0EFEA6454FEA0C4C09D95E
:10A76000AEEB040E964594BF4FF0010E4FF0020E73
:10A77000A0EB0E0040EA0C0070BD73219620FFF79D
:10A780006BFD00BF2DE9F8431C4652EA040349D093
:10A79000074615460E4684B9914204D2FFF7AAFF38
:10A7A0002146BDE8F88321463046FFF7A3FF044663
:10A7B0002A46384604FB1561F0E74FF00108B4FA69
:10A7C00084F908FA09F3A3FB021220FA08F003FB4C
:10A7D000042240EAC67026FA08F1FFF78BFFC9F1A0
:10A7E0001F0230FA02F34FF0000C08D14046194620
:10A7F000AF42A6413CBF18466146BDE8F8835A1EE9
:10A8000061466CEB0C0C05FB0CFE02FB04EE1846DB
:10A810001346A5FB0228BA1A0EEB080766EB0706DB
:10A820001746E5E7A6219620FFF716FD10F0030F67
:10A83000C9B2034607D0BAB303F8011B13F0030FE4
:10A8400002F1FF32F7D170B5032A01EB012404EBCA
:10A8500004441ED9161FB508032E05F1010521D9A0
:10A860004FEA550E03EBCE0E9C46CCE900440CF1AA
:10A87000080CF445F9D115F0010F04D025F00105BD
:10A8800003EB85052C6026F003060433334402F005
:10A89000030232B1012A197003D0022A597018BF7D
:10A8A000997070BD1D46EDE7704700BF844641EAD0
:10A8B000000313F003037DD1403A51D3F0B4F0C943
:10A8C000F0C0F0C9F0C0F0C9F0C0F0C9F0C0403A23
:10A8D000F5D2F0BC44E0403A42D300BF51F8043B0B
:10A8E00040F8043B51F8043B40F8043B51F8043B6A
:10A8F00040F8043B51F8043B40F8043B51F8043B5A
:10A9000040F8043B51F8043B40F8043B51F8043B49
:10A9100040F8043B51F8043B40F8043B51F8043B39
:10A9200040F8043B51F8043B40F8043B51F8043B29
:10A9300040F8043B51F8043B40F8043B51F8043B19
:10A9400040F8043B51F8043B40F8043B51F8043B09
:10A9500040F8043B51F8043B40F8043B403ABDD278
:10A96000303211D351F8043B40F8043B51F8043B1A
:10A9700040F8043B51F8043B40F8043B51F8043BD9
:10A9800040F8043B103AEDD20C3205D351F8043BA9
:10A9900040F8043B043AF9D2043208D0D2071CBF75
:10A9A00011F8013B00F8013B01D30B88038060469E
:10A9B000704700BF082A14D38B078CD010F0030314
:10A9C00089D0C3F10403D21ADB071CBF11F8013B85
:10A9D00000F8013BFFF47FAF31F8023B20F8023B67
:10A9E00079E7043AD8D3013A11F8013B00F8013B6A
:10A9F000F9D20B7803704B7843708B788370604684
:10AA0000704700BF7DDF000089DF00008DDF0000A0
:10AA100095DF000099DF00007BB972B90029BEBF45
:10AA200000204FF0004106E008BF00281CBF6FF077
:10AA300000414FF0FF3000F057B8ADF1080C6DE960
:10AA400004CE002909DB002B1ADB03F0C1FADDF884
:10AA500004E0DDE9022304B07047404261EB4101AC
:10AA6000002B1BDB03F0B4FADDF804E0DDE9022380
:10AA700004B0404261EB4101524263EB4303704733
:10AA8000524263EB430303F0A3FADDF804E0DDE98F
:10AA9000022304B0404261EB41017047524263EB34
:10AAA000430303F095FADDF804E0DDE9022304B086
:10AAB000524263EB4303704753B94AB9002908BFB8
:10AAC00000281CBF4FF0FF314FF0FF3000F00CB8F2
:10AAD000ADF1080C6DE904CE03F07AFADDF804E07C
:10AAE000DDE9022304B07047704700BF08B5F6F7F0
:10AAF00077FBF8F72BF8F6F789FA002008BDFFF787
:10AB000035BCF7F7B5BF01F030B801F031B801F04E
:10AB100029B810B586B0044601A8FFF727FC022328
:10AB20002370A3709DF804306371BDF80530E38095
:10AB3000DDF80730A36000206070E070207106B07F
:10AB400010BD00F01BBE70B5044602F027FF0128BF
:10AB500005461AD1601C02F028FFB0B1A37963F05A
:10AB60003F03A3710020F8F7DBF8E61D38B110228F
:10AB700000213046FFF75AFE2570002070BD304698
:10AB800002F026FF0028F2D0F6E70025F4E710B522
:10AB9000102204460021FFF749FE04F110031022A1
:10ABA00000211846FFF742FE02F02BFF0020F8F7C5
:10ABB000B7F820B1204602F00BFF002010BD02F0D4
:10ABC000EDFE0028F6D0F8E710B50446FFF796FC36
:10ABD000B0F5007F09DA10F5007F08DD031EB8BF6D
:10ABE00003339B102370002010BD7F23FAE76FF022
:10ABF0007E03F7E78178008800F077BF37B5054618
:10AC00000C4600880DF1060100F0A4FE2B8823807D
:10AC1000BDF80630638003B030BDF7B5044620466A
:10AC2000F8F7C4FC022805462ED004282CD123783E
:10AC30008A2B18D13E20F6F7E7FA78B9E378227923
:10AC400001A943EA02236846ADF8003000F001FF95
:10AC50000028E4D053210820F6F79CF90520F6F7E8
:10AC600017FB0028EAD0204600F013F82678A778D2
:10AC70003046F6F7C9FA0028D1D03E2E04D1384626
:10AC8000F6F706FB0028CAD0284603B0F0BD01F055
:10AC90009ABC10B50378813B04460E2B2FD8DFE811
:10ACA00003F02F3541454F676D08613B71775B2E8F
:10ACB0007D002920F6F7ECFA30B13E2323702223E1
:10ACC00063702923A3701AE00A20F6F7E1FA3E2305
:10ACD000237018B11F2363700A23F3E70123A370C5
:10ACE00013236370E37903F00103E371D4F81A309E
:10ACF000C4F80E30E38B638294F82030237510BDC6
:10AD00003E230370042343701423DBE73E230370C8
:10AD10000A2343700323D5E73E2303700D234370BA
:10AD20000523CFE705232370042307E05A20F6F715
:10AD30006BFA08230028F6D05A2222706370DEE7EF
:10AD40005B20F6F761FA18B15B2323700623F5E761
:10AD5000302323700323F1E73E2303700B2343705A
:10AD60000723AFE73E230370062343700C23A9E7B4
:10AD70001323037083789B000133DFE757230370AD
:10AD80000223DBE73E23037006234370122399E777
:10AD90003E23037009234370132393E7FF230370BB
:10ADA0000D23437080238DE708B510B96FF01500AF
:10ADB00008BDFFF76CFF0028F8D00020F8E710B5B9
:10ADC0000C4648B141B1FFF728FF002820700CBFA6
:10ADD0006FF02200002010BD6FF01500FBE7F8B502
:10ADE000941C0C446343B3F5004FA8BF4FF0FF33EE
:10ADF0000E4610F00301054617469CB203D0B02161
:10AE00001420F6F7C7F8B4F5004F01D9B121F7E7E0
:10AE100014220430FFF70AFDEF746C802E80F8BD19
:10AE200038B50388C48805898B42C4F30E0203D267
:10AE3000D1211420F6F7AEF884EA0503C3F30E031C
:10AE40000BB9AC4206D102F118030122C15282743F
:10AE5000184438BD1846FCE7023101444A43B2F5B4
:10AE6000004FA8BF4FF0FF3290B21B3020F003001C
:10AE7000B0F5004F34BF00B24FF0FF30704740884C
:10AE80001B3020F00300B0F5004F34BF00B24FF08C
:10AE9000FF3080B2704738B503888B4203D2F72168
:10AEA0001420F6F777F8857C65B1C388C3F30E03E9
:10AEB0001833C25A8A4207D3C152811DF6F7F8F9F6
:10AEC00000238374284638BD0025FBE70346F0B510
:10AED0009E88DD88B4B2A54200F11800C6F30E06C4
:10AEE00016D05F89DD7C845B3D4402353544E41B2C
:10AEF00028440D88A4B2A54288BF0C805989B1FAB4
:10AF000081F14FEA511188BF25461170DD81F0BDF6
:10AF100000252846FAE7F8B58288C389002604464A
:10AF20000D4692B20E60CBB1C2F30E0241891832C7
:10AF300087180B44825A9BB29342438104D94FF441
:10AF4000A2711420F6F726F804D1011DF6F7B0F926
:10AF500046812F600023E3810120F8BD1846FCE7FD
:10AF6000838802899BB29A42014602D00831F6F7E3
:10AF70009FB970478388C0889BB2C31A5842584112
:10AF80007047828873B5C48895B2AC42C2F30E0292
:10AF900002F1180212D04189C689835A314499427C
:10AFA0000EDB0DF10601ADF80650F6F781F9BDF89C
:10AFB0000600001B18BF012002B070BD0020FBE797
:10AFC0000120F9E770B5C488068984EA0602C2F355
:10AFD0000E020346C4F30E0518300AB9B4420FD16D
:10AFE0009C891A880CB1465B921B914207DCDA7C83
:10AFF0002C440232224410440A461A8270BD0022B8
:10B000001046FAE7F8B5038A002B38D08B4236D3C6
:10B01000C488858900F11803C4F30E041E1995B97C
:10B020001D55757085891E5B0D44ADB23144858117
:10B030001953D2B1811DF6F73BF900238381002318
:10B0400003820120F8BD1E5BAE4204D04FF4F671BE
:10B050001420F5F79FFFC57C878A264402353544C6
:10B060005E195F53857DB570DCE7C27C25440232F2
:10B070002A4499189B5A83828B788375DFE70020D6
:10B08000E0E78388C2889BB29A4206D0428922B9FF
:10B09000C3F30E0318331844704700207047C37C75
:10B0A0000233C81870470230704738B58388C288A9
:10B0B0009BB29A4207D045892DB9011DF6F7F8F8E1
:10B0C000C581012038BD0020FCE703881380C388B8
:10B0D000C3F30E03183303440B6080897047036881
:10B0E000002223B9C0E90132031D0360704759688B
:10B0F0001B680A44F5E7072970B5034604D84FF4E6
:10B10000EC711520F5F746FF0068C0B144681A6875
:10B110008C42064610D0106860B901F10805AC42B7
:10B120000DD3546850501868651A5418006865604B
:10B13000505002E01346E9E714681C60304670BDC9
:10B140000023C1E9003203680B600160704730B52D
:10B1500090B18478B1FBF4F304FB131300EB4302CA
:10B1600052898A4201D1D8B230BDC27822B900F1E9
:10B170000803D0B2844201D8FF20F5E733F8025F1C
:10B180008D4202F10102F4D1EEE7827803880532A4
:10B190004B4303EB42031844704737B50024CDE915
:10B1A000004405468DF806006846ADF80440F6F701
:10B1B00057FABDF8044008B103B030BD2946204617
:10B1C000F6F72AFA0028EFD040F235211720F5F7DC
:10B1D000E1FE70B50D4609211E46FFF73DFE3246E1
:10B1E000044609212846FFF737FE40EA04031B0402
:10B1F00054BF00194FF0FF3070BD0123037070473A
:10B2000010B5FF238B70C2F380035B00DBB2CA185A
:10B210000124127D032A08BF0133CA18147503F1F3
:10B220000C0401EB8303002221F814205B688A7070
:10B230000360828010BDF8B50C4684F00104640000
:10B24000054611461E46E4B2FF23837003191B7D99
:10B25000012B06D0631CDCB250FA83F31B7D012B5B
:10B260000AD105EB44073B8B3A8C9819904205DDD7
:10B270002C4400233B8323750020F8BD05EB840498
:10B28000324660681844FFF711FB3B8B1E443E8337
:10B290000023AB700120F0E781F00101490010B5F7
:10B2A000C9B2FF23837043181C7D012C07D10C31D8
:10B2B00020F8112002221A750023837010BD01317D
:10B2C000CBB250FA81F10C7D012C05D10C3320F862
:10B2D000132002230B75EFE74FF499710920F5F75E
:10B2E00059FE30B50246837803F0FF00F3B9137DB1
:10B2F000022B19D0537D022B15D10346012089B1B1
:10B30000D5180C3300242C7522F81340131803248D
:10B310001C7502EB80035B680B6000F10C0332F8D4
:10B3200013308B80012030BD0123E8E70020FAE7CD
:10B3300030B50346827802F0FF00E2B99A7D022A16
:10B3400017D0DC7D022C13D1032281B11D190C34DE
:10B350000020287523F8140098180324047503EBC3
:10B3600082000C32406833F8123008608B80012074
:10B3700030BD0324E9E70020FAE7037D012B01D16A
:10B38000008B7047437D012B0CBF408B0020704722
:10B39000837D012B01D1808B7047C37D012B0CBFB6
:10B3A000C08B00207047027D022A01D1008B7047BC
:10B3B000437D022B01D1408B7047032AF6D0032B2B
:10B3C000F9D000207047827D022A01D1808B70471E
:10B3D000C37D022B01D1C08B7047032AF6D0032B0B
:10B3E000F9D000207047F6F72BBAF6F78BBA07B5FD
:10B3F0000023CDE9003301238DF806306846F6F7C7
:10B400002FF908B1002004E0009801F06FFF002838
:10B41000F4D003B05DF804FB1FB50022009240F6A3
:10B42000881303A9FCF712F905B05DF804FB10B509
:10B43000044638B1F7F7B4FB24EA0000B0FA80F014
:10B44000400910BD0120FCE72DE9F0410F46B0F89E
:10B450005E60B0F8605001F028FE0221044600F062
:10B4600080FE02218046204600F07BFE464528BF34
:10B470004646B6B21B2E38BF1B26FB2E28BFFB2626
:10B48000854228BF0546ADB21B2D38BF1B25FB2DBD
:10B4900028BFFB25B4F5A47F38BF4FF4A47440F651
:10B4A00048039C4228BF1C467E80FD80BC803C81B6
:10B4B000BDE8F0812DE9F04186B0054602A900887B
:10B4C00000F073FE0446002870D1029A92F85031C1
:10B4D000D91E4B424B418DF80630136898064ABF7F
:10B4E0009DF80630234683F001038DF8073092F86B
:10B4F00062309B0603D49DF80730002B5CD0EB88AC
:10B500001B3B9BB2E02B59D82989A1F5A4739BB2B0
:10B5100044F24810834251D86B881B3B9BB2E02B0E
:10B520004CD8AA88A2F5A4739BB2834246D840F6B1
:10B530004807B94244D8BA4242D8029E4FF0FF08A9
:10B5400086F823819DF80630A3BB03A906F1A80065
:10B55000FFF77AFF6A88BDF81230BDF81410E8884A
:10B56000934228BF1346A6F82831BDF80E30AA88AA
:10B57000B94228BF3946834228BF0346A6F8243182
:10B58000BDF810302889BB4228BF3B46834228BF04
:10B5900003468A42A6F82631134628BF0B46A6F872
:10B5A0002A3186F82281002386F82331204606B00E
:10B5B000BDE8F0813A24F6E71A24F7E71224F5E70C
:10B5C0001124F3E710B5FFF712FF60B1F6F724FF7F
:10B5D000044601F0CEFF40B9204601F0C6FF80F0DE
:10B5E0000100C0B210BD0120FCE70020FAE70068AE
:10B5F00090F8BA3123B1002380F8BA3101F06ABD66
:10B60000704710B50378012B044601D9122010BDF4
:10B61000FFF7EDFE58B9207810F0FD000DD104F1D0
:10B620001703E21D611CBDE81040F7F7EFBCF7F708
:10B630007FFD0028EFD00C20E9E7A37903F0C003D9
:10B64000C02BE3D10120EAE710B50378012B0446B3
:10B650000DD8FFF7CCFE60B9214611F8010B00F0C0
:10B66000FD00003818BF012000F01EFD38B912207F
:10B6700010BDF7F75DFD0028EED00C20F8E70020A4
:10B68000F6E708B50088F7F759FD00280CBF302011
:10B69000002008BD38B50546FFF7A9FE044638B9B5
:10B6A0002878003818BF0120F7F73CFD204638BD48
:10B6B0000C20FCE708B5FFF79AFE18B9F7F722FD52
:10B6C000002008BDF7F734FD0028F7D00C20F8E77C
:10B6D00008230370002070471122027041F23903E1
:10B6E000C2705922A0F801308280C38000207047C8
:10B6F00008B50821F6F7DAF8002008BD73B506464C
:10B70000008808800C4680B201A900F04EFD054675
:10B7100040B9B3784BB9019B93F91C01A070FAF7BB
:10B720006DFEA070284602B070BD7F20FFF774FE4A
:10B73000F4E710B504466FF07F00FFF76DFEFAF7EF
:10B740005DFE20707F20FFF767FEFAF757FE6070FE
:10B75000002010BD08B50A46072300F11001FEF7CE
:10B76000C3FE002008BD10B5014604460020F7F7CF
:10B77000BDFA08B92060A080002010BD10B50446B5
:10B78000F7F7DEF928B900202146F7F797FA0020ED
:10B7900010BDFFF717FF0028F5D10C20F8E710B512
:10B7A0000446FFF70FFF28B101202146F7F786FA7C
:10B7B000002010BD0C20FCE7FFF77CBE1FB50288FF
:10B7C0000A80838844F290218B4215D840F64801C4
:10B7D0008B42ADF804204288ADF8062028BF0B4606
:10B7E00001A8ADF80830ADF80A20ADF80C30FFF72D
:10B7F00061FE05B05DF804FB1220FAE737B508805A
:10B800000D4601A900F0D1FC044620B90198294653
:10B81000A830FFF719FE204603B030BD10B503462F
:10B820006FF004040020482108221C7058709970A1
:10B83000DA701C7158719971DA7110BD10B5044637
:10B84000FFF7D5FD78B92146E27911F8010B00F038
:10B85000FD00003818BF0120F7F734FD80F001002B
:10B860004000C0B210BDF7F763FC0028EBD00C20FD
:10B87000F8E713B5008808800C4680B201A900F0F3
:10B8800094FCC8B9019B83F8160193F81421012A8E
:10B8900006D0022A04D04FF43F710620F5F77AFB58
:10B8A000A27093F81521012A01D0022AF3D1E27087
:10B8B00093F81621002AE6D102B010BD1FB5044648
:10B8C00003A9008800F071FC38B9A388022B14D8B2
:10B8D000E078FFF7ACFD10B9112004B010BDA078DE
:10B8E000FFF7A5FD0028F7D001230093A388E27895
:10B8F000A17803A800F0ACF9EFE71220EDE737B527
:10B900008378C178027903F0010451EA040503F059
:10B9100002031DD052EA03051AD0002C18BF0021E3
:10B92000002B18BF00228DF80320037842788DF891
:10B93000021043EA0223ADF8003043798279684669
:10B9400043EA0223ADF80430FFF7B8FF03B030BD7F
:10B950001120FBE713B50C4601A900F026FC18B92D
:10B96000019BDB880133238002B010BD07B500883E
:10B9700001A900F033FC30B9019B93F8332112B9CF
:10B98000FF2283F8332103B05DF804FB10B50446B1
:10B99000F7F700F920606160002010BD37B504465C
:10B9A000F6F73AFD23781F2B054618D8816A042242
:10B9B0006846FFF725FC2246A86A12F8013B0021E1
:10B9C000FFF739FC68B1AC6A2046FFF7E1FC0021C3
:10B9D00002462046FFF760FC002003B030BD122075
:10B9E000FBE70720F9E737B50446F6F715FD23789E
:10B9F0001F2B054618D8816A00226846FFF700FC15
:10BA00002246A86A12F8013B0121FFF714FC68B135
:10BA1000AC6A2046FFF7B1FC012102462046FFF741
:10BA20003BFC002003B030BD1220FBE70720F9E704
:10BA300010B5044634F8020B0880002180B2F5F7F7
:10BA4000D5FD20B12146BDE8104001F05DBF0220C8
:10BA500010BD008808B50880002180B2F5F7C6FD4A
:10BA600020B1BDE80840002101F04EBF022008BD12
:10BA700013B5008808800C4680B201A900F095FB40
:10BA800010B9019B9B8F638002B010BD37B503884E
:10BA90000B80044698B2638813B9122003B030BDFE
:10BAA00001A900F082FB0028F8D16588019B42F2D1
:10BAB0001072A9B2D3F8C4405143B3F8DA206243FC
:10BAC000B3F8CC4004FB02229142E6D3D3F8C42061
:10BAD000D3F8C4409442F9D100225A63621E0A444A
:10BAE0009D87B2FBF4F29A63D8E710B50C460021AB
:10BAF000F5F77CFD90B1022C12D804F00102C4F3DA
:10BB0000400480F8BC2180F8BB4112B190F8BA31F2
:10BB10000BB9002010BD01F0DDFAFAE70220F9E7C9
:10BB20001220F7E710B504460078FF280AD001215B
:10BB3000F5F75CFD58B16378A27843EA0223C3832A
:10BB4000002010BDB4F80100F9F710F8F8E7422022
:10BB5000F7E708B50078003818BF0120F8F70AFFAA
:10BB6000002008BD0620F7F709B80820F7F706B847
:10BB700001F0F4BE10B5044604B910BD236898471F
:10BB80006468F9E703680BB9016070471A465B689F
:10BB900013B18A42FAD170478A4218BF5160704788
:10BBA00008B5F9F7EDFBF8F7D7FEBDE80840F9F75F
:10BBB000CFBB08B50020FFF7F0FAF5F7DBFDF7F78C
:10BBC00037F8F6F791FA20B140F243119320F5F7D8
:10BBD000E1F908BD08B5F8F78FFEF9F7A7FB20B12A
:10BBE00040F263119320F5F7D5F9BDE80840012034
:10BBF000FFF7D3BA08B5FFF7EDFF01F071FE20B1F2
:10BC00004FF4BC719320F5F7C5F908BDFCF7C6B930
:10BC10000B46892203F8032BD0F80920C1F8032032
:10BC2000427B1A71704738B50D460446F6F7B8FFE7
:10BC30002B78002B08BF034684F868306B78002B04
:10BC400008BF034684F869306B88A4F86A3038BDB1
:10BC50002DE9F7430468994694F8633094F80F800F
:10BC600043EAD303DB070F46164602D4B8F1250F8B
:10BC700036D16FBBF6F794FF0546BEBBF6F790FFD3
:10BC800045BBB8F1250F2ED100200546FF2384F8CF
:10BC90002D3194F82C3103F0FF08F3B99DF82830CA
:10BCA00084F82F0184F82C3184F82E5101A904F175
:10BCB000A8008DF804708DF80560ADF80690FFF7C8
:10BCC000B2FF002384F82D31404603B0BDE8F08375
:10BCD0003D46D2E70028D4D0D8E74FF03A08F0E745
:10BCE0004FF01A08F0E74FF00908EDE7002DC8D033
:10BCF0003046CBE738B5036893F82C31012B044666
:10BD00000D4602D11E21F6F76DFF2368002083F84F
:10BD10002C0165B1182283F8992008229A7393F8B0
:10BD20004A3093B940F25B41AE20F5F733F9DA7B44
:10BD3000233A072A03D8DD73204600F0F5FD20469C
:10BD40001821BDE8384000F00EBE38BD08B50368C4
:10BD50009A7B22B14FF4E671AE20F5F71BF923224E
:10BD60009A7308BD034610F0010002BFC3F34003FD
:10BD70005B00D8B270472DE9F84F074610461E46C3
:10BD8000FFF7F0FF83460846FFF7ECFF42EA0104A5
:10BD90004BEA04040443E4B2003C0A9D8846924600
:10BDA000814618BF0124F6F7FBFE10EA0A0A18BF05
:10BDB000DA46F6F7F5FE97F8143110EA080118BFD5
:10BDC0004946534508BF4FF0000A85F800A097F890
:10BDD00015318B4208BF002169705AEA01010AD16E
:10BDE000FB88013EF61AB6B247F6FD739E428CBF41
:10BDF000002404F001042046BDE8F88FF7B504687C
:10BE0000E57BA5F12303072B06464FD9002D4BD127
:10BE1000A37B282B4AD04B7813F007033DD08A78B8
:10BE200012F0070239D084F80C31252384F80D2153
:10BE3000E37394F82D31F3B994F82C31012B1AD017
:10BE400094F80C7194F8150194F8101194F81121DC
:10BE5000B4F81231874214D194F80D7194F814019A
:10BE600087420ED1022084F82C0184F82E1184F828
:10BE70002F21A4F83031304600F04CFD284603B0A5
:10BE8000F0BD022000903046FFF7E2FE0028F2D01D
:10BE90004FF46671AE20F5F77DF80978304603B0AF
:10BEA000BDE8F04000F05FBD0125E7E72025E5E7AC
:10BEB0002DE9F04F056895F80EB0ABF12403D3F1EE
:10BEC000000848EB0308052A87B0044670D1EB7BD5
:10BED000262B73D10F358A784F78039207F0070924
:10BEE00002F0070A09F1FF330AF1FF3003EA090300
:10BEF00000EA0A00034366D1B1F80360F6F750FE8A
:10BF0000039A174307F0070787435CD15046FFF7B2
:10BF100029FF2768A8B197F81431984211D097F8F3
:10BF20002E211AEA020F4ED0BBF1240F09D097F848
:10BF30000D211AEA020F04D1022870D1013B012B16
:10BF400071D84846FFF70EFF40B197F8153183428C
:10BF500004D097F82F3119EA030F34D005AB0093C2
:10BF60003846334652464946FFF705FF23680746E1
:10BF700078BB93F82C21012A28D101462046F6F7F8
:10BF800031FE236883F82C712F70236803F10F02B0
:10BF9000954201D10022DA73236803F10F02954222
:10BFA00037D1204600F0C0FC002007B0BDE8F08F7C
:10BFB000414607B0BDE8F04FFFF79CBEBBF1240F30
:10BFC0002BD10E3587E741462046F2E783F82C0156
:10BFD000DBE7DA88A3F86C62013EB61AB6B247F620
:10BFE000FD72964206D9282283F831202046F7F7C1
:10BFF000B1FDD1E7DA7B0C2A02D0093A012A01D837
:10C000002A22F1E7BDF81420A3F86E2228232B7012
:10C01000C2E7002283F84A20C6E70220C5E7012BC9
:10C020008FD0022BCFD04FF4DD710620F4F7B2FF92
:10C0300008B50368DA7B252A05D022B140F2D35136
:10C04000AE20F4F7A7FF2622DA7308BDF6F7F0BD9D
:10C05000704730B542401C7808785D7860404C7875
:10C060006C4020449D788C786C402044DD78CC78FE
:10C070006C4020441D790C795B7949796C402044EF
:10C080004B4018441044B0FA80F0400930BD0246DD
:10C0900000200139C9B2FF2900D17047535C83F0F9
:10C0A00001030344D8B2F4E708B5F6F745FE0828C3
:10C0B00007D0F6F763FE082803D0F6F775FE0120D7
:10C0C00008BD0020FCE708B5F6F736FE082803D0C7
:10C0D000BDE80840F6F752BE08BD08B501F04BFCBC
:10C0E00018B1BDE80840FAF74DBA082008BD014470
:10C0F0000023884203D1B3FA83F04009704710F857
:10C10000012B1343F5E7F8B5D0E9047605460C4654
:10C11000FDF75CF918B952212920F4F73BFFE4B18F
:10C12000D5E90423D21B63EB0603012A73F1000156
:10C130004FF0000113DB6FF001009042994101DAEA
:10C140005C21E9E7631E1344B3FBF4F35C43E41999
:10C1500046F10006C5E904461C462046F8BD0C46DB
:10C16000FBE7022905D13C2808D980100F3880B29E
:10C170007047702802D9C0100E38F8E700207047C9
:10C18000012908B5034605D002290BD0E721292053
:10C19000F4F700FF40F6C41040F2E242002B08BF63
:10C1A000104608BD40F6C410FBE710B50C46002150
:10C1B000F5F71CFA2060B0FA80F04009400010BD8D
:10C1C0000368587BC0B293F830302BB900F0FB0005
:10C1D000003818BF012070470020704710B50C468A
:10C1E000FFF7E3FF38B92046FFF7EAFF80F00100D0
:10C1F0004000C0B210BD0220FCE738B54FF42672F3
:10C2000004460D460021FEF711FB6FF0360284F85C
:10C210006320042284F864206FF03B0284F86520D8
:10C220006F2284F86620032284F86720002284F8B5
:10C2300068206FF07F0284F869202B2284F8622046
:10C24000FE22012384F89E207F22A375E27284F8E7
:10C25000A830A4F8AA5038BDC2B292FAA2F2030ADA
:10C2600093FAA3F31B0E100E40EA0320704770B53B
:10C270000131C9B20530002210F8013F8B4216D3BC
:10C2800010F8054C0023012505FA03F626421CBFD1
:10C2900001F1FF31C9B269B10133082BF4D1013288
:10C2A000D2B2052AE8D19B214620F4F773FEC91AC1
:10C2B000C9B2F4E703EBC200C0B270BD0B6870B541
:10C2C000C0F801300B7903F01F03437100230446CB
:10C2D000C3720546461D15F8010F00F002FB687198
:10C2E000E37AB5421844E072F5D170BD70B581EAC9
:10C2F00011418CB20546C17A032682EA0400FFF799
:10C30000ABFF013E00EB0010221816F0FF0690B2C2
:10C31000F5D144402522B4FBF2F302FB1343C3F3EF
:10C32000C4022A44D8B2567803F00703012202FA65
:10C3300003F31E4207D161432846C1F30741BDE81C
:10C340007040FFF794BF70BDF8B590F821506B1E98
:10C35000242B044603D9E1214620F4F71BFEDAB171
:10C36000807D002843D194F8233094F8221002FBFA
:10C3700001322523B2FBF3F103FB1123DBB204EB03
:10C38000D30284F82330D17D03F007060122B240A6
:10C39000114202D084F82430F8BDB3FBF5F205FB5E
:10C3A0001233013303F0FF0304F11B0111F8012FD5
:10C3B0009A4219D311F8055C0022012606FA02F709
:10C3C0002F4208D0013B13F0FF0304D102EBC0025F
:10C3D00084F82420E0E70132082AEFD10130C0B20E
:10C3E0000528E3D1D721B7E79B1ADBB2F6E7E2884D
:10C3F000096A04F11600FFF779FF84F82400CBE7FF
:10C400000378890123F0400301F040010B430370DE
:10C410007047037803F07F0343EAC113037070474A
:10C420001F2A38B50546144603D9A8212A20F4F757
:10C43000B1FD09300634FEF739FA6C7038BD1F2A99
:10C4400038B50546144603D9CA212A20F4F7A2FDBF
:10C4500009300634FEF72AFA6C7038BD037803F011
:10C460000F03032B02463ED0052B42D1C37F90F829
:10C470002000034392F82100034392F82200034373
:10C4800092F8230000F01F00184333D05378222B7A
:10C490002FD1B2F81930B1B1B3F5506F13D940F6BE
:10C4A00007518B4225D8B2F81B30B3F5FA7F20D262
:10C4B000B2F81D000A3880B240F6764398428CBF2D
:10C4C000002001207047991F89B240F67A408142CE
:10C4D0000FD8917D481E07280BD8994209D2B2F88F
:10C4E00017109942DEE74078A0F10C0358425841FA
:10C4F0007047002070478388A1B1B3F5506F11D900
:10C5000040F6075293421BD8C388B3F5FA7F17D27F
:10C5100000890A3880B240F6764398428CBF0020EA
:10C52000012070479A420BD8B3F5486F08D842787B
:10C53000511E072904D89A4202D242889A42E2E761
:10C54000002070472DE9F3470E4601A9144699468D
:10C55000FFF72BFE054618B9019F2CB901237B7507
:10C56000012002B0BDE8F087D7F8BC8021464046E4
:10C57000FEF756FC824608B90020F2E7F5F766FFA1
:10C580008442F9D851464046FEF789FD7B7DA0F8EC
:10C590000150002B18BF0226494600F8036B2246C3
:10C5A000FEF784F921464046FEF775FC18B9832151
:10C5B0002B20F4F7EFFC01A8FFF719F8019BA3F873
:10C5C000B2517D75CCE74378C3F30111012910B551
:10C5D00002460ED0022915D0047803F00F00131D77
:10C5E0005288022144EA0020FFF7ACFF38B1012055
:10C5F00010BD047803F00F00131D5288F2E7F7F71F
:10C60000A5F8F4E70020F3E71A230B7001234B7021
:10C610008B707047F6F772BF10B521B940F2A921AF
:10C620001020F4F7B7FC4A600B72EFF3108472B677
:10C63000031D0B6042681AB1127A012A08BF036019
:10C6400003681960016004B962B6BDE81040F6F7EE
:10C650009FBF0222F7F768B80322F7F765B80422F4
:10C66000F7F762B80222F7F7A3B88D230B7030F802
:10C67000953CA1F8033030F8573CA1F8053030F86C
:10C68000533CA1F8073030F8553CA1F8093030F898
:10C69000513CA1F80B307047012908B503D10E3089
:10C6A000C00080B208BD022902D10F308000F8E737
:10C6B0004FF40C710620F4F76DFC30B587B00446DA
:10C6C0000D46F5F7C9FE80B334F89E4C6946204606
:10C6D000FFF794F818B1FB212C20F4F75BFCBDF8B0
:10C6E0000630ADF80E30BDF80830ADF81030BDF8AA
:10C6F0000230ADF8123003A8BDF80430ADF80C409C
:10C70000ADF81430FFF758F810B14FF48271E3E739
:10C71000ADF80C009DF80C30002063F307009DF885
:10C720000D3063F30F2007B030BD2B468E2203F887
:10C73000032BD4F80920C5F80320D4F80D205A6043
:10C74000B4F811201A810423ADF80C30E2E74068F8
:10C750007047C08A704710B58A880B89CC88498891
:10C76000A0F85410A0F85840A0F85620A0F85A306D
:10C7700010BD8383BDF8003001834283C3837047BB
:10C78000034670B5B3F84C10B3F85820B3F85A40CC
:10C79000B3F84850B0F84260B0F84600914228BF64
:10C7A0001146B3F85020A3F84210A24228BF2246F7
:10C7B000B3F84A40A3F84620944238BF14468D424D
:10C7C00038BF0D468E42A3F84850A3F84A4021D105
:10C7D000801A18BF0120B3F84E10B3F85420B3F8F4
:10C7E0005660B3F84050B3F84440914228BF114618
:10C7F000B3F85220A3F84010B24228BF32468D420F
:10C80000A3F8442008D1944218BF40F0010000F082
:10C81000010070BD0120DEE70120F8E738B5C58BC7
:10C82000438C04469D42007A28BF1D46FFF734FF23
:10C830006389AB4228BF2B46984238BF184680B266
:10C8400038BD2DE9F04106460F46808919469846C5
:10C850001446FFF721FF414605463046FFF7DEFF4D
:10C86000854228BF05469DF81810B08AFFF714FFCF
:10C87000F38A834228BF0346ADB2A01D15FA83F3A5
:10C8800038441844BDE8F08107B590F86D30009346
:10C8900090F86C30002296213430FFF7D2FF03B0BD
:10C8A0005DF804FB38B50D4619461446FFF7ECFF5A
:10C8B00096342044A84294BF281A002038BD38B5C9
:10C8C0000D4611460446FFF7DFFF2844A06338BD3C
:10C8D00001F19C0383423DBF9C38401A4008002070
:10C8E000704700F05503400800F05500034403F082
:10C8F00033009B0803F03303034403F00F0000EB05
:10C9000013107047036800229A7383F84A20A3F833
:10C910004620704703680022A3F84E2093F8502069
:10C92000013283F85020704708B5026892F8503001
:10C93000013B5BB2002B82F8503003DA52214A20CF
:10C94000F4F728FB08BDA0F10903042B09D9A0F1D5
:10C950004603012B05D9233807288CBF002001206E
:10C960007047012070470268136810B513F008047F
:10C9700008D143F00803136082F89810FFF7CAFF4C
:10C98000204610BD0120FCE730F8023CF7B5B0F8B6
:10C99000827005460E4673B1012268468DF800206C
:10C9A000ADF80170ADF80330F5F7EAFD18B1952147
:10C9B0006320F4F7EFFA832300243370B470A6F8F1
:10C9C00003706B7AD5F898007371FEF7D3FA08B943
:10C9D000BA21EDE721463846F4F71EFE4FF4017305
:10C9E00003F00402204662F307001B0A63F30F20E2
:10C9F00003B0F0BD03681A7C063A012A81BF4A7869
:10CA00005A7406221A74002070470268137C063B91
:10CA1000012B84BF07231374704770B50268D57B60
:10CA2000E5B9CB88D688A2F86C32013B9B1B9BB240
:10CA300047F6FD76B34206D9282382F83130F7F75E
:10CA400089F8284670BDD1F80130C2F86E324B79B2
:10CA500082F8723203680922DA73F2E70125F0E7FF
:10CA60000B46822203F8032BD0F80920C1F80320DB
:10CA7000D0F80D205A60427C1A720023CB707047A8
:10CA800070B50368DD7B06460C46002D3CD10622BE
:10CA900029462046FFF72FFD28B921783046BDE80A
:10CAA0007040FFF760BF32686389D188A2F86C32AA
:10CAB000013B5B1A9BB247F6FD718B4207D92823D5
:10CAC00082F831303046F7F745F8284670BDA38824
:10CAD00040F2E2414B43C2F874326378C3EB431037
:10CAE00003EB800303EB83035B00A2F86E326388E1
:10CAF0004B43C2F87032E388A2F878322389A2F857
:10CB00007A320C23D373E0E70125DEE70B4684225B
:10CB100003F8022BD0F80920C1F80220D0F80D202C
:10CB20005A6070470B46852203F8022BD0F8092083
:10CB3000C1F80220B0F80D209A80704738B503681C
:10CB4000DC7B054634B1103C0F2C8CBF012408243B
:10CB5000204638BD1B7D002BFAD0FFF7DBFE2B688B
:10CB60001022DA73F4E708B50368DA7B152A04D0DB
:10CB700040F253211F20F4F70DFA012283F85120CF
:10CB80001722DA7308BD0368DA7B112A03BF122269
:10CB90000020DA730220704710B50368DB7B1B2B83
:10CBA000044606D1FFF7C0FE23681F22DA73002077
:10CBB00010BD0220FCE708B50368DA7B102A04D018
:10CBC00040F27E211F20F4F7E5F9012283F851207D
:10CBD0001122DA7308BD08B50368DA7B172A04D07E
:10CBE00040F28A211F20F4F7D5F91B22DA7308BD21
:10CBF0003E230B700C234B7004238B70D0F809304C
:10CC0000C1F80330D0F80D30C1F80730B0F811305A
:10CC1000A1F80B30C37C4B73704708B503689A7B4F
:10CC20001AB1CF211C20F4F7B5F904229A7308BD7C
:10CC3000026808B51368D90703D4DD211C20F4F776
:10CC4000A9F923F001031360BDE80840FFF76CBEAB
:10CC500087230B7030F88C3C4B80704703689A7BBD
:10CC60000E2A01BF002283F83E2083F84A209A73DF
:10CC70000020704738B505682B6813F0040407D10D
:10CC8000FFF748FE2B6843F004032B60204638BDB5
:10CC90000120FCE70268136823F004031360FFF728
:10CCA00043BE08B503689A7B1AB172214B20F4F792
:10CCB00071F90E229A7308BD10B5D0E90D42A24257
:10CCC00006D38B8C498E05334B43121B934202D300
:10CCD000012380F83E3010BD0C230B7008234B70ED
:10CCE00000238B70B0F85630A1F80330437A4B71B3
:10CCF0004389CB8083890B81704710B5046894F811
:10CD000053309A070CD4A37B1BB177214020F4F752
:10CD100041F90122A27384F84A20A4F8463010BDDC
:10CD200023689B0705D5FFF7FFFD236823F0020367
:10CD30002360002384F83231F1E710B50B794C7988
:10CD40000A68012843EA042108BF41F480311046F3
:10CD500010BD07B5FFF7F1FF0DF10702F7F728F94E
:10CD600003B05DF804FB07B5002301A80193FAF7AF
:10CD70003DFC019810F0030018BF012003B05DF8DE
:10CD800004FB08B5FFF7EFFF002814BF14200020B4
:10CD900008BD08B503689A7B1AB12621A320F4F7D1
:10CDA000F9F820229A7308BDF7B50568AB7B203BE4
:10CDB000022B06460C462BD8B1F805101A2921D9AA
:10CDC000B4F80730B3F5A47F1CD3B4F801201A2AB5
:10CDD00018D9B4F80300B0F5A47F13D3009005F17F
:10CDE000A80405F1DC00FFF7C4FC20463768FFF714
:10CDF000C7FC18B107F23F10F6F7FCFC30680621BB
:10CE0000F7F7CCFD002085F84A00A87303B0F0BD09
:10CE10000120FBE702681368D90610B5044603D465
:10CE2000B821A320F4F7B6F8990601D5B921F8E79F
:10CE300023F010031360FFF777FD20680621BDE89B
:10CE40001040F7F7ABBD10B5FAF786F90446FFF7C7
:10CE500098FF04F55F43BE304FF47A724133B3FB61
:10CE6000F2F3184410BD10B5044690F86D00FFF7BA
:10CE7000EAFF012201462046BDE81040FFF71FBD32
:10CE80007FB5044618B9A5213020F4F783F80529A9
:10CE900000F2B580DFE801F003AE2A25B3A990F8CF
:10CEA0000032C288A3B1B0F8FE31934208BFB0F897
:10CEB000B4319A1AA0F8B621E380D4E99023204631
:10CEC000C4E99223F8F75CFE94F84C3004B070BDCE
:10CED000B0F8FC319B1AA0F8B631B0F8FC319BB227
:10CEE000EAE704B0BDE87040FAF786B8FBF7D6F879
:10CEF000D4E99223801A61EB0301012871F1000348
:10CF000002DA40F20161BFE76FF0010383424FF0A4
:10CF100000038B4102DA40F20261B5E7D4F8C43075
:10CF20000BB1B0FBF3F3E17BB4F8FE210C2931D156
:10CF30000132A4F8FE21B4F86232E5880133A4F886
:10CF40006232B4F842301D44B4F84030013DED1A6D
:10CF5000ADB203AEB4F8FE116B1A180434D400233A
:10CF600000961A462046F7F7CBF80128AED1B4F860
:10CF7000FE21B4F8B011BDF80C301344521A12045B
:10CF80009BB204D5EA1A12F4004F18BF0B46A4F85E
:10CF9000FE31DFE7E1880B449BB2D11A0D044DBF8F
:10CFA0000133013293B29BB2A4F8FE3194F80132FE
:10CFB000002BC0D1B4F8B431B4F8FE21934204BFC1
:10CFC0000133A4F8FE31B6E7A37C0394002B14BF11
:10CFD00008233E23304684F83130F6F7BBFD204667
:10CFE00000F087FC0023637370E704B0BDE8704075
:10CFF000FEF7FBB9437B042BF4D0C62144E7CB21D9
:10D0000042E713B500234373A0F860321A46009339
:10D0100019460446F7F774F820B140F2E7113020C2
:10D02000F3F7B8FF01236373C4F8E801C4F8E00123
:10D03000A4F8FE01A4F8FC0184F80102E388A4F836
:10D040006202013BE38002B010BDD0F8E8007047F7
:10D0500038B5044690F828319BB1FF2380F8303171
:10D06000012100F09FFA94F8283153B104F1C00572
:10D070002846FBF7CBF82846FBF7DCF8002384F8BA
:10D080002831002038BD08B590F8302142B990F819
:10D09000EC2042B1D0E93C31994202D9F8F7B4FA18
:10D0A0000022104608BD0122FBE710B50446FFF739
:10D0B00068FEE269636B9A4228BF1A4600F5C171A7
:10D0C0001046FFF705FC40F64803984228BF184673
:10D0D00080B210BD7FB5044690F84C3003F0FF05D8
:10D0E000002B58D1437B032B55D1FAF7D7FFD4E956
:10D0F0009223801A61EB0301012871F100034ADBDE
:10D100006FF00103834275EB010104DA40F2AA518A
:10D110003020F3F73FFFD4F8C420E3880AB1B0FB16
:10D12000F2F2013313449BB2A4F8FC31B4F8FC21B1
:10D13000B4F8B4319B1A1BB2002B2CDD04F502703D
:10D14000FBF764F838B3FF2384F80132B4F84230B7
:10D15000E5881D44B4F84030013DED1AADB20DF143
:10D160000E06B4F8FC31EB1A1B0414D4B4F8FC110D
:10D1700000960023012289B22046F6F7C1FF01285C
:10D1800009D1B4F8FC31BDF80E2012FA83F39BB23A
:10D19000A4F8FC31E5E704B070BD2DE970430C46FE
:10D1A0001546E2B9F9F760FCD4E94689064684F8E9
:10D1B000EC5084F82851D4F8E800F6F7EDF8D4F8EC
:10D1C000E800C0E99289C0E99689C0F86462FFF777
:10D1D00018FFF9F7DBFDBDE87043FCF769B840F2D2
:10D1E000C3713020F3F7D6FE70B5044621B1012992
:10D1F00078D040F2D37172E000F007F994F8293149
:10D2000005460E46DBB150EA010318D0D4E93E32A0
:10D21000D4E94601C01A61EB020133462A46FDF704
:10D22000B1FA05FB01F300FB0633A5FB0002134432
:10D23000D4E93E21121843EB0103C4E93E23E08BFD
:10D2400030B1F6F7F1FAE38BB0FBF3F202FB130017
:10D25000D4E93E32ED1846EB02062D184FF00003DC
:10D2600046F1000640F20242C4E93E56C4E9465681
:10D2700084F80831A4F8102184F8293194F8303169
:10D2800003F0FF01DBB9D4E948026FF000439A4292
:10D2900008BFB0F1FF3F18D02046D4E9465600F051
:10D2A000A9F8D4E94832E5305B1B62EB06021B1A91
:10D2B00062F10002002A08DA2046F8F7A5F9F9F72A
:10D2C00065FDBDE87040FBF7F3BF04F5847104F120
:10D2D000C000FCF707F80028F1D14FF4E0613020DE
:10D2E000F3F758FE002380F8EC30E8E790F82801C7
:10D2F000003818BF012070470B468C2203F8032B1F
:10D30000D0F80920C1F80320D0F80D205A607047EA
:10D3100038B50B46882203F8032B0C4600F10902AE
:10D32000293052F8041B43F8041B8242F9D11278C9
:10D330001A70A5880123A37100212846F4F756F935
:10D3400058B1E3784BB100212846F4F765F920B1D4
:10D3500040F233212D20F3F71DFE38BD0121F7F7F0
:10D36000E7BEFFF7FBBF90F872300BB101207047AA
:10D3700090F8AA2002F0FF03002AF7D190F89C2031
:10D380001846704737B504460D464FF49C7200218D
:10D39000FDF74CFAFF2323701323638042F21073CE
:10D3A000E383F4F71FFA00220146A0626846FDF706
:10D3B00027FFA06A00220121FDF76EFFA16A6846DF
:10D3C0000422FDF71DFF0022A06A1146FDF764FF4D
:10D3D00004F12000A57403B0BDE8304000F019B995
:10D3E000FF23886A0B70FDF708BF0078FF3818BF6D
:10D3F0000120704710B50446203000F060F96188C4
:10D400002822F8F733F96D3010BDD0E902017047DA
:10D410002DE9F04F07460C4606460FCF8FB006ADFC
:10D420000FC597E80F000DF1100885E80F00404682
:10D4300000F0EFF8677894F8149094F80AA094F844
:10D4400000B007F07F05B9F1010F2F4607D0B9F101
:10D45000020F04D040F212310620F3F79BFD617AEF
:10D46000404600F0DDF8237D227F022B08BF617D5E
:10D4700002F1010206BF0131C9B20121D2B2404618
:10D4800000F0D0F815F0080360D14046019300F099
:10D4900016F928223946F8F7E9F8E578019B00F5F6
:10D4A0002472207945EA0025607940F2712145EA2D
:10D4B00000454D43B2FBF1F24A43AA420AD9E07952
:10D4C000A57945EA0025207A45EA00454D43954275
:10D4D00028BF1546227E0393531E5A425A41A17C0F
:10D4E000B06A02910192FDF75EFFB06AFDF76BFF33
:10D4F000039B019A02998DF818B0ADF81A7008953F
:10D500008DF828208DF82B108DF82CA08DF81C900C
:10D51000099306AF0FCF35460FC597E80F0085E892
:10D520000F0098E803003062B184E37A03F0FD0352
:10D53000003B18BF012386F84F30E3683365238A28
:10D54000A6F8543000200FB0BDE8F08F00252B4620
:10D55000C0E74FF40043C38443881D2B08BF00215C
:10D560004174704790F912007047408800F0010044
:10D5700070478078C0F3400070478078C0F3C000E7
:10D58000704790F84830816181F8B330D0F8493065
:10D59000C1F8B430B0F84D30A1F8B83070477047DA
:10D5A000F7F734BB80F8681070478278034612F0B2
:10D5B000010002D0D978C90710D5900702D5D978D3
:10D5C00089070AD512F0040008D0D878C0F380008B
:10D5D00080F001008000C0B2704702207047C0F3A5
:10D5E0004002C0F38003134400F001001844704768
:10D5F000022808B507D0042807D0012807D0392110
:10D600002E20F3F7C7FC262008BD2720FCE72520A5
:10D61000FAE70023C0F8023001234370037070471B
:10D620008170704710B54270017080781446FFF722
:10D63000D6FF10FB01F010FB04F2FE2A03DD5C2193
:10D640002E20F3F7A7FC10BD0023C37043710371B4
:10D65000704710B50446FFF7A8FF6379627801337D
:10D66000DBB29A4263710FD1E378A1780343DBB256
:10D670009942E37008BF23794FF0000208BF0133DD
:10D68000627104BFE2702371BDE81040FFF7B0BFC4
:10D6900038B501468078FFF7A2FF0446C8784D7878
:10D6A000FFF79DFF0A790B789B1A13FB05F34A7964
:10D6B00013FB04F39B1A00FB1530C0B238BD08B54C
:10D6C00001468078FFF78BFF4B780A7813FB02F353
:10D6D00013FB00F0C0B208BD40F2EF20704740F2EB
:10D6E0005A335843704738B513680E3814460D4600
:10D6F0009A7B09283ED8DFE800F0053D3D3D0F3D0F
:10D70000183D3D27042A05D12046FFF7FBF82046A7
:10D71000F6F78EFB002038BD0E2AFBD100222046F2
:10D720001146BDE83840FFF799BA202AF2D12046C9
:10D73000FFF7E8F8002DEDD0226892F8623023F070
:10D74000200382F86230E5E7DA7B262AE2D1002561
:10D75000DD732046FFF7E8F8236893F82C31012B9E
:10D7600003D129462046F5F73DFA2368002283F8C5
:10D770002C21CFE740F262213120F3F70BFC08B5F2
:10D780000368DA7B172A04D040F27E513120F3F788
:10D7900001FC1D22DA7308BD08B590F89E30FE2BFF
:10D7A00004D040F66F113120F3F7F4FB002380F82A
:10D7B0009E1080F89F3012B9A0F84E2008BDA0F846
:10D7C0004630012380F84A30F8E708B50368DA7B71
:10D7D000342A05D10022DA73BDE80840FFF7A4B867
:10D7E000172A02D11D22DA7308BD40F2935131206D
:10D7F000F3F7D0FB08B503689A7B082A0AD193F89F
:10D80000991093F8A020914204D100229A7383F8D2
:10D810004A2008BD1A68110706D522F008021A60CE
:10D82000BDE80840FFF780B84FF4AF613120F3F74F
:10D83000B1FB037D63B9C37BA3F10F02032A07D9B0
:10D8400090F8520028B11F2B8CBF00200120704798
:10D8500001207047024600684978837B202B13D053
:10D860000AD8042B12D00E2B12D0C37B262B0CBF50
:10D870001720FE20F8F7B8B82A2B03D02C2B09D09C
:10D88000242BF2D11620F5E71420F3E70E20F1E760
:10D890001220EFE72320EDE7024600680B4690F8E0
:10D8A000621041F0040180F8621099785878F8F716
:10D8B0009BB838B50C460546D1E92F01F3F746FF72
:10D8C000637B3BB104F502742046FAF79FFC2046C7
:10D8D000FAF7B0FC28460221BDE83840F3F79CBEB9
:10D8E0000020704708B5F5F7E9FFBDE80840F6F7F6
:10D8F00097B90022C281827490F84C3013B1022192
:10D90000F7F74CB80321FBE738B504460846E37B3C
:10D9100003F0FD0394F8682212B10C25284638BDA7
:10D92000152BFAD194F8843203F0FF05002BF4D1C3
:10D9300091B194F8D63123B940F66C313120F3F728
:10D9400029FB052304F1800204F5E371FCF7CCFD0B
:10D95000012384F86832E1E70223FAE7F6F722B8F8
:10D9600008B5F9F74FF8F8F73BFEF8F793FDBDE877
:10D970000840F9F755BC10B5C824F8F7EBFD0228AC
:10D9800008D1013C14F0FF04F7D10620F5F7ECFEB6
:10D99000204610BD431E58425841FAE74FF08053CD
:10D9A000D3F8A00000F0010070474FF08053D3F887
:10D9B000A420D3F8A830511C9BB203D14FF6FF71BD
:10D9C0008B4203D0026083800120704700207047A3
:10D9D0004FF0805330B5D3F89050D3F89440D3F83B
:10D9E0009810D3F89C2005EA04030B401340013340
:10D9F0001FBF056044608160C2600CBF0020012031
:10DA000030BD4FF0805330B5D3F88050D3F8844008
:10DA1000D3F88810D3F88C2005EA04030B40134098
:10DA200001331FBF056044608160C2600CBF0020ED
:10DA3000012030BD10B5F9F71FF80446FAF77CFC59
:10DA4000201841F1000110BD38B504461546F8F71D
:10DA500055FE2A4601462046BDE83840F9F732B95E
:10DA600010B504460846F9F777FB4FF47A73B0FB1C
:10DA7000F3F0201A10BD10B504460846F9F76CFB08
:10DA8000023C00F2E7334FF47A72B3FBF2F3E01A90
:10DA900010BD08B5FCF7DAFDBDE80840F9F780BE17
:10DAA000801A00F3070038B540B20D4659B214464B
:10DAB000F9F766FE002328706B70204440B238BD31
:10DAC0000023036070477047002070474FF0FF301D
:10DAD00070474FF0FF30704770474FF0FF3070478E
:10DAE00000207047002070470023037070479DF8A6
:10DAF00000300022FFF7D4BF4FF0FF307047002006
:10DB000070474FF0FF3070474FF0FF30704770475D
:10DB1000C0B208B520B94FF0804301221A6008BD99
:10DB20004D21B520FCF798FB0020F9F791BE4FF08E
:10DB30008043D3F8080400F0010070474FF08043A1
:10DB4000D3F8140400F0010070474FF08043D3F87D
:10DB50001C0400F0030070474FF08042D2F81834E4
:10DB6000D2F81824C3F3004302F00302824214BF28
:10DB7000002003F0010070470020F9F7DFBE00200D
:10DB8000F9F70ABF0020F9F763BE08B500230B853B
:10DB900081F82A300B6A0921984728B103781BB114
:10DBA000E9216A20FCF758FB08BD436A1944416229
:10DBB000A1F15000FAF774BAF8B5044620B940F262
:10DBC000AD116A20FCF748FB90F85850052900F287
:10DBD000CA80DFE801F003834668727C90F82A303F
:10DBE000033B012B02D94FF4DC71EAE7052380F8EF
:10DBF0002A30002380F859300378EBB12378012BC9
:10DC000027D1FBF703FC94F8286063686362C4E9DA
:10DC100006010EBBFAF750FA31462046FFF7C5FF62
:10DC2000236A31462846984701462046FCF7D0F93A
:10DC3000022840F09B80F8BDFAF730FA06460F46FE
:10DC4000FBF7E4FB1F3647F1000786428F41F3D311
:10DC5000D4E7D4E90401D6E72046BDE8F840FCF754
:10DC600083B990F82A30DA1E012A02D940F2ED1168
:10DC7000A7E790F828202AB121462846BDE8F840B9
:10DC8000FFF783BF042B18BF012180F82A10036A15
:10DC90000521284698470028CDD00378002BCAD00C
:10DCA0004FF400718DE790F82A30052B02D040F236
:10DCB000062186E7036A0221B4E790F82A30052B93
:10DCC00002D04FF403717CE7036A0121AAE790F8C0
:10DCD0002A30052BC0D040F2122172E790F82A308A
:10DCE000052B07D090F829200AB1032B02D040F26F
:10DCF000172166E794F82820002ABDD194F85930FE
:10DD000083B1022384F82A3084F85920236A082139
:10DD10002846984700288ED00378002B8BD040F2FD
:10DD200023214EE794F8292062B184F82930214656
:10DD300004F13000FBF7D6FA00287FF47CAF4FF4F3
:10DD40000A713EE7022384F82A300721236A284615
:10DD5000984700283FF46FAF0378002B3FF46BAF78
:10DD600040F22F212DE74FF40D712AE70128236A95
:10DD70000CBF0421032155E770B5FCF7E3F900243B
:10DD800005462646E0B2854200D870BDFCF7E0F9B2
:10DD90000134068580F82A60F4E7F8B504460D469C
:10DDA000FCF7D0F900270646F8B2864204D8082DC1
:10DDB0000CD96FF0150008E0FCF7CAF990F82A308A
:10DDC0000137002BF0D04FF0FF30F8BD2CB12946C1
:10DDD0002046BDE8F840FCF7C7B921462046F8E7E1
:10DDE00010B50446FCF7B4F9014688B190F8283024
:10DDF0008BB990F82A3073B1013B012B04D820462F
:10DE0000FFF7C3FE002010BD012380F82830F9E79A
:10DE10006FF00100F7E76FF02200F4E770B50D46F0
:10DE2000FCF796F9044600284CD090F82A60731E3F
:10DE3000012B4DD8002D48D02846FCF769F8002862
:10DE400043D02B780BBB012323702B796A79003BDD
:10DE500018BF0123002A14BF042202222272AA68DA
:10DE60006F3243F004036260EA6822616372032345
:10DE700084F82A30214604F13000FBF733FA50BB16
:10DE800040F2C1216A20FCF7E7F9022E20D10023DD
:10DE900023702B796A79003B18BF0123002A18BF31
:10DEA00004262672EA6843F004036F3263726260EC
:10DEB000D4E90632A9685B1842EBE172C4E9043286
:10DEC0000423D5E76FF0010070BD6FF01500FBE78C
:10DED0006FF02200F8E70020F6E7F8B50379044672
:10DEE0001BB11B219D20FCF7B7F94679017126B9BA
:10DEF00001234371217909B96171F8BD2768267141
:10DF00002046B84702280546F4D103212046B847E9
:10DF100008B12F21E6E723682946204698470028C4
:10DF2000E8D03021DEE70346006800B97047884238
:10DF3000F9D102681A6070470346002018707047D4
:10DF4000EFF3108272B603780121DBB2017002B9DF
:10DF500062B6012B0CBF6FF0220000207047EFF378
:10DF6000108372B60022027003B962B600207047B7
:10DF7000FCF746BBFCF78EBBFCF78CBB00280CBF44
:10DF80006FF01500002070470020704707230370D2
:10DF900000207047002070470020704710F8012BC8
:10DFA00011F8013B012A28BF9A42F7D0D01A7047D6
:10DFB000034611F8012B03F8012B002AF9D1704711
:10DFC000034613F8012B002AFBD1181A01387047B9
:10DFD0002DE9F0478C468E46089E154604461946A4
:10DFE000002B40F0D080724547D9B2FA82F74FB18A
:10DFF000C7F120030EFA07FC20FA03F3BD4043EA01
:10E000000C0CBC404FEA154EA8B2BCFBFEF8230C2A
:10E010000EFB18CC08FB00F943EA0C43994528D9BC
:10E02000EB1808F1FF3204D2994502D9A8F1020297
:10E030002B44A3EB0903A4B2B3FBFEFC0EFB1C3381
:10E040000CFB00F044EA0344A04214D92C190CF153
:10E05000FF3304D2A04202D9ACF102032C44241AAB
:10E0600043EA02401EB1FC40002334607360BDE807
:10E07000F0874246DDE76346F1E7002A79D0B2FA3D
:10E0800082F3002B3FD01946C1F1200302FA01F5BB
:10E090002EFA03F20EFA01FE20FA03F343EA0E030E
:10E0A0004FEA154E00FA01F4B2FBFEFCAFB20EFBD4
:10E0B0001C201A0C0CFB07F842EA004290455AD982
:10E0C000AA180CF1FF3004D2904502D9ACF102003D
:10E0D0002A44A2EB08029BB2B2FBFEFC0EFB1C2200
:10E0E0000CFB07F743EA02439F4246D9EB180CF1B9
:10E0F000FF3204D29F4202D9ACF102022B44DB1B57
:10E1000042EA004202E0AEEB020301224FEA154E62
:10E11000AFB2B3FBFEFC200C0EFB1C330CFB07F86C
:10E1200040EA034398452AD9EB180CF1FF3004D29A
:10E13000984502D9ACF102002B44A3EB0803A4B22A
:10E14000B3FBFEFC0EFB1C330CFB07F744EA034455
:10E15000A74216D92C190CF1FF3304D2A74202D9D9
:10E16000ACF102032C44E41B43EA00400F46114685
:10E1700078E71F2188E76046ABE76246BFE7604665
:10E18000DBE76346EFE7734506D916B90021084679
:10E190006DE7C6E9000EF9E7B3FA83F787B973456F
:10E1A00001D3824207D8841A6EEB030301209C46F8
:10E1B0001EB900215BE73846FAE7C6E9004CF8E7EC
:10E1C000C7F1200CBB4022FA0CF51D4320FA0CF1DC
:10E1D0002EFA0CF30EFA07FE41EA0E014FEA15493A
:10E1E00000FA07F4B3FBF9F81FFA85FE09FB1830B3
:10E1F0000B0C08FB0EFA43EA00439A4502FA07F2B9
:10E2000040D9EB1808F1FF3004D29A4502D9A8F1A1
:10E2100002002B44A3EB0A0389B2B3FBF9F809FB14
:10E22000183308FB0EFE41EA03418E452CD96918CC
:10E2300008F1FF3304D28E4502D9A8F10203294424
:10E2400043EA0040A0FB0298A1EB0E014145CE46F7
:10E25000434602D306D14C4504D2B9EB020E68EB1B
:10E2600005030138002EA4D0B4EB0E0261EB0301CC
:10E2700001FA0CFC22FA07F34CEA0303F940C6E961
:10E28000003196E74046C5E74346D9E70000000065
:10E29000F0B5002285B0114602AF40F6034007F00A
:10E2A000C1FE044600285BD107F052FC21463A1D0E
:10E2B00041F2030007F0B6FE0446002850D17A6808
:10E2C000294DD168D1F80100D1F8051005F1780386
:10E2D00003C3104606F0E6FB21463A1D41F2010059
:10E2E00007F0A0FE044600283AD17868C3685A783F
:10E2F00085F870205A88A5F872201A7985F871205F
:10E30000B3F80720A5F87420B3F80530A5F87630E7
:10E3100006F0C8FB21463A1D41F2020007F082FEDA
:10E320000446E8B9D7F804C0DCF80C2005F18006F3
:10E33000531C413218685968344603C40833934269
:10E340002646F7D1604606F0ADFB95F87C305A06BC
:10E3500010D4064A0648012119F083F86FF0120420
:10E3600020460C37BD46F0BD40210020A0FE020033
:10E37000BCC202003A1D002142F2030007F052FE27
:10E3800004460028ECD17A68A94BD168D1F8010085
:10E39000D1F8051003C3104606F084FB21463A1D50
:10E3A00042F2020007F03EFE04460028D8D17E6803
:10E3B000F468B4F801309AB292B1E27882B1A5F86B
:10E3C000FC30E378032B06D00322009299489A4A46
:10E3D000022118F0DEFBE278984811461CF03DFA65
:10E3E000304606F05FFB95F87C601F2316F0200690
:10E3F000A5F8103119D14FF0FF304FF0FF3107F081
:10E40000CFFB0446002800F0BE8102210C3018F03A
:10E410009AFE0123037046702146324640F66D4055
:10E4200007F000FE044600289AD195F89C301B079F
:10E4300012D53A1D002142F21C0007F0F3FD0446FC
:10E4400000288DD17868C368D3F80120D3F805304F
:10E45000C5E9382306F026FB95F8D8309E0623D56B
:10E46000B91C384607F086FE044600287FF478AFD2
:10E470004FF0FF304FF0FF3107F092FB06460028C7
:10E4800000F0818104210C3018F05DFE3B88038090
:10E490007B8843802246314642F2240007F0C2FDC9
:10E4A000044600287FF45CAF95F8D8305C0610D5A0
:10E4B0003A1D002142F22A0007F0B4FD044600286C
:10E4C0007FF44EAF7868C3685B7885F8123106F048
:10E4D000E9FA4FF0FF304FF0FF3107F061FB0646DD
:10E4E000002800F0508108210C3018F02CFE95F81F
:10E4F000D84014F0400F40F20223024608BF032325
:10E50000A0074CBF43F02C0343F00C03A10695F881
:10E51000D91048BF43F0400311F0090F18BF43F46E
:10E52000006304F0010443EA0410002118F0D5FF51
:10E530000022314642F2010007F074FD0446002833
:10E540007FF40EAF95F87C30B5F8FC1098065CD4DB
:10E55000C9B93A1D41F2050007F064FD04460028E0
:10E560007FF4FEAEB5F8FC307C684BB9E368B3F8D5
:10E570000120A5F8FC209A88304811461CF06DF95E
:10E58000204606F08FFA4FF0FF304FF0FF3107F0D2
:10E5900007FB0446002800F0F68008210C3018F034
:10E5A000D2FD95F8D830D907024638D424484FF028
:10E5B000005118F092FF2146002240F6014007F07A
:10E5C00031FD044600287FF4CBAE01463A1D4FF6DC
:10E5D000014007F027FD002838D01A4A15480221CB
:10E5E00018F03FFFEB79002B40F0BD8019F059F98E
:10E5F000044600287FF4B4AE0AF06EF90446002801
:10E600007FF4AEAE07F098FCAAE60029BBD10E4A13
:10E610000848012118F025FF6FF00404A0E602A1CC
:10E62000D1E90001C5E700BF90880002008000200A
:10E6300018220020BCC20200C4FE020040220020BA
:10E64000108800022DFF02000AFF02007B68DC68D0
:10E65000B4F80130042B96BF584A594952F8231098
:10E660006E468AB002AA5748D3614FF400731384F0
:10E67000554BC2E9050142F8103F54484FF413517D
:10E6800018F007FFB4F80120B4F80330022AB546A9
:10E6900049D1052B47D84E4A52F823106E468AB00E
:10E6A00002AA4C48D3614FF400731384464BC2E96D
:10E6B000050142F8103F4FF41351444818F0E9FEA9
:10E6C000637994F806C0D4F80900032BB54698BFC7
:10E6D000414AB4F8076094BF52F8231038496C4699
:10E6E0008CB002AADFF8F4E0C2E9073C4FF40073F3
:10E6F00093853B4BC2E905E1C2E909604FF47351D0
:10E7000042F8103F314818F0C4FEA546786806F07C
:10E71000C9F93A1D00214FF6024007F083FC044678
:10E7200018B1304A5AE72649B8E77868C368B3F8A1
:10E730000130A5F8C13006F0B5F995F8C1305A0797
:10E740007FF550AF3A1D21464FF6034007F06AFCB3
:10E7500008B1254A42E77868C3685B7885F8C0301D
:10E7600006F0A0F93EE72E78002E7FF43FAF95F833
:10E77000C1309B061FD54FF0FF304FF0FF3107F03F
:10E780000FFA044610B96FF06804E9E506210C3071
:10E7900018F0D9FCD5F801300360144B9B888380B6
:10E7A000214632464FF6064007F03CFC044600285E
:10E7B0003FF41CAFD4E56FF08504D1E56CCC0200CA
:10E7C000B9FC020051FF020004000001BCC20200BB
:10E7D00054CC02006AFF020044CC020082FF020017
:10E7E00007000001AFFF0200D8FF02004121002016
:10E7F00008B5074816F01CFD06481AF08FFF3022B6
:10E800000348012116F03CFD034B00221A8008BD8D
:10E81000AC5B002064BF02002A65002010B5274CC5
:10E82000274886B00023CDE90333059323788DF87C
:10E830000430244B1B788DF80530234B1B88ADF832
:10E840000630224B1B88ADF80830214B1B88ADF8F1
:10E850000A3016F055FE0390194816F04FFEADF839
:10E86000100016F07EFC00234FF47A72FCF7D4F807
:10E8700023780590022B08BF9DF80530104804BF8F
:10E8800043F002038DF8053016F03CFE28B19DF8E8
:10E89000053043F001038DF80530039A42B1BDF80D
:10E8A00010304FF47A714B43B3FBF2F3ADF81230F2
:10E8B00001A802F07DFB06B010BD00BF4D65002031
:10E8C000605B00204C6500202A6500202865002040
:10E8D00014270020B0F5967F28BF4FF496700528C6
:10E8E00098B538BF0520814238BF0146114A4FF420
:10E8F0007A7303FB00F4B1F5616F146028BF4FF425
:10E9000061610D4A00AF4B438AB013606A460B4BFE
:10E910000791CDE90530642358430523B0FBF1F09E
:10E920004FF42351089042F8103F054816F029FC97
:10E93000BD4698BD6423002060230020B0D20200B1
:10E940006CC3020058B1BFF35B8F054B012253E843
:10E95000001F43E800200028F9D1BFF35B8F704708
:10E960005C590020F8B505460E46471C012402F00C
:10E970006BFF1349134800F0C7FD58B9124B012231
:10E980001A70124B1870124B1B7843F00403104A94
:10E990001370F8BDA54204F1010403DD304616F002
:10E9A000F3FBE4E7BC42E2D102F04EFF064B00224B
:10E9B0001A70074B1B786FF0120003F0FB03E6E7B9
:10E9C00048BF0200AC5B0020546500205365002066
:10E9D0004C650020064BBFF35B8F012253E8001FFC
:10E9E00043E800200028F9D1BFF35B8F704700BFD8
:10E9F0005C5900202DE9F04F9BB002AF304A3148FE
:10EA0000032118F0B3F800237B6507F154001AF0D6
:10EA1000A6FD78B12C481BF0DDFD00286CD12B4AF7
:10EA20002848012118F0A2F86FF012006437BD46A3
:10EA3000BDE8F08F1AF0BCFD7B6DD90605D5244AE0
:10EA40002048022116F09BFBE4E79A0701D5214AF2
:10EA5000F6E72149214E224C224A234813F0080FA1
:10EA600008BF0E4613F0010F08BF0C4613F0200F2D
:10EA700008BF08466D4613F0800F8EB018BF1146D0
:10EA800002AADFF868C09162C2E905C3184BBB65F2
:10EA900003F10233FB6507F16001506211E90300E5
:10EAA00002F12C03C2E9076483E80300114B42F82A
:10EAB000103F044844F6C00116F063FBAD46A9E7D9
:10EAC000E8D302006CC3020048BF0200A2D40200D7
:10EAD000FFD3020042D402002FF10200D8D202007C
:10EAE000F6DD0200E9D20200E2D2020086D4020082
:10EAF0000103020407000004BB481BF06BFD3862F1
:10EB000000288CD0B8481AF0D9FDC82016F03CFB7C
:10EB10004FF0A043D3F81035C3F30050C3F3803156
:10EB2000DB0240F13C82B14BB14A002918BF1346C9
:10EB30006C468AB002AAAF4DDFF8BC92C2E9071357
:10EB400040F20243C2E905509384AC4DAC4B42F80D
:10EB5000103FAC484FF4335116F013FBAB68A54699
:10EB60000124FB64FB6C5B69002B00F01E822846CD
:10EB700098474FF0A043EA46D3F810B58AB0CBF3DC
:10EB8000005602AACBF3803353620623C2E907067C
:10EB9000C2E905949B4842F8103F4FF443510BF4EF
:10EBA000821B16F0EEFABBF5821FD54640F00082BC
:10EBB000954A94482346032116F0E1FA934802F05F
:10EBC00057F902F05BF9044628B1914A0346012146
:10EBD0008C4816F0D4FA64210320FFF7C3FE20B15D
:10EBE0008C4A8848022117F0C1FF002C40F0F081C8
:10EBF000824800F0DDFF002800F0F7817F4801F037
:10EC000029FA7E4802F0F0FA38B9834B01221A70D3
:10EC1000824A137843F008031370FFF7E9FD724846
:10EC20001AF04CFD142016F0AFFA302201217C4876
:10EC300016F026FB7B4A7348DFF8EC91022117F0AF
:10EC400095FF502002F03EFB16F08BFAC7E910103A
:10EC500016F087FA754B1B681B18FB6441F1000323
:10EC6000BB6402F0A3FD99F80020714B6C4688B09C
:10EC700053F8223002AA6F496248C2E905134FF4E3
:10EC8000007393836C4B42F8103F4FF0000A4FF42F
:10EC9000E65116F076FAA546C7E906AAC7E90BAA17
:10ECA000C7E904AAC7E902AA16F05BFA04460D46B2
:10ECB00002F0CAFDFB689C42BB6875EB03032DDBC9
:10ECC00007F158014D48002687F8586001F040F9D7
:10ECD00014F5FA635149FB6045F10003BB60574AE4
:10ECE0000B78002800F0878123F010030B70137855
:10ECF0000E2B13D80133DBB20F2B13700ED199F802
:10ED0000001002290AD14E4A3E481E2316F037FA57
:10ED100089F80060FFF782FDC7E9125402F094FD04
:10ED20007B699C423B6975EB030327DB99F8003054
:10ED3000022B23D0314807F1580100F0B1FF061E25
:10ED40000BDD404B1E8016F05DFD16F09DFD3E4A2A
:10ED50002C483346032116F012FA00F0F3FF3B4B28
:10ED600040EAE070188047F23053E3187B6145F1C8
:10ED700000033B61FFF752FD02F066FD02F0B6FCB6
:10ED800001F034F899F80060012E00F01C82022E88
:10ED900000F08981002E87D11F4E3378002B5DD182
:10EDA0002B4B1B78002B59D13B6B9C42FB6A75EBBC
:10EDB000030353DB4EF66023E3183B630F4845F132
:10EDC0000003FB6202F010FA58B901233370214BA3
:10EDD0001870502002F076FA1F4A0A48032117F0F3
:10EDE000C5FE02F031FD39E064BF02003FD30200EE
:10EDF0001ED30200C4D40200FAD4020048BF0200AD
:10EE0000050000016CC3020023D5020028C70200E0
:10EE1000AFD5020004D60200526500204C650020E8
:10EE2000AC5B002053D602004D650020602300201B
:10EE300038C702008CD60200030000014E65002096
:10EE400098D6020028650020F5D60200142700207D
:10EE50004F6500205165002003D7020016F02CFDFD
:10EE6000AA4B1A780646002A00F02781002880F273
:10EE70002781A7490A78092A20D80132D2B20A2A62
:10EE80000A701BD100211970A2490B78022B00F2E5
:10EE90000E810133DBB2032B0B7040F008819E48DA
:10EEA0000121017000929D4A9D4817F072FE4EF6B6
:10EEB0006023E3183B6345F10003FB629349994AE1
:10EEC0000978137811B1002E80F2008123F0080335
:10EED000002E13700DDBA6F57A76002EB8BF7642B1
:10EEE000782E7B6CC8BF23467B643B6CC8BF2B4627
:10EEF0003B6401F0A7FF60B107F1580016F0C9FCB0
:10EF000038B9B7F95C20B7F95A10B7F9580002F0D0
:10EF1000E5F802F0C3F950B116F014FD824A8048BA
:10EF2000032117F023FEC7E91054C7E91254BFF3B9
:10EF30005B8F7E4B002253E8001F012903D143E879
:10EF400000200028F7D1BFF35B8F0CBF01261646C7
:10EF500011D0FB6C9C42BB6C75EB0303C0F22C819F
:10EF60007B6C7349E21A3B6C65EB0303914276EBD1
:10EF70000303C0F221816F481AF0A0FB034600286A
:10EF800000F0A8806C4A6648012116F0F8F86B4B37
:10EF90001B681B19FB6445F10003BB6484E6684BE6
:10EFA000684A002908BF1346C2E56FF05700E0E544
:10EFB0000520013416F0E8F8062C7FF4D3AD002EBE
:10EFC0007FF4FCAD604A5648012117F0CFFDF5E50E
:10EFD00003244FF4967203215C4816F09AF9C82076
:10EFE00016F0D2F8013CF4D102E64E4A137843F011
:10EFF0001003137002E697F85880107043F0100366
:10F000000B7099F80030B8F1000F33D0022B3FF4A9
:10F0100085AE012B01D1FFF7EBFB6E4688B002AA4B
:10F020004B4B53614B4B93614FF4007393834A4BAB
:10F0300042F8103F4FF4E651394816F0A2F83D4827
:10F04000B5461AF03BFB142016F09EF840F6B83295
:10F0500003213E4816F05DF936481AF05FFB302276
:10F0600001213A4816F00CF9022389F80030FFF725
:10F07000D5FB53E6022B7FF451AE6E4688B002AA50
:10F08000334B5361354B93614FF400739383324B91
:10F0900042F8103F22484FF4E65116F072F8B54698
:10F0A00089F8008036E6C82016F06EF8FCE53C23AF
:10F0B00000932B4A0A230221F6E60028FFF6FEAE53
:10F0C000134A00231370134A1370F7E643F0080342
:10F0D000137000E7142016F057F8224B197839B94D
:10F0E0000120FFF73FFC18B112481AF017FB4EE75A
:10F0F00016488022012100F0DBFA0346B0B31A4A19
:10F100000748012116F03BF8EEE700BF52650020EA
:10F1100051650020506500204F65002020D7020077
:10F120006CC302004C650020E8D702005C59002047
:10F1300020BF020064BF0200F4D702006023002059
:10F1400076D30200F2D202004DD50200AC5B002063
:10F150008CD60200A4E0020003000001F0D60200F9
:10F160009ED70200546500200DD80200A9486421F2
:10F1700016F0BBF90123A84A89F80030A74BE846EE
:10F180008AB0002E18BF134602AAA5495161A549AD
:10F19000A548C2E90613A54B1362A54B42F8103FE0
:10F1A0004FF4235115F0EDFFC546FFF737FB86F00E
:10F1B000010AC7E9065477E501F044FE00280CBFB8
:10F1C000C820142070E79B499B48802216F017F94D
:10F1D000031EFB6340F35281984B97F83C1095480F
:10F1E0004FF0000883F8008001F01EFF914BBB62D6
:10F1F000BA6A52F8043BBA62C3F31201C3F3C743BD
:10F200000022012BA7F8582068D08D4A009186482B
:10F21000022117F0BEFCFB6B08F101084345E7D162
:10F2200001F010FE60B107F1580016F032FB38B95A
:10F23000B7F95C20B7F95A10B7F9580001F04EFF42
:10F24000744816F05FF9FB69B4EB030BBB6965EB1F
:10F250000308002840F04181BAF1000F00F041811D
:10F2600041F271739B4578F10003ACBF0126002683
:10F27000744B1B68FB6301F0CFFD002840F0338125
:10F28000FB6B9B4578F1000803DA002E00F02B8120
:10F290003E6AFFF7ADFA002389F800306A4B6B4AEB
:10F2A0001B681B19FB6445F10003BB645B4B6C4698
:10F2B0008AB0002E18BF134602AA59495161644909
:10F2C0005948C2E90613594B1362594B42F8103F93
:10F2D0004FF4235115F055FFA546FAE007F1580207
:10F2E0004C4816F01AF95B4A13680133136070B189
:10F2F000B7F858205AB10A21B2FBF1F301FB1322EF
:10F3000092B200924848544A032117F042FC514BF4
:10F310001B68632B7FF67FAF3E4816F0EFF8B863AB
:10F320003C4816F0EDF8031E7B63C1BFBB6B4FF486
:10F330007A765E430346B7F85800CCBF96FBF3F6E7
:10F3400000264FF00A0B96FBFBF37B620BFB136668
:10F3500000283CD0414B18800530B0FBFBF080B258
:10F3600016F087FAB7F85830B3FBFBF291B20BFBFB
:10F37000123379601FFA83FB01F040FD274A3849B8
:10F38000C7F800D08EB0002808BF114602AA7B6BD8
:10F390009361BB6BD3617B6A32485061C2E9083626
:10F3A0007B681163C2E90A3B40F6060393862E4B45
:10F3B00042F8103F1C4844F6C04115F0E2FED7F871
:10F3C00000D0FFF72BFA234A0023136023E71148EC
:10F3D00016F098F8254A264BEB468CB0002818BF4B
:10F3E000134602AA796B9161B96BD1619362796A14
:10F3F0002048506140F2046393851F4B0A48C2E9DC
:10F40000081642F8103F4FF4735115F0BAFEDD466E
:10F41000D7E700BF605B0020A5D302002FF10200F8
:10F4200023D8020031D802006CC30200000201039D
:10F430000400000260590020AC5B002053650020EE
:10F440003BD802006423002060230020DBD30200AD
:10F45000F0D602005859002060D802002A6500202A
:10F46000B6D3020071D8020009000001BCD302002B
:10F47000D1D302009BD80200070000013FF4D0AEB8
:10F480001A4AFB6B1A48314615F079FE194A13786F
:10F49000042B3FF6C5AE0133DBB2052B13707FF4AE
:10F4A000BFAE154A1248022115F069FEFFF7A0F918
:10F4B000124B134900221A700B7889F8002023F0B0
:10F4C00004030B700F4B1B681B19FB6445F1000311
:10F4D000BB64FFF7A3F9FFF7E7BBC7E910544FF090
:10F4E000000A5646C4E61420DEE500BFBAD8020082
:10F4F0006CC3020053650020D0D802005465002080
:10F500004C650020602300202DE9F04F8DB000AF46
:10F51000624B01604FF0000B0446FB60D9460126A8
:10F52000FB68206813F8015BFB60FF233B7507F164
:10F530001703C7E9063601222B4607F1180125718A
:10F540004FF0030887F8159087F8169087F8179002
:10F5500087F8208015F028FE4FF00203786087F8C6
:10F560002030206807F1140A2B46012207F1180108
:10F57000C7E906A615F018FEB860002864D107F1A7
:10F580001503C7E90636206887F820802B4601223C
:10F5900007F1180115F008FE804607F11603C7E9C8
:10F5A0000936072387F82C3007F118012B4620680D
:10F5B00087F820900222C7E906A615F0F5FDC7F8E6
:10F5C00000D08EB0797DBB7D82466A4634480C936C
:10F5D000CDE9050578680790B8680923CDE90808E2
:10F5E000CDE90A1A42F8103F2E48002344F6C00124
:10F5F00003F06CFCD7F800D0BAF1000F27D197F8D0
:10F6000016A0BAF1360F28D0E8468AB06A46264BD3
:10F61000CDF81CA0CDE9053536230893052342F823
:10F62000103F204800234FF4225103F04FFCC54601
:10F630000BF10103022B4FF0010B7FF471AF00239C
:10F6400023716FF0120025E04FF0FF38A5E7B8F105
:10F65000000FEDD197F815A0D3E707F118020025A8
:10F66000FE2120463D7615F0AEFD21793B7E6C46AD
:10F670008AB06A460D48CDE907A30523CDE9050107
:10F6800042F8103F07482B464FF4235103F01EFC6D
:10F690002846A5463437BD46BDE8F08F151D03004A
:10F6A00022D9020074C3020066D902009DD902006B
:10F6B0002DE9F04F8DB00E4600AF15460D21012209
:10F6C000804615F09DFD0446002863D100214FF4CB
:10F6D000A4701BF0B5FA214607F10F02404615F061
:10F6E00072FD02220D21404615F08AFD04460028D5
:10F6F00050D1434B434A7E77C7E90423424BBB6159
:10F7000020233B772123FB83404B3B62012E4FF0AC
:10F71000230387F824300CBF2B46002387F82530BD
:10F72000022E4FF0240387F826300CBF2B4600230F
:10F7300087F82730032E4FF0250387F828300CBFB9
:10F740002B46002387F8293040F609737B85304B20
:10F75000FB6207F11009824699F801B099F8001090
:10F7600079605A46404615F04BFD79680446B0B1C1
:10F770006D468AB0274ACDE905216A460523CDE9C1
:10F7800007B042F8103F244800234FF4215103F002
:10F790009DFBAD4620463437BD46BDE8F08F0AF1EB
:10F7A000010ABAF1100F09F10209D5D102460D2163
:10F7B000404615F025FD04460028EBD1174B53F8C1
:10F7C00026106E460C238CB06B436A46144807958E
:10F7D000CDE905016420B3FBF0F100FB113309937F
:10F7E0004FF40073ADF828300E4B089142F8103FEB
:10F7F000094823464FF4535103F068FBB546C9E767
:10F80000110B1218020003001340150122002A00F8
:10F810000A0E0A1ED4D9020074C3020044C70200B3
:10F82000F6D9020006000001F7B51E461B68044623
:10F8300083FB043408466946CDE9003415460DF0D3
:10F8400071FF0746E0B9019C0099C5F12002B5F1AE
:10F85000200304FA02F221FA05F141EA02015CBF39
:10F8600044FA03F319432C41CDE9001411F100418E
:10F8700044F1000414B1044816F005FA009B33600B
:10F88000384603B0F0BD00BF60DA0200014602480E
:10F8900083685B68184700BF10BF020008B50548C1
:10F8A0004FF4D012002115F066FFBDE808400A2091
:10F8B00015F06FBF84BE02002DE9F04FCDB002AF4E
:10F8C000AC481AF087FE48B9AB4AAC48012115F0A4
:10F8D00033FF07F59677BD46BDE8F08FA848DFF8FF
:10F8E000A4824FF4D0120B2115F045FF322015F001
:10F8F00050FF0026344607F1200507F118090021C2
:10F900006960A9F800101422C5F800806E7107F133
:10F9100034001CF093F90123C7E90E3902233B643C
:10F9200029460C23934887F8443015F0D6FE07F19A
:10F93000480A0AEB040BC4F1E001002800F0F08053
:10F94000914A3346584615F029F9072E044403D04E
:10F95000C32C06F10106D0DD6C4688B002AA8B4BA1
:10F960008648C2E9053A4FF400739383884B42F806
:10F97000103F4FF4E65115F0E1FEA546002426465F
:10F9800044F48073002123F0E0036960A9F80010BB
:10F99000AB801422C5F8008007F134001CF04EF94A
:10F9A0000123A340C7E90E3902233B6429460C23F7
:10F9B000704887F8443015F090FE0AEB060BC6F14C
:10F9C000E00140B907F13400F960FFF75FFFF96823
:10F9D000002800F0C0806F4A00902346584615F07A
:10F9E000DDF8032C064403D0C72E04F10104C7DD63
:10F9F000C7F80CD088B002AA674B536107F14803DF
:10FA000093614FF400739383614B42F8103F0025DC
:10FA100007F1200459484FF4E65115F08FFE2946AE
:10FA2000D7F80CD0BD8214222046FD821CF006F9C6
:10FA30004FF4807207F114064FF00209FA6129466B
:10FA4000142207F13400BE62C7F818804FF0010A93
:10FA50004FF00C0807F1160BC7F82C901CF0EEF8CD
:10FA60004E494448C7F84090C7E90EAB87F8448038
:10FA700015F033FE38602046C7F824A0A7F8308080
:10FA8000FFF704FF07F1180178603A4815F025FEEA
:10FA9000B86007F13400FFF7F9FE92B0B7F91460CF
:10FAA000796A97F830E097F831C097F83240B7F9A3
:10FAB000163002AADFF8E8B0C2E905B63E68C2E92E
:10FAC0000D43BB68C2E907657E68C2E90F300D23AC
:10FAD000C2E90961C2E90BEC284842F8103F46F63A
:10FAE000C00115F02BFED7F80CD08EB002AA2D4B1A
:10FAF000C2F83480C2E90535032144F22803C2E983
:10FB00000B130A23C2E907A5C2E909591B4842F8A9
:10FB1000103F45F2C00115F011FED7F80CD0D8E621
:10FB200007F13400F960FFF7B1FEF96800287FF4AF
:10FB300007AFB9F800304FF4E16213FB02F3002B7A
:10FB4000B8BF03F6FF731B130093174A334658469A
:10FB500015F024F8F9E6B9F800304FF4E16213FB30
:10FB600002F3002BB8BF03F6FF731B1300930F4A79
:10FB7000234633E710BF020084DA0200BCC3020050
:10FB8000A0BE02000203284098DA0200A9DA0200AF
:10FB900003000001E4DA0200FBDA0200A2C702005F
:10FBA00025DB020087DB0200A0DA0200F0DA0200A7
:10FBB0007FB50023044601258DF809308DF80A3001
:10FBC0008DF80B30FFF76AFE00950DF10B032A4606
:10FBD0006A21204615F0B5FD064648B12C4A009032
:10FBE0006A232C48294616F0D4FF304604B070BD75
:10FBF00000950DF1090303226A21204615F0A1FDAD
:10FC0000F8B99DF80920C2F38403120615D50A2518
:10FC1000282213FB052543F60343ADF80C300222DE
:10FC20006A2303A9204615F07AFD50B91A4A1948EB
:10FC30002B46032116F0A3FF03E00F2B03F105056C
:10FC4000E9D10123009302220DF10A036A21204623
:10FC500015F077FD0028C8D19DF90A209DF80A30DB
:10FC6000002AC2DA022503F07F038DF80D302A4600
:10FC70006A2303A920468DF80C5015F050FD00288A
:10FC8000B3D1064A0348294615F056FDADE700BF3B
:10FC9000DADB0200BCC302002CDC020050DC0200F4
:10FCA000F0B585B0002306468DF80A308DF80B308C
:10FCB000012748F20A030C46ADF80C30FFF7EEFDC1
:10FCC00000970DF10A0305226A21304615F039FD2F
:10FCD00088BB6A23022203A930469DF80A5015F01A
:10FCE0001EFD40BB052015F054FD00970DF10B03E0
:10FCF0000A226A21304615F024FDE0B99DF80B3048
:10FD00000E49C3F34112C3F38203023BDBB2052B5E
:10FD10008A5C9CBF0A49C85C1044C0B204B1207020
:10FD20006D080A224FF4616315FB023515FB00F5DF
:10FD30006420B5FBF0F005B0F0BD00BF1D1D030051
:10FD4000171D030030B589B00021142203A8ADF8B7
:10FD500006101BF073FF0DF10603059302230693B3
:10FD60001E481AF037FC002835D01D491B4815F0F5
:10FD7000B4FC044660BB1B4D1B484FF4D0120B2152
:10FD800015F0F9FC2B781BB94FF4487015F001FD04
:10FD9000012304930C230DEB0300ADF81C30FFF797
:10FDA00075FD2B7804462BB90F484FF4B0120B2188
:10FDB00015F0E1FC64B9BDF9063002930C2202ABE8
:10FDC00002214FF4E170FFF72FFD044600B9029CB9
:10FDD000204609B030BD6FF01204F9E710BF0200F1
:10FDE000A2C7020055650020A0BE02002DE9F04F19
:10FDF00083B002AF1AF0CFFF4FF47A73A0FB030673
:10FE000003FB0166444BD3E90012C40B44EA4644A9
:10FE10008C424FEAD63676EB020279DB14F5FA71A2
:10FE200046F10002C3E900123C481AF0D3FB8346B6
:10FE300000286DD03A49394815F04FFC8246002819
:10FE400066D138484FF4D0120B2115F094FC364B94
:10FE500001221A7015F0B0FC051E59DBDFF8CC90BA
:10FE6000334AD9F80030DFF8CC8093420CDBEA1A31
:10FE7000052A09DC5B1B052B06DCD8E9002394422C
:10FE800076EB030344DBD346B5F5FA7F2BDD42F274
:10FE90001073A5F5FA7A03FB0AFA4BF2BC13BAFB0E
:10FEA000F3FA0A23244ABAFBF3F003FB10A1234B15
:10FEB000EA468CB0BBF1000F18BF134602AADFF868
:10FEC00080C0536240F2035313851E4BC2E9070101
:10FED000C2E905C51C4842F8103F4FF4535115F0D4
:10FEE0002DFCD5460BE0B5F5F07FDADAC5F5FA73EF
:10FEF0000093164A14482B46022116F04AFE40F69B
:10FF0000B833E41846F10006C8E90046C9F80050C5
:10FF10000437BD46BDE8F08F5035002010BF020009
:10FF2000A2C70200A0BE0200556500206C2300207D
:10FF3000E0B1FFFF483500202FF1020098DC0200FD
:10FF4000E1DC020006000001BCC30200A2DC0200EA
:10FF50002DE9F04F85B002AF00238246BB710D46FC
:10FF600001B10B704FF4D01200213248DFF8C89075
:10FF700015F001FC052015F00CFC01220092BB1DC0
:10FF80006A21504615F0DDFB804690B1D9F800306B
:10FF9000023309D0294A03460221294816F0EFFD11
:10FFA0006FF00103C9F8003040460C37BD46BDE88C
:10FFB000F08FBE79C6F3801484F0010416F0400679
:10FFC000E4B205D11B484FF4B012314615F0D3FB13
:10FFD000D9F800309C4229D04FF0000B322087F82E
:10FFE00007B015F0D6FB012300935A46FB1D6A218A
:10FFF000504615F0A6FB134A134BF9795E4508BF2E
:020000021000EC
:1000000013466E468AB002AA1048D161C2E90503C0
:100010004FF4007313840E4B42F8103F08484FF41E
:10002000135115F08BFBB546C9F80040002DBBD02D
:100030002C70B9E784BE02006823002038DD02007E
:10004000BCC30200F9DC02001CDD02004FDD02002F
:10005000040000012DE9F04FB1B0044602AF7D4A23
:100060007D480321012615F067FBFFF717FC00967A
:10007000BB1900226A21204615F063FB07F1080531
:100080008046002800F097800023FB703B713246C9
:100090006A23F91C204615F042FB8146002840F0F7
:1000A00087803B1DC7E9023603233B7432466A232F
:1000B0002946204615F024FB824601233B8102227B
:1000C0006A232946204615F02AFB6E468CB03B7900
:1000D00002AA62495161C2E90A306A210823C2E9D1
:1000E0000618C2E9089A5C4842F8103F44F2400101
:1000F00015F024FBB5460023294620463B72FFF746
:10010000CFFD031E80F28E81554A5348012116F01F
:1001100036FD00230126FB700F220096FB1C6B218D
:10012000204615F00EFB002800F084814D4A009017
:100130006B234948314616F02CFDFFF703FE031EE2
:1001400080F22682484A4448012116F018FD4FF4F7
:1001500080324648102115F00EFB0021444815F06E
:10016000BFFA10210446414815F0BAFA414A424B01
:100170006D468AB0002C18BF134602AA3F49C2E957
:10018000073040F2013393843D4B3348C2E90514F4
:1001900042F8103F4FF4335115F0D0FAAD46394ACA
:1001A0002D48032115F0C8FABC37BD46BDE8F08FD5
:1001B0004FF0FF3A81E70096BB1C32466A21204689
:1001C00015F0BFFA7B78DFF8C090B9789A09EB4652
:1001D0008CB059F8220002AAC2E9083140F201337A
:1001E0001385DFF8A8C02A4BC2F814C04FF06A0A82
:1001F000C2E906A04FF4535142F8103F164815F0DB
:100200009DFADD46FB1C87F80380032200965146C9
:10021000204615F096FA002864D1FA781006C2F349
:10022000840339D50A26282213FB062643F6034306
:100230003B8102226A232946204615F070FA78BBDA
:10024000144A05483346032116F099FC3C23FB7001
:10025000142625E010DF0200BCC302002ADF0200E2
:100260002FE1020082E102004EE20200A0BE020085
:1002700084BE0200E1DE0200FDDE020074E3020043
:1002800005000001A6E302008CC7020078DF02002F
:10029000060000012CDC02000F2B03F10506C5D17E
:1002A000FB789C4A9C489D4913F0020F08BF1046FA
:1002B0009B4A13F0010FE8468CB008BF114602AA12
:1002C000DFF860C25362984B9362984BC2E9070112
:1002D000C2E905C6964842F8103F4FF4635115F045
:1002E0002DFAC54600233B710123009302223B1DDA
:1002F0006A21204615F025FA002836D197F9040026
:100300003979844A8B4B33EA200328BF13468A4A43
:10031000C1F341106E468AB052F8200002AADFF8FD
:100320001CC2C2E905C3864B5362864BC2E9070172
:1003300042F8103F7E484FF4435115F0FFF997F90A
:1003400004203B79002AB5460FDA03F07F0302222E
:100350007B7229466A2320463A7215F0E0F920B9EB
:10036000794A7348032115F0E7F9BE7816F0400684
:1003700027D0764A6E48032115F0DEF997F902304E
:10038000002B04DA724A6A48022115F0D5F9BB78CD
:10039000590604D56F4A6648022115F0CDF9BB789D
:1003A0009A0604D56C4A6248022115F0C5F9BB785B
:1003B000DB067FF5A0AE694A5D48022115F0BCF965
:1003C00099E667484FF4B012314615F0D4F9654A02
:1003D0005748032115F0B0F9FA2015F0DAF9012396
:1003E0003E72324600936A212B46204615F0A9F949
:1003F0000028C3D13B7A9A096E468AB059F8221078
:1004000002AA5948D3614FF400731384574BC2E9D1
:10041000050142F8103F46484FF4135115F08EF98C
:10042000B546ABE73A7A424800920321504A16F0AB
:10043000B0FB6EE6FB78702B05D0712B15D06B22CC
:1004400000924C4A75E64C4E4FF4C263BB800222C8
:100450006B23391D204615F062F9034638B1474A2F
:100460003348012116F08BFB67E6454EECE732205E
:1004700015F08FF90623009328222B466B21204686
:1004800015F05FF9034608B13E4AE9E76C4690B0C3
:10049000B7F90800B7F90A10B7F90C3097F803C09C
:1004A00002AADFF8E4E0D362C2E905E66B26C2E9FE
:1004B000076C4FF4FA66C2E9090110FB06F0002848
:1004C000BCBF00F5FF407F30C01310634FF4FA60EB
:1004D00011FB00F10029BCBF01F5FF417F31C913B9
:1004E00051634FF4FA6113FB01F3002BBCBF03F51A
:1004F000FF437F33DB1393634FF400739387234BE6
:1005000042F8103F0A4845F6C04115F017F9A546D4
:1005100013E600BFF5DE020068DD020078DD0200B0
:100520007FDD0200B3DF02000103020406000002C7
:10053000BCC302008ADD02007CC70200EFDF0200BC
:10054000000201030500000217E0020041E0020082
:10055000D5E00200EBE0020002E1020015E102003A
:1005600084BE020072E00200ADE00200040000015F
:1005700046E10200A8E1020093DD0200D0E10200A2
:100580009BDD0200EEE102000BE202000B00000125
:10059000844A85496C468AB0312BC8BF114602AAED
:1005A0008248D161C2E9050340F201331384804BD4
:1005B00042F8103F7F48DFF800924FF4135115F0D6
:1005C000BDF84FF4B012A5460B217C4815F0D3F8C6
:1005D0004FF4967015F0DDF878484FF4D0120B21E7
:1005E00015F0C9F800242646A04659F804AB504639
:1005F00015F0CFF87249734815F06FF815F0DCF874
:1006000056440090C4F1B00128196F4A334614F0E3
:10061000C5FA08F10108B8F10A0F044401D0972C7B
:10062000E3DD4FF0A044D4F82C37D4F80425C2F30E
:10063000C02200925F48654A032116F0AAFA5F487B
:100640004FF4B0120B2115F096F86E4688B002AA4E
:100650005F4B5848C2E905354FF4007393835D4BF7
:1006600042F8103F4FF4E65115F068F84FF400657A
:10067000B5464FF00108FFF71FF9C4F82C87052095
:10068000C4F8085515F085F8D4F81035C4F80C55A1
:100690000520C3F3C02A15F07CF8D4F81035C4F84F
:1006A00008551420C3F3C02B15F073F80C23C4F8BD
:1006B0000C37052015F06DF8D4F81035C3F3C009D8
:1006C0000423C4F80C37052015F063F8D4F810554E
:1006D000C4F80C870823C5F3C005C4F808354FF4E7
:1006E0007A7019F05BFFD4F810250823C4F80C3594
:1006F0000223C2F3C008C4F80C37374A374B8AB01C
:10070000BAF1000F18BF134602AA35492948C2E9B9
:1007100007B340F202439384324BC2E9051A42F810
:10072000103F4FF4335115F009F8B546B9F1000FF9
:1007300032D02D4B2D4A002D08BF13466E468AB08D
:1007400002AC2B4A1B48C4E90753254640F202433A
:10075000A384244BC4E9052945F8103F4FF43351D5
:100760002A4614F0EBFF234A234BB546B8F1000F9D
:1007700018BF13468AB0214AE36140F20133238453
:100780000B4B0C482361C4E905284FF413512A464A
:1007900014F0D4FFB546DAE4194B134A002D18BF04
:1007A0001346CBE72FF10200A7DD020065E202004D
:1007B00004000001BCC3020054C70200A0BE020036
:1007C000A2C7020010BF020092E2020099E20200FA
:1007D000CBE2020003000001E6DD0200FBDD0200C7
:1007E000E9E202000500000163DE02001CDE0200F7
:1007F00017E302006FDE0200B1DE02004AE30200EE
:100800003EDE02002DE9F0438C468BB00746EFF345
:100810001188402181F31288BFF36F8F0F4C05AD13
:1008200004F11009AE46206861682E4603C60834FC
:100830004C453546F7D12068306088F31188BFF306
:100840006F8F1421CDE901E1BDF8481000913846C1
:10085000614618F053F80BB0BDE8F08356650020F0
:1008600030B5084D0FCD89B003AC0FC42B682360A1
:10087000012300930449054B022203A806F012FC51
:1008800009B030BD90C40200C0C80200B8C8020060
:1008900070B503788AB004460E4607AD032B20D806
:1008A000DFE803F002191B1D11492846FDF780FB04
:1008B000059563780493A3780393E37802932379EF
:1008C000019363790093A3790A4A1E21304614F0FC
:1008D00065F90AB070BD0849E7E70849E5E7084946
:1008E000E3E7084A0A21284614F058F9E0E700BF78
:1008F0003EE4020060E4020045E402004CE4020031
:1009000056E40200D6E802002DE9F04188B000AFBD
:100910000C46154617F008F93946FFF7B9FFC5B17F
:10092000E8468AB0154A164B1648CDE905274FF41C
:100930000072ADF824206A46CDE907454FF43251E4
:1009400042F8103F14F073FFC5462037BD46BDE89E
:10095000F0816D468AB06A460B4B0794CDE90537A6
:100960004FF40073ADF82030084B42F8103F0548B3
:100970004FF4135114F05BFFAD46E6E783E4020049
:10098000050000016CC20200B0E402000400000196
:10099000B0B588B000AF0C4617F0C6F83946FFF77F
:1009A00077FF8AB06A46094B0794CDE905374FF4C3
:1009B0000073ADF82030064B42F8103F05484FF465
:1009C000125114F034FF2037BD46B0BDCDE4020013
:1009D000040000016CC20200B0B588B000AF0C4644
:1009E00017F0A2F83946FFF753FF0C4A0C4B8AB0B8
:1009F000002C18BF13466A460A4907930A4B08930E
:100A00000A4B0B48CDE9051742F8103F4FF423512C
:100A100014F00DFF2037BD46B0BD00BFF0E402006A
:100A2000F4E40200F7E40200000201030400000203
:100A30006CC2020090B589B000AF17F075F8394666
:100A4000FFF726FF88B06A46084B0948CDE905370D
:100A50004FF40073ADF81C30064B42F8103F4FF4D2
:100A6000E45114F0E4FE2437BD4690BD11E50200C8
:100A70006CC2020003000001F0B589B000AF04466B
:100A800017F052F83946FFF703FF6E4688B06A4602
:100A90000A4B0B48CDE905374FF40073ADF81C3015
:100AA000084B42F8103F4FF4E65114F0C0FE2046C8
:100AB000B54617F068F82437BD46F0BD2BE50200B7
:100AC0006CC202000300000110B50C46EFF3118266
:100AD000402383F31288BFF36F8F134B00211868F4
:100AE000196082F31188BFF36F8F104BBFF35B8FD8
:100AF00053E8001F013943E80012002AF8D1BFF380
:100B00005B8F08B107F0DEF80021094814F0A6FE5B
:100B1000084814F0A3FE084A084823460321BDE80C
:100B2000104014F082BE00BFBC5B0020D45B0020EC
:100B3000C45B0020C05B00205BE502006CC20200C9
:100B40004B1E59420148594114F088BED05B002029
:100B50004B1E59420148594114F080BECC5B002025
:100B60004B1E59420148594114F078BEC85B002021
:100B7000B0B588B000AF044616F0D6FF3946FFF78F
:100B800087FEBFF35B8F1C4B3D4653E8001F0131CE
:100B900043E80012002AF8D1BFF35B8F204616F01D
:100BA00015FFEFF31182402383F31288BFF36F8F99
:100BB000124B1C68186082F31188BFF36F8F3CB131
:100BC0000F48104A022115F0D1FF204607F07AF8AD
:100BD00088B06A460C4B0A48CDE905354FF40073DE
:100BE000ADF81C30094B42F8103F4FF4E65114F0B9
:100BF0001EFE2037BD46B0BDD45B0020BC5B00208C
:100C00006CC2020078E50200A7E5020003000001C3
:100C10000B4621B1034A0448012114F006BEFFF738
:100C2000A7BF00BFB7E502006CC20200024A03483A
:100C3000032115F09BBF00BFD2E502006CC2020089
:100C400010B5FFF70DFE034630B1054A0548BDE873
:100C50001040012114F0E9BDBDE81040FFF7E6BFE8
:100C6000E8E502006CC20200F0B583B002AF1C469A
:100C70003B8B06461546002B40F09B80002C00F075
:100C8000988013785A1E042A00F28980DFE802F067
:100C900003314F5B7100012C00F08E806978484869
:100CA000003918BF012114F0D9FD464B1B6833B140
:100CB0001B6823B16878003818BF0120984769780D
:100CC000414A424B6D4688B0002918BF134602AA1C
:100CD0003F494048C2E905134FF4007393833E4BEC
:100CE00042F8103F4FF4E65114F0A1FDAD46204606
:100CF0005CE0012C60D069783848003918BF0121C8
:100D000014F0ACFD2F4B1B6833B15B6823B16878DE
:100D1000003818BF0120984769782B4A2B4B6D4645
:100D200088B0002918BF134602AA2D49D1E7254BE8
:100D30001B6813B19B6803B198472A4A25480321D1
:100D400015F014FFD3E7042C36D91E4BB5F801601B
:100D50001B68B5F8035023B1DB6813B12946304650
:100D60009847214A1B4800953346032115F011FF8F
:100D7000BDE71E49002004F03BFF034648B11C4A72
:100D80001448012114F051FD1321304616F03AFEAB
:100D9000ADE7184A0F48022115F0E8FEF4E70D48C8
:100DA000154A022114F041FD6FF012000437BD46D0
:100DB000F0BD6FF00600F9E76FF00C00F6E700BF3A
:100DC000C45B0020B85B0020DFD2020043E60200D3
:100DD00047E602006CC2020003000001C05B002075
:100DE00061E602007BE6020090E60200A51D03001A
:100DF000AEE60200CFE602000FE70200054BBFF3AC
:100E00005B8F1868BFF35B8F0028D4BF00200120E0
:100E1000704700BFD45B0020084BBFF35B8F18689E
:100E2000BFF35B8F40B1BFF35B8F054B1868BFF317
:100E30005B8F003818BF0120704700BFC45B0020E3
:100E4000CC5B0020084BBFF35B8F1868BFF35B8F50
:100E500040B1BFF35B8F054B1868BFF35B8F003861
:100E600018BF0120704700BFC05B0020C85B002096
:100E7000014B1860704700BFB85B0020F0B58DB023
:100E80003A4800AF07F0F4FC044648B1384A03463C
:100E90003848012114F0C9FC20463437BD46F0BD66
:100EA000354807F001FD044610B1344A0346EFE728
:100EB00005F0B8FA044610B1314A0346E8E715F0E8
:100EC0007AFF044610B12F4A0346E1E7FFF7C8FC5A
:100ED000044610B12C4A0346DAE7012301467B6041
:100EE0001A223F2307F114003B611AF0A7FE391DB7
:100EF00007F1080005F0ACFE7B6807F1100623B18E
:100F0000314607F10800FFF7C3FC6D4688B06A461A
:100F10001E4B05931E4B06934FF40073ADF81C3027
:100F20001C4B42F8103F13484FF4E65114F07FFC7D
:100F300082B06A46184B0593184B0E48CDE9063629
:100F4000174B0893174B42F8103F4FF4235114F0FE
:100F50006EFCAD46144A0748032115F007FE134AFC
:100F60000448032115F002FE96E700BFB0C7020057
:100F70002EE702006CC20200702300204BE7020043
:100F80006DE7020083E70200D4E70200F5E7020004
:100F90000AE802000300000110E802002BE802004A
:100FA000000201030400000234E802006CE80200C1
:100FB00070B586B0EFF31185402383F31288BFF339
:100FC0006F8F164B00F1140250F8041B43F8041BFA
:100FD0009042F9D1114B01AA03F110061868596823
:100FE000144603C40833B3422246F7D11868206080
:100FF00085F31188BFF36F8FFFF700FF58B1BFF380
:101000005B8F074B1B68BFF35B8F23B1054814222E
:1010100001A914F00FFC06B070BD00BF566500209A
:10102000D05B0020DCC70200F0B5ABB005460E4631
:10103000FFF7F2FE002849D0EFF31184402383F339
:101040001288BFF36F8F224B1F681FB1384616F00E
:10105000BDFC074684F31188BFF36F8FB7B33846E2
:1010600017F034FD0446384606F02CFE022C2DD92C
:10107000033CA4B2052C29D9282EA4F10504C4F3FD
:10108000870128BF2826B14228BF3146F1B1114A55
:101090008DF8041013680093581C10608A0068468D
:1010A00005EB810155F8043B4371C3F307241B0C86
:1010B000C371A9424FEA13238471037200F1040043
:1010C000F0D105480532694614F0B4FB2BB0F0BDF1
:1010D000BC5B0020B45B002018C8020013B50446B6
:1010E000FFF7B0FE50B1ADF80210ADF8042004488F
:1010F000ADF800400622694614F09CFB02B010BD1A
:1011000054C8020010B5104B88B0CDE905128DF817
:10111000070018680DF107030293012303930023CE
:101120008DF8103007238DF81C309DF81C30826834
:1011300043F002038DF81C3094686B23022202A94D
:10114000A04708B010BD00BFE85B002007B5064807
:10115000836801A95B68984718B99DF80600C0F339
:10116000000003B05DF804FBA0BE0200064BBFF315
:101170005B8F012253E8001F43E800200028F9D1CB
:10118000BFF35B8F704700BFD85B002010B40246EE
:101190000548016984680B6823F480330B60236879
:1011A00010BC1021184700BFA0BE02001FB50D4B98
:1011B0008DF8000018688DF801100223CDF804D0D6
:1011C00002938DF80C309DF80C30826843F00203D6
:1011D0008DF80C3094686B23012201A9A04704B05C
:1011E00010BD00BFE85B0020B0B584B002AF0023A3
:1011F000FB71224B01221860F91D0F20FFF782FFBF
:10120000044650B11E4A00906B231E48012115F080
:10121000C0FC20460837BD46B0BDFB79A3F1700283
:10122000012A07D9184A1748012115F0A8FC6FF0C8
:101230001204EEE7154A16496D468AB0712B18BFA5
:10124000114602AA134BC2E905316B23D3614FF457
:1012500000731384104B42F8103F4FF413510346B0
:10126000084801F033FE4421AD461220FFF79EFFEF
:1012700006211020FFF79AFF0446CAE7E85B00202A
:10128000A9E8020054C30200C2E8020093DD020094
:101290009BDD0200DDE8020004000001084BBFF303
:1012A0005B8F002253E8001F012903D143E800208F
:1012B0000028F7D1BFF35B8F0CBF012010467047A9
:1012C000D85B00202DE9F04F89B000AF0121B86054
:1012D0005620FFF76BFF0546002840F0B580BB683D
:1012E000C3F3C7033F2B28BF3F23012B38BF012384
:1012F00001465420FB60FFF759FFF9685B20FFF7B8
:1013000055FF29465C20FFF751FF20215E20FFF7A3
:101310004DFF80215020FFF749FF0546002840F08F
:1013200093800122FF23B86107F11601C7F81B0063
:101330001046BB75FB75FFF7E5FE07F117010122AB
:101340000320FFF7DFFE07F1180101221020FFF74D
:10135000D9FE07F1190101225620FFF7D3FE07F14C
:101360001A0101225420FFF7CDFE07F11B010122D3
:101370005B20FFF7C7FE07F11C0101225C20FFF78D
:10138000C1FE07F11D0101225E20FFF7BBFE07F140
:101390001E0101225020FFF7B5FE6C468CB097F875
:1013A00016C0FE7D387E797EBB7E6A46DFF8CCE2D1
:1013B000CDE909130723CDE905ECCDE9076042F833
:1013C000103FAF482B464FF4635101F07FFDA54617
:1013D0008AB0FE7E387F797FBB7F6A46DFF8A4C281
:1013E00009930623CDE905C6CDE9070142F8103F70
:1013F000A3482B464FF4435101F068FDBB7DA54641
:1014000023B1A14A9E48012115F0B9FBFB7DDC0602
:1014100004D59E4A9A48012115F0B1FBFB7D980640
:1014200004D59B4A9648012115F0A9FB7B7F9906BC
:1014300003D597F91E30002B0BDB964A904801210B
:1014400015F094FB6FF0040528462437BD46BDE82F
:10145000F08F914C204619F0BDF8002800F00B8168
:101460004FF48030FFF792FE8C4A8D4B53604FF45F
:1014700080339360A368DB691BB188490122204651
:101480009847A3689C6934B183484FF080634FF05C
:10149000A0721021A047BFF35B8F824C002354E859
:1014A000002F44E800310029F9D1BFF35B8F14F01D
:1014B00049FA7D48FFF76AFEC82019F06FF8FFF778
:1014C00045FE80467948FFF761FEC82019F066F8AE
:1014D000FFF73CFE06464FF48030FFF757FEB8F1A9
:1014E000010F7C6040F0B780002E40F0BE80704B52
:1014F0006C468AB06A466F49CDE9076340F2024301
:10150000ADF824306C4BCDE9051842F8103F5C482B
:1015100000234FF4335101F0D9FC0121A5460D20E1
:10152000FFF744FE4FF000094FF4C876FFF70EFEB8
:10153000012808BF09F10109642019F02FF8013EC4
:10154000F4D131460D20FFF731FE5C4A5C4BE84692
:101550008AB0B9F1000F18BF13466C46594A079379
:10156000EA46594B40F2013BCDE90529ADF820B0E0
:101570004AF8103F4248334652464FF4135101F0A7
:10158000A5FC3021C5460320FFF710FE4648FFF7B3
:10159000FDFD0021422019F053FBFFF7D7FD4FF06E
:1015A000A0438146D3F84037A5464849C4E905130E
:1015B00003F00101E161C3F34001C3F381036362FE
:1015C0000623216223612E48334652464FF443518D
:1015D00001F07CFC3146C5460320FFF7E7FD4FF4E0
:1015E0008030FFF7D3FD3A493A4BA546B9F1000FD9
:1015F00018BF0B463849E361334BA4F820B0C4E967
:10160000051923611E48524633464FF4135101F029
:101610005DFCC5467A68BFF35B8F52E8003F42E845
:1016200000610029F9D1BFF35B8F14F08BF9A54657
:101630002A4B6361BB68A361FB68E36110232362EB
:10164000052323610E48334652464FF4235101F0DF
:101650003DFCC546F8E6224BB8F1000F7FF448AFD9
:10166000204A002E08BF134642E71F4B1C4A012E9A
:1016700018BF13463CE76FF01205E5E6F1E90200FA
:1016800054C3020042EA020089EA0200ECEA0200C6
:1016900045EB020090EB0200A0BE0200DC5B0020E4
:1016A0006D110100D85B0020100001002000010036
:1016B00002E90200AAEB02000500000142E9020073
:1016C00070E90200DBEB02000400000117EC0200ED
:1016D0009EE90200B9E9020053EC02008AEC020024
:1016E0001EE90200EAE802002BE90200F0B583B02F
:1016F00000AF0023BB71FB71234818F06BFF00287B
:101700003ED0FFF723FD01220446B91D4520FFF717
:10171000F9FC0122F91D1D20FFF7F4FC1B4AB979E1
:101720001368A3421A4B02D11878884228D014605B
:101730001970FE79174BBFF35B8F1868BFF35B8F8F
:10174000BB79154A13F0080F6D468CB0134B18BFC8
:1017500013466A46DFF848C0CDE9090340F2046346
:10176000ADF82C300F4BCDE905C4CDE9071642F892
:10177000103F0D4800234FF4735101F0A7FBAD4615
:101780000C37BD46F0BD00BFA0BE0200E82300201C
:101790001B270020D85B0020C3EC02002FF10200C1
:1017A000CFEC02000700000154C302001E4BF0B54D
:1017B0000FCB85B08DE80F001C4D284618F00AFFAE
:1017C00048B91B4A1B48012115F0D0F96FF01204EB
:1017D000204605B0F0BDAE686946B3682846984714
:1017E000041E06DA144A23461248012115F0C7F9EF
:1017F000EEE7124F3C600221336828469847041EEA
:1018000005DA4FF0FF333B600D4A2346ECE73968B9
:10181000F368284698470B4A064842F210730321A2
:1018200015F0ADF90024D3E7A4C40200D8BE02002D
:101830001FED0200DCC3020050ED0200EC2300208B
:1018400087ED0200B4ED0200044B1968002903DBA8
:1018500003488368DB681847704700BFEC2300200B
:10186000D8BE02002DE9F84F8A4600AF002974D097
:1018700004680E1F361BF50826F0070604EB060861
:10188000B8F802B01BF0010B16D1E94688B06A46E1
:10189000334BCDE90531032342F8103F31485B4615
:1018A0004FF4C25101F012FBCD468BF31188BFF308
:1018B0006F8F0423184602DF2946204614F052F8A1
:1018C000284434F83030C01A854217D0E94688B031
:1018D0006A46254BCDE9053A032342F8103F2148DB
:1018E00000234FF4C25101F0F1FA0023CD4683F3F7
:1018F0001188BFF36F8F0423184602DFB8F8023057
:1019000023F00103A8F802302946204614F02AF8F3
:1019100005EB000804EBC8035B88DA0708D44146EE
:10192000204614F068F842462946204614F0A8F8EC
:10193000A65BAE1B04EBC6035B88DB0709D431460C
:10194000204614F058F82A463146204614F098F8FC
:1019500035462946204614F00AF8BD46BDE8F88F02
:1019600042EE0200ACC3020019EE02002DE9F04F76
:1019700091B08407009302F004030293C2F3C20300
:1019800003F10103DDF868A0039205460E460593B6
:1019900040F09D81041D00284AD101F00706341D46
:1019A000C6F10806009B00275A1E4FF004084FF0AE
:1019B000FF3301930497B946BB4643460DB10099E6
:1019C00021600598002800F3D78090480099814253
:1019D00003D38F488142C0F0CF80039911F0020CED
:1019E000A4EB050040F0D680B9F10F0F00F2CF80D4
:1019F000002D00F0D68009F140010DEB010EC0F37F
:101A0000870001990EF8200C0EF8101CBCF1000F95
:101A100000F0C38060F07F000EF8200C013709F160
:101A20000109C5F10801043406914FF6DA7E8CE015
:101A30000729B7D86FF01B0011B0BDE8F08F7A28E6
:101A40005BD84B280FD8472857D829282ED82528C7
:101A500050D052D8202818BF23280CBF4FF0010BBC
:101A60004FF0000B71E04C382E2846D8DFE800F02C
:101A70006D454545454545454545454548454545EB
:101A80004545454545564548485656566D486A456C
:101A90006D4518481845457F7C48454548457C00BC
:101AA00000204FF0000B4FF0040835E02A38C0B298
:101AB000012101FA00F010EA0E0F46D110F0625C2D
:101AC0002CD110EA010B40D06046013C4444B4FBE9
:101AD000F8F408FB04F425B1A3EB050CA444B445C9
:101AE000A8D8002870D00599013905915AF8041B2F
:101AF000009163E70199013901914FF0000B24E057
:101B000012F8010C6C2834D112F8023C00206C2B26
:101B10008346C8D14FF008084346D6E70AF1070AC2
:101B20002AF0070A0734FAE802BC24F0070435B1AA
:101B300006982044B0423FF67DAFC4E900BC0834AB
:101B40004FF0000B4FF00808434612F8010F002831
:101B500053D0BBF1000F7FF472AF2528F5D1019B64
:101B6000013301934FF0010B4FF00408ECE75846A6
:101B700097E700208346A8E7039988077FF551AFD0
:101B8000601B4FF0010CB0F5007FFFF42DAF6FF03C
:101B9000150051E74FF0000CF5E704980130049070
:101BA0003DE7BCF1000F01D0013638E7029802365C
:101BB00000287FF434AF0098CDE90632FCF700FA34
:101BC000DDE9063206442AE7042B08D10AF10400B5
:101BD00015B1DAF80010216004348246B5E70AF145
:101BE000070323F0070303F1080A1DB1D3E900013D
:101BF000C4E9000108340823A7E7631BB3F5806F2D
:101C0000C5D23DB9A6F10804E01815E780BD020071
:101C1000501F0300029A28609B082B709DF810301B
:101C2000AAB1EB70AF702FB108A80022C5F1010C6A
:101C300091450ED1C5F101030DF120084FF0000AC6
:101C400001930DF1300BD14512D1601BF4E66B709E
:101C5000E8E710F8013B190608D50CEB040EB64571
:101C600003F07F033FF6E6AE04F8013B0132DFE705
:101C70001FB198F90020002A17DB029BD3B11AF894
:101C80000B2004F8012B0022019B18191044B042CC
:101C90003FF6D0AE98F8000004F8010B00990392CB
:101CA000204619F0BDFF039A14440AF1010A08F115
:101CB0000108C8E798F8002055F822300093029BED
:101CC00045F822300098FCF77BF9421CDCE76FF006
:101CD0000D00B1E62DE9F04F97B000AFC7E90A3229
:101CE00005468A4649B903784678807800EB830038
:101CF0002844564524D8A0EB050AD7F8803095F83B
:101D00000280D7F8804003F00103FB61EB787B622F
:101D1000B8F1000F0CBF002404F001041BB1D7F888
:101D200080309A0715D4A4B9FB6A1BB1BA6A514630
:101D300028469847564630465C37BD46BDE8F08F8A
:101D4000441C2046FCF73CF9013020440AF1010A0A
:101D5000CFE7D7F88030C3F3C0033B622B78BB6179
:101D60009B003B616B687B61BB6905EB830BFB6A86
:101D7000002B77D15646D844BCB11C461BF8013B1A
:101D800055F82300FCF71CF9D7F88430013043B133
:101D9000D7F88830A34282BFD7F8843023F81400E4
:101DA0000134C3450644E9D1D846D7F8803013F052
:101DB000050F0CBF4FF0020B4FF0010B4FF0000965
:101DC0007B6A9945B7D298F8013055F823A0AE4BFD
:101DD0009A4508F10208C0F04B81AC4B3A6A9A452B
:101DE0002CBF002301230AB318F8021C7869FB6298
:101DF00013F01BFFFB6AC8B1EA468AB06A46A44BDF
:101E000005937B69CDE906314FF40073ADF82030BE
:101E1000A04B42F8103FA04800234FF4125101F0AC
:101E200055F8023ED54609F10109C9E723B1FB691E
:101E300033B9A6EB0B06F6E7D7F880309B07F2D54F
:101E40005046FCF7BDF8D7F884304BB1D7F888304E
:101E50009C423FBFD7F88420431C22F81430013441
:101E60000644E0E7002C69D1B8F1000F6CD0D7F838
:101E7000803058076BD5C14607F1480042465946A5
:101E800019F0CEFE0BEB0803FB6000220233796AE7
:101E90008A425ED3D7F8802095F801B0F96992079D
:101EA00004EB0B03DBB254BF4FEA590200220029B6
:101EB00040F0A680D7F8801011F0040F14BF4946F7
:101EC00000216B70A970EA703969BA6AFB6A28460A
:101ED0009847061EFFF62FAFBB692B707B6AEB702D
:101EE0004946BA6AFB6A85F801B085F8028007F1B5
:101EF00048009847B0F10009C0F2B6803B697A6AA1
:101F0000786A03EB4201FB68BA6A414403EB400084
:101F1000AAEB0101FB6A98470028C0F2A780B144F0
:101F200009EB00064FF0000B07F1380AA34569D30F
:101F30000021BA6AFB6A08469847FCE6444607F166
:101F400038004FF0000999E74446C1469AE7A14698
:101F500098E713F8016CDFF830C155F8260013F844
:101F6000021C6045C0F08A80DFF820C16045386AF5
:101F70002CBF4FF0000B4FF0010B38B17869C7E967
:101F8000013213F052FED7E90132F0B9BBF1000F74
:101F90001ED0F96949B1611C04F1280007F1300431
:101FA000041904F8206CCCB20FE0D7F88010490770
:101FB0000BD509F1280007F1300C09F1010100EB04
:101FC0000C0909F8106C5FFA81F9013202335EE7FF
:101FD000D7F880008007DED409F1280C07F1300E15
:101FE000F44409F101000CF8101C07F1580151FAF2
:101FF00080F009F102095FFA89F900F8106CE4E752
:1020000000215EE71BF80A3087F8373055F8239037
:10201000D7F884302BB3D7F888309B4521D2D7F836
:10202000843033F81B80BA6AFB6A012107F137005C
:10203000984700281ADB0644B8F1000F06D148463D
:10204000FBF7BEFF00F101081FFA88F8BA6AFB6AC5
:10205000414648469847002808DB06440BF1010B2F
:1020600064E74FF00008DEE74E4664E6064662E6A7
:102070003B6A002B3FF4E0AE0023B5E6386A002847
:10208000A6D04FF0000B79E780BD0200501F03007F
:102090006FEE02000400000104C30200014B18604F
:1020A000704700BFF023002080B505460E46174656
:1020B000984610F003FB034602F060FADFF8189030
:1020C000044649F80030424630463946A84754F89D
:1020D000090002F0EFF900BF080000002DE9F04709
:1020E000058B0446280717460CD501290CBF45F07F
:1020F000100545F02005258387F31188BFF36F8F06
:10210000BDE8F087022905F0070540F094802046DD
:1021100014F0A2F8052864D801A353F820F000BFFA
:10212000F920010037220100E3210100A52101006F
:10213000BF210100D121010001F007035A1F012A2C
:102140001FD8002221F00701062BD4F8008089B2A5
:10215000C4E9002209D1434603E0628B0132628365
:102160001B68002BF9D141F002012183204614F0B5
:1021700073F84FF0000900286DD041F02001218351
:1021800069E0042B0AD121F0070189B2218320469E
:1021900014F062F810B141F0200121834FF00008E3
:1021A000C14658E02369D3F80090238B23F007033E
:1021B00043F0060323834FF0000846464BE02369B3
:1021C000D3F80490238B23F0070343F00403F1E7D3
:1021D0002369D3F80890238B23F0070343F005030A
:1021E000E8E74FF00008C146E7E7012243F00803A3
:1021F000238387F31188BFF36F8F002A3BD1B8F197
:10220000000F4AD1B9F1000F02D02D492046C8472E
:10221000EFF31187402383F31288BFF36F8F238B73
:1022200023F008039BB22383D9063FD523F0100285
:10223000228303F007056669218B002EBFF67CAF71
:102240000023D4F8008021F00701C4E9003341F0F5
:10225000010121839946238B03F0070AAA4502D086
:10226000A268002AC1D1B8F1000F02D1B9F1000F64
:10227000DAD00022BAE7A1680029C0D00D68002991
:10228000BDD04F68334652462046B8471DB12B6833
:1022900029461D46F3E72B46FAE7414633465246A8
:1022A0002046D8F8008014F003F8A8E79A067FF5D6
:1022B00023AF23F02002228303F0070527E700BFA6
:1022C000DD62020037B504460821C06A124D14F0E1
:1022D00085F900234FF6FF72ADF804306368ADF85E
:1022E00000208DF80620E26819182B401344181AB4
:1022F00060606846ADF8021014F0C8F869462046E0
:1023000014F08BF9211D204614F0B1F863682B40BE
:10231000A36003B030BD00BF0000FFFF2DE9F7430D
:102320000F4681460821C06A144D14F057F93C68E5
:10233000241A80463C6004EA0506B4421CD3A0B2CD
:1023400010B903B0BDE8F08308236A462146484629
:1023500014F054F80028F4D16946A0B214F02AF918
:1023600038B1BDF80230BDF804203C602E40134463
:102370001E44A4EB0804E0E70020E2E70000FFFFB2
:102380002DE9F04704468AB000F11407384618F0EA
:10239000BCF9A06A8368DB689847E06250B9994A43
:1023A0009948012114F070F86FF0150528460AB01D
:1023B000BDE8F087A06A8368DB6898470368013B43
:1023C0001F2B01D9914AEBE7E368B3F5803F08D9A9
:1023D0004FF4803200928C488D4A012114F0D9FBD1
:1023E000E2E7A06A216807AA16F0DBFF08B1894A74
:1023F000D6E7E5682DB1089BB5FBF3F203FB125558
:102400000DB1854ACCE7238A012B01D8834AC7E75F
:10241000E36A029593F805804FF0FF334FF0FF32E7
:1024200038460FF0ADFAE06A082114F0D7F8A94653
:102430000646238A1FFA85FA534527D8238A4B4537
:1024400042D1774A7048022114F01EF8228AE368CC
:10245000A06A21685A4314F0A4FD0546002840F004
:10246000E680E368228A9B1B013A9BB203EB02439E
:102470000293029908234246891B204613F0CCFFA1
:1024800020BB02A9204613F0F2FF1FE0E1682B04F5
:10249000891B13FA81F1424608232046029113F06A
:1024A000BBFF78B102A9204613F0E1FF09F1010951
:1024B00002990823424620461FFA89F913F0ACFF1F
:1024C0000028BBD00135B4E79A45D2D002A92046F6
:1024D000FFF724FF0546002840F0A98002996160BB
:1024E0004FEA11494FEA0949C4F80890A3688B42A2
:1024F0000DD8082303AA204613F080FFB8B903AB18
:1025000013F8012B904514D101300828F8D16368E5
:1025100002A96FF30F032046029313F0A8FFE368AC
:1025200002994246204613F077FF00281EDA05463E
:102530007DE0A08803A914F03DF8626810B9911BF2
:102540006160D3E7BDF810A0BDF80E10E06AC4F8D2
:102550000890514414F042F848449042A060EED1F3
:10256000BAF1000FEBD06FF01C0560E000F087803F
:1025700063684FF6FF7906EB0308E368CDF808803F
:102580001FFA88F29B1B9A4224D3264A1E48032135
:1025900013F07AFF6168204614F096F8014600288F
:1025A00044D16368204AE06813400344A3EB460328
:1025B00063601340A360204614F0E9F80028B6D108
:1025C000E368A288A3EB46039A4230D1204614F078
:1025D00041F8ACE7082305AA4146204613F00EFF58
:1025E0000028A4D105A91FFA88F013F0E3FF38B141
:1025F000BDF814304B4503D1BDF81830002B62D024
:10260000B044BAE742EF020034C3020064EF0200B4
:1026100081EF0200AAEF0200C2EF0200D6EF020033
:10262000F9EF020073F002000000FFFF0D4638468C
:102630000FF018FA002D7FF4B9AE0123A374E268FD
:10264000238A2A4800920321294A14F0A2FA6368D7
:102650009AB200922548274A1B0C032114F099FADC
:10266000A3689AB200922148234A1B0C032114F05C
:1026700090FA9BE6E26AA36812681344A360D4E967
:1026800001318B4208D95B1A4246204613F0C4FE42
:102690000028FFF64CAFEDD16168E36801EB46021C
:1026A0009A428DD1154BA06801EA0302904287D06F
:1026B000204614F009F800287FF439AF62680F4B08
:1026C0001A40A2607CE70E4A0848032113F0DCFEA2
:1026D000636802A96FF30F032046029313F0C7FE4D
:1026E0000299204613F0F0FF68E700BF34C30200F0
:1026F00024F002003BF002004DF002000000FFFF5A
:102700005EF002002DE9F04F1E46837C95B0044632
:102710008946904653B96B4A6B48012113F0B4FEC9
:102720006FF00C05284615B0BDE8F08FC26A08218D
:10273000104613F053FFB1B20190104613F04EFF54
:10274000E368019AA3EB820383420746C0F0B68098
:102750001EB1B8F1000F00F0B180D4F804A0CDF89C
:1027600010A005AA04A9204613F0C7FF05460028BB
:10277000D8D1BDF814304B4507D0DDF810A0636800
:102780005345EED1002E39D1CCE705A91FFA8AF0C6
:1027900013F010FF0028F0D0BDF8183066B3B34234
:1027A0002CD14FEA1A43BDF816A0CDF800801B04C7
:1027B0009A44E36A1B685B4203F020030293B3462A
:1027C000029B5B4528BF5B460CAA514620460393FB
:1027D00013F014FE00284DD1039B00981A460CA953
:1027E00019F03BFA50B9039B009ABBEB030B1A4458
:1027F0009A440092E4D195E7002B93D0002F3CD16E
:10280000BA4604F1140B4FF0FF324FF0FF33584635
:102810000FF0B6F8238A9D424DD0D4E901320AEB7D
:1028200002018B422ED39BB263B3FF23ADF81E206F
:10283000002118220CA88DF82230ADF81C90ADF8BC
:10284000206019F0FBF90CA92046CDE90E8613F0A3
:10285000CFFE074648B907A813F018FE07A920467F
:1028600013F0DBFE074600B9374658460FF0FAF87A
:102870003D4657E7C2DC054654E7019B1F441FFA5B
:1028800087FABEE72046FFF71DFD3DB9ADF824905D
:10289000CDF82880ADF82C608DF82E5009A920467F
:1028A00013F075FF07460028DFD19DF82E30013563
:1028B000002BAFD0D8E76FF01B07D6E76FF01505F8
:1028C00030E700BF2EEF020034C302002DE9FF47BE
:1028D0001E46837CBDF8309004460F4690464BB9A7
:1028E0002848294A012113F0CFFD6FF00C0004B0F5
:1028F000BDE8F087C06A082113F070FEE368A3EB1F
:102900004003B3423AD3656801954FF0000A02AA2A
:1029100001A9204613F0F1FE0028E8D1BDF80830E7
:10292000BB4206D102A9A8B213F044FE50441FFADC
:1029300080FA019B62689A4219D0CA4515D9BDF840
:102940000C30C3B1CA4516D3BDF80A10B3426FF3B9
:102950000F0528BF334642462944204613F04EFD5A
:102960000028C4D1BDF80C00C1E71D46CFE7BDF873
:102970000830BB42E3D06FF00100B8E76FF01500FC
:10298000B5E700BF34C302002EEF02002DE9F04787
:10299000DFF85480044607464FF0010994FAA4F585
:1029A000B5FA85F509FA05F32E0108EB05156FEA6E
:1029B000030A24EA03042B7B63B158F806301B6931
:1029C0006BB94644042273682846196807EA0A0767
:1029D00014F05CF8002CE1D13846BDE8F0872846B9
:1029E00098470028F6D1ECE7ECC3020010B50F4978
:1029F0000F4888B0002218F016FA00220023CDE913
:102A0000062300240E23CDE90334CDE90144094B0C
:102A1000094900944FF4407208480FF0D7FB084969
:102A2000064818F04CF8204608B010BD452A0100B1
:102A3000E0450020752D0100406A00205835002037
:102A4000A1F0020001480FF08FB800BFF42700206A
:102A50002DE9F047804621480F4613F0F7FF064660
:102A6000002833D000252846BDE8F087237B83B1BA
:102A70002368DB680BB120469847636883F80690AB
:102A800023681B69D3B9636804221968204613F0D0
:102A9000FDFF013610345445E8D3B8F1000FE2D001
:102AA000002DDFD02846FFF771FF0546002FF7D035
:102AB00000214FF4A47018F0C3F8F1E720469847BE
:102AC0000028E0D009FA06F31D43E2E7044CDFF8E2
:102AD00014A005464FF00109DDE700BFFC5B0020B4
:102AE000ECC30200FCC30200014B53F82000704706
:102AF000E4C8020008B5034608462BB1044A136037
:102B000000F044FC002008BD6FF01500FBE700BF9B
:102B1000F423002010B5044C237813B903480FF0B8
:102B200023F80123237010BD6A650020F4270020DC
:102B300010B504460B4813F089FF5CB1BFF35B8FFF
:102B4000094B53E8001F013943E80012002AF8D16D
:102B5000BFF35B8F054810F0D5F80548BDE810407D
:102B60000FF002B8F45B0020F85B0020E045002085
:102B7000F4270020064BBFF35B8F002253E8000FC1
:102B800043E800210029F9D1BFF35B8F704700BFF4
:102B9000F45B002070B5FFF7EDFF084C084E0546CA
:102BA000B44200D370BD63685B792BB123685B6866
:102BB00013B12946204698471034F1E7ECC30200D0
:102BC000FCC3020010B5044C0449204613F068F918
:102BD000034B1C6010BD00BF3C270020D0C8020082
:102BE000EC5B00200D4A0E48002310B513700D4A0F
:102BF00013600D4A4FF400411360FFF77BFFFFF7AE
:102C0000E1FF0A4B0A4918468B4200D310BD1A1A3D
:102C10005C681211013222711033F5E76B650020F8
:102C2000496A0200F45B0020F85B0020ECC302005C
:102C3000FCC30200014600220148002313F051B9F1
:102C40003C270020014813F0E8B900BF3C270020D2
:102C5000024B0146186813F03BBA00BFEC5B002042
:102C6000014813F070BA00BF3C27002070B52A4B12
:102C70001B78002B4ED0FFF7E5FF0446002846D115
:102C8000264B274D1B68002B19DD18F084F84FF4F4
:102C90007A76A0FB063206FB0121D5E90020DB0B8A
:102CA00043EA41439B1A4FEAD13140F2E93261EBEA
:102CB0000001934271F1000101D3FFF76BFFD5E9E9
:102CC000003213F57A7342F10002C5E900320CB309
:102CD000BDE87040FFF7C4BF6B685B7923B12B6818
:102CE00021461B68284698471035B542F4D3204644
:102CF000FFF7AEFFBFF35B8F0A4B53E8001F0139AC
:102D000043E80012002AF8D1BFF35B8FB8E7064D05
:102D1000064EEAE7002070BD6A650020F45B0020E3
:102D2000D8450020F85B0020ECC30200FCC3020081
:102D300070B50D4D297861B90120FFF789FE0B4C64
:102D40000B4EB44206D3FFF791FF0028FBD10123BD
:102D50002B7070BD63685B791BB1236820469B684C
:102D600098471034EDE700BF6B650020ECC302000C
:102D7000FCC3020000212DE9F8430846FFF768FE76
:102D8000044648B340F267684FF0000901F0F6FBD3
:102D90001A4B1B4A1B58136033B11A4B1B68092B83
:102DA00002DD19480EF0E0FE184F002544B1204620
:102DB000FFF7ECFD044618B94FF0FF384FF0FF392C
:102DC000FFF754FF064628B9B5B90F4842464B46AF
:102DD0000EF0FEFE3546E9E74FF0FF384FF0FF39C1
:102DE000D4E72B689B691BB10022114628469847FF
:102DF0001035BD42F5D3E8E7054DFAE708000000BD
:102E0000F05B0020F85B0020F4270020FCC30200E8
:102E1000ECC3020013B5184813F018FE174B1B78CB
:102E200073B1EFF31184402383F31288BFF36F8FE4
:102E3000FFF71CFF84F31188BFF36F8F02B010BD42
:102E40000F4B1B68002BF9D050B900220023CDE9AD
:102E500000230C484FF4004200230FF01BFFEDE766
:102E60000928EBD107480FF04DFF074802B0BDE835
:102E700010400EF079BE00BFF85B00206B650020AB
:102E8000F05B0020E0450020F427002010B5064B41
:102E90001B68044698472146A060044813F09EF83A
:102EA000BDE81040FFF7B6BFF42300203C27002008
:102EB000044A054B9B1AB1EBD30F34BF52F83100D3
:102EC000002070475CC20200ECC302002DE9F04F05
:102ED0008FB004AFC1F34A26B8600D4690467B60C0
:102EE0000C0D002E61D04FF000090A234FF0040BA7
:102EF00007F1140AFE60C7E90799C7F82490009308
:102F0000CDF808B0CDF804A007F11C03F9684A46D3
:102F10004046FEF7DFFEB0F5006F03461CD36C465B
:102F20008AB0D8F8041004AB2448C3E9050140F284
:102F3000FF71D9611A464FF400711984204B42F891
:102F4000103F20484B464FF41251FFF7BFFFA546F4
:102F50002C37BD46BDE8F08FC0F30A0604F1170018
:102F6000184420F0070080083B60FFF763FE66F31B
:102F70005325044680B13B68134A00F11001C7E9AC
:102F80000839F961CDE901AB0A230093F96807F12B
:102F90001C034046FEF79EFE66F353257B68B96826
:102FA0002A46204613F092FDD2E704F1170020F0E4
:102FB00007008008FFF73EFE0446EDE7B6F002008A
:102FC000040000015CC302009F6A02002DE9F04F7B
:102FD00087B0DDE9127ADDE9106B054688461446B4
:102FE0009946BFB11021CDF800A03B465A460020BB
:102FF000CDF814A0FEF7BAFCB0F5006F01460BD374
:10300000194A1A4840F2FF73022107B0BDE8F04F99
:1030100013F0B5BD3946384604F0070305F0070440
:10302000E40044EA831444EA402444EA065406F1E6
:103030001700084420F0070080080391FFF7FAFD0D
:10304000054640B13FB10399CDF800A03B465A4632
:103050001030FEF78BFC4B4622464146284607B00F
:10306000BDE8F04F13F032BDF5F002005CC3020082
:10307000406820B1034BC01A40F3CF0070474FF0B7
:10308000FF3070475CC202000EB403B503AB0146CB
:1030900053F8042B0448019301F0F6FB02B05DF8ED
:1030A00004EB03B0704700BFE16B0200CA0605D411
:1030B0008B064CBF02490349FFF7E6BF704700BFCC
:1030C0002EF102002DF102002DE9F04F89B0984653
:1030D000159B0693DDE916A39DF85090189F059265
:1030E00004460D460493B9F1000F00F0B08007F4D8
:1030F0008073079313F0C8FC07F0020B0246002808
:1031000074D078492046FFF7BFFF0646BBF1000F99
:1031100008D017F0440F6BD173492A462046FFF7B9
:10312000B3FF064407F0010353B1704B704953F8E5
:103130002920704B2046002A08BF1A46FFF7A4FF3B
:1031400007F48073002B07F0080318BF4FF0000846
:10315000002B79D0684B694953F829202046FFF7A6
:1031600093FF0546059B2BB165491A462046FFF79C
:103170008BFF0544B8F1000F05D062494246204656
:10318000FFF782FF054460483544069B1BB15F4949
:10319000224612F019FD049B002B00F08E80DDF812
:1031A00010803946B8F1100F204628BF4FF01008A4
:1031B000FFF77CFF0026B54250DC002633461AF8A4
:1031C000032053492046FFF75FFF0136102E4BD0F6
:1031D000710703D14F492046FFF756FF4645334656
:1031E000EDD34D492046FFF74FFFEEE706468DE74A
:1031F0004A4B1868002894D0494B4FF47A7B1B68DF
:10320000B5FBF3F54FF46163B5FBF0F100FB11552D
:103210000BFB05F54FF03C0CB1FBF3F203FB121175
:10322000B5FBF0FEB1FBFCF300FB1E550CFB1311CC
:103230000BFB05F50091B5FBF0F53A49CDE901E549
:103240002046FFF721FF6CE707F008058AE7B8F191
:10325000010F0CBF2C4834484D4696E72D492046B7
:10326000FFF712FF0136A6E7304920460026FFF798
:103270000BFF33461AF803202D49A2F120035F2BE0
:1032800028BF2E222046FFF7FFFE0136102E0DD05C
:10329000720703D11F492046FFF7F6FEB0453346BB
:1032A000E8D81C492046FFF7EFFEEEE7049BB3EB9E
:1032B0000803C24404937FF472AFB9F1000F0AD03F
:1032C000FB0704D50B4A0A492046FFF7DDFE3946C5
:1032D0002046FFF7EBFE204609B0BDE8F04F13F0A3
:1032E00072BC00BF35F1020039F10200F4C80200DF
:1032F000F8FC020030F1020008C902005EF1020091
:1033000064F1020068F10200E16B020089480100EB
:103310006DF1020075F1020073F10200045C0020FF
:10332000005C002042F10200176C020077F10200FD
:1033300079F1020073B542F20F738B4228BF0B463E
:1033400005680F4A04460521684611F027FC6368AA
:103350000C495B6806460B22284613F026FC63687E
:103360003246694628465B6813F01FFC63680649CD
:103370005B681B22284613F018FC02B070BD00BF2A
:10338000AA1B0300921D0300761D0300074A0021BB
:103390000123904206D8064A01B901231360054B68
:1033A0001860704740085B000121F2E740420F00BF
:1033B000005C0020045C0020014B01221A70704761
:1033C0006C650020014B0020196070471C5C0020D8
:1033D0000148FFF7AFBF00BF38C9020010B5064B68
:1033E00018680C46FFF780FB21460346BDE81040F5
:1033F00002480F22184700BF1C5C002038C9020099
:10340000F8B5094D094B0A4ED5E9004701221A705B
:103410000CB92C60F8BD214630463A4600F01EF843
:10342000241A0644F4E700BF105C00206D650020FC
:103430006E65002010B9074B18707047064B1B785B
:103440001BB141F2883017F0A9B8A420002117F071
:10345000F7BB00BF6C6500206D6500202DE9F047CB
:10346000DFF88090204E80460F46042599F80040F2
:10347000ACB917F086F83A468246414620460DF030
:10348000EDFF0446504617F084F8ECB10123337089
:1034900099F800307BB93C462046BDE8F0873A46B3
:1034A000414600200DF0DAFF0446EEE72846FFF71C
:1034B000C1FF6C1E254600200EF060F80028EAD0FF
:1034C0003378002BF2D1E6E7337833B1013D28465B
:1034D000FFF7B0FF3378002BC8D13378002BDAD058
:1034E000DAE700BF6D6500206C650020014B0360CA
:1034F0000020704748C9020070B5104B1C680D468B
:10350000B4B10F4B196800238B4202DB6FF001004E
:1035100070BD224612F8106B864202D00133144669
:10352000F2E7E06817F056F828B12C600020EFE7CA
:103530006FF00C00ECE76FF01200E9E7F8230020D1
:1035400048C9020010B588B0436802938368C06818
:10355000CDE903320A680023CDE906230C4601AA0F
:103560000449059315F021FF079808B9059B2360CE
:1035700008B010BDA16C02001FB507240294044CD2
:103580000194BDF81840009415F0B8F904B010BDCE
:103590001C27002010B5DFF824C086B04FF4281493
:1035A000CDE904C40824029404AC0194BDF8204081
:1035B000009415F0A3F906B010BD00BF1800280054
:1035C000024B01221A700020704700BF8065002066
:1035D0001FB501240294044C0194BDF818400094D6
:1035E00015F08CF904B010BD80650020B0B5144A08
:1035F000144B012900AF6C4688B006BF1346012565
:1036000000256A461049CDE905134FF40073ADF863
:103610001C300E4B42F8103F00230D484FF4E6518A
:10362000FFF754FC0B4BA5461C683CB154F8083C12
:10363000083C0BB128469847A468F6E7BD46B0BDE4
:10364000F5DE02008ADD0200CBF10200030000017A
:103650003CC30200205C002070B516461D46104A8F
:103660001048032113F08BFA0F4B1C687CB1083C07
:103670006FF0850063682BB13078984710B110F176
:10368000860F09D1A4680CB1083CF3E710B16FF0C4
:103690007F0070BD2846FCE76FF00D00F9E700BF22
:1036A000E0F102003CC30200205C002010B50D4C8C
:1036B00086B006236070182200216846237018F037
:1036C000BDFA094B6946CDE9013400200223ADF86B
:1036D0000C3008F05FF810F1800F08BF002006B032
:1036E00010BD00BF7E650020C0CA020010B5084CA6
:1036F00086B024788DF81740012402940DF1170448
:103700000194BDF82040009415F0F8F806B010BD03
:103710002327002080B50D4A0D4B00AF88B001294A
:1037200008BF13466A460B49CDE905134FF40073F1
:10373000ADF81C30084B42F8103F084800234FF406
:10374000E651FFF7C3FBBD4680BD00BFF5DE0200BA
:103750008ADD0200FEF102000300000164C20200E3
:1037600000B589B064288DF80700C2B219D80E4B95
:1037700000211A7002A8182218F060FA0B4B03936C
:103780000DF10703049302A901230020ADF81430C2
:1037900008F000F810F1800F08BF002009B05DF8B4
:1037A00004FB6FF01500F9E72327002060CB02002F
:1037B0002DE9F0410C4B1C6805460E4617467CB1BE
:1037C00000F06AF963682046D3F8108032463B4621
:1037D0002946C047044600F069F92046BDE8F0815B
:1037E0006FF00104F9E700BF285C002000230360AC
:1037F000044B5A6812B9C3E9000070471060586062
:10380000704700BF2C5C0020014B1860704700BF60
:10381000285C002030B585B00023CDE90233054691
:10382000019000F039F9094B1C6844B9284600F0B2
:10383000D5F8044600F03AF9204605B030BD63687B
:1038400020461B6801A998472468EEE72C5C0020FD
:103850001FB5CDE90101039200F01EF9074B1C686A
:1038600024B900F023F9204604B010BD6368204657
:103870001B6801A998472468F2E700BF2C5C002070
:10388000024B0022C3E90022704700BF2C5C0020DD
:10389000024B0022C3E90022FFF7F2BF345C002094
:1038A0002DE9F74307460C4609B100230B601F4D75
:1038B000DFF87C9000264D450FD31E4B1D6885B365
:1038C00055F8188C01AA41463846183D13F07AFA8B
:1038D00010B3D6B914BB2E461EE0D5F8008001AA5D
:1038E0004146384613F06EFA50B116B954B92E4617
:1038F00006E031680022404613F064FA0028F5D152
:103900001835D8E7019B2360F1E731680022404673
:1039100013F058FA0028DDD1AD69D0E7019B236090
:10392000D9E7304603B0BDE8F08300BFFCC3020016
:103930008CC40200345C00202DE9F04784B002AF53
:103940000446D7F8289078600D4616469846B9F197
:10395000000F07D0D9F8001031BBD9F804A0BAF194
:10396000000F28D1391D2046FFF79AFF08B3D0F881
:103970000C907868434632462946C847C8B16D4620
:103980008AB002AA124BD061C2E905344FF4007329
:103990001384104B42F8103F0F4800234FF411518D
:1039A000FFF794FAAD4604E03A1D13F00BFA002835
:1039B000D3D1002007E0D9F8083000937868434657
:1039C00032462946D0470837BD46BDE8F08700BFDC
:1039D00017F2020004000001C4C302002DE9F04701
:1039E000DFF8A890DFF8A8A080464FF00047002637
:1039F000284C3D464C450DD3DAF80040002C40D011
:103A0000183CB8F1000F24D1226952BBA469F5E734
:103A10002F46EDE7B8F1000F03D122694AB91834F7
:103A2000E8E720680022414613F0CCF90028F4D1E1
:103A3000F5E76368BB4206DDAF4202D0AB42A8BFE8
:103A40002B461D46EBE7EAD19047002E08BF0646FD
:103A5000E5E720680022414613F0B4F90028D3D1ED
:103A6000D4E76368BB4206DDAF4202D0AB42A8BFD9
:103A70002B461D46CAE7C9D19047002E08BF06460F
:103A8000C4E7AF42C4D13046BDE8F0878CC4020021
:103A9000345C0020FCC3020003484FF0FF324FF0BB
:103AA000FF330DF06DBF00BFE027002001480DF08F
:103AB000D9BF00BFE027002038B5094DFFF7ECFF64
:103AC0002B785BB9FFF7E4FE00F068F8044608B90C
:103AD00001232B70FFF7EAFF204638BD0024F9E7E9
:103AE000816500202DE9F043048F013499B006462A
:103AF0000F46A4B200F10808651EADB2B5F5004F3F
:103B000047D04A2305AA2946404612F084FF04F50F
:103B10007F543F34A4B28146214601230DF10B02AC
:103B2000404612F078FFB9F1000F014610DC002882
:103B300010DC338FAB4209D132466B1E22F8383F7E
:103B40004FF4004102234046FEF7DCFD2C46D3E74C
:103B5000002808DC2946404612F059FF214640461D
:103B600012F055FFE5E709F160030DEB03090023AF
:103B700009F84C3C084A009703AB05A8CDF80C8027
:103B8000ADF81040FFF7D8FE0028DFD019B0BDE82F
:103B9000F0830020FAE700BF356E02007FB50125F3
:103BA000694628460195FFF7A7FC044660BB02AAB8
:103BB00001A9284613F096F8044610B110F10C0F35
:103BC00022D10399B1F5803F23D2009A0023946853
:103BD0001846084484421AD30133082BF9D10E4DFC
:103BE00069612B835368AB602846D368EB6313F09D
:103BF000B7F9044640B9094E6E602846FFF7F6FD56
:103C000028466E60FFF700FE204604B070BD9BB2F0
:103C1000E5E76FF02004F7E73C5C0020B0CB020042
:103C200008B5044812F022F8034812F01FF80020EB
:103C300008BD00BF3CF2020071F2020008B5034863
:103C4000034A0021121A13F0C0F908BD48290020C8
:103C5000086A00200748084A084908B5121A13F0F4
:103C6000B6F90748074A0849BDE80840121A13F098
:103C7000AEB900BFC020002044290020581F030017
:103C8000B8200020C0200020501F03002DE9F0477D
:103C9000064600AF0C46002936D0E9468AB0D1E985
:103CA0000012A3686D462148E8464FF0050ACDE9A9
:103CB0000501CDE9072348F810AF1D48424600230F
:103CC0004FF42151FFF702F9CD46D4E9031263699D
:103CD000AD461848C5F810A0C5E90501C5E9072398
:103CE0001348002342464FF42151FFF7EFF8CD4629
:103CF000E369114A0E48012112F041FFA3690F4AFE
:103D00000B48012112F03BFF012E07D1EFF3058391
:103D10000B4A0748103B314612F031FF214630462E
:103D20000DF04CFCBD46BDE8F08700BF9EF20200DE
:103D3000A4C30200CDF20200FCF202000BF3020069
:103D400039F3020030BFFFF7FDBF00BF2DE9F0419E
:103D50000B4EDFF8308006EB0807CC1B05463246D9
:103D60000949204617F05CFFA01942460021083C93
:103D700017F064FF2C6707F10800BDE8F08100BF71
:103D800000000000080000008CC4020010B5204CA8
:103D90002049214813F028F9A36A990136D51E4815
:103DA0001E4913F021F91E20A36ADA0104D51A482E
:103DB0001B4913F019F91F20154CA36A1B0304D5E6
:103DC0001548184913F010F92120A36A590304D5A6
:103DD0001148154913F008F922200D4CA36A9A03E3
:103DE00004D50D48114913F0FFF82320A36ADB0323
:103DF00004D509480E4913F0F7F82420044A936AC1
:103E00006FEA03436FEA1343936210BD1D20CBE7B3
:103E100000ED00E04CF30200A4C3020064F30200D2
:103E200077F3020091F30200AFF30200D4F3020033
:103E3000EEF3020070B506460D46284C2849294885
:103E400013F0D2F8A36AD9043CD52648264913F0CA
:103E5000CBF81720A36A1A0504D52248234913F08A
:103E6000C3F818201D4CA36A9B0512D51D48204994
:103E700013F0BAF8A36BA26A100409D51D4A1948B9
:103E8000012112F07CFE1EB1A36A23F40043A36259
:103E90001920124CA36A590504D51248164913F08B
:103EA000A3F81A20A36ADA050ED50E48134913F0B9
:103EB0009BF81B20094A936A43F47F4393620023D3
:103EC0002B7070BD1620C5E7A36A9B04F2D5054888
:103ED0000B4913F089F81C20ECE700BF00ED00E06F
:103EE00019F40200A4C302002FF4020040F40200FF
:103EF00053F402006CF4020081F402009CF402000E
:103F0000B4F402002DE9F843804689461746354D42
:103F10003549364813F068F8AB6ADE0627D53449D0
:103F2000324813F061F81124AB6A1D0704D53149FA
:103F30002E4813F059F812242A4DAB6A980718D569
:103F40002D492A4813F050F86E6BAB6A190646D516
:103F50002A4A26483346012112F011FEB9F1000F1A
:103F600003D0AB6A23F08003AB62132403E0102478
:103F7000DAE76FF015061B4DAB6ADA0704D5204966
:103F80001A4813F031F81424AB6A9B0604D51D4976
:103F9000164813F029F81524124B9A6AD50602D454
:103FA0009A6A90070AD55B68190507D541463046DD
:103FB00000F036FA10B180F309880224094B9A6A9E
:103FC000920642BF5A6A22F400525A629A6A42F03A
:103FD000FF029A6200233B702046BDE8F8836FF031
:103FE0001506C2E700ED00E0E3F40200A4C30200FE
:103FF000F9F4020040F402002CF5020044F502003E
:104000005AF50200B4F402002DE9F041684B8AB081
:10401000D3F8048000AF0446C8F30806002585F3F2
:104020001188BFF36F8F02F07F43B3F17F4F07D149
:1040300002F00C03082B12D15E495F4812F0D4FF46
:1040400000252C460023FB71F31E092B00F28F8004
:10405000DFE803F00A8588818D8D8D8D8D8B1007AB
:104060004CBF0C460125EDE754495348504E12F021
:10407000BBFF0023FB71F36A9A0705D550494E48F0
:1040800012F0B2FF00232DE0F36A002B01DA4D4954
:10409000F5E7F36A5B00F5D54B49474812F0A4FFFA
:1040A0007369A26943F480737361BFF34F8FBFF3E9
:1040B0006F8F32F8023C726922F480727261BFF332
:1040C0004F8FBFF36F8F03F47F42B2F55F4F2BD159
:1040D000DBB2022B28D123683C4A3748012112F079
:1040E0004EFD2368FA79DAB907F1080604F1200CCD
:1040F00020686168324603C2083464451646F7D129
:104100007A6A002D50D0C2F3080121B96FEA522219
:104110006FEA42227A6207F108011846FFF7B6FDFE
:104120002837BD46BDE8F081214B9A6AD2B22AB148
:10413000FA1D01212046FFF7E5FE0EE09A6A12F40F
:104140007F4F04D0F91D0120FFF774FE05E09B6A44
:10415000B3F5803F96D3FFF719FE0346C2E7FA1D79
:104160000021E7E7F91D0020EEE7194987E7194A22
:10417000194B18F4F87FE8468AB008BF13466A4620
:104180001649CDE905134FF40073ADF82030103E09
:10419000134B079642F8103F074800234FF4115184
:1041A000FEF794FEC5466DE76FF30802B2E700BF65
:1041B00000ED00E0A7F50200A4C30200D2F5020062
:1041C000E9F502000AF6020018F6020037F60200CE
:1041D00053F6020079F502008EF5020077F6020030
:1041E00004000001044B5A6942F010025A615A69F6
:1041F00022F008025A61704700ED00E0EFF30880FA
:10420000EFF3098101B57246FFF7FEFE01BD00BF65
:10421000002080F31488BFF36F8F0F4880F3088865
:104220000BF02EFF00200D490860BFF34F8F00F008
:104230002BF8402080F3118809484FF4046140189E
:1042400080F30988EFF314800221084380F3148877
:10425000BFF36F8F00F0B4F84098002094ED00E0B9
:10426000808600200749D1F890200023C2F307225E
:104270001846934200DB7047C1F89830C1F8A0009F
:104280000133F6E700ED00E008B572B6002383F3D2
:104290001388FFF7E7FF144B4FF0FF32C3F880207D
:1042A000C3F88420C3F88820C3F88C20C3F890207A
:1042B000C3F89420C3F89820C3F89C20C3F8802149
:1042C000C3F88421C3F88821C3F88C21C3F8902156
:1042D000C3F89421C3F89821C3F89C2162B6BFF3B8
:1042E0004F8FBFF36F8F08BD00E100E01EF0040F99
:1042F0000CBFEFF30880EFF30980816911F8021C0D
:104300000229FFD001B5724612F063FE01BD00BF65
:1043100040B2002807DB044A4109012300F01F00D6
:10432000834042F82130704700E100E040B20028AD
:104330000CDB4309064900F01F00203301228240B4
:1043400041F82320BFF34F8FBFF36F8F704700BF3B
:1043500000E100E0054B420900F01F0053F8222065
:10436000012303FA00F01040704700BF00E100E0B5
:1043700040B2D30754BF023100210028ACBF00F186
:104380006040074A4FEA4113ACBF00F5614000F0BE
:104390000F00DBB2B4BF135480F80033704700BF86
:1043A00014ED00E0044B054A23F07F039360BFF354
:1043B0004F8FBFF36F8F70470000000000ED00E0EB
:1043C00008B5FFF7EFFF074AD2F8883023F47003EF
:1043D000C2F88830FFF732FCFFF73CFC00F0B0F881
:1043E0000DF012FA00ED00E042F8203C009B42F88C
:1043F0001C3C0A49019B42F8183C029B42F8143CC1
:1044000021F001014FF0807342F8043C42F8081C8F
:104410000023203A02654367704700BFA9200100CE
:10442000094A0346906870B113F1160F006E05D06B
:10443000A0F14002934205D3834203D2814228BFB8
:104440000020704700207047BC60002008B515466A
:104450000B4A0C4B9060026F1A600E4600F0A0F8F9
:104460002C4686F309880020034B984720460021FC
:1044700000220023014C2047FF6F0200A920010009
:10448000BC6000207C5C0020014B10221A61704748
:1044900000ED00E0054B5A699B689A421FBF044A31
:1044A000536843F080535360704700BFBC600020E6
:1044B00000ED00E0084B9B6883420BD1EFF30583CE
:1044C00043B1064B5A6842F080525A605A6A22F44D
:1044D00000425A620EF0F8B8BC60002000ED00E027
:1044E00014498A684FF030001044EFF3098C80E8DB
:1044F000F01F402080F31288BFF36F8F0E4F4FF0F4
:1045000000664A698A603E60106F0C4C2060506FF4
:104510000023536780F3118804B5104600F040F87B
:10452000BDE8044002F1300090E8F01F8CF30988E8
:1045300070470000BC60002004ED00E07C5C0020BF
:10454000044800234021C2180133302B82F80013A5
:10455000F9D1704700E100E008B5EFF30583064AA2
:10456000103B02EBC30152F8330049688847BDE8AD
:104570000840FFF78FBF00BF80BF020001480068FE
:10458000704700007C5C0020024B034A0348012175
:1045900000F08AB80000022000000020CCCB02000E
:1045A000036E054A403B1360044B4021C2E90113EE
:1045B0001046012100F082B8805C002000000B153D
:1045C00008B503461048D0F89020C2F30722013AFC
:1045D000934207D90D480E4A012112F0D0FA6FF02C
:1045E000150008BDC0F898300A6822F01F021A436F
:1045F00042F01002C0F89C208A6842F00102C0F824
:10460000A0201846EDE700BF00ED00E084C30200E3
:104610008EF60200F0B50E4685B01F460446002512
:10462000B5420DDA606810B397B1431E18420AD044
:10463000104A11482B46012112F0A1FA6FF0150221
:10464000104605B0F0BD1F28F2D921680B42EFD10A
:104650002368019312F0F6FCA36801A90343D0B2CA
:104660000393FFF7ADFF10F1160FE7D0421C0135A1
:104670000C34D5E7B4F6020084C30200044B0522D3
:10468000C3F89420BFF34F8FBFF36F8F704700BF05
:1046900000ED00E0BFF35F8F024B0022C3F89420CF
:1046A000704700BF00ED00E010B5034C01232278F5
:1046B000FFF7B0FF207010BD8265002008B50B4ADF
:1046C00000231278FFF7A6FF10F1160F07D0084A53
:1046D0000021D2F89030C3F30723984200DB08BDD5
:1046E000C2F89800C2F8A0100130F2E782650020FD
:1046F00000ED00E02DE9F0435D485E49D0F89030D0
:104700000C68C3F307239C4285B000F2AE80FFF72C
:10471000C1FF49680022944201F10C011AD1564FA1
:10472000564D3C706846FEF7E1FE554C554E8146AD
:104730004FF00008C14520D13B784D490020D1F809
:104740009020C2F307229342C0F28980FFF796FFC0
:10475000002050E0C0F8982051F80C3C23F01F03D3
:10476000134343F01003C0F89C3051F8043C43F06D
:104770000103C0F8A0300132CDE7009800EB08112A
:104780004FEA081CCB682340B3F5000F49D00BD883
:10479000B3F5001F32D0B3F5800F37D0B3F5801FCB
:1047A00014D008F10108C5E7B3F1007F42D0B3F19E
:1047B000805F48D0B3F1807FF3D150F80C30886827
:1047C0004A6812F03FFC40F0887009E050F80C3065
:1047D00088684A6812F036FC40F0885040F4302077
:1047E000039001A93878CDE90123FFF7E9FE0028FD
:1047F00031DA6FF0150005B0BDE8F08350F80C30E9
:1048000088684A6812F01EFC3043E9E750F80C3023
:1048100088684A6812F016FC40F0007040F40030DE
:10482000DEE750F80C3088684A6812F00BFC40F064
:104830008270D5E750F80C3088684A6812F002FCA4
:1048400040F48020CCE750F80C3088684A6812F0B9
:10485000F9FB2843C4E73B7801333B70A1E7C1F87B
:104860009830C1F8A000013369E74FF0FF30C2E78C
:1048700000ED00E0D8CB02008265002000000211AC
:104880000000F0FF00000811F0B587B007460E46A3
:1048900014460021102268461D4617F0CFF9022366
:1048A0008DF802302A46054B019321466846CDE932
:1048B000047610F003FA07B0F0BD00BF6570020087
:1048C00008B5024810F04AF9FEE700BFE9F6020019
:1048D00008B5024B1B689847002008BD8C5C00207F
:1048E000034B044A1860937843F0020393707047B7
:1048F0008C5C00208424002008B50649064821F07D
:104900000701C1F1005202F5003211F01CF900203C
:1049100008BD00BF7DBD0020905C002070B54169DE
:10492000867A0B4D044659B1437ADB0706D424231B
:1049300003FB0653DB691B689B6898470023636190
:104940002420214600FB0650BDE8704015F077BFDB
:1049500024280020024B242202FB0030704700BFB5
:1049600024280020827A064B242101FB02331A6A94
:104970001B7D1B33801A23F00303B0FBF3F0704759
:104980002428002038B5074B827A242404FB023304
:10499000DB69D3E901240C601568FFF7E3FF04FB32
:1049A000005038BD242800202DE9F04385B005468D
:1049B0006846039190461C4616F0EFF9DDE9006762
:1049C000EFF31189402383F31288BFF36F8F6B8A53
:1049D000002B41D02A8A9A4225D90022002328465A
:1049E0000DF090F80446F0B189F31188BFF36F8F92
:1049F000039B002B41D032463B46684616F0F2F945
:104A0000A27A264B242101FB02332046DB691B6876
:104A100003A91D68DDE90023A847606170BB20463B
:104A2000FFF77CFF24E0698A4B1E6B8289F31188B3
:104A3000BFF36F8F2B7D2A8A2C6A1B3323F003036D
:104A4000521A02FB0344154B154AEB1A9B105343B1
:104A5000A3722B7DE372CBE789F31188BFF36F8FCD
:104A60002346424628460DF04DF804460028BFD1A3
:104A70000024204605B0BDE8F083636101230025D2
:104A80002381039B6382E27A6560294604F1180062
:104A900017F0D4F863692582E360EAE72428002050
:104AA000398EE33870B50D4C242500B970BD037AFA
:104AB0004668002BFAD0013BDBB20372002BF5D124
:104AC000C3604360837A05FB03439B6913B1984736
:104AD0003046EAE7FFF722FFFAE700BF242800206C
:104AE000044A0123C2F840354FF080420020C2F84A
:104AF0007835704700E0014048B1054B054A1B6816
:104B0000B3FBF2F35843044B43F0010318477047DB
:104B10009826002040420F0020C70200BFF34F8FAD
:104B20000549064BCA6802F4E0621343CB60BFF349
:104B30004F8F00BFFDE700BF00ED00E00400FA0565
:104B400070B50B7892B006460C4607AD032B31D8F2
:104B5000DFE803F0022A2C2E19492846F9F728FA33
:104B6000059563780493A3780393E37802932379FC
:104B7000019363790093A379124A1E210AA810F0C9
:104B80000DF810AD0AAB32461C4603CCAC421060A7
:104B90005160234602F10802F6D120681060A38814
:104BA0009380304612B070BD0749D6E70749D4E775
:104BB0000749D2E7074A0A2128460FF0EFFFCFE75F
:104BC0003EE4020060E4020045E402004CE402001E
:104BD00056E40200D6E802000E4B402970B528BF0B
:104BE00040210D4C46181D46B04203F1020304D18A
:104BF000002305F81130074870BD02781209A25C45
:104C000003F8022C10F8012B02F00F02A25C03F84B
:104C1000012CE9E783650020B81D03002DE9F3416D
:104C2000254D064617469846BFF35B8F2B68BFF3AA
:104C30005B8FDA0723D538B9204A2148012111F0CA
:104C400095FF6FF001001BE001A912F0DFF80228C8
:104C50000446F6D102461B49304616F0FEFF0028F6
:104C6000EFD1BFF35B8F2B68BFF35B8FC3F3C0063D
:104C70001B0708D5144A1248214611F077FF00207F
:104C800002B0BDE8F081A5F1D404072221464046D8
:104C9000B84706280AD80D4A0948012111F066FFD5
:104CA00045F8D46CE671C4F80360E8E70723B0FB6D
:104CB000F3F0E071E3E700BF1422002010F70200D8
:104CC000F4C2020053E4020031F7020055F702007B
:104CD0002DE9F04389B09D79DDF840905E791F7928
:104CE00093F803C093F802E093F801801B780C4618
:104CF000B9F1000F15D0CDE90639CDE904E8134626
:104D0000CDE9027CCDE900560D4A0FF047FF00289F
:104D100013DBA0422CBF6FF01500002009B0BDE8E6
:104D2000F083CDE90583CDE903CE1346CDE90167D4
:104D3000044A00950FF032FFE9E76FF01500EDE748
:104D40007AF702009EF7020010B5FEF7B5FE0446A2
:104D500028B1044A03460121034811F010FF204600
:104D600010BD00BFBFF70200F4C2020070B50446D8
:104D70008CB01E461546AAB129B10A4602A80421E4
:104D800011F0F9F902A900912B462246242103A82B
:104D9000FFF79EFF70B9109A314603A8FEF708FD91
:104DA0000CB070BD0346054A242103A80FF0F6FE9F
:104DB0002328F0D96FF01500F2E700BFE4F70200F6
:104DC00007B50B4B0B48DA79C2EBC2020092002206
:104DD0001146FFF7CBFF034638B1074A07480121C8
:104DE00003B05DF804EB11F0CABE03B05DF804FB3C
:104DF0004021002053E40200EAF70200F4C202005E
:104E000030B504468DB015469AB129B10A4602A8BC
:104E1000042111F0B0F902A900912B462246242169
:104E200003A8FFF755FF60B903A811F0C7FF0DB045
:104E300030BD0346044A242103A80FF0AFFE232807
:104E4000F2D96FF01500F2E7E4F7020007B500931E
:104E500013460A4601460348FFF788FF03B05DF892
:104E600004FB00BFA11003000A4601460148FFF7FA
:104E7000C7BF00BFA110030007B5009313460A4641
:104E800001460348FFF772FF03B05DF804FB00BF63
:104E90009B1003000A4601460148FFF7B1BF00BF5F
:104EA0009B10030007B5009313460A4601460348CA
:104EB000FFF75CFF03B05DF804FB00BFBE0F03000B
:104EC0000A4601460148FFF79BBF00BFBE0F030023
:104ED00007B500220346009103481146FFF746FF3D
:104EE00003B05DF804FB00BF9310030008B502484F
:104EF0000DF03CF8002008BD18250020F8B51E4D27
:104F0000BFF35B8F2B68BFF35B8F13F0010F2E464F
:104F10002FD015F8CD3CA5F1D4078BB901F046FF91
:104F2000044630B1154A1648012111F01FFE2046F3
:104F3000F8BDFB7923B901F049FF04460028F1D1FF
:104F4000BFF35B8F2B68BFF35B8F5A0701D400F070
:104F500037FFBFF35B8F56E8003F23F4006246E85B
:104F600000210029F7D1BFF35B8F1B0501D5FFF7A7
:104F7000BDFF0024DBE700BF1422002005F802007B
:104F8000F4C2020007B5009313460A4601460348DF
:104F9000FFF7ECFE03B05DF804FB00BF66150300ED
:104FA0000A4601460148FFF72BBF00BF6615030004
:104FB00010B586B0094B0A4803930024CDE9044498
:104FC00015F01AFD03AB0093064905480A234FF478
:104FD000E8620CF0D1FF204606B010BD38F80200A0
:104FE00018460020806D0020014601480DF004B8ED
:104FF000184600200146014815F0D3BC1846002091
:1050000030B50378012B11D0022B21D06BB9154B91
:105010000A4603F1100453F8045B42F8045BA34210
:10502000F9D143881A0A8A70CB7030BD0D4B0A46FD
:1050300003F1100453F8045B42F8045BA342F9D176
:1050400043681A0C180E4A700870C3F30722EAE787
:1050500000F11003013913F8012901F8012F9842DA
:10506000F9D1E2E7C91D030010B512F074F915F08B
:1050700020FD044608B90DF05DFABFF35B8F064BC7
:105080001B68BFF35B8F0BB10A2098471CB9BDE8C2
:1050900010400DF063BA10BD9C5C002038B504468A
:1050A000084811F0F0FF054648B1631EDBB21F2B24
:1050B00096BF054A0021D15C0C3012F053F8284607
:1050C00038BD00BFD8280020D91D0300054BBFF311
:1050D0005B8F53E8002F43E800010029F9D1BFF3AB
:1050E0005B8F70479C5C00200F2810B50CD80D28F2
:1050F0000CD90A4811F0C7FF044618B104210C303E
:1051000012F030F8204610BD1328F2D009B104483F
:10511000F0E7BDE810400220FFF7C0BF20290020C3
:105120006C280020C3681B78024A0348022112F051
:10513000A9B900BF50F80200BCC20200F8B506468B
:105140000F4603F00BFA044690B93946304608F092
:1051500063F8054600BB3946304606F095FC174B10
:105160001B6823B153F80C4904B10C3CC3B9F8BD1A
:105170008378012B4FF0000304BFD0F8A450C0F88F
:10518000A4304FF0130118BF1D4612F03BFC20461F
:1051900002F098FD002DD8D0284613F0B1FFDAE7D1
:1051A0009B6813B13946304698472CB1E26802B18A
:1051B0000C3A23461446D9E72246FAE7145D00204C
:1051C00038B5C5682B7893B9B5F801400F21204652
:1051D00002F0AAFEEB78054650B90A4A118831B9A7
:1051E0006FEA04506FEA10501080074A137038BD00
:1051F0000373012102F0B6FD2846BDE8384002F0F5
:1052000061BD00BF2C6500200466002070B5C36836
:105210001D78BDB9B3F801600F21304602F084FE5D
:10522000044638B9084A094833460121BDE87040B0
:1052300012F028B9294602F095FD2046BDE87040DD
:1052400002F040BD70BD00BF78F80200BCC2020091
:1052500010B5C368B3F801400121204602F064FE96
:1052600038B9064A064823460121BDE8104012F02D
:1052700009B9BDE8104002F025BD00BF9EF802004C
:10528000BCC2020010B5C3681C880121204602F090
:105290004BFE38B9054A064823460121BDE81040B7
:1052A00012F0F0B8BDE8104002F00CBD9EF802000C
:1052B000BCC2020010B501210C3011F074FF03785C
:1052C000034A0448BDE81040012112F0DBB800BFDA
:1052D000C2F80200BCC20200014610B5084811F035
:1052E000D6FE0849084815F05CFB031E06DA074A9B
:1052F0000748BDE81040012112F0C4B810BD00BF3E
:10530000742200203825002058470020E4F80200CD
:10531000BCC2020010B586B003AB0024009307495D
:10532000074805944FF0FF334FF48062CDE9034402
:105330000CF022FE204606B010BD00BF0075002014
:10534000B846002010B5084C0146062294F86F00BC
:1053500003F058F938B994F86F000449BDE81040DB
:10536000052203F04FB910BD402100209E1D03000F
:10537000024A0348012112F074B800BF01F902008B
:10538000BCC20200B0B50B460D8A00AF04462946E8
:10539000D868FFF721FC8AB06A46094BCDE905348D
:1053A00040F20243ADF82430064BCDE907504FF4EC
:1053B000325142F8103F044812F06BF8BD46B0BDC0
:1053C0001BF9020005000001BCC2020070B5C568EF
:1053D000B5F801600121304602F0A6FD044638B957
:1053E0000D4A0E4833460121BDE8704012F04AB81C
:1053F0002B783BB9D5F80330C0F89930D5F8073091
:10540000C0F89D30201D4FF4803112F02CF820465A
:10541000BDE8704002F056BC9EF80200BCC202001B
:105420002DE9F84FD0F80C90018A99F80040A300BC
:1054300001338B4200AF63D96D468AB06A46324869
:10544000CDE907310523CDE905044FF4215142F898
:10545000103F2E4812F01DF8AD46BD46BDE8F88F4E
:105460002B4A2A482B46012112F00CF8013699F8F4
:1054700000309E42F1DA09EB86030F21B3F80150A8
:10548000B3F80380284602F04FFD04460028E7D019
:1054900000F1C00AB8F1000F06D0656945B91D4A90
:1054A0001A48012111F0DDFF204602F00BFCDDE778
:1054B000A2692B686361954208BFA361204602F090
:1054C00023FB0CF051FBC5F800B0236AABB9C4E96B
:1054D0000755BFF35B8F5AE8003F013B4AE80032B3
:1054E000002AF8D1BFF35B8F0021204608F1FF3876
:1054F00002F016FB1FFA88F8CCE71D602562E8E78A
:105500000026B346B3E700BF3DF90200BCC202006B
:1055100068F9020084F9020037B502EBC3030446C0
:1055200008469A4202D16FF05E0010E0114611F871
:10553000085BA54211D1038A5178994209D90848DC
:10554000084A0094012111F024FB6FF0150003B00C
:1055500030BD536898470020F9E70A46E1E700BFED
:10556000BCC202009BF902002DE9F0470C460CF08A
:10557000E1FFE5682B78022B75D0042B0AD03E4A58
:105580003E48012111F07EFF2046FFF78BFA6FF0B5
:1055900015040EE0B4F81080B8F1020F0ED8384AA6
:1055A00043463648012111F06DFF2046FFF77AFA95
:1055B00000240CF0D3FF2046BDE8F08768783E2831
:1055C0000CD1B8F1030F02D12E4A4346E9E7EB783C
:1055D000012B01D00A2B46D1032704E011F02FFF45
:1055E0000746F8073FD504F10C0601213046D4F8F0
:1055F00014A011F0D0FD0221304611F0D4FD8146F7
:1056000000783E2807D1E3681B78012B01D00A2BD4
:1056100006D1032614E011F012FFC10706460FD48D
:10562000194A1A491A4841F2681310F02CFB00235A
:1056300083F31188BFF36F8F0323184602DF02261E
:10564000144A99F800000623214611F05DFFB207C5
:105650000DD56369A4F81080A5EB0A0513FA85F54A
:10566000E560BB07A4D52046FFF736FEA0E720463D
:10567000FFF718FAF5E700BF63FA0200BCC20200A8
:10568000BDF90200D9F90200F9F902002DFA020071
:1056900046FA020080CC020010B5012104460C300D
:1056A00011F081FD2146034A0078BDE81040022335
:1056B00011F02ABFB0CC020073B53E4811F0FCFCDB
:1056C0000446002873D000F10C05284611F073FD44
:1056D0000228034603D0042847D0374A03E0238A30
:1056E000032B05D8354A3648012111F0CBFE13E0D3
:1056F0000421284611F057FDFF23428806882376AF
:10570000238AC6F30B009A42608309D02C4800928A
:1057100001212C4A11F03DFA2046FFF7C3F912E0AF
:105720000F2102F001FC054610B9638B264ADAE727
:1057300002F020FC320B20762146284602F046FA81
:10574000284602F0BFFA214BD3F834317BB320490D
:10575000204815F026F9031E29DA1F4A18480121AE
:1057600002B0BDE8704011F08DBE2846022111F054
:105770001AFD054600783E2812D011F060FE10F0A8
:1057800002060DD1154A1649164840F69A4310F004
:105790007AFA86F31188BFF36F8F0323184602DF6E
:1057A000114A28780623214611F0AEFEB4E702B074
:1057B00070BD00BF742200200CFB020077FA0200CB
:1057C000BCC2020098FA0200BCFA0200402100208C
:1057D0003825002058470020E4F80200F9F90200BB
:1057E000DEFA020046FA0200C0CC020010B5012128
:1057F00004460C3011F0D7FC2146034A0078BDE87E
:105800001040082311F080BEF0CC0200F8B5012151
:1058100000AF04460C3011F0C6FC0678114A002394
:1058200021463046FFF778FE5F3019D1258AE068BF
:105830002946FFF7D1F96C468AB06A460A4BCDE992
:10584000053640F20243ADF82430084BCDE907504D
:105850004FF4325142F8103F054811F01AFEA546A8
:10586000BD46F8BD30CD020020FB0200050000015E
:10587000BCC202002DE9F74FDFF818A1BFF35B8F20
:1058800080468946174600235AE8004F4AE800320E
:10589000002AF9D1BFF35B8F264644B93E4A3F4800
:1058A0004346012103B0BDE8F04F11F0EBBD2046A7
:1058B000FFF758F83A4D4FF00C0B0BFB00504388A4
:1058C00043451FD02046FFF74DF80BFB005043889F
:1058D000344A009331484346012111F05AF9BFF38D
:1058E0005B8F5AE8003F4AE80062002AF9D1BFF313
:1058F0005B8F002B4BD01E46304603B0BDE8F04F07
:10590000FFF7D0B8A74208D0204611F0B7FB3A8A7B
:10591000F96804F10C0011F01CFC2046FFF722F896
:105920000C2707FB00504368ABB1B9F1000F12D14F
:105930002046FFF717F807FB005001214268536823
:1059400003F01F00814010685B0900EB8300137AAD
:10595000CBB111F088FD2046FFF704F80C2707FBB8
:1059600000508368002BC7D02046FEF7FBFF78432A
:1059700005F800902046FEF7F5FF07FB0055A868E4
:105980000CF0F2F8B8E7C94311F086FDE3E703B085
:10599000BDE8F08F7022002052FB0200BCC2020062
:1059A000A05C00207AFB020073B5C568B5F8016001
:1059B0000121304602F0B8FA044640B93E4A3F4859
:1059C0003346012102B0BDE8704011F05BBD2B7879
:1059D0001A2B00F1040619D1C378012B50D14FF4D2
:1059E0008041304611F03FFD42040FD4D4F88C3092
:1059F00000936946D4F894300193204603F076F979
:105A0000204602B0BDE8704002F05CB92B78BBBB09
:105A1000B5F803302A4940F2E2425343C4F88830D3
:105A2000B5F80520A4F89020B5F80720A4F8922036
:105A3000A3F5EA520C3A8A4204D9224A1F480221AD
:105A400011F020FDB4F89030B3F5FA7F04D31E4A6C
:105A50001A48022111F016FDB4F89230A3F10A029F
:105A600092B240F676418A4204D9184A134802217C
:105A700011F008FD6FF48051304611F00DFD17E074
:105A8000BFF35B8F6368BFF35B8FDB04F2D52B78CA
:105A9000202BEFD194F89830002BEBD0013B84F809
:105AA00098304FF42032002304F140000CF0CEFA7D
:105AB000204602F041FCA3E79EF80200BCC20200AF
:105AC00095F03C00ADFB0200D4FB0200FBFB0200A2
:105AD000B0B53C2800AF04461AD101F0DFFA6FF4EC
:105AE0008071103011F0D8FC0020FFF72BFC054628
:105AF00030B9124A1248012111F0B3FCBD46B0BDC5
:105B00000473002102F02EF9284602F0DBF8F5E7D5
:105B10006D468AB06A460B4BCDE905300A4B0793B8
:105B200040F20133ADF82030084B42F8103F0448F2
:105B30004FF4125111F0ADFCAD46DFE727FC020037
:105B4000BCC2020048FC02002FF102000400000168
:105B5000094BBFF35B8F1A68BFF35B8F02F00B0238
:105B6000BFF35B8F53E8001F43E800200028F9D102
:105B7000BFF35B8F704700BF1422002010B5C1E94E
:105B800000239DF808300B720C46FEF7EBFE034B2A
:105B90000C2202FB00335C6010BD00BFA05C002043
:105BA000F8B502460B46104811F06DFA0446C0B134
:105BB00004210C3011F0BCFA2046FEF7D3FE0B4D49
:105BC0000C2707FB0050002646802046FEF7CAFE41
:105BD00007FB005086602046FEF7C4FE07FB005519
:105BE0006E602046F8BD00BFB4280020A05C0020F5
:105BF00037B50C468DF8070000F0FF05A0B929B1B4
:105C00000B490722204616F028F840B909490DF142
:105C10000702002007F068FA002003B030BD2146DB
:105C20002846FFF78BFAF7E76FF01500F5E700BF9E
:105C3000A51D03008974020029289ABF014B185C36
:105C400009207047F91D030070B5C368B3F80160FF
:105C50001D780F21304602F067F9044638B91A4A18
:105C60001A4833460121BDE8704011F00BBC65B104
:105C70002846FFF7E1FF29460246204602F01AFCBB
:105C80002046BDE8704002F01DB88378012B07D193
:105C900007F040F9204611F0BAFB002808BF05259F
:105CA0002846FFF7C9FF29460246204602F002FCBB
:105CB000002DE5D0064A0548012111F0D2FB05214F
:105CC000204611F09FFEDBE778F80200BCC202001C
:105CD00064FC02002DE9F041C668B6F80170357821
:105CE0000F21384602F020F9044638B9204A2148ED
:105CF0003B460121BDE8F04111F0C4BB65B1284627
:105D0000FFF79AFF29460246204602F0D3FB2046C1
:105D1000BDE8F04101F0D6BFF278C37A934205D1D5
:105D2000154A1448022111F0ADFBF0E78378C272E6
:105D3000012B08D10AB107F0EDF8204611F067FBFE
:105D4000002808BF05252846FFF776FF29460246AA
:105D5000204602F0AFFB002DD9D0084A05480121AA
:105D600011F07FFB0521204611F04CFECFE700BF6C
:105D700078F80200BCC202008AFC020064FC020047
:105D800010B592B0044607494822684615F048FF0E
:105D9000112C9BBF12AB03EB8404034854F8480C4E
:105DA00012B010BDB4C40200B9FC0200034B01469E
:105DB000D3F84C0182689268104700BF4021002050
:105DC0002DE9F04F91B0042100AF4A4811F04BFB90
:105DD0006D4688B06A46484B0593484B06934FF48E
:105DE0000073ADF81C30464C464B42F8103F464815
:105DF000464E4FF4E65111F04CFB454BE17907F16B
:105E00002008AD46012998BF1E4640462146FEF7B0
:105E100097FE8AB06A463F4BCDF81C80CDE9053627
:105E20003D4B08933D4B42F8103F37483C4EDFF85E
:105E3000F4804FF4235111F02CFBA246AD4601250E
:105E4000E3799D420AF1070A3BDB94F8705028463B
:105E5000FFF796FF6E468CB0B4F87210B4F8763047
:105E60006A46DFF8C4C00993CDE907512F4B4FF4C0
:105E70000075CDE905C0ADF828504FF4535142F8F4
:105E8000103F214811F005FBB54694F8716030468B
:105E9000FFF776FF8AB0B4F874306A462449ADF84B
:105EA0002450CDE90763234BCDE9051042F8103F9C
:105EB00015484FF4335111F0ECFA4437BD46BDE8B4
:105EC000F08F51463846FEF73BFEE9468AB06A46F7
:105ED00040F20133CDE905650797ADF820300A4857
:105EE00042F8108F4FF4135111F0D3FA0135CD461B
:105EF000A6E700BF14220020C5FC0200D7FC020068
:105F00004021002003000001BCC20200C1FC0200CD
:105F10002FF10200DBFC020000020103040000027A
:105F2000EAFC020004000001FBFC02000600000184
:105F300039FD02000500000108B50848C37933B9EE
:105F4000074A0848032111F08CFA002008BD0821F7
:105F5000D43011F088FAFFF733FFF6E74021002034
:105F600060FD0200BCC20200004870472BE802003E
:105F70000149024814F015BD28250020B84600202C
:105F800070B505460C4639B1CB684A699B1A032B9C
:105F90000ED86FF0150509E04FF0FF304FF0FF31DC
:105FA000FFF7FEFD044618B96FF06805284670BD7E
:105FB0002046FEF7D7FC174B0C2202FB0033A61835
:105FC000032130465D8011F0D5F80580238A033B1C
:105FD00083700121304611F0D5F840F635439D42DB
:105FE0000FD12046FFF7E2FE05460028DED00A4A20
:105FF00003460121094811F045FA2046FEF752FDFB
:10600000D4E70748214614F00FFC0025FFF7B0FF46
:10601000CCE700BFA05C00208DFD0200BCC20200E6
:106020007C2200202DE9F04784B0804600AF9146E5
:106030000C4671B94FF0FF304FF0FF31FFF7B0FD64
:10604000044660B96FF0680528461037BD46BDE8C4
:10605000F087887AFEF77EFC3C4B83426FD10122A9
:106060000021384614F0F9FB2046FEF77BFCDFF8F0
:10607000E0A00C2303FB00A08760204611F032F85B
:1060800001464046FFF77CFF054618B12046FEF763
:1060900009FDD9E74FF4A022002338460BF098FD04
:1060A000064690B14FF4F1732A4A2B492B480FF062
:1060B000EAFD2B48324641460FF0E5FD85F3118895
:1060C000BFF36F8F0323184602DF2046FEF74AFC1A
:1060D0000C2358431AF800605EB36D468AB06A46D6
:1060E000204B0796CDE905381F4B089340F2024339
:1060F000ADF824301D4B42F8103F1D484FF432518B
:1061000011F0C7F92046AD46093EFEF7CBFC092E3B
:106110000CD8DFE806F0050B0B08170B0B0B0B1464
:106120006FF06E0590E76FF00C058DE76FF00405DA
:106130008AE7B9F1000FA9D0C9F8004084E76FF0F1
:10614000150581E76FF00B057EE700BFB42800203E
:10615000A05C0020F9F90200AFFD020046FA02003F
:10616000B8FD0200FDFD02002FF102000500000154
:10617000BCC2020073B506460D4601AA002142F2D8
:106180002F00FFF74FFF044638B1154A154801218B
:1061900011F067F9204602B070BD0198C368B3F8EA
:1061A00001203280B3F803302B80FEF77BFC33886C
:1061B000A3F11B02E02A04D90B4A0A48022111F07C
:1061C00061F92B88A3F5A47292B244F248118A4275
:1061D000E0D9064A0348022111F054F9DAE700BF7A
:1061E0001CFE0200BCC202003CFE020061FE020076
:1061F0002DE9F04F8DB0604BB0F80190198849F44B
:10620000704291424FF0000608BF1E80054608BF4D
:106210005A4B00AF08BF1E7800F0B8FCEB78012B9A
:1062200008BF574B05F1040A50460CBF93F86F4066
:10623000002411F08CF807F10808514680B340465D
:1062400011F07AF8D5F81130C7F80130B5F81530EB
:10625000A7F805304FF0010BEB78012B37D007F191
:10626000100451462046FEF76BFC6D4688B06A4626
:10627000444B4548CDE905344FF40073ADF81C306C
:10628000424B42F8103F4FF4E25111F002F9132152
:10629000AD46484611F074F93437BD46BDE8F08F7D
:1062A000204611F0BFFA03460068B8609A889B79CF
:1062B0006868A8F8042088F80630BAF804209AF82C
:1062C000063095F804B03860BA80BB71C4E7404628
:1062D000FFF738F804460028C1D00346B5F801207E
:1062E00023F8702BB86898F80620B8F804102067D7
:1062F0009A719980B5F8173040F2E2425343C4F8DE
:106300008830B5F81930A4F89030B5F81B30A4F8EF
:106310009230EB78E3700022012B22731AD187F8B8
:1063200000B0BA88BB793868A4F87B2084F87D3047
:10633000C4F8770000F0B2FE237A1149C3EBC3031F
:106340005A18CB58C4F87E309388A4F882309379D9
:1063500084F884300721204601F004FD26B126731D
:106360000121204601F0FEFC204601F03FFE2046C0
:1063700001F0A8FC90E700BF2C6500200466002017
:106380004021002084FE0200BCC202000300000184
:1063900000B5C368187889B020B109B05DF804EB86
:1063A000FFF796BBB3F80120ADF80120DA788DF83D
:1063B00000008DF80320B3F80B20ADF81720B3F8D8
:1063C0000D20ADF81920B3F80F20ADF81B205A7C32
:1063D0008DF81D20586801901A899B7A8DF80A3033
:1063E000094BADF8082068461A689B88CDF80B2049
:1063F000ADF80F30CDF81120ADF81530FFF7F8FEED
:1064000009B05DF804FB00BFB21D030010B5F7F73B
:106410003FFF034B1B6813B1BDE81040184710BD88
:10642000C45C002073B52D4D0646D5F84C0114F020
:10643000D1F848B92A4A2B48012111F012F86FF01F
:106440001204204602B070BD6FF0020105F1D400C5
:1064500011F022F8012111F006F8C3073AD4FEF733
:1064600073FC04460028ECD11F4B1E60012211462C
:1064700005F5907014F0F1F905F59E7014F0CCF963
:106480001A4814F0B9FA1A49184800946FF0070333
:1064900040F698020BF070FD1649144814F00FFBFB
:1064A000D5F84C01144983681B689847044630B1FD
:1064B000124A034601210B4810F0E4FFC1E726B958
:1064C00002B0BDE87040F7F7E3BE05F1C4000BF081
:1064D0004DFDB6E76FF07704B3E700BF4021002021
:1064E00001000300BCC20200C45C00205847002029
:1064F00040790020190003006955010022000300C3
:10650000F0B5C5682F88BCB287B00121204601F0E4
:106510000BFD064640B9284A28482346012107B00A
:10652000BDE8F04010F0AEBF02ACD5F80220D5F8BF
:10653000063001946989009112F0DAFC48B34FF0FB
:10654000FF304FF0FF31FFF72BFB054648B91C4ADF
:106550001A48012110F085FF304601F0B3FB07B067
:10656000F0BD12210C3010F0EEFD0346224623F858
:10657000027B144603CC596006A98C42186022465F
:1065800003F10803F5D1294642F21A00FFF7F8FC9F
:10659000E2E74FF0FF304FF0FF31FFF701FB044619
:1065A0000028D4D002210C3010F0CDFD2146078008
:1065B00042F21B00EAE700BF9EF80200BCC20200E4
:1065C0003E00030073B5C368D9789A781E8842EA02
:1065D0000122ADF8002059791A7942EA0122ADF87A
:1065E0000220D9799A7942EA0122ADF804201A7A78
:1065F0005B7AB4B242EA032301212046ADF80630AB
:1066000001F092FC054658B91D481E4A0121234657
:1066100010F038FF0221204611F010F802B070BDD2
:10662000694601F0DBFE38B91E21204611F006F85C
:10663000284601F047FBF1E74FF0FF304FF0FF3104
:10664000FFF7AEFA04460028F2D00E210C3010F00D
:106650007AFD00230680C0F80A30BDF80030438080
:10666000BDF802308380BDF80430C380BDF8063029
:106670000381214642F22000FFF782FCD8E700BFE9
:10668000BCC202009EF8020038B5042104460C305A
:1066900010F089FD034640885D7818B119782246CC
:1066A000FFF7E8F835B104480BF05EFABDE8384072
:1066B000FFF75EBC38BD00BF60220020B0B50321EB
:1066C000044600AF0C3010F06EFDE2680346B0F8EF
:1066D0000100117840F63542904216D16C468AB0DE
:1066E0006A46104B1048CDE90531104B079340F234
:1066F0000133ADF820300E4B42F8103F4FF41251E9
:1067000010F0C7FEA546BD46B0BD1D7810B12246AB
:10671000FFF7B0F8002DF6D006480BF025FAFFF78A
:1067200027FCF0E755000300BCC202002FF1020075
:10673000040000016022002038B50BF0FBFE2F4D55
:10674000D5F83C31002B56D00022002305F590707F
:106750000BF03EFA00284ED10022002305F59E7072
:106760000BF0D0F9044668B9254A2649264840F678
:10677000AA430FF088FA84F31188BFF36F8F0323C5
:10678000184602DFD5F830315BB1204A204801219C
:1067900010F067FED5F83001FEF784F90023C5F844
:1067A0003031204610F09EFCC5F830012046FFF73E
:1067B000FDFA0346C8B1174A1548012110F062FEE0
:1067C00015480BF0D1F92046FEF7CCF8134B0C22FC
:1067D00002FB0033588818B122461F21FFF74AF800
:1067E0002046FEF75FF9FFF7C3FBFFF7C1FBBDE8EB
:1067F00038400BF0B3BE01F009FCF8E7402100205F
:10680000F9F9020044F8020046FA02008D00030084
:10681000BCC202008DFD020060220020A05C0020AE
:10682000F8B50A4DEF7906460024E3B29F4202D83C
:106830006FF0010007E02946304610F01BFF0735D6
:10684000631C08B12046F8BD1C46EEE7402100203D
:1068500037B504460D46B9B11649284610F00AFF6F
:1068600090B91548C4EBC4042946204410F00CFF2D
:10687000124810F010FF430703D5FEF737FB10F066
:10688000FEFC002003B030BD684610F047FD002834
:10689000F8D16846FFF7C4FF0028F5DA064BC4EBD1
:1068A000C4001844694610F0EFFE002DE0D0014608
:1068B0002846DBE7A51D030040210020142200200C
:1068C00070B51A4E06223146054615F0C6F938B3A2
:1068D0004FF0FF304FF0FF31FFF762F9044608B385
:1068E000062229460C3010F034FC2146002242F2E8
:1068F0000500FFF797FB044648B110F10D0F04D1D6
:106900000B4A0C48022110F0BDFE204670BD3346F4
:106910002A6843F86929AA88B280012283F868208E
:106920000024F2E76FF06804EFE700BFA921002020
:10693000C9010300C4C20200084BBFF35B8F53E8D8
:1069400000CF4CF4806C43E800C2002AF7D1BFF3BB
:106950005B8F037A19430172704700BF1422002035
:10696000F7B5002104460222084601F04BFE064618
:1069700048B120460121FFF7DFFF304603B0BDE8F4
:10698000F04001F09FB93B4D01463B4800F080FBD1
:1069900095F813317BB1304610F0C0FE58B1374A3C
:1069A0000221374810F06EFE3648002103B0BDE8E2
:1069B000F04000F06DBB95F8132195F812319A4222
:1069C00018D1314A2E48022110F05CFE00221146F7
:1069D00042F22900FFF726FB10B12C4A0121E0E723
:1069E00095F81331013385F81331237A43F004030A
:1069F0002372D9E72246671C12F82E0B394610F095
:106A000050FE064610B1224A01210EE095F81331DE
:106A1000013385F81331237A43F00403237295F888
:106A2000A7305B0708D41B4A0221154810F02AFE44
:106A3000012010F073FEB7E73946684610F024FED7
:106A400001234FF0FF304FF0FF318DF80730FFF793
:106A5000A7F8044660B1082269460C3010F079FBB3
:106A60003246214642F24E00FFF7DCFA0028DFD022
:106A7000094AC9E740210020ED770200D801030050
:106A8000C4C202004F770200FD0103002E02030082
:106A90004E0203006E0203009802030000212DE95C
:106AA000F04102220446084601F0ACFD054640B123
:106AB00020460221FFF740FF2846BDE8F04101F0E3
:106AC00001B901462A4800F0E3FA284610F026FEF4
:106AD000284D064688B1284A03460121274810F070
:106AE0004EF895F8133113B1012010F017FEBDE8F0
:106AF000F0412348002100F0CBBA95F8133195F806
:106B000012219A420CD2013B85F81331237A1D4998
:106B100023F0040302462372022006F007FBE0E79D
:106B20004FF0FF304FF0FF31FFF73AF804F1010862
:106B3000074668B107210C3010F005FB414610F004
:106B4000A3FD3246394642F22800FFF76BFA28B11E
:106B50000D4A0A48012110F095FDC2E795F813315E
:106B6000013B85F81331237A23F004032372B8E73D
:106B7000ED77020040210020B3020300C4C20200EE
:106B80004F77020007770200E00203000A4BBFF3D1
:106B90005B8F53E8002F22F4806143E80010002847
:106BA000F7D1BFF35B8F530504D5044900220220BF
:106BB00006F0BCBA704700BF1422002083780200A0
:106BC0001FB50023CDE9023301908DF80C1001AA06
:106BD0000349022006F0AAFA029805B05DF804FB0A
:106BE000C377020010B4034670B10A4991F812410C
:106BF00091F813210CB1944208D2013281F813218B
:106C00001A7A42F004021A7210BC704710BCFFF7E7
:106C1000A7BE00BF4021002010B4034698B10B4C22
:106C200094F8121194F8132129B101318A4203DC3E
:106C300010BCFFF733BF12B1013A84F813211A7A5E
:106C400022F004021A7210BC704700BF40210020DD
:106C500038B50D460649CC7938B12B689C4228BF1F
:106C60001C46C4EBC40214F0DBFF2C6038BD00BF2F
:106C70004021002070B5044611BB20B3254910F017
:106C8000F9FC00BB2046FFF7CBFD00283BDA237858
:106C900053B92148C279002A35D1214610F0F4FCBD
:106CA0000123C371104670BD012B04D1A37903F0F9
:106CB000C003C02B07D0194A1948012110F0E2FC8B
:106CC0006FF01500EFE7144DEB79012B1ED005F1A5
:106CD000D40010F0E0FCC30707D4002CF0D00D491D
:106CE000204610F0C7FC0028EAD1EE792146731C3B
:106CF0003046EB71FFF7ACFD08B93046D3E7EB79CE
:106D0000013BEB71CFE76FF07700CCE76FF00B0042
:106D1000C9E700BFA51D03004021002005030300B3
:106D2000C4C202002DE9F341044640B91A4A1B4887
:106D3000022110F0A7FC002002B0BDE8F08101AAFA
:106D4000002141F20900FFF76DF9054608B1144A28
:106D5000EDE7019E1349D6F80C8008F101070622E1
:106D6000384614F07AFF28B10F490622384614F04D
:106D700074FF18B93046FDF795FEDCE7D8F801300E
:106D8000C4F80130BB88A4F8053030462570FDF703
:106D900089FE0120D0E700BF33030300C4C2020014
:106DA0004C030300B21D0300AC1D030007B5684689
:106DB000FFF7B8FF044BD87118B169460020FFF700
:106DC00047FD03B05DF804FB402100202DE9F041B0
:106DD000304EF17988B0002954D196F8C24014F0B1
:106DE000010411D12C4A2D48022110F04BFC002443
:106DF000F471162500240127F379E0B283422BD8E1
:106E0000002B3FD000203AE06A464FF60940FFF7DA
:106E100009F908B1224AE6E7DDF800C0DCF80C50B9
:106E200095F80180B8F1000F0ED0AB1C02AA123504
:106E300018685968174603C70833AB423A46F7D17A
:106E4000186838609B88BB806046FDF72BFEB8F160
:106E5000000FCDD1134AC6E708AB05FB00336946E6
:106E600053F8182C33F8143CCDF80120ADF8053058
:106E70008DF80070FFF7ECFC01340028BCD008B09E
:106E8000BDE8F0810021084608B0BDE8F041FFF7F9
:106E9000F1BE00BF402100206A030300C4C202000B
:106EA00096030300B60303002DE9F0411D460E468C
:106EB0001746034648B145B10A0311D54C0708D51A
:106EC000284A2948012110F0DDFB6FF01500BDE8CC
:106ED000F08110F0BBFC0028F9D101232B70F6E7FC
:106EE000B107047824D021492FB1B20603D591F817
:106EF000D820500632D5C4EBC40411F80480B8F190
:106F0000010F09D101342144184610F097FC0028E4
:106F1000DDD185F8008002E0B8F1000FF9D02FB183
:106F2000B30642BF2B7843F002032B700020CEE75C
:106F3000720710D50D49C4EBC4040F5D012F07D1B2
:106F40000134214410F07AFC0028C0D12F70E7E70B
:106F5000002FE5D1FAE710F079FCBEE76FF085006D
:106F6000B5E700BFDF030300C4C2020040210020D8
:106F70002DE9F74F884601904FF0FF314FF0FF3079
:106F8000FEF70EFE044600284ED020210C3010F0F3
:106F9000DAF8002120220646002714F04FFED8F828
:106FA000005006F1010B3946D8F804309F4208D34F
:106FB000019831700022214603B0BDE8F04FFFF781
:106FC00031B86A7895F800C0881C13181F2B5FFA37
:106FD00080F915D9BCF1090FC9F11F0201D1002AAE
:106FE0000CDC134A134801210FF0C0FD2046FDF7C9
:106FF00059FD6FF0150003B0BDE8F08F4FF0080C9D
:107000005FFA82FA0AF1010E0BF801E00131C9B210
:1070100058440BF801C0D144696814F001FE0137EF
:107020005FFA89F10835BFE76FF06800E3E700BF5A
:107030000404030074C20200F7B5CDE900016946FB
:1070400042F208009DF8207016461D46FFF790FF9B
:10705000044668B97FB9BFF35B8F0C4B53E8001F40
:1070600041F0040143E80012002AF7D1BFF35B8F1F
:10707000204603B0F0BD694642F20900CDE9006543
:10708000FFF776FF0028E6D00446F1E768210020EC
:1070900003460148184700BF5821002000487047A8
:1070A000582100202DE9F04FD0F8109089B0B9F1A7
:1070B00000040546A248029118BF0124039310F072
:1070C000F2FB4607924640F19A816E6870050CD536
:1070D0006FF01504029B002240F20110924540F02F
:1070E0009781204609B0BDE8F08FD5F81080B8F13F
:1070F000000F01D0B107EBD0924F2878FB79834283
:10710000E6D9C0EBC00090490722384414F0A5FD31
:107110000028DDD0B20706D197F87030082B02D8CE
:10712000AB689F2BD4D916F0300F7ED0B8F1000F8A
:10713000CED0F3067CD406F46036B6F5603FC7D0F7
:10714000284610F09AFB80460028C1D07F487F4E29
:1071500010F0A9FB10F4807F40F0548106F1AC00E0
:1071600010F0A1FB10F4806F06F1AC0B01D0FFF71B
:107170000DFD6A680023CDE90533CDF81B30AB68FF
:10718000ADF8103012F4004FEB68ADF8123014BFB8
:1071900006230723D00348BF03F00503910348BF2C
:1071A00003F0FB038DF81D30BFF35B8F5BE8003FFE
:1071B00023F480734BE80032002AF7D1BFF35B8FD2
:1071C0002B783B7687F86F302246696860480DF16E
:1071D0001503FFF769FE044600287FF47BAF5D4B83
:1071E000B9F1000F31D02A6911684BF8B31C9188AE
:1071F000998092799A716B689A0728D0B9F1000F3B
:107200002CD013F0100F0CBF012304238DF8143081
:107210002B691A68CDF816209A88ADF81A209B7948
:107220008DF81C304FF000081BE0B8F1000F82D140
:10723000D5E902239A423FF64BAF1F2A7FF648AFAB
:10724000B3F5804F7FF677AF42E73F4ACCE79B0527
:1072500002D4039B002B3CD0022300E04B468DF868
:1072600014304FF0FF304FF0FF31FEF799FC044629
:10727000002800F0CA800F2204A90C300FF069FF2B
:107280002146002242F20600FEF7CCFE044600280A
:107290007FF420AFB9F1000F1FD0686810F0030031
:1072A00027D107462A48012110F003FB0446002895
:1072B00058D0294A294801210FF058FC002F3FF4EB
:1072C00009AF3846002100F04DFD384600F0FAFCC9
:1072D00000E703238DF81430A4E7129B039A029869
:1072E000CDF800805146FFF7A7FE04460028D4D011
:1072F000F0E63C7E1449174887F86F40072214F0E7
:10730000ACFC60B91649204601F0FCF8074610B9FC
:107310006FF00B04DEE6052100F024FDC2E70D4905
:10732000204601F035F900287FF4D2AE387E0949B5
:1073300001F0E8F807460028EAD00621ECE700BF94
:107340001422002040210020A51D030068210020F8
:1073500058210020612100201D04030074C2020096
:107360009E1D030017B1384600F0ACFC6B68BFF3FC
:107370005B8F9F0728D056E8003F43F4007346E830
:107380000032002AF7D1BFF35B8FBFF35B8FB8F1F8
:10739000000F22D056E8003F43F4806346E80032F5
:1073A000002AF7D1BFF35B8F6B68BFF35B8F580781
:1073B0001CD556E8003F43F4805346E80032002ACB
:1073C000F7D1BFF35B8F85E656E8003F23F40073E7
:1073D00046E80032002AD6D0F6E756E8003F23F40C
:1073E000806346E80032002ADCD0F6E756E8003F2A
:1073F00023F4805346E80032002AE2D0F6E76FF02B
:107400000A0467E66FF0770464E66FF0680461E6EB
:107410001988814204D1596811B10978C90702D489
:10742000013208335AE60549054813F0EBFA4FF4E8
:107430007022002302480AF03DFE52E6C1740100AA
:107440007021002010B5184810F05BFA174810F0B2
:107450002AFA0346DA05C0F3002023D5134810F0BA
:1074600022FA830515D512491248072214F0F5FBBC
:1074700011490346087E93B91049052201F0C2F86C
:10748000044630B10021017300F06CFC204600F08E
:1074900019FCBDE810400448002110F00ABA062289
:1074A0002131EBE710BD00BF5821002068210020EA
:1074B000A51D030061210020402100209E1D030026
:1074C00010B5FFF7BFFF034630B1044A0448BDE8DA
:1074D000104002210FF053BB10BD00BF3804030061
:1074E00074C2020070B59AB01822002103A814F0EB
:1074F000A5FB47F21213ADF808304FF48073ADF8D6
:107500000A303B4B44F20102694602A8CDE904234C
:107510000CF0E6F9034638B3364A374801210FF03C
:107520002EFB1F25354BBFF35B8F53E8001F21F067
:10753000010143E80012002AF7D1BFF35B8F304E00
:107540000AF0F8FF346804B1043C002D2D4D18BF3B
:107550000025002C45D023680BB128469847646865
:10756000002C3ED0043CF6E701AB0098412209A96B
:1075700013F03FFE034608B1234ACEE7234A0DF13C
:1075800025030DF1650153F8040B42F8040B8B42FF
:10759000F9D101AB1E490098202213F0D5FD034616
:1075A00008B11C4AB9E700980CF090F8054610B1F4
:1075B000194A0346B1E71549124810F0A5F91748D2
:1075C000203110F0A1F9BFF35B8F154B53E8001F7A
:1075D00041F0100143E80012002AF7D1BFF35B8F9E
:1075E000A0E70023C6E900330AF0B8FF1AB070BD67
:1075F000000002095E040300ACC20200C85C002067
:10760000D05C0020656600207C0403002566002015
:10761000056600209F040300C30403008566002064
:107620001422002030B5A7B01822002107A814F0BA
:1076300005FB04233D22002116A8159314F0FEFA41
:1076400047F21213ADF818304FF48073ADF81A30CA
:107650002B4B2C4944F20102CDE9082306A804ABC8
:1076600020220CF071F8034600B3274A2748012175
:107670000FF085FA6FF004040AF05CFF244B1D68DC
:1076800085B100201860234BBFF35B8F53E8001FC8
:1076900021F0020143E80012002AF7D1BFF35B8F0B
:1076A00044B3A8470AF05AFF27B030BD1A4B0DF17A
:1076B000550203F14000194653F8044B42F8044BBD
:1076C0008342F9D105AB02932023CDE900130C4886
:1076D0000499412315AA13F05BFE034608B10F4A33
:1076E000C4E704980BF0F2FF04460028C4D00C4A0B
:1076F0000346BBE70DA8084910F006F90DA8D0E72E
:107700000000020905660020E3040300ACC2020089
:10771000CC5C0020C85C0020256600201905030011
:107720003505030008B50449402214F096FAB0FA72
:1077300080F0400908BD00BF231E030010B59AB0B9
:1077400004461822002103A814F078FA44F2121318
:10775000ADF808304FF48073ADF80A30154B4FF494
:107760008042CDE90423214604230DF125008DF844
:10777000243010F0C9F804F120010DF1450010F09B
:10778000C3F801AB412209A902A80BF0DDFF0446B2
:1077900002A813F049FE2CB901980BF097FF0120C5
:1077A0001AB010BD0448054A234601210FF0E7F93D
:1077B0000020F5E700000209ACC2020052050300F8
:1077C00010B500283FD0234A136823B1043B9842E8
:1077D0003CD05B68F9E7204BBFF35B8F1968BFF3C0
:1077E0005B8F890707D51D481D4A02210FF0BEF99E
:1077F0006FF00F0010BD14684460011D50681160E7
:1078000000B95160BFF35B8F53E8002F42F00101D4
:1078100043E800100028F7D1BFF35B8FD30701D5F1
:107820000020E7E70F4BBFF35B8F53E8001F21F009
:10783000100143E80012002AF7D1BFF35B8F0A481A
:10784000FDF7D8FBECE76FF01500D3E76FF077009A
:10785000D0E700BFD05C0020C85C0020ACC20200B2
:10786000760503001422002058250020054BBFF3A5
:107870005B8F1B68BFF35B8F13F0100F024808BFCC
:1078800000207047142200206566002070B5054670
:107890001E4803688B4232D0BFF35B8F1C4B1B68C2
:1078A000BFF35B8FDA062DD5036813B16FF00F00BD
:1078B00070BD184ABFF35B8F1368BFF35B8FDB07A4
:1078C000F4D4BFF35B8F52E8003F43F0020442E878
:1078D0000046002EF7D1BFF35B8F13F00204E5D111
:1078E00001600D48294610F00FF80C4805F1200101
:1078F00010F00AF80A48FDF77DFB2046D8E76FF044
:107900007700D5E76FF07C00D2E700BFCC5C0020A9
:1079100014220020C85C0020256600204566002057
:107920004825002070B50C4B1C68054644B154F83E
:107930001C3C1C3C13B1297B28469847E469F5E7B9
:10794000064C074EB44200D370BD236813B1297BA7
:10795000284698472034F5E70C5D0020ECC1020072
:107960002CC2020010B50446FCF7FCFF044901EBF1
:10797000001120460FF02CFDBDE81040FEF7F8BACC
:10798000D85C002070B5D1E9015600220446C1E957
:107990000122064812F048FF3DB1314620462B46F1
:1079A0006FF06D02BDE87040184770BD14280020CC
:1079B00013B504464FF4806104300FF0CBFF40054F
:1079C0003FD4BFF35B8F6368BFF35B8FD90326D5CA
:1079D000E37823B91C4A1D4802210FF0B9FF637BED
:1079E000072B2ED11A4B93F8D8309B0629D50FF0D0
:1079F00099FD30B30DF1060101A8FEF7BBFB00BBFA
:107A0000BDF80620BDF8041020460FF0F8FD03462F
:107A1000B8B1104A0D4801210FF09AFF11E00C4B4C
:107A200093F8D8301A07D3D520460FF0CDFD034682
:107A300020B1094A054801210FF08AFF637B072B1B
:107A4000C6D002B010BD00BFC50503008CC2020045
:107A500040210020DE050300A405030070B50546A3
:107A60000F48002200230AF0B3F8B8B90D4B1C6888
:107A700034B154F8143C1C3C03B19847E469F7E76F
:107A8000094C0A4EB44204D32846BDE870400AF0BF
:107A90006DBAA36803B198472034F3E770BD00BF07
:107AA000042800200C5D0020ECC102002CC2020062
:107AB0002DE9F041044640270025EFF3118287F3BA
:107AC0001288BFF36F8FE16929B1206A0B68E36107
:107AD000814208BF236282F31188BFF36F8F71B1B7
:107AE000D1E901680748C1E9015512F09DFE1EB1B8
:107AF000002241462046B047FEF73AFADDE7BDE8EE
:107B0000F08100BF142800200448B0F8FC30002B9E
:107B100000F5807008BF0020704700BF40210020A2
:107B200030B50446FCF72AFD0D4A0D460D490858AC
:107B3000D2F88010884289B005D1204609B0BDE84E
:107B40003040FFF7B5BF24342146104612F029FF1C
:107B50001DB16946204612F034FF09B030BD00BFA8
:107B6000185800200800000038B5002204468A4258
:107B700002D10024204638BD04F1C8030120BFF320
:107B80005B8F53E8005F002D04D143E8000CBCF18B
:107B9000000FF6D1BFF35B8F02D0D0340244E6E78A
:107BA000002CE6D0C8220021204614F047F804F14A
:107BB0004000044912F026FF034904F1240012F0AA
:107BC000D4FED7E7698701007F790200F7B5164632
:107BD0000D4601210446FFF7A3FF012E23D0022EFC
:107BE00052D123693BB13148314A01210EF0BEFF29
:107BF00020460FF0E2FE256121690B8A012B53D943
:107C0000CA681288043292B293424DD343D92748AE
:107C100000920121274A0EF0BCFF204603B0BDE8C8
:107C2000F0400FF0CABE206940B9234A1F483146D0
:107C30000EF09CFF20460FF0C0FE01E02A8A2AB910
:107C4000284603B0BDE8F040FCF72CBF018A438A08
:107C500047695B1AC168C91B5B1A9A420CD9174A5B
:107C6000124831460EF082FF21690022204601F0C1
:107C700011F800232361E3E7E9680C300FF069FA9B
:107C80002846FCF70FFFB7E70D4A084833460121A5
:107C90000FF05EFECEE7002301222046236103B0F1
:107CA000BDE8F04000F0F6BF03B0F0BD8CC20200AA
:107CB000FA0503007A0603001706030035060300E1
:107CC0005C06030008B500F1C803BFF35B8F53E8FF
:107CD000002F013A43E800210029F8D1BFF35B8F60
:107CE000AAB90B4B984212D303F1D00290420ED2A4
:107CF000C01AD023B0FBF3F203FB120038B90548D9
:107D000009F032FFBDE8084003480AF02FB908BD6A
:107D1000F8470020042800207825002010B50446EC
:107D20000FF054FE0AF006FC0C4BD3F8143104F1AA
:107D3000BC0143B90A480FF0F1FD0AF00FFCBDE8A1
:107D40001040FEF715B9994201D01B68F1E70AF01F
:107D500005FC2046FFF7B6FFF1E700BF40210020F9
:107D600054220020F8B5467B8E4200AF04460D46F3
:107D70001BD1082E96BF534B534B53F826306C46FD
:107D800088B06A465149CDE905134FF40073ADF848
:107D90001C304F4B42F8103F4E4800234FF4E45143
:107DA000FBF794F8A546BD46F8BD41730EB90FF038
:107DB0000DFE637B082B00F2818001A252F823F0B4
:107DC0000D7E0100637E0100A77D0100A77D0100FB
:107DD000A77D0100A77D0100A77D0100E57D0100D1
:107DE000A77D01000023C4E90D33E378012BDAD12C
:107DF000A378012B04BF032384F898304FF420327A
:107E0000002304F140000AF021F9CCE7082ECAD87B
:107E1000DFE806F02005171C1C1C1720200004F1C9
:107E20004005284612F0FAFD01212046FFF778FEB2
:107E300020460FF0C2FD0022002328460AF03AF93E
:107E4000B1E7237B13B12046FFF76CFD2046FFF717
:107E500039FFA8E7204A2B461E4802210FF078FD83
:107E6000A1E7237B3E2B0FD16D4688B06A461B4BA2
:107E7000CDE90534032342F8103F164800234FF4A0
:107E8000C451FBF723F8AD46154D05F580766169C1
:107E900011B9FEF76DF886E7A2690B68636191423C
:107EA00008BFA3612046FFF76DFDB5F8FC30002B3D
:107EB00014BF3046002009F057FEE8E7094A2B4678
:107EC000CAE700BF44CD0200950603009F060300E9
:107ED000030000018CC20200B0060300C7060300C5
:107EE00040210020EE060300F8B5074609480D467C
:107EF00016460FF06BFD044650B183781F4203D144
:107F0000BDE8F840FFF7DEBE3146A8472046F7E758
:107F1000F8BD00BFF8470020024900220120FFF70A
:107F2000E3BF00BF7379020070B505460E480E46E8
:107F30000FF04CFD0446A0B1437B012B02D0073B60
:107F4000012B0CD82388AB4208D1A3781E4209D15B
:107F5000064A07482B4602210FF0FAFC2046FFF79D
:107F6000B1FE0024204670BDF84700200A07030038
:107F70008CC20200034BC01A034B00115843C0B21D
:107F8000704700BFF8470020C54EECC470B51C46D2
:107F9000144305460E460DD00F49FCF7EFFAD1F811
:107FA00080400E4909588C4206D10D4A0D480221E5
:107FB0000EF0DCFD002213460B49002D14BF2846AD
:107FC00008460FF060F8044618B1711D0C300FF030
:107FD000AFF8204670BD00BF185800200800000010
:107FE000210703008CC202002428002010B504469B
:107FF000054809F0BBFF204600F092FD2046BDE891
:108000001040FFF78FBC00BF682500202DE9F04F1E
:1080100087B000AF0023FB607B61BF4B5A8A3AB147
:10802000BE4DD5F814413CB91C37BD46BDE8F08FB4
:108030001B68002BF4D1F7E754F8BC3903B1BC3B03
:10804000B749002601E01C461346B5F8FC20002A7B
:1080500000F05F81D5F808214AB904F1BC06002B75
:10806000E2D0D3F8BC20002AEDD0BC3AEBE70A6896
:10807000002AF2D0D4F8A820002AEED0D4F8AC2000
:10808000002AEAD0D4F8B020002AE6D0637B072B80
:108090006CD120469047002868D0BFF35B8FD4F89E
:1080A000C030BFF35B8F022B60DC20460FF08EFCEC
:1080B00004460028B8D0637B072B40F02781D4F812
:1080C000A830B5F8FC1007F1100220469847814609
:1080D000002800F00E81B5F8FC203B699A4208D3D5
:1080E0000146D4F8AC6007F1140307F10C022046F6
:1080F000B0477B693B60B9F81030D7F80C80002B93
:1081000000F0FE804846D7F810A00FF077F97860AD
:10811000002840F0F880B5F8FC30DFF808B2002BFA
:1081200014BF584600200022002309F051FD78B901
:108130007B480022002309F0E5FC064600283BD1DD
:10814000B5F8FC30002B18BF5E46304609F00CFD38
:108150006FF00B054846FCF7A5FCB8F1000F00F0E6
:10816000B38039682A462046C047ADE0D4F8BC3019
:1081700004F1BC02C6B9D5F81811C5F814318A4209
:1081800001D1C5F818310023C4F8BC302046D4F81A
:10819000B030984700288ED0637B072B40F0B68024
:1081A0002046FFF7BBFD86E73360D5F818319A42C9
:1081B00008BFC5F81861E6E73B68C0F80480836033
:1081C000B5F8FCB05448DA454FF000024FF0000318
:1081D0004FF0000198BF1FFA8AFBFCF7E5FB8046D1
:1081E00050B1FCF7BFFB504B5A4603EB0013494616
:1081F00040460FF0C8F88046B5F8FC3094F8C490BB
:108200009A4584BF01237B607B6884F8C4309CBF9F
:1082100009F102095FFA89F904F1C00ABFF35B8F23
:108220005AE8003F01334AE80032002AF8D1BFF390
:108230005B8F04F1140B314658460FF06FFBA378A7
:10824000012B5AD108F10C03042118467B600EF073
:1082500091FF22887B6809F0FD0942EA0932028019
:10826000B8F81020043A4280022118460EF08AFF26
:108270004046FDF79BFD8146002847D0BFF35B8F4A
:108280005AE8003F013B4AE80032002AF8D1BFF328
:108290005B8F314658460FF075FB244A24484B4605
:1082A00001210FF055FB4046FCF7FCFB2046314610
:1082B000FFF768FBB5F8FC301A48002B08BF002018
:1082C00009F052FC6FF004056E4688B0194A079415
:1082D000CDE905256A46042342F8103F14484FF4BF
:1082E00001510023FAF7F2FD1321B54620460FF0A5
:1082F00089FB2046FFF7E6FC96E66FF01509BDE71F
:108300006FF0790526E76FF0040523E7FDF730FEEF
:10831000EFE79368FFDE00BF902800204021002097
:108320001428002040220020D85C00208DFD02008F
:108330008CC202004A0703002DE9F04140F2E243FB
:10834000D0F88860B6FBF3F60446B6B2031DBFF35F
:108350005B8F4268BFF35B8F920417D5B0F88C2017
:10836000B24213D8B0F88E20B2420FD3D0E9241213
:1083700091420BD1BFF35B8F53E8001F21F40051F2
:1083800043E80012002AF7D1BFF35B8F104B1D6842
:1083900065B155F80C7C1C3D37B1B4F89230B4F897
:1083A000902031462046B847ED69F1E7094DDFF8E6
:1083B0002880454501D3BDE8F0812F6937B1B4F875
:1083C0009230B4F8902031462046B8472035F0E787
:1083D0000C5D0020ECC102002CC202002DE9F0412E
:1083E000074608460D460FF09FF8064618B90026C6
:1083F0003046BDE8F081144B1C6884B154F8103C41
:108400001C3C0BB9E469F8E7294638469847002830
:10841000EDD028460FF088F80028F3D1E7E70B4CA1
:10842000DFF82C804445E3D2E3680BB92034F9E748
:108430002946384698470028D9D028460FF074F8C6
:108440000028F3D1D3E700BF0C5D0020ECC102008F
:108450002CC202002DE9F041C37804468BB900F12B
:108460007E06114B1D687DB11C3D04F170076B69E0
:108470001BB13A46314620469847ED6925B11C3D6F
:10848000F5E700F17706ECE7084D094F04F17008B5
:10849000BD4201D3BDE8F0816B691BB14246314654
:1084A000204698472035F3E70C5D0020ECC1020020
:1084B0002CC20200F8B5437A8372054616460FF0C7
:1084C000F1FB0D4B1C684CB154F8043C1C3C1BB137
:1084D000697A324628469847E469F4E7074C084F22
:1084E000BC4200D3F8BDA3691BB1697A3246284665
:1084F00098472034F4E700BF0C5D0020ECC1020077
:108500002CC2020038B505460C460F480121FFF782
:108510002BFBC0B1057223680367A388A0F87430F1
:10852000A37980F876300123437283728370074BFE
:10853000C0F8A830064BC0F8AC30064BC0F8B030DD
:10854000054BC0F88C3038BDF84700201D8A01006B
:108550003D790200317902001800280070B5054607
:108560000A480E460FF032FA044620B18378012BF8
:1085700004D0FFF7A7FB0024204670BD32462946F1
:108580000FF0B2FA0028F7D12046F2E7F8470020B2
:10859000F0B589B000AF0D46FFF7E0FF044610B319
:1085A00029463846FCF7CCFA637B082B96BF0F4A66
:1085B0000F4B52F823306D468AB06A460D49CDE91B
:1085C00007730D4B09930D4BCDE9051442F8103F8D
:1085D0000B4800234FF44251FAF778FC2046AD4691
:1085E000FFF770FB01202437BD46F0BD44CD0200EB
:1085F000950603006D070300010302040500000255
:108600008CC20200F8B505460E480E4617460FF01C
:10861000DDF9044620B18378012B03D0FFF752FB2C
:1086200000240DE036B1324629460FF05DFA08B954
:108630002046F3E7637BBB42FAD1237AAB42F7D102
:108640002046F8BDF847002070B58B78012B92B01A
:1086500006460C4642D191F8703007AD032B37D84F
:10866000DFE803F0023032341E492846F5F7A0FC5B
:10867000059594F87130049394F87230039394F84C
:108680007330029394F87430019394F8753000932A
:1086900094F87630144A1E210AA80CF07FFA0AAB2F
:1086A000324610AD1C4603CCAC42106051602346EC
:1086B00002F10802F6D120681060A388938030464A
:1086C00012B070BD0949D0E70949CEE70949CCE7A6
:1086D000094A0A2128460CF061FAC9E700238DF8FF
:1086E0002830DCE73EE4020060E4020045E40200DA
:1086F0004CE4020056E40200D6E8020038B5044615
:1087000008460D460EF010FF48B3164B93F8D830CC
:10871000990707D4E37883B129462046BDE838405D
:1087200000F0E4BA94F899309A07F3D5BFF35B8F61
:108730006368BFF35B8F5B04ECD4294620460FF0DF
:10874000F9F958B92B88A4F88C306B88A4F88E30CE
:10875000AB88A4F89430EB88A4F8963038BD6FF05D
:108760001500FBE740210020F7B510F8333C044624
:10877000A0F140060BBB30460FF037FA354B1D68B1
:108780004DB155F8183C1C3D1BB114F8341C304653
:108790009847ED69F4E7304D304FBD4205D3304680
:1087A00003B0BDE8F040FFF78DBA6B681BB114F859
:1087B000341C304698472035EFE710F83E3C012B3B
:1087C00046D1BFF35B8FA0F13C0555E8003F23F491
:1087D000005245E800210029F7D1BFF35B8F9904CF
:1087E00023D5E36C00936946636D01933046FFF730
:1087F00085FF034698B9BFF35B8F55E8003F23F42C
:10880000805345E80032002AF7D1BFF35B8F4FF465
:108810000061284603B0BDE8F0400FF09BB8104A55
:10882000104802210FF094F8F1E70F4A4FF4281393
:1088300069463046CDE90023FFF760FF034628B9BB
:108840004FF4805128460FF085F8E0E7074AE7E744
:1088500003B0F0BD0C5D0020ECC102002CC2020090
:10886000A60703008CC2020018002800CB070300F3
:108870000C4B10B91860002070471A6872B9026971
:10888000002AF7D1026832B9426822B9826812B967
:108890004269002AEED06FF0150070476FF0770044
:1088A000704700BF1C5D002008B568B1094B1A680D
:1088B00000F10C0122B907480FF030F8104605E02E
:1088C000914204D01268F5E76FF0150008BD6FF013
:1088D0007700FBE7145D002010B50E4811F09CFFF7
:1088E0000D490C4811F0A0FF0C490A4811F09CFFFB
:1088F0000B49084811F098FF0FF0C9FD03F028F963
:10890000044628B904F0B4FB044608B90FF02EFA67
:10891000204610BD14280020E85C0020F45C0020F4
:10892000005D00200346024A024801210EF027B9EB
:1089300071080300D4C2020080B500AF88B06A4657
:10894000074BCDE90530032342F8103F05480023CB
:108950004FF4C251FAF7BAFA6FF00B00BD4680BD72
:1089600099080300D4C2020008B5064A136823B967
:10897000054850600A60184608BDFFF7DDFF6FF03C
:108980000B00F9E7205D002090CD020070B5044691
:1089900052EA030008D0FBF7F1FD074D074ED5F86A
:1089A00080503058854201D10022134620460431C0
:1089B000BDE87040FFF7EABA185800200800000030
:1089C00073B5054618462B680BB35B7B072B1ED18E
:1089D000002A0E7A0CBF012302239E4209DD0D4AB4
:1089E0000D48009601210EF0D4F86FF0150002B08A
:1089F00070BDCB7A072BF8D9C8618A6105F13000C8
:108A000011F012FF28460FF0C7F80020EFE76FF0D3
:108A10007F00ECE7C0080300D4C202002DE9F84F44
:108A2000D0F8B44000AF8846914644B1403C236B37
:108A300063B92068B4300FF0CEF8246CF5E7FDF789
:108A400097FA00263046BD46BDE8F88F04F1300A9B
:108A5000504611F0FEFE05460028F0D00EF0CEFC88
:108A600080B16C4688B06A462A4BCDE905350323B0
:108A700042F8103F284800234FF4C251FAF726FA73
:108A8000A546DEE728460EF02DFB656C06469DB92F
:108A9000A38C058A403B9BB23F2B03D8238D9D427C
:108AA00028BF1D46042106F10C000EF063FB058073
:108AB000A38C438004356564454520D8B6F810B0D2
:108AC000AB4506D100220023504609F01BF8FBF706
:108AD000E9FFA38CA3F140023F2A07D8AB4514BF9E
:108AE00000220E4AB26118BF1346F3612068B43009
:108AF0000FF071F8236B13B120460FF04DF8636C43
:108B0000C9F80030984534BFA3EB08010021616427
:108B100098E700BFE0080300D4C202001D7D0200F8
:108B2000F7B5284D284F04460026BD4201D303B0B7
:108B3000F0BD298820460FF0E7F86B68019001A985
:108B400020469847002838DB019B2A889A829A841D
:108B500003F11002BFF35B8F52E8001F42E8006090
:108B60000028F9D1BFF35B8F1E645E649E60A16B29
:108B700003F1080219BBC4E90D221C60DE6003F199
:108B8000300011F049FE019843681B6803B1984713
:108B9000019BBFF35B8F103353E8001F41F00101CD
:108BA00043E80012002AF7D1BFF35B8F01984368B6
:108BB000DB6913B100F1100198470835B5E70A6089
:108BC000A263DAE7D4C10200ECC1020073B50D461E
:108BD0000646042105F10C000EF0E5FA2B8A4288C6
:108BE0009A42044607D000921C4A1D4801210DF00C
:108BF000D0FF02B070BD43783BB91A4A1848012132
:108C000002B0BDE870400DF0B1BF0378012BF0D089
:108C1000132B06D1022AECD0022300931346124AEA
:108C2000E3E7124A0E4802210DF0A9FF617835688A
:108C3000022201200FF04EF804460028D9D002216C
:108C40000C300EF080FA0023037043702146284652
:108C500002B0BDE870400FF06EB800BFF808030026
:108C6000D4C20200190903003A0903006509030090
:108C700008B50B8A032B06D8044A054801210DF0DC
:108C800075FF002008BDFFF7A1FFFAE78D0903007B
:108C9000D4C2020038B50B8A032B05460C4609D80E
:108CA0000F4A104801210DF061FF2046BDE8384011
:108CB000FBF7F8BE042104F10C000EF074FA4188B1
:108CC00028460FF049F830B9074A06480B460221FA
:108CD0000DF055FFE9E7436821465B699847E4E7F3
:108CE000AB090300D4C20200C809030070B5144ADE
:108CF000137801330C4613F0FF010CBF01230B4620
:108D00001370064608BF1946082212200EF0E2FF33
:108D1000054688B108210C300EF015FA2288028031
:108D200062884280A2888280E288C28029463046DA
:108D3000BDE870400EF0FFBF6FF00B0070BD00BFCC
:108D4000A566002023281FD81A2804D8431E182BF4
:108D50000ED906207047A0F11B03082B1ED8DFE8B0
:108D600003F0051D1B231D19251D05000320704759
:108D70000F4A012383401A40C2B90E4A1A40002A02
:108D80000CBF06200120704700F07F03522B05D155
:108D900000207047012070470520704710F0400FF9
:108DA00014BF00200620704704207047022070473F
:108DB000AAAA8A02545545012DE9F74F06460846EE
:108DC0000C46FBF7CFFD2E4F18234343FA180546F8
:108DD00091680191E168BFF35B8FF06CBFF35B8F2B
:108DE000C0070AD4274A284801210EF0E2FF6FF09D
:108DF0001509484603B0BDE8F08FE06800781071AF
:108E00000022FA500B78D22B0FD133682146186814
:108E100010F0DBF8814640B11C4A1B4801210EF0DE
:108E2000C8FF2046FBF73EFEE3E7182303FB05736C
:108E3000D4F80C80D4F814B0B4F810A09E600023CD
:108E40001A462146301DFFF7BBFD81460028D0D0D1
:108E500010F1690F04D10E4A0B4801210EF0A9FF51
:108E60006269019BA4F810A0A8EB0B0812FA88F223
:108E7000E260182255437A1947F805909360B8E7E5
:108E8000705D0020040A03007CC202001E0A030079
:108E9000310A030008B5EFF31181402383F31288F0
:108EA000BFF36F8F002303600F4B5A68C2B9C3E949
:108EB000000081F31188BFF36F8F0C4809F056F85A
:108EC000031E0CDA0A4A0B4801210DF058FE00235C
:108ED00083F31188BFF36F8F0323184602DF08BDA9
:108EE00010605860E5E700BF685D0020BC250020E9
:108EF000540A03007CC20200011F014811F0BBBBF1
:108F000094270020024A034801210EF052BF00BFFF
:108F10007D0A03007CC2020010B500F1480304463C
:108F2000BFF35B8F53E8001F41F0010143E80012DB
:108F3000002AF7D1BFF35B8F201F0FF00EF804F16A
:108F40006400044911F05EFD2068BDE8104002F0A5
:108F50001BBD00BFF5A1010073B50E46438D418BCB
:108F60008B4202F1010228BF0B469A42054609D9FD
:108F70001E48009202211E4A0DF00BFE00242046DE
:108F800002B070BD3046FFF7DDFE6FF01403034101
:108F900013F0010310D0FBF7F1FA164B1958164BDA
:108FA000D3F8803099421ED0144B1B685A1A18BF50
:108FB0004FF0FF32134601E04FF4702210480021B9
:108FC000FFF7E4FC04460028D9D0FBF7CBFC0D4B9F
:108FD000182202FB0033012104F10C009D600EF009
:108FE000B2F80670CBE70022E4E700BF7CC20200C3
:108FF0009A0A03000800000018580020B85D0020FD
:1090000048280020705D0020F0B51E4603680D461C
:10901000003987B0044618BF0121186817460FF0C1
:10902000C9FD38B904F14C000EF0FFFF002848D10B
:10903000122014E0002E46D018220021684612F0BB
:10904000FDFD77B1002213212046FFF785FF019037
:1090500038B91E481E4A01210EF0ABFE112007B0A0
:10906000F0BD23681B4A1B680093BDF83030ADF893
:1090700012300D9B0393BDF83830ADF8103001234A
:109080008DF8143031466B4630468DF808500EF09E
:10909000A8FF9DF814307BB14FB10198FBF702FD9A
:1090A0009DF814303246294620460EF0CDFF182D8B
:1090B00007D19DF81400D2E7019911B120460EF0B6
:1090C000E2FE0020CBE70120C9E700BF7CC202001E
:1090D000BF0A0300157E0200F7B5144605460E468A
:1090E0004FF49572014620680FF0F2FC207430B9FD
:1090F000206829460FF09AFD20B908232374002028
:1091000003B0F0BD6B8A5B0612D501230193E3899E
:109110000093AF68A389A26820682946B84738B190
:1091200010F1FF0F26BF4042C0B20E202074E6E7C8
:109130000A48002200230DF0A6FF606008B9092349
:10914000DCE70683E38943836068A289A1680C3069
:109150000DF0FFFF002323740120D1E7FC2800203D
:109160002DE9F3410B8A04460D4643B9294A2A48A2
:1091700001210EF01EFE002002B0BDE8F08107685C
:10918000012105F10C000EF00EF87B7B072B064643
:10919000F1D154F8043C002BEDD003781F4F043C70
:1091A000002217F8320098424FEAC20807EBC201CA
:1091B00014D12A8A4878904226D917480093012171
:1091C0001346174A0DF0E5FC04234744BA78012AF8
:1091D000D1D1002BCFD03178002211E001320E2AFC
:1091E000DFD1104A0C4802210DF0C9FC3178084645
:1091F000FFF7A8FD2122C24012F00102BBD10623D5
:1092000020460EF021FFB6E74B68204629469847D6
:109210000346DAE7D80A03007CC20200B8CD020098
:109220000D0B0300F30A0300F8B54FF47022074654
:10923000002311480D460DF026FF044638B90F4AA9
:109240000F482B4601210DF09AFC2046F8BD00F195
:109250000C06092130460DF06BFF2046FBF782FB20
:10926000084B182202FB0033012130469F600DF0AD
:109270006AFF0570E9E700BF482800207108030075
:109280007CC20200705D00202DE9F04FCB68524F88
:109290001B7887B00646049300253068C36973B90C
:1092A000002D40F08E8019213046FFF7BDFF0146AA
:1092B000002800F08E8030460EF0E5FD81E01C3085
:1092C0000DF0FAFE4FF00003B0F818A0028AC16852
:1092D000BB800446BB6840483B600DF03AFFD6F8BF
:1092E0000080D8F81C5035B1638BD5F800900593F9
:1092F0004FF0000BD5B9049B012B68D1BB880293BA
:109300003B680193638B009300225346182130463B
:10931000FFF77AFE054628B10346228B1821304616
:109320000EF092FE2046FBF7BDFBB6E72A8B5245B6
:1093300032D16A8B002ADED0B988059B5818824248
:109340002ED12A8AF888114481423EDCE9683846E9
:109350000DF0FFFE2A68BBF1000F14D1D8F82010E1
:10936000C8F81C208D4201D1C8F8202000232B60B2
:109370002846FBF797FBB9F1000F0FD0D9F8002072
:109380004D469146B6E7CBF80020D8F8202095420C
:1093900008BFC8F820B0E9E7AB46ECE74A46EFE77C
:1093A00007252046FBF77EFB30681C300DF084FE5D
:1093B00004460028F5D12B465246182130460EF0BF
:1093C00043FE002007B0BDE8F08F0D25E9E700253A
:1093D000A8E70E20F6E700BF882500202DE9F04120
:1093E0000E8A043EF6B2022E04468CB0084601D026
:1093F000102E64D104210C300DF0D5FE0DF10808BB
:1094000005884788011D324640460DF067FF002859
:1094100057D0A5B300268FB3AF4230D34FF42053BB
:1094200001A940468DF80460ADF806300DF029FF23
:1094300048BB1422002107A812F000FC112120468D
:10944000FFF7F2FE0990002837D001210C30CDE95A
:1094500007480DF078FE00230A90394603701A4A37
:109460000B93284607AB0EF0BCFDDDE909131B7812
:10947000FBB90846FBF716FB0A2301E03D46012332
:109480002A4610210EE042F6010307A940468DF856
:109490001C60ADF81E300DF0F4FE0028C9D010237A
:1094A0002A46194620460EF0CFFD00200CB0BDE83C
:1094B000F08120460EF0E7FCF7E71120F6E70420E4
:1094C000F4E70E20F2E700BFFD9A01002DE9FF410D
:1094D000036804460D46186801210FF06BFB40B984
:1094E00004F14C000EF0A1FDA0BB122004B0BDE8B9
:1094F000F08110220021684612F0A0FB21212046B5
:10950000FFF792FE029038B3009405F10C074FF07C
:1095100001082B8A012B04D8029920460EF0B3FCD7
:1095200018E038460DF04FFE6B460C4A8DF80C8063
:10953000014606460EF055FD9DF80C30002BE8D094
:109540000298FBF7AFFA9DF80C30324620212046F6
:109550000EF07AFD0020C9E71120C7E79F820200C4
:109560002DE9FF41036804460D46186801210FF0FC
:1095700021FB40B904F14C000EF057FDA0BB1220B6
:1095800004B0BDE8F08110220021684612F056FBBD
:109590000F212046FFF748FE029038B3009405F1F2
:1095A0000C074FF001082B8A012B04D802992046A2
:1095B0000EF069FC18E038460DF005FE6B460C4ACB
:1095C0008DF80C80014606460EF00BFD9DF80C3020
:1095D000002BE8D00298FBF765FA9DF80C30324674
:1095E0000E2120460EF030FD0020C9E71120C7E70C
:1095F00023830200F0B51D46036885B004460E467D
:109600001868012117460FF0D5FA38B904F14C005B
:109610000EF00BFD50BB122005B0F0BD65B310225B
:109620000021684612F00AFB39462046FFF7FCFD90
:10963000029018B3BDF82830ADF8043001238DF83E
:109640000C3029466B460E4A009428460EF0C9FCA1
:109650009DF80C3002995BB10846FBF723FA9DF8A0
:109660000C302A46314620460EF0EEFC0020D3E7AF
:1096700020460EF008FCF9E70120CDE71120CBE7EA
:10968000238302002DE9F0410E8A043EF6B2022E39
:1096900004468CB0084601D0102E76D104210C303F
:1096A0000DF081FD0DF1040805884788011D324643
:1096B00040460DF013FE002869D085B377B3BD4254
:1096C0002DD8606801210FF075FA064678BB8DF839
:1096D000000042F6020369464046ADF802300DF044
:1096E000D0FD20B342F6030306A940468DF818606A
:1096F000ADF81A300DF0C5FDC8B1012D03D14FF6FC
:10970000FF739F4213D004F14C000EF08EFC002832
:1097100014BF002012200CB0BDE8F0813D460123AB
:109720002A46082120460EF08FFC0020F3E718227D
:1097300000210DEB020012F081FA09212046FFF70B
:1097400073FD0890F8B101210C30CDE906480DF009
:10975000FAFC0023099003700A238DF82C30394657
:1097600006AB0C4A28460EF03CFC9DF82C300899BC
:109770002BB10846FBF796F99DF82C30D0E7204630
:109780000EF081FBD1E71120C5E70420C3E70E20CE
:10979000C1E700BFB59B01002DE9F0430F4687B03C
:1097A0000446062107F10C000DF0FDFC0588EDB123
:1097B000B0F80280B8F1000F17D0454516D8002345
:1097C00082888DF800308DF8043001A94FF42053C1
:1097D0006846D7F80C90ADF80220ADF806300DF0D1
:1097E00050FD064660B10A2301E0454601232A46A2
:1097F000062120460EF028FC002007B0BDE8F083CB
:109800000146142201A83F7C12F018FA07212046D5
:10981000FFF70AFD0290D8B10A238DF815304146B2
:1098200001AB0C4A01942846CDE903698DF8147008
:109830000EF0D7FB9DF8153002992BB10846FBF7C7
:1098400031F99DF81530D2E720460EF01CFBD3E726
:109850001120D2E7A19901007FB5CB681D8804468D
:109860008DB15E8876B1B5420DD8102200216846D0
:1098700012F0E4F905212046FFF7D6FC019058B913
:10988000112007E0354601232A46042120460EF028
:10989000DBFB002004B070BD6B463146084A0094E3
:1098A00028460EF09EFBDDE9011323B90846FBF7BD
:1098B000F9F80A23E8E720460EF0E5FAE9E700BFE9
:1098C000A37E02002DE9F0470D4686B00446042130
:1098D00005F10C000DF067FC2368B0F80090B0F8BB
:1098E00002801868EF682E8A01211FFA89FA0FF0AA
:1098F00061F940B904F14C000EF097FB28BB12202F
:1099000006B0BDE8F087BAF1000F43D01422002161
:1099100001A812F093F92368204A1B6801930123E0
:109920008DF81430F6B201AB51465046ADF81280B6
:109930000397ADF810600EF054FB9DF8143033B16E
:109940005246162120460EF07FFB0020D8E7206803
:1099500002991C300DF09BFB17212046FFF764FC99
:109960000290C8B104210C300DF0EDFBA0F800907E
:10997000A0F802800546029831460C300DF0E3FB5A
:1099800039463246281D12F04BF9029920460EF056
:109990007AFADAE70120B3E71120B1E7D9900100A4
:1099A0002DE9F04391B0D2F8008006460F4600251D
:1099B00042F601030068D8F804908DF82C500BA9EA
:1099C0001446ADF82E300DF05CFC00286DD04FF43D
:1099D000205330688DF82C500BA9ADF82E300DF0C7
:1099E00050FC38B1A3681BB15A88BA4200D25F80DC
:1099F000012010E0616808460EF0C3F9B8F82A208B
:109A0000B8F81A309A4294BFC0EB0200C0EB0300D2
:109A1000032803D8002011B0BDE8F08308460DF0FC
:109A200065FB6168054608460EF0ABF96B8A2A8A29
:109A3000A3EB020C6B69EA68D21AACEB0203B8F82C
:109A40002AC0B8F81A20944594BFC0EB0C00C0EBB4
:109A50000200834228BF03466BB9887AFAF77AFF7F
:109A6000002200230DF00FFB05460028D2D001464E
:109A700060680DF04CFB00230093D6F8048031465B
:109A8000102302AA4846C047061E0EDB227CE0686F
:109A9000964227D001460BA80DF020FC40B9237C4C
:109AA000134A144802210DF06AF80023A3609FE7CF
:109AB000F2B202A906A80DF011FC10B90E4A334605
:109AC000EFE706A90BA80DF0DCFB0028EDD1002381
:109AD0006374042105F10C000DF035FBA0600780D4
:109AE000A36884E7324602A912F0B7F8EDE700BF99
:109AF0002C0B03007CC202004B0B03002DE9FF413D
:109B000005460E464FF000084FF4205300681768D2
:109B10008DF8088002A91446ADF80A300DF0B1FBAB
:109B2000A0B142F6010328688DF80C8003A9ADF8B6
:109B30000E300DF0A6FB48B123691BB15A88B24222
:109B400000D25E80012004B0BDE8F0816168286821
:109B50000DF097FB10B100232361F3E7E368A068E1
:109B60001A786AB1B7F81AC0798D038A8C4594BF08
:109B7000C3EB0C03C3EB0103934201DA0020E2E7DD
:109B800004210C300DF0DFFA2061068023695E802D
:109B9000074B00930194A2680023294638460EF033
:109BA000F5FA0028EADB2069003818BF0120CAE76F
:109BB000C37F02002DE9F347176805468946006810
:109BC0005168D7F804A014460DF05BFB80460028CE
:109BD0004BD19522294650460EF07AFF0646207555
:109BE00040B1E3681B780BB184F81480002002B008
:109BF000BDE8F087294650460FF016F810B9082343
:109C00002375F3E7A06826750DF070FA02210C3079
:109C10000DF099FA164B2061A0F800900093019482
:109C2000A2683346294638460EF0B0FA002807DA13
:109C300010F1FF0F26BF4042C0B20E202075D5E7BD
:109C40002369002BD2D0A0680EF09BF87B8D7A8B15
:109C50009A4294BFC0EB0200C0EB0300E3681B789C
:109C6000984294BF00200120C1E70120BFE700BF58
:109C7000937D02002DE9F04182B000AF0446884692
:109C80003F4800220023394607F04CFE0546B0B19C
:109C90006D4688B06A463B4BCDE90534032342F854
:109CA000103F394800234FF4C251F9F70FF9AD4680
:109CB0006FF00B0630460837BD46BDE8F081FAF775
:109CC0005DFC324B1A58324B38681A6029462C22F8
:109CD00011F0B4FF3B682F481C603C687D60C4E90C
:109CE0000155C4E9095500220023391D07F01AFE69
:109CF000064688B123686C4688B06A462649CDE995
:109D00000513032342F8103F1F482B464FF4C4515C
:109D1000F9F7DCF8A546CBE70146A022786811F0F8
:109D20008DFF78681D4B8360543010F075FD7B68A3
:109D3000BFF35B8F4C3353E8002F43E800610029E9
:109D4000F9D1BFF35B8F7B681C60636A7D682BB9B8
:109D500004F10C0010F060FDC4E90766626AC5F802
:109D60009820A26A05F19803636202B9A3627B6836
:109D700017225A855A830433C8F800309AE700BF87
:109D8000782700206A0B03007CC202000800000054
:109D9000B85D0020942700208F0B0300942500203D
:109DA00008B5437B072B06D00C4A02210C480EF065
:109DB00000F8002008BD04210DF0CEFF10B9094ABB
:109DC0000121F3E7BFF35B8F836CBFF35B8FDB078E
:109DD00001D4054AF4E750F8040CEBE7B40B030098
:109DE0007CC20200C20B0300040A03002DE9F04FFD
:109DF00085B000AFB860EFF31188402383F3128879
:109E0000BFF36F8F5B4D28460DF0B1FF2E680446FF
:109E100088F31188BFF36F8F00285FD0FAF7A2FD97
:109E20005549182202FB00F3C81851F803A0036932
:109E3000FB600021D0E9025890F80490B0F806B019
:109E400011F0FCFEA07AFAF785FD6169034659B16D
:109E5000627AD00706D4DA697B601268204692687D
:109E600090477B68002262612146184610F0E7FCAB
:109E7000B9F1000F0DD065B12B6853B11B6843B128
:109E8000BAF1000F2ED03D4A3D48534601210CF057
:109E900076FE1EB3B968002010F083FD00281DDA9D
:109EA0006C468AB06A46374B0593374BCDE906308E
:109EB0004FF40073ADF82030344B42F8103F304877
:109EC00000234FF41151F9F701F80023A54683F35D
:109ED0001188BFF36F8F0323184602DF1437BD4686
:109EE000BDE8F08F281D0EF04CFA4846FEF72AFF19
:109EF0000528CED801A353F820F000BF459F0100EC
:109F0000159F0100939E0100459F0100939E010053
:109F1000159F0100BFF35B8FEB6CBFF35B8FDA071C
:109F200005D41B4A164801210DF043FFB1E72B6D04
:109F3000002BAED04FF47022002305F1680008F02A
:109F4000B9F8A6E72B68D3F80090BFF35B8FEB6CF2
:109F5000BFF35B8FDB07E4D5B8F1000F99D0002485
:109F600003E0F9684846C0470134A3B29B45F8D8DE
:109F70008FE700BF685D0020705D0020DD0B0300EF
:109F80007CC20200FC0B0300631E030004000001FE
:109F9000040A0300F8B50F461646FFF701FFB0B1FB
:109FA000446A20461CB150F8984904B1983C731C8F
:109FB000194638B1428B458DAA4228BF2A469A429B
:109FC00007D264B90A4A0B4802210CF0D8FD0020E0
:109FD000F8BD32463946BDE8F840FEF7BDBFD4F8BB
:109FE000985005B1983D20460B462C46E2E700BF4D
:109FF000170C03007CC2020007B50B460246002185
:10A00000FAF7BCFA01910E4909580E4800688842D7
:10A0100004D00D48D0F88000884201D100221346B8
:10A0200001A90A4807F07EFC014638B901981C22B4
:10A0300011F004FE019803B05DF804FB0020FAE77C
:10A0400008000000B85D002018580020B02700204C
:10A0500010B50446806818B1FAF724FD0023A36008
:10A0600021460248BDE8104010F005BBB027002093
:10A070002DE9F743044668300F4690461E4610F01F
:10A08000CDFC206D50B9154A154802210DF091FE06
:10A09000204603B0BDE8F04300F094B8114B98425D
:10A0A0004FF0000317D045684360206DD0F818903A
:10A0B000FFF7CEFF0023206823650EF097F93DB12E
:10A0C0002068CDF80090006843463A463146A847DC
:10A0D00003B0BDE8F0831D46ECE700BF320C03007F
:10A0E0007CC20200BC5D0020F7B550F8044C054668
:10A0F000002C63D000F1940104F124000DF07CFFEA
:10A100002E1F05F1500700220023384607F0FAFC05
:10A110000246B0BBEB6C2BB101466FF067033046D3
:10A12000FFF7A6FF002345F8043C05F14803BFF301
:10A130005B8F53E8001F21F0010143E80012002A61
:10A14000F7D1BFF35B8F636A002B37D104F11C0694
:10A1500030460CF0B1FFB8B904F10C060022002320
:10A16000304607F0CFFC90B966689EB91448266067
:10A17000214610F080FA286803B0BDE8F04001F0F5
:10A18000ABBCFAF78FFCBEE7FAF78CFCE0E7FAF716
:10A1900089FCE3E7A26833686360964208BFA36066
:10A1A00077683FB1B3690093002320681A466FF0C7
:10A1B0006701B8473046FFF74BFFD5E703B0F0BD66
:10A1C0007827002010B504460430FFF78DFF606843
:10A1D00013210DF017FC034630B1044A0448BDE8D2
:10A1E000104001210CF0CBBC10BD00BF490C030096
:10A1F0007CC20200F0B5044689B054F8683D00AF57
:10A2000019683846FEF720FA6E4688B06A460B4B4E
:10A21000CDE905374FF40073ADF81C30084B42F818
:10A22000103F00234FF4E2510648F8F74FFE204656
:10A23000B546FFF7C7FF2437BD46F0BD670C0300E6
:10A24000030000017CC2020070B550F8043C0446D3
:10A25000061F002B3BD039B1C36C002B37D01B7CC1
:10A26000DA0734D505231CE00568284601F0F4FB25
:10A270006B7A012B2BD0E46C4CB3237CDB0726D507
:10A28000E368002BEED06269617C3046FEF764FE25
:10A29000054668B9637C0E4A0E4801210CF06FFC3C
:10A2A0000E23002230461146BDE87040FFF7E0BEA5
:10A2B000D4E90512E368984718B12846FAF7F2FB8B
:10A2C000EEE729463046FEF777FD0028F5D170BD50
:10A2D000930C03007CC20200F8B51D460F461646DB
:10A2E000FAF740FB044C182303FB0040C0E9037657
:10A2F0000123C3800575F8BD705D002008B510F01E
:10A30000FBFF38B1044A0346012104480EF07DF9F1
:10A310006FF0040008BD00BFBA0C0300B4C2020015
:10A3200010B50849144618461022A047041E07DA43
:10A33000054A0648234601210EF067F9204610BD64
:10A340000024FBE720490020D00C0300B4C2020027
:10A3500070B50D4C2378834206460D4604D1611C2E
:10A3600028460EF0AAF958B9237CB3420AD107490E
:10A3700028460EF0A2F910B1012004EB001070BDC8
:10A380000020FAE70020FAE7F05D0020015E0020DF
:10A3900070B50D4C2378834206460D4604D1611CEE
:10A3A00028460EF08AF958B9237BB3420AD10749EF
:10A3B00028460EF082F90028054808BF002070BD2D
:10A3C0002046FCE70020FAE7C8480020D5480020D6
:10A3D000D448002070B50E4C2378834205460E46C3
:10A3E00003D1601C0EF069F968B9237BAB420CD134
:10A3F000084831460EF061F920B10120404200F0DA
:10A400000C00204470BD0020F8E70020FAE700BFF0
:10A41000326500203F65002070B5204B14468268ED
:10A420009A420FD1A568C66875B92279216830466D
:10A430000EF04BF9024628B1194901300EF072F9BD
:10A4400015701581012070BDE0680028FBD02B88B5
:10A450008B420AD0F6D2E068A36801380433E0608A
:10A460000038A36018BF0120EDE72568227929464E
:10A4700030460EF02AF9024660B9094930460EF01E
:10A4800024F902460028E6D0294601300EF04AF9A8
:10A4900023791370A3685B881381DCE7E9A90100C5
:10A4A000A51D030010B507481021FAF711FD03465A
:10A4B00030B1054A0548BDE8104001210EF0A5B8AD
:10A4C00010BD00BF10490020F10C0300B4C202000F
:10A4D00038B5054648B1154B13F8011C1A465C1EE9
:10A4E0000DF002FB58B1204606E011490F480EF06E
:10A4F000E4F878B10D4B581E38BD0020FCE7217CF4
:10A5000004F1110228460DF0EFFA0028F5D004F10D
:10A510001000F1E7054B064903F110000EF0CDF8ED
:10A520000028EAD0014B03F10F00E5E7F15D0020C0
:10A53000A51D030010B54A1C0C4628B109780DF082
:10A54000D3FA30B1204610BD034910460EF0B5F8DD
:10A55000F7E70020F7E700BFA51D03002DE9F04154
:10A560000646884617460DF002F860B3414630466D
:10A57000FFF70EFF0546B0B914480EF0DAF80446AE
:10A58000F8B113480EF0D5F868B9124D01246342B2
:10A59000114A03F00C030133D01841460EF0C2F803
:10A5A0000C235C4316550121B94005F108000EF05B
:10A5B0009BF8BDE8F04109484FF40042002307F042
:10A5C00079BD054DE3E7BDE8F08100BFD04800202C
:10A5D000DC480020D4480020C8480020E048002083
:10A5E00010B501460246042311F8010B0832FAF7B0
:10A5F0002DFC034630B1044A0448BDE81040012157
:10A600000EF003B810BD00BF170D0300B4C2020066
:10A610002DE9F04180460F4616461D46FFF7DAFE4B
:10A62000044680B91749FFF7D5FE044630B9164AEB
:10A630001648BDE8F04101210EF081B800F8018B09
:10A6400039460EF06FF8238973B9628972B9268191
:10A650006581214611F8010B0CF089FF80B120467D
:10A66000BDE8F041FFF7BCBF9E4204D36289AA4215
:10A6700006D29E42ECD263892681AB42E9D2E7E75B
:10A68000BDE8F081A51D0300330D0300B4C2020034
:10A6900008B5034A034801210EF051F8002008BD17
:10A6A000520D0300B4C2020038B50F4B1446826845
:10A6B0009A420D4615D122792168C0680EF005F83E
:10A6C00078B1D4F8C8302F2B03D9FFF7E1FF002071
:10A6D00038BD04EB83020133158101895181C4F82F
:10A6E000C8300120F4E700BFE9A9010008B5044A19
:10A6F000044801210EF023F86FF0150008BD00BFDB
:10A70000A60D0300B4C2020038B5094B1546826895
:10A710009A420AD1C4682968013420460DF0CDFF61
:10A7200018B1696820460DF0FDFF012038BD00BF5B
:10A73000E9A9010008B513468168074A914209D189
:10A740001A791968C0680DF0C0FF18B100230360C2
:10A7500043600381012008BDE9A9010002484FF4CC
:10A76000A472002307F0A6BCA049002008B504216C
:10A7700008480DF0B9FF07486FF002010DF0C3FF64
:10A7800004480DF0D6FFC30701D5FFF7E7FF00200F
:10A7900008BD00BFD0490020024608B50849013075
:10A7A0000DF0C0FF002313720C32BFF35B8F52E831
:10A7B000001F42E800300028F9D1BFF35B8F08BDCD
:10A7C000A51D030010B5FFF705FE044678B101464C
:10A7D00011F8010BFAF748FB034620B1044A05487B
:10A7E00001210DF012FF002323606360A36010BD00
:10A7F000B20D0300B4C2020037B504460D46FFF7A0
:10A80000A7FD0246D0B1037A8DF804300C300DF06C
:10A8100090FF10F0010318BF01238DF8053001AA45
:10A82000022329462046FAF727FB034620B1044AB3
:10A83000044801210DF0E9FE03B030BD0346F0E706
:10A84000CF0D0300B4C202002DE9F04385B00E46DF
:10A8500000AF90469946044658B9354A354801211B
:10A860000DF06DFF6FF0150528461437BD46BDE8A5
:10A87000F08307F108010CF0DEFC0546A0B16D463F
:10A8800088B06A462C4BCDE905344FF40073ADF81F
:10A890001C302A4B42F8103F264800234FF4E25167
:10A8A000F8F714FBAD46DDE7391D20460CF0AEFA93
:10A8B000786858B10A2229460AF09AF9034628B165
:10A8C0001F4A1C4801210DF0A0FECBE707F108014B
:10A8D0000020FFF77FFD044620BB002EC4D019499D
:10A8E000FFF778FD044638B9174A124801210DF0E8
:10A8F00026FF6FF00B05B7E7002300F8013B07F1D7
:10A9000008010DF00FFF04F1080104224846C0477A
:10A91000041EA9DA0D4A0748234601210DF075FEF1
:10A920002546A1E7002EEED10660466086609BE7D3
:10A9300010F70200B4C20200F80D0300030000018A
:10A94000140E0300A51D03002F0E0300D00C0300FE
:10A950002DE9F041214B154682689A42074602D103
:10A96000C4686389E3B90120BDE8F08105F170088E
:10A97000287A41460CF0FBFD68B9194B9C4202D184
:10A9800028460DF05AFF174930460DF0CBFE002344
:10A990002370238119E0414630460DF0C3FE14E0D8
:10A9A000238993B12646284616F8011B32460DF03E
:10A9B0009BF80028DAD120783146FDF7CFFD20B191
:10A9C000457BFDF77FF9072DCDD0E368002161813C
:10A9D000002BC8D038469847C5E700BFE9A9010059
:10A9E000F4250020A51D03002DE9F0471F46BDF802
:10A9F0002030D1F80C9006468846002B4ED17B1EA5
:10AA0000012B4ED8012F49460CBF15781588FFF74A
:10AA100091FD0446B8B915B93846BDE8F0874946F6
:10AA2000FFF788FD044638B91F48204A02210DF07F
:10AA300086FE6FF01000F0E706F1700101300DF0B6
:10AA400071FE337A2370D9F81030DBB9B4F808A05E
:10AA50002581B9F80A30AB4203D0494640460DF093
:10AA600070FEAA4505D0307A002206F17001FFF78A
:10AA700075FD002DD0D10E49601C0DF053FE2570E0
:10AA80002581C9E72A464146304698470028C4DB5D
:10AA900001380128DAD96FF00D00BEE76FF006002B
:10AAA000BBE76FF00C00B8E7B4C20200510E030020
:10AAB000A51D030008B5124801210DF015FE10F088
:10AAC000010F104B0AD1104A9A610D480DF031FE6A
:10AAD000830713D4BDE80840FFF740BE1A8B588B9C
:10AAE000012A4FF6FF7205D8904207D04FF6FF7249
:10AAF0005A83EAE790421983E7D0F7E708BD00BF21
:10AB0000D0490020804900200100FFFF1049114872
:10AB100008B50DF0D2FD014640B90E4B581E0DF0A0
:10AB2000B2FE0C4911F8010CFFF766FE08490A480D
:10AB30000DF0C3FD014650B908480DF0A4FE084BC6
:10AB4000187C03F11101BDE80840FFF755BE08BDB0
:10AB5000A51D0300F15D0020015E0020005E0020C5
:10AB6000F05D00202DE9F0419846BDF81830012B2A
:10AB70000646174636D84344012B454635DCFFF7D9
:10AB8000A7FC044668B9FFF7A3FC044648B91A4A73
:10AB90001A4802210DF0D3FD6FF010052846BDE8DC
:10ABA000F081B8F1000F11D0217A002321FA03F2CD
:10ABB000D00703D53A78DA40D20719D50133032BF1
:10ABC000F4D13B7803F007031943217206F17001B9
:10ABD000601C0DF0A7FD337A2370012120460DF093
:10ABE00062FEDBE76FF00605D8E76FF00C05D5E7EE
:10ABF0006FF01205D2E700BF6B0E0300B4C2020073
:10AC000010B56FF0020104460E480DF07CFD0D48B2
:10AC10000DF08FFDC20704D50B480022002307F07A
:10AC200049FA20460DF0A9FC58B12046FFF750FC28
:10AC300038B1037ADB0704D5BDE8104001210DF0DF
:10AC400032BE10BDD0490020A04900202DE9F043BC
:10AC500085B0894600AF16469846044658B9424A20
:10AC6000424801210DF06BFD6FF0150528461437A1
:10AC7000BD46BDE8F08307F108010CF0DCFA05469B
:10AC8000A0B16D4688B06A46394BCDE905344FF422
:10AC90000073ADF81C30374B42F8103F33480023A7
:10ACA0004FF4E251F8F712F9AD46DDE7391D2046C1
:10ACB0000CF0ACF8786858B10A22294609F098FFE0
:10ACC000034628B12C4A294801210DF09EFCCBE710
:10ACD00007F108010020FFF73BFB044690B9FFF79E
:10ACE000F7FB044638B9254A204801210DF027FD1D
:10ACF0006FF00B05BAE7002300F8013B07F10801EC
:10AD00000DF010FDB9F1000F2AD00222394640465D
:10AD1000B047061E07DA1A4A1448334601210DF0DF
:10AD200074FC3546A2E73B782372022E09D0154AFF
:10AD30000E4802210DF003FD002120460DF0B3FD69
:10AD400094E77B78012B05D90F4A084831460DF06E
:10AD50005CFCF1E703F0010120460DF094FD85E76E
:10AD60002046FFF719FD81E710F70200B4C2020088
:10AD7000F80D030003000001140E0300970E0300FA
:10AD8000D00C0300B90E03000D0F030010B51B48D3
:10AD900001210DF0A9FCC3072ED4022117480DF0A4
:10ADA000A3FC084007D11649164A0B88164CA2424C
:10ADB0001CD300B10B80154915480FF023FE4FF44A
:10ADC000A47200231248FAF70FF9124912480FF043
:10ADD00019FE022111480DF087FC114811490FF0AE
:10ADE00011FEBDE810401048FDF75EBD50680344F9
:10ADF0009BB208320120DAE710BD00BF105E0020D0
:10AE00004A6500202CC202005CC20200D9890200FF
:10AE10003049002025B60100A0490020D04900207B
:10AE2000E0480020718A0200CC2500202DE9F04185
:10AE3000034648B1008A38B91249DFF84CE00124D2
:10AE40004FF0140C714501D3BDE8F081D1E90076D3
:10AE5000BB4204D30CFB0672143A93420ED934441D
:10AE6000A2B208311446EDE70CFB0578434507D044
:10AE700001356219AE4292B2F6D1F2E70025F8E749
:10AE80001046E1E72CC202005CC202002DE9F74F38
:10AE9000BDF83050009199464FF6FF73002D08BF62
:10AEA0001D46244B1B888342074690463CD203B084
:10AEB000BDE8F08F73682344BB4232D29CB208369F
:10AEC0001D4B9E42F6D3F2E78958019340460CF0A1
:10AED000D8F9019B90B101340AF1010AA4B2736858
:10AEE0005345ECD9009B9C42E1D8BC42F3D3316876
:10AEF0000BFB0AF28B18B8F1000FE5D1B9F1000F86
:10AF00000BD1013DADB218460E9A0D9B21469847D4
:10AF1000002DCCD00028DED1C9E7DA689145DAD11E
:10AF2000EFE74FF0000ADAE7044E01244FF0140B6C
:10AF3000C6E700BF4A6500205CC202002CC20200C6
:10AF400030B5E5B01022002101A810F077FE1822DC
:10AF500000210DEB020010F071FE4FF41053ADF81C
:10AF60001430274C8023ADF816304FF48063CDE9C0
:10AF70000734102262AB01A905A808F0E5FB0CAD6F
:10AF8000034630B11F4A204801210DF03EFB65B059
:10AF900030BD01464FF4AC72284610F04FFED5F894
:10AFA00058112246284610F0A4F9034608B1174A62
:10AFB000E9E7174A2B464FF6FF7101200DF001FD1E
:10AFC000144905AB1022284610F0A8F90446D5F81C
:10AFD000580108F07BFB14B10F4A2346D3E70D4B11
:10AFE000214603F110020131187812F8014D03F8DF
:10AFF000014B08291070F6D108480DF075FBC6E723
:10B000000002C0035E0F0300B4C20200870F0300FA
:10B010000F86020010490020A50F0300D049002030
:10B020002DE9F0411849BDF818700446A1F130002F
:10B0300015461E460FF005FD14480DF07AFB01077A
:10B0400005D4FFF77DFFFFF761FDFFF72BFA2046E0
:10B05000FFF73EFA68B1037ADA070AD500F10C046B
:10B0600020460DF066FBC30703D4022120460DF0F5
:10B070003BFB102306933A4631462846044BBDE875
:10B08000F0410DF076BB00BF60490020D0490020A0
:10B090001049002010B51A480DF04BFBC0F3C0005A
:10B0A00080F0010408B9FFF74BFF15480DF041FB94
:10B0B000034613480DF03DFBDA061FD5830606D57F
:10B0C000E4B1FFF723FDBDE81040FFF7EBB9202105
:10B0D0000B480DF009FB0B491022881810F0BDFD3C
:10B0E00048B909480FF09AFCBDE8104004486FF0D9
:10B0F00001010DF008BBFFF7DDFCE2E710BD00BF6A
:10B10000D049002010490020A049002008B5102196
:10B1100003480DF0E9FAFFF7BDFF002008BD00BFAE
:10B12000D04900202DE9F04FB9B000AF0C46904651
:10B130003849D7F808013A4699460BF043FE40B922
:10B14000FFF7D4FA6FF015052846E437BD46BDE891
:10B15000F08F3E68391D30460BF058FE3EB92E4A3E
:10B160002E4801210DF0EBFA6FF015043FE07868EE
:10B1700000BB07F1080A4FF0000B5146304687F834
:10B1800014B00CF058F8054608B36C4688B06A460F
:10B19000234BCDE905364FF40073ADF81C30214B3D
:10B1A00042F8103F1D485B464FF4E251F7F78EFE20
:10B1B000A546D9E70A22002109F01AFD0346002816
:10B1C000D7D0194A154801210DF01FFACCE7C7F86E
:10B1D00010A0E4B1C02207F120014846C047041E78
:10B1E00007DA124A0D48234601210DF00EFA2546D2
:10B1F000AAE7A40807F12003C7E906340C4A07F1BF
:10B2000010034FF6FF7101200DF0DBFB9CE7234696
:10B21000F2E700BFBB0F030010F70200B4C2020048
:10B22000F80D030003000001140E0300D00C03000E
:10B2300019A4010030B5B5B0002301918DF80800C4
:10B2400033930E4A01AB04460D4601204FF6FF71C1
:10B250000DF0B7FB339B73B19B0003AA2946204630
:10B26000F9F720FE034620B1054A064801210DF0FA
:10B27000CCF935B030BD1A46F0E700BFA9A60100F1
:10B28000C20F0300B4C202002DE9F34100F17008BF
:10B29000CDE9001204460F46007A414616460CF0EE
:10B2A00066F90F4A05466B464FF6FF7101200DF017
:10B2B00088FB1DB1207A4146FFF7BCFF207A394652
:10B2C000FFF746F840B1314601300DF02BFA1DB1C1
:10B2D000207A4146FFF790FA02B0BDE8F08100BF46
:10B2E00009A7010007B500230193FFF79FFD411C4B
:10B2F00089B20846034A01AB0DF063FB019803B025
:10B300005DF804FBCB8502002DE9F04387B0437B59
:10B31000072B02AF80460C46154640F0A68000235E
:10B320003B73206842F6030307F10C01FB810BF02D
:10B33000A8FF0646002834D1D4F80490B9F1000FD4
:10B3400005D14C4A4C4801210DF0F9F98DE001235B
:10B35000009007F108022146C847031E11DA6D4626
:10B3600088B002AA4549D3610423C2E9051442F812
:10B37000103F414833464FF40151F7F7A7FDAD4662
:10B3800073E0012B05D03E4A3B4801210DF03DF909
:10B390006BE03B7A13F0300F67D02046FFF7A2FF37
:10B3A0000446002320683B7307F10C0142F60213A8
:10B3B000FB810BF066FF18B12046FFF793FF0446B0
:10B3C000002642F6021920683E703946A7F802901E
:10B3D0000BF057FF18BB002320683B7307F10C01EB
:10B3E00042F60213FB810BF04CFF064600283CD1CD
:10B3F000D4F80490B9F1000FA3D00090022307F114
:10B400000C0221464046C847031EA8DB022BBAD1D6
:10B41000BB8905EA0300003818BF012026E0206838
:10B420003E7142F60303391DFB800BF02AFF002812
:10B43000D1D020683E724FF4205307F108017B8180
:10B440000BF01FFF0028C6D020683E7342F60103B0
:10B4500007F10C01FB810BF014FF0028BBD0204644
:10B46000FFF740FF04460028ADD100201437BD4649
:10B47000BDE8F083E00F0300B4C20200F40F030044
:10B480001A1003002DE9F84315468946942269688D
:10B4900006460DF01DFB8046002842D16968022255
:10B4A0003046FFF731FF00283ED04FF470200021D6
:10B4B000AF8AFEF7A1FD0237044680B11C4B4761FD
:10B4C0001D214174C0F80C80436085613A463046C6
:10B4D000FEF760FD074638B92046FEF7B9FD6FF06C
:10B4E0000B052846BDE8F883012342464146FEF796
:10B4F000F3FEA98A07F10C0002310BF024FE20F8BC
:10B50000029BAA8A296910F08BFBA760214630466E
:10B510000DF016F805460028E3D02046FEF798FD0A
:10B52000DFE74FF0FF35DCE76FF01505D9E700BF27
:10B53000D185020070B504468AB037480DF0F9F89D
:10B5400042070D4661D514B1637B072B60D16E684D
:10B5500005963046FFF76AFC2A68ADF8180032B34A
:10B5600005A902912D4901910121002300914FF677
:10B57000FF710593FFF78AFC059E1EB96FF001006D
:10B580000AB070BD6E60002330688DF8103004A9D9
:10B5900042F60303ADF812300BF073FE70B9059854
:10B5A000C3689B799B0605D46FF01500E8E7002877
:10B5B000E9D1E3E70DF0BEF9ADF81800BDF81800C9
:10B5C0003CB101230146AB752A462046FFF75AFFDE
:10B5D000D6E76FF07F0307930223ADF8203042F6E1
:10B5E0000213ADF8123005ABAC7502930C4B01930E
:10B5F0000123009304AA23464FF6FF7109958DF8A5
:10B600001040FFF743FC0798BAE76FF00A00B7E76E
:10B610006FF07F00B4E700BF14220020FF85020016
:10B620007DB8010073B500F13005044650F8083CC0
:10B630000193A0F120066FF0010128460DF063F898
:10B640000D4B44F81C3C0D4B44F8183C01AB00205A
:10B6500044F8103C042324F8080C24F8060C24F8C1
:10B660000C3C3146FFF766FF18B9022128460DF061
:10B670003BF802B070BD00BF78CE020001AC010003
:10B680002DE9F8433A4B164682689A4200AF0546C8
:10B6900024D1D0F80C803468B8F80830F3B14246B1
:10B6A000204612F8011B0CF01FFAB8B14FF4957246
:10B6B000294620460DF00CFA28B3032812D16C4617
:10B6C00088B06A462B4BCDE9053542F8100F2A4861
:10B6D00000234FF4C451F7F7F9FBA5460120BD46FE
:10B6E000BDE8F883052820460CBF4FF003094FF052
:10B6F00002090CF0F3F9814505D933794B45EDD2B8
:10B7000086F80490EAE7414628460DF01AF81B4BEC
:10B710009845E3D1207A04F17001FEF75BFE0546FF
:10B720000028DBD0038913B94389002BD6D02046EB
:10B73000FCF720FC124B2A8923F8202003EB80031E
:10B740006A8910495A80182202FB00110E4A4A6089
:10B750000B610E4A8A60042320468B82FFF7EAFEC3
:10B760000028BBD00A4A044801210CF0E8FFB5E7E5
:10B77000E9A9010033100300B4C20200F42500203F
:10B780002E650020D85D002078CE0200C38802001C
:10B790004710030070B504468AB035480CF0C9FF65
:10B7A00042070D465DD514B1637B072B5CD16E68F3
:10B7B00005963046FFF73AFB2A68ADF8180032B319
:10B7C00005A902912B4901910121002300914FF617
:10B7D000FF710593FFF75AFB059E1EB96FF001003C
:10B7E0000AB070BD6E60002330688DF8103004A977
:10B7F00042F60303ADF812300BF043FD70B9059823
:10B80000C3689B79DB0605D46FF01500E8E70028D4
:10B81000E9D1E3E70DF08EF8ADF81800BDF8180097
:10B820002CB101462A4620460DF08DF9D8E742F6A4
:10B830000212ADF8122005AA6FF07F0302920E4AA1
:10B8400007930123CDE90032ADF8203004AA234646
:10B850004FF6FF7109958DF81040FFF717FB079819
:10B86000BEE76FF00A00BBE76FF07F00B8E700BFEC
:10B8700014220020FF8502007DB801002DE9F0416F
:10B880003D4B154682689A42074603D00127384649
:10B89000BDE8F081D0F80C80384B984512D0B8F84C
:10B8A0000820AB899A42F1D1414611F8010BFCF70F
:10B8B00055FE06460028E9D0437B072B24D0FCF731
:10B8C00001FAE3E72E4C00262E4920460CF0F5FE47
:10B8D00078B914F8010C07222146FCF793FE80B9D1
:10B8E0002B6914F8010C1A69214653881288FEF757
:10B8F0008FFE731C022B04F10C044FF00106E3D100
:10B90000CDE7FCF7DFF9F4E7D8F8143023B1394676
:10B91000984708B93046D2E73946942230460DF0B0
:10B92000D7F807460028F5D1AB89022B15D1B8F816
:10B9300008309A071ED52A69A9883046FFF7A2FD6C
:10B94000044618B92A69937D013393753046FCF794
:10B95000B9F9002CAC609ADB98E7012B0AD1B8F852
:10B960000830DB0706D52A69A98830460DF0EBF8C8
:10B970000446EBE73C46E9E7E9A90100F42500208D
:10B9800033650020A51D030070B58EB000F1700571
:10B99000044603900123007A8DF8103029460BF0FD
:10B9A000E6FD90B1227A52B302AE042130460AF08D
:10B9B000E2FB0096134A24212B4605A8F9F788F9E3
:10B9C00005AA11491046F7F743FF4FF6FF710F4ADA
:10B9D00003AB01200CF0F5FF20460CF07FF89DF83A
:10B9E0001010884209D220460CF043F8034620B1DB
:10B9F000074A084802210CF008FE0EB070BD009204
:10BA0000D8E700BFBE0F030025B1010081B60100D9
:10BA100064100300B4C202002DE9F0410D4B1B6815
:10BA200006460F46904623B153F8044904B1043C3E
:10BA30000BB9BDE8F0811B681BB142463946304660
:10BA400098472CB1656805B1043D23462C46EFE7C5
:10BA50002546FAE7145E002013B50A4A0090044612
:10BA60004FF6FF7101206B468DF804000CF0A9FF22
:10BA7000002120460DF09EF808B9FFF71BF802B030
:10BA800010BD00BF81B6010037B5124A00910446CF
:10BA90000D468DF804006B464FF6FF7101200CF047
:10BAA00090FF29462046F9F70BFA002810DB2946BB
:10BAB0002046FEF787FE29462046FEF749FC08B1DE
:10BAC000FEF76AFE29462046F9F7E4F900EAE0703D
:10BAD00003B030BD35A7010073B5044603461A4ACA
:10BAE0004FF6FF71012004F170060CF06AFF207A16
:10BAF00031460CF083FF207A31460BF038FD50B10F
:10BB0000237A8DF80430114A00966B464FF6FF7188
:10BB100001200CF056FF2046FEF7DAFC054688B1FE
:10BB2000207A31460BF023FD28B9284602B0BDE843
:10BB30007040FEF731BE3146681C02B0BDE870406F
:10BB40000CF0F0BD02B070BD51A9010035A7010095
:10BB50007FB54FF42052ADF8162004AA02920B4A8A
:10BB600000230120CDE900324FF6FF7105AA0493AE
:10BB70008DF81430FFF78AF9049B012B14BF6FF086
:10BB80001500002007B05DF804FB00BF318C0200F7
:10BB900008B501460448044B0DF063F8043B002847
:10BBA00014BF1846002008BDDC49002010B50C4A1F
:10BBB00011680C4ABFF35B8F00F5B47353E8004F74
:10BBC000944204D143E8001CBCF1000FF6D1BFF34E
:10BBD0005B8FBFF35B8FD0F86801BFF35B8F10BD45
:10BBE0001C5D0020D849002008B5FFF7DFFFB8B181
:10BBF000036843B1426832B1826812B90B4A1278C5
:10BC00003AB904200BE0094A127812B10BB18268EC
:10BC100042B9426842B9002B14BF0020032008BD7E
:10BC20000320FCE70120FAE70220F8E7A6660020DF
:10BC300008B5034A034801210DF011F8002008BDA2
:10BC4000AC100300FCC20200024A034802210DF0BE
:10BC500006B800BFC7100300FCC2020038B50023BD
:10BC600004461A46EC300D46FCF7AAFE58B169307E
:10BC700004D1074A074801210CF0F1FF2846BDE82E
:10BC80003840F8F70FBF2046BDE838400DF045B802
:10BC9000310A0300FCC2020038B5051D0446082124
:10BCA00028460DF043F8084904F15700FBF7EEFD74
:10BCB00048B1082128460DF012F80448044A012131
:10BCC0000CF0CDFF082038BDD78F0200FCC2020067
:10BCD000E010030038B5EC22054600210FF0AEFF5E
:10BCE000102105F1270003F0CBFF044648B90521D8
:10BCF00028460DF01BF8FBF7B9FD034B18602046F2
:10BD000038BD0824FBE700BF1C5E002070B50E465E
:10BD100086B00446FFF74AFFF36804F13702054690
:10BD2000114603F1100053F8046B41F8046B834291
:10BD3000F9D1237A052B00F29580DFE803F0172371
:10BD40002303936A02AB4B490093096804F127036C
:10BD500004F1570001F05AFC58BB0A21201D0CF0D9
:10BD6000E5FFAB680299D4F8EC00984720460D2116
:10BD70000CF0DCFF201D10210CF0D8FF20460DF048
:10BD800008F817E094F8DC10D4F8D83002ADCB40B6
:10BD90003849009503F00103096843F0800304F17A
:10BDA00057000DF0D8F938B1334A344801210CF06E
:10BDB00056FF082006B070BD1022294604F1170076
:10BDC0000FF04BFF08B10420F4E7032120460CF0EC
:10BDD000ADFF0CF0DEFF0028EBD194F8DC3001332E
:10BDE000DBB2142B84F8DC3009D10D2120460CF095
:10BDF0009DFF1021201D0CF099FF0020DAE7102193
:10BE000004F1270003F03CFF003818BF0120C000F8
:10BE1000D0E7102104F1270003F032FF0028C8D139
:10BE200035B3EB6823B3164BE27A1B88ADF80830C4
:10BE3000A37C12F0010F08BF0320DB0703D5002805
:10BE400014BF012002200023C4E938338DF8090013
:10BE50000C21201D0CF06AFFEB68D4F8EC0002A95D
:10BE60009847CAE7074A054801210CF047FFA0E7B9
:10BE700002209FE71C5E0020F9100300FCC20200B4
:10BE8000E8C60200121103002DE9F04790B0044605
:10BE90000CAD1022002128460FF0D0FE237A052B8E
:10BEA00034D8DFE803F0060303063323D4F8D83090
:10BEB0000C93D4F8EC3004F1470204F1C707CDE944
:10BEC000017204F1370803F17E0204F127090092A0
:10BED00077334A46414604F1970001F02FFBF0B159
:10BEE000454A464801210CF0BAFE14E0D4F8E4308B
:10BEF000002BDED02E4603F1100718685968324631
:10BF000003C20833BB421646F7D1D2E73C4A3B484E
:10BF100001210CF0F3FE082010B0BDE8F087D4F842
:10BF2000EC3003F177027E3308AE019304F1110384
:10BF30000292009303962B464246494638460DF03E
:10BF40002FF908B12F4ACCE7237A052B0ED1D4F86C
:10BF5000E01011B30B46AC4601F1100E1868596899
:10BF6000624603C2083373459446F7D1D4F8EC30E7
:10BF700003F17E0277330DF1100A019304F10A03F5
:10BF800002920093CDF80CA02B464A464146384613
:10BF90000DF006F930B11C4AA3E7102228460FF035
:10BFA0004DFEE3E71022514604F1B7000FF055FEB5
:10BFB000F8B90D2120460CF0CDFE07460028AAD086
:10BFC00010210C300BF0BFF832460346164603CE64
:10BFD000AE4218605960324603F10803F6D1394683
:10BFE0002046FFF73BFE201D01210CF09FFE0020A4
:10BFF00092E70B2090E700BF2E110300FCC2020065
:10C0000012110300431103006611030073B5047A93
:10C01000022C054623D844B190F8DC30D0F8D84043
:10C02000DC4004F0010444F08004032128460CF0B5
:10C0300091FE0646D8B110210C300BF084F8009028
:10C0400012482346006805F1270205F157010DF05B
:10C0500082F8044680B13046F8F724FD07E0032C4F
:10C0600008D00B4A0B48234601210CF047FE08205C
:10C0700002B070BD0024D8E731462846FFF7EEFD38
:10C08000281D21460CF02BFE2046F1E71C5E002007
:10C0900012110300FCC2020070B5061DCD680446F3
:10C0A0000B2130460CF01BFE2B4604F1170205F164
:10C0B000100153F8040B42F8040B8B42F9D1237A98
:10C0C000012B09D0022B13D1204604210CF02EFEA7
:10C0D000BDE87040FFF79ABF0A2130460CF0C1FD61
:10C0E0000028F1D0304600210CF020FE002070BD69
:10C0F0000348044A01210CF001FE0820F7E700BFC5
:10C10000FCC2020012110300F7B50446FFF74EFD12
:10C11000261D05460E2130460CF0A3FD78B94E4B86
:10C120002022196804F157000FF097FD38B94B4AE7
:10C130004B4802210CF093FD082003B0F0BD0C2108
:10C1400020460CF007FE07460028F5D040210C30B1
:10C150000AF0F9FF404B1B680246014603F120003C
:10C1600053F804CB41F804CB8342F9D1203203F1D8
:10C17000200153F8040B42F8040B8B42F9D13946E5
:10C180002046FFF76BFD237A052B5DD8DFE803F02F
:10C1900003491A035C59042120460CF0C7FDFFF740
:10C1A00035FF0028C8D1304607210CF0BFFD08201C
:10C1B000FFF7EEFC00284DD1204603B0BDE8F0406B
:10C1C000FFF76ABD2046D4F8EC70FFF7EFFC0421BE
:10C1D00005464FF0FF330DEB0100019303F050FDD6
:10C1E0000028A9D1019B1F4AB3FBF2F102FB1133D6
:10C1F0000193C4F8D83084F8DC0055B12B6843B102
:10C200000B2130460CF092FD2B68D4F8D81038463C
:10C210009847032120460CF089FD0E210CF086FD85
:10C22000C1E7204603210CF081FD0E210CF07EFDBC
:10C2300030460A210CF07AFD6B68D4F8EC00984780
:10C24000B1E704212046E9E7074A054801210CF03F
:10C2500055FD71E7002070E71C5E00208A11030085
:10C26000FCC2020040420F001211030070B50E46DE
:10C270000546FFF79BFCF36805F15704224603F1DE
:10C28000200153F8040B42F8040B8B42F9D105F15D
:10C29000770203F1200153F8040B42F8040B8B42A0
:10C2A000F9D12046FBF73EFAF0B11D4A1D480321A3
:10C2B0000CF0D5FC281D0E210CF038FDD5F8EC4013
:10C2C000D4F8A40038B9207A04F1700100F0DEFE41
:10C2D000C4F8A40098B1438A03F024037BB1437CE3
:10C2E0009B070CD4032070BD2046FBF727FA30B91A
:10C2F0000C480D4A02210CF0B2FC0B20F3E70B4B6B
:10C300001C682CB9281D06210CF010FD2046EAE718
:10C310002846FFF7F9FE003818BF0120C000E2E709
:10C32000A5110300FCC20200C61103001C5E002020
:10C3300038B512490446A0F1EC054C300EF062FB12
:10C3400028460CF08EFDBFF35B8F0D4A04F17C0391
:10C3500053E8001F43E800200028F9D1BFF35B8FAA
:10C36000BFF35B8F80344FF0FF3354E8002F44E875
:10C3700000310029F9D1BFF35B8F38BDCDCE01006C
:10C38000D849002080B500AF88B06A46074BCDE998
:10C390000530032342F8103F054800234FF4C251F3
:10C3A000F6F794FD6FF00B00BD4680BDE21103006F
:10C3B000FCC2020008B5084AD2F8EC3033B907488D
:10C3C000C2F8F000EC320A60184608BDFFF7DAFF49
:10C3D0006FF00B00F9E700BFD8490020F0CE020053
:10C3E0002DE9F04188B0064600AF0B4604300D2120
:10C3F0000CF037FC90B3DD68D6F8EC3003F1700830
:10C40000197A424602200CF067FE0446E0B9414624
:10C410003846F8F795FB6E4688B06A46124BCDE970
:10C4200005374FF40073ADF81C30104B42F8103F45
:10C430000F4823464FF4E251F6F748FD0820B54671
:10C440002037BD46BDE8F0812B462E3405F11002A1
:10C4500053F8041B44F8041B9342F9D130460921D8
:10C460000CF064FC0020EBE707120300030000015E
:10C47000FCC2020038B5174B1B78054623B301F008
:10C480000F042846FFF7B0FB134A03280CBF04F043
:10C490000B0444F0040405F5B6731278BFF35B8F08
:10C4A00053E8001F013103D143E800200028F7D1F1
:10C4B000BFF35B8FBFF35B8FD5F86C31BFF35B8F3E
:10C4C0002BB144F0010038BD01F00704D9E704F0B6
:10C4D000FE00F8E7A666002024270020F8B50D46E8
:10C4E000D0F8EC700446FFF761FBED68EB78102B99
:10C4F00001D00620F8BDD7F8A430002B73D0261D3C
:10C500000F2130460CF0ADFB20B92046FFF7E2FBCF
:10C51000002871D1012363722B68C4F80A30AB88FC
:10C52000E38102232374A9782046FFF7A3FFE07478
:10C530002046FFF759FB1023607423752B7903F015
:10C54000030363756B7903F00103A375E37C1A079A
:10C5500054D4052130460CF084FB00285CD0574BA6
:10C560001B78A374E37C980606D5AB78990603D5AF
:10C57000142130460CF0DAFBE37CDA074ED5AB78B9
:10C58000DB074BD50D2130460CF0D0FBA37D84F8A2
:10C59000E830637D84F8E930032130460CF0C6FBB7
:10C5A000237BE17C2D7803EA0102100704D5E27AAF
:10C5B000A07C0243D20735D4042D35D80B4313F0A9
:10C5C000040307D02046FFF70FFB3D4B05EB850525
:10C5D0002B441B5C2372D7F8A41020460CF04AFBB6
:10C5E00020BB032086E7387A07F1700100F04EFD8A
:10C5F000C7F8A400002882D108207BE7AB781B078E
:10C60000A7D5052130460CF091FB637D03F00203B2
:10C6100063750023A3759CE72A4BA1E7002363758C
:10C62000A375B3E70523D5E70023D3E7D4F8EC30AF
:10C630009B7A032B33D022D8013B012BDCD8052178
:10C6400030460CF00EFB0028CBD00C2120460CF01D
:10C650006DFB02210CF07EFB05460028CCD00621A4
:10C660000C300AF070FDD4F811300360B4F81530C6
:10C67000838029462046FFF7F1FA00203AE7042B91
:10C68000BAD1237D627B934228BF1346102B7FF4DF
:10C6900030AF052130460CF0E4FA0028A1D0237A0F
:10C6A000002B9ED0052130460CF0DBFA0028C6D1C5
:10C6B000237A013B012BC2D893E700BFA866002074
:10C6C0009F1E0300A76600202DE9F041C778012FC7
:10C6D000044604D06FF015042046BDE8F0810CF04C
:10C6E0000FFB0546002800F0A980061D04213046F6
:10C6F0000CF0B7FA002840F0A480032130460CF07B
:10C70000B0FA10B16FF00F04E6E7394630460CF08E
:10C71000A8FA0028F6D12846FFF748FAD5F8EC30F9
:10C720009B7A032B074640D030D8013B012B46D9DA
:10C730000F21201D0CF095FA0028CBD1D4F8A400CD
:10C7400090B904F17007217A3A46202000F00CFDE0
:10C75000C4F8A40040B9217A3A46042000F004FD50
:10C76000C4F8A4000028B5D0438A13F0240FB1D038
:10C77000A27A022A23D9417CC907ABD5032A1ED04D
:10C780009B06A7D5037C102BA4D118E0042BCFD196
:10C790002846FFF729FA032804D1002FC8D0FB68E8
:10C7A000002BC5D0284B1B7807E02846FFF71CFA62
:10C7B000032804D1002FBBD0FB68002BB8D0D4F8DD
:10C7C000A4303BB12846FFF785FA044670B16FF0FC
:10C7D000680481E7207A04F1700100F057FCC4F886
:10C7E000A4000028EED16FF00B0475E70B2128465A
:10C7F0000CF0B0FA07460028E9D001210C300AF00D
:10C80000A2FC092180462846FFF734FE234688F81B
:10C8100000002246394605F1EC00FCF7D1F8044649
:10C8200018B13846F8F73EF956E730460F210CF0BC
:10C830007DFA012128460CF079FA4DE76FF07F046C
:10C840004AE76FF0040447E7A6660020F8B5D0F881
:10C85000EC40D4F8A4300546061D002B3CD1022143
:10C860003E4A3F480CF0FBF907213E4B5F5CD4F891
:10C87000A4304BB11B7C002B65D1D4F8A4000CF084
:10C880003FFC0023C4F8A430022130460CF0E9F943
:10C8900040B9072F96BF344B1F21D95D3A46204639
:10C8A000FBF708FE032130460CF0DBF940B32F4BB9
:10C8B0001B682BB353F80C6906B10C3E03B35B68DD
:10C8C00013B1394620469847002E43D0F26802B192
:10C8D0000C3A33461646F1E779BB0D2130460CF091
:10C8E000C0F9074620B1D4F8A40008B100F00EFE4C
:10C8F0001E4B1B6823B153F80C6906B10C3E73B98B
:10C9000028460CF0AEFA637B072B25D1627AA37A16
:10C910009A4221D02046BDE8F840FFF7D5BE1B68FB
:10C9200013B13946204698472EB1F26802B10C3A4D
:10C9300033461646E3E73246FAE70139C9B20E2913
:10C9400093D9092793E7022130460CF08AF9002891
:10C9500093D199E73246BCE7F8BD00BF211203002E
:10C96000FCC20200901E03007F1E0300145D002025
:10C97000F8B5031D06460F46184602210CF071F962
:10C98000044620B1B6F8E840B4FA84F464090321FF
:10C9900018460CF066F980B139463046FFF756FF6D
:10C9A000C4B11A481A4A02210CF059F9D6F8EC0021
:10C9B00005210BF027F80020F8BD012118460CF0E6
:10C9C00050F90028E8D10F2118460CF04AF9002848
:10C9D000E2D1E5E7052130460CF0BCF9054688B107
:10C9E00001210C300AF0AFFB23460770224629468E
:10C9F00006F1EC00FBF7E4FF0028DCD02846F8F74E
:10CA000051F8D8E76FF06800D6E700BFFCC202001B
:10CA10004B120300134B10B5044618604FF0FF3261
:10CA20004FF0FF33104804F0ABFF104805F048FB0F
:10CA30000D4805F017F81CB9BDE81040FFF704B920
:10CA40000B4CBFF35B8F2368BFF35B8F5B0607D58F
:10CA5000201FFFF759FB18B10821201FFFF788FF9F
:10CA600010BD00BF1C5E00200C26002020260020E8
:10CA7000DC4900202DE9F3410B8A04460E4643B9F8
:10CA80002D4A2E4801210CF0EAF8002002B0BDE842
:10CA9000F081012106F10C000AF085FBA4F1EC0500
:10CAA000E83C0746042120460CF0DBF83B7828B12F
:10CAB000234A224802210CF021F9E6E70E2B01D986
:10CAC000204AF6E7DFF8808058F833204AB902217F
:10CAD0001E4A1A480CF012F907212846FFF748FFB2
:10CAE000D3E7194628460CF0A5F93B7860B91348FE
:10CAF000174A02210CF002F9032120460CF0B1F88C
:10CB00000028C2D00821E8E708EBC301328A09797E
:10CB1000914208D001210093084813460D4A0AF0BB
:10CB200038F80A21D9E7314658F833302846984773
:10CB300001460028A9D0D0E7A3120300FCC20200DE
:10CB4000BE120300EF12030018CF020011130300FE
:10CB50002B1303000D0B03002DE9F04F99B090F853
:10CB6000E930D1F80C80D0F8EC6023F0020380F8B3
:10CB7000E93098F8003000AF054606F17009002B47
:10CB80003BD098F8063003F0C003C02B35D04146A7
:10CB90003846F7F7D5FF6E4688B06C46614BDFF834
:10CBA00088816D464FF4007ACDE90537ADF81CA0B9
:10CBB00045F8108F00232A465C484FF4E25107F1F4
:10CBC000200BF6F783F94946B5465846F7F7B8FF04
:10CBD000A546574BA4F81CA0C4E9053BC4F8108037
:10CBE000524800232A464FF4E251F6F76FF90A2023
:10CBF000B5466437BD46BDE8F08F0722414648463A
:10CC00000FF02BF868B1307A414600F005FB04467E
:10CC100038B1014628460CF02DF848B320460CF0F8
:10CC20006FFA0D21281D0CF01CF8002868D0317A0D
:10CC30004A4602200CF050FA0446D8B907F14005E4
:10CC400049462846F7F77CFF6E4688B06A46394B5E
:10CC5000CDE905354FF40073ADF81C30324B42F886
:10CC6000103F324823464FF4E251F6F72FF9B5460C
:10CC70000820BEE7F378002B3CD106F17E0318783C
:10CC800001282BD19A7902F0C002402A26D1D3F88C
:10CC90000120C4F83E20B3F80530A4F8423096F8DD
:10CCA0007030DBB196F8763003F0C003C02B15D09E
:10CCB0002149BC6407F14002C7E91098FBF714F959
:10CCC000D8F80030C4F80130B8F80430A4F80530C2
:10CCD00098F80630E3713046FBF7BCFB0021204694
:10CCE000F9F76EFF48B11148144A02210BF0B7FF63
:10CCF00003207EE706F17703C1E72046F9F772FFCC
:10CD000095F8E9305B0703D50A2128460CF00EF8A8
:10CD1000B5F8E81009B100206BE72846FFF796FD4B
:10CD2000F9E700BF4613030003000001FCC2020044
:10CD3000C413030007120300A98E02005A13030054
:10CD40002DE9F0410E46D0F8EC800446FEF72EFFA8
:10CD5000F668054633781048104A0121271D0BF06C
:10CD6000CDFF0A2138460CF065F838B16DB9204680
:10CD70003178FFF76BFD0020BDE8F0810B213846CC
:10CD80000CF058F80028F1D1F1E72B69002BEED018
:10CD900040469847EBE700BFFCC202009513030032
:10CDA0002DE9F043054689B0A0F1E806044600AF3E
:10CDB00088463046012155F8EC990CF03BF828B331
:10CDC000B8F1000F17D0032130460BF04AFFE8B14D
:10CDD0004046F8F731FF0138C0B208289ABF374BF8
:10CDE0001C5C0024022130460BF0A0FF214628469F
:10CDF000FFF72CFD0AE099F80B303BB103213046D8
:10CE00000BF02FFF30B928460CF02BF82437BD4625
:10CE1000BDE8F083052130460BF023FFB8B114F8CC
:10CE2000043C1B0707D514F8033C180703D5112150
:10CE300030460BF07BFF14F8043C23F0080304F8A1
:10CE4000043C14F8033C23F0080304F8033C14F8F2
:10CE5000033CD90710D5062128460BF067FF0221B5
:10CE600030460BF063FF2168D1F8A46066B134F856
:10CE7000041C0029CAD1BAE79A0701D50821EBE7BB
:10CE80005B07ECD50A21E7E770313846F7F758FE23
:10CE90006D4688B06A460A4BCDE905374FF40073FA
:10CEA000ADF81C30074B42F8103F074833464FF4AB
:10CEB000E251F6F70BF8AD46A8E700BF871E030066
:10CEC000B713030003000001FCC2020037B5A0F550
:10CED0009C75A0F59A74BFF35B8F2368BFF35B8FDB
:10CEE000BFF35B8F2A68BFF35B8F08480092012174
:10CEF000074A09F04EFE28460821FFF7A7FC042147
:10CF0000204603B0BDE830400BF010BFFCC2020069
:10CF1000CC1303002DE9F04389B000AF04460BF0B9
:10CF2000EFFE054680B3061D032130460BF099FE47
:10CF300050B3D4F8A40008B10CF0E2F804F1700981
:10CF4000207A494600F0A2F88046C4F8A400F8B957
:10CF500049463846F7F7F4FD6E4688B06A46414BBD
:10CF6000CDE905374FF40073ADF81C303E4B42F865
:10CF7000103F3E484FF4E2514346F5F7A7FF082122
:10CF8000B5462846FFF7F4FC2437BD46BDE8F083DC
:10CF90000E2130460BF065FE28B1D4F8A420537C56
:10CFA00043F0020353742B7A032B0DD8002B4DD181
:10CFB000D4F8A420537C23F020035374D4F8A42085
:10CFC000537C23F001030DE0053B012BF0D8D4F88E
:10CFD000A420537C43F020035374D4F8A420537C42
:10CFE00043F0010353742B7D697BD4F8A4208B425A
:10CFF00028BF0B461374052130460BF032FED4F8DF
:10D00000A420537C48B343F0100353740D213046E1
:10D010000BF027FE0028B7D0D4F8A40020210CF094
:10D020006BF8D4F8A43005F147021E33573552F897
:10D03000041B43F8041BAA42F9D1D4F8A42000230E
:10D0400053619361D4F8A42093839DE70521304672
:10D050000BF007FE0028ABD0BFE723F0100353749A
:10D0600092E700BF0712030003000001FCC20200A8
:10D0700008B5044B044801221A70FAF7A1FB0020FE
:10D0800008BD00BFA66600202826002070B5054612
:10D0900012480378AB420C464FF0010604D1072238
:10D0A00030440EF0DAFDA0B12EB10D490D48072233
:10D0B0000EF0D3FD78B9094A134603F8015B2168E5
:10D0C000C2F80110A1889980A179997140F21123C9
:10D0D000D360024870BD0020FCE700BF205E002046
:10D0E000A51D0300215E0020F7B50E4F04460D4636
:10D0F00016460023798A3A780BB103B0F0BD0029B7
:10D10000FBD0A242F9D1084B1868998800909B790E
:10D11000ADF80410684631468DF80630A847012363
:10D12000E8E700BF205E0020215E0020F8B5084F30
:10D13000164604460D4600227B8A234002B1F8BD04
:10D14000002BFCD031463846A8470122F4E700BF47
:10D15000205E002008B5034900220220FFF7E6FF09
:10D16000002008BDCB90020070B50B4C638A0340D1
:10D170000D464FF000061146227808D0954204D1A2
:10D180000722601C0EF069FD18B1304600E0184619
:10D1900070BD2046FCE700BF205E0020F8B50B788C
:10D1A000012B06460C4601D00020F8BD8B7903F018
:10D1B000C003402BF8D1154D6F8A2946BF0711F8DF
:10D1C0003E2B4FF0000304F1010006D5B24204D11A
:10D1D00006220EF042FDB8B10023002BE4D16B8A89
:10D1E0009B07E1D52B78B342DED1661C0848314657
:10D1F0000AF00EF80028D7D0D4F80130C5F83E3038
:10D20000044BB4F805209A800048CEE7205E002049
:10D210004E5E00205E5E002010B5074C23788342EE
:10D2200008D10722601C0EF018FD00280CBF204614
:10D23000002010BD0020FCE7205E00202DE9F04317
:10D24000BDB0154602AF044638B9A44AA44801212E
:10D2500009F08CFC6FF0150642E0382207F1B001AE
:10D260001846A847051E06DA9E4A2B469C4801210F
:10D2700009F085FCEEE707F10801204609F0DBFF25
:10D28000064698B16D4688B002AA974BC2E90534AC
:10D290004FF400739383954B42F8103F904800235E
:10D2A0004FF4E251F5F712FEAD46D3E7391D2046A3
:10D2B00009F0ACFD786838B10A22314607F098FCD5
:10D2C000034608B18A4AD1E755BB07F1080229464F
:10D2D0003F20FFF749FF40B1442229460EF0AEFC43
:10D2E0003046EC37BD46BDE8F08307F1100407F186
:10D2F00008012046F7F724FCE84688B002AA7D4BD7
:10D30000C2E905344FF400739383784B42F8103F21
:10D3100073482B464FF4E451F5F7D8FDC546DFE7D7
:10D3200007F108010020FFF7B1FE0446E0B907F15C
:10D33000300507F108012846F7F702FC6E4688B071
:10D3400002AA6D4BC2E905354FF400739383674B16
:10D3500042F8103F624823464FF4E251F5F7B6FD1C
:10D36000B5466FF00B06BBE7382D97F8B0304FD0BD
:10D37000102B41D8342D3FD140F21123C36007F167
:10D38000B00500F1100307F1E00C2A4603CA62451C
:10D3900018605960154603F10803F6D1106818604B
:10D3A000E27BB4F80D3043EA0243022B7BD1637C6D
:10D3B000DA0795D513F0300592D107F1900807F1FF
:10D3C00008014046F7F7BCFBE94688B002AA4B4B80
:10D3D000C2E905384FF400739383444B42F8103F81
:10D3E0003F482B464FF4E451F5F770FD637C23F082
:10D3F0000103CD46637473E738230093404A3848ED
:10D400002B46012109F0C5FB20460BF079FE21E7F0
:10D41000102B35D840F21123C36007F1B00500F19D
:10D42000100307F1E00C2A4603CA624518605960F0
:10D43000154603F10803F6D110681860638A03F0FB
:10D44000220213F020056282AAD107F1500607F1EB
:10D4500008013046F7F774FBE84688B002AA294B6A
:10D46000C2E905364FF400739383204B42F8103F16
:10D470001B482B464FF4E451F5F728FDC546C3E79A
:10D4800007F1B00300F10C051A4603CA696007F101
:10D49000E8018A422860134605F10805F4D1237B90
:10D4A000112B3FF47DAF07F1700507F10801284605
:10D4B000F7F746FB6E4688B002AA134BC2E9053562
:10D4C0004FF400739383094B42F8103F0448002344
:10D4D0004FF4E251F5F7FAFCB54695E710F7020074
:10D4E000CCC2020002140300F80D03000300000187
:10D4F000140E03002114030044140300E11403007C
:10D500006314030081140300A114030010B5014645
:10D510000246382311F8010B0C32F7F733FD0446AD
:10D5200028B1044A03460121034809F028FB20469C
:10D5300010BD00BF46150300CCC202002DE9F04328
:10D540009BB0304CDDE923871D468446894616464C
:10D550000CAB04F1300E206861681A4603C208342F
:10D5600074451346F7D12068106022791A7161461C
:10D57000202204A80BF0D7FD23486B46202204A9E3
:10D5800000F072F80446C0BB102249460DF1350088
:10D590000BF0C9FD102231460DF145000BF0C3FD23
:10D5A0002946062211F8013B8DF855300DF1560041
:10D5B0000BF0B9FD2299062211F8013B8DF85C3081
:10D5C0000DF15D000BF0AFFD434635220CA9684616
:10D5D00000F04AF8044680B940460BF0AEFD012346
:10D5E0008DF8303035223B460CA9684600F03CF8F7
:10D5F000044610B938460BF0A0FD20461BB0BDE82C
:10D60000F08300BFEAC60200B81E030070B598B0F0
:10D610000E4614460146202204A81D460BF083FD49
:10D62000202231460CA80BF07EFD1022294614A8BA
:10D630000BF079FD1022214668460BF074FD6B4615
:10D64000502204A9684600F00FF840B9039B054A30
:10D650001BBAB3FBF2F102FB11331C9A136018B032
:10D6600070BD00BF40420F002DE9F0418EB007466B
:10D670000C4615460021182208A81E460EF0DEFAB8
:10D680004FF41053ADF81C30DFF85C808023ADF808
:10D690001E304FF44063CDE90938102205AB3946FE
:10D6A00007A806F051F8034648B1104A1048012176
:10D6B00009F065FA6FF004000EB0BDE8F08106AB2A
:10D6C000029310232246CDE9006341462B4605987C
:10D6D0000DF051FE0446059805F0F8FF2043EBD00D
:10D6E000044A2346E2E700BF0002C0037D150300A1
:10D6F00094C202009915030010B5094C0A449142E6
:10D7000000D110BD11F8013B584003090001E35C52
:10D71000C0B2434018091B01205CDBB25840EEE761
:10D72000C81E0300142870B503460C4612D80B4AD5
:10D7300012F81010D4E9000502EB4302A0FB010629
:10D740005278002301FB0561EDF766F9C4E9000199
:10D75000002070BD6FF01500FBE700BFD81E03006E
:10D7600008B503F079F9034668B10748074A012173
:10D7700009F005FA06486FF004034362BDE808406B
:10D7800014300BF05DBD08BD5CC20200B215030091
:10D7900090220020044B93F83A3013B1034803F071
:10D7A00009BAFFF7DDBF00BF9022002065D8010055
:10D7B000094BBFF35B8F53E8002F511C43E8001067
:10D7C0000028F8D1BFF35B8F0AB9FFF7E3BF6FF012
:10D7D0000F025A62704700BF9022002080B500AF50
:10D7E00088B06A46094BCDE905304FF40073ADF8B7
:10D7F0001C30074B42F8103F064800234FF4E2511B
:10D80000F5F764FB6FF00400BD4680BDCC15030046
:10D81000030000015CC2020038B50F490022054632
:10D820000E480DF000FB002003F002F8044630B172
:10D830002868FFF7D3FF6FF00404204638BD024686
:10D8400001210720F6F794FD0548C368002BF4D1A9
:10D8500004300BF0F5FCF0E7B1D70100F022002016
:10D8600090220020F8B50378002B40F09A80574CA6
:10D87000E36A94F850701F42254607D1A36A002B33
:10D880003FD15348BDE8F8400BF0DABC94F898104B
:10D89000A26D94F85160A1B90121DBB20B420BD00B
:10D8A0000F4208D016EA010CB2F9000024D000EBB8
:10D8B000D070401010800232490089B2B942EDD9CF
:10D8C000DCE73340018915D002EB41019142D5D00C
:10D8D000B2F9003003EBD3735B1022F8023BF5E79B
:10D8E00032F91360002EB8BF22F8130001338B42C7
:10D8F000F6DBC3E71846FAE70028B8BFA2F800C075
:10D90000D9E7236C43B1B4F84C20324932489847E8
:10D9100001280BD0022837D0B4F84C30B4F8482096
:10D920009A4231D90133A4F84C30002094F8983051
:10D93000B3B994F8521018B9A36D03EB4103A36572
:10D94000A06D03F049F8034650B12448244A012150
:10D9500009F015F96FF004031D4863620BF070FCC9
:10D96000E36B1BB9BDE8F840FFF714BFBFF35B8F53
:10D9700055E8003F5A1E45E800210029F8D1BFF3C1
:10D980005B8F012BEEDCF8BDE36B002B3FF479AF2E
:10D9900094F89830002B7FF474AF124805F0B2F978
:10D9A0006FE7022B0FD103F057F803460028EAD0A7
:10D9B0000A480D4A012109F0E2F804486FF0040317
:10D9C000436214305EE7052BDDD15AE79022002038
:10D9D000A4220020B822002010BF02005CC2020076
:10D9E000EC150300F0220020B21503002DE9FF41E1
:10D9F0000F464FF0FF3380484FF0FF3204F0E8F855
:10DA00007E68731EFE2B05D97C4A7D48012109F0F2
:10DA1000ADF810E00024254626FA04F3DA0715D500
:10DA200002F04EFFE040C3070ED4764A2346744806
:10DA3000012109F0A4F86FF015046F480BF000FC09
:10DA4000204604B0BDE8F0810135EDB20134082C68
:10DA5000E2D10DB96C4AD8E73B7CA3F10802062A53
:10DA60000FD8DFE802F0100E120E040E0C00022197
:10DA7000012D7A7C0BD0002A46D0644AC5E70321E9
:10DA8000F6E7634AD3E70021F2E70121F0E7082A2D
:10DA900006D8DFE802F008080808080808080800A7
:10DAA00013465C4AC3E73B6873B35C6864BB1868A1
:10DAB00001387F2828D88DF808208DF809401B6888
:10DAC000554A1B01013BADF80A30012382F898301A
:10DAD0008DF80C3002AA514B304602F02DFF04465F
:10DAE0000028AAD13B686A0013B19B8903FB02227C
:10DAF000FB68934211D2424800920121484A09F042
:10DB000048F86FF00B0498E7434B002083F8980027
:10DB1000424B304602F0DAFEE1E73F4E86F85250C3
:10DB200096F89830B868B065B04673B13B689D8987
:10DB30000135A9B202F050FF044640B1394A03460C
:10DB400001212F4809F01BF877E72946F2E7BC4688
:10DB5000BCE80F00344D0FC5DCF800302B60746258
:10DB60003B68002B45D00FCB2F1D87E80F00F36BD0
:10DB7000B762A6F84C40002B3BD0BFF35B8F58E850
:10DB8000003F48E80042002AF9D1BFF35B8F96F8C6
:10DB90009810E1B9F46B2548254A4FF4004700235B
:10DBA000E4FB0701ECF788FF0022CDE90001002328
:10DBB00005F1280005F06EF81E484FF0FF324FF0D7
:10DBC000FF3304F005F800B17062746A35E702F0C3
:10DBD00043FF03460028EFD0174A0948012108F007
:10DBE000CEFF6FF00403A5F1240073620BF028FB55
:10DBF000E2E7FFF7CFFDDFE79422002005160300E0
:10DC00005CC20200231603003D16030078160300D1
:10DC100053160300AA1603009022002065D80100C5
:10DC2000CD160300EC150300B82200203F420F0080
:10DC300040420F00A4220020B215030030B587B087
:10DC400000230393CDF80F304B798DF813300B7907
:10DC500013F020050C4615D08A797F2A08BFFF22D1
:10DC60008DF81420C3F3040203F01F03072B8DF873
:10DC7000152009D95A4A5B48012108F080FF6FF04E
:10DC800015059DE0FF22EBE722780C2A1ED8DFE87D
:10DC900002F00A07111D131D151D1D17191D1B006C
:10DCA00001228DF80E206278032A15D0042A16D09E
:10DCB0004D4A0CE00222F4E70322F2E70422F0E7E7
:10DCC0000522EEE70622ECE70722EAE7474A454845
:10DCD000012108F04BFFD2E701228DF80F20628866
:10DCE00044F20A018A4227D843F6FE718A4203D8D9
:10DCF000002A4BD03E4AEAE7A2F57F523F3A0B2A70
:10DD0000F8D801A151F822F095DD0100F5DC010001
:10DD1000F5DC0100F5DC01005BDD0100F5DC010054
:10DD200055DD0100F5DC0100F5DC0100F5DC01004A
:10DD3000F5DC01008DDD010044F214018A4227D098
:10DD400044F228018A4225D044F20F018A42D1D1FF
:10DD5000032200E001228DF810202649012000FA5C
:10DD600003F391F85020DBB26DB3A5797F2D13D169
:10DD7000134381F85030237991F8512003F01F03A9
:10DD800000FA03F3134381F851300BE00222E2E77B
:10DD90000422E0E70522DEE722EA03028DF8110003
:10DDA00081F8502003A80CF051FA054640B12379C0
:10DDB00003F01F03104A009001210A4808F0E9FE11
:10DDC000284607B030BD134381F85030237991F8CD
:10DDD000512003F01F0300FA03F322EA0303D2E702
:10DDE000F21603005CC202002817030009170300A3
:10DDF0004C1703009022002077170300084B70B5E2
:10DE0000C31A0D4607499B10044659430648402251
:10DE10000BF021FA2B4601462046BDE8704018471A
:10DE2000785E0020B76DDBB668BE020073B50C4C9F
:10DE30000C4A4023041B00930D460B460A49A410CC
:10DE40006143064609480BF032FA014628B13046D4
:10DE50002B4602B0BDE87040184702B070BD00BF4D
:10DE6000785E00201B930200B76DDBB668BE02002F
:10DE70000022F8B5012105461046F6F779FA104858
:10DE800002F010F80446B8B90BF0A3FE2F690D4953
:10DE9000384608F030FA031E09DB01263E642D697E
:10DEA000084905F11C0008F026FA031E02DA1C4698
:10DEB0002046F8BDEE64FBE76FF00404F8E700BF0E
:10DEC000F1DF010090CF02001FB500220123CDE950
:10DED00002236C46074A6B46CDE900440BF016FA64
:10DEE00028B94FF480420023684603F071FE04B065
:10DEF00010BD00BF2D93020010B5EFF31184402335
:10DF000083F31288BFF36F8F074A136823F002016F
:10DF1000DB07116002D401200BF055FE84F3118859
:10DF2000BFF36F8F10BD00BFC85E002030B4104B30
:10DF30000C2202FB003301460020D3E90E52986305
:10DF4000EFF31180402484F31288BFF36F8F1C6CB1
:10DF500004F0C00444F002041C6480F31188BFF391
:10DF60006F8F1DB12B46034830BC184730BC70473B
:10DF7000785E002068BE020010B4EFF311804022EA
:10DF800082F31288BFF36F8F17490B6843F00204C6
:10DF900013F001030C601AD04FF08043D3F80C1437
:10DFA000D3F80C3413F0010311D0EFF3118182F395
:10DFB0001288BFF36F8F0D4A136C03F0C00343F058
:10DFC0000203136481F31188BFF36F8F012380F381
:10DFD0001188BFF36F8F1BB110BC0020FFF7A6BFE5
:10DFE00010BC012001F04EBFC85E0020785E00200A
:10DFF00010B1012804D07047034B1B6C5B0701D1A3
:10E00000FFF794BF704700BF785E0020F8B528493D
:10E01000BFF35B8F0646012251E8003F41E8002034
:10E020000028F9D1BFF35B8F33B9224922484B60F6
:10E03000CB608A6008F072F9731E012B2CD80CF0AB
:10E0400038FD044650B1EFF31185402383F3128865
:10E05000BFF36F8F01244FF080470EE0174B1B7802
:10E06000002BF0D04FF080430222C3F8082305466E
:10E07000F1E794B1284608F0D6FFD7F81824D7F86E
:10E080001834D203F5D59B0701D0012EF1D14CB144
:10E0900085F31188BFF36F8FF8BD002121200CF0AC
:10E0A000CFFDEAE74FF080430222C3F80423F3E7F1
:10E0B000745E0020645E0020945E0020036A0020ED
:10E0C00008B50448F3F7EAFF0248F6F709FC002018
:10E0D00008BD00BFD9E0010073B5104E8DF80700F0
:10E0E0000446032501220DF10701002003F02CFA5C
:10E0F00020B101233370204602B070BD3378002B6D
:10E10000F9D0013D08D00CF0D4FC0028EAD1002160
:10E1100042200CF095FDE5E73570ECE7A96600209C
:10E12000EFF31182402383F31288BFF36F8F0A4B02
:10E13000D3F8001161B10021D3F80805C3F800112C
:10E14000D3F80031C0B282F31188BFF36F8F7047EC
:10E150006FF00A00F7E700BF00D00040F0B50346BB
:10E160008478C678EFF3118E402080F31288BFF3D5
:10E170006F8F1D7893F801C0641B3440A24288BFA2
:10E18000A2B2AF18374028461F708EF31188BFF334
:10E190006F8F8F188F4218D165450CD1EFF3118125
:10E1A000402080F31288BFF36F8F1878587081F386
:10E1B0001188BFF36F8F1B79A41AA34228BF074BA6
:10E1C00090B224BF01221A60F0BD03EB000E0130B3
:10E1D0009EF805E001F801EB3040DBE700D000409D
:10E1E000DB432DE9F04713F001050F46144604D038
:10E1F0002448FFF7B3FFBDE8F087B2B3EFF3118611
:10E20000402383F31288BFF36F8F0D20F6F7A2F837
:10E2100080460D20F6F78AF886F31188BFF36F8FDA
:10E22000DFF864A0194ECAF80051DAF800314FF453
:10E2300000590123CAF800302546C6F88091DAF863
:10E240000031A3B1FFF76CFF031EA4BF05F1FF353A
:10E25000ADB2C6F88091A8BF7B55002DEFD1B8F1C3
:10E26000000F02D00D20F6F753F82046C3E7EFF376
:10E270001180402383F31288BFF36F8F08F0D3FE21
:10E28000DDE700BFEC5E002000D0004000E100E0D0
:10E2900070B50D4614460CB9204670BD4FF0FF33E3
:10E2A0004FF0FF320C4803F093FC224629460B48FE
:10E2B000FFF754FF0646084803F056FC3EB94FF0FE
:10E2C000FF324FF0FF33064803F082FCE6E7A41B61
:10E2D000A4B23544DFE700BFCC5E0020015F002020
:10E2E000DC5E002038B50122114617480CF0B5FA63
:10E2F000154D0122002105F110000CF0AEFA40F29C
:10E3000007432B874FF070632B620C2385F8243072
:10E3100000240E4B85F83540EC86D3F8042522F016
:10E320000102C3F804250121C3F80041D3F80021FC
:10E33000C3F80413224619600D20F6F719F80D20D2
:10E34000F5F7E6FF204638BDCC5E002000D0004047
:10E3500010B5FFF7E5FE002820DB174B93F82220CD
:10E3600093F8214093F82310141B31EA0404C0B23F
:10E370000DD193F8372093F8364093F83810141BDA
:10E3800031EA04040BD10D4B01225A600EE09C18B7
:10E390000132114084F8250083F8221010BD9C182A
:10E3A0000132114084F83A0083F837100448BDE880
:10E3B000104003F0D9BB00BFCC5E002000D000406D
:10E3C000DC5E0020024B0B6001231360704700BF2E
:10E3D000105F002000487047B4CF020007B5034625
:10E3E000054A00910548012108F0D3FB6FF01500A4
:10E3F00003B05DF804FB00BFEC17030024C3020068
:10E4000010B5012211460748074C0CF026FA01F01E
:10E4100097FD0BF0F7FE20600BF0F0FE606000202F
:10E4200010BD00BF185F0020105F002038B5037BCF
:10E4300004460BB10BF0DCFB0125A368032B06D8C7
:10E44000124AD2F80034DB07FBD5002038BD236820
:10E450006068196802F02CF863680433636023680D
:10E4600004332360A368043BA360237B0135002BA6
:10E47000E3D0284601F0F0FD0028DED0034AD2F8B0
:10E480000034D907FBD50120E0E700BF00E00140E0
:10E49000F0B589B00E4615460BF0B0FE294607468A
:10E4A00030460AF0DBFF60B3B6FBF7F307FB1363FC
:10E4B00023B9B5FBF7F407FB14545CB11F4A009570
:10E4C00033461F48012108F064FB6FF01504204615
:10E4D00009B0F0BDBD42FAD34FF0FF334FF0FF3229
:10E4E000184803F075FB0BF077FB04AB014660B9ED
:10E4F000102218460DF0A2FBCDE905650AF08AFF4F
:10E5000016E0114A00953346DBE7102221461846F3
:10E510000DF094FB01228DF81C200C4ACDE902205D
:10E520000B48CDE9056501F013FD02A801F016FDC9
:10E530000446044803F018FBC9E700BF09180300AC
:10E5400024C30200185F0020EC170300159402009A
:10E55000645E010070B50D4688B01946284616461F
:10E560001C460AF07BFF58B91D4A00942B461D48F3
:10E57000012108F00EFB6FF01504204608B070BDB5
:10E5800045EA04039B0703D0174A00942B46EEE7A5
:10E59000002CF2D04FF0FF334FF0FF32134803F05E
:10E5A00017FB0BF019FB0346CDE9046504A806949C
:10E5B0008BB101238DF81C300D4BCDE9023041F6B3
:10E5C0004C5001F0C5FC02A801F0C8FC0446074805
:10E5D00003F0CAFAD1E78DF81C30FFF727FFF5E703
:10E5E000EC17030024C3020028180300185F002062
:10E5F0002DE401002DE9F043476840F20636D006CD
:10E600003B7C87B002EA060654BFC2F3401C4FF0C1
:10E61000030C01F01F05B6F5837F144645EA431548
:10E620008DF803C044D00DD8062E16D005D8A6B15B
:10E63000022E3FD06FF0150037E0B6F5807FF9D19C
:10E6400001260AE040F20222964235D0B6F5407F1C
:10E6500034D0B6F5007FEDD10226220330D57A689A
:10E6600001238B40C2F80835B868A0BB05F01F0332
:10E670006D092DD0012D77D13E4A02EB8302C4F300
:10E680000043D2F8001783F00103C4F3404444EA86
:10E69000430421F4E16144EA8C0421F0070144EAD7
:10E6A00006230B43C2F80037002007B0BDE8F08313
:10E6B0000726D2E70426D0E70526CEE70326CCE7D7
:10E6C000630341BF01237A688B40C2F80C35CBE766
:10E6D0004FF0A042D1E70DF1020229460BF0FEFCFB
:10E6E00014F4403F80460CD1B86829460BF02BFD4E
:10E6F000B8F1000FD8D19DF80210B86801F0B8FD4C
:10E70000D2E74FF0000901ABCDE90199CDE9043919
:10E71000CDF80C90B86803AA29460BF0B4FB484525
:10E72000C2DB14F4003314D0C4F300449DF803306A
:10E730008DF80E3084F001048DF80C608DF80D40DA
:10E74000B8684B4603AA29460BF050FC0028CFDAE4
:10E75000AAE7CDE904330DF103030393B86803AAD4
:10E7600029460BF090FBF1E703F5E07350F82330F6
:10E77000FFDE00BF00030050420970B5034602D01F
:10E78000012A17D070BD0D4E326951680029F9D0A9
:10E7900003F01F0301250C689D400029F2D08A6810
:10E7A0002A4002D04B68304698472CB12368214656
:10E7B0001C46F2E7024EE7E72346F8E7A0BE020058
:10E7C00084BE020038B54568A86890B10BF0B5FC6E
:10E7D000014670B9A8680BF094FC044658B902468B
:10E7E0000649A8680BF077FC224605210620F5F7BC
:10E7F000BFFD002038BD6FF00400FBE779E70100A2
:10E80000F0B544681646A068227C01F01F0587B069
:10E8100045EA421500286DD0B6F5001F04D12946FF
:10E820000BF0E4FC002056E06268607CC2F824052E
:10E8300001AA0020B6F5800F0190506037D1B3F1E6
:10E84000007F14BF052304238DF804300023CDE995
:10E8500004230393E36823FA01F111F001010DF1A0
:10E8600003073AD1B6F1A07F37D105F01F036A093B
:10E8700003F5E07326D0012A3FD1214A52F8233014
:10E88000DB072AD4A0683A4629460BF027FC16304D
:10E890001BD00297A06803AA29460BF0F4FA0028BF
:10E8A00019DBA068012229460BF04FFCBAE7B3F14F
:10E8B000C06F05D0B3F1007F14BF01230223C3E76B
:10E8C0000323C1E74FF0A042D8E7A068394601F022
:10E8D000D5FC0028DDDA07B0F0BDA0683A4629462D
:10E8E0000BF0FCFB0028D5D19DF80310A06801F0C7
:10E8F000BFFCCFE76FF08500EDE751F82330FFDE76
:10E9000000030050044A054B9362054A1A60012136
:10E9100000220320F5F72CBD30260020405F0020A8
:10E92000003000402DE9F04F89B002AFD0F810A0C0
:10E93000BB6043683A61D3F820B09B8A7B614FF09B
:10E94000FF324FF0FF3305460C460AF062FE0AF133
:10E950003C03FB60002300220AF13C00002603F088
:10E9600037F933463A69964201D300235DE0207AB5
:10E97000010700F19B803A692168013696420BD26B
:10E98000820709D4227D80EA020C0CF0010C02F00F
:10E9900004025CEA020C24D0002B50D101F060424A
:10E9A000B2F1005F4ED1D4F80080A3884FF0000987
:10E9B000BA68CAF85080217A00922846424600F090
:10E9C000A5F8031E31DB4FF48042F868002303F002
:10E9D000FFF800284BD028460AF032FE6FF0730390
:10E9E00023E04FF001086268D7F814E003EB020C53
:10E9F000F44529D96C468CB0286802A92E4ECA610C
:10EA0000C1E905637B690A46C1E9083040F2035356
:10EA10000B852A4B42F8103F002329484FF45151EF
:10EA2000F4F754FA6FF01B03A54628467B610AF001
:10EA3000F4FD7B691C371846BD46BDE8F08F4FF0EA
:10EA40000008D0E79846CEE7C00705D40BEB0300DB
:10EA50007B600DF0E5F87B6862681A4493B2B8F108
:10EA6000000F0CD1002B9ED09946D846A0E7DAF8CB
:10EA70004C30002B1DDB237ADB0702D400230C343F
:10EA800070E7C345FAD123460AE0A9EB0201D86832
:10EA90007B601FFA81F918FA81F10DF0C1F87B68EB
:10EAA0005A689145A3F10C03EFD2E7E76FF08503B5
:10EAB000BBE76FF00403B8E78A1803000600000103
:10EAC0004CC3020008B5CA0743680AD4C1F3420127
:10EAD000012909D002290FD00A4A0B48012108F068
:10EAE00045F86FF0150006E09B6A1B684FF0CC728A
:10EAF000C3F82425002008BD9B6A4FF0C8621B683C
:10EB0000F6E700BF701903004CC30200F0B589B0EE
:10EB100047680C461646002112220DF10E001D46D4
:10EB20000DF08CF804F001038DF80C30BDF838308E
:10EB30008DF80D30BB8C0495AB4206960AD20A487C
:10EB400000930A4A2B46012108F023F86FF01B00BE
:10EB500009B0F0BDC4F3400282F00102B86A52016C
:10EB600003A902F0B1F9F3E74CC3020082190300D4
:10EB7000B0B5456800AFAB6904469847E869012124
:10EB80000AF04FFD2A69A86A234629460BF0F9FBD3
:10EB9000002818DA23686C4688B06A460C49CDE92B
:10EBA00005134FF40073ADF81C300A4B42F8103FC8
:10EBB000094800234FF4E251F4F788F96FF004009C
:10EBC000A546BD46B0BD20460AF052FD0020F8E73C
:10EBD000CC150300030000014CC302002DE9F041F5
:10EBE0002C4E002440F2FF15E3B28B4201D30020EB
:10EBF00015E050F8247017F4804FC7F3C32CC7F307
:10EC000008033ED13F0EAB4208BF4FF0FF330B2F3E
:10EC100016F80CC005D00C2F2DD06FF08500BDE884
:10EC2000F081C2F80835BCF1000F01D14FF0060C9D
:10EC30005F1C1ED003F01F075B091FD0012B23D1DF
:10EC4000DFF854E050F824300EEB8707DFF84CE093
:10EC5000D7F8008708EA0E0EC3F3C038C3F3412388
:10EC60009B0043EA480343EA0C2343EA0E03C7F838
:10EC700000370134B8E7C2F80C35D4E74FF0A04EA6
:10EC8000E0E76FF01500CAE707F5E077002353F8D7
:10EC90002730FFDE021F030000030050F0F8FCFFE6
:10ECA00008B578B10849094A4FF4004E8C46002156
:10ECB000E0FB0EC100236046EBF7FEFEBDE8084016
:10ECC0000BF0BEBF08BD00BF3F420F0040420F0027
:10ECD0002DE9F041466896F8268008F00308B8F15F
:10ECE000000500AF044618BF01250AF0DFFCB06A3A
:10ECF00030B9294620460AF082FDBD46BDE8F081C4
:10ED00000BF068FC0346B8B9B26A6C4688B011686B
:10ED10006A461F48CDE905014FF40071ADF81C109B
:10ED20001C4942F8101F1C484FF4E251F4F7CEF88A
:10ED30006FF01200A546E0E7B8F1000FF28DB06A5F
:10ED400096F82C100CBF4FF4B0134FF4D0131A43A5
:10ED5000D0F810E0D0F80880DEF8006042F300033D
:10ED600003F4402353404FF0010C23F480120CFABB
:10ED700001FCDB074CBF4CEA060626EA0C06CEF87F
:10ED80000060D8F8003098470028B2DAB5E700BF35
:10ED9000C919030003000001B4C3020070B50123C8
:10EDA00083400F4ABFF35B8FDC4352E8001F01EA48
:10EDB000040542E80056002EF7D1BFF35B8F4FF4F5
:10EDC000803282400748C0F80823BFF35F8FBFF34B
:10EDD0006F8F03EA0100003818BF012070BD00BF2B
:10EDE000B05F00200010014070B41249D1E9003436
:10EDF000D01AC31844F1000422F07F46C1E9003460
:10EE0000A6F50013B3F5400F09D20B4B1B681A0A85
:10EE10001B069C19094B42F10005C3E90045EFF3BD
:10EE20001181402383F31288BFF36F8F70BC03F00E
:10EE300039BE00BF584B0020B45F0020604B00205B
:10EE400011B3BFF35B8F0123104A834052E800CF18
:10EE50004CEA030C42E800C10029F7D1BFF35B8FF5
:10EE60000B4A4FF480338340C2F80433094BBFF39D
:10EE70005B8F1B68BFF35B8FC340DB0742BF064B52
:10EE80004FF40032C3F80021704700BFB05F00208C
:10EE900000100140AC5F002000E100E00D4B18685D
:10EEA000010A0006BFF35F8F0B4BD3F80435181827
:10EEB00041F10001B3F5801F0AD2084BD3E90023CA
:10EEC000904271EB030303D210F1807041F1000115
:10EED000704700BFB45F002000100140604B00206D
:10EEE0002DE9F04F85B016461F469DF840A0044618
:10EEF000FFF754FF0190FFF7D1FFB04271EB07031A
:10EF00005ED23E4B301A67EB0101984271F100016D
:10EF100009D36FF0150520460199FFF791FF2846A8
:10EF200005B0BDE8F08F364B03EB0413D3E90223A1
:10EF30009F4208BF964254D032494FF4803804F1C2
:10EF4000500508FA04F8AD00C1F848832046ADB278
:10EF50000AF01CFD26F07F4B05F1804504F5A873EF
:10EF600005F58835DC464FF003090293029A2CF030
:10EF70007F4341F82230C1F84483D1F80435224A56
:10EF80006FF00200C01A604420F07F40904228D900
:10EF9000286868B1D1F804350393A3EB0B0020F087
:10EFA0007F40B0F5000F1CD920460AF0EFFC039B10
:10EFB000BAF1000FADD109EB030C09F10109D5E756
:10EFC000BAF1000FA5D10123104ABFF35B8FA34014
:10EFD00052E8000F184342E800010029F8D1BFF3BE
:10EFE0005B8F07490E98230101EB0412C8500F9B59
:10EFF0005360C2E9026700258DE700BF0100800071
:10F00000484B002000100140FDFF7F00AC5F002056
:10F010007FB51C4C1C4BC4F80833C4F848331B4B59
:10F0200000254FF0FF304FF0FF31C4F80855C3E919
:10F0300002014FF48033C4F80433154B02264FF419
:10F0400000320121C4F804631120C3F880212A464C
:10F05000F5F78EF91120F5F75BF90E4A0123A3604D
:10F06000236013600C4B0D4A0093CDE9015500233A
:10F070002846FFF735FF3046FEF7C8FF284604B0A4
:10F0800070BD00BF0010014003000F00484B00207E
:10F0900000E100E0B05F0020E9ED0100FFFF7F002C
:10F0A0002DE9F7432B4CD4F8043399070BD5D4F84A
:10F0B000043143B1284A0023C4F80431D4F80431A0
:10F0C000136801331360D4F80433DA0323D5BFF394
:10F0D0005B8F224B53E8002F22F0010143E8001020
:10F0E0000028F7D1BFF35B8FD30702D4D4F84031A7
:10F0F0008BB10025C4F84051D4F84031FFF7CEFE63
:10F10000EFF3108272B6164BD3E90267B042B941F1
:10F1100004D282F3108803B0BDE8F0834FF0FF38CB
:10F120004FF0FF39C3E90289D3E900101D604FF4A5
:10F130008033C4F84833C4F84051D4F8403182F3E6
:10F1400010880029E7D0009032463B462846884781
:10F15000E1E700BF00100140B45F0020AC5F002079
:10F16000484B002030B5431C124C85B005D084427A
:10F17000A8BF0446012CB8BF0124FFF78FFE0E4B39
:10F180000C4DD3E90013401AB0F5000F10D222182D
:10F19000AA4228BF2A4652184FF0000007490091A2
:10F1A000CDE9010043F10003FFF79AFE05B030BD41
:10F1B0002A46F0E7FFFF7F00584B0020E9ED0100F1
:10F1C00008B5FFF76BFE024B1B68C01A08BD00BFF5
:10F1D000584B002037B5046994F835300D464BBBC9
:10F1E0000B7B022B29D10B680BBB94F834204B68A6
:10F1F000D2B9134A591E914219D823630DF1070160
:10F2000020460BF02DF910F10C0F0BD0AB689DF8D8
:10F21000070013B1021D44F8223094F83430013352
:10F2200084F8343003B030BD226B9A42E6D06FF0E0
:10F230001500F7E76FF00F00F4E76FF08500F1E7D6
:10F24000FEFFCF0710B50022046901211020F5F759
:10F250008FF800232046034ABDE8104019460BF002
:10F26000DBB800BF69F20100F8B50A4E0C46012771
:10F2700004B9F8BD94FAA4F5B5FA85F52B1D56F836
:10F28000233013B104482946984707FA05F524EAC4
:10F290000504EDE760260020D8BE020002460B46BA
:10F2A000014802F06DBB00BFCC270020014802F0EE
:10F2B000D9BB00BFCC27002008B5F3F739FD0448BF
:10F2C000044A012107F052FC0020F5F727FC00BF9B
:10F2D00014C30200171A0300014902480BF061BB76
:10F2E000BC5F002078560020094B93F80031042BB6
:10F2F00002D1810709D47047022B02D1020704D43E
:10F300007047082B03D1830601D5FFF7E5BF70478F
:10F31000BA66002010B403460A46034881680C68A8
:10F320001946234610BC1847BCBE0200B0B584B0D5
:10F3300000AF3B1D00247C600A22BC60C7F80B4074
:10F340003960014618460CF098FC6D468AB0396861
:10F3500003466A460D480791CDE905034FF4007353
:10F36000ADF820300A4B42F8103F0A4823464FF4CC
:10F370001151F3F7ABFDAD4684F31188BFF36F8FE6
:10F380000323184602DF1037BD46B0BD341A030010
:10F3900004000001ECC20200F0B589B0064600AFDF
:10F3A00034480D4634490BF0E0FA07F10C00EBF756
:10F3B000A6FB6C4688B06A46304B0593304B0693EB
:10F3C0004FF40073ADF81C302E4B42F8103F2E491D
:10F3D0002E4807F10C03F3F779FDA5462C480BF0F6
:10F3E000F9F850B92B4A2948012107F0BFFB6FF00B
:10F3F000120420462437BD46F0BD274B7B60381DE4
:10F40000E2F74CFA034638B1244A2048012107F0BC
:10F41000B6FB6FF01504ECE74FF0FF304FF0FF3113
:10F42000FFF73CFF04460028E3D11D491D48E1F7E2
:10F4300081FE044610B1FFF739FFDAE741F64C537D
:10F4400007F10800BB60E3F7FFFA20B1FFF72EFFDA
:10F450006FF08504CDE7012338463B70ECF779FB6C
:10F460000028F3D1FFF722FF33690F481D60F5F73D
:10F470002DFEBEE7BC5F0020C39A0200F8FC02002C
:10F48000591A030003000001C01C4001ECC2020035
:10F49000BCBE0200801A030015F30100A01A03008D
:10F4A000684B00207DF50100E9F2010030B53048DD
:10F4B00087B0E1F7C3FD0446002854D1E1F778FE98
:10F4C0000125E1F781FEEBF71CFBEBF71CFBEBF7EB
:10F4D0001CFBEBF71CFB03AA022120468DF80C5005
:10F4E000E1F7DAFD00283DDB082303AA07212046C7
:10F4F000ADF80C30E1F7D0FD002833DB4FF0FB1303
:10F50000039303AA40F2032303212046ADF81030F1
:10F51000E1F7C2FD002825DB03AA042120468DF86F
:10F520000C50E1F7B9FD00281CDB1F2303AA0621BC
:10F530002046ADF80C30E1F7AFFD002812DB40F6B5
:10F540000C33984212D90B4A009029460A4807F01A
:10F5500020FB84F31188BFF36F8F0423184602DF6A
:10F560006FF00B000446204607B030BD2046F9E797
:10F570002DF30100C41A0300ECC2020073B5434C22
:10F5800094F800313BB394F80031042B56D1207825
:10F590003E2833D1A678B31E5E425E416378FF2BCE
:10F5A0002ED14FF48073009340F20113384A39484A
:10F5B000012107F0EEFA384A36486FF00B030121BB
:10F5C00007F0DDFA002383F31188BFF36F8F042364
:10F5D000184602DF1DE04FF0FF304FF0FF31FFF71C
:10F5E0005DFE48B904F58071204600F033FB054606
:10F5F000FFF75CFE002DC6D002B070BD0026CDE73F
:10F60000002200233146F5F76FFD054648B9002E6C
:10F61000F2D0002384F8003102B0BDE87040FFF75B
:10F620005BBE62780232194905F10C0007F091FDCA
:10F630001A4B1B481B6829469847EAE7022B10D152
:10F64000002200230820F5F729FD05460028D3D025
:10F6500063880433B3F5807F0FD94FF48072009232
:10F66000A4E7082B0BD1002300222020F5F716FD7C
:10F67000638805460028ECD1BEE71A46D3E7094A5D
:10F680000448012107F07BFAC3E700BFBA660020F7
:10F69000E71A0300ECC20200411B0300B85F002020
:10F6A000F4BE0200081B03002DE9F341A94D2C789C
:10F6B0000746002C40F0C68204238DF80730A64B85
:10F6C0000688D3F80080B8F1000F15D1B6F5105FA9
:10F6D0004FEA96230BD2002B00F0A782013B072BA9
:10F6E00062D8DFE803F026614D95616161DD3F2B53
:10F6F00000F0DE81012019E20DF106030DF1070291
:10F70000691CC0470128E1D09DF8063013B90128D3
:10F7100040F08E820F236B700423AB700123E870DE
:10F720002B71A5F8056001232B70002002B0BDE805
:10F73000F081384640F2064230F9033B934219D03B
:10F7400040F21D42934218D0012042F219039E421A
:10F7500000F2588242F20C039E4200F24C8240F2C8
:10F76000064340F21D429E4218BF964214BF012438
:10F77000002430E0E2F716FFE7E7E2F789FFE4E76D
:10F78000384640F6634230F9033B934234D00EDCF6
:10F7900040F60342934223D040F62D42934222D0BA
:10F7A00040F60142934213D00120044613E040F694
:10F7B0007B42934223D040F67C429342F4D19DF8A1
:10F7C0000730664902338DF80730ECF75FF901E046
:10F7D000E1F738FD012484F001038DF8063093E74A
:10F7E000EBF784F9F6E79DF807305C4903338DF8B1
:10F7F0000730EBF783FFEDE7E1F736FDEAE79DF829
:10F800000730564904338DF80730ECF731F9E1E75A
:10F810003B88A3F58053013B082BC5D801A252F8C1
:10F8200023F000BF49F801005BF801006FF8010008
:10F83000A9F70100A9F70100A9F70100A9F7010044
:10F84000A9F701008FF801009DF8073043480833FD
:10F850008DF80730EBF740FFBCE79DF807303F48D5
:10F8600040338DF807300AF02EF90020B2E79DF8FA
:10F87000073008338DF80730384B00221A605A6081
:10F88000EB7A23F0600343F06003EB72EDE79DF841
:10F890000730324806338DF80730EBF764FF99E7FD
:10F8A000384630F8033BA3F50053013B4D2B00F2E3
:10F8B0009381DFE813F0550062006B009101740042
:10F8C000770091017A007D00800091019101910102
:10F8D0009101910191019101910191019101910198
:10F8E000830086008F0091019800A100AA00910179
:10F8F0009101910191019101B5009101BE00910129
:10F900009101C100C400C700CA0091019101D30058
:10F91000D600D900E200EB00EE00910191019101C7
:10F920009101910191019101910191019101910147
:10F930009101910191019101910191019101910137
:10F9400091019101910191019101F10091019101C8
:10F95000FA0000BFBB670020CC5F0020C267002018
:10F96000E1F78CFC42F264039E423FF434AF42F272
:10F9700064039E4200F2DA80E7E69DF80730B34860
:10F9800003338DF80730E2F703FEEBE79DF807300D
:10F99000AE4808338DF80730EBF7F8FFE2E7EBF7F6
:10F9A000FEFEDFE7E2F750FFDCE7ECF71CF8D9E7F3
:10F9B000EBF7F4FFD6E7E2F7A1FFD3E7EBF7D6FFCB
:10F9C000D0E79DF80730A14910338DF80730EBF7E9
:10F9D000C1FEC7E79DF807309C4808338DF8073013
:10F9E000EBF786FEBEE79DF80730984902338DF8A5
:10F9F0000730ECF71DF8B5E79DF80730934902335F
:10FA00008DF80730ECF725F8ACE79DF807300833A0
:10FA10008DF807308F23EB71C023EB720020A1E734
:10FA20009DF80730894902338DF80730EBF7C6FEA1
:10FA300098E7E2F7E9FD95E7EBF7E3FD92E7EBF7EF
:10FA400003FE8FE7EBF736FE8CE79DF807307F4823
:10FA500001338DF80730EBF73BFE83E7EBF71AFE37
:10FA600080E7EBF70EFE7DE79DF807307748083317
:10FA70008DF80730EBF7D2FE74E79DF80730734935
:10FA800004338DF80730EBF7F4FE6BE7E2F7D4FDB3
:10FA900068E7EBF734FF65E79DF807306B48023302
:10FAA0008DF80730EBF745FE5CE7EBF7C7FE59E74B
:10FAB00038464FF60C5230F8033B934222D84FF6AB
:10FAC0000252934212D803F2FF3292B20A2A3FF650
:10FAD00011AEA3F57C43013B0A2B7FD8DFE803F08E
:10FAE0001E347E7E7E5B7E7E49525E00A3F57D43A2
:10FAF000033B092B72D8DFE803F05A715D71717115
:10FB0000607171634FF6145293425CD04FF61652F7
:10FB100093427FF4EFADE2F79FFF07E09DF80730D7
:10FB20004A480C338DF80730EAF7F3FF42F28503B9
:10FB30009E4274D842F267039E4251D842F2660355
:10FB4000F41A18BF012446E69DF8073040338DF8BB
:10FB500007303E4B00201880EB7923F0230343F05D
:10FB60002303EB712B7A23F0070343F007032B7277
:10FB7000DCE79DF80730354817338DF80730EAF792
:10FB8000E2FFD3E79DF80730304820338DF8073087
:10FB9000EAF7FDFFCAE7EAF7D4FFC7E79DF80730A9
:10FBA0002A4801338DF80730EBF70EF8BEE7EBF784
:10FBB000D0FFBBE7E2F748FFB8E7EBF71BF8B5E784
:10FBC000EBF7B0FFB2E79DF80730204904338DF81A
:10FBD0000730EBF713F8A9E70120C3E60120C6E6DA
:10FBE000A6F50153283B9AB2194BD34003F0010309
:10FBF00083F00104EFE5A6F500530D3B9AB241F204
:10FC00004123F2E742F232039E423FF4E4ADA6F50F
:10FC10000153033B012B94BF00240124DBE526F0B4
:10FC200008034FF602529C1A8BE701242046D2E5C6
:10FC30009DF80730AB700E2201236A70EB70AE8026
:10FC4000A87170E54FF0FF3070E500BFC26700207B
:10FC50002F80402038B5094C23780D461BB9BDE8EC
:10FC60003840EBF7ACB8A278611C02320BF0D8FF39
:10FC70000020042320702B7038BD00BFBB6700201C
:10FC800070B505460E46084C20460AF0A3FC38B174
:10FC9000A368B2B2294620461B68BDE870401847E9
:10FCA0006FF0120070BD00BFBCBE020002484FF4EE
:10FCB000007103F0D7B900BF0368002013B54FF4FB
:10FCC000FA73ADF8043000238DF806304FF48053FA
:10FCD000ADF80030134A0223192168468DF802302E
:10FCE000EAF7E6FA0446C8B909F027FB80B2E8F75C
:10FCF000AFF90D480121EEF750F8044670B90146FE
:10FD000001220820F4F734FB012221460B20F4F7EE
:10FD10002FFB012221461046F4F72AFB204602B0B1
:10FD200010BD00BF3DFD0100D45F00200149024825
:10FD30000AF037BE3460002078560020B0B584B099
:10FD400000AF3B1D00247C600A22BC60C7F80B405A
:10FD50003960014618460BF090FF6D468AB039684D
:10FD600003466A460D480791CDE905034FF4007339
:10FD7000ADF820300A4B42F8103F0A4823464FF4B2
:10FD80001151F3F7A3F8AD4684F31188BFF36F8FD9
:10FD90000323184602DF1037BD46B0BD991B030090
:10FDA000040000017CC3020013B500241549164865
:10FDB00000946FF009034FF4806202F0DDF81349FC
:10FDC00011480AF07CFE124912480AF0CEFD224684
:10FDD00004211920F4F7CCFABFF35B8F0E4B0122FC
:10FDE00053E8001F43E800200028F9D1BFF35B8FE0
:10FDF0000A4905484FF40032002302F0FDF820467E
:10FE000002B010BD4082002078560020AD1B0300D8
:10FE10005F9B020034600020D05F00203023002070
:10FE200010B5BFF35B8F084B1B68BFF35B8F53B1FB
:10FE3000E8F7A4F8BDE81040044905484FF4003243
:10FE4000002302F0D9B810BDD05F0020302300207D
:10FE5000785600200346024A0248022106F08FBE6F
:10FE6000C11B03009CC3020010B9024B1B6818475A
:10FE7000FFF7F0BF44600020014B01201B681847CA
:10FE80004460002028B1012807D104490020E7F789
:10FE9000F7BF034B01201B681847704769FE01003C
:10FEA00044600020014B186000207047446000202F
:10FEB00010B51F48BFF35B8F0368BFF35B8F23B997
:10FEC000062904D8042926D839B1002010BD0729F5
:10FED000FBD1383801F048FEF7E750F8203CA0F19C
:10FEE0003804D3E900209047012808D0114B9842EC
:10FEF00003D00223606384F82C300F48E6E742F217
:10FF00001073A362032384F82C3004F11C0384F8DB
:10FF100021002363F1E700F8173C084B40F8103C40
:10FF2000A0F11C013838007CEDF778FFCDE700BF69
:10FF3000806000201F64660274600020FF3F420F53
:10FF40000248012200210AF088BC00BF486000205E
:10FF5000014B5861704700BF4860002038B54FF032
:10FF6000FF3105464FF0FF30FFF798F93349344829
:10FF7000EAF7B2F80446FFF799F9002C08DA31489D
:10FF8000314A2346012106F0FAFD6FF00B0038BD1F
:10FF90002E4C40F2011323846369A56164336362CC
:10FFA00042F21073A36200226FF07303227763633F
:10FFB00004F13805BFF35B8F55E8003F45E80021A9
:10FFC0000029F9D1BFF35B8F4FF0FF314FF0FF30C5
:10FFD000FFF764F904F11C01207CEDF71FFFFFF728
:10FFE00065F91B4A0023204601F0F2FD00280FDAD4
:10FFF000184A1448012106F0B9FDBFF35B8F0123B5
:020000022000DC
:1000000055E8002F45E800310029F9D1BFF35B8F97
:100010004FF0FF314FF0FF30FFF740F9207CEDF754
:10002000DFFEFFF743F9BFF35B8FA36BBFF35B8F7B
:1000300013B1064801F0F2FD606BA8E7586000209C
:10004000B1FE01002CC30200ED1B0300486000203C
:10005000447B0B00E7120300074B01221A64D3F81C
:100060004035B3FBF0F01844044B5B69984234BF51
:1000700000200120704700BF008000404860002041
:100080004FF08053D3F830210D2A55D14FF08041E5
:100090000022C1F80C21C1F81021C1F83825304ADE
:1000A000D3F80404C2F82005D3F80804C2F82405E4
:1000B000D3F80C04C2F82805D3F81004C2F82C05B4
:1000C000D3F81404C2F83005D3F81804C2F8340584
:1000D000D3F81C04C2F84005D3F82004C2F8440544
:1000E000D3F82404C2F84805D3F82804C2F84C0514
:1000F000D3F82C04C2F85005D3F83004C2F85405E4
:10010000D3F83404C2F86005D3F83804C2F86405A3
:10011000D3F83C04C2F86805D3F84004C2F86C0573
:10012000D3F84434C2F87035D1F80034DB0709D570
:100130006FF00103C1F800344FF08053D3F8303131
:100140000D2B0CD14FF08053D3F834313BB14FF02D
:100150001023D3F808224FF08043C3F85825704786
:1001600000C00040036803F01F025B09026004D076
:10017000012B034818BF002070474FF0A040704784
:1001800000030050034A430900F01F00D35C1844E9
:10019000C0B270470A1F0300024611F0010030B5DB
:1001A00015D18B07C1F3400022D51249D1F82005A3
:1001B00050604FF08052C1F82005D2F830210D2A4E
:1001C00008BFD1F82025003818BF012010E04FF0FB
:1001D000A0444FF08055D4F820351360C4F8203582
:1001E000D5F830510D2D08BFD4F82045002BD8D0BC
:1001F00030BD00BF00030050F7B504460846FFF7C6
:10020000C1FF04EB40060D46B38ADB072AD5204622
:1002100009F017FE2946204609F083FD50B120461B
:1002200009F095FD276807EB80000023C0F8103522
:10023000C0F810352946204609F0B2FD0021B182F0
:1002400001A80195FFF78EFF019B00EB8300074B90
:10025000D0F80027134043F00203C0F800370846E7
:1002600003B0F0BD6FF01500FAE700BFF0F8FCFF37
:10027000014809F0E1BC00BF9C26002010B50448ED
:100280000C4609F0BBFC0028A4BF2070002010BD64
:100290009C2600202DE9F04F074689B057F8049BB3
:1002A000D9F80413C9B28346082241F000414846F8
:1002B00009F09FFD051E2FDA0023032106A8CDE9D2
:1002C0000633FFF769FF634B01930DF118084FF0F8
:1002D000000A019A604912F8013B0192DA0803F022
:1002E00007038A5C22FA03F3DB071CD40AF101033B
:1002F000022B08F104084FF0010AEAD14FF0004147
:100300000022484609F075FD032106A8FFF744FFC7
:100310000028D8D125F000450124002D40F084802C
:1003200009B0BDE8F08F4D4B53440293D8F80060FC
:10033000002EDBD0029B96FAA6F61C78B6FA86F65B
:1003400046EA44142046FFF71DFF0BEB4000F2087D
:10035000818A18F802000594C1F382030393009385
:1003600006F00706012303FA06F620EA060008F85D
:10037000020005A8FFF7F6FE059A039B02F5E0725E
:1003800011F0100F50F82260C6F3014633D0009AE6
:100390003846214609F0E5FC05A80594FFF7E2FE82
:1003A000059B03F5E073F6B250F82330C3F3014325
:1003B0009E4207D10021204609F0A4FC3146204688
:1003C00009F0A0FC05A80594FFF7CCFE059B0122CF
:1003D00002FA03F3C0F820354FF08053D3F83031E0
:1003E0000D2B01BFD0F82035D0F82035D0F82035BE
:1003F000D0F820359AE7022E14BF022103212046AF
:10040000039309F07FFC039B032B03D0022E07D13B
:10041000012BD7D1009A2146384609F0A2FCD1E73A
:10042000032ECFD1022BF4E795FAA5F3B3FA83F3A9
:1004300004FA03F225EA020503F5A2720BEB43036B
:1004400059F82220B3F87010C2F30142384609F07F
:1004500088FC62E71A1F030040D002001A1F030045
:10046000044AD2F80034DB07FBD50160BFF35F8F8D
:10047000704700BF00E001404FF080531A69B0FBA5
:10048000F2F302FB13036BB9084B0222C3F80425F5
:10049000C3F80805D3F80024D207FBD50020C3F821
:1004A000040570476FF00C00704700BF00E001408A
:1004B00010B5054C0123C4F80435FFF7D1FF002324
:1004C000C4F8043510BD00BF00E0014080F0800397
:1004D000042B04D8054B034413F8800C70470728FD
:1004E0009ABF034B185C0020704700BF1C1F03001D
:1004F000211F0300064B93F82E00012806D0022886
:1005000018BF042814BF0120002070470020704746
:100510008460002010B5164B164A0020C3F8000571
:1005200092F82F40D3F8041382F82E40146821F07B
:1005300033010CB141F02301C3F81C01D3F81C4175
:10054000C3F81801D3F81841C3F80801D3F808011B
:1005500092F8340092F8332002F0010200F001001A
:10056000D20142EA80120A43C3F8002310BD00BF43
:10057000007000408460002070B50D4A002392F89E
:10058000301001251E4618B90BB182F8301070BD2D
:1005900090FAA0F3B3FA83F305FA03F40C3302EBF9
:1005A000430320EA0400DE8021EA04010123EAE794
:1005B0008460002073B50023044601AA0E464FF460
:1005C0008071019309F022FE4FF48A71204609F0F0
:1005D0001DFE4FF482710546204609F017FE20B13A
:1005E0001EB115B1144BD3F8343601AA4FF48471FF
:1005F000204609F00BFE4FF48671204609F006FEF6
:100600004FF48871204609F001FE0C4B234083B162
:100610004FF48E75294601AA204609F0F7FD291FDF
:10062000083589B22046ADB209F0F0FDB5F5AE7FD0
:10063000F0D1019802B070BD00700040C0FF3F00D3
:100640002DE9F04F9A464FF0805393B0D3F83031F4
:100650001C9D0D2B3BD10DF1080C0AAF3E4C3E46C4
:10066000E046002304EB031E0133DEF8189548F83A
:10067000049B082BDEF81CE546F804EBF2D1D4F815
:10068000F065D4F8403601934FF0010E0023D4F802
:100690004496D4F84886C4F8FC3FC4F8FCEF2E4CCE
:1006A0005CF804BB04EB031E0133CEF818B557F811
:1006B00004BBCEF81CB5082BF2D1019BC4F8403620
:1006C000F6B2C4F84496C4F84886C4F8F065234BE3
:1006D000002483F8334083F834409C601C611D6023
:1006E00083F831009C831C4BC3F8F015C3F8F42544
:1006F0007DB32322C3F80023184D174C0022012795
:10070000110107FA02F301F18046034006F5E046C5
:1007100019BF95F81EE095F81FC09C469E46002B19
:1007200004EB0103C6F810E5C6F814C5D3F8181594
:1007300014BF5646002621F08071013241EA06615D
:10074000082AC3F8181505F10205D9D113B0BDE880
:10075000F08FC3F80053CFE70070004084600020A2
:10076000F8B50446067A4779417AC079FFF7AEFEBC
:1007700010B96FF01500F8BD214A01F10C0502EB2C
:100780004503012F987139D13046FFF79FFE0028AD
:10079000EFD002EB4505E871E378A0781B03000277
:1007A00000F4E06003F480530343207800F003007A
:1007B00003432079000400F4E02003436078000143
:1007C00000F030000343A079000600F0807003437E
:1007D0006079000500F480100343080100F18040B7
:1007E00000F5E040C0F81835012303FA01F192F852
:1007F00030300B4382F830300020BCE70020C8E7DF
:1008000084600020084B01229A600022C3F8142162
:10081000D3F8141105498020C1F88001C3F80025E0
:10082000C3F80025704700BF0070004000E100E001
:1008300070B5204D95F82E40002C38D1FF200126B0
:1008400085F82E60FFF798FE1B4B1C48C3F800414B
:10085000D3F80021C3F80441D3F80421C3F81041B0
:10086000D3F81021C3F81441D3F814311C239A088B
:1008700006FA02F111F0330F1CBF03F1804101F5BC
:10088000E24102F1FF3218BF0C6006FA02F218BF13
:10089000096812F0330F1CBF1C501A5808335C2B28
:1008A000E5D10720F3F734FD0020286070BD6FF01C
:1008B0007700FBE78460002000700040FC7000407F
:1008C000014B93F830007047846000202DE9F74316
:1008D00007469946FFF70EFE044608BBDFF8508036
:1008E00098F83030082601252F4203D02B421CD027
:1008F0000134E4B2013E4FEA4505F5D10D4BC3F892
:10090000F865131E18BF01233846CDF80090FFF795
:1009100097FE022388F8324088F82E30304601E0F6
:100920006FF00F0003B0BDE8F0836FF01500F9E73A
:1009300084600020007000402DE9F3418046154698
:100940001A46FFF7D7FD0646002837D1204F97F803
:1009500030C008203446012318EA030F04D013EAFC
:100960000C0F2ED00134E4B201384FEA4303F3D127
:100970006B8813B1012C27D832B328786B7818B163
:1009800013B9012C20D80126009202464046FFF7F9
:1009900057FE6B880F4A0BB143F48053C2F8F83509
:1009A00087F832402B7987F83530042387F8366092
:1009B00087F82E30002002B0BDE8F0816FF00F0004
:1009C000F9E76FF01500F6E76FF08500F3E700BF79
:1009D000846000200070004030B51D4A1369044651
:1009E0006BBB00F06043B3F1005F2BD192F8325043
:1009F000B1FBF5F305FB131038BB0BB2002B24DD64
:100A000092F82E30052B06D8032B0BD8022B0ED0D4
:100A10006FF0760030BD062BFAD10E4BC3F82C4692
:100A2000C3F8301693683BB1C2E90441F2E78D4246
:100A30000BD1C2E90245EDE7C2E90241EAE76FF0F6
:100A40007700E7E76FF00C00E4E76FF00600E1E7FE
:100A500084600020007000402DE9FF41524CA368E3
:100A6000002B00F09D8094F82E20022A06D0042A44
:100A700033D06FF0760004B0BDE8F0814B4D012615
:100A8000C5F800652168E26849B1032184F82E1099
:100A9000C5F82C36C5F830262E600020EBE7C5F8E7
:100AA0002C36C5F830262E6009F0C8FB04F1080387
:100AB0006E60019301990220FFF77CFD0028F9D0B8
:100AC0003A4B0022C3F80821D3F80811C3F80C21CF
:100AD000D3F80C11C3F80025DFE7344D4FF00108BF
:100AE000C5F80085276857B1052284F82E20E268F2
:100AF000C5F82C36C5F83026C5F80080CDE7A18BA7
:100B000094F83220039203EB41030293C5F82C368C
:100B1000C5F83026C5F8008009F090FB94F836300F
:100B200063BB224D01236B6002A90220FFF742FD47
:100B30000028F9D00023C5F80831D5F80821C5F8F8
:100B40000C31D5F80C21A18B94F832200A44E168CD
:100B500092B28A42A28321BF154AA383D2E902013D
:100B6000236124BFC2E900011846104B4FF0000278
:100B700038BF6FF00F00C3F800257CE7D5F8F465A7
:100B8000F6B208FA06F6013EBE42CAD9C5F804809C
:100B900000210420FFF70EFD0028F9D00137F3E70C
:100BA0006FF00B0067E700BF84600020007000401A
:100BB0008C600020F8B50246FFF79CFC002851D15C
:100BC0002A4E2B4C96F82E3086F82F30072386F8C5
:100BD0002E3001237260C4F80035D4F80453C4F8F1
:100BE0000003E3603AB125F0C00545F03305C4F8D1
:100BF00000530020F8BD00211020FFF7DBFC002887
:100C0000F9D00023C4F80431D4F80431194BC4F8E6
:100C10002C3601270223C4F83036276009F00EFB7A
:100C2000A76000212020FFF7C5FC0028F9D0104B59
:100C30000022C3F80421D3F80411C3F80821D3F823
:100C40000811C3F8002596F82F1086F82E10C3F867
:100C50001C21D3F81C11C3F81821D3F81821C3F8AC
:100C60000053C6E76FF00F00C4E700BF84600020A8
:100C7000007000409C6000207FB56249614E3320C7
:100C8000FFF798FC10F0100F05460BD05E4B1022BA
:100C9000C3F80823B218C3F82C260222C3F8302662
:100CA00001221A6015F0200F584C10D094F82E3005
:100CB000554A072B05D0D2F834369BB2E3600023A7
:100CC0002361D2F80433DB0601D5FFF723FCA80724
:100CD00017D5002294F82E308DF80420A2680292D5
:100CE000062BE268ADF80C2017D0072B33D0032B6E
:100CF00007D1FFF787FD022384F82E30236801A86F
:100D00009847E9074ED594F82E30033B042B49D879
:100D1000DFE803F0594828405D0094F8353023B1EE
:100D2000236913B1384B01221A60236801A8984740
:100D3000374B93E8030086E8030000232361A36890
:100D4000002BDED1FFF75EFD042384F82E3005234F
:100D50008DF80430D2E7FFF7DDFB02238DF8043075
:100D60006368CCE704238DF8043001A82368984712
:100D7000254BD3F8F825D20444BF01225A602269DA
:100D8000062384F82E302AB11F4B6169C3F82C2644
:100D9000C3F8301623692BB903238DF8043001A85A
:100DA0002368984794F82E30072B0AD0164B194821
:100DB000D3F8043300211840FFF7FCFB0126850916
:100DC0004DB904B070BD104B01225A60EAE70E4BDA
:100DD00001229A60E6E795FAA5F3B3FA83F306FADF
:100DE00003F225EA02055A08DB4303F001038DF8FC
:100DF00009308DF8046023688DF8082001A8984711
:100E0000DEE700BF8C60002000700040846000209E
:100E100094600020C0FF3F00827B002A38D1036825
:100E200003F01F015B0922D0012B26D1194A02EBE6
:100E300081021949D2F800370B4043F4C16343F0F3
:100E40000403C2F80037436803F01F005B0911D0A8
:100E5000012B17D10F4A02EB8002D2F800370B406A
:100E600043F4C16343F00403C2F8003770474FF006
:100E7000A042DCE74FF0A042EDE701F5E07152F847
:100E80002130FFDE00F5E070002353F82030F8E752
:100E9000704700BF00030050F0F8FCFF03680949E9
:100EA0000022C260C3F80813D3F8001221F4BC5129
:100EB000C3F80012C3F80025012380F8263080F81B
:100EC0002820704702029C012DE9F047002380F89A
:100ED00027304B68046805460E46174633B1CB6889
:100EE00003F06043B3F1005F40F040813378023B90
:100EF000012B06D8336903F06043B3F1005F40F083
:100F000035819C4BC4F8083395F8283003F0FF0274
:100F10003BB1EB68C4F804336FF00F084046BDE8FE
:100F2000F08707F01403B3FA83F35B0985F82830E0
:100F3000337885F82430737885F82530F3682B6191
:100F400073686B613369AB61B368EB61C7F300131E
:100F500085F829302F627378C4F88835C4F8602189
:100F6000D4F86031C4F84821D4F84831C4F82421B9
:100F7000D4F82431C4F80421D4F8043117F0010363
:100F800018BF0123C4F8503517F0020318BF01231E
:100F9000C4F840353378032B00F28180DFE803F09A
:100FA0005E764A024FF48073C4F80032D5E9042318
:100FB000C4F84425C4F848350123A3604FF48011D8
:100FC000204609F092F90028F8D1D5E90623C4F8A3
:100FD0004425C4F848354FF48023EB604FF00008F7
:100FE00017F0080910D13378032B0DD0012B6A6854
:100FF0006BD12360002A55D073682BB96B68002B26
:1010000000F09280012363616B68002B00F08C80FC
:10101000780744BF0023EB6079065EBFEB6843F0BE
:101020000203EB60EB6843F40073EB60EB68C4F819
:10103000043373E7D5E90423C4F84425C4F84835DC
:10104000D5E90623C4F83425C4F838354FF4845361
:10105000C4F80032012323620223BEE7D5E904234A
:10106000B806C4F84425C4F848354BBF4FF4807324
:101070004FF40073C4F80032C4F800324CBF4FF490
:1010800080230223EB6001232362A7E7D5E9042331
:10109000C4F83425C4F838354FF48053D8E76FF0DE
:1010A00015089DE76A6902B96361DFF8CC904FF0DB
:1010B000010A3249204609F018F9810501D5C4F822
:1010C00014A010EA090FF4D096E70123A360002AC8
:1010D00092D16A6932B3DFF8A0A019EA0A0F8BD166
:1010E0002649204609F001F910F4007F8146F4D02A
:1010F0004FF08071204609F0F8F8D4F8003208B1BA
:101100009A0505D401222262626140B14FF00009C4
:10111000DB05E2D54FF48021204609F0E6F84FF0D8
:101120000009DAE76361D6E7D4F8C434C4F8C434FC
:10113000002285F828206BB19A075ABF03F00108F6
:10114000A8F18C086FF00D0813F0040F18BF6FF0B2
:101150000A08E3E67B063FF5E1AE291D204609F0CB
:1011600082F8002808BF6FF08B08D7E66FF00C08F4
:10117000D4E600BF02029C01020004000202040047
:1011800070B5056886B002210446284609F0ADF81E
:101190004FF400710646284609F0A7F8D0B1D6B939
:1011A000E368C5F808330223E360E368C5F8043355
:1011B0004FF08071284609F098F818B1D5F8003240
:1011C0009B0502D401232B626B61012384F8273035
:1011D00006B070BDAEB3236A5E060AD494F8273019
:1011E0003BB9211D284609F03EF880F0010084F843
:1011F0002700236A13F004033BD1C5F86031D5F80A
:101200006021C5F85C31D5F85C3194F8293013B110
:1012100094F8273013B30023C5F80032E360314B54
:10122000C5F8083345F30733002B17DB5A090121B2
:1012300003F01F03994002F160032B4A42F8231088
:101240000CE04FF48021284609F04FF894F8243040
:10125000002B2FD194F82930002BDDD0A38CADF8D2
:1012600004302369049363690293A3690593E369D6
:101270000393D5F8C434C5F8C43498072CD459075F
:101280002CD4DA072CD494F827309B00DBB28DF8ED
:10129000003094F829300BB984F82830236A5B07B2
:1012A00003D594F82730002B92D0D4E90131684659
:1012B00098478DE74FF40073C5F8003240F20223DF
:1012C000E36003F1CE73C5F80833E368C5F804336F
:1012D0000123AB602B627BE70123D8E70223D6E72B
:1012E0000323D4E702029C0100E100E00368034A03
:1012F00001F5C07143F82120704700BF3546526E9A
:10130000036803F01F025B09026004D0012B03484D
:1013100018BF002070474FF0A040704700030050F6
:10132000F7B5064609F0CDF8084609F0CAF801A855
:101330000196FFF7E5FF019B00EB83000C46D0F818
:1013400000372D49019440F20D650B402B43C0F846
:10135000003701A8FFF7D4FF019B00EB83000127B2
:10136000D0F800370B402B43C0F80037042008F0BA
:1013700043FC092501A80194FFF7C2FF019AD0F8A8
:101380001035D340DB0715D401A80196FFF7B8FF4D
:10139000019B07FA03F3C0F80C35042008F02CFC7D
:1013A000304609F08EF8013D042008F025FC15F0C8
:1013B000FF05DFD101A80194FFF7A2FF019A0123E5
:1013C0009340C0F80C35042008F016FC204609F0C4
:1013D00078F8042008F010FC01A80194FFF790FFB2
:1013E000019AD0F81035D34013F0010F0CBF6FF005
:1013F0008B00002003B0F0BDF0F8FCFF08B5124BE5
:10140000A822002118460AF019FC032202610F49A4
:1014100042610F4A8161C2614FF4005202620022B0
:1014200082624262C26201660A4941661021816697
:10143000094902670346C266426711F8010D9854D4
:101440000132102AF9D108BD10200020231C03000E
:101450001000002000000020391F03002DE9F74F85
:10146000DFF88880182606FB008700FB06664644E6
:101470007D6AD7F828C07368AC4581468B46144610
:1014800003EB050025D83B6AA3EB050A0AF1FF3EF2
:10149000724507D82C440AF0C3FB7C62012003B0DC
:1014A000BDE8F08FE64472451ED8524601930AF01B
:1014B000B7FB019B2C44E41A05D0706822460BEB65
:1014C0000A010AF0ADFB182303FB0988C8F8244081
:1014D000E4E70CF1FF3CACEB050C944504D3254448
:1014E0000AF09EFB7D62D9E70020D8E7102000209B
:1014F000F8B5144B182700FB07751D4407FB003394
:101500000E46DB6A012B14460AD0022B14D023B9F5
:10151000284608F0E3FF844208D900242046F8BD9D
:10152000284608F0DBFF844228BF044622463146A5
:10153000284608F0DCFFF1E72846BDE8F84008F04F
:10154000F1BF00BF10200020F8B50B4B1B78532BC8
:1015500004460E46174601D0FFF750FF09F011F878
:101560003A46054631462046FFF7C2FF0446284664
:1015700009F00FF82046F8BD10200020034B182278
:1015800002FB00339A6A586A801A704710200020C4
:1015900010B4084A08490023C85C12F8014D84427F
:1015A00004D10133102BF7D110BC704710BCFFF7EA
:1015B00025BF00BF391F0300102000202DE9F8438C
:1015C000044600AF0D46EFF31188402383F31288E1
:1015D000BFF36F8F04282A4A98BF2A4B9668117C64
:1015E00094BF53F82030284BE9468AB06A46274812
:1015F000CDE9073140F20133ADF82430244BCDE979
:10160000050442F8103F234800234FF43151F1F70D
:101610005DFCCD4645B1EB69C3F3080323B11E4A17
:101620001C48012105F0A2FA2EB1304609F04AFA11
:1016300008B1037803B91948E9468AB06A46184BDD
:101640000790CDE9053640F20133ADF82030154B57
:1016500042F8103F00230F484FF41151F1F736FCC8
:101660002946CD462046FDF727FE88F31188BFF3B3
:101670006F8F3046F2F71EFFBD46BDE8F88300BF0E
:10168000BC60002044D002002C1C03003A1C030064
:1016900005000001A4C30200621C0300B9FC0200A3
:1016A000831C03000400000138B50A4B53F82040A6
:1016B000013053F82050A54200D838BD606830B1E1
:1016C000037EDB0701D408F06DFF0834F3E72368DD
:1016D0009847FAE758D0020070B52A4B2A4C2B4D98
:1016E00086B0012203201A70FFF7DEFF09F0AEFB7F
:1016F0000420FFF7D9FF2646AE4204F130040FD391
:1017000000F018FF204CAC4226D300F027FFEDF785
:1017100071F91F4A938923F00103938106B070BDCC
:1017200054F80C3C059354F8103C049354F8143CC2
:10173000039354F8183C029354F81C3C019354F85A
:10174000203C009354E90A2354E90C0100F0F2FC18
:1017500054F8303C5E65CEE7D4E90A23B3F1FF3F8D
:1017600008BFB2F1FF3F05D052EA0301206803D160
:1017700009F07FFA3034C6E70649183001F002F963
:10178000F8E700BF036A002000C1020000C10200A8
:1017900098570020A1AB020070B5002386B001224B
:1017A000CDE90423134E144D01930F22CDE90232EB
:1017B0001249142303FB005506EBC01604464FF4F0
:1017C000C07000FB04110E4B00954FF4A072304620
:1017D00000F0B0FC337C0B4AEE6023F0040333745A
:1017E0004FF4046304FB033313442C746B6006B0A2
:1017F00070BD00BF18570020BC600020C08E0020C4
:10180000E5A60200808600207FB50020FFF74CFF90
:10181000294B83F30888294C636943F4007363619F
:10182000E02384F8223000252023E37725766576AF
:10183000A57684F82050636A43F4E023636284F859
:101840002350F2F7CFFCF2F71FFE4FF0FF33A362F5
:10185000E362F2F74FFFF2F797FEF1F7C3F918488A
:10186000184C00F0DFFC0120FFF71EFF0220FFF7FD
:101870001BFF00F09DFE144B14495C61144B059353
:1018800001234FF40062CDE90353CDE90155114B1B
:101890000095204600F04EFC237C064623F004030E
:1018A0002046237409F048F92846FFF775FF094AD6
:1018B00031462046F2F7CAFDC08E002000ED00E060
:1018C000B858002098570020BC60002040900020AD
:1018D0001DD90200D916020038B5064C064DAC429F
:1018E00001D3002038BDD4E90112204608F07DFE66
:1018F0001434F4E7CC270020CC27002038B5074C5F
:10190000074DAC4201D3002038BD204608F091FEBF
:1019100008B91C34F5E76FF01500F5E778270020CB
:10192000CC27002073B50C46EFF31181402585F3D9
:101930001288BFF36F8FC5685DB125602B68C360E7
:10194000836901338361002081F31188BFF36F8FB6
:1019500011E052EA030603D125606FF00B00F3E7B4
:10196000CDE900230246083000F042FD18B9034BD0
:101970009B685B69236002B070BD00BFBC60002043
:101980002DE9F341044617461E46EFF31188402324
:1019900083F31288BFF36F8F304BC2689B6872B1BC
:1019A0008068984217D057EA060216D188F311884A
:1019B000BFF36F8F6FF00F0002B0BDE8F08193F9B5
:1019C0000E1021610132C4E9023288F31188BFF39D
:1019D0006F8F0020F0E72169F3E793F90E1090F97B
:1019E0000E30994230DA9942A8BF194608F085FEB8
:1019F0000546CDE900761A482246414600F0F8FC3B
:101A00000028E6D0EFF31186402383F31288BFF35A
:101A10006F8FA068D0B1236821699C420AD04BB176
:101A200093F90E309942A8BF19466FF07F0399428F
:101A3000B8BF194608F061FE40B10948314609F0C7
:101A4000D5F86FF00A00B7E70025D2E7002DF4D1F2
:101A500086F31188BFF36F8FF3E700BFBC600020EF
:101A6000046A0020F8B583680546002B3FD0234A5E
:101A7000926893423ED1C368012B03D9013BC360F6
:101A80000020F8BDEFF31187402383F31288BFF3E2
:101A90006F8F0169806808F030FE2C68A54207D17D
:101AA0000023C5E9023387F31188BFF36F8FE7E79F
:101AB000002CF5D0D4E9003213605A60237C002654
:101AC00023F002032374C4E90066A66004F1180041
:101AD00009F028F9AC6094F90E302B612046A66716
:101AE00009F02AF80648394609F080F8C8E76FF08F
:101AF0001500C6E74FF0FF30C3E700BFBC60002011
:101B0000046A002037B51146EFF31185402282F3B5
:101B10001288BFF36F8F04689CB12368426823F07A
:101B200003039442036008BF43600121204608F08C
:101B300067FE044685F31188BFF36F8F204603B01C
:101B400030BD51EA0302F5D000F10802CDE90013DF
:101B50001046294600F04CFC0028EFD1014B9B6851
:101B60005C69EBE7BC60002070B5EFF311864023A1
:101B700083F31288BFF36F8F0468A0421AD0CCB1F0
:101B8000D4E9003213605A60237C002523F002035D
:101B90002374C4E90055A56004F1180009F0C2F8E7
:101BA0002046A56708F0C8FF31460848BDE87040E8
:101BB00009F01CB8D0E902329A4218BF01338360A1
:101BC00086F31188BFF36F8F70BD00BF046A0020D9
:101BD00013B5EFF31181402484F31288BFF36F8FA4
:101BE000846844B1013C846081F31188BFF36F8F36
:101BF000002002B010BD52EA030406D181F311881F
:101C0000BFF36F8F6FF00F00F3E7CDE900230246BB
:101C1000014800F0EDFBECE7046A002070B50546D2
:101C2000EFF31186402383F31288BFF36F8F0023F5
:101C30002C68A54218D0BCB1D4E9003213605A60B8
:101C4000227C002322F00202C4E900332274A36044
:101C500004F1180009F066F86FF00A03A367204644
:101C600008F06AFF0123E3E70022AA6023B986F3A4
:101C70001188BFF36F8F70BD31460248BDE87040D8
:101C800008F0B4BF046A002007B5074B009307496A
:101C900007484FF0FF334FF4006200F06DF9002069
:101CA00003B05DF804FB00BF70D0020080980020F4
:101CB000185800202DE9FF41544E04464027EFF309
:101CC000118887F31288BFF36F8FD4F88450F5B969
:101CD000022104F19C0008F0CCFD002870D004F132
:101CE000940500220121284608F0E3FF0028F8D1DE
:101CF000002302934FF0FF324FF0FF33CDE9002372
:101D0000414604F18C02424800F07CFDD7E7D4F84C
:101D100088202B68C4F88430954208BFC4F8883006
:101D2000D4F89C3043F00203C4F89C30EB6823F0F5
:101D3000040343F00103EB606B6888F31188BFF381
:101D40006F8F28469847EFF3118887F31288BFF307
:101D50006F8FEB68D80623F001023ED4EA60EB688F
:101D60009A0717D5306823F00203EB6090B103683F
:101D7000002178B1426895423DD10368002934D1F1
:101D800072683360904200D17360002340F8083BD2
:101D9000FFF7EAFED4F89C3023F00203C4F89C302D
:101DA000DB0530D4D4F88430003B18BF012388F31E
:101DB0001188BFF36F8F002B81D000F001FC7EE70C
:101DC000D4F89C30D90693D5C4F89C0088F31188C8
:101DD000BFF36F8F04B0BDE8F08123F01103EB6017
:101DE00005F11000FFF7C0FEB9E70B607368984279
:101DF00008BF7160C9E701461BB11A68184613464F
:101E0000B7E71A46FAE70023D1E700BFDC600020FD
:101E1000046A002070B5C368C3F340069B070546FB
:101E20000C460DD50122002104F1080008F015FD33
:101E300000232360054B65605A681AB9C3E9004462
:101E4000304670BD14605C60FAE700BFDC600020C3
:101E5000F8B5C3689A0704460E46C3F3400542D45A
:101E60005F0742D40B680BB983680B60E368D8073F
:101E700044BFA368336037684CBF0225012557B3C0
:101E80001B4B9A68D7F880309A421ED108F011FE99
:101E900080F00100C0B2D7F89C30D907C3F38002AC
:101EA0001CD5F2B1F8B100232360D7F8883073B99C
:101EB000C7E92144384608F0F7FCE36843F004031F
:101EC000E3603368A3602846F8BD0020E3E71C60A8
:101ED000C7F88840EEE76FF0150506E06FF01205D1
:101EE00003E01B07DFD56FF00F0500233360EAE73F
:101EF000BC600020F8B5C36803F00503002B06465C
:101F00000C4614BF012700271CD085680122002140
:101F100004F1100008F0A1FC1349204608F025FD4B
:101F2000E36843F01003E360F3685B0712D533689E
:101F300023606BB9D5F8883033B9C5E92144284608
:101F400008F0B2FC3846F8BD1C60C5F88840F6E7DA
:101F50003460F4E7D5F884302360D5F88830C5F8CC
:101F60008440002BEBD1F0E789A80200014601482C
:101F700008F017BD18580020F0B589B004460020BD
:101F8000C4E921000E9D04F18C00C4E9230004F192
:101F90009400C4E9250055B32879002840F20110C7
:101FA00008BF0120C4F89C0000204FF0FF364FF01E
:101FB000FF37CDE90330CDE90100CDE906670D4BD0
:101FC0000094204600F002F955B1296811B120466D
:101FD00008F075FD6B791BB1A38943F00103A38160
:101FE000204608F046FEC4F8804009B0F0BD01204C
:101FF000D8E700BFB51C020037B501900846EFF3E3
:102000001184402181F31288BFF36F8FC16811F0F2
:102010001E0F16D153EA020508D101A9FFF718FFD8
:1020200084F31188BFF36F8F03B030BD41F0080116
:10203000C160019981620449103000F0A3FC0120C5
:10204000EEE70020ECE700BF1DA9020001460148B1
:10205000FFF7D2BF18580020F7B50C46019016467E
:102060001D46EFF31187402383F31288BFF36F8F70
:10207000084608F00AFC55EA060309D101A92046E2
:10208000FFF7E6FE87F31188BFF36F8F03B0F0BD53
:10209000E368074943F00803E360019BA36232460B
:1020A0002B4604F1100000F06DFC0120EAE700BFB0
:1020B0001DA9020001460148FFF7CEBF18580020B5
:1020C0002DE9F0410546EFF31187402383F3128891
:1020D000BFF36F8F0468A0421CD0DCB1204608F02B
:1020E000DBFC04F1180008F01DFE0026B046C4F821
:1020F0007880204608F020FD2C68A54206F10106F4
:1021000010D07CB1204608F0C7FC04F1180008F09C
:1021100009FEECE787F31188BFF36F8F0026304686
:10212000BDE8F0810248394608F060FDF7E700BFDE
:10213000046A00202DE9F043073285B022F007023F
:102140000E461F461099818100F158037F32C0E985
:1021500016330446002322F03F02042183600174F9
:102160003F2A0F98A073C4E90633E37306F14009D0
:10217000A2F1400805D883F31188BFF36F8F08469A
:1021800002DFB51829462046F1F7E0FD07300E9B27
:1021900020F00700A066C4E9189802930D9B0193F4
:1021A0002D1A0C9B00932A463B4631462046F2F7F7
:1021B0001BF900236365044B9B6803B1DB6EE36688
:1021C000284605B0BDE8F083BC600020F0B587B0BC
:1021D00000250595109D04950F9D03950E9D029574
:1021E000DDE912760D9D01950C9D00950446FFF7E3
:1021F000A1FFB6F1FF3F08BFB7F1FF3F05D056EA98
:10220000070305D1204608F034FD204607B0F0BD95
:102210003A46334604F11800014900F0B3FBF4E7F5
:10222000A1AB02000123037483810023C0E91833AA
:10223000C366014B98607047BC600020094A9368F0
:102240006FF00A019967084958674B6843F080535B
:102250004B60002383F31188BFF36F8F9368986FEF
:10226000704700BFBC60002000ED00E070B590F941
:102270001020037C002A2FDBD9062DD11A4C63F0E5
:102280007F032246037452F8183FE169934207D155
:10229000C0E900210860E0610FE09942F8D01B68B6
:1022A000002BF5D093F90E6090F90E50AE42F4DD9C
:1022B0005968C0E9003108605860A569954200D0AE
:1022C00005B9E568A3681A7CD20606D1DA897F2AA7
:1022D00003D9AA690AB9636170BDAB4202D028462E
:1022E00000F0D2FA6561F7E7BC60002038B590F9DC
:1022F0001020037C002A014604DA03F07F030374F4
:1023000008F0E2FB0D4D2A46AB6852F8184F944294
:1023100000D004B9EC688B4207D01A7CD20604D1F5
:10232000DA897F2A01D9A2692AB1A34202D02046C4
:1023300000F0AAFA23466B6138BD00BFBC600020E4
:10234000B3F1FF3F08BFB2F1FF3F03D0024918309D
:1023500000F018BB704700BFA1AB0200034648B9AC
:10236000EFF3058232B9064A51699268914201D071
:10237000FFF764BF83F31188BFF36F8F704700BF0F
:10238000BC60002038B5184CA168E0690B68814238
:1023900014BF1A46002249680B605960A368E169BE
:1023A0002AB9124AC3E900210B60E3610AE092F9FD
:1023B0000E5093F90E00854212DD5168C3E90021E9
:1023C0000B605360A569094B9D4200D005B9E568D3
:1023D000A3689D4202D0284600F056FA656138BDD8
:1023E0008A42DED01268DBE7BC600020D4600020A7
:1023F000F8B50E4B0C4611460D4A98681060DDE9A1
:102400000667EFF31182402282F31288BFF36F8FC9
:102410009D68284608F06AFB284632463B46FFF78F
:102420008FFF2046BDE8F840FFF708BFBC600020E2
:10243000E4600020F8B50446EFF31187402383F3EE
:102440001288BFF36F8F037C03F01F02002A0CBFBA
:102450000126002649B235D103F07F03037408F04A
:1024600033FB294D037C817363F07F032A46037499
:1024700052F8183FE869934207D1C4E9002004608C
:10248000EC610DE09842F8D01B68002BF5D093F971
:102490000EC08C45F6DD5968C4E900310C605C6003
:1024A000AC69944200D004B9EC68AB689C4202D09D
:1024B000204600F0E9F96C6187F31188BFF36F8F54
:1024C0003046F8BD9B071CD5856808F0FDFA81737E
:1024D0002B689D4209D16B68C4E900531C606C6095
:1024E000EAE76A689A42F6D01B68002BF3D093F9AA
:1024F0000E208A42F5DD5A68C4E9003214605C603F
:10250000DAE78173D8E700BFBC600020034648B912
:10251000EFF3058232B9064A51699268914201D0BF
:10252000FFF78CBE83F31188BFF36F8F704700BF36
:10253000BC600020EFF31181402383F31288BFF3C6
:102540006F8F054B9A68D37B013BD37381F311885E
:10255000BFF36F8F704700BFBC60002070B5EFF312
:102560001186402383F31288BFF36F8F0F4DAB6842
:10257000DA7B0132DA732A4652F8184F944200D0BF
:1025800004B9EC681A7CD20604D1DA897F2A01D911
:10259000A2692AB19C4202D0204600F075F9234678
:1025A0006B613046BDE87040FFF7D8BEBC600020CC
:1025B000024B03F11802C3E906227047BC600020F9
:1025C00070B5EFF31186402383F31288BFF36F8F4A
:1025D0001A4CA168E0690B68814214BF1A460022B8
:1025E00049680B605960A368E1692AB9144AC3E9D4
:1025F00000210B60E3610AE092F90E5093F90E009E
:10260000854216DD5168C3E900210B605360A5695E
:102610000B4B9D4200D005B9E568A3689D4202D0EE
:10262000284600F031F965613046BDE87040FFF79B
:1026300005BE8A42DAD01268D7E700BFBC6000202E
:10264000D4600020F8B550EA010306460C4603D1D9
:10265000FFF7B6FF0020F8BDEFF31187402383F3A7
:102660001288BFF36F8F124D124BA8681860FFF7E6
:102670003DFEA868104923463246183000F082F922
:10268000AA68137C43F00403137404463846FFF72A
:10269000D5FDAB68D3E90A23B3F1004F08BF002A88
:1026A000D8D108F074FB201A20EAE070D3E700BF0D
:1026B000BC600020E4600020A1AB0200014B9868E0
:1026C000704700BFBC6000202DE9F84304468789AD
:1026D000EFF31186402383F31288BFF36F8F037CDF
:1026E000190705D586F31188BFF36F8FBDE8F8830E
:1026F000D90943F008026FD10274A36813B12046D0
:1027000008F0EAF904F1180008F00CFBA56D04F1DB
:102710005808A84511D04FF0000975B1284608F0B7
:10272000DBF905F1180008F0FDFAC5F878902846A5
:10273000FFF79CFDA56DA845EFD1DFF8BC80D8F868
:1027400008309C4250D1EFF30589B9F1000918BF58
:102750004FF00109D8F81850284A954200D00DB919
:10276000D8F80C50AB4202D0284600F08DF8204635
:10277000C8F8145004F040FCB9F1000F02D0204812
:10278000FFF750FDD8F808309C4230D1EFF30583B5
:102790006BBBA289D20711D586F31188BFF36F8F67
:1027A00083F31188BFF36F8F0423184602DFEFF322
:1027B0001186402383F31288BFF36F8F3046FFF7F3
:1027C0003DFDFB0792D5002383F31188BFF36F8F84
:1027D0000423184602DF89E703F07F0343F0080370
:1027E000037408F071F988E74FF00009B2E786F347
:1027F0001188BFF36F8FE4E7BC600020D460002035
:10280000B8580020D3B5DDE90667089CCDE900671C
:10281000FFF7EEFD1CB1034B9B685B69236002B0C0
:10282000D0BD00BFBC600020027C12F01F02034636
:1028300010D10A4988420DD00949086868B1D98980
:102840007F2909D893F90E20064B1B689A42B8BF1E
:10285000002070470020704710467047185700202E
:10286000A0260020E8600020044BC01A044BC010D2
:102870005843044B01221A54704700BF38590020B6
:10288000ABAAAAAA046A002070B50C4B0C4D1E7CA2
:10289000FFF7CAFF182303FB06550446284608F035
:1028A00041FA084B00229A553CB1621E284606495F
:1028B000BDE87040D31700F065B870BDBC60002063
:1028C00038590020046A00206928020038B5EFF367
:1028D0001185402383F31288BFF36F8F0F4B104A8B
:1028E0009C681068A04206D1FFF7CEFF85F31188DF
:1028F000BFF36F8F38BD00211B7C1160094AD35C88
:10290000002BF3D02046FFF78FFF0028EED0237C6A
:10291000DB0601D1FFF736FD2046E5E7BC6000206D
:10292000E4600020046A0020024B1868984208BF47
:1029300000207047A4260020034B1B680BB9FCF74E
:102940003FBC0020704700BFEC60002030B570B184
:102950000B4B5B6898420AD0036843B1D3E904216A
:10296000D0E90445121941EB0501C3E90421D0E97E
:10297000003213605A600023C0E9003330BD00BF4D
:10298000A4260020B3F1FF3F08BFB2F1FF3F2DE9BD
:10299000F84F0446994615461F467AD08160EFF3FA
:1029A0001188402383F31288BFF36F8FB9F1000FB2
:1029B000DFF8E4A020DBFFF7BFFFDAE900270135ED
:1029C00049F100092D1849EBE073C4E90453AD182F
:1029D000064643EB07074FF00109FFF7A5FFDFF8B5
:1029E000BCE0DEF804A00346EBB9C4E900EACAF88B
:1029F0000040CEF8044028E0DAE900126FF001034D
:102A00005B1A4FF0FF3161EB02025B1B62EB0902C4
:102A1000012B72F10001BCBF01230022C0E9043286
:102A20004FF00009D9E7D3E9041CD4E904208A4215
:102A300070EB0C0B24DA891A5A686CEB0000C3E9BE
:102A40000410C4E9003214605C60FFF76DFF84423B
:102A50000ED1134B1B685BB9B9F1000F02D1FFF720
:102A60006BFF0646304608F046F90021FCF77AFB7A
:102A700088F31188BFF36F8F28463946BDE8F88F79
:102A8000521A60EB0C005345C4E90420ADD01B681A
:102A9000AAE700252F46EFE750590020A426002082
:102AA000EC6000202DE9F047DFF8A890DFF8A8805F
:102AB000C9F800000246FFF737FF0D460026002741
:102AC000D8E900134FEAE27E50B1D0E9044CA242AB
:102AD0007EEB0C0A1BDAA41A6CEB0E06C0E9044666
:102AE00052184FF0000443EB0E032046C8E90023C0
:102AF000C9F8004008F0FFF82146FCF733FB85F3E6
:102B00001188BFF36F8FBDE8F047FFF7DFBE611894
:102B100043EBE473C0E90467C8E90013FFF716FF4D
:102B200001224FF00043C0E9042385F31188BFF36D
:102B30006F8F83689847EFF31185402383F31288E2
:102B4000BFF36F8FD9F80020121BC9F80020FFF7E0
:102B5000EBFEB5E7EC6000205059002010B5EFF314
:102B60001184402383F31288BFF36F8FFFF7E4FED5
:102B7000054A0346D2E90001181841EBE37184F3DA
:102B80001188BFF36F8F10BD50590020F8B504466F
:102B9000EFF31187402383F31288BFF36F8FD0E9DF
:102BA0000423B3F1004F08BF012A04D087F3118832
:102BB000BFF36F8FF8BDD0E90A566A1C46F10003D7
:102BC000022A73F1000334D3013D46F1FF36002E93
:102BD000BCBF00252E4608F0DEF8013041F10001AF
:102BE000401946EB0101012871F1000147DB08F0B3
:102BF000D2F8013041F100016FF00203401946EBB9
:102C0000010183426FF000438B413DDB08F0C3F8C4
:102C1000013041F100016FF00102401946EB010360
:102C2000121A4FF0FF3161EB030319492046FFF7F9
:102C3000A9FE236B01332363236A63B187F31188F1
:102C4000BFF36F8F20469847EFF31187402383F33C
:102C50001288BFF36F8F54F8185FA542A6D0002DDD
:102C6000A4D0284607F077FF0023AB6787F31188CD
:102C7000BFF36F8F2846BDE8F84007F05DBF6FF0E7
:102C800001024FF0FF33D0E700224FF00043CCE7C2
:102C90008D2B02002DE9F04105461C4690461F464B
:102CA000EFF31186402383F31288BFF36F8FB4F1E3
:102CB000FF3F08BFB2F1FF3F05D186F31188BFF394
:102CC0006F8FBDE8F081002C09DB012A74F100034D
:102CD000BCBF0122002412F1FF3844F1FF3728461F
:102CE00008F020F8DDE906010023C5E90A012B639D
:102CF00042463B4628460249FFF744FEDDE700BF57
:102D00008D2B020070B50546EFF31184402686F343
:102D10001288BFF36F8F08F005F820B184F3118893
:102D2000BFF36F8F70BD6B6A63B184F31188BFF31B
:102D30006F8F6B6A28469847EFF3118486F31288E9
:102D4000BFF36F8F05F1180007F03AFF0028E5D0B8
:102D500007F0F2FE21460248BDE8704007F046BF8A
:102D6000056A0020F8B507460C46164607F0A1FE96
:102D700008B10020F8BD0D4B9B68DD6E002DF8D02A
:102D8000221DF6D2EFF31184402383F31288BFF3A0
:102D90006F8F47F004012846B04784F31188BFF3D2
:102DA0006F8F0028E5D040F8045BE3E7BC600020AB
:102DB0000146024A0020FFF7D5BF00BF415B020079
:102DC00001680E4A9142034615D1C169A2F1102251
:102DD000A2F1EF1291420ED18268012A0BD8C2688B
:102DE00012B101698A4206D0586928B19B691B1A41
:102DF0005842584170470120704700BF55AA00FF54
:102E000070B50E4B9E68B6B13046FFF7D9FF044649
:102E100018B9F3687BB935690DB9204670BD2846ED
:102E2000FFF7CEFF28B9EB68B34204D12E462D69D7
:102E3000F2E70446F1E70124EFE700BFF06000206D
:102E40002DE9F041404D06466869884608F002F8D1
:102E500018B100242046BDE8F0812C68DCB1AC68D4
:102E6000CCB1002E6AD0B8F1000F69D008FB06F78C
:102E7000B7FBF6F6B04565D1391D63D8BA0710D057
:102E800027F003020432EC6803E0616891420AD241
:102E9000A469002CF9D1686907F0E2FF0028D9D0B5
:102EA000D7E73A46EFE7D4F808C0BCF1000F02D0EC
:102EB000012008F0CBFE891A232904F120061CD832
:102EC0000123A360D4E90523AAB19361A3690BB1DF
:102ED00062695A610023C4E905332B69DB0703D516
:102EE000FFF78EFF0028E3D13A46002130463446F2
:102EF00008F0A4FECFE7EB60E8E702F1200023181A
:102F00002039C3E9011CDC602169DFF840C0196188
:102F100044F800C00E48D86101B1CB6061695961C5
:102F2000A069986141B18B61996901B14B6101213F
:102F3000C4E901212361CDE7EB60F5E73446AAE758
:102F40004446A8E70446A6E7F060002055AA00FF23
:102F5000669911EE70B5424E0546706907F07AFF2A
:102F600000287BD1002D5FD03368002B5CD0B26885
:102F7000002A59D09D4203D3726813449D4202D364
:102F8000012008F063FEA5F120042046FFF718FF9A
:102F90000028F5D155F8183C012BF1D155F8143C17
:102FA00045F8180CC3B19A68002A42D155F81C2C78
:102FB00002F120015A680A445A6055E905321A6143
:102FC00055F8145C2B6903B1DD60204620220021F6
:102FD00008F034FE23462C462069002836D082684B
:102FE000002A33D163684268203313446360036965
:102FF0002361D4E90523F2B923BB43696361826984
:10300000A2610BB39C61A36903B15C61236903B145
:10301000DC602022002108F011FE33699B0703D5F4
:10302000FFF7EEFE0028ABD17069BDE8704007F0F5
:1030300017BF0023D0E79361A369002BDDD062693D
:103040005A61DAE7F360F7E7F460DCE7002BE4D1DC
:10305000F368A36103B15C61F460DEE770BD00BF9B
:10306000F060002070B5174E14220C460546002172
:10307000304608F0E3FD1448706107F0E8FE13499C
:10308000134800F035F8232C1BD915F003031FBF9C
:10309000043CE418C3F10403ED182246002128463D
:1030A00008F0CCFDC6E90054203CB5606C60B36804
:1030B000084A1A60B368F360A2F11022A2F1EF127D
:1030C000DA6170BDF0600020AC260020552F0200B0
:1030D000412E020055AA00FF014B1B68184700BF94
:1030E00010270020014B1B68184700BF0C27002049
:1030F000024B1860024B0020196070471027002017
:103100000C27002010B50A46044619B1024B0021D5
:103110001B68984710BD00BF7CD002000E4B0340D7
:10312000B3F1607F06D1B1F5885F0CBF00206FF06E
:1031300086007047B3F1707F0BD101F4E043B3F523
:10314000005F06D111F4E06F14BF00206FF086001D
:1031500070476FF0860070470000C07F8A42F8B564
:1031600006460D4600F00A8101F0FE41B1F1C06F44
:1031700061D1884C22F4FF7121F00101A14222F0BB
:10318000FF0014D004F58854A04210D022F47F76BA
:1031900026F00306A4F57064A64208D004F5A064E6
:1031A000A04204D004F57454A14240F0EB80D1B2A7
:1031B000784E19B922F48061B14224D125F4FF740C
:1031C00024F00104B44225F0FF0112D0724EB14246
:1031D0000FD025F47F7727F00307A6F57066B74276
:1031E00007D006F5A066B14203D006F57456B44286
:1031F00009D115F0FF0406D0684E44F00074B442C3
:1032000004BF02460D468BB122F4FF7323F0010385
:10321000B3F1062F06D0624B22F4FF6121F00701C3
:10322000994203D122F4807225F48075954214BF2F
:1032300000200120F8BDB1F1A06F16D102F0FE43CD
:10324000B3F1A06F40F0888082EA050333F47E1367
:1032500040F0828028047FD5C5F30540C2F30542C3
:1032600090428CBF00200120E4E74E4B9D4209D1E3
:10327000A3F500439A4200F081804B4B22F47E106C
:103280009842D4E7B1F1407F60D102F0FE43B3F140
:10329000407F5BD182EA050030F47E1456D131467E
:1032A0002846FFF73BFF00286AD1404912F47C17FB
:1032B00001EA020113D0B1F1607FC2F3054333D1BB
:1032C000D1B241F0007101F17E410339122901D8D8
:1032D0003748445C15F47C1F2DD19C42A7E7B1F11F
:1032E000607F0AD1D3B243F0007303F17E43033B06
:1032F000122B4BD82F49CB5CE2E7B1F1707F17D18D
:1033000006F4E043B3F5005F42D1C6F30221012386
:103310008B4006F4E041B1F5005FDBD1C6F3022635
:10332000012000FA06F4D5E7B1F1707FD2D1F0E7C1
:1033300000242346CEE71FB9C5F30541A1421DD0A5
:10334000290403D5C5F3054098428AE71A4B9D42EC
:1033500002D1B2F1082F6AE725F0004323F47F037E
:10336000B3F1106F0CD102F0FE43B3F1106F07D12F
:103370001248104040F01060A84258E7012059E779
:10338000002057E7002B7FF446AF4FE7002397E775
:103390000023BEE70002000600130006FF00000243
:1033A000004000060093C004000140050000C07FFB
:1033B0003A1F03003A1F03000002C0030000FFF69B
:1033C00070B505460F480E4607F044FD044618B197
:1033D0006FF08F04204670BD6B6933602B7F012B2B
:1033E0000ABF022330602B77064818BF6FF096049F
:1033F00007F036FD0028EDD0002CE9D06FF09604E0
:10340000E8E700BFF426002038B50C4C0C4807F064
:1034100021FD65780A4807F023FD0A4807F01AFDE8
:10342000022D08D12478E31F5C425C41054807F077
:1034300017FD204638BD0024F8E700BF08610020D2
:10344000C4260020DC2600202DE9F04789461546D9
:103450001C4600F0C3FC0646002851D1D9F8007084
:10346000B7F800A00AF4E043B3F5804FBB6808BF8B
:1034700025F0010535EA03033AD1002C40D0B5F51B
:10348000006F40D0A5F5005255425541284A24F41A
:10349000FF7323F00103934213D0264924F0FF0267
:1034A0008A420ED024F47F7020F00300A1F57061F1
:1034B000884206D001F5A0618A4202D01E4A93429A
:1034C00023D114F0FF0304D01C4A43F0007393424D
:1034D00022D0F9682B4622465046FFF73FFE804631
:1034E00070B939692B4622465046FFF737FEE0B9DE
:1034F0006FF084060023C9F80030384600F0A6FCBF
:103500003046BDE8F0870125C0E704F0FE43B3F183
:10351000407F04D12304DCD56FF08606EAE7B3F1DF
:10352000A06FF7D0054B9C42D2E74646E8E700BFC4
:10353000000200060013000600460006FF0000021D
:1035400038B500F0FE43B3F1407F04460D4602D08B
:103550006FF0860038BDFFF7E1FD0028F8D114F4C4
:103560007C1F18D0C4F30543032B137022D9224AC1
:103570002240B2F1607F31D1E4B244F0007404F132
:103580007E44033C122CE3D81C4A125D9342DFD8E0
:10359000202BDFD90EE0184B2340B3F1607F0FD111
:1035A000E3B243F0007303F17E43033B122B04D9D3
:1035B000002313706FF08500CCE71149CB5CD3E793
:1035C000B3F1707FF4D101F4E043B3F5005FEFD1C4
:1035D000C1F3022101238B40DBB2C5E7B2F1707F5A
:1035E000B6D105F4E042B2F5005FB1D1C5F30225D2
:1035F0000122AA40CAE700BF0000C07F3A1F0300B3
:103600003A1F03002DE9F3414768D0F814800446BF
:1036100038460E4607F021FF0546E8B9FFB22FB93C
:10362000B8F1000F05D06FF0860515E0B8F1000F76
:10363000F9D0A36823F0031323F47F43002BF2D1C6
:1036400062884FF6F8739A4228D81648277907F00F
:1036500001FC28B16FF08F05284602B0BDE8F0816B
:1036600007B901A8314600F069FB05460D4807F08F
:10367000F7FB10B1002DEFD1ECE7002DECD10FCC12
:10368000D6F800C066460FC694E8070086E8070033
:10369000002FE1D1019BCCF81430DDE76FF08505F8
:1036A000DAE700BFF426002010B5044650B1064802
:1036B00007F0D0FB204607F004FDBDE810400248AB
:1036C00007F0CEBB10BD00BFF426002013B50446A2
:1036D00010B301A900F082FB0446E8B9194807F0CD
:1036E000B9FB0346019853B1002407F0A1FE00285E
:1036F00018BF0446134807F0B3FB68B109E0037F25
:10370000032B11D107F094FE04460E4807F0A8FBE6
:1037100028B10CB96FF08F04204602B010BD002C08
:1037200008BF6FF08704F7E7022B07D10323037765
:103730000379FF2BD8D16FF08404D6E76FF096049D
:10374000D3E700BFF42600202DE9F0411E4688B0E3
:10375000904600220388059205460F46CDF81C804E
:103760003260B8F1000F65D0B8F1005F80F0A18041
:1037700023F0FF03B3F5E24F02D0B3F5824F25D11A
:10378000284607F07CFB0446002840F08680EB6862
:1037900083B16A8872B12B8803F44F41B1F5824F2F
:1037A00002D0B1F5884F05D1DBB2222B36D02CD810
:1037B000122B38D03A4608EB0701002312F8010B10
:1037C0008A4243EA0003F9D1002B33D005A92846E9
:1037D000FFF718FF0446A0B9059B9B6A6BB3059BD6
:1037E0005A88069206AA029203F1280201929A6A66
:1037F00000925B6A42463946284607F060FE04465E
:1038000080B30598FFF750FF47E0273BDBB21B2B47
:10381000D0D8294921FA03F3DB07CBD50732B8EB1F
:10382000D20FC7D206E040F209239A42F6D1B8F18E
:10383000400FBFD86FF086042FE06B681B0A07D1DA
:103840000799059807F0FDFB04460028C7D0D8E784
:1038500007AB42463946284607F009FE04460028D1
:10386000EED0CEE70599069B4A88D2B94B80069ADE
:103870004FF6F8739A4219D82B88059813B102882D
:103880009A4210D16B8813B142889A420BD13146CB
:10389000FFF796FD04460028B3D1204608B0BDE8E6
:1038A000F0819A42E3D06FF08604AAE76FF08504B6
:1038B000A7E76FF08504F0E70102000C38B5044675
:1038C0000D46FFF7A1FD30B12A4621460348BDE869
:1038D000384007F09BBE6FF0880038BD0C610020B7
:1038E00073B5002203880A600092428804460D46A0
:1038F000002A00F0FF80028802F4E042B2F5804F17
:1039000000F0F88023F0FF03B3F5E24F02D0B3F5E7
:10391000824F04D1204607F0B2FA0646D0B9694674
:103920002046FFF76FFE064660BB009B9B6AA3B173
:103930000099204601F12803D1E9091207F0A1FD01
:1039400006460098002E40F0D2802946FFF738FD49
:103950000646B8B9304602B070BD63681B0A40F035
:10396000BD802288618802F4E043B3F5805F0DD00A
:10397000B3F5005F0AD002F44F40B0F5824F1ED07D
:103980006FF085060098FFF78FFEE3E7104607F01B
:1039900029FB06460028F5D147F201039A4220D1BF
:1039A0004B080133DB0803EBC3033B330193DDE931
:1039B000000107F046FB06460028B9D0E2E7B3F560
:1039C000E04FDDD147F201039A42E9D022F0FF0334
:1039D000B3F5884F15D1CB1DDB0803EB430301334F
:1039E000E4E744F201039A4202D1CB081033DDE749
:1039F00022F0FF03B3F5E84FEAD1CB1DDB085B00F3
:103A0000D4E7B3F5EE4F67D0B3F58E4F02D1CB1D9F
:103A1000DB08CBE702F44F40B0F5824F02D0B0F59F
:103A2000884F06D1D0B2422801D1CB08D7E7412830
:103A3000EDD0B3F5E24FEAD0B3F5824F03D1CB1D01
:103A4000DB085B00CBE744F20D039A4224D844F232
:103A500001039A42DBD9A2F58042023A0B2AD6D85A
:103A600001A353F822F000BFAD3A02000F3A020062
:103A7000B93A02000F3A02000F3A0200C13A0200BE
:103A8000C93A02000F3A02000F3A0200D13A02008E
:103A90000F3A0200D13A020047F202039A421BD0C9
:103AA00047F204039A42B2D140237FE74B094FF417
:103AB000A0725343203379E70B0A4FF4C072F8E742
:103AC000CB1DDB08183371E7CB1DDB081C336DE71A
:103AD000CB1DDB08023392E7202367E701A92046CC
:103AE00007F0CAFC064600283FF461AF4AE707F03A
:103AF000DDFA47E76FF086062CE700BF10B51C4CD7
:103B00001C4807F0A7F92378590744BF03F0FB03CB
:103B100023709A0705D500F0F7F8237823F0020305
:103B20002370144807F09CF9134807F093F9637861
:103B300013B1124807F06CFD00234FF4AC710F482D
:103B40006370FFF7DFFA0C4807F08AF9094807F0BD
:103B500081F92378DB0705D507F088FC237823F06B
:103B600001032370BDE81040024807F079B900BF97
:103B700008610020DC260020C42600200C61002003
:103B800070B5FFF741FC10B10024204670BD3448E9
:103B900007F060F9044620B16FF08F04FFF7AEFF25
:103BA000F3E7304D2B789E0706D400F0A5F82B786C
:103BB00043F0020304462B70294807F051F910B175
:103BC000002CE9D0EAE7002CE8D1254807F042F9BB
:103BD00004460028E0D12B78D80706D407F044FC2F
:103BE0002B7843F0010304462B701D4807F038F989
:103BF0000028E5D1002CD1D1194807F02BF9002875
:103C0000CAD117482E7807F02BF90028C4D11648DE
:103C100007F020F904460028BED16B783BB9F107C4
:103C200005D5124807F0F0FC022304466B700E48DD
:103C300007F016F90028C3D1002CAFD1084807F0CF
:103C400009F90028A8D12B7805485A075CBF43F032
:103C500004032B7007F004F9002895D09CE700BFFF
:103C6000DC26002008610020C42600200C61002012
:103C700000F140420F2A30B50CD81D4B2C2404FB18
:103C800002331A7F022A02D15A69824224D06FF08D
:103C90008B001AE0441E6FF040439C420ED2144A3F
:103CA00000241346157F022D02D15569854210D09C
:103CB0000134102C02F12C02F4D1E8E70D4BA2F5EF
:103CC00080529A42EBD96FF0870030BD6FF09600BA
:103CD000FBE72C2202FB04331A7F022AF6D11A6A70
:103CE000501CF3D001321A6200200B60EDE700BFD8
:103CF00064620020FFDFFF3F024B012283F8C022F5
:103D000000207047646200202DE9F0410A4C002534
:103D100026464FF001080327C4F820802777204665
:103D2000013507F0CEF9102D04F12C04F4D1002355
:103D300086F8C032BDE8F08164620020F8B5244DF9
:103D4000064624480F4607F085F895F8C0422148FA
:103D500007F086F8002C34D000242B462246197F29
:103D6000F9B13CB9022905D1196A19B919790029A3
:103D700018BF1C460132102A03F12C03EFD114B9ED
:103D80006FF08C000BE0237F022B04D1236A5A1CB6
:103D90001CBF01332362204607F093F910B10024C1
:103DA0000DE01C46237F7BB90123237736B10A4BF4
:103DB000651BAD105D4305F18045356000203C601A
:103DC000F8BD6FF08800EAE76FF09600E7E700BF04
:103DD00064620020DC260020A38B2EBA002370B57D
:103DE0000B60044616480D4607F034F8154B14488E
:103DF00093F8C06207F034F8FEB1134807F02AF8D0
:103E0000064618B16FF08F04204670BD2046294643
:103E1000FFF72EFF10F18C0F044607D00A4807F079
:103E20001FF80028F0D0002CEED1EBE706482E60FA
:103E300007F016F86FF08704E6E76FF08804E3E711
:103E4000DC26002064620020F426002010B5044621
:103E5000084806F0FFFF40B9204607F0E9FA04469B
:103E6000044806F0FDFF10B10CB96FF08F04204636
:103E700010BD00BFF426002070B40A4E4568DCB2C5
:103E800044F00074B4424FEA152503D035B970BC34
:103E900000F0CCB86FF0850070BC70476FF0860002
:103EA000FAE700BF05000002F7B5089E0D4FF5B216
:103EB000044645F000754868BD424FEA10200AD01C
:103EC00060B9009604F1080000F07CF808B91C23E2
:103ED000236003B0F0BD6FF08500FAE76FF0860055
:103EE000F7E700BF05000002F7B5089E0D4FF5B2D9
:103EF000044645F000754868BD424FEA10200AD0DC
:103F000060B9009604F1080007F081FC08B91C2391
:103F1000236003B0F0BD6FF08500FAE76FF0860014
:103F2000F7E700BF050000022DE9F0414FF6FF74EE
:103F30009C4228BF1C460D461FFA84F81646AAB1BB
:103F4000A1B19BB10B4F384606F044FB18B96FF096
:103F50009200BDE8F081BB6842461B683146384696
:103F600098470028F3D1E4002C60F2E76FF0860058
:103F7000EFE700BFBCBE02007FB50024C0F8484197
:103F80000F4C0094054607F0F0FA044698B903ABCD
:103F9000102205F59C7601930092334605F5947145
:103FA000284607F0F5FA044628B9304607F05EFBCC
:103FB000204604B070BD284607F0F6FAF8E700BFC7
:103FC000004440042DE9F0411E46069B1746154A61
:103FD00023F47E13934204460D461BD10B88B3F5A0
:103FE000105F17D1A6F11002102A17D80E4BD3403C
:103FF000DB0713D54FF4A672002107F01FFE022342
:1040000084F84C313A46334629462046BDE8F04113
:10401000FFF7B2BF6FF08500BDE8F0816FF086005A
:10402000FAE700BF0002C003010101002DE9F043DF
:1040300023F47E16124BDDF82C909E42DDE9077CBE
:10404000DDE909E815D10388B3F5105F11D1A2F1BC
:104050001004102C11D80B4D25FA04F4E3070CD5ED
:10406000CDE90989CDE907CE3B46BDE8F04307F02D
:10407000A5BB6FF08500BDE8F0836FF08600FAE71E
:104080000002C0030101010073B50C4611461A4637
:104090002388069EB3F5105F054619D1A2F11004DE
:1040A000102C12D80C4BE340DB070ED50B4B9E4275
:1040B0000ED100240094234600F0A0F885F81C419E
:1040C000C5F81861204602B070BD6FF08600FAE7AF
:1040D0006FF08500F7E700BF0101010000444004D4
:1040E0002DE9F04116461F46D0F818210E4B9A4292
:1040F0000546884611D1314600F0A0F8069B98424B
:1041000004460DD8334628464246394600F0A4F806
:10411000079B00201C60BDE8F0816FF08500FAE786
:104120006FF08900F7E700BF0044400430B58BB062
:10413000044618220D4604A8002107F07FFD4FF425
:104140001053ADF80C3020464FF48073ADF80E30AC
:10415000059307F029FA4FF494720021204607F0E6
:104160006DFD0B4B00932A46202303A9204607F040
:10417000FCF950B905F1200304F59474303553F877
:10418000042B44F8042BAB42F9D10BB030BD00BF77
:104190000044400470B5184E049C4588B34202D0D8
:1041A0006FF0850070BDEE1DB2EBD60F4FEAD6035F
:1041B00002D06FF08600F5E7079A934218D8089A64
:1041C0001360008847F212129042E9D1059A5B0011
:1041D00001339342EDD12378042BEAD1B5F5807FEA
:1041E000DED10698621C00F067F90028DAD0E0E71B
:1041F0006FF08900D6E700BF00000209F8B5069FFE
:1042000004461D4661B11646AFB9DCF779F90023C3
:1042100084F8116184F8103184F8127184F8133134
:1042200045B11022294604F1F00007F0F9FC012302
:1042300084F81331F8BDDCF7F7FAE8E751B190F8EC
:10424000103190F812210B4402F001029B1A23F066
:104250000F007047084670472DE9F04F044687B0BD
:1042600090F8120194F810910090002B55D09246CE
:1042700000F00108C9F110021E4608EB0203B34228
:1042800004F5807700F2C4800D46002A40F0B38028
:10429000009B002B6AD194F8133104F1F009C84651
:1042A000002B40F0C18094F811312246394648462F
:1042B000DBF7D2FF0F2E40F2CE80A6F1100323F0E1
:1042C0000F031033019305EB030BD04694F813C191
:1042D000102341464A463846BCF1000F20D0DCF797
:1042E000D5FC10224946284607F09AFC103594F870
:1042F0001131224639464846DBF7AEFF5D4508F1ED
:104300001008E3D116F00F0621D184F81061C846D9
:1043100010224146584607F083FC07B0BDE8F08FF5
:10432000102207F07DFC10224946284607F078FC51
:10433000103594F81131224639464846DBF78CFF98
:10434000AB4508F11008C1D116F00F06DDD0019B76
:104350009A4451463846324607F062FC009B84F886
:104360001061002B7DD00DF10808D1E794F81131D0
:104370002246394602A8DCF705F994F81331002BE0
:104380005BD1B8F1000F0CBF4FF010094FF01109CD
:104390004E4529D304F1F00801E04E4524D351469F
:1043A00010223846924407F03BFC102202A928460E
:1043B00007F036FC94F811312246394602A8DCF7A2
:1043C000E1F894F81331103E1035002BE5D002A926
:1043D000084642461023DCF759FC10223946404675
:1043E00007F01EFC4E45DAD22EBB84F81061AB46B6
:1043F0000DF108088CE7514607EB0900924407F0DD
:104400000FFC009B103E4E44002B3FF444AFADE741
:1044100007EB09005146324607F002FCB14484F82C
:10442000109107B0BDE8F08F10234A463946384650
:10443000DCF72CFC37E7AB468BE702A904F1F00967
:104440004A4608461023DCF721FC4846102239462C
:1044500007F0E6FB95E7002EEDD184F81061AB463E
:1044600056E704F1F00952E700B589B00146684605
:1044700000F03CF809B05DF804FB00BF00B591B056
:104480000146684600F06AF911B05DF804FB00BF10
:1044900030B599B00546684600F028F869460446EC
:1044A00008A800F053FA08A90443284600F08AF946
:1044B000204619B030BD00BF70B598B005466846BB
:1044C000164600F013F83146044608A800F046F9F5
:1044D00008A96A460443084600F082F908A9044383
:1044E000284600F06DF9204618B070BD70B50B6815
:1044F000124E1BBAC3614B681BBA83618B681BBA2F
:104500004361CB681BBA03610B691BBAC3604B697B
:104510001BBA83608B691BBA4360CB691BBA3246F6
:10452000036001460446DCF7A1F931460546024620
:104530002046DCF7BBF9681E70BD00BF80D00200CA
:104540002DE9F04188B00C46064602F1200168468C
:1045500006F120079046DCF783FC6A466946684608
:10456000DCF7A0FB69463846DCF77AFC3A46394668
:10457000384604F12005DCF795FB6A466946684633
:10458000DCF790FB41462846DCF76AFC6A46414668
:104590003046DCF74DFC2A4629466846DCF782FBAC
:1045A0002A4669466846DCF77DFB124A694668463A
:1045B000DCF778FB69462046DCF752FC32462146A0
:1045C0002046DCF7ADFB324621462046DCF7A8FB4F
:1045D000224631462846DCF7A3FB6A462946284690
:1045E000DCF726FC3A4629462846DCF799FB08B05A
:1045F000BDE8F08160D10200F0B599B004460D46E7
:104600000A4601466846DCF78BFB69466846DCF7DC
:1046100027FC6A46214608A805F1200604F1200778
:10462000DCF706FC6A4629466846DCF701FC3246A0
:10463000394610A8DCF736FB324639463046DCF7FF
:104640006FFB31462846DCF70BFC6A4608A920467A
:10465000DCF728FB224629462846DCF761FB6A4640
:1046600008A96846DCF75CFB6A4639463846DCF741
:10467000DFFB2A4608A96846DCF752FB6A4631464A
:104680003046DCF7D5FB3A4631463046DCF748FB8E
:1046900010A96846DCF7E4FB224669462046DCF7B1
:1046A0003FFB08A922460846DCF73AFB10A908AAF6
:1046B0000846DCF7BDFB3A4610A93846DCF730FB6C
:1046C00019B0F0BD2DE9F04188B00C460546904682
:1046D0000A4601466846DCF723FB69466846DCF774
:1046E000BFFB6A462946284604F12006DCF7A0FBFA
:1046F00005F120076A4621466846DCF799FB3246F9
:1047000039463046DCF70CFB31462046DCF7A8FB87
:104710002A4621462046DCF703FB6A46214620460E
:10472000DCF7FEFA6A4629464046DCF7F9FA4246CB
:1047300039463846DCF77CFB224629466846DCF7DA
:10474000EFFA6A4631463046DCF772FB3A463146AC
:104750003046DCF7E5FA08B0BDE8F08170B500F14D
:10476000200690B00D46044600F014F905F1200132
:10477000304600F00FF9214608A8DCF771FB08A9C4
:1047800008460D4ADCF78EFA08A922460846DCF7EF
:104790004FFB08A9094A0846DCF784FA3146684607
:1047A000DCF75EFB202269460DEB0200DCF74CFAD9
:1047B000013810B070BD00BF60D1020040D10200CE
:1047C00000F002B938B504460D4600F0FDF805F1D9
:1047D000200104F12000BDE8384000F0F5B800BF2A
:1047E0002DE9F0471346B8B0544A89468046194629
:1047F00010A8DCF73BF85249024610A8DCF756F83F
:10480000179E4E4900EAD6760746C6F1010210A867
:10481000DCF74CF8179B4A466FEA030A28A918A848
:10482000FFF78EFE4FEADA7A20A9CAF101020846A4
:1048300000F092F8C7F10107FE246A4618A928A8DB
:10484000FFF740FF631138AA02EB830304F01F0255
:1048500053F8A03CD340554603F0010A8AEA050507
:104860002A4628A918A8DCF77DF82A4630A920A8EE
:10487000DCF778F8013C28A918A8FFF7BDFE631CF7
:10488000DBD1CAF1010220A908A800F065F886EA88
:104890000A066A4618A928A8FFF714FF28A9324675
:1048A00018A8DCF75FF8324630A920A8DCF75AF8E0
:1048B00008A96A460846DCF7BBFA08A9084600F0D2
:1048C0009DF808A908F1200409F120020846DCF748
:1048D000AFFA20A908AA2046DCF7AAFA08AA18A964
:1048E0006846DCF7A5FA69466846DCF7B9FA18AA03
:1048F000694608A8DCF79CFA21466846DCF7B0FA5E
:1049000008AA69461046DCF70BFA0E4A08A9684661
:10491000DCF706FA20462021DCF7AAF908A90246AE
:1049200044426846DCF71EF84046074A6946DCF711
:104930007FFA3C43204638B0BDE8F087C0D0020083
:10494000E0D0020040D10200A0D002000A46014996
:10495000FFF746BF00D1020070B588B004460D468F
:10496000164600212022684607F068F900232946F0
:1049700020222046009307F053F92A4669466846EC
:10498000DCF7CEF9324669462046DBF7EBFF08B08C
:1049900070BD00BF0B681BBAC3614B681BBA836153
:1049A0008B681BBA4361CB681BBA03610B691BBAE6
:1049B000C3604B691BBA83608B691BBA4360CB69C8
:1049C0001BBA0360704700BFCB691BBA03608B69D9
:1049D0001BBA43604B691BBA83600B691BBAC36087
:1049E000CB681BBA03618B681BBA43614B681BBA67
:1049F00083610B681BBAC361704700BF70B598B084
:104A00000D46064610A8DCF72BFA2A4610A9684680
:104A1000DCF70EFA694610A8DCF722FA10A908465E
:104A2000DCF71EFA6A4610A908A8DCF701FA08A903
:104A300010A8DCF715FA10A90846DCF711FA10A93E
:104A40000846DCF70DFA10A90846DCF709FA10A9A8
:104A500008AA0846DCF7ECF910A90846DCF700FACA
:104A600010A90846DCF7FCF910A96A4608A8DCF78B
:104A7000DFF9052408A910A8DCF7F2F910A9084607
:104A8000DCF7EEF9013C10A9F5D108AA0846DCF7DD
:104A9000CFF9052410A90846DCF7E2F910A9084669
:104AA000DCF7DEF9013CF5D110A908AA0846DCF7CD
:104AB000BFF910A908A8DCF7D3F908A90846DCF764
:104AC000CFF908A96A466846DCF7B2F910246946AE
:104AD00010A8DCF7C5F910A90846DCF7C1F9013CBC
:104AE00010A9F5D12A460846DCF7A2F9402410A9FE
:104AF0000846DCF7B5F910A90846DCF7B1F9013C26
:104B0000F5D110A96A460846DCF792F9102410A9DD
:104B10000846DCF7A5F910A90846DCF7A1F9013C25
:104B2000F5D110A96A460846DCF782F9102410A9CD
:104B30000846DCF795F910A90846DCF791F9013C25
:104B4000F5D110A908AA0846DCF772F92A4610A97F
:104B50003046DCF76DF918B070BD00BFF8B50E4BEC
:104B60001D68AB789B07064612D56F6816F8014B97
:104B700029462CB90A20B847002805DB204609E061
:104B80002046B8470028F1DAAB7843F00403AB7055
:104B90004FF0FF30F8BD00BFF8CB02000CB430B5C9
:104BA0008BB004460D462022002102A807F046F8EB
:104BB00002238DF80A30002D0C4B0393069412DB70
:104BC00001D06B1E1C440FAA0E99079402A80192F3
:104BD00000F074F815B1069B00221A700BB0BDE806
:104BE000304002B070470024EDE700BF67BD02000F
:104BF000242AF0B5044601D8012A40D1EFF7BEFCC3
:104C00002D4B16221A5001B10C600020F0BD2F462A
:104C10003D4615F8010B2028F9D0A0F10906042E15
:104C20000346F4D92B282CD02D282CD101262B7803
:104C3000BD1C302B2DD1287840F02000782824D1BD
:104C400032F0100021D16B782C4610220235002062
:104C5000392B82BF03F1FF3343F02003263B303B67
:104C60009A421AD9A0FB02040CB9C01801D346F02D
:104C700002062F462C4617F8013B3D46E8E707465B
:104C8000C6E70026D3E70026D3E7002A08BF08229C
:104C9000DDE7002A08BF0A22D9E701B10C60F2075C
:104CA00048BF4042B307B1D5EFF768FC024B222260
:104CB0001A504FF0FF30A9E70C0000002DE9F04F2B
:104CC0008BB04368009383789C078046924640F1FE
:104CD000F98000250878002800F0F68025280AD001
:104CE0004B1C019301354146009B98470028C0F2B8
:104CF000E3800199EEE74E788B1C252E0193F1D0CD
:104D00000027B9463C460A221F2C22D8A6F12003D0
:104D1000102B20D8DFE803F0141F1F1A1F1F1F0BD2
:104D20001F1F1F121F171F1F090044F00104019BC2
:104D300013F8016B0193002EE6D13AE044F002042F
:104D400044F00404F3E744F00804F0E744F01004EE
:104D5000EDE77F2C24D8A6F13003092B08D8600694
:104D60004EBF02FB073702FB093944F02004DEE79F
:104D70002A2E0DD161065AF8043B53D4002BA7BF4D
:104D800044F020049946C3F1000944F02804CEE71A
:104D90002E2E05D1630600F1978044F04004C6E74B
:104DA0006C2E2ED028D8682E32D06A2E37D04C2EBA
:104DB00035D0002F46F02003B8BF24F04004A3F103
:104DC0006502BCBFA4B20027022A01D9612B2BD1F6
:104DD0000AF1070A2AF0070A9C4E0AF1080A072777
:104DE000210760D506EB070B34465C455DD1AE1B51
:104DF000A219A9EB070959E1742E98D07A2E96D002
:104E0000D7E7260648BF44F4007444F080048EE7D8
:104E1000E00548BF44F4007444F4807487E744F428
:104E2000207484E71F4682E7A6F16302122A00F28B
:104E3000D880DFE812F013004D00D600D600D6006F
:104E4000D6004D00D600D600D600D600D600E80029
:104E5000D100D600D6001A00D600A0005AF8043BB4
:104E60008DF81030012704AEBAE75AF8046B784B7E
:104E7000002E08BF1E4614F0400F14BF39464FF0F5
:104E8000FF31304606F00CFF0746A9E7009B41467C
:104E90002020984700280FDB013CA742F6D34D4461
:104EA0002D1BA1469EE74C46F7E714F8010B009B2B
:104EB00041469847002898DA98F8023043F00403F6
:104EC00088F802304FF0FF3528460BB0BDE8F08F70
:104ED000220630D5A3052AD50AF1070A2AF00703CE
:104EE0009A4659685AF8080B24F0100B00291FFA4B
:104EF0008BFB2FDA404261EB41014BF4806B04AC39
:104F00000A23224606F0D8FE1BF0400FA0EB040255
:104F100000F08E802BF001049742A4B240F38F8002
:104F2000002E40F08E802BF01104A4B21DE05AF840
:104F3000040BC117D8E7E0055AF8041B01D4084652
:104F4000F7E7A2054BBF48B208B241F3C01141F3E5
:104F5000C031C9E750EA0103D1D16306CFD5002F94
:104F6000CDD124F01104A4B23A463B4640F20641AA
:104F70000C4262D124E024F01004A4B20A2314F0FD
:104F8000800243D014F400711FBF0AF1070A2AF00F
:104F900007029246516814BF5AF8080B5AF8040BDE
:104FA00050EA01023ED124F0160B62061FFA8BFB79
:104FB0003CD5002F3AD124F01704A4B23A463B4620
:104FC00021075AD4E10705D5994572DDA9EB030302
:104FD0009F184B469B464AE044F010041023782665
:104FE000CDE7782B04D1C6F1780343F01003C6E770
:104FF000009B4146252098470028FFF65DAF02350B
:105000004146304670E608230026B8E714F4807164
:105010005AF8040BC4D014F400711ABFC0B2114680
:1050200080B2BDE724F006041FFA84FB04AC68E7F5
:1050300013465C46E10699D52EB90133C0E7134605
:10504000F8E73B46F6E70233BAE700BF0D1D030061
:10505000061D0300CDE902324146009B20209847FF
:105060000028FFF629AFDDE902320BF1010BD9452B
:10507000F0DCEB1A03EB0B055B46E10627D5CDE927
:1050800002324146009B302098470028FFF614AFBB
:10509000DDE902327EB901352F44791B8A4229DBD2
:1050A000144604AE9CBB2A44A9EB0309154691445F
:1050B00042E017468EE7CDE90232023541463046DE
:1050C000009B98470028DDE90232E5DAF4E640F279
:1050D00006410C42E0D014F0020F14BF2B20202018
:1050E00014F4806FCDE9023205F10105414618BF85
:1050F0002D20E5E7CDE902324146009B302098475C
:105100000028DDE9023205F10105C6DAD4E6013CEA
:10511000CDE90232305D009B414698470028DDE929
:105120000232BFDAC8E6009B41462020984700289B
:1051300005F10105FFF6C0AEA9EB0503002BF2DC7B
:10514000D7E500BF38B5044C044DAC4200D138BDA2
:1051500054F8043D9847F8E7000000000000000004
:10516000704708B505F017FE4FF47A72A0FB0203F2
:1051700002FB0131C00B40EA4140C90B08BD01F000
:10518000FEBC0023EDF7A2BE014640F2E73008B5B1
:105190004FF47A72002300EBC130490CE5F78CFC28
:1051A000BDE8084005F04CBDF0B40C2707FB021425
:1051B000866814F8045C45F0020504F8045CB468E1
:1051C000A446F0BC604710B588B003798DF807108D
:1051D0009BB10DF1070102910121CDE905210722C3
:1051E000039100248DF81C2000688DF810400222E5
:1051F00002A9FFF7D9FF08B010BD6FF01200FAE75F
:105200001FB503798DF800108DF801206BB10222D3
:1052100002928DF80C200068CDF804D0012201A97B
:10522000FFF7C2FF05B05DF804FB6FF01200F9E76D
:1052300038B502220D210546FFF7E2FF0446E8B922
:10524000024620212846FFF7DBFF2246212128467F
:10525000FFF7D6FF224622212846FFF7D1FF22463C
:1052600023212846FFF7CCFF224624212846FFF7BA
:10527000C7FF224625212846FFF7C2FF204638BD3A
:10528000F8B50E4617460D2102220446FFF7B8FF77
:10529000054600283CD10B2211212046FFF7B0FF24
:1052A000882212212046FFF7ABFF2A462A212046FA
:1052B000FFF7A6FF012E0CBF3A460022232120460D
:1052C000FFF79EFF022E0CBF3A4600222421204603
:1052D000FFF796FF032E0CBF3A46002225212046F9
:1052E000FFF78EFF324620212046FFF789FF2A462E
:1052F00021212046FFF784FF2A4622212046FFF77E
:105300007FFF2A4620460D21BDE8F840FFF778BF11
:10531000F8BDF8B50E4617460D2102220446FFF7E8
:105320006FFF0546002857D10B2211212046FFF7B9
:1053300067FF882212212046FFF762FF3F222A21C1
:105340002046FFF75DFF012E4FF0FF3218BF00220D
:10535000D2B223212046FFF753FF022E4FF0FF3237
:1053600018BF0022D2B224212046FFF749FF032EA6
:105370004FF0FF3218BF0022D2B225212046FFF79E
:105380003FFF324620212046FFF73AFF2A462121DF
:105390002046FFF735FF2A4622212046FFF730FF3F
:1053A0002A460D212046FFF72BFF0546A0B927EA24
:1053B000E776294640F2E7304FF400454FF47A7221
:1053C0000023E6FB0501E5F777FB05F039FC2046F5
:1053D000BDE8F840FFF72CBF2846F8BD07B5072108
:1053E0000DF10702FFF7EFFE30B99DF907309DF888
:1053F0000700002BB8BF802003B05DF804FBF0B5B8
:10540000E9B008238DF80730037907460E461546A4
:105410000DF10704ABB3FFF7E1FF002822DD854261
:105420004FF00103A8BF0546039300238DF8103009
:105430002BB203EB43030693072302948DF81C3031
:1054400008AC3B7938680594022202A9FFF7ACFE4C
:1054500040B92346314606EB8500814203F1030340
:1054600002D1284669B0F0BD13F8022C13F8034CA2
:10547000120242EA044213F8014C224341F8042B81
:10548000EBE76FF01200EDE770B590F8444088B09C
:105490004CB300F12401A200684606F0C1FB6A4645
:1054A0000121CBB29C4207D8640808AB03EB84040B
:1054B00054F8200C08B070BD013B55685BB2104633
:1054C00050F80469AE4204D9013B5BB286605E1CB1
:1054D000F6D101335BB208A800EB8303013143F836
:1054E000205C0432DDE72046E4E738B504460D468B
:1054F0004C22002106F0A2FB256038BDC068704731
:10550000406870470346007E30B1586843F69723E1
:105510009842D4BF0020012070472DE9F04FC369A5
:1055200090F818B003F1010A85B004461746C0F898
:105530001CA0BBF1000F0FD1C0E9011BC0E904BBE7
:10554000012303762FB94FF00008404605B0BDE8AF
:10555000F08F00233B80F6E74368CA1A03EBA213DF
:1055600043F697229342436005DC0023A0F84430C1
:1055700003624376E6E785680668BAFBF6F2C91A65
:10558000491B436905EBA10501698560AB42B8BFC2
:105590002B46A942A8BF294606FB12A2436101611E
:1055A0003AB9C2685B1A9B1AC0E9045502EB630260
:1055B000C26094F84420E1684FF03C09012A09FBDD
:1055C00006F94FF0DC03B9FBF3F313D92046CDE91C
:1055D00002230191FFF758FF039B4FF0060CDDE912
:1055E00001120CFB00F04FF00A0CB0FBFCF0834200
:1055F00038BF034694F81980B8F1000F61D10A2032
:1056000091FBF0F0854263DD282905DC0023A4F836
:1056100044304FF0000825E001216176216AF9B19C
:10562000AAEB01018B421BD8B9FBF1F9A9F11E09C4
:10563000B9F1BE0F14D894F8453004EB8300013360
:10564000416203F0070384F84530A36C072A98BF32
:10565000013203F1010398BF84F84420A364D846C3
:10566000C4F820A0002F3FF470AF2046FFF70CFFD6
:1056700094F844C0BCF1030F2DD900B328250022B3
:105680004543203411464FF0640E54F8043F9842CD
:1056900034BF1B1AC31A0EFB03F3AB4201F1010125
:1056A00098BF0132C9B298BFD2B28C45EDD1032A5E
:1056B00011D94FF416735E43B6FBF0F6B0B23880E2
:1056C00043E7142391FBF3F39D42BCBF00236376B1
:1056D00028299BDD9DE70020F1E783681B681847B8
:1056E00013B50C46836801A95B68984730B9019BE4
:1056F0000120A0401840003818BF012002B010BDA2
:10570000F0B40C2707FB0214866814F8045C45F01B
:10571000020504F8045CB468A446F0BC60471FB5F9
:10572000CDE9011202228DF80C2001A90122FFF718
:10573000E7FF05B05DF804FB01F018BA0023EDF7B0
:10574000C5BB00B589B08DF807200DF107020292A4
:10575000059301220A9B03920693002207238DF8EA
:1057600010208DF81C3002220B4602A9FFF7C8FF5B
:1057700009B05DF804FBF0B406698768336801245A
:105780008C4023EA040333603B6822F48012F0BCAF
:10579000184710B54FF4004C20EAE074002140F2A5
:1057A000E7304FF47A720023E4FB0C01E5F784F94B
:1057B000BDE8104005F044BA30B589B0002114228C
:1057C00003A80C25ADF8061006F038FA0DF1060313
:1057D0000593022401230DEB0500069404938DF834
:1057E0001C50EAF753F858B9BDF9063002932A461F
:1057F00002AB21464FF4E170EAF716F800B90298BF
:1058000009B030BD41F2670398420ADC40F6E44338
:10581000984208DD0923A0F6E440B0FBF3F0C0B2E3
:105820007047642070470020704701F0A8B900233A
:10583000EDF74CBB70B586B006460D461446002108
:105840001822684606F0FAF969460020CDE901659C
:10585000ADF80C40F5F79EFF06B070BDBFF35B8F4F
:1058600050E8003F40E80012002AF9D1BFF35B8FF7
:10587000704708B50246EBF7C1FA20B1BDE8084011
:105880001046EDF713BF08BD642828BF6420EDF76C
:1058900067BF13B50622044669462820EBF732FCA1
:1058A00040B9BDF800302380BDF802306380BDF8F8
:1058B0000430A38002B010BD07B56846FFF7E9FFCA
:1058C00000283CD1BDF800304FF4FA6213FB02F31C
:1058D000002BBCBF03F5FF437F33DA13BDF8023062
:1058E0004FF4FA6113FB01F3002BBCBF03F5FF4338
:1058F0007F33D913BDF804304FF4FA6013FB00F383
:10590000002BBCBF03F5FF437F33494302FB021268
:10591000DB1303FB03234FF080429A4204D800209C
:1059200022B903B05DF804FB9208F6E781189942AA
:105930004FEA50009CBF80185B1A9208F0E76FF0A6
:105940000400EEE707B501220DF107011D20EBF77A
:10595000D9FB01220DF107014520EBF7D3FB03B082
:105960005DF804FB00EBC100408840087047F8B5C3
:105970000346FFF7F7FFB0FA80F0C0F11F0003EB1A
:10598000800CCA00DCF81060171D0C4606328DB280
:1059900056B9012101FA00F0D9680143D960CCF869
:1059A0001040DD539D52F8BDF1000431585AD853D0
:1059B00003EBC0009E52C5805D52F4E710B500EBCA
:1059C000C104E3888B4202F104010AD1012303FAE6
:1059D00002F2C36823EA0203C360002340F82130C7
:1059E00010BDA28840F8213000EBC20100EBC300DB
:1059F000CB808280F4E708B50346FFF7B3FFB0FA27
:105A000080F2C2F11F021846BDE80840FFF7D6BF7A
:105A10002DE9F843B1FA81F3C3F11F0200EB8209CB
:105A20000646D9F810700D4687B9C3F120034FF030
:105A3000FF349C40F3681C4014D094FAA4F2B2FAEC
:105A400082F2131D56F82340214608E03C464FF0F1
:105A5000030821463046FFF785FF854205D83046CA
:105A6000FFF7ACFF2046BDE8F88306EBC404B8F1AD
:105A70000108E488C9F81040D7D0BC42E9D1D4E786
:105A800038B50446FFF76EFF0D4603461146204623
:105A9000FFF768FF03449BB204EBC5055A006A8018
:105AA0002046FFF75FFF014424F8313038BD70B560
:105AB0000446FFF757FF0B4604EBC305511A9B1A28
:105AC00089B203444E009BB204EBC2006E805D00BD
:105AD000458024F8321020461146FFF743FF014469
:105AE00024F8313070BD70B509B9002070BD05686B
:105AF00001F007030B33CC0804EBD304AB689C42E2
:105B000028BF1C4621462846FFF782FF064600288C
:105B1000EBD001462846FFF725FFA04207D93219EE
:105B20002846FFF7C4FF11462846FFF720FF05EB84
:105B3000C6021046538843F0010353800430D5E772
:105B40001146FFF7D0BF043A2DE9F843CC1D1144AC
:105B500024F0070421F00706A6EB04084FEAD80753
:105B6000B7FA87F2C2F12405AD004FF000090735FE
:105B7000C2F12002ED0804604946A760C4F80C9009
:105B8000920004F1100006F059F8AAB2530043F055
:105B9000010363807B1B9BB204EBC5015800A4F892
:105BA0000090488024F83520A6F8029024F80830A8
:105BB00004EBC70329465A8842F001025A80204666
:105BC000BDE8F843FFF7D3BE2DE9F04706460D4682
:105BD000174698462BB398F8004093F80190DB786D
:105BE000A40004EB430498F802301C4444444FF0F2
:105BF000000ACA4509D3D8F8042008F10803394639
:105C00003046AC46BDE8F047604714F8013B48F821
:105C100023402046E8F7D4F9013004440AF1010A90
:105C2000E7E76FF01500BDE8F08730B502460024C5
:105C3000002012F8013B43B178B18C4207D1702BA0
:105C400004D0A3F140053A2D07D8002030BDA3F1C0
:105C500040053A2D01D80134EAE7252B08BF80F032
:105C60000100E6E70020704700F0FDBE0FB407B565
:105C700004A951F8040B019100F0F5FE03B05DF8A2
:105C800004EB04B070470FB407B504A951F8040B36
:105C90000191FFF7E9FF03B05DF804EB04B0704732
:105CA00010B50369024613F0080009D11368D468DF
:105CB0009C4297BF126AE31AD31A01200B6010BDF1
:105CC00000231846FAE713B501A90446FFF7E8FFD9
:105CD00020B1019BE268013B13440193206A019BC0
:105CE000C01A013802B010BD10B504465018226920
:105CF000236AD20702D5013B184010BD984228BF45
:105D0000C01AFAE710B504460A46C168FFF7ECFF6F
:105D10002369E06023F00803236110BD38B50D4608
:105D2000C2698B00016843F0020342F82130044647
:105D300001682A46FFF7D8FFE3686168206098424F
:105D400002BF236943F0080323612A462046FFF778
:105D5000CBFF606038BD2DE9F74FD0F80CB0C669B5
:105D6000009216F82B2002F00302022A08BF56F810
:105D70002B209A4606EB8B030F4601934FF0000150
:105D8000009B0CBFC2F39D09894619600446CAF8FE
:105D90000010B9F1000F07D04946FFF7B3FFE368E1
:105DA000A3604FF0010804E001698A0705D44FF0B1
:105DB0000008404603B0BDE8F08F816906EB8B0018
:105DC000884716F82B1011F001080546EFD08B0715
:105DD0001DD51FB139462046FFF7A0FF61682A464E
:105DE0002046FFF781FFD4E902138B42606007D1A0
:105DF0002A462046FFF778FF4FF000080146A060D2
:105E00002369216043F00803E1602361D1E7014683
:105E10002046FFF777FFE168A1601FB12068E169C4
:105E200041F82090EA19CAF8002021682046FFF7BF
:105E30005BFF2269206042F00802226116F82B20E5
:105E400022F0010206F82B20DDE900321A60A8E7F3
:105E500070B504461546FFF747FF2368834205D116
:105E60002369216023F00803236170BDE269AB0060
:105E700043F0020342F82130204661682A46FFF7CA
:105E800033FF6060F1E738B503695B07044606D568
:105E9000456AFFF718FF85422CBF6562606238BD16
:105EA00038B50D4604461C22002105F0C7FEEB68FC
:105EB000A361AB6863612B68E3616B6823620022B6
:105EC00062622A6923B1591E194208BF42F00102D9
:105ED0002261012204F128000021BDE8384004F0CD
:105EE000BCBC2DE9F04F9846036A87B000258B4271
:105EF00004460E46934603950595AA4638D3EFF31C
:105F00001189402383F31288BFF36F8F059A2AB15A
:105F100029462046FFF79CFF0023059304A920464D
:105F2000FFF7BEFE0499B14207462AD32268E3690F
:105F300013F8221021F0030103F8221003EB820A68
:105F4000216832462046FFF7CFFEE3682060984282
:105F500012D0002789F31188BFF36F8F039929B1FD
:105F600062690AB12046904700230393002FC6D1EF
:105F7000504607B0BDE8F08F236943F00803236162
:105F8000E7E718B12046FFF7C9FEE3E75BEA08033D
:105F90001CD0019104F08DFD0199B8B9B9F1000F41
:105FA00014D189F31188BFF36F8F5A46434604F129
:105FB0002800FBF70DFEEFF31189402383F31288CD
:105FC000BFF36F8FB0FA80F77F09C3E705AB03AA71
:105FD00020462568FFF7BFFE0746BBE770B50446BD
:105FE000836908460D4698470246EFF31186402321
:105FF00083F31288BFF36F8F2B7843F001032B706C
:1060000061682046FFF770FE60602046FFF73BFFA7
:1060100086F31188BFF36F8F70BD2DE9F8430446F6
:1060200000274026EFF3118586F31288BFF36F8FA8
:106030002369A268190702D46368934200D2236AD5
:106040009B1A002B42D0E06910F8221011F00303D4
:1060500000EB82093AD0022B04D150F822305FEADB
:10606000930805D1CB0720D4A369484698478046BA
:10607000A16842462046FFF737FE0127A06041464F
:106080002046FFF73FFE3B4685F31188BFF36F8F35
:10609000002BC7D137B1B9F1000F03D104F12800AB
:1060A000FBF762FD4846BDE8F88341F0020100F8C5
:1060B00022104846A369D4F8088098474146024612
:1060C0002046FFF711FE0023A060DDE79946DBE7DD
:1060D000F8B50446836908460D4698470646EFF32F
:1060E0001187402383F31288BFF36F8F2B7823F03F
:1060F00001032B7023699B0705D5E268E36903EB75
:1061000082039D421AD12B7823F002032B70D4E92D
:106110000231994204D132462046FFF7E5FDA060E6
:1061200031462046FFF7EEFD87F31188BFF36F8FEE
:1061300004F12800BDE8F840FBF716BD2B6860F3BA
:106140009F032B60F0E7EFF31181402383F3128864
:10615000BFF36F8F02698368120702D442689A42C4
:1061600000D2026AD31A81F31188BFF36F8F181E11
:1061700018BF01207047F0B56423044604250020B1
:106180004FF00A0C11B1013D01D12570F0BD9A42CA
:10619000B2FBF3F7FEB202D2012B00D030B13036A1
:1061A0000139013004F8016BC9B2C0B203FB1722F8
:1061B000D2B2B3FBFCF3E5E7A0F13003DBB2092B6D
:1061C00002D80B7000207047A0F16103052B02D8A4
:1061D00057380870F6E7A0F14103052B01D837388E
:1061E000F7E76FF015007047F7B5054601F00100BD
:1061F00000EB51069E424FEA510703D90026304674
:1062000003B0F0BD58B128780DF10701FFF7D4FFB6
:106210000028F3D19DF8073002F8013B0135013524
:106220001744BA42EBD015F8010C0DF10701FFF746
:10623000C3FF0028E2D19DF807402401E4B21470A6
:1062400015F8020BFFF7B8FF0028D7D19DF80730EB
:106250001C4402F8014BE4E7038B13F0070306D15B
:106260000368002B18BF032008BF00207047022BD3
:1062700005D1408BB0FA80F0400980007047012BB7
:1062800004D10368002B18BF0520EDE700207047FC
:1062900010B50C4600B111B96FF0150010BD081D06
:1062A00000F087F80028F9D1A368032BF6D9F3E7AB
:1062B0002DE9F0410D4607461946281D90461E4619
:1062C00000F088F8044638B133464246294638463D
:1062D000A446BDE8F0416047BDE8F08110B4EFF39B
:1062E0001182402484F31288BFF36F8F416110BC88
:1062F0000121EBF7F3BE38B50C46054658B151B154
:106300000B6843B14B6833B11C22002105F096FCA9
:106310002C61002038BD6FF01500FBE7F8B504468E
:106320000E46FFF7B5FF051E3BDBEFF3118240235E
:1063300083F31288BFF36F8F638B278B4FF6FF7148
:106340008B4207F007072ED0062F2FD8DFE807F083
:10635000182E082E180418006FF08505002303E09E
:10636000013363830225012382F31188BFF36F8F0A
:10637000BBB100233A4631462046FFF799FF10E0B3
:1063800000233360636823B9C4E9006627B13D4642
:10639000E4E71E606660F9E702212046EBF79EFE07
:1063A0003D462846F8BD6FF00A05D7E76FF00405B3
:1063B000D4E7034658B1426802F00302012A03D031
:1063C000032A04D1026812B10020986070476FF070
:1063D000150070474268816002F00302032A4FF003
:1063E000000203460CBF006810465A6070477047B1
:1063F00010B484686468A44610BC604770B4C66872
:106400000468806A0D0C06FB054414FA81F1846867
:106410002468A44670BC60472DE9F0431C46C36A5B
:106420001D686D4289B006468846174605F020056E
:106430001CB9204609B0BDE8F083AC42A14628BF94
:10644000A9464B466A4641463046FFF7D7FF00282B
:10645000F0D16B46484502D1241A8044E8E713F88E
:10646000012BBA4201D10130F4E70120E2E70B68C9
:1064700003F580330B60008A1A0CB0EB134F04BF96
:10648000A3EB02430B60704700F070BB10B50146F0
:1064900004460722FF20F7F72FF9E07110BD2DE920
:1064A000F04F07465368D06803445069C34293B025
:1064B00003D1002013B0BDE8F08FFC683B68D7F82B
:1064C0002CB0080C04FB003313FA81F592E80300AA
:1064D00004AB83E80300D2E9020106AB83E80300C2
:1064E000D2E90401DBF8008008AB83E80300002454
:1064F000C8F10003A146019312AB03EBC90A4FEAAE
:10650000C9015AF8346CAEB909F10109B9F1030FA8
:10651000F2D1002CCDD00AAE9BF80510A8EB0402F6
:10652000301905F08BFBB86A434632462946FFF71F
:106530005FFFBFE7B4B9019B334013D05AF8382C42
:10654000B86A2946CDE90223FFF752FF0028B1D1EE
:10655000DDE902231A44F61A4AF8382C4AF8346C5A
:106560001D44C9E7A8EB0402B24228BF3246A2B1DB
:1065700001F148030DEB030A0AAB5AF8381C18194D
:10658000CDE9021205F04CFBDDE902121144B61A06
:106590004AF8381C4AF8346C14444445ACD1B86A03
:1065A00023460AAA2946FFF723FF002882D1254463
:1065B0000446A1E7F8B507220D460646FF204C88A1
:1065C0008F88F7F799F8EB79834205D13C44B442C0
:1065D0008CBF00200120F8BD0020FCE70368012BE0
:1065E00081BFC91801F1FF315B421940084670476D
:1065F00038B50D460A4681680446FFF750FFEB6840
:10660000696819446B6902461944E06AFFF7E6FFBE
:10661000A3680344A360104638BD70B586B04668D1
:1066200004460D4618220021684605F007FB029536
:106630006A460825314620460395FFF730FF294674
:106640000246E06AFFF7CAFF63681B1A10466360E0
:1066500006B070BD13B54FF6FF7300220446ADF8C7
:1066600000308DF806308368ADF804206846ADF838
:106670000230FFF70BFF69462046FFF7CEFF02B05E
:1066800010BD70B506460C46C06A0821FFF7A6FF8C
:106690000546F068401B214680B2FFF78BFF80B1B2
:1066A000A08878B922884FF6FF739A4209D1628890
:1066B000F3689B1AB3FBF5F205FB1230B0FA80F0D9
:1066C000400970BD0020FCE738B5C26803680D0CB6
:1066D000090C04462D04806A02FB013100F061FCC4
:1066E00050B9E26AE368527929462046FFF794FEE2
:1066F000002818BF6FF0050038BDF7B504460D46F9
:10670000C06A0821FFF76AFF296807460823204668
:10671000FFF774FE0646002836D12B683B442B60F9
:10672000E26899B2D21B91422ED11A0C03BF228A81
:1067300002F1FF3203EB0241A3F580312960082307
:106740006A462046FFF75AFEE8B9E36A5A796B4673
:1067500013F8011B8A420CD101300828F8D1636874
:1067600005E02B68BDF802206FF30F0313442B6084
:106770000AE069462046FFF784FF0028F1D1294648
:106780002046EBF7CBFD0646304603B0F0BD2DE9C1
:10679000F04F0446A1B024220D4617A8002105F0B1
:1067A0004DFAE06A0821FFF719FF636881466FF32D
:1067B0000F0306A920460693FFF759FE069BE668DD
:1067C00001931E44A6EB0906082309AA3146204678
:1067D0000796FFF713FE0028C0F21681E36A09AAA4
:1067E0005979002312F8010B814240F0FC800133FB
:1067F000082BF7D1A36862684B449A4280F0EC8082
:1068000001992046FFF760FFFEE0BDF826306FF3E8
:106810000F061E4407960BAA07A92046DDF81CA008
:10682000FFF76BFF002840F0EF800BA91FFA8AF0FA
:10683000FFF7C0FE48BB039B9A45ECD11022002114
:1068400013A805F0FBF91F9E129617AB119395B193
:10685000D4F82C8008214046FFF7C0FE2F8902465D
:10686000F1194046FFF7BAFEA168636802440A4482
:10687000934280F09280002EBCD011A92046FFF7F1
:10688000B7FE002840F0C080B4E7666808960DAAFD
:1068900008A92046FFF731FF002840F0B580BDF879
:1068A0003420BDF82C309A4245D0089B62689A4249
:1068B0003FD15645BFD1BDF83060002EBBD03DB1B1
:1068C0002A88BDF82C309A4202D12B89B342B2D922
:1068D000BDF82E801F9A4FEA1A431B049844E36ABE
:1068E0001B68591E5B4203F020030493A3681644FF
:1068F00001EA06001344009026EA0106ADF82E30A6
:1069000006BB009B5BB11F9A17A99B1A20460A443D
:106910004146FFF773FD002876D1009B1F930BA81B
:10692000FFF7B4FD0BA92046FFF777FE002882D0C1
:106930006AE01E46ABE70DA9B0B2FFF73BFE0028A8
:10694000B3D0B6E7049B1F9FB34228BF3346A3EBE7
:10695000070B17AA02933A445B4641462046FFF7CD
:106960004DFD002850D11F9B01465B44182211A801
:10697000059305F063F917AB139311A9059B1493C5
:106980002046FFF735FE00283ED11F9B1F90FF1ABF
:10699000029B3744FE1AD844B2E731446B68ADF825
:1069A0003E10204611A9CDE91337FFF721FE58BB51
:1069B0002B88ADF83C302B89ADF840300FA8FF2371
:1069C0008DF84230FFF762FD0FA92046FFF725FE44
:1069D000D0B90123AB720DE72046FFF73BFE00283C
:1069E0003FF40EAF10E0A6EB090309A9204603937C
:1069F000FFF747FE00287FF408AF07A92046EBF712
:106A00008DFC00283FF407AF21B0BDE8F08F0023D4
:106A10001A46EBF777BE13B500240094EBF756FF48
:106A200002B010BD03785B075FBF03684288C3F301
:106A30004A2303EB12105DBF173020F007008008D7
:106A4000002070470020704702F0ACBF0346BFF340
:106A50005B8F53E8000F421C43E800210029F8D166
:106A6000BFF35B8F70471FB50023CDE90201CDE96D
:106A700000331A4619461846ECF7A8FA05B05DF837
:106A800004FB0120ECF754B8002070474368DA712A
:106A900043681960436801225A71ECF73BB870B53E
:106AA00015460C4669B1D2E901369B1B99420AD8BA
:106AB00013680A460146981905F0B2F8AB682344FA
:106AC000AB60204670BD6FF01B00FBE770B50E4653
:106AD00015461946044618B9BDE87040ECF728B8C9
:106AE00033B1C2F34A231030120D184405F098F860
:106AF000C4E900562046BDE87040ECF7C7B92DE95F
:106B0000F3415F1C4FEA8708064608F1170020F0A2
:106B1000070080080C461546ECF78CF80023ADF80A
:106B200005308DF807308DF8047068B10346019A7E
:106B300043F8102FA8F104012A46294452F8045BB7
:106B400043F8045F8A42F9D1A20102F4E07242EAFA
:106B5000482222F07F4222F47002002322F03F02FA
:106B6000314602B0BDE8F041FFF7B0BF07B50123E1
:106B7000019201AAFFF7C3FF03B05DF804FB07B55C
:106B8000CDE9002302236A46FFF7B9FF03B05DF8A1
:106B900004FB1FB5CDE90123069B039301AA032340
:106BA000FFF7ADFF05B05DF804FBF8B506460D46EE
:106BB00014461F4604B9F8BD214628463A46B04758
:106BC000241A0544F6E710B5426881680446D2E904
:106BD00000230068FFF7E9FF636800221A6010BD18
:106BE00038B54B681A68CB689A4205460C4602D104
:106BF0000846FFF7E8FF6368BFF35B8F53E8002F99
:106C0000511C43E800100028F8D1BFF35B8FA36844
:106C10009D54002038BD0A2838B504460D4602D1DF
:106C20000D20FFF7DDFF29462046FFF7D9FF0020A2
:106C300038BD2DE9F043054689B008460E8891F825
:106C40000090D1F808800C461746ECF711FA011EA7
:106C5000C6F38216C9F3C2091FDB4846ECF728F9D0
:106C600003462146608851F8102B0296C2F34A224F
:106C7000002A01EB0204C0F30B1008BF0021002220
:106C8000CDE90507CDE90314CDE9002241462846A8
:106C9000ECF71AFA09B0BDE8F0830023E1E770478A
:106CA00030B54C680368A34201D2012030BD8A6828
:106CB0002244934201D30020F8E7D1E904529542DF
:106CC00003D36FF00B038B61F5E7CA681B1B42F817
:106CD00035304368086902EBC00253600B69013329
:106CE0000B61E2E737B50C46C0B201A91546ECF7D7
:106CF00003FC00280CDB019850B121462A46ECF732
:106D000021FC04460198FFF7CAFF204603B030BDBE
:106D10006FF01504F9E72DE9FF41D1F80C80054625
:106D200040461F460C461646E7F74AF9BDF828309C
:106D3000009380B2CDE901803B4632462146284689
:106D400001F0DCFD04B0BDE8F081F0B587B01F466E
:106D500004460D46164600F007FC022302930DF18F
:106D600016030193BDF83030ADF81600009332469B
:106D70003B462946204601F0C1FD07B0F0BD2DE994
:106D8000FF411F460D4616460446EFF7EDF88046D4
:106D9000E7F716F9BDF82830009380B2CDE90180FD
:106DA0003B4632462946204601F0A8FD04B0BDE826
:106DB000F081002070470020ECF72CBD0022114626
:106DC000ECF7F6BC034610B508460AB10021116085
:106DD00053B1D0B1411E11F8010F80B113F8014B2E
:106DE000A04201D13D28F6D100200EE0013313600E
:106DF0000AE03D2808D0B0FA80F0400905E0187894
:106E00002F28F6D1002AF1D1012010BD10B509B10B
:106E100000230B6058B103461A781C4601332AB18F
:106E20003D2A03D02F2AF7D101B10B60201A10BDE3
:106E30000830704710B5134614460A46818800682A
:106E4000FFF7E9FDA042A8BF204610BD2DE9F04F95
:106E500097B0044601929A46894600297AD0DAB161
:106E6000BAFA8AF67609258F0135ADB2A84604F143
:106E7000080B6F1EBFB2B7F5004F39D04A2303AAE3
:106E800039465846FFF7C7FD002807DA10F1020F10
:106E900008BFB8463D46ECE70126E4E700F1580399
:106EA0000DEB0300002300F84C3C03A94846E7F72C
:106EB00075F80028EED106BBB846B8F5404F4CD067
:106EC000238F434504F1080538D308F58041019A22
:106ED000534689B22846EBF715FC00280ADB46B179
:106EE0004846E7F76DF84A460346414628461EE005
:106EF00016B3002017B0BDE8F08F39465846FFF7AB
:106F000086FD0028F6DB05F57F513F3189B25846F2
:106F1000FFF77DFD0028EDDB238FBB42E9D1224640
:106F2000013B22F8383F4FF4004102235846EBF76B
:106F3000E9FB00EAE070DDE70126BEE72246022316
:106F400022F8388F4FF400412846EBF7DBFB00288E
:106F5000BBDACFE76FF01500CCE76FF00B00C9E7A5
:106F600073B5C36B03630446C3B100F10806304632
:106F7000EBF706FA054670B902230DF106024FF44D
:106F800000413046FFF747FD0028ACBFBDF8063092
:106F90004FF400432387284602B070BD6FF01205FE
:106FA000F9E72DE9F0418768FB6804460D4616466F
:106FB0009847BB682BB1324629462046BDE8F041D0
:106FC00018476FF05700BDE8F08104F037BE04F0B9
:106FD00027BE01460068ECF759BE08B5ECF7B2FED3
:106FE000BDE80840EDF756BA0A460121FFF7BEBDDD
:106FF00000210120ECF74ABE6FF08500704761B6B2
:1070000062B680F31188BFF36F8F704772B60023AA
:1070100083F31188BFF36F8FBFF34F8F30BF62B61A
:10702000BFF36F8F704772B6002383F31188BFF3ED
:107030006F8FBFF34F8F20BF80F31188BFF36F8F27
:1070400062B67047202809D9B0F1004F08D801383E
:10705000B0FA80F0C0F11F00400070470820704770
:107060003E20704708B5D1E904319847002008BD9B
:1070700008B5EDF72DFC002008BD70470023038202
:107080004369C3607047C1698968EDF78DBCEFF350
:107090001182402383F31288BFF36F8F00230B60AC
:1070A000436833B9C0E9001182F31188BFF36F8FD1
:1070B000704719604160F7E710B50346EFF311819F
:1070C000402282F31288BFF36F8F006828B15C689A
:1070D00002681A60A04208BF5A6081F31188BFF3AA
:1070E0006F8F10BD027A0132027270470346184654
:1070F0005B68002BFBD17047426810B52AB10B4684
:107100001C465B68002BFBD16260416010BD10B56E
:10711000044620B90B7A01330B72084610BD0346B2
:1071200018465B68002BFBD1FFF7E6FF2046F5E72A
:1071300083680B440360704703680B6043684B60CF
:1071400083688B6070478388026819448180D018F7
:10715000704730B484880568A3188380281930BC30
:1071600004F05EBD10B5838802685C1C8480D15435
:10717000D01810BD034600689A88401A1144186060
:10718000998070470268531E0360838801338380AF
:1071900002F8011C70478288521A034682800068F8
:1071A000084418607047034600689A88521A0144E0
:1071B0009A801960704710B503681C780121FFF7A9
:1071C000EAFF204610BD10B503681C880221FFF7B6
:1071D000E2FF204610BD7FB514460A888B78ADF8D3
:1071E000002006460D2200210DF103008DF802302B
:1071F00004F024FD6A466946304602F096FC28B940
:10720000BDF800209DF802302280A37004B070BD4C
:1072100013B50C4601AA0331FFF7DDFF48B903227D
:1072200001A9204604F019FDB0FA80F0400902B02F
:1072300010BD0020FBE770B50D4600210446FFF7A6
:10724000E5FD0D2818D1237B302B13D1002305F841
:10725000063B04F10C062A46204601230221023493
:10726000FEF7C2FFB44205F1FF35F4D1002070BD36
:107270000123ECE7312BFBD06FF01500F7E700207E
:10728000704710B50C46017822788A4288B00ED03B
:107290006946EDF7B5FE04A92046EDF7B1FE1022D0
:1072A0000DEB0201684604F0D8FC08B010BD012ABD
:1072B00006D0022A07D072B940886388C01AF4E762
:1072C00040686368FAE71022611C013008B0BDE82D
:1072D000104004F0C2BC6FF01500E6E7042A0AD0A3
:1072E000102A0DD0022A4FF0000315D103700B882D
:1072F000438001207047012303700B684360F8E767
:10730000022300F8013B01F1100351F8042B40F86F
:10731000042B9942F9D1ECE718467047012310B5C8
:107320000621044600F8013BF8F7AAFC18B9A37936
:1073300063F03F03A37110BD0B6803608B888380EB
:107340008B798371037823F0020303707047007810
:10735000C0F34000704738B50446807AEDF7FAFA7A
:107360006169054649B1637ADB0704D4C3691B68C8
:1073700020469B6898470023636121462846BDE864
:10738000384003F05CBA2DE9F0410C4601F10C08DD
:10739000054600F10C01404617461E46FFF7CCFE9D
:1073A0006269E3682F829B1A13FA87F36B820123C9
:1073B0006B7239464046FFF7EEFEE3687360628AFF
:1073C0000023E3607281638234602846BDE8F08167
:1073D00038B5D1E90032DA600B684A895A820C4626
:1073E00005460868EDF75EFB20461022002104F0F8
:1073F00025FC2846BDE83840FFF7ADBF438A23B9D6
:10740000C068B0FA80F04009704700207047D0F89B
:10741000A43083B15A7CD1070DD5D2060DD51B7C83
:10742000102B0CBF042303234372807A98428CBF35
:107430000020012070470223F6E70323F4E70F281A
:1074400006D80D280BD8052814BF0220032070474A
:10745000132804D01A2814BF0220012070470120ED
:107460007047FFF783BB10B50346BFF35B8F53E84C
:10747000000F40EA010243E80024002CF7D1BFF3DB
:107480005B8F10BDFFF77BBB0B4601461878EDF70D
:1074900055BE0023EBF71ABDBFF35B8F50E8003FEA
:1074A0000B4040E80032002AF8D1BFF35B8F7047F1
:1074B00010B5EFF7F3FD6FF4807104461030FFF75D
:1074C000EBFF2046BDE8104000F01BBAC368DB7834
:1074D000012B01D1FFF7ECBF7047C0F307231070F9
:1074E000000E5370D0700023C1F30720090E937073
:1074F000137150719371D1717047C368DB78012BA0
:1075000001D1FFF7D5BF704738B504460D46EEF7F9
:1075100003F85F3005D129462046BDE83840EDF735
:1075200031BF38BD0020704710B5028843889A42A9
:1075300018D8052A16D9B3F5486F13D88488B4F53E
:10754000FA7F0FD2C188A1F10A0292B240F67640CA
:10755000824207D804FB0333B3EB810F34BF012011
:10756000002010BD0020FCE740F24130704708B514
:10757000F5F752FE18B1408A003818BF012008BD47
:1075800070B506460D464FF0FF304FF0FF31EEF775
:1075900007FB044668B103210C30FFF7D4FD0680D9
:1075A000857021460022BDE8704040F20640EEF7AB
:1075B00039BD6FF0680070BDC368187808B1EEF788
:1075C00087BA1846EEF714BE38B54FF0FF310546BE
:1075D0004FF0FF30EEF7E4FA044668B102210C30B8
:1075E000FFF7B1FD2B88038021460022BDE838401B
:1075F00042F21600EEF716BD6FF0680038BDF8B520
:1076000007460E464FF0FF304FF0FF311546EEF7BC
:10761000C7FA044678B106210C30FFF794FD3B8889
:1076200003804680858021460022BDE8F84042F272
:107630002200EEF7F7BC6FF06800F8BD70B50646A3
:107640000D464FF0FF304FF0FF31EEF7A9FA044638
:1076500018B9BDE87040EDF78BBE03210C30FFF781
:1076600072FD06808570214642F22100BDE870401F
:10767000EEF786BC08B5072204F0EFFAB0FA80F006
:10768000400908BDFFF772BA0B6803608B888380DE
:107690008B7983717047BFF35B8F0068BFF35B8F9B
:1076A0007047F8B50F46144638BB4FF0FF304FF027
:1076B000FF31EEF775FA054610B327210C30FFF7BE
:1076C00042FD3946FFF7E0FF06462246C31D04F19E
:1076D000100152F8040B43F8040B8A42F9D110222E
:1076E000002106F1170004F0A9FA29460022BDE89E
:1076F000F84042F22700EEF795BC6FF01500F8BD98
:107700006FF06800FBE7037A5B07024605D5014688
:107710002E3211F8010BFFF7C4BF704738B54FF098
:10772000FF3105464FF0FF30EEF73AFA044658B104
:1077300029460C30FFF716FD21460022BDE83840EF
:1077400042F22D00EEF76EBC6FF0680038BD10B449
:1077500000F11003BFF35B8F53E8002F22F40051B8
:1077600043E80014002CF7D1BFF35B8F930403D5DB
:1077700010BC012100F0C3B810BC704770B50446BE
:1077800086B00E4601300131FFF774FF2E34162209
:1077900000210546684604F051FA10226946204649
:1077A00004F05BFA40B1102206F12E01204604F0ED
:1077B00054FAB0FA80F04009284300F0010006B006
:1077C00070BD38B54B6805460C4673B90B7A13B9D2
:1077D000037A5B0709D520682A7803789A4204D097
:1077E0002946FFF7CBFF00B1656038BD00F11002FC
:1077F00008B503461046FFF74EFFC10511D5BFF38C
:107800005B8F52E8000F40F4005042E8000100296D
:10781000F7D1BFF35B8F18460021BDE8084000F0A8
:107820006EB808BD10B50C4630B919B1F5F7B6FC05
:1078300000B1441C204610BD0024FBE718B111B173
:107840000846EFF73DB86FF01500704713B50446D2
:1078500080B106216846F8F713FA48B99DF805305B
:10786000694603F03F0320468DF80530FFF7E6FF39
:1078700002B010BD6FF01500FAE7003818BF012004
:107880007047037AD90704D523F001030372EFF799
:10789000A9B9990704D523F002030372EFF7BCB925
:1078A000704700207047BFF35B8F0068BFF35B8FAA
:1078B000704770B5064686B00D464FF0FF304FF06A
:1078C000FF31EEF76DF90446B0B10C3095B10121EE
:1078D000FFF748FC06F1100203A920460095082393
:1078E000EEF74CF90022214642F20A00EEF79AFB2D
:1078F00006B070BD2946EBE76FF06800F8E7FFF7C8
:10790000D8BF183003F08AB801F12003013813F80A
:10791000012D00F8012F8B42F9D1704700230B6035
:10792000436813B9C0E9001170471960416070479E
:10793000D0F8B400003818BF0120704708468969A4
:107940001160C2691A60C27A0021183004F076B959
:10795000FFF715B910B50346BFF35B8F53E8000F6F
:1079600040EA010243E80024002CF7D1BFF35B8F0B
:1079700010BD437B072B01D1F0F71AB870472438AC
:10798000F0F796B8036800220BB9184670478B428F
:1079900010D10B6842B942680360914200D1436044
:1079A00000230B600120704713604368994208BFB1
:1079B0004260F5E71A461B68E6E710B50446006921
:1079C00018B1EDF76FF80023236110BD10B500F179
:1079D000C802BFF35B8FD0F8C830BFF35B8F7BB1B9
:1079E000BFF35B8F591C52E8004F9C4204D142E820
:1079F000001CBCF1000FF6D1BFF35B8FE7D110BDC7
:107A00001846FCE710B5437B023B0446062B16D80C
:107A1000DFE803F009041515150B090001730021B7
:107A20002046F0F79FF9002010BD0088FFF7A8FD61
:107A30000028F9D1637B072BF5D10821F0E76FF01F
:107A40007F00F1E710B50446D0F8A40028B9207AE9
:107A500004F17001F5F7E0FB38B1E278438A2AB906
:107A600003F02100003818BF012010BD03F02400EE
:107A7000F8E738B58378012B044627D1437B072BE1
:107A800027D10B0601F07F050CD54FF400410430DF
:107A9000FFF760FFA5722046F4F716FE08B1637A7F
:107AA000A37238BD437AAB4216D2837AAB4213D26B
:107AB000BFF35B8F031D53E8001F21F4004143E82F
:107AC0000012002AF7D1BFF35B8FE3E76FF01500D8
:107AD000E7E76FF07F00E4E70020E2E78378012B1F
:107AE0000CBF407A0020704738B5037A8B420446B9
:107AF000154615D100F170010722284604F0ADF8B3
:107B000080B1E378072243B904F17E01284604F0EE
:107B1000A4F8B0FA80F0400938BD04F17701F5E728
:107B20000020F9E70120F7E78378012B0CBF7030C4
:107B300000207047F8B507460D464FF0FF304FF074
:107B4000FF31EEF72DF80646D0B10E210C30FFF7CD
:107B5000FAFA0E220446002104F070F83B882380D4
:107B60002B8863806B88A380AB88E380EB882381BC
:107B700031460022BDE8F84042F21300EEF752BA57
:107B80006FF06800F8BD8378012B01D101F020BAB5
:107B90006FF015007047704710B50446FAF7CAFC3D
:107BA000234653F8402BD2F8B41061B92164D2F8BF
:107BB000B81061B9C2E92D33FAF7D0FC2068BDE8EE
:107BC0001040F0F7ABB88B42F6D00968EDE70B60D8
:107BD000C2F8B830F0E703682BB141681A68026058
:107BE0008B4208BF4260704770472DE9F843446BF1
:107BF0002CB154F8085905B1083D00270CB9BDE86F
:107C0000F883D4E900682EB3FAF794FCD6F8B430C0
:107C100004F14001002263B1994233D1236C4ABB85
:107C2000D6F8B820C6F8B430914201D1C6F8B830C1
:107C30002764FAF793FC04F1300900220023484638
:107C4000F9F760FF064600BBD8F804300BB12046B8
:107C500098472760E3680BB120469847D8F8203052
:107C60000BB120469847DDB1AB6803B1083B2C4609
:107C70001D46C3E71360D6F8B830994208BFC6F86E
:107C8000B820D5E71A461B68C5E7B36923B1F16987
:107C900020686FF06D0298473046ECF703FFCCE7A1
:107CA0002B46E4E738B5406B0D4620B150F8084943
:107CB00004B1083C00B938BD43689B680BB1294644
:107CC00098472CB1A36803B1083B20461C46F1E756
:107CD0002346FAE7F8B50F4600210546164600236D
:107CE0004FF480320846F0F751FE044620B928468A
:107CF000F0F718FE2046F8BD04210C30FFF723FAF8
:107D0000057047704680F5E7406B30B1838B8B423E
:107D1000A0F1080001D08068F7E7704710B54AB9B4
:107D200089B2FFF7F1FF28B143689B6913B1BDE841
:107D30001040184710BD38B50D460521FFF7E4FF88
:107D400000231A462946F0F73BFE044610B12846A8
:107D5000ECF7A8FE204638BD406B30B183898B42DA
:107D6000A0F1080001D08068F7E77047704703462C
:107D7000006828B1596802681A60884208BF5A60D2
:107D800070470346002003B970471A8A5B681044A5
:107D9000F9E710B5D4682378023113B921700120B6
:107DA00010BD8B42FBD0038A023B0382002010618E
:107DB000F6E7FEF7DBBE2DE9F04104468868FFF7E1
:107DC000E0FF638D628B934228BF134683420D46CA
:107DD0001DD32165D1F8088000278F60FAF7AAFB30
:107DE00041462046F0F7E8FF064638B1C5F808805E
:107DF0002765FAF7B3FB3046BDE8F081618D638BF0
:107E0000994228BF1946284600F00DFFF1E76FF0B0
:107E10007906F0E773B51446014605464FF49572AE
:107E2000206800F055FE207530B92068294600F022
:107E3000FDFE20B908232375002002B070BD237A0F
:107E4000B3B1A3F11802534253419B000193638ADB
:107E50000093AE68238AE26820682946B04700286C
:107E600008DB238A98420CD1002323750120E4E724
:107E70000223EBE710F1FF0F03D34042C0B220759D
:107E8000DAE70E20FBE738B504460D46F0F794FF1D
:107E900030B1294604F15400BDE8384002F0C4BCBA
:107EA00038BDF8B59368166805460F46144663B9A1
:107EB000506801210C30FFF746F9A0602B681B7851
:107EC000002B14BF022301230370A3681B78012B2E
:107ED00003D0022B1FD000201CE02B681B78002B46
:107EE000F9D1606804210C30FFF72DF9E0600780BC
:107EF0002A68E36852885A806168728D738B088A99
:107F00009A4294BFC0EB0200C0EB0300042894BF68
:107F100000200120F8BD2B681B78022BDBD16068A4
:107F200012210C30FFF70FF9E06007802B68E26840
:107F3000591C0232113351F8040B42F8040B9942D8
:107F4000F9D16168728D738B088A9A4294BFC0EB35
:107F50000200C0EB03001228D9E770B40668726A09
:107F60005AB3144654F8983903B1983B002211468D
:107F70007CB9438D408B8B4201D890421FD98242FD
:107F800038BF02469942306838BF194670BCF3F7D3
:107F900043BD844207D0658D648BA94238BF294612
:107FA000A24238BF224633B1D3F8985005B1983D6C
:107FB0001C462B46DCE71D46FAE71146D9E770BCA4
:107FC0007047D0680378043113B9017001207047FD
:107FD0008B42FBD091680B8A0020043B0B8210611E
:107FE00070471FB5CDE90123002300931A46F2F72D
:107FF0004DFF05B05DF804FB0368002203B970472C
:108000008B420FD10B683AB942680360914200D1AC
:10801000436000230B60704713604368994208BFB8
:108020004260F6E71A461B68E8E7BFF35B8F50E84B
:10803000003F43F0080240E800210029F7D1BFF3D8
:108040005B8FC3F3C00070472DE9F04106469046B0
:108050001F460D46B9B104220121F0F77DFF044609
:1080600018B9BDE8F041F0F74DBF04210C30FFF71F
:108070006AF80570A0F80180C77021463046BDE857
:10808000F041FFF700BFBDE8F08130B50C4685B088
:10809000054601F10C00FFF796F8228A0292E26889
:1080A000019200220346009211462846F0F7ACFFE9
:1080B00005B030BD30B50C4685B0054601F10C0069
:1080C000FFF781F8228A0292E268019200220346B9
:1080D0000092122113222846F0F796FF05B030BD1A
:1080E00070B504460E46002200230846F9F70AFD43
:1080F000054658B101462046F0F75EFE044618B129
:108100002946304602F09BFB204670BD6FF001040B
:10811000FAE707B5CA681388528800920C210D222D
:10812000F1F768FA03B05DF804FB07B5CB680022ED
:108130001B8800920A210B22F1F75CFA03B05DF86C
:1081400004FBF8B5CB681F88BBB2162B054619D9BE
:108150000321F1F769F80646B0B102210C30FEF7B1
:10816000F2FF00246FF00803037044703146284684
:10817000FFF789FEF72328466B836F85FFF7EDFE37
:108180002046F8BD0420FCE70E20FAE72DE9F04F69
:10819000064685B0104690469946FFF7F2FD738B70
:1081A000728D934228BF134683428B4675D97368FC
:1081B00003934046FEF79AFF4FF0000A04464046FC
:1081C000FFF7DFFDE168228A658A6369778BCB1A46
:1081D000AD1AED1A738D9F4294BFC0EB0700C0EB40
:1081E0000300854228BF054625BB98F80A00ECF736
:1081F000B1FB00220023FEF746FF044608B95746AC
:1082000027E001464046FEF782FF4046FFF7B9FDF2
:10821000E168228A658A6369778DCB1AAD1AED1AF7
:10822000738B9F4294BFC0EB0700C0EB03008542F5
:1082300028BF0546CDF80090DBF8047003980A4487
:10824000ABB25946B847071E07DABAF1000F18BF9C
:108250005746384605B0BDE8F08F0E9BABB939469E
:1082600004F10C00FEF76FFF4046FFF78AFD738DA7
:10827000728B934228BF1346B9448342BA441FFA13
:1082800089F9BCD9AF429AD0B9E70F9A0E9B39460B
:10829000204698470028E2D1B1E70027D9E72DE929
:1082A000F3411768D7F8048000231446137301467E
:1082B00006469522404600F00BFC0546207330B977
:1082C0003146404600F0B0FC28B908232373002053
:1082D00002B0BDE8F081A068798D7A8B038A914263
:1082E00094BFC3EB0103C3EB0203012BEFDD0221BB
:1082F0000C30FEF728FFCDE900558046A388A26820
:1083000031463846FFF742FF031E06DA13F1FF0F2E
:1083100026BF5B42DBB20E23D8E7A8F8003001206D
:10832000D6E72DE9F3411768D7F8048000231446F7
:108330001373014606469522404600F0C9FB0546E8
:10834000207330B93146404600F06EFC28B908234E
:108350002373002002B0BDE8F081CDE9005531461D
:10836000A388A2683846FFF711FF002807DA10F14A
:10837000FF0F26BF4042C0B20E202073E9E7012064
:10838000E8E7F8B50546071F00F1480350F8044C2C
:10839000BFF35B8F53E8001F21F0040143E8001294
:1083A000002AF7D1BFF35B8FFCB1EB6C83B9636834
:1083B00073B1201DFFF7DBFC064601463846FFF788
:1083C000FAFC90B163683360A368666003B9A66085
:1083D00005F150013846FFF783FE30B104F10C017E
:1083E0003846BDE8F840FFF77BBEF8BD2DE9F04107
:1083F000446A074644B154F8986906B1983E002291
:10840000154607F104080CB9BDE8F081236D9BB94E
:1084100005B98AB94046FFF7AAFC054658B101469E
:108420002046FFF7C8FC0028EED07B682B60BB68B5
:108430007D6003B9BD60224636B1D6F8983003B1ED
:10844000983B34461E46DEE73346FAE738B5054624
:10845000BFF35B8F0B68BFF35B8FDB0716D550F85C
:10846000040C98B1EB6C8BB90430FFF780FC044628
:1084700060B10146281FFFF79EFC38B155F8043C57
:108480005A6822609A685C6002B99C6038BDF2F755
:108490007DBC08B5F1F784FC40B1406A30B10246BA
:1084A00052F8983903B1983B002002B908BD518BAE
:1084B000528D8A4228BF0A46904238BF104633B1D7
:1084C000D3F8981001B198391A460B46EDE71946D2
:1084D000FAE708B500230A8AC968F1F7C9FD002048
:1084E00008BD70B50D46F1F75BFC044628B9284677
:1084F000ECF7D8FA6FF07F0070BD00F10C0629464A
:10850000304602F091F9646AC4B154F8985905B143
:10851000983D0022104607E022467DB1D5F89830FC
:1085200003B1983B2C461D46831C01D1002AF4D18F
:1085300031462046FFF7D4FD0028EDD10020DBE7CF
:1085400038B505460C46F9F7F5FF2846F1F728FC43
:1085500020B9FAF703F86FF07F0038BD00232360DD
:1085600083683BB9C0E90144FFF740FFF9F7F6FF24
:108570000020F2E71C608460F6E70120704708B530
:10858000F1F70EFC98B1436A8BB1BFF35B8F983B58
:1085900003F14C0252E8000F20F0080042E800010D
:1085A0000029F7D1BFF35B8FD3F89830ECE708BD13
:1085B00008B50421FFF7D0FB30B1BFF35B8F806CAF
:1085C000BFF35B8FC0F3C00008BD10600020704790
:1085D00010B5029CA36833B1B1F5807F28BF0E218E
:1085E000CAB221469847A37DE268013BDBB2A3757E
:1085F00022B11BB92046BDE81040104710BD1060E5
:1086000091800020704700207047FEF7B8BAF0B59F
:1086100007683D7889B006461446E5B97B88B3F50E
:10862000245F04D011D8A3F52053032B13D8ADF841
:108630000A1002220DF10A012046F1F75FFE70B127
:108640006FF01503C4F85C3106E003F55643FF33C1
:108650009BB2042B20D90125284609B0F0BD7B88A8
:10866000ADF80A3002220DF10A012046F1F746FE6C
:108670000028E5D1009003AA776813233146B84754
:10868000021E02DAC4F85C21E6E703A92046F1F7EE
:1086900035FE0028DFD0D3E7ADF80A1002220DF135
:1086A0000A012046F1F72AFE0028C9D17B88ADF8DF
:1086B0000A3002220DF10A01E8E708B5072203F0AB
:1086C000CCFAB0FA80F0400908BD10B503789342A7
:1086D000044607D10130FFF7F0FF002814BF204601
:1086E000002010BD0020FCE710B50346BFF35B8FF0
:1086F00053E8000F40EA010243E80024002CF7D1C0
:10870000BFF35B8F10BD10B50346BFF35B8F53E81B
:10871000000F00EA010243E80024002CF7D1BFF368
:108720005B8F10BD0B6803608B8883808B798371AE
:108730007047BFF35B8F0068BFF35B8F7047FEF736
:1087400015BA70B50D46064611F8010BEFF706FF96
:10875000044610B12C89EFF7B5FA6B89A34207D014
:10876000EB686C8123B121463046BDE87040184764
:1087700070BD38B5BDF81040A24215460CD84CB1BA
:108780006BB1A41A8C42A8BF0C46A4B22246591958
:1087900003F046FA204638BD6FF00604FAE76FF0A2
:1087A0000D04F7E730B585B0C96814461D46F1F7EA
:1087B000C1FE00B10089ADF80E0002230093BDF8A0
:1087C00020200DF10E0329462046FFF7D2FF05B009
:1087D00030BD1FB50C461946E3681C781046BDF83D
:1087E00018203CB110240133069404B0BDE81040B9
:1087F000FFF7BFBF5B88ADF80E30022300930DF189
:108800000E03FFF7B6FF04B010BD30B585B01D46AE
:10881000002314468DF80C30F1F75AFE10B1037A9C
:108820008DF80C3001230093BDF8202003AB2946BE
:108830002046FFF79EFF05B030BD70B500F1700611
:1088400005463146007AFEF792FE04463146287A04
:108850001CB1BDE87040F1F7B5BFF1F7BBFD10B139
:1088600004604460846070BD022A10B508D1002302
:1088700000F170011A46007AF1F7CAFE022010BD1D
:10888000FFF7DBFFFAE708B50C3029B10121FFF74C
:108890002BFFC043084008BD6FF00101FFF733FF15
:1088A00000F00100F7E710B50446FFF7ECFF38B120
:1088B00021460122BDE8104011F8010BF1F74EBE30
:1088C00010BD38B504461546FFF757FE48B120469F
:1088D000F1F7FEFD28B1037ADB0702D50121FFF78E
:1088E000E2FF55B9207A04F17001F1F773FD20B170
:1088F0008560BDE83840F1F773BE38BD38B5BDF8C6
:108900001010BDF81840059DA14210460CD84CB17E
:108910006DB1641A9C42A8BF1C46A4B222462944E9
:1089200003F07EF9204638BD6FF00604FAE76FF0D9
:108930000D04F7E713B5044610B9002002B010BDCE
:1089400000238DF80430006842F6030301A9ADF856
:108950000630FEF796FC0028EFD1E36898880028DF
:10896000ECD12046F2F762FA013080B2E6E770B54A
:10897000CC6888B008461E46A3798DF80C301546A1
:10898000FFF7D8FFADF80D00246823786BB9638832
:10899000ADF80F3005230093BDF8302003AB31460E
:1089A0002846FFF7E6FE08B070BD631C0DF10F020C
:1089B000113453F8041B42F8041BA342F9D11323CA
:1089C000E9E71FB5CDE90123002300931A46F2F72A
:1089D0005DFA05B05DF804FBF2F75CBB38B5044600
:1089E00059B100F170052946007AF2F723FC207A8C
:1089F0002946BDE83840F1F7FFBE38BDF8B5064658
:108A00000F46F1F7C5FC394604463046FEF7AFFD88
:108A100068B364B304F108056FF001012846FFF75D
:108A200072FEC20703D539463046F2F703FC6FF0F9
:108A300002012846FFF767FE830703D53946304613
:108A4000F1F7DAFE2846FFF774FE80B9234603F8F3
:108A5000010BC4F80100C3F80300BFF35B8F55E8B6
:108A6000003F45E80002002AF9D1BFF35B8FF8BD53
:108A700010B50446A0F1170110F8180CFFF7BEFF5F
:108A800014F80C0CA4F10B01BDE81040FFF7B6BFC1
:108A90001FB50C461946E36810461A788DF8082071
:108AA00093F901208DF809205A88ADF80A201A7927
:108AB000DB88ADF80D3007238DF80C200093BDF84E
:108AC000182002ABFFF755FE04B010BDFFF7E1BC64
:108AD00038B54C8AD3070546C4F30E0404D514F008
:108AE000950F2AD04B6843B3900704D514F4957FB3
:108AF00025D08B681BB3144014F4DE7F0DD0EB7AC5
:108B00002BB92846FEF79EFFD8B9052038BD14F0D2
:108B1000300F04D114F4C07F07D10020F6E72846B7
:108B2000FEF7DCFF0228F5D8EFE7D5F8A430002BDC
:108B3000EBD05B7CDB06E8D5EFE70220E6E703201D
:108B4000E4E70F20E2E7F8B514460F469422616887
:108B50000646FFF7BDFF20BB616801223046F2F7F1
:108B6000D3FB08B3A2891B2102323046F1F712FA77
:108B70000546E0B1A1890C300231FEF7E4FA20F895
:108B8000027BA289A16803F04BF8D4E904122846BD
:108B90000123F1F7A1FB29463046BDE8F840FFF775
:108BA000A0BC4FF0FF30F8BD6FF01500FBE76FF091
:108BB0000B00F8E72DE9F04105468846F1F788FCFF
:108BC0000446E0B1037ADB0719D500F10C073846FB
:108BD000FFF7AFFD10F0010611D1B8F1000F0FD073
:108BE0006FF002013846FFF78EFD10F0020F2846A5
:108BF00009D0FFF7C4FC01212046FFF754FE0126EF
:108C00003046BDE8F081FFF7B8FC0028F8D02846D0
:108C1000FFF7CEFC0028F3D06FF002013846FFF7D3
:108C200072FD2846E5E77047012070470120704734
:108C300013B5C068144668B100238DF8043001A94B
:108C40004FF4C053ADF80630FEF71BFB10B9236894
:108C500001332360012002B010BD07207047FDF7EB
:108C600085BFBFF35B8F0068BFF35B8F084100F0E7
:108C70000100704738B50A46034609B9012038BDDE
:108C8000488A10F0240FF9D0197D5D7B147CA9422D
:108C900028BF29468C4201D90020F0E7800607D47E
:108CA000517CC9070BD4187A003818BF0120E6E7B9
:108CB0000521181DFFF7D5FF0028F1D1ECE7197A3F
:108CC0000029E9D00521181DFFF7CBFF18B9197A43
:108CD00001390129E0D9527CD207CFD4E3E701233F
:108CE0008B40DB43BFF35B8F50E8002F1A4040E816
:108CF00000210029F8D1BFF35B8F7047FDF73FBF1C
:108D000010B50621FFF728F8044618B9F2F790FFCE
:108D1000204610BDA0F1EC04FAE74FF470220023C6
:108D200000F59C70F9F7C6B90720704701238B4006
:108D3000BFF35B8F50E8002F1A4340E80021002961
:108D4000F8D1BFF35B8F704708B50E21FFF7EEFF38
:108D5000002008BD70B5051D0E4628460421FFF70A
:108D600080FF68B10022002100230846EFF70EFEC5
:108D7000044640B904212846FFF7D8FF204670BDBD
:108D80004FF47022EFE701210C30FEF7DCF906709A
:108D9000F4E738B504210446FFF7DCFF054698B137
:108DA00010210C30FEF7CFF904F1270304F137024C
:108DB00053F8041B40F8041B9342F9D1204629467E
:108DC000F2F74CFF002038BD0820FCE770B5D0F862
:108DD000EC30DB78012B044619D1CD68061D10213B
:108DE0003046FFF77CFF2B4604F1B70205F1100176
:108DF00053F8040B42F8040B8B42F9D1072130469B
:108E0000FFF72FFF28B109213046FFF78FFF002021
:108E100070BD0A213046FFF724FF0028F3D1204619
:108E2000BDE87040F3F730B807207047072070475F
:108E30000720704730B5012303FA01F1CA43BFF39D
:108E40005B8F50E8003F03EA020440E80045002D34
:108E5000F7D1BFF35B8F01EA0300003818BF012090
:108E600030BD38B50446031D0025BFF35B8F53E8C2
:108E7000002F43E800510029F9D1BFF35B8F04F5BF
:108E80009C7001F0CBFD2572BFF35B8F54E8003F6F
:108E900044E80052002AF9D1BFF35B8F204601213C
:108EA000BDE83840FFF742BF70B500F170060546D7
:108EB0000C4607220968304602F0CFFEB8B9636855
:108EC0001A682A679A88A5F874209B7985F8763005
:108ED000D5F8A4305BB1A268934208D062681168EB
:108EE000C3F801109188A3F805109279DA7170BD6A
:108EF0002DE9F84FDDF82C80BDF828900446924605
:108F00001F46FFF7FDFE054600285CD0061DB9F19F
:108F1000000F27D15AEA070324D103213046FFF777
:108F2000A0FEF8B101213046FFF79BFED0B12C7DA9
:108F30006B7B9C4228BF1C46224605F147014046F8
:108F400002F06EFE0F2C06D8C4F11002494608EB61
:108F5000040002F073FE30460121FFF7E7FE012016
:108F6000BDE8F88FD4F8A43083B904F1700B217AEE
:108F70005A462020F4F7F8F8C4F8A40030B9217A52
:108F80005A460120F4F7F0F8C4F8A400B9F1000F34
:108F90000CD15AEA070709D1D4F8A41031B14B8A91
:108FA0009B0603D50C7C1E312246C8E70F213046B4
:108FB000FFF757FE20B1022206212046EFF77AFA8A
:108FC0002846FFF74EFF0020CAE76FF08500704784
:108FD0006FF01500704770B504460820F2F7D8FD11
:108FE0000546E0B1061D08213046FFF778FEBCB308
:108FF0000721FFF774FE234605F1970204F12001D3
:1090000053F8040B42F8040B8B42F9D10A21304685
:10901000FFF727FE70B109213046FFF787FE0720D2
:10902000F2F7B6FD0446E8B1F2F736FED0B10821FA
:10903000204612E010213046FFF713FE09210028D8
:10904000EAD13046FFF70DFE0028E8D02846F2F7B7
:109050001BFF01460028E2D02846F3F789FCDEE733
:109060000B21F9E770BD70B50446A0F1EC0650F88D
:109070004C3BE83CD3F8A45001F0D0FC032120463F
:10908000FFF7EFFDA0B108213046F3F7DFFB3DB15C
:109090006B8A13B16B7C9B0702D5284600F030F831
:1090A00030464FF4B872BDE87040002102F0C6BDF2
:1090B00001212046FFF7D5FD0028E4D10F212046ED
:1090C000FFF7CFFD0028DED1E1E7437C5B0602D449
:1090D0000121EDF731BC704770B504460D461646C8
:1090E000F4F742F838B931462846F3F7CFFF10B10C
:1090F000438A1C43448270BD438A194341827047AE
:1091000010B5037A5B07044601D5EDF785FD2146CE
:1091100011F8010BEBF744FF20464422BDE8104054
:10912000002102F08BBD531E1944024411F801398D
:1091300000F8013B9042F9D1704710B5431E00F191
:109140001002073013F8011F12F8014D1C70834202
:109150001170F7D110BDF0B597B014460E4620221D
:10916000014605A81D461C9FFFF7DDFF2022314662
:109170000DA8FFF7D8FF2146102201A88DF8545002
:10918000FFF7D1FF3B46412205A901A8F4F76CFA8D
:10919000044610B93846FFF7D0FF204617B0F0BD9F
:1091A0002DE9F04397B00446164605A810221D4647
:1091B000DDE91F98219FFFF7B6FF1022314609A86D
:1091C000FFF7B1FF102229460DA8FFF7ACFF1E994B
:1091D000032211A8FFF7A7FF4946D9F8010011F8AB
:1091E000013B8DF8473012908B88ADF84C30062249
:1091F00012A8FFF798FF4146062211F8013B8DF8AF
:109200004E30D8F80130CDF84F300DF14F008B883B
:10921000ADF85330FFF787FF2146102201A8FFF772
:1092200082FF3B46412205A901A8F4F71DFA044636
:1092300010B93846FFF781FF204617B0BDE8F0832C
:10924000F8F792BC0369C9B20C2202FB0133186C17
:1092500000F00700704770B50346C9B20069EFF32C
:109260001186402484F31288BFF36F8F0C2505FB11
:109270000104246C14F0C00401D0A24211D105FBFA
:10928000010001220264002086F31188BFF36F8F72
:1092900030B95B680C2202FB01335B689847002001
:1092A00070BD4FF0FF30EFE78022FFF7D4BFF8B575
:1092B000069F04690546C9B2EFF3118C402080F384
:1092C0001288BFF36F8F0C2606FB0146306C00F04E
:1092D000070EBEF1010F10D1376400268CF3118800
:1092E000BFF36F8F3EB90C2041430C44C4E90E23F9
:1092F0006B685B5898473046F8BD00F0C000874265
:109300000CBF6FF077064FF0FF36E7E713B5802408
:109310000094FFF7CCFF02B010BD10B40069CBB2CF
:109320001C2404FB0300002110BC10471046F8F772
:109330001BBC00F047BCF6F79FBD4FF4AF60704711
:10934000F7B51C461646002382682360A360536964
:109350000D4601AA69469847019B5A1E01921BB906
:109360006FF0150003B0F0BD0098A268476821684F
:10937000676085B9B31AD0F800C0634528BF63465B
:109380001A4403FB07112160A26002689A4206D8C2
:1093900008300090E0E76B1AB3FBF7F3EBE700202F
:1093A000E0E713460022FFF7CBBF2DE9F0478368C3
:1093B00086B05B698846914601A902AA98470024B5
:1093C000A2462546029BAB4202D806B0BDE8F08714
:1093D000019F07EBC50700267B6804933A68B242F9
:1093E0000AEB060302D801359A46EBE7039405938E
:1093F000494603A8C0470028E7D0049B01361C4417
:10940000ECE710B50C4600F0F3FE0023C4E90003BE
:10941000184610BD70B5044600F0F0FE237B0546EB
:109420000BB100F0E5FB00266068F7F725F8A368AC
:109430005B1BA36063682B446360237B01363BB9ED
:10944000A368002BF0D1A068003818BF012070BDC0
:109450003046F6F701FE0028F2D0F4E738B50546AD
:109460000C4600F0C5FE002D07DBA84205D9401BC5
:1094700084428CBF0020012038BD0020FCE770B57D
:109480000D462846194616461C46FFF7E7FF30B939
:1094900021462846F4F7A2FF6FF0150070BD24B1F5
:1094A00022462946304602F0BBFB0020F6E743681F
:1094B0005B68D3F810350B600020704743685B6829
:1094C00002EA010021EA0201C3F80805C3F80C15FD
:1094D0000020704743685B680020C3F80815704798
:1094E00043685B680020C3F80C15704743685B68ED
:1094F000D3F8042521EA02001140C3F80805C3F897
:109500000C150020704730B50369586800B300247B
:10951000884219D108688CB99C685860A14200D172
:109520009860002008602AB15A680A609A685960F9
:1095300002B9996000200FE02846E9E720609868AA
:10954000814208BF9C60ECE705680446002DF3D11A
:10955000002AE9D16FF0150030BDF6F79BBE4FF041
:109560008043D3F8002402F00103910748BF43F081
:109570001003110748BF43F48073D10348BF43F081
:109580008003510348BF43F02003510748BF43F015
:109590000203910348BF43F08003110348BF43F027
:1095A0008003D20248BF43F00803036000207047E5
:1095B0004FF080434FF0FF32C3F800240020704783
:1095C00002780B69012A07D0022A08D052B9DA645E
:1095D00003F13C00F8F7C8BA6FF00D02F7E76FF03F
:1095E0000A02F4E76FF00402F1E738B504460569B2
:1095F0000122114605F12C0001F02FF9012205F19D
:109600003C00002101F029F92046BDE83840F5F77B
:10961000AFBA00692C30F8F7DBBA00692C30F8F7E4
:10962000A3BA13B501AA044600F02DF8002805DB03
:10963000019B226819791868F5F7D0FA02B010BDBD
:1096400070B54568A86A0368D3F80845D3F80C6577
:10965000F7F724FC31462046F7F762FE0021044666
:10966000E869FFF7DEFFA86A00F0AEFE204670BD95
:1096700010B544680021E069FFF7D3FFA06ABDE898
:10968000104000F0A1BE30B543681360057A44680D
:1096900004EBC504A34202D36FF0010030BD5C7936
:1096A0008C4203F10803F0D10020F7E710B50469FC
:1096B000204601F02AF80023636110BD2DE9F04136
:1096C000D0F80880D8F800400646F4B1476897F80B
:1096D000264014F001041FD105694FF0FF334FF00D
:1096E000FF322846F8F74CF96B690133012B6B61A7
:1096F00008D1D8F8003030469847041E08DA6B6964
:10970000013B6B612846F8F7ADF92046BDE8F081D2
:10971000F869F5F7C5FAF5E70024F6E7F8B58768C4
:109720007C6806469CB1436893F82630DB071DD45D
:1097300005694FF0FF334FF0FF322846F8F720F964
:109740006B69002B05DC00242846F8F78BF92046CE
:10975000F8BD013B6B61002BF5D17B683046984723
:10976000041EBEBF6B6901336B61EDE70024EEE7B9
:10977000F0B4D0E901631B693BB177688F4208DB25
:109780003568954205DCF0BC18476FF05700F0BC17
:1097900070476FF01500FAE7F0B4D0E901631B6A77
:1097A0003BB137698F4208DBF568954205DCF0BCB8
:1097B00018476FF05700F0BC70476FF01500FAE7DC
:1097C00070B4D0E90162956A03460C46A5B196F8DB
:1097D000242012B92B4670BC1847306A024410F896
:1097E000011BA14202D121461846F3E79042F6D16F
:1097F0006FF0850070BC70476FF05700FAE72DE9F5
:10980000F341D0E901470E4694F825100569FF2978
:1098100080460FD194F8261001F00C01082914D0CD
:10982000D8F808301B6B003918BF01214BB96FF015
:10983000570003E0FFF7C4FF0028EBDA02B0BDE8F1
:10984000F081404698470028F8DBA268B2F1004F4B
:1098500005D011464046FFF78BFF0028EEDB62691A
:10986000B2F1004F05D011464046FFF795FF0028A2
:10987000E4DB2368B3F1004F14D0D8F808305B69FB
:10988000002BD4D001A9404698470028D6DB226897
:10989000019B9A421CDD11464046FFF769FF0028F4
:1098A00005DACBE762686FF000439A42E5D19EB9D2
:1098B00094F826309B0716D03B684046984700280E
:1098C000BCDBA069F5F7ECF96B6901336B610AE069
:1098D00062689342EBDDDEE76B6901336B6194F8FC
:1098E0002630DA0601D40020A8E74046FFF716FF2D
:1098F000A4E7012303FA01F103691B68194218BFA9
:1099000082F0010212B18368DB68184783681B6923
:10991000FBE708B54368986A38B193F82C10012228
:10992000FFF7E7FF00EAE07008BD6FF08500FBE796
:1099300043681B68B3F1004F14BF00206FF00100B3
:10994000B0FA80F0400970470346084631B95B68B9
:109950001B68B3F1004F01D0136070476FF0150022
:10996000704743681B68B3F1004F1ABF00200B60BB
:109970006FF0010070474368986A20B193F82C108B
:109980000022FFF7B6BF6FF08500704700F150036B
:109990009B009BB203F1804303F5883300221A60D9
:1099A0001B68704708B5F5F779FA08BD4FF0FF302E
:1099B000704708B5006990F83430994207D290F8A2
:1099C00035303BB1C9B2F7F791FC002008BD6FF00C
:1099D0001500FBE76FF00A00F8E71FB504690023E4
:1099E0000193CA070393236B02935CBF0123019386
:1099F0008B0758BF019B01A958BF43F008032046BD
:109A000058BF019300F017FD002806DB204600F048
:109A100021FD012384F83530002004B010BD10B5BD
:109A20004FF0FF304FF0FF31F5F738FC044628B90E
:109A3000D7F7AEFB044618B1F5F738FC204610BD49
:109A4000F5F734FC2046EBF741FBF7E738B50B8A16
:109A50000D463BB101F10C00FDF7ADFB012818D01C
:109A6000022803D06FF01504204638BD4FF0FF30B8
:109A70004FF0FF31F5F712FC04460028F4D1E868F6
:109A8000E1F792F90446F5F711FCACB1F5F724FCC7
:109A9000EAE74FF0FF304FF0FF31F5F7FFFB0446E8
:109AA0000028E1D1E868F5F7FFFD0446F5F7FEFB75
:109AB000002CD9D1F5F710FC2846EAF7F3FF002473
:109AC000D2E7F5F75BBD10B532220446002102F063
:109AD000B5F8202323708023A3706FF03F036371D8
:109AE0000423A3722823A3730223E3730423A3751F
:109AF0006FF0480363760323A3766FF01F03E376CA
:109B00000E232377302384F82030402384F821303B
:109B1000792384F822307E2384F82330802384F84C
:109B20002630042384F8273010BD08B50323E0F75E
:109B3000DBFC002008BD08B5F6F7B8F8002008BD2A
:109B400008B5FAF71DF848B1002383F31188BFF375
:109B50006F8F0423184602DF6FF0040008BD08B5BC
:109B60004FF0FF314FF0FF30F5F798FBE4F700FAC4
:109B7000BDE80840F5F79ABB684620F007018D461E
:109B800001B5DFF70BFBBDE801408546704768462D
:109B900020F007018D4601B5DFF7F4FABDE801407A
:109BA00085467047684620F007018D4601B5E0F70D
:109BB0002BF9BDE801408546704708B5E3F769FF1A
:109BC000002008BD7047012802D10020DEF774B9DB
:109BD00070477047DDF76EBF08B5E0F7C1FB30B1E5
:109BE000EFF305800338032894BF0020012008BD4F
:109BF000704703460020184700F0D0BC10B502465D
:109C00001168B1B1BFF35B8FB1FA81F3C3F11F00EB
:109C10000123834021EA030352E8004F8C4204D120
:109C200042E8003CBCF1000FF6D1BFF35B8FE7D1F7
:109C300010BD6FF00B00FBE710B50368CB40DB07EE
:109C400014D401238B400268BFF35B8F43EA020107
:109C500050E8004F944204D140E8001CBCF1000FD2
:109C6000F6D1BFF35B8FEED1002010BD6FF0150071
:109C7000FBE7F7B5019001A8DDE9084716461D4648
:109C8000F6F770FA019BB6F1000C18BF4FF0010C0B
:109C900000EB83000B1E18BF0123002D43EA4C0389
:109CA0000CBF4FF0000C4FF00C0C002C43EA0C03DF
:109CB0000CBF4FF0000C4FF4E06C002F43EA0C0394
:109CC000D0F800270CBF4FF0000C4FF4403C43EAA3
:109CD0000C0322EA030301B109780EB1367876004D
:109CE00019430DB12D78AD0031430CB12478240215
:109CF00029430FB13F783F040C433C43C0F8004771
:109D000003B0F0BD1FB50DF10F03019300238DF8D3
:109D10000F1000931A461946FFF7ABFF05B05DF828
:109D200004FB10B504460846F6F72CFA04EB400491
:109D3000207DC0F3401010BD10B504460846F6F76C
:109D400021FA04EB4004207DC0F3400010BD10B5A3
:109D500004460846F6F716FA04EB4004A08A400BC6
:109D600010BD70B5044608461646F6F70BFA0830E3
:109D70000D4634F81030DA0509D5C3F3432304EB5C
:109D8000C302314654F83330526828469847A368D6
:109D90002BB1E26831462846BDE87040184770BDD7
:109DA00010B504460846F6F7EDF904EB4000838A47
:109DB000DA051DD5C3F3432123F4F853838204F15C
:109DC000120204F1660032F8023F13F4807F03D0E0
:109DD000C3F3432399420BD08242F4D104EBC10375
:109DE00000225A6004F16C00BDE81040FFF724BF68
:109DF00010BDF0B5034600F580740020054601272C
:109E0000844695420AD1D3F87C2132B10022C3F8AE
:109E10007C21D3F87C3140F00040F0BD25F0404675
:109E200007FA06F6314209D0D4F800E0BEF1000F7F
:109E300004D0C4F800C0D4F800E030430135043445
:109E4000DFE738B504460D46FFF76BFFA8B12046A3
:109E5000FFF772FF88B92046FFF779FF22680123D8
:109E60008340C2F80833236803EB8000D0F8103534
:109E700023F00303C0F8103538BD28460021BDE8A3
:109E80003840FFF73FBF2DE9F043174685B0044641
:109E90000846F6F777F9D7F800800E460546B8F180
:109EA000000F1ED02046FFF747FF18B12046FFF7EE
:109EB00038FF20BB0023CDE900338DF80E308DF83C
:109EC0000F300DF10F0243460DF10E013046FFF742
:109ED000D0FE04EB4502938A23F0020343F0010312
:109EE00093827B689BB33146204693F80080D3F879
:109EF0000490FFF721FF28B1B9F1000F1FD06FF0D8
:109F0000150027E004EB4500838A23F4604323F027
:109F100020038382B9F1000F11D0B8F1030FEED8FE
:109F20007B6821685B6893F800C04FEA8C03194492
:109F3000B8F1000F11D1C1F81085C1F8108504EBFC
:109F40004502938A23F01C0343EA88039382BB688B
:109F500043BB002005B0BDE8F083D1F8102522F006
:109F60000302C1F8102522681344D3F8102522F407
:109F70004F3222F44072C3F810253202D3F8101584
:109F800002F47C5242EA08420A43C3F8102504EB6B
:109F90004C03A3F87060838A43EA4C3343F02003F8
:109FA0008382CCE7D3E9007831462046FFF7F8FEFC
:109FB000002FCED063689F4206D004F16C00FFF7FB
:109FC0001DFE002804DAC5E7A3689845F5D10020F6
:109FD00004EBC003C3E9017804EB4505C0B2AB8ACA
:109FE00043EA402343F48073AB82B2E72DE9F043A8
:109FF000054685B0084616461F46F6F7C3F80C46D8
:10A00000804626B32846FFF797FE18B92846FFF783
:10A0100088FE18BB05EB4809B9F8143003F01C039F
:10A0200013B17378012B19D001238DF80F30002361
:10A03000CDE90063721CB31C0DF10F012046FFF740
:10A0400018FEB9F8143043F00303A9F81430002FB8
:10A050003FD021462846FFF76FFE20B96FF015006C
:10A0600005B0BDE8F0833E782B6803EB8603002241
:10A07000C3F81025C3F8102505EB48024FEA860CFB
:10A08000938A23F4604323F020039382787800B30B
:10A090002968BF7861440004D1F8103523F499137E
:10A0A00023F4F853C1F81035230200F4403003F4D0
:10A0B0007C5303433805D1F8105500F48010034356
:10A0C0002B43C1F81035938A43EA463343F020030B
:10A0D00093820020C4E7C0E90312704770B50446BC
:10A0E0001546FFF71EFE48B10846F6F74BF804EB9D
:10A0F00040040020A38A5B0B2B7070BD6FF015002D
:10A10000FBE738B590F8804005469CB954222146BB
:10A11000143001F093FD2868C0F87C41D0F87C3100
:10A1200040F30730EAF7F4F8012385F88030EB6656
:10A13000204638BD6FF07700FBE790F880000038CC
:10A1400018BF01207047F6F757B82DE9F3410446D0
:10A150001746FFF7E6FD0D462668F0B12046FFF7EB
:10A16000EBFD8046C8B92046FFF7F1FD820002F5FD
:10A17000807346F80380F35823681344D3F81025FE
:10A1800042F00102C3F8102527B122680123834061
:10A19000C2F8043302B0BDE8F081D6F80433002BD6
:10A1A000A4BF4FF00043C6F804332846F5F7EAFF92
:10A1B00004EB4004A38AC3F38203042B12D0052BC3
:10A1C00012D001A80195F5F7CDFF019BD0F810152D
:10A1D000D94001F001010231284602B0BDE8F0414A
:10A1E000FFF790BD0321F7E70221F5E7FFF729BE4E
:10A1F0004FF080531A695869504370474FF08053AD
:10A20000186970474FF080535869704710B5A1F531
:10A210008074A4080123A34018400AD001F18041B2
:10A2200001F5E041086820B10020086009680AB91A
:10A23000012010BD116819431160F9E708B500212C
:10A240000120F6F7B7F90028F9D008BD08B5024695
:10A25000F6F750F920B9BDE808401046F6F780BA85
:10A260006FF00F0008BD91F820200346032A29D87B
:10A27000DFE802F0212519028A68500304D5D3F8DB
:10A280004C250869904207D18A6852031AD4D3F842
:10A290004C258969914215D000200622C3F800059B
:10A2A000C3F800257047D3F84C2508699042F3D1D4
:10A2B000D3F83C25EDE7D3F84C250969EAE7D3F854
:10A2C0003C25FAE70120704730B59508403D012450
:10A2D000AC400C4208D0815831B1002181508258E5
:10A2E00013B11A6822431A6030BD13B500230C461F
:10A2F00001934FF4A47201ABFFF7E6FF21464FF440
:10A300008272FFF7E1FF21464FF49272FFF7DCFF04
:10A3100021464FF4A872FFF7D7FF21464FF4A672EB
:10A32000FFF7D2FF21464FF4B072FFF7CDFF4FF495
:10A33000AE722146FFF7C8FF019802B010BD10B4FD
:10A340004FF080528B68D2F83021CC7B0D2A04D19B
:10A35000B3F1C86F08BF4FF0C46302682CB9D1E9EC
:10A360000041C2F80845C2F80C15C2F8243543680C
:10A370002BB1006810BC40F30730E9F7C9BF10BC2F
:10A38000704738B50D4690F826100446C9B9C1602B
:10A39000C0E9012380F8291080F8281065B1AB7B53
:10A3A00080F82B302846F6F737FD6B7B84F82A308F
:10A3B00029462046FFF7C3FF012384F826300020FA
:10A3C00038BD6FF07700FBE703680622C3F800256D
:10A3D000022380F82630704738B5D1E90051044691
:10A3E0000023C8034FF47A72490CE0F765FB236839
:10A3F000C3F80C55C3F80405A36863B124680023AF
:10A40000C4F8003144F30730D4F80031E9F780FF95
:10A410000123C4F8043338BD38B5C0E902234379B9
:10A4200033B90123437109B1FFF7D6FF002038BDCE
:10A430006FF07700FBE708B543792BB1022B06D00C
:10A44000FFF7CAFF002008BD6FF07600FBE76FF052
:10A450000F00F8E7036801221A6002234371704776
:10A4600010B5EFF31184402383F31288BFF36F8F8D
:10A470000379072B11D80B70013303710268097837
:10A48000D2F8080501238B400343C2F808350020A9
:10A4900084F31188BFF36F8F10BD6FF00B00F7E7E7
:10A4A0000368D3F80414D3F800214AB10022C3F89A
:10A4B0000021D3F80031D0E902324FF48070184700
:10A4C000704707B5019001A8F6F71AFF019A01231A
:10A4D0009340C0F8083503B05DF804FB0369C26817
:10A4E00093429CBF81685B18013B981A70472DE925
:10A4F000F041D0E902840546A8EB04064068964284
:10A5000020440F46144404D901F08AFBEC60BDE8F6
:10A51000F0813246A4EB080401F082FB6868224611
:10A52000B919F1E72DE9F843C5680646894617468B
:10A530004FF000083369B46870689D4228BF1B194A
:10A54000641BBC4203F1FF3328BF3C465B1B9C42AB
:10A5500028BF1C4649462844224601F061FBB368E7
:10A560002544AB4208BF00253F1BA044A144F56031
:10A57000E0D14046BDE8F88308B5F7F709F80020B8
:10A5800008BDEFF31180402383F31288BFF36F8F70
:10A59000704780F31188BFF36F8F704708B1EAF7F7
:10A5A000ABBA704710B5436904463BB90020E26876
:10A5B000537843F001035370404210BD9847002880
:10A5C000F4D00028B8BF4042E368FF28A8BFFF20AE
:10A5D0001870ECE740B1C368587810F001001EBF56
:10A5E0001878B0FA80F04009704710B400F10C04FC
:10A5F000C0E9034410BCFBF7A6BA38B50446EFF334
:10A600001185402383F31288BFF36F8FE7F72AF990
:10A6100004F10C0000F005FB30B1294604F11400F0
:10A62000BDE8384000F0E2BA85F31188BFF36F8FC0
:10A6300038BD10B542696AB1836842EA03018907EF
:10A6400008D10169A2FB011424B95B182CBF0121B8
:10A65000002102D36FF0150005E0C1609B1A02696A
:10A660008A4201D8002010BDC2681A604269C360E6
:10A6700001319B1AF3E72DE9F04105460F46EFF350
:10A680001188402383F31288BFF36F8FC668F6B931
:10A690000468A0421BD0D4B1D4E9003213605A60E0
:10A6A000237CA66023F002032374C4E9006604F14E
:10A6B000180000F037FB2046A667676100F03CFAFF
:10A6C000414605F10800BDE8F04100F08FBA3E6058
:10A6D000AB69EF60013BAB6188F31188BFF36F8F0B
:10A6E000BDE8F08108B54024EFF3118384F31288AC
:10A6F000BFF36F8FFCF78AFCF6E790F90E308B42C0
:10A7000001D0F7F797BE0020704703460020C3E949
:10A710000200C3E900337047D0E9003213605A6089
:10A72000027C002322F00202C0E90033027483603D
:10A7300070472DE9F843904604469DF820200D46C9
:10A74000EFF31187402181F31288BFF36F8F02B1BD
:10A750004568A66804F10809B14515D0A6B1304690
:10A76000FFF7DAFF002406F1180000F0DBFA3046AC
:10A77000B467C6F8148000F0DFF94846394600F0A7
:10A7800035FA2046BDE8F883A3B10820F8F710FB9E
:10A79000002832D00122C0F804800260016801F074
:10A7A00003015DB922680A430260626820606AB9E9
:10A7B00060600BE0C8F800304046EFE72A68032AE3
:10A7C00010D80160616839B9C4E90000002087F33E
:10A7D0001188BFF36F8FD5E70A6802F003020243C6
:10A7E0000A60E5E722F003020A4302602A6802F0E9
:10A7F000030240EA02032B60E8E76FF00B00E6E794
:10A8000010B5044630B10268930703D0446809B11B
:10A8100000F015FB204610BD0023C0E9003300F115
:10A820000803C0E90233704707B5012300930023F2
:10A830000A461946FFF77DFF03B05DF804FB07B534
:10A8400000230A4600931946FFF773FF03B05DF833
:10A8500004FB00680021FFF7D3BF3AB18A4205D359
:10A86000C0E90212C0E90000002070476FF0150037
:10A870007047026801238B4022EA0303036022FA37
:10A8800001F000F001007047704710B50321044645
:10A890000C30FFF7EEFF30B104F1100000F042FA87
:10A8A000B0FA80F0400910BD20B1002211468C3072
:10A8B00000F0FFB9704770B5C368C3F340069B074B
:10A8C000044616D4856802210C30FFF7D2FF80B110
:10A8D000D5F884206AB194421DD122689EB9D5F87A
:10A8E0008830C5F884209C4201D1C5F88820002317
:10A8F0002360E36813F01F001EBF43F00203E36010
:10A9000040F0020070BD3260D5F88820944208BF44
:10A91000C5F88860EBE716461268DBE773B50446B6
:10A92000EFF31185402383F31288BFF36F8F002369
:10A930000193D0E90423B3F1004F08BF012A05D0E9
:10A9400085F31188BFF36F8F02B070BDA0F11006C0
:10A9500003210438FFF78DFF0028F1D0A36901938C
:10A9600001A93046F7F774FAEAE738B504460D4610
:10A970001022002101F062F9656038BD13B5019025
:10A980000846EFF31184402383F31288BFF36F8FDF
:10A9900001A9F7F75DFA84F31188BFF36F8F02B056
:10A9A00010BD10B5FFF7EAFF041E08DDEFF31180BC
:10A9B000402383F31288BFF36F8FF7F7A7FD20467C
:10A9C00010BD70B50D46EFF31186402383F3128856
:10A9D000BFF36F8FF7F78EFA044686F31188BFF343
:10A9E0006F8F38B14FF0FF324FF0FF3305F1100099
:10A9F000F7F7EEF8204670BD08B5A022002101F05F
:10AA00001DF908BD38B5302204460D46002101F07D
:10AA100015F94FF480736560E36038BD38B50446BE
:10AA2000EFF31185402383F31288BFF36F8FFFF795
:10AA30002CFF2046FFF73FFF85F31188BFF36F8F90
:10AA400038BDF8B504460D46EFF31187402383F374
:10AA50001288BFF36F8FC36803F01F03002B14BF6E
:10AA60000126002609D0FFF710FF2046FFF723FF3D
:10AA700029462046F7F7CEF9034687F31188BFF33E
:10AA80006F8F3BB14FF0FF324FF0FF3305F10800FD
:10AA9000F7F79EF83046F8BDD0E9003213605A60EF
:10AAA000027C002322F00202C0E9003302748360BA
:10AAB0007047EFF30580003818BF012070476FF032
:10AAC0005700704700207047D0E9003213605A6089
:10AAD0000023C0E90033704708B5FFF7F5FF037C9A
:10AAE00023F0020303740023836008BD38B50446D5
:10AAF0000D46F7F7FBFB237C43F002032374D5B12B
:10AB0000A5602B689D4209D16B68C4E900531C60A5
:10AB10006C6010E06A689A42F6D01B68002BF3D094
:10AB200093F90E1094F90E209142F3DD5A68C4E9AE
:10AB3000003214605C6038BD10B5EFF3118440231F
:10AB400083F31288BFF36F8FF7F790FB84F31188BC
:10AB5000BFF36F8F10BD08B5EFF31181402282F370
:10AB60001288BFF36F8F83680BB1FFF7B5FF81F3D6
:10AB70001188BFF36F8F08BD08B5037C13F0280F51
:10AB800001460CD183680BB1FFF7A6FF0B7C23F0C5
:10AB900004030B740846BDE80840F7F767BB08BD1F
:10ABA00010B5EFF31184402383F31288BFF36F8F46
:10ABB0001838FFF7E1FF84F31188BFF36F8F10BDE2
:10ABC00008B50346EFF31181402282F31288BFF3E8
:10ABD0006F8F0068834207D008B1FFF77DFF81F3D4
:10ABE0001188BFF36F8F08BD0020F8E70846F7F71C
:10ABF000B5BB38B504680546AC424FF0000000D143
:10AC000038BD002CFCD02046FFF766FF04F1180089
:10AC100000F088F82046F7F729FB2C680120A542B0
:10AC2000EDE710B5EFF31184402383F31288BFF3EF
:10AC30006F8FFFF7DEFF84F31188BFF36F8F10BDB6
:10AC400038B50C460546F7F7FDFCB4F1FF3F08BFE9
:10AC5000B5F1FF3F1FBF47F6FF7300224FF47A7133
:10AC6000E0FB01321ABFD80B40EA42404FF0FF3000
:10AC700038BD38B50446EFF31185402383F31288BD
:10AC8000BFF36F8F037C5B070ED5183000F04AF8D6
:10AC9000237C23F0040320462374F7F7E7FA2846C1
:10ACA000BDE83840F7F75ABB85F31188BFF36F8FC3
:10ACB00038BD38B5EFF31185402383F31288BFF315
:10ACC0006F8F0468A04212D09CB1A16762612046D8
:10ACD000FFF702FF04F1180000F024F82046F7F710
:10ACE000C5FA012085F31188BFF36F8F38BD0020AE
:10ACF000F8E72046F6E708B50246F7F715FE70B10B
:10AD0000D0E904319B1A61EBE272B3F1004F72F1AA
:10AD1000000104DA002AACBF1846002008BD6FF01D
:10AD20000040FBE738B50246EFF31185402383F37B
:10AD30001288BFF36F8F0368D3B1F7F7F5FD0446B0
:10AD40001046F7F703FE00224FF000438442C0E9AB
:10AD5000042305D0002085F31188BFF36F8F38BD21
:10AD6000F7F7EAFDFFF7C7FF0021F4F7FBF9F1E77A
:10AD7000D0E90413B3F1004F08BF012904D100202A
:10AD80004FF00041C2E904016FF01500E3E708B598
:10AD9000F7F7E4FE08BDF7F7E1BEB3F1FF3F08BFE8
:10ADA000B2F1FF3F70B506461D46144614D01A4353
:10ADB00016D0002B08DBF7F7D1FE041941EB050193
:10ADC000C6E90041304670BD6FF001031C1B4FF017
:10ADD000FF3363EB0501F3E74FF0FF342146EFE764
:10ADE0000024FBE7B3F1FF3F08BFB2F1FF3FF8B526
:10ADF000074616461C4610D054EA020311D0F7F756
:10AE0000ADFEB0420A46A14103460AD2F31A64EBF2
:10AE10000204C7E900343846F8BD4FF0FF331C4642
:10AE2000F7E70023FBE70023C0E9081200F118024E
:10AE3000C0E90622C0E9003303634363704720B1D1
:10AE4000011F50F8040CFFF7D8BB70477047FFF79D
:10AE50005CBC70474FF0FF324FF0FF33F6F790BD08
:10AE6000F6F700BE00207047704710B5044608B1E1
:10AE7000F8F748F92046BDE81040F8F733B9034623
:10AE8000C068F8B15888E8B11B8803F44F42B2F5A6
:10AE9000824F02D0B2F5884F09D1DBB2272B2AD0DE
:10AEA00008D8172B0FD0222B34D0122B16D06FF0CE
:10AEB00085007047302B2FD0413B012BF7D8FF285E
:10AEC00039D100207047C028FBD0E128F9D0B0F577
:10AED000807F14BF6FF086000020704720F02003B1
:10AEE000C02BEED020F08003B3F5807FE9D040F294
:10AEF00009239842EDE7E928E3D0EF28E1D040F2BA
:10AF00001B139842DDD040F299139842D9D040F2F9
:10AF10003B23EEE7E928F1E720F02003C02BD0D057
:10AF200020F04003B3F5807FCBD0B0F5C07FC8D010
:10AF3000B0F5007FCDE7B0F5E07FCAE73AB1002970
:10AF400018BF0023D21A2121184400F077BE7047A1
:10AF50002DE9F04F89B09B4600238DF81B30159BDF
:10AF6000DDF85080002B91460B460D460CBF4FF488
:10AF700000624FF4806207A9DDE912A7F8F764FACE
:10AF80000446D0B9079E0DF11B0231882846F8F718
:10AF9000D7FA044688B99DF81B30BB421FD8CDE9CB
:10AFA0000338CDE901BACDF80090D6E909122B4655
:10AFB0003046F8F761FF044608B1C8F80070D8F8C9
:10AFC00000303A4621465046FFF7B8FF0798F8F799
:10AFD0003DFF002C18BF204609B0BDE8F08F6FF090
:10AFE0008904EAE741F2062398421AD8B0F5905F47
:10AFF00009D241F2010398420CD0B0F5885F09D024
:10B000006FF085007047A0F5905080B26923C3406F
:10B01000DB07F5D511F0070F14BF6FF08600002095
:10B020007047B0F5105FEBD121F04003802B06D0C4
:10B03000B1F5807F14BF6FF08600002070470020BC
:10B04000704770B5446A05460E463CB90120F8F7D2
:10B0500043F8686228B1AE62204670BD6FF08A0086
:10B06000FBE76FF08C00F8E7F8B51E460F46038843
:10B070001546C2B103F4E043B3F5805F02D0B3F5E7
:10B08000005F10D1089BE90019600088FFF7AAFF54
:10B09000044630B92A463946304600F0C1FD079BC8
:10B0A0001D602046F8BD6FF08504FAE710B5044630
:10B0B000406A10B1A16AFFF7D8FE0020C4E9090078
:10B0C00010BD38B50446FFF7F1FF237F012B0FD0E9
:10B0D000023B012B0FD8236A012B14BF6FF096059A
:10B0E00000252C220021204600F0A8FD284638BD6E
:10B0F000236A002BF1E76FF09605F2E738B51446A6
:10B100000288049D02F4E040B0F5805F07D0B0F5FE
:10B11000005F04D002F44F42B2F5824F0ED1AC4230
:10B120000FD81846224600F07BFD2A1B0021204440
:10B1300000F084FD059B00201C6038BD6FF0850089
:10B14000FBE76FF08900F8E7F0B50F4685B01E46C3
:10B150001546CAB100233360012203A9F8F774F938
:10B16000044670B9CDE9005603983B46D0E9091270
:10B1700000F0CEF904460398F8F768FE002C08BFEB
:10B180000446204605B0F0BD6FF08904F9E770B5BC
:10B190000488049E154604F4E042B2F5804F22D1A3
:10B1A00024F4405044F2010290420DD004F44F4484
:10B1B000B4F5824F08D0B4F5844F05D0B4F5884F6C
:10B1C00002D0B4F58E4F0ED1B5420FD818462A469C
:10B1D00000F026FD721B0021284400F02FFD059B86
:10B1E00000201D6070BD6FF08500FBE76FF08900E7
:10B1F000F8E7F0B50F4685B01E461546FAB10023B4
:10B2000033601A4603A9F8F71FF9044688B9039872
:10B2100003885B0410D5CDE900563B46D0E90912FE
:10B2200000F081F904460398F8F710FE002C08BFDF
:10B230000446204605B0F0BD6FF08604F3E76FF0DA
:10B240008904F6E710B50368044643B100F0C9F974
:10B2500000232360A3886FF30803A38010BD184662
:10B26000FCE72DE9FF410C4601689846002305469E
:10B2700016460393002939D14FF4A872083000F024
:10B28000DDFCB8F1000F204633460CBF4FF40062DE
:10B290004FF4806203A9F8F7D7F80446B8B9039FC2
:10B2A0002A1D39883046F8F74BF9044678B96B798E
:10B2B00068F300036B71D7E90923394600962846E5
:10B2C000B8F1000F0FD0F8F7EFFD044610B1284693
:10B2D000FFF7B8FF0398F8F7B9FD002C18BF204618
:10B2E00004B0BDE8F081F8F7FFFDEEE76FF08804E9
:10B2F000EDE70123FFF7B5BF38B5036805461446EF
:10B300004BB132B100F058F9044610B12846FFF7AE
:10B3100099FF204638BD6FF08804FAE72DE9F04127
:10B320001646026805460F469846F2B14279D207A2
:10B330001BD50279CAB1B2421AD800F046F90446C8
:10B3400018B10023C8F800602B7137B1D8F800306D
:10B35000324621463846FFF7F1FD2846FFF772FFD7
:10B36000002C18BF2046BDE8F0816FF08804E8E7A4
:10B370006FF08904E5E71FB501240394089C02944B
:10B38000079C0194069C0094FFF7E2FD04B010BDF9
:10B390002DE9F04788B005469A460023079325F02B
:10B3A000004323F47F03B3F1106FDDE91096DDF85D
:10B3B00048800846174623D12B464FF4804207A900
:10B3C000F8F742F8044660B9CDE90368CDE901A970
:10B3D00007980097D0E909122B4600F00AF90446B5
:10B3E00028B131464846F8F769FAC8F8006007986E
:10B3F000F8F72CFD002C18BF204608B0BDE8F087F8
:10B400006FF08604EDE7034608461B8803F4E0432B
:10B41000B3F5805F114602D0B3F5005F01D1F8F7B4
:10B420004DBA6FF0850070471C22002100F006BC69
:10B43000034668B1017F8A1E012A0BD80329026ADC
:10B4400003D1012A01D1FFF73CBE1AB1013A1A62B9
:10B45000002070476FF096007047C0B2002814BFFC
:10B460006FF0850000207047002070477047002271
:10B470001A606FF08600704700230B606FF0860043
:10B4800070472DE9F04147683F0A04460D461646CD
:10B49000984611D107887F0407D44346324629468F
:10B4A0002046BDE8F041FFF7AEBF00F0D1F810F143
:10B4B000860FF2D0BDE8F0816FF08600FAE72DE943
:10B4C000F04F476885B03F0ADDE90E9ADDF840B0DD
:10B4D00004460D461646984615D1CDE901ABCDF888
:10B4E000009000F0A7F810F1860F0ED143463246C7
:10B4F00029462046CDE90FABCDF8389005B0BDE820
:10B50000F04FFFF7B1BD6FF0860005B0BDE8F08FDA
:10B5100010B44468240A02D110BCFFF7EFBD6FF0ED
:10B52000860010BC70472DE9F34747683F0ADDE904
:10B530000A9A04460D461646984611D1CDE9009A5E
:10B5400000F06AF810F1860F0CD1434632462946C6
:10B550002046CDE90A9A02B0BDE8F047FFF717BED2
:10B560006FF0860002B0BDE8F08713B50446486866
:10B57000000A0AD10498009004F10800F8F784FD4D
:10B5800008B91C23236002B010BD6FF08600FAE7F3
:10B5900010B404681C2C03D110BC0830F8F7A0BD0F
:10B5A0006FF0860010BC704703681C2B02D1083076
:10B5B00000F054B90020704703681C2B02D10830FA
:10B5C00000F027B96FF08600704710B404681C2C97
:10B5D00003D110BC083000F025B96FF0860010BC14
:10B5E000704703681C2B02D1083000F027B90020F7
:10B5F000704710B44468240A02D110BC00F036B978
:10B600006FF0860010BC704700F0C5B900F0E6B9D5
:10B6100000F031BAF8F788BC10B4048804F44F4441
:10B62000B4F5824F02D110BC00F04CBA6FF0850027
:10B6300010BC704710B4048804F44F44B4F5824F32
:10B6400002D110BC00F06EBA6FF0850010BC7047DC
:10B6500010B4048824F0FF04B4F5E24F02D110BC0A
:10B6600000F0B3BA6FF0850010BC7047024612F8C4
:10B67000103B43F3C01303F0870312F8011D83EA64
:10B680004103904213704FEA1323F6D170472DE91E
:10B69000FF4705468846144622B3D0F8486100F5B6
:10B6A000947786B9A0444FF010090DF10C0A102CC4
:10B6B000A8EB040237D823463946384600F0F5F99E
:10B6C000C5F848410EE0C6F110094A450FD8B9192E
:10B6D00013460846424600F0E8F9D5F848312344BD
:10B6E000C5F848310026304604B0BDE8F087B9F10E
:10B6F000000F08D0B91942464B46084600F0D5F96C
:10B70000103EC844344403AB1022019300923B46E0
:10B7100039462846FFF73CFF06460028C2D0284697
:10B72000FFF742FFDFE710233946384600F0BDF946
:10B73000CDE9009A3B46102239462846FFF728FFFC
:10B7400006460028EBD1103CB1E72DE9F0439846BE
:10B75000D0F84831102B174685B00446894600F5CD
:10B76000947500F59C721CD12946284600F09DF97D
:10B7700003AB1022019300922B4629462046FFF787
:10B7800007FF064630B93A462946484600F048FACF
:10B79000C8F800702046FFF707FF304605B0BDE847
:10B7A000F083C618104696F8283183F0800386F897
:10B7B0002831FFF75BFF10230246D5E7F0B5D5B07F
:10B7C00004460E46174600214FF4A67201A81D46F6
:10B7D00000F034FA21463B46324601A8F8F7CCFB8C
:10B7E000044680B95A9A294601A8FFF750FF04463B
:10B7F00048B9DDE95C235B9901A8FFF7A6FF044681
:10B80000204655B0F0BD01A8FFF7CEFEF8E7F8F7E7
:10B81000D9BB90F84C31022B01D1FFF738BF6FF044
:10B820008800704710B490F84C41022C02D110BC33
:10B83000FFF78BBF6FF0880010BC704710B590F811
:10B840004C31022B044607D1FFF7AEFE4FF4A8722D
:10B850000021204600F0F2F9002010BD08B54FF499
:10B860009072002100F0EAF9002008BD10B40488AD
:10B8700004F44F44B4F5824F02D110BCF8F78ABCEF
:10B880006FF0850010BC70472DE9F04F89B0054678
:10B890000E461C4602EB030800F5947A0DF11009E0
:10B8A0000F2CA8EB040704D81CBB002009B0BDE88E
:10B8B000F08FD5F82831002E03F1010303AA4FF0D1
:10B8C000100BC5F8283151460CBF3B464B46019240
:10B8D000CDF800B05A462846FFF75AFE0028E5D1B9
:10B8E0002EB15B4632464946384600F0DEF8103C41
:10B8F000D6E7D5F828310133C5F82831102203AB3B
:10B90000019300920DEB020305F594712846FFF7B1
:10B910003FFE0028CAD136B12346324604A9384634
:10B9200000F0C3F8C1E7224604A9384600F078F9D0
:10B93000BBE72DE9F3410546884616461F460246F9
:10B94000302301A90020FFF765FE044658B9019B8A
:10B9500043450CD33EB1302F0CD83B4632462946E6
:10B96000284600F0A2F8204602B0BDE8F0816FF052
:10B970009304F8E76FF08504F5E710B58CB0302339
:10B980006A460446FFF780FF18B969462046F8F773
:10B99000CDFB0CB010BD10B504468CB000F5A07006
:10B9A000FFF755FA00213022684600F047F9694652
:10B9B0002046F8F7BBFB78B9034602464FF4C07146
:10B9C0006846FFF7B6FF38B969462046FFF7D5FF4E
:10B9D00010B90123C4F838310CB010BDF0B500F532
:10B9E000A0768DB0044630460F461546FFF732FA72
:10B9F00018B16FF083000DB0F0BDD4F83831A3B3A7
:10BA0000B5F5803F34D8D4F83C211AB942F210720F
:10BA1000934211D900231A464FF480716846FFF70C
:10BA200088FF0028E7D169462046FFF7A6FF0028D7
:10BA3000E1D10123C4F838312B463A460021204693
:10BA4000FFF722FF0028D6D101462046FFF795FFD9
:10BA50000028D0D1D4F838310133C4F83831304619
:10BA6000FFF7FEF90028C6D0C3E76FF08800C2E7F1
:10BA70006FF08600BFE710B50446FFF795FD04F5AB
:10BA8000A070FFF7E6F94FF4AC720021204600F0F9
:10BA9000D5F8002010BD03460144002013F8012B07
:10BAA0008B4240EA0200F9D1704730B50B4411F8DF
:10BAB000014B12F8015B994284EA050400F8014B3E
:10BAC000F5D130BDF8B5054614462F8807F4E04C93
:10BAD000BCF5804F1846DDE9063606D19A421ED8DD
:10BAE00000F09EF834600020F8BD47F21212974231
:10BAF00002D06FF08500F7E7640001349C420ED855
:10BB00006B8834600422B3F5807F0270F1D101307C
:10BB1000F8F7BEFC0028E6D06FF08600E4E76FF08F
:10BB20008900E1E72DE9F0411F460388DDF8208018
:10BB30000E4644F212118B42154642882ED047F22F
:10BB400012118B423BD102B9EA00B2F5807F36D1A7
:10BB5000202D03D06FF08600BDE8F08129463046E5
:10BB6000FFF799FF0028F5D03046F8F77DFC002854
:10BB7000F0D1D8F8004034F48074EBD1069B9D429C
:10BB800020D82A463146384600F04AF8079B1D6007
:10BB90004FF48073C8F800302046DDE71AB9EB0790
:10BBA000D8D56A08D200B2F5807F08D1412DD1D115
:10BBB0003378042BCED1701CF8F760FCD7E76FF018
:10BBC0008500C9E76FF08900C6E7F8B50C464788DD
:10BBD00001881E4647F21213FD1D99424FEAD50512
:10BBE00002D06FF08500F8BD954216D82946204650
:10BBF000F7F764FE0028F6D129462046FFF74BFFF1
:10BC00000028F3D0B7F5807FEBD12046F8F72CFC65
:10BC10000028EBD120233360E5E76FF08900E2E7ED
:10BC20000A44914200F1FF3300D1704710B511F87A
:10BC3000014B03F8014F9142F9D110BD0244034674
:10BC4000934200D1704703F8011BF9E7044608B599
:10BC5000F9F778FA2046E8F733FE10B501390244C7
:10BC6000904201D1002005E0037811F8014FA34272
:10BC700001D0181B10BD0130F2E710B501390346A1
:10BC800032B111F8014F03F8014B013A002CF7D102
:10BC90001A440021934200D110BD03F8011BF9E7BB
:10BCA00010B5024601448A42134603D01C78013283
:10BCB000002CF8D1181A10BDF0B5C3F137070446AF
:10BCC000FFB203F01F031046082BE6B233D0102B4F
:10BCD0003ED06508A40844EA817445EAC1752D196F
:10BCE0004FEA910242EB5102290941EA02716D18B3
:10BCF00042EB1212290A41EA02616D1842EB12224C
:10BD0000290C41EA02416D1842EB1242AD1842F192
:10BD10000002EC0844EA4274D10804EB8402A6EB6A
:10BD20004205EDB2092D0CD90134A5F10A0541F106
:10BD30000001EDB212E0E40844EA417406F00705A0
:10BD4000C908303554EA010200F8015BBCD1F0BDEE
:10BD5000240944EA017406F00F050909092D84BF7E
:10BD6000ED19EDB2EDE7D1E9043293421EBF5A1C42
:08BD70000A6118707047000021
:08BD78005822FE7F01000000CB
:10BD8000E14A0100000000000000000068BE02005F
:10BD900079A5020000000000D91802000000000090
:10BDA000FD1802000000000000000000A0BE02001C
:10BDB0000000000084BE0200C1E00100000000009D
:10BDC000BDFC010000000000BB9B02000000000061
:10BDD00000000000BCBE020000000000D8BE02004F
:10BDE00011F0010000000000ED290100000000003A
:10BDF000F94801000000000000000000F4BE02004D
:10BE0000A9FD010000000000891C020000000000E4
:10BE10000000000010BF02000000000048BF020048
:10BE2000000000002CBF0200B14F01000000000024
:10BE3000379B020000000000419B02000000000050
:10BE40000000000064BF0200155301000000000064
:10BE5000213C010000000000C1350100000000008D
:08BE6000B36D020000000000B8
:10BE6800B31703009CCF020078C102002A270020E4
:10BE7800785E002071DE0100000000006A180300EF
:10BE8800BCCF02002CC1020030270020285F002010
:10BE9800C5E701000000000078180300D0CF0200B9
:10BEA8002CC1020032270020345F0020C5E70100C2
:10BEB80000000000DC170300000000000CC10200B5
:10BEC8002C270020CC5E0020E5E2010000000000E5
:10BED800FC1903000000000068C102003827002098
:10BEE8006026002045F20100000000006E1B0300E0
:10BEF8000000000030D002003A270020B85F002080
:10BF0800ADF40100000000009717030000000000D6
:10BF180000C10200282700200000000019D80100F5
:10BF280000000000461803000000000014C10200D1
:10BF38002E2700200000000001E40100000000009E
:10BF4800551903003026002050C102003427002074
:10BF5800405F0020EB95020000000000E11903009B
:10BF680000D0020094C1020036270020945F002010
:08BF7800D1EC01000000000003
:10BF8000D59B0200F39B020000000000F16F02004D
:10BF900000000000F16F0200405F002081110200EC
:10BFA00000000000F16F020000000000F16F0200CD
:10BFB000942400205B950200790C0200F39B0200A0
:10BFC00000000000F16F020000000000F16F0200AD
:10BFD00000000000F16F020000000000F16F02009D
:10BFE00000000000F16F0200CC5E002051E3010070
:10BFF00000000000F16F020000000000F16F02007D
:10C0000060260020A1A4020000000000A1F00100B1
:10C0100000000000F16F020000000000F16F02005C
:10C0200000000000F16F020000000000F16F02004C
:10C0300000000000F16F020000000000F16F02003C
:10C0400000000000F16F0200000000002DFD010063
:10C0500000000000F16F020000000000F16F02001C
:10C0600000000000F16F020000000000F16F02000C
:10C0700000000000F16F020000000000F16F0200FC
:10C0800000000000F16F020000000000F16F0200EC
:10C0900000000000F16F020000000000F16F0200DC
:10C0A00000000000F16F020000000000F16F0200CC
:10C0B00000000000F16F020000000000F16F0200BC
:10C0C00000000000F16F020000000000F16F0200AC
:10C0D00000000000F16F020000000000F16F02009C
:10C0E00000000000F16F020000000000F16F02008C
:10C0F00000000000F16F020000000000F16F02007C
:0CC100003DDC0100EDD9010058020000F8
:08C10C0091E20100E1E10100F4
:10C114007F94020055E5010091E40100D5E301009C
:08C1240003940200C5E30100D1
:10C12C00F5E50100AF940200BD940200D594020025
:10C13C00E1940200ED94020001E801000795020071
:04C14C0000000000EF
:10C15000C5EA01000000000025E901000000000020
:08C160000000000041960200FE
:10C16800DB990200AD990200D5F10100B3990200F4
:10C17800C9DE0100A99202000D9302000000000030
:0CC18800459202000000000000000000D2
:10C19400139902007799020031990200499902002B
:10C1A400000000006399020000000000000000008D
:10C1B400000000000000000000000000000000007B
:10C1C400000000000000000000000000000000006B
:10C1D400050000006989010006000000B5C30100E4
:08C1E40004000000759C01003D
:10C1EC00110C0100C90A0100410C01000000000003
:10C1FC000000000000000000090901000000000020
:10C20C000000000000000000000000000000000022
:10C21C000000000089B201000000000000000000D6
:10C22C0050CE02000800000020CA020007000000E7
:10C23C004CCB0200050000006CC902000900000094
:10C24C00ACCA020008000000C8C702000C000000C5
:10C25C00A41703000300000013F202000300000007
:10C26C0092030300030000005704030003000000C6
:10C27C00B30C03000300000041F8020003000000AF
:10C28C00690803000300000073150300030000009D
:10C29C0048F8020003000000C4F102000300000093
:10C2AC009D05030003000000A41003000300000020
:10C2BC00BD01030003000000FE03030003000000A7
:10C2CC006B15030003000000FB09030003000000D2
:10C2DC0009F70200030000008B1B030003000000A1
:10C2EC00791B0300030000002CF80200030000007F
:10C2FC00FB1303000300000012EF02000300000018
:10C30C00CE17030003000000281A030003000000EE
:10C31C004FF7020003000000601803000300000048
:10C32C00131C0300030000009AF00200030000003D
:10C33C00FAF102000300000086180300030000005D
:10C34C0062190300030000001BED02000300000053
:10C35C00A9F0020003000000ADF002000300000091
:10C36C001DD902000300000056DA02000300000091
:10C37C00B71B0300030000008AF602000300000054
:10C38C00EEF6020003000000F6F6020003000000C7
:10C39C00DD1B030003000000E51C0300030000008C
:10C3AC0067EE020003000000EC190300030000001C
:10C3BC0035E40200030000002FF802000300000027
:10C3CC0005F702000300000023EF02000300000049
:10C3DC00F1ED0200030000000E1A03000300000040
:10C3EC001CC90200085C002098F10200010000004A
:10C3FC0029F8020000000000000000001D4C0100A4
:10C40C00FD4E010000000000BB0F03000100000006
:10C41C000000000007860200000000000000000081
:10C42C009810030001000000000000004DAC01005A
:10C43C00000000000000000090100300010000004C
:10C44C000000000021A301000DB10100000000005C
:10C45C006315030001000000000000003DD2010044
:10C46C0055D10100000000009E10030001000000E7
:10C47C000000000049A801006DA7010000000000A9
:10C490000000000003000000300000006000000009
:10C4A0000000000000000000102700000000000055
:10C4B00002000000A8000300AD000300B10003006B
:10C4C000B5000300B9000300BD0003000CE8020042
:10C4D000C1000300C5000300C9000300CD00030034
:10C4E000D1000300D5000300D9000300DD000300E4
:10C4F000E1000300E5000300E90003000100010082
:10C500000001010000010001000001000100000025
:10C5100001000B0002000A00050009000A000800E3
:10C52000140007001E000600320005004B00040046
:10C530006400030096000200FA000100F40100000C
:10C54000F401FA00960064004B0032001E00140053
:10C550000A000500020001000C0802170D0101028B
:10C560000909010106020918180301010909838359
:10C5700085030201230202240910040405050B0BA4
:10C58000040B2B1B1B159A9A1C021D16130501493F
:10C590000D150508061B1B0F01010000FEFEFEFE27
:10C5A000FEFEFEFEFEFEFEFEFEFEFEFEFEFEFEFEAB
:10C5B000FE16FEFEFEFEFEFEFEFEFEFEFEFE1F1F41
:10C5C000FE26FEFEFEFEFEFEFEFEFEFEFEFEFEFE63
:10C5D000FEFEFEFE3E3EFEFEFEFE3B3BA301B10321
:10C5E000BF05EF024906A309C505F50B251200009A
:10C5F00001000000101100400000000000000000D9
:10C6000000000000000000000406080A0C0E1012D2
:10C610001416181C1E20222426282A2C2E303234D0
:10C6200036383A3C3E40424446484A4C4E021A5044
:10C6300000000000280000001800000000000000BA
:10C64000141E0000301100000000000070170000F0
:10C65000A00F00000000DC05E8030000000000005F
:10C66000141E00003011000000002CA6E0A1000004
:10C670003408E803D8ECF0F4F8FC000203040506E3
:10C68000070800000000000000000000000000009B
:10C690000000000000000101010102020202030388
:10C6A000030304040404050505050606060809003D
:10C6B000000000000000000000000000000000007A
:10C6C000000000010101010202020203030303044E
:10C6D0000404040505050506060708090A0B0C0DE8
:10C6E00000100200FA00000001030062746C650093
:10C6F000000000000000000000000000000000003A
:10C700000000000000000000000000000000000029
:10C710000000000000000000000000000001000018
:10C720000338FDD87047000045E900000000000014
:10C73000D5E90000D5E80000F0D6020031D80200AB
:10C74000A4E002000000000028DA020039DA02004A
:10C7500047DA0200010000000400000005000000AC
:10C760000F000000190000003200000096000000D9
:10C77000FA000000F4010000E8030000BFE302003B
:10C78000C6E30200E8E3020005E4020092DA0200D8
:10C79000A4E0020023E402002FE4020010BF020024
:10C7A00000010203284000010000C2010C0000004B
:10C7B0000000000000000000000000000000000079
:10C7C000350A0100790A0100C4D10200D3870200B2
:10C7D00000000000651D030000000100C0D1020040
:10C7E0006F89020000000000E0230020000001002B
:10C7F000541D0300050801000000000000000000B7
:10C8000000000400BCD10200A5870200E9A90100D4
:10C81000C823002000000C00B8D102006F8902007C
:10C8200000000000C023002000000100431D0300A1
:10C8300000000000000000000000000000000000F8
:10C84000B4D10200A5870200E9A90100A8230020B5
:10C8500000000C00B0D102006F890200000000004F
:10C86000A023002000000100321D03000000000092
:10C87000000000000000000000000000ACD1020039
:10C88000A5870200E9A901008823002000000C0010
:10C89000A8D102006F890200000000008023002060
:10C8A00000000100211D030000000000690C0100D0
:10C8B0000000000000000800090800002BE802004A
:10C8C000010100001A2700200304000016270020A1
:10C8D000D835002000040000836A0200256A0200A7
:10C8E00002000000336C02000000000000000000A5
:10C8F00000000000000000007CF1020084F1020052
:10C900000000000000000000000000009CDA0200AF
:10C910008CF1020090F1020094F10200DD3301007D
:10C92000D133010001340100B933010000000000DF
:10C93000C5330100000000005D340100105C0020E0
:10C940006E650020100000000200000000000000E2
:10C950000000000000C007002CBF02000100000022
:10C9600000C00700004000002CBF0200FCD1020004
:10C97000D387020000000000F8D10200000001008F
:10C98000F4D102006F89020000000000142400208E
:10C9900000000100ECD10200176D02000000000051
:10C9A000A8F1020000000100E8D102006F89020036
:10C9B000000000000C24002000000100E0D1020073
:10C9C000176D020000000000B7F102000000010036
:10C9D000DCD102006F890200000000000424002066
:10C9E00000000100D4D102007935010000000000F0
:10C9F0001C27002000000100D0D102006F89020036
:10CA000000000000FC23002000000100C8D102004B
:10CA1000176D0200000000000AE80200000001009B
:10CA200028D20200D38702000000000024D20200B6
:10CA30000000010020D202006F8902000000000007
:10CA40002C2400200000010018D202007F6D02009B
:10CA500000000000000000000000010014D20200ED
:10CA60006F89020000000000242400200000010063
:10CA70000CD202004B6D020000000000000000001C
:10CA80000000010008D202006F89020000000000CF
:10CA90001C2400200000010000D202009535010096
:10CAA00000000000000000000000010058D2020059
:10CAB000D38702000000000054D2020000000100F1
:10CAC00050D202006F890200000000005C240020A8
:10CAD0000000010048D20200000000000000000039
:10CAE000000000000000000044D20200A587020000
:10CAF000E9A90100442400200000030040D2020004
:10CB00006F890200000000003C24002000000100AA
:10CB100038D20200D1350100000000000000000002
:10CB20000000010034D202006F8902000000000002
:10CB300034240020000001002CD20200000000007C
:10CB400059360100000000000000020074D202000B
:10CB5000D38702000000000070D202000000010034
:10CB60006CD202006F890200000000007C240020CB
:10CB70000000010064D20200ED3601000000000058
:10CB8000000000000000010060D20200A587020042
:10CB9000E9A9010064240020000003005CD2020027
:10CBA000918A02000000000078D20200000001001B
:10CBB000E53A010000000000000000000000000055
:10CBC0004D6E020000000000316E0200C020002007
:10CBD0000000000000000B0602000000E0CB020095
:10CBE00000000000DAF6020024000202000000202B
:10CBF000E2F6020020000B11842400208549010088
:10CC0000000000007B700200FCCB020018CC020088
:10CC1000000100000000000060A10020FCCB020029
:10CC20002CCC02002E00000000000000B0AE00205E
:10CC3000FCCB020040CC020002010000000000001A
:10CC400084AF0020ED0003000B0103002601030068
:10CC500036010300430103004C01030053010300AC
:10CC60005A0103006101030069010300430103004D
:10CC7000710103008301030098010300AB0103006D
:10CC80000E030000BD6601000F040000896601006C
:10CC90001A0100002551010005040000C1510100E6
:10CCA00013010000215401003E01000099560100CB
:10CCB00001120000CD7402000A1E0000FB74020085
:10CCC000FF0100000D5801003E010000ED5701007A
:10CCD000050400000D52010008040000D55C0100AD
:10CCE00030030000495C010010010000B552010052
:10CCF00001120000916301000A1E0000B9750200D4
:10CD000003090000A9590100040B0000CD530100E4
:10CD1000060A0000C5650100070A000085520100EF
:10CD20000C05000051520100050C000001650100D6
:10CD3000FCCB020040CD02004700000000000000D4
:10CD4000A0B000209AE50200F507030015080300D3
:10CD50000908030020080300370803004708030000
:10CD6000B80B03005B080300FCCB020078CD020087
:10CD70000000000000000000C0B10020FCCB020059
:10CD80008CCD02000001000000000000E8B100208E
:10CD9000977B0200E97B0200000000000000000019
:10CDA00000000000718C0100000000000000000085
:10CDB00000000000000000000202010043810200A8
:10CDC000040401005998010006060100999701002A
:10CDD00008040100859601000A0201002B8102006F
:10CDE0000C040100138102000E0401006195010092
:10CDF00020040100CD94010010040100DD93010026
:10CE000012020100B580020016040100C59801005D
:10CE100018010100899201001E000400D384020061
:10CE2000520200008B800200FCCB020038CE0200D0
:10CE3000020100000000000060B50020FCCB0200F1
:10CE40004CCE0200F70000000000000060B9002096
:10CE5000ACD20200D387020000000000A8D202007A
:10CE600000000100A4D202006F890200000000004F
:10CE7000EC250020000001009CD202000000000010
:10CE800000000000000000000000000098D2020036
:10CE9000A5870200E9A90100F42500200000030095
:10CEA00094D202006F89020000000000E4250020F7
:10CEB000000001008CD202000B88020065AB01006B
:10CEC000000000000000030088D202006F89020009
:10CED00000000000DC2500200000010080D20200DC
:10CEE00021B001000000000000000000000001006F
:10CEF00031C3010067900200A1CD010000000000D5
:10CF00000000000075CA01000000000000000000E1
:10CF10000000000000000000000000000000000011
:10CF2000DDC40100060000002D8E02000600000096
:10CF300099C00100100000000DBD010010000000AC
:10CF400041CD0100010000005B8C020010000000D8
:10CF5000298E02000A000000E1C301001000000059
:10CF600059CB010007000000318E020010000000C4
:10CF7000298D0200010000006DC201004000000088
:10CF8000CD8D020010000000498D0200010000005C
:10CF90002DDE0100FDDD01000000000079DF010051
:10CFA000F9DE0100C2170300379302003393020039
:10CFB000C81703000400000000FF0000FF0300008A
:10CFC0000003005094240020000000000100000035
:10CFD000FFFFFFFF0000005094240020000000002D
:10CFE0000000000000300040F0CF0200010000000F
:10CFF000F8CF0200020000001400000C0E00000B2D
:10D0000000000080FFFFFF7F000000800000008024
:10D01000FFFFFF7F00000080881300000000000079
:10D020000A1F030000FF0800A0BE02000C00000061
:10D0300099F301001F9A02004D9A020008000000B7
:10D04000030000009B1C0300A91C0300BD1C03007F
:10D05000CC1C0300D81C030080BD020080BD020070
:10D06000E0BD0200E8BD020050BE020068BE020042
:10D07000E81C030000010000000000003DBC0200AD
:10D08000512563FCC2CAB9F3849E17A7ADFAE6BC6A
:10D09000FFFFFFFFFFFFFFFF00000000FFFFFFFF9C
:10D0A000AAAAAAAAAAAAAAAAAAAAAAAA5555555534
:10D0B0005555555555555555000000005555555574
:10D0C000522563FCC2CAB9F3849E17A7ADFAE6BC29
:10D0D000FFFFFFFFFFFFFFFF00000000FFFFFFFF5C
:10D0E000512563FCC2CAB9F3849E17A7ADFAE6BC0A
:10D0F000FFFFFFFFFFFFFFFF00000000FFFFFFFF3C
:10D1000096C298D84539A1F4A033EB2D817D0377E1
:10D11000F240A463E5E6BCF847422CE1F2D1176B7C
:10D12000F551BF376840B6CBCE5E316B5733CE2B4F
:10D13000169E0F7C4AEBE78E9B7F1AFEE242E34F7E
:10D140004B60D2273E3CCE3BF6B053CCB0061D65BB
:10D15000BC86987655BDEBB3E7933AAAD835C65A44
:10D16000FCFFFFFFFFFFFFFFFFFFFFFF00000000CE
:10D17000000000000000000001000000FFFFFFFFB2
:10D18000647261676F6F6E2F6C6962732F7363686F
:10D1900065642F7372632F73636865645F68616C85
:10D1A0005F7274632E6300000000032800000229F0
:10D1B00000000328000002290000032800000229C3
:10D1C00000000328000000280000262A0000262A6C
:10D1D000000003280000502A0000502A0000032805
:10D1E0000000292A0000292A000003280000242A20
:10D1F0000000242A0000032800000A18000000286C
:10D200000000042A0000042A000003280000012A6C
:10D210000000012A000003280000002A0000002A64
:10D220000000032800000018000000280000392A30
:10D230000000392A000003280000382A0000382A9C
:10D2400000000328000002290000372A0000372AC6
:10D250000000032800000D18000000280000042929
:10D26000000002290000192A0000192A00000328E2
:10D2700000000F18000000280400AD27010006017F
:10D2800000002A2B00002A2B000003280000292B75
:10D290000000292B00000328000002290000052AB5
:10D2A0000000052A000003280000011800000028E3
:10D2B00064757479207365743A202575207320771E
:10D2C000696E646F772065766572792025752073A5
:10D2D000202825752525290020706F7765722D6F10
:10D2E0006E0020646562756700206C702D77616B3D
:10D2F0006500424F54482048454C44204C4F57202D
:10D300002D2D2073686F72746564207261696C20C2
:10D310006F7220474E442062726964676500626FD5
:10D3200074682072656C65617365642C2062757326
:10D33000206C6F6F6B73206865616C746879005343
:10D34000434C2048454C44204C4F57202D2D206203
:10D350007269646765206F6E2055352E3131202843
:10D360006E6F20736C6176652063616E20646F2040
:10D370007468697329005344412048454C44204C4B
:10D380004F57202D2D20737475636B20736C61765D
:10D3900065206F7220627269646765206F6E205528
:10D3A000352E3130002028617070207265717565EE
:10D3B0007374656429005B424C455D0066696E6765
:10D3C0006572206F6E2C20616371756972696E677A
:10D3D000006E6F2066696E6765720020286E6F2090
:10D3E00066696E676572290072696E672066697288
:10D3F0006D77617265207374617274696E67007213
:10D40000657365742063617573653A2057415443B1
:10D4100048444F47202830782530387829202D2D52
:10D4200020746865206D61696E206C6F6F70207369
:10D43000746F707065642066656564696E672069E5
:10D44000740072657365742063617573653A205367
:10D450004F46545741524520283078253038782996
:10D46000202D2D20666174616C206572726F7220B0
:10D4700068616E646C6572206F72207379735F727D
:10D4800065626F6F74007265736574206361757394
:10D49000653A203078253038782573257325732533
:10D4A000730069326330206F7220626F6F73742073
:10D4B000726567756C61746F72206E6F742072652F
:10D4C0006164790042555320202069646C65206CAA
:10D4D0006576656C733A205344412850302E3230C3
:10D4E000293D25642053434C2850302E3134293DAA
:10D4F000256420202D3E20257300425553202020F6
:10D500007265636F7665722025643A2072633D25EB
:10D5100064202D3E205344413D25642053434C3D1F
:10D5200025640042555320202072656C6561736547
:10D5300064206166746572202564207265636F766D
:10D5400065727920706173732865732900425553A1
:10D55000202020534441207374696C6C206C6F77D9
:10D56000206166746572207265636F7665727920DA
:10D570002D2D206E6F742061206C6174636865646A
:10D5800020736C6176653B207375737065637420DE
:10D5900061206272696467652066726F6D2055351F
:10D5A0002E31302F53444120746F20474E440042A7
:10D5B0004C4520646964206E6F74207374617274CA
:10D5C0002028256429202D2D206E6F20616476652A
:10D5D00072746973696E672C206E6F206170702C95
:10D5E000206E6F207374617475733B2073656E7366
:10D5F000696E6720636F6E74696E75657320626C07
:10D60000696E64004D41584D3836313631206E6FA9
:10D610007420726573706F6E64696E672061742028
:10D62000626F6F74202D2D2077696C6C2072657489
:10D630007279207768656E2061206D6561737572FF
:10D64000656D656E742077696E646F77206F7065A5
:10D650006E730042454E43485F504F5745525F4CF2
:10D660004544206F6E3A20677265656E2068656C70
:10D670006420736F6C69642C20626F6F7374206E0A
:10D680006576657220736C65657073007374617480
:10D6900065202D3E20257300504D494320756E7244
:10D6A0006561636861626C6520666F722025752014
:10D6B00073202D2D206C656176696E67206368612B
:10D6C0007267696E672073746174652C206368618A
:10D6D000726765722063616E206E6F206C6F6E677B
:10D6E000657220626520636F6E6669726D656400A5
:10D6F00069646C65006261747465727920256420C8
:10D700006D5600494D55207265636F76657265648C
:10D710002C2077616B652072652D61726D656400E8
:10D72000494D5520756E7265636F76657261626CE6
:10D73000653A20256420696E69742D7468656E2DC4
:10D740006661696C206379636C6573206F66202560
:10D7500064206661696C656420726561647320771A
:10D76000697468206E6F20676F6F642072656164F2
:10D7700020696E206265747765656E202D2D206EA0
:10D780006F2066757274686572207265747269655F
:10D790007320756E74696C20726573657400494DF1
:10D7A0005520756E726573706F6E73697665206152
:10D7B00066746572202564207265616473202D2D66
:10D7C000206D61726B696E6720756E696E69746930
:10D7D000616C697365642C2072652D696E697420B3
:10D7E000696E2025752073006D6F74696F6E2077E8
:10D7F000616B6500626F6F737420656E61626C654A
:10D80000206661696C6564202825642900505047B2
:10D81000207374617274206661696C6564202825C8
:10D820006429007374617465202D3E20257325736F
:10D83000006D6561737572696E6700756E657870ED
:10D840006563746564204649464F207461672030E3
:10D85000782530327820286461746120257529008C
:10D860006265617420202025752E25752062706DFB
:10D8700000646320256420206163202564202050FB
:10D88000492025642E256425252020485220257511
:10D890002E25752062706D20257300646320256439
:10D8A00020206163202564202050492025642E25F6
:10D8B000642525202028257329004649464F2072DB
:10D8C000656164206661696C6564202825642900AF
:10D8D00050504720756E726573706F6E7369766510
:10D8E000206166746572202564207265616473200E
:10D8F0002D2D206D61726B696E6720616273656E9C
:10D90000742C2077696C6C2072652D70726F626563
:10D91000206E6578742077696E646F77006D616939
:10D920006E003078253032782020626172653D25A6
:10D930006420207074725F77726974653D2564207D
:10D940002073706C69743D256428307825303278F6
:10D95000292020726573746172743D2564283078C3
:10D9600025303278290030782530327820616E7386
:10D9700077657265642062757420504152545F4926
:10D9800044206973203078253032782C20657870F7
:10D99000656374656420307825303278004D4158D5
:10D9A0004D383631363120666F756E6420617420D3
:10D9B0003078253032782028504152545F49442035
:10D9C0003078253032782C2052455620307825305A
:10D9D0003278290077726974652030782530327882
:10D9E000203D20307825303278206661696C65648E
:10D9F0002028256429005050472072756E6E696E8C
:10DA0000673A2025732C2050412030782530327819
:10DA100020287E25752E25303275206D41292C2039
:10DA200031303020737073004C454431206772658B
:10DA3000656E203533306E6D004C454432204952BE
:10DA4000203838306E6D004C4544332072656420B8
:10DA50003636306E6D006D61786D38363136310096
:10DA600009636F6E76657273696F6E207265737588
:10DA70006C74206973206F7574206F662072616EFC
:10DA800067650A00475352202020414443206E6FAF
:10DA900074207265616479002025753D657272009D
:10DAA0002025753D25646D560047535220202041A6
:10DAB000494E207363616E2028696E6465783D6D00
:10DAC000562C20657870656374207E353030206F69
:10DAD0006E207468652050302E3033206F6E6529BB
:10DAE0003A25730020636825753D657272256400D0
:10DAF00020636825753D25646D56004753522020EC
:10DB0000206368616E6E656C20412F422C20696E27
:10DB10007075742066697865642061742041494E8F
:10DB2000313A2573004753522020207061746820D9
:10DB3000412F423A206474207261773D256420654C
:10DB400072723D25642F25642F2564207365717BD7
:10DB500063683D30782578207265733D2575206FA8
:10DB600076733D25752063616C3D25757D207C7C39
:10DB70002068616E64207261773D25642065727251
:10DB80003D25642F256400475352202020647420D3
:10DB9000737065633A2063685F69643D2575206929
:10DBA0006E7075745F703D257520696E7075745F59
:10DBB0006E3D257520646966663D2575206761693F
:10DBC0006E3D2575207265663D2575206163713D4A
:10DBD0002575207265733D257500504D4943202001
:10DBE0004251323531323041204030782530327860
:10DBF00020756E726561636861626C6520282564BA
:10DC000029202D2D206E6F7420636F6E66696775F5
:10DC10007265643B206368617267696E672077692B
:10DC20006C6C206E6F7420776F726B00504D49439F
:10DC300020206368617267652063757272656E7417
:10DC4000202564206D41202D3E203230206D410082
:10DC5000504D494320205453206D6F6E69746F728C
:10DC60002064697361626C6564202D2D2063686196
:10DC70007267696E672077697468206E6F206261D1
:10DC800074746572792074656D70657261747572F3
:10DC900065206C696D6974002020202869646C65BA
:10DCA00029004753522020202564206D5620204211
:10DCB000454C4F572042494153206279202564202A
:10DCC0006D56202D2D2063757272656E7420696EFD
:10DCD0006A65637465642C206E6F7420736B696E63
:10DCE000004753522020202564206D5620202564B3
:10DCF0002E25642075532573006368617267657211
:10DD00002061747461636865642C20636861726764
:10DD1000696E6720656E61626C6564006F6E20627B
:10DD20006174746572792C204344206869676820A7
:10DD3000666F722049324300504D49432020756E72
:10DD4000726561636861626C6520282564290050F2
:10DD50004D49432020257320287374617475732006
:10DD6000307825303278290044495341424C4544AB
:10DD7000202843453D312900484947482D5A006E27
:10DD80006F7420686967682D5A0064697361626CFA
:10DD90006564004C534D36445356004C534D364445
:10DDA0005356313642580020202D2D206E65617269
:10DDB000207A65726F3B206F70656E20656C6563BD
:10DDC00074726F6465732073686F756C6420696426
:10DDD0006C6520617420565F52454620287E3530A0
:10DDE00030206D5629007261696C2072656163682C
:10DDF0006573207468652070696E00535455434BF9
:10DE0000204C4F57202D2D205537206E657665729A
:10DE1000206765747320706F776572006E6F64653C
:10DE2000206672656520286F702D616D70206E6FA1
:10DE3000742064726976696E6720697429006E6F58
:10DE400064652048454C44204C4F57202D2D2062BE
:10DE50007269646765206F72204331302073686F88
:10DE600072740064726976656E2068696768007311
:10DE7000657269657320696D706564616E63652C98
:10DE8000206E6F7420612073686F72743A2066612F
:10DE9000756C74206973205537202F205233202F42
:10DEA000205234202F20565F524546207369646506
:10DEB00000484152442053484F5254206F6E207402
:10DEC0006865204753525F414443206E65743A2091
:10DED00055352E31392C205236206F722043313087
:10DEE0000041637469766520426174746572792CAF
:10DEF0002049324320656E61626C65640048692D7B
:10DF00005A2C20504D494320493243204F46460069
:10DF10002D2D2D2D20626F6172642073656C662D2E
:10DF200074657374202D2D2D2D00504D49432020F4
:10DF3000425132353132304120403078253032780C
:10DF40003A20726573746172743D25642070747236
:10DF50005F77726974653D25642073706C69743DE8
:10DF600025642830782530327829207265675F77FC
:10DF7000726974653D256400504D4943202042512B
:10DF800032353132304120403078253032783A20F5
:10DF900025732020287374617475732030782530C0
:10DFA00032782C206661756C74732030782530329D
:10DFB000782900504D4943202063686172676520CD
:10DFC00063757272656E74202564206D412C206328
:10DFD0006861726765722025732C202573202028C4
:10DFE00030783033203D2030782530327829005089
:10DFF0004D4943202054532025732C206661756CB5
:10E00000743A20257320202830783032203D20308B
:10E0100078253032782900504D4943202054532030
:10E020006D6F6E69746F722064697361626C656490
:10E0300020286E6F204E54432066697474656429ED
:10E0400000504D494320206E6F2063686172676500
:10E05000722070726573656E74202D2D20434420EC
:10E0600068656C64206869676820666F7220493251
:10E070004300504D494320206368617267657220F8
:10E080006465746563746564202D2D2043442064A9
:10E09000726976656E206C6F7720746F20656E6193
:10E0A000626C65206368617267696E6700504D49F4
:10E0B000432020616674657220656E61626C653A0A
:10E0C000202573202028737461747573203078259F
:10E0D0003032782900504D4943202056494E206F58
:10E0E000766572766F6C7461676500504D494320A8
:10E0F0002056494E20756E646572766F6C74616748
:10E100006500504D49432020626174746572792026
:10E1100055564C4F00504D49432020626174746540
:10E120007279206F76657263757272656E740042E3
:10E13000415454202072656164206661696C656495
:10E140002028256429004241545420202564206D54
:10E150005620202825752525206F662056424154DB
:10E160005245472C202B2F2D3432206D56206D6FB9
:10E170006E69746F72207265736F6C7574696F6EFF
:10E180002900494D552020204C534D3644535620EC
:10E19000403078253032783A206E6F20616E737788
:10E1A0006572202825642900494D55202020756E70
:10E1B0006B6E6F776E2057484F5F414D5F4920303F
:10E1C000782530327820617420307825303278001C
:10E1D000494D552020204354524C312077726974A8
:10E1E00065206661696C6564202825642900494DB5
:10E1F00055202020616363656C2072656164206630
:10E2000061696C6564202825642900494D552020EA
:10E210002025732040307825303278202857484F09
:10E220005F414D5F4920307825303278293A2061AE
:10E230006363656C20256420256420256420202DDF
:10E240003E202564202564202564206D6700475307
:10E250005220202072656164206661696C656420CB
:10E26000282564290047535220202041494E31205F
:10E270002850302E303329203D202564206D562033
:10E2800077697468204753525F505752206F6E254C
:10E2900073002025753D25640047535220202064DB
:10E2A0007572696E672073776565703A20475352BF
:10E2B0005F5057522050494E5F434E463D307825BF
:10E2C000303878204F55543D257500475352202053
:10E2D00020736574746C6520737765657020286D94
:10E2E000733D6D56293A257300475352202020472D
:10E2F00053525F5057522850302E313129206472CA
:10E300006976656E2068693D2564206C6F3D2564E3
:10E31000202D3E2025730047535220202047535282
:10E320005F4144432850302E3033292070756C6C87
:10E330002D75703D25642070756C6C2D646F776E43
:10E340003D2564202D3E2025730047535220202078
:10E350004753525F41444320666F7263656420688F
:10E360006967683A207265616473202564202D3ED8
:10E370002025730050494E5320204344202850311B
:10E380002E303029203D202564205B25735D2C2014
:10E39000204143435F494E54202850302E313629C6
:10E3A000203D202564002D2D2D2D2073656C662DBC
:10E3B0007465737420646F6E65202D2D2D2D006E95
:10E3C0006F726D616C006F7574206F662072616E84
:10E3D0006765202D204348415247494E47205355F9
:10E3E0005350454E44454400636F6F6C202D2063AD
:10E3F00068617267652063757272656E742068610A
:10E400006C766564007761726D202D20636861729F
:10E41000676520766F6C74616765207265647563EB
:10E4200065640063686172676520646F6E650046AD
:10E4300041554C540073656C667465737400707557
:10E44000626C69630072616E646F6D007075626CFE
:10E4500069632D69640072616E646F6D2D6964007B
:10E46000253032583A253032583A253032583A253C
:10E470003032583A253032583A2530325820282543
:10E48000732900736563757269747920776974689C
:10E49000202573206661696C6564206174206C6559
:10E4A00076656C2025752028657272202564290008
:10E4B0007365637572697479207769746820257350
:10E4C000206973206C6576656C2025750070616924
:10E4D00072696E67207769746820257320666169A8
:10E4E0006C65642028726561736F6E202564290055
:10E4F000796573006E6F0070616972656420776979
:10E5000074682025732C20626F6E64656420257307
:10E510000070616972696E6720776974682025737D
:10E520002063616E63656C6C65640070616972691B
:10E530006E672072657175657374656420627920F9
:10E5400025732C20616363657074696E6720284AA7
:10E5500075737420576F726B732900646973636FEE
:10E560006E6E65637465642028726561736F6E20DA
:10E5700030782530327829007265706C6163696E7D
:10E5800067206120636F6E6E656374696F6E2074BF
:10E59000686174206E6576657220646973636F6E5E
:10E5A0006E656374656400636F6E6E656374656445
:10E5B00020746F20257300636F6E6E656374696FDE
:10E5C0006E206661696C6564202830782530327869
:10E5D00029006164766572746973696E672072657B
:10E5E00073746172746564006164766572746973D2
:10E5F000696E67206661696C656420746F2072655E
:10E6000073746172742028256429202D2D2074686C
:10E61000652072696E6720697320696E7669736917
:10E62000626C6520746F2065766572792070686F02
:10E630006E6520756E74696C2069742072657365EF
:10E640007473006F666600636F6E74726F6C3A204D
:10E650005050472073747265616D696E6720257331
:10E6600000636F6E74726F6C3A20494D552073745D
:10E670007265616D696E6720257300636F6E7472D9
:10E680006F6C3A206D656173757265206E6F7700EF
:10E69000636F6E74726F6C3A20647574792025759F
:10E6A0002073206576657279202575207300636F6D
:10E6B0006E74726F6C3A20636C65617220626F6E6B
:10E6C0006473206661696C65642028256429006391
:10E6D0006F6E74726F6C3A20626F6E647320636C3D
:10E6E0006561726564202D2D20746865206E6578E3
:10E6F0007420636F6E6E656374696F6E20686173FA
:10E7000020746F207061697220616761696E0063B7
:10E710006F6E74726F6C3A20756E6B6E6F776E20D1
:10E720006F70636F646520307825303278006175D2
:10E7300074682063616C6C6261636B732072656ADC
:10E7400065637465642028256429006175746820F8
:10E75000696E666F2063616C6C6261636B732072BB
:10E76000656A656374656420282564290062745FA6
:10E77000656E61626C65206661696C656420282540
:10E7800064290073657474696E67735F6C6F61648C
:10E79000206661696C65642028256429202D2D2060
:10E7A000424C4520737461636B206E6F7420666900
:10E7B0006E616C697365642C206E6F206164766590
:10E7C00072746973696E672C20626F6E6473206C5B
:10E7D0006F7374006164766572746973696E672023
:10E7E0006661696C656420746F2073746172742053
:10E7F00028256429006669726D77617265207265EB
:10E80000766973696F6E20257300302E342E3000C8
:10E810006164766572746973696E6720617320251F
:10E82000732C20616464722025730052696E672026
:10E830005050470073657276696365733A20486586
:10E8400061727420526174652C2042617474657227
:10E85000792C2044657669636520496E666F726D18
:10E860006174696F6E2C2052696E670052696E6721
:10E87000205365727669636520726571756972658A
:10E880007320616E20656E63727970746564206CAC
:10E89000696E6B20284A75737420576F726B7320F2
:10E8A00070616972696E6729006E6F20616E73779F
:10E8B00065722061742030782530327820282564F4
:10E8C0002900756E65787065637465642057484FDC
:10E8D0005F414D5F49203078253032780025732024
:10E8E0006174203078253032780064726976656E04
:10E8F000206C6F7720286E657420696E7461637474
:10E9000029004F50454E2C206E6F7468696E672049
:10E9100064726976696E672050302E313600696EF8
:10E92000636F6E73697374656E7400647269766583
:10E930006E20686967682028617373657274656406
:10E94000290070696E2043414E206472697665200B
:10E95000686967683B2077616B6520726F757469C1
:10E960006E6720697320746865206661756C740039
:10E9700070696E20535455434B204C4F573B2049F0
:10E980004E5431206F7574707574207374616765AF
:10E9900020697320746865206661756C74006E650B
:10E9A0007420636C65616E2C20494D552072656C36
:10E9B0006561736573206974004143435F494E5438
:10E9C0002048454C44204C4F572065787465726E42
:10E9D000616C6C79202D2D2073686F727420746FB8
:10E9E00020474E44206F722064656164207061642A
:10E9F00000726561646261636B2042414E4B3D3041
:10EA000078253032782049465F4346473D307825A7
:10EA1000303278204354524C313D307825303278B2
:10EA2000205441505F434647303D3078253032789E
:10EA300020494E4143545F4455523D307825303291
:10EA40007800726561646261636B2057414B455F7A
:10EA50005448533D3078253032782057414B455F3C
:10EA60004455523D307825303278204D44315F4353
:10EA700046473D3078253032782046554E435F4535
:10EA80004E3D307825303278006E6F7420696E20EC
:10EA9000746865206D61696E20726567697374655D
:10EAA000722062616E6B202846554E435F43464795
:10EAB0005F4143434553533D307825303278292018
:10EAC0002D2D2065766572792077726974652061D5
:10EAD000626F76652077656E7420746F2074686548
:10EAE0002077726F6E67207061676500494E543100
:10EAF000206973206F70656E2D647261696E2028C5
:10EB000049465F4346473D307825303278292061B9
:10EB10006E64204143435F494E5420686173206E08
:10EB20006F2070756C6C2D7570202D2D20697420F0
:10EB300063616E206E657665722064726976652009
:10EB40006869676800494E543120697320616374B5
:10EB50006976652D6C6F77202849465F4346473DAF
:10EB600030782530327829206275742074686520E9
:10EB70004750494F2069732061726D656420666F4C
:10EB800072206120726973696E6720656467650031
:10EB900077616B6520636F6E6669672064696420C6
:10EBA0006E6F7420737469636B004143435F494E19
:10EBB00054206E657420746573743A2070756C6CA3
:10EBC0002D75703D25642070756C6C2D646F776EAB
:10EBD0003D256420202D3E20257300494E543120D0
:10EBE00064726976652074657374202844524459B0
:10EBF0005F584C2C203430206D73293A2025642F27
:10EC00003430302073616D706C657320686967689B
:10EC1000202D3E2025730050302E31362050494E95
:10EC20005F434E463D3078253038782020444952A5
:10EC30003D257520494E5055543D25752050554C65
:10EC40004C3D2575202833203D2070756C6C2D754A
:10EC5000702900494E54312072656C6561736520DE
:10EC60007465737420286F70656E2D647261696EAF
:10EC7000202B2070756C6C2D7570293A2070696E90
:10EC80003D2564202D3E2025730077616B652D6F37
:10EC90006E2D6D6F74696F6E2061726D65643A20C0
:10ECA0002575206D672028574B5F5448533D2575C7
:10ECB00029202D3E20494E5431202D3E2050302E0B
:10ECC00025640020203C2D2D2057555F49410077B9
:10ECD000616B6520646961673A20494E5431207048
:10ECE000696E3D25642057414B455F55505F535237
:10ECF000433D30782530327820414C4C5F494E54AA
:10ED00005F5352433D307825303278206973725F0B
:10ED1000666C61673D256C64257300696D750077CD
:10ED200061746368646F6720646576696365206EEB
:10ED30006F74207265616479202D2D2072756E6E5E
:10ED4000696E6720756E70726F74656374656400B8
:10ED50007764745F696E7374616C6C5F74696D6500
:10ED60006F7574206661696C6564202825642920AC
:10ED70002D2D2072756E6E696E6720756E70726FC4
:10ED8000746563746564007764745F73657475702B
:10ED9000206661696C65642028256429202D2D205A
:10EDA00072756E6E696E6720756E70726F746563D2
:10EDB000746564007761746368646F672061726D65
:10EDC00065643A202564206D732C20726573657428
:10EDD000732074686520536F432C207061757365D0
:10EDE0007320756E6465722064656275676765720D
:10EDF00000776474006865617020636F727275706B
:10EE000074696F6E20286E6F7420696E207573654B
:10EE10003F29206174202570006865617020636F50
:10EE20007272757074696F6E20286275666665729D
:10EE3000206F766572666C6F773F2920617420259C
:10EE400070006865617020636F7272757074696FAD
:10EE50006E2028646F75626C6520667265653F2957
:10EE6000206174202570006F735F686561700028F1
:10EE7000756E7369676E6564292063686172202A04
:10EE8000207573656420666F72202525702061727D
:10EE900067756D656E742E204974277320726563E3
:10EEA0006F6D6D656E64656420746F20636173744B
:10EEB00020697420746F20766F6964202A2062654F
:10EEC0006361757365206974206D61792063617574
:10EED0007365206D69736265686176696F72206918
:10EEE0006E206365727461696E20636F6E66696718
:10EEF00075726174696F6E732E20537472696E67D8
:10EF00003A2225732220617267756D656E743A2509
:10EF1000640063627072696E74665F7061636B61D6
:10EF20006765007379735F6765746F7074004E5620
:10EF300053206E6F7420696E697469616C697A65BB
:10EF40006400436F756C64206E6F74206F6274612F
:10EF5000696E20666C61736820706172616D6574A2
:10EF600065727300556E737570706F72746564208E
:10EF7000777269746520626C6F636B2073697A6560
:10EF800000536563746F722073697A65202575205C
:10EF9000746F6F206C617267652C206D6178696D8C
:10EFA000756D20697320257A7500556E61626C65F8
:10EFB00020746F20676574207061676520696E66D4
:10EFC0006F00496E76616C696420736563746F725B
:10EFD0002073697A6500436F6E6669677572617444
:10EFE000696F6E206572726F72202D207365637475
:10EFF0006F7220636F756E7400416C6C2073656373
:10F00000746F727320636C6F7365642C206572611A
:10F0100073696E6720616C6C20736563746F7273C3
:10F020002E2E2E00256420536563746F7273206F3B
:10F030006620256420627974657300616C6C6F636F
:10F04000207772613A2025642C2025780064617451
:10F0500061207772613A2025642C2025780047438F
:10F0600020446F6E65206D61726B657220666F75EE
:10F070006E64004E6F20474320446F6E65206D61C3
:10F08000726B657220666F756E643A207265737478
:10F09000617274696E672067630066735F6E767372
:10F0A000006C6F6767696E67006C6F67006C6F67F5
:10F0B0005F6D676D74004D6573736167652028220D
:10F0C000257322292064726F707065642062656305
:10F0D0006175736520697420657863656564732064
:10F0E00073697A65206C696D69746174696F6E20EB
:10F0F00028257529004D6573736167652064726FFB
:10F100007070656420626563617573652069742041
:10F11000657863656564732073697A65206C696DD1
:10F1200069746174696F6E2028257529000D0A00C5
:10F130001B5B306D00257320005B2530386C755DDE
:10F1400020005B253032753A253032753A25303251
:10F15000752E253033752C253033755D20003C2508
:10F16000733E200025732F0025733A20002530328E
:10F17000782000202020007C002563001B5B313BB1
:10F1800033316D001B5B313B33336D0077726E00A2
:10F19000696E6600646267006C6F675F6261636BD3
:10F1A000656E645F7274740052696E6720414E4EE2
:10F1B000412D423430320052696E672070726F6A9E
:10F1C0006563740062745F64697300485253206E13
:10F1D0006F74696669636174696F6E73202573006B
:10F1E000485253204354524C20506F696E7420573C
:10F1F00072697474656E2025640068727300424100
:10F2000053204E6F74696669636174696F6E732011
:10F21000257300626173007365742D76616C75658A
:10F22000206661696C7572652E206B65793A2025C0
:10F2300073206572726F7228256429002A2A2A2099
:10F24000426F6F74696E67206E524620436F6E6E18
:10F250006563742053444B2076332E342E302D3981
:10F260003935353330353536303762202A2A2A0A87
:10F27000002A2A2A205573696E67205A65706879BA
:10F2800072204F532076342E342E302D6266383063
:10F290003165346533643139202A2A2A0A007230F4
:10F2A0002F61313A20203078253038782020723193
:10F2B0002F61323A20203078253038782020723281
:10F2C0002F61333A20203078253038780072332F80
:10F2D00061343A2020307825303878207231322F4E
:10F2E00069703A2020307825303878207231342FF8
:10F2F0006C723A202030782530387800207870738E
:10F30000723A2020307825303878004661756C7468
:10F31000696E6720696E737472756374696F6E20AD
:10F320006164647265737320287231352F706329AC
:10F330003A2030782530387800556E68616E646CFC
:10F340006564204952516E3A202564002A2A2A2AEF
:10F350002A205553414745204641554C54202A2ADE
:10F360002A2A2A0020204469766973696F6E206218
:10F3700079207A65726F002020556E616C69676E26
:10F380006564206D656D6F72792061636365737369
:10F390000020204E6F20636F70726F636573736F10
:10F3A0007220696E737472756374696F6E73002076
:10F3B00020496C6C6567616C206C6F6164206F66BE
:10F3C000204558435F52455455524E20696E746F24
:10F3D000205043002020496C6C6567616C20757378
:10F3E00065206F66207468652045505352002020C8
:10F3F000417474656D707420746F206578656375F1
:10F40000746520756E646566696E656420696E73E7
:10F410007472756374696F6E002A2A2A2A2A204240
:10F420005553204641554C54202A2A2A2A2A002086
:10F4300020537461636B696E67206572726F72002E
:10F440002020556E737461636B696E6720657272FC
:10F450006F72002020507265636973652064617467
:10F460006120627573206572726F720020204246BF
:10F47000415220416464726573733A203078257874
:10F48000002020496D707265636973652064617442
:10F490006120627573206572726F72002020496E60
:10F4A000737472756374696F6E2062757320657210
:10F4B000726F72002020466C6F6174696E672D70E8
:10F4C0006F696E74206C617A792073746174652041
:10F4D000707265736572766174696F6E20657272A1
:10F4E0006F72002A2A2A2A2A204D5055204641555B
:10F4F0004C54202A2A2A2A2A002020537461636B44
:10F50000696E67206572726F722028636F6E746512
:10F5100078742061726561206D6967687420626526
:10F52000206E6F742076616C69642900202044612C
:10F530007461204163636573732056696F6C6174F5
:10F54000696F6E0020204D4D464152204164647227
:10F550006573733A2030782578002020496E7374E3
:10F5600072756374696F6E204163636573732056AF
:10F57000696F6C6174696F6E005265736572766550
:10F580006420457863657074696F6E20280053703D
:10F590007572696F757320696E74657272757074B7
:10F5A00020284952512000535053454C20696E2069
:10F5B000746872656164206D6F646520646F657343
:10F5C000206E6F7420696E646963617465205053A6
:10F5D00050002A2A2A2A2A204841524420464155CE
:10F5E0004C54202A2A2A2A2A002020427573206699
:10F5F00061756C74206F6E20766563746F72207411
:10F6000061626C65207265616400202044656275EA
:10F6100067206576656E740020204661756C7420E5
:10F62000657363616C6174696F6E20287365652012
:10F6300062656C6F772900415243485F45584345E6
:10F640005054207769746820726561736F6E20254D
:10F65000780A002A2A2A2A2A204465627567206DC2
:10F660006F6E69746F7220657863657074696F6E10
:10F67000202A2A2A2A2A002A2A2A2A2A20257320EE
:10F68000256429202A2A2A2A2A006D7075004661DD
:10F69000696C656420746F20616C6C6F6361746564
:10F6A000206E6577204D505520726567696F6E201A
:10F6B00025750A00506172746974696F6E20257532
:10F6C0003A20636F686572656E6365206368656381
:10F6D0006B206661696C65642E00464C4153485F3F
:10F6E00030005352414D5F300065786974006E659B
:10F6F000745F627566006E65745F6275665F7369DC
:10F700006D706C6500736F630062745F727061008E
:10F71000496E73756666696369656E74206E756D92
:10F72000626572206F6620617267756D656E7473B5
:10F730000049676E6F72696E67206964656E7469EF
:10F74000746965732073746F72656420696E2066D6
:10F750006C61736800496E76616C6964206C656EDB
:10F76000677468204944206164647265737320691A
:10F770006E2073746F726167650062742F25732F3A
:10F78000253032782530327825303278253032787D
:10F79000253032782530327825752F257300627434
:10F7A0002F25732F25303278253032782530327866
:10F7B000253032782530327825303278257500733F
:10F7C000657474696E67735F7375627379735F696B
:10F7D0006E6974206661696C6564202865727220A8
:10F7E0002564290062742F2573004661696C656485
:10F7F00020746F20736176652049442028657272F9
:10F800002025642900556E61626C6520746F207339
:10F810006574757020616E206964656E74697479B1
:10F8200020616464726573730062740062745F7354
:10F83000657474696E6773004254204C57205751A9
:10F840000062745F6275660062745F646174610077
:10F850004461746120627566666572206F766572B8
:10F86000666C6F7720286C696E6B207479706520E8
:10F870003078253032782900556E61626C652074CD
:10F880006F206C6F6F6B20757020636F6E6E2077CA
:10F890006974682068616E646C6520257500556E1A
:10F8A00061626C6520746F206C6F6F6B7570206384
:10F8B0006F6E6E20666F722068616E646C652025C5
:10F8C00075004861726477617265206572726F724B
:10F8D0002C20686172647761726520636F64653A99
:10F8E00020256400436F756C64206E6F74207375FF
:10F8F000626D69742072785F776F726B3A2025644D
:10F9000000556E61626C6520746F20616C6C6F6372
:10F910006174652062756666657200556E68616E19
:10F92000646C6564206576656E74203078253032AD
:10F9300078206C656E2025753A20257300657674F5
:10F94000206E756D5F68616E646C657320283D255F
:10F95000752920746F6F206C617267652028257A85
:10F9600075203E20257529004E6F20636F6E6E65F1
:10F970006374696F6E20666F722068616E646C6577
:10F98000202575007061636B65747320636F756EFD
:10F9900074206D69736D6174636800546F6F2073B8
:10F9A0006D616C6C2028257520627974657329203F
:10F9B0006576656E742030782530327800496E7631
:10F9C000616C696420484349206576656E742073D4
:10F9D000697A65202825752900496E76616C69640D
:10F9E000204C45206D657461206576656E742073CA
:10F9F000697A65202825752900574553545F544F6F
:10FA0000504449522F7A65706879722F737562730A
:10FA100079732F626C7565746F6F74682F686F737C
:10FA2000742F6863695F636F72652E630065767417
:10FA30005F666C6167732026202831554C203C3C62
:10FA4000202830292900415353455254494F4E2014
:10FA50004641494C205B25735D20402025733A25A3
:10FA6000640A00496E76616C696420627566207470
:10FA700079706520257500496E76616C696420484F
:10FA800043492041434C207061636B657420736966
:10FA90007A6520282575290041434C2064617461F2
:10FAA000206C656E677468206D69736D617463683E
:10FAB0002028257520213D2025752900556E61627D
:10FAC0006C6520746F2066696E6420636F6E6E20B3
:10FAD000666F722068616E646C65202575006274C3
:10FAE0005F6863695F6576745F6765745F666C61A4
:10FAF0006773286864722D3E657674292026202855
:10FB000031554C203C3C202831292900556E6B6E24
:10FB10006F776E2062756620747970652025750098
:10FB2000556E68616E646C65642076656E646F7294
:10FB30002D7370656369666963206576656E7420F0
:10FB4000307825303278206C656E2025753A202576
:10FB500073004E6F20636F6D6D616E642073656E10
:10FB60007420666F7220636D6420636F6D706C65C6
:10FB7000746520307825303478004F70436F6465A9
:10FB80002030782530347820636F6D706C65746533
:10FB90006420696E7374656164206F662065787097
:10FBA00065637465642030782530347800696E743C
:10FBB000657276616C20657863656564732074682E
:10FBC000652076616C69642072616E6765202575B9
:10FBD000207573006C6174656E6379206578636568
:10FBE000656473207468652076616C696420726155
:10FBF0006E67652030782530347800737570765FD5
:10FC000074696D656F7574206578636565647320CC
:10FC10007468652076616C69642072616E67652026
:10FC2000307825303478004E6F2070656E64696ED0
:10FC300067207065726970686572616C20636F6EB1
:10FC40006E656374696F6E00556E65787065637478
:10FC50006564207374617475732030782530327850
:10FC6000202573004661696C656420746F2073659C
:10FC7000742072657175697265642073656375724D
:10FC8000697479206C6576656C004E6F20636861DD
:10FC90006E676520746F20656E6372797074696F2A
:10FCA0006E2073746174652028656E637279707458
:10FCB000203078253032782900756E6B6E6F776E44
:10FCC000005B305D00484349207472616E73706F51
:10FCD00072743A20257300534443004964656E747E
:10FCE00069747925733A202573004964656E7469D7
:10FCF00074795B25645D3A202573004843493A20B6
:10FD000076657273696F6E202573202830782530F0
:10FD1000327829207265766973696F6E2030782594
:10FD20003034782C206D616E756661637475726510
:10FD30007220307825303478004C4D503A2076656A
:10FD40007273696F6E2025732028307825303278E1
:10FD500029207375627665722030782530347800FA
:10FD60004E6F20494420616464726573732E204194
:10FD70007070206D7573742063616C6C2073657492
:10FD800074696E67735F6C6F6164282900556E61DA
:10FD9000626C6520746F2073656E6420746F2064DC
:10FDA0007269766572202865727220256429006563
:10FDB0007272203D3D20300009436F6E74726F6C8B
:10FDC0006C657220756E726573706F6E736976659F
:10FDD0002C20636F6D6D616E64206F70636F64655E
:10FDE000203078253034782074696D656F75742003
:10FDF00077697468206572722025640A006F7063E9
:10FE00006F646520307825303478207374617475A0
:10FE10007320307825303278202573004661696C74
:10FE2000656420746F207265616420444C45206DC8
:10FE300061782064617461206C656E0074785F6F16
:10FE40006374657473206578636565647320746892
:10FE5000652076616C69642072616E676520257526
:10FE60000074785F74696D65206578636565647397
:10FE7000207468652076616C69642072616E6765C4
:10FE8000202575004E6F2070656E64696E67206373
:10FE90006F6E6E20666F722070656572202573002C
:10FEA0004E6F6E2D4C452063617061626C652063FE
:10FEB0006F6E74726F6C6C657220646574656374C8
:10FEC000656421004E756D206F6620436F6E7472FD
:10FED0006F6C6C657227732041434C207061636BBB
:10FEE00065747320213D2041434C2062745F636F31
:10FEF0006E6E5F747820636F6E74657874732028FB
:10FF0000257520213D202575290041434C20425272
:10FF10002F4544522062756666657273206E6F7459
:10FF200020696E697469616C697A65640056656EF2
:10FF3000646F722048434920657874656E73696FF9
:10FF40006E73206E6F7420617661696C61626C659E
:10FF500000485720506C6174666F726D3A202573AB
:10FF6000202830782530347829004857205661728F
:10FF700069616E743A2025732028307825303478F2
:10FF800029004669726D776172653A2025732028D1
:10FF9000307825303278292056657273696F6E206B
:10FFA00025752E2575204275696C642025750046DF
:10FFB00061696C656420746F20726561642073757B
:10FFC00070706F727465642076656E646F72206302
:10FFD0006F6D6D616E6473004661696C6564207459
:10FFE0006F207265616420737570706F72746564E0
:10FFF0002076656E646F72206665617475726573D4
:020000023000CC
:100000000048434920647269766572206973206EE6
:100010006F742072656164790042542052582057F1
:10002000510048434920647269766572206F70659B
:100030006E206661696C65642028256429004F750F
:1000400074206F6620636F6D6D616E6420627566EB
:100050006665727300556E657870656374656420BB
:10006000484F53545F4E554D5F434F4D504C455490
:1000700045445F5041434B4554532C207374617485
:1000800075732030782530327820257300556E63E3
:100090006C65617265642070656E64696E6720735B
:1000A000656E745F636D6400312E306200312E31F5
:1000B00000312E3200322E3000322E3100332E30FD
:1000C00000342E3100342E3200352E3000352E31E2
:1000D00000352E3200352E3300352E3400362E30CA
:1000E00000362E3100362E3200362E330053746126
:1000F0006E6461726420426C7565746F6F74682001
:10010000636F6E74726F6C6C65720056656E646FAF
:100110007220737065636966696320636F6E7472C1
:100120006F6C6C6572004669726D77617265206CE8
:100130006F616465720052657363756520696D61F6
:100140006765007265736572766564006E52463548
:100150003178006E5246353278006E52463533782B
:10016000006E524635344878006E524635344C782D
:1001700000496E74656C20436F72706F72617469B0
:100180006F6E004E6F726469632053656D69636FB3
:100190006E647563746F72004E58502053656D69BC
:1001A000636F6E647563746F72730045737072650C
:1001B000737369662053797374656D730062745F3D
:1001C0006863695F636F726500636D64206469735F
:1001D000616C6C6F776564004661696C656420745E
:1001E0006F2064697361626C652061646472657319
:1001F00073207265736F6C7574696F6E00526573EE
:100200006F6C76696E67206C6973742073697A65A8
:100210002065786365656465642E2053776974632F
:1002200068696E6720746F20686F73742E00466172
:10023000696C656420746F20636C656172207265FF
:10024000736F6C7574696F6E206C697374004661AE
:10025000696C656420746F206164642049524B208E
:10026000746F20636F6E74726F6C6C65720053658F
:10027000742070726976616379206D6F64652063A4
:100280006F6D6D616E64206973206E6F742073757D
:1002900070706F72746564004661696C6564207487
:1002A0006F207365742070726976616379206D6F59
:1002B00064650044697361626C696E67206164649F
:1002C00072657373207265736F6C7574696F6E20DD
:1002D0006661696C65642028657272202564290056
:1002E0004661696C656420746F2072656D6F766518
:1002F0002049524B2066726F6D20636F6E74726F6F
:100300006C6C6572004F6E6C792072616E646F6DFB
:1003100020737461746963206964656E74697479AB
:10032000206164647265737320737570706F72748A
:10033000656400496E76616C696420696E707574DD
:1003400020706172616D6574657273004661696CDD
:10035000656420746F2072656164207075626C69D9
:100360006320616464726573730052656164205335
:10037000746174696320416464726573736573208A
:10038000636F6D6D616E64206E6F7420617661695C
:100390006C61626C65004661696C656420746F20F5
:1003A000726561642073746174696320616464724E
:1003B0006573736573004E6F207374617469632095
:1003C0006164647265737365732073746F726564BE
:1003D00020696E20636F6E74726F6C6C657200437F
:1003E000616E27742073657420626F7468204944BD
:1003F000454E544954592026204E525041006274B3
:100400005F696400546F6F2062696720616476657C
:1004100072746973696E6720646174610046616912
:100420006C656420746F20737461727420616476EB
:1004300065727469736572004661696C65642074E5
:100440006F2073746F70206164766572746973696C
:100450006E673A2025640062745F616476004661CD
:10046000696C656420746F2067656E657261746580
:1004700020454343206B6579202564004661696C03
:10048000656420746F206578706F727420454343F3
:10049000207075626C6963206B6579202564004665
:1004A00061696C656420746F206578706F72742068
:1004B0004543432070726976617465206B657920CD
:1004C0002564004661696C656420746F20646573FF
:1004D00074726F7920454343206B6579204944202D
:1004E0002564004661696C656420746F20696D70D5
:1004F0006F7274207468652070726976617465200B
:100500006B657920666F72206B6579206167726513
:10051000656D656E7420256400526177206B657986
:100520002061677265656D656E74206661696C65D2
:1005300064202564004661696C656420746F2064E2
:10054000657374726F7920746865206B65792025F6
:1005500064007073615F696D706F72745F6B657951
:1005600028292072657475726E65642073746174D5
:100570007573202564004275737920706572666F0B
:10058000726D696E6720616E6F7468657220454395
:100590004448206F7065726174696F6E0062745FA9
:1005A000656363004661696C6564207265616420FF
:1005B00072656D6F74652066656174757265732010
:1005C0002825642900504859203078253032782079
:1005D0006E6F7420737570706F727465640046611D
:1005E000696C656420746F20736574206461746144
:1005F000206C656E202825642900556E657870652D
:1006000063746564206669727374204C3243415090
:10061000206672616D6500556E65787065637465FE
:1006200064204C3243415020636F6E74696E756173
:1006300074696F6E004E6F7420656E6F7567682009
:1006400062756666657220737061636520666F729D
:10065000204C32434150206461746100556E6578CE
:100660007065637465642041434C20666C616773F8
:100670002028307825303278290041434C206C65A1
:100680006E206D69736D6174636820282575203E46
:10069000202575290028756E6B6E6F776E29006EA8
:1006A0006F207472616E736974696F6E20257300B8
:1006B000496E76616C69642028257529206F6C6409
:1006C00020737461746500636F6E6E202570206600
:1006D00061696C656420746F2065737461626C6914
:1006E00073682E205246206E6F6973653F006E6FEF
:1006F0002076616C696420282575292073746174E3
:1007000065207761732073657400696E636F6D7027
:10071000617469626C652068616E646C6520257522
:100720000054696D656F75742064697363617264E8
:1007300065642E204E6F20626C6F636B696E67205C
:10074000696E2073797377712E00466174616C2035
:100750006572726F7220282564292E2044697363A4
:100760006F6E6E656374696E6720257000466F75E5
:100770006E642076616C696420636F6E6E6563746D
:10078000696F6E202825702920776974682061645C
:10079000647265737320257320696E20257320733E
:1007A00074617465200053656E64204C452070614F
:1007B00072616D20757064617465206661696C6535
:1007C000642028657272202564290053656E6420B8
:1007D0006175746F204C4520706172616D20757079
:1007E00064617465206661696C6564202865727255
:1007F0002025642900646973636F6E6E6563742DD0
:10080000636F6D706C657465007363616E2D6265F6
:10081000666F72652D696E6974696174696E6700CF
:10082000696E6974696174696E672D66696C746557
:10083000722D6C697374006164762D636F6E6E65E2
:10084000637461626C65006164762D6469722D6306
:100850006F6E6E65637461626C6500646973636F6B
:100860006E6E656374696E670062745F636F6E6E4F
:1008700000556E61626C6520746F20616C6C6F63F3
:100880006174652062756666657220666F72206F9E
:100890007020307825303278004E6F2061766169A3
:1008A0006C61626C65204C3243415020636F6E7402
:1008B00065787420666F7220636F6E6E20257000FD
:1008C000457870656374696E6720757020746F2059
:1008D000256420726566732C20676F742025640080
:1008E000616C7265616479206861766520766965FE
:1008F00077206F6E202570004C32434150206C658C
:100900006E677468206D69736D6174636820282553
:100910007520213D2025752900496E76616C69643A
:10092000206964656E742076616C756520696E203F
:100930004C324341502050445500496E76616C69F9
:1009400064204C4520636F6E6E20706172616D2073
:100950007273702073697A652028257520213D20E7
:10096000257A75290052656A656374696E6720751A
:100970006E6B6E6F776E204C324341502050445561
:1009800020636F64652030782530327800546F6FB3
:1009900020736D616C6C204C324341502073696749
:1009A0006E616C696E672050445500546F6F207300
:1009B0006D616C6C204C3243415020504455207284
:1009C000656365697665640049676E6F72696E6715
:1009D000206461746120666F7220756E6B6E6F7734
:1009E0006E206368616E6E656C2049442030782506
:1009F00030347800636F6E6669670062745F6C32D2
:100A000063617000415454206368616E6E656C20B0
:100A10006E6F7420636F6E6E6563746564004572FB
:100A2000726F72207369676E696E672064617461AA
:100A30000052616E206F7574206F662054582062DA
:100A4000756666657273206F7220636F6E74657869
:100A500074732E004661696C656420746F20737531
:100A6000626D6974206174745F74785F6465737417
:100A7000726F795F776F726B3A20256400556E61F3
:100A8000626C6520746F20637265617465206572A5
:100A900072207273702050445500415454204D54BC
:100AA000552065786365656465642C206D617820E8
:100AB00025752C2077616E74656420257A75005544
:100AC0006E61626C6520746F20637265617465206D
:100AD0007273702050445500546F6F20736D616CB9
:100AE0006C204154542050445520726563656976EA
:100AF000656400556E68616E646C65642041545491
:100B000020636F64652030782530327800496E7636
:100B1000616C6964206C656E20257520666F72209B
:100B2000636F64652030782530327800556E6162DD
:100B30006C6520746F20637265617465205555493A
:100B4000443A2073697A6520257500556E61626CA0
:100B50006520746F20637265617465205555494442
:100B60003A2073697A65202564004E6F20617661B2
:100B7000696C61626C652041545420636F6E7465CA
:100B8000787420666F7220636F6E6E202570004E41
:100B90006F20617661696C61626C652041545420FC
:100BA0006368616E6E656C20666F7220636F6E6E37
:100BB000202570004E6F7420636F6E6E65637465E0
:100BC0006400556E61626C6520746F2066696E64A6
:100BD00020415454206368616E6E656C00476F74E9
:100BE000206572722025642C206E6F742063616C06
:100BF0006C696E6720415454206362004661696CE1
:100C0000656420746F2072652D7375626D69742040
:100C100025733A202564004E6F20415454206368A8
:100C2000616E6E656C20666F72204D545520257A7A
:100C300075004E6F2070656E64696E672041545474
:100C4000207265717565737400446973636F6E6EAD
:100C5000656374696E67206661696C6564202865E8
:100C6000727220256429004154542054696D656FC7
:100C7000757420666F7220646576696365202573DC
:100C80002E20446973636F6E6E656374696E672EA0
:100C90002E2E00556E61626C6520746F2063726544
:100CA000617465207265747279205044552028253E
:100CB00075290062745F61747400434D414320756F
:100CC0007064617465206661696C656420256400E8
:100CD0004661696C656420746F206465636F646548
:100CE0002076616C7565202865727220257A6429EA
:100CF000004661696C656420746F207361766520BD
:100D0000446174616261736520486173682028657D
:100D1000727220256429006661696C656420746FB5
:100D20002073746F726520534320286572722025EA
:100D3000642900756E61626C6520746F2073617642
:100D4000652053433A206E6F20636667206C6566AA
:100D50007400546F6F206D616E7920436C69656E0D
:100D60007420436861726163746572697374696346
:100D700020436F6E66696775726174696F6E2E20AD
:100D800053656520434F4E4649475F42545F534584
:100D90005454494E47535F4343435F53544F524566
:100DA0005F4D41580A00496E76616C6964206B653D
:100DB00079006661696C656420746F2064656C6598
:100DC00074652053432028657272202564290046EB
:100DD00061696C656420746F2073746F7265204361
:100DE0006C69656E74204665617475726573202840
:100DF0006572722025642900556E61626C652074ED
:100E00006F206465636F64652061646472657373E9
:100E100020257300496E76616C6964206C6F636194
:100E20006C206964656E7469747920256C75005551
:100E30006E61626C6520746F20726573746F726589
:100E40002053433A206E6F20636667206C6566749A
:100E5000004E6F20737061636520746F2073746F30
:100E600072652043434320636667004E6F207370B2
:100E700061636520746F2073746F726520436C69C1
:100E8000656E7420537570706F727465642046656A
:100E900061747572657300556E61626C6520746F64
:100EA00020726573746F72652043463A206E6F201E
:100EB000636667206C656674004368616E67652DC4
:100EC000617761726520737461747573206E6F74DD
:100ED00020666F756E6420696E2073657474696E28
:100EE00067732C2064656661756C74696E67207029
:100EF0006565722073746174757320746F20636804
:100F0000616E67652D756E6177617265005265610E
:100F100064206261636B20626164206368616E6754
:100F2000652D61776172652076616C75653A203058
:100F30007825782C2064656661756C74696E67200D
:100F4000706565722073746174757320746F2063AB
:100F500068616E67652D756E617761726500556EAB
:100F600061626C6520746F20696D706F727420749B
:100F70006865206B657920666F7220414553204378
:100F80004D414320256400434D4143206F706572FD
:100F90006174696F6E20696E6974206661696C6541
:100FA0006420256400434D41432066696E6973687F
:100FB000206661696C65642025640062742F636338
:100FC00063004661696C656420746F2073746F728E
:100FD00065204343437320286572722025642900ED
:100FE00052656164206D6574686F64206E6F742053
:100FF000736574004661696C656420746F20726566
:101000006164206174747269627574652025702052
:101010002865727220257A642900496E76616C69B0
:10102000642072656164206C656E6774683A20257F
:101030007A6400434343202570206E6F74207772DA
:10104000697461626C6500534320726573746F72DA
:101050006520696E6469636174696F6E2066616999
:101060006C6564004661696C656420746F2073650B
:101070007420736563757269747920666F7220627B
:101080006F6E646564207065657220282564290090
:1010900062742F686173680062742F636600627403
:1010A0002F73630062745F6761747400556E6162D0
:1010B0006C6520746F2066696E6420534D50206308
:1010C00068616E6E656C005075626C6963206B655B
:1010D00079206E6F7420617661696C61626C650065
:1010E0004661696C656420746F2067656E65726126
:1010F00074652044484B65790043616C63756C618D
:10110000746520636F6E6669726D206661696C65D7
:101110006400556E6B6E6F776E2070616972696ED8
:1011200067206D6574686F64202825752900436108
:101130006C63756C617465204C544B206661696CFE
:1011400065640043616C63756C617465206C6F63EA
:10115000616C2044484B657920636865636B206649
:1011600061696C65640043616C63756C61746520D2
:1011700072656D6F74652044484B657920636865BE
:10118000636B206661696C65640052656D6F7465A0
:10119000207075626C6963206B65792072656A6581
:1011A000637465640052656D6F74652069732075A2
:1011B00073696E67204465627567205075626C695B
:1011C00063206B65790052656365697665642069A3
:1011D0006E76616C6964207075626C6963206B6502
:1011E00079004E6F20617661696C61626C65205395
:1011F0004D5020636F6E7465787420666F72206343
:101200006F6E6E20257000556E61626C6520746F84
:1012100020676574206B65797320666F7220257373
:101220000054686520696E2D70726F677265737304
:101230002070616972696E672068617320626565FC
:101240006E2064656C657465642100534D502064A4
:101250006F6573206E6F7420616C6C6F77206120F6
:1012600070616972696E67206661696C757265206C
:101270006174207468697320706F696E742E204BDE
:101280006E6F776E2069737375652E204469736382
:101290006F6E6E656374696E6720696E73746561E5
:1012A000642E00546F6F20736D616C6C20534D5031
:1012B0002050445520726563656976656400534D1E
:1012C0005020636F6D6D616E642028636F646520CC
:1012D00030782530327829207265636569766564D7
:1012E0002061667465722074696D656F7574005253
:1012F0006563656976656420726573657276656499
:1013000020534D5020636F6465203078253032784B
:1013100000556E68616E646C656420534D502063A7
:101320006F64652030782530327800556E657870AE
:10133000656374656420534D5020636F646520308D
:10134000782530327800496E76616C696420696472
:10135000656E7469747920257300526566757369CA
:101360006E67206E65772070616972696E672E20E6
:10137000546865206F6C6420626F6E64206D7573B5
:101380007420626520756E7061697265642066699B
:101390007273742E0070616972696E67206661698C
:1013A0006C656420287065657220726561736F6E6C
:1013B000203078257829004E6F206B657973207373
:1013C0007061636520666F7220257300534D502055
:1013D00054696D656F75742028666C6167733A3067
:1013E000782530387820616C6C6F7765645F636D49
:1013F00064733A307825303878290062745F736DF1
:1014000070004661696C656420746F207265616468
:101410002076616C7565202865727220257A6429B2
:1014200000556E61626C6520746F2066696E642081
:1014300064656C65746564206B65797320666F7292
:10144000202573004661696C656420746F20616CAF
:101450006C6F63617465206B65797320666F7220B1
:10146000257300496E76616C6964206B6579206C28
:10147000656E67746820257A6420213D20257A7581
:101480000044726F7070696E67206B6579732066B7
:101490006F722025732C206E6F205343204C544BC9
:1014A0000053746F726564206B65797320666F7288
:1014B00020257320646F206E6F74206D61746368E3
:1014C0002063757272656E7420636F6E6669672043
:1014D000666C616773206F722076657273696F6ED8
:1014E00000546865206B65797320666F72202573E0
:1014F0002061726520646F776E6772616465642035
:10150000746F20756E61757468656E74696361745B
:1015100065642061732074686579206E6F206C6F3C
:101520006E676572206D6565742061757468656E9F
:101530007469636174696F6E207265717569726533
:101540006D656E7473004661696C656420746F200C
:1015500073617665206B657973202865727220252A
:1015600064290062742F6B6579730062745F6B6528
:1015700079730062745F63727970746F0046616999
:101580006C656420746F20696D706F7274204145C2
:1015900053206B6579202564004661696C65642081
:1015A000746F20636F6D70757465204D4143202505
:1015B000640043616E6E6F74207374617274207383
:1015C000616D706C696E673A202564004661696CD4
:1015D000656420746F20696E697469616C697A65ED
:1015E000206465766963653A202573004661696CFD
:1015F000656420746F207365742062756666657219
:101600003A20256400496E76616C69642073656CCC
:10161000656374696F6E206F66206368616E6E65C6
:101620006C73004368616E6E656C202575206E6F6B
:101630007420636F6E66696775726564004E6F2013
:101640006368616E6E656C20636F6E666967757244
:10165000656400414443207265736F6C7574696FF3
:101660006E2076616C7565202564206973206E6F2D
:10167000742076616C6964004F76657273616D7079
:101680006C696E6720697320737570706F72746512
:101690006420666F722073696E676C652063686191
:1016A0006E6E656C206F6E6C79004F76657273613B
:1016B0006D706C696E672076616C7565202564209D
:1016C0006973206E6F742076616C69640050726F6C
:1016D0007669646564206275666665722069732048
:1016E000746F6F20736D616C6C202825752F2575C4
:1016F0002900496E76616C6964206368616E6E656D
:101700006C2049443A2025640053656C6563746518
:101710006420414443206761696E206973206E6FC5
:10172000742076616C69640053656C6563746564EC
:1017300020414443207265666572656E6365206969
:1017400073206E6F742076616C69640053656C65FC
:1017500063746564204144432061637175697369F2
:1017600074696F6E2074696D65206973206E6F7483
:101770002076616C69640043616E6E6F7420636FE4
:101780006E666967757265206368616E6E656C2050
:1017900025643A202564006164634034303030377A
:1017A000303030006164635F6E7266785F736161D0
:1017B000646300636C6F636B4034303030303030C2
:1017C00030006866636C6B006C66636C6B00636C06
:1017D0006F636B5F636F6E74726F6C0072616E64C7
:1017E0006F6D40343030306430303000696E766177
:1017F0006C696420616464726573733A2030782583
:1018000030386C783A257A7500756E616C69676E50
:10181000656420616464726573733A2030782530A2
:10182000386C783A257A75006E6F7420776F726421
:101830002D616C69676E65643A2030782530386CAC
:10184000783A257A7500666C6173682D636F6E74E3
:10185000726F6C6C657240343030316530303000FE
:10186000666C6173685F6E7266006770696F4035A1
:1018700030303030333030006770696F4035303091
:10188000303030303000693263004E65656420745A
:101890006F207573652074686520696E7465726E5B
:1018A000616C206472697665722062756666657225
:1018B00020627574206974732073697A6520697376
:1018C00020696E73756666696369656E7420282584
:1018D00075202B202575203E202575292E2041645A
:1018E0006A75737420746865207A65706879722CE3
:1018F000636F6E6361742D6275662D73697A6520FE
:101900006F72207A65706879722C666C6173682DCD
:101910006275662D6D61782D73697A652070726FBE
:1019200070657274792028746865206F6E65207701
:1019300069746820677265617465722076616C7580
:10194000652920696E207468652022257322206E27
:101950006F64652E0069326340343030303330308C
:1019600030006932635F6E7266785F7477696D000C
:10197000756E737570706F727465642073706565D1
:101980006400547279696E6720746F207472616E9E
:1019900073666572206D6F7265207468616E207465
:1019A0006865206D6178696D756D2073697A652051
:1019B000666F722074686973206465766963653A3E
:1019C000202564203E202564004750494F20706F39
:1019D00072743A202573206E6F7420726561647989
:1019E00000766C65642D626F6F7374007265677545
:1019F0006C61746F725F66697865640077617463A7
:101A000068646F6740343030313030303000776494
:101A1000745F6E72667800526573657474696E6780
:101A20002073797374656D00666174616C5F6572B3
:101A3000726F7200536F6674446576696365204304
:101A40006F6E74726F6C6C657220415353455254C3
:101A50003A2025732C20256400536F667444657604
:101A600069636520436F6E74726F6C6C657220627F
:101A700075696C64207265766973696F6E3A2000CF
:101A8000456E74726F707920736F75726365206430
:101A90006576696365206E6F742072656164790094
:101AA0004661696C656420746F2072656769737440
:101AB00065722072616E6420736F75726365202891
:101AC00025642900416C6C6F6361746564206D65E9
:101AD0006D6F727920746F6F206C6F773A20257A62
:101AE00075203C202575004576656E74206275660C
:101AF00066657220746F6F20736D616C6C2E20258B
:101B00007A75203E20257500556E65787065637482
:101B10006564206D73675F747970653A2025752E52
:101B200020546869732069662D656C7365206E6545
:101B30006564732061206E6577206272616E6368F0
:101B400000556E6B6E6F776E206572726F722077C4
:101B500068656E2070726F63657373696E67206865
:101B60006369206D65737361676520256400627425
:101B70005F6863695F7364630062745F7364635F6B
:101B80006863695F6472697665720062745F73642A
:101B9000635F63727970746F004D50534C204153F2
:101BA000534552543A2025732C202564004D505340
:101BB0004C20576F726B006D70736C5F696E697447
:101BC00000556E737570706F72746564204846437B
:101BD0004C4B206576656E743A202564006E726603
:101BE000785F636C6F636B5F6D70736C006D7073A7
:101BF0006C5F74696D65736C6F745F736573736923
:101C00006F6E5F6F70656E206661696C65643A2007
:101C1000256400666C6173685F73796E635F6D70D5
:101C2000736C005465726D696E616C00556E6B6EFD
:101C30006F776E206572726F72003E3E3E205A458D
:101C40005048595220464154414C204552524F521F
:101C50002025643A202573206F6E2043505520259F
:101C600064004661756C7420647572696E672069E2
:101C70006E746572727570742068616E646C696EE2
:101C8000670A0043757272656E74207468726561CC
:101C9000643A20257020282573290043505520657B
:101CA0007863657074696F6E00556E68616E646C00
:101CB000656420696E746572727570740053746126
:101CC000636B206F766572666C6F77004B65726E22
:101CD000656C206F6F7073004B65726E656C207061
:101CE000616E6963006F7300737973776F726B71E4
:101CF00000C8DA3098F9F034A44B6EBAD30819CC86
:101D00000CEA51DA4700286E756C6C29002A666C63
:101D10006F61742A0062630204000006083C4650AA
:101D20005A02214D5A6E7B9C3F8D2B4A5C1E04004B
:101D3000A1F002214D5A6E7B9C3F8D2B4A5C1E0305
:101D400000A1F002214D5A6E7B9C3F8D2B4A5C1EF8
:101D50000200A1F002214D5A6E7B9C3F8D2B4A5C04
:101D60001E0100A1F002214D5A6E7B9C3F8D2B4A33
:101D70005C1E0000A1F0206D6573736167657320C0
:101D800064726F70706564202D2D2D0D0A1B5B3001
:101D90006D001B5B313B33316D2D2D2D200000FF7D
:101DA000FFFFFFFFFF00000000000000FFFFFFFF3C
:101DB000FFFF000000000000303132333435363789
:101DC000383961626364656600000000000000103D
:101DD00000800000805F9B34FB01040002000000D3
:101DE00002000000000000000500000000000000EC
:101DF00000000000000000000500090909090102B7
:101E00000909090909090909090909070909090944
:101E10000906090909090909090909090909090935
:101E2000090905E69D350E480103CCDBFDF4AC1134
:101E300091F4EFB9A5F9E9A7832C5E2CBE97F2D2F5
:101E400003B0208BD28915D08E1C742430ED8FC244
:101E50004563765C15525ABF9A32636DEB2A654929
:101E60009C80DC6174745F74785F64657374726FF6
:101E7000795F776F726B5F68616E646C657200008A
:101E800005061F1F2918120308020305080A000887
:101E900001030401050405090607010106060800FF
:101EA0000001000100030100030202010002000022
:101EB00000000002030100036C888391AAF5A53895
:101EC00060370BDB5A6083BE00070E091C1B12151E
:101ED000383F363124232A2D06010501040107026B
:101EE00003010502020103020504010101020103CD
:101EF000010401060108010C011001180120014034
:101F00000180000102030405060700202A2A2A2A6C
:101F10002A2A2A2A2A2A2A2A2A2A00010900000013
:101F20000D0102030405060708000000000000542C
:101F30005452205245474745530010141400001CCA
:101F40002030401C2000001C2030400040000000D9
:101F5800FFFFFFFFFF1F00001F0000000000000040
:101F68001D40000000000000FFFFFFFF1FFF0000F2
:101F7800BAABBABA10101010000000000080004080
:101F880000000000000000000C000000000000003D
:101F980000FF7F0000000000A1BB0000000000005F
:101FA800D5BB0000000000008D2A000000000000E2
:101FB800F5BB000000000000B3BB000000000000FB
:101FC800AC760000FF00000004AA00000100000039
:101FD80000000000000000000000000000000000F9
:101FE80000000000000000000000000000000000E9
:101FF80000000000000000000000000000000000D9
:1020080000000000000000000000000000000000C8
:1020180000000000000000000000000000000000B8
:1020280000000000000000000000000000000000A8
:102038000000000000000000000000000000000098
:102048000000000000000000000000000000000088
:102058000000000000000000000000000000000078
:102068000000000000000000000000000000000068
:102078000000000000000000000000000000000058
:102088000000000000000000000000000000000048
:1020980000000000000000000D64010000000000C6
:1020A8000000000000000000000000000000000028
:1020B8000000000000000000000000000000000018
:1020C8000000000000000000000000000000000008
:1020D80000000000000000000000000000000000F8
:1020E80000000000000000000000000000000000E8
:1020F80000000000000000000000000000000000D8
:1021080000000000000000000000000000000000C7
:10211800000000000000000000000000F4BE020003
:1021280000000000942200209422002000000000FB
:1021380001000000A4220020A422002000000000CA
:102148000100000000000000000000000000000086
:102158000000000000000000000000000000000077
:102168000000000000000000000000000000000067
:102178000000000000000000000000000000000057
:102188000000000000000000000000000000000047
:102198000000000000000000000000000000000037
:1021A8000000000000000000000000000000000027
:1021B8000000000000000000000000000000000017
:1021C8000000000021FE01000000000000010000E6
:1021D80000000000000000000000000000000000F7
:1021E80000000000000000000000000000000000E7
:1021F80060EA0000983A0000FFFFFFFFD08AFFFF67
:10220800D909010091090100000000000000000048
:10221800211D030000000C00000000000000000069
:1022280000000000610B0100000000000000000039
:10223800321D030000001000000000000000000034
:1022480000000000510B0100000000000000000029
:10225800431D030000001000000000000000000003
:1022680000000000410B0100000000000000000019
:10227800541D030000001200FFFFFFFFFFFFFFFFD8
:10228800655C0200456A02004CC90200CCD102001C
:1022980000000200D8D1020000000200E4D10200D0
:1022A80000000200F0D102000000020004D2020087
:1022B8000000020010D20200000002001CD202003E
:1022C8000000020030D20200000008003CD20200E8
:1022D80000000200000000000000000000000000F4
:1022E800ED35010000000000000000004CD20200A3
:1022F80000001000000000000000000000000000C6
:1023080015370100000000000000000068D202003C
:1023180000001200000000007170020000000000C0
:102328000000000000600040000000000000000005
:102338000000000000000000000000000000000095
:102348000000000000000000000000000000000085
:102358000000000000000000000000000000000075
:102368000000000000000000000000000000000065
:102378000000000000000000000000000000000055
:102388000000000000000000000000000000000045
:102398000000000000000000000000000000000035
:1023A800000000000000000000000000C14D010016
:1023B8000000000000000000000000003967010074
:1023C800000000000000000000000000B9560100F5
:1023D8000000000000000000000000002576010059
:1023E800000000000000000000000000E57401008B
:1023F800000000000000000000000000197F01003C
:102408000000000000000000000000005D7A0100EC
:10241800000000000000000088BB00200000EE0162
:1024280088BB0020198F0100E9A0010049A2010022
:102438000000000000000000619101008383020099
:102448004D840200F98E0100000000000000000029
:10245800ED9D01000000000000000000DD89020081
:1024680000000000000000000000000084D202000C
:102478000000020090D2020000000A00A0D2020070
:102488000000200000000000000000000000000024
:102498000000000069880200000000000C260020EF
:1024A8000C26002000000000000000000E000000C4
:1024B800202600202026002015CA01000000000068
:1024C8000000000000000000000098010000010169
:1024D800C19502001000000005E90100E4CF0200E8
:1024E800AA660020FFFF00000000000000000000B6
:1024F8000000014000000000000000000000000093
:1025080000000000000000000000000000000000C3
:1025180000000000000000000000000000000000B3
:1025280000000000000000000090D003FF00000041
:1025380090020000A4260020A4260020AC2600203B
:10254800AC26002000000000000000000E00000083
:1025580000000000C4260020C4260020000000005F
:10256800000000000E00000000000000DC26002033
:10257800DC26002000000000000000000E00000023
:1025880000000000F4260020F426002000000000CF
:10259800000000000E0000000000000069AE02000C
:1025A80065AE0200FFFF0D180F1806FF01000000BE
:0525B8000001006401B8
:1025BD00000000000000000000000000000000000E
:0725CD000000000000000007
:1025D40000000000000000000000000000000000F7
:1025E40000000000000000000000000000000000E7
:1025F40000000000000000000000000000000000D7
:082604000000000000000000CE
:04260C0000000000CA
:102610007827002078270020E0B800200000000084
:10262000010000002C0000000000000094270020A2
:1026300094270020C0A0002000000000010000003E
:10264000A000000000000000B0270020B0270020FC
:102650000CB9002000000000030000001C00000076
:042660000000000076
:10266400CC270020CC270020000000000000000040
:102674000E000000E0270020E027002000000000FA
:08268400000000000E00000040
:10268C00F4270020F42700200000000001000000C7
:10269C00042800200428002000000000FFFFFFFF9A
:1026AC0000000000000000001C2800201C28002056
:1026BC0000000000000000002C2800202C28002026
:1026CC000300030010000000000000007CCD02009D
:1026DC00E8B400200000000000000000502800209A
:1026EC00502800200300030010000000958E01000C
:1026FC0028CE020068B80020000000000000000096
:10270C00742800207428002003000300000000003F
:10271C00000000001CCC02003CAF002000000000B8
:10272C0000000000982800209828002001000100DB
:10273C00100000006579010068CD0200C0B10020D6
:10274C000000000000000000BC280020BC28002075
:10275C0003000300000000000000000030CD020068
:10276C0078B100200000000000000000E0280020EC
:10277C00E02800200C000C0004000000695001004F
:10278C0008CC020060AD002000000000000000003A
:10279C00042900200429002002000200040000008B
:1027AC00000000003CCE020050BB002000000000E6
:1027BC000000000028290020282900200100010029
:1027CC00000000000000000030CC020088B00020A7
:0427DC0015E015E00F
:040000031000421196
:00000001FF
