:1000000080930020B92601006F310200A52601006F
:10001000A5260100A5260100A5260100000000007C
:100020000000000000000000000000009527010013
:10003000A52601000000000089290100A526010075
:10004000012A01003B590200012A0100012A010096
:10005000012A0100012A0100012A0100012A0100F0
:1000600051590200012A0100012A010067590200CA
:10007000012A0100012A0100012A0100012A0100D0
:10008000012A0100012A0100012A0100012A0100C0
:10009000012A0100012A0100012A0100012A0100B0
:1000A000012A0100012A0100012A0100012A0100A0
:1000B000012A0100012A0100012A0100012A010090
:1000C000012A0100012A0100012A0100012A010080
:1000D000012A0100012A0100012A0100012A010070
:1000E000012A0100012A0100012A0100012A010060
:1000F000012A0100012A0100012A0100012A010050
:1001000080EA101404F0F01480EA0410604081EAE0
:10011000111404F0F01481EA0411614082EA12140F
:1001200004F0F01482EA0412624083EA131404F02B
:10013000F01483EA0413634080EA102404F47F443B
:1001400080EA0420604081EA112404F47F4481EABB
:100150000421614082EA122404F47F4482EA0422EA
:10016000624083EA132404F47F4483EA0423634057
:1001700081EA500404F0553480EA4400614083EA87
:10018000520404F0553482EA4402634082EA900447
:1001900004F0333480EA8400624083EA910404F07E
:1001A000333481EA84016340704700BF82EA9004DF
:1001B00004F0333480EA8400624083EA910404F05E
:1001C000333481EA8401634081EA500404F05534F9
:1001D00080EA4400614083EA520404F0553482EA24
:1001E0004402634080EA102404F47F4480EA04203F
:1001F000604081EA112404F47F4481EA04216140D3
:1002000082EA122404F47F4482EA0422624083EAF0
:10021000132404F47F4483EA0423634080EA101427
:1002200004F0F01480EA0410604081EA111404F034
:10023000F01481EA0411614082EA121404F0F0140F
:1002400082EA0412624083EA131404F0F01483EA91
:1002500004136340704700BF2DE9F14F94464FEA05
:10026000930B8A68CB6808684968FFF749FF0BF170
:10027000060E33E083EA134480EA134582EA13470B
:1002800046BA96EA3444604000F00F1684EA063419
:1002900020F00F1684EA161054BA94EA0106724050
:1002A00002F00F1486EA043622F00F1486EA1412C4
:1002B0004CBA6540694001F00F1485EA043521F01D
:1002C0000F1485EA14115CBA67407B4003F00F14E9
:1002D00087EA043723F00F1487EA1413BCE8F00010
:1002E0006040694072407B4000F0E03400F010351F
:1002F00000F00F3040EA540040EAC50080EA900464
:1003000004F0332480EA8400604001F0E03401F01E
:10031000103501F00F3141EA540141EAC50181EA8B
:10032000910404F0332481EA8401614002F0E03456
:1003300002F0103502F00F3242EA540242EAC502DE
:1003400082EA920404F0332482EA8402624003F0D9
:10035000E03403F0103503F00F3343EA540343EA6B
:10036000C50383EA930404F0332483EA84036340DF
:1003700081EA324787EA134581EA354690EA060466
:1003800084EA034B82EA1B4280EA044484EA05447F
:1003900083EA144A85EA14448BEA044B84EA37441E
:1003A00081EA0B4181EA164104EA0A00454082EAEB
:1003B00004082BEA080041408AEA0B0602EA06001C
:1003C00084EA34438AEA3A4603EA0607784045401D
:1003D000414088EA38478BEA3B4007EA000985EA52
:1003E000090583EA0709464006EA0906714085EADD
:1003F000010005EA3546464006EA314181EA3041CE
:1004000081EA364606EA304686EA3546344008EA4E
:10041000010886EA01052A4086EA364003405A4030
:1004200081EA31431F407C4080EA030709EA07095B
:1004300088EA0908544088EA020806EA0A0601EA3E
:100440000B018AEA0B0215408AEA3A421040454005
:100450008BEA3B4003405E404240174079404D40AC
:100460004E40E443F64386EA18435D4085EA054082
:1004700083EA134386EA034183EA384284EA11435C
:1004800083EA04435FEA3343BEF1010E3FF6F2AE66
:100490001ED4BCE8F0006040694072407B4020BC44
:1004A000FFF784FE28606960AA60EB60BDE8F08F0A
:1004B0002DE9E0414FF2F00280EA1031114080EA6C
:1004C0000130484041088208C3084FF0000E4FE752
:1004D00000F0113001F0113102F0113203F011334C
:1004E00040EA410040EA820040EAC3004FF2F002D5
:1004F00080EA1031114080EA01304840BDE8E081D7
:100500002DE9F04F02F11C050646074600EB850871
:1005100051F8040B043A46F8040BF9D14FF0010CE2
:10052000FFF7C6FF5FEA302080EA0C001ECF414093
:100530004A4053405C401EC62000464517D04FEA53
:100540004C0C1CF4807F18BFACF1E50C2C2DE7D0CF
:100550003C2D06D1FFF7ACFF06CF41404A4006C60E
:10056000100006CF41404A4006C61000D8E736E9E1
:100570000F00FFF7C5FD043D86E80F00F7D1BDE889
:10058000F08F00BF2DE9F14F03F11C0402EB840C46
:100590004FEA930B8A68CB6808684968FFF7B0FD9B
:1005A0003CE9F0006040694072407B400BF1060E70
:1005B0004EE083EA134480EA134582EA134746BAC1
:1005C00096EA3444604000F00F1684EA063420F0C6
:1005D0000F1684EA161054BA94EA0106724002F02B
:1005E0000F1486EA043622F00F1486EA14124CBA6D
:1005F0006540694001F00F1485EA043521F00F14BD
:1006000085EA14115CBA67407B4003F00F1487EA57
:10061000043723F00F1487EA141344BA44404DBA48
:100620004D4056BA56405FBA5F4087EA174886EA9F
:10063000174B84EA17464FEA38488BEA1B4485EA91
:100640001B4788EA1B4580EA3440694072407B4082
:1006500000F0703400F0803500F00F3040EA4400C4
:1006600040EAD50080EA900404F0332480EA840054
:10067000604001F0703401F0803501F00F3141EA43
:10068000440141EAD50181EA910404F0332481EA6E
:100690008401614002F0703402F0803502F00F32C4
:1006A00042EA440242EAD50282EA920404F0332488
:1006B00082EA8402624003F0703403F0803503F074
:1006C0000F3343EA440343EAD50383EA930404F077
:1006D000332483EA84036340C943DB4381EA000493
:1006E00083EA044686EA020183EA014382EA33454B
:1006F00083EA14435C4084EA00077FEA040A8AEA3A
:10070000024A8AEA010B87EA11488AEA374A80EAF4
:10071000060181EA1A418AEA030A04EA0A0045400E
:1007200088EA040707EA0B0041408AEA0B0608EA58
:10073000060084EA34428AEA3A4602EA060358404E
:100740004540414087EA37438BEA3B4003EA0009D2
:1007500085EA090582EA0309464006EA090671406E
:1007600085EA010005EA3546464006EA314181EA5C
:10077000304181EA364606EA304686EA354634405C
:100780000F4086EA010508EA050886EA364002407D
:1007900088EA020881EA314213405C4080EA0203A1
:1007A00009EA030987EA0907674088EA040806EAB4
:1007B0000A0601EA0B018AEA0B0425408AEA3A4458
:1007C000204045408BEA3B4B02EA0B02564084EA4C
:1007D0000B04234059406E40694087EA364080EA66
:1007E000384080EA060380EA104481EA134585EA2E
:1007F000344585EA17427D4082EA354180EA05406A
:100800003CE9F0006040694072407B40BEF1010E5F
:100810003FF6CFAE20BCFFF7C9FC28606960AA6034
:10082000EB60BDE8F08F00BFFFF76ABE2DE9F0076F
:1008300091E8F807B2E802105B1854EB0C04B2E838
:1008400002104D4156EB0C06B2E802104F4158EB36
:100850000C08B2E8021059EB01095AEB0C0A80E8C7
:10086000F80780410130BDE8F00770472DE9F00737
:1008700091E8F807B2E802105B1A74EB0C04B2E8D6
:1008800002108D4176EB0C06B2E802108F4178EB36
:100890000C08B2E8021079EB01097AEB0C0A80E847
:1008A000F80780414042BDE8F00770472DE9F007A6
:1008B000524290E87800B1E880071740DB1918EA47
:1008C000020854EB080419EA020955EB09051AEA73
:1008D000020A56EB0A0678C090E87800B1E8800773
:1008E00017407B4118EA020854EB080419EA020990
:1008F00055EB09051AEA020A56EB0A0678C0804150
:100900000130BDE8F00770472DE9F007524290E84A
:100910007800B1E880071740DB1B18EA020874EB87
:10092000080419EA020975EB09051AEA020A76EBCE
:100930000A0678C090E87800B1E880071740BB410C
:1009400018EA020874EB080419EA020975EB0905B4
:100950001AEA020A76EB0A0678C080414042BDE8F6
:10096000F00770472DE9F00152424FF0040890E87B
:10097000300091E8C000A31B1340E41AF618EB1BEB
:100980001340ED1AFF1830C0C0C1B8F10108EED114
:10099000BDE8F001704700BF00B592E8DC072DE923
:1009A000DC07B1E8805702B4A7FB02510A95A8FB07
:1009B000020BE7FB6310E9FB62B00B91A8FB03514C
:1009C000EAFB6201E7FB64B5E7FB6605E8FB661539
:1009D000CDF830B0A9FB03B6EAFB6316ECFB635617
:1009E000E8FB640BE9FB641BEAFB645BECFB646BF8
:1009F0000D90ACFB0230059CEEFB6250E9FB64609D
:100A0000EAFB64B0E7FB6431E8FB6451069CE8FB59
:100A10006461E9FB64B1EAFB64010E93A7FB043255
:100A2000079CE7FB6462E8FB64B2E9FB6402EAFB53
:100A30006412049CE9FB6453EAFB6463089CE7FBD3
:100A400064B3E8FB6403E9FB6413EAFB64230F95DA
:100A50005DF8049B99E80006DDF80080A9FB0854C6
:100A6000EAFB68B4DDF81080ECFB6804EEFB681468
:100A7000E9FB6824EAFB6834DDF80480EEFB686576
:100A8000E9FB68B5EAFB6805DDF81480ECFB681546
:100A9000EEFB6825E9FB6835EAFB68450F96DDF853
:100AA0000880AEFB0876E9FB6806EAFB6816DDF80D
:100AB0001880ECFB6826EEFB6836E9FB6846EAFB2B
:100AC0006856DDF80C80ECFB68B7EEFB6807E9FBC5
:100AD0006817EAFB6827DDF81C80ECFB6837EEFB43
:100AE0006847E9FB6857EAFB686708B000BD00BFCC
:100AF0002DE9F14F87B0FFF74FFFDDF81C8008F1BB
:100B0000200888E8FF00FFBC87E87F08BDE8F08F79
:100B100000B591E89857A3FB03520195A3FB04018C
:100B2000E3FB6420E3FB67100292A3FB0752E3FBA5
:100B30006802E4FB6415E3FB6805E3FB69250391A8
:100B4000A4FB07B6E3FB6926E3FB6A56E4FB670BED
:100B5000E4FB682BE3FB6A5BE3FB6C6B0490A4FB98
:100B60000810E4FB6950E3FB6C60E3FB6EB0E7FB4D
:100B70006721E4FB6951E4FB6A61E3FB6EB1E4FBCE
:100B80006E010592A7FB0832E4FB6A62E4FB6CB2DB
:100B9000E4FB6E02E7FB6E12E7FB6853E7FB696359
:100BA000E4FB6CB3E7FB6C03E7FB6E13E8FB6E231F
:100BB0000695A7FB0954E7FB6AB4E7FB6C04E8FB66
:100BC0006C14E8FB6E24E9FB6E34E8FB6865E7FB18
:100BD0006AB5E8FB6A05E8FB6C15E9FB6C25E9FBE7
:100BE0006E35EAFB6E450796A8FB0976E8FB6A06B8
:100BF000E9FB6A16E9FB6C26EAFB6C36EAFB6E46FB
:100C0000ECFB6E56E8FB69B7E9FB6907E9FB6A177D
:100C1000EAFB6A27EAFB6C37ECFB6C47ECFB6E5790
:100C2000EEFB6E6700BD00BF2DE9F14F87B0FFF707
:100C30006FFFDDF81C8008F1200888E8FF00FFBC8A
:100C400087E87F08BDE8F08F30B44FF0000310F85C
:100C5000014B11F8015B013A84EA050443EA0403FD
:100C6000F5D1A3F101034FEAD37030BC704700BF48
:100C70004FF0000310F8012B013943EA0203F9D1C8
:100C8000A3F101034FEAD370704700BF30B411F8ED
:100C9000014B12F8015B6C4000F8014B013BF6D1AF
:100CA00030BC70472DE9F00791E8F807B2E8021070
:100CB0005B1854EB0C04B2E802104D4156EB0C06E5
:100CC000B2E802104F4158EB0C08B2E8021059EBA1
:100CD00001095AEB0C0A8941B3F1FF3374F1FF3477
:100CE00075F1FF3576F1000677F1000778F100081D
:100CF00079F101097AF1FF3A51F100015B184C4199
:100D00004D4156F1000657F1000758F1000859EB24
:100D1000D1795AEB010A80E8F807BDE8F00770477F
:100D20002DE9F00791E8F807B2E802105B1A74EBBE
:100D30000C04B2E802108D4176EB0C06B2E802100A
:100D40008F4178EB0C08B2E8021079EB01097AEBDD
:100D50000C0A89415B184C414D4156F1000657F190
:100D6000000758F1000859EBD1795AEB010A80E8E5
:100D7000F807BDE8F007704718EB040859EB0509C0
:100D80005AEB060A5BEB070B5FF0000C4CF1000C12
:100D900018EB050859EB06095AEB070A5BEB070B42
:100DA00050EB0C005FF0000C51EB0C0152EB0C020D
:100DB00063414CF1000CB8EB070879F100097AF1B6
:100DC000000A7BEB040BA841B141A241B3416CF195
:100DD000000CBBEB050BB041B941AA41BB416CF122
:100DE000000C4CF001068CF0020718EB060859EBDA
:100DF0006C095AEB6C0A7BEB6C0B70EB6C0471EBBF
:100E00006C0572EB670653EB6C076CEB6C0C18EB24
:100E10000C0059EB0C015AEB0C025BF1000354F18E
:100E2000000455F1000556EBDC7657EB0C077047D4
:100E30002DE9F14F87B0FFF7AFFDDDF81080DDF849
:100E40001490DDF818A0FFF797FFBDE8000FFFF73B
:100E500093FF03B05DF8048B88E8FF00BDE8F08FD6
:100E60002DE9F14F87B0FFF753FEDDF81080DDF874
:100E70001490DDF818A0FFF77FFFBDE8000FFFF723
:100E80007BFF03B05DF8048B88E8FF00BDE8F08FBE
:100E9000064B074A5B7802604FF426728280C3716A
:100EA0000822002382710372704700BFE0280020EF
:100EB000A7D50000064B074A5B7A02604FF49C728C
:100EC0008280C3710822FF2382710372704700BFC2
:100ED000E0280020D5D00000F8B5C41D002824F07B
:100EE0000704054614BF2046002000F053FA071EF1
:100EF00002DA6FF00B00F8BD254EB1887088F379E7
:100F0000B2790331033089B280B209F0DCFF0028E6
:100F1000EFDB737831783C4403341944002D24F01E
:100F2000030400FB01F114BF2046002000F0B8FBD1
:100F300023180DB9002BDCDB717A184679B1033325
:100F4000002D23F0030414BF20460020728900F016
:100F500019FC0028CDDB20440DB90028C9DB317A0B
:100F600091B1737A83B1C41D002D24F0070414BF1E
:100F70002046002003F05EF80028BADB0DB1002007
:100F8000B9E72018B7D5B4E7002DF8D1B3E700BF13
:100F9000E02800201FB572B6194BDD68EDB9BFF32C
:100FA0004F8F1849184BCA6802F4E0621343CB60B4
:100FB000BFF34F8F00BFFDE72346B2FBF6F25C1C88
:100FC000002AF9D104AEDCB256FA83F303F80C2CF4
:100FD0000A2234B901A8A847E1E7024600230A26FD
:100FE000EDE7631E04AEDCB256FA83F3B0FBF2F613
:100FF00002FB1600303003F80C0C3046E9E700BF66
:10100000E028002000ED00E00400FA0507B50A4BD7
:10101000DA88ADF8002068469A885B88ADF804202D
:10102000ADF8023001F0FAFC18B1FA219C20FFF76C
:10103000B1FF03B05DF804FBE028002010B50446C2
:1010400028B309F007F810B94FF0FF3010BD06F0D3
:10105000A5FFB0F5FA7FF7D80E4B00221A744FF4B3
:1010600080721A801B225A809A8040F20322DA8012
:101070004FF484721A811F22DC605A81EFF31084CE
:1010800072B600F0DDFB04B962B60020DEE76FF057
:101090001500DBE7E028002010B5002840D1234CE4
:1010A000237C032B39D059B1002A3CD002390529C1
:1010B00036D8DFE801F0031227352A2D1378637044
:1010C0000020FFF709FF0028B7BF01230223237484
:1010D0006FF00B00A8BF237410BD13791BB35379B5
:1010E0000BB31188FB291ED853881B3B9BB2E02B06
:1010F00019D81A2917D91368C4F802300C4B9288F2
:101100009A80DDE713786372DAE713886381D7E7A3
:101110001388FF2B07D82372D2E74FF0FF30DBE7AD
:101120006FF02C00D8E76FF01500D5E7E02800201D
:10113000E2280020F8B50D46064620B319B311F099
:10114000070420D1114F3B7C012B02D16FF00B0023
:10115000F8BD032B02D14FF0FF30F9E700F0ACFBF4
:101160000028F8D02846FFF7B7FE0028EEDB0CF089
:1011700071FA3046214601F0D3FCFFF747FF032305
:101180003B742046E4E76FF01500E1E7E02800201B
:1011900010B5064C237C032B03D101F0D7FC02F0E1
:1011A000EDF909F09AFF0020207410BDE02800201E
:1011B00008B501F081FCBDE808400249012000F0BB
:1011C000E1B800BFB50E000008B501F089FCBDE82C
:1011D00008400249002000F0D5B800BF910E000081
:1011E000074B4FF0FF3141F6FF72C3E9001205498A
:1011F0000022C1E900221F21C3E90212704700BF8B
:10120000C0200020F42800203F280CD801380B4BC8
:10121000C0F3421200F01F0053F8223023FA00F00E
:1012200000F001007047FF2806D04038C0F342129A
:10123000034B00F01F00EFE701207047C0200020A3
:10124000F42800200146074B006849681A4603C28B
:1012500040F48C221A6041F0107242F4FF625A602E
:1012600000207047C02000200246034B00685168F0
:1012700003C30020704700BFF42800200246034B40
:101280000068516803C30020704700BFC8200020D9
:101290000138064BC0F3421203EB820300F01F003B
:1012A0009B6823FA00F000F001007047C020002086
:1012B000F0B50C88C37C0288A5B2C4F30E0404F117
:1012C00018060233865B1A44334497B213FA82F34A
:1012D000013B4288B3FBF7F313FB07439BB29A42EF
:1012E000044A93BF22EA05032A4013439BB20B80B2
:1012F000F0BD00BF0080FFFF4A1E062A08B5034666
:10130000084604D84FF4D1711520FFF743FE094A6F
:10131000914202D940F2A311F6E711B903B1196065
:1013200008BD2BB11B680022C3E901211A1D1A60F8
:101330000430F5E7FAFFFF7F10B5114B00EB4104D5
:101340001A786389B3FBF2F303FB0223013A1A44D0
:10135000B2F5706F0279807828BF00231A440B1809
:10136000B2FBF0F100FB11215B1AB3FBF0F100FBC3
:10137000113313446FEA43436FEA5343638110BD53
:10138000FC280020024B03EB80035960704700BF2C
:10139000FC2800202DE9F04F10F0070A85B0054623
:1013A00004D040F26F111720FFF7F4FD534F07F1FF
:1013B0000C06B1460446B04657F8043B8DF80BA026
:1013C0003BB101A898479DF80A30082B01D9F521B7
:1013D000E9E79DF80B1041BB05B131604F4506F1BF
:1013E0000406E9D1002D70D0DFF81491002289F8AD
:1013F00000209646022758F827A0013FBAF1000FB7
:1014000056D09AF804609AF802C0FF2E61D039468F
:101410000023481C39D19C44BCF1FF0F40D90AB1CC
:1014200089F800E04FF49A71BDE79DF80AC0604664
:10143000022838BF02204B1D5A0004EB4303441E10
:101440002344BDF808406444013CCCF1000C04EA9C
:101450000C044042B4F5803F03EA000302D340F29B
:101460000511A0E775B19A1A0120326091701480BD
:10147000D0709DF80C001071019810814FEA104C4B
:10148000A2F806C004FB0134A8E758F8210028B1EF
:1014900090F804B0B34504BF80781B180139B8E751
:1014A000DBB2E6458AF804303CBF5FFA8CFE0122CD
:1014B0007B1CA0D10AB189F800E0022640F6FF6A41
:1014C00058F82670B7B9013EFAD2601B05B0BDE8E6
:1014D000F08F0023E5E707EB41033846A3F80AA0A5
:1014E000FFF72AFF09F10109BB785FFA89F18B4206
:1014F000F1D8E8E74FF00009F6E700BF0029002027
:10150000FC28002038B54FF6FF730380184B03EB1F
:10151000810302461869A8B184780379B3FBF4F11A
:1015200004FB1133DBB2194600EB4105B5F90A5053
:10153000002D0EDB0131B1FBF4F504FB1511C9B22E
:101540008B42F1D1002038BD6381BDE8384009F0FD
:1015500096BC00EB41046389C3F30E031380C27889
:10156000002AF1D14FF4E5711720FFF713FD00BFFA
:10157000FC2800201C4B03EB810370B51C69054659
:1015800044B3030404D54FF4EC711720FFF702FDB8
:101590000146204609F055FCFF28014604D02046AC
:1015A000BDE8704009F06BBCA078B5FBF0F300FB20
:1015B0001353DBB219460A1D04EB4206B6F902606A
:1015C000002E09DB0131B1FBF0F200FB1211C9B2B0
:1015D0008B42F0D1002070BD8B4201D00023E3701C
:1015E00004EB42025580DAE7FC280020094B03EBAC
:1015F000810310B51C690146204609F022FCFF2832
:10160000014604D02046BDE8104009F038BC002057
:1016100010BD00BFFC280020F8B5104B03EB810380
:1016200007461C690146204609F00BFCFF280546C9
:1016300011D0E288238953EA024606D001462046AB
:1016400009F01DFC01463846B04720462946FFF701
:1016500073FE0020F8BD0520FCE700BFFC28002039
:1016600038B50E4B827903EB82030446186908B93A
:10167000052038BD8278E1799142F9D24B1CE371A3
:1016800000EB41035D89B3F90A30002BF3DBA58041
:1016900009F0F5FB20600020EBE700BFFC280020EC
:1016A00070B5044610F003000E4603D04E211820FA
:1016B000FFF770FCFFF720FE054624B103483146D2
:1016C0000460FFF719FE284670BD00BF18290020EE
:1016D0002DE9F14FDFF870B09DF828A09DF82C900F
:1016E0001E46DBF8003007460D4690461BB96021C8
:1016F0001820FFF74FFC52460921404609F026FA10
:101700004A4684B20921304609F020FA14FA80F1E1
:10171000DBF8000009F069FB386018B9286001B0F7
:10172000BDE8F08F04442C603868534641460922D6
:1017300009F0CFF928684B460922314601B0BDE8CF
:10174000F04F09F0C6B900BF1829002070B50E4649
:10175000044609F00EFA0546304609F00AFA044B31
:101760002A1821461868BDE8704009F063BB00BF25
:1017700018290020024B186808B109F02ABB7047ED
:10178000182900201F2AF8B5044626D80420032370
:10179000134D12FB003254B1A30703D06821092076
:1017A000FFF7F8FB22F0030329706C602B8122F015
:1017B00003022823120403FB01F001276B68120CBB
:1017C0000025EEB2B14200D8F8BD14B126181F7042
:1017D0005E60104401352833F3E74FF0FF30F3E744
:1017E0001C29002070B5154A157853680021C8B22D
:1017F000854203D8BA210920FFF7CCFB1C461846C6
:1018000014F8286B01310EB92346F0E700219970D6
:10181000128999610124D96159685C70920803F1B9
:101820001E0403F1260524F8022FAC4243F8041FDE
:101830001144F8D100234361037070BD1C290020BE
:10184000134B012200214FF0FF309A60C3F80012C1
:10185000C3F80803C3F80015C3F804259A60C3F859
:101860000803C3F80015C3F804250A490A4A03F51A
:1018700080334FF40040C3F80825C1F88000BFF35F
:101880004F8FBFF36F8FC1F88001C3F808257047F1
:1018900000F0004000E100E00000F63F024B02686B
:1018A0001A600020704700BF28290020014B1B68E8
:1018B000184700BF28290020024B1868003818BFBD
:1018C00001207047282900200A468F2302F8033B95
:1018D0000448C368C1F803300369536043699360E7
:1018E000704700BF2C290020024B5A8C02435A84B7
:1018F0005B6A18472C290020014B00215B6A1847BE
:101900002C29002010B5154C05F05AFB05F056FDAA
:10191000208DFFF7F1FF237E63B12246104952F874
:101920000C3BE3606368536004F11900A3689360A3
:101930000AF012FD218DE06A02F0B0FBE36AB3F811
:10194000AA0002F02DFB636B94F8301094F831007C
:101950009847002384F8383010BD00BF2C290020A0
:10196000C9180000034B93F838300BB1FFF7CABF1A
:10197000704700BF2C29002070B5184CE66AE36C54
:10198000E3634FF481730546A4F8403094F85000A7
:10199000337D96F8151100EB83002DB9FF2803D194
:1019A00096F814318B4201D005F082F8337D73B183
:1019B000606D05F05BFA616DE06B05F0DBFC15B95D
:1019C000284605F0A7FA022384F8383070BDE06B92
:1019D00005F04CFA05F0F2FCF1E700BF2C290020DD
:1019E000F0B590F86D40134A0B46012CD1E91E6703
:1019F00092F8502087B001F1800103F190034FF07D
:101A0000010006D0022C13D040F225410620FFF73A
:101A1000C1FA00240025CDE9013205900090CDE9FE
:101A2000034532463B46012005F002FC07B0F0BDFD
:101A30000446EFE72C29002008B5094B93F838201D
:101A4000022A04D040F257312720FFF7A3FADA7AAE
:101A500042F00102DA72BDE80840FFF753BF00BF51
:101A60002C29002070B50F4DAE6D3478C90001F0FF
:101A7000080104F0F30492000C4302F00402144342
:101A80001B0103F0100304F0EC041C4300F00300FE
:101A900004433470B5F8643073700223A5F85C30E9
:101AA00070BD00BF2C290020F7B5184CA56E064666
:101AB0000DB1636C23B940F6C4012720FFF76AFA21
:101AC000B4F848306B702B782F4601F0030123F0F7
:101AD00003030B4307F8033BB4F84820616C384616
:101AE00008F05EFD0DF1020201A9E06EE563676496
:101AF00009F065F9019809F050F9B4F84810306020
:101B00000122E06E09F0F8F803B0F0BD2C290020A6
:101B10002DE9F0412C4C94F83830012B06460F4645
:101B20005FFA83F804D040F60C112720FFF732FA51
:101B3000E56A2B7933B1002129710420FFF7D4FE27
:101B400085F805802B7A052B0AD120490220FFF762
:101B5000CBFE236E1B78991E4B424B4184F87030AC
:101B60001EB1BDE8F041FFF7CDBE002FF9D0636F85
:101B7000304698470028F4D094F83030002BF0D14C
:101B8000638C9A0716D594F87030002BE9D02B7D22
:101B9000E46A23B1294604F1A800FFF721FF94F875
:101BA0001521012096210BF0C9FDBDE8F041002070
:101BB000FFF7E2BE002BD4D194F87830002BE6D1A9
:101BC00094F87930E1E700BF2C2900208C2900200F
:101BD0002DE9F04F964EF46A91B004F1A8030A93F0
:101BE0000023CDE90D3396F838300790022B099188
:101BF0005FFA83FA04D040F6AD112720FFF7CAF947
:101C0000F36B03221D785978A6F8481013447364C7
:101C1000079BA6F8402005F00308002B00F0F48095
:101C200019B1F06E09F048F80146627A338DB16659
:101C30000132D2B282EA950743F4007317F001072C
:101C4000338546D1237A23B3032B62720AD8012B42
:101C50001FD0D6F880000DA908F0D7FF90B940F248
:101C6000D471CAE7053B012B02D940F2B371C4E736
:101C700001F00EF810B940F2DE71BEE739460820D7
:101C8000FFF732FED4E91C32013342F10002C4E90D
:101C90001C326379002121721BB161711020FFF7A2
:101CA00023FE338D43F40063338500230893237DA3
:101CB000C5F3C007CBB1B6F84830B3B105F096FB19
:101CC0000328FBD0022806D1FFF71CFE11B0BDE8A7
:101CD000F08F079BEAE740B9A37A03F001039F4224
:101CE00003D1012386F83130EEE7A27A02F0010336
:101CF0009F4240D04FF0000BB36E002B40F0968017
:101D0000B6F84830B3FA83F35B0903EA151386F893
:101D10007930099B002B40F08F80728C96F88630CA
:101D2000110704D596F87020002A40F08580012B19
:101D300000F28280736F0120984700287CD096F8CB
:101D40003050002D78D1E37C002B00F0D78094F840
:101D50001461012ED4E91C2304F1800104F19007E1
:101D60004FF0010000F0BF80022E00F0F18040F241
:101D70002541062042E7B6F84830E3B108F1FF31CB
:101D8000012918D8318D41F48051318596F884109D
:101D9000994206D296F8303043F0100386F830307E
:101DA000A8E7B16E0029A5D096F8851019B12020BA
:101DB000FFF7A2FD9EE70132B8F1030FA27219D01E
:101DC00008F1FF32012A0BD8002B93D0D4E91E3240
:101DD000013342F10002C4E91E32DDF81CB08BE78A
:101DE000002B87D0D4E91E32013342F10002C4E94E
:101DF0001E327FE7338D0F49012043F48053207159
:101E00003385FFF771FDEDE7237D0BB105F02AFB6C
:101E100096F88630013386F88630338D4FF0000B0C
:101E200043F480633385CDF820B065E701236CE788
:101E30002C2900207029002005F0C2F8BBF1000F0A
:101E40004CD101230993A54D2B8D5A0606D4402071
:101E5000FFF752FD2B8D43F040032B85089B63B1A8
:101E6000B5F80720B5F805301343E28813431EBFC9
:101E7000B5F809300133A5F80930079B002B00F0B5
:101E80002681B5F805300133A5F80530002385F823
:101E90008630934802F072F80D9830B108F07DFF5B
:101EA000002202720A9901F071FC0E9B33B10022EC
:101EB0001A720C220A990E9801F036FC099B002B2D
:101EC0007FF402AF2B8D1B063FF500AF8020FFF79C
:101ED00013FD2B8D43F080032B85F7E641460EA8BA
:101EE000FFF7E2FDADE72E4605900020CDE9036047
:101EF000FB26CDE90176009005F09AF9774F94F82A
:101F00001421962100200BF019FCD7F82C9097F89B
:101F1000503099F8142099F8141103EB8203FF2B29
:101F200003D199F815318B4202D0FF2004F0C0FD97
:101F3000FE6A00238DF83130ADF83230337A062B4B
:101F400000F2B280DFE803F0068E9191B0A3A30007
:101F50000646C9E797F88730A6F804310DF132013B
:101F60000FA8ADF8323000F085FE30B10F9820B1E7
:101F700005233372BDF8323014E0FB6A93F8513018
:101F8000002B6AD1D7F880000DF131020DF132013A
:101F900008F016FE002860D0BDF83230002B4BD17F
:101FA00001223272B865A7F8643003B1C31C3B66E6
:101FB000B27A96F809A0367A0B92022E07D0053E27
:101FC000012E74D81B78022B4FF003060CD0D7F8E3
:101FD000800008F050FE00286BD1032E04D000F0E2
:101FE00063FE80F00105EDB23C4F05F0010387F878
:101FF000783099F81330002B5DD0B7F86430002B9F
:1020000059D051460B9A2B463046FFF72BFD786D81
:1020100004F02CFFD7E9150105F072F9012387F8C8
:10202000883087F83830BBF1000F3FF40CAF4146E1
:102030000EA8FFF739FD06E79DF831201AB9028096
:102040008270032395E7027802F00302012A08BF99
:102050004FF0030A86F808A0A4E70023ADF8323059
:10206000012333721F4800239CE7B6F80431D7F8E8
:102070008000ADF832300DF131020DF1320108F07F
:102080009FFD00287FF476AF40F2C351B5E50DF116
:1020900032010FA800F0EEFD08B10F9810B940F220
:1020A000D251AAE5062364E740F2DC51A5E50126FA
:1020B0008DE7012598E70B9A2B4651463046FFF7EE
:1020C000D1FCB86D04F0D2FE05F078F9A6E7B5F8BA
:1020D00007300133A5F80730DBE600BF2C290020CC
:1020E00058290020A629002010B5064B93F8382067
:1020F00002F0FF0422B91C7601F0C8FF204610BD93
:102100000C24FBE72C290020094B0A4A10B51A6061
:10211000FFF7EAFF20B14FF4B1712720FEF73AFF35
:1021200000F024FD044CE06400F024FD606510BD67
:102130008C320020E02200002C290020F8B55C4CF5
:1021400094F83860054606F0FF0016B909B102B1EF
:1021500023B94FF420712720FEF71CFF63639DF81D
:10216000183084F885306162626784F8300084F842
:10217000860084F8310084F888006084208584F823
:10218000780084F8790084F87000A0652066A4F8CF
:102190006400E0636064A4F84800E56204F0CAFCEF
:1021A00005F00CF995F91C0104F00EFDD5F8D0608E
:1021B000D5F8C80004F00EFD304604F049FE95F84D
:1021C000240004F011FDE36A93F891320BB104F09E
:1021D0009FFC0AF050FC95F8152100F189010120BF
:1021E00004F070FD334B186804F038FED5F8BC30AD
:1021F000C4F88030D5F8C030E366AB7B233B072BB7
:1022000054D9EB7B233B072B50D9B5F8E630B5F812
:10221000EC0095F81411984228BF184609F01BFEEF
:1022200095F8E830834228BF034698B295F8E43029
:10223000984200D3C3B295F8151184F8873005F1A0
:10224000DC000AF000F92F7D95F81511B5F8F06063
:1022500009F001FE0FB9043080B2864228BF06465D
:10226000F3B284F8843084F850302B7D23B12946B2
:1022700005F1A800FFF7B4FB0120FFF77DFBE36A3F
:10228000D3F8C00104F00EFE002323606360A36056
:10229000EB886380B5F8AA30238095F82430237149
:1022A000D5F818310BB101221A60F8BD1B23C2E723
:1022B0002C2900208C320020014B93F888007047B5
:1022C0002C290020024B93F82900C0F3C00070476E
:1022D0002C290020014B93F8860070472C29002000
:1022E000391A0000D11B0000111B00006519000005
:1022F000F0B5070CA7F5AA42144B543A012A03EA99
:1023000090231FD927F4004042F6AA22801A18BF52
:1023100001200022162116461F2487EA060562EADC
:102320000505013510D0DD03ADB245EA5606E503DB
:10233000ADB2013945EA52024FEA53034FEA540461
:10234000EBD1F0BD0020E4E70020FAE7E0FF3F001A
:10235000304BF0B55A89B0F86070B0F85E609D8976
:10236000974228BF1746964228BF16461B2E85B0B7
:102370000C462ED0B5F5A47F2DD040F648039D42E3
:1023800001A928BF1D4608F0D9FEBDF80A30BB429E
:1023900028BF3B46E380BDF80C30AB4228BF2B463C
:1023A0002381BDF80630B34228BF33466380BDF8B1
:1023B0000830AB4228BF2B46A380FF232370E3885D
:1023C0001B3B9BB2E02B08D940F209513920FEF7A4
:1023D000E1FD1B2FCED105B0F0BD63881B3B9BB246
:1023E000E02B02D940F20B51F0E72389A3F5A47347
:1023F0009BB2B3F5E06F02D940F20D51E6E7A38836
:10240000A3F5A4739BB2B3F5E06FE4D940F20F518A
:10241000DCE700BFB829002010B501210020FFF73C
:10242000E5F8044670B90121FFF7A4F8044620B985
:1024300040F225313920FEF7ADFD034B93F918101A
:102440000AF01AFE204610BDB8290020014BD8889A
:10245000704700BFB8290020044BD87CC0F340006F
:1024600080F0010000F00100704700BFB829002093
:1024700008B509F067FC00F0B9FD00F09BFB09F01E
:1024800043FF01F0E9FD03F0EDFF084B084800228F
:102490001A60084B4FF01B11C3E901014FF4A471FE
:1024A000D960DA741A801A8208BD00BF9032002009
:1024B00003021B00B8290020034B41F64C525A611D
:1024C0001B229A74FFF7D4BFB8290020F7B5284D16
:1024D0006B69C0F8DC3000F1A807264BC0F8C430A7
:1024E000044638460AF05BFC064600F053FB8306C0
:1024F00054BF1B23EB88A4F8063158BF1A461E4B65
:10250000A97C1B6848BF2A89A4F8082184F8E41034
:10251000A4F8E66023B194F91C11B4F8AA00984716
:102520001649384609F0F9F90123EA886979A4F8CF
:10253000DA302B89019129790091033303329BB260
:1025400092B204F1C00104F1BC00FFF7C1F8D4F865
:10255000BC3023B940F2E2413920FEF71BFDD4F82C
:10256000C03013B940F2E341F6E703B0F0BD00BF5D
:10257000B829002000093D0094320020C62900201F
:10258000024B1B6803B118470C20704790320020A3
:10259000034BDA8802801B7983700020704700BFEC
:1025A000B829002037B583781A2B054608D8042BA4
:1025B00004D9144A22FA03F3DB0705D412241AE0E3
:1025C000292B01D03B2BF9D12888B0F5706FF5D2BB
:1025D00001A909F064FC88B9019B93F8202102F05D
:1025E000FF046AB9AA7883F82121FF2283F8202109
:1025F00001A808F076FE204603B030BD0224FAE7B9
:102600000C24F8E7200038040188A1F11B039BB2D9
:10261000E02B0CD84288A2F5A4739BB244F2481078
:10262000834204D8034B002059819A8170471220BD
:10263000704700BFB829002038B50278447802F00E
:10264000010354EA030102F0020201D1112038BD56
:10265000BAB98578002DF9D0002B18BF002400E00E
:102660001D46204608F05DFD0028EFD0284608F002
:1026700058FD0028EAD0054B00209C73DD731882BA
:10268000E5E7002BECD000242546EAE7B829002036
:1026900013B5008801A909F01BFC044620B9019874
:1026A00090F832311BB13A24204602B010BD90F8A8
:1026B0005C3003F0FF04002BF5D190F853309B07FA
:1026C00006D1FF2380F8323101A808F00AFEEBE7BB
:1026D0000249543009F040FEE6E700BFCDC90000D2
:1026E000F7B50778EF2F05460C460FD890F9012073
:1026F0004378002A0ADB8278900707D113F0100094
:102700001DD1990603F0030202D51AB1122442E04A
:10271000032AFBD01E07F9D42979EA78EE7942EA38
:102720000122697942EA0142A97941EA06212E7A19
:1027300041EA06418A42E9D81F2A0FD8E6E713F09A
:10274000600FE3D103F00702052A05D003F00F0163
:102750000D22CA40D107D9D51A07DDD56A7A013AC8
:10276000062AD3D8AA7A032AD0D813F0040102D1BA
:10277000023A012A03D8EA7A012AC7D811B9AA7CF9
:10278000032AC3D82A7D48B1012ABFD12A7E012A53
:10279000BCD830B91124204603B0F0BD022AF5D1CF
:1027A000B4E7DB0712D46B782A7D03F01803082BFB
:1027B00011D1022AEED101213846FEF717FF064655
:1027C00078B10AF00DFCB8B10C24E4E700F0A2F9EE
:1027D0000028E8D1DEE7022AEDD02B7F002BEAD0DB
:1027E000D8E701213846FEF7C5FE064640B3154B33
:1027F00093F918100AF040FC30460AF02DFD2946E6
:102800002070E87430460AF07DFCEB7E0446002B15
:10281000C1D00028BFD1B16A0246684608F06AFB01
:10282000B06A2246012108F0B1FBB16A6846042271
:1028300008F060FBB06A2246214608F0A7FBAAE731
:102840000724A8E7B829002030B50279042A8BB004
:1028500003464FD84088B0F5804F4BD826498D5C51
:10286000114400244A79ADF8004042F0100242EAD7
:1028700045028D7AC97B8DF8084042EA850242EA1A
:10288000C10202F01F028DF80020BDF80020ADF853
:1028900009201A888DF80B208DF80E00120A000A04
:1028A0008DF80C208DF80D408DF80F008DF810403C
:1028B0005A7B8DF811205A798DF812209A79D3F825
:1028C00007008DF81320B3F80B209B7B8DF81A308E
:1028D0007F2305908DF81B3069464FF0011302A845
:1028E000CDE90734ADF818208DF82440FFF7F8FE45
:1028F0000BB030BD1220FBE72C80020073B50646FA
:10290000FFF78AFD04460AF0B2FC3378012B054636
:102910005FD120460AF0E3FB00287AD020460AF077
:10292000A6FC18B115B9122002B070BD20460AF0FD
:1029300057FB08B10C20F7E720460AF08EFB06464D
:102940000028F7D1204602F033FD0028EBD0ED013E
:1029500042F2107331462046ADB25D430AF073FC7B
:1029600020460AF07CFC014658B92A46204601F070
:102970001BFF08B90020D7E741F698213920FEF760
:1029800009FB31460DF10600FEF7BCFD064608B90D
:102990000D20C9E7BDF8061009F0A9FA3146204616
:1029A0000AF069FC3046FFF791FD2A463146204681
:1029B00001F0FAFE024610B141F6B421DEE7164BF3
:1029C000DB69002BD6D006F5917106F1A800984777
:1029D000D0E7002BA7D120460AF081FBC8B12046E2
:1029E0000AF0FEFA0028C5D020460AF0A8F90546EC
:1029F00020460AF0A7F9014600289BD1002DB9D046
:102A0000B5F8AA00FEF708FE0028B3D041F6D6219B
:102A1000B4E7422088E700BFB829002002780346C7
:102A200072B1427862B142881A2A09D982881A2A78
:102A300006D9044A006850609B88138100207047C3
:102A400012207047B8290020024B02685A6100200A
:102A5000704700BFB82900200378A3F10A02112AA9
:102A60009DBF024A0020937412207047B8290020AD
:102A700008B5052000F082F803F0B4FC014B024ACF
:102A8000DA6108BDB82900205123000008B5094BC0
:102A900001221A7002F07CFC0AF09EFD09F050F948
:102AA000FFF732FB002008F0F2F9BDE8084000F023
:102AB00075BD00BFD829002010B5064C0649201D61
:102AC00008F0DAFE04F108000449BDE8104008F0FF
:102AD000D3BE00BFD82900200821002010210020EB
:102AE00010B5084C0849201D08F0C6FE04F1080086
:102AF000064908F0C1FE04F10C000549BDE810408C
:102B000008F0BABED829002018210020202100207A
:102B100028210020014B1878704700BFD8290020D9
:102B200010B5064C00F016FD606808F09DFEFFF73A
:102B3000C3FC00F0A9FE0123237410BDD829002096
:102B4000014B187C704700BFD829002010B5064CF7
:102B5000A06808F089FEE06808F086FEFFF788FCB0
:102B60000023237410BD00BFD829002000487047FF
:102B7000E929002000487047EB2A0020C2080449D8
:102B800000F0070001238340885C03438B547047A7
:102B9000D0200020014BD3E900017047D020002055
:102BA000034B1868C0F30020400040F0010070475C
:102BB000D020002008B505F0F1F9084A002332F8CA
:102BC0002310814205D302EB83029378044A1370E9
:102BD00008BD01330C2BF2D10023F7E7408002003F
:102BE000ED2B002008B50068B0F8AA30A0F86531D8
:102BF00090F8143180F86411012B06D0022B04D018
:102C00004FF43F710620FEF7C5F980F8673190F860
:102C10001531012B01D0022BF2D180F86831BDE8CB
:102C20000840024900F25B1009F096BB05B90000AC
:102C3000024B002283F822209A847047EE2B00205A
:102C4000044B93F82220012A1ABF036001200020C0
:102C5000704700BFEE2B0020054B93F8221001298E
:102C600002461DBF012083F822009A84002070478D
:102C7000EE2B0020054B024693F8220020B1136092
:102C800009B19B8C0B800120704700BFEE2B002008
:102C9000044B93F8220000229A8410B183F822207A
:102CA00001207047EE2B0020034B93F82200B0FA6E
:102CB00080F04009704700BFEE2B002050B90A4A4F
:102CC0001346012003F8010B0868C2F801008A8846
:102CD0009A807047012805D1034B0A689A608A8858
:102CE000D8719A81704700BF142C002050B90B4B4B
:102CF000187888B1D3F80120B3F805300A608B80CA
:102D000001207047012806D1044BD87920B19A6878
:102D10000A609B89F3E70020704700BF142C002055
:102D200010B9044B18787047012806BF014BD879B9
:102D300000207047142C0020F7B500238A888DF8F6
:102D40000600ADF8042008680B4A8DF80730019D95
:102D50001478014602F5A872D8B2844201D808203E
:102D600008E052F8087F5668AE4208BF8F4203F170
:102D70000103F1D103B0F0BD282C002030B5094B80
:102D800001465C78002203F20113D0B2844201D8DC
:102D9000082005E013F8015F8D4202F10102F4D131
:102DA00030BD00BF282C0020F8B52D4C6378013BC6
:102DB000DBB22218834292F80251637030D01A01BC
:102DC0000101961C8F1C2644274406F1100C56F86E
:102DD00004EB47F804EB6645F9D182328231224494
:102DE000214402F1100652F8047B41F8047BB24200
:102DF000F9D1E118221891F8026182F802610626E1
:102E00007343704303F5857300F58570E618E35846
:102E100023502718B388BB8091F83A3182F83A31B1
:102E20002846FFF7ABFF082818D12378013BDBB217
:102E30009D42237012D02B3304EBC30393E80300AD
:102E400005F12B0204EBC20282E803002078FFF7B1
:102E500095FF08281CBF241884F80251F8BD00BF54
:102E6000282C0020F0B5254D95F8984189B02246D0
:102E700005F29911684607F093FB2146684608F071
:102E800080FF0446B8B300EB4001C9B202A8FEF7C8
:102E90000DFD631E95F8A161DBB2012495F8981130
:102EA00005E0721CB2FBF1F001FB1022D6B206F174
:102EB00020020DEB020010F8202C002AF1D103EBC8
:102EC00043012031694406EB46022A4411F8187C7C
:102ED00082F8A27111F8177C11F8161C82F8A37100
:102EE00082F8A41100F8204C013BAA19DBB2FF2B99
:102EF00082F89941D2D109B0F0BD00BF282C002042
:102F000070B5064688B00C46002A4ED0294A92F881
:102F1000A131D01890F8991119B9FF212820FEF796
:102F200039F803EB43011144013391F8A251E570E4
:102F300091F8A35191F8A41161710021257180F8D5
:102F4000991192F89811B3FBF1F001FB103382F85C
:102F5000A13192F8C23123B9174902F5DD7009F0A9
:102F6000F8F9657905F03F0545F0400565710D22DA
:102F70000021684607F0D4FAE3788DF80F30237902
:102F80008DF80E3004AA0423694630468DF80D50A2
:102F900007F024F99DF81F3023709DF81E306370F0
:102FA0009DF81D30A37008B070BD03216018FEF7B6
:102FB0007DFCD6E7282C0020652E0000044B5A78B3
:102FC000824286BF1B1893F84A010020704700BF59
:102FD000282C0020044B5A78824286BF1B1893F895
:102FE00042010020704700BF282C0020064B002221
:102FF0004FF461711A8083F8C32183F8C421A3F8C8
:10300000C61183F8C2217047282C00202DE9F04713
:103010008246894617469846FFF78EFE08280546E1
:10302000064603D0FFF7AAFE082860D1324C637829
:10303000072B5ED8082D15D12678731C072E237018
:1030400003D96C212820FDF7A5FF06F12B02D9F842
:10305000000044F8320004EBC203B9F804209A805F
:1030600083F806A065786B1C290163704B1C07F17F
:103070001002234412F8010D03F8010FBA42F9D1EE
:10308000813108F11003214413F8012D01F8012FBB
:103090009845F9D11021404608F0A3FE254410219F
:1030A00085F84201384608F09CFE85F80261667892
:1030B00085F84A010023114885F83A31314608F075
:1030C00060FE0128054607D80D48314608F059FE34
:1030D000002818BF0135EDB284F898510025284624
:1030E00084F8A151FFF7BEFE2846BDE8F087122004
:1030F000FBE70720F9E700BF282C00206A2D0020FD
:10310000722D002010B5064B5878013840B20028C7
:1031100000DA10BDC4B22046FFF746FE601EF5E798
:10312000282C0020014B83F8C3017047282C002075
:10313000014B93F8C3017047282C0020431E9BB21B
:103140004AF2B71293429DBF024BA3F8C601012079
:1031500000207047282C0020014BB3F8C6017047AF
:10316000282C002030B50A4B5C7884420ED91844D4
:1031700090F802012B3003EBC004A5790D7053F8D1
:1031800030001060A3889380012030BD0020FCE750
:10319000282C00200246074810B590F8C34124B1FE
:1031A000417821B1023003F07FF9204610BD0C4672
:1031B000FBE700BF282C00202DE9F74F2F4C9A4643
:1031C000637883428046894656D9231893F8425142
:1031D00085F00105F9B193F84A31E3B945F00207EA
:1031E0000135BAF1000F18D1FA070AD5062101FB03
:1031F000084104EB0810524601F585718230FFF753
:103200007FFEBB0734D504EB081052464946023016
:10321000FFF776FE2CE02F46E3E794F8A1614FF02C
:10322000010B002DE0D0A319019393F8991199B9DE
:103230000092DAB100F0F8FA06EB46012144019B56
:1032400081F8A2014FEA102C009A81F8A3C1000C6A
:1032500081F8A40183F899B194F898310136B6FB4E
:10326000F3F103FB1166F6B2013DDAE747F004071C
:10327000384603B0BDE8F08F0027F9E7282C00207E
:10328000074B5A78824209D91A1892F842212AB972
:10329000062202FB003000F5857070470020704761
:1032A000282C0020064B5A78824281BF1B1893F8C5
:1032B0003A01B0FA80F0400998BF0020704700BF83
:1032C000282C0020F8B50E46074606213046154644
:1032D00008F087FD044670B10C4B0022587803F2C9
:1032E0003913D1B2884202D801242046F8BD03F830
:1032F000015F0132F5E73146384608F05EFD0828E7
:10330000F3D0024B034483F83A51EDE7282C002018
:10331000034B80F874101B680BB140881847704746
:10332000983200200B2808B504D940F22911292031
:10333000FDF730FE014B33F8100008BD708002002D
:10334000036830B50024D3F8C400A3F84040B3F8B4
:10335000444042F210754443B4FBF1F4A3F84440F6
:103360004C1E05FB0242B2FBF1F2A3F84220094ACF
:10337000B2FBF1F20132A3F848209A8F05FB024418
:103380005A6BB4FBF1F450439C63B0FBF1F058630B
:1033900030BD00BF005A620213B540F6B8338387D0
:1033A000B0F8CE20D0F8C4100190044601A8FFF771
:1033B000C7FF0C4B1B68062B01D001330FD10A4B02
:1033C0001B68063B08330AD9D4F8C800FEF790FF03
:1033D00080F00100C0B284F8910202B010BD00205C
:1033E000F9E700BF103200201432002003460846DF
:1033F00071B13F2B0BD8074AD35C03F07F02914297
:1034000005D08CBF0120002000EAD31070470120B6
:10341000704700BF88800200FF230B7002234B70AF
:1034200083238B70014B1B78CB707047F42D0020E9
:103430002DE9F84FD0F80480D8F8186030460C46D3
:1034400007F099FC054620B94FF4AA711020FDF74A
:10345000A1FD0146304607F09CFCB5F800B01FFA0C
:103460008BF7824617B94FF4AC71EFE7224B1B681C
:1034700000F10309D3B998F8023098F803202370BB
:103480006378A4F802B002F00F0223F00F03134395
:1034900023F0C00363709AF8003003F00303012B9C
:1034A0000FD0022B0DD04FF4BB71CFE7B8F802005C
:1034B0003A464946984705460028DCD12846BDE8EB
:1034C000F88F627863F305126270304607F067FC8C
:1034D000054610B94FF4C071B8E7FB2F02D940F28E
:1034E0008F11B3E73A464946201D07F059F8304698
:1034F00007F0B0FBE2E700BF9C32002038B5134C68
:1035000010220021201D07F00BF801252574102240
:1035100004F10803002104F11400C4E9013306F0AA
:10352000FFFF84F8205004F11803C4E90533084A6A
:1035300000236362A36284F82C30C4F82D30C4F8F1
:10354000313084F835301360A36338BDF42D00208A
:103550009C32002010B5084C2378FF2B04D040F299
:1035600099111020FDF716FD06F07EFE2070BDE8D3
:103570001040FFF7C3BF00BFDD20002010B5034C93
:10358000207806F08BFEFF23237010BDDD20002085
:10359000014B187806F092BEDD200020014B024A54
:1035A0001A607047A0320020313400002DE9F34149
:1035B000DFF86881054608F11407D8F80830D8F814
:1035C0001840227A012A22D1D8F8382052B1137A31
:1035D0001BB9BF211020FDF7DDFCD8F83840C4B975
:1035E000002083E01A7A012AFAD04D4A1C46EFF3F4
:1035F000108172B650680068506001B962B6A3428B
:1036000008BFC8F83840237A1BB9EE21E2E73A46F2
:10361000EDE7267AF6B205232372731E0B2B6ED8C4
:10362000DFE803F06A062235676D3E6D6D6D6D5BF8
:10363000636813B94FF40371CCE7204629469847D5
:103640000420EFF3108272B6237A052BD9B24FF023
:10365000000359D12372D8F83810A14201D1C8F81B
:103660003830B2BB62B634E0636813B940F215215A
:10367000B0E72946204698470346C3F30723012BAA
:10368000ADF80400C0B22FD0022BDAD11AE0636883
:1036900013B940F21D219DE7204698470020D0E74E
:1036A00063680BB9FE2195E786222A7001225988AA
:1036B000AA706A7100225869A5F80310AA7107F070
:1036C000C9FA0420D8F83830A34202D10023C8F840
:1036D000383000283FF471AF08E0124B29461B68D0
:1036E00020469847034668B9267298B102B0BDE8F3
:1036F000F0814FF415716DE740F257216AE740F20F
:103700005A2167E70220DDE711B940F27B2161E72A
:103710001846A6E7002B7FF450AF61E7F42D002098
:10372000F82D0020A032002010B51346027A22B1F5
:1037300040F202311020FDF72DFC0A46BDE8104092
:103740000146014808F0E2BDF82D0020044890F839
:103750002C301BB90349243008F0F5BD704700BF79
:10376000F42D0020FDC200000346064890F83C20DE
:103770003AB190F8352022B900F82D3B024908F003
:10378000E2BD7047F42D00201934000010B50A4640
:10379000037A23B140F20A311020FDF7FBFB01460A
:1037A000BDE810400148072308F0B0BD082E0020F6
:1037B0001346027A0AB1037270470A46014601486D
:1037C00008F0A4BDF82D00201B234FF01B128384AA
:1037D000038482618382C260038539B94FF4A47384
:1037E000034AC3844384C261C3820261704700BF3D
:1037F00048014801014908F0AFBD00BF5FC30000A8
:103800000B8BA2F80B304B8BA2F80D308B8BA2F8F0
:103810000F30CB8BA2F809000249A2F811301046F4
:1038200008F094BDAFC30000094AD2E90003434049
:1038300083EAB01181EA43214FEAF3435360054B19
:10384000116058434FEAF06000EB8000704700BF02
:10385000342E0020BB79379E094AD2E90003434049
:1038600083EAB01181EA43214FEAF3435360054BE9
:10387000116058434FEAF06000EB8000704700BFD2
:10388000E0200020BB79379E10B50A4C094808217A
:10389000FEF70CF8D4E900321343F7D0064CFFF7DB
:1038A000DBFF2060FFF7D8FF236860601843F6D085
:1038B00010BD00BFE0200020342E0020174B184A16
:1038C0009A60184A5A60184A1A60184A9A62184A46
:1038D000DA62184ADA60184A9A61184A1A63184A72
:1038E0001A62184ADA64184A9A64184A5A62184BDB
:1038F000184A9A60184A5A62184ADA62184A1A61D3
:10390000184A5A61184A9A61184A1A63184A9A64FE
:10391000184ADA64184A9A63704700BFA43200203C
:10392000E9C600000FC7000075C7000031C80000DD
:103930007BC800007D3C00008DC80000F13E000007
:10394000793D000051C9000069C90000C53D000073
:10395000A4330020FFC6000025C90000ABC800004A
:103960005BC80000CBC80000093D0000EFC90000A3
:1039700097C9000089C900000FC90000044B054A1F
:103980005A65054B054A1A65054A5A65704700BFD6
:10399000A43200209DCA0000A433002087CA000082
:1039A00009CB0000054B064A9A65064A1A66064B83
:1039B000064A9A65064ADA65704700BFA4320020BD
:1039C000F1BA0000A5BB0000A433002041BA0000FA
:1039D00025BD000037B5044601A80D46FFF730F9B4
:1039E00020B94FF4AA615120FDF7D4FA00210198C3
:1039F000222206F095FD019B194601F8035F023D66
:103A0000232D00F28980DFE805F02587128A8A25B8
:103A1000872B878A313D418787458A8A4E4E656567
:103A200087878787878787878787876C77802168DD
:103A3000D1F8CE215A60D1F8D2219A602268D2F80A
:103A40009420DA600D20FFF707F9002869D140F2D1
:103A50005751C8E7226892F8A0201A710220F2E7B5
:103A6000204600F00BFA0028EDD13DE011221A713A
:103A700059225A7100229A713922DA7110221A726F
:103A80000620E0E7226892F89A20E6E7084600F070
:103A9000E3F9E8E7226892F89B10197192F89A20EE
:103AA0005A710320CFE72268B2F800111971090A90
:103AB0005971B2F8A2109971090AD971B2F8FC10C3
:103AC0001972090A5972B2F8A0209A72120ADA72AF
:103AD0000920B8E7226892F82E11197192F82F2167
:103AE000DEE7114B1B6813B940F249517BE72320F5
:103AF000224698470420A6E70B4B1B68002BF3D007
:103B000022462420984705209DE7074B1B68002B81
:103B1000EAD022462520F5E740F2445163E7012030
:103B200091E703B030BD00BFA43400203F289ABF06
:103B3000024B53F820000020704700BFA432002041
:103B40003F289ABF024B53F820000020704700BF67
:103B5000A4330020F7B50568D5F8BC6004464FF6DD
:103B6000FF770DF102010DF101023046ADF8027050
:103B700007F026F801A9304607F047F848B1019848
:103B800007F00BF92168A83100220272FFF7FEFD51
:103B9000E7E7044905F1280003B0BDE8F04008F06C
:103BA000D5BB00BF7DC60000F0B5044685B00D460C
:103BB000FF2600F8A56C10F8A63CF3B1174F3B7830
:103BC0001BB162211F20FDF7E5F90C21381DFDF71F
:103BD0006DFE3E70002304F8A53C2A468A2302F8B5
:103BE000033BD4F80930C5F80330D4F80D305360E6
:103BF000D4F81130936005B0F0BD01A80C21FDF799
:103C000055FEA4F5F473039A1A6001AB03CB44F894
:103C1000AE0C44F8AA1C04F8A66CDBE73C2E00208E
:103C200010B5054C23782BB90C21201DFDF73EFE65
:103C3000FF23237010BD00BF3C2E0020024690F8E9
:103C4000D631BBB990F8D73103F0FF010BB100209A
:103C50007047094B18780028F9D01970D968C2F854
:103C60009410043303CBC2F8CE01C2F8D211FF2363
:103C700082F8D631012070473C2E002038B502680A
:103C8000D37B04460D463BB1122B05D0103B0F2BC6
:103C90008CBF0120082038BD92F8523013B920465D
:103CA00008F0B2FC2268D5F80B30C2F8C631D5F85E
:103CB0000F30C2F8CA312368D5F81320C3F890201A
:103CC000B3F8AA20A3F88522D5F80120C3F88722EB
:103CD000D5F80520C3F88B222368B5F80920A3F88E
:103CE0008F222368002583F89E5183F8D6512068DF
:103CF000044900F51F7008F026FB23681522DA73CB
:103D00002846C8E7A93B000010B50368DA7B1F2AE4
:103D1000044604D040F29D211F20FDF73BF993F8A3
:103D20005220B3F8AA00002183F8511082B1C3F8E1
:103D3000A91183F85210A3F8AD110D49A3F8AA01F7
:103D400003F5D07008F0FFFA23680022DA7310BD83
:103D50000121A3F8990183F89B1183F89821054963
:103D600083F89F21A3F89C2103F28F10EAE700BF9C
:103D700019C8000001C8000038B505682B6813F0A9
:103D8000010419D1D1F801200C4BD1F805101340D2
:103D90000B4AC5F86230C3F3076343F008030A40D7
:103DA00085F86530C5F8662008F02EFC2B6843F0D6
:103DB00001032B60204638BD0120FCE72FC904F722
:103DC0006FDB008010B50068837B042B2CD1D1F809
:103DD0000130D1F80540C0F86230C3F3076343F007
:103DE000080380F8653000234A1CC0F8664080F85C
:103DF0004A30837390F8713103F0FF040BB1002057
:103E000010BDB0F8AA30A0F8733180F87241D1F833
:103E10000130C0F875315368C0F87931034900F2B8
:103E2000691008F090FAEAE70120E9E7E5C8000028
:103E3000006890F871315BB9B0F8AA30A0F873311E
:103E40001A2380F87231034900F2691008F07BBA36
:103E5000704700BFE5C8000010B50446FEF79AFEA3
:103E6000044A054B02400B40C4F80120C4F8053059
:103E7000092010BD2FC904F76FDB008037B50C4651
:103E80000568FEF787FE0A4A0A4B0A4095F8621059
:103E90000192034000930B408DF800306B4603CB3A
:103EA000C4F801000920C4F8051003B030BD00BFFC
:103EB0006FDB00802FC904F738B5DB04154604D545
:103EC000037D13B10023436338BD446B0134446365
:103ED00008F06CFD836B9C42F6D3002343630349D7
:103EE0002846BDE8384008F037BA00BF45C9000091
:103EF00038B50468A37B012B054602D023689807D8
:103F000038D494F853309A0713D44A7884F85D2053
:103F10004A88A4F85E208A88A4F86020D80743F075
:103F2000020284F853200FD5134904F1540008F01D
:103F300013FA94F85330D90711D423689A0708D597
:103F400058214020FDF726F894F83231002BEBD1B0
:103F5000EFE743F002032360284608F055FBA37BFC
:103F6000012B4FF0000301D0002038BDA37384F86B
:103F70004A30F9E70120F8E7CDC9000070B50568BF
:103F8000044602F04DFA054BE8721B6801461BB16E
:103F90002046BDE87040184770BD00BFAC3400201B
:103FA000024B1B6803B11847704700BFA8340020BC
:103FB000F0B51F4D2B78002414709BB1013B6D6848
:103FC000DBB21E1B012E0FDC05EBC40655F8347066
:103FD00076688E4208BF874227D0B84271EB06064A
:103FE00012D214700020F0BD1E19771005EBC70E19
:103FF00055F837C0DEF804708445C6F347068F4194
:104000002CBF33463446DCE705EBC30455F8335088
:1040100064688C4208BF854206D0A84271EB040454
:1040200028BF01331370DDE71C4614700120DAE766
:104030005C2E002010F0070208B503D06321482051
:10404000FCF7A8FF18B1034B197258601A70C8002A
:1040500008BD00BF5C2E0020014B00221A70704783
:104060005C2E0020FF230B70074A0D234B70822328
:104070008B701368C1F803305368C1F80730936838
:10408000C1F80B30704700BF722E00200248162284
:10409000002106F045BA00BF722E00200B4B5A7D5E
:1040A00092B14A0610D5B0F8AA201A80D0F8502252
:1040B0005A60D0F854229A60C2885A800449022279
:1040C00003F10C00FFF774BB704700BF722E002095
:1040D00065400000094B53F8203070B503F52343C9
:1040E0000C461646A1334FF47A72B3FBF2F503F097
:1040F0002BF834442C44204470BD00BF8C81020056
:104100002DE9F04F8FB09A4690F815310793044689
:104110008946069207F0F4FB834694F81F01FFF7E7
:1041200001F9834408F0A7FCE37B0393069B1FFA85
:104130008BFB00F16007002B4BD1637B032B48D135
:10414000039B0C2B32D1B4F86C324B452ED1D4F8F2
:10415000F031C4F8E031D4F8C430B4F8C421C4F864
:10416000E431B4F862321344C4F8E831204602F076
:1041700003F9D4F8742294F81D31C4F8C42041F630
:104180004B518A428CBF002303F00103D4F8701214
:10419000D4F87822C4F8D41084F81E31B4F86E1222
:1041A000A4F8D8100223C4F8CC206373E37BA17B6E
:1041B000282B01D028290CD1B4F86C32A9EB0303C9
:1041C0001A0406D4A1F1280359425941204601F0AE
:1041D00095FCB4F86052B4F8068094F81531089351
:1041E000A9EB05052DB204F50C73A9EB0808002D09
:1041F00004930FFA88F817DAD4E99223C4E99623D6
:10420000012345460493D04B1B7813B103F0AAFE5B
:1042100068B90026637B032B00F2D681DFE813F038
:104220006C007201C1009801CDF810A0EBE7B4F862
:10423000D831012BEDD9637B022BEAD094F80262CE
:10424000002EE6D194F81F01FFF76CF8637B00F5B0
:10425000C86B012B1FFA8BFBD9B23FD1A27CD4F8DB
:10426000D430032A33D1D4F8E42113445946D4F886
:10427000E401099303F03AFED4F8E061099BD4F815
:10428000E821C4F8E001861B59461846564303F05E
:104290002DFED4F8EC31C4F8EC01C31A5946D4F819
:1042A000C4001E4403F022FEB4F8C431D4F8E8215F
:1042B00043445B1B9B1AD4F8F021013B821A02FB9A
:1042C00003660123C4F8F00184F80232A2E7304605
:1042D000099307F0CFFD099B0344C7E7D4F8C40056
:1042E000594603F003FEB4F8C461D4F8F0314644F3
:1042F000761BC31A5E43E4E70121002007F0BAFDF4
:104300008046D4F8D4005946404403F0EFFD5946A6
:10431000C4F8EC01D4F8C40003F0E8FD0BA9C4F81C
:10432000F0010CA802F05CFE0B9B0093D4E996010F
:10433000DDE90C2303F0BCFE049004F1A80008F0B2
:104340000CFCD4F8D410D4F8642294F815018D181C
:1043500002F002FFD4F8EC11049B203D6D1AED1B16
:10436000454400F52340ED1AA1304FF47A73B0FBB9
:10437000F3F0B4F8D83030312D1A03EB410194F842
:1043800015013A46FFF7A6FED4F86432EB1A223044
:10439000DA2BC4F8F4015DD840F2C7413020FCF7B5
:1043A000F9FDD4F8D430D4F8E4015946184403F0A8
:1043B0009DFD5946C4F8EC01D4F8C40003F096FD05
:1043C000C4F8F00104F1A80008F0C7FBD4F8D43019
:1043D000D4F8E4511D44B4F8C431002B40F08E8071
:1043E000BAF1000F00F08A8094F8150102F0B4FED3
:1043F000D4F8EC11D4F8503294F815216D1A203D00
:104400001D44D4E992BC514B53F82220A5EB0B0577
:104410004FF47A7302F2E732B2FBF3F21544ED1B6C
:1044200000F52340A130B0FBF3F02D1AD4F8E821B9
:10443000D4F8E03194F8150102FB0313B4F8D81056
:10444000303301EB43013A46FFF744FE0123C4F841
:10445000F4016373D4F8C430D4F8F0217E3B9B1A86
:10446000DF1B002384F83032D4E996328742A5EB73
:10447000060528BF07465B1942F10002C4E99032E5
:10448000C4F8C07104F1DC0007F0DBFF042384F8FA
:104490003932D4E99023C4E99623B4F8B031A4F8B2
:1044A0006092A3EB09031BB2002BD4BF00220122B0
:1044B000520084F83822039A38440C2AC4F8340293
:1044C00000F08580BAF1000F40F08480637B002B00
:1044D00000F09D80D4F8C410D4F8F03104F50C70CD
:1044E000C91A07F08AFC80B2002800F09080189B5F
:1044F00003B1188001200FB0BDE8F08FD4F8EC11A3
:104500006D1A93E7D4F8F011D4F8C430B4F8C4218C
:10451000D4F8E801D4F8E0C15B1A5D43D4F8EC317B
:104520004244121A3033013A0CFB003301FB0233D0
:10453000B4F8D81094F815013A4601EB4301FFF79F
:10454000C9FDC4F8F40185E7882E00208C810200A3
:10455000D4F8F0E1D4F8C430B4F8C4C1A3EB0E032E
:104560005D43049B3BB3BCF1000F24D1D4E99423F9
:10457000D4E99201904271EB030302D340F20E5151
:104580000CE707992B4B53F82130D4E99201CDE980
:1045900004010498203A121A03F2E7314FF47A7BAF
:1045A00003F52343B1FBFBF10A44A133B3FBFBF357
:1045B000D21AD21B15440CEB08010EFB01F130316D
:1045C00008983A464900BAE740F22651E6E6BAF1C1
:1045D000000F1CD0B4F8D80118B3B4F8DA1194F86D
:1045E000DC21A4F8DA1101FB0222904201F101055D
:1045F0000DDD002B0BDD002384F83832A4F8DA51EE
:10460000FFF712F900F00700013084F8DC0104F52F
:104610000C7104F5027004F063FE20B940F276518B
:10462000BCE60146DBE7069B83F0010384F8003219
:10463000002060E78C8102002DE9F8430E46044615
:1046400018B9D3213020FCF7A5FC052900F2A7807A
:10465000DFE801F00376413DA52E03F06BFEC4E9CF
:104660004601204600F0C8FFD4F80C01CB3803F017
:1046700017FD204608F0FBFD054600BB014620461D
:1046800008F032FD00F1E506D4F80C01B04209D281
:10469000301A322838BF3220032103F01BFE60B1EC
:1046A00003F002FDC4F80C61204608F0F2FD45B1AC
:1046B0002046BDE8F84308F0EDBD0125F2E70025EE
:1046C000F2E7D4E94623C4E94023BDE8F883BDE816
:1046D000F84302F091BC08F012FD042384F8113174
:1046E0008146884603F0DAFC07220F46A9FB023117
:1046F00002FB0811D4E940525B1941EB0205D4F8E2
:10470000E8203AB159EA080204D0984277EB050252
:1047100028BF012684F81061D4E94826121A66EBF6
:10472000070694F8301139B9012A76F100010BDA45
:10473000204600F069FF03E0012A76F10006F7DB6E
:10474000002384F82831C0E7984277EB05010FD2A7
:1047500059EA08080CD01B1A65EB07019A4276EB60
:10476000010005DB012B71F10000A4BF1A460E46C3
:104770000C490123914284F829314FF0000384F859
:104780000831B341B8BF0A4604F1C00004F5847192
:1047900004F03AFE002898D140F2B26152E7EF21CE
:1047A00050E700BF0040420F2DE9F84304460E4693
:1047B000154690F8283103F0FF07002B40F0948055
:1047C00000F1C00839467822404605F0A9FE474965
:1047D0002246404604F07EFDC4F8E860FF2384F8DA
:1047E000283166B1FFF738F800F00700013086F88D
:1047F000DC013F49324606F5027004F06BFD40F2E1
:1048000002434FF00009A4F8103184F8089103F036
:10481000CFFB00F19E06204608F029FDB6B2014606
:10482000C0B307F06DF800F1280189B2284603F003
:104830005DFB2844C4F80C0103F030FC301841F152
:104840000001C4E94601012084F8EC00A4F81E90A0
:1048500008F0BFFDE53D2D1AC4F8F0504FF0FF35CC
:104860006FF00041D4E94623C4E948510025C4E96A
:104870003E23C4E9402384F8295142F2107204F522
:104880008471404604F0C0FD38BB40F2B9113020BD
:10489000FCF780FB204608F027FCDFF85890E53055
:1048A000C4F80C01B9F8020048B1E08B38B1FEF74A
:1048B000D3FFB9F80230B0FBF3F202FB1300064459
:1048C00003F0ECFB361841F10001C4E94661002D0C
:1048D000C4D0AD1941F10001C4E72946204608F0D3
:1048E000DBFC3846BDE8F8830C27FAE739460000C0
:1048F00075CB0000882E0020F0B5002385B0CDE9EF
:10490000003301238DF806306846FCF7A9FE70B12C
:10491000104E012333710023CDE9023302A8FCF7C6
:104920009FFE044638B10023337105B0F0BD0098F6
:1049300008F008FAE8E7029D6B7B002BEED005F546
:104940000277384603F060FC384603F071FC6C7364
:10495000E4E700BF882E0020054B002201215A7198
:1049600019701A7142F210725A80FFF7C5BF00BF6A
:10497000882E0020014B5871704700BF882E002000
:1049800008B502F071F8044B9A6882422ABF187980
:10499000002080F0010008BD882E00202DE9F3479B
:1049A0000446062900F2DB80DFE801F0048473810D
:1049B000878CD300D0E99201D4E99423904271EB23
:1049C000030354D294F80232002B50D0637B032BA4
:1049D0004DD108F050F894F815A1814606F090FFEB
:1049E000064694F81F01FEF79DFC064494F81F014B
:1049F000FEF798FCD4E99223D4F85072D4F8C05151
:104A000080465046BF1A02F09FFB564A52F82A20B1
:104A1000A5F1600302F52342A1324FF47A71B2FB93
:104A2000F1F29B1AA3EB09031B1A09F1890909EB9F
:104A30005309B6B2603B08F5C86873431FFA88F89B
:104A4000B3FBF8F360335A08A9EB53039F4202D338
:104A500091444F4501D903F08BFAD4F8C400314694
:104A600003F044FA0023C4F8F00184F802323E4B0C
:104A70001B7903F0FF0263B90092B4F8B41101236B
:104A80002046FFF73DFB30B140F2CE613020FCF70D
:104A900081FA0423637302F079F904F007FCE288D9
:104AA000A4F8FE210023A4F8623284F8013202B097
:104AB000BDE8F08703234373F9E708F035FEC4E946
:104AC0009401F4E790F81501274F08F036F86E309E
:104AD000D4F8F031D4F8C45095288CBF0020C0F130
:104AE0009600C218954288BFED1A7B798CBF2D1AAB
:104AF000002523B9D4F8DC309D4228BF1D4604F1BF
:104B0000DC00D4F8C06107F09CFC0644022003F0EE
:104B1000B5FBAD1B25EAE575854228BF0546022198
:104B2000284603F0D7FB10B103F0BEFA2E44012350
:104B3000DC22314604F1A80007F02EFDD4F8C03184
:104B4000B860D4F8C400184402B0BDE8F04703F0E0
:104B5000A7BAA83002B0BDE8F04707F0FEBF40F2A8
:104B60009C7193E78C810200882E0020014B5880B5
:104B7000704700BF882E0020074A03461068D3F80C
:104B80004920C0F80320B3F84D20A0F8072093F87F
:104B9000481007F0AFBA00BF942E002070B504464D
:104BA0000E466588807D15F00401134618BF04F198
:104BB00057013246FEF700FB4107054621D4C207E4
:104BC0000BD5012384F84830A07DFEF759FB03681C
:104BD000C4F849308388A4F84D30AB0701D40120D4
:104BE00070BD094B1868D4F85730012184F856106D
:104BF000C0F80930B4F85B30A0F80D3007F083FA44
:104C0000EDE70020ECE700BF942E002038B5C38C00
:104C10000F4D0133C3F30E03C3842B7C04462BB129
:104C200002F09EF901F072FC00232B7400232B711B
:104C300094F869302BB101212046BDE8384008F0D6
:104C40004DB9637C13B1E28C9A42F4D20021F3E7B0
:104C5000942E002010B5074C2379012B05D1237C1D
:104C60001BB102F07DF901F051FCA069BDE81040D4
:104C7000FFF7CCBF942E002070B5254C2379012B73
:104C800004D040F682412D20FCF784F998B9012523
:104C9000237C1BB102F064F901F038FC002D36D002
:104CA000A06908F06AF868B302F020F8E369BDE88B
:104CB00070409B6818472168A26911F8095B02F1EE
:104CC0004903E80992F8482007F03DF80028DED0B3
:104CD0002068002107F03CFA0028D8D02379A06989
:104CE000012B02D040F65C41CDE72379E26903F164
:104CF00080435269013B05F00F0152F82330984779
:104D00000546C5E7A069BDE87040FFF77FBF70BDED
:104D1000942E0020074A0346906903B909B9FFF7AA
:104D200075BF1379D26903F180431269023B52F8CF
:104D300023301847942E00202DE9F043032985B035
:104D40000546174607D14388980723D400242046F8
:104D500005B0BDE8F083428890F86830D107DBB237
:104D6000F4D5002BF2D14FF00108DFF8D49099F878
:104D70001060C6B107F02BF80828387016D002AAC8
:104D80000DF10701FEF7EEF938B940F6F7612D2075
:104D9000FCF700F94FF00208E7E79DF8070002A9C9
:104DA00007F051FE06463B78082B08D1D9F80010D1
:104DB00011F8030BC0F3801007F045FE0646D9F842
:104DC000001095F84F2011F8030B05F15003C0F3C4
:104DD000801006F0B8FFD9F80010044611F8030B54
:104DE000C0F3801006F0E9FF8146FEF75BFA40B1A0
:104DF000B9F1080F1BD04846FEF7E0F880F0010338
:104E0000D8B23A78082A14D01CB9AC7DA21A544200
:104E100054416A8853079AD4002897D176B9EC7C1C
:104E2000444518BF002C0CBF012400248FE700204C
:104E3000E7E780F001022240D4B2EAE7344686E791
:104E4000942E00202DE9F04F85B008230DF10702C4
:104E5000052104468DF80730FFF76EFF064620B99E
:104E60000026304605B0BDE8F08F794F39687A7C6E
:104E700011F8030B07F11203C0F3801006F063FF73
:104E800080460028ECD13B68A16918468D7D10F85A
:104E9000032BC2F340122A408A75D3F80320C1F8CD
:104EA000AD208288A1F8B1201D46A26915F81F1B0C
:104EB000C1F3801182F8AC10D3F81F00029002A950
:104EC00028790871D3F80F00C2F8C800587D1D7DFD
:104ED000000440EA0520DD7C2843C2F8D000B3F886
:104EE000190082F81E8140F2E24909FB00F0C2F885
:104EF000C4009D7DC5EB451005EB800505EB8505E0
:104F00006D00A2F8D850B3F8170009FB00F0C2F802
:104F1000D400B3F81B00A2F8CC00B3F81D00A2F82F
:104F2000CE0093F8243003F01F005B0982F82200C2
:104F300082F81F31A56994F912A005F1160007F057
:104F400037F840F20113A5F814314FF0FF0B85F844
:104F500016B1414605F1DC00FEF736FC514605F17D
:104F6000A800FEF7D5F9A36984F87380B3F8AA20E6
:104F7000A4F8742084F891B04FF6FF72A4F8922040
:104F8000D3F8C420B2FBF9F2A4F88A20B3F8CC20FD
:104F9000A4F88C20B3F8CE20A4F88E2093F81F211B
:104FA00084F89020627D9DF8070004F17E0162B3D1
:104FB00094F84820012A28D194F84E2002F0C0022B
:104FC000402A22D1D4F84920C4F87E20B4F84D20DC
:104FD0008A8093F8AC2084F87720082803F1AD0587
:104FE00004F18401D3F8AD3004F1780227D0C4F87D
:104FF0008430AB888B8004F17701FEF7B3F840B9B9
:1050000040F6E2312D20FBF7C5FF0022C4F87E20D8
:10501000DEE794F8773043F0020384F8773004F148
:105020006A000C4907F08FF90B4BA0691B6800223E
:105030003A71002B3FF415AF2146984711E7A3675B
:10504000AB8893800023C4F884308B80E7E700BFEF
:10505000942E002005D00000B4340020032937B579
:10506000044604D0052953D0012003B030BD0823E5
:105070000DF107028DF80730FFF75EFE0028F3D030
:10508000237C284D03B39DF8070094F8B630DBB9B4
:10509000237884F8B730082804F1B90229D004F144
:1050A000B801FEF75FF820B94FF477612D20FBF7C8
:1050B00071FF94F8B83043F0020384F8B8301A490D
:1050C00004F1AE0007F03FF92B6804221A700622A3
:1050D0005A702046FFF750FD286894F83820616B1D
:1050E00007F027F8032328682B7101F0BFFE00208A
:1050F000BBE72868034613F8031BC1F3801184F84B
:10510000B810D0F80310C4F8B9109B889380D6E784
:10511000064B1B68002BEAD0984780F00100C0B214
:10512000A3E700BF942E0020EDCF0000B034002094
:10513000F8B504460F4619B300F12005284608F0DB
:1051400021F9A0B963881A072ED5284608F031F94D
:105150000646284608F016F9301AC0B208F039F9A8
:10516000474A936803442846936008F0E7F82846C6
:1051700008F0E9F801F038FD2179252001F098FCCC
:105180003F4E94F8562030680023037043706388C4
:10519000103B0D2B64D8DFE803F05F635B0C6340CA
:1051A00063636363636363402046BDE8F840FFF7D1
:1051B0002DBD06234370202303702046FFF7DCFC3F
:1051C000638823F008039BB2152B05D094F8302098
:1051D000E16A306806F09EFF306801F047FE022366
:1051E00021793371002001F00DFD054607B9F0600B
:1051F00063881B0704D508F0E9F80544C4F8F450A7
:105200006388103B0D2B36D8DFE803F038352F2F9D
:10521000352F353535353535352F0C23437003465D
:10522000212103F8091B52B1D4F85720C0F80920F6
:10523000B4F85B209A80012106F065FFBDE7226D7E
:10524000C0F80920B4F854209A8094F84F10F3E77E
:10525000062303704370B0E7022303700623F9E7C7
:1052600040F259612D20FBF795FE21790120BDE820
:10527000F84001F09BBE40F6F541F3E7F8BD00BFF2
:10528000942E002038B54388102B044604D1BDE885
:1052900038400121FFF74CBF0B4D2B7C23B101F0AF
:1052A0001BF9402001F050FE286801F0DFFD608806
:1052B00010F0040002D1217901F078FE002001F005
:1052C00029FE01232B7138BD942E0020024B0121B1
:1052D0009869FFF72DBF00BF942E002010B5124C27
:1052E000237C1BB101F03CFE01F010F9A06907F02E
:1052F00044FD38B12379012B09D040F686312D20A9
:10530000FBF748FEA069BDE81040FFF77FBC23799A
:10531000E269A069D26803F18043013BBDE8104017
:1053200052F82330184700BF942E002010B50748CC
:10533000037903F0FF0433B914222146043005F049
:10534000EFF8204610BD0C24FBE700BF942E002090
:1053500010B50A4C00232371FDF708FC2060FFF70D
:10536000E5FF20B14FF442712D20FBF713FEE369F6
:1053700013B940F20B31F7E710BD00BF942E0020A7
:10538000014B024ADA617047942E00205456000007
:10539000034B044A1A60044B044A1A60704700BF6A
:1053A000B0340020454E0000B43400208FCE000001
:1053B000F8B5057DAF1E0446FFB2002D3AD0012F8F
:1053C0002DD800F1500190F84F0006F0F6FC0828A7
:1053D000064624D0FDF7FEFD10BB023D18BF012597
:1053E000012F8CBF0027012784F848506775A675E8
:1053F000FDF7B2FE054602F051FE154B0022E5FB1B
:105400000301C4E9100184F8562011462046FFF735
:10541000C5FB70B940F2A3412D20FBF7BBFD082668
:10542000022D09D104F149010020FDF75FFC60B9AC
:105430000020F8BD0826F5E704F149010120FDF739
:1054400055FC0028F4D00125CAE70025C8E700BFB5
:1054500040420F00F0B5444E327985B0044602F068
:10546000FF0312B90278FF2A04D140F6DD112D2086
:10547000FBF790FDB36080F869303C4B00933C4BE8
:1054800001933C4B0293F36968465B68039301F018
:10549000E5FC01F04FFB01F063FD01F037F8364801
:1054A00001F098FB04F12005344801F0D1FC2846B6
:1054B00007F044FF284607F046FF01F095FB2179ED
:1054C000252001F0F5FA94F9120001F07DFB04F1BA
:1054D0002C01A06A05F07FFD04F134010746A06AA3
:1054E00005F0A0FD0546DFB1237FCBB1B4F926500E
:1054F000ED43ED0F637D13B963885B0709D5D4E9EC
:1055000010126FF000439A4208BFB1F1FF3F0DD176
:105510009DB930680330FDF73DFE307405B0F0BD35
:10552000002DE7D0657F002DE0D1E3E702F0B6FD66
:10553000D4E9102390429941EAD30122294620461A
:10554000FFF72CFB50B1FDF707FE054602F0A6FD64
:105550000B4BE5FB0301C4E91001DAE7002DD8D0BD
:1055600040F61C2183E700BF942E0020DD5200008E
:10557000794C0000154D0000D6BE898E555555005A
:1055800040420F0073B50446FFF764FF0021204638
:10559000FFF7CEFD236E0BB101221A606388DB0793
:1055A00024D50023124EA569CDE90033FF2373747F
:1055B0006846FCF755F8C8B9009CA542F8D095F8A4
:1055C000B32094F8B30005F1B40304F1B40106F07C
:1055D000BAFB0028ECD094F8AC307374D4F8AD303A
:1055E000C6F81230034BB4F8B1209A8002B070BDF7
:1055F000942E0020A62E0020024B9861DB691B68C8
:10560000184700BF942E002043881B0710B504469E
:1056100012D583690A493C2280F87320B3F8AA3076
:10562000A0F87430FF2380F891304FF6FF73A0F894
:1056300092306A3006F087FEFF2384F8693010BD8F
:1056400005D0000051D000008552000057D0000066
:105650005D50000085550000554C0000CD52000003
:1056600044560000485600005056000001380228F9
:1056700008B503D9C4212F20FBF78CFC13290A4B52
:1056800005D811290CD8102907D0D221F3E7152904
:10569000FBD103EB4003D88801E033F8100008BDCC
:1056A00003EB40039889FAE70C810200294A38B5D8
:1056B000948803461C43402B1068948004D1042135
:1056C000BDE83840FFF76AB9802B01D10521F7E723
:1056D00003F00304032C04D140F6A4313120FBF77E
:1056E00059FCDD0706D50C6891602478062C0FD094
:1056F0000B2C17D09C0706D509680978117305296A
:1057000019D00B2921D09B0644BF0823537338BD01
:10571000C47B1B2CEED100240025C0E91C450124CC
:10572000C474E7E7C47B112C01BF0024C4740124B6
:1057300080F85240DEE7C17B1729E4D10024002520
:10574000C0E91E4501210175DDE7C17B1029DAD1D1
:105750000021F8E7B42E00200C4A517B034689B99A
:1057600010683BB9B0F80411B0F8E820914209D8AC
:10577000FFF706B993881B0706D5007C073818BFCA
:10578000012070470020704701207047B42E002090
:1057900073B504460068036813F0300F0D4649D115
:1057A000B1F805101A2904D9B5F80730B3F5A47F6C
:1057B00006D22978204602B0BDE8704006F04DBF01
:1057C000B5F801201A2AF4D9B5F80360B6F5A47F1C
:1057D000EFD30096DC3006F046FE174B9A8892070E
:1057E0000DD51B7B142B0AD12268136843F01003DC
:1057F0001360204606F008FF002002B070BD236849
:105800009A7B202AF0D093F82331002BECD1236827
:1058100093F82231002BE7D123681A68B3F8AA0065
:1058200042F020021A6003F1DC0103F5A472FDF7D7
:10583000E7FFDEE70120E0E7B42E00202DE9F84382
:10584000614D06462C6800287ED1AB881A0725D505
:1058500094F89E30FE2B04D140F2FB513120FBF72F
:1058600099FBFE2384F89E30E37B1D2B05D184F841
:105870005100284606F0D2FEE673A37B232B06D107
:10588000E37B233B072B94BF2A232423A373237C8E
:10589000072B02BF0223AB7384F89E30AB88DB0773
:1058A00017D4AB885F0776D499077DD5287B2B6802
:1058B00001220D2883F89F2073D011287DD007285E
:1058C0007DD0FEF73DF9034600286BD140F2EE5142
:1058D000C4E7D5F80080A96898F80F30D1F8009097
:1058E000103B0F2B99F8007009D8BB1EDBB2092BB7
:1058F00067D840F2333222FA03F3D80761D5097929
:105900003846FDF773FD20B939462F4806F0A5FE4D
:1059100039E0012F01D9162F21D198F80E0006F099
:105920008CFE40B198F80E30232B04D0242B07D1E5
:105930002A2388F80E303846FEF7F8F803461BE0B5
:10594000162F14BF022620266B7B1B0704D5E37B92
:10595000103B0F2B98BF08263046BDE8F883112F67
:1059600015D005D8072F14D00D2FE4D1174B05E023
:10597000142FE0D1164B1B68002BC5D0AA68124823
:1059800012794946984700288BD00646DCE7114B30
:10599000F4E7114BF2E7227C062A04BF0122AA7326
:1059A00082E70E4B08489847AB88DA06CCD5E37BF4
:1059B000092BC9D10A23E373C6E7094BF2E7094B68
:1059C000F0E70826C0E700BFB42E002049D500004C
:1059D000B83400208DD500006D5A000073D400004B
:1059E000BFD40000E9D400002DE9F041A0F10E047D
:1059F0000B1EE4B208BF1F23172C16460AD8012538
:105A0000A54040F251210D4207D115F460051FD188
:105A1000082C07D00020BDE8F081BDE8F04100214E
:105A200007F0DBBC1468A17B242906D11946304657
:105A3000FDF7D8F884F82C5105E02A29EAD1E37B58
:105A4000233B072BF3D80023A37384F84A30E1E704
:105A5000054A1468002CDDD01A460146234630461C
:105A6000BDE8F041184700BFBC34002070B54D7848
:105A7000A5F10E03DBB2152B04460CD8012101FA67
:105A800003F640F25122164207D10268152B927B91
:105A90002AD0082B07D0002070BD02462846BDE85A
:105AA000704007F09ABC242A01D02A2AF3D120465C
:105AB00006F0A2FD2368DA7B252AECD093F8632058
:105AC00022F0010283F86320226892F8633023F009
:105AD000080382F863301A212046FDF783F8236813
:105AE000002283F82C21D6E72C2AD4D1024B1B6844
:105AF000002BD0D09847CEE7C03400202DE9F041EC
:105B000090F86E7290F86F6204460D467FBB90F875
:105B1000141176BB94F8153184F8141184F81531FA
:105B2000FF2384F81631154B1B6804F1A8080BB14C
:105B30004046984794F82C31012B01D03E4303D0C6
:105B4000237B43F001032373404606F093FC18B116
:105B5000237B43F00203237306212046FEF71EFF3A
:105B6000002384F82C3135B1A373BDE8F0813946A8
:105B7000CFE73346D0E7E573F7E700BFC434002032
:105B800073B5484D002604462860AE806E73AE7330
:105B9000FF2380F84C30B0F8B231002B7CD090F865
:105BA0009E30FE2B78D190F82031002B74D0037CEE
:105BB000063B012B70D990F82131A0F8446080F8A1
:105BC000A0300221012207F061FC84F8BA610221B1
:105BD0002846FDF7FFFEB4F8B611B4F8B821B4F8C2
:105BE000DA30013989B2B1FBF3F31344A4F8B831C8
:105BF000B4F840300B44A4F84030204607F093FC42
:105C000010B1636B0B446363B4F8B231012B9CBFDA
:105C10000133A4F8B231002609B184F8BE61E37BF8
:105C200084F8BA61093B012B0FD8E388B4F86C22E1
:105C30009B1A190409D404F26E2104F1160006F02F
:105C4000B7F9E673FF2384F84B30B4F8B62104F1BA
:105C5000A801204606F0F2F9E37B134A1349103BF2
:105C60000F2B8CBF0023012300932868104BFCF7F7
:105C700065FA2C68237BDA0703D50A480021FCF774
:105C8000B1FF237B9B0703D504F23F10FDF7B2FD64
:105C90000023237302B070BD94F89E10FE299AD0A1
:105CA000004896E7B42E002059570000AD5600007A
:105CB000B55C00002DE9F047B24F0E46B9883C684C
:105CC0008D0556BFB4F8402000230132804646BF00
:105CD000A4F8403084F8BE31A4F84020204607F0F4
:105CE00022FC38B10B4604F59B7204F1A801204652
:105CF000FEF7E2F8BB8803F4C06323B1A37C002B5A
:105D000045D0032B49D0A27CBB88012A03D11805BA
:105D100044BF0222A274B8F1000F40F08F805906F0
:105D20005DBFB4F8D821013292B24246A4F8D8211E
:105D300003F00A020A2A0CD13A7B022A09D123F085
:105D400008033046BB80FFF779FD08233043C6B215
:105D5000BB803046FFF772FD3D6895F89E303043BA
:105D6000FE2BC6B23BD1D6BB2B7C063B012B36D9D2
:105D700095F82031ABB195F82131A5F8446085F84C
:105D8000A03001220221284607F080FB27E00121F4
:105D9000A1742046FEF702FEB5E70223A374012199
:105DA000F7E795F80FA0AAF10F0A5FFA8AFABAF19D
:105DB000100F40F2E9802B68DA0702D5324609213C
:105DC000E1E7980740F18D8032460C21284607F024
:105DD0005DFB95F8533043F0010385F85330B4F878
:105DE000B83194F8BB510133A4F8B831002D00F05C
:105DF000FB81FCF767FA10B10023A4F8B831A17C4D
:105E0000012940F22382237C072B40F00582B4F85D
:105E10004030022B40F21A82B4F842500135ADB244
:105E2000E3882B44A4F8B03194F8BC31002B00F087
:105E300011820123E2881344A4F8B431BB883D6881
:105E40005B065FBFB5F8C431B5F8B6219B189BB2AD
:105E500048BF0023A5F8C43195F820311BB92B7C2D
:105E6000063B012B06D8B5F84430B5F8B6211344EB
:105E7000A5F8443095F84A1031B1B5F84630B5F878
:105E8000B6211344A5F8463095F95020002AC1BF29
:105E9000B5F84E30B5F8B6011B18A5F84E3095F898
:105EA000313063B9B8F1000F40F05E82BB7B022B4A
:105EB00040F0168295F8A030062B18BF162395F8EF
:105EC000302022B92F4885F83130FDF743FE2846AF
:105ED00007F089FB002384F84C30BDE8F047FCF75D
:105EE000D7BE590702D5324613214CE71A0706D50B
:105EF00095F8983085F8A0303246072143E713F033
:105F0000300F3AD095F82331002B5BD195F8223130
:105F1000D3B1EB7B282B05F1A80005F5917105F2B3
:105F20006E2228D0AB7BA3F1280CDCF1000343EBFD
:105F30000C0306F08AFA2B6823F0200343F01003C9
:105F40002B60002385F822312B68DA063AD505F15B
:105F5000A80006F08FFA18B105F23F10FDF74AFCD1
:105F6000B5F8FE30A5F8A030B5F80231A5F8A2309A
:105F70000022152107E70123DBE75B0622D500227B
:105F8000242100E7B42E0020D7F8009099F80F30B4
:105F9000172B2DD011D8102B1DD0152B1FD0AB7B5C
:105FA000002B63D1EB7B0F3B102B67D995F83E306C
:105FB000002B63D001221221E5E61F2BEFD13246E0
:105FC00006210AE03868C37B252B3FD0342BE6D16D
:105FD00000221121D8E632460B214846D4E6484635
:105FE000FDF72CFE00283FF4FAAE00220421F4E76E
:105FF00099F86832012B07D132460521484607F04F
:1060000045FA89F86862EAE699F86832022BD9B253
:106010007FF4E5AE99F8523053B1062389F8A030E9
:106020003246484607F032FA002389F86832EAE738
:106030003B6840F20632A3F89A2099F8623013F0D8
:10604000040F32460CBF0D211121EAE790F82C31E4
:10605000022B02D10022172196E690F82C31012B59
:106060009DD190F82D31002BF4D098E7082B05D165
:1060700095F8993085F8A03001223EE7BAF1100F6B
:106080007FF6ADAE3D6895F80E90B9F1000F7FF444
:10609000A6AE95F833313BB101220E21284607F018
:1060A000F5F985F83391AEE795F8323183B195F87B
:1060B000539019F0030A0BD101220C21284649F014
:1060C000010907F0E3F985F8539085F832A19AE7C2
:1060D00095F822313BB395F8233123BBEB7B282B7A
:1060E00005F1A80005F5917105F26E2219D0AB7B80
:1060F000A3F1280CDCF1000343EB0C0306F0A5F937
:10610000002385F8223101221421284607F0BEF928
:10611000B5F8FE30A5F8A030B5F80231A5F8A230E8
:106120005DE60123EAE795F82C31012B3FD195F884
:106130002D31002B3BD1EA7BA2F12303072B36D96B
:1061400095F81401012806D0022804D04FF43F71BD
:106150000620FAF71FFF95F81511012901D0022931
:10616000F4D1022895F82E310BD0012B14BF002357
:10617000012343B9093A042A7FF631AE01221621E0
:1061800001E6022BF2E7022995F82F310DD0012B01
:1061900014BF00230123002BECD076480021FCF72C
:1061A00021FD002385F82C3119E6022BF0E795F844
:1061B00035314BB195F82D3133B9EB7B233B072BB0
:1061C00002D901222321DEE595F83431012B05D1D6
:1061D000002385F8343101222521D4E595F83431A6
:1061E000022B7FF4FCADF3E7FCF766F808B1A4F8E6
:1061F000B851FCF76FF800283FF401AE94F8BE31B7
:106200000133DBB2022B84F8BE3182BF0023A4F835
:10621000B83184F8BE31F2E594F83E3013B1A37B77
:106220000E2B13D1B4F84250B4F840302046ED1A8A
:10623000033D07F078F958B1A36B626B033B9B1ADF
:106240009D42A8BF1D46012D3FF7E9AD0125E7E5B9
:106250002B46F5E7012D7FF6ECADE37B13B10A2B5E
:106260007FF4E7ADA37B002B7FF4E3AD237C002B11
:106270007FF4DFAD02297FF4DCAD94F8BE31002B52
:106280007FF4D7ADD4F8BC00B4F8DA9004F0ECFC9D
:1062900000283FF4CEAD94F89E30FE2B7FF4C9ADBC
:1062A000B4F8B231012B7FF6C4ADB4F8B821B4F81C
:1062B000CC309A42BFF4BDAD9B1A9BB2013DADB24A
:1062C000B5FBF9F59D4228BF1D4619FB05F3003DBE
:1062D00003F1010318BF01259BB284F8BA51A9E567
:1062E000012B08D16B7C002B7FF4E9AD00212846FF
:1062F000FEF754FBEEE55EB1F00633D4310733D43C
:10630000B20633D4B30733D14FF43161312020E7E3
:1063100039B1B5F84610B5F84830994201D3222377
:10632000CDE5002A05DDB5F84E20B5F848309A4293
:10633000F5D2B5F84420B5F842309A4209D2AA7C89
:10634000B5F8403052B1B5F842209A42CED8082371
:10635000B5E595F82031002BE1D1F0E7052BC5D943
:106360003E23ACE51E23AAE53D23A8E52323A6E5AD
:106370002A23A4E5B42E002013B5D0F87432D0F847
:10638000C42001909342044605D1D0F87812D0F889
:10639000CC20914216D0B4F8AA20A4F8872140F26C
:1063A000E242B3FBF2F3A4F88931B4F87832A4F8EE
:1063B0008B31B4F87A320A49A4F88D3104F27D1099
:1063C00005F0CAFFB4F87A22D4F8741201A8FCF7D9
:1063D000B7FF0023E3730323A37402B010BD00BF13
:1063E00055C7000008B5FDF7C9FA024B024A1A600A
:1063F00008BD00BFB834002091570000074B93F947
:1064000000301844142804DC10F17F0F03DB40B285
:106410007047142070476FF07E007047C52E002033
:1064200007B57F230DF107008DF8073000F0A6FDBA
:1064300003469DF9070053B1094B5B785B4240FA74
:1064400083F0142806DC10F17F0F05DB40B203B0A7
:106450005DF804FB1420FAE76FF07E00F7E700BF59
:10646000C52E0020024B00221A705A70704700BFE0
:10647000C52E0020064BD3F8000138B1D3F8040133
:1064800020B1D3F80801B0FA80F04009704700BF8E
:1064900000F00040034B00221A705A7010229A70CC
:1064A000704700BFC72E002070B506460220144674
:1064B0000D4600F0A3F8064B01221A70054B033C71
:1064C000C3F81045C3F80865C3F8045570BD00BF94
:1064D000C72E002000F0004008B5022000F08EF822
:1064E000084B01221A70084B0022C3F80021C3F8A0
:1064F0000421C3F8082103F580334FF40002C3F8E8
:10650000042508BDC72E002000F000400E4A08B543
:10651000137883B10D4B4FF40001C3F80815FFF752
:10652000A9FF68B101235370094BD3F80034DBB2E3
:10653000937000231370BDE80840002000F05EB89F
:1065400050701023F4E700BFC72E002000F0014078
:1065500000F00040094B1A7862B1094BD3F80021D2
:1065600052B1D3F8040140B1D3F80801B0FA80F079
:10657000400970475878704702207047C72E0020A6
:1065800000F0004008B5074B1A783AB1FFF772FFE8
:1065900030B1054BD3F80004C0B208BD9878FCE7D1
:1065A0001020FAE7C72E002000F0004008B50A4B83
:1065B000D3F80025032A04BF01229A600022C3F801
:1065C0000025C3F8002500F0F9FE044B4FF400024B
:1065D000C3F8082508BD00BF00F0004000F00140EE
:1065E000054B4FF40042C3F88020BFF34F8FBFF339
:1065F0006F8FFFF7DBBF00BF00E100E010B504467E
:10660000FFF7D4FF012C06D0022C0CD054B18C2102
:106610003D20FAF7BFFC0B4B0222C3F800250A4AC3
:10662000C3F8142510BD074B0322C3F80025064A02
:10663000C3F8142503F580334FF40002C3F8042592
:10664000F0E700BF00F00040CA2E0020044B18689D
:10665000062818BFB0F1FF3F0CBF01200020704793
:1066600010320020044B1868062818BFB0F1FF3F15
:106670000CBF0120002070471032002008B5FFF742
:10668000E5FF38B1044B1868063810F1080F94BFC5
:106690000020012008BD00BF1432002008B5FFF71C
:1066A000E1FF38B1044B1868063810F1080F94BFA9
:1066B0000020012008BD00BF1432002008B5FFF7FC
:1066C000C5FF38B1044B1868063810F1080F8CBFAD
:1066D0000020012008BD00BF14320020064B00221C
:1066E000C3F80021C3F80C21C3F81021C3F804211A
:1066F000C3F80821704700BF0010004070B5134D6B
:106700006E7F0346084626B940F6C1013E20FAF7DF
:1067100041FC63B9012EAC69297F05D100F03CFD35
:1067200020442B69C01A70BD07F014F8F8E7012B5C
:1067300009D1012EAC69297F02D100F01DFDEFE7E0
:1067400007F013F8ECE70020EBE700BFD82F00209C
:106750000B4B93F82B0088B193F82A307BB1094B8F
:10676000D3F8002242F00102C3F80022D3F850050A
:1067700000F0F600023818BF012070470120704772
:10678000D82F00200010004008B5094B01281871CF
:10679000084B06D0022808D040F645513E20FAF7B3
:1067A000F9FB0322C3F8102508BD0422FAE700BF55
:1067B000D82F00200010004008B570B9104B2831C8
:1067C000D96018460F4900F023FF0130012816D97F
:1067D00040F2C2613E20FAF7DDFB01280CD1084BE4
:1067E0002931D9601846074900F018FF0130012807
:1067F00005D940F2CC61EDE74FF4DA61EAE708BD74
:10680000E82000202081020008B50C4B5B78012BAA
:1068100009D100F009FF013001280ED940F611110D
:106820003E20FAF7B7FB022B07D100F003FF01303F
:10683000012802D940F61711F2E708BDD82F002031
:10684000094B0A4A1B89B3F5166F3ABFA3F63813F2
:1068500043F48073A3F5166300F07F00C2F8083597
:10686000C2F85405704700BFD82F00200010004028
:1068700010B50C46FFF788FF2046FFF7E1FF0F4AEF
:106880000023C2F81C31D2F8003243F48873C2F8F6
:10689000003240F20313C2F8343540F25B63C2F8B1
:1068A0003835FFF7EBFE40B9FFF708FF28B9D2F8FB
:1068B000683543F4C023C2F8683510BD00100040AD
:1068C00073B50C46154D0646FFF75EFF2046FFF7F1
:1068D000B7FF214695F9052001AB304600F034FEA4
:1068E0009DF8050000F0ACFE20B140F2E3513E20DF
:1068F000FAF750FB9DF90400294600F035FC084BDF
:1069000040F20312C3F83425284640F25B62C3F814
:10691000382502B0BDE8704000F0FABDD82F002045
:10692000001000402DE9F04106460C46174601F0E4
:10693000C3FB0028FBD02C4B2C4D4FF40022C3F896
:1069400008259EBB01236B7095F82A301BB9A979E5
:106950003846FFF7B5FF264B33F817304FF47A72FD
:1069600003F5FA73B3FBF2F3224AE41A1E4BC3F8A1
:10697000AC252B691C4A204FE1184FF001081F4B32
:1069800085F82A80C7F84015C2F8A8352B6A43F469
:1069900000232B624FF40023C2F80435FFF7D8FE22
:1069A0000446B8B900242046BDE8F081012E0CD180
:1069B00002236B7095F82A301BB9A9793846FFF786
:1069C00057FF094B0E4A293CD1E740F634013E20DF
:1069D000FAF7E0FAC7F84C80D7F84C358B42E1DA89
:1069E0003046FFF7E9FEDEE700F00140D82F002037
:1069F000988102000010004000800040408100406B
:106A00000410004008B540221048002103F088FD22
:106A10000F4B1B6823F004020A2A05D0102B03D069
:106A2000082B0ED1402200E024220A48FF2103F067
:106A300077FD4FF080430022C3F8082EC3F8102ED4
:106A400008BD0D2BEED03822EFE700BFD82F002075
:106A500010320020000E0040024B0344187E00F567
:106A60001660704720810200024B98691B69C01AAA
:106A7000704700BFD82F00200A4B1A7FD3E904309B
:106A8000C01A094B03EB82031B6CC01A074B53F867
:106A900022304FF47A7203F2F313B3FBF2F3C01A0D
:106AA000704700BFD82F0020208102008C81020097
:106AB000FF2808B504D940F2CB213E20FAF76AFA44
:106AC000114B0129188504D0022919D04FF44F71B8
:106AD000F3E700230D4A43F4801340F0007043F4C1
:106AE000847340F44030C2F81435C2F81805D2F867
:106AF000503503F0F703032B05D140F25631DCE7A4
:106B00004FF08073E6E708BDD82F0020001000404A
:106B100008B5FFF7B3FD50B1054AD2F8743723F03A
:106B2000807323F0010343F08073C2F8743708BD0B
:106B3000001000401E4B2DE9F0410226C3F8806092
:106B4000BFF34F8FBFF36F8F01F0B0FA044601F02F
:106B5000F1FB184D001B184C286100274FF001086D
:106B6000C4F8FC7FC4F8FC8F00F082FC40F20122E4
:106B7000C4F83085C4F85026104AC4F80062107C6E
:106B800000F076FD0E4A0A4B0E49C2F80415102299
:106B9000AF836F85AF61C3F88061C4F804231E60C2
:106BA0002B6C03B19847BDE8F04100F025BD00BF54
:106BB00000E100E0D82F002000100040E820002075
:106BC00000F001400000020C014B5871704700BFFB
:106BD000D82F0020034B020E0002C3F82425C3F86F
:106BE0001C05704700100040044B054A0344907197
:106BF0001B7E03F516631381704700BF20810200DE
:106C0000D82F0020F8B52B4C94F82B3006460F46B1
:106C100023B940F206713E20FAF7BCF9264A012357
:106C200084F82A30D2F8003243F00103C2F800326F
:106C300001F042FA0028FBD02EBB0123A17963703A
:106C40003846FFF73DFE6378012B02D04FF4E9612F
:106C5000E1E71A4AD364A2F5E0421360174BD3F878
:106C60004C5530462946FFF7A7FD2369ED1AF6B9C2
:106C7000134B33F817304FF47A7203F5FA73B3FB02
:106C8000F2F35819F8BD012EE8D10223A1796370FF
:106C90003846FFF7EDFD6378022B02D040F25171C8
:106CA000B9E7064BDE64A3F5E0435E60D6E705F185
:106CB0002900E7E7D82F00200010004000800040A6
:106CC0009881020008B5FFF72DFE58B9064BC3F8AE
:106CD0004005A3F5E04301221A610220BDE8084007
:106CE000FCF742BD08BD00BF0080004073B5234BD8
:106CF0002349D3F80443234D02224FF0FF30C3F859
:106D00000803C1F880212049C3F8002200226A85C7
:106D1000C1F8402501F5B8314FF46026C1F8086587
:106D2000D3F85015C9B204F01004D1B18DF80700A2
:106D3000C3F8102101221A619DF8072012B1D3F87F
:106D400010213AB19DF807305BB940F6FF013E20B3
:106D5000FAF720F99DF80720013AD2B28DF8072002
:106D6000EAE7FFF751FD054B0022C3F810212A8006
:106D700014B11022C3F8042302B070BD001000400B
:106D800000E100E0D82F00200080004038B51B4D06
:106D90000024C5F84845C5F84445C5F84045C5F840
:106DA0004C45FFF7A3FF00F02DFC154B15491A6A5F
:106DB0001C6242F0446242F40032C1F80825C3E983
:106DC0000544DC70104BC5F848450222C5F844451F
:106DD000C5F84045C5F84C45C5F84841C5F844419B
:106DE000C5F84041C5F84C41C3F88020BFF34F8F30
:106DF000BFF36F8FC3F8802138BD00BF0080004013
:106E0000D82F002000F0014000E100E070B50F4DE8
:106E10002C7806461CB96C70EC706C8570BD18B18E
:106E2000BDE87040FFF762BF013C18BF0124AA789B
:106E300096212046FFF762FC2E80AA7885F82A600A
:106E400001462046BDE87040FFF73CBFD82F002028
:106E5000014BC3F83C0570470010004010B50FC847
:106E6000014C84E80F0010BD1C3000200A490B4B78
:106E700010B5C1F80405012483F82B405862FFF7D0
:106E800067FC40B9064BC3F840050C610320BDE820
:106E90001040FCF769BC10BD00100040D82F002046
:106EA00000800040174B1A6910449A69824210B55D
:106EB000154C09D30220FCF757FC0023C4F84035D9
:106EC000124B01221A610CE00122DA706264D4F8DC
:106ED00044150531814205D30C4BD3F80411002928
:106EE000F0D010BD0022C4F84421C4F844051A6A49
:106EF00042F480021A62064B4FF48002C3F8042564
:106F0000EFE700BFD82F00200080004000100040B5
:106F100000F0014010B50B4C0346607F217F2279C1
:106F200001284FF0960009D100F044F9A3692269C5
:106F30009B1ABDE810401844FFF7B4BF00F054F9A5
:106F4000F4E700BFD82F0020044BC3F86005D3F846
:106F5000002242F04002C3F80022704700100040B7
:106F6000054BD3F8002222F04002C3F80022002291
:106F7000C3F86025704700BF001000400A4A014670
:106F8000D2F81C0182B068B1D2F8483503F07F0313
:106F90005B420B700023C2F81C31D2F81C31019304
:106FA000019B012002B0704700100040034B0028F5
:106FB00014BF0222012299701A707047D82F002046
:106FC000054B0022C3F84025044AD2F85035DBB205
:106FD0000BB1012313617047008000400010004096
:106FE00030B5044BD3E90C459B6BC0E900450B6001
:106FF00030BD00BFD82F00202DE9F04701F05AF82E
:107000004D4C4E4E4FF00109C4E90C01C6F84C90AE
:10701000D6F84C35A363FFF7F7FB494B226AC3F858
:1070200008250025474A2562C3F8AC55D2F800323E
:1070300023F48E7323F00103C2F80032D6F84835EA
:10704000A361D6F84435636163786377D2F80C8125
:1070500084F82B50D2F81011FFF740FB6778022F0D
:107060004FD1E37813B1D6F8443113BBB8F1000F18
:1070700026D0FFF703FB50BBFFF720FB38BB314B9B
:10708000D3F85034D90122D51A0705D013F0F00FE8
:1070900002D013F4706F1AD12A4AC3F304410129B4
:1070A000D2F8542413D1012A11D0C3F34253022B36
:1070B0000DD80120FFF7AAFE636CBDE8F047184722
:1070C000002937D00120FFF7A1FE236DF5E72379D2
:1070D00023770020258DFFF799FE1A4BD3F8003453
:1070E000DB070CD5636A5878A84294BF00200120C2
:1070F000A36C002180F00100BDE8F0471847012093
:10710000F6E7012F13D123792377B8F1000F06D0CA
:107110002846FFF77BFEE36C39462846ECE749B189
:107120003846FFF773FEE36C41464046E4E709B199
:107130004846C8E7BDE8F087D82F0020008000400F
:1071400000F0014000100040024B03EB8003186C7C
:10715000704700BF20810200024B03EB8003D86C14
:10716000704700BF20810200024BC0B2C3F80C057B
:10717000704700BF00100040064A4FF47A7332F99E
:107180001120584300F2E7301044B0FBF3F002380E
:10719000704700BF84810200054A4FF47A7332F9C8
:1071A000112000FB03301044B0FBF3F0704700BF28
:1071B0008481020038B51D460A4B33F9114003EBB8
:1071C000820305359B681C4404F6B7344FF47A7388
:1071D00003FB00441046B4FBF3F4FFF7B5FF25446E
:1071E000284438BD8481020070B50646084615461D
:1071F000FFF7B2FF094B03EB85039C684FF47A73EA
:1072000004F6B73403FB0644241A2846B4FBF3F40F
:10721000FFF79AFF0530204470BD00BF8481020053
:10722000024B00221A705A709A7070472C3000205E
:107230002DE9F041054601200C4617469846079E69
:10724000FFF7DCF99DF8243005F0030141EA034122
:10725000244B41F08071C3F80415234B214604F1FF
:107260001002184651F8044B43F8044B9142F9D1EF
:107270001E499DF81830C0F814800761CB7633683A
:10728000CB6173680B62174B194AC3F80805126883
:10729000062A09D001321FBFD3F81825BDF82000F7
:1072A00060F30702C3F81825124B134AC3F80825E8
:1072B00015F0FB0F01BF114AC3F89825FC3AC3F83B
:1072C0009C250122022D4A7081F8245007D8054BD5
:1072D0000A700021C3F80011C3F800121A60BDE85B
:1072E000F08100BF00F000402F3000202C30002043
:1072F0001032002000F001400000020200F10040C6
:1073000070B5194C637823B94FF4D5713C20F9F767
:1073100041FE164BC3F80C15C3F8100594F8245021
:107320000122A270C5B924780CB99721EEE7104C60
:10733000C3F804514FF40035C4F80455D3F8006184
:1073400016B15A60C4F808550B7803704B780433B3
:1073500043708B78837070BD00212270C3F80411D4
:10736000C3F800221A60F6E72C30002000F000403D
:1073700000F001400E4A08B5537823B94FF4DF718D
:107380003C20F9F707FE0B4BC3F80C150121C3F89D
:107390001005917012780AB9BA21F1E70022C3F8FA
:1073A0000421054B4FF00072C3F8042508BD00BF4F
:1073B0002C30002000F0004000F00140084B1A780B
:1073C0004AB10849084AC1F808250022C1F89825A1
:1073D000C1F89C251A7000225A709A70704700BF3D
:1073E0002C30002000F0014000000202194B1B78F5
:1073F00070B523B94FF4F2713C20F9F7CBFD164C70
:10740000D4F80431BBB90223C4F80433134B144E2F
:107410001D691A6942F0100205F010051A61D4F8CE
:1074200004317BB125B90D4A136923F010031361B0
:107430000223C4F80833084BD3F80004003818BFFF
:10744000012070BD4FF40043C6F8803106F075FA94
:10745000E5E700BF2C30002000F0004000ED00E028
:1074600000E100E0014B01229A60704700F000400B
:1074700010B5FFF7F7F888B1224B1B68063B0833BD
:1074800033D9214AD2F83C3723F0004323F0FF03DD
:1074900043F0004343F09603C2F83C37FFF7FEF891
:1074A000194C38B1D4F8403723F47F4343F4B05338
:1074B000C4F84037154BC4F8783700F0D3F838B12A
:1074C0004FF08053D3F830335A1C18BFC4F84C37F0
:1074D0004FF01023196E4B1C1FBF0B4AD2F88C358E
:1074E00061F31743C2F88C3510BD074AD2F83C3718
:1074F00043F48063C2F83C37FFF7B4F80028C0D1EA
:10750000CCE700BF14320020001000402C0000899E
:1075100008B50146FFF7C2F898B10B790948022B6C
:107520004FF08053D0F88825D3F8203322F4FE4260
:107530000CBFC3F30663C3F3062342EA0323C0F878
:10754000883508BD001000402DE9F04F264C85B06D
:10755000054698460E46174600F0C8F82378AB4219
:10756000814611D16378B3420ED194F90230BB4207
:107570000AD1E378834207D1A388A8F8003094F9B0
:10758000060005B0BDE8F08F012D06D0022D10D009
:1075900040F289410620F9F7FDFC00200DF10F03B0
:1075A0003A46314600F0A8F8824620B14621A9208B
:1075B000F1E70120F2E730469DF90FB0FFF74CFAF2
:1075C000A91E4A4203464A41CDF800A0414658460A
:1075D00000F03CF8B8F80030A071A3802570667008
:1075E000A77084F80390CAE700210020014B1B68B4
:1075F0001B68184730210020014B1B685B68184747
:1076000030210020014B1B689B6818473021002067
:10761000014B1B681B69184730210020014B1B6878
:107620005B69184730210020014B1B689B69184794
:1076300030210020014B1B68DB69184730210020F6
:10764000014B1B689B6A18473021002030B4044C62
:107650009DF8085024680295E468A44630BC604751
:1076600030210020014B1878704700BFC83400203B
:1076700010B500220C49134640FA02F4E40744BF57
:10768000CA545C1C02F1010248BFE3B2042AF3D1E0
:10769000054AFF24D118032B01D9107110BD013305
:1076A00001F8014BDBB2F6E7D4340020B5D7000077
:1076B000BBD70000BDD70000E3D70000C1D7000052
:1076C000EDD70000C7D70000F7D70000CDD70000E6
:1076D00003D80000D9D70000DDD70000CFD70000C5
:1076E000D5D70000F3D70000FDD70000014B187D6F
:1076F000704700BF60300020042810B511D883B156
:1077000004280CBF10242824A1420AD2064C54F8A5
:10771000200018B141568A42A8BF0A461A700020BC
:1077200010BD6FF01500FBE76030002030B5034658
:10773000114890F91C209A4219DD90F924209A42B0
:1077400017DA9A1A846AA05C0C4A15569D420DD02D
:107750000E32002918BF01309442C0B206D129B1BF
:10776000013BDBB2012B01D80130C0B230BD0D208E
:10777000FCE70020FAE700BF60300020A48102008F
:1077800008B5054B93F91C30984203DAFFF7CEFF9A
:10779000024B1B56184608BD60300020A481020031
:1077A00008B5184B93F82C20FAB9012283F82C2045
:1077B000154A1268A2F10800082803D813490141AC
:1077C000C90709D5911F092910D9013212D04FF4E8
:1077D000DF71742002F0BAFB0D4A9A62D8221A6255
:1077E00083F8242008229A611A7708BD094A0A41C1
:1077F000D207ECD4084A9A62D8221A6283F824206D
:107800000422F0E76030002010320020DEFEFFFF8F
:10781000DF810200EEFCFFFFB281020010F0FF00EA
:1078200008B508D14FF0804301225A60C3F8000127
:10783000034B187008BD7C21B52002F087FB00BF08
:107840008D300020014B01221A7070478D300020CE
:1078500008B548B94FF08043D3F8003113B9044B51
:10786000187808BD0120FCE7C221B52002F06EFBAC
:107870008D300020044B1868062818BFB0F1FF3F78
:107880000CBF0120002070471032002008B5094BC2
:107890001A680A2A02D1084B1B6823B1FFF7EAFFD6
:1078A00008B9082A04D14FF080430222C3F8342CCF
:1078B00008BD00BF1032002014320020F8B50F4E72
:1078C0000127375404460D4605F0A8FF60B934B9C6
:1078D0004FF08043B7707560C3F80473F8BD40F291
:1078E00025116D2002F032FB002DF7D01CB9204687
:1078F000A8477460F2E74FF4A071F2E790300020DF
:10790000044B191800228A7003EB80011A544A6054
:10791000704700BF90300020014B9881704700BF36
:1079200090300020014BD889704700BF9030002074
:10793000014B9889704700BF9030002010B5EFF3DD
:10794000108472B6064B03441A7C0132D2B21A7408
:107950001B7C012B01D105F055FF04B962B610BDA7
:107960009030002010B505F081FF05F057FF4FF073
:107970008044084940B1FFF789FF012323610423B4
:107980008B740023CB7410BD03238B740123C4F8C4
:107990000433F6E79030002010B5EFF3108472B690
:1079A000094B03441A7C22B940F257216D2002F0A2
:1079B000CDFA1A7C013AD2B21A741B7C0BB9FFF7CC
:1079C0002DFF04B962B610BD90300020024B987CA8
:1079D000003818BF012070479030002038B5164C91
:1079E000237D23B940F206316D2002F0AFFA637DAA
:1079F000C3B9A37DB3B1E27C013B9A4212DA05F030
:107A00000DFF054602F0F4FBA37D012B82BFE37C52
:107A10000133E37455B1A369C31A0133022B09D9A9
:107A200035B1A061BDE83840FFF79CBFE369F3E7DB
:107A3000E061F7E738BD00BF9030002073B51B4D03
:107A40006B7D63B9286A00F0030005F0FFFE30B1DA
:107A5000EFF3108372B6AA7C1AB103B962B602B012
:107A600070BD0122AA7403B962B64FF080430822A8
:107A7000C3F808234FF42073ADF80630BDF8064074
:107A8000A4B2631E9BB2ADF80630002CF6D14FF0C5
:107A900080460748C6F80C4105F031FF85F82540BF
:107AA000FFF760FF0823C6F80433D8E790300020C2
:107AB000B43000202DE9F347484C237D002B00F023
:107AC0008A800323ADF804304FF08043D3F800518F
:107AD000F5B9D3F80481B8F1000F09D04FF0804315
:107AE0000022C3F804210222C3F80823FFF7A6FFEF
:107AF00094F825603A484FF08047F6B2D7F80C81E9
:107B000005F001FF48B340F243316D2002F01EFA48
:107B100000258DF804500122D3F80481C3F808230E
:107B20000DF10409271DA61C19F8010B03280AD022
:107B3000337843B13B684FF0000A86F800A013B1D8
:107B40009847C7F800A06B1C022B07F1040706F149
:107B500001064FF00105E7D1BDE745B1A37C032B3A
:107B600005D10423A374FFF791FE01233B61B8F113
:107B7000000F1FD04FF080430022C3F80C21A37CDC
:107B8000042B02D040F26931BFE7164B1A680A2A6B
:107B900002D1154B1B6823B1FFF76CFE08B9082A08
:107BA00004D14FF080430022C3F8342C0223A37485
:107BB00005F05FFE4EB1002384F82530A37C022B34
:107BC00001D1FFF7CFFE05F054FE054802B0BDE835
:107BD000F04705F0A7BE02B0BDE8F0879030002066
:107BE000B4300020103200201432002010B5054CB3
:107BF000206A00F0030005F029FE0028F8D00020DC
:107C000010BD00BF90300020F8B5054650B1027895
:107C1000042A07D8437842B9013B1F2B02D8837846
:107C2000212B07D96FF0150075E0002BFAD183786E
:107C3000002BF7D17B4B0127C3F88070BFF34F8F28
:107C4000BFF36F8F4FF08046C3F88071764C0B23E3
:107C5000C6F808330023C6F80031C6F80431C6F868
:107C60000C3123746374AB88E38105F0DAFD08B14D
:107C700027702774D6F80C24D6F80C34D20303D519
:107C8000DF0701D5FFF7DEFD4FF4AF63A3812B784B
:107C9000A978637500222262A175E274042B4DD885
:107CA000DFE803F005033A484A000123236205F0A8
:107CB000BFFD00284DD005F0C2FD236A03F0030389
:107CC000984246D1AB79002B3DD1FFF78FFFA37DC2
:107CD0006BB12B785BB905F0A1FD054602F088FA7F
:107CE0006FF00043002D00F09980C4E906034FF0C7
:107CF0008043D3F80C24D3F80C34D20303D5DB072C
:107D000001D5FFF79FFD474A01230020A07423758A
:107D1000C2F880311360F8BD05F0A8FD4FF0804334
:107D2000D3F80C14D3F80C24CE03F9D5D007F7D52B
:107D30000223BBE73D4BB9E73D4BB7E740F21E518D
:107D40006D2002F003F94FF080430222C3F80423B0
:107D5000BDE74FF080430122DA600022C3F804211E
:107D6000226AC3F81825334A1368A3F10E010129CA
:107D700004D90A2B02D0FFF77DFD48B14FF08053A4
:107D80004FF08041D3F84432C3F34233C1F83C355D
:107D90001368A3F10E02012A04D90A2B02D0FFF7BF
:107DA00069FD20B14FF080430122C3F84C254FF00C
:107DB000804301229A600222C3F80423AA79002A90
:107DC00085D1D3F80423910702D440F2D141B7E71B
:107DD000194A1669116941F010011161D3F8043193
:107DE00006F010060BB905F0AAFD4FF08047D7F852
:107DF000043183B1FFF7FAFE26B90F4A136923F065
:107E0000100313614FF080430222C3F808230022BD
:107E1000C3F804215BE705F090FDE8E7C4E906300C
:107E200065E700BF00E100E09030002001000200A3
:107E3000010003001032002000ED00E010B50D4CF1
:107E400004F1240005F05FFD48B9A37C022B01D1A9
:107E5000FFF788FDBDE81040074805F063BD074AFD
:107E6000012384F82530BDE81040C2F8003105F048
:107E7000FDBC00BF90300020B430002000E100E0E5
:107E800038B50C4B0C46197919B183216F2002F0DB
:107E90005DF860B95D790DB1002038BD01225A71DD
:107EA000FFF74CFD21462846FFF708FDF4E76FF089
:107EB0001500F2E7B830002038B50B4D2B79044699
:107EC0001BB19A216F2002F041F850B96B790BB9C0
:107ED000002038BDFFF714FD20466C71FFF75CFDF4
:107EE000F6E76FF01500F4E7B830002010B501B3E5
:107EF000F0B14FF0FF33104A1C46E0FB01349442CE
:107F000003D9DB216F2002F021F81A0D42EA043276
:107F1000C3F30F10094B00EB02404FF22444B2FBB5
:107F2000F4F103FB1100B0FBF4F040EA0140013032
:107F300010BD0846FCE700BF3F420F00000024F4DC
:107F4000014B9B68184700BFB8300020014BDB682D
:107F5000184700BFB8300020014B1B69184700BF0D
:107F6000B8300020014B1B6A184700BFB830002012
:107F7000014BDB69184700BFB830002008B5064B3D
:107F80001B7923B140F237116F2001F0DFFFBDE80C
:107F90000840FFF723BD00BFB8300020034B1A791B
:107FA0000AB9FFF7BFBC988D704700BFB8300020FA
:107FB000034B1A790AB9FFF7BBBC988A704700BF18
:107FC000B8300020024B1B790BB9FFF737BD704763
:107FD000B8300020014B9B69184700BFB830002023
:107FE00010B5144C2379A3B1636A9847002806DBC7
:107FF00094F82E3023B1012384F83030002010BDD6
:10800000FFF7E8FF0028F6DA40F28D116F2001F04B
:108010009DFF094BA361094BE361094B2362094BA7
:10802000A360094BE360094B2361FFF7EDFD0028D6
:10803000E1D0E4E7B8300020ED7B00003D7E000099
:10804000CD7900006DD8000073D8000079D8000009
:1080500038B5084B1D79044625B140F2E1116F2077
:1080600001F074FF01F026F82046FFF755FC284682
:1080700038BD00BFB830002008B5074801F008F847
:10808000054800F021F801F04FFA01F031FA00F054
:108090001FFB012008BD00BFEC30002001F0E2BB57
:1080A000103001F029B800BF01F03EB801F0D6BC95
:1080B00001F09EBD01F0B0BD01F050BC08B5272114
:1080C000032001F043FF00BF024B186000221A7129
:1080D0009A607047F430002070B582B01E4C23794E
:1080E000012B11D0DAB2022A0BD1A0680DF10701E1
:1080F00000F014FB0023A36023719DF8070002B079
:1081000070BD012002B070BDA0680DF1070100F044
:10811000FBFAA5686B7DDB07ECD5AB7F042BE9D0C0
:1081200001F046F806460028E4D001F047F82A6935
:10813000B3682E686D68961945F1000500220A3370
:1081400042F100021B1842EB0102B342AA41D1D313
:10815000A06800F085FCCDE7F4300020837F0BB1F0
:108160000020704710B50A684B688C68D1F80CC0C5
:10817000C0F80CC08460026043600A694B694361C7
:10818000012402618477054B1A792AB998601C7121
:1081900000F0A4FF204610BDFFF790FFF430002050
:1081A00070B5044682B00D4601F002F8A37F012BA2
:1081B00017D02B686A68A9680646E868E060A16085
:1081C000236062606A692B69626101222361A27780
:1081D0000DF10701204600F097FA2EB1012002B000
:1081E00070BD002002B070BD024B0421186805F07C
:1081F00057FBF3E7F4300020024B0621186805F026
:108200004FBB00BFF430002010B5084B1A7952B9AB
:108210000446986002221A7100F060FFA07FB0FA55
:1082200080F0400910BDFFF749FF00BFF430002087
:1082300038B5837FC3B1044609E0A37F042B09D07E
:10824000A37F012B11D005F078FBA37F63B1A37F3F
:10825000032BF2D1EFF3108572B6204600F0BCFA82
:1082600005B962B6A37F2BB938BD4FF482710320E4
:1082700001F06CFEFF21032001F068FE70B5054699
:1082800000F096FF08B3044600F098FFA468034688
:10829000E41841F1000628463346224600F072FBFE
:1082A000A04271EB06034FF000050CD3001B6FF0EA
:1082B000010361EB0601834275EB010100D370BD40
:1082C0004FF0FF3070BD284670BD40F229110320E9
:1082D00001F03CFE2DE9F04104460F4600F068FF36
:1082E00010B38568002362195B41064613B1002074
:1082F000BDE8F08100F062FF2A1841F10003384622
:10830000A51843F1000800F03DFBA84271EB0801FD
:10831000EDD301F0A7FA00F019FAB36837752344DA
:108320000120B360BDE8F0814FF4A371032001F098
:108330000DFE00BF00F042BFF8B50369002B4ED11F
:10834000044601F08FFA05460E46FFF705FE78B3A6
:10835000D4E90003643546F10006A84273EB060237
:1083600023D3C4E90003EFF3108672B600F020FFB8
:10837000054698B100F022FFAB6800220B3342F1B2
:1083800000021B1842EB0101D4E90002834271EBA9
:1083900002053CBF03461146C4E9003106B962B686
:1083A0002046BDE8F84000F083BB28463346D8E7B6
:1083B000FFF7FEFD074600F00FFFB8422168626834
:1083C00038BF3846963546F10006401946F100039D
:1083D000884273EB02053CBF08461346C1E74FF4E1
:1083E000D171032001F0B2FD1C4B1868A0B350E915
:1083F000063130B550F8104C13F10A02036841F110
:1084000000011519A0F1180041F1000C1BB922E080
:1084100014D31B68FBB153E90621AA4271EB0C048B
:1084200019D290F814E013F8044C7445F0D19C88EC
:10843000B0F81CE0A4EB0E042404EAD553F8100CA9
:108440000A3241F100018518A3F118001B6841F1BF
:10845000000C002BDFD130BD704700BF0031002081
:1084600070B5264D00236B60EFF3108172B6AA68D9
:108470006A60AB60EB6009B962B66A6872B3204C9F
:1084800000269379032BA2F1180028D0136873B348
:108490009A79042AA3F118038446A6460FD1818B4A
:1084A0009A8B521A12049A6944BF0CF1180E18469E
:1084B00042B19C46A2F118039A7F042AEFD09B7F19
:1084C000032B16D1DEF800201368CEF8003002210D
:1084D000C368867798476A68002AD2D170BD116850
:1084E00052F80C3C9671696001219847F3E7A64663
:1084F000EAE763219F2001F029FD00BF0031002041
:10850000043100202DE9F04F6F4B04681B6845686B
:1085100083B08283427D0646894602F00102002B29
:1085200000F0CB80A3F1180C002A6ED0DCE900012A
:10853000844275EB0107644A2FD39CF81420337DE5
:108540009A421BD8DCF808301B1841F1000113F1E6
:108550000A0E41F10007744575EB070280F0A88010
:108560003269121945F10000964577EB000801D2F7
:10857000724638469A428841C0F08280DCF8183052
:108580000CF11802002B00F09180A3F1180CDCE92B
:108590000001844275EB0107CFD21F466346B068E5
:1085A000001945F10008002B44D0CDE90027CA4648
:1085B000D3E9007110F10A0C48F10002674571EB34
:1085C000020245D21A7D96F814C0944519D39A68D0
:1085D000D21941F1000112F10A0941F1000E4C4596
:1085E00075EB0E0745D237693F1945F1000CB945C7
:1085F0007EEB0C0B01D24F46F44697427CEB010C0C
:108600003DD39B6923B3183BD2E7DCE900018442E8
:1086100075EB01012C4A0CD3DCF818300CF1180270
:108620003BB1A3F1180CDCE90001844275EB0101B8
:10863000F2D21F46334643F8187F1360FFF7D4FE8B
:10864000864210D0002389F8003003B0BDE8F08FD7
:10865000DDE900273346D14643F8187F1360FFF762
:10866000C3FE8642EED1012389F8003003B0BDE895
:10867000F08F2746AC4697427CEB010CC1D2D14625
:10868000114A0423B3779168002333767376B37667
:10869000F37606F118020C4B69B1DB681A600B4BDC
:1086A00009491878CA6001F009FECBE71F4676E752
:1086B000224628465EE79A60F1E712B91746024A59
:1086C000B8E7014A1F466AE7003100203421002044
:1086D00010B50A4C2378FF2B0AD1094801F0C4FDDC
:1086E000084B207000221A609A60DA601A8210BD6E
:1086F0004FF48D719F2001F029FC00BF3421002030
:108700006184000000310020034B1A8A02F1010C41
:10871000A3F810C0FFF7F6BE0031002038B50446BC
:108720000D46FFF761FE0346E31AB3FA83F35B09D4
:1087300005482B7004F1180105F0D8F810B100239A
:10874000A377012038BD00BF003100202DE9F043A0
:108750001F4E34686CB34FF000083546C6464FF0E4
:1087600004092346246853F8187C53F8082CD219BE
:1087700053F8147C47F1000C82427CEB010C1AD2B6
:108780002A6812682A6083F80690B26883F800E0CD
:1087900083F801E083F802E083F803E07AB1F2683D
:1087A0001360F3604FF00108002CDAD1B8F1000F2C
:1087B00007D1BDE8F0831D46002CD2D1F6E7B360A7
:1087C000EFE7044BBDE8F043187801F077BD00BF38
:1087D000003100203421002070B5154EB3680546E5
:1087E00000F11801BBB1B368002423B913E01A6883
:1087F0001C4682B113469942F9D10CB1AA69226094
:10880000B268914204BF1B68B360F36899420AD012
:108810000023AB7770BD074805F068F80028F9D051
:108820000023AB77F6E70023F460AB77F2E700BFF5
:1088300000310020043100202DE9F843484E34680F
:10884000002C00F087804FF000080F460546B14627
:1088500041464FF0040E2346246853F8180C53F891
:10886000082C121853F8140C40F1000CAA427CEBAF
:10887000070C69D2D9F800201268C9F8002083F8E3
:1088800006E0B268197059709970D970002A5FD0EB
:10889000F2681360F3604FF00108002CDBD1B8F1EF
:1088A000000F03D02F4B187801F008FD3368002B20
:1088B00050D053E90612A94272EB070053F8100C8E
:1088C0003CBF29463A46A3F1180C0A304FF0000489
:1088D0001B6844F10004091842EB04021BB92DE0A7
:1088E00016D81B6853B353E90604884274EB020E92
:1088F00024D29CF8148013F804ECF045F0D1B3F8BE
:1089000004E0BCF81C80AEEB080E1EF4004FE8D06B
:10891000854277EB040E294638BF014653F8100C08
:108920003A46A3F1180C38BF22461B68091842F1D9
:1089300000020A3142F10002002BD4D10CF11803DD
:1089400073616046BDE8F8839946002C83D1A6E7A1
:10895000B3609FE700239C4673616046BDE8F883DF
:10896000003100203421002010B5054C61692046FB
:1089700004F0BCFF18B1606900231838636110BDB2
:10898000003100201C49096839B3A1F1180C9CF88A
:10899000141081421DD870B5DCE9004112F10A05BE
:1089A00043F1000EAC4271EB0E0620D2DCF81060F1
:1089B000341941F10001AC4271EB0E0115D2DCF823
:1089C000181071B1A1F1180C9CF814108142F6D85E
:1089D000E2E7DCF818100029D7D14FF0FF3001464C
:1089E00070474FF0FF30014670BD2C467146B4F120
:1089F0000A0041F1FF3170BD0031002010B5837FC6
:108A0000022B06D0837F012B02D0837F042B1DD144
:108A100010BD437D13F0020313D103210E4A817769
:108A20009468037600F1180143768376C3765CB1CF
:108A3000D3681960094BD160BDE81040187801F087
:108A40003DBC0023837710BD9160F3E74FF4FF71C5
:108A50009F2001F07BFA00BF00310020342100206C
:108A600070B5114D00F1180604463146284604F051
:108A70003DFF98B10423A377AA6800232376637689
:108A8000A376E37642B1EB681E60084BEE6018787F
:108A9000BDE8704001F012BCAE60F6E74FF4027121
:108AA0009F2001F053FA00BF003100203421002044
:108AB0002DE9F04F066983B0002E70D1D0E9001582
:108AC0008368077DEFF3108472B6DFF8DCC0DCF852
:108AD0000020002A5CD013F10A0EBCF81080CDF8FB
:108AE000048046F10006183AB046D2E9003611EB90
:108AF0000E0A45EB08099A4579EB060C48D38B42E0
:108B000076EB050C28D3D2F810C01CEB030C46F111
:108B1000000BD4457BEB090B34BF4FF0010C4FF039
:108B2000000CBCF1000F13D092F814C0BC4526D045
:108B300034BF4FF0010C4FF0000CBCF1000F07D018
:108B400013F10A01936846F10005591845F1000533
:108B50009269EAB1183AC8E7D2F808A013F10A0CF2
:108B600046F100091AEB0C0C49F10009614575EB5F
:108B7000090934BF4FF0010C4FF0000CD1E7B2F8F7
:108B80001CC0DDF80490ACEB090CCCF3C03CD4E77E
:108B900004B962B6C0E9001503B0BDE8F08F40F239
:108BA00027219F2001F0D2F900310020024B05213E
:108BB000186804F075BE00BF18310020054B5868D6
:108BC00010B1C3680521184710B54FF41B71B020D0
:108BD00001F0BCF9183100202DE9F0471646002BB2
:108BE00055D0D3E900894B4C804579EB0103A38A2A
:108BF0003CBF804689466433B8EB000569EB01074A
:108C00000022AB422261BA41C4E9028916DBA369A2
:108C100003F2A3139D4277F1000769DA3E4AC4F8D4
:108C2000288040464946C4F82C9000F03FFD3B4A5E
:108C3000052384F830303260BDE8F087627F237FFF
:108C40001AB19A071ED40022627703F0010AA369C1
:108C500003F2A3139D4277F100072EDABAF1000F59
:108C6000DCD0A08A2C4AB8EB000069F10001C4E90D
:108C70000A0100F01BFD0623284A84F830303260D8
:108C8000BDE8F087236A01209847237FDBE7214C6A
:108C9000637F2BB1237F9B0702D5236A012098476E
:108CA0000025657701F03CF8FFF750F92B461C4A88
:108CB00084F830303260BDE8F08701F031F8FFF71A
:108CC00045F9A08AA369BAF1000F01D0984215D8DE
:108CD000B8EB0300104A69F10001C4E90A0100F091
:108CE000E5FC02230D4A84F830303260BDE8F0879D
:108CF00001F016F8FFF72AF9A369E9E7B8EB0000DD
:108D0000054A69F10001C4E90A0100F0CFFC034AF9
:108D100001238EE718310020AD8B0000698E000022
:108D20006190000002392DE9F04104292DD8DFE8D7
:108D300001F00309292C0C00164A137F003B18BFD1
:108D4000012353770020BDE8F081044600F07AFC4F
:108D500000F088FD0E460746FFF76EFD0D4D80467C
:108D60006868FFF74BFE22463846314643460024EA
:108D700000260027C5E902676C60FFF72DFF02207F
:108D8000BDE8F081FFF7A8F9DCE740F21721B02039
:108D900001F0DCF8183100202DE9F84F2E4C637FEC
:108DA000A769804683BB94F81C9019F0010934D15F
:108DB00000F058FD10EB070B41F1000A05460E4686
:108DC00058465146FFF738FDA8B3D0E900329B451D
:108DD0007AEB02011BD30023204AA56228463146C4
:108DE000C4E902BAE662236100F060FCB9F1000F49
:108DF00018D0A38A1A4A9F4216D0022384F8303032
:108E0000C8F80020BDE8F88F4FF00009D0E7DD1B5F
:108E10009B4662F100069246DDE7A38A9F4238BF77
:108E20001F46C5E70E4AE8E7012384F83030C8F84A
:108E30000020BDE8F88F637F2BB1237F9B0702D50D
:108E4000236A012098470023064A84F8303063776C
:108E5000C8F80020BDE8F88F18310020AD8B000065
:108E6000698E000061900000023970B50546032943
:108E700000F2EB80DFE801F006024508754B0022A6
:108E800083F83120002070BD724C94F830301A1FE6
:108E9000012A40F29F8000F0E5FCA26A2369801A53
:108EA0009842B8BF184694F830302061022B7FD02A
:108EB000237FD90740F1C480607F002840F0C08044
:108EC000236A98470123637794F83020022AD4E973
:108ED00002034BD0012A70D02269323843F1FF31AE
:108EE000101841EBE2715C4AC4E90A0100F0DEFBB4
:108EF00094F83030062B0CBF0523042384F830305F
:108F0000C0E7544C94F83030042B0FD8022B25D8EE
:108F1000013B012B00F28F80FFF7DEF80028B1D073
:108F200000F08EFC2846FFF737FF15E0053B012BCC
:108F300000F28180FFF7D0F80028A3D000F080FC79
:108F400000F090FC06460C46FFF776FC2A460346E6
:108F500021463046FFF740FE022070BDFFF7BCF807
:108F600000288FD0012384F831308BE7227FD2078D
:108F70000ED5627F62B9A18A374A401A63F10001B7
:108F8000C4E90A0100F092FB032384F8303079E74A
:108F90002169314A323843F1FF33401843EBE17124
:108FA000C4E90A0100F082FB042384F8303069E749
:108FB00000F0AEFEFEF7C4FF86E7A169264A401A1C
:108FC00063F10001C4E90A0100F070FB022384F898
:108FD000303057E7042B94F8316019D0002EAFD110
:108FE000FFF7C2FC0028ABD06060C4E90D6600F05A
:108FF0001DFB6068022383773146C3689847D4E934
:109000000201FFF7A3FB154B84F830602B60A3E748
:1090100000F08EFE0028E1D100200021FFF70CFCBB
:1090200008B1FFF71DFD00F07BFEFEF78FFF28461D
:10903000FFF7B2FE90E74FF4CD71B02000F086FF4D
:1090400040F2B311B02000F081FF40F2F111B020E6
:1090500000F07CFF18310020AD8B0000258D000052
:10906000032910B506D801290AD840F25D11B020B5
:1090700000F06CFF0429F8D10446FFF72DF808B979
:10908000002010BD2046FFF787FE022010BD00BF64
:1090900010B5064A064C02600023206084F8303088
:1090A0002377FEF785FF5130A06110BD619000006D
:1090B0001831002008B5074B074A19680968914222
:1090C00002D15130986108BD40F25121B02000F02A
:1090D0003DFF00BF183100206190000010B5EFF394
:1090E000108472B6034B0421186804F0D9FB04B94C
:1090F00062B610BD1831002008B5094B5A684AB154
:10910000D3E902218018BDE80840064A41F1000178
:1091100000F0CCBA40F27221B02000F017FF00BF7F
:1091200018310020BD8B000008B5064B5B681BB1F1
:10913000BDE8084000F084BB4FF41E71B02000F081
:1091400005FF00BF1831002008B5054B5A680AB169
:10915000586308BD40F27E21B02000F0F7FE00BF4A
:109160001831002008B5054B5A680AB1986308BD4C
:109170004FF42171B02000F0E9FE00BF183100204B
:10918000044B9B6B03B1184710B540F28A21B02005
:1091900000F0DCFE18310020044B5B6B03B1184774
:1091A00010B54FF42471B02000F0D0FE183100202B
:1091B000014B5868704700BF1831002008B5054BB7
:1091C0005A6812B1D3E9020108BD40F29B21B020D8
:1091D00000F0BCFE18310020034B187F10F0010096
:1091E00018BF988A704700BF18310020054B1B68D4
:1091F0001BB1D3E908200421104710B57221452086
:1092000000F0A4FE58310020054B1B681BB1D3E9C8
:1092100008200321104710B56C21452000F096FE70
:10922000583100202DE9F04104460D4679B9174F19
:109230003B683BBB16483C60FFF786FF1548FFF7CD
:1092400091FFFFF777F8637D5B07064605D4D4E905
:1092500008302946BDE8F0411847FEF727FF2036C1
:10926000361A7E6000F07AFB0028FBD00A4B002201
:10927000C3F8A8252946C3F8AC25D4E90830BDE8D1
:10928000F04118478621452000F060FE583100204B
:1092900009920000ED91000000F00140024B002215
:1092A0001A601A81704700BF5831002008B5074B7B
:1092B0001A683AB10648D06000211960BDE808403C
:1092C000FEF79ABFB921452000F040FE583100203A
:1092D00025920000C0E908122022002101F020B9E7
:1092E00030B587B04B7A00220D460592CDE90022B9
:1092F0000492C3F3800282F001024FF0000162F396
:10930000820104462A78287A8DF815108DF8140009
:1093100069682B4802910390002A40D1D5E90420C6
:109320009DF815C01CF0040FCDE9002028D19DF850
:1093300015202449C3F340035B0043F0010322F0EE
:10934000030213438DF815304B68C3F308038BB148
:10935000103B5BB2002B1CDB03F1604303F5614360
:1093600093F800335B092BB969462046FEF718FFD6
:1093700007B030BD69462046FEF7F0FE07B030BDAD
:10938000203A01F1200140F1FF300092029101905A
:10939000CDE703F00F0319440B7D5B09E3E72B696D
:1093A0000493FEF77BFE9DF815305B07CDE90001C5
:1093B00004D5029A6B7A20320292B8E76B7AB6E74C
:1093C0002592000000ED00E010B5037886B0B3B937
:1093D0000446D0E90401CDE90433CDE9000103934B
:1093E000217A6368029368468DF81410FEF7A4FF93
:1093F000DDE900230120C4E9042306B010BD4FF4C9
:10940000AB71452000F0A2FD30B50C7887B07CBB75
:109410004B7A05940C7A8DF81440C3F3800E174CE8
:109420004D6803948EF0010ED1E904414FF0000C19
:109430006EF3820C1CF0040FCDE900418DF815C0CD
:10944000029507D0203C05F1200541F1FF31009441
:10945000029501919DF815400492C3F3400363F314
:10946000410469468DF81540FEF778FE07B030BD1F
:1094700040F21F21452000F069FD00BF2592000049
:1094800070B4EFF3108672B617490D78ADB1174B73
:10949000D3F80445D3F848314FF6FF7294421FD0F9
:1094A000E3B147F6FE739C4218D84B68013306B906
:1094B00062B6C0E9004370BC70470C4AD2F804455C
:1094C000D2F8043153B14B6801334B60C2F80451F8
:1094D000D2F80445D2F80431002BF4D14B68E6E70A
:1094E000002BFBD11C46F9E79031002000B0004072
:1094F00010B50A4C002222742277094B0948012139
:109500005960C3F84025C3F840214FF40022196187
:10951000C0F8082500F020FF206210BD9031002027
:109520000080004000F001403749384BF0B44D6AEC
:10953000374C002201204A6058609860C3F8084305
:10954000C3F84843C3F80421C3F84021C3F84421B9
:10955000C3F84821002D55D02E4C2F4EC4F8A865D5
:109560002E4AC4F8AC55C4F85C394FF40023C4F853
:1095700004350523C2F840351060D2F84031002B85
:10958000FBD02448002301244FF40025C0F80855DF
:109590005460D460C2F84031C2F84035C0F8A835F4
:1095A000C0F8AC35C0F8AC350B7833B391F828402F
:1095B000184816491A4E1B4DE30003F1804303F58A
:1095C000F8330122A2404FF6FF774FF48024C0F811
:1095D0000825C1F84443C1F84875C1F80443C3F8ED
:1095E0001065C3F81455C0F804250F4B4FF4006202
:1095F000C3F88021F0BC1A607047044B0222C3F804
:109600000423F2E71860CFE79031002000B000405B
:109610000200070000F0014040810040008000404F
:1096200048B1004008B0004000E100E0044B4FF0BA
:1096300080411A6A0123C1F808351360704700BFE2
:109640009031002010B4144C1449154A0023C4F87A
:10965000A8350120C4F8AC354FF0FF3448600861EC
:10966000C1F808430F4891684FF48074C0F88041F6
:1096700041B10D494FF48030C1F808031374C1F8AB
:1096800040319360126A10BC4FF080410023C1F852
:1096900008351360704700BF00F0014000800040B3
:1096A0009031002000E100E000B00040F0B55A4CDD
:1096B000A36883B0002B40F09F802578A260002D26
:1096C0005CD1564B994200F29C80430F544E554F4B
:1096D00043EAC101A6FB0132C0F34F33920B03EB07
:1096E000014307FB1233A6FB03639B0B43EA0243D0
:1096F0004D4A02FB1300420B48F2376101FB02F2B4
:10970000120C43F60957494907FB120000FB01F10F
:10971000490D43F6085601EB422207FB0161B0EB0D
:10972000512F88BF01320026002D41D01F0C1B0491
:109730009D18684647F10007FFF7A2FEDDE90032F9
:10974000053346F100064FF48031E2FB01369D42BD
:1097500077EB060647D32A0C4FF6FF71ADB242EA0B
:109760000742002D08BF0D4631494FF48030C1F843
:109770004055E260C1F8040303B0F0BD2D4B99429F
:1097800044D8430D264E274F43EAC121A6FB0132A0
:10979000C0F34F13920B03EB014307FB1233A6FBFD
:1097A00003639B0B43EA0243234A02FB1300A2E735
:1097B0001F0A1B069E18684647F10007FFF760FE68
:1097C000DDE90032053345F100054FF08071E2FB21
:1097D00001359E4277EB050505D3320E42EA07229A
:1097E00026F07F45C0E7FF232374144B4FF400623B
:1097F000C3F8002103B0F0BD40F2F921052000F0CC
:10980000A5FB4FF49471052000F0A0FB40F223115A
:10981000052000F09BFB00BF90310020FF7F841EDD
:1098200083DE1B43000024F40080841E6F0C0100C3
:1098300000B000407F841E0080841E0000E100E034
:10984000064B9A684AB106494FF48032C1F80823A2
:1098500000221A74C1F840219A60704790310020AC
:1098600000B0004070B4EFF3108572B6364C20782B
:1098700020B3364BD3F80425D3F848614FF6FF7375
:109880009A4252D043F60951C2F3080301FB03F395
:10989000500A01FB00F003F5807300EB5320002118
:1098A000002E45D047F6FE739A4241D863680133D3
:1098B00025B3274A70BCE3FB02017047234AD2F864
:1098C0000435D2F8041111B3636801336360C2F840
:1098D0000401D2F80435D2F804110029F4D143F67A
:1098E000095CC3F30802580A0CFB02F202F580730C
:1098F0000CFB00F000EB532063681DB962B62278C0
:10990000002AD6D1134AE3FB020170BC704743F62C
:109910000956C3F30802580A06FB02F306FB00F0DF
:1099200003F5807300EB5320E6E71EB10A480021DF
:109930006368BDE7636815B928462946DEE7044A2F
:1099400030463146DFE700BF9031002000B00040D4
:1099500080841E000080841E61841E0070B4EFF3BA
:10996000108072B6384A15780DB3384BD3F80455C9
:10997000D3F848614FF6FF739D4256D043F6095421
:10998000C5F3080104FB01F16B0A04FB03F301F5C5
:10999000807103EB51230024002E49D047F6FE715D
:1099A0008D4245D85168013108B3294824E0274940
:1099B000D1F80435D1F804414CB3536801335360F6
:1099C000C1F80451D1F80435D1F80441002CF4D188
:1099D00043F6095CC3F308010CFB01F15B0A01F5D6
:1099E00080710CFB03F303EB5123516818B962B685
:1099F00010780028D9D11748E1FB0034D2E90C12C5
:109A00008B4294412CBF0120002070BC7047C3F3EF
:109A1000080143F609555B0A05FB01F105FB03F359
:109A200001F5807103EB5123DFE71EB10A4B0024DF
:109A30005168B9E7516810B903460446D7E70448AE
:109A400033463446D8E700BF9031002000B00040D4
:109A500080841E000080841E61841E002DE9F04772
:109A6000DFF874815D4E012100234FF4002284B0A1
:109A7000C8F80410C8F84035C8F84031C8F81010CC
:109A8000C6F80825D8F8042522F00302C8F80425F2
:109A9000D8F8082542F00302C8F80825102292FAE7
:109AA000A2F2B2FA82F2092A00F39180C8F81025D6
:109AB0004B4A4C4FC8F80C104FF48070C2F880012C
:109AC0001060494AC8F80410C8F80C10C6F8A82558
:109AD0003A78C6F8AC8502A8002A56D0019306E071
:109AE0000123C6F808A5C8F80430C8F80C30FFF701
:109AF000C7FCDDE90243019D4FF4002A4FF4803991
:109B0000C6F804A5E3FB0945FFF7BAFCDDE902321C
:109B10000199E2FB0931A94208BFA342E0D1013417
:109B200043F60952C4F3080345F1000502FB03F3B1
:109B3000210EC4F34E2441EA052102FB04F02D0E50
:109B400003F5807300EB53204C016B01641A43EA68
:109B5000D16363EB0506B201A3011B1B42EA9462C9
:109B600062EB0602D20042EA5372DB005B1845EB5F
:109B70000205E903DA03801841EA534141F100018B
:109B8000C7E90C0104B0BDE8F087019206E00123AB
:109B9000C6F808A5C8F80430C8F80C30FFF770FC08
:109BA000DDE90243019D4FF4002A4FF08079C6F8A9
:109BB00004A5E3FB0945FFF763FCDDE902320199E7
:109BC000E2FB0931A94208BFA342E0D1A7E7074859
:109BD00040F29F3100F0B0F90080004000F00140F9
:109BE00000E100E09031002000B100409C8B0200B9
:109BF00010B5029C201841F10001801A61EB0301AD
:109C0000B0F1004F71F1000100DA10BD40F2A9314E
:109C1000052000F09BF900BF70B4EFF3108572B619
:109C2000364C207820B3364BD3F80425D3F848615E
:109C30004FF6FF739A4252D043F60951C2F308031C
:109C400001FB03F3500A01FB00F003F5807300EB06
:109C500053200021002E45D047F6FE739A4241D88A
:109C60006368013325B3274A70BCE3FB02017047E8
:109C7000234AD2F80435D2F8041111B363680133D2
:109C80006360C2F80401D2F80435D2F80411002947
:109C9000F4D143F6095CC3F30802580A0CFB02F244
:109CA00002F580730CFB00F000EB532063681DB9D4
:109CB00062B62278002AD6D1134AE3FB020170BCB7
:109CC000704743F60956C3F30802580A06FB02F32D
:109CD00006FB00F003F5807300EB5320E6E71EB1AE
:109CE0000A4800216368BDE7636815B9284629461C
:109CF000DEE7044A30463146DFE700BF90310020FE
:109D000000B0004080841E000080841E61841E001C
:109D1000024B0122C3F84423704700BF00B000404B
:109D2000024B0122C3F84823704700BF00B0004037
:109D300008B5FEF711F930B9074A936B0133312B9F
:109D4000936304D808BD044B00229A6308BD40F217
:109D5000F531052000F0FAF89031002010B53F4CA5
:109D6000237882B0002B55D03D4BD3F80423520307
:109D70005BD43B4BE168D3F80423D00334D5D3F84C
:109D80004031002B30D0636899425DD800232374A2
:109D9000334AA168C2F840314FF48030C2F808035A
:109DA000002955D0A36088472D4BA169D3F804231F
:109DB000920324D5D3F844310BB363688B423FD36D
:109DC00000222277264B6169C3F844214FF400300A
:109DD000C3F8080300293BD08847214BD3F8403112
:109DE0000193019B02B010BD6268237C002BCDD192
:109DF0009142D9D91A4B0022C3F84021D4E76268B6
:109E0000237F002BDCD18A42E7D2154B0022C3F816
:109E10004421E2E7124AD2F804110029A9D0C2F87D
:109E20000431636801336360A3E7D3F84821002A53
:109E30009FD00022C3F8482163680133636098E72C
:109E4000237F002BE1D0BBE7237C002BD2D09DE702
:109E500040F23741052000F079F800BF9031002032
:109E600000B00040014B1879704700BFD03100208E
:109E7000044B1A79824283BF1B68602202FB0030C8
:109E800000207047D0310020BFF34F8F0549064BAB
:109E9000CA6802F4E0621343CB60BFF34F8F00BF88
:109EA000FDE700BF00ED00E00400FA05094B0122C8
:109EB0005A604FF0FF32C3F80823074B4FF480423B
:109EC000C3F88020BFF34F8FBFF36F8FC3F880219B
:109ED000704700BF00E0004000E100E0094B0122B4
:109EE0005A604FF0FF32C3F80823074B4FF48052FB
:109EF000C3F88020BFF34F8FBFF36F8FC3F880216B
:109F0000704700BF00C0004000E100E0084B0022A5
:109F1000C3F8FC2F0122C3F8FC2F064B0222C3F822
:109F20008020BFF34F8FBFF36F8FC3F8802170473E
:109F30000010004000E100E008B572B6024B5B681B
:109F400003B19847FFF7A0FFD83100201FB572B6C4
:109F5000134B5D6895B9FFF797FF2346B2FBF6F206
:109F60005C1C002AF9D104AEDCB256FA83F303F884
:109F70000C2C0A2234B901A8A847ECE702460023BA
:109F80000A26EDE7631E04AEDCB256FA83F3B0FB9B
:109F9000F2F602FB1600303003F80C0C3046E9E70D
:109FA000D8310020F8B51F4E337805460C461746C9
:109FB000A3BB00F0C5F9FDF7F3FB77603472FFF740
:109FC000A5FFFFF78BFFFFF771FF174B002D14BFA5
:109FD00028461846FEF704F80546E8B9FFF75EF98B
:109FE000FDF7F0FF03F04BFCFEF746F818B9B82177
:109FF0001120FFF7ABFF002C0CDB04F01F026409FB
:10A00000A40004F1604404F5614401239340C4F8C2
:10A0100080312360012333702846F8BD4FF0FF35AF
:10A02000FAE700BFD831002010820200074B93F9F5
:10A030000830002B09DB5A09012103F01F03994066
:10A0400002F14003024A42F823107047D831002041
:10A0500000E100E0014B1878704700BFD8310020C4
:10A0600050B1074B03F1140253F8041B40F8041BD2
:10A070009342F9D1002070476FF01500704700BF80
:10A0800014C80200F0B5284D284C294F83B02E7813
:10A090000136F6B2D5E84F3F0133DBB2C5E8423FA7
:10A0A000002AF7D101236360C4F80021C4F8042119
:10A0B000EFF3108272B6C4F80405236052B962B699
:10A0C00008E0D4F804314BB92B789E4206D13B69A5
:10A0D000DB0613D4D4F80031002BF2D0D4F80431CD
:10A0E000002BD4D12A78B242D1D10322C4F8003156
:10A0F000C4F80431C4F8082303B0F0BD0D4B0321AC
:10A100004FF48042C4F80413C3F88021D4F800311E
:10A11000002BDFD1D4F80431002BDBD1019003F008
:10A120000CFC0198D6E700BFE131002000E00040C0
:10A1300000ED00E000E100E070B51446DA078CB0F5
:10A140001D4686468C4633D5C36842681BBA0093C9
:10A15000CB681BBA049383681BBA019303681BBACC
:10A1600003938B6812BA1BBA029205934A680B6874
:10A1700012BA1BBA6E46069207933046FFF782FF6B
:10A18000AB070DD5DDE90A10DDE9083200BA09BADE
:10A1900012BA1BBA20606160A260E3600CB070BDAF
:10A1A00008AD0FCD20606160A260E3600CB070BDAF
:10A1B000DEF80410DEF80820DEF80C300068EE4609
:10A1C000AEE80F00DCF80000DCF80410DCF8082032
:10A1D000DCF80C306E46AEE80F00CEE710B5002478
:10A1E00082B0CDE90044FFF7A7FF02B010BD00BF69
:10A1F0001A4B4FF4805270B5C3F88020BFF34F8FD5
:10A20000BFF36F8F164C174D0021C4F80011C3F82F
:10A2100080212E692B6943F010032B610123C4F8C0
:10A22000043306F010062360D4F800319BB11EB948
:10A230002B6923F010032B610123D4F80805636018
:10A24000C4F808330023C4F80031044B4FF48052A3
:10A25000C3F8802170BD03F070FBE5E700E100E08A
:10A2600000C0004000ED00E00B4938B5042301EBCD
:10A27000C302157905F0FF042DB1013BF7D240214F
:10A280006920FFF763FE41F8330001215471947196
:10A290001171D8B238BD00BFE4310020042808B5E0
:10A2A00003D947216920FFF751FE034B03EBC0039D
:10A2B00000221A7108BD00BFE4310020042808B54F
:10A2C00003D950216920FFF741FE094B03EBC00081
:10A2D0000379012B01D05121F4E7437982790133CD
:10A2E000DBB29A4218BF4371BDE80840FFF79EBE3B
:10A2F000E431002038B5114D052495F8281005EB00
:10A30000C1031A79012A09D158799A79904205D066
:10A310005A79D2B29A7155F83130984795F8283069
:10A320000133DBB2052B04F1FF3428BF002314F006
:10A33000FF0485F82830E0D138BD00BFE4310020AB
:10A340004FF08052034BD2F830111960D2F834210B
:10A350005A60704710320020084B1B68083B082BDE
:10A360000AD840F2211222FA03F313F0010F044B32
:10A37000044818BF18467047024870471032002042
:10A3800000E701400C050040144B1B68062B03D06E
:10A39000013301D020BF7047EFF3108072B6104A2E
:10A3A0001369116941F0100111610E49D1F80021C2
:10A3B000D1F804110A4303F0100300D040BF20BFBE
:10A3C00000BF00BF00BF00BF23B9054A136923F0D7
:10A3D0001003136100B962B6704700BF103200204D
:10A3E00000ED00E000E100E0914270B53FD2B2FA2A
:10A3F00082F33BB1C3F1200420FA04F499402143D5
:10A4000098409A40150CB1FBF5FC05FB1C1E4FEA69
:10A410000E4E030C84B20EEB10401FFA82FE0CFBB2
:10A420000EF6864206D9361A964294BF01260226B7
:10A43000ACEB060C03EB01430CFB1233B3FBF5F062
:10A4400005FB103304EB034400FB0EFEA6454FEA68
:10A450000C4C09D9AEEB040E964594BF4FF0010E9B
:10A460004FF0020EA0EB0E0040EA0C0070BD73210D
:10A470009620FFF76BFD00BF2DE9F8431C4652EA1A
:10A48000040349D0074615460E4684B9914204D2CA
:10A49000FFF7AAFF2146BDE8F88321463046FFF7C3
:10A4A000A3FF04462A46384604FB1561F0E74FF047
:10A4B0000108B4FA84F908FA09F3A3FB021220FA9E
:10A4C00008F003FB042240EAC67026FA08F1FFF701
:10A4D0008BFFC9F11F0230FA02F34FF0000C08D1D4
:10A4E00040461946AF42A6413CBF18466146BDE80A
:10A4F000F8835A1E61466CEB0C0C05FB0CFE02FB4C
:10A5000004EE18461346A5FB0228BA1A0EEB0807FC
:10A5100066EB07061746E5E7A6219620FFF716FD2E
:10A5200010F0030FC9B2034607D0BAB303F8011BFA
:10A5300013F0030F02F1FF32F7D170B5032A01EBDC
:10A54000012404EB04441ED9161FB508032E05F19F
:10A55000010521D94FEA550E03EBCE0E9C46CCE9FE
:10A5600000440CF1080CF445F9D115F0010F04D0AA
:10A5700025F0010503EB85052C6026F00306043366
:10A58000334402F0030232B1012A197003D0022AC7
:10A59000597018BF997070BD1D46EDE7704700BF38
:10A5A000844641EA000313F003037DD1403A51D3BE
:10A5B000F0B4F0C9F0C0F0C9F0C0F0C9F0C0F0C903
:10A5C000F0C0403AF5D2F0BC44E0403A42D300BF7C
:10A5D00051F8043B40F8043B51F8043B40F8043B7D
:10A5E00051F8043B40F8043B51F8043B40F8043B6D
:10A5F00051F8043B40F8043B51F8043B40F8043B5D
:10A6000051F8043B40F8043B51F8043B40F8043B4C
:10A6100051F8043B40F8043B51F8043B40F8043B3C
:10A6200051F8043B40F8043B51F8043B40F8043B2C
:10A6300051F8043B40F8043B51F8043B40F8043B1C
:10A6400051F8043B40F8043B51F8043B40F8043B0C
:10A65000403ABDD2303211D351F8043B40F8043BAC
:10A6600051F8043B40F8043B51F8043B40F8043BEC
:10A6700051F8043B40F8043B103AEDD20C3205D3BC
:10A6800051F8043B40F8043B043AF9D2043208D0B4
:10A69000D2071CBF11F8013B00F8013B01D30B8826
:10A6A00003806046704700BF082A14D38B078CD004
:10A6B00010F0030389D0C3F10403D21ADB071CBFD7
:10A6C00011F8013B00F8013BFFF47FAF31F8023B8A
:10A6D00020F8023B79E7043AD8D3013A11F8013B5C
:10A6E00000F8013BF9D20B7803704B7843708B78FC
:10A6F00083706046704700BF43D900004FD9000007
:10A7000053D900005BD900005FD900007BB972B952
:10A710000029BEBF00204FF0004106E008BF00281E
:10A720001CBF6FF000414FF0FF3000F057B8ADF1A3
:10A73000080C6DE904CE002909DB002B1ADB03F0BD
:10A7400020F9DDF804E0DDE9022304B0704740425F
:10A7500061EB4101002B1BDB03F013F9DDF804E092
:10A76000DDE9022304B0404261EB4101524263EB58
:10A7700043037047524263EB430303F002F9DDF8F1
:10A7800004E0DDE9022304B0404261EB410170477F
:10A79000524263EB430303F0F4F8DDF804E0DDE933
:10A7A000022304B0524263EB4303704753B94AB9E2
:10A7B000002908BF00281CBF4FF0FF314FF0FF30C9
:10A7C00000F00CB8ADF1080C6DE904CE03F0D9F837
:10A7D000DDF804E0DDE9022304B07047704700BFF4
:10A7E00008B5F6F7FDFCF8F7B1F9F6F70FFC002015
:10A7F00008BDFFF735BCF8F73BB901F030B801F000
:10A8000031B801F029B810B586B0044601A8FFF7A9
:10A8100027FC02232370A3709DF804306371BDF8F8
:10A820000530E380DDF80730A36000206070E07041
:10A83000207106B010BD00F01BBE70B5044602F0DA
:10A8400027FF012805461AD1601C02F028FFB0B18D
:10A85000A37963F03F03A3710020F8F761FAE61DC6
:10A8600038B1102200213046FFF75AFE2570002033
:10A8700070BD304602F026FF0028F2D0F6E7002532
:10A88000F4E710B5102204460021FFF749FE04F159
:10A890001003102200211846FFF742FE02F02BFFA2
:10A8A0000020F8F73DFA20B1204602F00BFF00200F
:10A8B00010BD02F0EDFE0028F6D0F8E710B5044612
:10A8C000FFF796FCB0F5007F09DA10F5007F08DD90
:10A8D000031EB8BF03339B102370002010BD7F23DD
:10A8E000FAE76FF07E03F7E78178008800F077BF22
:10A8F00037B505460C4600880DF1060100F0A4FEB0
:10A900002B882380BDF80630638003B030BDF7B5D7
:10A9100004462046F8F74AFE022805462ED00428B1
:10A920002CD123788A2B18D13E20F6F76DFC78B90C
:10A93000E378227901A943EA02236846ADF80030A2
:10A9400000F001FF0028E4D053210820F6F722FB95
:10A950000520F6F79DFC0028EAD0204600F013F809
:10A960002678A7783046F6F74FFC0028D1D03E2E47
:10A9700004D13846F6F78CFC0028CAD0284603B02C
:10A98000F0BD01F09ABC10B50378813B04460E2B54
:10A990002FD8DFE803F02F3541454F676D08613B45
:10A9A00071775B2E7D002920F6F772FC30B13E23D3
:10A9B0002370222363702923A3701AE00A20F6F77C
:10A9C00067FC3E23237018B11F2363700A23F3E74B
:10A9D0000123A37013236370E37903F00103E37190
:10A9E000D4F81A30C4F80E30E38B638294F8203028
:10A9F000237510BD3E230370042343701423DBE74B
:10AA00003E2303700A2343700323D5E73E230370DC
:10AA10000D2343700523CFE705232370042307E0AC
:10AA20005A20F6F7F1FB08230028F6D05A222270AC
:10AA30006370DEE75B20F6F7E7FB18B15B2323705A
:10AA40000623F5E7302323700323F1E73E23037049
:10AA50000B2343700723AFE73E23037006234370A5
:10AA60000C23A9E71323037083789B000133DFE7EE
:10AA7000572303700223DBE73E2303700623437052
:10AA8000122399E73E23037009234370132393E7AE
:10AA9000FF2303700D23437080238DE708B510B9A1
:10AAA0006FF0150008BDFFF76CFF0028F8D00020FC
:10AAB000F8E710B50C4648B141B1FFF728FF002870
:10AAC00020700CBF6FF02200002010BD6FF0150049
:10AAD000FBE7F8B5941C0C446343B3F5004FA8BFE3
:10AAE0004FF0FF330E4610F00301054617469CB2A7
:10AAF00003D0B0211420F6F74DFAB4F5004F01D978
:10AB0000B121F7E714220430FFF70AFDEF746C80DF
:10AB10002E80F8BD38B50388C48805898B42C4F3FC
:10AB20000E0203D2D1211420F6F734FA84EA050389
:10AB3000C3F30E030BB9AC4206D102F11803012294
:10AB4000C1528274184438BD1846FCE702310144F2
:10AB50004A43B2F5004FA8BF4FF0FF3290B21B300E
:10AB600020F00300B0F5004F34BF00B24FF0FF30CB
:10AB7000704740881B3020F00300B0F5004F34BF11
:10AB800000B24FF0FF3080B2704738B503888B4277
:10AB900003D2F7211420F6F7FDF9857C65B1C3884F
:10ABA000C3F30E031833C25A8A4207D3C152811D20
:10ABB000F6F77EFB00238374284638BD0025FBE7AB
:10ABC0000346F0B59E88DD88B4B2A54200F11800B6
:10ABD000C6F30E0616D05F89DD7C845B3D440235EA
:10ABE0003544E41B28440D88A4B2A54288BF0C80DC
:10ABF0005989B1FA81F14FEA511188BF2546117088
:10AC0000DD81F0BD00252846FAE7F8B58288C389C2
:10AC1000002604460D4692B20E60CBB1C2F30E027E
:10AC20004189183287180B44825A9BB29342438160
:10AC300004D94FF4A2711420F6F7ACF904D1011D28
:10AC4000F6F736FB46812F600023E3810120F8BD33
:10AC50001846FCE7838802899BB29A42014602D0DB
:10AC60000831F6F725BB70478388C0889BB2C31AAA
:10AC7000584258417047828873B5C48895B2AC4237
:10AC8000C2F30E0202F1180212D04189C689835A1A
:10AC9000314499420EDB0DF10601ADF80650F6F78E
:10ACA00007FBBDF80600001B18BF012002B070BDF5
:10ACB0000020FBE70120F9E770B5C488068984EA23
:10ACC0000602C2F30E020346C4F30E0518300AB999
:10ACD000B4420FD19C891A880CB1465B921B9142F9
:10ACE00007DCDA7C2C440232224410440A461A82E1
:10ACF00070BD00221046FAE7F8B5038A002B38D061
:10AD00008B4236D3C488858900F11803C4F30E043E
:10AD10001E1995B91D55757085891E5B0D44ADB220
:10AD2000314485811953D2B1811DF6F7C1FA002350
:10AD30008381002303820120F8BD1E5BAE4204D054
:10AD40004FF4F6711420F6F725F9C57C878A26445E
:10AD5000023535445E195F53857DB570DCE7C27CF2
:10AD6000254402322A4499189B5A83828B78837532
:10AD7000DFE70020E0E78388C2889BB29A4206D0D2
:10AD8000428922B9C3F30E031833184470470020D8
:10AD90007047C37C0233C81870470230704738B51B
:10ADA0008388C2889BB29A4207D045892DB9011D7C
:10ADB000F6F77EFAC581012038BD0020FCE7038844
:10ADC0001380C388C3F30E03183303440B608089D8
:10ADD00070470368002223B9C0E90132031D0360F4
:10ADE000704759681B680A44F5E7072970B50346A0
:10ADF00004D84FF4EC711520F6F7CCF80068C0B118
:10AE000044681A688C42064610D0106860B901F197
:10AE10000805AC420DD3546850501868651A541890
:10AE200000686560505002E01346E9E714681C6052
:10AE3000304670BD0023C1E9003203680B60016039
:10AE4000704730B590B18478B1FBF4F304FB131371
:10AE500000EB430252898A4201D1D8B230BDC27898
:10AE600022B900F10803D0B2844201D8FF20F5E7EF
:10AE700033F8025F8D4202F10102F4D1EEE78278ED
:10AE8000038805324B4303EB42031844704737B540
:10AE90000024CDE9004405468DF806006846ADF86B
:10AEA0000440F6F7DDFBBDF8044008B103B030BD47
:10AEB00029462046F6F7B0FB0028EFD040F23521B6
:10AEC0001720F6F767F870B50D4609211E46FFF703
:10AED0003DFE3246044609212846FFF737FE40EA88
:10AEE00004031B0454BF00194FF0FF3070BD012351
:10AEF0000370704710B5FF238B70C2F380035B00B3
:10AF0000DBB2CA180124127D032A08BF0133CA1814
:10AF1000147503F10C0401EB8303002221F81420C3
:10AF20005B688A700360828010BDF8B50C4684F0BF
:10AF300001046400054611461E46E4B2FF238370F7
:10AF400003191B7D012B06D0631CDCB250FA83F37E
:10AF50001B7D012B0AD105EB44073B8B3A8C9819DA
:10AF6000904205DD2C4400233B8323750020F8BD6F
:10AF700005EB8404324660681844FFF711FB3B8BF5
:10AF80001E443E830023AB700120F0E781F00101F5
:10AF9000490010B5C9B2FF23837043181C7D012CF2
:10AFA00007D10C3120F8112002221A75002383707A
:10AFB00010BD0131CBB250FA81F10C7D012C05D1CD
:10AFC0000C3320F8132002230B75EFE74FF499712F
:10AFD0000920F5F7DFFF30B50246837803F0FF0064
:10AFE000F3B9137D022B19D0537D022B15D10346E3
:10AFF000012089B1D5180C3300242C7522F8134098
:10B00000131803241C7502EB80035B680B6000F1CE
:10B010000C0332F813308B80012030BD0123E8E7A8
:10B020000020FAE730B50346827802F0FF00E2B96B
:10B030009A7D022A17D0DC7D022C13D1032281B124
:10B040001D190C340020287523F8140098180324C7
:10B05000047503EB82000C32406833F8123008604C
:10B060008B80012030BD0324E9E70020FAE7037D4F
:10B07000012B01D1008B7047437D012B0CBF408B0E
:10B0800000207047837D012B01D1808B7047C37DE9
:10B09000012B0CBFC08B00207047027D022A01D11A
:10B0A000008B7047437D022B01D1408B7047032AF0
:10B0B000F6D0032BF9D000207047827D022A01D1FF
:10B0C000808B7047C37D022B01D1C08B7047032A50
:10B0D000F6D0032BF9D000207047F6F7B1BBF6F796
:10B0E00011BC07B50023CDE9003301238DF80630EC
:10B0F0006846F6F7B5FA08B1002004E0009801F0C0
:10B100006FFF0028F4D003B05DF804FB1FB50022E8
:10B11000009240F6881303A9FCF798FA05B05DF891
:10B1200004FB10B5044638B1F7F73AFD24EA0000F5
:10B13000B0FA80F0400910BD0120FCE72DE9F04194
:10B140000F46B0F85E60B0F8605001F028FE0221B2
:10B15000044600F080FE02218046204600F07BFE7F
:10B16000464528BF4646B6B21B2E38BF1B26FB2ECF
:10B1700028BFFB26854228BF0546ADB21B2D38BF30
:10B180001B25FB2D28BFFB25B4F5A47F38BF4FF44A
:10B19000A47440F648039C4228BF1C467E80FD8074
:10B1A000BC803C81BDE8F0812DE9F04186B00546C8
:10B1B00002A9008800F073FE0446002870D1029AAC
:10B1C00092F85031D91E4B424B418DF8063013682E
:10B1D00098064ABF9DF80630234683F001038DF898
:10B1E000073092F862309B0603D49DF80730002B9D
:10B1F0005CD0EB881B3B9BB2E02B59D82989A1F589
:10B20000A4739BB244F24810834251D86B881B3B15
:10B210009BB2E02B4CD8AA88A2F5A4739BB28342C0
:10B2200046D840F64807B94244D8BA4242D8029EAE
:10B230004FF0FF0886F823819DF80630A3BB03A9D1
:10B2400006F1A800FFF77AFF6A88BDF81230BDF852
:10B250001410E888934228BF1346A6F82831BDF899
:10B260000E30AA88B94228BF3946834228BF034618
:10B27000A6F82431BDF810302889BB4228BF3B46D0
:10B28000834228BF03468A42A6F82631134628BFC8
:10B290000B46A6F82A3186F82281002386F823314E
:10B2A000204606B0BDE8F0813A24F6E71A24F7E715
:10B2B0001224F5E71124F3E710B5FFF712FF60B190
:10B2C000F7F7AAF8044601F0CEFF40B9204601F096
:10B2D000C6FF80F00100C0B210BD0120FCE70020D5
:10B2E000FAE7006890F8BA3123B1002380F8BA3148
:10B2F00001F06ABD704710B50378012B044601D9EF
:10B30000122010BDFFF7EDFE58B9207810F0FD00B7
:10B310000DD104F11703E21D611CBDE81040F7F7E1
:10B3200075BEF7F705FF0028EFD00C20E9E7A379F9
:10B3300003F0C003C02BE3D10120EAE710B5037886
:10B34000012B04460DD8FFF7CCFE60B9214611F859
:10B35000010B00F0FD00003818BF012000F01EFDB9
:10B3600038B9122010BDF7F7E3FE0028EED00C200C
:10B37000F8E70020F6E708B50088F7F7DFFE0028B9
:10B380000CBF3020002008BD38B50546FFF7A9FEE8
:10B39000044638B92878003818BF0120F7F7C2FEF4
:10B3A000204638BD0C20FCE708B5FFF79AFE18B917
:10B3B000F7F7A8FE002008BDF7F7BAFE0028F7D07F
:10B3C0000C20F8E708230370002070471122027058
:10B3D00041F23903C2705922A0F801308280C38043
:10B3E0000020704708B50821F6F760FA002008BD74
:10B3F00073B50646008808800C4680B201A900F0AB
:10B400004EFD054640B9B3784BB9019B93F91C0139
:10B41000A070FAF7F3FFA070284602B070BD7F203D
:10B42000FFF774FEF4E710B504466FF07F00FFF7F6
:10B430006DFEFAF7E3FF20707F20FFF767FEFAF753
:10B44000DDFF6070002010BD08B50A46072300F13B
:10B450001001FEF7C3FE002008BD10B501460446EA
:10B460000020F7F743FC08B92060A080002010BD41
:10B4700010B50446F7F764FB28B900202146F7F71A
:10B480001DFC002010BDFFF717FF0028F5D10C2090
:10B49000F8E710B50446FFF70FFF28B10120214659
:10B4A000F7F70CFC002010BD0C20FCE7FFF77CBE7A
:10B4B0001FB502880A80838844F290218B4215D8F8
:10B4C00040F648018B42ADF804204288ADF80620D2
:10B4D00028BF0B4601A8ADF80830ADF80A20ADF83A
:10B4E0000C30FFF761FE05B05DF804FB1220FAE7AF
:10B4F00037B508800D4601A900F0D1FC044620B9FB
:10B5000001982946A830FFF719FE204603B030BD48
:10B5100010B503466FF004040020482108221C7077
:10B5200058709970DA701C7158719971DA7110BD88
:10B5300010B50446FFF7D5FD78B92146E27911F838
:10B54000010B00F0FD00003818BF0120F7F7BAFE2C
:10B5500080F001004000C0B210BDF7F7E9FD0028FF
:10B56000EBD00C20F8E713B5008808800C4680B2B9
:10B5700001A900F094FCC8B9019B83F8160193F867
:10B580001421012A06D0022A04D04FF43F7106206C
:10B59000F5F700FDA27093F81521012A01D0022AC7
:10B5A000F3D1E27093F81621002AE6D102B010BD63
:10B5B0001FB5044603A9008800F071FC38B9A388C0
:10B5C000022B14D8E078FFF7ACFD10B9112004B0BD
:10B5D00010BDA078FFF7A5FD0028F7D00123009348
:10B5E000A388E278A17803A800F0ACF9EFE7122075
:10B5F000EDE737B58378C178027903F0010451EAA9
:10B60000040503F002031DD052EA03051AD0002CF2
:10B6100018BF0021002B18BF00228DF803200378EB
:10B6200042788DF8021043EA0223ADF800304379E6
:10B630008279684643EA0223ADF80430FFF7B8FF89
:10B6400003B030BD1120FBE713B50C4601A900F093
:10B6500026FC18B9019BDB880133238002B010BDA2
:10B6600007B5008801A900F033FC30B9019B93F8BD
:10B67000332112B9FF2283F8332103B05DF804FBB4
:10B6800010B50446F7F786FA20606160002010BD0F
:10B6900037B50446F6F7C0FE23781F2B054618D8A9
:10B6A000816A04226846FFF725FC2246A86A12F840
:10B6B000013B0021FFF739FC68B1AC6A2046FFF777
:10B6C000E1FC002102462046FFF760FC002003B0A9
:10B6D00030BD1220FBE70720F9E737B50446F6F73F
:10B6E0009BFE23781F2B054618D8816A00226846E6
:10B6F000FFF700FC2246A86A12F8013B0121FFF780
:10B7000014FC68B1AC6A2046FFF7B1FC0121024687
:10B710002046FFF73BFC002003B030BD1220FBE7C2
:10B720000720F9E710B5044634F8020B0880002121
:10B7300080B2F5F75BFF20B12146BDE8104001F073
:10B740005DBF022010BD008808B50880002180B2CE
:10B75000F5F74CFF20B1BDE80840002101F04EBFD5
:10B76000022008BD13B5008808800C4680B201A9EC
:10B7700000F095FB10B9019B9B8F638002B010BD58
:10B7800037B503880B80044698B2638813B912203A
:10B7900003B030BD01A900F082FB0028F8D1658814
:10B7A000019B42F21072A9B2D3F8C4405143B3F8DE
:10B7B000DA206243B3F8CC4004FB02229142E6D384
:10B7C000D3F8C420D3F8C4409442F9D100225A637C
:10B7D000621E0A449D87B2FBF4F29A63D8E710B563
:10B7E0000C460021F5F702FF90B1022C12D804F0AC
:10B7F0000102C4F3400480F8BC2180F8BB4112B1BF
:10B8000090F8BA310BB9002010BD01F0DDFAFAE76B
:10B810000220F9E71220F7E710B504460078FF2868
:10B820000AD00121F5F7E2FE58B16378A27843EA25
:10B830000223C383002010BDB4F80100F9F796F984
:10B84000F8E74220F7E708B50078003818BF012074
:10B85000F9F790F8002008BD0620F7F78FB9082007
:10B86000F7F78CB901F0F4BE10B5044604B910BD69
:10B87000236898476468F9E703680BB9016070476B
:10B880001A465B6813B18A42FAD170478A4218BFE0
:10B890005160704708B5F9F773FDF9F75DF8BDE839
:10B8A0000840F9F755BD08B50020FFF7F0FAF5F7A5
:10B8B00061FFF7F7BDF9F6F717FC20B140F243112D
:10B8C0009320F5F767FB08BD08B5F9F715F8F9F708
:10B8D0002DFD20B140F263119320F5F75BFBBDE82D
:10B8E00008400120FFF7D3BA08B5FFF7EDFF01F0DC
:10B8F00071FE20B14FF4BC719320F5F74BFB08BDEE
:10B90000FCF74CBB0B46892203F8032BD0F8092027
:10B91000C1F80320427B1A71704738B50D460446C2
:10B92000F7F73EF92B78002B08BF034684F8683000
:10B930006B78002B08BF034684F869306B88A4F845
:10B940006A3038BD2DE9F7430468994694F86330AE
:10B9500094F80F8043EAD303DB070F46164602D460
:10B96000B8F1250F36D16FBBF7F71AF90546BEBB04
:10B97000F7F716F945BBB8F1250F2ED10020054683
:10B98000FF2384F82D3194F82C3103F0FF08F3B92C
:10B990009DF8283084F82F0184F82C3184F82E513A
:10B9A00001A904F1A8008DF804708DF80560ADF8C8
:10B9B0000690FFF7B2FF002384F82D31404603B014
:10B9C000BDE8F0833D46D2E70028D4D0D8E74FF059
:10B9D0003A08F0E74FF01A08F0E74FF00908EDE7F2
:10B9E000002DC8D03046CBE738B5036893F82C312A
:10B9F000012B04460D4602D11E21F7F7F3F8236808
:10BA0000002083F82C0165B1182283F899200822C0
:10BA10009A7393F84A3093B940F25B41AE20F5F740
:10BA2000B9FADA7B233A072A03D8DD73204600F0FF
:10BA3000F5FD20461821BDE8384000F00EBE38BDA7
:10BA400008B503689A7B22B14FF4E671AE20F5F792
:10BA5000A1FA23229A7308BD034610F0010002BF29
:10BA6000C3F340035B00D8B270472DE9F84F074697
:10BA700010461E46FFF7F0FF83460846FFF7ECFF2F
:10BA800042EA01044BEA04040443E4B2003C0A9D88
:10BA900088469246814618BF0124F7F781F810EADC
:10BAA0000A0A18BFDA46F7F77BF897F8143110EA5C
:10BAB000080118BF4946534508BF4FF0000A85F8F2
:10BAC00000A097F815318B4208BF002169705AEA2F
:10BAD00001010AD1FB88013EF61AB6B247F6FD73A2
:10BAE0009E428CBF002404F001042046BDE8F88F7C
:10BAF000F7B50468E57BA5F12303072B06464FD96C
:10BB0000002D4BD1A37B282B4AD04B7813F0070391
:10BB10003DD08A7812F0070239D084F80C31252301
:10BB200084F80D21E37394F82D31F3B994F82C3196
:10BB3000012B1AD094F80C7194F8150194F8101197
:10BB400094F81121B4F81231874214D194F80D7190
:10BB500094F8140187420ED1022084F82C0184F855
:10BB60002E1184F82F21A4F83031304600F04CFD1E
:10BB7000284603B0F0BD022000903046FFF7E2FEF9
:10BB80000028F2D04FF46671AE20F5F703FA097879
:10BB9000304603B0BDE8F04000F05FBD0125E7E7A7
:10BBA0002025E5E72DE9F04F056895F80EB0ABF1DB
:10BBB0002403D3F1000848EB0308052A87B00446A4
:10BBC00070D1EB7B262B73D10F358A784F78039297
:10BBD00007F0070902F0070A09F1FF330AF1FF3005
:10BBE00003EA090300EA0A00034366D1B1F80360DF
:10BBF000F6F7D6FF039A174307F0070787435CD190
:10BC00005046FFF729FF2768A8B197F814319842EA
:10BC100011D097F82E211AEA020F4ED0BBF1240F53
:10BC200009D097F80D211AEA020F04D1022870D129
:10BC3000013B012B71D84846FFF70EFF40B197F842
:10BC40001531834204D097F82F3119EA030F34D00D
:10BC500005AB00933846334652464946FFF705FF89
:10BC60002368074678BB93F82C21012A28D1014686
:10BC70002046F6F7B7FF236883F82C712F702368EE
:10BC800003F10F02954201D10022DA73236803F118
:10BC90000F02954237D1204600F0C0FC002007B0CB
:10BCA000BDE8F08F414607B0BDE8F04FFFF79CBEFE
:10BCB000BBF1240F2BD10E3587E741462046F2E732
:10BCC00083F82C01DBE7DA88A3F86C62013EB61A30
:10BCD000B6B247F6FD72964206D9282283F8312083
:10BCE0002046F7F737FFD1E7DA7B0C2A02D0093A72
:10BCF000012A01D82A22F1E7BDF81420A3F86E2208
:10BD000028232B70C2E7002283F84A20C6E70220CE
:10BD1000C5E7012B8FD0022BCFD04FF4DD71062069
:10BD2000F5F738F908B50368DA7B252A05D022B182
:10BD300040F2D351AE20F5F72DF92622DA7308BD73
:10BD4000F6F776BF704730B542401C7808785D78CA
:10BD500060404C786C4020449D788C786C40204446
:10BD6000DD78CC786C4020441D790C795B79497979
:10BD70006C4020444B4018441044B0FA80F0400915
:10BD800030BD024600200139C9B2FF2900D17047F9
:10BD9000535C83F001030344D8B2F4E708B5F6F727
:10BDA000CBFF082807D0F6F7E9FF082803D0F6F7FD
:10BDB000FBFF012008BD0020FCE708B5F6F7BCFF3B
:10BDC000082803D0BDE80840F6F7D8BF08BD08B57D
:10BDD00001F04BFC18B1BDE80840FAF7D3BB0820CE
:10BDE00008BD01440023884203D1B3FA83F040091F
:10BDF000704710F8012B1343F5E7F8B5D0E9047646
:10BE000005460C46FDF7E0FA18B952212920F5F74E
:10BE1000C1F8E4B1D5E90423D21B63EB0603012A80
:10BE200073F100014FF0000113DB6FF0010090424D
:10BE3000994101DA5C21E9E7631E1344B3FBF4F393
:10BE40005C43E41946F10006C5E904461C46204659
:10BE5000F8BD0C46FBE7022905D13C2808D9801023
:10BE60000F3880B27047702802D9C0100E38F8E73A
:10BE700000207047012908B5034605D002290BD0E0
:10BE8000E7212920F5F786F840F6C41040F2E24297
:10BE9000002B08BF104608BD40F6C410FBE710B5E4
:10BEA0000C460021F5F7A2FB2060B0FA80F04009B3
:10BEB000400010BD0368587BC0B293F830302BB9F6
:10BEC00000F0FB00003818BF0120704700207047C9
:10BED00010B50C46FFF7E3FF38B92046FFF7EAFF3D
:10BEE00080F001004000C0B210BD0220FCE738B570
:10BEF0004FF4267204460D460021FEF711FB6FF049
:10BF0000360284F86320042284F864206FF03B0238
:10BF100084F865206F2284F86620032284F8672065
:10BF2000002284F868206FF07F0284F869202B22B9
:10BF300084F86220FE22012384F89E207F22A375CC
:10BF4000E27284F8A830A4F8AA5038BDC2B292FABE
:10BF5000A2F2030A93FAA3F31B0E100E40EA032089
:10BF6000704770B50131C9B20530002210F8013FA9
:10BF70008B4216D310F8054C0023012505FA03F671
:10BF800026421CBF01F1FF31C9B269B10133082B50
:10BF9000F4D10132D2B2052AE8D19B214620F4F730
:10BFA000F9FFC91AC9B2F4E703EBC200C0B270BD11
:10BFB0000B6870B5C0F801300B7903F01F034371B3
:10BFC00000230446C3720546461D15F8010F00F014
:10BFD00002FB6871E37AB5421844E072F5D170BD96
:10BFE00070B581EA11418CB20546C17A032682EA16
:10BFF0000400FFF7ABFF013E00EB0010221816F023
:10C00000FF0690B2F5D144402522B4FBF2F302FBC7
:10C010001343C3F3C4022A44D8B2567803F007038B
:10C02000012202FA03F31E4207D161432846C1F3FD
:10C030000741BDE87040FFF794BF70BDF8B590F8B8
:10C0400021506B1E242B044603D9E1214620F4F72E
:10C05000A1FFDAB1807D002843D194F8233094F811
:10C06000221002FB01322523B2FBF3F103FB112363
:10C07000DBB204EBD30284F82330D17D03F0070652
:10C080000122B240114202D084F82430F8BDB3FB43
:10C09000F5F205FB1233013303F0FF0304F11B013A
:10C0A00011F8012F9A4219D311F8055C00220126DC
:10C0B00006FA02F72F4208D0013B13F0FF0304D128
:10C0C00002EBC00284F82420E0E70132082AEFD115
:10C0D0000130C0B20528E3D1D721B7E79B1ADBB204
:10C0E000F6E7E288096A04F11600FFF779FF84F8A1
:10C0F0002400CBE70378890123F0400301F04001DD
:10C100000B4303707047037803F07F0343EAC113C6
:10C11000037070471F2A38B50546144603D9A82175
:10C120002A20F4F737FF09300634FEF739FA6C702D
:10C1300038BD1F2A38B50546144603D9CA212A201E
:10C14000F4F728FF09300634FEF72AFA6C7038BD80
:10C15000037803F00F03032B02463ED0052B42D198
:10C16000C37F90F82000034392F82100034392F824
:10C170002200034392F8230000F01F00184333D03D
:10C180005378222B2FD1B2F81930B1B1B3F5506FDB
:10C1900013D940F607518B4225D8B2F81B30B3F5BE
:10C1A000FA7F20D2B2F81D000A3880B240F67643FA
:10C1B00098428CBF002001207047991F89B240F639
:10C1C0007A4081420FD8917D481E07280BD89942AA
:10C1D00009D2B2F817109942DEE74078A0F10C03BB
:10C1E000584258417047002070478388A1B1B3F589
:10C1F000506F11D940F6075293421BD8C388B3F54C
:10C20000FA7F17D200890A3880B240F67643984206
:10C210008CBF0020012070479A420BD8B3F5486FBD
:10C2200008D84278511E072904D89A4202D242887F
:10C230009A42E2E7002070472DE9F3470E4601A934
:10C2400014469946FFF72BFE054618B9019F2CB9F5
:10C2500001237B75012002B0BDE8F087D7F8BC80D0
:10C2600021464046FEF756FC824608B90020F2E718
:10C27000F6F7ECF88442F9D851464046FEF789FDBE
:10C280007B7DA0F80150002B18BF0226494600F81C
:10C29000036B2246FEF784F921464046FEF775FC03
:10C2A00018B983212B20F4F775FE01A8FFF719F8C0
:10C2B000019BA3F8B2517D75CCE74378C3F301111C
:10C2C000012910B502460ED0022915D0047803F0DA
:10C2D0000F00131D5288022144EA0020FFF7ACFF33
:10C2E00038B1012010BD047803F00F00131D5288EF
:10C2F000F2E7F7F72BFAF4E70020F3E71A230B70C5
:10C3000001234B708B707047F7F7F8B810B521B95F
:10C3100040F2A9211020F4F73DFE4A600B72EFF3C2
:10C32000108472B6031D0B6042681AB1127A012A9A
:10C3300008BF036003681960016004B962B6BDE814
:10C340001040F7F725B90222F7F7EEB90322F7F705
:10C35000EBB90422F7F7E8B90222F7F729BA8D23DF
:10C360000B7030F8953CA1F8033030F8573CA1F839
:10C37000053030F8533CA1F8073030F8553CA1F8AF
:10C38000093030F8513CA1F80B307047012908B54D
:10C3900003D10E30C00080B208BD022902D10F3097
:10C3A0008000F8E74FF40C710620F4F7F3FD30B588
:10C3B00087B004460D46F6F74FF880B334F89E4C2C
:10C3C00069462046FFF794F818B1FB212C20F4F7BA
:10C3D000E1FDBDF80630ADF80E30BDF80830ADF81F
:10C3E0001030BDF80230ADF8123003A8BDF80430AB
:10C3F000ADF80C40ADF81430FFF758F810B14FF419
:10C400008271E3E7ADF80C009DF80C30002063F377
:10C4100007009DF80D3063F30F2007B030BD2B46A9
:10C420008E2203F8032BD4F80920C5F80320D4F892
:10C430000D205A60B4F811201A810423ADF80C3095
:10C44000E2E740687047C08A704710B58A880B8958
:10C45000CC884988A0F85410A0F85840A0F856207D
:10C46000A0F85A3010BD8383BDF8003001834283A9
:10C47000C3837047034670B5B3F84C10B3F8582027
:10C48000B3F85A40B3F84850B0F84260B0F84600EC
:10C49000914228BF1146B3F85020A3F84210A2429F
:10C4A00028BF2246B3F84A40A3F84620944238BF3A
:10C4B00014468D4238BF0D468E42A3F84850A3F86B
:10C4C0004A4021D1801A18BF0120B3F84E10B3F8AA
:10C4D0005420B3F85660B3F84050B3F8444091424A
:10C4E00028BF1146B3F85220A3F84010B24228BF2B
:10C4F00032468D42A3F8442008D1944218BF40F040
:10C50000010000F0010070BD0120DEE70120F8E726
:10C5100038B5C58B438C04469D42007A28BF1D4622
:10C52000FFF734FF6389AB4228BF2B46984238BFE0
:10C53000184680B238BD2DE9F04106460F46808985
:10C54000194698461446FFF721FF414605463046F6
:10C55000FFF7DEFF854228BF05469DF81810B08A18
:10C56000FFF714FFF38A834228BF0346ADB2A01D34
:10C5700015FA83F338441844BDE8F08107B590F804
:10C580006D30009390F86C30002296213430FFF724
:10C59000D2FF03B05DF804FB38B50D4619461446CA
:10C5A000FFF7ECFF96342044A84294BF281A0020DD
:10C5B00038BD38B50D4611460446FFF7DFFF284465
:10C5C000A06338BD01F19C0383423DBF9C38401AF3
:10C5D00040080020704700F05503400800F0550067
:10C5E000034403F033009B0803F03303034403F0D8
:10C5F0000F0000EB13107047036800229A7383F852
:10C600004A20A3F84620704703680022A3F84E2072
:10C6100093F85020013283F85020704708B5026823
:10C6200092F85030013B5BB2002B82F8503003DAB5
:10C6300052214A20F4F7AEFC08BDA0F10903042BF7
:10C6400009D9A0F14603012B05D9233807288CBF4F
:10C65000002001207047012070470268136810B560
:10C6600013F0080408D143F00803136082F898100F
:10C67000FFF7CAFF204610BD0120FCE730F8023C5E
:10C68000F7B5B0F8827005460E4673B101226846D0
:10C690008DF80020ADF80170ADF80330F5F770FFAC
:10C6A00018B195216320F4F775FC832300243370BF
:10C6B000B470A6F803706B7AD5F898007371FEF722
:10C6C000D3FA08B9BA21EDE721463846F4F7A4FFBA
:10C6D0004FF4017303F00402204662F307001B0AC3
:10C6E00063F30F2003B0F0BD03681A7C063A012AF9
:10C6F00081BF4A785A7406221A7400207047026873
:10C70000137C063B012B84BF07231374704770B55D
:10C710000268D57BE5B9CB88D688A2F86C32013B9C
:10C720009B1B9BB247F6FD76B34206D9282382F8BD
:10C730003130F7F70FFA284670BDD1F80130C2F852
:10C740006E324B7982F8723203680922DA73F2E7AB
:10C750000125F0E70B46822203F8032BD0F80920CD
:10C76000C1F80320D0F80D205A60427C1A720023D1
:10C77000CB70704770B50368DD7B06460C46002D14
:10C780003CD1062229462046FFF72FFD28B9217803
:10C790003046BDE87040FFF760BF32686389D188DA
:10C7A000A2F86C32013B5B1A9BB247F6FD718B42DB
:10C7B00007D9282382F831303046F7F7CBF92846DD
:10C7C00070BDA38840F2E2414B43C2F874326378F3
:10C7D000C3EB431003EB800303EB83035B00A2F87E
:10C7E0006E3263884B43C2F87032E388A2F8783225
:10C7F0002389A2F87A320C23D373E0E70125DEE720
:10C800000B46842203F8022BD0F80920C1F802203D
:10C81000D0F80D205A6070470B46852203F8022B92
:10C82000D0F80920C1F80220B0F80D209A80704796
:10C8300038B50368DC7B054634B1103C0F2C8CBF47
:10C8400001240824204638BD1B7D002BFAD0FFF7B9
:10C85000DBFE2B681022DA73F4E708B50368DA7B95
:10C86000152A04D040F253211F20F4F793FB012234
:10C8700083F851201722DA7308BD0368DA7B112A86
:10C8800003BF12220020DA730220704710B503683C
:10C89000DB7B1B2B044606D1FFF7C0FE23681F225B
:10C8A000DA73002010BD0220FCE708B50368DA7BCC
:10C8B000102A04D040F27E211F20F4F76BFB0122E6
:10C8C00083F851201122DA7308BD08B50368DA7BBA
:10C8D000172A04D040F28A211F20F4F75BFB1B22A9
:10C8E000DA7308BD3E230B700C234B7004238B704E
:10C8F000D0F80930C1F80330D0F80D30C1F8073056
:10C90000B0F81130A1F80B30C37C4B73704708B5F9
:10C9100003689A7B1AB1CF211C20F4F73BFB042259
:10C920009A7308BD026808B51368D90703D4DD21DE
:10C930001C20F4F72FFB23F001031360BDE808402F
:10C94000FFF76CBE87230B7030F88C3C4B80704730
:10C9500003689A7B0E2A01BF002283F83E2083F8E9
:10C960004A209A730020704738B505682B6813F089
:10C97000040407D1FFF748FE2B6843F004032B6043
:10C98000204638BD0120FCE70268136823F0040349
:10C990001360FFF743BE08B503689A7B1AB1722192
:10C9A0004B20F4F7F7FA0E229A7308BD10B5D0E9C0
:10C9B0000D42A24206D38B8C498E05334B43121B8A
:10C9C000934202D3012380F83E3010BD0C230B703C
:10C9D00008234B7000238B70B0F85630A1F8033059
:10C9E000437A4B714389CB8083890B81704710B5A3
:10C9F000046894F853309A070CD4A37B1BB17721B9
:10CA00004020F4F7C7FA0122A27384F84A20A4F860
:10CA1000463010BD23689B0705D5FFF7FFFD23684F
:10CA200023F002032360002384F83231F1E710B5CC
:10CA30000B794C790A68012843EA042108BF41F4C4
:10CA40008031104610BD07B5FFF7F1FF0DF1070269
:10CA5000F7F7AEFA03B05DF804FB07B5002301A8B1
:10CA60000193FAF7C3FD019810F0030018BF0120ED
:10CA700003B05DF804FB08B5FFF7EFFF002814BF13
:10CA80001420002008BD08B503689A7B1AB126213E
:10CA9000A320F4F77FFA20229A7308BDF7B5056842
:10CAA000AB7B203B022B06460C462BD8B1F8051079
:10CAB0001A2921D9B4F80730B3F5A47F1CD3B4F8F0
:10CAC00001201A2A18D9B4F80300B0F5A47F13D3B3
:10CAD000009005F1A80405F1DC00FFF7C4FC204636
:10CAE0003768FFF7C7FC18B107F23F10F6F782FE70
:10CAF00030680621F7F752FF002085F84A00A87336
:10CB000003B0F0BD0120FBE702681368D90610B539
:10CB1000044603D4B821A320F4F73CFA990601D5C2
:10CB2000B921F8E723F010031360FFF777FD2068C1
:10CB30000621BDE81040F7F731BF10B5FAF70CFB3E
:10CB40000446FFF798FF04F55F43BE304FF47A7256
:10CB50004133B3FBF2F3184410BD10B5044690F80E
:10CB60006D00FFF7EAFF012201462046BDE81040B4
:10CB7000FFF71FBD7FB5044618B9A5213020F4F793
:10CB800009FA052900F2B580DFE801F003AE2A2595
:10CB9000B3A990F80032C288A3B1B0F8FE31934235
:10CBA00008BFB0F8B4319A1AA0F8B621E380D4E9EE
:10CBB00090232046C4E99223F8F7E2FF94F84C3022
:10CBC00004B070BDB0F8FC319B1AA0F8B631B0F8D3
:10CBD000FC319BB2EAE704B0BDE87040FAF70CBA4A
:10CBE000FBF75CFAD4E99223801A61EB0301012878
:10CBF00071F1000302DA40F20161BFE76FF0010357
:10CC000083424FF000038B4102DA40F20261B5E744
:10CC1000D4F8C4300BB1B0FBF3F3E17BB4F8FE21E0
:10CC20000C2931D10132A4F8FE21B4F86232E58832
:10CC30000133A4F86232B4F842301D44B4F84030F5
:10CC4000013DED1AADB203AEB4F8FE116B1A180433
:10CC500034D4002300961A462046F7F751FA0128EB
:10CC6000AED1B4F8FE21B4F8B011BDF80C301344C5
:10CC7000521A12049BB204D5EA1A12F4004F18BFDC
:10CC80000B46A4F8FE31DFE7E1880B449BB2D11AD2
:10CC90000D044DBF0133013293B29BB2A4F8FE31B3
:10CCA00094F80132002BC0D1B4F8B431B4F8FE21AD
:10CCB000934204BF0133A4F8FE31B6E7A37C03948A
:10CCC000002B14BF08233E23304684F83130F6F79A
:10CCD00041FF204600F087FC0023637370E704B037
:10CCE000BDE87040FEF7FBB9437B042BF4D0C621AE
:10CCF00044E7CB2142E713B500234373A0F8603229
:10CD00001A46009319460446F7F7FAF920B140F2A3
:10CD1000E7113020F4F73EF901236373C4F8E8010A
:10CD2000C4F8E001A4F8FE01A4F8FC0184F80102B3
:10CD3000E388A4F86202013BE38002B010BDD0F8A2
:10CD4000E800704738B5044690F828319BB1FF23BE
:10CD500080F83031012100F09FFA94F8283153B166
:10CD600004F1C0052846FBF74FFA2846FBF760FAA6
:10CD7000002384F82831002038BD08B590F8302110
:10CD800042B990F8EC2042B1D0E93C31994202D945
:10CD9000F8F73AFC0022104608BD0122FBE710B567
:10CDA0000446FFF768FEE269636B9A4228BF1A46A1
:10CDB00000F5C1711046FFF705FC40F648039842A4
:10CDC00028BF184680B210BD7FB5044690F84C309D
:10CDD00003F0FF05002B58D1437B032B55D1FBF704
:10CDE0005DF9D4E99223801A61EB0301012871F106
:10CDF00000034ADB6FF00103834275EB010104DAA3
:10CE000040F2AA513020F4F7C5F8D4F8C420E388E2
:10CE10000AB1B0FBF2F2013313449BB2A4F8FC3127
:10CE2000B4F8FC21B4F8B4319B1A1BB2002B2CDDF2
:10CE300004F50270FBF7E8F938B3FF2384F80132F8
:10CE4000B4F84230E5881D44B4F84030013DED1A95
:10CE5000ADB20DF10E06B4F8FC31EB1A1B0414D47C
:10CE6000B4F8FC1100960023012289B22046F7F79E
:10CE700047F9012809D1B4F8FC31BDF80E2012FAA7
:10CE800083F39BB2A4F8FC31E5E704B070BD2DE953
:10CE900070430C461546E2B9F9F7E6FDD4E9468938
:10CEA000064684F8EC5084F82851D4F8E800F6F7E8
:10CEB00073FAD4F8E800C0E99289C0E99689C0F80D
:10CEC0006462FFF718FFF9F761FFBDE87043FCF7F4
:10CED000EDB940F2C3713020F4F75CF870B5044648
:10CEE00021B1012978D040F2D37172E000F007F946
:10CEF00094F8293105460E46DBB150EA010318D0FB
:10CF0000D4E93E32D4E94601C01A61EB020133464E
:10CF10002A46FDF7B1FA05FB01F300FB0633A5FB3A
:10CF200000021344D4E93E21121843EB0103C4E983
:10CF30003E23E08B30B1F6F777FCE38BB0FBF3F2E6
:10CF400002FB1300D4E93E32ED1846EB02062D1821
:10CF50004FF0000346F1000640F20242C4E93E569B
:10CF6000C4E9465684F80831A4F8102184F8293120
:10CF700094F8303103F0FF01DBB9D4E948026FF0D7
:10CF800000439A4208BFB0F1FF3F18D02046D4E9D1
:10CF9000465600F0A9F8D4E94832E5305B1B62EB55
:10CFA00006021B1A62F10002002A08DA2046F8F78E
:10CFB0002BFBF9F7EBFEBDE87040FCF777B904F501
:10CFC000847104F1C000FCF78BF90028F1D14FF413
:10CFD000E0613020F3F7DEFF002380F8EC30E8E773
:10CFE00090F82801003818BF012070470B468C22AA
:10CFF00003F8032BD0F80920C1F80320D0F80D2046
:10D000005A60704738B50B46882203F8032B0C464C
:10D0100000F10902293052F8041B43F8041B824234
:10D02000F9D112781A70A5880123A371002128462E
:10D03000F4F7DCFA58B1E3784BB100212846F4F755
:10D04000EBFA20B140F233212D20F3F7A3FF38BDD6
:10D050000121F8F76DB8FFF7FBBF90F872300BB104
:10D060000120704790F8AA2002F0FF03002AF7D1B0
:10D0700090F89C201846704737B504460D464FF48B
:10D080009C720021FDF74CFAFF2323701323638069
:10D0900042F21073E383F4F7A5FB00220146A0627D
:10D0A0006846FDF727FFA06A00220121FDF76EFF09
:10D0B000A16A68460422FDF71DFF0022A06A1146FE
:10D0C000FDF764FF04F12000A57403B0BDE8304013
:10D0D00000F019B9FF23886A0B70FDF708BF0078CC
:10D0E000FF3818BF0120704710B50446203000F00B
:10D0F00060F961882822F8F7B9FA6D3010BDD0E9DF
:10D10000020170472DE9F04F07460C4606460FCF47
:10D110008FB006AD0FC597E80F000DF1100885E838
:10D120000F00404600F0EFF8677894F8149094F8F8
:10D130000AA094F800B007F07F05B9F1010F2F465F
:10D1400007D0B9F1020F04D040F212310620F3F7F4
:10D1500021FF617A404600F0DDF8237D227F022B1B
:10D1600008BF617D02F1010206BF0131C9B2012190
:10D17000D2B2404600F0D0F815F0080360D1404626
:10D18000019300F016F928223946F8F76FFAE5788E
:10D19000019B00F52472207945EA0025607940F270
:10D1A000712145EA00454D43B2FBF1F24A43AA42E0
:10D1B0000AD9E079A57945EA0025207A45EA0045B3
:10D1C0004D43954228BF1546227E0393531E5A4273
:10D1D0005A41A17CB06A02910192FDF75EFFB06AEC
:10D1E000FDF76BFF039B019A02998DF818B0ADF81B
:10D1F0001A7008958DF828208DF82B108DF82CA02A
:10D200008DF81C90099306AF0FCF35460FC597E8F0
:10D210000F0085E80F0098E803003062B184E37ADC
:10D2200003F0FD03003B18BF012386F84F30E3688D
:10D230003365238AA6F8543000200FB0BDE8F08F84
:10D2400000252B46C0E74FF40043C38443881D2BC1
:10D2500008BF00214174704790F912007047408860
:10D2600000F0010070478078C0F34000704780787C
:10D27000C0F3C000704790F84830816181F8B33046
:10D28000D0F84930C1F8B430B0F84D30A1F8B8301A
:10D2900070477047F7F7BABC80F86810704782781B
:10D2A000034612F0010002D0D978C90710D59007C3
:10D2B00002D5D97889070AD512F0040008D0D878A9
:10D2C000C0F3800080F001008000C0B270470220EF
:10D2D0007047C0F34002C0F38003134400F0010024
:10D2E00018447047022808B507D0042807D0012841
:10D2F00007D039212E20F3F74DFE262008BD272028
:10D30000FCE72520FAE70023C0F802300123437030
:10D31000037070478170704710B54270017080785B
:10D320001446FFF7D6FF10FB01F010FB04F2FE2AB3
:10D3300003DD5C212E20F3F72DFE10BD0023C3700A
:10D3400043710371704710B50446FFF7A8FF637976
:10D3500062780133DBB29A4263710FD1E378A1782E
:10D360000343DBB29942E37008BF23794FF0000218
:10D3700008BF0133627104BFE2702371BDE8104041
:10D38000FFF7B0BF38B501468078FFF7A2FF04462B
:10D39000C8784D78FFF79DFF0A790B789B1A13FB2D
:10D3A00005F34A7913FB04F39B1A00FB1530C0B256
:10D3B00038BD08B501468078FFF78BFF4B780A78B7
:10D3C00013FB02F313FB00F0C0B208BD40F2EF20E4
:10D3D000704740F25A335843704738B513680E38D7
:10D3E00014460D469A7B09283ED8DFE800F0053D3B
:10D3F0003D3D0F3D183D3D27042A05D12046FFF74E
:10D40000FBF82046F6F714FD002038BD0E2AFBD1AC
:10D41000002220461146BDE83840FFF799BA202A7D
:10D42000F2D12046FFF7E8F8002DEDD0226892F8FF
:10D43000623023F0200382F86230E5E7DA7B262AA7
:10D44000E2D10025DD732046FFF7E8F8236893F862
:10D450002C31012B03D129462046F5F7C3FB236865
:10D46000002283F82C21CFE740F262213120F3F72C
:10D4700091FD08B50368DA7B172A04D040F27E518B
:10D480003120F3F787FD1D22DA7308BD08B590F847
:10D490009E30FE2B04D040F66F113120F3F77AFD59
:10D4A000002380F89E1080F89F3012B9A0F84E201B
:10D4B00008BDA0F84630012380F84A30F8E708B5E7
:10D4C0000368DA7B342A05D10022DA73BDE808400C
:10D4D000FFF7A4B8172A02D11D22DA7308BD40F263
:10D4E00093513120F3F756FD08B503689A7B082A5B
:10D4F0000AD193F8991093F8A020914204D1002208
:10D500009A7383F84A2008BD1A68110706D522F0DD
:10D5100008021A60BDE80840FFF780B84FF4AF6119
:10D520003120F3F737FD037D63B9C37BA3F10F020D
:10D53000032A07D990F8520028B11F2B8CBF002076
:10D540000120704701207047024600684978837BBC
:10D55000202B13D00AD8042B12D00E2B12D0C37B51
:10D56000262B0CBF1720FE20F8F73EBA2A2B03D03B
:10D570002C2B09D0242BF2D11620F5E71420F3E749
:10D580000E20F1E71220EFE72320EDE702460068C6
:10D590000B4690F8621041F0040180F8621099780F
:10D5A0005878F8F721BA38B50C460546D1E92F016D
:10D5B000F4F7CCF8637B3BB104F502742046FAF72C
:10D5C00023FE2046FAF734FE28460221BDE8384003
:10D5D000F4F722B80020704708B5F6F76FF9BDE8F8
:10D5E0000840F6F71DBB0022C281827490F84C30CF
:10D5F00013B10221F7F7D2B90321FBE738B504468E
:10D600000846E37B03F0FD0394F8682212B10C2571
:10D61000284638BD152BFAD194F8843203F0FF0563
:10D62000002BF4D191B194F8D63123B940F66C3186
:10D630003120F3F7AFFC052304F1800204F5E37118
:10D64000FCF7CCFD012384F86832E1E70223FAE716
:10D65000F6F7A8B908B5F9F7D5F9F8F7C1FFF8F763
:10D6600019FFBDE80840F9F7DBBD10B5C824F8F78D
:10D6700071FF022808D1013C14F0FF04F7D1062005
:10D68000F6F772F8204610BD431E58425841FAE79B
:10D690004FF08053D3F8A00000F0010070474FF026
:10D6A0008053D3F8A420D3F8A830511C9BB203D1E7
:10D6B0004FF6FF718B4203D00260838001207047D8
:10D6C000002070474FF0805330B5D3F89050D3F816
:10D6D0009440D3F89810D3F89C2005EA04030B403B
:10D6E000134001331FBF056044608160C2600CBFFE
:10D6F0000020012030BD4FF0805330B5D3F880506A
:10D70000D3F88440D3F88810D3F88C2005EA0403BA
:10D710000B40134001331FBF056044608160C2604D
:10D720000CBF0020012030BD10B5F9F7A5F9044663
:10D73000FAF700FE201841F1000110BD38B504468B
:10D740001546F8F7DBFF2A4601462046BDE838407B
:10D75000F9F7B8BA10B504460846F9F7FDFC4FF4DE
:10D760007A73B0FBF3F0201A10BD10B504460846DA
:10D77000F9F7F2FC023C00F2E7334FF47A72B3FBA4
:10D78000F2F3E01A10BD08B5FCF7DAFDBDE8084079
:10D79000FAF706B8801A00F3070038B540B20D4614
:10D7A00059B21446F9F7ECFF002328706B7020443F
:10D7B00040B238BD002303607047704700207047B7
:10D7C0004FF0FF3070474FF0FF30704770474FF019
:10D7D000FF3070470020704700207047002303701F
:10D7E00070479DF800300022FFF7D4BF4FF0FF30A4
:10D7F0007047002070474FF0FF3070474FF0FF3008
:10D8000070477047C0B208B520B94FF0804301227D
:10D810001A6008BD4D21B520FCF798FB0020FAF7EF
:10D8200017B84FF08043D3F8080400F001007047A8
:10D830004FF08043D3F8140400F0010070474FF01C
:10D840008043D3F81C0400F0030070474FF080427F
:10D85000D2F81834D2F81824C3F3004302F00302BC
:10D86000824214BF002003F0010070470020FAF745
:10D8700065B80020FAF790B80020F9F7E9BF70B555
:10D88000FCF7F0FA002405462646E0B2854200D8AF
:10D8900070BDFCF7EDFA0134068580F82A60F4E7E4
:10D8A000F8B5037904461BB11B219D20FCF74EFB04
:10D8B0004679017126B901234371217909B9617152
:10D8C000F8BD276826712046B84702280546F4D1DE
:10D8D00003212046B84708B12F21E6E723682946EF
:10D8E000204698470028E8D03021DEE7034600684C
:10D8F00000B970478842F9D102681A607047034640
:10D90000002018707047EFF3108272B6037801217F
:10D91000DBB2017002B962B6012B0CBF6FF02200BE
:10D9200000207047EFF3108372B60022027003B933
:10D9300062B600207047FCF7DDBCFCF725BDFCF7A4
:10D9400023BD00280CBF6FF0150000207047002099
:10D9500070470723037000207047002070470020A5
:10D960007047034611F8012B03F8012B002AF9D167
:10D970007047034613F8012B002AFBD1181A01380F
:10D9800070472DE9F0478C468E46089E15460446A2
:10D990001946002B40F0D080724547D9B2FA82F781
:10D9A0004FB1C7F120030EFA07FC20FA03F3BD4084
:10D9B00043EA0C0CBC404FEA154EA8B2BCFBFEF883
:10D9C000230C0EFB18CC08FB00F943EA0C439945E5
:10D9D00028D9EB1808F1FF3204D2994502D9A8F1F1
:10D9E00002022B44A3EB0903A4B2B3FBFEFC0EFB23
:10D9F0001C330CFB00F044EA0344A04214D92C1958
:10DA00000CF1FF3304D2A04202D9ACF102032C4442
:10DA1000241A43EA02401EB1FC40002334607360C4
:10DA2000BDE8F0874246DDE76346F1E7002A79D09A
:10DA3000B2FA82F3002B3FD01946C1F1200302FA5B
:10DA400001F52EFA03F20EFA01FE20FA03F343EA7F
:10DA50000E034FEA154E00FA01F4B2FBFEFCAFB222
:10DA60000EFB1C201A0C0CFB07F842EA0042904502
:10DA70005AD9AA180CF1FF3004D2904502D9ACF162
:10DA800002002A44A2EB08029BB2B2FBFEFC0EFB92
:10DA90001C220CFB07F743EA02439F4246D9EB18CE
:10DAA0000CF1FF3204D29F4202D9ACF102022B44A6
:10DAB000DB1B42EA004202E0AEEB020301224FEA26
:10DAC000154EAFB2B3FBFEFC200C0EFB1C330CFB5F
:10DAD00007F840EA034398452AD9EB180CF1FF30C8
:10DAE00004D2984502D9ACF102002B44A3EB080301
:10DAF000A4B2B3FBFEFC0EFB1C330CFB07F744EA9D
:10DB00000344A74216D92C190CF1FF3304D2A742C3
:10DB100002D9ACF102032C44E41B43EA00400F4657
:10DB2000114678E71F2188E76046ABE76246BFE70A
:10DB30006046DBE76346EFE7734506D916B9002177
:10DB400008466DE7C6E9000EF9E7B3FA83F787B92F
:10DB5000734501D3824207D8841A6EEB0303012078
:10DB60009C461EB900215BE73846FAE7C6E9004C3F
:10DB7000F8E7C7F1200CBB4022FA0CF51D4320FA50
:10DB80000CF12EFA0CF30EFA07FE41EA0E014FEAF1
:10DB9000154900FA07F4B3FBF9F81FFA85FE09FBF3
:10DBA00018300B0C08FB0EFA43EA00439A4502FAC0
:10DBB00007F240D9EB1808F1FF3004D29A4502D998
:10DBC000A8F102002B44A3EB0A0389B2B3FBF9F8D6
:10DBD00009FB183308FB0EFE41EA03418E452CD9A0
:10DBE000691808F1FF3304D28E4502D9A8F1020367
:10DBF000294443EA0040A0FB0298A1EB0E014145F5
:10DC0000CE46434602D306D14C4504D2B9EB020EB0
:10DC100068EB05030138002EA4D0B4EB0E0261EBD3
:10DC2000030101FA0CFC22FA07F34CEA0303F94062
:10DC3000C6E9003196E74046C5E74346D9E700000C
:10DC4000F0B5002285B0114602AF40F6034006F061
:10DC5000E3F9044600285BD105F0B0FF21463A1DE8
:10DC600041F2030006F0D8F90446002850D17A6842
:10DC7000294DD168D1F80100D1F8051005F17803DC
:10DC800003C3104605F062F921463A1D41F2010036
:10DC900006F0C2F9044600283AD17868C3685A7879
:10DCA00085F870205A88A5F872201A7985F87120B5
:10DCB000B3F80720A5F87420B3F80530A5F876303E
:10DCC00005F044F921463A1D41F2020006F0A4F99C
:10DCD0000446E8B9D7F804C0DCF80C2005F180064A
:10DCE000531C413218685968344603C408339342C0
:10DCF0002646F7D1604605F029F995F87C305A069A
:10DD000010D4064A0648012115F04FFC6FF01204AA
:10DD100020460C37BD46F0BD402100201EAE02005B
:10DD2000CC7E02003A1D002142F2030006F074F995
:10DD300004460028ECD17A68A94BD168D1F80100DB
:10DD4000D1F8051003C3104605F000F921463A1D2D
:10DD500042F2020006F060F904460028D8D17E683D
:10DD6000F468B4F801309AB292B1E27882B1A5F8C1
:10DD7000FC30E378032B06D00322009299489A4A9C
:10DD8000022115F030F9E2789848114618F0BEFBF0
:10DD9000304605F0DBF895F87C601F2316F020066E
:10DDA000A5F8103119D14FF0FF304FF0FF3105F0D9
:10DDB0002DFF0446002800F0BE8102210C3015F032
:10DDC0008CFA0123037046702146324640F66D40BE
:10DDD00006F022F9044600289AD195F89C301B07DA
:10DDE00012D53A1D002142F21C0006F015F9044636
:10DDF00000288DD17868C368D3F80120D3F80530A6
:10DE0000C5E9382305F0A2F895F8D8309E0623D549
:10DE1000B91C384606F0A8F9044600287FF478AF0C
:10DE20004FF0FF304FF0FF3105F0F0FE06460028BE
:10DE300000F0818104210C3015F04FFA3B880380FB
:10DE40007B8843802246314642F2240006F0E4F803
:10DE5000044600287FF45CAF95F8D8305C0610D5F6
:10DE60003A1D002142F22A0006F0D6F804460028A6
:10DE70007FF44EAF7868C3685B7885F8123105F09F
:10DE800065F84FF0FF304FF0FF3105F0BFFE06465A
:10DE9000002800F0508108210C3015F01EFA95F88A
:10DEA000D84014F0400F40F20223024608BF03237B
:10DEB000A0074CBF43F02C0343F00C03A10695F8D8
:10DEC000D91048BF43F0400311F0090F18BF43F4C5
:10DED000006304F0010443EA0410002115F09CFBE8
:10DEE0000022314642F2010006F096F8044600286E
:10DEF0007FF40EAF95F87C30B5F8FC1098065CD432
:10DF0000C9B93A1D41F2050006F086F8044600281A
:10DF10007FF4FEAEB5F8FC307C684BB9E368B3F82B
:10DF20000120A5F8FC209A883048114618F0EEFA36
:10DF3000204605F00BF84FF0FF304FF0FF3105F0B1
:10DF400065FE0446002800F0F68008210C3015F02C
:10DF5000C4F995F8D830D907024638D424484FF090
:10DF6000005115F059FB2146002240F6014006F011
:10DF700053F8044600287FF4CBAE01463A1D4FF615
:10DF8000014006F049F8002838D01A4A1548022105
:10DF900015F00BFBEB79002B40F0BD8006F0D2FFB3
:10DFA000044600287FF4B4AE08F076FC044600284E
:10DFB0007FF4AEAE05F016FFAAE60029BBD10E4AEB
:10DFC0000848012115F0F1FA6FF00404A0E602A15F
:10DFD000D1E90001C5E700BF908800020080002061
:10DFE00018220020CC7E020042AE02004022002017
:10DFF00010880002ABAE020088AE02007B68DC68CD
:10E00000B4F80130042B96BF584A594952F82310EE
:10E010006E468AB002AA5748D3614FF40073138446
:10E02000554BC2E9050142F8103F54484FF41351D3
:10E0300015F0CEFAB4F80120B4F80330022AB54640
:10E0400049D1052B47D84E4A52F823106E468AB064
:10E0500002AA4C48D3614FF400731384464BC2E9C3
:10E06000050142F8103F4FF41351444815F0B0FA3F
:10E07000637994F806C0D4F80900032BB54698BF1D
:10E08000414AB4F8076094BF52F8231038496C46EF
:10E090008CB002AADFF8F4E0C2E9073C4FF4007349
:10E0A00093853B4BC2E905E1C2E909604FF4735126
:10E0B00042F8103F314815F08BFAA546786804F015
:10E0C00045FF3A1D00214FF6024005F0A5FF04462A
:10E0D00018B1304A5AE72649B8E77868C368B3F8F8
:10E0E0000130A5F8C13004F031FF95F8C1305A076E
:10E0F0007FF550AF3A1D21464FF6034005F08CFFE7
:10E1000008B1254A42E77868C3685B7885F8C03073
:10E1100004F01CFF3EE72E78002E7FF43FAF95F809
:10E12000C1309B061FD54FF0FF304FF0FF3105F097
:10E130006DFD044610B96FF06804E9E506210C3066
:10E1400015F0CBF8D5F801300360144B9B88838021
:10E15000214632464FF6064005F05EFF0446002891
:10E160003FF41CAFD4E56FF08504D1E59086020042
:10E1700064AC0200CFAE020004000001CC7E0200BD
:10E1800078860200E8AE02006886020000AF020056
:10E19000070000012DAF020056AF02004121002010
:10E1A00008B5054813F04DFE044817F0D1F9044BAB
:10E1B00000221A8008BD00BFEC5A0020CC7B020070
:10E1C0005E63002010B5274C274886B00023CDE9B8
:10E1D0000333059323788DF80430244B1B788DF896
:10E1E0000530234B1B88ADF80630224B1B88ADF859
:10E1F0000830214B1B88ADF80A3013F03CFF039028
:10E20000194813F036FFADF8100013F0BCFD0023E1
:10E210004FF47A72FCF77AFA23780590022B08BF44
:10E220009DF80530104804BF43F002038DF8053017
:10E2300013F023FF28B19DF8053043F001038DF85A
:10E240000530039A42B1BDF810304FF47A714B4358
:10E25000B3FBF2F3ADF8123001A801F077FF06B07E
:10E2600010BD00BF81630020A05A00208063002001
:10E270005E6300205C630020CC260020B0F5967F12
:10E2800028BF4FF49670052898B538BF0520814205
:10E2900038BF0146114A4FF47A7303FB00F4B1F51D
:10E2A000616F146028BF4FF461610D4A00AF4B43AA
:10E2B0008AB013606A460B4B0791CDE905306423A1
:10E2C00058430523B0FBF1F04FF42351089042F876
:10E2D000103F054813F065FDBD4698BD642300203E
:10E2E00060230020948C02004C7F020058B1BFF3E1
:10E2F0005B8F054B012253E8001F43E800200028F4
:10E30000F9D1BFF35B8F70479C580020064BBFF3D9
:10E310005B8F012253E8001F43E800200028F9D159
:10E32000BFF35B8F704700BF9C5800202DE9F04F72
:10E3300097B002AF414A4248032114F041FE4148E0
:10E3400017F099FF002800F0E0833F4817F093FF93
:10E35000B861002800F0D9833B4817F0C9F8C820FD
:10E3600013F022FD4FF0A043D3F81035C3F3005053
:10E37000C3F38031DB024AD5344B354A002918BF3C
:10E3800013466C468AB002AA324DDFF8CC90C2E93F
:10E39000071340F20243C2E905509384294D2F4BE5
:10E3A00042F8103F26484FF4335113F0FAFCAB68A3
:10E3B000A54601247B647B6C5B6973B32846984750
:10E3C0004FF0A043EA46D3F810B58AB0CBF300561D
:10E3D00002AACBF3803353620623C2E90706C2E9DF
:10E3E0000594174842F8103F4FF443510BF4821B39
:10E3F00013F0D7FCBBF5821FD54611D1184A10483F
:10E400002346032114F0E5FD164D012445E0164B8B
:10E41000164A002908BF1346B3E76FF05700CFE74D
:10E420000520013413F0C0FC062CC4D1002EEBD122
:10E430000F4A0348012114F0C3FDE5E7B28D020045
:10E440004C7F0200B07B0200CC7B0200098D0200F1
:10E45000E88C0200EB8D0200218E02000500000115
:10E460004A8E0200CDCCCCCC408D0200BC8C020088
:10E47000748E0200B84905FB04F2B1EB720F05D3AC
:10E48000B64AB7480094022114F0ADFD4FF4FA707B
:10E49000013413F089FC3D2C0BD0B249B24800F096
:10E4A0004FFB03460028E5D1B04A137843F004033C
:10E4B0001370AC4801F052F8AA4801F02FFF20B9C0
:10E4C000AA4A137843F008031370A948DFF8A4920E
:10E4D00001F0CAFD01F0CEFDFFF762FE502001F011
:10E4E0008BFF13F050FCC7E9101013F04CFCA24B4B
:10E4F00099F800201B681B18FB6341F10003BB6304
:10E500009E4B6C4688B053F8223002AA9C4994482E
:10E51000C2E905134FF4007393839A4B42F8103FFE
:10E520004FF0000A4FF4E65113F03BFCA546C7E953
:10E5300002AAC7E909AAC7E904AA13F024FC7B6967
:10E5400098423B6971EB030304460D4640DB854866
:10E5500000F09CFF854A14F5FA637B6145F10003E6
:10E560003B61137843F010031370804699F8003034
:10E57000002800F0CF80022B56D0012B01D1FFF7ED
:10E580000FFE6E4688B002AA7D4B53617E4B9361AD
:10E590004FF4007393837B4B42F8103F4FF4E651E6
:10E5A0006F4813F0FEFB7948B54616F0A1FF142022
:10E5B00013F0FAFB40F6B83203216B4813F069FC04
:10E5C000724816F0C5FF022389F80030FFF7FAFD04
:10E5D000BB6A9C427B6A75EB030325DB99F800302C
:10E5E000022B21D05F4807F1480100F0F7FD061E1D
:10E5F0000BDD674B1E8013F0BFFE13F0FAFE654A79
:10E6000057483346032114F0E4FC00F039FE624B16
:10E6100040EAE070188047F23053E318BB6245F1DE
:10E6200000037B62FFF7CEFD02F0FAF800F07CFEFB
:10E6300099F80060012E00F0FB80022E00F0878028
:10E64000002E7FF47AAF13F0ECFE00280DDBA0F56E
:10E650007A700028B8BF404278287B6CC8BF234638
:10E660007B643B6CC8BF2B463B6401F0E7FC60B1A8
:10E6700007F1480013F0C2FE38B9B7F94C20B7F9DA
:10E680004A10B7F9480001F0C3FD01F0A1FE50B1F6
:10E6900013F00DFF414A3248032114F091FCC7E901
:10E6A0001054C7E90E54BFF35B8F3D4B002253E873
:10E6B000001F012903D143E800200028F7D1BFF350
:10E6C0005B8F0CBF0126164611D0FB6B9C42BB6BC7
:10E6D00075EB0303C0F2A5807B6C3249E21A3B6CF8
:10E6E00065EB0303914276EB0303C0F29A8027485F
:10E6F00016F0FEFE034600285AD02B4A1848012186
:10E7000014F067FC1C4B1B681B19FB6345F10003ED
:10E71000BB6312E7022B40F0F0816E4688B002AA7C
:10E72000174B5361214B93614FF400739383154B47
:10E7300042F8103F0A484FF4E65113F032FBB54659
:10E7400089F80080FFF73EFDC7E90E5440E7C82076
:10E7500013F02AFBF1E600BF99999919D68E0200B1
:10E760004C7F0200B07B0200EC5A00208063002046
:10E77000588202008163002060230020688202002A
:10E78000008F020003000001DD960200CC7B020036
:10E790005C630020118F0200CC2600201F8F020036
:10E7A0009C58002020BF02002B8F02000C8F02001B
:10E7B000142013F0F9FAA0488022012100F094FA05
:10E7C000034640B19D4A9E48012114F002FC9D4839
:10E7D00016F0BEFE96E79C48642113F041FC01232D
:10E7E0009A4A89F800309A4BE8468AB0002E18BF42
:10E7F000134602AA9749516197499148C2E9061305
:10E80000964B1362964B42F8103F4FF4235113F08E
:10E81000C8FAC546FFF7D6FC86F0010AC7E90254DC
:10E820008BE601F00BFC00280CBFC82014208FE7FA
:10E830008C498148802213F0A2FB031E7B6340F3C6
:10E840004B8197F83410874801F0A2FC854B3B625E
:10E850004FF000083A6A52F8043B3A62C3F31201DF
:10E86000C3F3C7430022012BA7F848206AD07E4A91
:10E8700000917348022114F0B6FB7B6B08F101088C
:10E880004345E7D101F0DAFB60B107F1480013F02E
:10E89000B5FD38B9B7F94C20B7F94A10B7F94800B7
:10E8A00001F0B6FC684813F0E8FBFB68B4EB030B1F
:10E8B000BB6865EB0308002840F01781BAF1000F30
:10E8C00000F0178141F271739B4578F10003ACBFF2
:10E8D00001260026654B1B687B6301F099FB00282D
:10E8E00040F009817B6B9B4578F1000803DA002E2C
:10E8F00000F00181BE69FFF753FC002389F8003066
:10E900005B4B5C4A1B681B19FB6345F10003BB634F
:10E910004F4B6C468AB0002E18BF134602AA4D49D1
:10E92000516155494648C2E906134C4B13624C4BA2
:10E9300042F8103F4FF4235113F033FAA546FFF786
:10E9400041FCFAE507F148023F4813F0A1FB4B4AAE
:10E9500013680133136070B1B7F848205AB10A2127
:10E96000B2FBF1F301FB132292B200923448444A05
:10E97000032114F038FB414B1B68632B7FF67DAFFE
:10E98000314813F076FB38632F4813F074FB031EF5
:10E99000FB62C1BF3B6B4FF47A765E430346B7F828
:10E9A0004800CCBF96FBF3F600264FF00A0B96FB0F
:10E9B000FBF3FB610BFB136600286BD0314B188017
:10E9C0000530B0FBFBF080B213F008FDB7F848301B
:10E9D000B3FBFBF291B20BFB123379601FFA83FB9E
:10E9E00001F008FB1A4A2849C7F800D08EB0002869
:10E9F00008BF114602AAFB6A93613B6BD361FB69B6
:10EA000022485061C2E908367B681163C2E90A3BBB
:10EA100040F6060393861E4B42F8103F084844F622
:10EA2000C04113F0BEF9D7F800D0FFF7CBFB134A73
:10EA30000023136021E700BFEC5A0020448F02003E
:10EA40004C7F0200CC7B0200A05A00206F8D020098
:10EA50004AA202005A8F0200688F020000020103DE
:10EA600004000002A0580020728F020064230020DE
:10EA700060230020A58D02000C8F02009858002012
:10EA8000978F02005E630020808D0200A88F020035
:10EA900009000001224813F0F0FA224A224BEB460B
:10EAA0008CB0002818BF134602AAF96A9161396B2D
:10EAB000D1619362F9691D48506140F20463938506
:10EAC0001B4B1C48C2E9081642F8103F4FF4735123
:10EAD00013F067F9DD46A8E73FF4D4AE164A7B6B26
:10EAE0001448314614F075FACCE6C7E910544FF0DB
:10EAF000000A5646EEE614202AE6BB6A9C427B6A70
:10EB000075EB0303FFF690AD6CE50C4A0948012153
:10EB100014F056FA6FF012005437BD46BDE8F08F7E
:10EB2000A05A0020868D02009B8D0200D28F020029
:10EB3000070000014C7F0200F18F0200C98D020026
:10EB40002DE9F04F8DB000AF624B01604FF0000B2C
:10EB50000446FB60D9460126FB68206813F8015B78
:10EB6000FB60FF233B7507F11503C7E90636012259
:10EB70002B4607F1180125714FF0030887F815900F
:10EB800087F8169087F8179087F8208013F01CF903
:10EB90004FF00203786087F82030206807F1140AEC
:10EBA0002B46012207F11801C7E906A613F00CF95C
:10EBB000B860002864D107F11603C7E9063620685B
:10EBC00087F820802B46012207F1180113F0FCF88A
:10EBD000804607F11703C7E90936072387F82C3069
:10EBE00007F118012B46206887F820900222C7E918
:10EBF00006A613F0E9F8C7F800D08EB0B97DFB7D0A
:10EC000082466A4634480C93CDE90505786807903A
:10EC1000B8680923CDE90808CDE90A1A42F8103F7F
:10EC20002E48002344F6C00102F02AFED7F800D097
:10EC3000BAF1000F27D197F817A0BAF1360F28D0F4
:10EC4000E8468AB06A46264BCDF81CA0CDE90535CA
:10EC500036230893052342F8103F204800234FF441
:10EC6000225102F00DFEC5460BF10103022B4FF0BD
:10EC7000010B7FF471AF002323716FF0120025E0C8
:10EC80004FF0FF38A5E7B8F1000FEDD197F816A0C7
:10EC9000D3E707F118020025FE2120463D7613F048
:10ECA000A2F821793B7E6C468AB06A460D48CDE9D0
:10ECB00007A30523CDE9050142F8103F07482B467D
:10ECC0004FF4235102F0DCFD2846A5463437BD46FB
:10ECD000BDE8F08F38C802000C900200547F02009B
:10ECE00050900200879002002DE9F04F8DB00E4643
:10ECF00000AF15460D210122804613F08EF8044620
:10ED0000002863D100214FF4A47017F0F2FD2146D2
:10ED100007F10F02404613F066F802220D2140462B
:10ED200013F07BF80446002850D1434B434A7E77CA
:10ED3000C7E90423424BBB6120233B772123FB839C
:10ED4000404B3B62012E4FF0230387F824300CBF69
:10ED50002B46002387F82530022E4FF0240387F836
:10ED600026300CBF2B46002387F82730032E4FF0A8
:10ED7000250387F828300CBF2B46002387F829305D
:10ED800040F609737B85304BFB6207F11009824620
:10ED900099F801B099F8001079605A46404613F08E
:10EDA0003CF879680446B0B16D468AB0274ACDE98F
:10EDB00005216A460523CDE907B042F8103F2448F3
:10EDC00000234FF4215102F05BFDAD46204634375D
:10EDD000BD46BDE8F08F0AF1010ABAF1100F09F142
:10EDE0000209D5D102460D21404613F016F804461B
:10EDF0000028EBD1174B53F826106E460C238CB02D
:10EE00006B436A4614480795CDE905016420B3FBBE
:10EE1000F0F100FB113309934FF40073ADF8283083
:10EE20000E4B089142F8103F094823464FF45351C6
:10EE300002F026FDB546C9E7110B121802000300C7
:10EE40001340150122002A000A0E0A1EBE9002007D
:10EE5000547F020074820200E0900200060000016C
:10EE6000F7B51E461B68044683FB04340846694612
:10EE7000CDE9003415460BF0AFFD0746E0B9019C23
:10EE80000099C5F12002B5F1200304FA02F221FA3B
:10EE900005F141EA02015CBF44FA03F319432C4136
:10EEA000CDE9001411F1004144F1000414B104480B
:10EEB00013F09EFC009B3360384603B0F0BD00BFEA
:10EEC0004A9102000146024883685B68184700BF08
:10EED000947B020008B505484FF4D012092113F0C5
:10EEE00005FABDE808400A2013F00EBA247B0200A0
:10EEF0002DE9F04FCDB002AFA94817F0BCF948B9E1
:10EF0000A84AA948012113F0D2F907F59677BD4622
:10EF1000BDE8F08FA548DFF898924FF4D0120B218E
:10EF200013F0E4F9322013F0EFF90026344607F12C
:10EF3000200507F1180800216960A8F800101422C4
:10EF4000C5F800906E7107F1340018F0D0FC012371
:10EF5000C7E90E3802233B6429460C23904887F802
:10EF6000443013F075F907F1480A0AEB040BC4F1B9
:10EF7000E001002800F0EA808E4A3346584612F03D
:10EF800085FC072E044403D0C32C06F10106D0DD16
:10EF90006C4688B002AA884B8348C2E9053A4FF410
:10EFA00000739383854B42F8103F4FF4E65113F002
:10EFB00080F9A5460024264644F48073002123F0FE
:10EFC000E0036960A8F80010AB801422C5F8009037
:10EFD00007F1340018F08BFC0123A340C7E90E3879
:10EFE00002233B6429460C236D4887F8443013F014
:10EFF0002FF90AEB060BC6F1E00140B907F1340026
:10F00000F960FFF75FFFF968002800F0BA806C4AEA
:10F0100000902346584612F039FC032C064403D0D6
:10F02000C72E04F10104C7DDE84688B002AA654B8B
:10F03000536107F1480393614FF4007393835F4B6F
:10F0400042F8103F002507F1200457484FF4E651DD
:10F0500013F02FF92946C54614222046BD82FD82B1
:10F0600018F045FC40F20112022607F1140AFA6179
:10F070002946142207F13400C7F828A0C7F81890D1
:10F0800007F1160B4FF00C09FE6218F030FC4E49E8
:10F0900043483E64C7E90E6B87F8449013F0D8F8F4
:10F0A000786020467E62A7F83090FFF70BFF07F1EB
:10F0B0001801B8603A4813F0CBF8F86007F1340053
:10F0C000FFF700FF92B0B7F914C0D7F824A097F863
:10F0D000301097F8313097F832E0B7F9164002AAAD
:10F0E000DFF8E8B0C2E905BCD7F804C0C2E90B13E9
:10F0F000FB68C2E907C5D7F808C0C2E90F300D2385
:10F10000C2E909CAC2E90DE4274842F8103F46F6B1
:10F11000C00113F0CEF804B002AA2D4B53610123B5
:10F12000C2E90633032144F22803C2E90B130A2380
:10F13000C2E908559662C2F834901B4842F8103F65
:10F1400045F2C00113F0B5F8C546DEE607F134001C
:10F15000F960FFF7B7FEF96800287FF40DAFB8F843
:10F1600000304FF4E16213FB02F3002BB8BF03F64B
:10F17000FF731B130093174A3346584612F086FB61
:10F18000FFE6B8F800304FF4E16213FB02F3002B06
:10F19000B8BF03F6FF731B1300930F4A234639E7EA
:10F1A000947B02006E9102009C7F0200407B020073
:10F1B00002032840829102009391020003000001A3
:10F1C000CE910200E5910200D28202000F9202006D
:10F1D000719202008A910200DA910200F0B585B0C6
:10F1E000002306468DF80A308DF80B30012748F2CF
:10F1F0000A030C46ADF80C30FFF76CFE00970DF1DA
:10F200000A0305226A21304613F056F888BB6A23A8
:10F21000022203A930469DF80A5013F03BF840BB88
:10F22000052013F071F800970DF10B030A226A21F3
:10F23000304613F041F8E0B99DF80B300E49C3F3A6
:10F240004112C3F38203023BDBB2052B8A5C9CBFF5
:10F250000A49C85C1044C0B204B120706D080A228B
:10F260004FF4616315FB023515FB00F56420B5FB17
:10F27000F0F005B0F0BD00BF40C802003AC802007F
:10F2800030B589B00021142203A8ADF8061018F09B
:10F290002EFB0DF106030593022306931E4816F07C
:10F2A000EAFF002835D01D491B4812F0D1FF044663
:10F2B00060BB1B4D1B484FF4D0120B2113F016F806
:10F2C0002B781BB94FF4487013F01EF802230493F7
:10F2D0000C230DEB0300ADF81C30FFF7F3FD2B788A
:10F2E00004462BB90F484FF4B0120B2112F0FEFF69
:10F2F00064B9BDF9063002930C2202AB02214FF42F
:10F30000E170FFF7ADFD044600B9029C204609B04C
:10F3100030BD6FF01204F9E7947B0200D282020044
:10F3200082630020407B02002DE9F04F83B002AFE2
:10F3300017F08AFB4FF47A73A0FB030603FB016608
:10F34000444BD3E90012C40B44EA46448C424FEAD2
:10F35000D63676EB020279DB14F5FA7146F100023B
:10F36000C3E900123C4816F086FF834600286DD0A2
:10F370003A49394812F06CFF8246002866D1384875
:10F380004FF4D0120B2112F0B1FF364B01221A704C
:10F3900012F0CDFF051E59DBDFF8CC90334AD9F8C7
:10F3A0000030DFF8CC8093420CDBEA1A052A09DC36
:10F3B0005B1B052B06DCD8E90023944276EB0303A4
:10F3C00044DBD346B5F5FA7F2BDD42F21073A5F589
:10F3D000FA7A03FB0AFA4BF2BC13BAFBF3FA0A23DC
:10F3E000244ABAFBF3F003FB10A1234BEA468CB08E
:10F3F000BBF1000F18BF134602AADFF880C05362AA
:10F4000040F2035313851E4BC2E90701C2E905C54B
:10F410001C4842F8103F4FF4535112F04AFFD546B2
:10F420000BE0B5F5F07FDADAC5F5FA730093164A0A
:10F4300014482B46022113F0D6FD40F6B833E418E9
:10F4400046F10006C8E90046C9F800500437BD4639
:10F45000BDE8F08FE8340020947B0200D2820200E5
:10F46000407B0200826300206C230020E0B1FFFF9C
:10F47000E03400204AA20200C49202000D93020070
:10F48000060000019C7F0200CE9202002DE9F043AD
:10F4900085B002AF4FF4D0120921804600242848DD
:10F4A000BC7112F023FF052012F02EFF0122009202
:10F4B000BB1D6A21404612F0FFFE00283BD1BB79FC
:10F4C000C3F3801484F0010413F04005E4B205D1C5
:10F4D0001B484FF4B012092112F008FF194E33688F
:10F4E0009C4228D04FF00009322087F8079012F094
:10F4F0000BFF012300934A46FB1D6A21404612F090
:10F50000DBFE114A114BF9794D4508BF13466D4694
:10F510008AB002AA0E48D161C2E905034FF4007314
:10F5200013840C4B42F8103F0B484FF4135112F068
:10F53000C0FEAD46346020460C37BD46BDE8F083C2
:10F54000247B0200682300202593020048930200D8
:10F5500064930200040000019C7F02002DE9F04F3B
:10F56000B1B0044602AF7D4A7D480321012612F066
:10F570009EFEFFF7AFFC0096BB1900226A212046D1
:10F5800012F09AFE07F108058046002800F09780E7
:10F590000023FB703B7132466A23F91C204612F0AF
:10F5A00079FE8146002840F087803B1DC7E902367E
:10F5B00003233B7432466A232946204612F05BFE41
:10F5C000824601233B8102226A232946204612F00B
:10F5D00061FE6E468CB03B7902AA62495161C2E974
:10F5E0000A306A210823C2E90618C2E9089A5C4871
:10F5F00042F8103F44F2400112F05BFEB546002392
:10F60000294620463B72FFF7E9FD031E80F28E81FA
:10F61000554A5348012113F0DCFC00230126FB70FE
:10F620000F220096FB1C6B21204612F045FE00289D
:10F6300000F084814D4A00906B234948314613F015
:10F64000D2FCFFF71DFE031E80F22682484A444882
:10F65000012113F0BEFC4FF480324648102112F015
:10F6600045FE0921444812F0F6FD102104464148A8
:10F6700012F0F1FD414A424B6D468AB0002C18BF92
:10F68000134602AA3F49C2E9073040F2013393848E
:10F690003D4B3348C2E9051442F8103F4FF4335153
:10F6A00012F007FEAD46394A2D48032112F0FFFD46
:10F6B000BC37BD46BDE8F08F4FF0FF3A81E70096BA
:10F6C000BB1C32466A21204612F0F6FD7B78DFF83B
:10F6D000C090B9789A09EB468CB059F8220002AA7A
:10F6E000C2E9083140F201331385DFF8A8C02A4B84
:10F6F000C2F814C04FF06A0AC2E906A04FF4535191
:10F7000042F8103F164812F0D4FDDD46FB1C87F886
:10F710000380032200965146204612F0CDFD0028BA
:10F7200064D1FA781006C2F3840339D50A26282258
:10F7300013FB062643F603433B8102226A23294634
:10F74000204612F0A7FD78BB144A05483346032132
:10F7500013F03FFC3C23FB70142625E025950200A6
:10F760009C7F02003F95020068970200BB97020051
:10F7700087980200407B0200247B0200F69402007E
:10F7800012950200AD99020005000001DF99020008
:10F79000BC8202008D95020006000001C89502009F
:10F7A0000F2B03F10506C5D1FB789C4A9C489D4967
:10F7B00013F0020F08BF10469B4A13F0010FE846F2
:10F7C0008CB008BF114602AADFF860C25362984BA2
:10F7D0009362984BC2E90701C2E905C6964842F810
:10F7E000103F4FF4635112F064FDC54600233B7196
:10F7F0000123009302223B1D6A21204612F05CFD8A
:10F80000002836D197F904003979844A8B4B33EAC2
:10F81000200328BF13468A4AC1F341106E468AB0BE
:10F8200052F8200002AADFF81CC2C2E905C3864BC9
:10F830005362864BC2E9070142F8103F7E484FF4FD
:10F84000435112F036FD97F904203B79002AB54662
:10F850000FDA03F07F0302227B7229466A232046D7
:10F860003A7212F017FD20B9794A7348032112F059
:10F870001EFDBE7816F0400627D0764A6E4803215A
:10F8800012F015FD97F90230002B04DA724A6A482B
:10F89000022112F00CFDBB78590604D56F4A664868
:10F8A000022112F004FDBB789A0604D56C4A624826
:10F8B000022112F0FCFCBB78DB067FF5A0AE694AA2
:10F8C0005D48022112F0F3FC99E667484FF4B0124C
:10F8D000092112F00BFD654A5748032112F0E7FC9D
:10F8E000FA2012F011FD01233E72324600936A2184
:10F8F0002B46204612F0E0FC0028C3D13B7A9A093F
:10F900006E468AB059F8221002AA5948D3614FF4C2
:10F9100000731384574BC2E9050142F8103F464873
:10F920004FF4135112F0C5FCB546ABE73A7A4248A2
:10F9300000920321504A13F056FB6EE6FB78702BC1
:10F9400005D0712B15D06B2200924C4A75E64C4EB7
:10F950004FF4C263BB8002226B23391D204612F094
:10F9600099FC034638B1474A3348012113F031FB73
:10F9700067E6454EECE7322012F0C6FC0623009302
:10F9800028222B466B21204612F096FC034608B134
:10F990003E4AE9E76C4690B0B7F90800B7F90A109B
:10F9A000B7F90C3097F803C002AADFF8E4E0D3629D
:10F9B000C2E905E66B26C2E9076C4FF4FA66C2E9B4
:10F9C000090110FB06F00028BCBF00F5FF407F30A6
:10F9D000C01310634FF4FA6011FB00F10029BCBFA3
:10F9E00001F5FF417F31C91351634FF4FA6113FBF5
:10F9F00001F3002BBCBF03F5FF437F33DB1393639D
:10FA00004FF400739387234B42F8103F0A4845F6A2
:10FA1000C04112F04EFCA54613E600BF0A95020055
:10FA20007D9302008D93020094930200EC950200F6
:10FA300001030204060000029C7F02009F93020063
:10FA4000AC820200289602000002010305000002B9
:10FA5000509602007A9602000E9702002497020048
:10FA60003B9702004E970200247B0200AB960200F7
:10FA7000E6960200040000017F970200E197020071
:10FA8000A893020009980200B09302002798020090
:10FA9000449802000B000001844A85496C468AB0F4
:10FAA000312BC8BF114602AA8248D161C2E90503C1
:10FAB00040F201331384804B42F8103F7F48DFF857
:10FAC00000924FF4135112F0F4FB4FF4B012A5461C
:10FAD0000B217C4812F00AFC4FF4967012F014FCD3
:10FAE00078484FF4D0120B2112F000FC0024264677
:10FAF000A04659F804AB504612F006FC7249734810
:10FB000012F0A6FB12F013FC56440090C4F1B001B1
:10FB100028196F4A334611F0B9FE08F10108B8F10F
:10FB20000A0F044401D0972CE3DD4FF0A044D4F831
:10FB30002C37D4F80425C2F3C02200925F48654AEE
:10FB4000032113F050FA5F484FF4B0120B2112F06A
:10FB5000CDFB6E4688B002AA5F4B5848C2E9053516
:10FB60004FF4007393835D4B42F8103F4FF4E6511E
:10FB700012F09FFB4FF40065B5464FF00108FFF708
:10FB8000B7F9C4F82C870520C4F8085512F0BCFB5F
:10FB9000D4F81035C4F80C550520C3F3C02A12F070
:10FBA000B3FBD4F81035C4F808551420C3F3C02BA8
:10FBB00012F0AAFB0C23C4F80C37052012F0A4FBAA
:10FBC000D4F81035C3F3C0090423C4F80C3705205A
:10FBD00012F09AFBD4F81055C4F80C870823C5F32B
:10FBE000C005C4F808354FF47A7016F028FBD4F835
:10FBF00010250823C4F80C350223C2F3C008C4F84A
:10FC00000C37374A374B8AB0BAF1000F18BF13468A
:10FC100002AA35492948C2E907B340F20243938456
:10FC2000324BC2E9051A42F8103F4FF4335112F03B
:10FC300040FBB546B9F1000F32D02D4B2D4A002DB7
:10FC400008BF13466E468AB002AC2B4A1B48C4E973
:10FC50000753254640F20243A384244BC4E90529F7
:10FC600045F8103F4FF433512A4612F022FB234A45
:10FC7000234BB546B8F1000F18BF13468AB0214A8E
:10FC8000E36140F2013323840B4B0C482361C4E948
:10FC900005284FF413512A4612F00BFBB546DAE45F
:10FCA000194B134A002D18BF1346CBE74AA2020096
:10FCB000BC9302009E980200040000019C7F020099
:10FCC00084820200407B0200D2820200947B020008
:10FCD000CB980200D29802000499020003000001B0
:10FCE000FB9302001094020022990200050000011B
:10FCF000789402003194020050990200849402002A
:10FD0000C694020083990200539402001FB5142484
:10FD10000294044C0194BDF81840009414F04FFE76
:10FD200004B010BD8363002070B503788AB0044628
:10FD30000E4607AD032B20D8DFE803F002191B1D88
:10FD400011492846FDF70DFE059563780493A378C5
:10FD50000393E37802932379019363790093A37962
:10FD60000A4A1E21304611F091FD0AB070BD0849C3
:10FD7000E7E70849E5E70849E3E7084A0A21284692
:10FD800011F084FDE0E700BF779A0200999A020023
:10FD90007E9A0200859A02008F9A02003A9C020025
:10FDA0004B1E59420148594112F00DBB0C5B00201B
:10FDB0004B1E59420148594112F005BB085B002017
:10FDC0004B1E59420148594112F0FDBA045B002014
:10FDD000F0B583B002AF1C463B8B1546002B40F0BC
:10FDE0008280002C7FD013785A1E032A71D8DFE856
:10FDF00002F002304E5A012C78D069783D48003923
:10FE000018BF012112F0DFFA3B4B1B6833B11B68AE
:10FE100023B16878003818BF012098476978374ABD
:10FE2000374B6D4688B0002918BF134602AA3549E2
:10FE3000C2E905134FF400739383334B42F8103F2C
:10FE4000324800234FF4E65101F01AFDAD4620463A
:10FE500046E0012C4AD069782D48003918BF0121AD
:10FE600012F0B1FA244B1B6833B15B6823B1687898
:10FE7000003818BF012098476978204A204B6D460A
:10FE800088B0002918BF134602AA2249D0E71A4BAE
:10FE90001B6813B19B6803B198471F4A1B48032195
:10FEA00013F08EF8D3E7042C20D9134BB5F801607A
:10FEB0001B68B5F8035023B1DB6813B129463046FF
:10FEC0009847164A114800953346032113F08BF8E2
:10FED000BDE70E48124A022113F07BF86FF01200C2
:10FEE0000437BD46F0BD6FF00600F9E76FF00C0077
:10FEF000F6E700BF005B0020F85A002014A60200BD
:10FF0000BC9A0200C09A020003000001847E020035
:10FF1000FC5A0020DA9A0200F49A0200099B0200BF
:10FF2000279B020090B589B000AF13F09AFE3946C6
:10FF3000FFF7FAFEBFF35B8F0F4B3C4653E8001F01
:10FF4000013143E80012002AF8D1BFF35B8F88B07B
:10FF50006A460A4BCDE905344FF40073ADF81C3006
:10FF6000074B42F8103F074800234FF4E65101F0D9
:10FF700087FC2437BD4690BD105B0020469B0200E5
:10FF800003000001847E02000B4621B1034A0448AD
:10FF9000012113F01EB8FFF7C5BF00BF569B02003A
:10FFA000847E020010B50E4BBFF35B8F0C4653E806
:10FFB000001F013943E80012002AF8D1BFF35B8F1C
:10FFC0000021084812F0FFF9074812F0FCF9074A2F
:10FFD000074823460321BDE8104012F0FABF00BFD6
:10FFE000105B0020005B0020FC5A0020719B020087
:10FFF000847E0200054BBFF35B8F1868BFF35B8FF5
:020000021000EC
:100000000028D4BF00200120704700BF105B0020F3
:10001000084BBFF35B8F1868BFF35B8F40B1BFF332
:100020005B8F054B1868BFF35B8F003818BF01204A
:10003000704700BF005B0020085B0020084BBFF347
:100040005B8F1868BFF35B8F40B1BFF35B8F054BCD
:100050001868BFF35B8F003818BF0120704700BFDE
:10006000FC5A0020045B0020014B1860704700BF61
:10007000F85A0020F0B593B0002002AF04F0CCF99C
:10008000044648B1264A03462648012112F0A1FF42
:1000900020464437BD46F0BD234D0FCD07F10C047B
:1000A0000FC42B6823600125204B214900950222B3
:1000B00007F10C0005F00AF8044610B11D4A03468A
:1000C000E2E73F2301461A2207F124003B623D602C
:1000D00017F00DFC3946381D04F0A4FD3B6807F10C
:1000E00020051BB12946381DFFF71EFE6E468AB05B
:1000F00002AA114B5361114BC2E90635104B136232
:10010000104B42F8103F074800234FF4235101F0F1
:10011000B7FBB5460C4A0348032112F051FFB7E77D
:100120008E9B0200847E0200D07F0200D0830200FA
:10013000D8830200A49B0200C59B0200E09B020042
:100140000002010304000002E99B020008B50D4B08
:1001500000F1140250F8041B43F8041B9042F9D13B
:10016000FFF748FF68B1BFF35B8F074B1B68BFF316
:100170005B8F33B1BDE8084002490448142212F0F5
:100180000EB908BD836300200C5B0020F4820200DE
:1001900030B5ABB004460D46FFF73AFF88B30020F8
:1001A00014F099FCC31E9BB2052B2AD9282DA3F16C
:1001B0000503C3F3870128BF2825A94228BF294684
:1001C000F9B1114A8DF8041013680093581C10609F
:1001D00020468A006C4600EB810150F8043B6371B5
:1001E000C3F307251B0CE37188424FEA1323A57163
:1001F000237204F10404F0D104480532694612F078
:10020000CEF82BB030BD00BFF45A0020308302007E
:1002100013B50446FFF712FF50B1ADF80210ADF868
:1002200004200448ADF800400622694612F0B7F8F1
:1002300002B010BD6C83020010B5104B88B0CDE940
:1002400005128DF8070018680DF1070302930123CA
:10025000039300238DF8103007238DF81C309DF890
:100260001C30826843F002038DF81C3094686B23C5
:10027000022202A9A04708B010BD00BF245B0020E5
:1002800007B50648836801A95B68984718B99DF8C7
:100290000600C0F3000003B05DF804FB407B0200E1
:1002A000064BBFF35B8F012253E8001F43E8002099
:1002B0000028F9D1BFF35B8F704700BF145B0020AB
:1002C00010B402460548016984680B6823F4803342
:1002D0000B60236810BC1021184700BF407B020050
:1002E0001FB50D4B8DF8000018688DF80110022322
:1002F000CDF804D002938DF80C309DF80C30826854
:1003000043F002038DF80C3094686B23012201A99D
:10031000A04704B010BD00BF245B0020B0B584B07E
:1003200002AF0023FB71224B01221860F91D0F2040
:10033000FFF782FF044650B11E4A00906B231E480F
:10034000012112F050FE20460837BD46B0BDFB79B2
:10035000A3F17002012A07D9184A1748012112F0A7
:1003600038FE6FF01204EEE7154A16496D468AB062
:10037000712B18BF114602AA134BC2E905316B233A
:10038000D3614FF400731384104B42F8103F4FF4C5
:1003900013510346084801F073FA4421AD46122078
:1003A000FFF79EFF06211020FFF79AFF0446CAE7D9
:1003B000245B00200D9C0200347F0200269C02007A
:1003C000A8930200B0930200419C020004000001C7
:1003D000084BBFF35B8F002253E8001F012903D1B4
:1003E00043E800200028F7D1BFF35B8F0CBF01204A
:1003F00010467047145B00202DE9F04F89B000AF24
:100400000121B8605620FFF76BFF0546002840F039
:10041000B580BB68C3F3C7033F2B28BF3F23012B25
:1004200038BF012301465420FB60FFF759FFF968EC
:100430005B20FFF755FF29465C20FFF751FF202185
:100440005E20FFF74DFF80215020FFF749FF054652
:10045000002840F093800122FF23B86107F11601C4
:10046000C7F81B001046BB75FB75FFF7E5FE07F1EB
:10047000170101220320FFF7DFFE07F11801012217
:100480001020FFF7D9FE07F1190101225620FFF7CE
:10049000D3FE07F11A0101225420FFF7CDFE07F128
:1004A0001B0101225B20FFF7C7FE07F11C0101229F
:1004B0005C20FFF7C1FE07F11D0101225E20FFF75E
:1004C000BBFE07F11E0101225020FFF7B5FE6C466E
:1004D0008CB097F816C0FE7D387E797EBB7E6A466A
:1004E000DFF8CCE2CDE909130723CDE905ECCDE92E
:1004F000076042F8103FAF482B464FF4635101F0BC
:10050000BFF9A5468AB0FE7E387F797FBB7F6A46F9
:10051000DFF8A4C209930623CDE905C6CDE907019A
:1005200042F8103FA3482B464FF4435101F0A8F97D
:10053000BB7DA54623B1A14A9E48012112F049FD89
:10054000FB7DDC0604D59E4A9A48012112F041FD4C
:10055000FB7D980604D59B4A9648012112F039FD8F
:100560007B7F990603D597F91E30002B0BDB964A4B
:100570009048012112F024FD6FF00405284624372D
:10058000BD46BDE8F08F914C204615F074FE002862
:1005900000F00B814FF48030FFF792FE8C4A8D4BB8
:1005A00053604FF480339360A368DB691BB18849C3
:1005B000012220469847A3689C6934B183484FF0D4
:1005C00080634FF0A0721021A047BFF35B8F824C75
:1005D000002354E8002F44E800310029F9D1BFF38B
:1005E0005B8F11F064FF7D48FFF76AFEC82015F0AD
:1005F00026FEFFF745FE80467948FFF761FEC820DA
:1006000015F01DFEFFF73CFE06464FF48030FFF765
:1006100057FEB8F1010F7C6040F0B780002E40F02B
:10062000BE80704B6C468AB06A466F49CDE907635D
:1006300040F20243ADF824306C4BCDE9051842F886
:10064000103F5C4800234FF4335101F019F90121A8
:10065000A5460D20FFF744FE4FF000094FF4C87681
:10066000FFF70EFE012808BF09F10109642015F00B
:10067000E6FD013EF4D131460D20FFF731FE5C4A24
:100680005C4BE8468AB0B9F1000F18BF13466C46C0
:10069000594A0793EA46594B40F2013BCDE90529F7
:1006A000ADF820B04AF8103F4248334652464FF466
:1006B000135101F0E5F83021C5460320FFF710FE85
:1006C0004648FFF7FDFD0021422016F012F9FFF722
:1006D000D7FD4FF0A0438146D3F84037A54648499F
:1006E000C4E9051303F00101E161C3F34001C3F361
:1006F000810363620623216223612E4833465246FA
:100700004FF4435101F0BCF83146C5460320FFF7D2
:10071000E7FD4FF48030FFF7D3FD3A493A4BA54649
:10072000B9F1000F18BF0B463849E361334BA4F809
:1007300020B0C4E9051923611E48524633464FF4E0
:10074000135101F09DF8C5467A68BFF35B8F52E8FC
:10075000003F42E800610029F9D1BFF35B8F11F03F
:10076000A6FEA5462A4B6361BB68A361FB68E361F3
:1007700010232362052323610E48334652464FF46B
:10078000235101F07DF8C546F8E6224BB8F1000F81
:100790007FF448AF204A002E08BF134642E71F4BA4
:1007A0001C4A012E18BF13463CE76FF01205E5E620
:1007B000559D0200347F0200A69D0200ED9D0200BF
:1007C000509E0200A99E0200F49E0200407B02009F
:1007D000185B0020A1020100145B00201000010042
:1007E00020000100669C02000E9F0200050000012F
:1007F000A69C0200D49C02003F9F0200040000015E
:100800007B9F0200029D02001D9D0200B79F020017
:10081000EE9F0200829C02004E9C02008F9C020010
:10082000F0B583B000AF0023BB71FB71234815F016
:1008300022FD00283ED0FFF723FD01220446B91D0A
:100840004520FFF7F9FC0122F91D1D20FFF7F4FCFC
:100850001B4AB9791368A3421A4B02D1187888420F
:1008600028D014601970FE79174BBFF35B8F18689E
:10087000BFF35B8FBB79154A13F0080F6D468CB040
:10088000134B18BF13466A46DFF848C0CDE9090389
:1008900040F20463ADF82C300F4BCDE905C4CDE92F
:1008A000071642F8103F0D4800234FF4735100F033
:1008B000E7FFAD460C37BD46F0BD00BF407B0200F0
:1008C000FC230020D3260020145B002027A0020078
:1008D0004AA2020033A0020007000001347F020098
:1008E0002DE9F84F8A4600AF002974D004680E1F26
:1008F000361BF50826F0070604EB0608B8F802B028
:100900001BF0010B16D1E94688B06A46334BCDE99E
:100910000531032342F8103F31485B464FF4C25182
:1009200000F0AEFFCD468BF31188BFF36F8F042329
:10093000184602DF2946204611F0C9FD284434F844
:100940003030C01A854217D0E94688B06A46254B38
:10095000CDE9053A032342F8103F214800234FF424
:10096000C25100F08DFF0023CD4683F31188BFF301
:100970006F8F0423184602DFB8F8023023F001031A
:10098000A8F802302946204611F0A1FD05EB000829
:1009900004EBC8035B88DA0708D44146204611F00F
:1009A000DFFD42462946204611F01FFEA65BAE1B26
:1009B00004EBC6035B88DB0709D43146204611F0FF
:1009C000CFFD2A463146204611F00FFE3546294616
:1009D000204611F081FDBD46BDE8F88FD0A0020091
:1009E0008C7F0200A7A002002DE9F04F91B0840790
:1009F000009302F004030293C2F3C20303F1010364
:100A0000DDF868A0039205460E46059340F09D81EF
:100A1000041D00284AD101F00706341DC6F108065E
:100A2000009B00275A1E4FF004084FF0FF3301933C
:100A30000497B946BB4643460DB10099216005981D
:100A4000002800F3D78090480099814203D38F4853
:100A50008142C0F0CF80039911F0020CA4EB050095
:100A600040F0D680B9F10F0F00F2CF80002D00F0DA
:100A7000D68009F140010DEB010EC0F3870001990A
:100A80000EF8200C0EF8101CBCF1000F00F0C38013
:100A900060F07F000EF8200C013709F10109C5F163
:100AA0000801043406914FF6DA7E8CE00729B7D8A6
:100AB0006FF01B0011B0BDE8F08F7A285BD84B288F
:100AC0000FD8472857D829282ED8252850D052D8B3
:100AD000202818BF23280CBF4FF0010B4FF0000B4C
:100AE00071E04C382E2846D8DFE800F06D454545CA
:100AF00045454545454545454845454545454545A3
:100B000045564548485656566D486A456D451848FD
:100B10001845457F7C48454548457C0000204FF0FE
:100B2000000B4FF0040835E02A38C0B2012101FA69
:100B300000F010EA0E0F46D110F0625C2CD110EAE2
:100B4000010B40D06046013C4444B4FBF8F408FB80
:100B500004F425B1A3EB050CA444B445A8D800289F
:100B600070D00599013905915AF8041B009163E78B
:100B70000199013901914FF0000B24E012F8010CAA
:100B80006C2834D112F8023C00206C2B8346C8D16B
:100B90004FF008084346D6E70AF1070A2AF0070A89
:100BA0000734FAE802BC24F0070435B10698204463
:100BB000B0423FF67DAFC4E900BC08344FF0000BF3
:100BC0004FF00808434612F8010F002853D0BBF13C
:100BD000000F7FF472AF2528F5D1019B01330193FB
:100BE0004FF0010B4FF00408ECE7584697E7002060
:100BF0008346A8E7039988077FF551AF601B4FF044
:100C0000010CB0F5007FFFF42DAF6FF0150051E738
:100C10004FF0000CF5E70498013004903DE7BCF17B
:100C2000000F01D0013638E70298023600287FF421
:100C300034AF0098CDE90632FCF79BFEDDE90632C1
:100C400006442AE7042B08D10AF1040015B1DAF8AA
:100C50000010216004348246B5E70AF1070323F04F
:100C6000070303F1080A1DB1D3E90001C4E900013B
:100C700008340823A7E7631BB3F5806FC5D23DB9DD
:100C8000A6F10804E01815E7307A020060CA0200F5
:100C9000029A28609B082B709DF81030AAB1EB7067
:100CA000AF702FB108A80022C5F1010C91450ED1FB
:100CB000C5F101030DF120084FF0000A01930DF179
:100CC000300BD14512D1601BF4E66B70E8E710F8E9
:100CD000013B190608D50CEB040EB64503F07F0363
:100CE0003FF6E6AE04F8013B0132DFE71FB198F9A9
:100CF0000020002A17DB029BD3B11AF80B2004F85E
:100D0000012B0022019B18191044B0423FF6D0AECF
:100D100098F8000004F8010B00990392204616F0A1
:100D2000D8FD039A14440AF1010A08F10108C8E742
:100D300098F8002055F822300093029B45F82230A5
:100D40000098FCF716FE421CDCE76FF00D00B1E6E0
:100D50002DE9F04F97B000AFC7E90A3205468A4641
:100D600049B903784678807800EB830028445645DB
:100D700024D8A0EB050AD7F8803095F80280D7F880
:100D8000804003F00103FB61EB787B62B8F1000F58
:100D90000CBF002404F001041BB1D7F880309A077F
:100DA00015D4A4B9FB6A1BB1BA6A514628469847C4
:100DB000564630465C37BD46BDE8F08F441C2046A1
:100DC000FCF7D7FD013020440AF1010ACFE7D7F83C
:100DD0008030C3F3C0033B622B78BB619B003B6157
:100DE0006B687B61BB6905EB830BFB6A002B77D1DA
:100DF0005646D844BCB11C461BF8013B55F82300AD
:100E0000FCF7B7FDD7F88430013043B1D7F888300C
:100E1000A34282BFD7F8843023F814000134C345BD
:100E20000644E9D1D846D7F8803013F0050F0CBF3F
:100E30004FF0020B4FF0010B4FF000097B6A994510
:100E4000B7D298F8013055F823A0AE4B9A4508F177
:100E50000208C0F04B81AC4B3A6A9A452CBF002384
:100E600001230AB318F8021C7869FB6211F092FCA6
:100E7000FB6AC8B1EA468AB06A46A44B05937B690F
:100E8000CDE906314FF40073ADF82030A04B42F8A5
:100E9000103FA04800234FF4125100F0F1FC023E35
:100EA000D54609F10109C9E723B1FB6933B9A6EBBE
:100EB0000B06F6E7D7F880309B07F2D55046FCF7D3
:100EC00058FDD7F884304BB1D7F888309C423FBFEB
:100ED000D7F88420431C22F8143001340644E0E79C
:100EE000002C69D1B8F1000F6CD0D7F880305807CA
:100EF0006BD5C14607F148004246594616F0E9FC59
:100F00000BEB0803FB6000220233796A8A425ED34E
:100F1000D7F8802095F801B0F969920704EB0B032C
:100F2000DBB254BF4FEA59020022002940F0A680EC
:100F3000D7F8801011F0040F14BF494600216B70E0
:100F4000A970EA703969BA6AFB6A28469847061E92
:100F5000FFF62FAFBB692B707B6AEB704946BA6A0C
:100F6000FB6A85F801B085F8028007F148009847D0
:100F7000B0F10009C0F2B6803B697A6A786A03EB87
:100F80004201FB68BA6A414403EB4000AAEB01014D
:100F9000FB6A98470028C0F2A780B14409EB00061D
:100FA0004FF0000B07F1380AA34569D30021BA6A54
:100FB000FB6A08469847FCE6444607F138004FF0C4
:100FC000000999E74446C1469AE7A14698E713F815
:100FD000016CDFF830C155F8260013F8021C60459B
:100FE000C0F08A80DFF820C16045386A2CBF4FF01E
:100FF000000B4FF0010B38B17869C7E9013211F0ED
:10100000C9FBD7E90132F0B9BBF1000F1ED0F96975
:1010100049B1611C04F1280007F13004041904F8F7
:10102000206CCCB20FE0D7F8801049070BD509F13E
:10103000280007F1300C09F1010100EB0C0909F857
:10104000106C5FFA81F9013202335EE7D7F8800055
:101050008007DED409F1280C07F1300EF44409F1C1
:1010600001000CF8101C07F1580151FA80F009F149
:1010700002095FFA89F900F8106CE4E700215EE7E5
:101080001BF80A3087F8373055F82390D7F88430AA
:101090002BB3D7F888309B4521D2D7F8843033F86A
:1010A0001B80BA6AFB6A012107F1370098470028C4
:1010B0001ADB0644B8F1000F06D14846FCF759FC8C
:1010C00000F101081FFA88F8BA6AFB6A41464846EF
:1010D0009847002808DB06440BF1010B64E74FF04A
:1010E0000008DEE74E4664E6064662E63B6A002BF1
:1010F0003FF4E0AE0023B5E6386A0028A6D04FF0F2
:10110000000B79E7307A020060CA0200FDA00200FD
:10111000040000010C7F0200014B1860704700BF03
:101120000024002080B505460E46174698460EF06E
:101130003DF9034601F076FCDFF81890044649F8C3
:101140000030424630463946A84754F8090001F0BD
:1011500005FC00BF080000002DE9F047058B0446A0
:10116000280717460CD501290CBF45F0100545F09E
:101170002005258387F31188BFF36F8FBDE8F087C3
:10118000022905F0070540F09480204611F0A8FDE3
:10119000052864D801A353F820F000BF75110100A1
:1011A000B31201005F120100211201003B12010085
:1011B0004D12010001F007035A1F012A1FD8002217
:1011C00021F00701062BD4F8008089B2C4E900227F
:1011D00009D1434603E0628B013262831B68002B16
:1011E000F9D141F002012183204611F079FD4FF041
:1011F000000900286DD041F02001218369E0042B13
:101200000AD121F0070189B22183204611F068FD3F
:1012100010B141F0200121834FF00008C14658E091
:101220002369D3F80090238B23F0070343F00603D0
:1012300023834FF0000846464BE02369D3F804901F
:10124000238B23F0070343F00403F1E72369D3F86A
:101250000890238B23F0070343F00503E8E74FF0E2
:101260000008C146E7E7012243F00803238387F320
:101270001188BFF36F8F002A3BD1B8F1000F4AD11C
:10128000B9F1000F02D02D492046C847EFF311876E
:10129000402383F31288BFF36F8F238B23F008035F
:1012A0009BB22383D9063FD523F01002228303F09B
:1012B00007056669218B002EBFF67CAF0023D4F8AA
:1012C000008021F00701C4E9003341F001012183CE
:1012D0009946238B03F0070AAA4502D0A268002A88
:1012E000C1D1B8F1000F02D1B9F1000FDAD000225C
:1012F000BAE7A1680029C0D00D680029BDD04F68A9
:10130000334652462046B8471DB12B6829461D4634
:10131000F3E72B46FAE74146334652462046D8F8D3
:10132000008011F009FDA8E79A067FF523AF23F0AE
:101330002002228303F0070527E700BF652D020086
:101340002DE9F047DFF85480044607464FF00109C5
:1013500094FAA4F5B5FA85F509FA05F32E0108EB20
:1013600005156FEA030A24EA03042B7B63B158F8DE
:1013700006301B696BB94644042273682846196815
:1013800007EA0A0711F0ACFD002CE1D13846BDE8B0
:10139000F087284698470028F6D1ECE7B47F020092
:1013A00010B50F490F4888B0002215F095FB0022B8
:1013B0000023CDE9062300240E23CDE90334CDE933
:1013C0000144094B094900944FF4407208480DF05C
:1013D00075FD0849064815F0CBF9204608B010BD48
:1013E000F91301007845002029170100406800200A
:1013F000F0340020BCA1020001480DF063BA00BF28
:101400008C2700202DE9F047804621480F4611F037
:1014100047FD0646002833D000252846BDE8F08762
:10142000237B83B12368DB680BB120469847636850
:1014300083F8069023681B69D3B96368042219688E
:10144000204611F04DFD013610345445E8D3B8F173
:10145000000FE2D0002DDFD02846FFF771FF0546D0
:10146000002FF7D000214FF4A47015F042FAF1E7F5
:10147000204698470028E0D009FA06F31D43E2E72A
:10148000044CDFF814A005464FF00109DDE700BF6A
:10149000385B0020B47F0200C47F0200014B53F888
:1014A00020007047FC83020008B5034608462BB1B4
:1014B000044A136000F044FC002008BD6FF01500E2
:1014C000FBE700BF0424002010B5044C237813B9B7
:1014D00003480DF0F7F90123237010BD9763002036
:1014E0008C27002010B504460B4811F0D9FC5CB1E4
:1014F000BFF35B8F094B53E8001F013943E800122B
:10150000002AF8D1BFF35B8F05480EF073FA054847
:10151000BDE810400DF0D6B9305B0020345B0020F0
:10152000784500208C270020064BBFF35B8F0022FC
:1015300053E8000F43E800210029F9D1BFF35B8F86
:10154000704700BF305B002070B5FFF7EDFF084C1F
:10155000084E0546B44200D370BD63685B792BB179
:1015600023685B6813B12946204698471034F1E799
:10157000B47F0200C47F020010B5044C0449204629
:1015800011F043FA034B1C6010BD00BFE826002099
:10159000E8830200285B00200D4A0E48002310B5A6
:1015A00013700D4A13600D4A4FF400411360FFF7AA
:1015B0007BFFFFF7E1FF0A4B0A4918468B4200D335
:1015C00010BD1A1A5C681211013222711033F5E74E
:1015D000986300209D2E0200305B0020345B0020C9
:1015E000B47F0200C47F02000146002201480023AC
:1015F00011F02CBAE8260020014811F0C3BA00BF50
:10160000E8260020024B0146186811F016BB00BF07
:10161000285B0020014811F04BBB00BFE8260020EA
:1016200070B52A4B1B78002B4ED0FFF7E5FF044620
:10163000002846D1264B274D1B68002B19DD15F0DD
:1016400003FA4FF47A76A0FB063206FB0121D5E9B6
:101650000020DB0B43EA41439B1A4FEAD13140F2B1
:10166000E93261EB0001934271F1000101D3FFF710
:101670006BFFD5E9003213F57A7342F10002C5E938
:1016800000320CB3BDE87040FFF7C4BF6B685B79F4
:1016900023B12B6821461B68284698471035B54270
:1016A000F4D32046FFF7AEFFBFF35B8F0A4B53E83E
:1016B000001F013943E80012002AF8D1BFF35B8F05
:1016C000B8E7064D064EEAE7002070BD976300209C
:1016D000305B002070450020345B0020B47F0200A6
:1016E000C47F020070B50D4D297861B90120FFF764
:1016F00089FE0B4C0B4EB44206D3FFF791FF002836
:10170000FBD101232B7070BD63685B791BB123682B
:1017100020469B6898471034EDE700BF986300208F
:10172000B47F0200C47F020000212DE9F84308467F
:10173000FFF768FE044648B340F267684FF00009BF
:1017400001F070F91A4B1B4A1B58136033B11A4B46
:101750001B68092B02DD19480DF0B4F8184F00255D
:1017600044B12046FFF7ECFD044618B94FF0FF38AE
:101770004FF0FF39FFF754FF064628B9B5B90F48B7
:1017800042464B460DF0D2F83546E9E74FF0FF38B8
:101790004FF0FF39D4E72B689B691BB1002211463B
:1017A000284698471035BD42F5D3E8E7054DFAE7DE
:1017B000080000002C5B0020345B00208C270020F8
:1017C000C47F0200B47F020013B5184811F068FB13
:1017D000174B1B7873B1EFF31184402383F3128806
:1017E000BFF36F8FFFF71CFF84F31188BFF36F8F78
:1017F00002B010BD0F4B1B68002BF9D050B900226E
:101800000023CDE900230C484FF4004200230EF0E2
:10181000B9F8EDE70928EBD107480EF0EBF80748D7
:1018200002B0BDE810400DF04DB800BF345B0020A1
:10183000986300202C5B0020784500208C27002036
:1018400010B5064B1B68044698472146A060044823
:1018500011F079F9BDE81040FFF7B6BF042400206D
:10186000E8260020044A054B9B1AB1EBD30F34BF86
:1018700052F8310000207047747E0200B47F0200ED
:101880002DE9F04F8FB004AFC1F34A26B8600D4682
:1018900090467B600C0D002E61D04FF000090A23AA
:1018A0004FF0040B07F1140AFE60C7E90799C7F867
:1018B00024900093CDF808B0CDF804A007F11C03E4
:1018C000F9684A464046FFF743FAB0F5006F034611
:1018D0001CD36C468AB0D8F8041004AB2448C3E982
:1018E000050140F2FF71D9611A464FF40071198465
:1018F000204B42F8103F20484B464FF41251FFF75F
:10190000BFFFA5462C37BD46BDE8F08FC0F30A06E1
:1019100004F11700184420F0070080083B60FFF72F
:1019200063FE66F35325044680B13B68134A00F119
:101930001001C7E90839F961CDE901AB0A23009329
:10194000F96807F11C034046FFF702FA66F35325D6
:101950007B68B9682A46204611F0E2FAD2E704F122
:10196000170020F007008008FFF73EFE0446EDE771
:10197000D1A10200040000013C7F0200F32E02000E
:101980002DE9F04F87B0DDE9127ADDE9106B0546ED
:10199000884614469946BFB11021CDF800A03B46B9
:1019A0005A460020CDF814A0FFF71EF8B0F5006FDE
:1019B00001460BD3194A1A4840F2FF73022107B0BF
:1019C000BDE8F04F11F005BB3946384604F0070377
:1019D00005F00704E40044EA831444EA402444EA9E
:1019E000065406F11700084420F007008008039110
:1019F000FFF7FAFD054640B13FB10399CDF800A0CD
:101A00003B465A461030FEF7EFFF4B462246414612
:101A1000284607B0BDE8F04F11F082BA10A20200CC
:101A20003C7F0200406820B1034BC01A40F3CF0056
:101A300070474FF0FF307047747E02000EB403B55C
:101A400003AB014653F8042B0448019301F070F9ED
:101A500002B05DF804EB03B0704700BF3530020000
:101A6000CA0605D48B064CBF02490349FFF7E6BFFF
:101A7000704700BF49A2020048A202002DE9F04FC2
:101A800089B09846159B0693DDE916A39DF8509002
:101A9000189F059204460D460493B9F1000F00F01B
:101AA000B08007F48073079311F018FA07F0020B67
:101AB0000246002874D078492046FFF7BFFF06464B
:101AC000BBF1000F08D017F0440F6BD173492A46C1
:101AD0002046FFF7B3FF064407F0010353B1704BF4
:101AE000704953F82920704B2046002A08BF1A4637
:101AF000FFF7A4FF07F48073002B07F0080318BF5B
:101B00004FF00008002B79D0684B694953F8292021
:101B10002046FFF793FF0546059B2BB165491A4602
:101B20002046FFF78BFF0544B8F1000F05D062494E
:101B300042462046FFF782FF054460483544069B35
:101B40001BB15F49224610F0F4FD049B002B00F00E
:101B50008E80DDF810803946B8F1100F204628BF7E
:101B60004FF01008FFF77CFF0026B54250DC00263E
:101B700033461AF8032053492046FFF75FFF01362A
:101B8000102E4BD0710703D14F492046FFF756FF67
:101B900046453346EDD34D492046FFF74FFFEEE76C
:101BA00006468DE74A4B1868002894D0494B4FF4FD
:101BB0007A7B1B68B5FBF3F54FF46163B5FBF0F17D
:101BC00000FB11550BFB05F54FF03C0CB1FBF3F29C
:101BD00003FB1211B5FBF0FEB1FBFCF300FB1E553D
:101BE0000CFB13110BFB05F50091B5FBF0F53A4921
:101BF000CDE901E52046FFF721FF6CE707F0080576
:101C00008AE7B8F1010F0CBF2C4834484D4696E7DF
:101C10002D492046FFF712FF0136A6E7304920463E
:101C20000026FFF70BFF33461AF803202D49A2F1D7
:101C300020035F2B28BF2E222046FFF7FFFE013630
:101C4000102E0DD0720703D11F492046FFF7F6FE74
:101C5000B0453346E8D81C492046FFF7EFFEEEE7D3
:101C6000049BB3EB0803C24404937FF472AFB9F151
:101C7000000F0AD0FB0704D50B4A0A492046FFF79C
:101C8000DDFE39462046FFF7EBFE204609B0BDE8F1
:101C9000F04F11F0C2B900BF50A2020054A20200DE
:101CA0000C840200A3AC02004BA2020020840200BC
:101CB00079A202007FA2020083A202003530020056
:101CC000312D010088A2020090A202008EA2020023
:101CD000405B00203C5B00205DA202006B300200F4
:101CE00092A2020094A2020073B542F20F738B42DB
:101CF00028BF0B4605680F4A0446052168460FF0C9
:101D0000C5FD63680C495B6806460B22284611F046
:101D100076F963683246694628465B6811F06FF9C8
:101D2000636806495B681B22284611F068F902B017
:101D300070BD00BFF4C60200B5C8020099C8020019
:101D4000074A00210123904206D8064A01B901231F
:101D50001360054B1860704740085B000121F2E7F3
:101D600040420F003C5B0020405B0020014B012201
:101D70001A70704799630020014B0020196070476A
:101D8000585B00200148FFF7AFBF00BF508402003E
:101D900010B5064B18680C46FFF780FB214603463A
:101DA000BDE8104002480F22184700BF585B0020D2
:101DB00050840200F8B5094D094B0A4ED5E9004799
:101DC00001221A700CB92C60F8BD214630463A4603
:101DD00000F01EF8241A0644F4E700BF4C5B002014
:101DE0009A6300209B63002010B9074B187070475E
:101DF000064B1B781BB141F2883014F020BAA420A6
:101E0000002114F076BD00BF996300209A63002082
:101E10002DE9F047DFF88090204E80460F460425DC
:101E200099F80040ACB914F0FDF93A4682464146B3
:101E300020460CF0B1F90446504614F0FBF9ECB121
:101E40000123337099F800307BB93C462046BDE849
:101E5000F0873A46414600200CF09EF90446EEE732
:101E60002846FFF7C1FF6C1E254600200CF024FA1F
:101E70000028EAD03378002BF2D1E6E7337833B18B
:101E8000013D2846FFF7B0FF3378002BC8D13378E7
:101E9000002BDAD0DAE700BF9A63002099630020B4
:101EA000014B0360002070476084020010B5DFF82A
:101EB00024C086B04FF42814CDE904C40824029449
:101EC00004AC0194BDF82040009412F078FD06B0F7
:101ED00010BD00BF18002800024B01221A7000201C
:101EE000704700BFAD6300201FB501240294044C6D
:101EF0000194BDF81840009412F061FD04B010BDCB
:101F0000AD630020B0B5144A144B012900AF6C46F4
:101F100088B006BF1346012500256A461049CDE961
:101F200005134FF40073ADF81C300E4B42F8103F10
:101F300000230D484FF4E651FFF7A2FC0B4BA546DA
:101F40001C683CB154F8083C083C0BB12846984743
:101F5000A468F6E7BD46B0BD0A9502009F93020053
:101F6000C3A20200030000011C7F02005C5B002092
:101F700070B516461D46104A1048032111F029F885
:101F80000F4B1C687CB1083C6FF0850063682BB177
:101F90003078984710B110F1860F09D1A4680CB1C0
:101FA000083CF3E710B16FF07F0070BD2846FCE7F6
:101FB0006FF00D00F9E700BFD8A202001C7F0200FD
:101FC0005C5B002010B50D4C86B0062360701822B3
:101FD00000216846237015F08AFC094B6946CDE95B
:101FE000013400200223ADF80C3006F053FF10F14D
:101FF000800F08BF002006B010BD00BFAB630020FB
:102000000085020010B5084C86B024788DF8174082
:10201000012402940DF117040194BDF820400094AE
:1020200012F0CDFC06B010BDD426002080B50D4ABC
:102030000D4B00AF88B0012908BF13466A460B4913
:10204000CDE905134FF40073ADF81C30084B42F88E
:10205000103F084800234FF4E651FFF711FCBD463E
:1020600080BD00BF0A9502009F930200F6A2020005
:10207000030000017C7E020000B589B064288DF861
:102080000700C2B219D80E4B00211A7002A81822FC
:1020900015F02DFC0B4B03930DF10703049302A9DC
:1020A00001230020ADF8143006F0F4FE10F1800F8B
:1020B00008BF002009B05DF804FB6FF01500F9E7D8
:1020C000D4260020A085020008B5044810F083FB48
:1020D000034810F080FB002008BD00BF0FA30200E2
:1020E00044A3020008B50348034A0021121A11F064
:1020F00036F808BDE0280020346800200748084A68
:10210000084908B5121A11F02CF80748074A08497F
:10211000BDE80840121A11F024B800BFC02000200A
:10212000DC28002068CA0200B8200020C02000205F
:1021300060CA02002DE9F047064600AF0C460029B0
:1021400036D0E9468AB0D1E90012A3686D4621482D
:10215000E8464FF0050ACDE90501CDE9072348F827
:1021600010AF1D48424600234FF42151FFF788FB72
:10217000CD46D4E903126369AD461848C5F810A0EE
:10218000C5E90501C5E907231348002342464FF47A
:102190002151FFF775FBCD46E369114A0E48012135
:1021A00010F017FFA3690F4A0B48012110F011FF2F
:1021B000012E07D1EFF305830B4A0748103B314648
:1021C00010F007FF214630460CF0A6F8BD46BDE8EA
:1021D000F08700BF71A30200847F0200A0A3020069
:1021E000CFA30200DEA302000CA4020030BFFFF761
:1021F000FDBF00BF2DE9F0410B4EDFF8308006EB4C
:102200000807CC1B054632460949204615F061FBFC
:10221000A01942460021083C15F069FB2C6707F124
:102220000800BDE8F08100BF0000000004000000CD
:10223000C47F020010B5204C2049214810F09EFFB9
:10224000A36A990136D51E481E4910F097FF1E203B
:10225000A36ADA0104D51A481B4910F08FFF1F202A
:10226000154CA36A1B0304D51548184910F086FFC6
:102270002120A36A590304D51148154910F07EFFA7
:1022800022200D4CA36A9A0304D50D48114910F081
:1022900075FF2320A36ADB0304D509480E4910F01B
:1022A0006DFF2420044A936A6FEA03436FEA1343E5
:1022B000936210BD1D20CBE700ED00E01FA40200DB
:1022C000847F020037A402004AA4020064A4020032
:1022D00082A40200A7A40200C1A4020070B50646B1
:1022E0000D46284C2849294810F048FFA36AD90414
:1022F0003CD52648264910F041FF1720A36A1A054D
:1023000004D52248234910F039FF18201D4CA36A38
:102310009B0512D51D48204910F030FFA36BA26A1F
:10232000100409D51D4A1948012110F052FE1EB1B2
:10233000A36A23F40043A3621920124CA36A59052F
:1023400004D51248164910F019FF1A20A36ADA05BD
:102350000ED50E48134910F011FF1B20094A936A4D
:1023600043F47F43936200232B7070BD1620C5E7B2
:10237000A36A9B04F2D505480B4910F0FFFE1C2010
:10238000ECE700BF00ED00E0ECA40200847F020057
:1023900002A5020013A5020026A502003FA5020027
:1023A00054A502006FA5020087A502002DE9F8439D
:1023B000804689461746354D3549364810F0DEFED1
:1023C000AB6ADE0627D53449324810F0D7FE112417
:1023D000AB6A1D0704D531492E4810F0CFFE1224F8
:1023E0002A4DAB6A980718D52D492A4810F0C6FE29
:1023F0006E6BAB6A190646D52A4A26483346012138
:1024000010F0E7FDB9F1000F03D0AB6A23F08003B1
:10241000AB62132403E01024DAE76FF015061B4DBE
:10242000AB6ADA0704D520491A4810F0A7FE142435
:10243000AB6A9B0604D51D49164810F09FFE152473
:10244000124B9A6AD50602D49A6A90070AD55B683D
:10245000190507D54146304600F036FA10B180F331
:1024600009880224094B9A6A920642BF5A6A22F4EA
:1024700000525A629A6A42F0FF029A6200233B704D
:102480002046BDE8F8836FF01506C2E700ED00E0D6
:10249000B6A50200847F0200CCA5020013A50200AD
:1024A000FFA5020017A602002DA6020087A50200C4
:1024B0002DE9F041684B8AB0D3F8048000AF0446A0
:1024C000C8F30806002585F31188BFF36F8F02F06B
:1024D0007F43B3F17F4F07D102F00C03082B12D1D9
:1024E0005E495F4810F04AFE00252C460023FB7130
:1024F000F31E092B00F28F80DFE803F00A85888144
:102500008D8D8D8D8D8B10074CBF0C460125EDE711
:1025100054495348504E10F031FE0023FB71F36ACA
:102520009A0705D550494E4810F028FE00232DE0AB
:10253000F36A002B01DA4D49F5E7F36A5B00F5D544
:102540004B49474810F01AFE7369A26943F480733F
:102550007361BFF34F8FBFF36F8F32F8023C726924
:1025600022F480727261BFF34F8FBFF36F8F03F459
:102570007F42B2F55F4F2BD1DBB2022B28D123680B
:102580003C4A3748012110F024FD2368FA79DAB972
:1025900007F1080604F1200C20686168324603C286
:1025A000083464451646F7D17A6A002D50D0C2F33C
:1025B000080121B96FEA52226FEA42227A6207F1DA
:1025C00008011846FFF7B6FD2837BD46BDE8F08183
:1025D000214B9A6AD2B22AB1FA1D01212046FFF797
:1025E000E5FE0EE09A6A12F47F4F04D0F91D012037
:1025F000FFF774FE05E09B6AB3F5803F96D3FFF7C3
:1026000019FE0346C2E7FA1D0021E7E7F91D002085
:10261000EEE7194987E7194A194B18F4F87FE8469D
:102620008AB008BF13466A461649CDE905134FF430
:102630000073ADF82030103E134B079642F8103F60
:10264000074800234FF41151FFF71AF9C5466DE70B
:102650006FF30802B2E700BF00ED00E07AA60200C7
:10266000847F0200A5A60200BCA60200DDA602002F
:10267000EBA602000AA7020026A702004CA6020051
:1026800061A602004AA7020004000001044B5A6937
:1026900042F010025A615A6922F008025A617047EA
:1026A00000ED00E0EFF30880EFF3098101B5724619
:1026B000FFF7FEFE01BD00BF002080F31488BFF3CA
:1026C0006F8F0F4880F308880AF0B8FB00200D498F
:1026D0000860BFF34F8F00F02BF8402080F3118883
:1026E00009484FF40461401880F30988EFF314801F
:1026F0000221084380F31488BFF36F8F00F0B4F811
:102700008093002094ED00E0C08100200749D1F8BB
:1027100090200023C2F307221846934200DB704743
:10272000C1F89830C1F8A0000133F6E700ED00E0F1
:1027300008B572B6002383F31388FFF7E7FF144B45
:102740004FF0FF32C3F88020C3F88420C3F88820FC
:10275000C3F88C20C3F89020C3F89420C3F89820C5
:10276000C3F89C20C3F88021C3F88421C3F88821D2
:10277000C3F88C21C3F89021C3F89421C3F89821A1
:10278000C3F89C2162B6BFF34F8FBFF36F8F08BDB4
:1027900000E100E01EF0040F0CBFEFF30880EFF340
:1027A0000980816911F8021C0229FFD001B5724627
:1027B00010F0D9FC01BD00BF40B2002807DB044A7D
:1027C0004109012300F01F00834042F82130704787
:1027D00000E100E040B200280CDB4309064900F0AC
:1027E0001F0020330122824041F82320BFF34F8F86
:1027F000BFF36F8F704700BF00E100E0054B420957
:1028000000F01F0053F82220012303FA00F01040CB
:10281000704700BF00E100E040B2D30754BF02316F
:1028200000210028ACBF00F16040074A4FEA411385
:10283000ACBF00F5614000F00F00DBB2B4BF135431
:1028400080F80033704700BF14ED00E0044B054AE8
:1028500023F07F039360BFF34F8FBFF36F8F7047F9
:102860000000000000ED00E008B5FFF7EFFF074AA9
:10287000D2F8883023F47003C2F88830FFF732FCB6
:10288000FFF73CFC00F0B0F80BF06CFE00ED00E050
:1028900042F8203C009B42F81C3C0A49019B42F84C
:1028A000183C029B42F8143C21F001014FF0807368
:1028B00042F8043C42F8081C0023203A02654367B2
:1028C000704700BF25110100094A0346906870B1A6
:1028D00013F1160F006E05D0A0F14002934205D30C
:1028E000834203D2814228BF0020704700207047F6
:1028F000F05E002008B515460B4A0C4B9060026F45
:102900001A600E4600F0A0F82C4686F309880020D5
:10291000034B98472046002100220023014C20470A
:102920009331020025110100F05E0020645B00205D
:10293000014B10221A61704700ED00E0054B5A6907
:102940009B689A421FBF044A536843F08053536008
:10295000704700BFF05E002000ED00E0084B9B6870
:1029600083420BD1EFF3058343B1064B5A6842F023
:1029700080525A605A6A22F400425A620CF01CBD1E
:10298000F05E002000ED00E014498A684FF030004E
:102990001044EFF3098C80E8F01F402080F3128888
:1029A000BFF36F8F0E4F4FF000664A698A603E603A
:1029B000106F0C4C2060506F0023536780F3118818
:1029C00004B5104600F040F8BDE8044002F13000C4
:1029D00090E8F01F8CF3098870470000F05E00203B
:1029E00004ED00E0645B0020044800234021C2188D
:1029F0000133302B82F80013F9D1704700E100E079
:102A000008B5EFF30583064A103B02EBC30152F809
:102A1000330049688847BDE80840FFF78FBF00BF13
:102A2000E87B02000148006870470000645B0020FA
:102A3000024B034A0348012100F08AB8000002203B
:102A400000000020F0850200036E054A403B136041
:102A5000044B4021C2E901131046012100F082B865
:102A6000685B002000000B1508B503461048D0F83D
:102A70009020C2F30722013A934207D90D480E4A2B
:102A8000012110F0A6FA6FF0150008BDC0F89830CB
:102A90000A6822F01F021A4342F01002C0F89C207C
:102AA0008A6842F00102C0F8A0201846EDE700BF96
:102AB00000ED00E0647F020061A70200F0B50E4661
:102AC00085B01F4604460025B5420DDA606810B394
:102AD00097B1431E18420AD0104A11482B460121D3
:102AE00010F077FA6FF01502104605B0F0BD1F2800
:102AF000F2D921680B42EFD12368019310F06CFBEF
:102B0000A36801A90343D0B20393FFF7ADFF10F10F
:102B1000160FE7D0421C01350C34D5E787A7020019
:102B2000647F0200044B0522C3F89420BFF34F8F4B
:102B3000BFF36F8F704700BF00ED00E0BFF35F8F02
:102B4000024B0022C3F89420704700BF00ED00E064
:102B500010B5034C01232278FFF7B0FF207010BDA1
:102B6000AE63002008B50B4A00231278FFF7A6FFDA
:102B700010F1160F07D0084A0021D2F89030C3F3A5
:102B80000723984200DB08BDC2F89800C2F8A010E5
:102B90000130F2E7AE63002000ED00E02DE9F043E4
:102BA0005D485E49D0F890300C68C3F307239C421F
:102BB00085B000F2AE80FFF7C1FF49680022944261
:102BC00001F10C011AD1564F564D3C706846FFF783
:102BD00067F9554C554E81464FF00008C14520D14C
:102BE0003B784D490020D1F89020C2F30722934250
:102BF000C0F28980FFF796FF002050E0C0F89820CF
:102C000051F80C3C23F01F03134343F01003C0F8AA
:102C10009C3051F8043C43F00103C0F8A03001326D
:102C2000CDE7009800EB08114FEA081CCB68234061
:102C3000B3F5000F49D00BD8B3F5001F32D0B3F570
:102C4000800F37D0B3F5801F14D008F10108C5E715
:102C5000B3F1007F42D0B3F1805F48D0B3F1807F01
:102C6000F3D150F80C3088684A6810F0B5FA40F09B
:102C7000887009E050F80C3088684A6810F0ACFAA7
:102C800040F0885040F43020039001A93878CDE915
:102C90000123FFF7E9FE002831DA6FF0150005B0D7
:102CA000BDE8F08350F80C3088684A6810F094FA58
:102CB0003043E9E750F80C3088684A6810F08CFA25
:102CC00040F0C06040F40030DEE750F80C30886817
:102CD0004A6810F081FA40F08270D5E750F80C3065
:102CE00088684A6810F078FA40F48020CCE750F801
:102CF0000C3088684A6810F06FFA2843C4E73B78C4
:102D000001333B70A1E7C1F89830C1F8A00001334E
:102D100069E74FF0FF30C2E700ED00E0FC850200FC
:102D2000AE630020000002110000F0FF0000081157
:102D3000F0B587B007460E461446002110226846BB
:102D40001D4614F0D4FD02238DF802302A46054BAF
:102D5000019321466846CDE904760EF0C1FD07B027
:102D6000F0BD00BFF931020008B502480EF06EFD5B
:102D7000FEE700BFBCA7020008B5024B1B689847DE
:102D8000002008BD745B0020034B044A1860937850
:102D900043F0020393707047745B00208824002086
:102DA00008B50649064821F00701C1F1005202F5B5
:102DB00000320FF07DFC002008BD00BFBDB8002030
:102DC000785B002070B54169867A0B4D044659B195
:102DD000437ADB0706D4242303FB0653DB691B6815
:102DE0009B689847002363612420214600FB06501E
:102DF000BDE8704013F07CBBBC270020024B2422AE
:102E000002FB0030704700BFBC270020827A064BCF
:102E1000242101FB02331A6A1B7D1B33801A23F025
:102E20000303B0FBF3F07047BC27002038B5074B15
:102E3000827A242404FB0233DB69D3E901240C6089
:102E40001568FFF7E3FF04FB005038BDBC270020E6
:102E50002DE9F04385B005466846039190461C462F
:102E600013F0F4FDDDE90067EFF31189402383F3EC
:102E70001288BFF36F8F6B8A002B41D02A8A9A4247
:102E800025D90022002328460BF0EAFC0446F0B1C5
:102E900089F31188BFF36F8F039B002B41D032461B
:102EA0003B46684613F0F7FDA27A264B242101FB2E
:102EB00002332046DB691B6803A91D68DDE9002396
:102EC000A847606170BB2046FFF77CFF24E0698A59
:102ED0004B1E6B8289F31188BFF36F8F2B7D2A8A7B
:102EE0002C6A1B3323F00303521A02FB0344154BD5
:102EF000154AEB1A9B105343A3722B7DE372CBE769
:102F000089F31188BFF36F8F2346424628460BF0A2
:102F1000A7FC04460028BFD10024204605B0BDE828
:102F2000F0836361012300252381039B6382E27A9E
:102F30006560294604F1180014F0D9FC6369258204
:102F4000E360EAE7BC270020398EE33870B50D4C0A
:102F5000242500B970BD037A4668002BFAD0013BE6
:102F6000DBB20372002BF5D1C3604360837A05FBAB
:102F700003439B6913B198473046EAE7FFF722FF06
:102F8000FAE700BFBC270020044A0123C2F84035FD
:102F90004FF080420020C2F87835704700E00140D1
:102FA00048B1054B054A1B68B3FBF2F35843044B89
:102FB00043F00103184770475026002040420F009D
:102FC0005082020070B50B7892B006460C4607ADF1
:102FD000032B31D8DFE803F0022A2C2E19492846AA
:102FE000FAF7BFFC059563780493A3780393E3781D
:102FF00002932379019363790093A379124A1E21E6
:103000000AA80EF043FC10AD0AAB32461C4603CCB6
:10301000AC4210605160234602F10802F6D12068EC
:103020001060A3889380304612B070BD0749D6E780
:103030000749D4E70749D2E7074A0A2128460EF094
:1030400025FCCFE7779A0200999A02007E9A020047
:10305000859A02008F9A02003A9C02000E4B40298A
:1030600070B528BF40210D4C46181D46B04203F1F3
:10307000020304D1002305F81130074870BD02781F
:103080001209A25C03F8022C10F8012B02F00F02C7
:10309000A25C03F8012CE9E7AF630020DBC8020063
:1030A00010B586B0094B0A4803930024CDE90444C7
:1030B00013F0FBFA03AB0093064905480A234FF4CB
:1030C000E8620BF0D1FD204606B010BDE3A7020078
:1030D000B0450020806B0020014601480BF004BE83
:1030E000B04500200146014813F0B4BAB0450020B5
:1030F00030B50378012B11D0022B21D06BB9154BC1
:103100000A4603F1100453F8045B42F8045BA3423F
:10311000F9D143881A0A8A70CB7030BD0D4B0A462C
:1031200003F1100453F8045B42F8045BA342F9D1A5
:1031300043681A0C180E4A700870C3F30722EAE7B6
:1031400000F11003013913F8012901F8012F984209
:10315000F9D1E2E7ECC8020010B510F0A0F913F0C5
:1031600001FB044608B90CF05DF8BFF35B8F064B1A
:103170001B68BFF35B8F0BB10A2098471CB9BDE8F1
:1031800010400CF063B810BD845B002038B50446D5
:10319000084810F042F8054648B1631EDBB21F2B09
:1031A00096BF054A0021D15C0C3010F0A5F82846E6
:1031B00038BD00BF70280020FCC80200054BBFF3DB
:1031C0005B8F53E8002F43E800010029F9D1BFF3DA
:1031D0005B8F7047845B00200F2810B50CD80D283A
:1031E0000CD90A4810F019F8044618B104210C3023
:1031F00010F082F8204610BD1328F2D009B104481F
:10320000F0E7BDE810400220FFF7C0BFB82800205B
:1032100004280020C3681B78024A0348022110F0EA
:10322000C6B900BFFBA70200CC7E020038B5C56856
:103230002B7893B9B5F801400F21204602F088FEA3
:10324000EB78054650B90A4A118831B96FEA045043
:103250006FEA10501080074A137038BD03730121C4
:1032600002F094FD2846BDE8384002F03FBD00BFA3
:10327000606300203064002070B5C3681D78BDB95C
:10328000B3F801600F21304602F062FE044638B9FF
:10329000084A094833460121BDE8704010F087B95B
:1032A000294602F073FD2046BDE8704002F01EBDC5
:1032B00070BD00BF23A80200CC7E020010B5C36819
:1032C000B3F801400121204602F042FE38B9064A17
:1032D000064823460121BDE8104010F068B9BDE85A
:1032E000104002F003BD00BF49A80200CC7E0200DE
:1032F00010B5C3681C880121204602F029FE38B9A8
:10330000054A064823460121BDE8104010F04FB998
:10331000BDE8104002F0EABC49A80200CC7E0200E1
:1033200010B501210C3010F008F80378034A044866
:10333000BDE81040012110F03AB900BF6DA80200AD
:10334000CC7E0200014610B508480FF06AFF08491C
:10335000084813F07FF9031E06DA074A0748BDE85C
:103360001040012110F023B910BD00BF74220020CD
:103370002C250020F04600208FA80200CC7E020001
:1033800010B586B003AB00240093074907480594A5
:103390004FF0FF334FF48062CDE903440BF064FC3F
:1033A000204606B010BD00BF00730020504600202C
:1033B00010B5084C0146062294F86F0003F036F968
:1033C00038B994F86F000449BDE81040052203F0B5
:1033D0002DB910BD40210020C1C80200024A034897
:1033E000012110F0E2B800BFACA80200CC7E0200C0
:1033F000B0B50B460D8A00AF04462946D868FFF7E2
:103400002DFE8AB06A46094BCDE9053440F20243ED
:10341000ADF82430064BCDE907504FF4325142F855
:10342000103F044810F0D4F8BD46B0BDC6A8020055
:1034300005000001CC7E020070B5C568B5F80160DA
:103440000121304602F084FD044638B90D4A0E4889
:1034500033460121BDE8704010F0A9B82B783BB984
:10346000D5F80330C0F89930D5F80730C0F89D3052
:10347000201D4FF4803110F09CF82046BDE87040CC
:1034800002F034BC49A80200CC7E02002DE9F84FBE
:10349000D0F80C90018A99F80040A30001338B42C8
:1034A00000AF63D96D468AB06A463248CDE907312C
:1034B0000523CDE905044FF4215142F8103F2E4871
:1034C00010F086F8AD46BD46BDE8F88F2B4A2A4875
:1034D0002B46012110F06BF8013699F800309E421E
:1034E000F1DA09EB86030F21B3F80150B3F803803A
:1034F000284602F02DFD04460028E7D000F1C00A5E
:10350000B8F1000F06D0656945B91D4A1A48012176
:1035100010F04BF8204602F0E9FBDDE7A2692B68CA
:103520006361954208BFA361204602F001FB0BF0E6
:10353000C9F9C5F800B0236AABB9C4E90755BFF3B0
:103540005B8F5AE8003F013B4AE80032002AF8D17D
:10355000BFF35B8F0021204608F1FF3802F0F4FA38
:103560001FFA88F8CCE71D602562E8E70026B3461D
:10357000B3E700BFE8A80200CC7E020013A9020056
:103580002FA9020037B502EBC303044608469A424E
:1035900002D16FF05E0010E0114611F8085BA54201
:1035A00011D1038A5178994209D90848084A0094F0
:1035B00001210FF018FD6FF0150003B030BD536806
:1035C00098470020F9E70A46E1E700BFCC7E0200F9
:1035D00046A902002DE9F0470C460BF023FEE568F2
:1035E0002B78022B75D0042B0AD03E4A3E4801218D
:1035F0000FF0DDFF2046FFF7A9FC6FF015040EE089
:10360000B4F81080B8F1020F0ED8384A4346364855
:1036100001210FF0CCFF2046FFF798FC00240BF0AF
:1036200015FE2046BDE8F08768783E280CD1B8F139
:10363000030F02D12E4A4346E9E7EB78012B01D074
:103640000A2B46D1032704E00FF09DFF0746F80739
:103650003FD504F10C0601213046D4F814A00FF038
:1036600064FE022130460FF068FE814600783E2855
:1036700007D1E3681B78012B01D00A2B06D1032662
:1036800014E00FF080FFC10706460FD4194A1A490B
:103690001A4841F268130FF0ABF8002383F3118846
:1036A000BFF36F8F0323184602DF0226144A99F8EE
:1036B0000000062321460FF0C6FFB2070DD563694F
:1036C000A4F81080A5EB0A0513FA85F5E560BB07A1
:1036D000A4D52046FFF736FEA0E72046FFF736FCCC
:1036E000F5E700BF0EAA0200CC7E020068A9020026
:1036F00084A90200A4A90200D8A90200F1A902002D
:10370000A486020010B5012104460C300FF015FE0E
:103710002146034A0078BDE8104002230FF093BF12
:10372000D486020073B53E480FF090FD0446002891
:1037300073D000F10C0528460FF007FE022803465F
:1037400003D0042847D0374A03E0238A032B05D847
:10375000354A364801210FF02AFF13E0042128469C
:103760000FF0EBFDFF23428806882376238AC6F3F9
:103770000B009A42608309D02C48009201212C4A08
:103780000FF031FC2046FFF7E1FB12E00F2102F0C1
:10379000DFFB054610B9638B264ADAE702F0FEFB31
:1037A000320B20762146284602F024FA284602F001
:1037B0009DFA214BD3F834317BB32049204812F0D5
:1037C00049FF031E29DA1F4A1848012102B0BDE84B
:1037D00070400FF0ECBE284602210FF0AEFD05460A
:1037E00000783E2812D00FF0CEFE10F002060DD168
:1037F000154A1649164840F69A430EF0F9FF86F32B
:103800001188BFF36F8F0323184602DF114A28780F
:10381000062321460FF017FFB4E702B070BD00BFCA
:1038200074220020B7AA020022AA0200CC7E020065
:1038300043AA020067AA0200402100202C25002094
:10384000F04600208FA80200A4A9020089AA020065
:10385000F1A90200E486020010B5012104460C30F3
:103860000FF06BFD2146034A0078BDE810400823A5
:103870000FF0E9BE14870200F8B5012100AF04463D
:103880000C300FF05AFD0678114A002321463046CD
:10389000FFF778FE5F3019D1258AE0682946FFF7E7
:1038A000DDFB6C468AB06A460A4BCDE9053640F22C
:1038B0000243ADF82430084BCDE907504FF43251A4
:1038C00042F8103F05480FF083FEA546BD46F8BDFF
:1038D00054870200CBAA020005000001CC7E020042
:1038E0002DE9F74FDFF818A1BFF35B8F80468946BB
:1038F000174600235AE8004F4AE80032002AF9D15F
:10390000BFF35B8F264644B93E4A3F4843460121F8
:1039100003B0BDE8F04F0FF04ABE2046FFF776FA3D
:103920003A4D4FF00C0B0BFB0050438843451FD022
:103930002046FFF76BFA0BFB00504388344A009394
:103940003148434601210FF04EFBBFF35B8F5AE82D
:10395000003F4AE80062002AF9D1BFF35B8F002BD9
:103960004BD01E46304603B0BDE8F04FFFF7EEBA2D
:10397000A74208D020460FF04BFC3A8AF96804F1C0
:103980000C000FF0B0FC2046FFF740FA0C2707FBB5
:1039900000504368ABB1B9F1000F12D12046FFF7D8
:1039A00035FA07FB005001214268536803F01F00FD
:1039B000814010685B0900EB8300137ACBB10FF0F4
:1039C000F8FD2046FFF722FA0C2707FB005083681A
:1039D000002BC7D02046FFF719FA784305F800906E
:1039E0002046FFF713FA07FB0055A8680AF06AFFA4
:1039F000B8E7C9430FF0EFFDE3E703B0BDE8F08F90
:103A000070220020FDAA0200CC7E0200885B00200C
:103A100025AB020073B5C568B5F8016001213046D9
:103A200002F096FA044640B93E4A3F483346012127
:103A300002B0BDE870400FF0BABD2B781A2B00F130
:103A4000040619D1C378012B50D14FF48041304680
:103A50000FF0AFFD42040FD4D4F88C3000936946C8
:103A6000D4F894300193204603F020F9204602B0A8
:103A7000BDE8704002F03AB92B78BBBBB5F8033013
:103A80002A4940F2E2425343C4F88830B5F8052091
:103A9000A4F89020B5F80720A4F89220A3F5EA52E4
:103AA0000C3A8A4204D9224A1F4802210FF07FFDB6
:103AB000B4F89030B3F5FA7F04D31E4A1A480221B5
:103AC0000FF075FDB4F89230A3F10A0292B240F6FD
:103AD00076418A4204D9184A134802210FF067FD43
:103AE0006FF4805130460FF076FD17E0BFF35B8F27
:103AF0006368BFF35B8FDB04F2D52B78202BEFD10B
:103B000094F89830002BEBD0013B84F898304FF4B8
:103B10002032002304F140000BF010F9204602F09F
:103B20001FFCA3E749A80200CC7E020095F03C00F0
:103B300058AB02007FAB0200A6AB0200B0B53C2838
:103B400000AF04461AD101F0BDFA6FF48071103055
:103B50000FF041FD0020FFF72BFC054630B9124A5B
:103B6000124801210FF021FDBD46B0BD04730021B4
:103B700002F00CF9284602F0B9F8F5E76D468AB074
:103B80006A460B4BCDE905300A4B079340F20133EF
:103B9000ADF82030084B42F8103F04484FF4125162
:103BA0000FF016FDAD46DFE7D2AB0200CC7E02007F
:103BB000F3AB02004AA2020004000001094BBFF36C
:103BC0005B8F1A68BFF35B8F02F00B02BFF35B8F52
:103BD00053E8001F43E800200028F9D1BFF35B8FB2
:103BE000704700BF1422002010B5C1E900239DF8E2
:103BF00008300B720C46FFF709F9034B0C2202FB4D
:103C000000335C6010BD00BF885B0020F8B5024641
:103C10000B4610480FF001FB0446C0B104210C30E4
:103C20000FF050FB2046FFF7F1F80B4D0C2707FB78
:103C30000050002646802046FFF7E8F807FB0050BA
:103C400086602046FFF7E2F807FB00556E602046CD
:103C5000F8BD00BF4C280020885B002029289ABFAF
:103C6000014B185C092070471CC9020070B5C3687D
:103C7000B3F801601D780F21304602F069F904465F
:103C800038B91A4A1A4833460121BDE870400FF08E
:103C90008EBC65B12846FFF7E1FF29460246204663
:103CA00002F01CFC2046BDE8704002F01FB883788B
:103CB000012B07D106F04AFC20460FF04CFC0028EF
:103CC00008BF05252846FFF7C9FF294602462046BA
:103CD00002F004FC002DE5D0064A054801210FF052
:103CE00064FC052120460FF02AFFDBE723A8020031
:103CF000CC7E02000FAC02002DE9F041C668B6F898
:103D0000017035780F21384602F022F9044638B99F
:103D1000204A21483B460121BDE8F0410FF047BC55
:103D200065B12846FFF79AFF29460246204602F071
:103D3000D5FB2046BDE8F04101F0D8BFF278C37A48
:103D4000934205D1154A144802210FF030FCF0E7E8
:103D50008378C272012B08D10AB106F0F7FB204626
:103D60000FF0F9FB002808BF05252846FFF776FF6E
:103D700029460246204602F0B1FB002DD9D0084A60
:103D8000054801210FF011FC052120460FF0D7FE58
:103D9000CFE700BF23A80200CC7E020035AC0200B2
:103DA0000FAC020010B592B004460749482268469D
:103DB00013F08FFD112C9BBF12AB03EB840403485F
:103DC00054F8480C12B010BDE47F020064AC02004D
:103DD000034B0146D3F84C0182689268104700BF3C
:103DE000402100202DE9F04F91B0042100AF4A4856
:103DF0000FF0DFFB6D4688B06A46484B0593484B91
:103E000006934FF40073ADF81C30464C464B42F815
:103E1000103F4648464E4FF4E6510FF0D9FB454B54
:103E2000E17907F12008AD46012998BF1E464046BA
:103E30002146FFF7C7F88AB06A463F4BCDF81C8091
:103E4000CDE905363D4B08933D4B42F8103F3748CE
:103E50003C4EDFF8F4804FF423510FF0B9FBA2463B
:103E6000AD460125E3799D420AF1070A3BDB94F850
:103E700070502846FFF796FF6E468CB0B4F872106B
:103E8000B4F876306A46DFF8C4C00993CDE907512B
:103E90002F4B4FF40075CDE905C0ADF828504FF415
:103EA000535142F8103F21480FF092FBB54694F869
:103EB00071603046FFF776FF8AB0B4F874306A4616
:103EC0002449ADF82450CDE90763234BCDE9051013
:103ED00042F8103F15484FF433510FF079FB443747
:103EE000BD46BDE8F08F51463846FFF76BF8E9460E
:103EF0008AB06A4640F20133CDE905650797ADF80F
:103F000020300A4842F8108F4FF413510FF060FB35
:103F10000135CD46A6E700BF1422002070AC020098
:103F200082AC02004021002003000001CC7E020090
:103F30006CAC02004AA2020086AC0200000201033F
:103F40000400000295AC020004000001A6AC0200CF
:103F500006000001E4AC02000500000100487047C3
:103F6000E09B02000149024812F074BB1C250020AE
:103F70005046002070B505460C4639B1CB684A69F9
:103F80009B1A032B0ED86FF0150509E04FF0FF3098
:103F90004FF0FF31FFF73AFE044618B96FF068059D
:103FA000284670BD2046FEF731FF174B0C2202FB5E
:103FB0000033A618032130465D800FF0A5F9058077
:103FC000238A033B8370012130460FF0A5F940F6A8
:103FD00035439D420FD12046FFF7FAFE05460028E3
:103FE000DED00A4A0346012109480FF0E0FA2046D4
:103FF000FEF7ACFFD4E70748214612F06EFA002521
:10400000FFF7B0FFCCE700BF885B00200BAD0200DC
:10401000CC7E02007C2200202DE9F04784B080464F
:1040200000AF91460C4671B94FF0FF304FF0FF31B1
:10403000FFF7ECFD044660B96FF0680528461037BD
:10404000BD46BDE8F087887AFEF7D8FE3C4B834238
:104050006FD101220021384612F058FA2046FEF7AF
:10406000D5FEDFF8E0A00C2303FB00A0876020460C
:104070000FF002F901464046FFF77CFF054618B1F4
:104080002046FEF763FFD9E74FF4A022002338460D
:104090000AF04CFC064690B14FF4F1732A4A2B49C2
:1040A0002B480EF0A5FB2B48324641460EF0A0FBF4
:1040B00085F31188BFF36F8F0323184602DF204674
:1040C000FEF7A4FE0C2358431AF800605EB36D4659
:1040D0008AB06A46204B0796CDE905381F4B0893F6
:1040E00040F20243ADF824301D4B42F8103F1D480A
:1040F0004FF432510FF06CFA2046AD46093EFEF700
:1041000025FF092E0CD8DFE806F0050B0B08170B6E
:104110000B0B0B146FF06E0590E76FF00C058DE73D
:104120006FF004058AE7B9F1000FA9D0C9F8004083
:1041300084E76FF0150581E76FF00B057EE700BFA0
:104140004C280020885B0020A4A902002DAD0200AD
:10415000F1A9020036AD02007BAD02004AA20200C6
:1041600005000001CC7E020073B506460D4601AA8B
:10417000002142F22F00FFF74FFF044638B1154AE5
:10418000154801210FF011FA204602B070BD0198C8
:10419000C368B3F801203280B3F803302B80FEF7F8
:1041A000D5FE3388A3F11B02E02A04D90B4A0A4842
:1041B00002210FF0FCF92B88A3F5A47292B244F20D
:1041C00048118A42E0D9064A034802210FF0EFF96C
:1041D000DAE700BF9AAD0200CC7E0200BAAD020061
:1041E000DFAD02002DE9F04F8DB0604BB0F80190CB
:1041F000198849F4704291424FF0000608BF1E80B2
:10420000054608BF5A4B00AF08BF1E7800F0A8FC57
:10421000EB78012B08BF574B05F1040A50460CBF41
:1042200093F86F4000240FF036F907F10808514663
:1042300080B340460FF024F9D5F81130C7F80130AB
:10424000B5F81530A7F805304FF0010BEB78012BCE
:1042500037D007F1100451462046FEF7B3FE6D46F5
:1042600088B06A46444B4548CDE905344FF40073A5
:10427000ADF81C30424B42F8103F4FF4E2510FF0C2
:10428000A7F91321AD4648460FF019FA3437BD4659
:10429000BDE8F08F20460FF064FB03460068B8606D
:1042A0009A889B796868A8F8042088F80630BAF8DC
:1042B00004209AF8063095F804B03860BA80BB71D3
:1042C000C4E74046FFF774F804460028C1D003460F
:1042D000B5F8012023F8702BB86898F80620B8F8D4
:1042E000041020679A719980B5F8173040F2E242C5
:1042F0005343C4F88830B5F81930A4F89030B5F8B5
:104300001B30A4F89230EB78E3700022012B22736B
:104310001AD187F800B0BA88BB793868A4F87B2036
:1043200084F87D30C4F8770000F0CCFE237A114980
:10433000C3EBC3035A18CB58C4F87E309388A4F853
:104340008230937984F884300721204601F01EFDE5
:1043500026B126730121204601F018FD204601F008
:1043600059FE204601F0C2FC90E700BF60630020C8
:10437000306400204021002002AE0200CC7E02000A
:104380000300000100B5C368187889B020B109B0F6
:104390005DF804EBFFF7D2BBB3F80120ADF80120C4
:1043A000DA788DF800008DF80320B3F80B20ADF813
:1043B0001720B3F80D20ADF81920B3F80F20ADF891
:1043C0001B205A7C8DF81D20586801901A899B7A11
:1043D0008DF80A30094BADF8082068461A689B88AA
:1043E000CDF80B20ADF80F30CDF81120ADF8153019
:1043F000FFF7F8FE09B05DF804FB00BFD5C8020066
:1044000010B5F9F71DFC034B1B6813B1BDE8104054
:10441000184710BDAC5B002073B52A4D0646D5F891
:104420004C0111F028FF48B9274A284801210FF014
:10443000BCF86FF01204204602B070BD6FF00201AC
:1044400005F1D4000FF0C7F801210FF0B2F810EA1F
:10445000010434D11E4B1E600A4605F5907012F01F
:1044600055F805F59E7012F030F81A4812F01DF953
:104470001949184800946FF007034FF4C0620AF01E
:10448000F3FB1649134812F073F9D5F84C0114499F
:1044900083681B689847044630B1124A03460121DD
:1044A0000A480FF084F8C6E726B902B0BDE87040AC
:1044B000F9F7C6BB05F1C4000AF0D0FBBBE76FF00B
:1044C0007704B8E7402100207FAF0200CC7E0200D5
:1044D000AC5B0020F04600204077002097AF020040
:1044E000D5350100A0AF0200F0B5C5682F88BCB279
:1044F00087B00121204601F02BFD064640B9284A2D
:1045000028482346012107B0BDE8F0400FF04FB81E
:1045100002ACD5F80220D5F80630019469890091E3
:1045200010F0F7FC48B34FF0FF304FF0FF31FFF7CA
:104530006DFB054648B91C4A1A4801210FF035F8B1
:10454000304601F0D3FB07B0F0BD12210C300EF065
:10455000C4FE0346224623F8027B144603CC59606E
:1045600006A98C421860224603F10803F5D12946BA
:1045700042F21A00FFF7FEFCE2E74FF0FF304FF087
:10458000FF31FFF743FB04460028D4D002210C3052
:104590000EF0A3FE2146078042F21B00EAE700BFAF
:1045A00049A80200CC7E0200BCAF020073B5C3680C
:1045B000D9789A781E8842EA0122ADF8002059790C
:1045C0001A7942EA0122ADF80220D9799A7942EAB1
:1045D0000122ADF804201A7A5B7AB4B242EA0323CE
:1045E00001212046ADF8063001F0B2FC054658B96D
:1045F0001D481E4A012123460EF0D9FF0221204604
:104600000FF0BBF802B070BD694601F0FBFE38B98F
:104610001E2120460FF0B1F8284601F067FBF1E7B4
:104620004FF0FF304FF0FF31FFF7F0FA044600285B
:10463000F2D00E210C300EF050FE00230680C0F8A0
:104640000A30BDF800304380BDF802308380BDF8E9
:104650000430C380BDF806300381214642F22000B9
:10466000FFF788FCD8E700BFCC7E020049A8020013
:1046700038B5042104460C300EF05FFE0346408836
:104680005D7818B119782246FFF72AF935B1044848
:104690000AF018F9BDE83840FFF764BC38BD00BF28
:1046A00060220020B0B50321044600AF0C300EF0AC
:1046B00044FEE2680346B0F80100117840F6354246
:1046C000904216D16C468AB06A46104B1048CDE92C
:1046D0000531104B079340F20133ADF820300E4BFB
:1046E00042F8103F4FF412510EF072FFA546BD463E
:1046F000B0BD1D7810B12246FFF7F2F8002DF6D0BC
:1047000006480AF0DFF8FFF72DFCF0E7D3AF020010
:10471000CC7E02004AA202000400000160220020B8
:1047200038B50AF07FFD2F4DD5F83C31002B56D01F
:104730000022002305F590700AF0F8F800284ED109
:104740000022002305F59E700AF08AF8044668B935
:10475000254A2649264840F6AA430EF049F884F334
:104760001188BFF36F8F0323184602DFD5F830316D
:104770005BB1204A204801210EF017FFD5F8300127
:10478000FEF7E4FB0023C5F8303120460EF074FD3F
:10479000C5F830012046FFF71BFB0346C8B1174A96
:1047A000154801210EF003FF15480AF08BF820464A
:1047B000FEF72CFB134B0C2202FB0033588818B178
:1047C00022461F21FFF78CF82046FEF7BFFBFFF7BC
:1047D000C9FBFFF7C7FBBDE838400AF037BD01F061
:1047E00029FCF8E740210020A4A90200EFA702005D
:1047F000F1A902000BB00200CC7E02000BAD02005A
:1048000060220020885B0020F8B50A4DEF7906464B
:104810000024E3B29F4202D86FF0010007E029466E
:1048200030460EF0C6FF0735631C08B12046F8BDC0
:104830001C46EEE74021002037B504460D4671B115
:10484000124928460EF0B5FF48B91148C4EBC4041C
:10485000294620440EF0B7FF002003B030BD684663
:104860000EF000FE0028F8D16846FFF7CDFF0028C3
:10487000F5DA074BC4EBC400184469460EF0A3FFF9
:10488000002DE9D001462846E4E700BFC8C8020071
:104890004021002070B51A4E06223146054613F01D
:1048A00035F838B34FF0FF304FF0FF31FFF7AEF976
:1048B000044608B3062229460C300EF014FD2146AA
:1048C000002242F20500FFF7A7FB044648B110F1B1
:1048D0000D0F04D10B4A0C4802210EF072FF204646
:1048E00070BD33462A6843F86929AA88B28001223C
:1048F00083F868200024F2E76FF06804EFE700BF58
:10490000A92100204BB10200D47E0200084BBFF366
:104910005B8F53E800CF4CF4806C43E800C2002A60
:10492000F7D1BFF35B8F037A19430172704700BF61
:1049300014220020F7B5002104460222084601F0A7
:1049400075FE064648B120460121FFF7DFFF3046DD
:1049500003B0BDE8F04001F0C9B93B4D01463B480A
:1049600000F0AAFB95F813317BB130460EF075FFCD
:1049700058B1374A022137480EF023FF364800214C
:1049800003B0BDE8F04000F097BB95F8132195F80F
:1049900012319A4218D1314A2E4802210EF011FFED
:1049A0000022114642F22900FFF736FB10B12C4AD3
:1049B0000121E0E795F81331013385F81331237AAB
:1049C00043F004032372D9E72246671C12F82E0B2A
:1049D00039460EF005FF064610B1224A01210EE0CD
:1049E00095F81331013385F81331237A43F004032A
:1049F000237295F8A7305B0708D41B4A022115489B
:104A00000EF0DFFE01200EF028FFB7E739466846BA
:104A10000EF0D9FE01234FF0FF304FF0FF318DF83B
:104A20000730FFF7F3F8044660B1082269460C30FE
:104A30000EF059FC3246214642F24E00FFF7ECFAE6
:104A40000028DFD0094AC9E7402100202B390200A5
:104A50005AB10200D47E02008D3802007FB10200FC
:104A6000B0B10200D0B10200F0B102001AB20200EF
:104A700000212DE9F04102220446084601F0D6FD4E
:104A8000054640B120460221FFF740FF2846BDE819
:104A9000F04101F02BB901462A4800F00DFB2846F1
:104AA0000EF0DBFE284D064688B1284A0346012158
:104AB00027480EF08EFA95F8133113B101200EF04D
:104AC000CCFEBDE8F0412348002100F0F5BA95F88E
:104AD000133195F812219A420CD2013B85F813311B
:104AE000237A1D4923F0040302462372022005F0B5
:104AF00017FEE0E74FF0FF304FF0FF31FFF786F889
:104B000004F10108074668B107210C300EF0E5FBFF
:104B100041460EF058FE3246394642F22800FFF771
:104B20007BFA28B10D4A0A4801210EF04AFEC2E77D
:104B300095F81331013B85F81331237A23F00403F0
:104B40002372B8E72B3902004021002035B2020061
:104B5000D47E02008D3802004538020062B20200A5
:104B60000A4BBFF35B8F53E8002F22F4806143E8C8
:104B700000100028F7D1BFF35B8F530504D504491B
:104B80000022022005F0CCBD704700BF1422002097
:104B9000C13902001FB50023CDE9023301908DF821
:104BA0000C1001AA0349022005F0BAFD029805B0D5
:104BB0005DF804FB0139020010B4034670B10A49E4
:104BC00091F8124191F813210CB1944208D20132AC
:104BD00081F813211A7A42F004021A7210BC70474D
:104BE00010BCFFF7A7BE00BF4021002010B4034651
:104BF00098B10B4C94F8121194F8132129B101319A
:104C00008A4203DC10BCFFF733BF12B1013A84F8CB
:104C100013211A7A22F004021A7210BC704700BFE6
:104C20004021002038B50D460649CC7938B12B68B3
:104C30009C4228BF1C46C4EBC40212F04AFE2C6002
:104C400038BD00BF4021002070B5044611BB20B321
:104C500025490EF0AEFD00BB2046FFF7D5FD00282C
:104C60003BDA237853B92148C279002A35D121464D
:104C70000EF0A9FD0123C371104670BD012B04D1B4
:104C8000A37903F0C003C02B07D0194A19480121AA
:104C90000EF097FD6FF01500EFE7144DEB79012B47
:104CA0001ED005F1D4000EF095FDC30707D4002CEB
:104CB000F0D00D4920460EF07CFD0028EAD1EE79B7
:104CC0002146731C3046EB71FFF7B6FD08B930463C
:104CD000D3E7EB79013BEB71CFE76FF07700CCE7DF
:104CE0006FF00B00C9E700BFC8C8020040210020D8
:104CF00087B20200D47E02002DE9F341044640B998
:104D00001A4A1B4802210EF05CFD002002B0BDE8EB
:104D1000F08101AA002141F20900FFF77DF9054663
:104D200008B1144AEDE7019E1349D6F80C8008F14A
:104D300001070622384612F0E9FD28B10F49062284
:104D4000384612F0E3FD18B93046FEF7FFF8DCE70D
:104D5000D8F80130C4F80130BB88A4F805303046DB
:104D60002570FEF7F3F80120D0E700BFB5B20200CE
:104D7000D47E0200CEB20200D5C80200CFC8020025
:104D800007B56846FFF7B8FF044BD87118B16946FC
:104D90000020FFF751FD03B05DF804FB4021002027
:104DA0002DE9F041304EF17988B0002954D196F8C0
:104DB000C24014F0010411D12C4A2D4802210EF0FA
:104DC00000FD0024F471162500240127F379E0B2D8
:104DD00083422BD8002B3FD000203AE06A464FF6A2
:104DE0000940FFF719F908B1224AE6E7DDF800C0EB
:104DF000DCF80C5095F80180B8F1000F0ED0AB1C18
:104E000002AA123518685968174603C70833AB421F
:104E10003A46F7D1186838609B88BB806046FEF739
:104E200095F8B8F1000FCDD1134AC6E708AB05FBE2
:104E30000033694653F8182C33F8143CCDF80120A0
:104E4000ADF805308DF80070FFF7F6FC013400284E
:104E5000BCD008B0BDE8F0810021084608B0BDE82C
:104E6000F041FFF7F1BE00BF40210020ECB202008C
:104E7000D47E020018B3020038B302002DE9F041DD
:104E80001D460E461746034648B145B10A0311D5E3
:104E90004C0708D5284A294801210EF092FC6FF0F2
:104EA0001500BDE8F0810EF070FD0028F9D1012356
:104EB0002B70F6E7B107047824D021492FB1B20650
:104EC00003D591F8D820500632D5C4EBC40411F8AC
:104ED0000480B8F1010F09D10134214418460EF0C5
:104EE0004CFD0028DDD185F8008002E0B8F1000F0C
:104EF000F9D02FB1B30642BF2B7843F002032B70D9
:104F00000020CEE7720710D50D49C4EBC4040F5D35
:104F1000012F07D1013421440EF02FFD0028C0D10C
:104F20002F70E7E7002FE5D1FAE70EF02EFDBEE780
:104F30006FF08500B5E700BF61B30200D47E0200C8
:104F40004021002038B5104DEB7913B100242046E4
:104F500038BDFFF715FF044628B10C4A0C48012163
:104F60000EF02FFCF3E7EB79002BEFD1FFF718FFE2
:104F700004460028F1D1681CFFF78CFC0446002889
:104F8000E5D0044AEAE700BF4021002080B30200D8
:104F9000D47E02009FB302002DE9F74F88460190AE
:104FA0004FF0FF314FF0FF30FEF730FE044600288F
:104FB0004ED020210C300EF090F900212022064620
:104FC000002712F094FCD8F8005006F1010B394686
:104FD000D8F804309F4208D301983170002221464E
:104FE00003B0BDE8F04FFFF717B86A7895F800C036
:104FF000881C13181F2B5FFA80F915D9BCF1090F13
:10500000C9F11F0201D1002A0CDC134A1348012107
:105010000DF0D6FF2046FDF799FF6FF0150003B0A5
:10502000BDE8F08F4FF0080C5FFA82FA0AF1010E2A
:105030000BF801E00131C9B258440BF801C0D1446A
:10504000696812F046FC01375FFA89F10835BFE75D
:105050006FF06800E3E700BFC2B302008C7E02007D
:10506000F7B5CDE90001694642F208009DF82070CD
:1050700016461D46FFF790FF044668B97FB9BFF397
:105080005B8F0C4B53E8001F41F0040143E8001212
:10509000002AF7D1BFF35B8F204603B0F0BD69460D
:1050A00042F20900CDE90065FFF776FF0028E6D05F
:1050B0000446F1E76821002003460148184700BF75
:1050C0005821002000487047582100202DE9F04F5A
:1050D000D0F8109089B0B9F100040546A2480291B9
:1050E00018BF012403930EF07BFC4607924640F163
:1050F0009A816E6870050CD56FF01504029B002232
:1051000040F20110924540F09781204609B0BDE879
:10511000F08FD5F81080B8F1000F01D0B107EBD0B7
:10512000924F2878FB798342E6D9C0EBC0009049C2
:105130000722384412F0EAFB0028DDD0B20706D17E
:1051400097F87030082B02D8AB689F2BD4D916F093
:10515000300F7ED0B8F1000FCED0F3067CD406F429
:105160006036B6F5603FC7D028460EF025FC804675
:105170000028C1D07F487F4E0EF032FC10F4807FB3
:1051800040F0548106F1AC000EF02AFC10F4806F60
:1051900006F1AC0B01D0FFF7E3FC6A680023CDE910
:1051A0000533CDF81B30AB68ADF8103012F4004F6A
:1051B000EB68ADF8123014BF06230723D00348BFB5
:1051C00003F00503910348BF03F0FB038DF81D3086
:1051D000BFF35B8F5BE8003F23F480734BE8003242
:1051E000002AF7D1BFF35B8F2B783B7687F86F30BF
:1051F0002246696860480DF11503FFF73FFE04463B
:1052000000287FF47BAF5D4BB9F1000F31D02A69E4
:1052100011684BF8B31C9188998092799A716B68E8
:105220009A0728D0B9F1000F2CD013F0100F0CBF43
:10523000012304238DF814302B691A68CDF8162049
:105240009A88ADF81A209B798DF81C304FF0000831
:105250001BE0B8F1000F82D1D5E902239A423FF654
:105260004BAF1F2A7FF648AFB3F5804F7FF677AF7D
:1052700042E73F4ACCE79B0502D4039B002B3CD07E
:10528000022300E04B468DF814304FF0FF304FF012
:10529000FF31FEF7BBFC0446002800F0CA800F2255
:1052A00004A90C300EF01FF82146002242F206003D
:1052B000FEF7B2FE044600287FF420AFB9F1000FDC
:1052C0001FD0686810F0030027D107462A48012143
:1052D0000EF08CFB0446002858D0294A29480121A9
:1052E0000DF06EFE002F3FF409AF3846002100F0AC
:1052F0004DFD384600F0FAFC00E703238DF814302A
:10530000A4E7129B039A0298CDF800805146FFF75C
:10531000A7FE04460028D4D0F0E63C7E1449174886
:1053200087F86F40072212F0F1FA60B9164920465B
:1053300001F0FCF8074610B96FF00B04DEE605211A
:1053400000F024FDC2E70D49204601F035F90028A0
:105350007FF4D2AE387E094901F0E8F8074600280C
:10536000EAD00621ECE700BF1422002040210020F3
:10537000C8C80200682100205821002061210020B7
:10538000DBB302008C7E0200C1C8020017B13846B0
:1053900000F0ACFC6B68BFF35B8F9F0728D056E82A
:1053A000003F43F4007346E80032002AF7D1BFF310
:1053B0005B8FBFF35B8FB8F1000F22D056E8003F40
:1053C00043F4806346E80032002AF7D1BFF35B8FD5
:1053D0006B68BFF35B8F58071CD556E8003F43F45A
:1053E000805346E80032002AF7D1BFF35B8F85E691
:1053F00056E8003F23F4007346E80032002AD6D076
:10540000F6E756E8003F23F4806346E80032002ABE
:10541000DCD0F6E756E8003F23F4805346E800323C
:10542000002AE2D0F6E76FF00A0467E66FF077042F
:1054300064E66FF0680461E61988814204D1596816
:1054400011B10978C90702D4013208335AE6054977
:10545000054811F030F94FF470220023024809F09A
:10546000A1FC52E6E95401007021002010B5184853
:105470000EF0E4FA17480EF0B3FA0346DA05C0F36B
:10548000002023D513480EF0ABFA830515D5124939
:105490001248072212F03AFA11490346087E93B9DE
:1054A0001049052201F0C2F8044630B10021017311
:1054B00000F06CFC204600F019FCBDE810400448E8
:1054C00000210EF093BA06222131EBE710BD00BF98
:1054D0005821002068210020C8C802006121002056
:1054E00040210020C1C8020010B5FFF7BFFF0346EE
:1054F00030B1044A0448BDE8104002210DF069BDF6
:1055000010BD00BFF6B302008C7E020070B59AB0E9
:105510001822002103A812F0EAF947F21213ADF89D
:1055200008304FF48073ADF80A303B4B44F201026F
:10553000694602A8CDE904230BF04AF8034638B3C4
:10554000364A374801210DF044FD1F25354BBFF386
:105550005B8F53E8001F21F0010143E80012002A8D
:10556000F7D1BFF35B8F304E09F05CFE346804B1B5
:10557000043C002D2D4D18BF0025002C45D023687C
:105580000BB1284698476468002C3ED0043CF6E7EF
:1055900001AB0098412209A911F084FC034608B12F
:1055A000234ACEE7234A0DF125030DF1650153F897
:1055B000040B42F8040B8B42F9D101AB1E49009851
:1055C000202211F01AFC034608B11C4AB9E70098E2
:1055D0000AF0F4FE054610B1194A0346B1E7154931
:1055E00012480EF02EFA174820310EF02AFABFF3B7
:1055F0005B8F154B53E8001F41F0100143E8001288
:10560000002AF7D1BFF35B8FA0E70023C6E9003380
:1056100009F01CFE1AB070BD000002091CB40200A3
:10562000BC7E0200B05B0020B85B002091640020CB
:105630003AB4020051640020316400205DB40200DD
:1056400081B40200B16400201422002030B5A7B05C
:105650001822002107A812F04AF904233D22002154
:1056600016A8159312F043F947F21213ADF818304B
:105670004FF48073ADF81A302B4B2C4944F20102E1
:10568000CDE9082306A804AB20220AF0D5FE034684
:1056900000B3274A274801210DF09BFC6FF004045A
:1056A00009F0C0FD244B1D6885B100201860234B14
:1056B000BFF35B8F53E8001F21F0020143E80012A3
:1056C000002AF7D1BFF35B8F44B3A84709F0BEFDB2
:1056D00027B030BD1A4B0DF1550203F140001946B9
:1056E00053F8044B42F8044B8342F9D105AB0293C3
:1056F0002023CDE900130C480499412315AA11F089
:10570000A0FC034608B10F4AC4E704980AF056FE0D
:1057100004460028C4D00C4A0346BBE70DA808493C
:105720000EF08FF90DA8D0E70000020931640020C7
:10573000A1B40200BC7E0200B45B0020B05B00207C
:1057400051640020D7B40200F3B4020008B5044944
:10575000402212F0DBF8B0FA80F0400908BD00BF2B
:1057600046C9020010B59AB004461822002103A8C9
:1057700012F0BDF844F21213ADF808304FF4807304
:10578000ADF80A30154B4FF48042CDE90423214691
:1057900004230DF125008DF824300EF052F904F1A8
:1057A00020010DF145000EF04CF901AB412209A991
:1057B00002A80AF041FE044602A811F08EFC2CB9A2
:1057C00001980AF0FBFD01201AB010BD0448054AFB
:1057D000234601210DF0FDFB0020F5E70000020942
:1057E000BC7E020010B5020010B500283FD0234A4D
:1057F000136823B1043B98423CD05B68F9E7204B27
:10580000BFF35B8F1968BFF35B8F890707D51D480E
:105810001D4A02210DF0D4FB6FF00F0010BD14687B
:105820004460011D5068116000B95160BFF35B8F87
:1058300053E8002F42F0010143E800100028F7D19F
:10584000BFF35B8FD30701D50020E7E70F4BBFF312
:105850005B8F53E8001F21F0100143E80012002A7B
:10586000F7D1BFF35B8F0A48FDF73CFCECE76FF024
:105870001500D3E76FF07700D0E700BFB85B0020DA
:10588000B05B0020BC7E020034B502001422002070
:105890004C250020054BBFF35B8F1B68BFF35B8F6C
:1058A00013F0100F024808BF002070471422002098
:1058B0009164002070B505461E4803688B4232D0C3
:1058C000BFF35B8F1C4B1B68BFF35B8FDA062DD5D4
:1058D000036813B16FF00F0070BD184ABFF35B8F00
:1058E0001368BFF35B8FDB07F4D4BFF35B8F52E821
:1058F000003F43F0020442E80046002EF7D1BFF318
:105900005B8F13F00204E5D101600D4829460EF0CB
:1059100098F80C4805F120010EF093F80A48FDF7BD
:10592000E1FB2046D8E76FF07700D5E76FF07C0009
:10593000D2E700BFB45B002014220020B05B00203F
:1059400051640020716400203C25002070B50C4B90
:105950001C68054644B154F81C3C1C3C13B1297B1F
:1059600028469847E469F5E7064C074EB44200D351
:1059700070BD236813B1297B284698472034F5E78A
:10598000F45B00202C7E02004C7E020010B5044621
:10599000FDF73CFA044901EB001120460DF0BCFD77
:1059A000BDE81040FEF7DEBAC05B002070B5D1E95B
:1059B000015600220446C1E90122064810F08DFD7F
:1059C0003DB1314620462B466FF06D02BDE8704078
:1059D000184770BDAC27002013B504464FF4806112
:1059E00004300EF054F840053FD4BFF35B8F63687A
:1059F000BFF35B8FD90326D5E37823B91C4A1D4832
:105A000002210EF042F8637B072B2ED11A4B93F83C
:105A1000D8309B0629D50DF024FE30B30DF10601D8
:105A200001A8FEF7A1FB00BBBDF80620BDF80410DD
:105A300020460DF083FE0346B8B1104A0D480121FF
:105A40000EF023F811E00C4B93F8D8301A07D3D599
:105A500020460DF058FE034620B1094A05480121B1
:105A60000EF013F8637B072BC6D002B010BD00BF49
:105A700083B50200A47E0200402100209CB50200F4
:105A800062B5020070B505460F480022002308F0F9
:105A90004DFFB8B90D4B1C6834B154F8143C1C3C94
:105AA00003B19847E469F7E7094C0A4EB44204D3BE
:105AB0002846BDE8704009F0D1B8A36803B1984703
:105AC0002034F3E770BD00BF9C270020F45B00206A
:105AD0002C7E02004C7E02002DE9F0410446402756
:105AE0000025EFF3118287F31288BFF36F8FE1690E
:105AF00029B1206A0B68E361814208BF236282F307
:105B00001188BFF36F8F71B1D1E901680748C1E90E
:105B1000015510F0E2FC1EB1002241462046B0477C
:105B2000FEF720FADDE7BDE8F08100BFAC270020DA
:105B30000448B0F8FC30002B00F5807008BF00204E
:105B4000704700BF4021002030B50446FCF76AFFD3
:105B50000D4A0D460D490858D2F88010884289B088
:105B600005D1204609B0BDE83040FFF7B5BF243469
:105B70002146104610F06EFD1DB16946204610F01A
:105B800079FD09B030BD00BF585700200800000063
:105B900038B5002204468A4202D10024204638BD8E
:105BA00004F1C8030120BFF35B8F53E8005F002DB1
:105BB00004D143E8000CBCF1000FF6D1BFF35B8FBA
:105BC00002D0D0340244E6E7002CE6D0C8220021FF
:105BD000204611F08CFE04F14000044910F06BFDEA
:105BE000034904F1240010F019FDD7E79167010083
:105BF000B93A0200F7B516460D4601210446FFF7F3
:105C0000A3FF012E23D0022E52D123693BB131488C
:105C1000314A01210DF0D4F920460DF06BFF2561CA
:105C200021690B8A012B53D9CA681288043292B2B7
:105C300093424DD343D9274800920121274A0DF0C2
:105C4000D2F9204603B0BDE8F0400DF053BF206903
:105C500040B9234A1F4831460DF0B2F920460DF0F5
:105C600049FF01E02A8A2AB9284603B0BDE8F0407E
:105C7000FDF76CB9018A438A47695B1AC168C91B81
:105C80005B1A9A420CD9174A124831460DF098F91E
:105C900021690022204600F0DDFF00232361E3E7B5
:105CA000E9680C300DF01FFB2846FDF74FF9B7E708
:105CB0000D4A0848334601210DF0E7FECEE70023E8
:105CC00001222046236103B0BDE8F04000F0C2BFCE
:105CD00003B0F0BDA47E0200B8B5020038B60200E1
:105CE000D5B50200F3B502001AB6020008B500F1FE
:105CF000C803BFF35B8F53E8002F013A43E800214C
:105D00000029F8D1BFF35B8FAAB90B4B984212D38D
:105D100003F1D00290420ED2C01AD023B0FBF3F2AE
:105D200003FB120038B9054808F0CCFDBDE8084077
:105D3000034808F093BF08BD904700209C2700202F
:105D40006C25002010B504460DF0DDFE09F06AFA5E
:105D50000C4BD3F8143104F1BC0143B90A480DF0DF
:105D60007AFE09F073FABDE81040FEF7FBB89942DD
:105D700001D01B68F1E709F069FA2046FFF7B6FF8A
:105D8000F1E700BF4021002054220020F8B5467BF7
:105D90008E4200AF04460D461BD1082E96BF534BD2
:105DA000534B53F826306C4688B06A465149CDE9CA
:105DB00005134FF40073ADF81C304F4B42F8103F01
:105DC0004E4800234FF4E451FBF75AFDA546BD466B
:105DD000F8BD41730EB90DF096FE637B082B00F2FF
:105DE000818001A252F823F0355E01008B5E010034
:105DF000CF5D0100CF5D0100CF5D0100CF5D0100EF
:105E0000CF5D01000D5E0100CF5D01000023C4E9FC
:105E10000D33E378012BDAD1A378012B04BF0323E0
:105E200084F898304FF42032002304F1400008F049
:105E300085FFCCE7082ECAD8DFE806F02005171C3E
:105E40001C1C1720200004F14005284610F03FFCE0
:105E500001212046FFF778FE20460DF04BFE002280
:105E60000023284608F09EFFB1E7237B13B12046AC
:105E7000FFF76CFD2046FFF739FFA8E7204A2B46C5
:105E80001E4802210DF001FEA1E7237B3E2B0FD11E
:105E90006D4688B06A461B4BCDE90534032342F8B2
:105EA000103F164800234FF4C451FBF7E9FCAD4600
:105EB000154D05F58076616911B9FEF753F886E74F
:105EC000A2690B686361914208BFA3612046FFF796
:105ED0006DFDB5F8FC30002B14BF3046002008F0F3
:105EE000F1FCE8E7094A2B46CAE700BF68870200D1
:105EF00053B602005DB6020003000001A47E02005A
:105F00006EB6020085B6020040210020ACB6020049
:105F1000F8B5074609480D4616460DF0F4FD04464F
:105F200050B183781F4203D1BDE8F840FFF7DEBED1
:105F30003146A8472046F7E7F8BD00BF904700204C
:105F4000024900220120FFF7E3BF00BFAD3A020083
:105F500070B505460E480E460DF0D5FD0446A0B1BD
:105F6000437B012B02D0073B012B0CD82388AB428B
:105F700008D1A3781E4209D1064A07482B460221C0
:105F80000DF083FD2046FFF7B1FE0024204670BDD2
:105F900090470020C8B60200A47E0200034BC01A3E
:105FA000034B00115843C0B2704700BF9047002018
:105FB000C54EECC470B51C46144305460E460DD0C4
:105FC0000F49FCF72FFDD1F880400E4909588C424B
:105FD00006D10D4A0D4802210CF0F2FF00221346B3
:105FE0000B49002D14BF284608460DF016F904464B
:105FF00018B1711D0C300DF065F9204670BD00BF61
:106000005857002008000000DFB60200A47E0200FE
:10601000BC27002010B50446054808F01FFE2046A6
:1060200000F05EFD2046BDE81040FFF78FBC00BFCA
:106030005C2500202DE9F04F87B000AF0023FB6006
:106040007B61BF4B5A8A3AB1BE4DD5F814413CB979
:106050001C37BD46BDE8F08F1B68002BF4D1F7E775
:1060600054F8BC3903B1BC3BB749002601E01C46DB
:106070001346B5F8FC20002A00F05F81D5F808210E
:106080004AB904F1BC06002BE2D0D3F8BC20002AA8
:10609000EDD0BC3AEBE70A68002AF2D0D4F8A82089
:1060A000002AEED0D4F8AC20002AEAD0D4F8B020F0
:1060B000002AE6D0637B072B6CD12046904700284E
:1060C00068D0BFF35B8FD4F8C030BFF35B8F022B77
:1060D00060DC20460DF017FD04460028B8D0637B35
:1060E000072B40F02781D4F8A830B5F8FC1007F151
:1060F0001002204698478146002800F00E81B5F82E
:10610000FC203B699A4208D30146D4F8AC6007F101
:10611000140307F10C022046B0477B693B60B9F8D5
:106120001030D7F80C80002B00F0FE804846D7F8DE
:1061300010A00DF007FA7860002840F0F880B5F85C
:10614000FC30DFF808B2002B14BF584600200022B4
:10615000002308F0EBFB78B97B480022002308F00D
:106160007FFB064600283BD1B5F8FC30002B18BF5A
:106170005E46304608F0A6FB6FF00B054846FCF77C
:10618000E5FEB8F1000F00F0B38039682A462046DA
:10619000C047ADE0D4F8BC3004F1BC02C6B9D5F8B4
:1061A0001811C5F814318A4201D1C5F818310023FD
:1061B000C4F8BC302046D4F8B030984700288ED0C0
:1061C000637B072B40F0B6802046FFF7BBFD86E7D8
:1061D0003360D5F818319A4208BFC5F81861E6E770
:1061E0003B68C0F804808360B5F8FCB05448DA45D9
:1061F0004FF000024FF000034FF0000198BF1FFA6C
:106200008AFBFCF725FE804650B1FCF7FFFD504BA2
:106210005A4603EB0013494640460DF058F98046B4
:10622000B5F8FC3094F8C4909A4584BF01237B6094
:106230007B6884F8C4309CBF09F102095FFA89F9D0
:1062400004F1C00ABFF35B8F5AE8003F01334AE80C
:106250000032002AF8D1BFF35B8F04F1140B3146F2
:1062600058460DF0F8FBA378012B5AD108F10C0326
:10627000042118467B600DF047F822887B6809F0FE
:10628000FD0942EA09320280B8F81020043A42803F
:10629000022118460DF040F84046FDF799FD814671
:1062A000002847D0BFF35B8F5AE8003F013B4AE824
:1062B0000032002AF8D1BFF35B8F314658460DF00B
:1062C000FEFB244A24484B4601210DF0DEFB4046EC
:1062D000FCF73CFE20463146FFF768FBB5F8FC3082
:1062E0001A48002B08BF002008F0ECFA6FF00405F4
:1062F0006E4688B0194A0794CDE905256A460423FD
:1063000042F8103F14484FF401510023FBF7B8FA4C
:106310001321B54620460DF012FC2046FFF7E6FC9F
:1063200096E66FF01509BDE76FF0790526E76FF087
:10633000040523E7FDF716FEEFE79368FFDE00BFD5
:106340002828002040210020AC27002040220020E7
:10635000C05B00200BAD0200A47E020008B7020063
:106360002DE9F04140F2E243D0F88860B6FBF3F645
:106370000446B6B2031DBFF35B8F4268BFF35B8F69
:10638000920417D5B0F88C20B24213D8B0F88E2002
:10639000B2420FD3D0E9241291420BD1BFF35B8FED
:1063A00053E8001F21F4005143E80012002AF7D1FE
:1063B000BFF35B8F104B1D6865B155F80C7C1C3D1D
:1063C00037B1B4F89230B4F8902031462046B8473F
:1063D000ED69F1E7094DDFF82880454501D3BDE8B7
:1063E000F0812F6937B1B4F89230B4F8902031467B
:1063F0002046B8472035F0E7F45B00202C7E0200F1
:106400004C7E02002DE9F041074608460D460DF08E
:106410002AF9064618B900263046BDE8F081144B2B
:106420001C6884B154F8103C1C3C0BB9E469F8E7D3
:106430002946384698470028EDD028460DF013F934
:106440000028F3D1E7E70B4CDFF82C804445E3D27A
:10645000E3680BB92034F9E7294638469847002805
:10646000D9D028460DF0FFF80028F3D1D3E700BFBC
:10647000F45B00202C7E02004C7E02002DE9F041EE
:10648000C37804468BB900F17E06114B1D687DB1BF
:106490001C3D04F170076B691BB13A46314620463A
:1064A0009847ED6925B11C3DF5E700F17706ECE76B
:1064B000084D094F04F17008BD4201D3BDE8F081D9
:1064C0006B691BB142463146204698472035F3E7B9
:1064D000F45B00202C7E02004C7E0200F8B5437A6B
:1064E0008372054616460DF072FC0D4B1C684CB1CC
:1064F00054F8043C1C3C1BB1697A32462846984744
:10650000E469F4E7074C084FBC4200D3F8BDA36927
:106510001BB1697A3246284698472034F4E700BF19
:10652000F45B00202C7E02004C7E020038B505464C
:106530000C460F480121FFF72BFBC0B10572236801
:106540000367A388A0F87430A37980F8763001231C
:10655000437283728370074BC0F8A830064BC0F8B3
:10656000AC30064BC0F8B030054BC0F88C3038BDAD
:1065700090470020DD690100773A02006B3A020083
:106580001800280070B505460A480E460DF0BBFA03
:10659000044620B18378012B04D0FFF7A7FB002429
:1065A000204670BD324629460DF03BFB0028F7D14E
:1065B0002046F2E790470020F0B589B000AF0D46C5
:1065C000FFF7E0FF044610B329463846FCF7FAFC13
:1065D000637B082B96BF0F4A0F4B52F823306D4652
:1065E0008AB06A460D49CDE907730D4B09930D4BEF
:1065F000CDE9051442F8103F0B4800234FF44251F7
:10660000FBF73EF92046AD46FFF770FB012024372B
:10661000BD46F0BD6887020053B602002BB70200EA
:106620000103020405000002A47E0200F8B505463D
:106630000E480E4617460DF066FA044620B18378E0
:10664000012B03D0FFF752FB00240DE036B1324698
:1066500029460DF0E6FA08B92046F3E7637BBB4212
:10666000FAD1237AAB42F7D12046F8BD90470020FB
:1066700070B58B78012B92B006460C4642D191F84A
:10668000703007AD032B37D8DFE803F00230323427
:106690001E492846F7F765F9059594F8713004937B
:1066A00094F87230039394F87330029394F8743032
:1066B000019394F87530009394F87630144A1E21B3
:1066C0000AA80BF0E3F80AAB324610AD1C4603CC27
:1066D000AC4210605160234602F10802F6D12068F6
:1066E0001060A3889380304612B070BD0949D0E78E
:1066F0000949CEE70949CCE7094A0A2128460BF0A7
:10670000C5F8C9E700238DF82830DCE7779A020046
:10671000999A02007E9A0200859A02008F9A0200DE
:106720003A9C020038B5044608460D460CF09BFF23
:1067300048B3164B93F8D830990707D4E37883B160
:1067400029462046BDE8384000F0B0BA94F89930A8
:106750009A07F3D5BFF35B8F6368BFF35B8F5B046E
:10676000ECD4294620460DF082FA58B92B88A4F8BB
:106770008C306B88A4F88E30AB88A4F89430EB880A
:10678000A4F8963038BD6FF01500FBE740210020DB
:10679000F7B510F8333C0446A0F140060BBB304679
:1067A0000DF0B8FA354B1D684DB155F8183C1C3D3D
:1067B0001BB114F8341C30469847ED69F4E7304DAE
:1067C000304FBD4205D3304603B0BDE8F040FFF77F
:1067D0008DBA6B681BB114F8341C304698472035CD
:1067E000EFE710F83E3C012B46D1BFF35B8FA0F1E1
:1067F0003C0555E8003F23F4005245E800210029FC
:10680000F7D1BFF35B8F990423D5E36C00936946FE
:10681000636D01933046FFF785FF034698B9BFF3D8
:106820005B8F55E8003F23F4805345E80032002A8F
:10683000F7D1BFF35B8F4FF40061284603B0BDE88A
:10684000F0400DF024B9104A104802210DF01DF956
:10685000F1E70F4A4FF4281369463046CDE900238B
:10686000FFF760FF034628B94FF4805128460DF02A
:106870000EF9E0E7074AE7E703B0F0BDF45B00205C
:106880002C7E02004C7E020064B70200A47E02004F
:106890001800280089B7020010B50E480FF015FE49
:1068A0000D490C480FF019FE0C490A480FF015FE6F
:1068B0000B4908480FF011FE0DF07EFE02F06AFC55
:1068C000044628B903F0F0FE044608B90DF0E3FAD7
:1068D000204610BDAC270020D05B0020DC5B0020F0
:1068E000E85B00200346024A024801210CF071BB1C
:1068F0003CB80200E47E020080B500AF88B06A4672
:10690000074BCDE90530032342F8103F054800232B
:106910004FF4C251FAF7B4FF6FF00B00BD4680BDD3
:1069200064B80200E47E020008B5064A136823B981
:10693000054850600A60184608BDFFF7DDFF6FF09C
:106940000B00F9E7085C0020B487020070B504462C
:1069500052EA030008D0FCF765F8074D074ED5F85A
:1069600080503058854201D1002213462046043120
:10697000BDE87040FFF71EBB58570020080000001C
:1069800073B5054618462B680BB35B7B072B1ED1EE
:10699000002A0E7A0CBF012302239E4209DD0D4A14
:1069A0000D48009601210CF01EFB6FF0150002B09F
:1069B00070BDCB7A072BF8D9C8618A6105F1300028
:1069C0000FF08BFD28460DF07CF90020EFE76FF00B
:1069D0007F00ECE78BB80200E47E02002DE9F84F5F
:1069E000D0F8B44000AF8846914644B1403C236B98
:1069F00063B92068B4300DF083F9246CF5E7FDF736
:106A0000B1FA00263046BD46BDE8F88F04F1300AE1
:106A100050460FF077FD05460028F0D00CF092FDAF
:106A200080B16C4688B06A462A4BCDE90535032310
:106A300042F8103F284800234FF4C251FAF720FFD4
:106A4000A546DEE728460CF017FC656C06469DB9A6
:106A5000A38C058A403B9BB23F2B03D8238D9D42DC
:106A600028BF1D46042106F10C000CF04DFC0580EA
:106A7000A38C438004356564454520D8B6F810B032
:106A8000AB4506D100220023504607F0E9FEFCF793
:106A90005DFAA38CA3F140023F2A07D8AB4514BF8F
:106AA00000220E4AB26118BF1346F3612068B43069
:106AB0000DF026F9236B13B120460DF002F9636C3B
:106AC000C9F80030984534BFA3EB08010021616488
:106AD00098E700BFABB80200E47E0200473E020028
:106AE000F7B5284D284F04460026BD4201D303B018
:106AF000F0BD298820460DF09CF96B68019001A932
:106B000020469847002838DB019B2A889A829A847D
:106B100003F11002BFF35B8F52E8001F42E80060F0
:106B20000028F9D1BFF35B8F1E645E649E60A16B89
:106B300003F1080219BBC4E90D221C60DE6003F1F9
:106B400030000FF0C2FC019843681B6803B19847FE
:106B5000019BBFF35B8F103353E8001F41F001012D
:106B600043E80012002AF7D1BFF35B8F0198436816
:106B7000DB6913B100F1100198470835B5E70A60E9
:106B8000A263DAE7147E02002C7E020073B50D4684
:106B90000646042105F10C000CF0CFFB2B8A42883D
:106BA0009A42044607D000921C4A1D4801210CF06D
:106BB0001AFA02B070BD43783BB91A4A184801214D
:106BC00002B0BDE870400CF0FBB90378012BF0D0A7
:106BD000132B06D1022AECD0022300931346124A4B
:106BE000E3E7124A0E4802210CF0F3F961783568A8
:106BF000022201200DF003F904460028D9D0022119
:106C00000C300CF06AFB00230370437021462846C9
:106C100002B0BDE870400DF023B900BFC3B8020058
:106C2000E47E0200E4B8020005B9020030B90200B7
:106C300008B50B8A032B06D8044A054801210CF03D
:106C4000BFF9002008BDFFF7A1FFFAE758B902001D
:106C5000E47E020038B50B8A032B05460C4609D8A2
:106C60000F4A104801210CF0ABF92046BDE838402E
:106C7000FCF76CB9042104F10C000CF05EFB4188B8
:106C800028460DF0FEF830B9074A06480B460221A7
:106C90000CF09FF9E9E7436821465B699847E4E710
:106CA00076B90200E47E020093B9020070B5144A7E
:106CB000137801330C4613F0FF010CBF01230B4680
:106CC0001370064608BF1946082212200DF097F8E7
:106CD000054688B108210C300CF0FFFA22880280AA
:106CE00062884280A2888280E288C280294630463B
:106CF000BDE870400DF0B4B86FF00B0070BD00BF80
:106D0000D164002023281FD81A2804D8431E182B2A
:106D10000ED906207047A0F11B03082B1ED8DFE810
:106D200003F0051D1B231D19251D050003207047B9
:106D30000F4A012383401A40C2B90E4A1A40002A62
:106D40000CBF06200120704700F07F03522B05D1B5
:106D500000207047012070470520704710F0400F59
:106D600014BF00200620704704207047022070479F
:106D7000AAAA8A02545545012DE9F74F064608464E
:106D80000C46FCF743F82E4F18234343FA180546E8
:106D900091680191E168BFF35B8FF06CBFF35B8F8B
:106DA000C0070AD4274A284801210DF097F86FF050
:106DB0001509484603B0BDE8F08FE068007810710F
:106DC0000022FA500B78D22B0FD133682146186875
:106DD0000EF00CF9814640B11C4A1B4801210DF010
:106DE0007DF82046FCF7B2F8E3E7182303FB0573B0
:106DF000D4F80C80D4F814B0B4F810A09E6000232E
:106E00001A462146301DFFF7BBFD81460028D0D031
:106E100010F1690F04D10E4A0B4801210DF05EF804
:106E20006269019BA4F810A0A8EB0B0812FA88F283
:106E3000E260182255437A1947F805909360B8E745
:106E4000585C0020CFB90200947E0200E9B902002C
:106E5000FCB9020008B5EFF31181402383F31288D7
:106E6000BFF36F8F002303600F4B5A68C2B9C3E9A9
:106E7000000081F31188BFF36F8F0C4807F0EEFE1E
:106E8000031E0CDA0A4A0B4801210CF0A2F8002379
:106E900083F31188BFF36F8F0323184602DF08BD09
:106EA00010605860E5E700BF505C0020B02500206E
:106EB0001FBA0200947E0200011F01480FF034BA8D
:106EC00040270020024A034801210DF007B800BF07
:106ED00048BA0200947E020010B500F1480304464F
:106EE000BFF35B8F53E8001F41F0010143E800123C
:106EF000002AF7D1BFF35B8F201F0DF0C3F804F118
:106F0000640004490FF0D7FB2068BDE8104002F090
:106F1000C3B800BFB581010073B50E46438D418BE8
:106F20008B4202F1010228BF0B469A42054609D95D
:106F30001E48009202211E4A0CF055F800242046FB
:106F400002B070BD3046FFF7DDFE6FF01403034161
:106F500013F0010310D0FBF765FD164B1958164BC3
:106F6000D3F8803099421ED0144B1B685A1A18BFB0
:106F70004FF0FF32134601E04FF470221048002119
:106F8000FFF7E4FC04460028D9D0FBF73FFF0D4B88
:106F9000182202FB0033012104F10C009D600CF06B
:106FA0009CF90670CBE70022E4E700BF947E020064
:106FB00065BA02000800000058570020A05C0020BD
:106FC000E0270020585C0020F0B51E4603680D46FF
:106FD000003987B0044618BF0121186817460DF024
:106FE000EEFD38B904F14C000DF0B4F8002848D19A
:106FF000122014E0002E46D018220021684610F01E
:1070000076FC77B1002213212046FFF785FF01901F
:1070100038B91E481E4A01210CF060FF112007B04C
:10702000F0BD23681B4A1B680093BDF83030ADF8F3
:1070300012300D9B0393BDF83830ADF810300123AA
:107040008DF8143031466B4630468DF808500DF0FF
:107050005DF89DF814307BB14FB10198FBF776FFD6
:107060009DF814303246294620460DF082F8182D3E
:1070700007D19DF81400D2E7019911B120460CF018
:1070800097FF0020CBE70120C9E700BF947E0200F4
:107090008ABA02003F3F0200F7B5144605460E4685
:1070A0004FF49572014620680DF017FD207430B939
:1070B000206829460DF0CBFD20B908232374002059
:1070C00003B0F0BD6B8A5B0612D501230193E389FF
:1070D0000093AF68A389A26820682946B84738B1F1
:1070E00010F1FF0F26BF4042C0B20E202074E6E729
:1070F0000A48002200230CF090F8606008B90923C8
:10710000DCE70683E38943836068A289A1680C30C9
:107110000CF0E9F8002323740120D1E79428002023
:107120002DE9F3410B8A04460D4643B9294A2A4802
:1071300001210CF0D3FE002002B0BDE8F081076809
:10714000012105F10C000CF0F8F87B7B072B0646BB
:10715000F1D154F8043C002BEDD003781F4F043CD0
:10716000002217F8320098424FEAC20807EBC2012A
:1071700014D12A8A4878904226D9174800930121D1
:107180001346174A0BF02FFF04234744BA78012A0D
:10719000D1D1002BCFD03178002211E001320E2A5C
:1071A000DFD1104A0C4802210BF013FF317808465A
:1071B000FFF7A8FD2122C24012F00102BBD1062335
:1071C00020460CF0D6FFB6E74B6820462946984784
:1071D0000346DAE7A3BA0200947E0200DC870200CD
:1071E000D8BA0200BEBA0200F8B54FF470220746C2
:1071F000002311480D460CF010F8044638B90F4A28
:107200000F482B4601210BF0E4FE2046F8BD00F1AB
:107210000C06092130460CF055F82046FBF7F6FD28
:10722000084B182202FB0033012130469F600CF00E
:1072300054F80570E9E700BFE02700203CB80200E1
:10724000947E0200585C00202DE9F04FCB68524F2D
:107250001B7887B00646049300253068C36973B96C
:10726000002D40F08E8019213046FFF7BDFF01460A
:10727000002800F08E8030460CF09AFE81E01C3031
:107280000BF0E4FF4FF00003B0F818A0028AC168C9
:10729000BB800446BB6840483B600CF024F8D6F83D
:1072A0000080D8F81C5035B1638BD5F80090059359
:1072B0004FF0000BD5B9049B012B68D1BB8802931A
:1072C0003B680193638B009300225346182130469C
:1072D000FFF77AFE054628B10346228B1821304677
:1072E0000CF047FF2046FBF731FEB6E72A8B5245EC
:1072F00032D16A8B002ADED0B988059B58188242A9
:107300002ED12A8AF888114481423EDCE968384649
:107310000BF0E9FF2A68BBF1000F14D1D8F8201058
:10732000C8F81C208D4201D1C8F8202000232B6012
:107330002846FBF70BFEB9F1000F0FD0D9F800205B
:107340004D469146B6E7CBF80020D8F8202095426C
:1073500008BFC8F820B0E9E7AB46ECE74A46EFE7DC
:1073600007252046FBF7F2FD30681C300BF06EFF5E
:1073700004460028F5D12B465246182130460CF021
:10738000F8FE002007B0BDE8F08F0D25E9E70025E5
:10739000A8E70E20F6E700BF7C2500202DE9F0418C
:1073A0000E8A043EF6B2022E04468CB0084601D086
:1073B000102E64D104210C300BF0BFFF0DF1080832
:1073C00005884788011D324640460CF02BF80028FE
:1073D00057D0A5B300268FB3AF4230D34FF420531C
:1073E00001A940468DF80460ADF806300BF0EDFFC2
:1073F00048BB1422002107A810F079FA1121204679
:10740000FFF7F2FE0990002837D001210C30CDE9BA
:1074100007480BF062FF00230A90394603701A4AAE
:107420000B93284607AB0CF071FEDDE909131B78BE
:10743000FBB90846FBF78AFD0A2301E03D4601231C
:107440002A4610210EE042F6010307A940468DF8B6
:107450001C60ADF81E300BF0B8FF0028C9D0102317
:107460002A46194620460CF084FE00200CB0BDE8E8
:10747000F08120460CF09CFDF7E71120F6E7042090
:10748000F4E70E20F2E700BFBD7A01002DE9FF41CD
:10749000036804460D46186801210DF090FB40B9C1
:1074A00004F14C000CF056FEA0BB122004B0BDE865
:1074B000F08110220021684610F019FA212120469F
:1074C000FFF792FE029038B3009405F10C074FF0DD
:1074D00001082B8A012B04D8029920460CF068FD84
:1074E00018E038460BF039FF6B460C4A8DF80C80DB
:1074F000014606460CF00AFE9DF80C30002BE8D041
:107500000298FBF723FD9DF80C30324620212046DF
:107510000CF02FFE0020C9E71120C7E7C943020085
:107520002DE9FF41036804460D46186801210DF05E
:1075300046FB40B904F14C000CF00CFEA0BB12203D
:1075400004B0BDE8F08110220021684610F0CFF9A8
:107550000F212046FFF748FE029038B3009405F152
:107560000C074FF001082B8A012B04D80299204602
:107570000CF01EFD18E038460BF0EFFE6B460C4A8F
:107580008DF80C80014606460CF0C0FD9DF80C30CD
:10759000002BE8D00298FBF7D9FC9DF80C3032465E
:1075A0000E2120460CF0E5FD0020C9E71120C7E7B9
:1075B0004D440200F0B51D46036885B004460E46F2
:1075C0001868012117460DF0FAFA38B904F14C0099
:1075D0000CF0C0FD50BB122005B0F0BD65B3102209
:1075E0000021684610F083F939462046FFF7FCFD7C
:1075F000029018B3BDF82830ADF8043001238DF89F
:107600000C3029466B460E4A009428460CF07EFD4D
:107610009DF80C3002995BB10846FBF797FC9DF88A
:107620000C302A46314620460CF0A3FD0020D3E75B
:1076300020460CF0BDFCF9E70120CDE71120CBE797
:107640004D4402002DE9F0410E8A043EF6B2022EAE
:1076500004468CB0084601D0102E76D104210C309F
:107660000BF06BFE0DF1040805884788011D3246BA
:1076700040460BF0D7FE002869D085B377B3BD42F2
:107680002DD8606801210DF09AFA064678BB8DF876
:10769000000042F6020369464046ADF802300BF0A6
:1076A00094FE20B342F6030306A940468DF8186005
:1076B000ADF81A300BF089FEC8B1012D03D14FF699
:1076C000FF739F4213D004F14C000CF043FD0028DF
:1076D00014BF002012200CB0BDE8F0813D4601230C
:1076E0002A46082120460CF044FD0020F3E718222A
:1076F00000210DEB020010F0FAF809212046FFF7F7
:1077000073FD0890F8B101210C30CDE906480BF06B
:10771000E4FD0023099003700A238DF82C303946CC
:1077200006AB0C4A28460CF0F1FC9DF82C30089969
:107730002BB10846FBF70AFC9DF82C30D0E7204619
:107740000CF036FCD1E71120C5E70420C3E70E207A
:10775000C1E700BF757B01002DE9F0430F4687B0FC
:107760000446062107F10C000BF0E7FD0588EDB19A
:10777000B0F80280B8F1000F17D0454516D80023A5
:1077800082888DF800308DF8043001A94FF4205321
:107790006846D7F80C90ADF80220ADF806300BF033
:1077A00014FE064660B10A2301E0454601232A463D
:1077B000062120460CF0DDFC002007B0BDE8F08378
:1077C0000146142201A83F7C10F091F807212046C1
:1077D000FFF70AFD0290D8B10A238DF81530414613
:1077E00001AB0C4A01942846CDE903698DF8147069
:1077F0000CF08CFC9DF8153002992BB10846FBF774
:10780000A5FB9DF81530D2E720460CF0D1FBD3E75D
:107810001120D2E7617901007FB5CB681D8804464D
:107820008DB15E8876B1B5420DD810220021684630
:1078300010F05DF805212046FFF7D6FC019058B9FD
:10784000112007E0354601232A46042120460CF08A
:1078500090FC002004B070BD6B463146084A00948D
:1078600028460CF053FCDDE9011323B90846FBF769
:107870006DFB0A23E8E720460CF09AFBE9E700BF1E
:10788000CD3F02002DE9F0470D4686B004460421A5
:1078900005F10C000BF051FD2368B0F80090B0F832
:1078A00002801868EF682E8A01211FFA89FA0DF00C
:1078B00086F940B904F14C000CF04CFC28BB1220B6
:1078C00006B0BDE8F087BAF1000F43D014220021C2
:1078D00001A810F00CF82368204A1B6801930123CB
:1078E0008DF81430F6B201AB51465046ADF8128017
:1078F0000397ADF810600CF009FC9DF8143033B11B
:107900005246162120460CF034FC0020D8E72068AF
:1079100002991C300BF085FC17212046FFF764FC10
:107920000290C8B104210C300BF0D7FCA0F80090F5
:10793000A0F802800546029831460C300BF0CDFCD1
:1079400039463246281D0FF0C4FF029920460CF03C
:107950002FFBDAE70120B3E71120B1E799700100AE
:107960002DE9F04391B0D2F8008006460F4600257D
:1079700042F601030068D8F804908DF82C500BA94A
:107980001446ADF82E300BF020FD00286DD04FF4DA
:10799000205330688DF82C500BA9ADF82E300BF029
:1079A00014FD38B1A3681BB15A88BA4200D25F8077
:1079B000012010E0616808460CF078FAB8F82A2037
:1079C000B8F81A309A4294BFC0EB0200C0EB030033
:1079D000032803D8002011B0BDE8F08308460BF05F
:1079E0004FFC6168054608460CF060FA6B8A2A8AEB
:1079F000A3EB020C6B69EA68D21AACEB0203B8F88D
:107A00002AC0B8F81A20944594BFC0EB0C00C0EB14
:107A10000200834228BF03466BB9887AFBF7EEF970
:107A2000002200230BF0F9FB05460028D2D00146C6
:107A300060680BF036FC00230093D6F804803146D2
:107A4000102302AA4846C047061E0EDB227CE068CF
:107A5000964227D001460BA80BF0E4FC40B9237CEA
:107A6000134A144802210BF0B4FA0023A3609FE7E5
:107A7000F2B202A906A80BF0D5FC10B90E4A3346A3
:107A8000EFE706A90BA80BF0A0FC0028EDD100231E
:107A90006374042105F10C000BF01FFCA06007804B
:107AA000A36884E7324602A90FF030FFEDE700BF7C
:107AB000F7BA0200947E020016BB02002DE9FF41D6
:107AC00005460E464FF000084FF420530068176833
:107AD0008DF8088002A91446ADF80A300BF075FC49
:107AE000A0B142F6010328688DF80C8003A9ADF817
:107AF0000E300BF06AFC48B123691BB15A88B242C0
:107B000000D25E80012004B0BDE8F0816168286881
:107B10000BF05BFC10B100232361F3E7E368A0687E
:107B20001A786AB1B7F81AC0798D038A8C4594BF68
:107B3000C3EB0C03C3EB0103934201DA0020E2E73D
:107B400004210C300BF0C9FB2061068023695E80A4
:107B5000074B00930194A2680023294638460CF095
:107B6000AAFB0028EADB2069003818BF0120CAE719
:107B7000ED4002002DE9F347176805468946006885
:107B80005168D7F804A014460BF01FFC804600286B
:107B90004BD19522294650460CF09FFF0646207592
:107BA00040B1E3681B780BB184F81480002002B068
:107BB000BDE8F087294650460DF047F810B9082374
:107BC0002375F3E7A06826750BF05AFB02210C30F1
:107BD0000BF083FB164B2061A0F8009000930194FA
:107BE000A2683346294638460CF065FB002807DAC0
:107BF00010F1FF0F26BF4042C0B20E202075D5E71E
:107C00002369002BD2D0A0680CF050F97B8D7A8BC1
:107C10009A4294BFC0EB0200C0EB0300E3681B78FC
:107C2000984294BF00200120C1E70120BFE700BFB8
:107C3000BD3E02002DE9F04182B000AF0446884607
:107C40003F4800220023394606F01AFD0546B0B130
:107C50006D4688B06A463B4BCDE90534032342F8B4
:107C6000103F394800234FF4C251F9F709FEAD46E1
:107C70006FF00B0630460837BD46BDE8F081FAF7D5
:107C8000D1FE324B1A58324B38681A6029462C22E2
:107C90000FF02DFE3B682F481C603C687D60C4E9F6
:107CA0000155C4E9095500220023391D06F0E8FCFE
:107CB000064688B123686C4688B06A462649CDE9F5
:107CC0000513032342F8103F1F482B464FF4C451BD
:107CD000F9F7D6FDA546CBE70146A02278680FF05C
:107CE00006FE78681D4B836054300EF0EEFB7B6817
:107CF000BFF35B8F4C3353E8002F43E8006100294A
:107D0000F9D1BFF35B8F7B681C60636A7D682BB918
:107D100004F10C000EF0D9FBC4E90766626AC5F8ED
:107D20009820A26A05F19803636202B9A3627B6896
:107D300017225A855A830433C8F800309AE700BFE7
:107D40002427002035BB0200947E020008000000BA
:107D5000A05C0020402700205ABB0200882500209C
:107D600008B5437B072B06D00C4A02210C480CF0C7
:107D7000B5F8002008BD04210CF083F810B9094AB9
:107D80000121F3E7BFF35B8F836CBFF35B8FDB07EE
:107D900001D4054AF4E750F8040CEBE77FBB02007E
:107DA000947E02008DBB0200CFB902002DE9F04F96
:107DB00085B000AFB860EFF31188402383F31288D9
:107DC000BFF36F8F5B4D28460CF066F82E680446B3
:107DD00088F31188BFF36F8F00285FD0FBF716F888
:107DE0005549182202FB00F3C81851F803A0036993
:107DF000FB600021D0E9025890F80490B0F806B07A
:107E00000FF075FDA07AFAF7F9FF6169034659B1E1
:107E1000627AD00706D4DA697B60126820469268DD
:107E200090477B6800226261214618460EF060FB95
:107E3000B9F1000F0DD065B12B6853B11B6843B188
:107E4000BAF1000F2ED03D4A3D48534601210BF0B8
:107E5000C0F81EB3B96800200EF0FCFB00281DDA44
:107E60006C468AB06A46374B0593374BCDE90630EE
:107E70004FF40073ADF82030344B42F8103F3048D7
:107E800000234FF41151F9F7FBFC0023A54683F3BF
:107E90001188BFF36F8F0323184602DF1437BD46E6
:107EA000BDE8F08F281D0CF001FB4846FEF72AFFC5
:107EB0000528CED801A353F820F000BF057F0100AC
:107EC000D57E0100537E0100057F0100537E010035
:107ED000D57E0100BFF35B8FEB6CBFF35B8FDA07DE
:107EE00005D41B4A164801210BF0F8FFB1E72B6DB2
:107EF000002BAED04FF47022002305F1680006F08D
:107F000051FFA6E72B68D3F80090BFF35B8FEB6CB3
:107F1000BFF35B8FDB07E4D5B8F1000F99D00024E5
:107F200003E0F9684846C0470134A3B29B45F8D83E
:107F30008FE700BF505C0020585C0020A8BB020007
:107F4000947E0200C7BB020086C902000400000143
:107F5000CFB90200F8B50F461646FFF701FFB0B1E2
:107F6000446A20461CB150F8984904B1983C731CEF
:107F7000194638B1428B458DAA4228BF2A469A42FB
:107F800007D264B90A4A0B4802210BF022F80020FC
:107F9000F8BD32463946BDE8F840FEF7BDBFD4F81B
:107FA000985005B1983D20460B462C46E2E700BFAD
:107FB000E2BB0200947E020007B50B460246002198
:107FC000FAF730FD01910E4909580E4800688842C1
:107FD00004D00D48D0F88000884201D10022134619
:107FE00001A90A4806F04CFB014638B901981C2249
:107FF0000FF07DFC019803B05DF804FB0020FAE768
:1080000008000000A05C0020585700205C270020DA
:1080100010B50446806818B1FAF798FF0023A360F2
:1080200021460248BDE810400EF07EB95C270020D2
:108030002DE9F743044668300F4690461E460EF081
:1080400046FB206D50B9154A154802210BF046FF3A
:10805000204603B0BDE8F04300F094B8114B9842BD
:108060004FF0000317D045684360206DD0F818909A
:10807000FFF7CEFF0023206823650CF04CFA3DB1DA
:108080002068CDF80090006843463A463146A8473C
:1080900003B0BDE8F0831D46ECE700BFFDBB020066
:1080A000947E0200A45C0020F7B550F8044C05460D
:1080B000002C63D000F1940104F124000CF031F89D
:1080C0002E1F05F1500700220023384606F0C8FB9A
:1080D0000246B0BBEB6C2BB101466FF06703304634
:1080E000FFF7A6FF002345F8043C05F14803BFF362
:1080F0005B8F53E8001F21F0010143E80012002AC2
:10810000F7D1BFF35B8F636A002B37D104F11C06F4
:1081100030460BF09BF8B8B904F10C06002200239E
:10812000304606F09DFB90B966689EB914482660FB
:1081300021460EF0F9F8286803B0BDE8F04001F0E0
:1081400005B8FAF703FFBEE7FAF700FFE0E7FAF732
:10815000FDFEE3E7A26833686360964208BFA36050
:1081600077683FB1B3690093002320681A466FF027
:108170006701B8473046FFF74BFFD5E703B0F0BDC6
:108180002427002010B504460430FFF78DFF6068F7
:1081900013210BF0D4FC034630B1044A0448BDE877
:1081A000104001210AF015BF10BD00BF14BC020031
:1081B000947E0200F0B5044689B054F8683D00AFE3
:1081C00019683846FEF754FA6E4688B06A460B4B7B
:1081D000CDE905374FF40073ADF81C30084B42F879
:1081E000103F00234FF4E2510648F9F749FB2046BF
:1081F000B546FFF7C7FF2437BD46F0BD32BC0200CD
:1082000003000001947E020070B550F8043C04465F
:10821000061F002B3BD039B1C36C002B37D01B7C21
:10822000DA0734D505231CE00568284600F07AFFFC
:108230006B7A012B2BD0E46C4CB3237CDB0726D567
:10824000E368002BEED06269617C3046FEF764FE85
:10825000054668B9637C0E4A0E4801210AF0B9FE52
:108260000E23002230461146BDE87040FFF7E0BE05
:10827000D4E90512E368984718B12846FAF766FE74
:10828000EEE729463046FEF777FD0028F5D170BDB0
:108290005EBC0200947E0200F8B51D460F461646ED
:1082A000FAF7B4FD044C182303FB0040C0E9037641
:1082B0000123C3800575F8BD585C002008B50EF099
:1082C00074FE38B1044A0346012104480AF081FED5
:1082D0006FF0040008BD00BF85BC0200C47E020030
:1082E00038B5054648B1154B13F8011C1A465C1EFB
:1082F0000BF097FC58B1204606E011490F480CF0EE
:108300006DFA78B10D4B581E38BD0020FCE7217C7A
:1083100004F1110228460BF084FC0028F5D004F18A
:108320001000F1E7054B064903F110000CF056FA76
:108330000028EAD0014B03F10F00E5E7D95C0020EB
:10834000C8C8020070B50E4C2378834205460E461D
:1083500003D1601C0CF042FA68B9237BAB420CD10C
:10836000084831460CF03AFA20B10120404200F0B2
:108370000C00204470BD0020F8E70020FAE700BFA1
:10838000666300207363002070B54A1C0C460546E6
:1083900088B90E4910460CF021FAA8B904F10A0672
:1083A00004F10B025DB1A17A28460BF03AFC00B94A
:1083B0000026304670BD09780BF033FCEDE7034929
:1083C00010460CF00BFAF2E72646F2E7C8C80200A6
:1083D000024608B5084901300CF017FA0023137261
:1083E0000C32BFF35B8F52E8001F42E800300028D8
:1083F000F9D1BFF35B8F08BDC8C802002DE9F04179
:1084000080460F4616461D46FFF79CFF044680B97E
:108410001249FFF797FF044630B9114A1148BDE8E9
:10842000F04101210AF0CCBD00F8018B39460CF077
:10843000ECF923892BB962892AB926816581BDE8C7
:10844000F0819E4204D36289AA42F8D29E42F5D2BC
:1084500063892681AB42F2D2F0E700BFC8C80200B0
:108460009BBC0200C47E02002DE9F047284B164653
:1084700082689A4207462BD1C568AB8A43B36C1C0D
:1084800005F115094FF00008B4F807309BB114F856
:10849000011C224630460BF0C4FBE0B914F8010C75
:1084A0002146FEF76FF830B1437B072B08BF48F039
:1084B0000108FDF71BFC0A344C45E5D1B8F1000F6B
:1084C00006D1AB69A5F8148013B1414638469847E8
:1084D0000120BDE8F08706F1700A307A51460BF0B2
:1084E000E5F878B90B4B9D4202D130460CF025FAE5
:1084F000094920460CF089F9002304F8013CA4F84E
:108500000730D8E7514620460CF07FF9D3E700BF8B
:108510001D850100D8250020C8C802002DE9F843B8
:108520001E46BDF82030D1F80C8081460F46002B46
:1085300045D1731E012B45D8012E41460CBF15783D
:108540001588FFF721FF0446C0B915B93046BDE8CC
:10855000F8834146FFF718FF044638B91B481C4A08
:1085600002210AF02DFD6FF01000F0E709F1700113
:1085700001300CF04AF999F808302370D8F81C3013
:108580008BB92581B8F81430AB4203D04146384648
:108590000CF042F9002DD9D10E49601C0CF035F9D0
:1085A00025702581D2E72A46394648469847002853
:1085B000CDDB01380128E4D96FF00D00C7E76FF07B
:1085C0000600C4E76FF00C00C1E700BFC47E0200E4
:1085D000BABC0200C8C802002DE9F0419846BDF8B7
:1085E0001830012B0646174635D84344012B454623
:1085F00034DCFFF775FE044668B9FFF771FE0446E8
:1086000048B9194A194802210AF0DAFC6FF010053E
:108610002846BDE8F081B8F1000F11D0217A00237F
:1086200021FA03F2D00703D53A78DA40D20718D5F9
:108630000133032BF4D13B7803F007031943217274
:10864000601C06F170010CF0E0F8337A23702046CC
:108650000CF099F9DCE76FF00605D9E76FF00C052F
:10866000D6E76FF01205D3E7D4BC0200C47E020047
:1086700010B504461448BFF35B8F50E8003F23F069
:10868000020340E80032002AF7D1BFF35B8FBFF34B
:108690005B8F0368BFF35B8FDA0704D500220023EA
:1086A000303806F07FFB20460BF0FCFF50B120462F
:1086B000FFF716FE30B1037ADB0703D5BDE81040A3
:1086C0000CF061B910BD00BF1049002010B515486D
:1086D00001210CF08BF8C30723D4022111480CF0C0
:1086E00085F8084007D11049104A0B88104CA24267
:1086F00011D300B10B800F490F480DF0DCFF0E487D
:108700004FF4A4720023FAF7E7FCBDE810400B49D0
:108710000B480DF0D0BF506803449BB208320120D3
:10872000E5E710BDF85C00207E6300204C7E02006F
:10873000747E0200AD890100704800200D8D01009B
:10874000E04800202DE9F041034648B1008A38B9DD
:108750001249DFF84CE001244FF0140C714501D3AD
:10876000BDE8F081D1E90076BB4204D30CFB067270
:10877000143A93420ED93444A2B208311446EDE7BC
:108780000CFB0578434507D001356219AE4292B221
:10879000F6D1F2E70025F8E71046E1E74C7E02004B
:1087A000747E02002DE9F74FBDF8305000919946D4
:1087B0004FF6FF73002D08BF1D46244B1B888342D4
:1087C000074690463CD203B0BDE8F08F736823445F
:1087D000BB4232D29CB208361D4B9E42F6D3F2E722
:1087E0008958019340460AF0F0FD019B90B1013495
:1087F0000AF1010AA4B273685345ECD9009B9C426C
:10880000E1D8BC42F3D331680BFB0AF28B18B8F104
:10881000000FE5D1B9F1000F0BD1013DADB2184603
:108820000E9A0D9B21469847002DCCD00028DED112
:10883000C9E7DA689145DAD1EFE74FF0000ADAE7E5
:10884000044E01244FF0140BC6E700BF7E630020E6
:10885000747E02004C7E020030B5E5B0102200218B
:1088600001A80FF044F8182200210DEB02000FF0D0
:108870003EF84FF41053ADF81430274C8023ADF878
:1088800016304FF48063CDE90734102262AB01A9A2
:1088900005A807F0D1FD0CAD034630B11F4A2048B2
:1088A00001210AF096FB65B030BD01464FF4AC7271
:1088B00028460FF01CF8D5F85811224628460EF02D
:1088C00071FB034608B1174AE9E7174A2B464FF6F2
:1088D000FF7101200CF0D6F8144905AB1022284690
:1088E0000EF075FB0446D5F8580107F067FD14B18A
:1088F0000F4A2346D3E70D4B214603F11002013105
:10890000187812F8014D03F8014B08291070F6D1C0
:1089100008480BF06BFFC6E70002C00300BD020071
:10892000C47E020029BD02003147020060480020D9
:1089300047BD0200104900202DE9F0411849BDF85B
:1089400018700446A1F1300015461E460DF0D2FE07
:10895000BFF35B8F134B1B68BFF35B8F190701D409
:10896000FFF77AFF2046FFF7BBFC044668B1037AA5
:10897000DA070AD50C30BFF35B8FE368BFF35B8F78
:10898000DB0702D402210BF031FF102306933A4695
:1089900031462846044BBDE8F0410BF061BF00BFF3
:1089A000A04800201049002060480020054BBFF37C
:1089B0005B8F1B68BFF35B8F1B0701D4FFF74CBFB6
:1089C000704700BF1049002007B500230193FFF74F
:1089D000B9FE411C89B20846034A01AB0CF052F8BB
:1089E000019803B05DF804FBF54602002DE9F04361
:1089F00087B0437B072B02AF80460C46154640F0FC
:108A0000A68000233B73206842F6030307F10C01A4
:108A1000FB810AF0DAFC0646002834D1D4F8049031
:108A2000B9F1000F05D14C4A4C4801210AF0C8FAAF
:108A30008DE00123009007F108022146C847031E7C
:108A400011DA6D4688B002AA4549D3610423C2E910
:108A5000051442F8103F414833464FF40151F8F7EE
:108A60000FFFAD4673E0012B05D03E4A3B48012184
:108A70000AF0AFFA6BE03B7A13F0300F67D0204674
:108A8000FFF7A2FF0446002320683B7307F10C01A7
:108A900042F60213FB810AF098FC18B12046FFF75A
:108AA00093FF0446002642F6021920683E703946BC
:108AB000A7F802900AF089FC18BB002320683B73DA
:108AC00007F10C0142F60213FB810AF07EFC064618
:108AD00000283CD1D4F80490B9F1000FA3D0009045
:108AE000022307F10C0221464046C847031EA8DBBB
:108AF000022BBAD1BB8905EA0300003818BF012058
:108B000026E020683E7142F60303391DFB800AF01F
:108B10005CFC0028D1D020683E724FF4205307F14E
:108B200008017B810AF051FC0028C6D020683E7302
:108B300042F6010307F10C01FB810AF046FC002814
:108B4000BBD02046FFF740FF04460028ADD10020EF
:108B50001437BD46BDE8F0835DBD0200C47E02004F
:108B600071BD020097BD02002DE9F8431546894604
:108B70009422696806460BF0B0FF8046002842D177
:108B8000696802223046FFF731FF00283ED04FF4DB
:108B900070200021AF8AFFF70FFA0237044680B138
:108BA0001C4B47611D214174C0F80C8043608561F6
:108BB0003A463046FFF7CEF9074638B92046FFF768
:108BC00027FA6FF00B052846BDE8F88301234246DB
:108BD0004146FFF761FBA98A07F10C0002310AF058
:108BE0007CFB20F8029BAA8A29690EF072FEA7601E
:108BF000214630460BF039FD05460028E3D02046DB
:108C0000FFF706FADFE74FF0FF35DCE76FF01505F9
:108C1000D9E700BFFB46020070B504468AB00D4696
:108C2000374BBFF35B8F1B68BFF35B8F5A0761D570
:108C300010B1437B072B60D16E6805963046FFF775
:108C400081FD2A68ADF8180032B305A902912D49BB
:108C500001910121002300914FF6FF710593FFF769
:108C6000A1FD059E1EB96FF001000AB070BD6E60D7
:108C7000002330688DF8103004A942F60303ADF8E4
:108C800012300AF0A2FB70B90598C3689B799B0665
:108C900005D46FF01500E8E70028E9D1E3E70BF011
:108CA000AAFEADF81800BDF818003CB1012301463A
:108CB000AB752A462046FFF757FFD6E76FF07F03D4
:108CC00007930223ADF8203042F60213ADF81230BC
:108CD00005ABAC7502930C4B01930123009304AADE
:108CE00023464FF6FF7109958DF81040FFF75AFDA6
:108CF0000798BAE76FF00A00B7E76FF07F00B4E7B4
:108D00001422002029470200818F010013B550F87A
:108D1000082C01920346A0F1200100F13004BFF3BA
:108D20005B8F54E8002F22F0010244E80020002865
:108D3000F7D1BFF35B8F0D4A43F81C2C0C4A43F864
:108D4000182C01AA002043F8102C042223F8080C48
:108D500023F8060C23F80C2CFFF75EFF18B902214C
:108D600020460BF043FD02B010BD00BF9C880200FE
:108D7000718601002DE9F84F3D4B904682689A427A
:108D800000AF054670D1D0F80C90D8F8004009F13A
:108D9000010609F1150AB6F80730F3B116F8011CFF
:108DA000324620460AF03DFFB8B14FF4957229468D
:108DB00020460BF092FE30B3032812D1EB4688B068
:108DC0006A462C4BCDE9053542F8100F2A4800239E
:108DD0004FF4C451F8F754FDDD460A36564543D0EA
:108DE000D9E7052820460CBF4FF0030B4FF0020BCC
:108DF0000AF011FF834506D998F804305B45ECD2A0
:108E000088F804B0E9E7494628460BF005FD1B4BFE
:108E1000994529D1207A04F17001FFF793FA0546AC
:108E200010B303890BB94389F3B12046FDF7B6F8B7
:108E3000134B2A8923F8202003EB80036A89114908
:108E40005A80182202FB00110F4A4A600B610F4A38
:108E50008A60042320468B82FFF7DEFE20B10C4A95
:108E6000054801210AF0ACF80120BD46BDE8F88FA5
:108E70001D850100B0BD0200C47E0200D82500207F
:108E800062630020C05C00209C8802008F490200C1
:108E9000C4BD020070B504468AB00D46354BBFF321
:108EA0005B8F1B68BFF35B8F5A075DD510B1437BA7
:108EB000072B5CD16E6805963046FFF743FC2A68A5
:108EC000ADF8180032B305A902912B490191012197
:108ED000002300914FF6FF710593FFF763FC059E99
:108EE0001EB96FF001000AB070BD6E6000233068DB
:108EF0008DF8103004A942F60303ADF812300AF0E1
:108F000064FA70B90598C3689B79DB0605D46FF0E5
:108F10001500E8E70028E9D1E3E70BF06CFDADF8B8
:108F20001800BDF818002CB101462A4620460BF067
:108F30000FFED8E742F60212ADF8122005AA6FF034
:108F40007F0302920D4A07930123CDE90032ADF869
:108F5000203004AA23464FF6FF7109958DF8104082
:108F6000FFF720FC0798BEE76FF00A00BBE76FF041
:108F70007F00B8E71422002029470200818F0100FA
:108F80002DE9F84F404B144682689A4280463AD108
:108F9000D0F80C903D4B99451DD13D4D00263D49E3
:108FA00028460BF01BFC78B915F8010C072229465E
:108FB000FDF73CFB50BB236915F8010C1A692946E3
:108FC00053881288FFF71AFA731C022B05F10C055F
:108FD0004FF00106E3D109F1010709F1150AB7F8CD
:108FE0000720A3899A420BD117F8010C3946FDF7E7
:108FF000C9FA064620B1437B072B0AD0FCF776FE60
:109000000A375745EBD14FF0010B2AE0FCF76EFE13
:10901000DAE7D9F8203023B14146984708B93046FD
:10902000ECE79422414630460BF057FD834600287A
:10903000F5D1A389022B17D1B7F807309A0720D5AD
:109040002269A1883046FFF78FFD054618B92269CD
:10905000937D013393753046FCF748FE002DA560E3
:10906000CEDA5846BDE8F88F012B0AD1B7F80730A1
:10907000DB0706D52269A18830460BF069FD05465D
:10908000E9E75D46E7E700BF1D850100D825002020
:1090900067630020C8C8020013B50F4A00904FF65E
:1090A000FF7104466B4601208DF804000BF0EAFCCA
:1090B00020460AF0B0FD9DF80410884209D22046EF
:1090C0000AF074FD034620B1044A0548022109F064
:1090D00080FF02B010BD00BF758D0100E1BD020030
:1090E000C47E02002DE9F0410D4B1B6806460F4679
:1090F000904623B153F8044904B1043C0BB9BDE8D0
:10910000F0811B681BB142463946304698472CB166
:10911000656805B1043D23462C46EFE72546FAE78E
:10912000FC5C002013B5084A009004466B46012001
:109130004FF6FF718DF804000BF0A4FC00212046CF
:109140000BF03DFD02B010BD758D010070B50346FA
:109150000F4A04464FF6FF7101200BF093FC2046A6
:10916000FFF7BEF8054688B104F17006207A314653
:109170000AF09CFA20B92846BDE87040FFF728B9EC
:109180003146681CBDE870400BF03FBB70BD00BFAE
:10919000698401007FB54FF42052ADF8162004AA6F
:1091A00002920B4A00230120CDE900324FF6FF71F5
:1091B00005AA04938DF81430FFF7F4FA049B012BF1
:1091C00014BF6FF01500002007B05DF804FB00BF6E
:1091D000534C020008B501460448044B0BF052FD05
:1091E000043B002814BF1846002008BD1C4900207D
:1091F00010B50C4A11680C4ABFF35B8F00F5B473CD
:1092000053E8004F944204D143E8001CBCF1000F26
:10921000F6D1BFF35B8FBFF35B8FD0F86801BFF36C
:109220005B8F10BD045C00201849002008B5FFF7D3
:10923000DFFFB8B1036843B1426832B1826812B946
:109240000B4A12783AB904200BE0094A127812B19D
:109250000BB1826842B9426842B9002B14BF0020AA
:10926000032008BD0320FCE70120FAE70220F8E70D
:10927000D264002008B5034A034801210BF000FD29
:10928000002008BD15BE0200047F0200024A034808
:1092900002210BF0F5BC00BF30BE0200047F0200CB
:1092A00038B5002304461A46EC300D46FDF768FB3E
:1092B00058B1693004D1074A074801210BF0E0FC9E
:1092C0002846BDE83840F9F741BE2046BDE83840A1
:1092D0000BF034BDFCB90200047F020038B5051D57
:1092E0000446082128460BF032FD084904F15700D6
:1092F000FCF7E0FA48B1082128460BF001FD0448CC
:10930000044A01210BF0BCFC082038BDF34F0200D9
:10931000047F020049BE020038B5EC220546002158
:109320000EF0E5FA102105F1270003F077FC044662
:1093300048B9052128460BF00AFDFCF7ABFA034BB0
:109340001860204638BD0824FBE700BF045D0020FC
:1093500070B50E4686B00446FFF74AFFF36804F185
:1093600037020546114603F1100053F8046B41F82B
:10937000046B8342F9D1237A052B00F29580DFE854
:1093800003F017232303936A02AB4B490093096848
:1093900004F1270304F1570001F0A8FA58BB0A2191
:1093A000201D0BF0D4FCAB680299D4F8EC00984770
:1093B00020460D210BF0CBFC201D10210BF0C7FC2B
:1093C00020460BF0F7FC17E094F8DC10D4F8D83006
:1093D00002ADCB403849009503F00103096843F022
:1093E000800304F157000BF0B8FE38B1334A34481B
:1093F00001210BF045FC082006B070BD1022294663
:1094000004F117000EF082FA08B10420F4E70321FA
:1094100020460BF09CFC0BF0CDFC0028EBD194F81F
:10942000DC300133DBB2142B84F8DC3009D10D21A0
:1094300020460BF08CFC1021201D0BF088FC002036
:10944000DAE7102104F1270003F0E8FB003818BF29
:109450000120C000D0E7102104F1270003F0DEFB5B
:109460000028C8D135B3EB6823B3164BE27A1B88CA
:10947000ADF80830A37C12F0010F08BF0320DB0712
:1094800003D5002814BF012002200023C4E938338B
:109490008DF809000C21201D0BF059FCEB68D4F865
:1094A000EC0002A99847CAE7074A054801210BF0DA
:1094B00036FCA0E702209FE7045D002062BE0200A8
:1094C000047F0200188202007BBE02002DE9F047F3
:1094D00090B004460CAD1022002128460EF007FA89
:1094E000237A052B34D8DFE803F006030306332381
:1094F000D4F8D8300C93D4F8EC3004F1470204F1DE
:10950000C707CDE9017204F1370803F17E0204F1C7
:109510002709009277334A46414604F1970001F04B
:109520007DF9F0B1454A464801210BF0A9FB14E052
:10953000D4F8E430002BDED02E4603F11007186873
:109540005968324603C20833BB421646F7D1D2E708
:109550003C4A3B4801210BF0E2FB082010B0BDE87B
:10956000F087D4F8EC3003F177027E3308AE019334
:1095700004F111030292009303962B46424649469A
:1095800038460BF00FFE08B12F4ACCE7237A052BA3
:109590000ED1D4F8E01011B30B46AC4601F1100E19
:1095A00018685968624603C2083373459446F7D178
:1095B000D4F8EC3003F17E0277330DF1100A0193F9
:1095C00004F10A0302920093CDF80CA02B464A4600
:1095D000414638460BF0E6FD30B11C4AA3E71022A5
:1095E00028460EF084F9E3E71022514604F1B70053
:1095F0000EF08CF9F8B90D2120460BF0BCFB0746A4
:109600000028AAD010210C3009F067FE324603462C
:10961000164603CEAE4218605960324603F1080385
:10962000F6D139462046FFF73BFE201D01210BF005
:109630008EFB002092E70B2090E700BF97BE020050
:10964000047F02007BBE0200ACBE0200CFBE02005F
:1096500073B5047A022C054623D844B190F8DC3067
:10966000D0F8D840DC4004F0010444F08004032129
:1096700028460BF080FB0646D8B110210C3009F0CB
:109680002CFE009012482346006805F1270205F1E0
:1096900057010BF062FD044680B13046F9F756FCE5
:1096A00007E0032C08D00B4A0B48234601210BF09E
:1096B00036FB082002B070BD0024D8E731462846AA
:1096C000FFF7EEFD281D21460BF01AFB2046F1E7BF
:1096D000045D00207BBE0200047F020070B5061D01
:1096E000CD6804460B2130460BF00AFB2B4604F1F3
:1096F000170205F1100153F8040B42F8040B8B42DA
:10970000F9D1237A012B09D0022B13D12046042151
:109710000BF01DFBBDE87040FFF79ABF0A213046F1
:109720000BF0B0FA0028F1D0304600210BF00FFB0F
:10973000002070BD0348044A01210BF0F0FA082014
:10974000F7E700BF047F02007BBE0200F7B50446C6
:10975000FFF74EFD261D05460E2130460BF092FA0E
:1097600078B94E4B2022196804F157000EF0CEF85C
:1097700038B94B4A4B4802210BF082FA082003B05B
:10978000F0BD0C2120460BF0F6FA07460028F5D074
:1097900040210C3009F0A1FD404B1B6802460146F8
:1097A00003F1200053F804CB41F804CB8342F9D1F4
:1097B000203203F1200153F8040B42F8040B8B42D2
:1097C000F9D139462046FFF76BFD237A052B5DD88A
:1097D000DFE803F003491A035C59042120460BF02B
:1097E000B6FAFFF735FF0028C8D1304607210BF045
:1097F000AEFA0820FFF7EEFC00284DD1204603B05A
:10980000BDE8F040FFF76ABD2046D4F8EC70FFF7E2
:10981000EFFC042105464FF0FF330DEB01000193EF
:1098200003F0FCF90028A9D1019B1F4AB3FBF2F118
:1098300002FB11330193C4F8D83084F8DC0055B131
:109840002B6843B10B2130460BF081FA2B68D4F81A
:10985000D81038469847032120460BF078FA0E219D
:109860000BF075FAC1E7204603210BF070FA0E21C8
:109870000BF06DFA30460A210BF069FA6B68D4F8E8
:10988000EC009847B1E704212046E9E7074A05487C
:1098900001210BF044FA71E7002070E7045D00201D
:1098A000F3BE0200047F020040420F007BBE0200B4
:1098B00070B50E460546FFF79BFCF36805F15704AB
:1098C000224603F1200153F8040B42F8040B8B42AB
:1098D000F9D105F1770203F1200153F8040B42F8A6
:1098E000040B8B42F9D12046FBF730FFF0B11D4A43
:1098F0001D4803210BF0C4F9281D0E210BF027FA97
:10990000D5F8EC40D4F8A40038B9207A04F17001FD
:1099100000F0D8FEC4F8A40098B1438A03F02403F1
:109920007BB1437C9B070CD4032070BD2046FBF722
:1099300019FF30B90C480D4A02210BF0A1F90B2098
:10994000F3E70B4B1C682CB9281D06210BF0FFF91F
:109950002046EAE72846FFF7F9FE003818BF012045
:10996000C000E2E70EBF0200047F02002FBF02002A
:10997000045D002038B512490446A0F1EC054C30D6
:109980000CF099FE28460BF07DFABFF35B8F0D4A71
:1099900004F17C0353E8001F43E800200028F9D1BC
:1099A000BFF35B8FBFF35B8F80344FF0FF3354E81E
:1099B000002F44E800310029F9D1BFF35B8F38BD97
:1099C00005A501001849002080B500AF88B06A469F
:1099D000074BCDE90530032342F8103F054800232B
:1099E0004FF4C251F7F74CFF6FF00B00BD4680BD3E
:1099F0004BBF0200047F020008B5084AD2F8EC30E1
:109A000033B90748C2F8F000EC320A60184608BDC6
:109A1000FFF7DAFF6FF00B00F9E700BF18490020ED
:109A2000148902002DE9F04188B0064600AF0B46CC
:109A300004300D210BF026F990B3DD68D6F8EC3038
:109A400003F17008197A424602200BF04CFB0446E1
:109A5000E0B941463846F9F7B5FA6E4688B06A462D
:109A6000124BCDE905374FF40073ADF81C30104BA5
:109A700042F8103F0F4823464FF4E251F7F700FF3A
:109A80000820B5462037BD46BDE8F0812B462E3470
:109A900005F1100253F8041B44F8041B9342F9D15A
:109AA000304609210BF053F90020EBE770BF0200AC
:109AB00003000001047F020038B5174B1B780546F0
:109AC00023B301F00F042846FFF7B0FB134A032825
:109AD0000CBF04F00B0444F0040405F5B6731278CF
:109AE000BFF35B8F53E8001F013103D143E800202F
:109AF0000028F7D1BFF35B8FBFF35B8FD5F86C31D4
:109B0000BFF35B8F2BB144F0010038BD01F00704B7
:109B1000D9E704F0FE00F8E7D2640020D526002043
:109B2000F8B50D46D0F8EC700446FFF761FBED6820
:109B3000EB78102B01D00620F8BDD7F8A430002B0D
:109B400073D0261D0F2130460BF09CF820B920461B
:109B5000FFF7E2FB002871D1012363722B68C4F880
:109B60000A30AB88E38102232374A9782046FFF7EB
:109B7000A3FFE0742046FFF759FB102360742375A0
:109B80002B7903F0030363756B7903F00103A3756D
:109B9000E37C1A0754D4052130460BF073F80028F3
:109BA0005CD0574B1B78A374E37C980606D5AB7842
:109BB000990603D5142130460BF0C9F8E37CDA0787
:109BC0004ED5AB78DB074BD50D2130460BF0BFF8F7
:109BD000A37D84F8E830637D84F8E93003213046C2
:109BE0000BF0B5F8237BE17C2D7803EA0102100726
:109BF00004D5E27AA07C0243D20735D4042D35D8AF
:109C00000B4313F0040307D02046FFF70FFB3D4B37
:109C100005EB85052B441B5C2372D7F8A410204666
:109C20000BF039F820BB032086E7387A07F1700182
:109C300000F048FDC7F8A400002882D108207BE787
:109C4000AB781B07A7D5052130460BF080F8637D64
:109C500003F0020363750023A3759CE72A4BA1E779
:109C600000236375A375B3E70523D5E70023D3E786
:109C7000D4F8EC309B7A032B33D022D8013B012B54
:109C8000DCD8052130460AF0FDFF0028CBD00C219E
:109C900020460BF05CF802210BF06DF80546002819
:109CA000CCD006210C3009F018FBD4F81130036039
:109CB000B4F81530838029462046FFF7F1FA0020DA
:109CC0003AE7042BBAD1237D627B934228BF134627
:109CD000102B7FF430AF052130460AF0D3FF002867
:109CE000A1D0237A002B9ED0052130460AF0CAFF6E
:109CF0000028C6D1237A013B012BC2D893E700BFCD
:109D0000D4640020C2C90200D36400202DE9F041D0
:109D1000C778012F044604D06FF015042046BDE833
:109D2000F0810AF0FEFF0546002800F0A980061D1C
:109D3000042130460AF0A6FF002840F0A480032149
:109D400030460AF09FFF10B16FF00F04E6E7394686
:109D500030460AF097FF0028F6D12846FFF748FA68
:109D6000D5F8EC309B7A032B074640D030D8013B26
:109D7000012B46D90F21201D0AF084FF0028CBD1EA
:109D8000D4F8A40090B904F17007217A3A46202053
:109D900000F0DAFCC4F8A40040B9217A3A46042065
:109DA00000F0D2FCC4F8A4000028B5D0438A13F018
:109DB000240FB1D0A27A022A23D9417CC907ABD59E
:109DC000032A1ED09B06A7D5037C102BA4D118E034
:109DD000042BCFD12846FFF729FA032804D1002FFE
:109DE000C8D0FB68002BC5D0284B1B7807E028465D
:109DF000FFF71CFA032804D1002FBBD0FB68002B0F
:109E0000B8D0D4F8A4303BB12846FFF785FA044611
:109E100070B16FF0680481E7207A04F1700100F0FE
:109E200051FCC4F8A4000028EED16FF00B0475E7D4
:109E30000B2128460AF09FFF07460028E9D00121A0
:109E40000C3009F04AFA092180462846FFF734FE13
:109E5000234688F800002246394605F1EC00FCF75D
:109E60008FFD044618B13846F9F770F856E73046CA
:109E70000F210AF06CFF012128460AF068FF4DE728
:109E80006FF07F044AE76FF0040447E7D2640020D4
:109E9000F8B5D0F8EC40D4F8A4300546061D002BE8
:109EA0003CD102213B4A3C480AF0EAFE07213B4BE9
:109EB0005F5CD4F8A4304BB11B7C002B5FD1D4F88D
:109EC000A4000BF024F90023C4F8A430022130468A
:109ED0000AF0D8FE40B9072F96BF314B1F21D95D3C
:109EE0003A462046FCF7FAFA032130460AF0CAFE49
:109EF00010B32C4B1B68FBB153F80C6906B10C3E38
:109F0000D3B15B6813B1394620469847002E3DD047
:109F1000F26802B10C3A33461646F1E749BB214BD1
:109F20000D2130460AF0AEFE1B68074623B153F8F8
:109F30000C6906B10C3E73B928460AF0A3FF637B97
:109F4000072B25D1627AA37A9A4221D02046BDE818
:109F5000F840FFF7DBBE1B6813B13946204698472F
:109F60002EB1F26802B10C3A33461646E3E73246A8
:109F7000FAE70139C9B20E2999D9092799E70221CF
:109F800030460AF07FFE002899D19FE73246C2E7AB
:109F9000F8BD00BF8ABF0200047F0200B3C90200FF
:109FA000A2C90200FC5B0020F8B5031D06460F465F
:109FB000184602210AF066FE044620B1B6F8E840D1
:109FC000B4FA84F46409032118460AF05BFE80B1F8
:109FD00039463046FFF75CFFC4B11A481A4A0221DD
:109FE0000AF04EFED6F8EC00052109F0A8FD00208D
:109FF000F8BD012118460AF045FE0028E8D10F21DE
:10A0000018460AF03FFE0028E2D1E5E70521304678
:10A010000AF0B1FE054688B101210C3009F05DF966
:10A02000234607702246294606F1EC00FCF7A8FCFF
:10A030000028DCD02846F8F789FFD8E76FF06800E1
:10A04000D6E700BF047F0200B4BF0200134B10B577
:10A05000044618604FF0FF324FF0FF33104804F011
:10A060003DFB104804F0A4FE0D4804F0A9FB1CB908
:10A07000BDE81040FFF70AB90B4CBFF35B8F2368B4
:10A08000BFF35B8F5B0607D5201FFFF75FFB18B19F
:10A090000821201FFFF788FF10BD00BF045D0020CE
:10A0A000FC250020102600201C4900202DE9F3414A
:10A0B0000B8A04460E4643B92D4A2E4801210AF068
:10A0C000DFFD002002B0BDE8F081012106F10C00A7
:10A0D00009F033F9A4F1EC05E83C074604212046D9
:10A0E0000AF0D0FD3B7828B1234A224802210AF029
:10A0F00016FEE6E70E2B01D9204AF6E7DFF880804E
:10A1000058F833204AB902211E4A1A480AF007FEBD
:10A1100007212846FFF748FFD3E7194628460AF0EB
:10A120009AFE3B7860B91348174A02210AF0F7FDFE
:10A13000032120460AF0A6FD0028C2D00821E8E746
:10A1400008EBC301328A0979914208D001210093BA
:10A15000084813460D4A08F046FF0A21D9E7314660
:10A1600058F833302846984701460028A9D0D0E750
:10A170000CC00200047F020027C0020058C0020089
:10A180003C8902007AC0020094C00200D8BA0200E2
:10A190002DE9F04F99B090F8E930D1F80C80D0F863
:10A1A000EC6023F0020380F8E93098F8003000AF4B
:10A1B000054606F17009002B3BD098F8063003F0F5
:10A1C000C003C02B35D041463846F8F7FBFE6E463B
:10A1D00088B06C46614BDFF888816D464FF4007A99
:10A1E000CDE90537ADF81CA045F8108F00232A46AD
:10A1F0005C484FF4E25107F1200BF7F741FB494669
:10A20000B5465846F8F7DEFEA546574BA4F81CA005
:10A21000C4E9053BC4F81080524800232A464FF495
:10A22000E251F7F72DFB0A20B5466437BD46BDE87D
:10A23000F08F0722414648460DF068FB68B1307A3E
:10A24000414600F0D9FA044638B1014628460AF0E2
:10A2500022FD48B320460AF05AFF0D21281D0AF0BE
:10A2600011FD002868D0317A4A4602200AF03BFFEF
:10A270000446D8B907F1400549462846F8F7A2FE3A
:10A280006E4688B06A46394BCDE905354FF4007308
:10A29000ADF81C30324B42F8103F324823464FF4A1
:10A2A000E251F7F7EDFAB5460820BEE7F378002B48
:10A2B0003CD106F17E03187801282BD19A7902F05F
:10A2C000C002402A26D1D3F80120C4F83E20B3F8BA
:10A2D0000530A4F8423096F87030DBB196F876304D
:10A2E00003F0C003C02B15D02149BC6407F1400224
:10A2F000C7E91098FBF70CFED8F80030C4F801301D
:10A30000B8F80430A4F8053098F80630E371304608
:10A31000FCF7B4F800212046FAF73CFC48B111489C
:10A32000144A02210AF0ACFC03207EE706F1770311
:10A33000C1E72046FAF740FC95F8E9305B0703D502
:10A340000A2128460AF003FDB5F8E81009B10020FB
:10A350006BE72846FFF79CFDF9E700BFAFC002009E
:10A3600003000001047F02002DC1020070BF020043
:10A37000CB4E0200C3C002002DE9F0410E46D0F8DA
:10A38000EC800446FEF734FFF66805463378104843
:10A39000104A0121271D0AF0C2FC0A2138460AF0A2
:10A3A0005AFD38B16DB920463178FFF771FD0020B4
:10A3B000BDE8F0810B2138460AF04DFD0028F1D1AF
:10A3C000F1E72B69002BEED040469847EBE700BF42
:10A3D000047F0200FEC002002DE9F043054689B06B
:10A3E000A0F1E806044600AF88463046012155F842
:10A3F000EC990AF030FD28B3B8F1000F17D0032113
:10A4000030460AF03FFCE8B14046F9F727FC013836
:10A41000C0B208289ABF374B1C5C0024022130468A
:10A420000AF095FC21462846FFF732FD0AE099F82C
:10A430000B303BB1032130460AF024FC30B92846EA
:10A440000AF020FD2437BD46BDE8F08305213046E3
:10A450000AF018FCB8B114F8043C1B0707D514F82F
:10A46000033C180703D5112130460AF070FC14F89C
:10A47000043C23F0080304F8043C14F8033C23F0E4
:10A48000080304F8033C14F8033CD90710D506214F
:10A4900028460AF05CFC022130460AF058FC21688C
:10A4A000D1F8A46066B134F8041C0029CAD1BAE717
:10A4B0009A0701D50821EBE75B07ECD50A21E7E70E
:10A4C00070313846F8F77EFD6D4688B06A460A4B13
:10A4D000CDE905374FF40073ADF81C30074B42F857
:10A4E000103F074833464FF4E251F7F7C9F9AD463C
:10A4F000A8E700BFAAC9020020C1020003000001B2
:10A50000047F020037B5A0F59C75A0F59A74BFF3DF
:10A510005B8F2368BFF35B8FBFF35B8F2A68BFF34A
:10A520005B8F084800920121074A08F05CFD28462D
:10A530000821FFF7ADFC0421204603B0BDE8304000
:10A540000AF005BC047F020035C102002DE9F0438A
:10A5500089B000AF04460AF0E4FB054680B3061D4F
:10A56000032130460AF08EFB50B3D4F8A40008B1A2
:10A570000AF0CDFD04F17009207A494600F0A2F8F6
:10A580008046C4F8A400F8B949463846F8F71AFDE1
:10A590006E4688B06A46414BCDE905374FF40073EB
:10A5A000ADF81C303E4B42F8103F3E484FF4E251AC
:10A5B0004346F7F765F90821B5462846FFF7F4FC4E
:10A5C0002437BD46BDE8F0830E2130460AF05AFB21
:10A5D00028B1D4F8A420537C43F0020353742B7A9F
:10A5E000032B0DD8002B4DD1D4F8A420537C23F09D
:10A5F00020035374D4F8A420537C23F001030DE00E
:10A60000053B012BF0D8D4F8A420537C43F0200361
:10A610005374D4F8A420537C43F0010353742B7D6E
:10A62000697BD4F8A4208B4228BF0B461374052104
:10A6300030460AF027FBD4F8A420537C48B343F0FB
:10A64000100353740D2130460AF01CFB0028B7D0CC
:10A65000D4F8A40020210AF056FDD4F8A43005F166
:10A6600047021E33573552F8041B43F8041BAA4215
:10A67000F9D1D4F8A420002353619361D4F8A42025
:10A6800093839DE7052130460AF0FCFA0028ABD001
:10A69000BFE723F01003537492E700BF70BF0200BE
:10A6A00003000001047F020008B5044B04480122A6
:10A6B0001A70FBF799F8002008BD00BFD264002093
:10A6C0001826002070B5054612480378AB420C46A8
:10A6D0004FF0010604D1072230440DF017F9A0B164
:10A6E0002EB10D490D4807220DF010F978B9094A2D
:10A6F000134603F8015B2168C2F80110A188998014
:10A70000A179997140F21123D360024870BD0020F5
:10A71000FCE700BF085D0020C8C80200095D0020FA
:10A72000F8B5084F164604460D4600227B8A2340A2
:10A7300002B1F8BD002BFCD031463846A8470122B3
:10A74000F4E700BF085D002070B50B4C638A03403E
:10A750000D464FF000061146227808D0954204D1EC
:10A760000722601C0DF0D2F818B1304600E0184600
:10A7700070BD2046FCE700BF085D0020F8B50B78EF
:10A78000012B06460C4601D00020F8BD8B7903F062
:10A79000C003402BF8D1154D6F8A2946BF0711F829
:10A7A0003E2B4FF0000304F1010006D5B24204D164
:10A7B00006220DF0ABF8B8B10023002BE4D16B8A70
:10A7C0009B07E1D52B78B342DED1661C08483146A1
:10A7D00008F0E8FD0028D7D0D4F80130C5F83E30A5
:10A7E000044BB4F805209A800048CEE7085D0020AD
:10A7F000365D0020465D002010B5074C237883426B
:10A8000008D10722601C0DF081F800280CBF2046FB
:10A81000002010BD0020FCE7085D00202DE9F0437A
:10A820009BB0304CDDE923871D4684468946164699
:10A830000CAB04F1300E206861681A4603C208347C
:10A8400074451346F7D12068106022791A71614669
:10A85000202204A80AF069FC23486B46202204A9A0
:10A8600000F072F80446C0BB102249460DF13500D5
:10A870000AF05BFC102231460DF145000AF055FC50
:10A880002946062211F8013B8DF855300DF156008E
:10A890000AF04BFC2299062211F8013B8DF85C303E
:10A8A0000DF15D000AF041FC434635220CA96846D3
:10A8B00000F04AF8044680B940460AF040FC012303
:10A8C0008DF8303035223B460CA9684600F03CF844
:10A8D000044610B938460AF032FC20461BB0BDE8E9
:10A8E000F08300BF1A820200DBC9020070B598B085
:10A8F0000E4614460146202204A81D460AF015FC07
:10A90000202231460CA80AF010FC1022294614A877
:10A910000AF00BFC1022214668460AF006FC6B4642
:10A92000502204A9684600F00FF840B9039B054A7D
:10A930001BBAB3FBF2F102FB11331C9A136018B07F
:10A9400070BD00BF40420F002DE9F0418EB00746B8
:10A950000C4615460021182208A81E460CF0C7FF19
:10A960004FF41053ADF81C30DFF85C808023ADF855
:10A970001E304FF44063CDE90938102205AB39464B
:10A9800007A805F059FD034648B1104A10480121B7
:10A9900008F01FFB6FF004000EB0BDE8F08106ABBD
:10A9A000029310232246CDE9006341462B460598C9
:10A9B0000CF03AFB0446059805F000FD2043EBD06F
:10A9C000044A2346E2E700BF0002C0037DC1020043
:10A9D000AC7E020099C10200142870B503460C46F3
:10A9E00012D80B4A12F81010D4E9000502EB43020A
:10A9F000A0FB01065278002301FB0561EFF786FEFC
:10AA0000C4E90001002070BD6FF01500FBE700BF36
:10AA1000EBC9020008B502F0C7FE034668B107485B
:10AA2000074A012108F0D5FA06486FF00403436293
:10AA3000BDE8084014300AF005BC08BD747E020071
:10AA4000B2C1020090220020044B93F83A3013B1B7
:10AA5000034802F057BFFFF7DDBF00BF9022002080
:10AA600019AB0100094BBFF35B8F53E8002F511C5A
:10AA700043E800100028F8D1BFF35B8F0AB9FFF755
:10AA8000E3BF6FF00F025A62704700BF90220020B0
:10AA900080B500AF88B06A46094BCDE905304FF468
:10AAA0000073ADF81C30074B42F8103F06480023F6
:10AAB0004FF4E251F6F7E4FE6FF00400BD4680BDAE
:10AAC000CCC1020003000001747E020038B50F49BA
:10AAD000002205460E480BF0FFFF002002F050FD5B
:10AAE000044630B12868FFF7D3FF6FF00404204616
:10AAF00038BD024601210720F7F78EFE0548C368DE
:10AB0000002BF4D104300AF09DFBF0E765AA0100A8
:10AB1000F022002090220020F8B50378002B40F0AE
:10AB20009A80574CE36A94F850701F42254607D12B
:10AB3000A36A002B3FD15348BDE8F8400AF082BB1E
:10AB400094F89810A26D94F85160A1B90121DBB27C
:10AB50000B420BD00F4208D016EA010CB2F90000EC
:10AB600024D000EBD070401010800232490089B22E
:10AB7000B942EDD9DCE73340018915D002EB410140
:10AB80009142D5D0B2F9003003EBD3735B1022F8B9
:10AB9000023BF5E732F91360002EB8BF22F813002C
:10ABA00001338B42F6DBC3E71846FAE70028B8BF4B
:10ABB000A2F800C0D9E7236C43B1B4F84C20324965
:10ABC0003248984701280BD0022837D0B4F84C30CF
:10ABD000B4F848209A4231D90133A4F84C3000200F
:10ABE00094F89830B3B994F8521018B9A36D03EBE8
:10ABF0004103A365A06D02F097FD034650B12448C0
:10AC0000244A012108F0E5F96FF004031D4863624E
:10AC10000AF018FBE36B1BB9BDE8F840FFF714BF5F
:10AC2000BFF35B8F55E8003F5A1E45E8002100291D
:10AC3000F8D1BFF35B8F012BEEDCF8BDE36B002B8B
:10AC40003FF479AF94F89830002B7FF474AF12483A
:10AC500004F0D0FE6FE7022B0FD102F0A5FD0346F2
:10AC60000028EAD00A480D4A012108F0B2F9044848
:10AC70006FF00403436214305EE7052BDDD15AE721
:10AC800090220020A4220020B8220020947B020001
:10AC9000747E0200ECC10200F0220020B2C102006A
:10ACA0002DE9FF410F464FF0FF3380484FF0FF3250
:10ACB00003F03CFE7E68731EFE2B05D97C4A7D485E
:10ACC000012108F07DF910E00024254626FA04F35E
:10ACD000DA0715D502F09CFCE040C3070ED4764A93
:10ACE00023467448012108F074F96FF015046F4889
:10ACF0000AF0A8FA204604B0BDE8F0810135EDB2B3
:10AD00000134082CE2D10DB96C4AD8E73B7CA3F1A1
:10AD10000802062A0FD8DFE802F0100E120E040E09
:10AD20000C000221012D7A7C0BD0002A46D0644A07
:10AD3000C5E70321F6E7634AD3E70021F2E70121E3
:10AD4000F0E7082A06D8DFE802F008080808080833
:10AD50000808080013465C4AC3E73B6873B35C68A5
:10AD600064BB186801387F2828D88DF808208DF832
:10AD700009401B68554A1B01013BADF80A3001230D
:10AD800082F898308DF80C3002AA514B304602F010
:10AD90007BFC04460028AAD13B686A0013B19B895A
:10ADA00003FB0222FB68934211D242480092012128
:10ADB000484A08F018F96FF00B0498E7434B00205D
:10ADC00083F89800424B304602F028FCE1E73F4E02
:10ADD00086F8525096F89830B868B065B04673B1AE
:10ADE0003B689D890135A9B202F09EFC044640B142
:10ADF000394A034601212F4808F0EBF877E7294646
:10AE0000F2E7BC46BCE80F00344D0FC5DCF800305B
:10AE10002B6074623B68002B45D00FCB2F1D87E859
:10AE20000F00F36BB762A6F84C40002B3BD0BFF38A
:10AE30005B8F58E8003F48E80042002AF9D1BFF391
:10AE40005B8F96F89810E1B9F46B2548254A4FF4CA
:10AE500000470023E4FB0701EFF7A8FC0022CDE93F
:10AE60000001002305F1280004F08CFD1E484FF07E
:10AE7000FF324FF0FF3303F059FD00B17062746A86
:10AE800035E702F091FC03460028EFD0174A094845
:10AE9000012108F09EF86FF00403A5F1240073620D
:10AEA0000AF0D0F9E2E7FFF7CFFDDFE794220020B8
:10AEB00005C20200747E020023C202003DC20200ED
:10AEC00078C2020053C20200AAC2020090220020EF
:10AED00019AB0100CDC20200ECC10200B822002073
:10AEE0003F420F0040420F00A4220020B2C10200E6
:10AEF00030B587B000230393CDF80F304B798DF830
:10AF000013300B7913F020050C4615D08A797F2A6F
:10AF100008BFFF228DF81420C3F3040203F01F03BF
:10AF2000072B8DF8152009D95A4A5B48012108F0F2
:10AF300050F86FF015059DE0FF22EBE722780C2A10
:10AF40001ED8DFE802F00A07111D131D151D1D177D
:10AF5000191D1B0001228DF80E206278032A15D0DE
:10AF6000042A16D04D4A0CE00222F4E70322F2E74D
:10AF70000422F0E70522EEE70622ECE70722EAE7E3
:10AF8000474A4548012108F01BF8D2E701228DF815
:10AF90000F20628844F20A018A4227D843F6FE71E4
:10AFA0008A4203D8002A4BD03E4AEAE7A2F57F52F4
:10AFB0003F3A0B2AF8D801A151F822F049B001001C
:10AFC000A9AF0100A9AF0100A9AF01000FB00100B6
:10AFD000A9AF010009B00100A9AF0100A9AF0100AC
:10AFE000A9AF0100A9AF010041B0010044F2140172
:10AFF0008A4227D044F228018A4225D044F20F0128
:10B000008A42D1D1032200E001228DF81020264986
:10B01000012000FA03F391F85020DBB26DB3A5795B
:10B020007F2D13D1134381F85030237991F85120AB
:10B0300003F01F0300FA03F3134381F851300BE0D0
:10B040000222E2E70422E0E70522DEE722EA030229
:10B050008DF8110081F8502003A80AF0BDFF0546C5
:10B0600040B1237903F01F03104A009001210A48E0
:10B0700007F0B9FF284607B030BD134381F85030C0
:10B08000237991F8512003F01F0300FA03F322EA19
:10B090000303D2E7F2C20200747E020028C302005A
:10B0A00009C302004CC302009022002077C30200B3
:10B0B000084B70B5C31A0D4607499B100446594307
:10B0C000064840220AF0C9F82B4601462046BDE852
:10B0D00070401847605D0020B76DDBB6087B02004A
:10B0E00073B50C4C0C4A4023041B00930D460B46D1
:10B0F0000A49A4106143064609480AF0DAF80146F5
:10B1000028B130462B4602B0BDE87040184702B067
:10B1100070BD00BF605D00201F530200B76DDBB63D
:10B12000087B02000022F8B5012105461046F7F71A
:10B1300073FB104801F07CFE0446B8B90AF02AFC03
:10B140002F690D49384607F01AFE031E09DB012658
:10B150003E642D69084905F11C0007F010FE031E2E
:10B1600002DA1C462046F8BDEE64FBE76FF00404EB
:10B17000F8E700BFA5B20100B48902001FB50022A4
:10B180000123CDE902236C46074A6B46CDE9004412
:10B190000AF0BEF828B94FF480420023684603F055
:10B1A000C5FB04B010BD00BF3153020010B5EFF372
:10B1B0001184402383F31288BFF36F8F074A13680B
:10B1C00023F00201DB07116002D401200AF0DCFB4E
:10B1D00084F31188BFF36F8F10BD00BFB05D0020F6
:10B1E00030B4104B0C2202FB003301460020D3E99F
:10B1F0000E529863EFF31180402484F31288BFF35A
:10B200006F8F1C6C04F0C00444F002041C6480F3D3
:10B210001188BFF36F8F1DB12B46034830BC184710
:10B2200030BC7047605D0020087B020010B4EFF373
:10B230001180402282F31288BFF36F8F17490B6889
:10B2400043F0020413F001030C601AD04FF0804366
:10B25000D3F80C14D3F80C3413F0010311D0EFF32E
:10B26000118182F31288BFF36F8F0D4A136C03F0C4
:10B27000C00343F00203136481F31188BFF36F8F9F
:10B28000012380F31188BFF36F8F1BB110BC002026
:10B29000FFF7A6BF10BC012001F0BABDB05D0020D1
:10B2A000605D002010B1012804D07047034B1B6C77
:10B2B0005B0701D1FFF794BF704700BF605D0020BE
:10B2C000F8B52849BFF35B8F0646012251E8003FDD
:10B2D00041E800200028F9D1BFF35B8F33B9224940
:10B2E00022484B60CB608A6007F05CFD731E012B27
:10B2F0002CD80BF037FA044650B1EFF311854023F8
:10B3000083F31288BFF36F8F01244FF080470EE064
:10B31000174B1B78002BF0D04FF080430222C3F86C
:10B3200008230546F1E794B1284607F046FFD7F811
:10B330001824D7F81834D203F5D59B0701D0012E75
:10B34000F1D14CB185F31188BFF36F8FF8BD0021A7
:10B3500021200BF0CEFAEAE74FF080430222C3F837
:10B360000423F3E75C5D00204C5D00207C5D002041
:10B370002F68002008B50448F5F7CEFE0248F7F71D
:10B3800003FD002008BD00BF8DB3010073B5104E52
:10B390008DF807000446032501220DF10701002066
:10B3A00002F070FF20B101233370204602B070BD5F
:10B3B0003378002BF9D0013D08D00BF0D3F90028E9
:10B3C000EAD1002142200BF094FAE5E73570ECE772
:10B3D000D5640020EFF31182402383F31288BFF37A
:10B3E0006F8F0A4BD3F8001161B10021D3F8080523
:10B3F000C3F80011D3F80031C0B282F31188BFF353
:10B400006F8F70476FF00A00F7E700BF00D0004071
:10B41000F0B503468478C678EFF3118E402080F3B0
:10B420001288BFF36F8F1D7893F801C0641B3440FE
:10B43000A24288BFA2B2AF18374028461F708EF3D1
:10B440001188BFF36F8F8F188F4218D165450CD1CB
:10B45000EFF31181402080F31288BFF36F8F1878CB
:10B46000587081F31188BFF36F8F1B79A41AA34220
:10B4700028BF074B90B224BF01221A60F0BD03EB36
:10B48000000E01309EF805E001F801EB3040DBE7EB
:10B4900000D00040DB432DE9F04713F001050F46D3
:10B4A000144604D02448FFF7B3FFBDE8F087B2B3D9
:10B4B000EFF31186402383F31288BFF36F8F0D20C3
:10B4C000F7F79CF980460D20F7F784F986F3118889
:10B4D000BFF36F8FDFF864A0194ECAF80051DAF895
:10B4E00000314FF400590123CAF800302546C6F850
:10B4F0008091DAF80031A3B1FFF76CFF031EA4BFFF
:10B5000005F1FF35ADB2C6F88091A8BF7B55002D7F
:10B51000EFD1B8F1000F02D00D20F7F74DF920461A
:10B52000C3E7EFF31180402383F31288BFF36F8FDB
:10B5300007F043FEDDE700BFD45D002000D00040EF
:10B5400000E100E070B50D4614460CB9204670BD10
:10B550004FF0FF334FF0FF320C4803F0E7F922467B
:10B5600029460B48FFF754FF0646084803F0AAF99E
:10B570003EB94FF0FF324FF0FF33064803F0D6F9E3
:10B58000E6E7A41BA4B23544DFE700BFB45D0020AA
:10B59000E95D0020C45D002038B50122114617483E
:10B5A0000AF0B4FF154D0122002105F110000AF048
:10B5B000ADFF40F207432B874FF070632B620C23E3
:10B5C00085F8243000240E4B85F83540EC86D3F8FE
:10B5D000042522F00102C3F804250121C3F800412B
:10B5E000D3F80021C3F80413224619600D20F7F7A1
:10B5F00013F90D20F7F7E0F8204638BDB45D0020C0
:10B6000000D0004010B5FFF7E5FE002820DB174B07
:10B6100093F8222093F8214093F82310141B31EA69
:10B620000404C0B20DD193F8372093F8364093F854
:10B630003810141B31EA04040BD10D4B01225A605F
:10B640000EE09C180132114084F8250083F8221086
:10B6500010BD9C180132114084F83A0083F837106D
:10B660000448BDE8104003F02DB900BFB45D0020D0
:10B6700000D00040C45D00202DE9F043476840F24F
:10B680000636D0063B7C87B002EA060654BFC2F3FA
:10B69000401C4FF0030C01F01F05B6F5837F1446E4
:10B6A00045EA43158DF803C044D00DD8062E16D0B8
:10B6B00005D8A6B1022E3FD06FF0150037E0B6F5E1
:10B6C000807FF9D101260AE040F20222964235D06D
:10B6D000B6F5407F34D0B6F5007FEDD102262203C7
:10B6E00030D57A6801238B40C2F80835B868A0BB12
:10B6F00005F01F036D092DD0012D77D13E4A02EBD5
:10B700008302C4F30043D2F8001783F00103C4F3AB
:10B71000404444EA430421F4E16144EA8C0421F00A
:10B72000070144EA06230B43C2F80037002007B0A4
:10B73000BDE8F0830726D2E70426D0E70526CEE74A
:10B740000326CCE7630341BF01237A688B40C2F82C
:10B750000C35CBE74FF0A042D1E70DF102022946AC
:10B760000AF090FB14F4403F80460CD1B86829469B
:10B770000AF0BDFBB8F1000FD8D19DF80210B868EF
:10B7800001F054FCD2E74FF0000901ABCDE901997B
:10B79000CDE90439CDF80C90B86803AA29460AF01F
:10B7A00046FA4845C2DB14F4003314D0C4F3004415
:10B7B0009DF803308DF80E3084F001048DF80C6094
:10B7C0008DF80D40B8684B4603AA29460AF0E2FA04
:10B7D0000028CFDAAAE7CDE904330DF10303039380
:10B7E000B86803AA29460AF022FAF1E703F5E073E4
:10B7F00050F82330FFDE00BF00030050420970B54F
:10B80000034602D0012A17D070BD0D4E326951682F
:10B810000029F9D003F01F0301250C689D40002981
:10B82000F2D08A682A4002D04B68304698472CB143
:10B83000236821461C46F2E7024EE7E72346F8E775
:10B84000407B0200247B020038B54568A86890B1AF
:10B850000AF047FB014670B9A8680AF026FB0446C7
:10B8600058B902460649A8680AF009FB2246052194
:10B870000620F6F7D1FF002038BD6FF00400FBE78B
:10B88000FDB70100F0B544681646A068227C01F0BF
:10B890001F0587B045EA421500286DD0B6F5001F98
:10B8A00004D129460AF076FB002056E06268607CED
:10B8B000C2F8240501AA0020B6F5800F019050605F
:10B8C00037D1B3F1007F14BF052304238DF8043072
:10B8D0000023CDE904230393E36823FA01F111F077
:10B8E00001010DF103073AD1B6F1A07F37D105F080
:10B8F0001F036A0903F5E07326D0012A3FD1214ACC
:10B9000052F82330DB072AD4A0683A4629460AF0C9
:10B91000B9FA16301BD00297A06803AA29460AF08C
:10B9200086F9002819DBA068012229460AF0E1FA0D
:10B93000BAE7B3F1C06F05D0B3F1007F14BF0123A4
:10B940000223C3E70323C1E74FF0A042D8E7A06872
:10B95000394601F071FB0028DDDA07B0F0BDA068C0
:10B960003A4629460AF08EFA0028D5D19DF80310F0
:10B97000A06801F05BFBCFE76FF08500EDE751F8C1
:10B980002330FFDE00030050044A054B9362054A52
:10B990001A60012100220320F6F73EBF2026002076
:10B9A000105E0020003000402DE9F04F89B002AF5A
:10B9B000D0F810A0BB6043683A61D3F820B09B8AEE
:10B9C0007B614FF0FF324FF0FF3305460C4609F024
:10B9D0003AFD0AF13C03FB60002300220AF13C001F
:10B9E000002602F0A3FF33463A69964201D30023B2
:10B9F0005DE0207A010700F19B803A6921680136F9
:10BA000096420BD2820709D4227D80EA020C0CF008
:10BA1000010C02F004025CEA020C24D0002B50D18D
:10BA200001F06042B2F1005F4ED1D4F80080A388EB
:10BA30004FF00009BA68CAF85080217A009228466F
:10BA4000424600F0A5F8031E31DB4FF48042F8684F
:10BA5000002302F06BFF00284BD0284609F00AFDB6
:10BA60006FF0730323E04FF001086268D7F814E029
:10BA700003EB020CF44529D96C468CB0286802A966
:10BA80002E4ECA61C1E905637B690A46C1E90830E7
:10BA900040F203530B852A4B42F8103F00232948FC
:10BAA0004FF45151F5F7ECFE6FF01B03A546284605
:10BAB0007B6109F0CCFC7B691C371846BD46BDE8AC
:10BAC000F08F4FF00008D0E79846CEE7C00705D4C6
:10BAD0000BEB03007B600BF0FCFE7B6862681A4492
:10BAE00093B2B8F1000F0CD1002B9ED09946D846E6
:10BAF000A0E7DAF84C30002B1DDB237ADB0702D4F9
:10BB000000230C3470E7C345FAD123460AE0A9EBC1
:10BB10000201D8687B601FFA81F918FA81F10BF0F5
:10BB2000D8FE7B685A689145A3F10C03EFD2E7E792
:10BB30006FF08503BBE76FF00403B8E70CC40200A5
:10BB4000060000012C7F020008B5CA0743680AD42A
:10BB5000C1F34201012909D002290FD00A4A0B483A
:10BB6000012107F02DFA6FF0150006E09B6A1B68B3
:10BB70004FF0CC72C3F82425002008BD9B6A4FF01B
:10BB8000C8621B68F6E700BFF2C402002C7F020007
:10BB9000F0B589B047680C461646002112220DF117
:10BBA0000E001D460BF0A3FE04F001038DF80C30CF
:10BBB000BDF838308DF80D30BB8C0495AB4206963D
:10BBC0000AD20A4800930A4A2B46012107F00BFAD1
:10BBD0006FF01B0009B0F0BDC4F3400282F0010217
:10BBE000B86A520103A902F017F8F3E72C7F0200AC
:10BBF00004C50200B0B5456800AFAB69044698477C
:10BC0000E869012109F027FC2A69A86A2346294628
:10BC10000AF07DFA002818DA23686C4688B06A4674
:10BC20000C49CDE905134FF40073ADF81C300A4BF5
:10BC300042F8103F094800234FF4E251F5F720FE87
:10BC40006FF00400A546BD46B0BD204609F02AFCB1
:10BC50000020F8E7CCC10200030000012C7F0200A5
:10BC60002DE9F0412C4E002440F2FF15E3B28B4247
:10BC700001D3002015E050F8247017F4804FC7F36B
:10BC8000C32CC7F308033ED13F0EAB4208BF4FF0B1
:10BC9000FF330B2F16F80CC005D00C2F2DD06FF0F2
:10BCA0008500BDE8F081C2F80835BCF1000F01D174
:10BCB0004FF0060C5F1C1ED003F01F075B091FD05E
:10BCC000012B23D1DFF854E050F824300EEB870726
:10BCD000DFF84CE0D7F8008708EA0E0EC3F3C0384F
:10BCE000C3F341239B0043EA480343EA0C2343EA9E
:10BCF0000E03C7F800370134B8E7C2F80C35D4E7B3
:10BD00004FF0A04EE0E76FF01500CAE707F5E077C7
:10BD1000002353F82730FFDE15CA0200000300504D
:10BD2000F0F8FCFF08B578B10849094A4FF4004E15
:10BD30008C460021E0FB0EC100236046EEF736FD85
:10BD4000BDE808400AF0D5BD08BD00BF3F420F0066
:10BD500040420F002DE9F041466896F8268008F031
:10BD60000308B8F1000500AF044618BF012509F02B
:10BD7000B7FBB06A30B92946204609F05AFCBD46E7
:10BD8000BDE8F0810AF077FA0346B8B9B26A6C46AA
:10BD900088B011686A461F48CDE905014FF400716B
:10BDA000ADF81C101C4942F8101F1C484FF4E2511A
:10BDB000F5F766FD6FF01200A546E0E7B8F1000F59
:10BDC000F28DB06A96F82C100CBF4FF4B0134FF4FC
:10BDD000D0131A43D0F810E0D0F80880DEF80060E5
:10BDE00042F3000303F4402353404FF0010C23F4CB
:10BDF00080120CFA01FCDB074CBF4CEA060626EA6F
:10BE00000C06CEF80060D8F8003098470028B2DA67
:10BE1000B5E700BF4BC5020003000001947F02009C
:10BE200070B5012383400F4ABFF35B8FDC4352E8B8
:10BE3000001F01EA040542E80056002EF7D1BFF3C7
:10BE40005B8F4FF4803282400748C0F80823BFF36D
:10BE50005F8FBFF36F8F03EA0100003818BF012026
:10BE600070BD00BF805E00200010014070B4124918
:10BE7000D1E90034D01AC31844F1000422F07F46FF
:10BE8000C1E90034A6F50013B3F5400F09D20B4BFE
:10BE90001B681A0A1B069C19094B42F10005C3E9ED
:10BEA0000045EFF31181402383F31288BFF36F8FB6
:10BEB00070BC03F06FBC00BF984A0020845E002075
:10BEC000A04A002011B3BFF35B8F0123104A8340C7
:10BED00052E800CF4CEA030C42E800C10029F7D138
:10BEE000BFF35B8F0B4A4FF480338340C2F80433B7
:10BEF000094BBFF35B8F1B68BFF35B8FC340DB074E
:10BF000042BF064B4FF40032C3F80021704700BF18
:10BF1000805E0020001001407C5E002000E100E017
:10BF20000D4B1868010A0006BFF35F8F0B4BD3F867
:10BF30000435181841F10001B3F5801F0AD2084BEF
:10BF4000D3E90023904271EB030303D210F1807018
:10BF500041F10001704700BF845E002000100140E5
:10BF6000A04A00202DE9F04F85B016461F469DF8E7
:10BF700040A00446FFF754FF0190FFF7D1FFB04205
:10BF800071EB07035ED23E4B301A67EB010198421A
:10BF900071F1000109D36FF0150520460199FFF7F3
:10BFA00091FF284605B0BDE8F08F364B03EB041334
:10BFB000D3E902239F4208BF964254D032494FF43E
:10BFC000803804F1500508FA04F8AD00C1F8488340
:10BFD0002046ADB209F0F4FB26F07F4B05F1804519
:10BFE00004F5A87305F58835DC464FF00309029384
:10BFF000029A2CF07F4341F82230C1F84483D1F8F3
:10C000000435224A6FF00200C01A604420F07F40DD
:10C01000904228D9286868B1D1F804350393A3EB7E
:10C020000B0020F07F40B0F5000F1CD9204609F02E
:10C03000C7FB039BBAF1000FADD109EB030C09F16B
:10C040000109D5E7BAF1000FA5D10123104ABFF3CA
:10C050005B8FA34052E8000F184342E8000100291B
:10C06000F8D1BFF35B8F07490E98230101EB04124F
:10C07000C8500F9B5360C2E9026700258DE700BFDF
:10C0800001008000884A002000100140FDFF7F0071
:10C090007C5E00207FB51C4C1C4BC4F80833C4F8F0
:10C0A00048331B4B00254FF0FF304FF0FF31C4F8F1
:10C0B0000855C3E902014FF48033C4F80433154B2B
:10C0C00002264FF400320121C4F804631120C3F8A2
:10C0D00080212A46F6F7A0FB1120F6F76DFB0E4AE9
:10C0E0000123A360236013600C4B0D4A0093CDE93C
:10C0F000015500232846FFF735FF3046FFF7E0F8EB
:10C10000284604B070BD00BF0010014003000F00BE
:10C11000884A002000E100E0805E00206DBE010042
:10C12000FFFF7F002DE9F7432B4CD4F80433990728
:10C130000BD5D4F8043143B1284A0023C4F80431A4
:10C14000D4F80431136801331360D4F80433DA03EC
:10C1500023D5BFF35B8F224B53E8002F22F0010160
:10C1600043E800100028F7D1BFF35B8FD30702D458
:10C17000D4F840318BB10025C4F84051D4F8403197
:10C18000FFF7CEFEEFF3108272B6164BD3E90267CB
:10C19000B042B94104D282F3108803B0BDE8F08305
:10C1A0004FF0FF384FF0FF39C3E90289D3E900109F
:10C1B0001D604FF48033C4F84833C4F84051D4F8BC
:10C1C000403182F310880029E7D0009032463B4688
:10C1D00028468847E1E700BF00100140845E002048
:10C1E0007C5E0020884A002030B5431C124C85B08C
:10C1F00005D08442A8BF0446012CB8BF0124FFF734
:10C200008FFE0E4B0C4DD3E90013401AB0F5000F12
:10C2100010D22218AA4228BF2A4652184FF0000016
:10C2200007490091CDE9010043F10003FFF79AFEB1
:10C2300005B030BD2A46F0E7FFFF7F00984A002096
:10C240006DBE010008B5FFF76BFE024B1B68C01AFC
:10C2500008BD00BF984A002002460B46014802F084
:10C260003DBA00BF78270020014802F0A9BA00BFFC
:10C2700078270020014902480AF0ECB98C5E0020C2
:10C28000B8550020094B93F80031042B02D18107E7
:10C2900009D47047022B02D1020704D47047082B3F
:10C2A00003D1830601D5FFF7E5BF7047E6640020A0
:10C2B00010B403460A46034881680C6819462346B1
:10C2C00010BC18475C7B0200B0B584B000AF3B1DCA
:10C2D00000247C600A22BC60C7F80B40396001462C
:10C2E00018460BF023FB6D468AB0396803466A4650
:10C2F0000D480791CDE905034FF40073ADF82030E8
:10C300000A4B42F8103F0A4823464FF41151F5F703
:10C31000B7FAAD4684F31188BFF36F8F0323184635
:10C3200002DF1037BD46B0BD7EC50200040000012B
:10C33000FC7E0200F0B589B0064600AF34480D46D9
:10C3400034490AF06BF907F10C00EEF752FA6C462B
:10C3500088B06A46304B0593304B06934FF4007318
:10C36000ADF81C302E4B42F8103F2E492E4807F1F5
:10C370000C03F5F785FAA5462C4809F07CFF50B967
:10C380002B4A2948012106F01BFE6FF012042046BB
:10C390002437BD46F0BD274B7B60381DE5F77EFA9C
:10C3A000034638B1244A2048012106F012FE6FF0FE
:10C3B0001504ECE74FF0FF304FF0FF31FFF74CFF73
:10C3C00004460028E3D11D491D48E4F7B3FE0446A6
:10C3D00010B1FFF749FFDAE741F64C5307F10800C7
:10C3E000BB60E6F731FB20B1FFF73EFF6FF085043D
:10C3F000CDE7012338463B70EFF725FA0028F3D14B
:10C40000FFF732FF33690F481D60F6F7D7FEBEE72E
:10C410008C5E002085580200A3AC0200A3C5020078
:10C4200003000001C01C4001FC7E02005C7B020096
:10C43000CAC50200B1C20100EAC50200A84A002034
:10C4400019C5010085C2010030B5304887B0E4F756
:10C45000F5FD0446002854D1E4F7AAFE0125E4F7CF
:10C46000B3FEEEF7C8F9EEF7C8F9EEF7C8F9EEF744
:10C47000C8F903AA022120468DF80C50E4F70CFEFF
:10C4800000283DDB082303AA07212046ADF80C3025
:10C49000E4F702FE002833DB4FF0FB13039303AAFB
:10C4A00040F2032303212046ADF81030E4F7F4FDF9
:10C4B000002825DB03AA042120468DF80C50E4F760
:10C4C000EBFD00281CDB1F2303AA06212046ADF844
:10C4D0000C30E4F7E1FD002812DB40F60C33984203
:10C4E00012D90B4A009029460A4806F07CFD84F3D5
:10C4F0001188BFF36F8F0423184602DF6FF00B0023
:10C500000446204607B030BD2046F9E7C9C2010005
:10C510000EC60200FC7E020073B5434C94F8003155
:10C520003BB394F80031042B56D120783E2833D108
:10C53000A678B31E5E425E416378FF2B2ED14FF486
:10C540008073009340F20113384A3948012106F004
:10C550004AFD384A36486FF00B03012106F039FDD9
:10C56000002383F31188BFF36F8F0423184602DF83
:10C570001DE04FF0FF304FF0FF31FFF76DFE48B97F
:10C5800004F58071204600F033FB0546FFF76CFE92
:10C59000002DC6D002B070BD0026CDE700220023DA
:10C5A0003146F6F719FE054648B9002EF2D00023B1
:10C5B00084F8003102B0BDE87040FFF75BBE6278DE
:10C5C0000232194905F10C0006F08DFE1A4B1B488A
:10C5D0001B6829469847EAE7022B10D10022002366
:10C5E0000820F6F7D3FD05460028D3D0638804332E
:10C5F000B3F5807F0FD94FF480720092A4E7082B27
:10C600000BD1002300222020F6F7C0FD63880546E9
:10C610000028ECD1BEE71A46D3E7094A04480121B5
:10C6200006F0D7FCC3E700BFE664002031C6020075
:10C63000FC7E02008BC60200885E0020787B020030
:10C6400052C602002DE9F341A94D2C780746002C73
:10C6500040F0C68204238DF80730A64B0688D3F835
:10C660000080B8F1000F15D1B6F5105F4FEA9623A0
:10C670000BD2002B00F0A782013B072B62D8DFE82A
:10C6800003F026614D95616161DD3F2B00F0DE8195
:10C69000012019E20DF106030DF10702691CC047E4
:10C6A0000128E1D09DF8063013B9012840F08E82B0
:10C6B0000F236B700423AB700123E8702B71A5F876
:10C6C000056001232B70002002B0BDE8F0813846E0
:10C6D00040F2064230F9033B934219D040F21D422A
:10C6E000934218D0012042F219039E4200F2588270
:10C6F00042F20C039E4200F24C8240F2064340F2AA
:10C700001D429E4218BF964214BF0124002430E00F
:10C71000E5F748FFE7E7E5F7BBFFE4E7384640F613
:10C72000634230F9033B934234D00EDC40F60342BF
:10C73000934223D040F62D42934222D040F601424C
:10C74000934213D00120044613E040F67B4293420B
:10C7500023D040F67C429342F4D19DF807306649DD
:10C7600002338DF80730EFF70BF801E0E4F76AFDCC
:10C77000012484F001038DF8063093E7EEF730F8DA
:10C78000F6E79DF807305C4903338DF80730EEF784
:10C790002FFEEDE7E4F768FDEAE79DF8073056491C
:10C7A00004338DF80730EEF7DDFFE1E73B88A3F5B2
:10C7B0008053013B082BC5D801A252F823F000BFDB
:10C7C000E5C70100F7C701000BC8010045C701001C
:10C7D00045C7010045C7010045C7010045C7010025
:10C7E0002BC801009DF80730434808338DF8073007
:10C7F000EEF7ECFDBCE79DF807303F4840338DF87D
:10C80000073009F041F80020B2E79DF807300833FF
:10C810008DF80730384B00221A605A60EB7A23F00B
:10C82000600343F06003EB72EDE79DF80730324898
:10C8300006338DF80730EEF710FE99E7384630F8EA
:10C84000033BA3F50053013B4D2B00F29381DFE83E
:10C8500013F0550062006B009101740077009101A4
:10C860007A007D0080009101910191019101910177
:10C870009101910191019101910191018300860043
:10C880008F0091019800A100AA00910191019101EE
:10C8900091019101B5009101BE0091019101C1008A
:10C8A000C400C700CA0091019101D300D600D9008D
:10C8B000E200EB00EE0091019101910191019101E3
:10C8C00091019101910191019101910191019101D8
:10C8D00091019101910191019101910191019101C8
:10C8E000910191019101F10091019101FA0000BFC4
:10C8F000E76500209C5E0020EE650020E4F7BEFCAA
:10C9000042F264039E423FF434AF42F264039E421B
:10C9100000F2DA80E7E69DF80730B34803338DF87C
:10C920000730E5F735FEEBE79DF80730AE480833F2
:10C930008DF80730EEF7A4FEE2E7EEF7AAFDDFE799
:10C94000E5F782FFDCE7EEF7C8FED9E7EEF7A0FED9
:10C95000D6E7E5F7D3FFD3E7EEF782FED0E79DF801
:10C960000730A14910338DF80730EEF76DFDC7E7AA
:10C970009DF807309C4808338DF80730EEF732FDFC
:10C98000BEE79DF80730984902338DF80730EEF77F
:10C99000C9FEB5E79DF80730934902338DF807309B
:10C9A000EEF7D1FEACE79DF8073008338DF807307D
:10C9B0008F23EB71C023EB720020A1E79DF80730B5
:10C9C000894902338DF80730EEF772FD98E7E5F7F5
:10C9D0001BFE95E7EEF78FFC92E7EEF7AFFC8FE7D3
:10C9E000EEF7E2FC8CE79DF807307F4801338DF8C5
:10C9F0000730EEF7E7FC83E7EEF7C6FC80E7EEF7DB
:10CA0000BAFC7DE79DF80730774808338DF807308A
:10CA1000EEF77EFD74E79DF80730734904338DF817
:10CA20000730EEF7A0FD6BE7E5F706FE68E7EEF7E7
:10CA3000E0FD65E79DF807306B4802338DF807305D
:10CA4000EEF7F1FC5CE7EEF773FD59E738464FF679
:10CA50000C5230F8033B934222D84FF602529342D5
:10CA600012D803F2FF3292B20A2A3FF611AEA3F5B2
:10CA70007C43013B0A2B7FD8DFE803F01E347E7E27
:10CA80007E5B7E7E49525E00A3F57D43033B092B0E
:10CA900072D8DFE803F05A715D7171716071716372
:10CAA0004FF6145293425CD04FF6165293427FF4E5
:10CAB000EFADE5F7D1FF07E09DF807304A480C33AA
:10CAC0008DF80730EDF79FFE42F285039E4274D841
:10CAD00042F267039E4251D842F26603F41A18BF2D
:10CAE000012446E69DF8073040338DF807303E4B71
:10CAF00000201880EB7923F0230343F02303EB712C
:10CB00002B7A23F0070343F007032B72DCE79DF831
:10CB10000730354817338DF80730EDF78EFED3E731
:10CB20009DF80730304820338DF80730EDF7A9FE27
:10CB3000CAE7EDF780FEC7E79DF807302A480133C2
:10CB40008DF80730EDF7BAFEBEE7EEF77CFEBBE7E7
:10CB5000E5F77AFFB8E7EDF7C7FEB5E7EEF75CFE5D
:10CB6000B2E79DF80730204904338DF80730EDF720
:10CB7000BFFEA9E70120C3E60120C6E6A6F50153E2
:10CB8000283B9AB2194BD34003F0010383F0010410
:10CB9000EFE5A6F500530D3B9AB241F24123F2E7CF
:10CBA00042F232039E423FF4E4ADA6F50153033B4B
:10CBB000012B94BF00240124DBE526F008034FF687
:10CBC00002529C1A8BE701242046D2E59DF80730DB
:10CBD000AB700E2201236A70EB70AE80A87170E515
:10CBE0004FF0FF3070E500BFEE6500202F80402041
:10CBF00038B5094C23780D461BB9BDE83840EDF730
:10CC000058BFA278611C02320AF063FE00200423A0
:10CC100020702B7038BD00BFE765002070B5054659
:10CC20000E46084C204609F026FB38B1A368B2B284
:10CC3000294620461B68BDE8704018476FF0120077
:10CC400070BD00BF5C7B020002484FF4007103F02E
:10CC500081B800BF2F66002013B54FF4FA73ADF80A
:10CC6000043000238DF806304FF48053ADF80030C7
:10CC7000104A0223192168468DF80230EDF792F927
:10CC8000044698B908F05BFB80B2EBF7E1F90122AA
:10CC900021460820F5F7C0FD012221460B20F5F7BB
:10CCA000BBFD012221461046F5F7B6FD204602B035
:10CCB00010BD00BFC9CC01000149024809F0CABC3F
:10CCC000A45E0020B8550020B0B584B000AF3B1D75
:10CCD00000247C600A22BC60C7F80B403960014622
:10CCE00018460AF023FE6D468AB0396803466A4644
:10CCF0000D480791CDE905034FF40073ADF82030DE
:10CD00000A4B42F8103F0A4823464FF41151F4F7FA
:10CD1000B7FDAD4684F31188BFF36F8F0323184628
:10CD200002DF1037BD46B0BDE3C6020004000001BB
:10CD30005C7F020013B500241549164800946FF07B
:10CD400009034FF4806201F08FFF1349114809F085
:10CD50000FFD1249124809F061FC224604211920F6
:10CD6000F5F75AFDBFF35B8F0E4B012253E8001F0E
:10CD700043E800200028F9D1BFF35B8F0A4905483A
:10CD80004FF40032002301F0AFFF204602B010BD87
:10CD9000807D0020B8550020F7C60200215902000E
:10CDA000A45E0020A05E00203023002010B5BFF359
:10CDB0005B8F084B1B68BFF35B8F53B1EBF7DEF85B
:10CDC000BDE81040044905484FF40032002301F04B
:10CDD0008BBF10BDA05E002030230020B85500207E
:10CDE0000346024A0248022106F0F3B80BC70200CC
:10CDF0007C7F020010B9024B1B681847FFF7F0BF99
:10CE0000B45E0020014B01201B681847B45E00206F
:10CE100028B1012807D104490020EBF731B8034BB2
:10CE200001201B6818477047F5CD0100B45E002053
:10CE3000014B186000207047B45E00204FF0805313
:10CE4000D3F830210D2A55D14FF080410022C1F88E
:10CE50000C21C1F81021C1F83825304AD3F8040458
:10CE6000C2F82005D3F80804C2F82405D3F80C044E
:10CE7000C2F82805D3F81004C2F82C05D3F814041E
:10CE8000C2F83005D3F81804C2F83405D3F81C04EE
:10CE9000C2F84005D3F82004C2F84405D3F82404AE
:10CEA000C2F84805D3F82804C2F84C05D3F82C047E
:10CEB000C2F85005D3F83004C2F85405D3F834044E
:10CEC000C2F86005D3F83804C2F86405D3F83C040E
:10CED000C2F86805D3F84004C2F86C05D3F84434AE
:10CEE000C2F87035D1F80034DB0709D56FF00103C3
:10CEF000C1F800344FF08053D3F830310D2B0CD1F2
:10CF00004FF08053D3F834313BB14FF01023D3F8B6
:10CF100008224FF08043C3F85825704700C00040F6
:10CF2000036803F01F025B09026004D0012B034871
:10CF300018BF002070474FF0A0407047000300501A
:10CF4000034A430900F01F00D35C1844C0B2704785
:10CF50001DCA0200024611F0010030B515D18B0741
:10CF6000C1F3400022D51249D1F8200550604FF09E
:10CF70008052C1F82005D2F830210D2A08BFD1F81F
:10CF80002025003818BF012010E04FF0A0444FF0DA
:10CF90008055D4F820351360C4F82035D5F83051C9
:10CFA0000D2D08BFD4F82045002BD8D030BD00BFD0
:10CFB00000030050F7B504460846FFF7C1FF04EB35
:10CFC00040060D46B38ADB072AD5204608F00DFE41
:10CFD0002946204608F079FD50B1204608F08BFD27
:10CFE000276807EB80000023C0F81035C0F8103523
:10CFF0002946204608F0A8FD0021B18201A801952C
:10D00000FFF78EFF019B00EB8300074BD0F8002752
:10D01000134043F00203C0F80037084603B0F0BDE8
:10D020006FF01500FAE700BFF0F8FCFF014808F0C8
:10D03000D7BC00BF5426002010B504480C4608F0A9
:10D04000B1FC0028A4BF2070002010BD5426002091
:10D050002DE9F04F074689B057F8049BD9F804131F
:10D06000C9B28346082241F00041484608F095FDC8
:10D07000051E2FDA0023032106A8CDE90633FFF7AA
:10D0800069FF634B01930DF118084FF0000A019AF4
:10D09000604912F8013B0192DA0803F007038A5C49
:10D0A00022FA03F3DB071CD40AF10103022B08F177
:10D0B00004084FF0010AEAD14FF00041002248462F
:10D0C00008F06BFD032106A8FFF744FF0028D8D124
:10D0D00025F000450124002D40F0848009B0BDE812
:10D0E000F08F4D4B53440293D8F80060002EDBD0F4
:10D0F000029B96FAA6F61C78B6FA86F646EA44141F
:10D100002046FFF71DFF0BEB4000F208818A18F85C
:10D1100002000594C1F382030393009306F007060F
:10D12000012303FA06F620EA060008F8020005A823
:10D13000FFF7F6FE059A039B02F5E07211F0100F5F
:10D1400050F82260C6F3014633D0009A3846214693
:10D1500008F0DBFC05A80594FFF7E2FE059B03F54C
:10D16000E073F6B250F82330C3F301439E4207D177
:10D170000021204608F09AFC3146204608F096FC33
:10D1800005A80594FFF7CCFE059B012202FA03F3E4
:10D19000C0F820354FF08053D3F830310D2B01BF4C
:10D1A000D0F82035D0F82035D0F82035D0F820350B
:10D1B0009AE7022E14BF022103212046039308F0B0
:10D1C00075FC039B032B03D0022E07D1012BD7D173
:10D1D000009A2146384608F098FCD1E7032ECFD1BB
:10D1E000022BF4E795FAA5F3B3FA83F304FA03F2FA
:10D1F00025EA020503F5A2720BEB430359F822203E
:10D20000B3F87010C2F30142384608F07EFC62E7C2
:10D210002DCA02005C8A02002DCA020080F0800341
:10D22000042B04D8054B034413F8800C70470728DF
:10D230009ABF034B185C0020704700BF2FCA020042
:10D2400034CA0200064B93F82E00012806D00228AB
:10D2500018BF042814BF0120002070470020704729
:10D26000B85E002010B5164B164A0020C3F8000522
:10D2700092F82F40D3F8041382F82E40146821F05E
:10D2800033010CB141F02301C3F81C01D3F81C4158
:10D29000C3F81801D3F81841C3F80801D3F80801FE
:10D2A00092F8340092F8332002F0010200F00100FD
:10D2B000D20142EA80120A43C3F8002310BD00BF26
:10D2C00000700040B85E002070B50D4A002392F84F
:10D2D000301001251E4618B90BB182F8301070BD10
:10D2E00090FAA0F3B3FA83F305FA03F40C3302EBDC
:10D2F000430320EA0400DE8021EA04010123EAE777
:10D30000B85E002073B50023044601AA0E464FF410
:10D310008071019308F040FE4FF48A71204608F0B6
:10D320003BFE4FF482710546204608F035FE20B1E1
:10D330001EB115B1144BD3F8343601AA4FF48471E1
:10D34000204608F029FE4FF48671204608F024FE9E
:10D350004FF48871204608F01FFE0C4B234083B128
:10D360004FF48E75294601AA204608F015FE291FA4
:10D37000083589B22046ADB208F00EFEB5F5AE7F95
:10D38000F0D1019802B070BD00700040C0FF3F00B6
:10D390002DE9F04F9A464FF0805393B0D3F83031D7
:10D3A0001C9D0D2B3BD10DF1080C0AAF3E4C3E46A7
:10D3B000E046002304EB031E0133DEF8189548F81D
:10D3C000049B082BDEF81CE546F804EBF2D1D4F8F8
:10D3D000F065D4F8403601934FF0010E0023D4F8E5
:10D3E0004496D4F84886C4F8FC3FC4F8FCEF2E4CB1
:10D3F0005CF804BB04EB031E0133CEF818B557F8F4
:10D4000004BBCEF81CB5082BF2D1019BC4F8403602
:10D41000F6B2C4F84496C4F84886C4F8F065234BC5
:10D42000002483F8334083F834409C601C611D6005
:10D4300083F831009C831C4BC3F8F015C3F8F42526
:10D440007DB32322C3F80023184D174C0022012777
:10D45000110107FA02F301F18046034006F5E046A8
:10D4600019BF95F81EE095F81FC09C469E46002BFC
:10D4700004EB0103C6F810E5C6F814C5D3F8181577
:10D4800014BF5646002621F08071013241EA066140
:10D49000082AC3F8181505F10205D9D113B0BDE863
:10D4A000F08FC3F80053CFE700700040B85E002053
:10D4B000F8B50446067A4779417AC079FFF7AEFE9F
:10D4C00010B96FF01500F8BD214A01F10C0502EB0F
:10D4D0004503012F987139D13046FFF79FFE002890
:10D4E000EFD002EB4505E871E378A0781B0300025A
:10D4F00000F4E06003F480530343207800F003005D
:10D5000003432079000400F4E02003436078000125
:10D5100000F030000343A079000600F08070034360
:10D520006079000500F480100343080100F1804099
:10D5300000F5E040C0F81835012303FA01F192F834
:10D5400030300B4382F830300020BCE70020C8E7C1
:10D55000B85E0020084B01229A600022C3F8142113
:10D56000D3F8141105498020C1F88001C3F80025C3
:10D57000C3F80025704700BF0070004000E100E0E4
:10D5800070B5204D95F82E40002C38D1FF20012693
:10D5900085F82E60FFF798FE1B4B1C48C3F800412E
:10D5A000D3F80021C3F80441D3F80421C3F8104193
:10D5B000D3F81021C3F81441D3F814311C239A086E
:10D5C00006FA02F111F0330F1CBF03F1804101F59F
:10D5D000E24102F1FF3218BF0C6006FA02F218BFF6
:10D5E000096812F0330F1CBF1C501A5808335C2B0B
:10D5F000E5D10720F5F7E0F80020286070BD6FF056
:10D600007700FBE7B85E002000700040FC7000402F
:10D61000014B93F830007047B85E00202DE9F743C6
:10D6200007469946FFF70EFE044608BBDFF8508018
:10D6300098F83030082601252F4203D02B421CD009
:10D640000134E4B2013E4FEA4505F5D10D4BC3F874
:10D65000F865131E18BF01233846CDF80090FFF778
:10D6600097FE022388F8324088F82E30304601E0D9
:10D670006FF00F0003B0BDE8F0836FF01500F9E71D
:10D68000B85E0020007000402DE9F3418046154649
:10D690001A46FFF7D7FD0646002837D1204F97F8E6
:10D6A00030C008203446012318EA030F04D013EADF
:10D6B0000C0F2ED00134E4B201384FEA4303F3D10A
:10D6C0006B8813B1012C27D832B328786B7818B146
:10D6D00013B9012C20D80126009202464046FFF7DC
:10D6E00057FE6B880F4A0BB143F48053C2F8F835EC
:10D6F00087F832402B7987F83530042387F8366075
:10D7000087F82E30002002B0BDE8F0816FF00F00E6
:10D71000F9E76FF01500F6E76FF08500F3E700BF5B
:10D72000B85E00200070004030B51D4A1369044601
:10D730006BBB00F06043B3F1005F2BD192F8325025
:10D74000B1FBF5F305FB131038BB0BB2002B24DD46
:10D7500092F82E30052B06D8032B0BD8022B0ED0B7
:10D760006FF0760030BD062BFAD10E4BC3F82C4675
:10D77000C3F8301693683BB1C2E90441F2E78D4229
:10D780000BD1C2E90245EDE7C2E90241EAE76FF0D9
:10D790007700E7E76FF00C00E4E76FF00600E1E7E1
:10D7A000B85E0020007000402DE9FF41524CA36894
:10D7B000002B00F09D8094F82E20022A06D0042A27
:10D7C00033D06FF0760004B0BDE8F0814B4D0126F8
:10D7D000C5F800652168E26849B1032184F82E107C
:10D7E000C5F82C36C5F830262E600020EBE7C5F8CA
:10D7F0002C36C5F830262E6008F0E6FB04F108034D
:10D800006E60019301990220FFF77CFD0028F9D09A
:10D810003A4B0022C3F80821D3F80811C3F80C21B1
:10D82000D3F80C11C3F80025DFE7344D4FF00108A1
:10D83000C5F80085276857B1052284F82E20E268D4
:10D84000C5F82C36C5F83026C5F80080CDE7A18B89
:10D8500094F83220039203EB41030293C5F82C366F
:10D86000C5F83026C5F8008008F0AEFB94F83630D5
:10D8700063BB224D01236B6002A90220FFF742FD2A
:10D880000028F9D00023C5F80831D5F80821C5F8DB
:10D890000C31D5F80C21A18B94F832200A44E168B0
:10D8A00092B28A42A28321BF154AA383D2E9020120
:10D8B000236124BFC2E900011846104B4FF000025B
:10D8C00038BF6FF00F00C3F800257CE7D5F8F4658A
:10D8D000F6B208FA06F6013EBE42CAD9C5F804807F
:10D8E00000210420FFF70EFD0028F9D00137F3E7EF
:10D8F0006FF00B0067E700BFB85E002000700040CB
:10D90000C05E0020F8B50246FFF79CFC002851D10C
:10D910002A4E2B4C96F82E3086F82F30072386F8A7
:10D920002E3001237260C4F80035D4F80453C4F8D3
:10D930000003E3603AB125F0C00545F03305C4F8B3
:10D9400000530020F8BD00211020FFF7DBFC002869
:10D95000F9D00023C4F80431D4F80431194BC4F8C9
:10D960002C3601270223C4F83036276008F02CFB40
:10D97000A76000212020FFF7C5FC0028F9D0104B3C
:10D980000022C3F80421D3F80411C3F80821D3F806
:10D990000811C3F8002596F82F1086F82E10C3F84A
:10D9A0001C21D3F81C11C3F81821D3F81821C3F88F
:10D9B0000053C6E76FF00F00C4E700BFB85E002059
:10D9C00000700040D05E00207FB56249614E332078
:10D9D000FFF798FC10F0100F05460BD05E4B10229D
:10D9E000C3F80823B218C3F82C260222C3F8302645
:10D9F00001221A6015F0200F584C10D094F82E30E8
:10DA0000554A072B05D0D2F834369BB2E360002389
:10DA10002361D2F80433DB0601D5FFF723FCA80706
:10DA200017D5002294F82E308DF80420A2680292B7
:10DA3000062BE268ADF80C2017D0072B33D0032B50
:10DA400007D1FFF787FD022384F82E30236801A851
:10DA50009847E9074ED594F82E30033B042B49D85C
:10DA6000DFE803F0594828405D0094F8353023B1D1
:10DA7000236913B1384B01221A60236801A8984723
:10DA8000374B93E8030086E8030000232361A36873
:10DA9000002BDED1FFF75EFD042384F82E30052332
:10DAA0008DF80430D2E7FFF7DDFB02238DF8043058
:10DAB0006368CCE704238DF8043001A823689847F5
:10DAC000254BD3F8F825D20444BF01225A602269BD
:10DAD000062384F82E302AB11F4B6169C3F82C2627
:10DAE000C3F8301623692BB903238DF8043001A83D
:10DAF0002368984794F82E30072B0AD0164B194804
:10DB0000D3F8043300211840FFF7FCFB01268509F8
:10DB10004DB904B070BD104B01225A60EAE70E4BBC
:10DB200001229A60E6E795FAA5F3B3FA83F306FAC1
:10DB300003F225EA02055A08DB4303F001038DF8DE
:10DB400009308DF8046023688DF8082001A89847F3
:10DB5000DEE700BFC05E002000700040B85E00201D
:10DB6000C85E0020C0FF3F00827B002A38D10368D6
:10DB700003F01F015B0922D0012B26D1194A02EBC9
:10DB800081021949D2F800370B4043F4C16343F0D6
:10DB90000403C2F80037436803F01F005B0911D08B
:10DBA000012B17D10F4A02EB8002D2F800370B404D
:10DBB00043F4C16343F00403C2F8003770474FF0E9
:10DBC000A042DCE74FF0A042EDE701F5E07152F82A
:10DBD0002130FFDE00F5E070002353F82030F8E735
:10DBE000704700BF00030050F0F8FCFF03680949CC
:10DBF0000022C260C3F80813D3F8001221F4BC510C
:10DC0000C3F80012C3F80025012380F8263080F8FD
:10DC10002820704702029C012DE9F047002380F87C
:10DC200027304B68046805460E46174633B1CB686B
:10DC300003F06043B3F1005F40F040813378023B72
:10DC4000012B06D8336903F06043B3F1005F40F065
:10DC500035819C4BC4F8083395F8283003F0FF0257
:10DC60003BB1EB68C4F804336FF00F084046BDE8E1
:10DC7000F08707F01403B3FA83F35B0985F82830C3
:10DC8000337885F82430737885F82530F3682B6174
:10DC900073686B613369AB61B368EB61C7F3001301
:10DCA00085F829302F627378C4F88835C4F860216C
:10DCB000D4F86031C4F84821D4F84831C4F824219C
:10DCC000D4F82431C4F80421D4F8043117F0010346
:10DCD00018BF0123C4F8503517F0020318BF012301
:10DCE000C4F840353378032B00F28180DFE803F07D
:10DCF0005E764A024FF48073C4F80032D5E90423FB
:10DD0000C4F84425C4F848350123A3604FF48011BA
:10DD1000204608F0B0F90028F8D1D5E90623C4F868
:10DD20004425C4F848354FF48023EB604FF00008D9
:10DD300017F0080910D13378032B0DD0012B6A6836
:10DD40006BD12360002A55D073682BB96B68002B08
:10DD500000F09280012363616B68002B00F08C80DF
:10DD6000780744BF0023EB6079065EBFEB6843F0A1
:10DD70000203EB60EB6843F40073EB60EB68C4F8FC
:10DD8000043373E7D5E90423C4F84425C4F84835BF
:10DD9000D5E90623C4F83425C4F838354FF4845344
:10DDA000C4F80032012323620223BEE7D5E904232D
:10DDB000B806C4F84425C4F848354BBF4FF4807307
:10DDC0004FF40073C4F80032C4F800324CBF4FF473
:10DDD00080230223EB6001232362A7E7D5E9042314
:10DDE000C4F83425C4F838354FF48053D8E76FF0C1
:10DDF00015089DE76A6902B96361DFF8CC904FF0BE
:10DE0000010A3249204608F036F9810501D5C4F8E7
:10DE100014A010EA090FF4D096E70123A360002AAA
:10DE200092D16A6932B3DFF8A0A019EA0A0F8BD148
:10DE30002649204608F01FF910F4007F8146F4D0EF
:10DE40004FF08071204608F016F9D4F8003208B17E
:10DE50009A0505D401222262626140B14FF00009A7
:10DE6000DB05E2D54FF48021204608F004F94FF09D
:10DE70000009DAE76361D6E7D4F8C434C4F8C434DF
:10DE8000002285F828206BB19A075ABF03F00108D9
:10DE9000A8F18C086FF00D0813F0040F18BF6FF095
:10DEA0000A08E3E67B063FF5E1AE291D204608F0AF
:10DEB000A0F8002808BF6FF08B08D7E66FF00C08B9
:10DEC000D4E600BF02029C0102000400020204002A
:10DED00070B5056886B002210446284608F0CBF8E4
:10DEE0004FF400710646284608F0C5F8D0B1D6B9FF
:10DEF000E368C5F808330223E360E368C5F8043338
:10DF00004FF08071284608F0B6F818B1D5F8003205
:10DF10009B0502D401232B626B61012384F8273017
:10DF200006B070BDAEB3236A5E060AD494F82730FB
:10DF30003BB9211D284608F05CF880F0010084F808
:10DF40002700236A13F004033BD1C5F86031D5F8EC
:10DF50006021C5F85C31D5F85C3194F8293013B1F3
:10DF600094F8273013B30023C5F80032E360314B37
:10DF7000C5F8083345F30733002B17DB5A09012195
:10DF800003F01F03994002F160032B4A42F823106B
:10DF90000CE04FF48021284608F06DF894F8243006
:10DFA000002B2FD194F82930002BDDD0A38CADF8B5
:10DFB00004302369049363690293A3690593E369B9
:10DFC0000393D5F8C434C5F8C43498072CD4590742
:10DFD0002CD4DA072CD494F827309B00DBB28DF8D0
:10DFE000003094F829300BB984F82830236A5B0795
:10DFF00003D594F82730002B92D0D4E9013168463C
:10E0000098478DE74FF40073C5F8003240F20223C1
:10E01000E36003F1CE73C5F80833E368C5F8043351
:10E020000123AB602B627BE70123D8E70223D6E70D
:10E030000323D4E702029C0100E100E0036803F03F
:10E040001F025B09026004D0012B034818BF0020A7
:10E0500070474FF0A040704700030050F7B50646E8
:10E0600008F080F8084608F07DF801A80196FFF74F
:10E07000E5FF019B00EB83000C46D0F800372D49EB
:10E08000019440F20D650B402B43C0F8003701A806
:10E09000FFF7D4FF019B00EB83000127D0F8003786
:10E0A0000B402B43C0F80037042007F079FC09250A
:10E0B00001A80194FFF7C2FF019AD0F81035D340B0
:10E0C000DB0715D401A80196FFF7B8FF019B07FAFB
:10E0D00003F3C0F80C35042007F062FC304608F06A
:10E0E00041F8013D042007F05BFC15F0FF05DFD18E
:10E0F00001A80194FFF7A2FF019A01239340C0F801
:10E100000C35042007F04CFC204608F02BF80420C6
:10E1100007F046FC01A80194FFF790FF019AD0F8A0
:10E120001035D34013F0010F0CBF6FF08B000020AF
:10E1300003B0F0BDF0F8FCFF08B5124BA822002197
:10E14000184609F0D4FB032202610F4942610F4ACD
:10E150008161C2614FF40052026200228262426217
:10E16000C26201660A494166102181660949026757
:10E170000346C266426711F8010D98540132102A15
:10E18000F9D108BD1020002037C702001000002080
:10E19000000000204CCA02002DE9F74FDFF888800C
:10E1A000182606FB008700FB066646447D6AD7F802
:10E1B00028C07368AC4581468B46144603EB0500C6
:10E1C00025D83B6AA3EB050A0AF1FF3E724507D842
:10E1D0002C4409F07EFB7C62012003B0BDE8F08F87
:10E1E000E64472451ED85246019309F072FB019B2A
:10E1F0002C44E41A05D0706822460BEB0A0109F0A2
:10E2000068FB182303FB0988C8F82440E4E70CF1F5
:10E21000FF3CACEB050C944504D3254409F059FBB5
:10E220007D62D9E70020D8E710200020F8B5144B14
:10E23000182700FB07751D4407FB00330E46DB6AF9
:10E24000012B14460AD0022B14D023B9284607F01C
:10E2500096FF844208D900242046F8BD284607F0DE
:10E260008EFF844228BF044622463146284607F0E6
:10E270008FFFF1E72846BDE8F84007F0A4BF00BFD4
:10E2800010200020F8B50B4B1B78532B04460E468C
:10E29000174601D0FFF750FF07F0C4FF3A46054686
:10E2A00031462046FFF7C2FF0446284607F0C2FF6A
:10E2B0002046F8BD10200020034B182202FB00333B
:10E2C0009A6A586A801A70471020002010B4084AD1
:10E2D00008490023C85C12F8014D844204D101337F
:10E2E000102BF7D110BC704710BCFFF725BF00BF43
:10E2F0004CCA02001020002010B50446F3F7F2F9D2
:10E300000348044A012104F05BFE204607F0BEFFEB
:10E31000847F020040C702002DE9F843044600AFA5
:10E320000D46EFF31188402383F31288BFF36F8FFC
:10E3300004282A4A98BF2A4B9668117C94BF53F848
:10E340002030284BE9468AB06A462748CDE9073194
:10E3500040F20133ADF82430244BCDE9050442F8F6
:10E36000103F234800234FF43151F3F789FACD468B
:10E3700045B1EB69C3F3080323B11E4A1C480121D0
:10E3800004F01EFE2EB1304608F0F5F908B103780E
:10E3900003B91948E9468AB06A46184B0790CDE997
:10E3A000053640F20133ADF82030154B42F8103FEE
:10E3B00000230F484FF41151F3F762FA2946CD4676
:10E3C0002046FFF799FF88F31188BFF36F8F30461F
:10E3D000F4F7C4FABD46BDE8F88300BFF05E002044
:10E3E000608A02004FC702005DC7020005000001FD
:10E3F000847F020085C7020064AC0200A6C7020049
:10E400000400000138B50A4B53F82040013053F89E
:10E410002050A54200D838BD606830B1037EDB07CC
:10E4200001D407F010FF0834F3E723689847FAE7B0
:10E43000748A020070B52A4B2A4C2B4D86B00122FB
:10E4400003201A70FFF7DEFF08F059FB0420FFF7E6
:10E45000D9FF2646AE4204F130040FD300F0E2FEAD
:10E46000204CAC4226D300F0F1FEEFF75FFF1F4ACD
:10E47000938923F00103938106B070BD54F80C3CDE
:10E48000059354F8103C049354F8143C039354F847
:10E49000183C029354F81C3C019354F8203C009320
:10E4A00054E90A2354E90C0100F0BCFC54F8303C58
:10E4B0005E65CEE7D4E90A23B3F1FF3F08BFB2F1AE
:10E4C000FF3F05D052EA0301206803D108F02AFA81
:10E4D0003034C6E70649183001F0CCF8F8E700BF41
:10E4E0002F680020687D0200687D0200D856002059
:10E4F0005368020070B5002386B00122CDE90423E1
:10E50000134E144D01930F22CDE902321249142308
:10E5100003FB005506EBC01604464FF4C07000FB29
:10E5200004110E4B00954FF4A072304600F07AFCB7
:10E53000337C0B4AEE6023F0040333744FF404631E
:10E5400004FB033313442C746B6006B070BD00BF32
:10E5500058560020F05E0020008A002097630200D9
:10E56000C08100207FB50020FFF74CFF294B83F3CB
:10E570000888294C636943F400736361E02384F8DD
:10E58000223000252023E37725766576A57684F86A
:10E590002050636A43F4E023636284F82350F4F765
:10E5A00075F8F4F7C5F94FF0FF33A362E362F4F7AF
:10E5B000F5FAF4F73DFAF2F7EFFF1848184C00F0BF
:10E5C000A9FC0120FFF71EFF0220FFF71BFF00F050
:10E5D00067FE144B14495C61144B059301234FF4FF
:10E5E0000062CDE90353CDE90155114B009520465A
:10E5F00000F018FC237C064623F004032046237415
:10E6000008F0F3F82846FFF775FF094A314620461F
:10E61000F4F770F9008A002000ED00E0F8570020C0
:10E62000D8560020F05E0020808B0020079002006A
:10E6300035E4010038B5064C064DAC4201D300204C
:10E6400038BDD4E90112204607F028FE1434F4E75F
:10E65000782700207827002038B5074C074DAC42BA
:10E6600001D3002038BD204607F03CFE08B91C3419
:10E67000F5E76FF01500F5E7242700207827002044
:10E6800073B50C46EFF31181402585F31288BFF373
:10E690006F8FC5685DB125602B68C36083690133E6
:10E6A0008361002081F31188BFF36F8F11E052EA7C
:10E6B000030603D125606FF00B00F3E7CDE90023DB
:10E6C0000246083000F00CFD18B9034B9B685B69EB
:10E6D000236002B070BD00BFF05E00202DE9F34161
:10E6E000044617461E46EFF31188402383F3128831
:10E6F000BFF36F8F304BC2689B6872B180689842DD
:10E7000017D057EA060216D188F31188BFF36F8F2E
:10E710006FF00F0002B0BDE8F08193F90E10216197
:10E720000132C4E9023288F31188BFF36F8F0020F1
:10E73000F0E72169F3E793F90E1090F90E30994252
:10E7400030DA9942A8BF194607F030FE0546CDE9F8
:10E7500000761A482246414600F0C2FC0028E6D066
:10E76000EFF31186402383F31288BFF36F8FA06805
:10E77000D0B1236821699C420AD04BB193F90E3085
:10E780009942A8BF19466FF07F039942B8BF194656
:10E7900007F00CFE40B10948314608F080F86FF0F0
:10E7A0000A00B7E70025D2E7002DF4D186F31188DF
:10E7B000BFF36F8FF3E700BFF05E002030680020EA
:10E7C000F8B583680546002B3FD0234A92689342F0
:10E7D0003ED1C368012B03D9013BC3600020F8BDC3
:10E7E000EFF31187402383F31288BFF36F8F016922
:10E7F000806807F0DBFD2C68A54207D10023C5E93E
:10E80000023387F31188BFF36F8FE7E7002CF5D051
:10E81000D4E9003213605A60237C002623F00203FF
:10E820002374C4E90066A66004F1180008F0D3F868
:10E83000AC6094F90E302B612046A66707F0D5FF37
:10E840000648394608F02BF8C8E76FF01500C6E710
:10E850004FF0FF30C3E700BFF05E002030680020BB
:10E8600037B51146EFF31185402282F31288BFF3CA
:10E870006F8F04689CB12368426823F003039442BD
:10E88000036008BF43600121204607F012FE0446E2
:10E8900085F31188BFF36F8F204603B030BD51EA76
:10E8A0000302F5D000F10802CDE900131046294615
:10E8B00000F016FC0028EFD1014B9B685C69EBE788
:10E8C000F05E002070B5EFF31186402383F31288C9
:10E8D000BFF36F8F0468A0421AD0CCB1D4E90032E4
:10E8E00013605A60237C002523F002032374C4E9DB
:10E8F0000055A56004F1180008F06DF82046A567E2
:10E9000007F073FF31460848BDE8704007F0C7BF05
:10E91000D0E902329A4218BF0133836086F311882E
:10E92000BFF36F8F70BD00BF3068002013B5EFF3E9
:10E930001181402484F31288BFF36F8F846844B13F
:10E94000013C846081F31188BFF36F8F002002B017
:10E9500010BD52EA030406D181F31188BFF36F8F13
:10E960006FF00F00F3E7CDE900230246014800F005
:10E97000B7FBECE73068002007B5074B0093074969
:10E9800007484FF0FF334FF4006200F06DF90020AC
:10E9900003B05DF804FB00BF8C8A0200C093002026
:10E9A000585700202DE9FF41544E04464027EFF30D
:10E9B000118887F31288BFF36F8FD4F88450F5B9AC
:10E9C000022104F19C0007F0ADFD002870D004F195
:10E9D000940500220121284607F0C4FF0028F8D141
:10E9E000002302934FF0FF324FF0FF33CDE90023B5
:10E9F000414604F18C02424800F07CFDD7E7D4F890
:10EA000088202B68C4F88430954208BFC4F8883049
:10EA1000D4F89C3043F00203C4F89C30EB6823F038
:10EA2000040343F00103EB606B6888F31188BFF3C4
:10EA30006F8F28469847EFF3118887F31288BFF34A
:10EA40006F8FEB68D80623F001023ED4EA60EB68D2
:10EA50009A0717D5306823F00203EB6090B1036882
:10EA6000002178B1426895423DD10368002934D134
:10EA700072683360904200D17360002340F8083B15
:10EA8000FFF720FFD4F89C3023F00203C4F89C3039
:10EA9000DB0530D4D4F88430003B18BF012388F361
:10EAA0001188BFF36F8F002B81D000F001FC7EE74F
:10EAB000D4F89C30D90693D5C4F89C0088F311880B
:10EAC000BFF36F8F04B0BDE8F08123F01103EB605A
:10EAD00005F11000FFF7F6FEB9E70B607368984286
:10EAE00008BF7160C9E701461BB11A681846134692
:10EAF000B7E71A46FAE70023D1E700BF105F00200E
:10EB00003068002070B5C368C3F340069B07054614
:10EB10000C460DD50122002104F1080007F0F6FC97
:10EB200000232360054B65605A681AB9C3E90044A5
:10EB3000304670BD14605C60FAE700BF105F0020D3
:10EB4000F8B5C3689A0704460E46C3F3400542D49D
:10EB50005F0742D40B680BB983680B60E368D80782
:10EB600044BFA368336037684CBF0225012557B303
:10EB70001B4B9A68D7F880309A421ED107F0F2FDFD
:10EB800080F00100C0B2D7F89C30D907C3F38002EF
:10EB90001CD5F2B1F8B100232360D7F8883073B9DF
:10EBA000C7E92144384607F0D8FCE36843F0040382
:10EBB000E3603368A3602846F8BD0020E3E71C60EB
:10EBC000C7F88840EEE76FF0150506E06FF0120514
:10EBD00003E01B07DFD56FF00F0500233360EAE782
:10EBE000F05E0020F8B5C36803F00503002B06466D
:10EBF0000C4614BF012700271CD085680122002184
:10EC000004F1100007F082FC1349204607F006FDCE
:10EC1000E36843F01003E360F3685B0712D53368E1
:10EC200023606BB9D5F8883033B9C5E9214428464B
:10EC300007F093FC3846F8BD1C60C5F88840F6E73D
:10EC40003460F4E7D5F884302360D5F88830C5F80F
:10EC50008440002BEBD1F0E73B6502000146014800
:10EC600007F0F8BC58570020F0B589B004460020E2
:10EC7000C4E921000E9D04F18C00C4E9230004F1D5
:10EC80009400C4E9250055B32879002840F201100A
:10EC900008BF0120C4F89C0000204FF0FF364FF061
:10ECA000FF37CDE90330CDE90100CDE906670D4B13
:10ECB0000094204600F002F955B1296811B12046B0
:10ECC00007F056FD6B791BB1A38943F00103A381C3
:10ECD000204607F027FEC4F8804009B0F0BD0120AF
:10ECE000D8E700BFA5E9010037B501900846EFF36A
:10ECF0001184402181F31288BFF36F8FC16811F036
:10ED00001E0F16D153EA020508D101A9FFF718FF1B
:10ED100084F31188BFF36F8F03B030BD41F0080159
:10ED2000C160019981620449103000F0A3FC012008
:10ED3000EEE70020ECE700BFCF6502000146014886
:10ED4000FFF7D2BF58570020F7B50C460190164682
:10ED50001D46EFF31187402383F31288BFF36F8FB3
:10ED6000084607F0EBFB55EA060309D101A9204646
:10ED7000FFF7E6FE87F31188BFF36F8F03B0F0BD96
:10ED8000E368074943F00803E360019BA36232464E
:10ED90002B4604F1100000F06DFC0120EAE700BFF3
:10EDA000CF65020001460148FFF7CEBF585700204B
:10EDB0002DE9F0410546EFF31187402383F31288D4
:10EDC000BFF36F8F0468A0421CD0DCB1204607F06F
:10EDD000BCFC04F1180007F0FEFD0026B046C4F8A4
:10EDE0007880204607F001FD2C68A54206F1010657
:10EDF00010D07CB1204607F0A8FC04F1180007F001
:10EE0000EAFDECE787F31188BFF36F8F00263046E9
:10EE1000BDE8F0810248394607F041FDF7E700BF41
:10EE2000306800202DE9F043073285B022F0070258
:10EE30000E461F461099818100F158037F32C0E9C8
:10EE400016330446002322F03F020421836001743C
:10EE50003F2A0F98A073C4E90633E37306F1400913
:10EE6000A2F1400805D883F31188BFF36F8F0846DD
:10EE700002DFB51829462046F3F7BCF907300E9B90
:10EE800020F00700A066C4E9189802930D9B019337
:10EE90002D1A0C9B00932A463B4631462046F3F739
:10EEA000F7FC00236365044B9B6803B1DB6EE366EC
:10EEB000284605B0BDE8F083F05E0020F0B587B0CD
:10EEC00000250595109D04950F9D03950E9D0295B7
:10EED000DDE912760D9D01950C9D00950446FFF726
:10EEE000A1FFB6F1FF3F08BFB7F1FF3F05D056EADB
:10EEF000070305D1204607F015FD204607B0F0BDF9
:10EF00003A46334604F11800014900F0B3FBF4E738
:10EF1000536802000123037483810023C0E918337E
:10EF2000C366014B98607047F05E0020094A936801
:10EF30006FF00A019967084958674B6843F080539E
:10EF40004B60002383F31188BFF36F8F9368986F32
:10EF5000704700BFF05E002000ED00E070B590F952
:10EF60001020037C002A2FDBD9062DD11A4C63F028
:10EF70007F032246037452F8183FE169934207D198
:10EF8000C0E900210860E0610FE09942F8D01B68F9
:10EF9000002BF5D093F90E6090F90E50AE42F4DDDF
:10EFA0005968C0E9003108605860A569954200D0F1
:10EFB00005B9E568A3681A7CD20606D1DA897F2AEA
:10EFC00003D9AA690AB9636170BDAB4202D0284671
:10EFD00000F0D2FA6561F7E7F05E002038B590F9ED
:10EFE0001020037C002A014604DA03F07F03037437
:10EFF00007F0C3FB0D4D2A46AB6852F8184F9442F8
:10F0000000D004B9EC688B4207D01A7CD20604D138
:10F01000DA897F2A01D9A2692AB1A34202D0204607
:10F0200000F0AAFA23466B6138BD00BFF05E0020F5
:10F03000B3F1FF3F08BFB2F1FF3F03D002491830E0
:10F0400000F018BB704700BF53680200034648B980
:10F05000EFF3058232B9064A51699268914201D0B4
:10F06000FFF764BF83F31188BFF36F8F704700BF52
:10F07000F05E002038B5184CA168E0690B68814249
:10F0800014BF1A46002249680B605960A368E16901
:10F090002AB9124AC3E900210B60E3610AE092F940
:10F0A0000E5093F90E00854212DD5168C3E900212C
:10F0B0000B605360A569094B9D4200D005B9E56816
:10F0C000A3689D4202D0284600F056FA656138BD1B
:10F0D0008A42DED01268DBE7F05E0020085F002085
:10F0E000F8B50E4B0C4611460D4A98681060DDE9E4
:10F0F0000667EFF31182402282F31288BFF36F8F0D
:10F100009D68284607F04BFB284632463B46FFF7F2
:10F110008FFF2046BDE8F840FFF708BFF05E0020F3
:10F12000185F0020F8B50446EFF31187402383F3FE
:10F130001288BFF36F8F037C03F01F02002A0CBFFD
:10F140000126002649B235D103F07F03037407F08E
:10F1500014FB294D037C817363F07F032A460374FB
:10F1600052F8183FE869934207D1C4E900200460CF
:10F17000EC610DE09842F8D01B68002BF5D093F9B4
:10F180000EC08C45F6DD5968C4E900310C605C6046
:10F19000AC69944200D004B9EC68AB689C4202D0E0
:10F1A000204600F0E9F96C6187F31188BFF36F8F97
:10F1B0003046F8BD9B071CD5856807F0DEFA8173E1
:10F1C0002B689D4209D16B68C4E900531C606C60D8
:10F1D000EAE76A689A42F6D01B68002BF3D093F9ED
:10F1E0000E208A42F5DD5A68C4E9003214605C6082
:10F1F000DAE78173D8E700BFF05E0020034648B924
:10F20000EFF3058232B9064A51699268914201D002
:10F21000FFF78CBE83F31188BFF36F8F704700BF79
:10F22000F05E0020EFF31181402383F31288BFF3D7
:10F230006F8F054B9A68D37B013BD37381F31188A1
:10F24000BFF36F8F704700BFF05E002070B5EFF323
:10F250001186402383F31288BFF36F8F0F4DAB6885
:10F26000DA7B0132DA732A4652F8184F944200D002
:10F2700004B9EC681A7CD20604D1DA897F2A01D954
:10F28000A2692AB19C4202D0204600F075F92346BB
:10F290006B613046BDE87040FFF7D8BEF05E0020DD
:10F2A000024B03F11802C3E906227047F05E00200A
:10F2B00070B5EFF31186402383F31288BFF36F8F8D
:10F2C0001A4CA168E0690B68814214BF1A460022FB
:10F2D00049680B605960A368E1692AB9144AC3E917
:10F2E00000210B60E3610AE092F90E5093F90E00E1
:10F2F000854216DD5168C3E900210B605360A569A2
:10F300000B4B9D4200D005B9E568A3689D4202D031
:10F31000284600F031F965613046BDE87040FFF7DE
:10F3200005BE8A42DAD01268D7E700BFF05E00203F
:10F33000085F0020F8B550EA010306460C4603D1E9
:10F34000FFF7B6FF0020F8BDEFF31187402383F3EA
:10F350001288BFF36F8F124D124BA8681860FFF729
:10F360003DFEA868104923463246183000F082F965
:10F37000AA68137C43F00403137404463846FFF76D
:10F38000D5FDAB68D3E90A23B3F1004F08BF002ACB
:10F39000D8D107F055FB201A20EAE070D3E700BF70
:10F3A000F05E0020185F002053680200014B98684F
:10F3B000704700BFF05E00202DE9F84304468789BE
:10F3C000EFF31186402383F31288BFF36F8F037C22
:10F3D000190705D586F31188BFF36F8FBDE8F88351
:10F3E000D90943F008026FD10274A36813B1204613
:10F3F00007F0CBF904F1180007F0EDFAA56D04F160
:10F400005808A84511D04FF0000975B1284607F0FB
:10F41000BCF905F1180007F0DEFAC5F87890284627
:10F42000FFF79CFDA56DA845EFD1DFF8BC80D8F8AB
:10F4300008309C4250D1EFF30589B9F1000918BF9B
:10F440004FF00109D8F81850284A954200D00DB95C
:10F45000D8F80C50AB4202D0284600F08DF8204678
:10F46000C8F8145003F092FEB9F1000F02D0204802
:10F47000FFF750FDD8F808309C4230D1EFF30583F8
:10F480006BBBA289D20711D586F31188BFF36F8FAA
:10F4900083F31188BFF36F8F0423184602DFEFF365
:10F4A0001186402383F31288BFF36F8F3046FFF736
:10F4B0003DFDFB0792D5002383F31188BFF36F8FC7
:10F4C0000423184602DF89E703F07F0343F00803B3
:10F4D000037407F052F988E74FF00009B2E786F3AA
:10F4E0001188BFF36F8FE4E7F05E0020085F002013
:10F4F000F8570020D3B5DDE90667089CCDE9006721
:10F50000FFF7EEFD1CB1034B9B685B69236002B003
:10F51000D0BD00BFF05E0020027C12F01F02034647
:10F5200010D10A4988420DD00949086868B1D989C3
:10F530007F2909D893F90E20064B1B689A42B8BF61
:10F540000020704700207047104670475856002032
:10F55000582600201C5F0020044BC01A044BC0102A
:10F560005843044B01221A54704700BF78580020BA
:10F57000ABAAAAAA3068002070B50C4B0C4D1E7CBB
:10F58000FFF7CAFF182303FB06550446284607F079
:10F5900022FA084B00229A553CB1621E28460649C1
:10F5A000BDE87040D31700F065B870BDF05E002074
:10F5B000785800203068002059F5010038B5EFF385
:10F5C0001185402383F31288BFF36F8F0F4B104ACE
:10F5D0009C681068A04206D1FFF7CEFF85F3118822
:10F5E000BFF36F8F38BD00211B7C1160094AD35CCB
:10F5F000002BF3D02046FFF78FFF0028EED0237CAE
:10F60000DB0601D1FFF736FD2046E5E7F05E00207E
:10F61000185F002030680020024B1868984208BF2D
:10F62000002070475C260020034B1B680BB9FCF7D9
:10F6300009BE0020704700BF205F002030B570B1C8
:10F640000B4B5B6898420AD0036843B1D3E90421AD
:10F65000D0E90445121941EB0501C3E90421D0E9C1
:10F66000003213605A600023C0E9003330BD00BF90
:10F670005C260020B3F1FF3F08BFB2F1FF3F2DE948
:10F68000F84F0446994615461F467AD08160EFF33D
:10F690001188402383F31288BFF36F8FB9F1000FF5
:10F6A000DFF8E4A020DBFFF7BFFFDAE90027013530
:10F6B00049F100092D1849EBE073C4E90453AD1872
:10F6C000064643EB07074FF00109FFF7A5FFDFF8F8
:10F6D000BCE0DEF804A00346EBB9C4E900EACAF8CE
:10F6E0000040CEF8044028E0DAE900126FF0010390
:10F6F0005B1A4FF0FF3161EB02025B1B62EB090208
:10F70000012B72F10001BCBF01230022C0E90432C9
:10F710004FF00009D9E7D3E9041CD4E904208A4258
:10F7200070EB0C0B24DA891A5A686CEB0000C3E901
:10F730000410C4E9003214605C60FFF76DFF84427E
:10F740000ED1134B1B685BB9B9F1000F02D1FFF763
:10F750006BFF0646304607F027F90021FCF744FD11
:10F7600088F31188BFF36F8F28463946BDE8F88FBC
:10F77000521A60EB0C005345C4E90420ADD01B685D
:10F78000AAE700252F46EFE7905800205C260020CE
:10F79000205F00202DE9F047DFF8A890DFF8A8806F
:10F7A000C9F800000246FFF737FF0D460026002784
:10F7B000D8E900134FEAE27E50B1D0E9044CA242EE
:10F7C0007EEB0C0A1BDAA41A6CEB0E06C0E90446A9
:10F7D00052184FF0000443EB0E032046C8E9002303
:10F7E000C9F8004007F0E0F82146FCF7FDFC85F37E
:10F7F0001188BFF36F8FBDE8F047FFF7DFBE6118D8
:10F8000043EBE473C0E90467C8E90013FFF716FF90
:10F8100001224FF00043C0E9042385F31188BFF3B0
:10F820006F8F83689847EFF31185402383F3128825
:10F83000BFF36F8FD9F80020121BC9F80020FFF723
:10F84000EBFEB5E7205F00209058002010B5EFF3E5
:10F850001184402383F31288BFF36F8FFFF7E4FE18
:10F86000054A0346D2E90001181841EBE37184F31D
:10F870001188BFF36F8F10BD90580020F8B5044673
:10F88000EFF31187402383F31288BFF36F8FD0E922
:10F890000423B3F1004F08BF012A04D087F3118875
:10F8A000BFF36F8FF8BDD0E90A566A1C46F100031A
:10F8B000022A73F1000334D3013D46F1FF36002ED6
:10F8C000BCBF00252E4607F0BFF8013041F1000112
:10F8D000401946EB0101012871F1000147DB07F0F7
:10F8E000B3F8013041F100016FF00203401946EB1B
:10F8F000010183426FF000438B413DDB07F0A4F828
:10F90000013041F100016FF00102401946EB0103A3
:10F91000121A4FF0FF3161EB030319492046FFF73C
:10F92000A9FE236B01332363236A63B187F3118834
:10F93000BFF36F8F20469847EFF31187402383F37F
:10F940001288BFF36F8F54F8185FA542A6D0002D20
:10F95000A4D0284606F058FF0023AB6787F3118830
:10F96000BFF36F8F2846BDE8F84006F03EBF6FF04A
:10F9700001024FF0FF33D0E700224FF00043CCE705
:10F980007DF801002DE9F04105461C4690461F46D2
:10F99000EFF31186402383F31288BFF36F8FB4F126
:10F9A000FF3F08BFB2F1FF3F05D186F31188BFF3D7
:10F9B0006F8FBDE8F081002C09DB012A74F1000390
:10F9C000BCBF0122002412F1FF3844F1FF37284662
:10F9D00007F001F8DDE906010023C5E90A012B6300
:10F9E00042463B4628460249FFF744FEDDE700BF9A
:10F9F0007DF8010070B50546EFF31184402686F3CB
:10FA00001288BFF36F8F06F0E6FF20B184F31188F0
:10FA1000BFF36F8F70BD6B6A63B184F31188BFF35E
:10FA20006F8F6B6A28469847EFF3118486F312882C
:10FA3000BFF36F8F05F1180006F01BFF0028E5D01B
:10FA400006F0D3FE21460248BDE8704006F027BF0D
:10FA500031680020F8B507460C46164606F082FECF
:10FA600008B10020F8BD0D4B9B68DD6E002DF8D06D
:10FA7000221DF6D2EFF31184402383F31288BFF3E3
:10FA80006F8F47F004012846B04784F31188BFF315
:10FA90006F8F0028E5D040F8045BE3E7F05E0020BC
:10FAA0000146024A0020FFF7D5BF00BFAB26020087
:10FAB00001680E4A9142034615D1C169A2F1102294
:10FAC000A2F1EF1291420ED18268012A0BD8C268CE
:10FAD00012B101698A4206D0586928B19B691B1A84
:10FAE0005842584170470120704700BF55AA00FF97
:10FAF00070B50E4B9E68B6B13046FFF7D9FF04468D
:10FB000018B9F3687BB935690DB9204670BD284630
:10FB1000FFF7CEFF28B9EB68B34204D12E462D691A
:10FB2000F2E70446F1E70124EFE700BF245F00207D
:10FB30002DE9F041404D06466869884606F0E3FF2E
:10FB400018B100242046BDE8F0812C68DCB1AC6817
:10FB5000CCB1002E6AD0B8F1000F69D008FB06F7CF
:10FB6000B7FBF6F6B04565D1391D63D8BA0710D09A
:10FB700027F003020432EC6803E0616891420AD284
:10FB8000A469002CF9D1686906F0C3FF0028D9D018
:10FB9000D7E73A46EFE7D4F808C0BCF1000F02D02F
:10FBA000012007F0ACFE891A232904F120061CD895
:10FBB0000123A360D4E90523AAB19361A3690BB122
:10FBC00062695A610023C4E905332B69DB0703D559
:10FBD000FFF78EFF0028E3D13A4600213046344635
:10FBE00007F085FECFE7EB60E8E702F1200023187D
:10FBF0002039C3E9011CDC602169DFF840C01961CC
:10FC000044F800C00E48D86101B1CB606169596108
:10FC1000A069986141B18B61996901B14B61012182
:10FC2000C4E901212361CDE7EB60F5E73446AAE79B
:10FC30004446A8E70446A6E7245F002055AA00FF33
:10FC4000669911EE70B5424E0546706906F05BFF8D
:10FC500000287BD1002D5FD03368002B5CD0B268C8
:10FC6000002A59D09D4203D3726813449D4202D3A7
:10FC7000012007F044FEA5F120042046FFF718FFFD
:10FC80000028F5D155F8183C012BF1D155F8143C5A
:10FC900045F8180CC3B19A68002A42D155F81C2CBB
:10FCA00002F120015A680A445A6055E905321A6186
:10FCB00055F8145C2B6903B1DD6020462022002139
:10FCC00007F015FE23462C462069002836D08268AE
:10FCD000002A33D1636842682033134463600369A8
:10FCE0002361D4E90523F2B923BB436963618269C7
:10FCF000A2610BB39C61A36903B15C61236903B189
:10FD0000DC602022002107F0F2FD33699B0703D558
:10FD1000FFF7EEFE0028ABD17069BDE8704006F039
:10FD2000F8BE0023D0E79361A369002BDDD06269A0
:10FD30005A61DAE7F360F7E7F460DCE7002BE4D11F
:10FD4000F368A36103B15C61F460DEE770BD00BFDE
:10FD5000245F002070B5174E14220C460546002182
:10FD6000304607F0C4FD1448706106F0C9FE13491F
:10FD7000134800F035F8232C1BD915F003031FBFDF
:10FD8000043CE418C3F10403ED1822460021284680
:10FD900007F0ADFDC6E90054203CB5606C60B36867
:10FDA000084A1A60B368F360A2F11022A2F1EF12C0
:10FDB000DA6170BD245F00206426002045FC01004C
:10FDC00031FB010055AA00FF014B1B68184700BF1B
:10FDD000C8260020014B1B68184700BFC42600201E
:10FDE000024B1860024B002019607047C8260020A3
:10FDF000C426002010B50A46044619B1024B002162
:10FE00001B68984710BD00BF988A02000E4B034044
:10FE1000B3F1607F06D1B1F5885F0CBF00206FF0B1
:10FE200086007047B3F1707F0BD101F4E043B3F566
:10FE3000005F06D111F4E06F14BF00206FF0860060
:10FE400070476FF0860070470000C07F8A42F8B5A7
:10FE500006460D4600F00A8101F0FE41B1F1C06F87
:10FE600061D1884C22F4FF7121F00101A14222F0FE
:10FE7000FF0014D004F58854A04210D022F47F76FD
:10FE800026F00306A4F57064A64208D004F5A06429
:10FE9000A04204D004F57454A14240F0EB80D1B2EA
:10FEA000784E19B922F48061B14224D125F4FF744F
:10FEB00024F00104B44225F0FF0112D0724EB14289
:10FEC0000FD025F47F7727F00307A6F57066B742B9
:10FED00007D006F5A066B14203D006F57456B442C9
:10FEE00009D115F0FF0406D0684E44F00074B44206
:10FEF00004BF02460D468BB122F4FF7323F00103C9
:10FF0000B3F1062F06D0624B22F4FF6121F0070106
:10FF1000994203D122F4807225F48075954214BF72
:10FF200000200120F8BDB1F1A06F16D102F0FE4310
:10FF3000B3F1A06F40F0888082EA050333F47E13AA
:10FF400040F0828028047FD5C5F30540C2F3054206
:10FF500090428CBF00200120E4E74E4B9D4209D126
:10FF6000A3F500439A4200F081804B4B22F47E10AF
:10FF70009842D4E7B1F1407F60D102F0FE43B3F183
:10FF8000407F5BD182EA050030F47E1456D13146C1
:10FF90002846FFF73BFF00286AD1404912F47C173E
:10FFA00001EA020113D0B1F1607FC2F3054333D1FE
:10FFB000D1B241F0007101F17E410339122901D81B
:10FFC0003748445C15F47C1F2DD19C42A7E7B1F162
:10FFD000607F0AD1D3B243F0007303F17E43033B49
:10FFE000122B4BD82F49CB5CE2E7B1F1707F17D1D0
:10FFF00006F4E043B3F5005F42D1C6F302210123CA
:020000022000DC
:100000008B4006F4E041B1F5005FDBD1C6F3022678
:10001000012000FA06F4D5E7B1F1707FD2D1F0E704
:1000200000242346CEE71FB9C5F30541A1421DD0E8
:10003000290403D5C5F3054098428AE71A4B9D422F
:1000400002D1B2F1082F6AE725F0004323F47F03C1
:10005000B3F1106F0CD102F0FE43B3F1106F07D172
:100060001248104040F01060A84258E7012059E7BC
:10007000002057E7002B7FF446AF4FE7002397E7B8
:100080000023BEE70002000600130006FF00000286
:10009000004000060093C004000140050000C07F3E
:1000A0004DCA02004DCA02000002C0030000FFF664
:1000B00070B505460F480E4606F025FD044618B1FA
:1000C0006FF08F04204670BD6B6933602B7F012B6E
:1000D0000ABF022330602B77064818BF6FF09604E2
:1000E00006F017FD0028EDD0002CE9D06FF0960443
:1000F000E8E700BFAC26002038B50C4C0C4806F0F1
:1001000002FD65780A4806F004FD0A4806F0FBFC8B
:10011000022D08D12478E31F5C425C41054806F0BB
:10012000F8FC204638BD0024F8E700BF3C5F002003
:100130007C260020942600202DE9F04789461546AC
:100140001C4600F0C3FC0646002851D1D9F80070C7
:10015000B7F800A00AF4E043B3F5804FBB6808BFCE
:1001600025F0010535EA03033AD1002C40D0B5F55E
:10017000006F40D0A5F5005255425541284A24F45D
:10018000FF7323F00103934213D0264924F0FF02AA
:100190008A420ED024F47F7020F00300A1F5706134
:1001A000884206D001F5A0618A4202D01E4A9342DD
:1001B00023D114F0FF0304D01C4A43F00073934290
:1001C00022D0F9682B4622465046FFF73FFE804674
:1001D00070B939692B4622465046FFF737FEE0B921
:1001E0006FF084060023C9F80030384600F0A6FC02
:1001F0003046BDE8F0870125C0E704F0FE43B3F1C7
:10020000407F04D12304DCD56FF08606EAE7B3F122
:10021000A06FF7D0054B9C42D2E74646E8E700BF07
:10022000000200060013000600460006FF00000260
:1002300038B500F0FE43B3F1407F04460D4602D0CE
:100240006FF0860038BDFFF7E1FD0028F8D114F407
:100250007C1F18D0C4F30543032B137022D9224A04
:100260002240B2F1607F31D1E4B244F0007404F175
:100270007E44033C122CE3D81C4A125D9342DFD823
:10028000202BDFD90EE0184B2340B3F1607F0FD154
:10029000E3B243F0007303F17E43033B122B04D916
:1002A000002313706FF08500CCE71149CB5CD3E7D6
:1002B000B3F1707FF4D101F4E043B3F5005FEFD107
:1002C000C1F3022101238B40DBB2C5E7B2F1707F9D
:1002D000B6D105F4E042B2F5005FB1D1C5F3022515
:1002E0000122AA40CAE700BF0000C07F4DCA020039
:1002F0004DCA02002DE9F3414768D0F81480044646
:1003000038460E4606F002FF0546E8B9FFB22FB99F
:10031000B8F1000F05D06FF0860515E0B8F1000FB9
:10032000F9D0A36823F0031323F47F43002BF2D109
:1003300062884FF6F8739A4228D81648277906F053
:10034000E2FB28B16FF08F05284602B0BDE8F081CE
:1003500007B901A8314600F069FB05460D4806F0D3
:10036000D8FB10B1002DEFD1ECE7002DECD10FCC74
:10037000D6F800C066460FC694E8070086E8070076
:10038000002FE1D1019BCCF81430DDE76FF085053B
:10039000DAE700BFAC26002010B5044650B106488D
:1003A00006F0B1FB204606F0E5FCBDE8104002482F
:1003B00006F0AFBB10BD00BFAC26002013B504464D
:1003C00010B301A900F082FB0446E8B9194806F011
:1003D0009AFB0346019853B1002406F082FE0028E0
:1003E00018BF0446134806F094FB68B109E0037F88
:1003F000032B11D106F075FE04460E4806F089FB6A
:1004000028B10CB96FF08F04204602B010BD002C4B
:1004100008BF6FF08704F7E7022B07D103230377A8
:100420000379FF2BD8D16FF08404D6E76FF09604E0
:10043000D3E700BFAC2600202DE9F0411E4688B06E
:10044000904600220388059205460F46CDF81C8091
:100450003260B8F1000F65D0B8F1005F80F0A18084
:1004600023F0FF03B3F5E24F02D0B3F5824F25D15D
:10047000284606F05DFB0446002840F08680EB68C5
:1004800083B16A8872B12B8803F44F41B1F5824F72
:1004900002D0B1F5884F05D1DBB2222B36D02CD853
:1004A000122B38D03A4608EB0701002312F8010B53
:1004B0008A4243EA0003F9D1002B33D005A928462C
:1004C000FFF718FF0446A0B9059B9B6A6BB3059B19
:1004D0005A88069206AA029203F1280201929A6AA9
:1004E00000925B6A42463946284606F041FE0446C1
:1004F00080B30598FFF750FF47E0273BDBB21B2B8B
:10050000D0D8294921FA03F3DB07CBD50732B8EB62
:10051000D20FC7D206E040F209239A42F6D1B8F1D1
:10052000400FBFD86FF086042FE06B681B0A07D11D
:100530000799059806F0DEFB04460028C7D0D8E7E7
:1005400007AB42463946284606F0EAFD0446002835
:10055000EED0CEE70599069B4A88D2B94B80069A21
:100560004FF6F8739A4219D82B88059813B1028870
:100570009A4210D16B8813B142889A420BD131460E
:10058000FFF796FD04460028B3D1204608B0BDE829
:10059000F0819A42E3D06FF08604AAE76FF08504F9
:1005A000A7E76FF08504F0E70102000C38B50446B8
:1005B0000D46FFF7A1FD30B12A4621460348BDE8AC
:1005C000384006F07CBE6FF0880038BD405F0020E8
:1005D00073B5002203880A600092428804460D46E3
:1005E000002A00F0FF80028802F4E042B2F5804F5A
:1005F00000F0F88023F0FF03B3F5E24F02D0B3F52B
:10060000824F04D1204606F093FA0646D0B96946D7
:100610002046FFF76FFE064660BB009B9B6AA3B1B6
:100620000099204601F12803D1E9091206F082FD64
:1006300006460098002E40F0D2802946FFF738FD8C
:100640000646B8B9304602B070BD63681B0A40F078
:10065000BD802288618802F4E043B3F5805F0DD04D
:10066000B3F5005F0AD002F44F40B0F5824F1ED0C0
:100670006FF085060098FFF78FFEE3E7104606F05F
:100680000AFB06460028F5D147F201039A4220D121
:100690004B080133DB0803EBC3033B330193DDE974
:1006A000000106F027FB06460028B9D0E2E7B3F5C3
:1006B000E04FDDD147F201039A42E9D022F0FF0377
:1006C000B3F5884F15D1CB1DDB0803EB4303013392
:1006D000E4E744F201039A4202D1CB081033DDE78C
:1006E00022F0FF03B3F5E84FEAD1CB1DDB085B0036
:1006F000D4E7B3F5EE4F67D0B3F58E4F02D1CB1DE3
:10070000DB08CBE702F44F40B0F5824F02D0B0F5E2
:10071000884F06D1D0B2422801D1CB08D7E7412873
:10072000EDD0B3F5E24FEAD0B3F5824F03D1CB1D44
:10073000DB085B00CBE744F20D039A4224D844F275
:1007400001039A42DBD9A2F58042023A0B2AD6D89D
:1007500001A353F822F000BF9D070200FF0602002C
:10076000A9070200FF060200FF060200B10702000F
:10077000B9070200FF060200FF060200C1070200DF
:10078000FF060200C107020047F202039A421BD093
:1007900047F204039A42B2D140237FE74B094FF45A
:1007A000A0725343203379E70B0A4FF4C072F8E785
:1007B000CB1DDB08183371E7CB1DDB081C336DE75D
:1007C000CB1DDB08023392E7202367E701A920460F
:1007D00006F0ABFC064600283FF461AF4AE706F09E
:1007E000BEFA47E76FF086062CE700BF10B51C4C39
:1007F0001C4806F088F92378590744BF03F0FB032F
:1008000023709A0705D500F0F7F8237823F0020348
:100810002370144806F07DF9134806F074F96378E4
:1008200013B1124806F04DFD00234FF4AC710F4890
:100830006370FFF7DFFA0C4806F06BF9094806F021
:1008400062F92378DB0705D506F069FC237823F0ED
:1008500001032370BDE81040024806F05AB900BFFA
:100860003C5F0020942600207C260020405F002072
:1008700070B5FFF741FC10B10024204670BD34482C
:1008800006F041F9044620B16FF08F04FFF7AEFF88
:10089000F3E7304D2B789E0706D400F0A5F82B78AF
:1008A00043F0020304462B70294806F032F910B1D8
:1008B000002CE9D0EAE7002CE8D1254806F023F91E
:1008C00004460028E0D12B78D80706D406F025FC92
:1008D0002B7843F0010304462B701D4806F019F9EC
:1008E0000028E5D1002CD1D1194806F00CF90028D8
:1008F000CAD117482E7806F00CF90028C4D1164842
:1009000006F001F904460028BED16B783BB9F10727
:1009100005D5124806F0D1FC022304466B700E4840
:1009200006F0F7F80028C3D1002CAFD1084806F034
:10093000EAF80028A8D12B7805485A075CBF43F095
:1009400004032B7006F0E5F8002895D09CE700BF63
:10095000942600203C5F00207C260020405F002081
:1009600000F140420F2A30B50CD81D4B2C2404FB5B
:1009700002331A7F022A02D15A69824224D06FF0D0
:100980008B001AE0441E6FF040439C420ED2144A82
:1009900000241346157F022D02D15569854210D0DF
:1009A0000134102C02F12C02F4D1E8E70D4BA2F532
:1009B00080529A42EBD96FF0870030BD6FF09600FD
:1009C000FBE72C2202FB04331A7F022AF6D11A6AB3
:1009D000501CF3D001321A6200200B60EDE700BF1B
:1009E00098600020FFDFFF3F024B012283F8C02206
:1009F00000207047986000202DE9F0410A4C002546
:100A000026464FF001080327C4F8208027772046A8
:100A1000013506F0AFF9102D04F12C04F4D10023B8
:100A200086F8C032BDE8F08198600020F8B5244D0A
:100A3000064624480F4606F066F895F8C04221485D
:100A400006F067F8002C34D000242B462246197F8C
:100A5000F9B13CB9022905D1196A19B919790029E6
:100A600018BF1C460132102A03F12C03EFD114B930
:100A70006FF08C000BE0237F022B04D1236A5A1CF9
:100A80001CBF01332362204606F074F910B1002424
:100A90000DE01C46237F7BB90123237736B10A4B37
:100AA000651BAD105D4305F18045356000203C605D
:100AB000F8BD6FF08800EAE76FF09600E7E700BF47
:100AC0009860002094260020A38B2EBA002370B5D6
:100AD0000B60044616480D4606F015F8154B1448F1
:100AE00093F8C06206F015F8FEB1134806F00BF853
:100AF000064618B16FF08F04204670BD2046294687
:100B0000FFF72EFF10F18C0F044607D00A4806F0BD
:100B100000F80028F0D0002CEED1EBE706482E605C
:100B200005F0F7FF6FF08704E6E76FF08804E3E76E
:100B30009426002098600020AC26002010B50446C2
:100B4000084805F0E0FF40B9204606F0CAFA04461E
:100B5000044805F0DEFF10B10CB96FF08F04204699
:100B600010BD00BFAC26002070B40A4E4568DCB250
:100B700044F00074B4424FEA152503D035B970BC77
:100B800000F0CCB86FF0850070BC70476FF0860045
:100B9000FAE700BF05000002F7B5089E0D4FF5B259
:100BA000044645F000754868BD424FEA10200AD05F
:100BB00060B9009604F1080000F07CF808B91C2325
:100BC000236003B0F0BD6FF08500FAE76FF0860098
:100BD000F7E700BF05000002F7B5089E0D4FF5B21C
:100BE000044645F000754868BD424FEA10200AD01F
:100BF00060B9009604F1080006F062FC08B91C23F5
:100C0000236003B0F0BD6FF08500FAE76FF0860057
:100C1000F7E700BF050000022DE9F0414FF6FF7431
:100C20009C4228BF1C460D461FFA84F81646AAB1FE
:100C3000A1B19BB10B4F384605F01DFB18B96FF001
:100C40009200BDE8F081BB6842461B6831463846D9
:100C500098470028F3D1E4002C60F2E76FF086009B
:100C6000EFE700BF5C7B02007FB50024C0F848417D
:100C70000F4C0094054606F0D1FA044698B903AB30
:100C8000102205F59C7601930092334605F5947188
:100C9000284606F0D6FA044628B9304606F03FFB4F
:100CA000204604B070BD284606F0D7FAF8E700BF2A
:100CB000004440042DE9F0411E46069B1746154AA4
:100CC00023F47E13934204460D461BD10B88B3F5E3
:100CD000105F17D1A6F11002102A17D80E4BD3407F
:100CE000DB0713D54FF4A672002106F000FE0223A5
:100CF00084F84C313A46334629462046BDE8F04157
:100D0000FFF7B2BF6FF08500BDE8F0816FF086009D
:100D1000FAE700BF0002C003010101002DE9F04322
:100D200023F47E16124BDDF82C909E42DDE9077C01
:100D3000DDE909E815D10388B3F5105F11D1A2F1FF
:100D40001004102C11D80B4D25FA04F4E3070CD530
:100D5000CDE90989CDE907CE3B46BDE8F04306F071
:100D600086BB6FF08500BDE8F0836FF08600FAE780
:100D70000002C0030101010073B50C4611461A467A
:100D80002388069EB3F5105F054619D1A2F1100421
:100D9000102C12D80C4BE340DB070ED50B4B9E42B8
:100DA0000ED100240094234600F0A0F885F81C41E1
:100DB000C5F81861204602B070BD6FF08600FAE7F2
:100DC0006FF08500F7E700BF010101000044400417
:100DD0002DE9F04116461F46D0F818210E4B9A42D5
:100DE0000546884611D1314600F0A0F8069B98428E
:100DF00004460DD8334628464246394600F0A4F84A
:100E0000079B00201C60BDE8F0816FF08500FAE7C9
:100E10006FF08900F7E700BF0044400430B58BB0A5
:100E2000044618220D4604A8002106F060FD4FF488
:100E30001053ADF80C3020464FF48073ADF80E30EF
:100E4000059306F00AFA4FF494720021204606F04A
:100E50004EFD0B4B00932A46202303A9204606F0A3
:100E6000DDF950B905F1200304F59474303553F8D9
:100E7000042B44F8042BAB42F9D10BB030BD00BFBA
:100E80000044400470B5184E049C4588B34202D01B
:100E90006FF0850070BDEE1DB2EBD60F4FEAD603A2
:100EA00002D06FF08600F5E7079A934218D8089AA7
:100EB0001360008847F212129042E9D1059A5B0054
:100EC00001339342EDD12378042BEAD1B5F5807F2D
:100ED000DED10698621C00F067F90028DAD0E0E75E
:100EE0006FF08900D6E700BF00000209F8B5069F41
:100EF00004461D4661B11646AFB9DFF701FB00237A
:100F000084F8116184F8103184F8127184F8133177
:100F100045B11022294604F1F00006F0DAFC012365
:100F200084F81331F8BDDFF77FFCE8E751B190F8A2
:100F3000103190F812210B4402F001029B1A23F0A9
:100F40000F007047084670472DE9F04F044687B000
:100F500090F8120194F810910090002B55D0924611
:100F600000F00108C9F110021E4608EB0203B3426B
:100F700004F5807700F2C4800D46002A40F0B3806B
:100F8000009B002B6AD194F8133104F1F009C84694
:100F9000002B40F0C18094F8113122463946484672
:100FA000DFF75AF90F2E40F2CE80A6F1100323F09E
:100FB0000F031033019305EB030BD04694F813C1D4
:100FC000102341464A463846BCF1000F20D0DFF7D7
:100FD0005DFE10224946284606F07BFC103594F849
:100FE0001131224639464846DFF736F95D4508F1AA
:100FF0001008E3D116F00F0621D184F81061C8461D
:1010000010224146584606F064FC07B0BDE8F08F58
:10101000102206F05EFC10224946284606F059FCD4
:10102000103594F81131224639464846DFF714F955
:10103000AB4508F11008C1D116F00F06DDD0019BB9
:101040009A4451463846324606F043FC009B84F8E9
:101050001061002B7DD00DF10808D1E794F8113113
:101060002246394602A8DFF78DFA94F81331002B97
:101070005BD1B8F1000F0CBF4FF010094FF0110910
:101080004E4529D304F1F00801E04E4524D35146E2
:1010900010223846924406F01CFC102202A9284671
:1010A00006F017FC94F811312246394602A8DFF702
:1010B00069FA94F81331103E1035002BE5D002A9DF
:1010C000084642461023DFF7E1FD1022394640462C
:1010D00006F0FFFB4E45DAD22EBB84F81061AB461A
:1010E0000DF108088CE7514607EB0900924406F021
:1010F000F0FB009B103E4E44002B3FF444AFADE7A5
:1011000007EB09005146324606F0E3FBB14484F890
:10111000109107B0BDE8F08F10234A463946384693
:10112000DFF7B4FD37E7AB468BE702A904F1F0091E
:101130004A4608461023DFF7A9FD484610223946E3
:1011400006F0C7FB95E7002EEDD184F81061AB46A1
:1011500056E704F1F00952E700B589B00146684648
:1011600000F03CF809B05DF804FB00BF00B591B099
:101170000146684600F06AF911B05DF804FB00BF53
:1011800030B599B00546684600F028F8694604462F
:1011900008A800F053FA08A90443284600F08AF989
:1011A000204619B030BD00BF70B598B005466846FE
:1011B000164600F013F83146044608A800F046F938
:1011C00008A96A460443084600F082F908A90443C6
:1011D000284600F06DF9204618B070BD70B50B6858
:1011E000124E1BBAC3614B681BBA83618B681BBA72
:1011F0004361CB681BBA03610B691BBAC3604B69BF
:101200001BBA83608B691BBA4360CB691BBA324639
:10121000036001460446DFF729FB314605460246D6
:101220002046DFF743FB681E70BD00BF9C8A0200AA
:101230002DE9F04188B00C46064602F120016846CF
:1012400006F120079046DFF70BFE6A4669466846BE
:10125000DFF728FD69463846DFF702FE3A46394691
:10126000384604F12005DFF71DFD6A4669466846E9
:10127000DFF718FD41462846DFF7F2FD6A46414692
:101280003046DFF7D5FD2A4629466846DFF70AFDD6
:101290002A4669466846DFF705FD124A69466846F0
:1012A000DFF700FD69462046DFF7DAFD32462146CA
:1012B0002046DFF735FD324621462046DFF730FD78
:1012C000224631462846DFF72BFD6A462946284646
:1012D000DFF7AEFD3A4629462846DFF721FD08B084
:1012E000BDE8F0817C8B0200F0B599B004460D4654
:1012F0000A4601466846DFF713FD69466846DFF790
:10130000AFFD6A46214608A805F1200604F1200732
:10131000DFF78EFD6A4629466846DFF789FD3246CB
:10132000394610A8DFF7BEFC324639463046DFF7B3
:10133000F7FC31462846DFF793FD6A4608A92046A8
:10134000DFF7B0FC224629462846DFF7E9FC6A466B
:1013500008A96846DFF7E4FC6A4639463846DFF7F5
:1013600067FD2A4608A96846DFF7DAFC6A46314677
:101370003046DFF75DFD3A4631463046DFF7D0FCB8
:1013800010A96846DFF76CFD224669462046DFF764
:10139000C7FC08A922460846DFF7C2FC10A908AA24
:1013A0000846DFF745FD3A4610A93846DFF7B8FC96
:1013B00019B0F0BD2DE9F04188B00C4605469046C5
:1013C0000A4601466846DFF7ABFC69466846DFF728
:1013D00047FD6A462946284604F12006DFF728FD26
:1013E00005F120076A4621466846DFF721FD3246AF
:1013F00039463046DFF794FC31462046DFF730FDB2
:101400002A4621462046DFF78BFC6A4621462046C5
:10141000DFF786FC6A4629464046DFF781FC4246F4
:1014200039463846DFF704FD224629466846DFF78D
:1014300077FC6A4631463046DFF7FAFC3A463146D9
:101440003046DFF76DFC08B0BDE8F08170B500F103
:10145000200690B00D46044600F014F905F1200175
:10146000304600F00FF9214608A8DFF7F9FC08A97B
:1014700008460D4ADFF716FC08A922460846DFF7A2
:10148000D7FC08A9094A0846DFF70CFC3146684634
:10149000DFF7E6FC202269460DEB0200DFF7D4FB04
:1014A000013810B070BD00BF7C8B02005C8B020065
:1014B00000F002B938B504460D4600F0FDF805F11C
:1014C000200104F12000BDE8384000F0F5B800BF6D
:1014D0002DE9F0471346B8B0544A8946804619466C
:1014E00010A8DFF7C3F95249024610A8DFF7DEF96A
:1014F000179E4E4900EAD6760746C6F1010210A8AB
:10150000DFF7D4F9179B4A466FEA030A28A918A8FF
:10151000FFF78EFE4FEADA7A20A9CAF101020846E7
:1015200000F092F8C7F10107FE246A4618A928A81E
:10153000FFF740FF631138AA02EB830304F01F0298
:1015400053F8A03CD340554603F0010A8AEA05054A
:101550002A4628A918A8DFF705FA2A4630A920A8A4
:10156000DFF700FA013C28A918A8FFF7BDFE631CAD
:10157000DBD1CAF1010220A908A800F065F886EACB
:101580000A066A4618A928A8FFF714FF28A93246B8
:1015900018A8DFF7E7F9324630A920A8DFF7E2F90B
:1015A00008A96A460846DFF743FC08A9084600F088
:1015B0009DF808A908F1200409F120020846DFF788
:1015C00037FC20A908AA2046DFF732FC08AA18A990
:1015D0006846DFF72DFC69466846DFF741FC18AA2C
:1015E000694608A8DFF724FC21466846DFF738FC87
:1015F00008AA69461046DFF793FB0E4A08A9684619
:10160000DFF78EFB20462021DFF732FB08A90246D8
:1016100044426846DFF7A6F94046074A6946DFF7C5
:1016200007FC3C43204638B0BDE8F087DC8A020066
:10163000FC8A02005C8B0200BC8A02000A46014957
:10164000FFF746BF1C8B020070B588B004460D46FC
:10165000164600212022684606F049F90023294653
:1016600020222046009306F034F92A46694668464F
:10167000DFF756FB324669462046DFF773F908B0BC
:1016800070BD00BF0B681BBAC3614B681BBA836196
:101690008B681BBA4361CB681BBA03610B691BBA29
:1016A000C3604B691BBA83608B691BBA4360CB690B
:1016B0001BBA0360704700BFCB691BBA03608B691C
:1016C0001BBA43604B691BBA83600B691BBAC360CA
:1016D000CB681BBA03618B681BBA43614B681BBAAA
:1016E00083610B681BBAC361704700BF70B598B0C7
:1016F0000D46064610A8DFF7B3FB2A4610A9684638
:10170000DFF796FB694610A8DFF7AAFB10A9084689
:10171000DFF7A6FB6A4610A908A8DFF789FB08A92E
:1017200010A8DFF79DFB10A90846DFF799FB10A969
:101730000846DFF795FB10A90846DFF791FB10A9D3
:1017400008AA0846DFF774FB10A90846DFF788FBF4
:1017500010A90846DFF784FB10A96A4608A8DFF73E
:1017600067FB052408A910A8DFF77AFB10A9084633
:10177000DFF776FB013C10A9F5D108AA0846DFF790
:1017800057FB052410A90846DFF76AFB10A9084695
:10179000DFF766FB013CF5D110A908AA0846DFF780
:1017A00047FB10A908A8DFF75BFB08A90846DFF78D
:1017B00057FB08A96A466846DFF73AFB10246946DA
:1017C00010A8DFF74DFB10A90846DFF749FB013CE5
:1017D00010A9F5D12A460846DFF72AFB402410A9B4
:1017E0000846DFF73DFB10A90846DFF739FB013C4F
:1017F000F5D110A96A460846DFF71AFB102410A994
:101800000846DFF72DFB10A90846DFF729FB013C4E
:10181000F5D110A96A460846DFF70AFB102410A983
:101820000846DFF71DFB10A90846DFF719FB013C4E
:10183000F5D110A908AA0846DFF7FAFA2A4610A936
:101840003046DFF7F5FA18B070BD00BFF8B50E4BA3
:101850001D68AB789B07064612D56F6816F8014BDA
:1018600029462CB90A20B847002805DB204609E0A4
:101870002046B8470028F1DAAB7843F00403AB7098
:101880004FF0FF30F8BD00BF1C8602000CB430B52D
:101890008BB004460D462022002102A806F027F84E
:1018A00002238DF80A30002D0C4B0393069412DBB3
:1018B00001D06B1E1C440FAA0E99079402A8019236
:1018C00000F00EF815B1069B00221A700BB0BDE8AF
:1018D000304002B070470024EDE700BF197A0200E3
:1018E0002DE9F04F8BB04368009383789C078046C6
:1018F000924640F1F98000250878002800F0F68033
:1019000025280AD04B1C019301354146009B98477E
:101910000028C0F2E3800199EEE74E788B1C252E5B
:101920000193F1D00027B9463C460A221F2C22D849
:10193000A6F12003102B20D8DFE803F0141F1F1A94
:101940001F1F1F0B1F1F1F121F171F1F090044F00F
:101950000104019B13F8016B0193002EE6D13AE0DC
:1019600044F0020444F00404F3E744F00804F0E710
:1019700044F01004EDE77F2C24D8A6F13003092BA6
:1019800008D860064EBF02FB073702FB093944F056
:101990002004DEE72A2E0DD161065AF8043B53D409
:1019A000002BA7BF44F020049946C3F1000944F07E
:1019B0002804CEE72E2E05D1630600F1978044F06F
:1019C0004004C6E76C2E2ED028D8682E32D06A2E5E
:1019D00037D04C2E35D0002F46F02003B8BF24F06E
:1019E0004004A3F16502BCBFA4B20027022A01D9BA
:1019F000612B2BD10AF1070A2AF0070A9C4E0AF143
:101A0000080A0727210760D506EB070B34465C451B
:101A10005DD1AE1BA219A9EB070959E1742E98D02C
:101A20007A2E96D0D7E7260648BF44F4007444F0D7
:101A300080048EE7E00548BF44F4007444F48074E9
:101A400087E744F4207484E71F4682E7A6F1630227
:101A5000122A00F2D880DFE812F013004D00D60001
:101A6000D600D600D6004D00D600D600D600D6004F
:101A7000D600E800D100D600D6001A00D600A0009B
:101A80005AF8043B8DF81030012704AEBAE75AF833
:101A9000046B784B002E08BF1E4614F0400F14BF95
:101AA00039464FF0FF31304605F053FF0746A9E7AE
:101AB000009B41462020984700280FDB013CA742AD
:101AC000F6D34D442D1BA1469EE74C46F7E714F88C
:101AD000010B009B41469847002898DA98F802309D
:101AE00043F0040388F802304FF0FF3528460BB06E
:101AF000BDE8F08F220630D5A3052AD50AF1070AE2
:101B00002AF007039A4659685AF8080B24F0100B7C
:101B100000291FFA8BFB2FDA404261EB41014BF4A5
:101B2000806B04AC0A23224605F01FFF1BF0400F18
:101B3000A0EB040200F08E802BF001049742A4B2C7
:101B400040F38F80002E40F08E802BF01104A4B261
:101B50001DE05AF8040BC117D8E7E0055AF8041B3A
:101B600001D40846F7E7A2054BBF48B208B241F3DB
:101B7000C01141F3C031C9E750EA0103D1D1630676
:101B8000CFD5002FCDD124F01104A4B23A463B4664
:101B900040F206410C4262D124E024F01004A4B2C9
:101BA0000A2314F0800243D014F400711FBF0AF11D
:101BB000070A2AF007029246516814BF5AF8080B28
:101BC0005AF8040B50EA01023ED124F0160B6206CB
:101BD0001FFA8BFB3CD5002F3AD124F01704A4B296
:101BE0003A463B4621075AD4E10705D5994572DDAF
:101BF000A9EB03039F184B469B464AE044F01004B0
:101C000010237826CDE7782B04D1C6F1780343F072
:101C10001003C6E7009B4146252098470028FFF6A1
:101C20005DAF02354146304670E608230026B8E72E
:101C300014F480715AF8040BC4D014F400711ABF64
:101C4000C0B2114680B2BDE724F006041FFA84FB3F
:101C500004AC68E713465C46E10699D52EB901331A
:101C6000C0E71346F8E73B46F6E70233BAE700BFA2
:101C700030C8020029C80200CDE902324146009B6B
:101C8000202098470028FFF629AFDDE902320BF14A
:101C9000010BD945F0DCEB1A03EB0B055B46E106C3
:101CA00027D5CDE902324146009B302098470028D5
:101CB000FFF614AFDDE902327EB901352F44791BFE
:101CC0008A4229DB144604AE9CBB2A44A9EB0309D3
:101CD0001546914442E017468EE7CDE902320235BF
:101CE00041463046009B98470028DDE90232E5DA9C
:101CF000F4E640F206410C42E0D014F0020F14BFAB
:101D00002B20202014F4806FCDE9023205F101056B
:101D1000414618BF2D20E5E7CDE902324146009B40
:101D2000302098470028DDE9023205F10105C6DAC6
:101D3000D4E6013CCDE90232305D009B4146984734
:101D40000028DDE90232BFDAC8E6009B41462020C8
:101D50009847002805F10105FFF6C0AEA9EB050381
:101D6000002BF2DCD7E500BF38B5044C044DAC4283
:101D700000D138BD54F8043D9847F8E70000000052
:101D800000000000704708B504F05EFE4FF47A7260
:101D9000A0FB020302FB0131C00B40EA4140C90B2A
:101DA00008BD0023EFF76CBD014640F2E73008B5EF
:101DB0004FF47A72002300EBC130490CE8F7F6FCCF
:101DC000BDE8084004F095BDF0B40C2707FB0214F1
:101DD000866814F8045C45F0020504F8045CB468F5
:101DE000A446F0BC604700B589B00DF1070302932B
:101DF0000123CDE905238DF8071003930021072364
:101E00008DF810108DF81C3002220379006802A9A9
:101E1000FFF7DAFF09B05DF804FB1FB502238DF868
:101E200000108DF8012002938DF80C300122037907
:101E30000068CDF804D001A9FFF7C6FF05B05DF832
:101E400004FB38B502220D210546FFF7E6FF0446E4
:101E5000E8B9024620212846FFF7DFFF224621216C
:101E60002846FFF7DAFF224622212846FFF7D5FF52
:101E7000224623212846FFF7D0FF22462421284668
:101E8000FFF7CBFF224625212846FFF7C6FF204655
:101E900038BDF8B50E4617460D2102220446FFF75D
:101EA000BCFF0546002857D10B2211212046FFF721
:101EB000B4FF882212212046FFF7AFFF3F222A21DC
:101EC0002046FFF7AAFF012E4FF0FF3218BF002275
:101ED000D2B223212046FFF7A0FF022E4FF0FF329F
:101EE00018BF0022D2B224212046FFF796FF032E0E
:101EF0004FF0FF3218BF0022D2B225212046FFF753
:101F00008CFF324620212046FFF787FF2A462121F9
:101F10002046FFF782FF2A4622212046FFF77DFF59
:101F20002A460D212046FFF778FF0546A0B927EA8B
:101F3000E776294640F2E7304FF400454FF47A72D5
:101F40000023E6FB0501E8F731FC04F0D2FC204653
:101F5000BDE8F840FFF775BF2846F8BD07B5072173
:101F60000DF10702FFF73FFF30B99DF907309DF8EB
:101F70000700002BB8BF802003B05DF804FBF0B56C
:101F8000E9B0082307460E4615468DF80730FFF7DF
:101F9000E5FF00280DF1070422DD85424FF0010323
:101FA000A8BF0546039300238DF810302BB203EB36
:101FB00043030693072302948DF81C3008AC3B7949
:101FC00038680594022202A9FFF7FEFE40B92346B5
:101FD000314606EB8500814203F1030302D1284616
:101FE00069B0F0BD13F8022C13F8034C120242EA58
:101FF000044213F8014C224341F8042BEBE770B57F
:1020000090F8444088B04CB300F12401A200684627
:1020100005F05FFC6A460121CBB29C4207D86408F8
:1020200008AB03EB840454F8200C08B070BD013BEE
:1020300055685BB2104650F80469AE4204D9013BC2
:102040005BB286605E1CF6D101335BB208A800EB80
:102050008303013143F8205C0432DDE72046E4E7E6
:1020600038B504460D464C22002105F040FC2560A1
:1020700038BDC0687047406870470346007E30B185
:10208000586843F697239842D4BF00200120704738
:102090002DE9F04FC36990F818B003F1010A85B03B
:1020A00004461746C0F81CA0BBF1000F0FD1C0E9D1
:1020B000011BC0E904BB012303762FB94FF00008D0
:1020C000404605B0BDE8F08F00233B80F6E743684B
:1020D000CA1A03EBA21343F697229342436005DC2E
:1020E0000023A0F8443003624376E6E7856806687B
:1020F000BAFBF6F2C91A491B436905EBA105016950
:102100008560AB42B8BF2B46A942A8BF294606FB53
:1021100012A2436101613AB9C2685B1A9B1AC0E915
:10212000045502EB6302C26094F84420E1684FF06A
:102130003C09012A09FB06F94FF0DC03B9FBF3F374
:1021400013D92046CDE902230191FFF758FF039BE5
:102150004FF0060CDDE901120CFB00F04FF00A0C09
:10216000B0FBFCF0834238BF034694F81980B8F105
:10217000000F61D10A2091FBF0F0854263DD282930
:1021800005DC0023A4F844304FF0000825E00121CD
:102190006176216AF9B1AAEB01018B421BD8B9FB28
:1021A000F1F9A9F11E09B9F1BE0F14D894F8453020
:1021B00004EB83000133416203F0070384F84530E8
:1021C000A36C072A98BF013203F1010398BF84F87A
:1021D0004420A364D846C4F820A0002F3FF470AF79
:1021E0002046FFF70CFF94F844C0BCF1030F2DD933
:1021F00000B3282500224543203411464FF0640ED9
:1022000054F8043F984234BF1B1AC31A0EFB03F361
:10221000AB4201F1010198BF0132C9B298BFD2B2FD
:102220008C45EDD1032A11D94FF416735E43B6FBEA
:10223000F0F6B0B2388043E7142391FBF3F39D42EC
:10224000BCBF0023637628299BDD9DE70020F1E7D2
:1022500083681B68184713B50C46836801A95B683F
:10226000984730B9019B0120A0401840003818BFA2
:10227000012002B010BDF0B40C2707FB02148668E1
:1022800014F8045C45F0020504F8045CB468A44644
:10229000F0BC60471FB5CDE9011202228DF80C2079
:1022A00001A90122FFF7E7FF05B05DF804FB00F08C
:1022B00087BE0023EFF7E4BA00B589B08DF8072098
:1022C0000DF107020292059301220A9B03920693E5
:1022D000002207238DF810208DF81C3002220B46B7
:1022E00002A9FFF7C8FF09B05DF804FBF0B4066966
:1022F0008768336801248C4023EA040333603B6819
:1023000022F48012F0BC184710B54FF4004C20EABC
:10231000E074002140F2E7304FF47A720023E4FBCE
:102320000C01E8F743FABDE8104004F0E2BA30B51A
:1023300089B000210C25142203A80224ADF8061050
:1023400005F0D5FA0DF106030DEB05000593069493
:1023500004948DF81C50ECF7B5FD58B9BDF9063062
:1023600002932A4602AB21464FF4E170ECF778FD68
:1023700000B9029809B030BD41F2670398420ADC07
:1023800040F6E443984208DD0923A0F6E440B0FBA0
:10239000F3F0C0B27047642070470020704770B5FA
:1023A00086B006460D46144600211822684605F000
:1023B0009EFA69460020CDE90165ADF80C40F6F7BC
:1023C00069FD06B070BDBFF35B8F50E8003F40E889
:1023D0000012002AF9D1BFF35B8F704708B502469F
:1023E000EDF708FE20B1BDE808401046EFF7EABD62
:1023F00008BD642828BF6420EFF73EBE13B506224F
:10240000044669462820EDF717FF40B9BDF80030B3
:102410002380BDF802306380BDF80430A38002B091
:1024200010BD07B56846FFF7E9FF00283CD1BDF8AD
:1024300000304FF4FA6213FB02F3002BBCBF03F52C
:10244000FF437F33DA13BDF802304FF4FA6113FB18
:1024500001F3002BBCBF03F5FF437F33D913BDF855
:1024600004304FF4FA6013FB00F3002BBCBF03F5FC
:10247000FF437F33494302FB0212DB1303FB0323B9
:102480004FF080429A4204D8002022B903B05DF890
:1024900004FB9208F6E7811899424FEA50009CBF6E
:1024A00080185B1A9208F0E76FF00400EEE707B5BA
:1024B00001220DF107011D20EDF7BEFE01220DF1F5
:1024C00007014520EDF7B8FE03B05DF804FB00EB13
:1024D000C100408840087047F8B50346FFF7F7FF92
:1024E000B0FA80F0C0F11F0003EB800CCA00DCF8EA
:1024F0001060171D0C4606328DB256B9012101FA43
:1025000000F0D9680143D960CCF81040DD539D52EA
:10251000F8BDF1000431585AD85303EBC0009E5265
:10252000C5805D52F4E710B500EBC104E3888B422F
:1025300002F104010AD1012303FA02F2C36823EA7B
:102540000203C360002340F8213010BDA28840F888
:10255000213000EBC20100EBC300CB808280F4E7A6
:1025600008B50346FFF7B3FFB0FA80F2C2F11F02CD
:102570001846BDE80840FFF7D6BF2DE9F843B1FA89
:1025800081F3C3F11F0200EB82090646D9F81070EF
:102590000D4687B9C3F120034FF0FF349C40F36828
:1025A0001C4014D094FAA4F2B2FA82F2131D56F829
:1025B0002340214608E03C464FF0030821463046C0
:1025C000FFF785FF854205D83046FFF7ACFF204670
:1025D000BDE8F88306EBC404B8F10108E488C9F843
:1025E0001040D7D0BC42E9D1D4E738B50446FFF754
:1025F0006EFF0D46034611462046FFF768FF034471
:102600009BB204EBC5055A006A802046FFF75FFFC6
:10261000014424F8313038BD70B50446FFF757FF48
:102620000B4604EBC305511A9B1A89B203444E00B2
:102630009BB204EBC2006E805D00458024F832102E
:1026400020461146FFF743FF014424F8313070BDA6
:1026500070B509B9002070BD056801F007030B33A0
:10266000CC0804EBD304AB689C4228BF1C4621462F
:102670002846FFF782FF06460028EBD00146284691
:10268000FFF725FFA04207D932192846FFF7C4FFFC
:1026900011462846FFF720FF05EBC6021046538877
:1026A00043F0010353800430D5E71146FFF7D0BF54
:1026B000043A2DE9F843CC1D114424F0070421F01D
:1026C0000706A6EB04084FEAD807B7FA87F2C2F16B
:1026D0002405AD004FF000090735C2F12002ED08D6
:1026E00004604946A760C4F80C90920004F1100001
:1026F00005F0FDF8AAB2530043F0010363807B1B91
:102700009BB204EBC5015800A4F80090488024F85F
:102710003520A6F8029024F8083004EBC7032946B8
:102720005A8842F001025A802046BDE8F843FFF77C
:10273000D3BE2DE9F04706460D46174698462BB303
:1027400098F8004093F80190DB78A40004EB430470
:1027500098F802301C4444444FF0000ACA4509D39B
:10276000D8F8042008F1080339463046AC46BDE8E5
:10277000F047604714F8013B48F823402046EBF748
:10278000F8F8013004440AF1010AE7E76FF0150098
:10279000BDE8F08730B502460024002012F8013B66
:1027A00043B178B18C4207D1702B04D0A3F140051E
:1027B0003A2D07D8002030BDA3F140053A2D01D8AD
:1027C0000134EAE7252B08BF80F00100E6E700208E
:1027D000704700F072BB0FB407B504A951F8040BA1
:1027E000019100F06AFB03B05DF804EB04B07047A0
:1027F0000FB407B504A951F8040B0191FFF7E9FFE5
:1028000003B05DF804EB04B0704710B503690246ED
:1028100013F0080009D11368D4689C4297BF126A6C
:10282000E31AD31A01200B6010BD00231846FAE703
:1028300013B501A90446FFF7E8FF20B1019BE26848
:10284000013B13440193206A019BC01A013802B076
:1028500010BD10B5044650182269236AD20702D56C
:10286000013B184010BD984228BFC01AFAE710B5C6
:1028700004460A46C168FFF7ECFF2369E06023F0D5
:102880000803236110BD38B50D46C2698B0001688D
:1028900043F0020342F82130044601682A46FFF75C
:1028A000D8FFE36861682060984202BF236943F063
:1028B000080323612A462046FFF7CBFF606038BD3E
:1028C0002DE9F74FD0F80CB0C669009216F82B200E
:1028D00002F00302022A08BF56F82B209A4606EBA4
:1028E0008B030F4601934FF00001009B0CBFC2F316
:1028F0009D09894619600446CAF80010B9F1000F15
:1029000007D04946FFF7B3FFE368A3604FF0010823
:1029100004E001698A0705D44FF00008404603B07F
:10292000BDE8F08F816906EB8B00884716F82B1005
:1029300011F001080546EFD08B071DD51FB13946B0
:102940002046FFF7A0FF61682A462046FFF781FF77
:10295000D4E902138B42606007D12A462046FFF774
:1029600078FF4FF000080146A0602369216043F022
:102970000803E1602361D1E701462046FFF777FFB6
:10298000E168A1601FB12068E16941F82090EA196F
:10299000CAF8002021682046FFF75BFF226920600B
:1029A00042F00802226116F82B2022F0010206F8FC
:1029B0002B20DDE900321A60A8E770B50446154601
:1029C000FFF747FF2368834205D12369216023F085
:1029D0000803236170BDE269AB0043F0020342F8D3
:1029E0002130204661682A46FFF733FF6060F1E737
:1029F00038B503695B07044606D5456AFFF718FF3B
:102A000085422CBF6562606238BD38B50D4604460C
:102A10001C22002104F06BFFEB68A361AB686361CB
:102A20002B68E3616B682362002262622A6923B12A
:102A3000591E194208BF42F001022261012204F12D
:102A400028000021BDE8384003F060BD2DE9F04FBB
:102A50009846036A87B000258B4204460E4693468B
:102A600003950595AA4638D3EFF31189402383F3E4
:102A70001288BFF36F8F059A2AB129462046FFF7C7
:102A80009CFF0023059304A92046FFF7BEFE04998E
:102A9000B14207462AD32268E36913F8221021F0D5
:102AA000030103F8221003EB820A21683246204614
:102AB000FFF7CFFEE3682060984212D0002789F329
:102AC0001188BFF36F8F039929B162690AB120465B
:102AD000904700230393002FC6D1504607B0BDE8AE
:102AE000F08F236943F008032361E7E718B120461C
:102AF000FFF7C9FEE3E75BEA08031CD0019103F08E
:102B000031FE0199B8B9B9F1000F14D189F31188D8
:102B1000BFF36F8F5A46434604F12800FBF706FFC8
:102B2000EFF31189402383F31288BFF36F8FB0FA5C
:102B300080F77F09C3E705AB03AA20462568FFF7A6
:102B4000BFFE0746BBE770B50446836908460D46DD
:102B500098470246EFF31186402383F31288BFF3B0
:102B60006F8F2B7843F001032B7061682046FFF7CD
:102B700070FE60602046FFF73BFF86F31188BFF3CD
:102B80006F8F70BD2DE9F843044600274026EFF310
:102B9000118586F31288BFF36F8F2369A268190726
:102BA00002D46368934200D2236A9B1A002B42D05E
:102BB000E06910F8221011F0030300EB82093AD00B
:102BC000022B04D150F822305FEA930805D1CB07DD
:102BD00020D4A369484698478046A16842462046CB
:102BE000FFF737FE0127A06041462046FFF73FFE72
:102BF0003B4685F31188BFF36F8F002BC7D137B1E8
:102C0000B9F1000F03D104F12800FBF75BFE484641
:102C1000BDE8F88341F0020100F822104846A3699C
:102C2000D4F808809847414602462046FFF711FE37
:102C30000023A060DDE79946DBE7F8B50446836929
:102C400008460D4698470646EFF31187402383F365
:102C50001288BFF36F8F2B7823F001032B70236949
:102C60009B0705D5E268E36903EB82039D421AD115
:102C70002B7823F002032B70D4E90231994204D15E
:102C800032462046FFF7E5FDA06031462046FFF7BB
:102C9000EEFD87F31188BFF36F8F04F12800BDE8C4
:102CA000F840FBF70FBE2B6860F39F032B60F0E743
:102CB000EFF31181402383F31288BFF36F8F026912
:102CC0008368120702D442689A4200D2026AD31A79
:102CD00081F31188BFF36F8F181E18BF0120704752
:102CE000038B13F0070306D10368002B18BF0320E2
:102CF00008BF00207047022B05D1408BB0FA80F04E
:102D0000400980007047012B04D10368002B18BFD5
:102D10000520EDE70020704710B50C4600B111B951
:102D20006FF0150010BD081D00F087F80028F9D1DC
:102D3000A368032BF6D9F3E72DE9F0410D460746CA
:102D40001946281D90461E4600F088F8044638B102
:102D50003346424629463846A446BDE8F04160471E
:102D6000BDE8F08110B4EFF31182402484F312889F
:102D7000BFF36F8F416110BC0121EEF7EDB938B59B
:102D80000C46054658B151B10B6843B14B6833B19D
:102D90001C22002104F0ABFD2C61002038BD6FF037
:102DA0001500FBE7F8B504460E46FFF7B5FF051E14
:102DB0003BDBEFF31182402383F31288BFF36F8F65
:102DC000638B278B4FF6FF718B4207F007072ED0DE
:102DD000062F2FD8DFE807F0182E082E1804180049
:102DE0006FF08505002303E001336383022501238F
:102DF00082F31188BFF36F8FBBB100233A4631468F
:102E00002046FFF799FF10E000233360636823B981
:102E1000C4E9006627B13D46E4E71E606660F9E755
:102E200002212046EEF798F93D462846F8BD6FF09E
:102E30000A05D7E76FF00405D4E7034658B14268A6
:102E400002F00302012A03D0032A04D1026812B15E
:102E50000020986070476FF01500704742688160ED
:102E600002F00302032A4FF0000203460CBF006881
:102E700010465A607047704703785B075FBF03686E
:102E80004288C3F34A2303EB12105DBF173020F0D2
:102E900007008008002070470020704702F09CBCAB
:102EA0000346BFF35B8F53E8000F421C43E8002149
:102EB0000029F8D1BFF35B8F70471FB50023CDE920
:102EC0000201CDE900331A4619461846EEF758FDBF
:102ED00005B05DF804FB0120EEF704BB002070474D
:102EE0004368DA7143681960436801225A71EEF74A
:102EF000EBBA70B515460C4669B1D2E901369B1B99
:102F000099420AD813680A460146981904F0E1FC70
:102F1000AB682344AB60204670BD6FF01B00FBE73D
:102F200070B50E4615461946044618B9BDE87040FE
:102F3000EEF7D8BA33B1C2F34A231030120D184459
:102F400004F0C7FCC4E900562046BDE87040EEF727
:102F500077BC2DE9F3415F1C4FEA8708064608F16C
:102F6000170020F0070080080C461546EEF73CFBE2
:102F70000023ADF805308DF807308DF8047068B186
:102F80000346019A43F8102FA8F104012A46294468
:102F900052F8045B43F8045F8A42F9D1A20102F4BB
:102FA000E07242EA482222F07F4222F470020023BB
:102FB00022F03F02314602B0BDE8F041FFF7B0BF5A
:102FC00007B50123019201AAFFF7C3FF03B05DF823
:102FD00004FB07B5CDE9002302236A46FFF7B9FFDA
:102FE00003B05DF804FB1FB5CDE90123069B0393F5
:102FF00001AA0323FFF7ADFF05B05DF804FBF8B5A8
:1030000006460D4614461F4604B9F8BD214628461B
:103010003A46B047241A0544F6E710B5426881687D
:103020000446D2E900230068FFF7E9FF6368002245
:103030001A6010BD38B54B681A68CB689A420546CD
:103040000C4602D10846FFF7E8FF6368BFF35B8FC9
:1030500053E8002F511C43E800100028F8D1BFF3BB
:103060005B8FA3689D54002038BD0A2838B50446FC
:103070000D4602D10D20FFF7DDFF29462046FFF760
:10308000D9FF002038BD2DE9F043054689B0084638
:103090000E8891F80090D1F808800C461746EEF79C
:1030A000C1FC011EC6F38216C9F3C2091FDB4846E4
:1030B000EEF7D8FB03462146608851F8102B0296A4
:1030C000C2F34A22002A01EB0204C0F30B1008BF2E
:1030D00000210022CDE90507CDE90314CDE9002246
:1030E00041462846EEF7CAFC09B0BDE8F08300234C
:1030F000E1E7F0B587B01F4604460D46164600F0DE
:10310000D2FA022302930DF116030193BDF8303079
:10311000ADF81600009332463B462946204601F0A2
:103120004EFC07B0F0BD2DE9FF411F460D46164687
:103130000446F0F713FF8046EAF71BFCBDF8283081
:10314000009380B2CDE901803B46324629462046B5
:1031500001F035FC04B0BDE8F0810020704704F0B8
:10316000C6BB04F0B6BB01460068EEF7E3BF08B586
:10317000EFF73CF8BDE80840EFF7E0BB0A46012155
:10318000FFF71EBF00210120EEF7D4BF6FF08500CE
:10319000704761B662B680F31188BFF36F8F7047D6
:1031A00072B6002383F31188BFF36F8FBFF34F8F85
:1031B00030BF62B6BFF36F8F704772B6002383F3E0
:1031C0001188BFF36F8FBFF34F8F20BF80F311883B
:1031D000BFF36F8F62B67047202809D9B0F1004F56
:1031E00008D80138B0FA80F0C0F11F0040007047E5
:1031F000082070473E20704708B5D1E90431984750
:10320000002008BD08B5EFF7B7FD002008BD7047E6
:10321000002303824369C3607047C1698968EFF77F
:1032200017BEEFF31182402383F31288BFF36F8F31
:1032300000230B60436833B9C0E9001182F31188A1
:10324000BFF36F8F704719604160F7E710B5034611
:10325000EFF31181402282F31288BFF36F8F006871
:1032600028B15C6802681A60A04208BF5A6081F306
:103270001188BFF36F8F10BD027A0132027270475E
:10328000034618465B68002BFBD17047426810B5B7
:103290002AB10B461C465B68002BFBD16260416083
:1032A00010BD10B5044620B90B7A01330B720846E5
:1032B00010BD034618465B68002BFBD1FFF7E6FF05
:1032C0002046F5E783680B440360704703680B6092
:1032D00043684B6083688B60704783880268194439
:1032E0008180D018704730B484880568A318838023
:1032F000281930BC04F0EDBA10B5838802685C1C54
:103300008480D154D01810BD034600689A88401AB2
:1033100011441860998070470268531E03608388C7
:103320000133838002F8011C70478288521A0346D9
:1033300082800068084418607047034600689A88D5
:10334000521A01449A801960704710B503681C78BE
:103350000121FFF7EAFF204610BD10B503681C8865
:103360000221FFF7E2FF204610BD7FB514460A8810
:103370008B78ADF8002006460D2200210DF10300E8
:103380008DF8023004F0B3FA6A466946304602F01E
:10339000ADFA28B9BDF800209DF802302280A37054
:1033A00004B070BD13B50C4601AA0331FFF7DDFF71
:1033B00048B9032201A9204604F0A8FAB0FA80F027
:1033C000400902B010BD0020FBE710B50C460178A3
:1033D00022788A4288B00ED06946EFF789FE04A9A8
:1033E0002046EFF785FE10220DEB0201684604F03F
:1033F0008DFA08B010BD012A06D0022A07D072B992
:1034000040886388C01AF4E740686368FAE71022CE
:10341000611C013008B0BDE8104004F077BA6FF0CD
:103420001500E6E7042A0AD0102A0DD0022A4FF030
:10343000000315D103700B884380012070470123DE
:1034400003700B684360F8E7022300F8013B01F1C9
:10345000100351F8042B40F8042B9942F9D1ECE702
:1034600018467047012310B50621044600F8013BB9
:10347000F9F7D4FB18B9A37963F03F03A37110BD2A
:103480000B6803608B8883808B798371037823F0CA
:103490000203037070470078C0F34000704738B5EE
:1034A0000446807AEFF7AAFC6169054649B1637A60
:1034B000DB0704D4C3691B6820469B689847002338
:1034C000636121462846BDE8384003F011B82DE974
:1034D000F0410C4601F10C08054600F10C01404694
:1034E00017461E46FFF7F2FE6269E3682F829B1AB9
:1034F00013FA87F36B8201236B7239464046FFF75C
:1035000014FFE3687360628A0023E3607281638260
:1035100034602846BDE8F08138B5D1E90032DA6080
:103520000B684A895A820C4605460868EFF70EFD7B
:1035300020461022002104F0DAF92846BDE8384080
:10354000FFF7ADBF438A23B9C068B0FA80F04009E5
:10355000704700207047D0F8A43083B15A7CD1075F
:103560000DD5D2060DD51B7C102B0CBF04230323D5
:103570004372807A98428CBF00200120704702235A
:10358000F6E70323F4E70F2806D80D280BD8052803
:1035900014BF022003207047132804D01A2814BF38
:1035A00002200120704701207047FFF709BDFFF797
:1035B00010BD10B50346BFF35B8F53E8000F40EA20
:1035C000010243E80024002CF7D1BFF35B8F10BD4C
:1035D0000023EEF755B9BFF35B8F50E8003F0B4077
:1035E00040E80032002AF8D1BFF35B8F704710B576
:1035F000F1F768FD6FF4807104461030FFF7EBFFC0
:103600002046BDE8104000F019BAC368DB78012BF2
:1036100001D1FFF7ECBF7047C0F307231070000E15
:103620005370D0700023C1F30720090E93701371FB
:1036300050719371D1717047C368DB78012B01D150
:10364000FFF7D5BF704738B504460D46EFF79AFF30
:103650005F3005D129462046BDE83840EFF7C8BEA7
:1036600038BD0020704710B5028843889A4218D8A8
:10367000052A16D9B3F5486F13D88488B4F5FA7FB4
:103680000FD2C188A1F10A0292B240F6764082427E
:1036900007D804FB0333B3EB810F34BF01200020B4
:1036A00010BD0020FCE740F24130704708B5F7F745
:1036B000A3F818B1408A003818BF012008BD70B5C2
:1036C00006460D464FF0FF304FF0FF31F0F79EFAFF
:1036D000044668B103210C30FFF7FFFD06808570BA
:1036E00021460022BDE8704040F20640F0F794BC4D
:1036F0006FF0680070BDC368187808B1F0F71EBAA3
:103700001846F0F76FBD38B54FF0FF3105464FF062
:10371000FF30F0F77BFA044668B102210C30FFF766
:10372000DCFD2B88038021460022BDE8384042F2B0
:103730001600F0F771BC6FF0680038BDF8B50746A9
:103740000E464FF0FF304FF0FF311546F0F75EFAAE
:10375000044678B106210C30FFF7BFFD3B8803809B
:103760004680858021460022BDE8F84042F22200D2
:10377000F0F752BC6FF06800F8BD70B506460D4614
:103780004FF0FF304FF0FF31F0F740FA044618B920
:10379000BDE87040EFF722BE03210C30FFF79DFD1E
:1037A00006808570214642F22100BDE87040F0F7A6
:1037B000E1BB08B5072204F0A9F8B0FA80F040098F
:1037C00008BDFFF7FDBB0B6803608B8883808B7996
:1037D00083717047BFF35B8F0068BFF35B8F7047E7
:1037E000F8B50F46144638BB4FF0FF304FF0FF31AD
:1037F000F0F70CFA054610B327210C30FFF76DFDEA
:103800003946FFF7E0FF06462246C31D04F11001CA
:1038100052F8040B43F8040B8A42F9D1102200211C
:1038200006F1170004F063F829460022BDE8F840CD
:1038300042F22700F0F7F0BB6FF01500F8BD6FF013
:103840006800FBE7037A5B07024605D501462E3286
:1038500011F8010BFFF7C4BF704738B54FF0FF31C7
:1038600005464FF0FF30F0F7D1F9044658B129462C
:103870000C30FFF741FD21460022BDE8384042F2FE
:103880002D00F0F7C9BB6FF0680038BD10B400F12F
:103890001003BFF35B8F53E8002F22F4005143E87D
:1038A0000014002CF7D1BFF35B8F930403D510BC39
:1038B000012100F0C1B810BC704770B5044686B055
:1038C0000E4601300131FFF774FF2E34162200211D
:1038D0000546684604F00BF810226946204604F0BD
:1038E00015F840B1102206F12E01204604F00EF822
:1038F000B0FA80F04009284300F0010006B070BD26
:1039000038B54B6805460C4673B90B7A13B9037A80
:103910005B0709D520682A7803789A4204D02946A3
:10392000FFF7CBFF00B1656038BD00F1100208B5AC
:1039300003461046FFF74EFFC10511D5BFF35B8F5D
:1039400052E8000F40F4005042E800010029F7D18E
:10395000BFF35B8F18460021BDE8084000F06CB84B
:1039600008BD10B50C4630B919B1F6F707FF00B124
:10397000441C204610BD0024FBE718B111B10846D5
:10398000F0F788BF6FF01500704713B5044680B19B
:1039900006216846F9F742F948B99DF805306946AD
:1039A00003F03F0320468DF80530FFF7E6FF02B035
:1039B00010BD6FF01500FAE7003818BF01207047FE
:1039C000037AD90704D523F001030372F1F7F4B8A1
:1039D000990704D523F002030372F1F707B9704782
:1039E000BFF35B8F0068BFF35B8F704770B506460F
:1039F00086B00D464FF0FF304FF0FF31F0F706F97B
:103A00000446B0B10C3095B10121FFF775FC06F109
:103A1000100203A9204600950823F0F7E5F80022DC
:103A2000214642F20A00F0F7F7FA06B070BD2946C7
:103A3000EBE76FF06800F8E7FFF7D8BF183002F047
:103A400046BE01F12003013813F8012D00F8012FC3
:103A50008B42F9D1704700230B60436813B9C0E96A
:103A600000117047196041607047D0F8B400003809
:103A700018BF01207047084689691160C2691A6041
:103A8000C27A0021183003F032BFFFF7A2BA10B596
:103A90000346BFF35B8F53E8000F40EA010243E89F
:103AA0000024002CF7D1BFF35B8F10BD437B072BA5
:103AB00001D1F1F791BF70472438F2F70DB80368D0
:103AC00000220BB9184670478B4210D10B6842B9DF
:103AD00042680360914200D1436000230B600120E3
:103AE000704713604368994208BF4260F5E71A4681
:103AF0001B68E6E710B50446006918B1EFF726FA2F
:103B00000023236110BD10B500F1C802BFF35B8F25
:103B1000D0F8C830BFF35B8F7BB1BFF35B8F591C0C
:103B200052E8004F9C4204D142E8001CBCF1000F57
:103B3000F6D1BFF35B8FE7D110BD1846FCE710B597
:103B4000437B023B0446062B16D8DFE803F009044A
:103B50001515150B0900017300212046F2F716F91F
:103B6000002010BD0088FFF7AAFD0028F9D1637B73
:103B7000072BF5D10821F0E76FF07F00F1E710B5D2
:103B80000446D0F8A40028B9207A04F17001F6F7B1
:103B900033FE38B1E278438A2AB903F021000038B5
:103BA00018BF012010BD03F02400F8E738B5837872
:103BB000012B044627D1437B072B27D10B0601F0AD
:103BC0007F050CD54FF400410430FFF760FFA5726C
:103BD0002046F6F79BF808B1637AA37238BD437AA2
:103BE000AB4216D2837AAB4213D2BFF35B8F031D75
:103BF00053E8001F21F4004143E80012002AF7D1E6
:103C0000BFF35B8FE3E76FF01500E7E76FF07F002E
:103C1000E4E70020E2E78378012B0CBF407A002024
:103C2000704738B5037A8B420446154615D100F12A
:103C300070010722284603F069FE80B1E37807226D
:103C400043B904F17E01284603F060FEB0FA80F02B
:103C5000400938BD04F17701F5E70020F9E70120BC
:103C6000F7E78378012B0CBF703000207047F8B560
:103C700007460D464FF0FF304FF0FF31EFF7C6FF1C
:103C80000646D0B10E210C30FFF727FB0E2204466A
:103C9000002103F02CFE3B8823802B8863806B88F7
:103CA000A380AB88E380EB88238131460022BDE806
:103CB000F84042F21300F0F7AFB96FF06800F8BDBA
:103CC000704710B50446FBF7ADFA234653F8402B76
:103CD000D2F8B41061B92164D2F8B81061B9C2E960
:103CE0002D33FBF7B3FA2068BDE81040F2F72AB88D
:103CF0008B42F6D00968EDE70B60C2F8B830F0E708
:103D000003682BB141681A6802608B4208BF4260A9
:103D1000704770472DE9F843446B2CB154F80859AB
:103D200005B1083D00270CB9BDE8F883D4E9006867
:103D30002EB3FBF777FAD6F8B43004F14001002235
:103D400063B1994233D1236C4ABBD6F8B820C6F888
:103D5000B430914201D1C6F8B8302764FBF776FA47
:103D600004F13009002200234846FAF779FD06469F
:103D700000BBD8F804300BB1204698472760E368B1
:103D80000BB120469847D8F820300BB12046984711
:103D9000DDB1AB6803B1083B2C461D46C3E7136099
:103DA000D6F8B830994208BFC6F8B820D5E71A4609
:103DB0001B68C5E7B36923B1F16920686FF06D0234
:103DC00098473046EFF7C2F8CCE72B46E4E738B522
:103DD000406B0D4620B150F8084904B1083C00B9C9
:103DE00038BD43689B680BB1294698472CB1A3683E
:103DF00003B1083B20461C46F1E72346FAE7F8B535
:103E00000F4600210546164600234FF4803208462F
:103E1000F2F79CFD044620B92846F2F763FD2046E0
:103E2000F8BD04210C30FFF758FA05704770468042
:103E3000F5E7406B30B1838B8B42A0F1080001D0D5
:103E40008068F7E7704710B54AB989B2FFF7F1FF0C
:103E500028B143689B6913B1BDE81040184710BDF5
:103E600038B50D460521FFF7E4FF00231A46294621
:103E7000F2F786FD044610B12846EFF767F82046B2
:103E800038BD406B30B183898B42A0F1080001D06E
:103E90008068F7E7704770470346006828B15968A3
:103EA00002681A60884208BF5A60704703460020C3
:103EB00003B970471A8A5B681044F9E710B5D468F3
:103EC0002378023113B92170012010BD8B42FBD041
:103ED000038A023B038200201061F6E7FFF770B807
:103EE0002DE9F04104468868FFF7E0FF638D628B9F
:103EF000934228BF134683420D461DD32165D1F856
:103F0000088000278F60FBF78DF941462046F2F7C5
:103F100033FF064638B1C5F808802765FBF796F9E8
:103F20003046BDE8F081618D638B994228BF194608
:103F3000284600F089FEF1E76FF07906F0E773B5E7
:103F40001446014605464FF49572206800F0C5FD01
:103F5000207530B92068294600F079FE20B9082381
:103F60002375002002B070BD237AB3B1A3F118020B
:103F7000534253419B000193638A0093AE68238AA6
:103F8000E26820682946B047002808DB238A984267
:103F90000CD1002323750120E4E70223EBE710F1A5
:103FA000FF0F03D34042C0B22075DAE70E20FBE7D3
:103FB00038B504460D46F2F7DFFE30B1294604F16C
:103FC0005400BDE8384002F088BA38BDF8B59368AF
:103FD000166805460F46144663B9506801210C3037
:103FE000FFF77BF9A0602B681B78002B14BF02231E
:103FF00001230370A3681B78012B03D0022B1FD071
:1040000000201CE02B681B78002BF9D1606804218C
:104010000C30FFF762F9E06007802A68E368528895
:104020005A806168728D738B088A9A4294BFC0EB84
:104030000200C0EB0300042894BF00200120F8BD5B
:104040002B681B78022BDBD1606812210C30FFF744
:1040500044F9E06007802B68E268591C0232113392
:1040600051F8040B42F8040B9942F9D16168728D42
:10407000738B088A9A4294BFC0EB0200C0EB030026
:104080001228D9E770B40668726A5AB3144654F815
:10409000983903B1983B002211467CB9438D408B7F
:1040A0008B4201D890421FD9824238BF02469942C2
:1040B000306838BF194670BCF5F714B8844207D091
:1040C000658D648BA94238BF2946A24238BF22467B
:1040D00033B1D3F8985005B1983D1C462B46DCE728
:1040E0001D46FAE71146D9E770BC7047D0680378DF
:1040F000043113B90170012070478B42FBD09168E5
:104100000B8A0020043B0B82106170471FB5CDE97C
:104110000123002300931A46F4F744FB05B05DF831
:1041200004FB0368002203B970478B420FD10B6870
:104130003AB942680360914200D1436000230B60AA
:10414000704713604368994208BF4260F6E71A4619
:104150001B68E8E7BFF35B8F50E8003F43F00802BD
:1041600040E800210029F7D1BFF35B8FC3F3C00003
:1041700070472DE9F041064690461F460D46B9B1FD
:1041800004220121F2F7C8FE044618B9BDE8F04147
:10419000F2F798BE04210C30FFF79FF80570A0F8E5
:1041A0000180C77021463046BDE8F041FFF700BFEF
:1041B000BDE8F08130B50C4685B0054601F10C0034
:1041C000FFF7CBF8228A0292E268019200220346AE
:1041D000009211462846F2F7F7FE05B030BD30B523
:1041E0000C4685B0054601F10C00FFF7B6F8228AAF
:1041F0000292E268019200220346009212211322E9
:104200002846F2F7E1FE05B030BD70B504460E4613
:10421000002200230846FAF723FB054658B1014661
:104220002046F2F7A9FD044618B12946304602F0AF
:104230005FF9204670BD6FF00104FAE707B5CA6860
:104240001388528800920C210D22F3F7B3F903B0C2
:104250005DF804FB07B5CB6800221B8800920A2199
:104260000B22F3F7A7F903B05DF804FBF8B5CB68B0
:104270001F88BBB2162B054619D90321F2F7B4FFEC
:104280000646B0B102210C30FFF727F800246FF08A
:1042900008030370447031462846FFF789FEF72370
:1042A00028466B836F85FFF7EDFE2046F8BD04209E
:1042B000FCE70E20FAE72DE9F04F064685B01046E0
:1042C00090469946FFF7F2FD738B728D934228BF9B
:1042D000134683428B4675D9736803934046FEF7B5
:1042E000CFFF4FF0000A04464046FFF7DFFDE168CC
:1042F000228A658A6369778BCB1AAD1AED1A738DA2
:104300009F4294BFC0EB0700C0EB0300854228BF6B
:10431000054625BB98F80A00EEF770FD0022002341
:10432000FEF77BFF044608B9574627E001464046A2
:10433000FEF7B7FF4046FFF7B9FDE168228A658ABC
:104340006369778DCB1AAD1AED1A738B9F4294BFB8
:10435000C0EB0700C0EB0300854228BF0546CDF83F
:104360000090DBF8047003980A44ABB25946B84792
:10437000071E07DABAF1000F18BF5746384605B0D6
:10438000BDE8F08F0E9BABB9394604F10C00FEF787
:10439000A4FF4046FFF78AFD738D728B934228BFBE
:1043A0001346B9448342BA441FFA89F9BCD9AF42D3
:1043B0009AD0B9E70F9A0E9B3946204698470028B5
:1043C000E2D1B1E70027D9E72DE9F3411768D7F823
:1043D0000480002314461373014606469522404686
:1043E00000F07BFB0546207330B93146404600F0B3
:1043F0002CFC28B908232373002002B0BDE8F0810B
:10440000A068798D7A8B038A914294BFC3EB010334
:10441000C3EB0203012BEFDD02210C30FEF75DFF41
:10442000CDE900558046A388A26831463846FFF79B
:1044300042FF031E06DA13F1FF0F26BF5B42DBB219
:104440000E23D8E7A8F800300120D6E72DE9F34184
:104450001768D7F8048000231446137301460646F4
:104460009522404600F039FB0546207330B93146AD
:10447000404600F0EAFB28B908232373002002B06D
:10448000BDE8F081CDE900553146A388A2683846E1
:10449000FFF711FF002807DA10F1FF0F26BF404297
:1044A000C0B20E202073E9E70120E8E7F8B5054621
:1044B000071F00F1480350F8044CBFF35B8F53E82B
:1044C000001F21F0040143E80012002AF7D1BFF3D6
:1044D0005B8FFCB1EB6C83B9636873B1201DFFF790
:1044E000DBFC064601463846FFF7FAFC90B16368EC
:1044F0003360A368666003B9A66005F150013846D1
:10450000FFF783FE30B104F10C013846BDE8F840F6
:10451000FFF77BBEF8BD2DE9F041446A074644B180
:1045200054F8986906B1983E0022154607F1040830
:104530000CB9BDE8F081236D9BB905B98AB9404635
:10454000FFF7AAFC054658B101462046FFF7C8FC14
:104550000028EED07B682B60BB687D6003B9BD602E
:10456000224636B1D6F8983003B1983B34461E4601
:10457000DEE73346FAE738B50546BFF35B8F0B68D5
:10458000BFF35B8FDB0716D550F8040C98B1EB6CCA
:104590008BB90430FFF780FC044660B10146281F48
:1045A000FFF79EFC38B155F8043C5A6822609A68BF
:1045B0005C6002B99C6038BDF4F788B808B5F3F7C1
:1045C000CFFB40B1406A30B1024652F8983903B18E
:1045D000983B002002B908BD518B528D8A4228BFFA
:1045E0000A46904238BF104633B1D3F8981001B153
:1045F00098391A460B46EDE71946FAE708B5002345
:104600000A8AC968F3F714FD002008BD70B50D468D
:10461000F3F7A6FB044628B92846EEF797FC6FF09F
:104620007F0070BD00F10C062946304601F055FFB1
:10463000646AC4B154F8985905B1983D00221046F7
:1046400007E022467DB1D5F8983003B1983B2C465F
:104650001D46831C01D1002AF4D131462046FFF7C4
:10466000D4FD0028EDD10020DBE738B505460C4627
:10467000FAF7D8FD2846F3F773FB20B9FAF7E6FD01
:104680006FF07F0038BD0023236083683BB9C0E929
:104690000144FFF740FFFAF7D9FD0020F2E71C6064
:1046A0008460F6E70120704708B5F3F759FB98B12D
:1046B000436A8BB1BFF35B8F983B03F14C0252E826
:1046C000000F20F0080042E800010029F7D1BFF3F5
:1046D0005B8FD3F89830ECE708BD08B50421FFF7ED
:1046E000D0FB30B1BFF35B8F806CBFF35B8FC0F347
:1046F000C00008BD10600020704710B5029CA36880
:1047000033B1B1F5807F28BF0E21CAB22146984748
:10471000A37DE268013BDBB2A37522B11BB9204641
:10472000BDE81040104710BD106091800020704718
:10473000F0B507683D7889B006461446E5B97B8830
:10474000B3F5245F04D011D8A3F52053032B13D85D
:10475000ADF80A1002220DF10A012046F3F7AEFD72
:1047600070B16FF01503C4F85C3106E003F55643F1
:10477000FF339BB2042B20D90125284609B0F0BD98
:104780007B88ADF80A3002220DF10A012046F3F7CA
:1047900095FD0028E5D1009003AA776813233146E0
:1047A000B847021E02DAC4F85C21E6E703A92046F6
:1047B000F3F784FD0028DFD0D3E7ADF80A1002221A
:1047C0000DF10A012046F3F779FD0028C9D17B8855
:1047D000ADF80A3002220DF10A01E8E708B5072218
:1047E00003F094F8B0FA80F0400908BD10B5034614
:1047F000BFF35B8F53E8000F40EA010243E8002457
:10480000002CF7D1BFF35B8F10BD0B6803608B8862
:1048100083808B798371704770B50D46064611F819
:10482000010BF1F7AFFE044610B12C89F1F75EFAE7
:10483000A87A05F10B01F1F7A5FE28B16B8A9C421D
:1048400038BF1C46F1F752FAAB8AA34207D0AB69D6
:10485000AC8223B121463046BDE87040184770BD98
:1048600038B5BDF81040A24215460CD84CB16BB11A
:10487000A41A8C42A8BF0C46A4B22246591903F0D0
:1048800028F8204638BD6FF00604FAE76FF00D04F3
:10489000F7E730B585B0C96814461D46F3F774FDD7
:1048A00000B10089ADF80E0002230093BDF820206E
:1048B0000DF10E0329462046FFF7D2FF05B030BDAB
:1048C0001FB50C461946E3681C781046BDF8182041
:1048D0003CB110240133069404B0BDE81040FFF74A
:1048E000BFBF5B88ADF80E30022300930DF10E03BD
:1048F000FFF7B6FF04B010BD30B585B01D460023EC
:1049000014468DF80C30F3F7EBFC10B1037A8DF8F8
:104910000C3001230093BDF8202003AB294620462C
:10492000FFF79EFF05B030BD08B5F3F70BFD18B1DA
:10493000002303604360836008BD70B500F170061A
:1049400005463146007AFEF7B1FE04463146287A24
:104950001CB1BDE87040FFF7E7BFF3F7F3FC10B1FF
:1049600004604460846070BD022A10B508D1002341
:1049700000F170011A46007AF3F740FD022010BDE5
:10498000FFF7DBFFFAE701210C30FFF72FBF38B547
:1049900004461546FFF786FE40B12046F3F7A0FC1B
:1049A00020B1037ADB0701D5FFF7EDFF35B9207A97
:1049B00004F17001F3F7C6FC00B1856038BD38B56D
:1049C000BDF81010BDF81840059DA14210460CD846
:1049D0004CB16DB1641A9C42A8BF1C46A4B22246D9
:1049E000294402F076FF204638BD6FF00604FAE74E
:1049F0006FF00D04F7E713B5044610B9002002B0BC
:104A000010BD00238DF80430006842F6030301A9AD
:104A1000ADF80630FEF7D9FC0028EFD1E36898889E
:104A20000028ECD12046F3F78DFE013080B2E6E796
:104A300070B5CC6888B008461E46A3798DF80C3056
:104A40001546FFF7D8FFADF80D00246823786BB941
:104A50006388ADF80F3005230093BDF8302003AB19
:104A600031462846FFF7FCFE08B070BD631C0DF10F
:104A70000F02113453F8041B42F8041BA342F9D16E
:104A80001323E9E71FB5CDE90123002300931A465C
:104A9000F3F788FE05B05DF804FB1FB50C46194618
:104AA000E36810461A788DF8082093F901208DF8F4
:104AB00009205A88ADF80A201A79DB88ADF80D3044
:104AC00007238DF80C200093BDF8182002ABFFF7E8
:104AD000C7FE04B010BDFFF771BD38B54C8AD307CF
:104AE0000546C4F30E0404D514F0950F2AD04B6884
:104AF00043B3900704D514F4957F25D08B681BB37E
:104B0000144014F4DE7F0DD0EB7A2BB92846FFF762
:104B100036F8D8B9052038BD14F0300F04D114F49C
:104B2000C07F07D10020F6E72846FFF774F8022877
:104B3000F5D8EFE7D5F8A430002BEBD05B7CDB0693
:104B4000E8D5EFE70220E6E70320E4E70F20E2E7FD
:104B5000F8B514460F46942261680646FFF7BDFF7C
:104B600020BB616801223046F3F740FF08B3A289F9
:104B70001B2102323046F3F7EDF90546E0B1A18979
:104B80000C300231FEF7A9FB20F8027BA289A16854
:104B900002F09FFED4E9041228460123F3F77CFBC0
:104BA00029463046BDE8F840FFF730BD4FF0FF30F2
:104BB000F8BD6FF01500FBE76FF00B00F8E72DE98B
:104BC000F04105460F46F3F78BFB044608B3037A22
:104BD000DA071ED500F10C08BFF35B8FC668BFF380
:104BE0005B8F16F0010614D1A7B1BFF35B8F58E8B5
:104BF000003F23F0020248E800210029F7D1BFF36B
:104C00005B8F9B07284608D5FFF74EFD2046FFF730
:104C1000BAFE01263046BDE8F081FFF743FD0028CB
:104C2000F8D02846FFF759FD0028F3D0BFF35B8F7B
:104C300058E8003F23F0020348E80032002AF7D189
:104C4000BFF35B8F2846DFE77047012070470120E4
:104C5000704713B5C068144668B100238DF804305E
:104C600001A94FF4C053ADF80630FEF7AEFB10B902
:104C7000236801332360012002B010BD0720704774
:104C8000FEF79EB9BFF35B8F0068BFF35B8F0841EF
:104C900000F00100704738B50A46034609B9012003
:104CA00038BD488A10F0240FF9D0197D5D7B147C43
:104CB000A94228BF29468C4201D90020F0E780068E
:104CC00007D4517CC9070BD4187A003818BF0120CB
:104CD000E6E70521181DFFF7D5FF0028F1D1ECE725
:104CE000197A0029E9D00521181DFFF7CBFF18B963
:104CF000197A01390129E0D9527CD207CFD4E3E7F0
:104D000001238B40DB43BFF35B8F50E8002F1A4039
:104D100040E800210029F8D1BFF35B8F7047FEF710
:104D200058B910B50621FFF7ACF8044618B9F4F7E6
:104D3000A1FA204610BDA0F1EC04FAE74FF470226E
:104D4000002300F59C70FAF72DB807207047012367
:104D50008B40BFF35B8F50E8002F1A4340E80021DF
:104D60000029F8D1BFF35B8F704708B50E21FFF71C
:104D7000EEFF002008BD70B5051D0E462846042133
:104D8000FFF780FF68B10022002100230846F1F7F9
:104D9000DDFD044640B904212846FFF7D8FF204630
:104DA00070BD4FF47022EFE701210C30FEF795FA49
:104DB0000670F4E738B504210446FFF7DCFF05462A
:104DC00098B110210C30FEF788FA04F1270304F1A2
:104DD000370253F8041B40F8041B9342F9D12046D4
:104DE0002946F4F75DFA002038BD0820FCE770B5CD
:104DF000D0F8EC30DB78012B044619D1CD68061DC4
:104E000010213046FFF77CFF2B4604F1B70205F175
:104E1000100153F8040B42F8040B8B42F9D107211F
:104E20003046FFF72FFF28B109213046FFF78FFFEB
:104E3000002070BD0A213046FFF724FF0028F3D17F
:104E40002046BDE87040F4F741BB072070470720BB
:104E500070470720704730B5012303FA01F1CA43B8
:104E6000BFF35B8F50E8003F03EA020440E80045CF
:104E7000002DF7D1BFF35B8F01EA0300003818BFA4
:104E8000012030BD38B50446031D0025BFF35B8FFC
:104E900053E8002F43E800510029F9D1BFF35B8F9D
:104EA00004F59C7001F013FC2572BFF35B8F54E88E
:104EB000003F44E80052002AF9D1BFF35B8F20463F
:104EC0000121BDE83840FFF742BF70B500F1700620
:104ED00005460C4607220968304602F017FDB8B9AE
:104EE00063681A682A679A88A5F874209B7985F800
:104EF0007630D5F8A4305BB1A268934208D06268DE
:104F00001168C3F801109188A3F805109279DA713D
:104F100070BD2DE9F84FDDF82C80BDF828900446CF
:104F200092461F46FFF7FDFE054600285CD0061D91
:104F3000B9F1000F27D15AEA070324D103213046E3
:104F4000FFF7A0FEF8B101213046FFF79BFED0B17C
:104F50002C7D6B7B9C4228BF1C46224605F14701F5
:104F6000404602F0B6FC0F2C06D8C4F110024946A8
:104F700008EB040002F0BBFC30460121FFF7E7FE1E
:104F80000120BDE8F88FD4F8A43083B904F1700B88
:104F9000217A5A462020F5F7D7FBC4F8A40030B98F
:104FA000217A5A460120F5F7CFFBC4F8A400B9F1E5
:104FB000000F0CD15AEA070709D1D4F8A41031B177
:104FC0004B8A9B0603D50C7C1E312246C8E70F2175
:104FD0003046FFF757FE20B1022206212046F1F7A6
:104FE0007DFA2846FFF74EFF0020CAE76FF08500E4
:104FF000704770B504460820F4F7ECF80546E0B1B8
:10500000061D08213046FFF77BFEBCB30721FFF7E2
:1050100077FE234605F1970204F1200153F8040BB3
:1050200042F8040B8B42F9D10A213046FFF72AFEE1
:1050300070B109213046FFF78AFE0720F4F7CAF85D
:105040000446E8B1F4F74AF9D0B10821204612E04D
:1050500010213046FFF716FE09210028EAD130461C
:10506000FFF710FE0028E8D02846F4F72FFA014693
:105070000028E2D02846F4F797FFDEE70B21F9E796
:1050800070BD70B50446A0F1EC0650F84C3BE83C0E
:10509000D3F8A45001F01BFB03212046FFF7F2FDDB
:1050A000A0B108213046F4F7F3FE3DB16B8A13B18D
:1050B0006B7C9B0702D5284600F029F830464FF458
:1050C000B872BDE87040002102F011BC01212046F9
:1050D000FFF7D8FD0028E4D10F212046FFF7D2FDCD
:1050E0000028DED1E1E770B504460D461646F5F717
:1050F0002BFB38B931462846F5F7E4FA10B1438A5C
:105100001C43448270BD438A19434182704710B5E5
:10511000037A5B07044601D5EFF768FD2046442279
:10512000BDE81040002102F0E2BB531E19440244C6
:1051300011F8013900F8013B9042F9D1704710B5E0
:10514000431E00F11002073013F8011F12F8014D41
:105150001C7083421170F7D110BDF0B597B01446A2
:105160000E462022014605A81D461C9FFFF7DDFFC5
:10517000202231460DA8FFF7D8FF2146102201A8B2
:105180008DF85450FFF7D1FF3B46412205A901A8F5
:10519000F5F7DAFB044610B93846FFF7D0FF204692
:1051A00017B0F0BD2DE9F04397B00446164605A8A8
:1051B00010221D46DDE91F98219FFFF7B6FF102240
:1051C000314609A8FFF7B1FF102229460DA8FFF7C5
:1051D000ACFF1E99032211A8FFF7A7FF4946D9F893
:1051E000010011F8013B8DF8473012908B88ADF823
:1051F0004C30062212A8FFF798FF4146062211F80C
:10520000013B8DF84E30D8F80130CDF84F300DF11C
:105210004F008B88ADF85330FFF787FF21461022EF
:1052200001A8FFF782FF3B46412205A901A8F5F737
:105230008BFB044610B93846FFF781FF204617B0B4
:10524000BDE8F083F9F73EBB0369C9B20C2202FB4B
:105250000133186C00F00700704770B50346C9B2FF
:105260000069EFF31186402484F31288BFF36F8F37
:105270000C2505FB0104246C14F0C00401D0A242EB
:1052800011D105FB010001220264002086F3118880
:10529000BFF36F8F30B95B680C2202FB01335B6890
:1052A0009847002070BD4FF0FF30EFE78022FFF7F6
:1052B000D4BFF8B5069F04690546C9B2EFF3118C57
:1052C000402080F31288BFF36F8F0C2606FB014647
:1052D000306C00F0070EBEF1010F10D137640026CC
:1052E0008CF31188BFF36F8F3EB90C2041430C44FF
:1052F000C4E90E236B685B5898473046F8BD00F050
:10530000C00087420CBF6FF077064FF0FF36E7E72B
:1053100013B580240094FFF7CCFF02B010BD10B489
:105320000069CBB21C2404FB0300002110BC104711
:105330001046F9F7C7BA00F026BBF7F763BD4FF484
:10534000AF60704743685B68D3F810350B6000208E
:10535000704743685B6802EA010021EA0201C3F872
:105360000805C3F80C150020704743685B680020EF
:10537000C3F80815704743685B680020C3F80C1534
:10538000704743685B68D3F8042521EA02001140A6
:10539000C3F80805C3F80C150020704730B5036941
:1053A000586800B30024884219D108688CB99C68F9
:1053B0005860A14200D19860002008602AB15A6864
:1053C0000A609A68596002B9996000200FE0284687
:1053D000E9E720609868814208BF9C60ECE70568B7
:1053E0000446002DF3D1002AE9D16FF0150030BD3D
:1053F000F7F72EBE02780B69012A07D0022A08D0DF
:1054000052B9DA6403F13C00F9F75CBA6FF00D02AF
:10541000F7E76FF00A02F4E76FF00402F1E738B53E
:10542000044605690122114605F12C0001F06EF8D1
:10543000012205F13C00002101F068F82046BDE89A
:105440003840F6F7D7BB00692C30F9F76FBA00691E
:105450002C30F9F737BA13B501AA044600F02DF83D
:10546000002805DB019B226819791868F6F7F8FB1C
:1054700002B010BD70B54568A86A0368D3F8084546
:10548000D3F80C65F8F7B2FB31462046F8F7E6FD95
:1054900000210446E869FFF7DEFFA86A00F05AFE23
:1054A000204670BD10B544680021E069FFF7D3FFC6
:1054B000A06ABDE8104000F04DBE30B543681360EF
:1054C000057A446804EBC504A34202D36FF00100DF
:1054D00030BD5C798C4203F10803F0D10020F7E77E
:1054E00010B50469204600F069FF0023636110BD18
:1054F0002DE9F041D0F80880D8F800400646F4B114
:10550000476897F8264014F001041FD105694FF051
:10551000FF334FF0FF322846F9F7E0F86B690133AB
:10552000012B6B6108D1D8F8003030469847041E33
:1055300008DA6B69013B6B612846F9F741F92046AF
:10554000BDE8F081F869F6F7EDFBF5E70024F6E732
:10555000F8B587687C6806469CB1436893F82630A6
:10556000DB071DD405694FF0FF334FF0FF322846AB
:10557000F9F7B4F86B69002B05DC00242846F9F72D
:105580001FF92046F8BD013B6B61002BF5D17B680C
:1055900030469847041EBEBF6B6901336B61EDE76F
:1055A0000024EEE7F0B4D0E901631B693BB17768F2
:1055B0008F4208DB3568954205DCF0BC18476FF078
:1055C0005700F0BC70476FF01500FAE7F0B4D0E96F
:1055D00001631B6A3BB137698F4208DBF56895426E
:1055E00005DCF0BC18476FF05700F0BC70476FF057
:1055F0001500FAE770B4D0E90162956A03460C46DB
:10560000A5B196F8242012B92B4670BC1847306A11
:10561000024410F8011BA14202D121461846F3E7CB
:105620009042F6D16FF0850070BC70476FF0570064
:10563000FAE72DE9F341D0E901470E4694F8251029
:105640000569FF2980460FD194F8261001F00C015E
:10565000082914D0D8F808301B6B003918BF012175
:105660004BB96FF0570003E0FFF7C4FF0028EBDAF7
:1056700002B0BDE8F081404698470028F8DBA268F8
:10568000B2F1004F05D011464046FFF78BFF0028CE
:10569000EEDB6269B2F1004F05D011464046FFF7DC
:1056A00095FF0028E4DB2368B3F1004F14D0D8F84D
:1056B00008305B69002BD4D001A9404698470028E8
:1056C000D6DB2268019B9A421CDD11464046FFF75B
:1056D00069FF002805DACBE762686FF000439A4261
:1056E000E5D19EB994F826309B0716D03B6840461A
:1056F00098470028BCDBA069F6F714FB6B690133FF
:105700006B610AE062689342EBDDDEE76B690133AF
:105710006B6194F82630DA0601D40020A8E74046F1
:10572000FFF716FFA4E7012303FA01F103691B68E1
:10573000194218BF82F0010212B18368DB68184772
:1057400083681B69FBE708B54368986A38B193F82A
:105750002C100122FFF7E7FF00EAE07008BD6FF0B0
:105760008500FBE743681B68B3F1004F14BF0020BE
:105770006FF00100B0FA80F0400970470346084618
:1057800031B95B681B68B3F1004F01D013607047FB
:105790006FF01500704743681B68B3F1004F1ABFE4
:1057A00000200B606FF0010070474368986A20B1D9
:1057B00093F82C100022FFF7B6BF6FF085007047FA
:1057C00000F150039B009BB203F1804303F5883343
:1057D00000221A601B68704708B5F6F7A1FB08BDE8
:1057E00010B54FF0FF304FF0FF31F6F735FD0446AE
:1057F00028B9DBF7CDFC044618B1F6F735FD204695
:1058000010BDF6F731FD2046EDF7D8FCF7E738B5C7
:105810000B8A0D463BB101F10C00FDF796FD012806
:1058200018D0022803D06FF01504204638BD4FF081
:10583000FF304FF0FF31F6F70FFD04460028F4D19A
:10584000E868E5F72BF90446F6F70EFDACB1F6F77C
:1058500011FDEAE74FF0FF304FF0FF31F6F7FCFCA7
:1058600004460028E1D1E868F6F7ECFE0446F6F7B6
:10587000FBFC002CD9D1F6F7FDFC2846EDF766FBC2
:105880000024D2E7F6F748BE10B5322204460021C4
:1058900002F02DF8202323708023A3706FF03F03C4
:1058A00063710423A3722823A3730223E3730423E5
:1058B000A3756FF0480363760323A3766FF01F038D
:1058C000E3760E232377302384F82030402384F8B6
:1058D0002130792384F822307E2384F823308023FA
:1058E00084F82630042384F8273010BD08B503233C
:1058F000E4F774FC002008BD08B5F7F7A5F900200F
:1059000008BD08B5FAF7B4FF48B1002383F3118846
:10591000BFF36F8F0423184602DF6FF0040008BD49
:1059200008B54FF0FF314FF0FF30F6F795FCE8F780
:1059300002F8BDE80840F6F797BC684620F007017A
:105940008D4601B5E3F728FCBDE801408546704768
:10595000684620F007018D4601B5E3F711FCBDE86C
:10596000014085467047684620F007018D4601B525
:10597000E4F7F4F9BDE801408546704708B5E7F75C
:1059800002FF002008BD7047012802D10020E2F785
:1059900093BA70477047E2F78DB803460020184766
:1059A00000F04DBC10B502461168B1B1BFF35B8F7A
:1059B000B1FA81F3C3F11F000123834021EA0303FD
:1059C00052E8004F8C4204D142E8003CBCF1000F89
:1059D000F6D1BFF35B8FE7D110BD6FF00B00FBE793
:1059E00010B50368CB40DB0714D401238B40026859
:1059F000BFF35B8F43EA020150E8004F944204D1A9
:105A000040E8001CBCF1000FF6D1BFF35B8FEED174
:105A1000002010BD6FF01500FBE7F7B5019001A85D
:105A2000DDE9084716461D46F7F77AFA019BB6F1FD
:105A3000000C18BF4FF0010C00EB83000B1E18BFC9
:105A40000123002D43EA4C030CBF4FF0000C4FF034
:105A50000C0C002C43EA0C030CBF4FF0000C4FF46D
:105A6000E06C002F43EA0C03D0F800270CBF4FF086
:105A7000000C4FF4403C43EA0C0322EA030301B15B
:105A800009780EB13678760019430DB12D78AD0046
:105A900031430CB12478240229430FB13F783F04ED
:105AA0000C433C43C0F8004703B0F0BD1FB50DF1F7
:105AB0000F03019300238DF80F1000931A46194627
:105AC000FFF7ABFF05B05DF804FB10B504460846D0
:105AD000F7F736FA04EB4004207DC0F3401010BD08
:105AE00010B504460846F7F72BFA04EB4004207D76
:105AF000C0F3400010BD10B504460846F7F720FA81
:105B000004EB4004A08A400B10BD70B50446084663
:105B10001646F7F715FA08300D4634F81030DA0556
:105B200009D5C3F3432304EBC302314654F83330A1
:105B3000526828469847A3682BB1E2683146284648
:105B4000BDE87040184770BD10B504460846F7F729
:105B5000F7F904EB4000838ADA051DD5C3F343212E
:105B600023F4F853838204F1120204F1660032F840
:105B7000023F13F4807F03D0C3F3432399420BD039
:105B80008242F4D104EBC10300225A6004F16C009C
:105B9000BDE81040FFF724BF10BDF0B5034600F587
:105BA0008074002005460127844695420AD1D3F827
:105BB0007C2132B10022C3F87C21D3F87C3140F043
:105BC0000040F0BD25F0404607FA06F6314209D004
:105BD000D4F800E0BEF1000F04D0C4F800C0D4F83F
:105BE00000E0304301350434DFE738B504460D46A4
:105BF000FFF76BFFA8B12046FFF772FF88B9204678
:105C0000FFF779FF226801238340C2F80833236835
:105C100003EB8000D0F8103523F00303C0F81035F3
:105C200038BD28460021BDE83840FFF73FBF2DE9C9
:105C3000F043174685B004460846F7F781F9D7F8D0
:105C400000800E460546B8F1000F1ED02046FFF733
:105C500047FF18B12046FFF738FF20BB0023CDE9EE
:105C600000338DF80E308DF80F300DF10F024346E2
:105C70000DF10E013046FFF7D0FE04EB4502938A8A
:105C800023F0020343F0010393827B689BB3314608
:105C9000204693F80080D3F80490FFF721FF28B145
:105CA000B9F1000F1FD06FF0150027E004EB45009D
:105CB000838A23F4604323F020038382B9F1000F29
:105CC00011D0B8F1030FEED87B6821685B6893F8B8
:105CD00000C04FEA8C031944B8F1000F11D1C1F88C
:105CE0001085C1F8108504EB4502938A23F01C034C
:105CF00043EA88039382BB6843BB002005B0BDE83C
:105D0000F083D1F8102522F00302C1F81025226893
:105D10001344D3F8102522F44F3222F44072C3F812
:105D200010253202D3F8101502F47C5242EA0842E0
:105D30000A43C3F8102504EB4C03A3F87060838A70
:105D400043EA4C3343F020038382CCE7D3E9007865
:105D500031462046FFF7F8FE002FCED063689F4201
:105D600006D004F16C00FFF71DFE002804DAC5E739
:105D7000A3689845F5D1002004EBC003C3E901787E
:105D800004EB4505C0B2AB8A43EA402343F4807379
:105D9000AB82B2E72DE9F043054685B008461646CA
:105DA0001F46F7F7CDF80C46804626B32846FFF786
:105DB00097FE18B92846FFF788FE18BB05EB48097F
:105DC000B9F8143003F01C0313B17378012B19D008
:105DD00001238DF80F300023CDE90063721CB31C42
:105DE0000DF10F012046FFF718FEB9F8143043F00B
:105DF0000303A9F81430002F3FD021462846FFF7AF
:105E00006FFE20B96FF0150005B0BDE8F0833E7855
:105E10002B6803EB86030022C3F81025C3F8102576
:105E200005EB48024FEA860C938A23F4604323F083
:105E300020039382787800B32968BF786144000416
:105E4000D1F8103523F4991323F4F853C1F8103521
:105E5000230200F4403003F47C5303433805D1F8A7
:105E6000105500F4801003432B43C1F81035938A7A
:105E700043EA463343F0200393820020C4E7C0E99D
:105E80000312704770B504461546FFF71EFE48B171
:105E90000846F7F755F804EB40040020A38A5B0B93
:105EA0002B7070BD6FF01500FBE738B590F880409F
:105EB00005469CB954222146143001F018FD28688B
:105EC000C0F87C41D0F87C3140F30730ECF774FC2B
:105ED000012385F88030EB66204638BD6FF07700EF
:105EE000FBE790F88000003818BF01207047F7F7F3
:105EF00061B82DE9F34104461746FFF7E6FD0D466C
:105F00002668F0B12046FFF7EBFD8046C8B9204671
:105F1000FFF7F1FD820002F5807346F80380F35825
:105F200023681344D3F8102542F00102C3F810256A
:105F300027B1226801238340C2F8043302B0BDE8D0
:105F4000F081D6F80433002BA4BF4FF00043C6F80D
:105F500004332846F6F7F4FF04EB4004A38AC3F3A6
:105F60008203042B12D0052B12D001A80195F6F75D
:105F7000D7FF019BD0F81015D94001F00101023183
:105F8000284602B0BDE8F041FFF790BD0321F7E7D6
:105F90000221F5E7FFF729BE10B5A1F58074A4082A
:105FA0000123A34018400AD001F1804101F5E041EE
:105FB000086820B10020086009680AB9012010BDF6
:105FC000116819431160F9E708B500210120F7F7BE
:105FD00099F90028F9D008BD08B50246F7F732F95B
:105FE00020B9BDE808401046F7F762BA6FF00F001D
:105FF00008BD91F820200346032A29D8DFE802F0E3
:10600000212519028A68500304D5D3F84C25086964
:10601000904207D18A6852031AD4D3F84C25896973
:10602000914215D000200622C3F80005C3F80025D0
:106030007047D3F84C2508699042F3D1D3F83C253A
:10604000EDE7D3F84C250969EAE7D3F83C25FAE7F0
:106050000120704730B59508403D0124AC400C420A
:1060600008D0815831B100218150825813B11A688B
:1060700022431A6030BD13B500230C4601934FF440
:10608000A47201ABFFF7E6FF21464FF48272FFF7DF
:10609000E1FF21464FF49272FFF7DCFF21464FF4F7
:1060A000A872FFF7D7FF21464FF4A672FFF7D2FF81
:1060B00021464FF4B072FFF7CDFF4FF4AE72214688
:1060C000FFF7C8FF019802B010BD10B44FF0805226
:1060D0008B68D2F83021CC7B0D2A04D1B3F1C86F84
:1060E00008BF4FF0C46302682CB9D1E90041C2F87F
:1060F0000845C2F80C15C2F8243543682BB1006876
:1061000010BC40F30730ECF757BB10BC704738B5F4
:106110000D4690F826100446C9B9C160C0E90123B4
:1061200080F8291080F8281065B1AB7B80F82B30FF
:106130002846F7F719FD6B7B84F82A30294620465C
:10614000FFF7C3FF012384F82630002038BD6FF02D
:106150007700FBE703680622C3F80025022380F8D6
:106160002630704707B5019001A8F7F767FF019A3D
:1061700001239340C0F8083503B05DF804FB0369C0
:10618000C26893429CBF81685B18013B981A7047B4
:106190002DE9F041D0E902840546A8EB04064068E9
:1061A000964220440F46144404D901F092FBEC605F
:1061B000BDE8F0813246A4EB080401F08AFB686870
:1061C0002246B919F1E72DE9F843C5680646894624
:1061D00017464FF000083369B46870689D4228BFC5
:1061E0001B19641BBC4203F1FF3328BF3C465B1BF9
:1061F0009C4228BF1C4649462844224601F069FBC0
:10620000B3682544AB4208BF00253F1BA044A1440E
:10621000F560E0D14046BDE8F88308B5F8F756F8D8
:10622000002008BDEFF31180402383F31288BFF3F1
:106230006F8F704780F31188BFF36F8F704708B17D
:10624000ECF7AEBE704710B5436904463BB9002079
:10625000E268537843F001035370404210BD984701
:106260000028F4D00028B8BF4042E368FF28A8BF48
:10627000FF201870ECE740B1C368587810F00100B7
:106280001EBF1878B0FA80F040097047EFF3118311
:10629000402383F31288BFF36F8FFEE710B400F141
:1062A0000C04C0E9034410BCFCF702BA38B504463C
:1062B000EFF31185402383F31288BFF36F8FEAF762
:1062C0000FFB04F10C0000F005FB30B1294604F18E
:1062D0001400BDE8384000F0E2BA85F31188BFF33E
:1062E0006F8F38BD10B542696AB1836842EA030115
:1062F000890708D10169A2FB011424B95B182CBFDE
:106300000121002102D36FF0150005E0C1609B1A46
:1063100002698A4201D8002010BDC2681A60426931
:10632000C36001319B1AF3E72DE9F04105460F46A2
:10633000EFF31188402383F31288BFF36F8FC66891
:10634000F6B90468A0421BD0D4B1D4E9003213607E
:106350005A60237CA66023F002032374C4E900661C
:1063600004F1180000F037FB2046A667676100F0D3
:106370003CFA414605F10800BDE8F04100F08FBA53
:106380003E60AB69EF60013BAB6188F31188BFF3FE
:106390006F8FBDE8F08108B54024EFF3118384F3DB
:1063A0001288BFF36F8FFCF7FBFEF6E790F90E3013
:1063B0008B4201D0F8F7B6BE00207047034600209C
:1063C000C3E90200C3E900337047D0E9003213602B
:1063D0005A60027C002322F00202C0E900330274FA
:1063E000836070472DE9F843904604469DF82020CD
:1063F0000D46EFF31187402181F31288BFF36F8FB1
:1064000002B14568A66804F10809B14515D0A6B1E6
:106410003046FFF7DAFF002406F1180000F0DBFA3F
:106420003046B467C6F8148000F0DFF948463946B4
:1064300000F035FA2046BDE8F883A3B10820F9F74B
:106440002FFB002832D00122C0F8048002600168CE
:1064500001F003015DB922680A43026062682060AE
:106460006AB960600BE0C8F800304046EFE72A6880
:10647000032A10D80160616839B9C4E9000000201E
:1064800087F31188BFF36F8FD5E70A6802F0030224
:1064900002430A60E5E722F003020A4302602A6829
:1064A00002F0030240EA02032B60E8E76FF00B0002
:1064B000E6E710B5044630B10268930703D044689C
:1064C00009B100F015FB204610BD0023C0E90033E0
:1064D00000F10803C0E90233704707B501230093B8
:1064E00000230A461946FFF77DFF03B05DF804FB61
:1064F00007B500230A4600931946FFF773FF03B060
:106500005DF804FB00680021FFF7D3BF3AB18A426F
:1065100005D3C0E90212C0E90000002070476FF007
:1065200015007047026801238B4022EA03030360D1
:1065300022FA01F000F001007047704710B5032106
:1065400004460C30FFF7EEFF30B104F1100000F00C
:1065500042FAB0FA80F0400910BD20B10022114685
:106560008C3000F0FFB9704770B5C368C3F34006C4
:106570009B07044616D4856802210C30FFF7D2FF32
:1065800080B1D5F884206AB194421DD122689EB9A9
:10659000D5F88830C5F884209C4201D1C5F8882000
:1065A00000232360E36813F01F001EBF43F00203C3
:1065B000E36040F0020070BD3260D5F8882094425C
:1065C00008BFC5F88860EBE716461268DBE773B5CD
:1065D0000446EFF31185402383F31288BFF36F8FD6
:1065E00000230193D0E90423B3F1004F08BF012A2F
:1065F00005D085F31188BFF36F8F02B070BDA0F195
:10660000100603210438FFF78DFF0028F1D0A3699D
:10661000019301A93046F8F793FAEAE738B5044642
:106620000D461022002101F062F9656038BD13B5F6
:1066300001900846EFF31184402383F31288BFF3DF
:106640006F8F01A9F8F77CFA84F31188BFF36F8F7D
:1066500002B010BD10B5FFF7EAFF041E08DDEFF32E
:106660001180402383F31288BFF36F8FF8F7C6FDC4
:10667000204610BD70B50D46EFF31186402383F31D
:106680001288BFF36F8FF8F7ADFA044686F31188CE
:10669000BFF36F8F38B14FF0FF324FF0FF3305F18A
:1066A0001000F8F743F9204670BD08B5A02200217C
:1066B00001F01DF908BD38B5302204460D46002111
:1066C00001F015F94FF480736560E36038BD38B5AB
:1066D0000446EFF31185402383F31288BFF36F8FD5
:1066E000FFF72CFF2046FFF73FFF85F31188BFF32C
:1066F0006F8F38BDF8B504460D46EFF31187402380
:1067000083F31288BFF36F8FC36803F01F03002B5E
:1067100014BF0126002609D0FFF710FF2046FFF71F
:1067200023FF29462046F8F7EDF9034687F3118841
:10673000BFF36F8F3BB14FF0FF324FF0FF3305F1E6
:106740000800F8F7F3F83046F8BDD0E900321360DE
:106750005A60027C002322F00202C0E90033027476
:1067600083607047EFF30580003818BF0120704741
:106770006FF05700704700207047D0E90032136077
:106780005A600023C0E90033704708B5FFF7F5FFF2
:10679000037C23F0020303740023836008BD38B533
:1067A00004460D46F8F71AFC237C43F002032374D9
:1067B000D5B1A5602B689D4209D16B68C4E900532F
:1067C0001C606C6010E06A689A42F6D01B68002B6F
:1067D000F3D093F90E1094F90E209142F3DD5A682C
:1067E000C4E9003214605C6038BD10B5EFF3118469
:1067F000402383F31288BFF36F8FF8F7AFFB84F366
:106800001188BFF36F8F10BD08B5EFF311814022DF
:1068100082F31288BFF36F8F83680BB1FFF7B5FF68
:1068200081F31188BFF36F8F08BD08B5037C13F0A7
:10683000280F01460CD183680BB1FFF7A6FF0B7C34
:1068400023F004030B740846BDE80840F8F786BB44
:1068500008BD10B5EFF31184402383F31288BFF312
:106860006F8F1838FFF7E1FF84F31188BFF36F8F44
:1068700010BD08B50346EFF31181402282F3128860
:10688000BFF36F8F0068834207D008B1FFF77DFF29
:1068900081F31188BFF36F8F08BD0020F8E7084629
:1068A000F8F7D4BB38B504680546AC424FF0000099
:1068B00000D138BD002CFCD02046FFF766FF04F164
:1068C000180000F088F82046F8F748FB2C680120F3
:1068D000A542EDE710B5EFF31184402383F312884E
:1068E000BFF36F8FFFF7DEFF84F31188BFF36F8F65
:1068F00010BD38B50C460546F8F71CFDB4F1FF3F56
:1069000008BFB5F1FF3F1FBF47F6FF7300224FF4EA
:106910007A71E0FB01321ABFD80B40EA42404FF0D7
:10692000FF3038BD38B50446EFF31185402383F3BB
:106930001288BFF36F8F037C5B070ED5183000F011
:106940004AF8237C23F0040320462374F8F706FB5F
:106950002846BDE83840F8F779BB85F31188BFF3C6
:106960006F8F38BD38B5EFF31185402383F312885C
:10697000BFF36F8F0468A04212D09CB1A16762611F
:106980002046FFF702FF04F1180000F024F820462B
:10699000F8F7E4FA012085F31188BFF36F8F38BD53
:1069A0000020F8E72046F6E708B50246F8F734FE7F
:1069B00070B1D0E904319B1A61EBE272B3F1004F80
:1069C00072F1000104DA002AACBF1846002008BDAD
:1069D0006FF00040FBE738B50246EFF31185402326
:1069E00083F31288BFF36F8F0368D3B1F8F714FEF7
:1069F00004461046F8F722FE00224FF0004384427E
:106A0000C0E9042305D0002085F31188BFF36F8F00
:106A100038BDF8F709FEFFF7C7FF0021F5F7E4FBE3
:106A2000F1E7D0E90413B3F1004F08BF012904D105
:106A300000204FF00041C2E904016FF01500E3E7C8
:106A400008B5F8F703FF08BDF8F700BFB3F1FF3F43
:106A500008BFB2F1FF3F70B506461D46144614D07C
:106A60001A4316D0002B08DBF8F7F0FE041941EBAF
:106A70000501C6E90041304670BD6FF001031C1BE3
:106A80004FF0FF3363EB0501F3E74FF0FF3421468E
:106A9000EFE70024FBE7B3F1FF3F08BFB2F1FF3F90
:106AA000F8B5074616461C4610D054EA020311D02A
:106AB000F8F7CCFEB0420A46A14103460AD2F31AC7
:106AC00064EB0204C7E900343846F8BD4FF0FF33E9
:106AD0001C46F7E70023FBE70023C0E9081200F19A
:106AE0001802C0E90622C0E900330363436370471C
:106AF00020B1011F50F8040CFFF7D8BB7047704756
:106B0000FFF75CBC70474FF0FF324FF0FF33F7F7F1
:106B1000E5BDF7F755BE00207047704710B5044635
:106B200008B1F9F767F92046BDE81040F9F752B906
:106B30000346C068F8B15888E8B11B8803F44F4297
:106B4000B2F5824F02D0B2F5884F09D1DBB2272BC4
:106B50002AD008D8172B0FD0222B34D0122B16D0C6
:106B60006FF085007047302B2FD0413B012BF7D8B9
:106B7000FF2839D100207047C028FBD0E128F9D088
:106B8000B0F5807F14BF6FF086000020704720F0C2
:106B90002003C02BEED020F08003B3F5807FE9D036
:106BA00040F209239842EDE7E928E3D0EF28E1D04D
:106BB00040F21B139842DDD040F299139842D9D08D
:106BC00040F23B23EEE7E928F1E720F02003C02B59
:106BD000D0D020F04003B3F5807FCBD0B0F5C07F9C
:106BE000C8D0B0F5007FCDE7B0F5E07FCAE73AB195
:106BF000002918BF0023D21A2121184400F077BEC3
:106C000070472DE9F04F89B09B4600238DF81B306B
:106C1000159BDDF85080002B91460B460D460CBFAE
:106C20004FF400624FF4806207A9DDE912A7F9F77B
:106C300083FA0446D0B9079E0DF11B02318828461D
:106C4000F9F7F6FA044688B99DF81B30BB421FD805
:106C5000CDE90338CDE901BACDF80090D6E90912A3
:106C60002B463046F9F780FF044608B1C8F800709B
:106C7000D8F800303A4621465046FFF7B8FF07984B
:106C8000F9F75CFF002C18BF204609B0BDE8F08F73
:106C90006FF08904EAE741F2062398421AD8B0F56A
:106CA000905F09D241F2010398420CD0B0F5885FA1
:106CB00009D06FF085007047A0F5905080B269232D
:106CC000C340DB07F5D511F0070F14BF6FF0860046
:106CD00000207047B0F5105FEBD121F04003802B0E
:106CE00006D0B1F5807F14BF6FF08600002070479A
:106CF0000020704770B5446A05460E463CB9012035
:106D0000F9F762F8686228B1AE62204670BD6FF094
:106D10008A00FBE76FF08C00F8E7F8B51E460F46D7
:106D200003881546C2B103F4E043B3F5805F02D097
:106D3000B3F5005F10D1089BE90019600088FFF7E8
:106D4000AAFF044630B92A463946304600F0C1FD54
:106D5000079B1D602046F8BD6FF08504FAE710B56B
:106D60000446406A10B1A16AFFF7D8FE0020C4E9CA
:106D7000090010BD38B50446FFF7F1FF237F012B52
:106D80000FD0023B012B0FD8236A012B14BF6FF0E9
:106D9000960500252C220021204600F0A8FD28465B
:106DA00038BD236A002BF1E76FF09605F2E738B59E
:106DB00014460288049D02F4E040B0F5805F07D0DD
:106DC000B0F5005F04D002F44F42B2F5824F0ED10D
:106DD000AC420FD81846224600F07BFD2A1B00214A
:106DE000204400F084FD059B00201C6038BD6FF03E
:106DF0008500FBE76FF08900F8E7F0B50F4685B036
:106E00001E461546CAB100233360012203A9F9F7D3
:106E100093F9044670B9CDE9005603983B46D0E992
:106E2000091200F0CEF904460398F9F787FE002C0A
:106E300008BF0446204605B0F0BD6FF08904F9E7AD
:106E400070B50488049E154604F4E042B2F5804F04
:106E500022D124F4405044F2010290420DD004F4B7
:106E60004F44B4F5824F08D0B4F5844F05D0B4F543
:106E7000884F02D0B4F58E4F0ED1B5420FD81846C8
:106E80002A4600F026FD721B0021284400F02FFD49
:106E9000059B00201D6070BD6FF08500FBE76FF063
:106EA0008900F8E7F0B50F4685B01E461546FAB1E1
:106EB000002333601A4603A9F9F73EF9044688B95E
:106EC000039803885B0410D5CDE900563B46D0E912
:106ED000091200F081F904460398F9F72FFE002CFF
:106EE00008BF0446204605B0F0BD6FF08604F3E706
:106EF0006FF08904F6E710B50368044643B100F06B
:106F0000C9F900232360A3886FF30803A38010BD91
:106F10001846FCE72DE9FF410C460168984600231E
:106F2000054616460393002939D14FF4A87208305C
:106F300000F0DDFCB8F1000F204633460CBF4FF4E3
:106F400000624FF4806203A9F9F7F6F80446B8B975
:106F5000039F2A1D39883046F9F76AF9044678B943
:106F60006B7968F300036B71D7E909233946009602
:106F70002846B8F1000F0FD0F9F70EFE044610B105
:106F80002846FFF7B8FF0398F9F7D8FD002C18BF83
:106F9000204604B0BDE8F081F9F71EFEEEE76FF081
:106FA0008804EDE70123FFF7B5BF38B50368054650
:106FB00014464BB132B100F058F9044610B12846DE
:106FC000FFF799FF204638BD6FF08804FAE72DE9F6
:106FD000F0411646026805460F469846F2B14279DE
:106FE000D2071BD50279CAB1B2421AD800F046F9CD
:106FF000044618B10023C8F800602B7137B1D8F8E7
:107000000030324621463846FFF7F1FD2846FFF7AB
:1070100072FF002C18BF2046BDE8F0816FF0880495
:10702000E8E76FF08904E5E71FB501240394089CA5
:107030000294079C0194069C0094FFF7E2FD04B0C3
:1070400010BD2DE9F04788B005469A460023079306
:1070500025F0004323F47F03B3F1106FDDE91096B0
:10706000DDF848800846174623D12B464FF480426E
:1070700007A9F9F761F8044660B9CDE90368CDE9DD
:1070800001A907980097D0E909122B4600F00AF9E8
:10709000044628B131464846F9F788FAC8F8006036
:1070A0000798F9F74BFD002C18BF204608B0BDE843
:1070B000F0876FF08604EDE7034608461B8803F46B
:1070C000E043B3F5805F114602D0B3F5005F01D114
:1070D000F9F76CBA6FF0850070471C22002100F0B0
:1070E00006BC034668B1017F8A1E012A0BD803291A
:1070F000026A03D1012A01D1FFF73CBE1AB1013A5D
:107100001A62002070476FF096007047C0B20028E6
:1071100014BF6FF085000020704700207047704753
:1071200000221A606FF08600704700230B606FF03A
:10713000860070472DE9F04147683F0A04460D4636
:107140001646984611D107887F0407D44346324635
:1071500029462046BDE8F041FFF7AEBF00F0D1F868
:1071600010F1860FF2D0BDE8F0816FF08600FAE7EB
:107170002DE9F04F476885B03F0ADDE90E9ADDF84A
:1071800040B004460D461646984615D1CDE901ABF0
:10719000CDF8009000F0A7F810F1860F0ED143460D
:1071A000324629462046CDE90FABCDF8389005B0E0
:1071B000BDE8F04FFFF7B1BD6FF0860005B0BDE848
:1071C000F08F10B44468240A02D110BCFFF7EFBD61
:1071D0006FF0860010BC70472DE9F34747683F0AFF
:1071E000DDE90A9A04460D461646984611D1CDE9C6
:1071F000009A00F06AF810F1860F0CD1434632462F
:1072000029462046CDE90A9A02B0BDE8F047FFF7CB
:1072100017BE6FF0860002B0BDE8F08713B50446D4
:107220004868000A0AD10498009004F10800F9F7B0
:10723000A3FD08B91C23236002B010BD6FF08600C7
:10724000FAE710B404681C2C03D110BC0830F9F71D
:10725000BFBD6FF0860010BC704703681C2B02D1C5
:10726000083000F054B90020704703681C2B02D18D
:10727000083000F027B96FF08600704710B404683A
:107280001C2C03D110BC083000F025B96FF086002B
:1072900010BC704703681C2B02D1083000F027B9DE
:1072A0000020704710B44468240A02D110BC00F0DA
:1072B00036B96FF0860010BC704700F0C5B900F019
:1072C000E6B900F031BAF9F7A7BC10B4048804F4A9
:1072D0004F44B4F5824F02D110BC00F04CBA6FF0AD
:1072E000850010BC704710B4048804F44F44B4F512
:1072F000824F02D110BC00F06EBA6FF0850010BC56
:10730000704710B4048824F0FF04B4F5E24F02D1B2
:1073100010BC00F0B3BA6FF0850010BC7047024695
:1073200012F8103B43F3C01303F0870312F8011D5A
:1073300083EA4103904213704FEA1323F6D170475A
:107340002DE9FF4705468846144622B3D0F8486128
:1073500000F5947786B9A0444FF010090DF10C0A9E
:10736000102CA8EB040237D823463946384600F0E3
:10737000F5F9C5F848410EE0C6F110094A450FD8A5
:10738000B91913460846424600F0E8F9D5F84831E5
:107390002344C5F848310026304604B0BDE8F087E4
:1073A000B9F1000F08D0B91942464B46084600F023
:1073B000D5F9103EC844344403AB10220193009227
:1073C0003B4639462846FFF73CFF06460028C2D018
:1073D0002846FFF742FFDFE710233946384600F022
:1073E000BDF9CDE9009A3B46102239462846FFF701
:1073F00028FF06460028EBD1103CB1E72DE9F04309
:107400009846D0F84831102B174685B00446894677
:1074100000F5947500F59C721CD12946284600F0B1
:107420009DF903AB1022019300922B46294620467A
:10743000FFF707FF064630B93A462946484600F0AE
:1074400048FAC8F800702046FFF707FF304605B03D
:10745000BDE8F083C618104696F8283183F0800303
:1074600086F82831FFF75BFF10230246D5E7F0B519
:10747000D5B004460E46174600214FF4A67201A867
:107480001D4600F034FA21463B46324601A8F9F782
:10749000EBFB044680B95A9A294601A8FFF750FF32
:1074A000044648B9DDE95C235B9901A8FFF7A6FF14
:1074B0000446204655B0F0BD01A8FFF7CEFEF8E720
:1074C000F9F7F8BB90F84C31022B01D1FFF738BF28
:1074D0006FF08800704710B490F84C41022C02D134
:1074E00010BCFFF78BBF6FF0880010BC704710B561
:1074F00090F84C31022B044607D1FFF7AEFE4FF453
:10750000A8720021204600F0F2F9002010BD08B555
:107510004FF49072002100F0EAF9002008BD10B489
:10752000048804F44F44B4F5824F02D110BCF9F73B
:10753000A9BC6FF0850010BC70472DE9F04F89B0F1
:1075400005460E461C4602EB030800F5947A0DF141
:1075500010090F2CA8EB040704D81CBB002009B0AD
:10756000BDE8F08FD5F82831002E03F1010303AAFE
:107570004FF0100BC5F8283151460CBF3B464B4627
:107580000192CDF800B05A462846FFF75AFE00286F
:10759000E5D12EB15B4632464946384600F0DEF86A
:1075A000103CD6E7D5F828310133C5F82831102230
:1075B00003AB019300920DEB020305F5947128468D
:1075C000FFF73FFE0028CAD136B12346324604A950
:1075D000384600F0C3F8C1E7224604A9384600F057
:1075E00078F9BBE72DE9F3410546884616461F4664
:1075F0000246302301A90020FFF765FE044658B972
:10760000019B43450CD33EB1302F0CD83B4632464C
:107610002946284600F0A2F8204602B0BDE8F081D5
:107620006FF09304F8E76FF08504F5E710B58CB0C0
:1076300030236A460446FFF780FF18B969462046A2
:10764000F9F7ECFB0CB010BD10B504468CB000F59A
:10765000A070FFF755FA00213022684600F047F984
:1076600069462046F9F7DAFB78B9034602464FF43B
:10767000C0716846FFF7B6FF38B969462046FFF784
:10768000D5FF10B90123C4F838310CB010BDF0B5E6
:1076900000F5A0768DB0044630460F461546FFF73C
:1076A00032FA18B16FF083000DB0F0BDD4F8383164
:1076B000A3B3B5F5803F34D8D4F83C211AB942F2CF
:1076C0001072934211D900231A464FF48071684614
:1076D000FFF788FF0028E7D169462046FFF7A6FF9D
:1076E0000028E1D10123C4F838312B463A46002165
:1076F0002046FFF722FF0028D6D101462046FFF79B
:1077000095FF0028D0D1D4F838310133C4F838318E
:107710003046FFF7FEF90028C6D0C3E76FF08800B7
:10772000C2E76FF08600BFE710B50446FFF795FD8E
:1077300004F5A070FFF7E6F94FF4AC720021204683
:1077400000F0D5F8002010BD03460144002013F8D6
:10775000012B8B4240EA0200F9D1704730B50B444F
:1077600011F8014B12F8015B994284EA050400F814
:10777000014BF5D130BDF8B5054614462F8807F406
:10778000E04CBCF5804F1846DDE9063606D19A423A
:107790001ED800F09EF834600020F8BD47F21212A7
:1077A000974202D06FF08500F7E7640001349C42F5
:1077B0000ED86B8834600422B3F5807F0270F1D15B
:1077C0000130F9F7DDFC0028E6D06FF08600E4E731
:1077D0006FF08900E1E72DE9F0411F460388DDF8ED
:1077E00020800E4644F212118B42154642882ED05C
:1077F00047F212118B423BD102B9EA00B2F5807F09
:1078000036D1202D03D06FF08600BDE8F0812946E7
:107810003046FFF799FF0028F5D03046F9F79CFC79
:107820000028F0D1D8F8004034F48074EBD1069BE6
:107830009D4220D82A463146384600F04AF8079B38
:107840001D604FF48073C8F800302046DDE71AB998
:10785000EB07D8D56A08D200B2F5807F08D1412D58
:10786000D1D13378042BCED1701CF9F77FFCD7E748
:107870006FF08500C9E76FF08900C6E7F8B50C46E0
:10788000478801881E4647F21213FD1D99424FEAB0
:10789000D50502D06FF08500F8BD954216D829466F
:1078A0002046F8F783FE0028F6D129462046FFF748
:1078B0004BFF0028F3D0B7F5807FEBD12046F9F7D6
:1078C0004BFC0028EBD120233360E5E76FF0890003
:1078D000E2E70A44914200F1FF3300D1704710B54E
:1078E00011F8014B03F8014F9142F9D110BD024448
:1078F0000346934200D1704703F8011BF9E70446A1
:1079000008B5FAF731FA2046EBF72EFA10B501392F
:107910000244904201D1002005E0037811F8014FA4
:10792000A34201D0181B10BD0130F2E710B5013998
:10793000034632B111F8014F03F8014B013A002C14
:10794000F7D11A440021934200D110BD03F8011B66
:10795000F9E710B5024601448A42134603D01C7869
:107960000132002CF8D1181A10BDF0B5C3F1370759
:107970000446FFB203F01F031046082BE6B233D0D3
:10798000102B3ED06508A40844EA817445EAC1750D
:107990002D194FEA910242EB5102290941EA027185
:1079A0006D1842EB1212290A41EA02616D1842EB8E
:1079B0001222290C41EA02416D1842EB1242AD1825
:1079C00042F10002EC0844EA4274D10804EB84025C
:1079D000A6EB4205EDB2092D0CD90134A5F10A053B
:1079E00041F10001EDB212E0E40844EA417406F00E
:1079F0000705C908303554EA010200F8015BBCD123
:107A0000F0BD240944EA017406F00F050909092DA7
:107A100084BFED19EDB2EDE7D1E9043293421EBF08
:087A20005A1C0A61187070473E
:087A28005A5FFE7F010000001F
:107A3000892F01000000000000000000087B020008
:107A40001B6202000000000035E60100000000009B
:107A500059E601000000000000000000407B020029
:107A600000000000247B020075B30100000000004C
:107A700059CC0100000000007D5902000000000008
:107A8000000000005C7B020095C0010000000000C7
:107A9000A113010000000000A12D01000000000062
:107AA00000000000787B020035CD010000000000DE
:107AB00079E901000000000000000000947B020052
:107AC00000000000B07B0200A130010000000000B7
:107AD000F9580200000000000359020000000000F5
:107AE00000000000CC7B0200813301000000000098
:107AF000C920010000000000D91E010000000000A4
:087B00005B31020000000000EF
:107B0800B3C30200C0890200B87D0200DA26002053
:107B1800605D002025B1010000000000ECC30200F8
:107B2800D88902007C7D0200DE260020F85D002056
:107B380049B8010000000000FAC30200EC89020005
:107B48007C7D0200E0260020045E002049B8010088
:107B580000000000DCC3020000000000747D020089
:107B6800DC260020B45D002099B50100000000006B
:107B7800B8C60200000000004C8A0200E626002079
:107B8800885E002049C401000000000097C302007D
:107B980000000000687D0200D826002000000000D8
:107BA800CDAA010000000000D7C402002026002052
:107BB800A07D0200E2260020105E00201F54020073
:107BC8000000000063C502001C8A0200D47D020088
:107BD800E4260020645E002055BD0100000000007E
:107BE800975902009B5902000000000085310200ED
:107BF8000000000085310200105E0020D1DE010087
:107C080000000000853102000000000085310200FC
:107C180098240020F1530200C9D901009B590200A1
:107C280000000000853102000000000085310200DC
:107C380000000000853102000000000085310200CC
:107C48000000000085310200B45D002005B6010087
:107C580000000000853102000000000085310200AC
:107C680000000000853102000000000025C101006D
:107C7800000000008531020000000000853102008C
:107C8800000000008531020000000000853102007C
:107C9800000000008531020000000000853102006C
:107CA800000000008531020000000000B9CC01008E
:107CB800000000008531020000000000853102004C
:107CC800000000008531020000000000853102003C
:107CD800000000008531020000000000853102002C
:107CE800000000008531020000000000853102001C
:107CF800000000008531020000000000853102000C
:107D080000000000853102000000000085310200FB
:107D180000000000853102000000000085310200EB
:107D280000000000853102000000000085310200DB
:107D380000000000853102000000000085310200CB
:107D480000000000853102000000000085310200BB
:107D580000000000853102000000000085310200AB
:0C7D6800F1AE0100A1AC010058020000C7
:087D740045B5010095B40100C2
:107D7C0079B6010045530200535302006B530200C5
:107D8C00775302008353020085B801009D53020013
:047D9C0000000000E3
:107DA00049BB010000000000A9B90100000000006B
:087DB000000000007554020000
:107DB8007DB10100AD520200115302000000000025
:0C7DC80049520200000000000000000012
:107DD40047570200AB570200655702007D57020067
:107DE400000000009757020000000000000000009F
:107DF400000000000000000000000000000000007F
:107E0400000000000000000000000000000000006E
:107E1400050000002969010006000000F99901002D
:087E240004000000357C0100A0
:107E2C0089FF0000A5FF000000000000000000001A
:107E3C000000000000000000000000000000000036
:107E4C007488020008000000608402000700000033
:107E5C008C85020005000000EC8402000800000084
:087E6C00E08202000C0000009E
:107E7400A4C30200030000000BA3020003000000DF
:107E840014B302000300000015B402000300000054
:107E94007EBC020003000000ECA702000300000007
:107EA40034B802000300000073C1020003000000A4
:107EB400F3A70200030000005BB50200030000000A
:107EC4000DBE0200030000003FB1020003000000E9
:107ED400BCB30200030000006BC1020003000000F9
:107EE400C6B9020003000000DCA702000300000082
:107EF400D5C6020003000000C3C602000300000050
:107F040064C1020003000000A0A1020003000000FD
:107F1400CEC3020003000000F2A20200030000002E
:107F240008C4020003000000E4C4020003000000CF
:107F34007FA0020003000000C4A1020003000000AF
:107F4400C8A1020003000000079002000300000023
:107F5400409102000300000001C70200030000007A
:107F64005DA7020003000000C1A702000300000097
:107F7400C9A702000300000027C702000300000095
:107F840008C8020003000000F5A00200030000007E
:107F94006EC50200030000006E9A02000300000098
:107FA400D8A7020003000000B1A1020003000000F2
:107FB40034840200445B0020B3A2020001000000EC
:107FD000000000000300000030000000600000000E
:107FE0000000000026B002002BB002002FB00200FB
:107FF00033B0020037B002003BB002003FB00200D5
:1080000043B0020047B002004BB002004FB0020084
:1080100053B0020057B002005BB002005FB0020034
:1080200063B0020067B002006BB002000100010003
:10803000000101000001000100000100010000003A
:1080400001000B0002000A00050009000A000800F8
:10805000140007001E000600320005004B0004005B
:108060006400030096000200FA000100F401000021
:10807000F401FA00960064004B0032001E00140068
:108080000A000500020001000C0802170D010102A0
:10809000090901010602091818030101090983836E
:1080A00085030201230202240910040405050B0BB9
:1080B000040B2B1B1B159A9A1C021D161305014954
:1080C0000D150508061B1B0F01010000FEFEFEFE3C
:1080D000FEFEFEFEFEFEFEFEFEFEFEFEFEFEFEFEC0
:1080E000FE16FEFEFEFEFEFEFEFEFEFEFEFE1F1F56
:1080F000FE26FEFEFEFEFEFEFEFEFEFEFEFEFEFE78
:10810000FEFEFEFE3E3EFEFEFEFE3B3BA301B10335
:10811000BF05EF024906A309C505F50B25120000AE
:1081200001000000101100400000000000000000ED
:1081300000000000000000000406080A0C0E1012E7
:108140001416181C1E20222426282A2C2E303234E5
:1081500036383A3C3E40424446484A4C4E021A5059
:1081600000000000280000001800000000000000CF
:10817000141E000030110000000000007017000005
:10818000A00F00000000DC05E80300000000000074
:10819000141E00003011000000002CA6E0A1000019
:1081A0003408E803D8ECF0F4F8FC000203040506F8
:1081B00007080000000000000000000000000000B0
:1081C000000000000000010101010202020203039D
:1081D0000303040404040505050506060608090052
:1081E000000000000000000000000000000000008F
:1081F0000000000101010102020202030303030463
:108200000404040505050506060708090A0B0C0DFC
:1082100000100200FA00000001030062746C6500A7
:10822000000000000000000000000000000000004E
:10823000000000000000000000000000000000003E
:10824000000000000000000000000000000100002D
:108250000338FDD870470000EDE200000000000088
:108260000DE300007DE200000C8F0200688F020029
:10827000DD9602000000000012910200239102002E
:108280003191020001000000040000000500000020
:108290000F000000190000003200000096000000EE
:1082A000FA000000F4010000E8030000F899020061
:1082B000FF990200219A02003E9A02007C9102007E
:1082C000DD9602005C9A0200689A0200947B02002C
:1082D00001010203284001010000C2010C0000005E
:1082E000E08B0200C14802000000000088C80200C4
:1082F00000000100DC8B0200314A02000000000097
:10830000F42300200000010077C802000DFD0000EA
:10831000000000000000000000000100D88B0200F7
:10832000934802001D850100D023002000000300B7
:10833000D48B0200314A020000000000C823002054
:108340000000010066C802000000000000000000FC
:108350000000000000000000D08B020093480200E3
:108360001D850100A423002000000300CC8B020027
:10837000314A0200000000009C23002000000100A0
:1083800055C80200000000000000000000000000CE
:1083900000000000C88B0200934802001D85010008
:1083A0007823002000000300C48B0200314A020041
:1083B00000000000702300200000010044C80200FB
:1083C00000000000D1FD00000000000000000200DD
:1083D00009080000E09B020001010000D2260020F5
:1083E00003040000CE2600207035002000040000A9
:1083F000D72E0200792E0200020000008730020012
:10840000000000000000000000000000000000006C
:1084100097A202009FA202000000000000000000DE
:108420000000000086910200A7A20200ABA2020099
:10843000AFA20200911D0100851D0100B51D0100C4
:108440006D1D010000000000791D0100000000000A
:10845000111E01004C5B00209B63002010000000F7
:108460000C8C0200C148020000000000088C0200D1
:1084700000000100048C0200314A020000000000EC
:108480001824002000000100FC8B020027310200AC
:10849000000000000000000000000100F88B020056
:1084A000314A0200000000001024002000000100FA
:1084B000F08B0200F330020000000000000000001A
:1084C00000000100EC8B0200314A020000000000B5
:1084D0000824002000000100E48B0200AD1E010012
:1084E0000000000000000000000001003C8C0200C1
:1084F000C148020000000000388C020000000100AA
:10850000348C0200314A0200000000005424002094
:10851000000001002C8C02000000000000000000A0
:108520000000000000000000288C020093480200B8
:108530001D8501003024002000000300248C02006F
:10854000314A020000000000282400200000010041
:108550001C8C0200E91E0100000000000000000069
:1085600000000100188C0200314A020000000000E7
:108570002024002000000100108C020000000000F8
:10858000711F01000000000000000200588C020072
:10859000C148020000000000548C020000000100ED
:1085A000508C0200314A02000000000080240020AC
:1085B00000000100488C02000520010000000000BE
:1085C0000000000000000100448C020093480200FB
:1085D0001D8501005C24002000000300408C020087
:1085E0009B4A0200000000005C8C020000000100B9
:1085F000C02000200000000000000B060200000068
:108600000486020000000000ADA70200240002065C
:1086100000000020B5A7020020000B1188240020D4
:108620002D2E0100000000000F3202002086020003
:108630003C8602000001000000000000A09C002019
:1086400020860200508602002E000000000000007C
:10865000F0A90020208602006486020002010000CA
:1086600000000000C4AA00206FB002008DB002001C
:10867000A8B00200B8B00200C5B00200CEB002003F
:10868000D5B00200DCB00200E3B00200EBB00200A3
:10869000C5B00200F3B0020005B102001AB1020039
:1086A0002DB102000E030000A54601000F040000DA
:1086B000714601001A010000153201000504000096
:1086C0002D320100130100008D3401003E01000035
:1086D00005370100011200000B3602000A1E0000DF
:1086E00039360200FF010000793801003E01000028
:1086F0005938010005040000793201000804000027
:10870000F93C0100300300006D3C01001001000045
:108710002133010001120000854301000A1E000000
:10872000F736020003090000153A0100040B0000AF
:1087300039340100060A0000AD450100070A0000B7
:10874000F13201000C050000BD320100050C0000F3
:10875000E94401002086020064870200470000000F
:1087600000000000E0AB0020B3B70200C0B7020079
:10877000E0B70200D4B70200EBB7020002B8020073
:1087800012B8020083BB020026B802002086020055
:108790009C870200000000000000000000AD0020E7
:1087A00020860200B08702000001000000000000E7
:1087B00028AD0020C13C0200133D02000000000073
:1087C0000000000000000000316C0100000000000B
:1087D0000000000000000000000000000202010094
:1087E0006D42020004040100197801000606010030
:1087F0005977010008040100457601000A020100D2
:10880000554202000C0401003D4202000E0401002A
:1088100021750100200401008D7401001004010085
:108820009D73010012020100DF41020016040100E5
:108830008578010018010100497201001E00040042
:10884000FD45020052020000B541020020860200F0
:108850005C8802000201000000000000A0B00020BF
:108860002086020070880200F7000000000000006F
:10887000A0B40020908C0200C1480200000000005B
:108880008C8C020000000100888C0200314A02003A
:1088900000000000D025002000000100808C0200B4
:1088A00000000000000000000000000000000000C8
:1088B0007C8C0200934802001D850100D825002011
:1088C00000000300788C0200314A02000000000022
:1088D000C825002000000100708C0200F948020049
:1088E000D985010000000000000003006C8C02002C
:1088F000314A020000000000C025002000000100F5
:10890000648C0200398901000000000000000000B2
:10891000000001007599010083500200D9A30100F5
:108920000000000000000000ADA0010000000000F9
:108930000000000000000000000000000000000037
:1089400000000000219B0100060000004F4E0200C5
:1089500006000000DD9601001000000051930100A8
:108960001000000079A30100010000007D4C02000E
:10897000100000004B4E02000A000000259A010082
:108980001000000091A1010007000000534E0200FA
:10899000100000004B4D020001000000B1980100E2
:1089A00040000000EF4D0200100000006B4D02007F
:1089B00001000000E1B00100B1B0010000000000C2
:1089C0002DB20100ADB10100C2C302003B53020051
:1089D00037530200C8C30200FF0300000003005029
:1089E000982400200000000001000000FFFFFFFFAE
:1089F000000000509824002000000000000000004B
:108A0000003000400C8A020001000000148A0200BD
:108A1000020000001400000C0E00000B000000809B
:108A2000FFFFFF7F0000008000000080FFFFFF7F4E
:108A30000000008088130000000000001DCA020032
:108A400000FF0800407B02000C00000035C301005D
:108A5000E15702000F580200080000000300000068
:108A6000BEC70200CCC70200E0C70200EFC7020089
:108A7000FBC70200307A0200307A0200887A0200D6
:108A8000907A0200F07A0200087B02000BC8020014
:108A90000001000000000000EF780200512563FC97
:108AA000C2CAB9F3849E17A7ADFAE6BCFFFFFFFF69
:108AB000FFFFFFFF00000000FFFFFFFFAAAAAAAA16
:108AC000AAAAAAAAAAAAAAAA5555555555555555AE
:108AD000555555550000000055555555522563FC18
:108AE000C2CAB9F3849E17A7ADFAE6BCFFFFFFFF29
:108AF000FFFFFFFF00000000FFFFFFFF512563FCA9
:108B0000C2CAB9F3849E17A7ADFAE6BCFFFFFFFF08
:108B1000FFFFFFFF00000000FFFFFFFF96C298D895
:108B20004539A1F4A033EB2D817D0377F240A46396
:108B3000E5E6BCF847422CE1F2D1176BF551BF379F
:108B40006840B6CBCE5E316B5733CE2B169E0F7C72
:108B50004AEBE78E9B7F1AFEE242E34F4B60D2273F
:108B60003E3CCE3BF6B053CCB0061D65BC86987635
:108B700055BDEBB3E7933AAAD835C65AFCFFFFFFC1
:108B8000FFFFFFFFFFFFFFFF0000000000000000ED
:108B90000000000001000000FFFFFFFF647261673A
:108BA0006F6F6E2F6C6962732F73636865642F73C8
:108BB00072632F73636865645F68616C5F7274636E
:108BC0002E63000000000328000002290000032893
:108BD00000000229000003280000022900000328E9
:108BE000000000280000042A0000042A00000328D6
:108BF0000000012A0000012A000003280000002ACA
:108C00000000002A000003280000001800000028CF
:108C10000000392A0000392A000003280000382A01
:108C20000000382A00000328000002290000372A2B
:108C30000000372A0000032800000D18000000285B
:108C400000000429000002290000192A0000192A46
:108C50000000032800000F18000000280400AD27C2
:108C60000100060100002A2B00002A2B0000032827
:108C70000000292B0000292B0000032800000229F6
:108C80000000052A0000052A000003280000011842
:108C90000000002864757479207365743A20257586
:108CA00020732077696E646F77206576657279200E
:108CB000257520732028257525252900424F544805
:108CC0002048454C44204C4F57202D2D2073686F71
:108CD00072746564207261696C206F7220474E4423
:108CE0002062726964676500626F74682072656CE7
:108CF00065617365642C20627573206C6F6F6B7394
:108D0000206865616C7468790053434C2048454C79
:108D100044204C4F57202D2D2062726964676520D6
:108D20006F6E2055352E313120286E6F20736C61A7
:108D300076652063616E20646F2074686973290012
:108D40005344412048454C44204C4F57202D2D2062
:108D5000737475636B20736C617665206F7220622B
:108D60007269646765206F6E2055352E31300020A2
:108D7000286170702072657175657374656429006F
:108D80005B424C455D0066696E676572206F6E2CB4
:108D900020616371756972696E67006E6F20666924
:108DA0006E6765720020286E6F2066696E67657257
:108DB000290072696E67206669726D77617265203D
:108DC0007374617274696E670069326330206F7208
:108DD00020626F6F737420726567756C61746F7257
:108DE000206E6F74207265616479004255532020B3
:108DF0002069646C65206C6576656C733A20534419
:108E0000412850302E3230293D25642053434C28D0
:108E100050302E3134293D256420202D3E202573ED
:108E2000004255532020207265636F7665722025BD
:108E3000643A2072633D2564202D3E205344413D19
:108E400025642053434C3D25640042555320202087
:108E500072656C6561736564206166746572202556
:108E600064207265636F7665727920706173732810
:108E700065732900425553202020534441207374C8
:108E8000696C6C206C6F7720616674657220726506
:108E9000636F76657279202D2D206E6F74206120AE
:108EA0006C61746368656420736C6176653B2073E4
:108EB00075737065637420612062726964676520F0
:108EC00066726F6D2055352E31302F53444120741A
:108ED0006F20474E44004D41584D383631363120D1
:108EE0006E6F7420726573706F6E64696E67202890
:108EF0002564292C20617474656D707420256400CC
:108F00007374617465202D3E2025730069646C655F
:108F10000062617474657279202564206D56006D5D
:108F20006F74696F6E2077616B6500626F6F737429
:108F300020656E61626C65206661696C65642028DD
:108F40002564290050504720737461727420666153
:108F5000696C656420282564290073746174652038
:108F60002D3E2025732573006D6561737572696EE2
:108F70006700756E65787065637465642046494660
:108F80004F20746167203078253032782028646162
:108F90007461202575290062656174202020257583
:108FA0002E25752062706D00646320256420206189
:108FB00063202564202050492025642E2564252522
:108FC000202048522025752E25752062706D2025A1
:108FD00073006463202564202061632025642020C1
:108FE00050492025642E2564252520202825732915
:108FF000004649464F2072656164206661696C6570
:10900000642028256429006D61696E003078253060
:1090100032782020626172653D2564202070747270
:109020005F77726974653D2564202073706C697484
:109030003D256428307825303278292020726573E8
:10904000746172743D2564283078253032782900A7
:1090500030782530327820616E73776572656420D0
:1090600062757420504152545F4944206973203026
:1090700078253032782C20657870656374656420BB
:10908000307825303278004D41584D383631363100
:1090900020666F756E6420617420307825303278D8
:1090A0002028504152545F4944203078253032788E
:1090B0002C2052455620307825303278290077729E
:1090C00069746520307825303278203D203078254D
:1090D000303278206661696C656420282564290037
:1090E0005050472072756E6E696E673A2025732C5A
:1090F0002050412030782530327820287E25752E6A
:1091000025303275206D41292C203130302073708C
:1091100073004C45443120677265656E20353330ED
:109120006E6D004C454432204952203838306E6D07
:10913000004C45443320726564203636306E6D0035
:109140006D61786D38363136310009636F6E766542
:109150007273696F6E20726573756C742069732009
:109160006F7574206F662072616E67650A004753E1
:1091700052202020414443206E6F74207265616448
:1091800079002025753D657272002025753D2564A6
:109190006D560047535220202041494E2073636191
:1091A0006E2028696E6465783D6D562C2065787058
:1091B000656374207E353030206F6E2074686520C2
:1091C00050302E3033206F6E65293A2573002063AE
:1091D0006825753D65727225640020636825753DBC
:1091E00025646D56004753522020206368616E6EDF
:1091F000656C20412F422C20696E70757420666961
:109200007865642061742041494E313A25730047E6
:1092100053522020207061746820412F423A20640C
:1092200074207261773D2564206572723D25642F3C
:1092300025642F2564207365717B63683D30782534
:1092400078207265733D2575206F76733D257520F6
:1092500063616C3D25757D207C7C2068616E642097
:109260007261773D2564206572723D25642F256407
:1092700000475352202020647420737065633A20A5
:1092800063685F69643D257520696E7075745F70F1
:109290003D257520696E7075745F6E3D257520647F
:1092A0006966663D2575206761696E3D257520728A
:1092B00065663D2575206163713D25752072657376
:1092C0003D2575002020202869646C6529004753DE
:1092D000522020202564206D56202042454C4F57B7
:1092E0002042494153206279202564206D56202D6B
:1092F0002D2063757272656E7420696E6A65637481
:1093000065642C206E6F7420736B696E0047535236
:109310002020202564206D56202025642E256420E1
:109320007553257300636861726765722061747498
:1093300061636865642C206368617267696E672089
:10934000656E61626C6564006F6E20626174746545
:1093500072792C204344206869676820666F722008
:1093600049324300504D494320202573202873740F
:109370006174757320307825303278290044495360
:1093800041424C4544202843453D31290048494746
:10939000482D5A006E6F7420686967682D5A006402
:1093A000697361626C6564004C534D3644535600DA
:1093B0004C534D36445356313642580020202D2D03
:1093C000206E656172207A65726F3B206F70656EEA
:1093D00020656C656374726F6465732073686F7564
:1093E0006C642069646C6520617420565F52454648
:1093F00020287E353030206D5629007261696C203E
:1094000072656163686573207468652070696E00B9
:10941000535455434B204C4F57202D2D205537206A
:109420006E65766572206765747320706F776572FC
:10943000006E6F6465206672656520286F702D610F
:109440006D70206E6F742064726976696E67206932
:109450007429006E6F64652048454C44204C4F577A
:10946000202D2D20627269646765206F7220433160
:10947000302073686F72740064726976656E20685C
:109480006967680073657269657320696D706564EA
:10949000616E63652C206E6F7420612073686F723B
:1094A000743A206661756C74206973205537202FDB
:1094B000205233202F205234202F20565F52454611
:1094C000207369646500484152442053484F525408
:1094D000206F6E20746865204753525F41444320DB
:1094E0006E65743A2055352E31392C205236206F56
:1094F00072204331300041637469766520426174A3
:10950000746572792C2049324320656E61626C6506
:10951000640048692D5A2C20504D4943204932435C
:10952000204F4646002D2D2D2D20626F6172642044
:1095300073656C662D74657374202D2D2D2D005070
:109540004D494320204251323531323041204030A4
:1095500078253032783A20726573746172743D25D3
:1095600064207074725F77726974653D256420733E
:10957000706C69743D256428307825303278292054
:109580007265675F77726974653D256400504D4967
:10959000432020425132353132304120403078254D
:1095A0003032783A202573202028737461747573E3
:1095B000203078253032782C206661756C747320E9
:1095C0003078253032782900504D49432020636897
:1095D000617267652063757272656E742025642000
:1095E0006D41202D3E203230206D4100504D4943C9
:1095F00020206368617267652063757272656E749E
:10960000202564206D412C2063686172676572209B
:1096100025732C20257320202830783033203D20DE
:109620003078253032782900504D4943202054535A
:109630002025732C206661756C743A2025732020D8
:109640002830783032203D2030782530327829009B
:10965000504D494320205453206D6F6E69746F72D2
:109660002064697361626C656420286E6F204E54BB
:1096700043206669747465642900504D4943202075
:109680006E6F2063686172676572207072657365C2
:109690006E74202D2D2043442068656C6420686919
:1096A000676820666F722049324300504D4943205D
:1096B00020636861726765722064657465637465B0
:1096C00064202D2D2043442064726976656E206CE1
:1096D0006F7720746F20656E61626C6520636861CE
:1096E0007267696E6700504D49432020616674655A
:1096F0007220656E61626C653A20257320202873A4
:109700007461747573203078253032782900504D9B
:109710004943202056494E206F766572766F6C74EF
:1097200061676500504D4943202056494E20756EB3
:10973000646572766F6C7461676500504D494320B3
:1097400020626174746572792055564C4F00504DFB
:109750004943202062617474657279206F76657266
:1097600063757272656E74004241545420207265B4
:109770006164206661696C65642028256429004263
:1097800041545420202564206D562020282575251D
:1097900025206F6620564241545245472C202B2FDE
:1097A0002D3432206D56206D6F6E69746F72207289
:1097B00065736F6C7574696F6E2900494D55202073
:1097C000204C534D36445356204030782530327863
:1097D0003A206E6F20616E737765722028256429A8
:1097E00000494D55202020756E6B6E6F776E2057A7
:1097F000484F5F414D5F49203078253032782061F5
:10980000742030782530327800494D55202020438F
:1098100054524C31207772697465206661696C65B9
:1098200064202825642900494D5520202061636368
:10983000656C2072656164206661696C65642028CE
:1098400025642900494D552020202573204030787B
:1098500025303278202857484F5F414D5F492030EE
:109860007825303278293A20616363656C2025645D
:1098700020256420256420202D3E20256420256499
:10988000202564206D6700475352202020726561B7
:1098900064206661696C656420282564290047534B
:1098A0005220202041494E31202850302E3033297B
:1098B000203D202564206D56207769746820475329
:1098C000525F505752206F6E2573002025753D253D
:1098D0006400475352202020647572696E672073BC
:1098E000776565703A204753525F50575220504970
:1098F0004E5F434E463D307825303878204F5554E2
:109900003D257500475352202020736574746C65A3
:1099100020737765657020286D733D6D56293A2553
:1099200073004753522020204753525F505752280C
:1099300050302E3131292064726976656E20686955
:109940003D2564206C6F3D2564202D3E202573004D
:109950004753522020204753525F41444328503000
:109960002E3033292070756C6C2D75703D25642068
:1099700070756C6C2D646F776E3D2564202D3E20D4
:109980002573004753522020204753525F414443E0
:1099900020666F7263656420686967683A20726543
:1099A000616473202564202D3E2025730050494EAC
:1099B0005320204344202850312E303929203D2087
:1099C0002564205B25735D2C20204143435F494E75
:1099D00054202850302E313629203D202564002D7A
:1099E0002D2D2D2073656C662D7465737420646F46
:1099F0006E65202D2D2D2D006E6F726D616C006FC8
:109A00007574206F662072616E6765202D20434853
:109A1000415247494E472053555350454E444544C3
:109A200000636F6F6C202D2063686172676520632F
:109A3000757272656E742068616C7665640077611A
:109A4000726D202D2063686172676520766F6C747B
:109A5000616765207265647563656400636861723F
:109A6000676520646F6E65004641554C5400736510
:109A70006C6674657374007075626C696300726102
:109A80006E646F6D007075626C69632D696400723D
:109A9000616E646F6D2D696400253032583A25304F
:109AA00032583A253032583A253032583A25303239
:109AB000583A253032582028257329006F666600F1
:109AC000636F6E74726F6C3A2050504720737472DB
:109AD00065616D696E6720257300636F6E74726FC8
:109AE0006C3A20494D552073747265616D696E67DB
:109AF00020257300636F6E74726F6C3A206D656120
:109B000073757265206E6F7700636F6E74726F6C21
:109B10003A20647574792025752073206576657206
:109B200079202575207300636F6E74726F6C3A2014
:109B3000756E6B6E6F776E206F70636F646520302B
:109B4000782530327800636F6E6E656374656420CB
:109B5000746F20257300636F6E6E656374696F6E3A
:109B6000206661696C656420283078253032782958
:109B700000646973636F6E6E656374656420287238
:109B80006561736F6E2030782530327829006274F9
:109B90005F656E61626C65206661696C6564202832
:109BA000256429006164766572746973696E672043
:109BB0006661696C656420746F20737461727420CF
:109BC00028256429006164766572746973696E671B
:109BD0002061732025732C2061646472202573003A
:109BE00052696E67205050470073657276696365ED
:109BF000733A20486561727420526174652C20426A
:109C00006174746572792C2052696E67006E6F20E2
:109C1000616E7377657220617420307825303278F8
:109C2000202825642900756E657870656374656405
:109C30002057484F5F414D5F4920307825303278BA
:109C400000257320617420307825303278006472EA
:109C50006976656E206C6F7720286E657420696E5A
:109C60007461637429004F50454E2C206E6F7468E8
:109C7000696E672064726976696E672050302E3194
:109C80003600696E636F6E73697374656E74006419
:109C9000726976656E2068696768202861737365EC
:109CA00072746564290070696E2043414E206472AD
:109CB00069766520686967683B2077616B6520720B
:109CC0006F7574696E6720697320746865206661BA
:109CD000756C740070696E20535455434B204C4F83
:109CE000573B20494E5431206F7574707574207342
:109CF0007461676520697320746865206661756C9E
:109D000074006E657420636C65616E2C20494D553E
:109D10002072656C6561736573206974004143430B
:109D20005F494E542048454C44204C4F572065789D
:109D30007465726E616C6C79202D2D2073686F7262
:109D40007420746F20474E44206F722064656164F4
:109D50002070616400726561646261636B204241DE
:109D60004E4B3D3078253032782049465F43464798
:109D70003D307825303278204354524C313D307894
:109D800025303278205441505F434647303D30788B
:109D90002530327820494E4143545F4455523D307E
:109DA000782530327800726561646261636B205798
:109DB000414B455F5448533D307825303278205729
:109DC000414B455F4455523D307825303278204D27
:109DD00044315F4346473D30782530327820465540
:109DE0004E435F454E3D307825303278006E6F74BB
:109DF00020696E20746865206D61696E20726567E8
:109E000069737465722062616E6B202846554E43FB
:109E10005F4346475F4143434553533D30782530C8
:109E2000327829202D2D2065766572792077726928
:109E300074652061626F76652077656E7420746F3B
:109E4000207468652077726F6E67207061676500A7
:109E5000494E5431206973206F70656E2D647261B4
:109E6000696E202849465F4346473D3078253032A9
:109E7000782920616E64204143435F494E54206835
:109E80006173206E6F2070756C6C2D7570202D2D98
:109E90002069742063616E206E657665722064723D
:109EA000697665206869676800494E543120697396
:109EB000206163746976652D6C6F77202849465F51
:109EC0004346473D3078253032782920627574202A
:109ED000746865204750494F2069732061726D6531
:109EE0006420666F72206120726973696E672065F5
:109EF0006467650077616B6520636F6E66696720D4
:109F0000646964206E6F7420737469636B004143ED
:109F1000435F494E54206E657420746573743A2013
:109F200070756C6C2D75703D25642070756C6C2D92
:109F3000646F776E3D256420202D3E2025730049F7
:109F40004E543120647269766520746573742028DC
:109F5000445244595F584C2C203430206D73293AB8
:109F60002025642F3430302073616D706C65732050
:109F700068696768202D3E2025730050302E3136E9
:109F80002050494E5F434E463D307825303878208A
:109F9000204449523D257520494E5055543D257564
:109FA0002050554C4C3D2575202833203D207075A0
:109FB0006C6C2D75702900494E54312072656C65AA
:109FC000617365207465737420286F70656E2D64ED
:109FD0007261696E202B2070756C6C2D7570293A3A
:109FE0002070696E3D2564202D3E20257300776129
:109FF0006B652D6F6E2D6D6F74696F6E2061726D64
:10A0000065643A202575206D672028574B5F5448BA
:10A01000533D257529202D3E20494E5431202D3E9B
:10A020002050302E25640020203C2D2D2057555FD8
:10A0300049410077616B6520646961673A20494E48
:10A0400054312070696E3D25642057414B455F5562
:10A05000505F5352433D30782530327820414C4C8C
:10A060005F494E545F5352433D307825303278205B
:10A070006973725F666C61673D256C642573006966
:10A080006D75006865617020636F727275707469B8
:10A090006F6E20286E6F7420696E207573653F297E
:10A0A000206174202570006865617020636F727292
:10A0B000757074696F6E2028627566666572206FB0
:10A0C000766572666C6F773F292061742025700079
:10A0D0006865617020636F7272757074696F6E204D
:10A0E00028646F75626C6520667265653F29206122
:10A0F00074202570006F735F686561700028756E4D
:10A100007369676E6564292063686172202A20750F
:10A1100073656420666F72202525702061726775F3
:10A120006D656E742E2049742773207265636F6DA0
:10A130006D656E64656420746F206361737420695B
:10A140007420746F20766F6964202A2062656361D1
:10A15000757365206974206D61792063617573651D
:10A16000206D69736265686176696F7220696E201F
:10A170006365727461696E20636F6E66696775727C
:10A180006174696F6E732E20537472696E673A2220
:10A1900025732220617267756D656E743A256400BF
:10A1A00063627072696E74665F7061636B6167652C
:10A1B000007379735F6765746F7074006C6F6767A5
:10A1C000696E67006C6F67006C6F675F6D676D74B9
:10A1D000004D65737361676520282225732229204D
:10A1E00064726F7070656420626563617573652069
:10A1F000697420657863656564732073697A652086
:10A200006C696D69746174696F6E20282575290009
:10A210004D6573736167652064726F70706564204B
:10A22000626563617573652069742065786365652F
:10A2300064732073697A65206C696D6974617469EF
:10A240006F6E2028257529000D0A001B5B306D00FC
:10A25000257320005B2530386C755D20005B253050
:10A2600032753A253032753A253032752E25303325
:10A27000752C253033755D20003C25733E2000256C
:10A28000732F0025733A20002530327820002020DB
:10A2900020007C002563001B5B313B33316D001BCC
:10A2A0005B313B33336D0077726E00696E6600641C
:10A2B0006267006C6F675F6261636B656E645F729B
:10A2C000747400485253206E6F74696669636174D8
:10A2D000696F6E7320257300485253204354524CCB
:10A2E00020506F696E74205772697474656E2025F2
:10A2F000640068727300424153204E6F746966694E
:10A30000636174696F6E7320257300626173002A44
:10A310002A2A20426F6F74696E67206E524620436E
:10A320006F6E6E6563742053444B2076332E342E4B
:10A33000302D393935353330353536303762202ACE
:10A340002A2A0A002A2A2A205573696E67205A652C
:10A3500070687972204F532076342E342E302D625F
:10A360006638303165346533643139202A2A2A0A47
:10A370000072302F61313A20203078253038782033
:10A380002072312F61323A20203078253038782001
:10A390002072322F61333A2020307825303878000F
:10A3A00072332F61343A202030782530387820728B
:10A3B00031322F69703A2020307825303878207279
:10A3C00031342F6C723A20203078253038780020D4
:10A3D000787073723A2020307825303878004661E2
:10A3E000756C74696E6720696E73747275637469D5
:10A3F0006F6E206164647265737320287231352F2B
:10A400007063293A2030782530387800556E6861BD
:10A410006E646C6564204952516E3A202564002AAE
:10A420002A2A2A2A205553414745204641554C5453
:10A43000202A2A2A2A2A0020204469766973696F13
:10A440006E206279207A65726F002020556E616CF3
:10A4500069676E6564206D656D6F727920616363F5
:10A460006573730020204E6F20636F70726F636599
:10A4700073736F7220696E737472756374696F6E33
:10A4800073002020496C6C6567616C206C6F61649F
:10A49000206F66204558435F52455455524E2069FF
:10A4A0006E746F205043002020496C6C6567616CAE
:10A4B00020757365206F662074686520455053527F
:10A4C000002020417474656D707420746F2065786D
:10A4D000656375746520756E646566696E65642074
:10A4E000696E737472756374696F6E002A2A2A2A02
:10A4F0002A20425553204641554C54202A2A2A2AC4
:10A500002A002020537461636B696E672065727244
:10A510006F72002020556E737461636B696E6720E3
:10A520006572726F720020205072656369736520D6
:10A530006461746120627573206572726F720020AD
:10A54000204246415220416464726573733A203060
:10A55000782578002020496D7072656369736520E5
:10A560006461746120627573206572726F7200207D
:10A5700020496E737472756374696F6E20627573AF
:10A58000206572726F72002020466C6F6174696E74
:10A59000672D706F696E74206C617A7920737461B5
:10A5A000746520707265736572766174696F6E2070
:10A5B0006572726F72002A2A2A2A2A204D5055206D
:10A5C0004641554C54202A2A2A2A2A002020537416
:10A5D00061636B696E67206572726F722028636FAA
:10A5E0006E746578742061726561206D6967687446
:10A5F000206265206E6F742076616C69642900208A
:10A600002044617461204163636573732056696FF0
:10A610006C6174696F6E0020204D4D46415220419F
:10A620006464726573733A2030782578002020497D
:10A630006E737472756374696F6E204163636573C2
:10A64000732056696F6C6174696F6E005265736533
:10A650007276656420457863657074696F6E202832
:10A660000053707572696F757320696E74657272CC
:10A6700075707420284952512000535053454C2086
:10A68000696E20746872656164206D6F6465206412
:10A690006F6573206E6F7420696E646963617465A1
:10A6A00020505350002A2A2A2A2A20484152442066
:10A6B0004641554C54202A2A2A2A2A002020427535
:10A6C00073206661756C74206F6E20766563746F9D
:10A6D00072207461626C65207265616400202044A0
:10A6E00065627567206576656E7400202046617529
:10A6F0006C7420657363616C6174696F6E2028737C
:10A7000065652062656C6F772900415243485F455B
:10A710005843455054207769746820726561736F9F
:10A720006E2025780A002A2A2A2A2A204465627582
:10A7300067206D6F6E69746F7220657863657074E1
:10A74000696F6E202A2A2A2A2A002A2A2A2A2A20DF
:10A75000257320256429202A2A2A2A2A006D70754B
:10A76000004661696C656420746F20616C6C6F6376
:10A77000617465206E6577204D505520726567695C
:10A780006F6E2025750A00506172746974696F6E6E
:10A790002025753A20636F686572656E6365206376
:10A7A0006865636B206661696C65642E00464C4188
:10A7B00053485F30005352414D5F300065786974F3
:10A7C000006E65745F627566006E65745F627566C3
:10A7D0005F73696D706C6500736F630062745F72A4
:10A7E0007061004254204C572057510062745F62E0
:10A7F00075660062745F6461746100446174612015
:10A80000627566666572206F766572666C6F77201A
:10A81000286C696E6B207479706520307825303231
:10A82000782900556E61626C6520746F206C6F6FC3
:10A830006B20757020636F6E6E2077697468206876
:10A84000616E646C6520257500556E61626C6520D3
:10A85000746F206C6F6F6B757020636F6E6E206607
:10A860006F722068616E646C6520257500486172A6
:10A870006477617265206572726F722C20686172F4
:10A88000647761726520636F64653A2025640043D4
:10A890006F756C64206E6F74207375626D697420BF
:10A8A00072785F776F726B3A20256400556E616233
:10A8B0006C6520746F20616C6C6F636174652062DD
:10A8C000756666657200556E68616E646C656420BD
:10A8D0006576656E7420307825303278206C656E30
:10A8E0002025753A20257300657674206E756D5F9E
:10A8F00068616E646C657320283D25752920746F2E
:10A900006F206C617267652028257A75203E2025AE
:10A910007529004E6F20636F6E6E656374696F6E8C
:10A9200020666F722068616E646C6520257500700A
:10A9300061636B65747320636F756E74206D6973EA
:10A940006D6174636800546F6F20736D616C6C206F
:10A9500028257520627974657329206576656E7483
:10A960002030782530327800496E76616C69642039
:10A97000484349206576656E742073697A6520289E
:10A9800025752900496E76616C6964204C45206DFF
:10A99000657461206576656E742073697A65202818
:10A9A00025752900574553545F544F504449522F41
:10A9B0007A65706879722F7375627379732F626C20
:10A9C0007565746F6F74682F686F73742F6863692F
:10A9D0005F636F72652E63006576745F666C616796
:10A9E000732026202831554C203C3C202830292932
:10A9F00000415353455254494F4E204641494C2043
:10AA00005B25735D20402025733A25640A00496E5A
:10AA100076616C69642062756620747970652025A2
:10AA20007500496E76616C69642048434920414352
:10AA30004C207061636B65742073697A65202825EA
:10AA400075290041434C2064617461206C656E6718
:10AA50007468206D69736D617463682028257520A2
:10AA6000213D2025752900556E61626C6520746F4B
:10AA70002066696E6420636F6E6E20666F72206858
:10AA8000616E646C652025750062745F6863695F40
:10AA90006576745F6765745F666C61677328686468
:10AAA000722D3E657674292026202831554C203C95
:10AAB0003C202831292900556E6B6E6F776E20621D
:10AAC0007566207479706520257500556E68616E15
:10AAD000646C65642076656E646F722D7370656357
:10AAE00069666963206576656E742030782530323A
:10AAF00078206C656E2025753A202573004E6F20F6
:10AB0000636F6D6D616E642073656E7420666F7225
:10AB100020636D6420636F6D706C657465203078A0
:10AB200025303478004F70436F64652030782530CD
:10AB3000347820636F6D706C6574656420696E7322
:10AB400074656164206F6620657870656374656400
:10AB50002030782530347800696E74657276616CC7
:10AB60002065786365656473207468652076616C20
:10AB700069642072616E6765202575207573006CAD
:10AB80006174656E637920657863656564732074AC
:10AB900068652076616C69642072616E676520303B
:10ABA000782530347800737570765F74696D656FE1
:10ABB00075742065786365656473207468652076B4
:10ABC000616C69642072616E67652030782530346D
:10ABD00078004E6F2070656E64696E6720706572D4
:10ABE0006970686572616C20636F6E6E656374690D
:10ABF0006F6E00556E65787065637465642073745C
:10AC000061747573203078253032782025730046C2
:10AC100061696C656420746F20736574207265715E
:10AC20007569726564207365637572697479206CE7
:10AC30006576656C004E6F206368616E6765207491
:10AC40006F20656E6372797074696F6E20737461C2
:10AC500074652028656E63727970742030782530B1
:10AC600032782900756E6B6E6F776E005B305D0019
:10AC7000484349207472616E73706F72743A202574
:10AC80007300534443004964656E74697479257395
:10AC90003A202573004964656E746974795B256494
:10ACA0005D3A202573004843493A207665727369FE
:10ACB0006F6E202573202830782530327829207255
:10ACC00065766973696F6E203078253034782C2072
:10ACD0006D616E756661637475726572203078257A
:10ACE000303478004C4D503A2076657273696F6E3F
:10ACF000202573202830782530327829207375621A
:10AD00007665722030782530347800556E61626C3B
:10AD10006520746F2073656E6420746F206472699F
:10AD2000766572202865727220256429006572722A
:10AD3000203D3D20300009436F6E74726F6C6C656E
:10AD40007220756E726573706F6E736976652C20F4
:10AD5000636F6D6D616E64206F70636F646520302A
:10AD600078253034782074696D656F757420776943
:10AD70007468206572722025640A006F70636F64C6
:10AD800065203078253034782073746174757320B1
:10AD9000307825303278202573004661696C65640F
:10ADA00020746F207265616420444C45206D617889
:10ADB0002064617461206C656E0074785F6F6374E9
:10ADC00065747320657863656564732074686520B5
:10ADD00076616C69642072616E6765202575007408
:10ADE000785F74696D652065786365656473207448
:10ADF00068652076616C69642072616E67652025E4
:10AE000075004E6F2070656E64696E6720636F6EAB
:10AE10006E20666F722070656572202573004E6F1C
:10AE20006E2D4C452063617061626C6520636F6EAE
:10AE300074726F6C6C6572206465746563746564AC
:10AE400021004E756D206F6620436F6E74726F6CBB
:10AE50006C657227732041434C207061636B65748D
:10AE60007320213D2041434C2062745F636F6E6EFE
:10AE70005F747820636F6E7465787473202825750D
:10AE800020213D202575290041434C2042522F4569
:10AE900044522062756666657273206E6F74206915
:10AEA0006E697469616C697A65640056656E646F79
:10AEB000722048434920657874656E73696F6E73BC
:10AEC000206E6F7420617661696C61626C65004808
:10AED0005720506C6174666F726D3A20257320287C
:10AEE00030782530347829004857205661726961DE
:10AEF0006E743A2025732028307825303478290064
:10AF00004669726D776172653A2025732028307822
:10AF100025303278292056657273696F6E20257549
:10AF20002E2575204275696C64202575004661697F
:10AF30006C656420746F2072656164207375707035
:10AF40006F727465642076656E646F7220636F6DD6
:10AF50006D616E6473004661696C656420746F2076
:10AF60007265616420737570706F727465642076A9
:10AF7000656E646F722066656174757265730048F2
:10AF8000434920647269766572206973206E6F741C
:10AF90002072656164790042542052582057510054
:10AFA00048434920647269766572206F70656E202F
:10AFB0006661696C65642028256429004F757420DA
:10AFC0006F6620636F6D6D616E6420627566666585
:10AFD000727300556E657870656374656420484FC0
:10AFE00053545F4E554D5F434F4D504C455445446F
:10AFF0005F5041434B4554532C20737461747573F7
:10B000002030782530327820257300556E636C65CA
:10B01000617265642070656E64696E672073656E29
:10B02000745F636D6400312E306200312E31003167
:10B030002E3200322E3000322E3100332E300034CA
:10B040002E3000342E3100342E3200352E300035B3
:10B050002E3100352E3200352E3300352E34003699
:10B060002E3000362E3100362E3200362E3300536D
:10B0700074616E6461726420426C7565746F6F7484
:10B080006820636F6E74726F6C6C65720056656ECB
:10B09000646F7220737065636966696320636F6EA5
:10B0A00074726F6C6C6572004669726D776172655F
:10B0B000206C6F6164657200526573637565206909
:10B0C0006D616765007265736572766564006E52C6
:10B0D00046353178006E5246353278006E5246352C
:10B0E0003378006E524635344878006E5246353417
:10B0F0004C7800496E74656C20436F72706F72619A
:10B1000074696F6E004E6F726469632053656D6978
:10B11000636F6E647563746F72004E585020536590
:10B120006D69636F6E647563746F727300457370DD
:10B130007265737369662053797374656D73006209
:10B14000745F6863695F636F726500636D64206438
:10B150006973616C6C6F776564004661696C6564E6
:10B1600020746F2064697361626C6520616464722D
:10B17000657373207265736F6C7574696F6E0052BE
:10B1800065736F6C76696E67206C69737420736980
:10B190007A652065786365656465642E20537769F8
:10B1A000746368696E6720746F20686F73742E0013
:10B1B0004661696C656420746F20636C6561722000
:10B1C0007265736F6C7574696F6E206C697374004F
:10B1D0004661696C656420746F2061646420495223
:10B1E0004B20746F20636F6E74726F6C6C657200AD
:10B1F0005365742070726976616379206D6F646540
:10B2000020636F6D6D616E64206973206E6F7420B2
:10B21000737570706F72746564004661696C656403
:10B2200020746F2073657420707269766163792071
:10B230006D6F64650044697361626C696E6720615B
:10B24000646472657373207265736F6C7574696F73
:10B250006E206661696C65642028657272202564C1
:10B2600029004661696C656420746F2072656D6F9A
:10B2700076652049524B2066726F6D20636F6E7445
:10B28000726F6C6C6572004F6E6C792072616E64C7
:10B290006F6D20737461746963206964656E74698D
:10B2A0007479206164647265737320737570706F54
:10B2B0007274656400496E76616C696420696E70B1
:10B2C000757420706172616D65746572730046619A
:10B2D000696C656420746F207265616420707562AA
:10B2E0006C696320616464726573730052656164A4
:10B2F000205374617469632041646472657373657B
:10B300007320636F6D6D616E64206E6F7420617663
:10B3100061696C61626C65004661696C656420748A
:10B320006F20726561642073746174696320616465
:10B3300064726573736573004E6F20737461746912
:10B3400063206164647265737365732073746F72D4
:10B35000656420696E20636F6E74726F6C6C6572C9
:10B360000043616E27742073657420626F746820D7
:10B370004944454E544954592026204E52504100CC
:10B38000556E61626C6520746F207365742069640A
:10B39000656E7469747920616464726573730055B5
:10B3A0006E61626C6520746F207365742072616ECB
:10B3B000646F6D20616464726573730062745F69A9
:10B3C0006400546F6F2062696720616476657274EF
:10B3D0006973696E672064617461004661696C65B8
:10B3E0006420746F20737461727420616476657276
:10B3F0007469736572004661696C656420746F20BE
:10B4000073746F70206164766572746973696E67B6
:10B410003A2025640062745F616476004661696C5D
:10B42000656420746F2067656E6572617465204580
:10B430004343206B6579202564004661696C65642F
:10B4400020746F206578706F7274204543432070BC
:10B4500075626C6963206B657920256400466169BB
:10B460006C656420746F206578706F72742045433A
:10B47000432070726976617465206B65792025645C
:10B48000004661696C656420746F20646573747232
:10B490006F7920454343206B65792049442025641A
:10B4A000004661696C656420746F20696D706F720D
:10B4B00074207468652070726976617465206B65AC
:10B4C0007920666F72206B65792061677265656DA2
:10B4D000656E7420256400526177206B6579206168
:10B4E000677265656D656E74206661696C65642060
:10B4F0002564004661696C656420746F206465731F
:10B5000074726F7920746865206B657920256400FA
:10B510007073615F696D706F72745F6B65792829F4
:10B520002072657475726E656420737461747573CE
:10B53000202564004275737920706572666F726DA4
:10B54000696E6720616E6F74686572204543444878
:10B55000206F7065726174696F6E0062745F6563FD
:10B5600063004661696C6564207265616420726580
:10B570006D6F74652066656174757265732028252A
:10B5800064290050485920307825303278206E6F79
:10B590007420737570706F72746564004661696CB5
:10B5A000656420746F207365742064617461206C1D
:10B5B000656E202825642900556E65787065637472
:10B5C0006564206669727374204C32434150206672
:10B5D00072616D6500556E65787065637465642091
:10B5E0004C3243415020636F6E74696E75617469AB
:10B5F0006F6E004E6F7420656E6F756768206275A0
:10B600006666657220737061636520666F72204C98
:10B6100032434150206461746100556E65787065F5
:10B62000637465642041434C20666C616773202815
:10B63000307825303278290041434C206C656E20EB
:10B640006D69736D6174636820282575203E20251F
:10B6500075290028756E6B6E6F776E29006E6F20EE
:10B660007472616E736974696F6E20257300496E20
:10B6700076616C69642028257529206F6C642073BD
:10B680007461746500636F6E6E2025702066616959
:10B690006C656420746F2065737461626C69736893
:10B6A0002E205246206E6F6973653F006E6F2076C4
:10B6B000616C696420282575292073746174652084
:10B6C0007761732073657400696E636F6D70617468
:10B6D00069626C652068616E646C65202575005434
:10B6E000696D656F75742064697363617264656404
:10B6F0002E204E6F20626C6F636B696E6720696EDF
:10B700002073797377712E00466174616C206572C5
:10B71000726F7220282564292E20446973636F6E2E
:10B720006E656374696E6720257000466F756E6480
:10B730002076616C696420636F6E6E656374696FF7
:10B740006E202825702920776974682061646472EE
:10B7500065737320257320696E20257320737461CF
:10B760007465200053656E64204C452070617261E1
:10B770006D20757064617465206661696C65642014
:10B7800028657272202564290053656E64206175F6
:10B79000746F204C4520706172616D20757064611A
:10B7A0007465206661696C65642028657272202565
:10B7B000642900646973636F6E6E65637465640009
:10B7C000646973636F6E6E6563742D636F6D706C07
:10B7D000657465007363616E2D6265666F72652DB9
:10B7E000696E6974696174696E6700696E6974690C
:10B7F0006174696E672D66696C7465722D6C69730E
:10B8000074006164762D636F6E6E65637461626C43
:10B8100065006164762D6469722D636F6E6E656379
:10B820007461626C6500646973636F6E6E656374E6
:10B83000696E670062745F636F6E6E00556E616261
:10B840006C6520746F20616C6C6F6361746520623D
:10B85000756666657220666F72206F70203078257D
:10B86000303278004E6F20617661696C61626C6580
:10B87000204C3243415020636F6E746578742066AB
:10B880006F7220636F6E6E2025700045787065635F
:10B8900074696E6720757020746F2025642072654E
:10B8A00066732C20676F7420256400616C7265617B
:10B8B000647920686176652076696577206F6E20EF
:10B8C0002570004C32434150206C656E67746820CF
:10B8D0006D69736D617463682028257520213D2092
:10B8E00025752900496E76616C6964206964656E0E
:10B8F000742076616C756520696E204C324341502E
:10B900002050445500496E76616C6964204C452096
:10B91000636F6E6E20706172616D20727370207340
:10B92000697A652028257520213D20257A75290012
:10B9300052656A656374696E6720756E6B6E6F77AA
:10B940006E204C324341502050445520636F646553
:10B950002030782530327800546F6F20736D616C21
:10B960006C204C32434150207369676E616C696E84
:10B97000672050445500546F6F20736D616C6C20CC
:10B980004C324341502050445520726563656976BE
:10B9900065640049676E6F72696E672064617461E7
:10B9A00020666F7220756E6B6E6F776E20636861B4
:10B9B0006E6E656C20494420307825303478006301
:10B9C0006F6E6669670062745F6C3263617000411C
:10B9D0005454206368616E6E656C206E6F742063D2
:10B9E0006F6E6E6563746564004572726F7220736A
:10B9F00069676E696E6720646174610052616E20D0
:10BA00006F7574206F662054582062756666657283
:10BA100073206F7220636F6E74657874732E0046A6
:10BA200061696C656420746F207375626D69742040
:10BA30006174745F74785F64657374726F795F7733
:10BA40006F726B3A20256400556E61626C652074DC
:10BA50006F20637265617465206572722072737005
:10BA60002050445500415454204D5455206578636E
:10BA700065656465642C206D61782025752C2077C0
:10BA8000616E74656420257A7500556E61626C651F
:10BA900020746F206372656174652072737020502A
:10BAA000445500546F6F20736D616C6C2041545489
:10BAB0002050445520726563656976656400556E53
:10BAC00068616E646C65642041545420636F6465E2
:10BAD0002030782530327800496E76616C696420B8
:10BAE0006C656E20257520666F7220636F6465201B
:10BAF00030782530327800556E61626C6520746F45
:10BB00002063726561746520555549443A20736914
:10BB10007A6520257500556E61626C6520746F2012
:10BB200063726561746520555549443A2073697A9A
:10BB300065202564004E6F20617661696C61626CDE
:10BB4000652041545420636F6E7465787420666F6D
:10BB50007220636F6E6E202570004E6F20617661DB
:10BB6000696C61626C6520415454206368616E6E3B
:10BB7000656C20666F7220636F6E6E202570004EBC
:10BB80006F7420636F6E6E656374656400556E61DB
:10BB9000626C6520746F2066696E64204154542085
:10BBA0006368616E6E656C00476F74206572722009
:10BBB00025642C206E6F742063616C6C696E672045
:10BBC000415454206362004661696C656420746F5F
:10BBD0002072652D7375626D69742025733A202576
:10BBE00064004E6F20415454206368616E6E656C32
:10BBF00020666F72204D545520257A75004E6F20B7
:10BC000070656E64696E6720415454207265717569
:10BC100065737400446973636F6E6E656374696EF7
:10BC200067206661696C65642028657272202564EE
:10BC300029004154542054696D656F757420666FF6
:10BC400072206465766963652025732E20446973CC
:10BC5000636F6E6E656374696E672E2E2E00556E6F
:10BC600061626C6520746F20637265617465207217
:10BC70006574727920504455202825752900627416
:10BC80005F61747400434D41432075706461746555
:10BC9000206661696C656420256400756E61626C64
:10BCA0006520746F20736176652053433A206E6F70
:10BCB00020636667206C656674004E6F2073706148
:10BCC000636520746F2073746F7265204343432053
:10BCD000636667004E6F20737061636520746F2028
:10BCE00073746F726520436C69656E742053757050
:10BCF000706F727465642046656174757265730057
:10BD0000556E61626C6520746F20696D706F72741E
:10BD100020746865206B657920666F7220414553F9
:10BD200020434D414320256400434D4143206F7023
:10BD300065726174696F6E20696E697420666169ED
:10BD40006C656420256400434D41432066696E693B
:10BD50007368206661696C656420256400526561C2
:10BD600064206D6574686F64206E6F7420736574F1
:10BD7000004661696C656420746F2072656164209F
:10BD8000617474726962757465202570202865720B
:10BD90007220257A642900496E76616C696420728C
:10BDA000656164206C656E6774683A20257A64006A
:10BDB000434343202570206E6F742077726974614D
:10BDC000626C6500534320726573746F72652069FD
:10BDD0006E6469636174696F6E206661696C656425
:10BDE000004661696C656420746F2073657420730C
:10BDF0006563757269747920666F7220626F6E6414
:10BE00006564207065657220282564290062745F6E
:10BE10006761747400556E61626C6520746F206692
:10BE2000696E6420534D50206368616E6E656C00CE
:10BE30005075626C6963206B6579206E6F74206148
:10BE40007661696C61626C65004661696C6564204D
:10BE5000746F2067656E65726174652044484B6538
:10BE6000790043616C63756C61746520636F6E6605
:10BE700069726D206661696C656400556E6B6E6FEA
:10BE8000776E2070616972696E67206D6574686F86
:10BE90006420282575290043616C63756C617465A5
:10BEA000204C544B206661696C65640043616C638F
:10BEB000756C617465206C6F63616C2044484B65E0
:10BEC0007920636865636B206661696C6564004313
:10BED000616C63756C6174652072656D6F7465204B
:10BEE00044484B657920636865636B206661696CC3
:10BEF00065640052656D6F7465207075626C69636E
:10BF0000206B65792072656A6563746564005265AB
:10BF10006D6F7465206973207573696E6720446561
:10BF2000627567205075626C6963206B6579005299
:10BF30006563656976656420696E76616C69642005
:10BF40007075626C6963206B6579004E6F20617655
:10BF500061696C61626C6520534D5020636F6E7433
:10BF600065787420666F7220636F6E6E2025700096
:10BF7000556E61626C6520746F20676574206B6517
:10BF8000797320666F722025730054686520696E8E
:10BF90002D70726F67726573732070616972696E5C
:10BFA0006720686173206265656E2064656C6574E6
:10BFB00065642100534D5020646F6573206E6F746B
:10BFC00020616C6C6F7720612070616972696E67A7
:10BFD000206661696C75726520617420746869738C
:10BFE00020706F696E742E204B6E6F776E206973B0
:10BFF0007375652E20446973636F6E6E6563746933
:10C000006E6720696E73746561642E00546F6F20D3
:10C01000736D616C6C20534D5020504455207265F7
:10C0200063656976656400534D5020636F6D6D6183
:10C030006E642028636F646520307825303278295B
:10C040002072656365697665642061667465722037
:10C0500074696D656F7574005265636569766564B2
:10C0600020726573657276656420534D5020636F4E
:10C0700064652030782530327800556E68616E64D2
:10C080006C656420534D5020636F646520307825C3
:10C0900030327800556E657870656374656420533E
:10C0A0004D5020636F646520307825303278004928
:10C0B0006E76616C6964206964656E746974792058
:10C0C0002573005265667573696E67206E6577200B
:10C0D00070616972696E672E20546865206F6C64A8
:10C0E00020626F6E64206D75737420626520756EBA
:10C0F0007061697265642066697273742E00706184
:10C100006972696E67206661696C65642028706574
:10C11000657220726561736F6E2030782578290012
:10C120004E6F206B65797320737061636520666F55
:10C130007220257300534D502054696D656F7574DE
:10C140002028666C6167733A307825303878206132
:10C150006C6C6F7765645F636D64733A307825301B
:10C160003878290062745F736D700062745F6B656C
:10C1700079730062745F63727970746F00466169ED
:10C180006C656420746F20696D706F727420414516
:10C1900053206B6579202564004661696C656420D5
:10C1A000746F20636F6D70757465204D4143202559
:10C1B000640043616E6E6F742073746172742073D7
:10C1C000616D706C696E673A202564004661696C28
:10C1D000656420746F20696E697469616C697A6541
:10C1E000206465766963653A202573004661696C51
:10C1F000656420746F20736574206275666665726D
:10C200003A20256400496E76616C69642073656C20
:10C21000656374696F6E206F66206368616E6E651A
:10C220006C73004368616E6E656C202575206E6FBF
:10C230007420636F6E66696775726564004E6F2067
:10C240006368616E6E656C20636F6E666967757298
:10C25000656400414443207265736F6C7574696F47
:10C260006E2076616C7565202564206973206E6F81
:10C27000742076616C6964004F76657273616D70CD
:10C280006C696E6720697320737570706F72746566
:10C290006420666F722073696E676C6520636861E5
:10C2A0006E6E656C206F6E6C79004F76657273618F
:10C2B0006D706C696E672076616C756520256420F1
:10C2C0006973206E6F742076616C69640050726FC0
:10C2D000766964656420627566666572206973209C
:10C2E000746F6F20736D616C6C202825752F257518
:10C2F0002900496E76616C6964206368616E6E65C1
:10C300006C2049443A2025640053656C656374656C
:10C310006420414443206761696E206973206E6F19
:10C32000742076616C69640053656C656374656440
:10C3300020414443207265666572656E63652069BD
:10C3400073206E6F742076616C69640053656C6550
:10C350006374656420414443206163717569736946
:10C3600074696F6E2074696D65206973206E6F74D7
:10C370002076616C69640043616E6E6F7420636F38
:10C380006E666967757265206368616E6E656C20A4
:10C3900025643A20256400616463403430303037CE
:10C3A000303030006164635F6E7266785F73616124
:10C3B000646300636C6F636B403430303030303016
:10C3C00030006866636C6B006C66636C6B00636C5A
:10C3D0006F636B5F636F6E74726F6C0072616E641B
:10C3E0006F6D403430303064303030006770696FCA
:10C3F000403530303030333030006770696F403551
:10C400003030303030303000693263004E65656462
:10C4100020746F207573652074686520696E74657B
:10C42000726E616C206472697665722062756666F0
:10C43000657220627574206974732073697A65204F
:10C44000697320696E73756666696369656E7420C9
:10C45000282575202B202575203E202575292E2086
:10C4600041646A75737420746865207A65706879B0
:10C47000722C636F6E6361742D6275662D73697AB9
:10C4800065206F72207A65706879722C666C6173B2
:10C49000682D6275662D6D61782D73697A652070DF
:10C4A000726F70657274792028746865206F6E658C
:10C4B000207769746820677265617465722076619F
:10C4C0006C75652920696E207468652022257322A9
:10C4D000206E6F64652E0069326340343030303333
:10C4E000303030006932635F6E7266785F747769EE
:10C4F0006D00756E737570706F7274656420737003
:10C5000065656400547279696E6720746F20747277
:10C51000616E73666572206D6F7265207468616EFE
:10C5200020746865206D6178696D756D2073697A16
:10C530006520666F7220746869732064657669632C
:10C54000653A202564203E202564004750494F204D
:10C55000706F72743A202573206E6F74207265615B
:10C56000647900766C65642D626F6F737400726518
:10C5700067756C61746F725F666978656400536F8C
:10C58000667444657669636520436F6E74726F6C80
:10C590006C6572204153534552543A2025732C2028
:10C5A000256400536F667444657669636520436F44
:10C5B0006E74726F6C6C6572206275696C64207247
:10C5C00065766973696F6E3A2000456E74726F709C
:10C5D0007920736F75726365206465766963652081
:10C5E0006E6F74207265616479004661696C656480
:10C5F00020746F2072656769737465722072616E52
:10C600006420736F75726365202825642900416C6E
:10C610006C6F6361746564206D656D6F72792074F1
:10C620006F6F206C6F773A20257A75203C20257536
:10C63000004576656E742062756666657220746F5B
:10C640006F20736D616C6C2E20257A75203E20253D
:10C650007500556E6578706563746564206D7367E9
:10C660005F747970653A2025752E205468697320AF
:10C6700069662D656C7365206E6565647320612045
:10C680006E6577206272616E636800556E6B6E6FC7
:10C69000776E206572726F72207768656E20707297
:10C6A0006F63657373696E6720686369206D657376
:10C6B000736167652025640062745F6863695F73F6
:10C6C00064630062745F7364635F6863695F64726C
:10C6D000697665720062745F7364635F6372797018
:10C6E000746F004D50534C204153534552543A20DF
:10C6F00025732C202564004D50534C20576F726BCE
:10C70000006D70736C5F696E697400556E7375703F
:10C71000706F72746564204846434C4B20657665A3
:10C720006E743A202564006E7266785F636C6F6386
:10C730006B5F6D70736C005465726D696E616C0037
:10C7400048616C74696E672073797374656D005508
:10C750006E6B6E6F776E206572726F72003E3E3E3A
:10C76000205A455048595220464154414C20455288
:10C77000524F522025643A202573206F6E2043507B
:10C7800055202564004661756C7420647572696E6D
:10C790006720696E746572727570742068616E646A
:10C7A0006C696E670A0043757272656E74207468F6
:10C7B000726561643A202570202825732900435052
:10C7C0005520657863657074696F6E00556E686199
:10C7D0006E646C656420696E746572727570740045
:10C7E000537461636B206F766572666C6F77004B74
:10C7F00065726E656C206F6F7073004B65726E654D
:10C800006C2070616E6963006F7300737973776F6A
:10C81000726B7100C8DA3098F9F034A44B6EBAD359
:10C820000819CC0CEA51DA4700286E756C6C2900A7
:10C830002A666C6F61742A006263020400000608B5
:10C840003C46505A02214D5A6E7B9C3F8D2B4A5CD0
:10C850001E0400A1F002214D5A6E7B9C3F8D2B4A95
:10C860005C1E0300A1F002214D5A6E7B9C3F8D2B74
:10C870004A5C1E0200A1F002214D5A6E7B9C3F8D46
:10C880002B4A5C1E0100A1F002214D5A6E7B9C3F99
:10C890008D2B4A5C1E0000A1F0206D6573736167EB
:10C8A00065732064726F70706564202D2D2D0D0AE4
:10C8B0001B5B306D001B5B313B33316D2D2D2D200B
:10C8C0000000FFFFFFFFFFFF00000000000000FF6F
:10C8D000FFFFFFFFFF000000000000303132333463
:10C8E00035363738396162636465660000000000E0
:10C8F00000001000800000805F9B34FB01040002F8
:10C900000000000200000000000000050000000020
:10C9100000000000000000000000000500090909F7
:10C920000901020909090909090909090909070988
:10C93000090909090609090909090909090909096A
:10C94000090909090905E69D350E480103CCDBFDFF
:10C95000F4AC1191F4EFB9A5F9E9A7832C5E2CBED4
:10C9600097F2D203B0208BD28915D08E1C7424305C
:10C97000ED8FC24563765C15525ABF9A32636DEBF8
:10C980002A65499C80DC6174745F74785F646573A8
:10C9900074726F795F776F726B5F68616E646C65DC
:10C9A00072000005061F1F2918120308020305085C
:10C9B0000A00080103040105040509060701010630
:10C9C000060800000100010003010003020201004B
:10C9D00002000000000002030100036C888391AA9A
:10C9E000F5A53860370BDB5A6083BE0601050104EC
:10C9F000010702030105020201030205040101010E
:10CA0000020103010401060108010C0110011801D3
:10CA10002001400180000102030405060700202ACE
:10CA20002A2A2A2A2A2A2A2A2A2A2A2A2A000109DA
:10CA30000000000D010203040506070800000000C5
:10CA400000005454522052454747455300101414D7
:10CA500000001C2030401C2000001C203040004002
:10CA6800FFFFFFFFFF1F00001F0000000000000085
:10CA78001D40000000000000FFFFFFFF1FFF000037
:10CA8800BAABBABA101010100000000000800040C5
:10CA980000000000000000000C0000000000000082
:10CAA80000FF7F000000000095B8000000000000B3
:10CAB800C9B80000000000008D2A00000000000036
:10CAC800E9B8000000000000A7B80000000000005E
:10CAD800AC760000FF000000F8A60000010000008E
:10CAE800000000000000000000000000000000003E
:10CAF800000000000000000000000000000000002E
:10CB0800000000000000000000000000000000001D
:10CB1800000000000000000000000000000000000D
:10CB280000000000000000000000000000000000FD
:10CB380000000000000000000000000000000000ED
:10CB480000000000000000000000000000000000DD
:10CB580000000000000000000000000000000000CD
:10CB680000000000000000000000000000000000BD
:10CB780000000000000000000000000000000000AD
:10CB8800000000000000000000000000000000009D
:10CB9800000000000000000000000000000000008D
:10CBA8000000000000000000014401000000000037
:10CBB800000000000000000000000000000000006D
:10CBC800000000000000000000000000000000005D
:10CBD800000000000000000000000000000000004D
:10CBE800000000000000000000000000000000003D
:10CBF800000000000000000000000000000000002D
:10CC0800000000000000000000000000000000001C
:10CC1800000000000000000000000000000000000C
:10CC2800000000000000000000000000787B020007
:10CC38000000000094220020942200200000000040
:10CC480001000000A4220020A4220020000000000F
:10CC580001000000000000000000000000000000CB
:10CC680000000000000000000000000000000000BC
:10CC780000000000000000000000000000000000AC
:10CC8800000000000000000000000000000000009C
:10CC9800000000000000000000000000000000008C
:10CCA800000000000000000000000000000000007C
:10CCB800000000000000000000000000000000006C
:10CCC800000000000000000000000000000000005C
:10CCD80000000000ADCD01000000000000010000D0
:10CCE800000000000000000000000000000000003C
:10CCF800000000000000000000000000000000002C
:10CD080060EA0000983A0000FFFFFFFFD08AFFFFAB
:10CD180044C8020000000C000000000000000000F1
:10CD280000000000000000000000000000000000FB
:10CD3800C1FD0000000000000000000055C802000E
:10CD480000001000000000000000000000000000CB
:10CD5800000000000000000000000000B1FD00001D
:10CD6800000000000000000066C80200000010007B
:10CD780000000000000000000000000000000000AB
:10CD88000000000000000000A1FD000000000000FD
:10CD98000000000077C8020000001200FFFFFFFF3C
:10CDA800CF270200992E0200E88B02000000020043
:10CDB800F48B020000000200008C02000000020058
:10CDC800148C020000000800208C02000000020001
:10CDD800000000000000000000000000000000004B
:10CDE8000000000000000000051F01000000000016
:10CDF80000000000308C020000001000000000005D
:10CE0800000000000000000000000000000000001A
:10CE1800000000002D2001000000000000000000BC
:10CE28004C8C0200000012000000000005320200D5
:10CE3800000000000000000000600040000000004A
:10CE480000000000000000000000000000000000DA
:10CE580000000000000000000000000000000000CA
:10CE680000000000000000000000000000000000BA
:10CE780000000000000000000000000000000000AA
:10CE8800000000000000000000000000000000009A
:10CE9800000000000000000000000000000000008A
:10CEA800000000000000000000000000000000007A
:10CEB800000000000000000000000000000000006A
:10CEC80021470100000000000000000000000000F1
:10CED80025370100000000000000000000000000ED
:10CEE8004D56010000000000000000000000000096
:10CEF8000D550100000000000000000000000000C7
:10CF0800415F010000000000000000000000000078
:10CF1800855A01000000000000000000C8B600208B
:10CF28000000EE01C8B60020D96E0100A9800100FA
:10CF380009820100000000000000000021710100CA
:10CF4800AD44020077450200B96E01000000000000
:10CF580000000000AD7D010000000000000000009E
:10CF6800688C020000000200748C020000000A00B5
:10CF7800848C020000002000000000000000000077
:10CF88000000000000000000000000000000000099
:10CF9800000000006949020000000000FC25002094
:10CFA800FC25002000000000000000000E0000002A
:10CFB80010260020102600204DA0010000000000CF
:10CFC80000000000000000000000980100000101BE
:10CFD800F55302001000000089B90100008A020020
:10CFE800D6640020FFFF00000000000000000000E1
:10CFF8000090D003FF000000900200005C26002093
:10D008005C26002064260020642600200000000022
:10D01800000000000E000000000000007C26002038
:10D028007C26002000000000000000000E00000028
:10D038000000000094260020942600200000000034
:10D04800000000000E00000000000000AC260020D8
:10D05800AC26002000000000000000000E000000C8
:10D06800000000001B6B0200176B0200FFFF0D1889
:06D078000F1806FF640121
:10D07E0000000000000000000000000000000000A2
:02D08E000000A0
:10D090000000000000000000000000000000000090
:10D0A0000000000000000000000000000000000080
:10D0B0000000000000000000000000000000000070
:08D0C000000000000000000068
:04D0C8000000000064
:10D0CC00242700202427002020B40020000000008A
:10D0DC00010000002C000000000000004027002090
:10D0EC0040270020009C00200000000001000000F0
:10D0FC00A0000000000000005C2700205C2700203E
:10D10C004CB4002000000000030000001C000000D4
:04D11C00000000000F
:10D120007827002078270020000000000000000081
:04D130000E000000ED
:10D134008C2700208C270020000000000100000044
:10D144009C2700209C27002000000000FFFFFFFF19
:10D154000000000000000000B4270020B4270020D5
:10D164000000000000000000C4270020C4270020A5
:10D17400030003001000000000000000A08702006C
:10D1840028B000200000000000000000E827002074
:10D19400E82700200300030010000000556E010082
:10D1A4004C880200A8B3002000000000000000002A
:10D1B4000C2800200C2800200300030000000000BD
:10D1C40000000000408602007CAA0020000000004D
:10D1D4000000000030280020302800200100010059
:10D1E400100000008D5901008C87020000AD002062
:10D1F40000000000000000005428002054280020F3
:10D204000300030000000000000000005487020037
:10D21400B8AC0020000000000000000078280020C6
:10D22400782800200C000C00040000005931010093
:10D234002C860200A0A800200000000000000000CE
:10D244009C2800209C28002002000200040000000A
:10D25400000000006088020090B60020000000007A
:10D2640000000000C0280020C028002001000100A8
:10D27400000000000000000054860200C8AB00203B
:04D2840015E015E0BC
:04000003100026B90A
:00000001FF
