:10000000C0930020411B0100632602002D1B01004C
:100010002D1B01002D1B01002D1B01000000000005
:100020000000000000000000000000001D1C010096
:100030002D1B010000000000111E01002D1B0100FE
:10004000891E0100034F0200891E0100891E010064
:10005000891E0100891E0100891E0100891E010000
:10006000194F0200891E0100891E01002F4F020056
:10007000891E0100891E0100891E0100891E0100E0
:10008000891E0100891E0100891E0100891E0100D0
:10009000891E0100891E0100891E0100891E0100C0
:1000A000891E0100891E0100891E0100891E0100B0
:1000B000891E0100891E0100891E0100891E0100A0
:1000C000891E0100891E0100891E0100891E010090
:1000D000891E0100891E0100891E0100891E010080
:1000E000891E0100891E0100891E0100891E010070
:1000F000891E0100891E0100891E0100891E010060
:1001000080EA101404F0F01480EA0410604081EAE0
:10011000111404F0F01481EA0411614082EA12140F
:1001200004F0F01482EA0412624083EA131404F02B
:10013000F01483EA0413634080EA102404F47F443B
:1001400080EA0420604081EA112404F47F4481EABB
:100150000421614082EA122404F47F4482EA0422EA
:10016000624083EA132404F47F4483EA0423634057
:1001700081EA500404F0553480EA4400614083EA87
:10018000520404F0553482EA4402634082EA900447
:1001900004F0333480EA8400624083EA910404F07E
:1001A000333481EA84016340704700BF82EA9004DF
:1001B00004F0333480EA8400624083EA910404F05E
:1001C000333481EA8401634081EA500404F05534F9
:1001D00080EA4400614083EA520404F0553482EA24
:1001E0004402634080EA102404F47F4480EA04203F
:1001F000604081EA112404F47F4481EA04216140D3
:1002000082EA122404F47F4482EA0422624083EAF0
:10021000132404F47F4483EA0423634080EA101427
:1002200004F0F01480EA0410604081EA111404F034
:10023000F01481EA0411614082EA121404F0F0140F
:1002400082EA0412624083EA131404F0F01483EA91
:1002500004136340704700BF2DE9F14F94464FEA05
:10026000930B8A68CB6808684968FFF749FF0BF170
:10027000060E33E083EA134480EA134582EA13470B
:1002800046BA96EA3444604000F00F1684EA063419
:1002900020F00F1684EA161054BA94EA0106724050
:1002A00002F00F1486EA043622F00F1486EA1412C4
:1002B0004CBA6540694001F00F1485EA043521F01D
:1002C0000F1485EA14115CBA67407B4003F00F14E9
:1002D00087EA043723F00F1487EA1413BCE8F00010
:1002E0006040694072407B4000F0E03400F010351F
:1002F00000F00F3040EA540040EAC50080EA900464
:1003000004F0332480EA8400604001F0E03401F01E
:10031000103501F00F3141EA540141EAC50181EA8B
:10032000910404F0332481EA8401614002F0E03456
:1003300002F0103502F00F3242EA540242EAC502DE
:1003400082EA920404F0332482EA8402624003F0D9
:10035000E03403F0103503F00F3343EA540343EA6B
:10036000C50383EA930404F0332483EA84036340DF
:1003700081EA324787EA134581EA354690EA060466
:1003800084EA034B82EA1B4280EA044484EA05447F
:1003900083EA144A85EA14448BEA044B84EA37441E
:1003A00081EA0B4181EA164104EA0A00454082EAEB
:1003B00004082BEA080041408AEA0B0602EA06001C
:1003C00084EA34438AEA3A4603EA0607784045401D
:1003D000414088EA38478BEA3B4007EA000985EA52
:1003E000090583EA0709464006EA0906714085EADD
:1003F000010005EA3546464006EA314181EA3041CE
:1004000081EA364606EA304686EA3546344008EA4E
:10041000010886EA01052A4086EA364003405A4030
:1004200081EA31431F407C4080EA030709EA07095B
:1004300088EA0908544088EA020806EA0A0601EA3E
:100440000B018AEA0B0215408AEA3A421040454005
:100450008BEA3B4003405E404240174079404D40AC
:100460004E40E443F64386EA18435D4085EA054082
:1004700083EA134386EA034183EA384284EA11435C
:1004800083EA04435FEA3343BEF1010E3FF6F2AE66
:100490001ED4BCE8F0006040694072407B4020BC44
:1004A000FFF784FE28606960AA60EB60BDE8F08F0A
:1004B0002DE9E0414FF2F00280EA1031114080EA6C
:1004C0000130484041088208C3084FF0000E4FE752
:1004D00000F0113001F0113102F0113203F011334C
:1004E00040EA410040EA820040EAC3004FF2F002D5
:1004F00080EA1031114080EA01304840BDE8E081D7
:100500002DE9F04F02F11C050646074600EB850871
:1005100051F8040B043A46F8040BF9D14FF0010CE2
:10052000FFF7C6FF5FEA302080EA0C001ECF414093
:100530004A4053405C401EC62000464517D04FEA53
:100540004C0C1CF4807F18BFACF1E50C2C2DE7D0CF
:100550003C2D06D1FFF7ACFF06CF41404A4006C60E
:10056000100006CF41404A4006C61000D8E736E9E1
:100570000F00FFF7C5FD043D86E80F00F7D1BDE889
:10058000F08F00BF2DE9F14F03F11C0402EB840C46
:100590004FEA930B8A68CB6808684968FFF7B0FD9B
:1005A0003CE9F0006040694072407B400BF1060E70
:1005B0004EE083EA134480EA134582EA134746BAC1
:1005C00096EA3444604000F00F1684EA063420F0C6
:1005D0000F1684EA161054BA94EA0106724002F02B
:1005E0000F1486EA043622F00F1486EA14124CBA6D
:1005F0006540694001F00F1485EA043521F00F14BD
:1006000085EA14115CBA67407B4003F00F1487EA57
:10061000043723F00F1487EA141344BA44404DBA48
:100620004D4056BA56405FBA5F4087EA174886EA9F
:10063000174B84EA17464FEA38488BEA1B4485EA91
:100640001B4788EA1B4580EA3440694072407B4082
:1006500000F0703400F0803500F00F3040EA4400C4
:1006600040EAD50080EA900404F0332480EA840054
:10067000604001F0703401F0803501F00F3141EA43
:10068000440141EAD50181EA910404F0332481EA6E
:100690008401614002F0703402F0803502F00F32C4
:1006A00042EA440242EAD50282EA920404F0332488
:1006B00082EA8402624003F0703403F0803503F074
:1006C0000F3343EA440343EAD50383EA930404F077
:1006D000332483EA84036340C943DB4381EA000493
:1006E00083EA044686EA020183EA014382EA33454B
:1006F00083EA14435C4084EA00077FEA040A8AEA3A
:10070000024A8AEA010B87EA11488AEA374A80EAF4
:10071000060181EA1A418AEA030A04EA0A0045400E
:1007200088EA040707EA0B0041408AEA0B0608EA58
:10073000060084EA34428AEA3A4602EA060358404E
:100740004540414087EA37438BEA3B4003EA0009D2
:1007500085EA090582EA0309464006EA090671406E
:1007600085EA010005EA3546464006EA314181EA5C
:10077000304181EA364606EA304686EA354634405C
:100780000F4086EA010508EA050886EA364002407D
:1007900088EA020881EA314213405C4080EA0203A1
:1007A00009EA030987EA0907674088EA040806EAB4
:1007B0000A0601EA0B018AEA0B0425408AEA3A4458
:1007C000204045408BEA3B4B02EA0B02564084EA4C
:1007D0000B04234059406E40694087EA364080EA66
:1007E000384080EA060380EA104481EA134585EA2E
:1007F000344585EA17427D4082EA354180EA05406A
:100800003CE9F0006040694072407B40BEF1010E5F
:100810003FF6CFAE20BCFFF7C9FC28606960AA6034
:10082000EB60BDE8F08F00BFFFF76ABE2DE9F0076F
:1008300091E8F807B2E802105B1854EB0C04B2E838
:1008400002104D4156EB0C06B2E802104F4158EB36
:100850000C08B2E8021059EB01095AEB0C0A80E8C7
:10086000F80780410130BDE8F00770472DE9F00737
:1008700091E8F807B2E802105B1A74EB0C04B2E8D6
:1008800002108D4176EB0C06B2E802108F4178EB36
:100890000C08B2E8021079EB01097AEB0C0A80E847
:1008A000F80780414042BDE8F00770472DE9F007A6
:1008B000524290E87800B1E880071740DB1918EA47
:1008C000020854EB080419EA020955EB09051AEA73
:1008D000020A56EB0A0678C090E87800B1E8800773
:1008E00017407B4118EA020854EB080419EA020990
:1008F00055EB09051AEA020A56EB0A0678C0804150
:100900000130BDE8F00770472DE9F007524290E84A
:100910007800B1E880071740DB1B18EA020874EB87
:10092000080419EA020975EB09051AEA020A76EBCE
:100930000A0678C090E87800B1E880071740BB410C
:1009400018EA020874EB080419EA020975EB0905B4
:100950001AEA020A76EB0A0678C080414042BDE8F6
:10096000F00770472DE9F00152424FF0040890E87B
:10097000300091E8C000A31B1340E41AF618EB1BEB
:100980001340ED1AFF1830C0C0C1B8F10108EED114
:10099000BDE8F001704700BF00B592E8DC072DE923
:1009A000DC07B1E8805702B4A7FB02510A95A8FB07
:1009B000020BE7FB6310E9FB62B00B91A8FB03514C
:1009C000EAFB6201E7FB64B5E7FB6605E8FB661539
:1009D000CDF830B0A9FB03B6EAFB6316ECFB635617
:1009E000E8FB640BE9FB641BEAFB645BECFB646BF8
:1009F0000D90ACFB0230059CEEFB6250E9FB64609D
:100A0000EAFB64B0E7FB6431E8FB6451069CE8FB59
:100A10006461E9FB64B1EAFB64010E93A7FB043255
:100A2000079CE7FB6462E8FB64B2E9FB6402EAFB53
:100A30006412049CE9FB6453EAFB6463089CE7FBD3
:100A400064B3E8FB6403E9FB6413EAFB64230F95DA
:100A50005DF8049B99E80006DDF80080A9FB0854C6
:100A6000EAFB68B4DDF81080ECFB6804EEFB681468
:100A7000E9FB6824EAFB6834DDF80480EEFB686576
:100A8000E9FB68B5EAFB6805DDF81480ECFB681546
:100A9000EEFB6825E9FB6835EAFB68450F96DDF853
:100AA0000880AEFB0876E9FB6806EAFB6816DDF80D
:100AB0001880ECFB6826EEFB6836E9FB6846EAFB2B
:100AC0006856DDF80C80ECFB68B7EEFB6807E9FBC5
:100AD0006817EAFB6827DDF81C80ECFB6837EEFB43
:100AE0006847E9FB6857EAFB686708B000BD00BFCC
:100AF0002DE9F14F87B0FFF74FFFDDF81C8008F1BB
:100B0000200888E8FF00FFBC87E87F08BDE8F08F79
:100B100000B591E89857A3FB03520195A3FB04018C
:100B2000E3FB6420E3FB67100292A3FB0752E3FBA5
:100B30006802E4FB6415E3FB6805E3FB69250391A8
:100B4000A4FB07B6E3FB6926E3FB6A56E4FB670BED
:100B5000E4FB682BE3FB6A5BE3FB6C6B0490A4FB98
:100B60000810E4FB6950E3FB6C60E3FB6EB0E7FB4D
:100B70006721E4FB6951E4FB6A61E3FB6EB1E4FBCE
:100B80006E010592A7FB0832E4FB6A62E4FB6CB2DB
:100B9000E4FB6E02E7FB6E12E7FB6853E7FB696359
:100BA000E4FB6CB3E7FB6C03E7FB6E13E8FB6E231F
:100BB0000695A7FB0954E7FB6AB4E7FB6C04E8FB66
:100BC0006C14E8FB6E24E9FB6E34E8FB6865E7FB18
:100BD0006AB5E8FB6A05E8FB6C15E9FB6C25E9FBE7
:100BE0006E35EAFB6E450796A8FB0976E8FB6A06B8
:100BF000E9FB6A16E9FB6C26EAFB6C36EAFB6E46FB
:100C0000ECFB6E56E8FB69B7E9FB6907E9FB6A177D
:100C1000EAFB6A27EAFB6C37ECFB6C47ECFB6E5790
:100C2000EEFB6E6700BD00BF2DE9F14F87B0FFF707
:100C30006FFFDDF81C8008F1200888E8FF00FFBC8A
:100C400087E87F08BDE8F08F30B44FF0000310F85C
:100C5000014B11F8015B013A84EA050443EA0403FD
:100C6000F5D1A3F101034FEAD37030BC704700BF48
:100C70004FF0000310F8012B013943EA0203F9D1C8
:100C8000A3F101034FEAD370704700BF30B411F8ED
:100C9000014B12F8015B6C4000F8014B013BF6D1AF
:100CA00030BC70472DE9F00791E8F807B2E8021070
:100CB0005B1854EB0C04B2E802104D4156EB0C06E5
:100CC000B2E802104F4158EB0C08B2E8021059EBA1
:100CD00001095AEB0C0A8941B3F1FF3374F1FF3477
:100CE00075F1FF3576F1000677F1000778F100081D
:100CF00079F101097AF1FF3A51F100015B184C4199
:100D00004D4156F1000657F1000758F1000859EB24
:100D1000D1795AEB010A80E8F807BDE8F00770477F
:100D20002DE9F00791E8F807B2E802105B1A74EBBE
:100D30000C04B2E802108D4176EB0C06B2E802100A
:100D40008F4178EB0C08B2E8021079EB01097AEBDD
:100D50000C0A89415B184C414D4156F1000657F190
:100D6000000758F1000859EBD1795AEB010A80E8E5
:100D7000F807BDE8F007704718EB040859EB0509C0
:100D80005AEB060A5BEB070B5FF0000C4CF1000C12
:100D900018EB050859EB06095AEB070A5BEB070B42
:100DA00050EB0C005FF0000C51EB0C0152EB0C020D
:100DB00063414CF1000CB8EB070879F100097AF1B6
:100DC000000A7BEB040BA841B141A241B3416CF195
:100DD000000CBBEB050BB041B941AA41BB416CF122
:100DE000000C4CF001068CF0020718EB060859EBDA
:100DF0006C095AEB6C0A7BEB6C0B70EB6C0471EBBF
:100E00006C0572EB670653EB6C076CEB6C0C18EB24
:100E10000C0059EB0C015AEB0C025BF1000354F18E
:100E2000000455F1000556EBDC7657EB0C077047D4
:100E30002DE9F14F87B0FFF7AFFDDDF81080DDF849
:100E40001490DDF818A0FFF797FFBDE8000FFFF73B
:100E500093FF03B05DF8048B88E8FF00BDE8F08FD6
:100E60002DE9F14F87B0FFF753FEDDF81080DDF874
:100E70001490DDF818A0FFF77FFFBDE8000FFFF723
:100E80007BFF03B05DF8048B88E8FF00BDE8F08FBE
:100E9000064B074A5B7802604FF426728280C3716A
:100EA0000822002382710372704700BF18290020B6
:100EB000A7D50000064B074A5B7A02604FF49C728C
:100EC0008280C3710822FF2382710372704700BFC2
:100ED00018290020D5D00000F8B5C41D002824F042
:100EE0000704054614BF2046002000F053FA071EF1
:100EF00002DA6FF00B00F8BD254EB1887088F379E7
:100F0000B2790331033089B280B209F0DCFF0028E6
:100F1000EFDB737831783C4403341944002D24F01E
:100F2000030400FB01F114BF2046002000F0B8FBD1
:100F300023180DB9002BDCDB717A184679B1033325
:100F4000002D23F0030414BF20460020728900F016
:100F500019FC0028CDDB20440DB90028C9DB317A0B
:100F600091B1737A83B1C41D002D24F0070414BF1E
:100F70002046002003F05EF80028BADB0DB1002007
:100F8000B9E72018B7D5B4E7002DF8D1B3E700BF13
:100F9000182900201FB572B6194BDD68EDB9BFF3F3
:100FA0004F8F1849184BCA6802F4E0621343CB60B4
:100FB000BFF34F8F00BFFDE72346B2FBF6F25C1C88
:100FC000002AF9D104AEDCB256FA83F303F80C2CF4
:100FD0000A2234B901A8A847E1E7024600230A26FD
:100FE000EDE7631E04AEDCB256FA83F3B0FBF2F613
:100FF00002FB1600303003F80C0C3046E9E700BF66
:101000001829002000ED00E00400FA0507B50A4B9E
:10101000DA88ADF8002068469A885B88ADF804202D
:10102000ADF8023001F0FAFC18B1FA219C20FFF76C
:10103000B1FF03B05DF804FB1829002010B5044689
:1010400028B309F007F810B94FF0FF3010BD06F0D3
:10105000A5FFB0F5FA7FF7D80E4B00221A744FF4B3
:1010600080721A801B225A809A8040F20322DA8012
:101070004FF484721A811F22DC605A81EFF31084CE
:1010800072B600F0DDFB04B962B60020DEE76FF057
:101090001500DBE71829002010B5002840D1234CAB
:1010A000237C032B39D059B1002A3CD002390529C1
:1010B00036D8DFE801F0031227352A2D1378637044
:1010C0000020FFF709FF0028B7BF01230223237484
:1010D0006FF00B00A8BF237410BD13791BB35379B5
:1010E0000BB31188FB291ED853881B3B9BB2E02B06
:1010F00019D81A2917D91368C4F802300C4B9288F2
:101100009A80DDE713786372DAE713886381D7E7A3
:101110001388FF2B07D82372D2E74FF0FF30DBE7AD
:101120006FF02C00D8E76FF01500D5E718290020E4
:101130001A290020F8B50D46064620B319B311F060
:10114000070420D1114F3B7C012B02D16FF00B0023
:10115000F8BD032B02D14FF0FF30F9E700F0ACFBF4
:101160000028F8D02846FFF7B7FE0028EEDB0CF089
:1011700071FA3046214601F0D3FCFFF747FF032305
:101180003B742046E4E76FF01500E1E718290020E2
:1011900010B5064C237C032B03D101F0D7FC02F0E1
:1011A000EDF909F09AFF0020207410BD18290020E5
:1011B00008B501F081FCBDE808400249012000F0BB
:1011C000E1B800BFB50E000008B501F089FCBDE82C
:1011D00008400249002000F0D5B800BF910E000081
:1011E000074B4FF0FF3141F6FF72C3E9001205498A
:1011F0000022C1E900221F21C3E90212704700BF8B
:10120000C02000202C2900203F280CD801380B4B8F
:10121000C0F3421200F01F0053F8223023FA00F00E
:1012200000F001007047FF2806D04038C0F342129A
:10123000034B00F01F00EFE701207047C0200020A3
:101240002C2900200146074B006849681A4603C252
:1012500040F48C221A6041F0107242F4FF625A602E
:1012600000207047C02000200246034B00685168F0
:1012700003C30020704700BF2C2900200246034B07
:101280000068516803C30020704700BFC8200020D9
:101290000138064BC0F3421203EB820300F01F003B
:1012A0009B6823FA00F000F001007047C020002086
:1012B000F0B50C88C37C0288A5B2C4F30E0404F117
:1012C00018060233865B1A44334497B213FA82F34A
:1012D000013B4288B3FBF7F313FB07439BB29A42EF
:1012E000044A93BF22EA05032A4013439BB20B80B2
:1012F000F0BD00BF0080FFFF4A1E062A08B5034666
:10130000084604D84FF4D1711520FFF743FE094A6F
:10131000914202D940F2A311F6E711B903B1196065
:1013200008BD2BB11B680022C3E901211A1D1A60F8
:101330000430F5E7FAFFFF7F10B5114B00EB4104D5
:101340001A786389B3FBF2F303FB0223013A1A44D0
:10135000B2F5706F0279807828BF00231A440B1809
:10136000B2FBF0F100FB11215B1AB3FBF0F100FBC3
:10137000113313446FEA43436FEA5343638110BD53
:1013800034290020024B03EB80035960704700BFF3
:10139000342900202DE9F04F10F0070A85B00546EA
:1013A00004D040F26F111720FFF7F4FD534F07F1FF
:1013B0000C06B1460446B04657F8043B8DF80BA026
:1013C0003BB101A898479DF80A30082B01D9F521B7
:1013D000E9E79DF80B1041BB05B131604F4506F1BF
:1013E0000406E9D1002D70D0DFF81491002289F8AD
:1013F00000209646022758F827A0013FBAF1000FB7
:1014000056D09AF804609AF802C0FF2E61D039468F
:101410000023481C39D19C44BCF1FF0F40D90AB1CC
:1014200089F800E04FF49A71BDE79DF80AC0604664
:10143000022838BF02204B1D5A0004EB4303441E10
:101440002344BDF808406444013CCCF1000C04EA9C
:101450000C044042B4F5803F03EA000302D340F29B
:101460000511A0E775B19A1A0120326091701480BD
:10147000D0709DF80C001071019810814FEA104C4B
:10148000A2F806C004FB0134A8E758F8210028B1EF
:1014900090F804B0B34504BF80781B180139B8E751
:1014A000DBB2E6458AF804303CBF5FFA8CFE0122CD
:1014B0007B1CA0D10AB189F800E0022640F6FF6A41
:1014C00058F82670B7B9013EFAD2601B05B0BDE8E6
:1014D000F08F0023E5E707EB41033846A3F80AA0A5
:1014E000FFF72AFF09F10109BB785FFA89F18B4206
:1014F000F1D8E8E74FF00009F6E700BF38290020EF
:101500003429002038B54FF6FF730380184B03EBE6
:10151000810302461869A8B184780379B3FBF4F11A
:1015200004FB1133DBB2194600EB4105B5F90A5053
:10153000002D0EDB0131B1FBF4F504FB1511C9B22E
:101540008B42F1D1002038BD6381BDE8384009F0FD
:1015500096BC00EB41046389C3F30E031380C27889
:10156000002AF1D14FF4E5711720FFF713FD00BFFA
:10157000342900201C4B03EB810370B51C69054620
:1015800044B3030404D54FF4EC711720FFF702FDB8
:101590000146204609F055FCFF28014604D02046AC
:1015A000BDE8704009F06BBCA078B5FBF0F300FB20
:1015B0001353DBB219460A1D04EB4206B6F902606A
:1015C000002E09DB0131B1FBF0F200FB1211C9B2B0
:1015D0008B42F0D1002070BD8B4201D00023E3701C
:1015E00004EB42025580DAE734290020094B03EB73
:1015F000810310B51C690146204609F022FCFF2832
:10160000014604D02046BDE8104009F038BC002057
:1016100010BD00BF34290020F8B5104B03EB810347
:1016200007461C690146204609F00BFCFF280546C9
:1016300011D0E288238953EA024606D001462046AB
:1016400009F01DFC01463846B04720462946FFF701
:1016500073FE0020F8BD0520FCE700BF3429002000
:1016600038B50E4B827903EB82030446186908B93A
:10167000052038BD8278E1799142F9D24B1CE371A3
:1016800000EB41035D89B3F90A30002BF3DBA58041
:1016900009F0F5FB20600020EBE700BF34290020B3
:1016A00070B5044610F003000E4603D04E211820FA
:1016B000FFF770FCFFF720FE054624B103483146D2
:1016C0000460FFF719FE284670BD00BF50290020B6
:1016D0002DE9F14FDFF870B09DF828A09DF82C900F
:1016E0001E46DBF8003007460D4690461BB96021C8
:1016F0001820FFF74FFC52460921404609F026FA10
:101700004A4684B20921304609F020FA14FA80F1E1
:10171000DBF8000009F069FB386018B9286001B0F7
:10172000BDE8F08F04442C603868534641460922D6
:1017300009F0CFF928684B460922314601B0BDE8CF
:10174000F04F09F0C6B900BF5029002070B50E4611
:10175000044609F00EFA0546304609F00AFA044B31
:101760002A1821461868BDE8704009F063BB00BF25
:1017700050290020024B186808B109F02ABB7047B5
:10178000502900201F2AF8B5044626D80420032338
:10179000134D12FB003254B1A30703D06821092076
:1017A000FFF7F8FB22F0030329706C602B8122F015
:1017B00003022823120403FB01F001276B68120CBB
:1017C0000025EEB2B14200D8F8BD14B126181F7042
:1017D0005E60104401352833F3E74FF0FF30F3E744
:1017E0005429002070B5154A157853680021C8B2F5
:1017F000854203D8BA210920FFF7CCFB1C461846C6
:1018000014F8286B01310EB92346F0E700219970D6
:10181000128999610124D96159685C70920803F1B9
:101820001E0403F1260524F8022FAC4243F8041FDE
:101830001144F8D100234361037070BD5429002086
:10184000134B012200214FF0FF309A60C3F80012C1
:10185000C3F80803C3F80015C3F804259A60C3F859
:101860000803C3F80015C3F804250A490A4A03F51A
:1018700080334FF40040C3F80825C1F88000BFF35F
:101880004F8FBFF36F8FC1F88001C3F808257047F1
:1018900000F0004000E100E00000F63F024B02686B
:1018A0001A600020704700BF60290020014B1B68B0
:1018B000184700BF60290020024B1868003818BF85
:1018C00001207047602900200A468F2302F8033B5D
:1018D0000448C368C1F803300369536043699360E7
:1018E000704700BF64290020024B5A8C02435A847F
:1018F0005B6A184764290020014B00215B6A184786
:101900006429002010B5154C05F05AFB05F056FD72
:10191000208DFFF7F1FF237E63B12246104952F874
:101920000C3BE3606368536004F11900A3689360A3
:101930000AF012FD218DE06A02F0B0FBE36AB3F811
:10194000AA0002F02DFB636B94F8301094F831007C
:101950009847002384F8383010BD00BF6429002068
:10196000C9180000034B93F838300BB1FFF7CABF1A
:10197000704700BF6429002070B5184CE66AE36C1C
:10198000E3634FF481730546A4F8403094F85000A7
:10199000337D96F8151100EB83002DB9FF2803D194
:1019A00096F814318B4201D005F082F8337D73B183
:1019B000606D05F05BFA616DE06B05F0DBFC15B95D
:1019C000284605F0A7FA022384F8383070BDE06B92
:1019D00005F04CFA05F0F2FCF1E700BF64290020A5
:1019E000F0B590F86D40134A0B46012CD1E91E6703
:1019F00092F8502087B001F1800103F190034FF07D
:101A0000010006D0022C13D040F225410620FFF73A
:101A1000C1FA00240025CDE9013205900090CDE9FE
:101A2000034532463B46012005F002FC07B0F0BDFD
:101A30000446EFE76429002008B5094B93F83820E5
:101A4000022A04D040F257312720FFF7A3FADA7AAE
:101A500042F00102DA72BDE80840FFF753BF00BF51
:101A60006429002070B50F4DAE6D3478C90001F0C7
:101A7000080104F0F30492000C4302F00402144342
:101A80001B0103F0100304F0EC041C4300F00300FE
:101A900004433470B5F8643073700223A5F85C30E9
:101AA00070BD00BF64290020F7B5184CA56E06462E
:101AB0000DB1636C23B940F6C4012720FFF76AFA21
:101AC000B4F848306B702B782F4601F0030123F0F7
:101AD00003030B4307F8033BB4F84820616C384616
:101AE00008F05EFD0DF1020201A9E06EE563676496
:101AF00009F065F9019809F050F9B4F84810306020
:101B00000122E06E09F0F8F803B0F0BD642900206E
:101B10002DE9F0412C4C94F83830012B06460F4645
:101B20005FFA83F804D040F60C112720FFF732FA51
:101B3000E56A2B7933B1002129710420FFF7D4FE27
:101B400085F805802B7A052B0AD120490220FFF762
:101B5000CBFE236E1B78991E4B424B4184F87030AC
:101B60001EB1BDE8F041FFF7CDBE002FF9D0636F85
:101B7000304698470028F4D094F83030002BF0D14C
:101B8000638C9A0716D594F87030002BE9D02B7D22
:101B9000E46A23B1294604F1A800FFF721FF94F875
:101BA0001521012096210BF0C9FDBDE8F041002070
:101BB000FFF7E2BE002BD4D194F87830002BE6D1A9
:101BC00094F87930E1E700BF64290020C42900209F
:101BD0002DE9F04F964EF46A91B004F1A8030A93F0
:101BE0000023CDE90D3396F838300790022B099188
:101BF0005FFA83FA04D040F6AD112720FFF7CAF947
:101C0000F36B03221D785978A6F8481013447364C7
:101C1000079BA6F8402005F00308002B00F0F48095
:101C200019B1F06E09F048F80146627A338DB16659
:101C30000132D2B282EA950743F4007317F001072C
:101C4000338546D1237A23B3032B62720AD8012B42
:101C50001FD0D6F880000DA908F0D7FF90B940F248
:101C6000D471CAE7053B012B02D940F2B371C4E736
:101C700001F00EF810B940F2DE71BEE739460820D7
:101C8000FFF732FED4E91C32013342F10002C4E90D
:101C90001C326379002121721BB161711020FFF7A2
:101CA00023FE338D43F40063338500230893237DA3
:101CB000C5F3C007CBB1B6F84830B3B105F096FB19
:101CC0000328FBD0022806D1FFF71CFE11B0BDE8A7
:101CD000F08F079BEAE740B9A37A03F001039F4224
:101CE00003D1012386F83130EEE7A27A02F0010336
:101CF0009F4240D04FF0000BB36E002B40F0968017
:101D0000B6F84830B3FA83F35B0903EA151386F893
:101D10007930099B002B40F08F80728C96F88630CA
:101D2000110704D596F87020002A40F08580012B19
:101D300000F28280736F0120984700287CD096F8CB
:101D40003050002D78D1E37C002B00F0D78094F840
:101D50001461012ED4E91C2304F1800104F19007E1
:101D60004FF0010000F0BF80022E00F0F18040F241
:101D70002541062042E7B6F84830E3B108F1FF31CB
:101D8000012918D8318D41F48051318596F884109D
:101D9000994206D296F8303043F0100386F830307E
:101DA000A8E7B16E0029A5D096F8851019B12020BA
:101DB000FFF7A2FD9EE70132B8F1030FA27219D01E
:101DC00008F1FF32012A0BD8002B93D0D4E91E3240
:101DD000013342F10002C4E91E32DDF81CB08BE78A
:101DE000002B87D0D4E91E32013342F10002C4E94E
:101DF0001E327FE7338D0F49012043F48053207159
:101E00003385FFF771FDEDE7237D0BB105F02AFB6C
:101E100096F88630013386F88630338D4FF0000B0C
:101E200043F480633385CDF820B065E701236CE788
:101E300064290020A829002005F0C2F8BBF1000F9A
:101E40004CD101230993A54D2B8D5A0606D4402071
:101E5000FFF752FD2B8D43F040032B85089B63B1A8
:101E6000B5F80720B5F805301343E28813431EBFC9
:101E7000B5F809300133A5F80930079B002B00F0B5
:101E80002681B5F805300133A5F80530002385F823
:101E90008630934802F072F80D9830B108F07DFF5B
:101EA000002202720A9901F071FC0E9B33B10022EC
:101EB0001A720C220A990E9801F036FC099B002B2D
:101EC0007FF402AF2B8D1B063FF500AF8020FFF79C
:101ED00013FD2B8D43F080032B85F7E641460EA8BA
:101EE000FFF7E2FDADE72E4605900020CDE9036047
:101EF000FB26CDE90176009005F09AF9774F94F82A
:101F00001421962100200BF019FCD7F82C9097F89B
:101F1000503099F8142099F8141103EB8203FF2B29
:101F200003D199F815318B4202D0FF2004F0C0FD97
:101F3000FE6A00238DF83130ADF83230337A062B4B
:101F400000F2B280DFE803F0068E9191B0A3A30007
:101F50000646C9E797F88730A6F804310DF132013B
:101F60000FA8ADF8323000F085FE30B10F9820B1E7
:101F700005233372BDF8323014E0FB6A93F8513018
:101F8000002B6AD1D7F880000DF131020DF132013A
:101F900008F016FE002860D0BDF83230002B4BD17F
:101FA00001223272B865A7F8643003B1C31C3B66E6
:101FB000B27A96F809A0367A0B92022E07D0053E27
:101FC000012E74D81B78022B4FF003060CD0D7F8E3
:101FD000800008F050FE00286BD1032E04D000F0E2
:101FE00063FE80F00105EDB23C4F05F0010387F878
:101FF000783099F81330002B5DD0B7F86430002B9F
:1020000059D051460B9A2B463046FFF72BFD786D81
:1020100004F02CFFD7E9150105F072F9012387F8C8
:10202000883087F83830BBF1000F3FF40CAF4146E1
:102030000EA8FFF739FD06E79DF831201AB9028096
:102040008270032395E7027802F00302012A08BF99
:102050004FF0030A86F808A0A4E70023ADF8323059
:10206000012333721F4800239CE7B6F80431D7F8E8
:102070008000ADF832300DF131020DF1320108F07F
:102080009FFD00287FF476AF40F2C351B5E50DF116
:1020900032010FA800F0EEFD08B10F9810B940F220
:1020A000D251AAE5062364E740F2DC51A5E50126FA
:1020B0008DE7012598E70B9A2B4651463046FFF7EE
:1020C000D1FCB86D04F0D2FE05F078F9A6E7B5F8BA
:1020D00007300133A5F80730DBE600BF6429002094
:1020E00090290020DE29002010B5064B93F83820F7
:1020F00002F0FF0422B91C7601F0C8FF204610BD93
:102100000C24FBE764290020094B0A4A10B51A6029
:10211000FFF7EAFF20B14FF4B1712720FEF73AFF35
:1021200000F024FD044CE06400F024FD606510BD67
:10213000C4320020E022000064290020F8B55C4C85
:1021400094F83860054606F0FF0016B909B102B1EF
:1021500023B94FF420712720FEF71CFF63639DF81D
:10216000183084F885306162626784F8300084F842
:10217000860084F8310084F888006084208584F823
:10218000780084F8790084F87000A0652066A4F8CF
:102190006400E0636064A4F84800E56204F0CAFCEF
:1021A00005F00CF995F91C0104F00EFDD5F8D0608E
:1021B000D5F8C80004F00EFD304604F049FE95F84D
:1021C000240004F011FDE36A93F891320BB104F09E
:1021D0009FFC0AF050FC95F8152100F189010120BF
:1021E00004F070FD334B186804F038FED5F8BC30AD
:1021F000C4F88030D5F8C030E366AB7B233B072BB7
:1022000054D9EB7B233B072B50D9B5F8E630B5F812
:10221000EC0095F81411984228BF184609F01BFEEF
:1022200095F8E830834228BF034698B295F8E43029
:10223000984200D3C3B295F8151184F8873005F1A0
:10224000DC000AF000F92F7D95F81511B5F8F06063
:1022500009F001FE0FB9043080B2864228BF06465D
:10226000F3B284F8843084F850302B7D23B12946B2
:1022700005F1A800FFF7B4FB0120FFF77DFBE36A3F
:10228000D3F8C00104F00EFE002323606360A36056
:10229000EB886380B5F8AA30238095F82430237149
:1022A000D5F818310BB101221A60F8BD1B23C2E723
:1022B00064290020C4320020014B93F88800704745
:1022C00064290020024B93F82900C0F3C000704736
:1022D00064290020014B93F8860070476429002090
:1022E000391A0000D11B0000111B00006519000005
:1022F000F0B5070CA7F5AA42144B543A012A03EA99
:1023000090231FD927F4004042F6AA22801A18BF52
:1023100001200022162116461F2487EA060562EADC
:102320000505013510D0DD03ADB245EA5606E503DB
:10233000ADB2013945EA52024FEA53034FEA540461
:10234000EBD1F0BD0020E4E70020FAE7E0FF3F001A
:10235000304BF0B55A89B0F86070B0F85E609D8976
:10236000974228BF1746964228BF16461B2E85B0B7
:102370000C462ED0B5F5A47F2DD040F648039D42E3
:1023800001A928BF1D4608F0D9FEBDF80A30BB429E
:1023900028BF3B46E380BDF80C30AB4228BF2B463C
:1023A0002381BDF80630B34228BF33466380BDF8B1
:1023B0000830AB4228BF2B46A380FF232370E3885D
:1023C0001B3B9BB2E02B08D940F209513920FEF7A4
:1023D000E1FD1B2FCED105B0F0BD63881B3B9BB246
:1023E000E02B02D940F20B51F0E72389A3F5A47347
:1023F0009BB2B3F5E06F02D940F20D51E6E7A38836
:10240000A3F5A4739BB2B3F5E06FE4D940F20F518A
:10241000DCE700BFF029002010B501210020FFF704
:10242000E5F8044670B90121FFF7A4F8044620B985
:1024300040F225313920FEF7ADFD034B93F918101A
:102440000AF01AFE204610BDF0290020014BD88862
:10245000704700BFF0290020044BD87CC0F3400037
:1024600080F0010000F00100704700BFF02900205B
:1024700008B509F067FC00F0B9FD00F09BFB09F01E
:1024800043FF01F0E9FD03F0EDFF084B084800228F
:102490001A60084B4FF01B11C3E901014FF4A471FE
:1024A000D960DA741A801A8208BD00BFC8320020D1
:1024B00003021B00F0290020034B41F64C525A61E5
:1024C0001B229A74FFF7D4BFF0290020F7B5284DDE
:1024D0006B69C0F8DC3000F1A807264BC0F8C430A7
:1024E000044638460AF05BFC064600F053FB8306C0
:1024F00054BF1B23EB88A4F8063158BF1A461E4B65
:10250000A97C1B6848BF2A89A4F8082184F8E41034
:10251000A4F8E66023B194F91C11B4F8AA00984716
:102520001649384609F0F9F90123EA886979A4F8CF
:10253000DA302B89019129790091033303329BB260
:1025400092B204F1C00104F1BC00FFF7C1F8D4F865
:10255000BC3023B940F2E2413920FEF71BFDD4F82C
:10256000C03013B940F2E341F6E703B0F0BD00BF5D
:10257000F029002000093D00CC320020FE29002077
:10258000024B1B6803B118470C207047C83200206B
:10259000034BDA8802801B7983700020704700BFEC
:1025A000F029002037B583781A2B054608D8042B6C
:1025B00004D9144A22FA03F3DB0705D412241AE0E3
:1025C000292B01D03B2BF9D12888B0F5706FF5D2BB
:1025D00001A909F064FC88B9019B93F8202102F05D
:1025E000FF046AB9AA7883F82121FF2283F8202109
:1025F00001A808F076FE204603B030BD0224FAE7B9
:102600000C24F8E7200038040188A1F11B039BB2D9
:10261000E02B0CD84288A2F5A4739BB244F2481078
:10262000834204D8034B002059819A8170471220BD
:10263000704700BFF029002038B50278447802F0D6
:10264000010354EA030102F0020201D1112038BD56
:10265000BAB98578002DF9D0002B18BF002400E00E
:102660001D46204608F05DFD0028EFD0284608F002
:1026700058FD0028EAD0054B00209C73DD731882BA
:10268000E5E7002BECD000242546EAE7F0290020FE
:1026900013B5008801A909F01BFC044620B9019874
:1026A00090F832311BB13A24204602B010BD90F8A8
:1026B0005C3003F0FF04002BF5D190F853309B07FA
:1026C00006D1FF2380F8323101A808F00AFEEBE7BB
:1026D0000249543009F040FEE6E700BFCDC90000D2
:1026E000F7B50778EF2F05460C460FD890F9012073
:1026F0004378002A0ADB8278900707D113F0100094
:102700001DD1990603F0030202D51AB1122442E04A
:10271000032AFBD01E07F9D42979EA78EE7942EA38
:102720000122697942EA0142A97941EA06212E7A19
:1027300041EA06418A42E9D81F2A0FD8E6E713F09A
:10274000600FE3D103F00702052A05D003F00F0163
:102750000D22CA40D107D9D51A07DDD56A7A013AC8
:10276000062AD3D8AA7A032AD0D813F0040102D1BA
:10277000023A012A03D8EA7A012AC7D811B9AA7CF9
:10278000032AC3D82A7D48B1012ABFD12A7E012A53
:10279000BCD830B91124204603B0F0BD022AF5D1CF
:1027A000B4E7DB0712D46B782A7D03F01803082BFB
:1027B00011D1022AEED101213846FEF717FF064655
:1027C00078B10AF00DFCB8B10C24E4E700F0A2F9EE
:1027D0000028E8D1DEE7022AEDD02B7F002BEAD0DB
:1027E000D8E701213846FEF7C5FE064640B3154B33
:1027F00093F918100AF040FC30460AF02DFD2946E6
:102800002070E87430460AF07DFCEB7E0446002B15
:10281000C1D00028BFD1B16A0246684608F06AFB01
:10282000B06A2246012108F0B1FBB16A6846042271
:1028300008F060FBB06A2246214608F0A7FBAAE731
:102840000724A8E7F029002030B50279042A8BB0CC
:1028500003464FD84088B0F5804F4BD826498D5C51
:10286000114400244A79ADF8004042F0100242EAD7
:1028700045028D7AC97B8DF8084042EA850242EA1A
:10288000C10202F01F028DF80020BDF80020ADF853
:1028900009201A888DF80B208DF80E00120A000A04
:1028A0008DF80C208DF80D408DF80F008DF810403C
:1028B0005A7B8DF811205A798DF812209A79D3F825
:1028C00007008DF81320B3F80B209B7B8DF81A308E
:1028D0007F2305908DF81B3069464FF0011302A845
:1028E000CDE90734ADF818208DF82440FFF7F8FE45
:1028F0000BB030BD1220FBE72C77020073B5064603
:10290000FFF78AFD04460AF0B2FC3378012B054636
:102910005FD120460AF0E3FB00287AD020460AF077
:10292000A6FC18B115B9122002B070BD20460AF0FD
:1029300057FB08B10C20F7E720460AF08EFB06464D
:102940000028F7D1204602F033FD0028EBD0ED013E
:1029500042F2107331462046ADB25D430AF073FC7B
:1029600020460AF07CFC014658B92A46204601F070
:102970001BFF08B90020D7E741F698213920FEF760
:1029800009FB31460DF10600FEF7BCFD064608B90D
:102990000D20C9E7BDF8061009F0A9FA3146204616
:1029A0000AF069FC3046FFF791FD2A463146204681
:1029B00001F0FAFE024610B141F6B421DEE7164BF3
:1029C000DB69002BD6D006F5917106F1A800984777
:1029D000D0E7002BA7D120460AF081FBC8B12046E2
:1029E0000AF0FEFA0028C5D020460AF0A8F90546EC
:1029F00020460AF0A7F9014600289BD1002DB9D046
:102A0000B5F8AA00FEF708FE0028B3D041F6D6219B
:102A1000B4E7422088E700BFF0290020027803468F
:102A200072B1427862B142881A2A09D982881A2A78
:102A300006D9044A006850609B88138100207047C3
:102A400012207047F0290020024B02685A610020D2
:102A5000704700BFF02900200378A3F10A02112A71
:102A60009DBF024A0020937412207047F029002075
:102A700008B5052000F082F803F0B4FC014B024ACF
:102A8000DA6108BDF02900205123000008B5094B88
:102A900001221A7002F07CFC0AF09EFD09F050F948
:102AA000FFF732FB002008F0F2F9BDE8084000F023
:102AB00075BD00BF102A002010B5064C0649201D28
:102AC00008F0DAFE04F108000449BDE8104008F0FF
:102AD000D3BE00BF102A00200821002010210020B2
:102AE00010B5084C0849201D08F0C6FE04F1080086
:102AF000064908F0C1FE04F10C000549BDE810408C
:102B000008F0BABE102A0020182100202021002041
:102B100028210020014B1878704700BF102A0020A0
:102B200010B5064C00F016FD606808F09DFEFFF73A
:102B3000C3FC00F0A9FE0123237410BD102A00205D
:102B4000014B187C704700BF102A002010B5064CBE
:102B5000A06808F089FEE06808F086FEFFF788FCB0
:102B60000023237410BD00BF102A002000487047C6
:102B7000212A002000487047232B0020C208044966
:102B800000F0070001238340885C03438B547047A7
:102B9000D0200020014BD3E900017047D020002055
:102BA000034B1868C0F30020400040F0010070475C
:102BB000D020002008B505F0F1F9084A002332F8CA
:102BC0002310814205D302EB83029378044A1370E9
:102BD00008BD01330C2BF2D10023F7E74077020048
:102BE000252C002008B50068B0F8AA30A0F865319F
:102BF00090F8143180F86411012B06D0022B04D018
:102C00004FF43F710620FEF7C5F980F8673190F860
:102C10001531012B01D0022BF2D180F86831BDE8CB
:102C20000840024900F25B1009F096BB05B90000AC
:102C3000024B002283F822209A847047262C002021
:102C4000044B93F82220012A1ABF036001200020C0
:102C5000704700BF262C0020054B93F82210012955
:102C600002461DBF012083F822009A84002070478D
:102C7000262C0020054B024693F8220020B1136059
:102C800009B19B8C0B800120704700BF262C0020CF
:102C9000044B93F8220000229A8410B183F822207A
:102CA00001207047262C0020034B93F82200B0FA35
:102CB00080F04009704700BF262C002050B90A4A16
:102CC0001346012003F8010B0868C2F801008A8846
:102CD0009A807047012805D1034B0A689A608A8858
:102CE000D8719A81704700BF4C2C002050B90B4B13
:102CF000187888B1D3F80120B3F805300A608B80CA
:102D000001207047012806D1044BD87920B19A6878
:102D10000A609B89F3E70020704700BF4C2C00201D
:102D200010B9044B18787047012806BF014BD879B9
:102D3000002070474C2C0020F7B500238A888DF8BE
:102D40000600ADF8042008680B4A8DF80730019D95
:102D50001478014602F5A872D8B2844201D808203E
:102D600008E052F8087F5668AE4208BF8F4203F170
:102D70000103F1D103B0F0BD602C002030B5094B48
:102D800001465C78002203F20113D0B2844201D8DC
:102D9000082005E013F8015F8D4202F10102F4D131
:102DA00030BD00BF602C0020F8B52D4C6378013B8E
:102DB000DBB22218834292F80251637030D01A01BC
:102DC0000101961C8F1C2644274406F1100C56F86E
:102DD00004EB47F804EB6645F9D182328231224494
:102DE000214402F1100652F8047B41F8047BB24200
:102DF000F9D1E118221891F8026182F802610626E1
:102E00007343704303F5857300F58570E618E35846
:102E100023502718B388BB8091F83A3182F83A31B1
:102E20002846FFF7ABFF082818D12378013BDBB217
:102E30009D42237012D02B3304EBC30393E80300AD
:102E400005F12B0204EBC20282E803002078FFF7B1
:102E500095FF08281CBF241884F80251F8BD00BF54
:102E6000602C0020F0B5254D95F8984189B0224698
:102E700005F29911684607F093FB2146684608F071
:102E800080FF0446B8B300EB4001C9B202A8FEF7C8
:102E90000DFD631E95F8A161DBB2012495F8981130
:102EA00005E0721CB2FBF1F001FB1022D6B206F174
:102EB00020020DEB020010F8202C002AF1D103EBC8
:102EC00043012031694406EB46022A4411F8187C7C
:102ED00082F8A27111F8177C11F8161C82F8A37100
:102EE00082F8A41100F8204C013BAA19DBB2FF2B99
:102EF00082F89941D2D109B0F0BD00BF602C00200A
:102F000070B5064688B00C46002A4ED0294A92F881
:102F1000A131D01890F8991119B9FF212820FEF796
:102F200039F803EB43011144013391F8A251E570E4
:102F300091F8A35191F8A41161710021257180F8D5
:102F4000991192F89811B3FBF1F001FB103382F85C
:102F5000A13192F8C23123B9174902F5DD7009F0A9
:102F6000F8F9657905F03F0545F0400565710D22DA
:102F70000021684607F0D4FAE3788DF80F30237902
:102F80008DF80E3004AA0423694630468DF80D50A2
:102F900007F024F99DF81F3023709DF81E306370F0
:102FA0009DF81D30A37008B070BD03216018FEF7B6
:102FB0007DFCD6E7602C0020652E0000044B5A787B
:102FC000824286BF1B1893F84A010020704700BF59
:102FD000602C0020044B5A78824286BF1B1893F85D
:102FE00042010020704700BF602C0020064B0022E9
:102FF0004FF461711A8083F8C32183F8C421A3F8C8
:10300000C61183F8C2217047602C00202DE9F047DB
:103010008246894617469846FFF78EFE08280546E1
:10302000064603D0FFF7AAFE082860D1324C637829
:10303000072B5ED8082D15D12678731C072E237018
:1030400003D96C212820FDF7A5FF06F12B02D9F842
:10305000000044F8320004EBC203B9F804209A805F
:1030600083F806A065786B1C290163704B1C07F17F
:103070001002234412F8010D03F8010FBA42F9D1EE
:10308000813108F11003214413F8012D01F8012FBB
:103090009845F9D11021404608F0A3FE254410219F
:1030A00085F84201384608F09CFE85F80261667892
:1030B00085F84A010023114885F83A31314608F075
:1030C00060FE0128054607D80D48314608F059FE34
:1030D000002818BF0135EDB284F898510025284624
:1030E00084F8A151FFF7BEFE2846BDE8F087122004
:1030F000FBE70720F9E700BF602C0020A22D00208D
:10310000AA2D002010B5064B5878013840B200288F
:1031100000DA10BDC4B22046FFF746FE601EF5E798
:10312000602C0020014B83F8C3017047602C002005
:10313000014B93F8C3017047602C0020431E9BB2E3
:103140004AF2B71293429DBF024BA3F8C601012079
:1031500000207047602C0020014BB3F8C601704777
:10316000602C002030B50A4B5C7884420ED918449C
:1031700090F802012B3003EBC004A5790D7053F8D1
:1031800030001060A3889380012030BD0020FCE750
:10319000602C00200246074810B590F8C34124B1C6
:1031A000417821B1023003F07FF9204610BD0C4672
:1031B000FBE700BF602C00202DE9F74F2F4C9A460B
:1031C000637883428046894656D9231893F8425142
:1031D00085F00105F9B193F84A31E3B945F00207EA
:1031E0000135BAF1000F18D1FA070AD5062101FB03
:1031F000084104EB0810524601F585718230FFF753
:103200007FFEBB0734D504EB081052464946023016
:10321000FFF776FE2CE02F46E3E794F8A1614FF02C
:10322000010B002DE0D0A319019393F8991199B9DE
:103230000092DAB100F0F8FA06EB46012144019B56
:1032400081F8A2014FEA102C009A81F8A3C1000C6A
:1032500081F8A40183F899B194F898310136B6FB4E
:10326000F3F103FB1166F6B2013DDAE747F004071C
:10327000384603B0BDE8F08F0027F9E7602C002046
:10328000074B5A78824209D91A1892F842212AB972
:10329000062202FB003000F5857070470020704761
:1032A000602C0020064B5A78824281BF1B1893F88D
:1032B0003A01B0FA80F0400998BF0020704700BF83
:1032C000602C0020F8B50E4607460621304615460C
:1032D00008F087FD044670B10C4B0022587803F2C9
:1032E0003913D1B2884202D801242046F8BD03F830
:1032F000015F0132F5E73146384608F05EFD0828E7
:10330000F3D0024B034483F83A51EDE7602C0020E0
:10331000034B80F874101B680BB140881847704746
:10332000D03200200B2808B504D940F229112920F9
:10333000FDF730FE014B33F8100008BD7077020036
:10334000036830B50024D3F8C400A3F84040B3F8B4
:10335000444042F210754443B4FBF1F4A3F84440F6
:103360004C1E05FB0242B2FBF1F2A3F84220094ACF
:10337000B2FBF1F20132A3F848209A8F05FB024418
:103380005A6BB4FBF1F450439C63B0FBF1F058630B
:1033900030BD00BF005A620213B540F6B8338387D0
:1033A000B0F8CE20D0F8C4100190044601A8FFF771
:1033B000C7FF0C4B1B68062B01D001330FD10A4B02
:1033C0001B68063B08330AD9D4F8C800FEF790FF03
:1033D00080F00100C0B284F8910202B010BD00205C
:1033E000F9E700BF483200204C320020034608466F
:1033F00071B13F2B0BD8074AD35C03F07F02914297
:1034000005D08CBF0120002000EAD31070470120B6
:10341000704700BF88770200FF230B7002234B70B8
:1034200083238B70014B1B78CB7070472C2E0020B0
:103430002DE9F84FD0F80480D8F8186030460C46D3
:1034400007F099FC054620B94FF4AA711020FDF74A
:10345000A1FD0146304607F09CFCB5F800B01FFA0C
:103460008BF7824617B94FF4AC71EFE7224B1B681C
:1034700000F10309D3B998F8023098F803202370BB
:103480006378A4F802B002F00F0223F00F03134395
:1034900023F0C00363709AF8003003F00303012B9C
:1034A0000FD0022B0DD04FF4BB71CFE7B8F802005C
:1034B0003A464946984705460028DCD12846BDE8EB
:1034C000F88F627863F305126270304607F067FC8C
:1034D000054610B94FF4C071B8E7FB2F02D940F28E
:1034E0008F11B3E73A464946201D07F059F8304698
:1034F00007F0B0FBE2E700BFD432002038B5134C30
:1035000010220021201D07F00BF801252574102240
:1035100004F10803002104F11400C4E9013306F0AA
:10352000FFFF84F8205004F11803C4E90533084A6A
:1035300000236362A36284F82C30C4F82D30C4F8F1
:10354000313084F835301360A36338BD2C2E002051
:10355000D432002010B5084C2378FF2B04D040F261
:1035600099111020FDF716FD06F07EFE2070BDE8D3
:103570001040FFF7C3BF00BFDD20002010B5034C93
:10358000207806F08BFEFF23237010BDDD20002085
:10359000014B187806F092BEDD200020014B024A54
:1035A0001A607047D8320020313400002DE9F34111
:1035B000DFF86881054608F11407D8F80830D8F814
:1035C0001840227A012A22D1D8F8382052B1137A31
:1035D0001BB9BF211020FDF7DDFCD8F83840C4B975
:1035E000002083E01A7A012AFAD04D4A1C46EFF3F4
:1035F000108172B650680068506001B962B6A3428B
:1036000008BFC8F83840237A1BB9EE21E2E73A46F2
:10361000EDE7267AF6B205232372731E0B2B6ED8C4
:10362000DFE803F06A062235676D3E6D6D6D6D5BF8
:10363000636813B94FF40371CCE7204629469847D5
:103640000420EFF3108272B6237A052BD9B24FF023
:10365000000359D12372D8F83810A14201D1C8F81B
:103660003830B2BB62B634E0636813B940F215215A
:10367000B0E72946204698470346C3F30723012BAA
:10368000ADF80400C0B22FD0022BDAD11AE0636883
:1036900013B940F21D219DE7204698470020D0E74E
:1036A00063680BB9FE2195E786222A7001225988AA
:1036B000AA706A7100225869A5F80310AA7107F070
:1036C000C9FA0420D8F83830A34202D10023C8F840
:1036D000383000283FF471AF08E0124B29461B68D0
:1036E00020469847034668B9267298B102B0BDE8F3
:1036F000F0814FF415716DE740F257216AE740F20F
:103700005A2167E70220DDE711B940F27B2161E72A
:103710001846A6E7002B7FF450AF61E72C2E00205F
:10372000302E0020D832002010B51346027A22B184
:1037300040F202311020FDF72DFC0A46BDE8104092
:103740000146014808F0E2BD302E0020044890F800
:103750002C301BB90349243008F0F5BD704700BF79
:103760002C2E0020FDC200000346064890F83C20A5
:103770003AB190F8352022B900F82D3B024908F003
:10378000E2BD70472C2E00201934000010B50A4607
:10379000037A23B140F20A311020FDF7FBFB01460A
:1037A000BDE810400148072308F0B0BD402E0020BE
:1037B0001346027A0AB1037270470A46014601486D
:1037C00008F0A4BD302E00201B234FF01B12838471
:1037D000038482618382C260038539B94FF4A47384
:1037E000034AC3844384C261C3820261704700BF3D
:1037F00048014801014908F0AFBD00BF5FC30000A8
:103800000B8BA2F80B304B8BA2F80D308B8BA2F8F0
:103810000F30CB8BA2F809000249A2F811301046F4
:1038200008F094BDAFC30000094AD2E90003434049
:1038300083EAB01181EA43214FEAF3435360054B19
:10384000116058434FEAF06000EB8000704700BF02
:103850006C2E0020BB79379E094AD2E90003434011
:1038600083EAB01181EA43214FEAF3435360054BE9
:10387000116058434FEAF06000EB8000704700BFD2
:10388000E0200020BB79379E10B50A4C094808217A
:10389000FEF70CF8D4E900321343F7D0064CFFF7DB
:1038A000DBFF2060FFF7D8FF236860601843F6D085
:1038B00010BD00BFE02000206C2E0020174B184ADE
:1038C0009A60184A5A60184A1A60184A9A62184A46
:1038D000DA62184ADA60184A9A61184A1A63184A72
:1038E0001A62184ADA64184A9A64184A5A62184BDB
:1038F000184A9A60184A5A62184ADA62184A1A61D3
:10390000184A5A61184A9A61184A1A63184A9A64FE
:10391000184ADA64184A9A63704700BFDC32002004
:10392000E9C600000FC7000075C7000031C80000DD
:103930007BC800007D3C00008DC80000F13E000007
:10394000793D000051C9000069C90000C53D000073
:10395000DC330020FFC6000025C90000ABC8000012
:103960005BC80000CBC80000093D0000EFC90000A3
:1039700097C9000089C900000FC90000044B054A1F
:103980005A65054B054A1A65054A5A65704700BFD6
:10399000DC3200209DCA0000DC33002087CA000012
:1039A00009CB0000054B064A9A65064A1A66064B83
:1039B000064A9A65064ADA65704700BFDC32002085
:1039C000F1BA0000A5BB0000DC33002041BA0000C2
:1039D00025BD000037B5044601A80D46FFF730F9B4
:1039E00020B94FF4AA615120FDF7D4FA00210198C3
:1039F000222206F095FD019B194601F8035F023D66
:103A0000232D00F28980DFE805F02587128A8A25B8
:103A1000872B878A313D418787458A8A4E4E656567
:103A200087878787878787878787876C77802168DD
:103A3000D1F8CE215A60D1F8D2219A602268D2F80A
:103A40009420DA600D20FFF707F9002869D140F2D1
:103A50005751C8E7226892F8A0201A710220F2E7B5
:103A6000204600F00BFA0028EDD13DE011221A713A
:103A700059225A7100229A713922DA7110221A726F
:103A80000620E0E7226892F89A20E6E7084600F070
:103A9000E3F9E8E7226892F89B10197192F89A20EE
:103AA0005A710320CFE72268B2F800111971090A90
:103AB0005971B2F8A2109971090AD971B2F8FC10C3
:103AC0001972090A5972B2F8A0209A72120ADA72AF
:103AD0000920B8E7226892F82E11197192F82F2167
:103AE000DEE7114B1B6813B940F249517BE72320F5
:103AF000224698470420A6E70B4B1B68002BF3D007
:103B000022462420984705209DE7074B1B68002B81
:103B1000EAD022462520F5E740F2445163E7012030
:103B200091E703B030BD00BFDC3400203F289ABFCE
:103B3000024B53F820000020704700BFDC32002009
:103B40003F289ABF024B53F820000020704700BF67
:103B5000DC330020F7B50568D5F8BC6004464FF6A5
:103B6000FF770DF102010DF101023046ADF8027050
:103B700007F026F801A9304607F047F848B1019848
:103B800007F00BF92168A83100220272FFF7FEFD51
:103B9000E7E7044905F1280003B0BDE8F04008F06C
:103BA000D5BB00BF7DC60000F0B5044685B00D460C
:103BB000FF2600F8A56C10F8A63CF3B1174F3B7830
:103BC0001BB162211F20FDF7E5F90C21381DFDF71F
:103BD0006DFE3E70002304F8A53C2A468A2302F8B5
:103BE000033BD4F80930C5F80330D4F80D305360E6
:103BF000D4F81130936005B0F0BD01A80C21FDF799
:103C000055FEA4F5F473039A1A6001AB03CB44F894
:103C1000AE0C44F8AA1C04F8A66CDBE7742E002056
:103C200010B5054C23782BB90C21201DFDF73EFE65
:103C3000FF23237010BD00BF742E0020024690F8B1
:103C4000D631BBB990F8D73103F0FF010BB100209A
:103C50007047094B18780028F9D01970D968C2F854
:103C60009410043303CBC2F8CE01C2F8D211FF2363
:103C700082F8D63101207047742E002038B50268D2
:103C8000D37B04460D463BB1122B05D0103B0F2BC6
:103C90008CBF0120082038BD92F8523013B920465D
:103CA00008F0B2FC2268D5F80B30C2F8C631D5F85E
:103CB0000F30C2F8CA312368D5F81320C3F890201A
:103CC000B3F8AA20A3F88522D5F80120C3F88722EB
:103CD000D5F80520C3F88B222368B5F80920A3F88E
:103CE0008F222368002583F89E5183F8D6512068DF
:103CF000044900F51F7008F026FB23681522DA73CB
:103D00002846C8E7A93B000010B50368DA7B1F2AE4
:103D1000044604D040F29D211F20FDF73BF993F8A3
:103D20005220B3F8AA00002183F8511082B1C3F8E1
:103D3000A91183F85210A3F8AD110D49A3F8AA01F7
:103D400003F5D07008F0FFFA23680022DA7310BD83
:103D50000121A3F8990183F89B1183F89821054963
:103D600083F89F21A3F89C2103F28F10EAE700BF9C
:103D700019C8000001C8000038B505682B6813F0A9
:103D8000010419D1D1F801200C4BD1F805101340D2
:103D90000B4AC5F86230C3F3076343F008030A40D7
:103DA00085F86530C5F8662008F02EFC2B6843F0D6
:103DB00001032B60204638BD0120FCE72FC904F722
:103DC0006FDB008010B50068837B042B2CD1D1F809
:103DD0000130D1F80540C0F86230C3F3076343F007
:103DE000080380F8653000234A1CC0F8664080F85C
:103DF0004A30837390F8713103F0FF040BB1002057
:103E000010BDB0F8AA30A0F8733180F87241D1F833
:103E10000130C0F875315368C0F87931034900F2B8
:103E2000691008F090FAEAE70120E9E7E5C8000028
:103E3000006890F871315BB9B0F8AA30A0F873311E
:103E40001A2380F87231034900F2691008F07BBA36
:103E5000704700BFE5C8000010B50446FEF79AFEA3
:103E6000044A054B02400B40C4F80120C4F8053059
:103E7000092010BD2FC904F76FDB008037B50C4651
:103E80000568FEF787FE0A4A0A4B0A4095F8621059
:103E90000192034000930B408DF800306B4603CB3A
:103EA000C4F801000920C4F8051003B030BD00BFFC
:103EB0006FDB00802FC904F738B5DB04154604D545
:103EC000037D13B10023436338BD446B0134446365
:103ED00008F06CFD836B9C42F6D3002343630349D7
:103EE0002846BDE8384008F037BA00BF45C9000091
:103EF00038B50468A37B012B054602D023689807D8
:103F000038D494F853309A0713D44A7884F85D2053
:103F10004A88A4F85E208A88A4F86020D80743F075
:103F2000020284F853200FD5134904F1540008F01D
:103F300013FA94F85330D90711D423689A0708D597
:103F400058214020FDF726F894F83231002BEBD1B0
:103F5000EFE743F002032360284608F055FBA37BFC
:103F6000012B4FF0000301D0002038BDA37384F86B
:103F70004A30F9E70120F8E7CDC9000070B50568BF
:103F8000044602F04DFA054BE8721B6801461BB16E
:103F90002046BDE87040184770BD00BFE4340020E3
:103FA000024B1B6803B11847704700BFE034002084
:103FB000F0B51F4D2B78002414709BB1013B6D6848
:103FC000DBB21E1B012E0FDC05EBC40655F8347066
:103FD00076688E4208BF874227D0B84271EB06064A
:103FE00012D214700020F0BD1E19771005EBC70E19
:103FF00055F837C0DEF804708445C6F347068F4194
:104000002CBF33463446DCE705EBC30455F8335088
:1040100064688C4208BF854206D0A84271EB040454
:1040200028BF01331370DDE71C4614700120DAE766
:10403000942E002010F0070208B503D06321482019
:10404000FCF7A8FF18B1034B197258601A70C8002A
:1040500008BD00BF942E0020014B00221A7070474B
:10406000942E0020FF230B70074A0D234B708223F0
:104070008B701368C1F803305368C1F80730936838
:10408000C1F80B30704700BFAA2E0020024816224C
:10409000002106F045BA00BFAA2E00200B4B5A7D26
:1040A00092B14A0610D5B0F8AA201A80D0F8502252
:1040B0005A60D0F854229A60C2885A800449022279
:1040C00003F10C00FFF774BB704700BFAA2E00205D
:1040D00065400000094B53F8203070B503F52343C9
:1040E0000C461646A1334FF47A72B3FBF2F503F097
:1040F0002BF834442C44204470BD00BF8C7802005F
:104100002DE9F04F8FB09A4690F815310793044689
:104110008946069207F0F4FB834694F81F01FFF7E7
:1041200001F9834408F0A7FCE37B0393069B1FFA85
:104130008BFB00F16007002B4BD1637B032B48D135
:10414000039B0C2B32D1B4F86C324B452ED1D4F8F2
:10415000F031C4F8E031D4F8C430B4F8C421C4F864
:10416000E431B4F862321344C4F8E831204602F076
:1041700003F9D4F8742294F81D31C4F8C42041F630
:104180004B518A428CBF002303F00103D4F8701214
:10419000D4F87822C4F8D41084F81E31B4F86E1222
:1041A000A4F8D8100223C4F8CC206373E37BA17B6E
:1041B000282B01D028290CD1B4F86C32A9EB0303C9
:1041C0001A0406D4A1F1280359425941204601F0AE
:1041D00095FCB4F86052B4F8068094F81531089351
:1041E000A9EB05052DB204F50C73A9EB0808002D09
:1041F00004930FFA88F817DAD4E99223C4E99623D6
:10420000012345460493D04B1B7813B103F0AAFE5B
:1042100068B90026637B032B00F2D681DFE813F038
:104220006C007201C1009801CDF810A0EBE7B4F862
:10423000D831012BEDD9637B022BEAD094F80262CE
:10424000002EE6D194F81F01FFF76CF8637B00F5B0
:10425000C86B012B1FFA8BFBD9B23FD1A27CD4F8DB
:10426000D430032A33D1D4F8E42113445946D4F886
:10427000E401099303F03AFED4F8E061099BD4F815
:10428000E821C4F8E001861B59461846564303F05E
:104290002DFED4F8EC31C4F8EC01C31A5946D4F819
:1042A000C4001E4403F022FEB4F8C431D4F8E8215F
:1042B00043445B1B9B1AD4F8F021013B821A02FB9A
:1042C00003660123C4F8F00184F80232A2E7304605
:1042D000099307F0CFFD099B0344C7E7D4F8C40056
:1042E000594603F003FEB4F8C461D4F8F0314644F3
:1042F000761BC31A5E43E4E70121002007F0BAFDF4
:104300008046D4F8D4005946404403F0EFFD5946A6
:10431000C4F8EC01D4F8C40003F0E8FD0BA9C4F81C
:10432000F0010CA802F05CFE0B9B0093D4E996010F
:10433000DDE90C2303F0BCFE049004F1A80008F0B2
:104340000CFCD4F8D410D4F8642294F815018D181C
:1043500002F002FFD4F8EC11049B203D6D1AED1B16
:10436000454400F52340ED1AA1304FF47A73B0FBB9
:10437000F3F0B4F8D83030312D1A03EB410194F842
:1043800015013A46FFF7A6FED4F86432EB1A223044
:10439000DA2BC4F8F4015DD840F2C7413020FCF7B5
:1043A000F9FDD4F8D430D4F8E4015946184403F0A8
:1043B0009DFD5946C4F8EC01D4F8C40003F096FD05
:1043C000C4F8F00104F1A80008F0C7FBD4F8D43019
:1043D000D4F8E4511D44B4F8C431002B40F08E8071
:1043E000BAF1000F00F08A8094F8150102F0B4FED3
:1043F000D4F8EC11D4F8503294F815216D1A203D00
:104400001D44D4E992BC514B53F82220A5EB0B0577
:104410004FF47A7302F2E732B2FBF3F21544ED1B6C
:1044200000F52340A130B0FBF3F02D1AD4F8E821B9
:10443000D4F8E03194F8150102FB0313B4F8D81056
:10444000303301EB43013A46FFF744FE0123C4F841
:10445000F4016373D4F8C430D4F8F0217E3B9B1A86
:10446000DF1B002384F83032D4E996328742A5EB73
:10447000060528BF07465B1942F10002C4E99032E5
:10448000C4F8C07104F1DC0007F0DBFF042384F8FA
:104490003932D4E99023C4E99623B4F8B031A4F8B2
:1044A0006092A3EB09031BB2002BD4BF00220122B0
:1044B000520084F83822039A38440C2AC4F8340293
:1044C00000F08580BAF1000F40F08480637B002B00
:1044D00000F09D80D4F8C410D4F8F03104F50C70CD
:1044E000C91A07F08AFC80B2002800F09080189B5F
:1044F00003B1188001200FB0BDE8F08FD4F8EC11A3
:104500006D1A93E7D4F8F011D4F8C430B4F8C4218C
:10451000D4F8E801D4F8E0C15B1A5D43D4F8EC317B
:104520004244121A3033013A0CFB003301FB0233D0
:10453000B4F8D81094F815013A4601EB4301FFF79F
:10454000C9FDC4F8F40185E7C02E00208C78020074
:10455000D4F8F0E1D4F8C430B4F8C4C1A3EB0E032E
:104560005D43049B3BB3BCF1000F24D1D4E99423F9
:10457000D4E99201904271EB030302D340F20E5151
:104580000CE707992B4B53F82130D4E99201CDE980
:1045900004010498203A121A03F2E7314FF47A7BAF
:1045A00003F52343B1FBFBF10A44A133B3FBFBF357
:1045B000D21AD21B15440CEB08010EFB01F130316D
:1045C00008983A464900BAE740F22651E6E6BAF1C1
:1045D000000F1CD0B4F8D80118B3B4F8DA1194F86D
:1045E000DC21A4F8DA1101FB0222904201F101055D
:1045F0000DDD002B0BDD002384F83832A4F8DA51EE
:10460000FFF712F900F00700013084F8DC0104F52F
:104610000C7104F5027004F063FE20B940F276518B
:10462000BCE60146DBE7069B83F0010384F8003219
:10463000002060E78C7802002DE9F8430E4604461E
:1046400018B9D3213020FCF7A5FC052900F2A7807A
:10465000DFE801F00376413DA52E03F06BFEC4E9CF
:104660004601204600F0C8FFD4F80C01CB3803F017
:1046700017FD204608F0FBFD054600BB014620461D
:1046800008F032FD00F1E506D4F80C01B04209D281
:10469000301A322838BF3220032103F01BFE60B1EC
:1046A00003F002FDC4F80C61204608F0F2FD45B1AC
:1046B0002046BDE8F84308F0EDBD0125F2E70025EE
:1046C000F2E7D4E94623C4E94023BDE8F883BDE816
:1046D000F84302F091BC08F012FD042384F8113174
:1046E0008146884603F0DAFC07220F46A9FB023117
:1046F00002FB0811D4E940525B1941EB0205D4F8E2
:10470000E8203AB159EA080204D0984277EB050252
:1047100028BF012684F81061D4E94826121A66EBF6
:10472000070694F8301139B9012A76F100010BDA45
:10473000204600F069FF03E0012A76F10006F7DB6E
:10474000002384F82831C0E7984277EB05010FD2A7
:1047500059EA08080CD01B1A65EB07019A4276EB60
:10476000010005DB012B71F10000A4BF1A460E46C3
:104770000C490123914284F829314FF0000384F859
:104780000831B341B8BF0A4604F1C00004F5847192
:1047900004F03AFE002898D140F2B26152E7EF21CE
:1047A00050E700BF0040420F2DE9F84304460E4693
:1047B000154690F8283103F0FF07002B40F0948055
:1047C00000F1C00839467822404605F0A9FE474965
:1047D0002246404604F07EFDC4F8E860FF2384F8DA
:1047E000283166B1FFF738F800F00700013086F88D
:1047F000DC013F49324606F5027004F06BFD40F2E1
:1048000002434FF00009A4F8103184F8089103F036
:10481000CFFB00F19E06204608F029FDB6B2014606
:10482000C0B307F06DF800F1280189B2284603F003
:104830005DFB2844C4F80C0103F030FC301841F152
:104840000001C4E94601012084F8EC00A4F81E90A0
:1048500008F0BFFDE53D2D1AC4F8F0504FF0FF35CC
:104860006FF00041D4E94623C4E948510025C4E96A
:104870003E23C4E9402384F8295142F2107204F522
:104880008471404604F0C0FD38BB40F2B9113020BD
:10489000FCF780FB204608F027FCDFF85890E53055
:1048A000C4F80C01B9F8020048B1E08B38B1FEF74A
:1048B000D3FFB9F80230B0FBF3F202FB1300064459
:1048C00003F0ECFB361841F10001C4E94661002D0C
:1048D000C4D0AD1941F10001C4E72946204608F0D3
:1048E000DBFC3846BDE8F8830C27FAE739460000C0
:1048F00075CB0000C02E0020F0B5002385B0CDE9B7
:10490000003301238DF806306846FCF7A9FE70B12C
:10491000104E012333710023CDE9023302A8FCF7C6
:104920009FFE044638B10023337105B0F0BD0098F6
:1049300008F008FAE8E7029D6B7B002BEED005F546
:104940000277384603F060FC384603F071FC6C7364
:10495000E4E700BFC02E0020054B002201215A7160
:1049600019701A7142F210725A80FFF7C5BF00BF6A
:10497000C02E0020014B5871704700BFC02E002090
:1049800008B502F071F8044B9A6882422ABF187980
:10499000002080F0010008BDC02E00202DE9F34763
:1049A0000446062900F2DB80DFE801F0048473810D
:1049B000878CD300D0E99201D4E99423904271EB23
:1049C000030354D294F80232002B50D0637B032BA4
:1049D0004DD108F050F894F815A1814606F090FFEB
:1049E000064694F81F01FEF79DFC064494F81F014B
:1049F000FEF798FCD4E99223D4F85072D4F8C05151
:104A000080465046BF1A02F09FFB564A52F82A20B1
:104A1000A5F1600302F52342A1324FF47A71B2FB93
:104A2000F1F29B1AA3EB09031B1A09F1890909EB9F
:104A30005309B6B2603B08F5C86873431FFA88F89B
:104A4000B3FBF8F360335A08A9EB53039F4202D338
:104A500091444F4501D903F08BFAD4F8C400314694
:104A600003F044FA0023C4F8F00184F802323E4B0C
:104A70001B7903F0FF0263B90092B4F8B41101236B
:104A80002046FFF73DFB30B140F2CE613020FCF70D
:104A900081FA0423637302F079F904F007FCE288D9
:104AA000A4F8FE210023A4F8623284F8013202B097
:104AB000BDE8F08703234373F9E708F035FEC4E946
:104AC0009401F4E790F81501274F08F036F86E309E
:104AD000D4F8F031D4F8C45095288CBF0020C0F130
:104AE0009600C218954288BFED1A7B798CBF2D1AAB
:104AF000002523B9D4F8DC309D4228BF1D4604F1BF
:104B0000DC00D4F8C06107F09CFC0644022003F0EE
:104B1000B5FBAD1B25EAE575854228BF0546022198
:104B2000284603F0D7FB10B103F0BEFA2E44012350
:104B3000DC22314604F1A80007F02EFDD4F8C03184
:104B4000B860D4F8C400184402B0BDE8F04703F0E0
:104B5000A7BAA83002B0BDE8F04707F0FEBF40F2A8
:104B60009C7193E78C780200C02E0020014B588086
:104B7000704700BFC02E0020074A03461068D3F8D4
:104B80004920C0F80320B3F84D20A0F8072093F87F
:104B9000481007F0AFBA00BFCC2E002070B5044615
:104BA0000E466588807D15F00401134618BF04F198
:104BB00057013246FEF700FB4107054621D4C207E4
:104BC0000BD5012384F84830A07DFEF759FB03681C
:104BD000C4F849308388A4F84D30AB0701D40120D4
:104BE00070BD094B1868D4F85730012184F856106D
:104BF000C0F80930B4F85B30A0F80D3007F083FA44
:104C0000EDE70020ECE700BFCC2E002038B5C38CC8
:104C10000F4D0133C3F30E03C3842B7C04462BB129
:104C200002F09EF901F072FC00232B7400232B711B
:104C300094F869302BB101212046BDE8384008F0D6
:104C40004DB9637C13B1E28C9A42F4D20021F3E7B0
:104C5000CC2E002010B5074C2379012B05D1237CE5
:104C60001BB102F07DF901F051FCA069BDE81040D4
:104C7000FFF7CCBFCC2E002070B5254C2379012B3B
:104C800004D040F682412D20FCF784F998B9012523
:104C9000237C1BB102F064F901F038FC002D36D002
:104CA000A06908F06AF868B302F020F8E369BDE88B
:104CB00070409B6818472168A26911F8095B02F1EE
:104CC0004903E80992F8482007F03DF80028DED0B3
:104CD0002068002107F03CFA0028D8D02379A06989
:104CE000012B02D040F65C41CDE72379E26903F164
:104CF00080435269013B05F00F0152F82330984779
:104D00000546C5E7A069BDE87040FFF77FBF70BDED
:104D1000CC2E0020074A0346906903B909B9FFF772
:104D200075BF1379D26903F180431269023B52F8CF
:104D300023301847CC2E00202DE9F043032985B0FD
:104D40000546174607D14388980723D400242046F8
:104D500005B0BDE8F083428890F86830D107DBB237
:104D6000F4D5002BF2D14FF00108DFF8D49099F878
:104D70001060C6B107F02BF80828387016D002AAC8
:104D80000DF10701FEF7EEF938B940F6F7612D2075
:104D9000FCF700F94FF00208E7E79DF8070002A9C9
:104DA00007F051FE06463B78082B08D1D9F80010D1
:104DB00011F8030BC0F3801007F045FE0646D9F842
:104DC000001095F84F2011F8030B05F15003C0F3C4
:104DD000801006F0B8FFD9F80010044611F8030B54
:104DE000C0F3801006F0E9FF8146FEF75BFA40B1A0
:104DF000B9F1080F1BD04846FEF7E0F880F0010338
:104E0000D8B23A78082A14D01CB9AC7DA21A544200
:104E100054416A8853079AD4002897D176B9EC7C1C
:104E2000444518BF002C0CBF012400248FE700204C
:104E3000E7E780F001022240D4B2EAE7344686E791
:104E4000CC2E00202DE9F04F85B008230DF107028C
:104E5000052104468DF80730FFF76EFF064620B99E
:104E60000026304605B0BDE8F08F794F39687A7C6E
:104E700011F8030B07F11203C0F3801006F063FF73
:104E800080460028ECD13B68A16918468D7D10F85A
:104E9000032BC2F340122A408A75D3F80320C1F8CD
:104EA000AD208288A1F8B1201D46A26915F81F1B0C
:104EB000C1F3801182F8AC10D3F81F00029002A950
:104EC00028790871D3F80F00C2F8C800587D1D7DFD
:104ED000000440EA0520DD7C2843C2F8D000B3F886
:104EE000190082F81E8140F2E24909FB00F0C2F885
:104EF000C4009D7DC5EB451005EB800505EB8505E0
:104F00006D00A2F8D850B3F8170009FB00F0C2F802
:104F1000D400B3F81B00A2F8CC00B3F81D00A2F82F
:104F2000CE0093F8243003F01F005B0982F82200C2
:104F300082F81F31A56994F912A005F1160007F057
:104F400037F840F20113A5F814314FF0FF0B85F844
:104F500016B1414605F1DC00FEF736FC514605F17D
:104F6000A800FEF7D5F9A36984F87380B3F8AA20E6
:104F7000A4F8742084F891B04FF6FF72A4F8922040
:104F8000D3F8C420B2FBF9F2A4F88A20B3F8CC20FD
:104F9000A4F88C20B3F8CE20A4F88E2093F81F211B
:104FA00084F89020627D9DF8070004F17E0162B3D1
:104FB00094F84820012A28D194F84E2002F0C0022B
:104FC000402A22D1D4F84920C4F87E20B4F84D20DC
:104FD0008A8093F8AC2084F87720082803F1AD0587
:104FE00004F18401D3F8AD3004F1780227D0C4F87D
:104FF0008430AB888B8004F17701FEF7B3F840B9B9
:1050000040F6E2312D20FBF7C5FF0022C4F87E20D8
:10501000DEE794F8773043F0020384F8773004F148
:105020006A000C4907F08FF90B4BA0691B6800223E
:105030003A71002B3FF415AF2146984711E7A3675B
:10504000AB8893800023C4F884308B80E7E700BFEF
:10505000CC2E002005D00000EC340020032937B509
:10506000044604D0052953D0012003B030BD0823E5
:105070000DF107028DF80730FFF75EFE0028F3D030
:10508000237C284D03B39DF8070094F8B630DBB9B4
:10509000237884F8B730082804F1B90229D004F144
:1050A000B801FEF75FF820B94FF477612D20FBF7C8
:1050B00071FF94F8B83043F0020384F8B8301A490D
:1050C00004F1AE0007F03FF92B6804221A700622A3
:1050D0005A702046FFF750FD286894F83820616B1D
:1050E00007F027F8032328682B7101F0BFFE00208A
:1050F000BBE72868034613F8031BC1F3801184F84B
:10510000B810D0F80310C4F8B9109B889380D6E784
:10511000064B1B68002BEAD0984780F00100C0B214
:10512000A3E700BFCC2E0020EDCF0000E834002024
:10513000F8B504460F4619B300F12005284608F0DB
:1051400021F9A0B963881A072ED5284608F031F94D
:105150000646284608F016F9301AC0B208F039F9A8
:10516000474A936803442846936008F0E7F82846C6
:1051700008F0E9F801F038FD2179252001F098FCCC
:105180003F4E94F8562030680023037043706388C4
:10519000103B0D2B64D8DFE803F05F635B0C6340CA
:1051A00063636363636363402046BDE8F840FFF7D1
:1051B0002DBD06234370202303702046FFF7DCFC3F
:1051C000638823F008039BB2152B05D094F8302098
:1051D000E16A306806F09EFF306801F047FE022366
:1051E00021793371002001F00DFD054607B9F0600B
:1051F00063881B0704D508F0E9F80544C4F8F450A7
:105200006388103B0D2B36D8DFE803F038352F2F9D
:10521000352F353535353535352F0C23437003465D
:10522000212103F8091B52B1D4F85720C0F80920F6
:10523000B4F85B209A80012106F065FFBDE7226D7E
:10524000C0F80920B4F854209A8094F84F10F3E77E
:10525000062303704370B0E7022303700623F9E7C7
:1052600040F259612D20FBF795FE21790120BDE820
:10527000F84001F09BBE40F6F541F3E7F8BD00BFF2
:10528000CC2E002038B54388102B044604D1BDE84D
:1052900038400121FFF74CBF0B4D2B7C23B101F0AF
:1052A0001BF9402001F050FE286801F0DFFD608806
:1052B00010F0040002D1217901F078FE002001F005
:1052C00029FE01232B7138BDCC2E0020024B012179
:1052D0009869FFF72DBF00BFCC2E002010B5124CEF
:1052E000237C1BB101F03CFE01F010F9A06907F02E
:1052F00044FD38B12379012B09D040F686312D20A9
:10530000FBF748FEA069BDE81040FFF77FBC23799A
:10531000E269A069D26803F18043013BBDE8104017
:1053200052F82330184700BFCC2E002010B5074894
:10533000037903F0FF0433B914222146043005F049
:10534000EFF8204610BD0C24FBE700BFCC2E002058
:1053500010B50A4C00232371FDF708FC2060FFF70D
:10536000E5FF20B14FF442712D20FBF713FEE369F6
:1053700013B940F20B31F7E710BD00BFCC2E00206F
:10538000014B024ADA617047CC2E002054560000CF
:10539000034B044A1A60044B044A1A60704700BF6A
:1053A000E8340020454E0000EC3400208FCE000091
:1053B000F8B5057DAF1E0446FFB2002D3AD0012F8F
:1053C0002DD800F1500190F84F0006F0F6FC0828A7
:1053D000064624D0FDF7FEFD10BB023D18BF012597
:1053E000012F8CBF0027012784F848506775A675E8
:1053F000FDF7B2FE054602F051FE154B0022E5FB1B
:105400000301C4E9100184F8562011462046FFF735
:10541000C5FB70B940F2A3412D20FBF7BBFD082668
:10542000022D09D104F149010020FDF75FFC60B9AC
:105430000020F8BD0826F5E704F149010120FDF739
:1054400055FC0028F4D00125CAE70025C8E700BFB5
:1054500040420F00F0B5444E327985B0044602F068
:10546000FF0312B90278FF2A04D140F6DD112D2086
:10547000FBF790FDB36080F869303C4B00933C4BE8
:1054800001933C4B0293F36968465B68039301F018
:10549000E5FC01F04FFB01F063FD01F037F8364801
:1054A00001F098FB04F12005344801F0D1FC2846B6
:1054B00007F044FF284607F046FF01F095FB2179ED
:1054C000252001F0F5FA94F9120001F07DFB04F1BA
:1054D0002C01A06A05F07FFD04F134010746A06AA3
:1054E00005F0A0FD0546DFB1237FCBB1B4F926500E
:1054F000ED43ED0F637D13B963885B0709D5D4E9EC
:1055000010126FF000439A4208BFB1F1FF3F0DD176
:105510009DB930680330FDF73DFE307405B0F0BD35
:10552000002DE7D0657F002DE0D1E3E702F0B6FD66
:10553000D4E9102390429941EAD30122294620461A
:10554000FFF72CFB50B1FDF707FE054602F0A6FD64
:105550000B4BE5FB0301C4E91001DAE7002DD8D0BD
:1055600040F61C2183E700BFCC2E0020DD52000056
:10557000794C0000154D0000D6BE898E555555005A
:1055800040420F0073B50446FFF764FF0021204638
:10559000FFF7CEFD236E0BB101221A606388DB0793
:1055A00024D50023124EA569CDE90033FF2373747F
:1055B0006846FCF755F8C8B9009CA542F8D095F8A4
:1055C000B32094F8B30005F1B40304F1B40106F07C
:1055D000BAFB0028ECD094F8AC307374D4F8AD303A
:1055E000C6F81230034BB4F8B1209A8002B070BDF7
:1055F000CC2E0020DE2E0020024B9861DB691B6858
:10560000184700BFCC2E002043881B0710B5044666
:1056100012D583690A493C2280F87320B3F8AA3076
:10562000A0F87430FF2380F891304FF6FF73A0F894
:1056300092306A3006F087FEFF2384F8693010BD8F
:1056400005D0000051D000008552000057D0000066
:105650005D50000085550000554C0000CD52000003
:1056600044560000485600005056000001380228F9
:1056700008B503D9C4212F20FBF78CFC13290A4B52
:1056800005D811290CD8102907D0D221F3E7152904
:10569000FBD103EB4003D88801E033F8100008BDCC
:1056A00003EB40039889FAE70C780200294A38B5E1
:1056B000948803461C43402B1068948004D1042135
:1056C000BDE83840FFF76AB9802B01D10521F7E723
:1056D00003F00304032C04D140F6A4313120FBF77E
:1056E00059FCDD0706D50C6891602478062C0FD094
:1056F0000B2C17D09C0706D509680978117305296A
:1057000019D00B2921D09B0644BF0823537338BD01
:10571000C47B1B2CEED100240025C0E91C450124CC
:10572000C474E7E7C47B112C01BF0024C4740124B6
:1057300080F85240DEE7C17B1729E4D10024002520
:10574000C0E91E4501210175DDE7C17B1029DAD1D1
:105750000021F8E7EC2E00200C4A517B034689B962
:1057600010683BB9B0F80411B0F8E820914209D8AC
:10577000FFF706B993881B0706D5007C073818BFCA
:10578000012070470020704701207047EC2E002058
:1057900073B504460068036813F0300F0D4649D115
:1057A000B1F805101A2904D9B5F80730B3F5A47F6C
:1057B00006D22978204602B0BDE8704006F04DBF01
:1057C000B5F801201A2AF4D9B5F80360B6F5A47F1C
:1057D000EFD30096DC3006F046FE174B9A8892070E
:1057E0000DD51B7B142B0AD12268136843F01003DC
:1057F0001360204606F008FF002002B070BD236849
:105800009A7B202AF0D093F82331002BECD1236827
:1058100093F82231002BE7D123681A68B3F8AA0065
:1058200042F020021A6003F1DC0103F5A472FDF7D7
:10583000E7FFDEE70120E0E7EC2E00202DE9F8434A
:10584000614D06462C6800287ED1AB881A0725D505
:1058500094F89E30FE2B04D140F2FB513120FBF72F
:1058600099FBFE2384F89E30E37B1D2B05D184F841
:105870005100284606F0D2FEE673A37B232B06D107
:10588000E37B233B072B94BF2A232423A373237C8E
:10589000072B02BF0223AB7384F89E30AB88DB0773
:1058A00017D4AB885F0776D499077DD5287B2B6802
:1058B00001220D2883F89F2073D011287DD007285E
:1058C0007DD0FEF73DF9034600286BD140F2EE5142
:1058D000C4E7D5F80080A96898F80F30D1F8009097
:1058E000103B0F2B99F8007009D8BB1EDBB2092BB7
:1058F00067D840F2333222FA03F3D80761D5097929
:105900003846FDF773FD20B939462F4806F0A5FE4D
:1059100039E0012F01D9162F21D198F80E0006F099
:105920008CFE40B198F80E30232B04D0242B07D1E5
:105930002A2388F80E303846FEF7F8F803461BE0B5
:10594000162F14BF022620266B7B1B0704D5E37B92
:10595000103B0F2B98BF08263046BDE8F883112F67
:1059600015D005D8072F14D00D2FE4D1174B05E023
:10597000142FE0D1164B1B68002BC5D0AA68124823
:1059800012794946984700288BD00646DCE7114B30
:10599000F4E7114BF2E7227C062A04BF0122AA7326
:1059A00082E70E4B08489847AB88DA06CCD5E37BF4
:1059B000092BC9D10A23E373C6E7094BF2E7094B68
:1059C000F0E70826C0E700BFEC2E002049D5000014
:1059D000F03400208DD500006D5A000073D4000013
:1059E000BFD40000E9D400002DE9F041A0F10E047D
:1059F0000B1EE4B208BF1F23172C16460AD8012538
:105A0000A54040F251210D4207D115F460051FD188
:105A1000082C07D00020BDE8F081BDE8F04100214E
:105A200007F0DBBC1468A17B242906D11946304657
:105A3000FDF7D8F884F82C5105E02A29EAD1E37B58
:105A4000233B072BF3D80023A37384F84A30E1E704
:105A5000054A1468002CDDD01A460146234630461C
:105A6000BDE8F041184700BFF434002070B54D7810
:105A7000A5F10E03DBB2152B04460CD8012101FA67
:105A800003F640F25122164207D10268152B927B91
:105A90002AD0082B07D0002070BD02462846BDE85A
:105AA000704007F09ABC242A01D02A2AF3D120465C
:105AB00006F0A2FD2368DA7B252AECD093F8632058
:105AC00022F0010283F86320226892F8633023F009
:105AD000080382F863301A212046FDF783F8236813
:105AE000002283F82C21D6E72C2AD4D1024B1B6844
:105AF000002BD0D09847CEE7F83400202DE9F041B4
:105B000090F86E7290F86F6204460D467FBB90F875
:105B1000141176BB94F8153184F8141184F81531FA
:105B2000FF2384F81631154B1B6804F1A8080BB14C
:105B30004046984794F82C31012B01D03E4303D0C6
:105B4000237B43F001032373404606F093FC18B116
:105B5000237B43F00203237306212046FEF71EFF3A
:105B6000002384F82C3135B1A373BDE8F0813946A8
:105B7000CFE73346D0E7E573F7E700BFFC340020FA
:105B800073B5484D002604462860AE806E73AE7330
:105B9000FF2380F84C30B0F8B231002B7CD090F865
:105BA0009E30FE2B78D190F82031002B74D0037CEE
:105BB000063B012B70D990F82131A0F8446080F8A1
:105BC000A0300221012207F061FC84F8BA610221B1
:105BD0002846FDF7FFFEB4F8B611B4F8B821B4F8C2
:105BE000DA30013989B2B1FBF3F31344A4F8B831C8
:105BF000B4F840300B44A4F84030204607F093FC42
:105C000010B1636B0B446363B4F8B231012B9CBFDA
:105C10000133A4F8B231002609B184F8BE61E37BF8
:105C200084F8BA61093B012B0FD8E388B4F86C22E1
:105C30009B1A190409D404F26E2104F1160006F02F
:105C4000B7F9E673FF2384F84B30B4F8B62104F1BA
:105C5000A801204606F0F2F9E37B134A1349103BF2
:105C60000F2B8CBF0023012300932868104BFCF7F7
:105C700065FA2C68237BDA0703D50A480021FCF774
:105C8000B1FF237B9B0703D504F23F10FDF7B2FD64
:105C90000023237302B070BD94F89E10FE299AD0A1
:105CA000004896E7EC2E002059570000AD56000042
:105CB000B55C00002DE9F047B24F0E46B9883C684C
:105CC0008D0556BFB4F8402000230132804646BF00
:105CD000A4F8403084F8BE31A4F84020204607F0F4
:105CE00022FC38B10B4604F59B7204F1A801204652
:105CF000FEF7E2F8BB8803F4C06323B1A37C002B5A
:105D000045D0032B49D0A27CBB88012A03D11805BA
:105D100044BF0222A274B8F1000F40F08F805906F0
:105D20005DBFB4F8D821013292B24246A4F8D8211E
:105D300003F00A020A2A0CD13A7B022A09D123F085
:105D400008033046BB80FFF779FD08233043C6B215
:105D5000BB803046FFF772FD3D6895F89E303043BA
:105D6000FE2BC6B23BD1D6BB2B7C063B012B36D9D2
:105D700095F82031ABB195F82131A5F8446085F84C
:105D8000A03001220221284607F080FB27E00121F4
:105D9000A1742046FEF702FEB5E70223A374012199
:105DA000F7E795F80FA0AAF10F0A5FFA8AFABAF19D
:105DB000100F40F2E9802B68DA0702D5324609213C
:105DC000E1E7980740F18D8032460C21284607F024
:105DD0005DFB95F8533043F0010385F85330B4F878
:105DE000B83194F8BB510133A4F8B831002D00F05C
:105DF000FB81FCF767FA10B10023A4F8B831A17C4D
:105E0000012940F22382237C072B40F00582B4F85D
:105E10004030022B40F21A82B4F842500135ADB244
:105E2000E3882B44A4F8B03194F8BC31002B00F087
:105E300011820123E2881344A4F8B431BB883D6881
:105E40005B065FBFB5F8C431B5F8B6219B189BB2AD
:105E500048BF0023A5F8C43195F820311BB92B7C2D
:105E6000063B012B06D8B5F84430B5F8B6211344EB
:105E7000A5F8443095F84A1031B1B5F84630B5F878
:105E8000B6211344A5F8463095F95020002AC1BF29
:105E9000B5F84E30B5F8B6011B18A5F84E3095F898
:105EA000313063B9B8F1000F40F05E82BB7B022B4A
:105EB00040F0168295F8A030062B18BF162395F8EF
:105EC000302022B92F4885F83130FDF743FE2846AF
:105ED00007F089FB002384F84C30BDE8F047FCF75D
:105EE000D7BE590702D5324613214CE71A0706D50B
:105EF00095F8983085F8A0303246072143E713F033
:105F0000300F3AD095F82331002B5BD195F8223130
:105F1000D3B1EB7B282B05F1A80005F5917105F2B3
:105F20006E2228D0AB7BA3F1280CDCF1000343EBFD
:105F30000C0306F08AFA2B6823F0200343F01003C9
:105F40002B60002385F822312B68DA063AD505F15B
:105F5000A80006F08FFA18B105F23F10FDF74AFCD1
:105F6000B5F8FE30A5F8A030B5F80231A5F8A2309A
:105F70000022152107E70123DBE75B0622D500227B
:105F8000242100E7EC2E0020D7F8009099F80F307C
:105F9000172B2DD011D8102B1DD0152B1FD0AB7B5C
:105FA000002B63D1EB7B0F3B102B67D995F83E306C
:105FB000002B63D001221221E5E61F2BEFD13246E0
:105FC00006210AE03868C37B252B3FD0342BE6D16D
:105FD00000221121D8E632460B214846D4E6484635
:105FE000FDF72CFE00283FF4FAAE00220421F4E76E
:105FF00099F86832012B07D132460521484607F04F
:1060000045FA89F86862EAE699F86832022BD9B253
:106010007FF4E5AE99F8523053B1062389F8A030E9
:106020003246484607F032FA002389F86832EAE738
:106030003B6840F20632A3F89A2099F8623013F0D8
:10604000040F32460CBF0D211121EAE790F82C31E4
:10605000022B02D10022172196E690F82C31012B59
:106060009DD190F82D31002BF4D098E7082B05D165
:1060700095F8993085F8A03001223EE7BAF1100F6B
:106080007FF6ADAE3D6895F80E90B9F1000F7FF444
:10609000A6AE95F833313BB101220E21284607F018
:1060A000F5F985F83391AEE795F8323183B195F87B
:1060B000539019F0030A0BD101220C21284649F014
:1060C000010907F0E3F985F8539085F832A19AE7C2
:1060D00095F822313BB395F8233123BBEB7B282B7A
:1060E00005F1A80005F5917105F26E2219D0AB7B80
:1060F000A3F1280CDCF1000343EB0C0306F0A5F937
:10610000002385F8223101221421284607F0BEF928
:10611000B5F8FE30A5F8A030B5F80231A5F8A230E8
:106120005DE60123EAE795F82C31012B3FD195F884
:106130002D31002B3BD1EA7BA2F12303072B36D96B
:1061400095F81401012806D0022804D04FF43F71BD
:106150000620FAF71FFF95F81511012901D0022931
:10616000F4D1022895F82E310BD0012B14BF002357
:10617000012343B9093A042A7FF631AE01221621E0
:1061800001E6022BF2E7022995F82F310DD0012B01
:1061900014BF00230123002BECD076480021FCF72C
:1061A00021FD002385F82C3119E6022BF0E795F844
:1061B00035314BB195F82D3133B9EB7B233B072BB0
:1061C00002D901222321DEE595F83431012B05D1D6
:1061D000002385F8343101222521D4E595F83431A6
:1061E000022B7FF4FCADF3E7FCF766F808B1A4F8E6
:1061F000B851FCF76FF800283FF401AE94F8BE31B7
:106200000133DBB2022B84F8BE3182BF0023A4F835
:10621000B83184F8BE31F2E594F83E3013B1A37B77
:106220000E2B13D1B4F84250B4F840302046ED1A8A
:10623000033D07F078F958B1A36B626B033B9B1ADF
:106240009D42A8BF1D46012D3FF7E9AD0125E7E5B9
:106250002B46F5E7012D7FF6ECADE37B13B10A2B5E
:106260007FF4E7ADA37B002B7FF4E3AD237C002B11
:106270007FF4DFAD02297FF4DCAD94F8BE31002B52
:106280007FF4D7ADD4F8BC00B4F8DA9004F0ECFC9D
:1062900000283FF4CEAD94F89E30FE2B7FF4C9ADBC
:1062A000B4F8B231012B7FF6C4ADB4F8B821B4F81C
:1062B000CC309A42BFF4BDAD9B1A9BB2013DADB24A
:1062C000B5FBF9F59D4228BF1D4619FB05F3003DBE
:1062D00003F1010318BF01259BB284F8BA51A9E567
:1062E000012B08D16B7C002B7FF4E9AD00212846FF
:1062F000FEF754FBEEE55EB1F00633D4310733D43C
:10630000B20633D4B30733D14FF43161312020E7E3
:1063100039B1B5F84610B5F84830994201D3222377
:10632000CDE5002A05DDB5F84E20B5F848309A4293
:10633000F5D2B5F84420B5F842309A4209D2AA7C89
:10634000B5F8403052B1B5F842209A42CED8082371
:10635000B5E595F82031002BE1D1F0E7052BC5D943
:106360003E23ACE51E23AAE53D23A8E52323A6E5AD
:106370002A23A4E5EC2E002013B5D0F87432D0F80F
:10638000C42001909342044605D1D0F87812D0F889
:10639000CC20914216D0B4F8AA20A4F8872140F26C
:1063A000E242B3FBF2F3A4F88931B4F87832A4F8EE
:1063B0008B31B4F87A320A49A4F88D3104F27D1099
:1063C00005F0CAFFB4F87A22D4F8741201A8FCF7D9
:1063D000B7FF0023E3730323A37402B010BD00BF13
:1063E00055C7000008B5FDF7C9FA024B024A1A600A
:1063F00008BD00BFF034002091570000074B93F90F
:1064000000301844142804DC10F17F0F03DB40B285
:106410007047142070476FF07E007047FD2E0020FB
:1064200007B57F230DF107008DF8073000F0A6FDBA
:1064300003469DF9070053B1094B5B785B4240FA74
:1064400083F0142806DC10F17F0F05DB40B203B0A7
:106450005DF804FB1420FAE76FF07E00F7E700BF59
:10646000FD2E0020024B00221A705A70704700BFA8
:10647000FD2E0020064BD3F8000138B1D3F80401FB
:1064800020B1D3F80801B0FA80F04009704700BF8E
:1064900000F00040034B00221A705A7010229A70CC
:1064A000704700BFFF2E002070B50646022014463C
:1064B0000D4600F0A3F8064B01221A70054B033C71
:1064C000C3F81045C3F80865C3F8045570BD00BF94
:1064D000FF2E002000F0004008B5022000F08EF8EA
:1064E000084B01221A70084B0022C3F80021C3F8A0
:1064F0000421C3F8082103F580334FF40002C3F8E8
:10650000042508BDFF2E002000F000400E4A08B50B
:10651000137883B10D4B4FF40001C3F80815FFF752
:10652000A9FF68B101235370094BD3F80034DBB2E3
:10653000937000231370BDE80840002000F05EB89F
:1065400050701023F4E700BFFF2E002000F0014040
:1065500000F00040094B1A7862B1094BD3F80021D2
:1065600052B1D3F8040140B1D3F80801B0FA80F079
:10657000400970475878704702207047FF2E00206E
:1065800000F0004008B5074B1A783AB1FFF772FFE8
:1065900030B1054BD3F80004C0B208BD9878FCE7D1
:1065A0001020FAE7FF2E002000F0004008B50A4B4B
:1065B000D3F80025032A04BF01229A600022C3F801
:1065C0000025C3F8002500F0F9FE044B4FF400024B
:1065D000C3F8082508BD00BF00F0004000F00140EE
:1065E000054B4FF40042C3F88020BFF34F8FBFF339
:1065F0006F8FFFF7DBBF00BF00E100E010B504467E
:10660000FFF7D4FF012C06D0022C0CD054B18C2102
:106610003D20FAF7BFFC0B4B0222C3F800250A4AC3
:10662000C3F8142510BD074B0322C3F80025064A02
:10663000C3F8142503F580334FF40002C3F8042592
:10664000F0E700BF00F00040022F0020044B186864
:10665000062818BFB0F1FF3F0CBF01200020704793
:1066600048320020044B1868062818BFB0F1FF3FDD
:106670000CBF0120002070474832002008B5FFF70A
:10668000E5FF38B1044B1868063810F1080F94BFC5
:106690000020012008BD00BF4C32002008B5FFF7E4
:1066A000E1FF38B1044B1868063810F1080F94BFA9
:1066B0000020012008BD00BF4C32002008B5FFF7C4
:1066C000C5FF38B1044B1868063810F1080F8CBFAD
:1066D0000020012008BD00BF4C320020064B0022E4
:1066E000C3F80021C3F80C21C3F81021C3F804211A
:1066F000C3F80821704700BF0010004070B5134D6B
:106700006E7F0346084626B940F6C1013E20FAF7DF
:1067100041FC63B9012EAC69297F05D100F03CFD35
:1067200020442B69C01A70BD07F014F8F8E7012B5C
:1067300009D1012EAC69297F02D100F01DFDEFE7E0
:1067400007F013F8ECE70020EBE700BF1030002063
:106750000B4B93F82B0088B193F82A307BB1094B8F
:10676000D3F8002242F00102C3F80022D3F850050A
:1067700000F0F600023818BF012070470120704772
:10678000103000200010004008B5094B0128187196
:10679000084B06D0022808D040F645513E20FAF7B3
:1067A000F9FB0322C3F8102508BD0422FAE700BF55
:1067B000103000200010004008B570B9104B28318F
:1067C000D96018460F4900F023FF0130012816D97F
:1067D00040F2C2613E20FAF7DDFB01280CD1084BE4
:1067E0002931D9601846074900F018FF0130012807
:1067F00005D940F2CC61EDE74FF4DA61EAE708BD74
:10680000E82000202078020008B50C4B5B78012BB3
:1068100009D100F009FF013001280ED940F611110D
:106820003E20FAF7B7FB022B07D100F003FF01303F
:10683000012802D940F61711F2E708BD10300020F8
:10684000094B0A4A1B89B3F5166F3ABFA3F63813F2
:1068500043F48073A3F5166300F07F00C2F8083597
:10686000C2F85405704700BF1030002000100040EF
:1068700010B50C46FFF788FF2046FFF7E1FF0F4AEF
:106880000023C2F81C31D2F8003243F48873C2F8F6
:10689000003240F20313C2F8343540F25B63C2F8B1
:1068A0003835FFF7EBFE40B9FFF708FF28B9D2F8FB
:1068B000683543F4C023C2F8683510BD00100040AD
:1068C00073B50C46154D0646FFF75EFF2046FFF7F1
:1068D000B7FF214695F9052001AB304600F034FEA4
:1068E0009DF8050000F0ACFE20B140F2E3513E20DF
:1068F000FAF750FB9DF90400294600F035FC084BDF
:1069000040F20312C3F83425284640F25B62C3F814
:10691000382502B0BDE8704000F0FABD103000200C
:10692000001000402DE9F04106460C46174601F0E4
:10693000C3FB0028FBD02C4B2C4D4FF40022C3F896
:1069400008259EBB01236B7095F82A301BB9A979E5
:106950003846FFF7B5FF264B33F817304FF47A72FD
:1069600003F5FA73B3FBF2F3224AE41A1E4BC3F8A1
:10697000AC252B691C4A204FE1184FF001081F4B32
:1069800085F82A80C7F84015C2F8A8352B6A43F469
:1069900000232B624FF40023C2F80435FFF7D8FE22
:1069A0000446B8B900242046BDE8F081012E0CD180
:1069B00002236B7095F82A301BB9A9793846FFF786
:1069C00057FF094B0E4A293CD1E740F634013E20DF
:1069D000FAF7E0FAC7F84C80D7F84C358B42E1DA89
:1069E0003046FFF7E9FEDEE700F0014010300020FE
:1069F0009878020000100040008000404081004074
:106A00000410004008B540221048002103F088FD22
:106A10000F4B1B6823F004020A2A05D0102B03D069
:106A2000082B0ED1402200E024220A48FF2103F067
:106A300077FD4FF080430022C3F8082EC3F8102ED4
:106A400008BD0D2BEED03822EFE700BF103000203C
:106A500048320020000E0040024B0344187E00F52F
:106A60001660704720780200024B98691B69C01AB3
:106A7000704700BF103000200A4B1A7FD3E9043062
:106A8000C01A094B03EB82031B6CC01A074B53F867
:106A900022304FF47A7203F2F313B3FBF2F3C01A0D
:106AA000704700BF10300020207802008C78020070
:106AB000FF2808B504D940F2CB213E20FAF76AFA44
:106AC000114B0129188504D0022919D04FF44F71B8
:106AD000F3E700230D4A43F4801340F0007043F4C1
:106AE000847340F44030C2F81435C2F81805D2F867
:106AF000503503F0F703032B05D140F25631DCE7A4
:106B00004FF08073E6E708BD103000200010004011
:106B100008B5FFF7B3FD50B1054AD2F8743723F03A
:106B2000807323F0010343F08073C2F8743708BD0B
:106B3000001000401E4B2DE9F0410226C3F8806092
:106B4000BFF34F8FBFF36F8F01F0B0FA044601F02F
:106B5000F1FB184D001B184C286100274FF001086D
:106B6000C4F8FC7FC4F8FC8F00F082FC40F20122E4
:106B7000C4F83085C4F85026104AC4F80062107C6E
:106B800000F076FD0E4A0A4B0E49C2F80415102299
:106B9000AF836F85AF61C3F88061C4F804231E60C2
:106BA0002B6C03B19847BDE8F04100F025BD00BF54
:106BB00000E100E01030002000100040E82000203C
:106BC00000F001400000020C014B5871704700BFFB
:106BD00010300020034B020E0002C3F82425C3F836
:106BE0001C05704700100040044B054A0344907197
:106BF0001B7E03F516631381704700BF20780200E7
:106C000010300020F8B52B4C94F82B3006460F4678
:106C100023B940F206713E20FAF7BCF9264A012357
:106C200084F82A30D2F8003243F00103C2F800326F
:106C300001F042FA0028FBD02EBB0123A17963703A
:106C40003846FFF73DFE6378012B02D04FF4E9612F
:106C5000E1E71A4AD364A2F5E0421360174BD3F878
:106C60004C5530462946FFF7A7FD2369ED1AF6B9C2
:106C7000134B33F817304FF47A7203F5FA73B3FB02
:106C8000F2F35819F8BD012EE8D10223A1796370FF
:106C90003846FFF7EDFD6378022B02D040F25171C8
:106CA000B9E7064BDE64A3F5E0435E60D6E705F185
:106CB0002900E7E71030002000100040008000406D
:106CC0009878020008B5FFF72DFE58B9064BC3F8B7
:106CD0004005A3F5E04301221A610220BDE8084007
:106CE000FCF742BD08BD00BF0080004073B5234BD8
:106CF0002349D3F80443234D02224FF0FF30C3F859
:106D00000803C1F880212049C3F8002200226A85C7
:106D1000C1F8402501F5B8314FF46026C1F8086587
:106D2000D3F85015C9B204F01004D1B18DF80700A2
:106D3000C3F8102101221A619DF8072012B1D3F87F
:106D400010213AB19DF807305BB940F6FF013E20B3
:106D5000FAF720F99DF80720013AD2B28DF8072002
:106D6000EAE7FFF751FD054B0022C3F810212A8006
:106D700014B11022C3F8042302B070BD001000400B
:106D800000E100E0103000200080004038B51B4DCD
:106D90000024C5F84845C5F84445C5F84045C5F840
:106DA0004C45FFF7A3FF00F02DFC154B15491A6A5F
:106DB0001C6242F0446242F40032C1F80825C3E983
:106DC0000544DC70104BC5F848450222C5F844451F
:106DD000C5F84045C5F84C45C5F84841C5F844419B
:106DE000C5F84041C5F84C41C3F88020BFF34F8F30
:106DF000BFF36F8FC3F8802138BD00BF0080004013
:106E00001030002000F0014000E100E070B50F4DAF
:106E10002C7806461CB96C70EC706C8570BD18B18E
:106E2000BDE87040FFF762BF013C18BF0124AA789B
:106E300096212046FFF762FC2E80AA7885F82A600A
:106E400001462046BDE87040FFF73CBF10300020EF
:106E5000014BC3F83C0570470010004010B50FC847
:106E6000014C84E80F0010BD543000200A490B4B40
:106E700010B5C1F80405012483F82B405862FFF7D0
:106E800067FC40B9064BC3F840050C610320BDE820
:106E90001040FCF769BC10BD00100040103000200D
:106EA00000800040174B1A6910449A69824210B55D
:106EB000154C09D30220FCF757FC0023C4F84035D9
:106EC000124B01221A610CE00122DA706264D4F8DC
:106ED00044150531814205D30C4BD3F80411002928
:106EE000F0D010BD0022C4F84421C4F844051A6A49
:106EF00042F480021A62064B4FF48002C3F8042564
:106F0000EFE700BF1030002000800040001000407C
:106F100000F0014010B50B4C0346607F217F2279C1
:106F200001284FF0960009D100F044F9A3692269C5
:106F30009B1ABDE810401844FFF7B4BF00F054F9A5
:106F4000F4E700BF10300020044BC3F86005D3F80D
:106F5000002242F04002C3F80022704700100040B7
:106F6000054BD3F8002222F04002C3F80022002291
:106F7000C3F86025704700BF001000400A4A014670
:106F8000D2F81C0182B068B1D2F8483503F07F0313
:106F90005B420B700023C2F81C31D2F81C31019304
:106FA000019B012002B0704700100040034B0028F5
:106FB00014BF0222012299701A707047103000200D
:106FC000054B0022C3F84025044AD2F85035DBB205
:106FD0000BB1012313617047008000400010004096
:106FE00030B5044BD3E90C459B6BC0E900450B6001
:106FF00030BD00BF103000202DE9F04701F05AF8F5
:107000004D4C4E4E4FF00109C4E90C01C6F84C90AE
:10701000D6F84C35A363FFF7F7FB494B226AC3F858
:1070200008250025474A2562C3F8AC55D2F800323E
:1070300023F48E7323F00103C2F80032D6F84835EA
:10704000A361D6F84435636163786377D2F80C8125
:1070500084F82B50D2F81011FFF740FB6778022F0D
:107060004FD1E37813B1D6F8443113BBB8F1000F18
:1070700026D0FFF703FB50BBFFF720FB38BB314B9B
:10708000D3F85034D90122D51A0705D013F0F00FE8
:1070900002D013F4706F1AD12A4AC3F304410129B4
:1070A000D2F8542413D1012A11D0C3F34253022B36
:1070B0000DD80120FFF7AAFE636CBDE8F047184722
:1070C000002937D00120FFF7A1FE236DF5E72379D2
:1070D00023770020258DFFF799FE1A4BD3F8003453
:1070E000DB070CD5636A5878A84294BF00200120C2
:1070F000A36C002180F00100BDE8F0471847012093
:10710000F6E7012F13D123792377B8F1000F06D0CA
:107110002846FFF77BFEE36C39462846ECE749B189
:107120003846FFF773FEE36C41464046E4E709B199
:107130004846C8E7BDE8F0871030002000800040D6
:1071400000F0014000100040024B03EB8003186C7C
:10715000704700BF20780200024B03EB8003D86C1D
:10716000704700BF20780200024BC0B2C3F80C0584
:10717000704700BF00100040064A4FF47A7332F99E
:107180001120584300F2E7301044B0FBF3F002380E
:10719000704700BF84780200054A4FF47A7332F9D1
:1071A000112000FB03301044B0FBF3F0704700BF28
:1071B0008478020038B51D460A4B33F9114003EBC1
:1071C000820305359B681C4404F6B7344FF47A7388
:1071D00003FB00441046B4FBF3F4FFF7B5FF25446E
:1071E000284438BD8478020070B506460846154626
:1071F000FFF7B2FF094B03EB85039C684FF47A73EA
:1072000004F6B73403FB0644241A2846B4FBF3F40F
:10721000FFF79AFF0530204470BD00BF847802005C
:10722000024B00221A705A709A7070476430002026
:107230002DE9F041054601200C4617469846079E69
:10724000FFF7DCF99DF8243005F0030141EA034122
:10725000244B41F08071C3F80415234B214604F1FF
:107260001002184651F8044B43F8044B9142F9D1EF
:107270001E499DF81830C0F814800761CB7633683A
:10728000CB6173680B62174B194AC3F80805126883
:10729000062A09D001321FBFD3F81825BDF82000F7
:1072A00060F30702C3F81825124B134AC3F80825E8
:1072B00015F0FB0F01BF114AC3F89825FC3AC3F83B
:1072C0009C250122022D4A7081F8245007D8054BD5
:1072D0000A700021C3F80011C3F800121A60BDE85B
:1072E000F08100BF00F000406730002064300020D3
:1072F0004832002000F001400000020200F100408E
:1073000070B5194C637823B94FF4D5713C20F9F767
:1073100041FE164BC3F80C15C3F8100594F8245021
:107320000122A270C5B924780CB99721EEE7104C60
:10733000C3F804514FF40035C4F80455D3F8006184
:1073400016B15A60C4F808550B7803704B780433B3
:1073500043708B78837070BD00212270C3F80411D4
:10736000C3F800221A60F6E76430002000F0004005
:1073700000F001400E4A08B5537823B94FF4DF718D
:107380003C20F9F707FE0B4BC3F80C150121C3F89D
:107390001005917012780AB9BA21F1E70022C3F8FA
:1073A0000421054B4FF00072C3F8042508BD00BF4F
:1073B0006430002000F0004000F00140084B1A78D3
:1073C0004AB10849084AC1F808250022C1F89825A1
:1073D000C1F89C251A7000225A709A70704700BF3D
:1073E0006430002000F0014000000202194B1B78BD
:1073F00070B523B94FF4F2713C20F9F7CBFD164C70
:10740000D4F80431BBB90223C4F80433134B144E2F
:107410001D691A6942F0100205F010051A61D4F8CE
:1074200004317BB125B90D4A136923F010031361B0
:107430000223C4F80833084BD3F80004003818BFFF
:10744000012070BD4FF40043C6F8803106F075FA94
:10745000E5E700BF6430002000F0004000ED00E0F0
:1074600000E100E0014B01229A60704700F000400B
:1074700010B5FFF7F7F888B1224B1B68063B0833BD
:1074800033D9214AD2F83C3723F0004323F0FF03DD
:1074900043F0004343F09603C2F83C37FFF7FEF891
:1074A000194C38B1D4F8403723F47F4343F4B05338
:1074B000C4F84037154BC4F8783700F0D3F838B12A
:1074C0004FF08053D3F830335A1C18BFC4F84C37F0
:1074D0004FF01023196E4B1C1FBF0B4AD2F88C358E
:1074E00061F31743C2F88C3510BD074AD2F83C3718
:1074F00043F48063C2F83C37FFF7B4F80028C0D1EA
:10750000CCE700BF4C320020001000402C00008966
:1075100008B50146FFF7C2F898B10B790948022B6C
:107520004FF08053D0F88825D3F8203322F4FE4260
:107530000CBFC3F30663C3F3062342EA0323C0F878
:10754000883508BD001000402DE9F04F264C85B06D
:10755000054698460E46174600F0C8F82378AB4219
:10756000814611D16378B3420ED194F90230BB4207
:107570000AD1E378834207D1A388A8F8003094F9B0
:10758000060005B0BDE8F08F012D06D0022D10D009
:1075900040F289410620F9F7FDFC00200DF10F03B0
:1075A0003A46314600F0A8F8824620B14621A9208B
:1075B000F1E70120F2E730469DF90FB0FFF74CFAF2
:1075C000A91E4A4203464A41CDF800A0414658460A
:1075D00000F03CF8B8F80030A071A3802570667008
:1075E000A77084F80390CAE700210020014B1B68B4
:1075F0001B68184730210020014B1B685B68184747
:1076000030210020014B1B689B6818473021002067
:10761000014B1B681B69184730210020014B1B6878
:107620005B69184730210020014B1B689B69184794
:1076300030210020014B1B68DB69184730210020F6
:10764000014B1B689B6A18473021002030B4044C62
:107650009DF8085024680295E468A44630BC604751
:1076600030210020014B1878704700BF0035002002
:1076700010B500220C49134640FA02F4E40744BF57
:10768000CA545C1C02F1010248BFE3B2042AF3D1E0
:10769000054AFF24D118032B01D9107110BD013305
:1076A00001F8014BDBB2F6E70C350020B5D700003E
:1076B000BBD70000BDD70000E3D70000C1D7000052
:1076C000EDD70000C7D70000F7D70000CDD70000E6
:1076D00003D80000D9D70000DDD70000CFD70000C5
:1076E000D5D70000F3D70000FDD70000014B187D6F
:1076F000704700BF98300020042810B511D883B11E
:1077000004280CBF10242824A1420AD2064C54F8A5
:10771000200018B141568A42A8BF0A461A700020BC
:1077200010BD6FF01500FBE79830002030B5034620
:10773000114890F91C209A4219DD90F924209A42B0
:1077400017DA9A1A846AA05C0C4A15569D420DD02D
:107750000E32002918BF01309442C0B206D129B1BF
:10776000013BDBB2012B01D80130C0B230BD0D208E
:10777000FCE70020FAE700BF98300020A478020060
:1077800008B5054B93F91C30984203DAFFF7CEFF9A
:10779000024B1B56184608BD98300020A478020002
:1077A00008B5184B93F82C20FAB9012283F82C2045
:1077B000154A1268A2F10800082803D813490141AC
:1077C000C90709D5911F092910D9013212D04FF4E8
:1077D000DF71742002F0BAFB0D4A9A62D8221A6255
:1077E00083F8242008229A611A7708BD094A0A41C1
:1077F000D207ECD4084A9A62D8221A6283F824206D
:107800000422F0E79830002048320020DEFEFFFF1F
:10781000DF780200EEFCFFFFB278020010F0FF00FC
:1078200008B508D14FF0804301225A60C3F8000127
:10783000034B187008BD7C21B52002F087FB00BF08
:10784000C5300020014B01221A707047C53000205E
:1078500008B548B94FF08043D3F8003113B9044B51
:10786000187808BD0120FCE7C221B52002F06EFBAC
:10787000C5300020044B1868062818BFB0F1FF3F40
:107880000CBF0120002070474832002008B5094B8A
:107890001A680A2A02D1084B1B6823B1FFF7EAFFD6
:1078A00008B9082A04D14FF080430222C3F8342CCF
:1078B00008BD00BF483200204C320020F8B50F4E02
:1078C0000127375404460D4605F0A8FF60B934B9C6
:1078D0004FF08043B7707560C3F80473F8BD40F291
:1078E00025116D2002F032FB002DF7D01CB9204687
:1078F000A8477460F2E74FF4A071F2E7C8300020A7
:10790000044B191800228A7003EB80011A544A6054
:10791000704700BFC8300020014B9881704700BFFE
:10792000C8300020014BD889704700BFC830002004
:10793000014B9889704700BFC830002010B5EFF3A5
:10794000108472B6064B03441A7C0132D2B21A7408
:107950001B7C012B01D105F055FF04B962B610BDA7
:10796000C830002010B505F081FF05F057FF4FF03B
:107970008044084940B1FFF789FF012323610423B4
:107980008B740023CB7410BD03238B740123C4F8C4
:107990000433F6E7C830002010B5EFF3108472B658
:1079A000094B03441A7C22B940F257216D2002F0A2
:1079B000CDFA1A7C013AD2B21A741B7C0BB9FFF7CC
:1079C0002DFF04B962B610BDC8300020024B987C70
:1079D000003818BF01207047C830002038B5164C59
:1079E000237D23B940F206316D2002F0AFFA637DAA
:1079F000C3B9A37DB3B1E27C013B9A4212DA05F030
:107A00000DFF054602F0F4FBA37D012B82BFE37C52
:107A10000133E37455B1A369C31A0133022B09D9A9
:107A200035B1A061BDE83840FFF79CBFE369F3E7DB
:107A3000E061F7E738BD00BFC830002073B51B4DCB
:107A40006B7D63B9286A00F0030005F0FFFE30B1DA
:107A5000EFF3108372B6AA7C1AB103B962B602B012
:107A600070BD0122AA7403B962B64FF080430822A8
:107A7000C3F808234FF42073ADF80630BDF8064074
:107A8000A4B2631E9BB2ADF80630002CF6D14FF0C5
:107A900080460748C6F80C4105F031FF85F82540BF
:107AA000FFF760FF0823C6F80433D8E7C83000208A
:107AB000EC3000202DE9F347484C237D002B00F0EB
:107AC0008A800323ADF804304FF08043D3F800518F
:107AD000F5B9D3F80481B8F1000F09D04FF0804315
:107AE0000022C3F804210222C3F80823FFF7A6FFEF
:107AF00094F825603A484FF08047F6B2D7F80C81E9
:107B000005F001FF48B340F243316D2002F01EFA48
:107B100000258DF804500122D3F80481C3F808230E
:107B20000DF10409271DA61C19F8010B03280AD022
:107B3000337843B13B684FF0000A86F800A013B1D8
:107B40009847C7F800A06B1C022B07F1040706F149
:107B500001064FF00105E7D1BDE745B1A37C032B3A
:107B600005D10423A374FFF791FE01233B61B8F113
:107B7000000F1FD04FF080430022C3F80C21A37CDC
:107B8000042B02D040F26931BFE7164B1A680A2A6B
:107B900002D1154B1B6823B1FFF76CFE08B9082A08
:107BA00004D14FF080430022C3F8342C0223A37485
:107BB00005F05FFE4EB1002384F82530A37C022B34
:107BC00001D1FFF7CFFE05F054FE054802B0BDE835
:107BD000F04705F0A7BE02B0BDE8F087C83000202E
:107BE000EC300020483200204C32002010B5054C0B
:107BF000206A00F0030005F029FE0028F8D00020DC
:107C000010BD00BFC8300020F8B5054650B102785D
:107C1000042A07D8437842B9013B1F2B02D8837846
:107C2000212B07D96FF0150075E0002BFAD183786E
:107C3000002BF7D17B4B0127C3F88070BFF34F8F28
:107C4000BFF36F8F4FF08046C3F88071764C0B23E3
:107C5000C6F808330023C6F80031C6F80431C6F868
:107C60000C3123746374AB88E38105F0DAFD08B14D
:107C700027702774D6F80C24D6F80C34D20303D519
:107C8000DF0701D5FFF7DEFD4FF4AF63A3812B784B
:107C9000A978637500222262A175E274042B4DD885
:107CA000DFE803F005033A484A000123236205F0A8
:107CB000BFFD00284DD005F0C2FD236A03F0030389
:107CC000984246D1AB79002B3DD1FFF78FFFA37DC2
:107CD0006BB12B785BB905F0A1FD054602F088FA7F
:107CE0006FF00043002D00F09980C4E906034FF0C7
:107CF0008043D3F80C24D3F80C34D20303D5DB072C
:107D000001D5FFF79FFD474A01230020A07423758A
:107D1000C2F880311360F8BD05F0A8FD4FF0804334
:107D2000D3F80C14D3F80C24CE03F9D5D007F7D52B
:107D30000223BBE73D4BB9E73D4BB7E740F21E518D
:107D40006D2002F003F94FF080430222C3F80423B0
:107D5000BDE74FF080430122DA600022C3F804211E
:107D6000226AC3F81825334A1368A3F10E010129CA
:107D700004D90A2B02D0FFF77DFD48B14FF08053A4
:107D80004FF08041D3F84432C3F34233C1F83C355D
:107D90001368A3F10E02012A04D90A2B02D0FFF7BF
:107DA00069FD20B14FF080430122C3F84C254FF00C
:107DB000804301229A600222C3F80423AA79002A90
:107DC00085D1D3F80423910702D440F2D141B7E71B
:107DD000194A1669116941F010011161D3F8043193
:107DE00006F010060BB905F0AAFD4FF08047D7F852
:107DF000043183B1FFF7FAFE26B90F4A136923F065
:107E0000100313614FF080430222C3F808230022BD
:107E1000C3F804215BE705F090FDE8E7C4E906300C
:107E200065E700BF00E100E0C8300020010002006B
:107E3000010003004832002000ED00E010B50D4CB9
:107E400004F1240005F05FFD48B9A37C022B01D1A9
:107E5000FFF788FDBDE81040074805F063BD074AFD
:107E6000012384F82530BDE81040C2F8003105F048
:107E7000FDBC00BFC8300020EC30002000E100E075
:107E800038B50C4B0C46197919B183216F2002F0DB
:107E90005DF860B95D790DB1002038BD01225A71DD
:107EA000FFF74CFD21462846FFF708FDF4E76FF089
:107EB0001500F2E7F030002038B50B4D2B79044661
:107EC0001BB19A216F2002F041F850B96B790BB9C0
:107ED000002038BDFFF714FD20466C71FFF75CFDF4
:107EE000F6E76FF01500F4E7F030002010B501B3AD
:107EF000F0B14FF0FF33104A1C46E0FB01349442CE
:107F000003D9DB216F2002F021F81A0D42EA043276
:107F1000C3F30F10094B00EB02404FF22444B2FBB5
:107F2000F4F103FB1100B0FBF4F040EA0140013032
:107F300010BD0846FCE700BF3F420F00000024F4DC
:107F4000014B9B68184700BFF0300020014BDB68F5
:107F5000184700BFF0300020014B1B69184700BFD5
:107F6000F0300020014B1B6A184700BFF0300020A2
:107F7000014BDB69184700BFF030002008B5064B05
:107F80001B7923B140F237116F2001F0DFFFBDE80C
:107F90000840FFF723BD00BFF0300020034B1A79E3
:107FA0000AB9FFF7BFBC988D704700BFF0300020C2
:107FB000034B1A790AB9FFF7BBBC988A704700BF18
:107FC000F0300020024B1B790BB9FFF737BD70472B
:107FD000F0300020014B9B69184700BFF0300020B3
:107FE00010B5144C2379A3B1636A9847002806DBC7
:107FF00094F82E3023B1012384F83030002010BDD6
:10800000FFF7E8FF0028F6DA40F28D116F2001F04B
:108010009DFF094BA361094BE361094B2362094BA7
:10802000A360094BE360094B2361FFF7EDFD0028D6
:10803000E1D0E4E7F0300020ED7B00003D7E000061
:10804000CD7900006DD8000073D8000079D8000009
:1080500038B5084B1D79044625B140F2E1116F2077
:1080600001F074FF01F026F82046FFF755FC284682
:1080700038BD00BFF030002008B5074801F008F80F
:10808000054800F021F801F04FFA01F031FA00F054
:108090001FFB012008BD00BF2431002001F0E2BB1E
:1080A000103001F029B800BF01F03EB801F0D6BC95
:1080B00001F09EBD01F0B0BD01F050BC08B5272114
:1080C000032001F043FF00BF024B186000221A7129
:1080D0009A6070472C31002070B582B01E4C237915
:1080E000012B11D0DAB2022A0BD1A0680DF10701E1
:1080F00000F014FB0023A36023719DF8070002B079
:1081000070BD012002B070BDA0680DF1070100F044
:10811000FBFAA5686B7DDB07ECD5AB7F042BE9D0C0
:1081200001F046F806460028E4D001F047F82A6935
:10813000B3682E686D68961945F1000500220A3370
:1081400042F100021B1842EB0102B342AA41D1D313
:10815000A06800F085FCCDE72C310020837F0BB1B7
:108160000020704710B50A684B688C68D1F80CC0C5
:10817000C0F80CC08460026043600A694B694361C7
:10818000012402618477054B1A792AB998601C7121
:1081900000F0A4FF204610BDFFF790FF2C31002017
:1081A00070B5044682B00D4601F002F8A37F012BA2
:1081B00017D02B686A68A9680646E868E060A16085
:1081C000236062606A692B69626101222361A27780
:1081D0000DF10701204600F097FA2EB1012002B000
:1081E00070BD002002B070BD024B0421186805F07C
:1081F00057FBF3E72C310020024B0621186805F0ED
:108200004FBB00BF2C31002010B5084B1A7952B972
:108210000446986002221A7100F060FFA07FB0FA55
:1082200080F0400910BDFFF749FF00BF2C3100204E
:1082300038B5837FC3B1044609E0A37F042B09D07E
:10824000A37F012B11D005F078FBA37F63B1A37F3F
:10825000032BF2D1EFF3108572B6204600F0BCFA82
:1082600005B962B6A37F2BB938BD4FF482710320E4
:1082700001F06CFEFF21032001F068FE70B5054699
:1082800000F096FF08B3044600F098FFA468034688
:10829000E41841F1000628463346224600F072FBFE
:1082A000A04271EB06034FF000050CD3001B6FF0EA
:1082B000010361EB0601834275EB010100D370BD40
:1082C0004FF0FF3070BD284670BD40F229110320E9
:1082D00001F03CFE2DE9F04104460F4600F068FF36
:1082E00010B38568002362195B41064613B1002074
:1082F000BDE8F08100F062FF2A1841F10003384622
:10830000A51843F1000800F03DFBA84271EB0801FD
:10831000EDD301F0A7FA00F019FAB36837752344DA
:108320000120B360BDE8F0814FF4A371032001F098
:108330000DFE00BF00F042BFF8B50369002B4ED11F
:10834000044601F08FFA05460E46FFF705FE78B3A6
:10835000D4E90003643546F10006A84273EB060237
:1083600023D3C4E90003EFF3108672B600F020FFB8
:10837000054698B100F022FFAB6800220B3342F1B2
:1083800000021B1842EB0101D4E90002834271EBA9
:1083900002053CBF03461146C4E9003106B962B686
:1083A0002046BDE8F84000F083BB28463346D8E7B6
:1083B000FFF7FEFD074600F00FFFB8422168626834
:1083C00038BF3846963546F10006401946F100039D
:1083D000884273EB02053CBF08461346C1E74FF4E1
:1083E000D171032001F0B2FD1C4B1868A0B350E915
:1083F000063130B550F8104C13F10A02036841F110
:1084000000011519A0F1180041F1000C1BB922E080
:1084100014D31B68FBB153E90621AA4271EB0C048B
:1084200019D290F814E013F8044C7445F0D19C88EC
:10843000B0F81CE0A4EB0E042404EAD553F8100CA9
:108440000A3241F100018518A3F118001B6841F1BF
:10845000000C002BDFD130BD704700BF3831002049
:1084600070B5264D00236B60EFF3108172B6AA68D9
:108470006A60AB60EB6009B962B66A6872B3204C9F
:1084800000269379032BA2F1180028D0136873B348
:108490009A79042AA3F118038446A6460FD1818B4A
:1084A0009A8B521A12049A6944BF0CF1180E18469E
:1084B00042B19C46A2F118039A7F042AEFD09B7F19
:1084C000032B16D1DEF800201368CEF8003002210D
:1084D000C368867798476A68002AD2D170BD116850
:1084E00052F80C3C9671696001219847F3E7A64663
:1084F000EAE763219F2001F029FD00BF3831002009
:108500003C3100202DE9F04F6F4B04681B68456833
:1085100083B08283427D0646894602F00102002B29
:1085200000F0CB80A3F1180C002A6ED0DCE900012A
:10853000844275EB0107644A2FD39CF81420337DE5
:108540009A421BD8DCF808301B1841F1000113F1E6
:108550000A0E41F10007744575EB070280F0A88010
:108560003269121945F10000964577EB000801D2F7
:10857000724638469A428841C0F08280DCF8183052
:108580000CF11802002B00F09180A3F1180CDCE92B
:108590000001844275EB0107CFD21F466346B068E5
:1085A000001945F10008002B44D0CDE90027CA4648
:1085B000D3E9007110F10A0C48F10002674571EB34
:1085C000020245D21A7D96F814C0944519D39A68D0
:1085D000D21941F1000112F10A0941F1000E4C4596
:1085E00075EB0E0745D237693F1945F1000CB945C7
:1085F0007EEB0C0B01D24F46F44697427CEB010C0C
:108600003DD39B6923B3183BD2E7DCE900018442E8
:1086100075EB01012C4A0CD3DCF818300CF1180270
:108620003BB1A3F1180CDCE90001844275EB0101B8
:10863000F2D21F46334643F8187F1360FFF7D4FE8B
:10864000864210D0002389F8003003B0BDE8F08FD7
:10865000DDE900273346D14643F8187F1360FFF762
:10866000C3FE8642EED1012389F8003003B0BDE895
:10867000F08F2746AC4697427CEB010CC1D2D14625
:10868000114A0423B3779168002333767376B37667
:10869000F37606F118020C4B69B1DB681A600B4BDC
:1086A00009491878CA6001F009FECBE71F4676E752
:1086B000224628465EE79A60F1E712B91746024A59
:1086C000B8E7014A1F466AE738310020342100200C
:1086D00010B50A4C2378FF2B0AD1094801F0C4FDDC
:1086E000084B207000221A609A60DA601A8210BD6E
:1086F0004FF48D719F2001F029FC00BF3421002030
:108700006184000038310020034B1A8A02F1010C09
:10871000A3F810C0FFF7F6BE3831002038B5044684
:108720000D46FFF761FE0346E31AB3FA83F35B09D4
:1087300005482B7004F1180105F0D8F810B100239A
:10874000A377012038BD00BF383100202DE9F04368
:108750001F4E34686CB34FF000083546C6464FF0E4
:1087600004092346246853F8187C53F8082CD219BE
:1087700053F8147C47F1000C82427CEB010C1AD2B6
:108780002A6812682A6083F80690B26883F800E0CD
:1087900083F801E083F802E083F803E07AB1F2683D
:1087A0001360F3604FF00108002CDAD1B8F1000F2C
:1087B00007D1BDE8F0831D46002CD2D1F6E7B360A7
:1087C000EFE7044BBDE8F043187801F077BD00BF38
:1087D000383100203421002070B5154EB3680546AD
:1087E00000F11801BBB1B368002423B913E01A6883
:1087F0001C4682B113469942F9D10CB1AA69226094
:10880000B268914204BF1B68B360F36899420AD012
:108810000023AB7770BD074805F068F80028F9D051
:108820000023AB77F6E70023F460AB77F2E700BFF5
:10883000383100203C3100202DE9F843484E34689F
:10884000002C00F087804FF000080F460546B14627
:1088500041464FF0040E2346246853F8180C53F891
:10886000082C121853F8140C40F1000CAA427CEBAF
:10887000070C69D2D9F800201268C9F8002083F8E3
:1088800006E0B268197059709970D970002A5FD0EB
:10889000F2681360F3604FF00108002CDBD1B8F1EF
:1088A000000F03D02F4B187801F008FD3368002B20
:1088B00050D053E90612A94272EB070053F8100C8E
:1088C0003CBF29463A46A3F1180C0A304FF0000489
:1088D0001B6844F10004091842EB04021BB92DE0A7
:1088E00016D81B6853B353E90604884274EB020E92
:1088F00024D29CF8148013F804ECF045F0D1B3F8BE
:1089000004E0BCF81C80AEEB080E1EF4004FE8D06B
:10891000854277EB040E294638BF014653F8100C08
:108920003A46A3F1180C38BF22461B68091842F1D9
:1089300000020A3142F10002002BD4D10CF11803DD
:1089400073616046BDE8F8839946002C83D1A6E7A1
:10895000B3609FE700239C4673616046BDE8F883DF
:10896000383100203421002010B5054C61692046C3
:1089700004F0BCFF18B1606900231838636110BDB2
:10898000383100201C49096839B3A1F1180C9CF852
:10899000141081421DD870B5DCE9004112F10A05BE
:1089A00043F1000EAC4271EB0E0620D2DCF81060F1
:1089B000341941F10001AC4271EB0E0115D2DCF823
:1089C000181071B1A1F1180C9CF814108142F6D85E
:1089D000E2E7DCF818100029D7D14FF0FF3001464C
:1089E00070474FF0FF30014670BD2C467146B4F120
:1089F0000A0041F1FF3170BD3831002010B5837F8E
:108A0000022B06D0837F012B02D0837F042B1DD144
:108A100010BD437D13F0020313D103210E4A817769
:108A20009468037600F1180143768376C3765CB1CF
:108A3000D3681960094BD160BDE81040187801F087
:108A40003DBC0023837710BD9160F3E74FF4FF71C5
:108A50009F2001F07BFA00BF383100203421002034
:108A600070B5114D00F1180604463146284604F051
:108A70003DFF98B10423A377AA6800232376637689
:108A8000A376E37642B1EB681E60084BEE6018787F
:108A9000BDE8704001F012BCAE60F6E74FF4027121
:108AA0009F2001F053FA00BF38310020342100200C
:108AB0002DE9F04F066983B0002E70D1D0E9001582
:108AC0008368077DEFF3108472B6DFF8DCC0DCF852
:108AD0000020002A5CD013F10A0EBCF81080CDF8FB
:108AE000048046F10006183AB046D2E9003611EB90
:108AF0000E0A45EB08099A4579EB060C48D38B42E0
:108B000076EB050C28D3D2F810C01CEB030C46F111
:108B1000000BD4457BEB090B34BF4FF0010C4FF039
:108B2000000CBCF1000F13D092F814C0BC4526D045
:108B300034BF4FF0010C4FF0000CBCF1000F07D018
:108B400013F10A01936846F10005591845F1000533
:108B50009269EAB1183AC8E7D2F808A013F10A0CF2
:108B600046F100091AEB0C0C49F10009614575EB5F
:108B7000090934BF4FF0010C4FF0000CD1E7B2F8F7
:108B80001CC0DDF80490ACEB090CCCF3C03CD4E77E
:108B900004B962B6C0E9001503B0BDE8F08F40F239
:108BA00027219F2001F0D2F938310020024B052106
:108BB000186804F075BE00BF50310020054B58689E
:108BC00010B1C3680521184710B54FF41B71B020D0
:108BD00001F0BCF9503100202DE9F0471646002B7A
:108BE00055D0D3E900894B4C804579EB0103A38A2A
:108BF0003CBF804689466433B8EB000569EB01074A
:108C00000022AB422261BA41C4E9028916DBA369A2
:108C100003F2A3139D4277F1000769DA3E4AC4F8D4
:108C2000288040464946C4F82C9000F03FFD3B4A5E
:108C3000052384F830303260BDE8F087627F237FFF
:108C40001AB19A071ED40022627703F0010AA369C1
:108C500003F2A3139D4277F100072EDABAF1000F59
:108C6000DCD0A08A2C4AB8EB000069F10001C4E90D
:108C70000A0100F01BFD0623284A84F830303260D8
:108C8000BDE8F087236A01209847237FDBE7214C6A
:108C9000637F2BB1237F9B0702D5236A012098476E
:108CA0000025657701F03CF8FFF750F92B461C4A88
:108CB00084F830303260BDE8F08701F031F8FFF71A
:108CC00045F9A08AA369BAF1000F01D0984215D8DE
:108CD000B8EB0300104A69F10001C4E90A0100F091
:108CE000E5FC02230D4A84F830303260BDE8F0879D
:108CF00001F016F8FFF72AF9A369E9E7B8EB0000DD
:108D0000054A69F10001C4E90A0100F0CFFC034AF9
:108D100001238EE750310020AD8B0000698E0000EA
:108D20006190000002392DE9F04104292DD8DFE8D7
:108D300001F00309292C0C00164A137F003B18BFD1
:108D4000012353770020BDE8F081044600F07AFC4F
:108D500000F088FD0E460746FFF76EFD0D4D80467C
:108D60006868FFF74BFE22463846314643460024EA
:108D700000260027C5E902676C60FFF72DFF02207F
:108D8000BDE8F081FFF7A8F9DCE740F21721B02039
:108D900001F0DCF8503100202DE9F84F2E4C637FB4
:108DA000A769804683BB94F81C9019F0010934D15F
:108DB00000F058FD10EB070B41F1000A05460E4686
:108DC00058465146FFF738FDA8B3D0E900329B451D
:108DD0007AEB02011BD30023204AA56228463146C4
:108DE000C4E902BAE662236100F060FCB9F1000F49
:108DF00018D0A38A1A4A9F4216D0022384F8303032
:108E0000C8F80020BDE8F88F4FF00009D0E7DD1B5F
:108E10009B4662F100069246DDE7A38A9F4238BF77
:108E20001F46C5E70E4AE8E7012384F83030C8F84A
:108E30000020BDE8F88F637F2BB1237F9B0702D50D
:108E4000236A012098470023064A84F8303063776C
:108E5000C8F80020BDE8F88F50310020AD8B00002D
:108E6000698E000061900000023970B50546032943
:108E700000F2EB80DFE801F006024508754B0022A6
:108E800083F83120002070BD724C94F830301A1FE6
:108E9000012A40F29F8000F0E5FCA26A2369801A53
:108EA0009842B8BF184694F830302061022B7FD02A
:108EB000237FD90740F1C480607F002840F0C08044
:108EC000236A98470123637794F83020022AD4E973
:108ED00002034BD0012A70D02269323843F1FF31AE
:108EE000101841EBE2715C4AC4E90A0100F0DEFBB4
:108EF00094F83030062B0CBF0523042384F830305F
:108F0000C0E7544C94F83030042B0FD8022B25D8EE
:108F1000013B012B00F28F80FFF7DEF80028B1D073
:108F200000F08EFC2846FFF737FF15E0053B012BCC
:108F300000F28180FFF7D0F80028A3D000F080FC79
:108F400000F090FC06460C46FFF776FC2A460346E6
:108F500021463046FFF740FE022070BDFFF7BCF807
:108F600000288FD0012384F831308BE7227FD2078D
:108F70000ED5627F62B9A18A374A401A63F10001B7
:108F8000C4E90A0100F092FB032384F8303079E74A
:108F90002169314A323843F1FF33401843EBE17124
:108FA000C4E90A0100F082FB042384F8303069E749
:108FB00000F0AEFEFEF7C4FF86E7A169264A401A1C
:108FC00063F10001C4E90A0100F070FB022384F898
:108FD000303057E7042B94F8316019D0002EAFD110
:108FE000FFF7C2FC0028ABD06060C4E90D6600F05A
:108FF0001DFB6068022383773146C3689847D4E934
:109000000201FFF7A3FB154B84F830602B60A3E748
:1090100000F08EFE0028E1D100200021FFF70CFCBB
:1090200008B1FFF71DFD00F07BFEFEF78FFF28461D
:10903000FFF7B2FE90E74FF4CD71B02000F086FF4D
:1090400040F2B311B02000F081FF40F2F111B020E6
:1090500000F07CFF50310020AD8B0000258D00001A
:10906000032910B506D801290AD840F25D11B020B5
:1090700000F06CFF0429F8D10446FFF72DF808B979
:10908000002010BD2046FFF787FE022010BD00BF64
:1090900010B5064A064C02600023206084F8303088
:1090A0002377FEF785FF5130A06110BD619000006D
:1090B0005031002008B5074B074A196809689142EA
:1090C00002D15130986108BD40F25121B02000F02A
:1090D0003DFF00BF503100206190000010B5EFF35C
:1090E000108472B6034B0421186804F0D9FB04B94C
:1090F00062B610BD5031002008B5094B5A684AB11C
:10910000D3E902218018BDE80840064A41F1000178
:1091100000F0CCBA40F27221B02000F017FF00BF7F
:1091200050310020BD8B000008B5064B5B681BB1B9
:10913000BDE8084000F084BB4FF41E71B02000F081
:1091400005FF00BF5031002008B5054B5A680AB131
:10915000586308BD40F27E21B02000F0F7FE00BF4A
:109160005031002008B5054B5A680AB1986308BD14
:109170004FF42171B02000F0E9FE00BF5031002013
:10918000044B9B6B03B1184710B540F28A21B02005
:1091900000F0DCFE50310020044B5B6B03B118473C
:1091A00010B54FF42471B02000F0D0FE50310020F3
:1091B000014B5868704700BF5031002008B5054B7F
:1091C0005A6812B1D3E9020108BD40F29B21B020D8
:1091D00000F0BCFE50310020034B187F10F001005E
:1091E00018BF988A704700BF50310020054B1B689C
:1091F0001BB1D3E908200421104710B57221452086
:1092000000F0A4FE90310020054B1B681BB1D3E990
:1092100008200321104710B56C21452000F096FE70
:10922000903100202DE9F04104460D4679B9174FE1
:109230003B683BBB16483C60FFF786FF1548FFF7CD
:1092400091FFFFF777F8637D5B07064605D4D4E905
:1092500008302946BDE8F0411847FEF727FF2036C1
:10926000361A7E6000F07AFB0028FBD00A4B002201
:10927000C3F8A8252946C3F8AC25D4E90830BDE8D1
:10928000F04118478621452000F060FE9031002013
:1092900009920000ED91000000F00140024B002215
:1092A0001A601A81704700BF9031002008B5074B43
:1092B0001A683AB10648D06000211960BDE808403C
:1092C000FEF79ABFB921452000F040FE9031002002
:1092D00025920000C0E908122022002101F020B9E7
:1092E00030B587B04B7A00220D460592CDE90022B9
:1092F0000492C3F3800282F001024FF0000162F396
:10930000820104462A78287A8DF815108DF8140009
:1093100069682B4802910390002A40D1D5E90420C6
:109320009DF815C01CF0040FCDE9002028D19DF850
:1093300015202449C3F340035B0043F0010322F0EE
:10934000030213438DF815304B68C3F308038BB148
:10935000103B5BB2002B1CDB03F1604303F5614360
:1093600093F800335B092BB969462046FEF718FFD6
:1093700007B030BD69462046FEF7F0FE07B030BDAD
:10938000203A01F1200140F1FF300092029101905A
:10939000CDE703F00F0319440B7D5B09E3E72B696D
:1093A0000493FEF77BFE9DF815305B07CDE90001C5
:1093B00004D5029A6B7A20320292B8E76B7AB6E74C
:1093C0002592000000ED00E010B5037886B0B3B937
:1093D0000446D0E90401CDE90433CDE9000103934B
:1093E000217A6368029368468DF81410FEF7A4FF93
:1093F000DDE900230120C4E9042306B010BD4FF4C9
:10940000AB71452000F0A2FD30B50C7887B07CBB75
:109410004B7A05940C7A8DF81440C3F3800E174CE8
:109420004D6803948EF0010ED1E904414FF0000C19
:109430006EF3820C1CF0040FCDE900418DF815C0CD
:10944000029507D0203C05F1200541F1FF31009441
:10945000029501919DF815400492C3F3400363F314
:10946000410469468DF81540FEF778FE07B030BD1F
:1094700040F21F21452000F069FD00BF2592000049
:1094800070B4EFF3108672B617490D78ADB1174B73
:10949000D3F80445D3F848314FF6FF7294421FD0F9
:1094A000E3B147F6FE739C4218D84B68013306B906
:1094B00062B6C0E9004370BC70470C4AD2F804455C
:1094C000D2F8043153B14B6801334B60C2F80451F8
:1094D000D2F80445D2F80431002BF4D14B68E6E70A
:1094E000002BFBD11C46F9E7C831002000B000403A
:1094F00010B50A4C002222742277094B0948012139
:109500005960C3F84025C3F840214FF40022196187
:10951000C0F8082500F020FF206210BDC8310020EF
:109520000080004000F001403749384BF0B44D6AEC
:10953000374C002201204A6058609860C3F8084305
:10954000C3F84843C3F80421C3F84021C3F84421B9
:10955000C3F84821002D55D02E4C2F4EC4F8A865D5
:109560002E4AC4F8AC55C4F85C394FF40023C4F853
:1095700004350523C2F840351060D2F84031002B85
:10958000FBD02448002301244FF40025C0F80855DF
:109590005460D460C2F84031C2F84035C0F8A835F4
:1095A000C0F8AC35C0F8AC350B7833B391F828402F
:1095B000184816491A4E1B4DE30003F1804303F58A
:1095C000F8330122A2404FF6FF774FF48024C0F811
:1095D0000825C1F84443C1F84875C1F80443C3F8ED
:1095E0001065C3F81455C0F804250F4B4FF4006202
:1095F000C3F88021F0BC1A607047044B0222C3F804
:109600000423F2E71860CFE7C831002000B0004023
:109610000200070000F0014040810040008000404F
:1096200048B1004008B0004000E100E0044B4FF0BA
:1096300080411A6A0123C1F808351360704700BFE2
:10964000C831002010B4144C1449154A0023C4F842
:10965000A8350120C4F8AC354FF0FF3448600861EC
:10966000C1F808430F4891684FF48074C0F88041F6
:1096700041B10D494FF48030C1F808031374C1F8AB
:1096800040319360126A10BC4FF080410023C1F852
:1096900008351360704700BF00F0014000800040B3
:1096A000C831002000E100E000B00040F0B55A4CA5
:1096B000A36883B0002B40F09F802578A260002D26
:1096C0005CD1564B994200F29C80430F544E554F4B
:1096D00043EAC101A6FB0132C0F34F33920B03EB07
:1096E000014307FB1233A6FB03639B0B43EA0243D0
:1096F0004D4A02FB1300420B48F2376101FB02F2B4
:10970000120C43F60957494907FB120000FB01F10F
:10971000490D43F6085601EB422207FB0161B0EB0D
:10972000512F88BF01320026002D41D01F0C1B0491
:109730009D18684647F10007FFF7A2FEDDE90032F9
:10974000053346F100064FF48031E2FB01369D42BD
:1097500077EB060647D32A0C4FF6FF71ADB242EA0B
:109760000742002D08BF0D4631494FF48030C1F843
:109770004055E260C1F8040303B0F0BD2D4B99429F
:1097800044D8430D264E274F43EAC121A6FB0132A0
:10979000C0F34F13920B03EB014307FB1233A6FBFD
:1097A00003639B0B43EA0243234A02FB1300A2E735
:1097B0001F0A1B069E18684647F10007FFF760FE68
:1097C000DDE90032053345F100054FF08071E2FB21
:1097D00001359E4277EB050505D3320E42EA07229A
:1097E00026F07F45C0E7FF232374144B4FF400623B
:1097F000C3F8002103B0F0BD40F2F921052000F0CC
:10980000A5FB4FF49471052000F0A0FB40F223115A
:10981000052000F09BFB00BFC8310020FF7F841EA5
:1098200083DE1B43000024F40080841E6F0C0100C3
:1098300000B000407F841E0080841E0000E100E034
:10984000064B9A684AB106494FF48032C1F80823A2
:1098500000221A74C1F840219A607047C831002074
:1098600000B0004070B4EFF3108572B6364C20782B
:1098700020B3364BD3F80425D3F848614FF6FF7375
:109880009A4252D043F60951C2F3080301FB03F395
:10989000500A01FB00F003F5807300EB5320002118
:1098A000002E45D047F6FE739A4241D863680133D3
:1098B00025B3274A70BCE3FB02017047234AD2F864
:1098C0000435D2F8041111B3636801336360C2F840
:1098D0000401D2F80435D2F804110029F4D143F67A
:1098E000095CC3F30802580A0CFB02F202F580730C
:1098F0000CFB00F000EB532063681DB962B62278C0
:10990000002AD6D1134AE3FB020170BC704743F62C
:109910000956C3F30802580A06FB02F306FB00F0DF
:1099200003F5807300EB5320E6E71EB10A480021DF
:109930006368BDE7636815B928462946DEE7044A2F
:1099400030463146DFE700BFC831002000B000409C
:1099500080841E000080841E61841E0070B4EFF3BA
:10996000108072B6384A15780DB3384BD3F80455C9
:10997000D3F848614FF6FF739D4256D043F6095421
:10998000C5F3080104FB01F16B0A04FB03F301F5C5
:10999000807103EB51230024002E49D047F6FE715D
:1099A0008D4245D85168013108B3294824E0274940
:1099B000D1F80435D1F804414CB3536801335360F6
:1099C000C1F80451D1F80435D1F80441002CF4D188
:1099D00043F6095CC3F308010CFB01F15B0A01F5D6
:1099E00080710CFB03F303EB5123516818B962B685
:1099F00010780028D9D11748E1FB0034D2E90C12C5
:109A00008B4294412CBF0120002070BC7047C3F3EF
:109A1000080143F609555B0A05FB01F105FB03F359
:109A200001F5807103EB5123DFE71EB10A4B0024DF
:109A30005168B9E7516810B903460446D7E70448AE
:109A400033463446D8E700BFC831002000B000409C
:109A500080841E000080841E61841E002DE9F04772
:109A6000DFF874815D4E012100234FF4002284B0A1
:109A7000C8F80410C8F84035C8F84031C8F81010CC
:109A8000C6F80825D8F8042522F00302C8F80425F2
:109A9000D8F8082542F00302C8F80825102292FAE7
:109AA000A2F2B2FA82F2092A00F39180C8F81025D6
:109AB0004B4A4C4FC8F80C104FF48070C2F880012C
:109AC0001060494AC8F80410C8F80C10C6F8A82558
:109AD0003A78C6F8AC8502A8002A56D0019306E071
:109AE0000123C6F808A5C8F80430C8F80C30FFF701
:109AF000C7FCDDE90243019D4FF4002A4FF4803991
:109B0000C6F804A5E3FB0945FFF7BAFCDDE902321C
:109B10000199E2FB0931A94208BFA342E0D1013417
:109B200043F60952C4F3080345F1000502FB03F3B1
:109B3000210EC4F34E2441EA052102FB04F02D0E50
:109B400003F5807300EB53204C016B01641A43EA68
:109B5000D16363EB0506B201A3011B1B42EA9462C9
:109B600062EB0602D20042EA5372DB005B1845EB5F
:109B70000205E903DA03801841EA534141F100018B
:109B8000C7E90C0104B0BDE8F087019206E00123AB
:109B9000C6F808A5C8F80430C8F80C30FFF770FC08
:109BA000DDE90243019D4FF4002A4FF08079C6F8A9
:109BB00004A5E3FB0945FFF763FCDDE902320199E7
:109BC000E2FB0931A94208BFA342E0D1A7E7074859
:109BD00040F29F3100F0B0F90080004000F00140F9
:109BE00000E100E0C831002000B1004054820200D2
:109BF00010B5029C201841F10001801A61EB0301AD
:109C0000B0F1004F71F1000100DA10BD40F2A9314E
:109C1000052000F09BF900BF70B4EFF3108572B619
:109C2000364C207820B3364BD3F80425D3F848615E
:109C30004FF6FF739A4252D043F60951C2F308031C
:109C400001FB03F3500A01FB00F003F5807300EB06
:109C500053200021002E45D047F6FE739A4241D88A
:109C60006368013325B3274A70BCE3FB02017047E8
:109C7000234AD2F80435D2F8041111B363680133D2
:109C80006360C2F80401D2F80435D2F80411002947
:109C9000F4D143F6095CC3F30802580A0CFB02F244
:109CA00002F580730CFB00F000EB532063681DB9D4
:109CB00062B62278002AD6D1134AE3FB020170BCB7
:109CC000704743F60956C3F30802580A06FB02F32D
:109CD00006FB00F003F5807300EB5320E6E71EB1AE
:109CE0000A4800216368BDE7636815B9284629461C
:109CF000DEE7044A30463146DFE700BFC8310020C6
:109D000000B0004080841E000080841E61841E001C
:109D1000024B0122C3F84423704700BF00B000404B
:109D2000024B0122C3F84823704700BF00B0004037
:109D300008B5FEF711F930B9074A936B0133312B9F
:109D4000936304D808BD044B00229A6308BD40F217
:109D5000F531052000F0FAF8C831002010B53F4C6D
:109D6000237882B0002B55D03D4BD3F80423520307
:109D70005BD43B4BE168D3F80423D00334D5D3F84C
:109D80004031002B30D0636899425DD800232374A2
:109D9000334AA168C2F840314FF48030C2F808035A
:109DA000002955D0A36088472D4BA169D3F804231F
:109DB000920324D5D3F844310BB363688B423FD36D
:109DC00000222277264B6169C3F844214FF400300A
:109DD000C3F8080300293BD08847214BD3F8403112
:109DE0000193019B02B010BD6268237C002BCDD192
:109DF0009142D9D91A4B0022C3F84021D4E76268B6
:109E0000237F002BDCD18A42E7D2154B0022C3F816
:109E10004421E2E7124AD2F804110029A9D0C2F87D
:109E20000431636801336360A3E7D3F84821002A53
:109E30009FD00022C3F8482163680133636098E72C
:109E4000237F002BE1D0BBE7237C002BD2D09DE702
:109E500040F23741052000F079F800BFC8310020FA
:109E600000B00040014B1879704700BF0832002055
:109E7000044B1A79824283BF1B68602202FB0030C8
:109E80000020704708320020BFF34F8F0549064B72
:109E9000CA6802F4E0621343CB60BFF34F8F00BF88
:109EA000FDE700BF00ED00E00400FA05094B0122C8
:109EB0005A604FF0FF32C3F80823074B4FF480423B
:109EC000C3F88020BFF34F8FBFF36F8FC3F880219B
:109ED000704700BF00E0004000E100E0094B0122B4
:109EE0005A604FF0FF32C3F80823074B4FF48052FB
:109EF000C3F88020BFF34F8FBFF36F8FC3F880216B
:109F0000704700BF00C0004000E100E0084B0022A5
:109F1000C3F8FC2F0122C3F8FC2F064B0222C3F822
:109F20008020BFF34F8FBFF36F8FC3F8802170473E
:109F30000010004000E100E008B572B6024B5B681B
:109F400003B19847FFF7A0FF103200201FB572B68B
:109F5000134B5D6895B9FFF797FF2346B2FBF6F206
:109F60005C1C002AF9D104AEDCB256FA83F303F884
:109F70000C2C0A2234B901A8A847ECE702460023BA
:109F80000A26EDE7631E04AEDCB256FA83F3B0FB9B
:109F9000F2F602FB1600303003F80C0C3046E9E70D
:109FA00010320020F8B51F4E337805460C46174690
:109FB000A3BB00F0C5F9FDF7F3FB77603472FFF740
:109FC000A5FFFFF78BFFFFF771FF174B002D14BFA5
:109FD00028461846FEF704F80546E8B9FFF75EF98B
:109FE000FDF7F0FF03F04BFCFEF746F818B9B82177
:109FF0001120FFF7ABFF002C0CDB04F01F026409FB
:10A00000A40004F1604404F5614401239340C4F8C2
:10A0100080312360012333702846F8BD4FF0FF35AF
:10A02000FAE700BF1032002010790200074B93F9C5
:10A030000830002B09DB5A09012103F01F03994066
:10A0400002F14003024A42F8231070471032002008
:10A0500000E100E0014B1878704700BF103200208B
:10A0600050B1074B03F1140253F8041B40F8041BD2
:10A070009342F9D1002070476FF01500704700BF80
:10A080000EB70200F0B5284D284C294F83B02E782A
:10A090000136F6B2D5E84F3F0133DBB2C5E8423FA7
:10A0A000002AF7D101236360C4F80021C4F8042119
:10A0B000EFF3108272B6C4F80405236052B962B699
:10A0C00008E0D4F804314BB92B789E4206D13B69A5
:10A0D000DB0613D4D4F80031002BF2D0D4F80431CD
:10A0E000002BD4D12A78B242D1D10322C4F8003156
:10A0F000C4F80431C4F8082303B0F0BD0D4B0321AC
:10A100004FF48042C4F80413C3F88021D4F800311E
:10A11000002BDFD1D4F80431002BDBD1019003F008
:10A120000CFC0198D6E700BF1932002000E0004087
:10A1300000ED00E000E100E070B51446DA078CB0F5
:10A140001D4686468C4633D5C36842681BBA0093C9
:10A15000CB681BBA049383681BBA019303681BBACC
:10A1600003938B6812BA1BBA029205934A680B6874
:10A1700012BA1BBA6E46069207933046FFF782FF6B
:10A18000AB070DD5DDE90A10DDE9083200BA09BADE
:10A1900012BA1BBA20606160A260E3600CB070BDAF
:10A1A00008AD0FCD20606160A260E3600CB070BDAF
:10A1B000DEF80410DEF80820DEF80C300068EE4609
:10A1C000AEE80F00DCF80000DCF80410DCF8082032
:10A1D000DCF80C306E46AEE80F00CEE710B5002478
:10A1E00082B0CDE90044FFF7A7FF02B010BD00BF69
:10A1F0001A4B4FF4805270B5C3F88020BFF34F8FD5
:10A20000BFF36F8F164C174D0021C4F80011C3F82F
:10A2100080212E692B6943F010032B610123C4F8C0
:10A22000043306F010062360D4F800319BB11EB948
:10A230002B6923F010032B610123D4F80805636018
:10A24000C4F808330023C4F80031044B4FF48052A3
:10A25000C3F8802170BD03F070FBE5E700E100E08A
:10A2600000C0004000ED00E00B4938B5042301EBCD
:10A27000C302157905F0FF042DB1013BF7D240214F
:10A280006920FFF763FE41F8330001215471947196
:10A290001171D8B238BD00BF1C320020042808B5A7
:10A2A00003D947216920FFF751FE034B03EBC0039D
:10A2B00000221A7108BD00BF1C320020042808B516
:10A2C00003D950216920FFF741FE094B03EBC00081
:10A2D0000379012B01D05121F4E7437982790133CD
:10A2E000DBB29A4218BF4371BDE80840FFF79EBE3B
:10A2F0001C32002038B5114D052495F8281005EBC7
:10A30000C1031A79012A09D158799A79904205D066
:10A310005A79D2B29A7155F83130984795F8283069
:10A320000133DBB2052B04F1FF3428BF002314F006
:10A33000FF0485F82830E0D138BD00BF1C32002072
:10A340004FF08052034BD2F830111960D2F834210B
:10A350005A60704748320020084B1B68083B082BA6
:10A360000AD840F2211222FA03F313F0010F044B32
:10A37000044818BF1846704702487047483200200A
:10A3800000E701400C050040144B1B68062B03D06E
:10A39000013301D020BF7047EFF3108072B6104A2E
:10A3A0001369116941F0100111610E49D1F80021C2
:10A3B000D1F804110A4303F0100300D040BF20BFBE
:10A3C00000BF00BF00BF00BF23B9054A136923F0D7
:10A3D0001003136100B962B6704700BF4832002015
:10A3E00000ED00E000E100E0914270B53FD2B2FA2A
:10A3F00082F33BB1C3F1200420FA04F499402143D5
:10A4000098409A40150CB1FBF5FC05FB1C1E4FEA69
:10A410000E4E030C84B20EEB10401FFA82FE0CFBB2
:10A420000EF6864206D9361A964294BF01260226B7
:10A43000ACEB060C03EB01430CFB1233B3FBF5F062
:10A4400005FB103304EB034400FB0EFEA6454FEA68
:10A450000C4C09D9AEEB040E964594BF4FF0010E9B
:10A460004FF0020EA0EB0E0040EA0C0070BD73210D
:10A470009620FFF76BFD00BF2DE9F8431C4652EA1A
:10A48000040349D0074615460E4684B9914204D2CA
:10A49000FFF7AAFF2146BDE8F88321463046FFF7C3
:10A4A000A3FF04462A46384604FB1561F0E74FF047
:10A4B0000108B4FA84F908FA09F3A3FB021220FA9E
:10A4C00008F003FB042240EAC67026FA08F1FFF701
:10A4D0008BFFC9F11F0230FA02F34FF0000C08D1D4
:10A4E00040461946AF42A6413CBF18466146BDE80A
:10A4F000F8835A1E61466CEB0C0C05FB0CFE02FB4C
:10A5000004EE18461346A5FB0228BA1A0EEB0807FC
:10A5100066EB07061746E5E7A6219620FFF716FD2E
:10A5200010F0030FC9B2034607D0BAB303F8011BFA
:10A5300013F0030F02F1FF32F7D170B5032A01EBDC
:10A54000012404EB04441ED9161FB508032E05F19F
:10A55000010521D94FEA550E03EBCE0E9C46CCE9FE
:10A5600000440CF1080CF445F9D115F0010F04D0AA
:10A5700025F0010503EB85052C6026F00306043366
:10A58000334402F0030232B1012A197003D0022AC7
:10A59000597018BF997070BD1D46EDE7704700BF38
:10A5A000844641EA000313F003037DD1403A51D3BE
:10A5B000F0B4F0C9F0C0F0C9F0C0F0C9F0C0F0C903
:10A5C000F0C0403AF5D2F0BC44E0403A42D300BF7C
:10A5D00051F8043B40F8043B51F8043B40F8043B7D
:10A5E00051F8043B40F8043B51F8043B40F8043B6D
:10A5F00051F8043B40F8043B51F8043B40F8043B5D
:10A6000051F8043B40F8043B51F8043B40F8043B4C
:10A6100051F8043B40F8043B51F8043B40F8043B3C
:10A6200051F8043B40F8043B51F8043B40F8043B2C
:10A6300051F8043B40F8043B51F8043B40F8043B1C
:10A6400051F8043B40F8043B51F8043B40F8043B0C
:10A65000403ABDD2303211D351F8043B40F8043BAC
:10A6600051F8043B40F8043B51F8043B40F8043BEC
:10A6700051F8043B40F8043B103AEDD20C3205D3BC
:10A6800051F8043B40F8043B043AF9D2043208D0B4
:10A69000D2071CBF11F8013B00F8013B01D30B8826
:10A6A00003806046704700BF082A14D38B078CD004
:10A6B00010F0030389D0C3F10403D21ADB071CBFD7
:10A6C00011F8013B00F8013BFFF47FAF31F8023B8A
:10A6D00020F8023B79E7043AD8D3013A11F8013B5C
:10A6E00000F8013BF9D20B7803704B7843708B78FC
:10A6F00083706046704700BF43D900004FD9000007
:10A7000053D900005BD900005FD900007BB972B952
:10A710000029BEBF00204FF0004106E008BF00281E
:10A720001CBF6FF000414FF0FF3000F057B8ADF1A3
:10A73000080C6DE904CE002909DB002B1ADB03F0BD
:10A7400020F9DDF804E0DDE9022304B0704740425F
:10A7500061EB4101002B1BDB03F013F9DDF804E092
:10A76000DDE9022304B0404261EB4101524263EB58
:10A7700043037047524263EB430303F002F9DDF8F1
:10A7800004E0DDE9022304B0404261EB410170477F
:10A79000524263EB430303F0F4F8DDF804E0DDE933
:10A7A000022304B0524263EB4303704753B94AB9E2
:10A7B000002908BF00281CBF4FF0FF314FF0FF30C9
:10A7C00000F00CB8ADF1080C6DE904CE03F0D9F837
:10A7D000DDF804E0DDE9022304B07047704700BFF4
:10A7E00008B5F6F7FDFCF8F7B1F9F6F70FFC002015
:10A7F00008BDFFF735BCF8F73BB901F030B801F000
:10A8000031B801F029B810B586B0044601A8FFF7A9
:10A8100027FC02232370A3709DF804306371BDF8F8
:10A820000530E380DDF80730A36000206070E07041
:10A83000207106B010BD00F01BBE70B5044602F0DA
:10A8400027FF012805461AD1601C02F028FFB0B18D
:10A85000A37963F03F03A3710020F8F761FAE61DC6
:10A8600038B1102200213046FFF75AFE2570002033
:10A8700070BD304602F026FF0028F2D0F6E7002532
:10A88000F4E710B5102204460021FFF749FE04F159
:10A890001003102200211846FFF742FE02F02BFFA2
:10A8A0000020F8F73DFA20B1204602F00BFF00200F
:10A8B00010BD02F0EDFE0028F6D0F8E710B5044612
:10A8C000FFF796FCB0F5007F09DA10F5007F08DD90
:10A8D000031EB8BF03339B102370002010BD7F23DD
:10A8E000FAE76FF07E03F7E78178008800F077BF22
:10A8F00037B505460C4600880DF1060100F0A4FEB0
:10A900002B882380BDF80630638003B030BDF7B5D7
:10A9100004462046F8F74AFE022805462ED00428B1
:10A920002CD123788A2B18D13E20F6F76DFC78B90C
:10A93000E378227901A943EA02236846ADF80030A2
:10A9400000F001FF0028E4D053210820F6F722FB95
:10A950000520F6F79DFC0028EAD0204600F013F809
:10A960002678A7783046F6F74FFC0028D1D03E2E47
:10A9700004D13846F6F78CFC0028CAD0284603B02C
:10A98000F0BD01F09ABC10B50378813B04460E2B54
:10A990002FD8DFE803F02F3541454F676D08613B45
:10A9A00071775B2E7D002920F6F772FC30B13E23D3
:10A9B0002370222363702923A3701AE00A20F6F77C
:10A9C00067FC3E23237018B11F2363700A23F3E74B
:10A9D0000123A37013236370E37903F00103E37190
:10A9E000D4F81A30C4F80E30E38B638294F8203028
:10A9F000237510BD3E230370042343701423DBE74B
:10AA00003E2303700A2343700323D5E73E230370DC
:10AA10000D2343700523CFE705232370042307E0AC
:10AA20005A20F6F7F1FB08230028F6D05A222270AC
:10AA30006370DEE75B20F6F7E7FB18B15B2323705A
:10AA40000623F5E7302323700323F1E73E23037049
:10AA50000B2343700723AFE73E23037006234370A5
:10AA60000C23A9E71323037083789B000133DFE7EE
:10AA7000572303700223DBE73E2303700623437052
:10AA8000122399E73E23037009234370132393E7AE
:10AA9000FF2303700D23437080238DE708B510B9A1
:10AAA0006FF0150008BDFFF76CFF0028F8D00020FC
:10AAB000F8E710B50C4648B141B1FFF728FF002870
:10AAC00020700CBF6FF02200002010BD6FF0150049
:10AAD000FBE7F8B5941C0C446343B3F5004FA8BFE3
:10AAE0004FF0FF330E4610F00301054617469CB2A7
:10AAF00003D0B0211420F6F74DFAB4F5004F01D978
:10AB0000B121F7E714220430FFF70AFDEF746C80DF
:10AB10002E80F8BD38B50388C48805898B42C4F3FC
:10AB20000E0203D2D1211420F6F734FA84EA050389
:10AB3000C3F30E030BB9AC4206D102F11803012294
:10AB4000C1528274184438BD1846FCE702310144F2
:10AB50004A43B2F5004FA8BF4FF0FF3290B21B300E
:10AB600020F00300B0F5004F34BF00B24FF0FF30CB
:10AB7000704740881B3020F00300B0F5004F34BF11
:10AB800000B24FF0FF3080B2704738B503888B4277
:10AB900003D2F7211420F6F7FDF9857C65B1C3884F
:10ABA000C3F30E031833C25A8A4207D3C152811D20
:10ABB000F6F77EFB00238374284638BD0025FBE7AB
:10ABC0000346F0B59E88DD88B4B2A54200F11800B6
:10ABD000C6F30E0616D05F89DD7C845B3D440235EA
:10ABE0003544E41B28440D88A4B2A54288BF0C80DC
:10ABF0005989B1FA81F14FEA511188BF2546117088
:10AC0000DD81F0BD00252846FAE7F8B58288C389C2
:10AC1000002604460D4692B20E60CBB1C2F30E027E
:10AC20004189183287180B44825A9BB29342438160
:10AC300004D94FF4A2711420F6F7ACF904D1011D28
:10AC4000F6F736FB46812F600023E3810120F8BD33
:10AC50001846FCE7838802899BB29A42014602D0DB
:10AC60000831F6F725BB70478388C0889BB2C31AAA
:10AC7000584258417047828873B5C48895B2AC4237
:10AC8000C2F30E0202F1180212D04189C689835A1A
:10AC9000314499420EDB0DF10601ADF80650F6F78E
:10ACA00007FBBDF80600001B18BF012002B070BDF5
:10ACB0000020FBE70120F9E770B5C488068984EA23
:10ACC0000602C2F30E020346C4F30E0518300AB999
:10ACD000B4420FD19C891A880CB1465B921B9142F9
:10ACE00007DCDA7C2C440232224410440A461A82E1
:10ACF00070BD00221046FAE7F8B5038A002B38D061
:10AD00008B4236D3C488858900F11803C4F30E043E
:10AD10001E1995B91D55757085891E5B0D44ADB220
:10AD2000314485811953D2B1811DF6F7C1FA002350
:10AD30008381002303820120F8BD1E5BAE4204D054
:10AD40004FF4F6711420F6F725F9C57C878A26445E
:10AD5000023535445E195F53857DB570DCE7C27CF2
:10AD6000254402322A4499189B5A83828B78837532
:10AD7000DFE70020E0E78388C2889BB29A4206D0D2
:10AD8000428922B9C3F30E031833184470470020D8
:10AD90007047C37C0233C81870470230704738B51B
:10ADA0008388C2889BB29A4207D045892DB9011D7C
:10ADB000F6F77EFAC581012038BD0020FCE7038844
:10ADC0001380C388C3F30E03183303440B608089D8
:10ADD00070470368002223B9C0E90132031D0360F4
:10ADE000704759681B680A44F5E7072970B50346A0
:10ADF00004D84FF4EC711520F6F7CCF80068C0B118
:10AE000044681A688C42064610D0106860B901F197
:10AE10000805AC420DD3546850501868651A541890
:10AE200000686560505002E01346E9E714681C6052
:10AE3000304670BD0023C1E9003203680B60016039
:10AE4000704730B590B18478B1FBF4F304FB131371
:10AE500000EB430252898A4201D1D8B230BDC27898
:10AE600022B900F10803D0B2844201D8FF20F5E7EF
:10AE700033F8025F8D4202F10102F4D1EEE78278ED
:10AE8000038805324B4303EB42031844704737B540
:10AE90000024CDE9004405468DF806006846ADF86B
:10AEA0000440F6F7DDFBBDF8044008B103B030BD47
:10AEB00029462046F6F7B0FB0028EFD040F23521B6
:10AEC0001720F6F767F870B50D4609211E46FFF703
:10AED0003DFE3246044609212846FFF737FE40EA88
:10AEE00004031B0454BF00194FF0FF3070BD012351
:10AEF0000370704710B5FF238B70C2F380035B00B3
:10AF0000DBB2CA180124127D032A08BF0133CA1814
:10AF1000147503F10C0401EB8303002221F81420C3
:10AF20005B688A700360828010BDF8B50C4684F0BF
:10AF300001046400054611461E46E4B2FF238370F7
:10AF400003191B7D012B06D0631CDCB250FA83F37E
:10AF50001B7D012B0AD105EB44073B8B3A8C9819DA
:10AF6000904205DD2C4400233B8323750020F8BD6F
:10AF700005EB8404324660681844FFF711FB3B8BF5
:10AF80001E443E830023AB700120F0E781F00101F5
:10AF9000490010B5C9B2FF23837043181C7D012CF2
:10AFA00007D10C3120F8112002221A75002383707A
:10AFB00010BD0131CBB250FA81F10C7D012C05D1CD
:10AFC0000C3320F8132002230B75EFE74FF499712F
:10AFD0000920F5F7DFFF30B50246837803F0FF0064
:10AFE000F3B9137D022B19D0537D022B15D10346E3
:10AFF000012089B1D5180C3300242C7522F8134098
:10B00000131803241C7502EB80035B680B6000F1CE
:10B010000C0332F813308B80012030BD0123E8E7A8
:10B020000020FAE730B50346827802F0FF00E2B96B
:10B030009A7D022A17D0DC7D022C13D1032281B124
:10B040001D190C340020287523F8140098180324C7
:10B05000047503EB82000C32406833F8123008604C
:10B060008B80012030BD0324E9E70020FAE7037D4F
:10B07000012B01D1008B7047437D012B0CBF408B0E
:10B0800000207047837D012B01D1808B7047C37DE9
:10B09000012B0CBFC08B00207047027D022A01D11A
:10B0A000008B7047437D022B01D1408B7047032AF0
:10B0B000F6D0032BF9D000207047827D022A01D1FF
:10B0C000808B7047C37D022B01D1C08B7047032A50
:10B0D000F6D0032BF9D000207047F6F7B1BBF6F796
:10B0E00011BC07B50023CDE9003301238DF80630EC
:10B0F0006846F6F7B5FA08B1002004E0009801F0C0
:10B100006FFF0028F4D003B05DF804FB1FB50022E8
:10B11000009240F6881303A9FCF798FA05B05DF891
:10B1200004FB10B5044638B1F7F73AFD24EA0000F5
:10B13000B0FA80F0400910BD0120FCE72DE9F04194
:10B140000F46B0F85E60B0F8605001F028FE0221B2
:10B15000044600F080FE02218046204600F07BFE7F
:10B16000464528BF4646B6B21B2E38BF1B26FB2ECF
:10B1700028BFFB26854228BF0546ADB21B2D38BF30
:10B180001B25FB2D28BFFB25B4F5A47F38BF4FF44A
:10B19000A47440F648039C4228BF1C467E80FD8074
:10B1A000BC803C81BDE8F0812DE9F04186B00546C8
:10B1B00002A9008800F073FE0446002870D1029AAC
:10B1C00092F85031D91E4B424B418DF8063013682E
:10B1D00098064ABF9DF80630234683F001038DF898
:10B1E000073092F862309B0603D49DF80730002B9D
:10B1F0005CD0EB881B3B9BB2E02B59D82989A1F589
:10B20000A4739BB244F24810834251D86B881B3B15
:10B210009BB2E02B4CD8AA88A2F5A4739BB28342C0
:10B2200046D840F64807B94244D8BA4242D8029EAE
:10B230004FF0FF0886F823819DF80630A3BB03A9D1
:10B2400006F1A800FFF77AFF6A88BDF81230BDF852
:10B250001410E888934228BF1346A6F82831BDF899
:10B260000E30AA88B94228BF3946834228BF034618
:10B27000A6F82431BDF810302889BB4228BF3B46D0
:10B28000834228BF03468A42A6F82631134628BFC8
:10B290000B46A6F82A3186F82281002386F823314E
:10B2A000204606B0BDE8F0813A24F6E71A24F7E715
:10B2B0001224F5E71124F3E710B5FFF712FF60B190
:10B2C000F7F7AAF8044601F0CEFF40B9204601F096
:10B2D000C6FF80F00100C0B210BD0120FCE70020D5
:10B2E000FAE7006890F8BA3123B1002380F8BA3148
:10B2F00001F06ABD704710B50378012B044601D9EF
:10B30000122010BDFFF7EDFE58B9207810F0FD00B7
:10B310000DD104F11703E21D611CBDE81040F7F7E1
:10B3200075BEF7F705FF0028EFD00C20E9E7A379F9
:10B3300003F0C003C02BE3D10120EAE710B5037886
:10B34000012B04460DD8FFF7CCFE60B9214611F859
:10B35000010B00F0FD00003818BF012000F01EFDB9
:10B3600038B9122010BDF7F7E3FE0028EED00C200C
:10B37000F8E70020F6E708B50088F7F7DFFE0028B9
:10B380000CBF3020002008BD38B50546FFF7A9FEE8
:10B39000044638B92878003818BF0120F7F7C2FEF4
:10B3A000204638BD0C20FCE708B5FFF79AFE18B917
:10B3B000F7F7A8FE002008BDF7F7BAFE0028F7D07F
:10B3C0000C20F8E708230370002070471122027058
:10B3D00041F23903C2705922A0F801308280C38043
:10B3E0000020704708B50821F6F760FA002008BD74
:10B3F00073B50646008808800C4680B201A900F0AB
:10B400004EFD054640B9B3784BB9019B93F91C0139
:10B41000A070FAF7F3FFA070284602B070BD7F203D
:10B42000FFF774FEF4E710B504466FF07F00FFF7F6
:10B430006DFEFAF7E3FF20707F20FFF767FEFAF753
:10B44000DDFF6070002010BD08B50A46072300F13B
:10B450001001FEF7C3FE002008BD10B501460446EA
:10B460000020F7F743FC08B92060A080002010BD41
:10B4700010B50446F7F764FB28B900202146F7F71A
:10B480001DFC002010BDFFF717FF0028F5D10C2090
:10B49000F8E710B50446FFF70FFF28B10120214659
:10B4A000F7F70CFC002010BD0C20FCE7FFF77CBE7A
:10B4B0001FB502880A80838844F290218B4215D8F8
:10B4C00040F648018B42ADF804204288ADF80620D2
:10B4D00028BF0B4601A8ADF80830ADF80A20ADF83A
:10B4E0000C30FFF761FE05B05DF804FB1220FAE7AF
:10B4F00037B508800D4601A900F0D1FC044620B9FB
:10B5000001982946A830FFF719FE204603B030BD48
:10B5100010B503466FF004040020482108221C7077
:10B5200058709970DA701C7158719971DA7110BD88
:10B5300010B50446FFF7D5FD78B92146E27911F838
:10B54000010B00F0FD00003818BF0120F7F7BAFE2C
:10B5500080F001004000C0B210BDF7F7E9FD0028FF
:10B56000EBD00C20F8E713B5008808800C4680B2B9
:10B5700001A900F094FCC8B9019B83F8160193F867
:10B580001421012A06D0022A04D04FF43F7106206C
:10B59000F5F700FDA27093F81521012A01D0022AC7
:10B5A000F3D1E27093F81621002AE6D102B010BD63
:10B5B0001FB5044603A9008800F071FC38B9A388C0
:10B5C000022B14D8E078FFF7ACFD10B9112004B0BD
:10B5D00010BDA078FFF7A5FD0028F7D00123009348
:10B5E000A388E278A17803A800F0ACF9EFE7122075
:10B5F000EDE737B58378C178027903F0010451EAA9
:10B60000040503F002031DD052EA03051AD0002CF2
:10B6100018BF0021002B18BF00228DF803200378EB
:10B6200042788DF8021043EA0223ADF800304379E6
:10B630008279684643EA0223ADF80430FFF7B8FF89
:10B6400003B030BD1120FBE713B50C4601A900F093
:10B6500026FC18B9019BDB880133238002B010BDA2
:10B6600007B5008801A900F033FC30B9019B93F8BD
:10B67000332112B9FF2283F8332103B05DF804FBB4
:10B6800010B50446F7F786FA20606160002010BD0F
:10B6900037B50446F6F7C0FE23781F2B054618D8A9
:10B6A000816A04226846FFF725FC2246A86A12F840
:10B6B000013B0021FFF739FC68B1AC6A2046FFF777
:10B6C000E1FC002102462046FFF760FC002003B0A9
:10B6D00030BD1220FBE70720F9E737B50446F6F73F
:10B6E0009BFE23781F2B054618D8816A00226846E6
:10B6F000FFF700FC2246A86A12F8013B0121FFF780
:10B7000014FC68B1AC6A2046FFF7B1FC0121024687
:10B710002046FFF73BFC002003B030BD1220FBE7C2
:10B720000720F9E710B5044634F8020B0880002121
:10B7300080B2F5F75BFF20B12146BDE8104001F073
:10B740005DBF022010BD008808B50880002180B2CE
:10B75000F5F74CFF20B1BDE80840002101F04EBFD5
:10B76000022008BD13B5008808800C4680B201A9EC
:10B7700000F095FB10B9019B9B8F638002B010BD58
:10B7800037B503880B80044698B2638813B912203A
:10B7900003B030BD01A900F082FB0028F8D1658814
:10B7A000019B42F21072A9B2D3F8C4405143B3F8DE
:10B7B000DA206243B3F8CC4004FB02229142E6D384
:10B7C000D3F8C420D3F8C4409442F9D100225A637C
:10B7D000621E0A449D87B2FBF4F29A63D8E710B563
:10B7E0000C460021F5F702FF90B1022C12D804F0AC
:10B7F0000102C4F3400480F8BC2180F8BB4112B1BF
:10B8000090F8BA310BB9002010BD01F0DDFAFAE76B
:10B810000220F9E71220F7E710B504460078FF2868
:10B820000AD00121F5F7E2FE58B16378A27843EA25
:10B830000223C383002010BDB4F80100F9F796F984
:10B84000F8E74220F7E708B50078003818BF012074
:10B85000F9F790F8002008BD0620F7F78FB9082007
:10B86000F7F78CB901F0F4BE10B5044604B910BD69
:10B87000236898476468F9E703680BB9016070476B
:10B880001A465B6813B18A42FAD170478A4218BFE0
:10B890005160704708B5F9F773FDF9F75DF8BDE839
:10B8A0000840F9F755BD08B50020FFF7F0FAF5F7A5
:10B8B00061FFF7F7BDF9F6F717FC20B140F243112D
:10B8C0009320F5F767FB08BD08B5F9F715F8F9F708
:10B8D0002DFD20B140F263119320F5F75BFBBDE82D
:10B8E00008400120FFF7D3BA08B5FFF7EDFF01F0DC
:10B8F00071FE20B14FF4BC719320F5F74BFB08BDEE
:10B90000FCF74CBB0B46892203F8032BD0F8092027
:10B91000C1F80320427B1A71704738B50D460446C2
:10B92000F7F73EF92B78002B08BF034684F8683000
:10B930006B78002B08BF034684F869306B88A4F845
:10B940006A3038BD2DE9F7430468994694F86330AE
:10B9500094F80F8043EAD303DB070F46164602D460
:10B96000B8F1250F36D16FBBF7F71AF90546BEBB04
:10B97000F7F716F945BBB8F1250F2ED10020054683
:10B98000FF2384F82D3194F82C3103F0FF08F3B92C
:10B990009DF8283084F82F0184F82C3184F82E513A
:10B9A00001A904F1A8008DF804708DF80560ADF8C8
:10B9B0000690FFF7B2FF002384F82D31404603B014
:10B9C000BDE8F0833D46D2E70028D4D0D8E74FF059
:10B9D0003A08F0E74FF01A08F0E74FF00908EDE7F2
:10B9E000002DC8D03046CBE738B5036893F82C312A
:10B9F000012B04460D4602D11E21F7F7F3F8236808
:10BA0000002083F82C0165B1182283F899200822C0
:10BA10009A7393F84A3093B940F25B41AE20F5F740
:10BA2000B9FADA7B233A072A03D8DD73204600F0FF
:10BA3000F5FD20461821BDE8384000F00EBE38BDA7
:10BA400008B503689A7B22B14FF4E671AE20F5F792
:10BA5000A1FA23229A7308BD034610F0010002BF29
:10BA6000C3F340035B00D8B270472DE9F84F074697
:10BA700010461E46FFF7F0FF83460846FFF7ECFF2F
:10BA800042EA01044BEA04040443E4B2003C0A9D88
:10BA900088469246814618BF0124F7F781F810EADC
:10BAA0000A0A18BFDA46F7F77BF897F8143110EA5C
:10BAB000080118BF4946534508BF4FF0000A85F8F2
:10BAC00000A097F815318B4208BF002169705AEA2F
:10BAD00001010AD1FB88013EF61AB6B247F6FD73A2
:10BAE0009E428CBF002404F001042046BDE8F88F7C
:10BAF000F7B50468E57BA5F12303072B06464FD96C
:10BB0000002D4BD1A37B282B4AD04B7813F0070391
:10BB10003DD08A7812F0070239D084F80C31252301
:10BB200084F80D21E37394F82D31F3B994F82C3196
:10BB3000012B1AD094F80C7194F8150194F8101197
:10BB400094F81121B4F81231874214D194F80D7190
:10BB500094F8140187420ED1022084F82C0184F855
:10BB60002E1184F82F21A4F83031304600F04CFD1E
:10BB7000284603B0F0BD022000903046FFF7E2FEF9
:10BB80000028F2D04FF46671AE20F5F703FA097879
:10BB9000304603B0BDE8F04000F05FBD0125E7E7A7
:10BBA0002025E5E72DE9F04F056895F80EB0ABF1DB
:10BBB0002403D3F1000848EB0308052A87B00446A4
:10BBC00070D1EB7B262B73D10F358A784F78039297
:10BBD00007F0070902F0070A09F1FF330AF1FF3005
:10BBE00003EA090300EA0A00034366D1B1F80360DF
:10BBF000F6F7D6FF039A174307F0070787435CD190
:10BC00005046FFF729FF2768A8B197F814319842EA
:10BC100011D097F82E211AEA020F4ED0BBF1240F53
:10BC200009D097F80D211AEA020F04D1022870D129
:10BC3000013B012B71D84846FFF70EFF40B197F842
:10BC40001531834204D097F82F3119EA030F34D00D
:10BC500005AB00933846334652464946FFF705FF89
:10BC60002368074678BB93F82C21012A28D1014686
:10BC70002046F6F7B7FF236883F82C712F702368EE
:10BC800003F10F02954201D10022DA73236803F118
:10BC90000F02954237D1204600F0C0FC002007B0CB
:10BCA000BDE8F08F414607B0BDE8F04FFFF79CBEFE
:10BCB000BBF1240F2BD10E3587E741462046F2E732
:10BCC00083F82C01DBE7DA88A3F86C62013EB61A30
:10BCD000B6B247F6FD72964206D9282283F8312083
:10BCE0002046F7F737FFD1E7DA7B0C2A02D0093A72
:10BCF000012A01D82A22F1E7BDF81420A3F86E2208
:10BD000028232B70C2E7002283F84A20C6E70220CE
:10BD1000C5E7012B8FD0022BCFD04FF4DD71062069
:10BD2000F5F738F908B50368DA7B252A05D022B182
:10BD300040F2D351AE20F5F72DF92622DA7308BD73
:10BD4000F6F776BF704730B542401C7808785D78CA
:10BD500060404C786C4020449D788C786C40204446
:10BD6000DD78CC786C4020441D790C795B79497979
:10BD70006C4020444B4018441044B0FA80F0400915
:10BD800030BD024600200139C9B2FF2900D17047F9
:10BD9000535C83F001030344D8B2F4E708B5F6F727
:10BDA000CBFF082807D0F6F7E9FF082803D0F6F7FD
:10BDB000FBFF012008BD0020FCE708B5F6F7BCFF3B
:10BDC000082803D0BDE80840F6F7D8BF08BD08B57D
:10BDD00001F04BFC18B1BDE80840FAF7D3BB0820CE
:10BDE00008BD01440023884203D1B3FA83F040091F
:10BDF000704710F8012B1343F5E7F8B5D0E9047646
:10BE000005460C46FDF7E0FA18B952212920F5F74E
:10BE1000C1F8E4B1D5E90423D21B63EB0603012A80
:10BE200073F100014FF0000113DB6FF0010090424D
:10BE3000994101DA5C21E9E7631E1344B3FBF4F393
:10BE40005C43E41946F10006C5E904461C46204659
:10BE5000F8BD0C46FBE7022905D13C2808D9801023
:10BE60000F3880B27047702802D9C0100E38F8E73A
:10BE700000207047012908B5034605D002290BD0E0
:10BE8000E7212920F5F786F840F6C41040F2E24297
:10BE9000002B08BF104608BD40F6C410FBE710B5E4
:10BEA0000C460021F5F7A2FB2060B0FA80F04009B3
:10BEB000400010BD0368587BC0B293F830302BB9F6
:10BEC00000F0FB00003818BF0120704700207047C9
:10BED00010B50C46FFF7E3FF38B92046FFF7EAFF3D
:10BEE00080F001004000C0B210BD0220FCE738B570
:10BEF0004FF4267204460D460021FEF711FB6FF049
:10BF0000360284F86320042284F864206FF03B0238
:10BF100084F865206F2284F86620032284F8672065
:10BF2000002284F868206FF07F0284F869202B22B9
:10BF300084F86220FE22012384F89E207F22A375CC
:10BF4000E27284F8A830A4F8AA5038BDC2B292FABE
:10BF5000A2F2030A93FAA3F31B0E100E40EA032089
:10BF6000704770B50131C9B20530002210F8013FA9
:10BF70008B4216D310F8054C0023012505FA03F671
:10BF800026421CBF01F1FF31C9B269B10133082B50
:10BF9000F4D10132D2B2052AE8D19B214620F4F730
:10BFA000F9FFC91AC9B2F4E703EBC200C0B270BD11
:10BFB0000B6870B5C0F801300B7903F01F034371B3
:10BFC00000230446C3720546461D15F8010F00F014
:10BFD00002FB6871E37AB5421844E072F5D170BD96
:10BFE00070B581EA11418CB20546C17A032682EA16
:10BFF0000400FFF7ABFF013E00EB0010221816F023
:10C00000FF0690B2F5D144402522B4FBF2F302FBC7
:10C010001343C3F3C4022A44D8B2567803F007038B
:10C02000012202FA03F31E4207D161432846C1F3FD
:10C030000741BDE87040FFF794BF70BDF8B590F8B8
:10C0400021506B1E242B044603D9E1214620F4F72E
:10C05000A1FFDAB1807D002843D194F8233094F811
:10C06000221002FB01322523B2FBF3F103FB112363
:10C07000DBB204EBD30284F82330D17D03F0070652
:10C080000122B240114202D084F82430F8BDB3FB43
:10C09000F5F205FB1233013303F0FF0304F11B013A
:10C0A00011F8012F9A4219D311F8055C00220126DC
:10C0B00006FA02F72F4208D0013B13F0FF0304D128
:10C0C00002EBC00284F82420E0E70132082AEFD115
:10C0D0000130C0B20528E3D1D721B7E79B1ADBB204
:10C0E000F6E7E288096A04F11600FFF779FF84F8A1
:10C0F0002400CBE70378890123F0400301F04001DD
:10C100000B4303707047037803F07F0343EAC113C6
:10C11000037070471F2A38B50546144603D9A82175
:10C120002A20F4F737FF09300634FEF739FA6C702D
:10C1300038BD1F2A38B50546144603D9CA212A201E
:10C14000F4F728FF09300634FEF72AFA6C7038BD80
:10C15000037803F00F03032B02463ED0052B42D198
:10C16000C37F90F82000034392F82100034392F824
:10C170002200034392F8230000F01F00184333D03D
:10C180005378222B2FD1B2F81930B1B1B3F5506FDB
:10C1900013D940F607518B4225D8B2F81B30B3F5BE
:10C1A000FA7F20D2B2F81D000A3880B240F67643FA
:10C1B00098428CBF002001207047991F89B240F639
:10C1C0007A4081420FD8917D481E07280BD89942AA
:10C1D00009D2B2F817109942DEE74078A0F10C03BB
:10C1E000584258417047002070478388A1B1B3F589
:10C1F000506F11D940F6075293421BD8C388B3F54C
:10C20000FA7F17D200890A3880B240F67643984206
:10C210008CBF0020012070479A420BD8B3F5486FBD
:10C2200008D84278511E072904D89A4202D242887F
:10C230009A42E2E7002070472DE9F3470E4601A934
:10C2400014469946FFF72BFE054618B9019F2CB9F5
:10C2500001237B75012002B0BDE8F087D7F8BC80D0
:10C2600021464046FEF756FC824608B90020F2E718
:10C27000F6F7ECF88442F9D851464046FEF789FDBE
:10C280007B7DA0F80150002B18BF0226494600F81C
:10C29000036B2246FEF784F921464046FEF775FC03
:10C2A00018B983212B20F4F775FE01A8FFF719F8C0
:10C2B000019BA3F8B2517D75CCE74378C3F301111C
:10C2C000012910B502460ED0022915D0047803F0DA
:10C2D0000F00131D5288022144EA0020FFF7ACFF33
:10C2E00038B1012010BD047803F00F00131D5288EF
:10C2F000F2E7F7F72BFAF4E70020F3E71A230B70C5
:10C3000001234B708B707047F7F7F8B810B521B95F
:10C3100040F2A9211020F4F73DFE4A600B72EFF3C2
:10C32000108472B6031D0B6042681AB1127A012A9A
:10C3300008BF036003681960016004B962B6BDE814
:10C340001040F7F725B90222F7F7EEB90322F7F705
:10C35000EBB90422F7F7E8B90222F7F729BA8D23DF
:10C360000B7030F8953CA1F8033030F8573CA1F839
:10C37000053030F8533CA1F8073030F8553CA1F8AF
:10C38000093030F8513CA1F80B307047012908B54D
:10C3900003D10E30C00080B208BD022902D10F3097
:10C3A0008000F8E74FF40C710620F4F7F3FD30B588
:10C3B00087B004460D46F6F74FF880B334F89E4C2C
:10C3C00069462046FFF794F818B1FB212C20F4F7BA
:10C3D000E1FDBDF80630ADF80E30BDF80830ADF81F
:10C3E0001030BDF80230ADF8123003A8BDF80430AB
:10C3F000ADF80C40ADF81430FFF758F810B14FF419
:10C400008271E3E7ADF80C009DF80C30002063F377
:10C4100007009DF80D3063F30F2007B030BD2B46A9
:10C420008E2203F8032BD4F80920C5F80320D4F892
:10C430000D205A60B4F811201A810423ADF80C3095
:10C44000E2E740687047C08A704710B58A880B8958
:10C45000CC884988A0F85410A0F85840A0F856207D
:10C46000A0F85A3010BD8383BDF8003001834283A9
:10C47000C3837047034670B5B3F84C10B3F8582027
:10C48000B3F85A40B3F84850B0F84260B0F84600EC
:10C49000914228BF1146B3F85020A3F84210A2429F
:10C4A00028BF2246B3F84A40A3F84620944238BF3A
:10C4B00014468D4238BF0D468E42A3F84850A3F86B
:10C4C0004A4021D1801A18BF0120B3F84E10B3F8AA
:10C4D0005420B3F85660B3F84050B3F8444091424A
:10C4E00028BF1146B3F85220A3F84010B24228BF2B
:10C4F00032468D42A3F8442008D1944218BF40F040
:10C50000010000F0010070BD0120DEE70120F8E726
:10C5100038B5C58B438C04469D42007A28BF1D4622
:10C52000FFF734FF6389AB4228BF2B46984238BFE0
:10C53000184680B238BD2DE9F04106460F46808985
:10C54000194698461446FFF721FF414605463046F6
:10C55000FFF7DEFF854228BF05469DF81810B08A18
:10C56000FFF714FFF38A834228BF0346ADB2A01D34
:10C5700015FA83F338441844BDE8F08107B590F804
:10C580006D30009390F86C30002296213430FFF724
:10C59000D2FF03B05DF804FB38B50D4619461446CA
:10C5A000FFF7ECFF96342044A84294BF281A0020DD
:10C5B00038BD38B50D4611460446FFF7DFFF284465
:10C5C000A06338BD01F19C0383423DBF9C38401AF3
:10C5D00040080020704700F05503400800F0550067
:10C5E000034403F033009B0803F03303034403F0D8
:10C5F0000F0000EB13107047036800229A7383F852
:10C600004A20A3F84620704703680022A3F84E2072
:10C6100093F85020013283F85020704708B5026823
:10C6200092F85030013B5BB2002B82F8503003DAB5
:10C6300052214A20F4F7AEFC08BDA0F10903042BF7
:10C6400009D9A0F14603012B05D9233807288CBF4F
:10C65000002001207047012070470268136810B560
:10C6600013F0080408D143F00803136082F898100F
:10C67000FFF7CAFF204610BD0120FCE730F8023C5E
:10C68000F7B5B0F8827005460E4673B101226846D0
:10C690008DF80020ADF80170ADF80330F5F770FFAC
:10C6A00018B195216320F4F775FC832300243370BF
:10C6B000B470A6F803706B7AD5F898007371FEF722
:10C6C000D3FA08B9BA21EDE721463846F4F7A4FFBA
:10C6D0004FF4017303F00402204662F307001B0AC3
:10C6E00063F30F2003B0F0BD03681A7C063A012AF9
:10C6F00081BF4A785A7406221A7400207047026873
:10C70000137C063B012B84BF07231374704770B55D
:10C710000268D57BE5B9CB88D688A2F86C32013B9C
:10C720009B1B9BB247F6FD76B34206D9282382F8BD
:10C730003130F7F70FFA284670BDD1F80130C2F852
:10C740006E324B7982F8723203680922DA73F2E7AB
:10C750000125F0E70B46822203F8032BD0F80920CD
:10C76000C1F80320D0F80D205A60427C1A720023D1
:10C77000CB70704770B50368DD7B06460C46002D14
:10C780003CD1062229462046FFF72FFD28B9217803
:10C790003046BDE87040FFF760BF32686389D188DA
:10C7A000A2F86C32013B5B1A9BB247F6FD718B42DB
:10C7B00007D9282382F831303046F7F7CBF92846DD
:10C7C00070BDA38840F2E2414B43C2F874326378F3
:10C7D000C3EB431003EB800303EB83035B00A2F87E
:10C7E0006E3263884B43C2F87032E388A2F8783225
:10C7F0002389A2F87A320C23D373E0E70125DEE720
:10C800000B46842203F8022BD0F80920C1F802203D
:10C81000D0F80D205A6070470B46852203F8022B92
:10C82000D0F80920C1F80220B0F80D209A80704796
:10C8300038B50368DC7B054634B1103C0F2C8CBF47
:10C8400001240824204638BD1B7D002BFAD0FFF7B9
:10C85000DBFE2B681022DA73F4E708B50368DA7B95
:10C86000152A04D040F253211F20F4F793FB012234
:10C8700083F851201722DA7308BD0368DA7B112A86
:10C8800003BF12220020DA730220704710B503683C
:10C89000DB7B1B2B044606D1FFF7C0FE23681F225B
:10C8A000DA73002010BD0220FCE708B50368DA7BCC
:10C8B000102A04D040F27E211F20F4F76BFB0122E6
:10C8C00083F851201122DA7308BD08B50368DA7BBA
:10C8D000172A04D040F28A211F20F4F75BFB1B22A9
:10C8E000DA7308BD3E230B700C234B7004238B704E
:10C8F000D0F80930C1F80330D0F80D30C1F8073056
:10C90000B0F81130A1F80B30C37C4B73704708B5F9
:10C9100003689A7B1AB1CF211C20F4F73BFB042259
:10C920009A7308BD026808B51368D90703D4DD21DE
:10C930001C20F4F72FFB23F001031360BDE808402F
:10C94000FFF76CBE87230B7030F88C3C4B80704730
:10C9500003689A7B0E2A01BF002283F83E2083F8E9
:10C960004A209A730020704738B505682B6813F089
:10C97000040407D1FFF748FE2B6843F004032B6043
:10C98000204638BD0120FCE70268136823F0040349
:10C990001360FFF743BE08B503689A7B1AB1722192
:10C9A0004B20F4F7F7FA0E229A7308BD10B5D0E9C0
:10C9B0000D42A24206D38B8C498E05334B43121B8A
:10C9C000934202D3012380F83E3010BD0C230B703C
:10C9D00008234B7000238B70B0F85630A1F8033059
:10C9E000437A4B714389CB8083890B81704710B5A3
:10C9F000046894F853309A070CD4A37B1BB17721B9
:10CA00004020F4F7C7FA0122A27384F84A20A4F860
:10CA1000463010BD23689B0705D5FFF7FFFD23684F
:10CA200023F002032360002384F83231F1E710B5CC
:10CA30000B794C790A68012843EA042108BF41F4C4
:10CA40008031104610BD07B5FFF7F1FF0DF1070269
:10CA5000F7F7AEFA03B05DF804FB07B5002301A8B1
:10CA60000193FAF7C3FD019810F0030018BF0120ED
:10CA700003B05DF804FB08B5FFF7EFFF002814BF13
:10CA80001420002008BD08B503689A7B1AB126213E
:10CA9000A320F4F77FFA20229A7308BDF7B5056842
:10CAA000AB7B203B022B06460C462BD8B1F8051079
:10CAB0001A2921D9B4F80730B3F5A47F1CD3B4F8F0
:10CAC00001201A2A18D9B4F80300B0F5A47F13D3B3
:10CAD000009005F1A80405F1DC00FFF7C4FC204636
:10CAE0003768FFF7C7FC18B107F23F10F6F782FE70
:10CAF00030680621F7F752FF002085F84A00A87336
:10CB000003B0F0BD0120FBE702681368D90610B539
:10CB1000044603D4B821A320F4F73CFA990601D5C2
:10CB2000B921F8E723F010031360FFF777FD2068C1
:10CB30000621BDE81040F7F731BF10B5FAF70CFB3E
:10CB40000446FFF798FF04F55F43BE304FF47A7256
:10CB50004133B3FBF2F3184410BD10B5044690F80E
:10CB60006D00FFF7EAFF012201462046BDE81040B4
:10CB7000FFF71FBD7FB5044618B9A5213020F4F793
:10CB800009FA052900F2B580DFE801F003AE2A2595
:10CB9000B3A990F80032C288A3B1B0F8FE31934235
:10CBA00008BFB0F8B4319A1AA0F8B621E380D4E9EE
:10CBB00090232046C4E99223F8F7E2FF94F84C3022
:10CBC00004B070BDB0F8FC319B1AA0F8B631B0F8D3
:10CBD000FC319BB2EAE704B0BDE87040FAF70CBA4A
:10CBE000FBF75CFAD4E99223801A61EB0301012878
:10CBF00071F1000302DA40F20161BFE76FF0010357
:10CC000083424FF000038B4102DA40F20261B5E744
:10CC1000D4F8C4300BB1B0FBF3F3E17BB4F8FE21E0
:10CC20000C2931D10132A4F8FE21B4F86232E58832
:10CC30000133A4F86232B4F842301D44B4F84030F5
:10CC4000013DED1AADB203AEB4F8FE116B1A180433
:10CC500034D4002300961A462046F7F751FA0128EB
:10CC6000AED1B4F8FE21B4F8B011BDF80C301344C5
:10CC7000521A12049BB204D5EA1A12F4004F18BFDC
:10CC80000B46A4F8FE31DFE7E1880B449BB2D11AD2
:10CC90000D044DBF0133013293B29BB2A4F8FE31B3
:10CCA00094F80132002BC0D1B4F8B431B4F8FE21AD
:10CCB000934204BF0133A4F8FE31B6E7A37C03948A
:10CCC000002B14BF08233E23304684F83130F6F79A
:10CCD00041FF204600F087FC0023637370E704B037
:10CCE000BDE87040FEF7FBB9437B042BF4D0C621AE
:10CCF00044E7CB2142E713B500234373A0F8603229
:10CD00001A46009319460446F7F7FAF920B140F2A3
:10CD1000E7113020F4F73EF901236373C4F8E8010A
:10CD2000C4F8E001A4F8FE01A4F8FC0184F80102B3
:10CD3000E388A4F86202013BE38002B010BDD0F8A2
:10CD4000E800704738B5044690F828319BB1FF23BE
:10CD500080F83031012100F09FFA94F8283153B166
:10CD600004F1C0052846FBF74FFA2846FBF760FAA6
:10CD7000002384F82831002038BD08B590F8302110
:10CD800042B990F8EC2042B1D0E93C31994202D945
:10CD9000F8F73AFC0022104608BD0122FBE710B567
:10CDA0000446FFF768FEE269636B9A4228BF1A46A1
:10CDB00000F5C1711046FFF705FC40F648039842A4
:10CDC00028BF184680B210BD7FB5044690F84C309D
:10CDD00003F0FF05002B58D1437B032B55D1FBF704
:10CDE0005DF9D4E99223801A61EB0301012871F106
:10CDF00000034ADB6FF00103834275EB010104DAA3
:10CE000040F2AA513020F4F7C5F8D4F8C420E388E2
:10CE10000AB1B0FBF2F2013313449BB2A4F8FC3127
:10CE2000B4F8FC21B4F8B4319B1A1BB2002B2CDDF2
:10CE300004F50270FBF7E8F938B3FF2384F80132F8
:10CE4000B4F84230E5881D44B4F84030013DED1A95
:10CE5000ADB20DF10E06B4F8FC31EB1A1B0414D47C
:10CE6000B4F8FC1100960023012289B22046F7F79E
:10CE700047F9012809D1B4F8FC31BDF80E2012FAA7
:10CE800083F39BB2A4F8FC31E5E704B070BD2DE953
:10CE900070430C461546E2B9F9F7E6FDD4E9468938
:10CEA000064684F8EC5084F82851D4F8E800F6F7E8
:10CEB00073FAD4F8E800C0E99289C0E99689C0F80D
:10CEC0006462FFF718FFF9F761FFBDE87043FCF7F4
:10CED000EDB940F2C3713020F4F75CF870B5044648
:10CEE00021B1012978D040F2D37172E000F007F946
:10CEF00094F8293105460E46DBB150EA010318D0FB
:10CF0000D4E93E32D4E94601C01A61EB020133464E
:10CF10002A46FDF7B1FA05FB01F300FB0633A5FB3A
:10CF200000021344D4E93E21121843EB0103C4E983
:10CF30003E23E08B30B1F6F777FCE38BB0FBF3F2E6
:10CF400002FB1300D4E93E32ED1846EB02062D1821
:10CF50004FF0000346F1000640F20242C4E93E569B
:10CF6000C4E9465684F80831A4F8102184F8293120
:10CF700094F8303103F0FF01DBB9D4E948026FF0D7
:10CF800000439A4208BFB0F1FF3F18D02046D4E9D1
:10CF9000465600F0A9F8D4E94832E5305B1B62EB55
:10CFA00006021B1A62F10002002A08DA2046F8F78E
:10CFB0002BFBF9F7EBFEBDE87040FCF777B904F501
:10CFC000847104F1C000FCF78BF90028F1D14FF413
:10CFD000E0613020F3F7DEFF002380F8EC30E8E773
:10CFE00090F82801003818BF012070470B468C22AA
:10CFF00003F8032BD0F80920C1F80320D0F80D2046
:10D000005A60704738B50B46882203F8032B0C464C
:10D0100000F10902293052F8041B43F8041B824234
:10D02000F9D112781A70A5880123A371002128462E
:10D03000F4F7DCFA58B1E3784BB100212846F4F755
:10D04000EBFA20B140F233212D20F3F7A3FF38BDD6
:10D050000121F8F76DB8FFF7FBBF90F872300BB104
:10D060000120704790F8AA2002F0FF03002AF7D1B0
:10D0700090F89C201846704737B504460D464FF48B
:10D080009C720021FDF74CFAFF2323701323638069
:10D0900042F21073E383F4F7A5FB00220146A0627D
:10D0A0006846FDF727FFA06A00220121FDF76EFF09
:10D0B000A16A68460422FDF71DFF0022A06A1146FE
:10D0C000FDF764FF04F12000A57403B0BDE8304013
:10D0D00000F019B9FF23886A0B70FDF708BF0078CC
:10D0E000FF3818BF0120704710B50446203000F00B
:10D0F00060F961882822F8F7B9FA6D3010BDD0E9DF
:10D10000020170472DE9F04F07460C4606460FCF47
:10D110008FB006AD0FC597E80F000DF1100885E838
:10D120000F00404600F0EFF8677894F8149094F8F8
:10D130000AA094F800B007F07F05B9F1010F2F465F
:10D1400007D0B9F1020F04D040F212310620F3F7F4
:10D1500021FF617A404600F0DDF8237D227F022B1B
:10D1600008BF617D02F1010206BF0131C9B2012190
:10D17000D2B2404600F0D0F815F0080360D1404626
:10D18000019300F016F928223946F8F76FFAE5788E
:10D19000019B00F52472207945EA0025607940F270
:10D1A000712145EA00454D43B2FBF1F24A43AA42E0
:10D1B0000AD9E079A57945EA0025207A45EA0045B3
:10D1C0004D43954228BF1546227E0393531E5A4273
:10D1D0005A41A17CB06A02910192FDF75EFFB06AEC
:10D1E000FDF76BFF039B019A02998DF818B0ADF81B
:10D1F0001A7008958DF828208DF82B108DF82CA02A
:10D200008DF81C90099306AF0FCF35460FC597E8F0
:10D210000F0085E80F0098E803003062B184E37ADC
:10D2200003F0FD03003B18BF012386F84F30E3688D
:10D230003365238AA6F8543000200FB0BDE8F08F84
:10D2400000252B46C0E74FF40043C38443881D2BC1
:10D2500008BF00214174704790F912007047408860
:10D2600000F0010070478078C0F34000704780787C
:10D27000C0F3C000704790F84830816181F8B33046
:10D28000D0F84930C1F8B430B0F84D30A1F8B8301A
:10D2900070477047F7F7BABC80F86810704782781B
:10D2A000034612F0010002D0D978C90710D59007C3
:10D2B00002D5D97889070AD512F0040008D0D878A9
:10D2C000C0F3800080F001008000C0B270470220EF
:10D2D0007047C0F34002C0F38003134400F0010024
:10D2E00018447047022808B507D0042807D0012841
:10D2F00007D039212E20F3F74DFE262008BD272028
:10D30000FCE72520FAE70023C0F802300123437030
:10D31000037070478170704710B54270017080785B
:10D320001446FFF7D6FF10FB01F010FB04F2FE2AB3
:10D3300003DD5C212E20F3F72DFE10BD0023C3700A
:10D3400043710371704710B50446FFF7A8FF637976
:10D3500062780133DBB29A4263710FD1E378A1782E
:10D360000343DBB29942E37008BF23794FF0000218
:10D3700008BF0133627104BFE2702371BDE8104041
:10D38000FFF7B0BF38B501468078FFF7A2FF04462B
:10D39000C8784D78FFF79DFF0A790B789B1A13FB2D
:10D3A00005F34A7913FB04F39B1A00FB1530C0B256
:10D3B00038BD08B501468078FFF78BFF4B780A78B7
:10D3C00013FB02F313FB00F0C0B208BD40F2EF20E4
:10D3D000704740F25A335843704738B513680E38D7
:10D3E00014460D469A7B09283ED8DFE800F0053D3B
:10D3F0003D3D0F3D183D3D27042A05D12046FFF74E
:10D40000FBF82046F6F714FD002038BD0E2AFBD1AC
:10D41000002220461146BDE83840FFF799BA202A7D
:10D42000F2D12046FFF7E8F8002DEDD0226892F8FF
:10D43000623023F0200382F86230E5E7DA7B262AA7
:10D44000E2D10025DD732046FFF7E8F8236893F862
:10D450002C31012B03D129462046F5F7C3FB236865
:10D46000002283F82C21CFE740F262213120F3F72C
:10D4700091FD08B50368DA7B172A04D040F27E518B
:10D480003120F3F787FD1D22DA7308BD08B590F847
:10D490009E30FE2B04D040F66F113120F3F77AFD59
:10D4A000002380F89E1080F89F3012B9A0F84E201B
:10D4B00008BDA0F84630012380F84A30F8E708B5E7
:10D4C0000368DA7B342A05D10022DA73BDE808400C
:10D4D000FFF7A4B8172A02D11D22DA7308BD40F263
:10D4E00093513120F3F756FD08B503689A7B082A5B
:10D4F0000AD193F8991093F8A020914204D1002208
:10D500009A7383F84A2008BD1A68110706D522F0DD
:10D5100008021A60BDE80840FFF780B84FF4AF6119
:10D520003120F3F737FD037D63B9C37BA3F10F020D
:10D53000032A07D990F8520028B11F2B8CBF002076
:10D540000120704701207047024600684978837BBC
:10D55000202B13D00AD8042B12D00E2B12D0C37B51
:10D56000262B0CBF1720FE20F8F73EBA2A2B03D03B
:10D570002C2B09D0242BF2D11620F5E71420F3E749
:10D580000E20F1E71220EFE72320EDE702460068C6
:10D590000B4690F8621041F0040180F8621099780F
:10D5A0005878F8F721BA38B50C460546D1E92F016D
:10D5B000F4F7CCF8637B3BB104F502742046FAF72C
:10D5C00023FE2046FAF734FE28460221BDE8384003
:10D5D000F4F722B80020704708B5F6F76FF9BDE8F8
:10D5E0000840F6F71DBB0022C281827490F84C30CF
:10D5F00013B10221F7F7D2B90321FBE738B504468E
:10D600000846E37B03F0FD0394F8682212B10C2571
:10D61000284638BD152BFAD194F8843203F0FF0563
:10D62000002BF4D191B194F8D63123B940F66C3186
:10D630003120F3F7AFFC052304F1800204F5E37118
:10D64000FCF7CCFD012384F86832E1E70223FAE716
:10D65000F6F7A8B908B5F9F7D5F9F8F7C1FFF8F763
:10D6600019FFBDE80840F9F7DBBD10B5C824F8F78D
:10D6700071FF022808D1013C14F0FF04F7D1062005
:10D68000F6F772F8204610BD431E58425841FAE79B
:10D690004FF08053D3F8A00000F0010070474FF026
:10D6A0008053D3F8A420D3F8A830511C9BB203D1E7
:10D6B0004FF6FF718B4203D00260838001207047D8
:10D6C000002070474FF0805330B5D3F89050D3F816
:10D6D0009440D3F89810D3F89C2005EA04030B403B
:10D6E000134001331FBF056044608160C2600CBFFE
:10D6F0000020012030BD4FF0805330B5D3F880506A
:10D70000D3F88440D3F88810D3F88C2005EA0403BA
:10D710000B40134001331FBF056044608160C2604D
:10D720000CBF0020012030BD10B5F9F7A5F9044663
:10D73000FAF700FE201841F1000110BD38B504468B
:10D740001546F8F7DBFF2A4601462046BDE838407B
:10D75000F9F7B8BA10B504460846F9F7FDFC4FF4DE
:10D760007A73B0FBF3F0201A10BD10B504460846DA
:10D77000F9F7F2FC023C00F2E7334FF47A72B3FBA4
:10D78000F2F3E01A10BD08B5FCF7DAFDBDE8084079
:10D79000FAF706B8801A00F3070038B540B20D4614
:10D7A00059B21446F9F7ECFF002328706B7020443F
:10D7B00040B238BD002303607047704700207047B7
:10D7C0004FF0FF3070474FF0FF30704770474FF019
:10D7D000FF3070470020704700207047002303701F
:10D7E00070479DF800300022FFF7D4BF4FF0FF30A4
:10D7F0007047002070474FF0FF3070474FF0FF3008
:10D8000070477047C0B208B520B94FF0804301227D
:10D810001A6008BD4D21B520FCF798FB0020FAF7EF
:10D8200017B84FF08043D3F8080400F001007047A8
:10D830004FF08043D3F8140400F0010070474FF01C
:10D840008043D3F81C0400F0030070474FF080427F
:10D85000D2F81834D2F81824C3F3004302F00302BC
:10D86000824214BF002003F0010070470020FAF745
:10D8700065B80020FAF790B80020F9F7E9BF70B555
:10D88000FCF7F0FA002405462646E0B2854200D8AF
:10D8900070BDFCF7EDFA0134068580F82A60F4E7E4
:10D8A000F8B5037904461BB11B219D20FCF74EFB04
:10D8B0004679017126B901234371217909B9617152
:10D8C000F8BD276826712046B84702280546F4D1DE
:10D8D00003212046B84708B12F21E6E723682946EF
:10D8E000204698470028E8D03021DEE7034600684C
:10D8F00000B970478842F9D102681A607047034640
:10D90000002018707047EFF3108272B6037801217F
:10D91000DBB2017002B962B6012B0CBF6FF02200BE
:10D9200000207047EFF3108372B60022027003B933
:10D9300062B600207047FCF7DDBCFCF725BDFCF7A4
:10D9400023BD00280CBF6FF0150000207047002099
:10D9500070470723037000207047002070470020A5
:10D960007047034611F8012B03F8012B002AF9D167
:10D970007047034613F8012B002AFBD1181A01380F
:10D9800070472DE9F0478C468E46089E15460446A2
:10D990001946002B40F0D080724547D9B2FA82F781
:10D9A0004FB1C7F120030EFA07FC20FA03F3BD4084
:10D9B00043EA0C0CBC404FEA154EA8B2BCFBFEF883
:10D9C000230C0EFB18CC08FB00F943EA0C439945E5
:10D9D00028D9EB1808F1FF3204D2994502D9A8F1F1
:10D9E00002022B44A3EB0903A4B2B3FBFEFC0EFB23
:10D9F0001C330CFB00F044EA0344A04214D92C1958
:10DA00000CF1FF3304D2A04202D9ACF102032C4442
:10DA1000241A43EA02401EB1FC40002334607360C4
:10DA2000BDE8F0874246DDE76346F1E7002A79D09A
:10DA3000B2FA82F3002B3FD01946C1F1200302FA5B
:10DA400001F52EFA03F20EFA01FE20FA03F343EA7F
:10DA50000E034FEA154E00FA01F4B2FBFEFCAFB222
:10DA60000EFB1C201A0C0CFB07F842EA0042904502
:10DA70005AD9AA180CF1FF3004D2904502D9ACF162
:10DA800002002A44A2EB08029BB2B2FBFEFC0EFB92
:10DA90001C220CFB07F743EA02439F4246D9EB18CE
:10DAA0000CF1FF3204D29F4202D9ACF102022B44A6
:10DAB000DB1B42EA004202E0AEEB020301224FEA26
:10DAC000154EAFB2B3FBFEFC200C0EFB1C330CFB5F
:10DAD00007F840EA034398452AD9EB180CF1FF30C8
:10DAE00004D2984502D9ACF102002B44A3EB080301
:10DAF000A4B2B3FBFEFC0EFB1C330CFB07F744EA9D
:10DB00000344A74216D92C190CF1FF3304D2A742C3
:10DB100002D9ACF102032C44E41B43EA00400F4657
:10DB2000114678E71F2188E76046ABE76246BFE70A
:10DB30006046DBE76346EFE7734506D916B9002177
:10DB400008466DE7C6E9000EF9E7B3FA83F787B92F
:10DB5000734501D3824207D8841A6EEB0303012078
:10DB60009C461EB900215BE73846FAE7C6E9004C3F
:10DB7000F8E7C7F1200CBB4022FA0CF51D4320FA50
:10DB80000CF12EFA0CF30EFA07FE41EA0E014FEAF1
:10DB9000154900FA07F4B3FBF9F81FFA85FE09FBF3
:10DBA00018300B0C08FB0EFA43EA00439A4502FAC0
:10DBB00007F240D9EB1808F1FF3004D29A4502D998
:10DBC000A8F102002B44A3EB0A0389B2B3FBF9F8D6
:10DBD00009FB183308FB0EFE41EA03418E452CD9A0
:10DBE000691808F1FF3304D28E4502D9A8F1020367
:10DBF000294443EA0040A0FB0298A1EB0E014145F5
:10DC0000CE46434602D306D14C4504D2B9EB020EB0
:10DC100068EB05030138002EA4D0B4EB0E0261EBD3
:10DC2000030101FA0CFC22FA07F34CEA0303F94062
:10DC3000C6E9003196E74046C5E74346D9E700000C
:10DC4000F0B5002285B0114602AF40F6034005F062
:10DC500039FC044600285BD105F006FA21463A1D3E
:10DC600041F2030005F02EFC0446002850D17A68EA
:10DC7000294DD168D1F80100D1F8051005F17803DC
:10DC800003C3104604F0A6FB21463A1D41F20100F1
:10DC900005F018FC044600283AD17868C3685A7821
:10DCA00085F870205A88A5F872201A7985F87120B5
:10DCB000B3F80720A5F87420B3F80530A5F876303E
:10DCC00004F088FB21463A1D41F2020005F0FAFB00
:10DCD0000446E8B9D7F804C0DCF80C2005F180064A
:10DCE000531C413218685968344603C408339342C0
:10DCF0002646F7D1604604F06DFB95F87C305A0655
:10DD000010D4064A0648012114F0C9FE6FF012042F
:10DD100020460C37BD46F0BD40210020EF9C02009C
:10DD2000A47502003A1D002142F2030005F0CAFB6F
:10DD300004460028ECD17A68A94BD168D1F80100DB
:10DD4000D1F8051003C3104604F044FB21463A1DE8
:10DD500042F2020005F0B6FB04460028D8D17E68E6
:10DD6000F468B4F801309AB292B1E27882B1A5F8C1
:10DD7000FC30E378032B06D00322009299489A4A9C
:10DD8000022114F0AAFBE2789848114617F00FFF21
:10DD9000304604F01FFB95F87C601F2316F0200628
:10DDA000A5F8103119D14FF0FF304FF0FF3105F0D9
:10DDB00083F90446002800F0BE8102210C3014F0E3
:10DDC00006FD0123037046702146324640F66D4041
:10DDD00005F078FB044600289AD195F89C301B0783
:10DDE00012D53A1D002142F21C0005F06BFB0446DF
:10DDF00000288DD17868C368D3F80120D3F80530A6
:10DE0000C5E9382304F0E6FA95F8D8309E0623D504
:10DE1000B91C384605F0FEFB044600287FF478AFB5
:10DE20004FF0FF304FF0FF3105F046F9064600286D
:10DE300000F0818104210C3014F0C9FC3B88038080
:10DE40007B8843802246314642F2240005F03AFBAB
:10DE5000044600287FF45CAF95F8D8305C0610D5F6
:10DE60003A1D002142F22A0005F02CFB044600284E
:10DE70007FF44EAF7868C3685B7885F8123104F0A0
:10DE8000A9FA4FF0FF304FF0FF3105F015F90646C3
:10DE9000002800F0508108210C3014F098FC95F80F
:10DEA000D84014F0400F40F20223024608BF03237B
:10DEB000A0074CBF43F02C0343F00C03A10695F8D8
:10DEC000D91048BF43F0400311F0090F18BF43F4C5
:10DED000006304F0010443EA0410002114F016FE6C
:10DEE0000022314642F2010005F0ECFA0446002817
:10DEF0007FF40EAF95F87C30B5F8FC1098065CD432
:10DF0000C9B93A1D41F2050005F0DCFA04460028C3
:10DF10007FF4FEAEB5F8FC307C684BB9E368B3F82B
:10DF20000120A5F8FC209A883048114617F03FFEE2
:10DF3000204604F04FFA4FF0FF304FF0FF3105F06C
:10DF4000BBF80446002800F0F68008210C3014F0DD
:10DF50003EFC95F8D830D907024638D424484FF013
:10DF6000005114F0D3FD2146002240F6014005F097
:10DF7000A9FA044600287FF4CBAE01463A1D4FF6BD
:10DF8000014005F09FFA002838D01A4A15480221AE
:10DF900014F085FDEB79002B40F0BD8006F028FAE7
:10DFA000044600287FF4B4AE07F0CCFE04460028F7
:10DFB0007FF4AEAE05F06CF9AAE60029BBD10E4A9B
:10DFC0000848012114F06BFD6FF00404A0E602A1E3
:10DFD000D1E90001C5E700BF908800020080002061
:10DFE00018220020A4750200139D02004022002088
:10DFF000108800027C9D0200599D02007B68DC684D
:10E00000B4F80130042B96BF584A594952F82310EE
:10E010006E468AB002AA5748D3614FF40073138446
:10E02000554BC2E9050142F8103F54484FF41351D3
:10E0300014F048FDB4F80120B4F80330022AB546C4
:10E0400049D1052B47D84E4A52F823106E468AB064
:10E0500002AA4C48D3614FF400731384464BC2E9C3
:10E06000050142F8103F4FF41351444814F02AFDC3
:10E07000637994F806C0D4F80900032BB54698BF1D
:10E08000414AB4F8076094BF52F8231038496C46EF
:10E090008CB002AADFF8F4E0C2E9073C4FF4007349
:10E0A00093853B4BC2E905E1C2E909604FF4735126
:10E0B00042F8103F314814F005FDA546786804F099
:10E0C00089F93A1D00214FF6024005F0FBF904469C
:10E0D00018B1304A5AE72649B8E77868C368B3F8F8
:10E0E0000130A5F8C13004F075F995F8C1305A0730
:10E0F0007FF550AF3A1D21464FF6034005F0E2F997
:10E1000008B1254A42E77868C3685B7885F8C03073
:10E1100004F060F93EE72E78002E7FF43FAF95F8CB
:10E12000C1309B061FD54FF0FF304FF0FF3104F098
:10E13000C3FF044610B96FF06804E9E506210C300E
:10E1400014F045FBD5F801300360144B9B888380A5
:10E15000214632464FF6064005F0B4F90446002841
:10E160003FF41CAFD4E56FF08504D1E5487D020093
:10E17000359B0200A09D020004000001A47502006E
:10E18000307D0200B99D0200207D0200D19D020079
:10E1900007000001FE9D0200279E02004121002091
:10E1A00008B5054813F018F9044816F07CFC044B38
:10E1B00000221A8008BD00BF145B00209472020088
:10E1C0008663002010B5274C274886B00023CDE990
:10E1D0000333059323788DF80430244B1B788DF896
:10E1E0000530234B1B88ADF80630224B1B88ADF859
:10E1F0000830214B1B88ADF80A3013F00CFA03905D
:10E20000194813F006FAADF8100013F080F8002357
:10E210004FF47A72FCF77AFA23780590022B08BF44
:10E220009DF80530104804BF43F002038DF8053017
:10E2300013F0F3F928B19DF8053043F001038DF890
:10E240000530039A42B1BDF810304FF47A714B4358
:10E25000B3FBF2F3ADF8123001A801F0BFFA06B03B
:10E2600010BD00BFA9630020C85A0020A863002089
:10E27000866300208463002000270020B0F5967F8D
:10E2800028BF4FF49670052898B538BF0520814205
:10E2900038BF0146114A4FF47A7303FB00F4B1F51D
:10E2A000616F146028BF4FF461610D4A00AF4B43AA
:10E2B0008AB013606A460B4B0791CDE905306423A1
:10E2C00058430523B0FBF1F04FF42351089042F876
:10E2D000103F054813F029F8BD4698BD642300207F
:10E2E000602300204C8302002C76020058B1BFF35B
:10E2F0005B8F054B012253E8001F43E800200028F4
:10E30000F9D1BFF35B8F7047C4580020F8B50546BC
:10E310000E46471C012401F019FD1349134800F073
:10E32000E7FC58B9124B01221A70124B1870124BAD
:10E330001B7843F00403104A1370F8BDA54204F1A2
:10E34000010403DD304612F0F3FFE4E7BC42E2D102
:10E3500001F0FCFC064B00221A70074B1B786FF093
:10E36000120003F0FB03E6E778720200145B002062
:10E37000AB630020AA630020A8630020064BBFF314
:10E380005B8F012253E8001F43E800200028F9D1E9
:10E39000BFF35B8F704700BFC45800202DE9F04FDA
:10E3A00099B002AF304A3148032114F083F80023BA
:10E3B000FB6407F14C0016F097FA78B12C4817F07F
:10E3C000B3FA00286CD12B4A2848012114F072F8C6
:10E3D0006FF012005C37BD46BDE8F08F16F0ADFA65
:10E3E000FB6CD90605D5244A2048022114F06BF8AD
:10E3F000E4E79A0701D5214AF6E7214A214E224C4B
:10E400002248234913F0080F08BF164613F0010FE6
:10E4100008BF144613F0200F08BF10466D4613F0D6
:10E42000800F8EB008BF114602AADFF868C0916263
:10E43000C2E905C3184B3B6503F102337B6507F165
:10E440005801506211E9030002F12C03C2E907648C
:10E4500083E80300114B42F8103F044844F6C00122
:10E4600012F063FFAD46A9E7898402002C76020012
:10E470007872020043850200A0840200E384020057
:10E480000E910200748302007E83020083830200E7
:10E490008A830200278502000103020407000004AA
:10E4A000BA4817F041FAB86200288CD0B74816F085
:10E4B000CAFAC82012F03CFF4FF0A043D3F8103541
:10E4C000C3F30050C3F38031DB0240F18F81B04BC6
:10E4D000B04A002918BF13466C468AB002AAAE4D56
:10E4E000DFF8B892C2E9071340F20243C2E90550CF
:10E4F0009384AB4DAB4B42F8103FAB484FF43351D4
:10E5000012F013FFAB68A54601247B647B6C5B694A
:10E51000002B00F07181284698474FF0A043EA464F
:10E52000D3F810B58AB0CBF3005602AACBF38033F0
:10E5300053620623C2E90706C2E905949A4842F8E5
:10E54000103F4FF443510BF4821B12F0EEFEBBF56B
:10E55000821FD54640F05381944A934823460321B5
:10E5600013F0B1FF924801F0C7F801F0CBF8642135
:10E570000320FFF7CBFE20B18E4A8B48022113F017
:10E5800099FF874800F03EFD20B98B4A137843F08D
:10E5900010031370824801F0E9F920B9864A137814
:10E5A00043F008031370FFF7FBFD502001F04CFA15
:10E5B00012F0ADFEC7E90E1012F0A9FE7F4BDFF896
:10E5C00000921B681B187B6441F100033B6401F05F
:10E5D0006FFB99F800207B4B6C4688B053F82230D3
:10E5E00002AA79497048C2E905134FF40073938376
:10E5F000764B42F8103F4FF0000A4FF4E65112F00C
:10E6000094FEA546C7E904AAC7E906AAC7E902AA73
:10E6100012F07DFE04460D4601F098FBFB689C421B
:10E62000BB6875EB030315DB00235D4887F85030AA
:10E6300007F1500100F032FE14F5FA635E4AFB6008
:10E6400045F10003BB601378002800F0E88023F058
:10E650001003137001F07AFBFB699C42BB6975EBF8
:10E66000030327DB99F80030022B23D04C4807F135
:10E67000500100F04FFD061E0BDD554B1E8013F0C0
:10E68000F4F813F02FF9534A47483346032113F0A7
:10E690001AFF00F099FD504B40EAE070188047F2F5
:10E6A0003053E318FB6145F10003BB61FFF78AFDBE
:10E6B00001F04CFB13F084F999F80060012E00F092
:10E6C0006181022E00F00181002EA1D113F022F908
:10E6D000394A0028137880F2FC8003F0F7031370A6
:10E6E00000F0F4FF60B107F1500013F000F938B901
:10E6F000B7F95420B7F95210B7F9500001F0D0F82B
:10E7000001F08EF950B113F04BF9344A2648032139
:10E7100013F0D0FEC7E90E54C7E91054BFF35B8F66
:10E720002F4B002253E8001F012903D143E80020AA
:10E730000028F7D1BFF35B8F0CBF0126164611D01E
:10E740007B6C9C423B6C75EB0303C0F21481FB6B4A
:10E750002449E21ABB6B65EB0303914276EB03039A
:10E76000C0F20981094816F06EF90346002800F04E
:10E77000C1801D4A0C48012113F0A5FE0F4B1B68F8
:10E780001B197B6445F100033B6441E7947202006E
:10E79000E0830200BF830200658502009B850200C2
:10E7A00078720200050000012C760200C485020088
:10E7B0005879020050860200A863002060230020E0
:10E7C000A9630020687902009F860200030000010F
:10E7D00084630020B986020000270020C78602005B
:10E7E000C458002020BF0200D3860200AB4BAC4AC5
:10E7F000002908BF13466FE66FF057008DE605202D
:10E80000013412F095FD062C7FF480AE002E7FF4CB
:10E81000A9AEA44AA448012113F04CFEA2E697F841
:10E82000508043F01003137099F80030B8F1000FD6
:10E830002ED0022B3FF40EAF012B01D1FFF7B0FC1D
:10E840006E4688B002AA994B5361994B93614FF47D
:10E8500000739383974B42F8103F4FF4E651924870
:10E8600012F063FD9448B54616F0EDF8142012F04E
:10E870005FFD40F6B8320321904812F0D5FD8E4876
:10E8800016F011F9022389F80030FFF79BFCE1E64E
:10E89000022B7FF4DFAE6E4688B002AA834B536131
:10E8A000874B93614FF400739383824B42F8103F80
:10E8B0007D484FF4E65112F038FDB54689F80080E6
:10E8C000FFF780FCC7E91054C4E6C82012F030FD01
:10E8D0009EE6A0F57A700028B8BF40427928F96B0F
:10E8E000A8BF2146F963B96BA8BF294643F00803C6
:10E8F000B963F4E6142012F01BFD724B197839B994
:10E900000120FFF703FD18B16B4816F0CCF835E78E
:10E910006A488022012100F0ABFA034628B16A4A16
:10E920006148012113F0CFFDEEE76848642112F041
:10E9300067FE0123664A89F80030664BE8468AB0D4
:10E94000002E18BF134602AA634951616349564815
:10E95000C2E90613624B1362624B42F8103F4FF458
:10E96000235112F0E2FCC546FFF72CFC86F0010AA9
:10E97000C7E904544CE600F0A9FE00280CBFC820EB
:10E980001420A3E758494D48802212F0C3FD031E0E
:10E990007B6340F35081554B97F8341052484FF049
:10E9A000000883F8008000F03BFF4F4B7B627A6ADF
:10E9B00052F8043B7A62C3F31201C3F3C743002247
:10E9C000012BA7F8502000F09B80494A009136485F
:10E9D000022113F082FD7B6B08F101084345E6D16B
:10E9E00000F074FE60B107F1500012F080FF38B9FA
:10E9F000B7F95420B7F95210B7F9500000F050FFA2
:10EA0000324812F00AFE7B69B4EB030B3B6965EBFD
:10EA10000308002840F03D81BAF1000F00F03D816D
:10EA200041F271739B4578F10003ACBF01260026CB
:10EA3000304B1B687B6300F033FE002840F02F81D1
:10EA40007B6B9B4578F1000803DA002E00F02781EC
:10EA5000BE6AFFF7A5FB002389F80030264B274A42
:10EA60001B681B197B6445F100033B64194B6C4622
:10EA70008AB0002E18BF134602AA174951611049E7
:10EA80000948C2E90613164B1362164B42F8103FB1
:10EA90004FF4235112F049FCA546F7E01784020019
:10EAA00093830200EE8502002C7602009F8602000E
:10EAB000AB8602000300000194720200145B002088
:10EAC000B4860200AB630020EC860200C85A002026
:10EAD000468402000E9102000287020010870200A5
:10EAE0000002010304000002C8580020AA630020AD
:10EAF0001A87020064230020602300207C84020027
:10EB000007F15002674812F093FD674A136801331A
:10EB1000136070B1B7F850205AB10A21B2FBF1F37B
:10EB200001FB132292B200926048614A032113F064
:10EB3000D4FC5D4B1B68632B7FF64DAF594812F038
:10EB400068FD3863574812F066FD031EFB62C1BFC3
:10EB50003B6B4FF47A765E430346B7F85000CCBF68
:10EB600096FBF3F600264FF00A0B96FBFBF33B6295
:10EB70000BFB136600283CD04E4B18800530B0FBD1
:10EB8000FBF080B212F0A3FEB7F85030B3FBFBF2FB
:10EB900091B20BFB123379601FFA83FB00F072FD18
:10EBA000454A4649C7F800D08EB0002808BF114634
:10EBB00002AAFB6A93613B6BD3613B6A4048506198
:10EBC000C2E908367B681163C2E90A3B40F60603D6
:10EBD00093863C4B42F8103F344844F6C04112F053
:10EBE000A4FBD7F800D0FFF7EDFA2F4A00231360FB
:10EBF000F1E62C4812F011FD334A344BEB468CB051
:10EC0000002818BF134602AAF96A9161396BD161D5
:10EC10009362396A2E48506140F2046393852D4B0C
:10EC20002248C2E9081642F8103F4FF4735112F01F
:10EC30007CFBDD46D7E73FF4D3AE274A7B6B1B480E
:10EC4000314613F040FC254A1378042B3FF6C8AE3A
:10EC50000133DBB2052B13707FF4C2AE204A134898
:10EC6000022113F030FCFFF79BFA1E4B1E490022D5
:10EC70001A700B7889F8002023F004030B701B4BEB
:10EC80001B681B197B6445F100033B64FFF79AFA8C
:10EC9000BEE4C7E90E544FF0000A5646C8E61420F9
:10ECA00014E600BFC85A0020C05800202C7602008D
:10ECB0003F870200866300200E9102005784020005
:10ECC00050870200090000015D8402007284020086
:10ECD0007A8702000700000199870200AA630020DA
:10ECE000AF870200AB630020A863002060230020F0
:10ECF0002DE9F04F8DB000AF584B01604FF0000A86
:10ED00000446FB60D3464FF00108FB68206813F807
:10ED1000015BFB60FF237B754FF0020387F8203017
:10ED2000257107F115092B46012207F11801C7E9E2
:10ED3000069887F816B087F817B012F009FBB8608C
:10ED4000002862D107F11603C7E90638032387F8C4
:10ED5000203020682B46012207F1180112F0F8FA42
:10ED6000064607F11703C7E90938072387F82C304F
:10ED700007F118012B46206887F820B00222C7E966
:10ED8000069812F0E5FAC7F804D08CB0B97DFB7D87
:10ED900081466A4632480B93CDE90505B8680823D9
:10EDA000CDE90706CDE9091942F8103F2D480023A7
:10EDB00044F2C00101F0A8FFD7F804D0B9F1000F68
:10EDC00026D197F81790B9F1360F26D06E468AB043
:10EDD0006A46254BCDF81C90CDE9053536230893BE
:10EDE000052342F8103F1F4800234FF4225101F041
:10EDF0008BFFB5460AF10103022B4FF0010A84D1C3
:10EE0000002323716FF0120024E04FF0FF36A8E7D3
:10EE1000002EEFD197F81690D5E707F118020025DC
:10EE2000FE2120463D7612F0A2FA21793B7E6C4607
:10EE30008AB06A460D48CDE907930523CDE905015F
:10EE400042F8103F07482B464FF4235101F05CFF76
:10EE50002846A5463437BD46BDE8F08F32B70200DC
:10EE600001880200347602003C88020073880200A8
:10EE70002DE9F04F8DB00E4600AF15460D21012251
:10EE8000804612F091FA0446002863D100214FF425
:10EE9000A47017F07FF8214607F10F02404612F0E8
:10EEA00066FA02220D21404612F07EFA044600283E
:10EEB00050D1434B434A7E77C7E90423424BBB61A1
:10EEC00020233B772123FB83404B3B62012E4FF0F5
:10EED000230387F824300CBF2B46002387F8253006
:10EEE000022E4FF0240387F826300CBF2B46002358
:10EEF00087F82730032E4FF0250387F828300CBF02
:10EF00002B46002387F8293040F609737B85304B68
:10EF1000FB6207F11009824699F801B099F80010D8
:10EF200079605A46404612F03FFA79680446B0B11B
:10EF30006D468AB0274ACDE905216A460523CDE909
:10EF400007B042F8103F244800234FF4215101F04C
:10EF5000DBFEAD4620463437BD46BDE8F08F0AF1F2
:10EF6000010ABAF1100F09F10209D5D102460D21AB
:10EF7000404612F019FA04460028EBD1174B53F81B
:10EF800026106E460C238CB06B436A4614480795D6
:10EF9000CDE905016420B3FBF0F100FB11330993C7
:10EFA0004FF40073ADF828300E4B089142F8103F33
:10EFB000094823464FF4535101F0A6FEB546C9E770
:10EFC000110B1218020003001340150122002A0041
:10EFD0000A0E0A1EAA880200347602007479020022
:10EFE000CC8802000600000108B505484FF4D01295
:10EFF000092112F0FDFBBDE808400A2012F006BC12
:10F00000D0710200F0B589B0002304468DF80D30B0
:10F010008DF80E308DF80F30FFF7E6FF0DF10F027F
:10F020000121204612F002FC064648B1354A009004
:10F030006A233548012113F050FA304609B0F0BD7B
:10F040000DF10D020321204612F0F0FB60BB9DF88C
:10F050000D20C2F38403120622D50A25282213FBB1
:10F06000052543F60343ADF8103004AB05930223A6
:10F0700006938DF81C309DF81C30A26843F0020303
:10F080008DF81C3097686A23012205A92046B847ED
:10F0900050B91E4A1C482B46032113F014FA03E012
:10F0A0000F2B03F10505DCD10DF10E0202212046E4
:10F0B00012F0BCFB0028C0D19DF90E209DF80E3047
:10F0C000002ABADA03F07F0302258DF8113004AB71
:10F0D000CDE905358DF810508DF81C509DF81C3089
:10F0E000A2682B438DF81C3097686A23012205A97A
:10F0F0002046B8470028A0D1054A0348294613F006
:10F10000D9F99AE7368902007C76020088890200E4
:10F11000AC890200F0B587B0002306468DF80630B2
:10F120008DF8073048F20A030C46ADF80830FFF7B7
:10F130005BFF0DF106020521304612F077FB002837
:10F140003CD102AB039302239DF8065004938DF843
:10F1500014309DF81430B26843F002038DF8143077
:10F1600097686A23012203A93046B84730BB0520BF
:10F1700012F04CFB0DF107020A21304612F056FB4B
:10F18000E0B99DF807300E49C3F34112C3F382037F
:10F19000023BDBB2052B8A5C9CBF0A49C85C104469
:10F1A000C0B204B120706D080A224FF4616315FBF0
:10F1B000023515FB00F56420B5FBF0F007B0F0BD9B
:10F1C0003AB7020034B70200F0B514228BB0002128
:10F1D0000DEB0200ADF80610022617F0D9FE0DF176
:10F1E000060307930896294D284616F09DFB002834
:10F1F00048D0AF6826493B6828469847044600280F
:10F200003DD14FF4D0120B21224812F0F1FA4FF405
:10F21000487012F0FBFA0C230696ADF8243005A9CD
:10F220007B68284698474FF4B01204460B211948D2
:10F2300012F0DEFA1CBBBDF906204FF4E17382FB2D
:10F24000032302A93046CDE902230AF01BFE04463F
:10F25000A8B9DDE902321B0B43EA02531213CDE9D0
:10F2600002324FF0FF3113F1004342F100029942A4
:10F2700070EB020202D2084812F034FD029C2046D4
:10F280000BB0F0BD6FF01204F9E700BF5C72020032
:10F290008A790200EC710200F48902002DE9F04F36
:10F2A00083B000AF00238346BB710D4601B10B70E4
:10F2B0004FF4D01209213148DFF8C48012F098FAD7
:10F2C000052012F0A3FABA1D0121584612F0AEFA39
:10F2D000064690B1D8F80030023309D0294A0346D7
:10F2E0000221294813F0EFF86FF00103C8F800304D
:10F2F00030460C37BD46BDE8F08F97F80690C9F34D
:10F30000801484F0010419F04009E4B205D11B48CF
:10F310004FF4B012092112F06BFAD8F800309C4279
:10F3200028D04FF0000A322087F807A012F06EFABA
:10F33000FA1D5146584612F079FA144A144BF979DD
:10F34000D14508BF1346E9468AB06A46114807917D
:10F35000CDE905034FF40073ADF820300E4B42F8B1
:10F36000103F094853464FF4135101F0CDFCCD46F0
:10F37000C8F80040002DBBD02C70B9E7D071020056
:10F3800068230020578A02007C760200188A020057
:10F390003B8A02006E8A0200040000011FB514249B
:10F3A0000294044C0194BDF81840009414F081FDBF
:10F3B00004B010BDAC63002070B503788AB0044679
:10F3C0000E4607AD032B20D8DFE803F002191B1D02
:10F3D00011492846FEF7C5FA059563780493A3788A
:10F3E0000393E37802932379019363790093A379DC
:10F3F0000A4A1E21304611F00DFD0AB070BD0849C1
:10F40000E7E70849E5E70849E3E7084A0A2128460B
:10F4100011F000FDE0E700BF908A0200B28A02000E
:10F42000978A02009E8A0200A88A0200678C020066
:10F430004B1E59420148594112F03EBA345B00203C
:10F440004B1E59420148594112F036BA305B002038
:10F450004B1E59420148594112F02EBA2C5B002034
:10F46000F0B583B002AF1C463B8B1546002B40F035
:10F470008280002C7FD013785A1E032A71D8DFE8CF
:10F4800002F002304E5A012C78D069783D4800399C
:10F4900018BF012112F010FA3B4B1B6833B11B68F7
:10F4A00023B16878003818BF012098476978374A37
:10F4B000374B6D4688B0002918BF134602AA35495C
:10F4C000C2E905134FF400739383334B42F8103FA6
:10F4D000324800234FF4E65101F016FCAD462046B9
:10F4E00046E0012C4AD069782D48003918BF012127
:10F4F00012F0E2F9244B1B6833B15B6823B16878E2
:10F50000003818BF012098476978204A204B6D4683
:10F5100088B0002918BF134602AA2249D0E71A4B27
:10F520001B6813B19B6803B198471F4A1B4803210E
:10F5300012F0C0FFD3E7042C20D9134BB5F80160BB
:10F540001B68B5F8035023B1DB6813B12946304678
:10F550009847164A114800953346032112F0BDFF23
:10F56000BDE70E48124A022112F0ADFF6FF0120003
:10F570000437BD46F0BD6FF00600F9E76FF00C00F0
:10F58000F6E700BF285B0020205B00207B830200A1
:10F59000D58A0200D98A0200030000015C750200CE
:10F5A000245B0020F38A02000D8B0200228B0200F4
:10F5B000408B020090B589B000AF13F0CCFD394606
:10F5C000FFF7FAFEBFF35B8F0F4B3C4653E8001F7B
:10F5D000013143E80012002AF8D1BFF35B8F88B0F5
:10F5E0006A460A4BCDE905344FF40073ADF81C3080
:10F5F000074B42F8103F074800234FF4E65101F053
:10F6000083FB2437BD4690BD385B00205F8B020032
:10F61000030000015C7502000B4621B1034A044857
:10F62000012112F050BFFFF7C5BF00BF6F8B020072
:10F630005C75020010B50E4BBFF35B8F0C4653E8B0
:10F64000001F013943E80012002AF8D1BFF35B8F95
:10F650000021084812F030F9074812F02DF9074A46
:10F66000074823460321BDE8104012F02CBF00BF1D
:10F67000385B0020285B0020245B00208A8B02007E
:10F680005C750200054BBFF35B8F1868BFF35B8F9F
:10F690000028D4BF00200120704700BF385B002045
:10F6A000084BBFF35B8F1868BFF35B8F40B1BFF3AC
:10F6B0005B8F054B1868BFF35B8F003818BF0120C4
:10F6C000704700BF285B0020305B0020084BBFF371
:10F6D0005B8F1868BFF35B8F40B1BFF35B8F054B47
:10F6E0001868BFF35B8F003818BF0120704700BF58
:10F6F000245B00202C5B0020014B1860704700BF8A
:10F70000205B0020F0B593B0002002AF04F0DAF8DF
:10F71000044648B1264A03462648012112F0D3FE8A
:10F7200020464437BD46F0BD234D0FCD07F10C04F4
:10F730000FC42B6823600125204B2149009502222C
:10F7400007F10C0004F018FF044610B11D4A0346EF
:10F75000E2E73F2301461A2207F124003B623D60A5
:10F7600017F016FC3946381D04F0B2FC3B6807F16F
:10F7700020051BB12946381DFFF71EFE6E468AB0D4
:10F7800002AA114B5361114BC2E90635104B1362AB
:10F79000104B42F8103F074800234FF4235101F06B
:10F7A000B3FAB5460C4A0348032112F083FEB7E7CB
:10F7B000A78B02005C750200C0760200887A020006
:10F7C000907A0200BD8B0200DE8B0200F98B0200F2
:10F7D0000002010304000002028C020008B50D4B78
:10F7E00000F1140250F8041B43F8041B9042F9D1B5
:10F7F000FFF748FF68B1BFF35B8F074B1B68BFF390
:10F800005B8F33B1BDE8084002490448142212F06E
:10F810003FB808BDAC630020345B0020AC79020027
:10F8200030B5ABB004460D46FFF73AFF88B3002071
:10F8300014F0CBFBC31E9BB2052B2AD9282DA3F1B4
:10F840000503C3F3870128BF2825A94228BF2946FD
:10F85000F9B1114A8DF8041013680093581C106018
:10F8600020468A006C4600EB810150F8043B63712E
:10F87000C3F307251B0CE37188424FEA1323A571DC
:10F88000237204F10404F0D104480532694611F0F2
:10F89000FFFF2BB030BD00BF1C5B0020E8790200E9
:10F8A00013B50446FFF712FF50B1ADF80210ADF8E2
:10F8B00004200448ADF800400622694611F0E8FF34
:10F8C00002B010BD247A020010B5104B88B0CDE90B
:10F8D00005128DF8070018680DF107030293012344
:10F8E000039300238DF8103007238DF81C309DF80A
:10F8F0001C30826843F002038DF81C3094686B233F
:10F90000022202A9A04708B010BD00BF4C5B002036
:10F91000064BBFF35B8F012253E8001F43E8002032
:10F920000028F9D1BFF35B8F704700BF3C5B00201C
:10F930001FB50D4B8DF8000018688DF801100223DB
:10F94000CDF804D002938DF80C309DF80C3082680D
:10F9500043F002038DF80C3094686B23012201A957
:10F96000A04704B010BD00BF4C5B0020B0B584B010
:10F9700002AF0023FB71224B01221860F91D0F20FA
:10F98000FFF7A2FF044650B11E4A00906B231E48A9
:10F99000012112F0A2FD20460837BD46B0BDFB791B
:10F9A000A3F17002012A07D9184A1748012112F061
:10F9B0008AFD6FF01204EEE7154A16496D468AB0CB
:10F9C000712B18BF114602AA134BC2E905316B23F4
:10F9D000D3614FF400731384104B42F8103F4FF47F
:10F9E00013510346084801F08FF94421AD46122017
:10F9F000FFF79EFF06211020FFF79AFF0446CAE793
:10FA00004C5B00203A8C020014760200538C0200FA
:10FA1000328C0200268C02006E8C02000400000171
:10FA2000084BBFF35B8F002253E8001F012903D16D
:10FA300043E800200028F7D1BFF35B8F0CBF012003
:10FA4000104670473C5B00202DE9F04385B0064628
:10FA500000AF01215620FFF76BFF0446002840F05D
:10FA6000B380C6F3C7053F2D28BF3F25012D38BF02
:10FA7000012501465420FFF75BFF29465B20FFF775
:10FA800057FF21465C20FFF753FF20215E20FFF740
:10FA90004FFF80215020FFF74BFF0446002840F025
:10FAA00093800122FF23B860B91DC7F80B001046F0
:10FAB000BB71FB71FFF708FFF91D01220320FFF75F
:10FAC00003FF07F1080101221020FFF7FDFE07F1F7
:10FAD000090101225620FFF7F7FE07F10A01012272
:10FAE0005420FFF7F1FE07F10B0101225B20FFF725
:10FAF000EBFE07F10C0101225C20FFF7E5FE07F1A8
:10FB00000D0101225E20FFF7DFFE07F10E01012249
:10FB10005020FFF7D9FEE8468CB097F806E097F83A
:10FB200007C0387A797ABB7A6A46DFF85491CDE912
:10FB300009130723CDE9059ECDE907C042F8103F20
:10FB4000504823464FF4635101F0DEF8C5468AB0B1
:10FB500097F80BC0387B797BBB7B6A46DFF828E1DE
:10FB600009930623CDE905ECCDE9070142F8103FE2
:10FB7000444823464FF4435101F0C6F8BB79C546CB
:10FB800023B1424A3F48012112F09DFCFB79D9067E
:10FB900004D53F4A3B48012112F095FCFB799A06B7
:10FBA00004D53C4A3748012112F08DFC7B7B9B0633
:10FBB00003D597F90E30002B0BDB374A3148012172
:10FBC00012F078FC6FF0040420461437BD46BDE8FF
:10FBD000F083DFF8C880404615F0A6FE00284BD021
:10FBE000D8F81020D8F80890136823F480331360F5
:10FBF000D9F800304FF48032102140469847284A07
:10FC0000284B53604FF480339360D9F81C301BB1FC
:10FC10002349012240469847D8F80830D3F8188085
:10FC2000B8F1000F06D01D484FF080634FF0A0726E
:10FC30001021C047BFF35B8F1B4B002053E8002F00
:10FC400043E800010029F9D1BFF35B8F11F0A8FE52
:10FC5000E8468AB06A46154B0795CDE9053610236C
:10FC60000893052342F8103F064800234FF4235120
:10FC700001F04AF8C546A7E76FF01204A4E700BFF9
:10FC80007B8C020014760200CC8C0200138D0200E3
:10FC9000768D0200CF8D02001A8E0200EC710200F8
:10FCA000405B002011F900003C5B0020348E020014
:10FCB0001E4BF0B50FCB85B08DE80F001C4D2846CC
:10FCC00015F032FE48B91B4A1B48012112F0F2FB25
:10FCD0006FF01204204605B0F0BDAE686946B36807
:10FCE00028469847041E06DA144A23461248012182
:10FCF00012F0E9FBEEE7124F3C6002213368284620
:10FD00009847041E05DA4FF0FF333B600D4A234647
:10FD1000ECE73968F368284698470B4A064842F2F0
:10FD20001073032112F0CFFB0024D3E7D476020036
:10FD300024720200718E020094760200A28E0200EC
:10FD4000F8230020D98E0200068F0200044B1968A8
:10FD5000002903DB03488368DB681847704700BF4E
:10FD6000F8230020247202002DE9F84F8A4600AFE4
:10FD7000002974D004680E1F361BF50826F007060C
:10FD800004EB0608B8F802B01BF0010B16D1E946E7
:10FD900088B06A46334BCDE90531032342F8103F62
:10FDA00031485B464FF4C25100F0AEFFCD468BF3B5
:10FDB0001188BFF36F8F0423184602DF29462046BF
:10FDC00011F0FFFD284434F83030C01A854217D0B6
:10FDD000E94688B06A46254BCDE9053A032342F847
:10FDE000103F214800234FF4C25100F08DFF002343
:10FDF000CD4683F31188BFF36F8F0423184602DFCB
:10FE0000B8F8023023F00103A8F802302946204652
:10FE100011F0D7FD05EB000804EBC8035B88DA0797
:10FE200008D44146204611F015FE42462946204698
:10FE300011F055FEA65BAE1B04EBC6035B88DB0727
:10FE400009D43146204611F005FE2A4631462046A7
:10FE500011F045FE35462946204611F0B7FDBD4656
:10FE6000BDE8F88F948F02006C7602006B8F020061
:10FE70002DE9F04F91B08407009302F00403029340
:10FE8000C2F3C20303F10103DDF868A00392054643
:10FE90000E46059340F09D81041D00284AD101F0D3
:10FEA0000706341DC6F10806009B00275A1E4FF0B6
:10FEB00004084FF0FF3301930497B946BB4643460D
:10FEC0000DB1009921600598002800F3D780904873
:10FED0000099814203D38F488142C0F0CF800399BB
:10FEE00011F0020CA4EB050040F0D680B9F10F0F21
:10FEF00000F2CF80002D00F0D68009F140010DEB1B
:10FF0000010EC0F3870001990EF8200C0EF8101CAA
:10FF1000BCF1000F00F0C38060F07F000EF8200CF1
:10FF2000013709F10109C5F10801043406914FF6C2
:10FF3000DA7E8CE00729B7D86FF01B0011B0BDE85E
:10FF4000F08F7A285BD84B280FD8472857D8292814
:10FF50002ED8252850D052D8202818BF23280CBFCF
:10FF60004FF0010B4FF0000B71E04C382E2846D8B3
:10FF7000DFE800F06D454545454545454545454566
:10FF800048454545454545454556454848565656D4
:10FF90006D486A456D4518481845457F7C4845457C
:10FFA00048457C0000204FF0000B4FF0040835E07E
:10FFB0002A38C0B2012101FA00F010EA0E0F46D132
:10FFC00010F0625C2CD110EA010B40D06046013C7D
:10FFD0004444B4FBF8F408FB04F425B1A3EB050C8E
:10FFE000A444B445A8D8002870D0059901390591DA
:10FFF0005AF8041B009163E70199013901914FF010
:020000021000EC
:10000000000B24E012F8010C6C2834D112F8023CE9
:1000100000206C2B8346C8D14FF008084346D6E732
:100020000AF1070A2AF0070A0734FAE802BC24F0AA
:10003000070435B106982044B0423FF67DAFC4E9CD
:1000400000BC08344FF0000B4FF00808434612F88C
:10005000010F002853D0BBF1000F7FF472AF2528A9
:10006000F5D1019B013301934FF0010B4FF00408D0
:10007000ECE7584697E700208346A8E703998807EE
:100080007FF551AF601B4FF0010CB0F5007FFFF41E
:100090002DAF6FF0150051E74FF0000CF5E7049815
:1000A000013004903DE7BCF1000F01D0013638E784
:1000B0000298023600287FF434AF0098CDE906326A
:1000C000FDF757FCDDE9063206442AE7042B08D188
:1000D0000AF1040015B1DAF80010216004348246F8
:1000E000B5E70AF1070323F0070303F1080A1DB17E
:1000F000D3E90001C4E9000108340823A7E7631B22
:10010000B3F5806FC5D23DB9A6F10804E01815E734
:10011000D47002005CB90200029A28609B082B7020
:100120009DF81030AAB1EB70AF702FB108A8002273
:10013000C5F1010C91450ED1C5F101030DF1200867
:100140004FF0000A01930DF1300BD14512D1601B25
:10015000F4E66B70E8E710F8013B190608D50CEBE4
:10016000040EB64503F07F033FF6E6AE04F8013B0C
:100170000132DFE71FB198F90020002A17DB029B4C
:10018000D3B11AF80B2004F8012B0022019B181997
:100190001044B0423FF6D0AE98F8000004F8010BCE
:1001A00000990392204616F0E5FE039A14440AF1E2
:1001B000010A08F10108C8E798F8002055F8223034
:1001C0000093029B45F822300098FDF7D2FB421CB9
:1001D000DCE76FF00D00B1E62DE9F04F97B000AF0E
:1001E000C7E90A3205468A4649B9037846788078D5
:1001F00000EB83002844564524D8A0EB050AD7F825
:10020000803095F80280D7F8804003F00103FB614D
:10021000EB787B62B8F1000F0CBF002404F00104FE
:100220001BB1D7F880309A0715D4A4B9FB6A1BB16B
:10023000BA6A514628469847564630465C37BD460E
:10024000BDE8F08F441C2046FDF793FB01302044AD
:100250000AF1010ACFE7D7F88030C3F3C0033B624D
:100260002B78BB619B003B616B687B61BB6905EBD5
:10027000830BFB6A002B77D15646D844BCB11C4691
:100280001BF8013B55F82300FDF773FBD7F88430CA
:10029000013043B1D7F88830A34282BFD7F8843009
:1002A00023F814000134C3450644E9D1D846D7F8F1
:1002B000803013F0050F0CBF4FF0020B4FF0010B15
:1002C0004FF000097B6A9945B7D298F8013055F88C
:1002D00023A0AE4B9A4508F10208C0F04B81AC4B0D
:1002E0003A6A9A452CBF002301230AB318F8021C6E
:1002F0007869FB6211F0C8FCFB6AC8B1EA468AB0B3
:100300006A46A44B05937B69CDE906314FF400732F
:10031000ADF82030A04B42F8103FA04800234FF426
:10032000125100F0F1FC023ED54609F10109C9E77E
:1003300023B1FB6933B9A6EB0B06F6E7D7F880309B
:100340009B07F2D55046FDF714FBD7F884304BB12C
:10035000D7F888309C423FBFD7F88420431C22F84E
:10036000143001340644E0E7002C69D1B8F1000FE5
:100370006CD0D7F8803058076BD5C14607F14800DC
:100380004246594616F0F6FD0BEB0803FB600022CF
:100390000233796A8A425ED3D7F8802095F801B09B
:1003A000F969920704EB0B03DBB254BF4FEA590221
:1003B0000022002940F0A680D7F8801011F0040F29
:1003C00014BF494600216B70A970EA703969BA6A96
:1003D000FB6A28469847061EFFF62FAFBB692B70B5
:1003E0007B6AEB704946BA6AFB6A85F801B085F80A
:1003F000028007F148009847B0F10009C0F2B680CA
:100400003B697A6A786A03EB4201FB68BA6A414445
:1004100003EB4000AAEB0101FB6A98470028C0F2F9
:10042000A780B14409EB00064FF0000B07F1380A32
:10043000A34569D30021BA6AFB6A08469847FCE6DF
:10044000444607F138004FF0000999E74446C14699
:100450009AE7A14698E713F8016CDFF830C155F828
:10046000260013F8021C6045C0F08A80DFF820C126
:100470006045386A2CBF4FF0000B4FF0010B38B1CC
:100480007869C7E9013211F0FFFBD7E90132F0B911
:10049000BBF1000F1ED0F96949B1611C04F12800BD
:1004A00007F13004041904F8206CCCB20FE0D7F83F
:1004B000801049070BD509F1280007F1300C09F12C
:1004C000010100EB0C0909F8106C5FFA81F90132A7
:1004D00002335EE7D7F880008007DED409F1280CEC
:1004E00007F1300EF44409F101000CF8101C07F17B
:1004F000580151FA80F009F102095FFA89F900F810
:10050000106CE4E700215EE71BF80A3087F837300B
:1005100055F82390D7F884302BB3D7F888309B4513
:1005200021D2D7F8843033F81B80BA6AFB6A0121E4
:1005300007F13700984700281ADB0644B8F1000F8E
:1005400006D14846FDF715FA00F101081FFA88F8B0
:10055000BA6AFB6A414648469847002808DB0644C9
:100560000BF1010B64E74FF00008DEE74E4664E64E
:10057000064662E63B6A002B3FF4E0AE0023B5E698
:10058000386A0028A6D04FF0000B79E7D47002003B
:100590005CB90200C18F020004000001E475020092
:1005A000014B1860704700BFFC23002080B5054652
:1005B0000E46174698460EF0BDF9034601F076FC4C
:1005C000DFF81890044649F8003042463046394674
:1005D000A84754F8090001F005FC00BF080000001E
:1005E0002DE9F047058B0446280717460CD501294D
:1005F0000CBF45F0100545F02005258387F31188D1
:10060000BFF36F8FBDE8F087022905F0070540F0C2
:100610009480204611F0DEFD052864D801A353F82C
:1006200020F000BFFD0501003B070100E7060100C7
:10063000A9060100C3060100D506010001F0070369
:100640005A1F012A1FD8002221F00701062BD4F8D7
:10065000008089B2C4E9002209D1434603E0628BDD
:10066000013262831B68002BF9D141F00201218322
:10067000204611F0AFFD4FF0000900286DD041F089
:100680002001218369E0042B0AD121F0070189B2FE
:100690002183204611F09EFD10B141F020012183FD
:1006A0004FF00008C14658E02369D3F80090238B2F
:1006B00023F0070343F0060323834FF00008464668
:1006C0004BE02369D3F80490238B23F0070343F016
:1006D0000403F1E72369D3F80890238B23F0070381
:1006E00043F00503E8E74FF00008C146E7E70122C1
:1006F00043F00803238387F31188BFF36F8F002A29
:100700003BD1B8F1000F4AD1B9F1000F02D02D4909
:100710002046C847EFF31187402383F31288BFF3C5
:100720006F8F238B23F008039BB22383D9063FD519
:1007300023F01002228303F007056669218B002E47
:10074000BFF67CAF0023D4F8008021F00701C4E994
:10075000003341F0010121839946238B03F0070AFE
:10076000AA4502D0A268002AC1D1B8F1000F02D177
:10077000B9F1000FDAD00022BAE7A1680029C0D091
:100780000D680029BDD04F68334652462046B84711
:100790001DB12B6829461D46F3E72B46FAE7414673
:1007A000334652462046D8F8008011F03FFDA8E7B6
:1007B0009A067FF523AF23F02002228303F007057A
:1007C00027E700BF592202002DE9F047DFF85480E7
:1007D000044607464FF0010994FAA4F5B5FA85F5E9
:1007E00009FA05F32E0108EB05156FEA030A24EA5E
:1007F00003042B7B63B158F806301B696BB9464480
:10080000042273682846196807EA0A0711F0E2FD16
:10081000002CE1D13846BDE8F087284698470028EB
:10082000F6D1ECE7A476020010B50F490F4888B066
:10083000002215F0A2FC00220023CDE906230024AB
:100840000E23CDE90334CDE90144094B0949009455
:100850004FF4407208480DF0F5FD0849064815F0C0
:10086000D8FA204608B010BD81080100A04500203C
:10087000B10B010080680020183500208090020034
:1008800001480DF0E3BA00BFC42700202DE9F0476E
:10089000804621480F4611F07DFD0646002833D0E2
:1008A00000252846BDE8F087237B83B12368DB68F9
:1008B0000BB120469847636883F8069023681B694C
:1008C000D3B9636804221968204611F083FD01360C
:1008D00010345445E8D3B8F1000FE2D0002DDFD03A
:1008E0002846FFF771FF0546002FF7D000214FF48F
:1008F000A47015F04FFBF1E7204698470028E0D0A0
:1009000009FA06F31D43E2E7044CDFF814A005469C
:100910004FF00109DDE700BF605B0020A476020014
:10092000B4760200014B53F820007047B47A0200FD
:1009300008B5034608462BB1044A136000F044FC96
:10094000002008BD6FF01500FBE700BF0024002069
:1009500010B5044C237813B903480DF077FA01233E
:10096000237010BDC0630020C427002010B50446CA
:100970000B4811F00FFD5CB1BFF35B8F094B53E8DF
:10098000001F013943E80012002AF8D1BFF35B8F42
:1009900005480EF0F3FA0548BDE810400DF056BAD0
:1009A000585B00205C5B0020A0450020C42700208D
:1009B000064BBFF35B8F002253E8000F43E8002192
:1009C0000029F9D1BFF35B8F704700BF585B00204F
:1009D00070B5FFF7EDFF084C084E0546B44200D352
:1009E00070BD63685B792BB123685B6813B12946DE
:1009F000204698471034F1E7A4760200B47602004E
:100A000010B5044C0449204611F079FA034B1C60E0
:100A100010BD00BF20270020A07A0200505B0020FC
:100A20000D4A0E48002310B513700D4A13600D4A8D
:100A30004FF400411360FFF77BFFFFF7E1FF0A4B24
:100A40000A4918468B4200D310BD1A1A5C6812116D
:100A5000013222711033F5E7C163002091230200B7
:100A6000585B00205C5B0020A4760200B476020094
:100A7000014600220148002311F062BA202700201D
:100A8000014811F0F9BA00BF20270020024B0146AF
:100A9000186811F04CBB00BF505B0020014811F0FA
:100AA00081BB00BF2027002070B52A4B1B78002B8C
:100AB0004ED0FFF7E5FF0446002846D1264B274DD0
:100AC0001B68002B19DD15F010FB4FF47A76A0FBA4
:100AD000063206FB0121D5E90020DB0B43EA414346
:100AE0009B1A4FEAD13140F2E93261EB00019342A7
:100AF00071F1000101D3FFF76BFFD5E9003213F567
:100B00007A7342F10002C5E900320CB3BDE87040CF
:100B1000FFF7C4BF6B685B7923B12B6821461B6864
:100B2000284698471035B542F4D32046FFF7AEFF6C
:100B3000BFF35B8F0A4B53E8001F013943E80012F3
:100B4000002AF8D1BFF35B8FB8E7064D064EEAE7FF
:100B5000002070BDC0630020585B00209845002035
:100B60005C5B0020A4760200B476020070B50D4DE7
:100B7000297861B90120FFF789FE0B4C0B4EB44276
:100B800006D3FFF791FF0028FBD101232B7070BD26
:100B900063685B791BB1236820469B6898471034D3
:100BA000EDE700BFC1630020A4760200B476020026
:100BB00000212DE9F8430846FFF768FE044648B3D4
:100BC00040F267684FF0000901F070F91A4B1B4AB8
:100BD0001B58136033B11A4B1B68092B02DD1948EF
:100BE0000DF034F9184F002544B12046FFF7ECFD15
:100BF000044618B94FF0FF384FF0FF39FFF754FFA4
:100C0000064628B9B5B90F4842464B460DF052F991
:100C10003546E9E74FF0FF384FF0FF39D4E72B684E
:100C20009B691BB100221146284698471035BD42EA
:100C3000F5D3E8E7054DFAE708000000545B002013
:100C40005C5B0020C4270020B4760200A47602007A
:100C500013B5184811F09EFB174B1B7873B1EFF3D7
:100C60001184402383F31288BFF36F8FFFF71CFFBB
:100C700084F31188BFF36F8F02B010BD0F4B1B6858
:100C8000002BF9D050B900220023CDE900230C48F5
:100C90004FF4004200230EF039F9EDE70928EBD1BB
:100CA00007480EF06BF9074802B0BDE810400DF0A0
:100CB000CDB800BF5C5B0020C1630020545B002006
:100CC000A0450020C427002010B5064B1B68044631
:100CD00098472146A060044811F0AFF9BDE81040E4
:100CE000FFF7B6BF0024002020270020044A054B50
:100CF0009B1AB1EBD30F34BF52F83100002070477C
:100D00004C750200A47602002DE9F04F8FB004AFBD
:100D1000C1F34A26B8600D4690467B600C0D002E4C
:100D200061D04FF000090A234FF0040B07F1140AB9
:100D3000FE60C7E90799C7F824900093CDF808B082
:100D4000CDF804A007F11C03F9684A464046FFF7B6
:100D500043FAB0F5006F03461CD36C468AB0D8F84E
:100D6000041004AB2448C3E9050140F2FF71D961C6
:100D70001A464FF400711984204B42F8103F204866
:100D80004B464FF41251FFF7BFFFA5462C37BD4627
:100D9000BDE8F08FC0F30A0604F11700184420F0F4
:100DA000070080083B60FFF763FE66F353250446A7
:100DB00080B13B68134A00F11001C7E90839F961B5
:100DC000CDE901AB0A230093F96807F11C03404603
:100DD000FFF702FA66F353257B68B9682A46204676
:100DE00011F018FBD2E704F1170020F0070080088B
:100DF000FFF73EFE0446EDE7959002000400000177
:100E00001C760200E72302002DE9F04F87B0DDE9F0
:100E1000127ADDE9106B0546884614469946BFB143
:100E20001021CDF800A03B465A460020CDF814A072
:100E3000FFF71EF8B0F5006F01460BD3194A1A48A8
:100E400040F2FF73022107B0BDE8F04F11F03BBB49
:100E50003946384604F0070305F00704E40044EA85
:100E6000831444EA402444EA065406F11700084477
:100E700020F0070080080391FFF7FAFD054640B116
:100E80003FB10399CDF800A03B465A461030FEF71B
:100E9000EFFF4B4622464146284607B0BDE8F04FDB
:100EA00011F0B8BAD49002001C760200406820B15C
:100EB000034BC01A40F3CF0070474FF0FF3070472C
:100EC0004C7502000EB403B503AB014653F8042B76
:100ED0000448019301F070F902B05DF804EB03B02F
:100EE000704700BF29250200CA0605D48B064CBFF7
:100EF00002490349FFF7E6BF704700BF0D910200AA
:100F00000C9102002DE9F04F89B09846159B06938D
:100F1000DDE916A39DF85090189F059204460D46F2
:100F20000493B9F1000F00F0B08007F480730793C9
:100F300011F04EFA07F0020B0246002874D07849EF
:100F40002046FFF7BFFF0646BBF1000F08D017F0A1
:100F5000440F6BD173492A462046FFF7B3FF06447E
:100F600007F0010353B1704B704953F82920704BBF
:100F70002046002A08BF1A46FFF7A4FF07F4807333
:100F8000002B07F0080318BF4FF00008002B79D0A2
:100F9000684B694953F829202046FFF793FF05461F
:100FA000059B2BB165491A462046FFF78BFF054488
:100FB000B8F1000F05D0624942462046FFF782FF94
:100FC000054460483544069B1BB15F49224610F03A
:100FD0002AFE049B002B00F08E80DDF8108039463D
:100FE000B8F1100F204628BF4FF01008FFF77CFF24
:100FF0000026B54250DC002633461AF80320534938
:101000002046FFF75FFF0136102E4BD0710703D14A
:101010004F492046FFF756FF46453346EDD34D492D
:101020002046FFF74FFFEEE706468DE74A4B18686C
:10103000002894D0494B4FF47A7B1B68B5FBF3F53D
:101040004FF46163B5FBF0F100FB11550BFB05F5A7
:101050004FF03C0CB1FBF3F203FB1211B5FBF0FEB9
:10106000B1FBFCF300FB1E550CFB13110BFB05F54C
:101070000091B5FBF0F53A49CDE901E52046FFF7CF
:1010800021FF6CE707F008058AE7B8F1010F0CBFF4
:101090002C4834484D4696E72D492046FFF712FF6D
:1010A0000136A6E7304920460026FFF70BFF3346FE
:1010B0001AF803202D49A2F120035F2B28BF2E220E
:1010C0002046FFF7FFFE0136102E0DD0720703D128
:1010D0001F492046FFF7F6FEB0453346E8D81C49C5
:1010E0002046FFF7EFFEEEE7049BB3EB0803C24494
:1010F00004937FF472AFB9F1000F0AD0FB0704D557
:101100000B4A0A492046FFF7DDFE39462046FFF725
:10111000EBFE204609B0BDE8F04F11F0F8B900BF72
:101120001491020018910200C47A0200749B02001C
:101130000F910200D87A02003D9102004391020013
:101140004791020029250200B92101004C910200BB
:101150005491020052910200685B0020645B002001
:10116000219102005F250200569102005891020071
:1011700073B542F20F738B4228BF0B4605680F4AC6
:101180000446052168460FF045FE63680C495B681C
:1011900006460B22284611F0ACF9636832466946D0
:1011A00028465B6811F0A5F9636806495B681B2255
:1011B000284611F09EF902B070BD00BFFDB50200D7
:1011C000AFB7020093B70200074A00210123904203
:1011D00006D8064A01B901231360054B1860704711
:1011E00040085B000121F2E740420F00645B0020F1
:1011F000685B0020014B01221A707047C263002017
:10120000014B002019607047805B00200148FFF708
:10121000AFBF00BF087B020010B5064B18680C4634
:10122000FFF780FB21460346BDE8104002480F222D
:10123000184700BF805B0020087B0200F8B5094D0D
:10124000094B0A4ED5E9004701221A700CB92C60EF
:10125000F8BD214630463A4600F01EF8241A0644EE
:10126000F4E700BF745B0020C3630020C463002068
:1012700010B9074B18707047064B1B781BB141F231
:10128000883014F035BBA420002114F083BE00BFC9
:10129000C2630020C36300202DE9F047DFF880908F
:1012A000204E80460F46042599F80040ACB914F052
:1012B00012FB3A468246414620460CF041FA04466B
:1012C000504614F010FBECB10123337099F8003054
:1012D0007BB93C462046BDE8F0873A4641460020AF
:1012E0000CF02EFA0446EEE72846FFF7C1FF6C1E0D
:1012F000254600200CF0B4FA0028EAD03378002B01
:10130000F2D1E6E7337833B1013D2846FFF7B0FF6D
:101310003378002BC8D13378002BDAD0DAE700BF5E
:10132000C3630020C2630020014B036000207047AC
:10133000187B020010B5DFF824C086B04FF42814E3
:10134000CDE904C40824029404AC0194BDF8204003
:10135000009412F0AEFD06B010BD00BF18002800CA
:10136000024B01221A700020704700BFD663002094
:101370001FB501240294044C0194BDF81840009458
:1013800012F097FD04B010BDD6630020B0B5144A2A
:10139000144B012900AF6C4688B006BF13460125E7
:1013A00000256A461049CDE905134FF40073ADF8E6
:1013B0001C300E4B42F8103F00230D484FF4E6510D
:1013C000FFF7A2FC0B4BA5461C683CB154F8083C47
:1013D000083C0BB128469847A468F6E7BD46B0BD67
:1013E000338A02008B9102009491020003000001F5
:1013F000FC750200845B002070B516461D46104A3D
:101400001048032111F05FF80F4B1C687CB1083CB9
:101410006FF0850063682BB13078984710B110F1F8
:10142000860F09D1A4680CB1083CF3E710B16FF046
:101430007F0070BD2846FCE76FF00D00F9E700BFA4
:10144000A9910200FC750200845B002010B50D4CD0
:1014500086B006236070182200216846237015F0BC
:1014600097FD094B6946CDE9013400200223ADF810
:101470000C3006F065FF10F1800F08BF002006B0A9
:1014800010BD00BFD4630020B87B020010B5084C2B
:1014900086B024788DF81740012402940DF11704CA
:1014A0000194BDF82040009412F003FD06B010BD79
:1014B0000727002080B50D4A0D4B00AF88B00129E9
:1014C00008BF13466A460B49CDE905134FF4007374
:1014D000ADF81C30084B42F8103F084800234FF489
:1014E000E651FFF711FCBD4680BD00BF338A020004
:1014F0008B910200C79102000300000154750200A5
:1015000000B589B064288DF80700C2B219D80E4B17
:1015100000211A7002A8182215F03AFD0B4B039314
:101520000DF10703049302A901230020ADF8143044
:1015300006F006FF10F1800F08BF002009B05DF82B
:1015400004FB6FF01500F9E707270020587C020024
:1015500008B5044810F0B9FB034810F0B6FB0020B2
:1015600008BD00BFE09102001592020008B50348D3
:10157000034A0021121A11F06CF808BD1829002046
:101580005C6800200748084A084908B5121A11F09B
:1015900062F80748074A0849BDE80840121A11F0E6
:1015A0005AB800BFC02000201429002064B90200EE
:1015B000B8200020C02000205CB902002DE9F047CF
:1015C000064600AF0C46002936D0E9468AB0D1E97C
:1015D0000012A3686D462148E8464FF0050ACDE9A0
:1015E0000501CDE9072348F810AF1D484246002306
:1015F0004FF42151FFF788FBCD46D4E9031263690C
:10160000AD461848C5F810A0C5E90501C5E907238E
:101610001348002342464FF42151FFF775FBCD4696
:10162000E369114A0E48012110F04DFFA3690F4AEA
:101630000B48012110F047FF012E07D1EFF305837E
:101640000B4A0748103B314610F03DFF214630461B
:101650000CF026F9BD46BDE8F08700BF42920200BB
:101660006476020071920200A0920200AF92020022
:10167000DD92020030BFFFF7FDBF00BF2DE9F04152
:101680000B4EDFF8308006EB0807CC1B05463246D0
:101690000949204615F06EFCA01942460021083C7D
:1016A00015F076FC2C6707F10800BDE8F08100BF5B
:1016B0000000000004000000B476020010B5204CC9
:1016C0002049214810F0D4FFA36A990136D51E485D
:1016D0001E4910F0CDFF1E20A36ADA0104D51A4876
:1016E0001B4910F0C5FF1F20154CA36A1B0304D52E
:1016F0001548184910F0BCFF2120A36A590304D5EE
:101700001148154910F0B4FF22200D4CA36A9A032A
:1017100004D50D48114910F0ABFF2320A36ADB0369
:1017200004D509480E4910F0A3FF2420044A936A07
:101730006FEA03436FEA1343936210BD1D20CBE7AA
:1017400000ED00E0F09202006476020008930200CF
:101750001B9302003593020053930200789302001A
:101760009293020070B506460D46284C2849294838
:1017700010F07EFFA36AD9043CD52648264910F014
:1017800077FF1720A36A1A0504D52248234910F0D1
:101790006FFF18201D4CA36A9B0512D51D482049D8
:1017A00010F066FFA36BA26A100409D51D4A194800
:1017B000012110F088FE1EB1A36A23F40043A36246
:1017C0001920124CA36A590504D51248164910F085
:1017D0004FFF1A20A36ADA050ED50E48134910F000
:1017E00047FF1B20094A936A43F47F439362002317
:1017F0002B7070BD1620C5E7A36A9B04F2D505487F
:101800000B4910F035FF1C20ECE700BF00ED00E0B5
:10181000BD93020064760200D3930200E4930200B9
:10182000F7930200109402002594020040940200F5
:10183000589402002DE9F843804689461746354DF5
:101840003549364810F014FFAB6ADE0627D5344917
:10185000324810F00DFF1124AB6A1D0704D5314941
:101860002E4810F005FF12242A4DAB6A980718D5B0
:101870002D492A4810F0FCFE6E6BAB6A190646D55E
:101880002A4A26483346012110F01DFEB9F1000F07
:1018900003D0AB6A23F08003AB62132403E010246F
:1018A000DAE76FF015061B4DAB6ADA0704D520495D
:1018B0001A4810F0DDFE1424AB6A9B0604D51D49BE
:1018C000164810F0D5FE1524124B9A6AD50602D49C
:1018D0009A6A90070AD55B68190507D541463046D4
:1018E00000F036FA10B180F309880224094B9A6A95
:1018F000920642BF5A6A22F400525A629A6A42F031
:10190000FF029A6200233B702046BDE8F8836FF027
:101910001506C2E700ED00E087940200647602003D
:101920009D940200E4930200D0940200E894020027
:10193000FE940200589402002DE9F041684B8AB0F1
:10194000D3F8048000AF0446C8F30806002585F3E9
:101950001188BFF36F8F02F07F43B3F17F4F07D140
:1019600002F00C03082B12D15E495F4810F080FE94
:1019700000252C460023FB71F31E092B00F28F80FB
:10198000DFE803F00A8588818D8D8D8D8D8B1007A2
:101990004CBF0C460125EDE754495348504E10F01A
:1019A00067FE0023FB71F36A9A0705D550494E483C
:1019B00010F05EFE00232DE0F36A002B01DA4D49A2
:1019C000F5E7F36A5B00F5D54B49474810F050FE48
:1019D0007369A26943F480737361BFF34F8FBFF3E0
:1019E0006F8F32F8023C726922F480727261BFF329
:1019F0004F8FBFF36F8F03F47F42B2F55F4F2BD150
:101A0000DBB2022B28D123683C4A3748012110F071
:101A10005AFD2368FA79DAB907F1080604F1200CB7
:101A200020686168324603C2083464451646F7D11F
:101A30007A6A002D50D0C2F3080121B96FEA522210
:101A40006FEA42227A6207F108011846FFF7B6FDF5
:101A50002837BD46BDE8F081214B9A6AD2B22AB13F
:101A6000FA1D01212046FFF7E5FE0EE09A6A12F406
:101A70007F4F04D0F91D0120FFF774FE05E09B6A3B
:101A8000B3F5803F96D3FFF719FE0346C2E7FA1D70
:101A90000021E7E7F91D0020EEE7194987E7194A19
:101AA000194B18F4F87FE8468AB008BF13466A4617
:101AB0001649CDE905134FF40073ADF82030103E00
:101AC000134B079642F8103F074800234FF411517B
:101AD000FFF71AF9C5466DE76FF30802B2E700BFDA
:101AE00000ED00E04B95020064760200769502005E
:101AF0008D950200AE950200BC950200DB950200B8
:101B0000F79502001D950200329502001B96020017
:101B100004000001044B5A6942F010025A615A69EC
:101B200022F008025A61704700ED00E0EFF30880F0
:101B3000EFF3098101B57246FFF7FEFE01BD00BF5C
:101B4000002080F31488BFF36F8F0F4880F308885C
:101B50000AF03EFC00200D490860BFF34F8F00F0F3
:101B60002BF8402080F3118809484FF40461401895
:101B700080F30988EFF314800221084380F314886E
:101B8000BFF36F8F00F0B4F8C093002094ED00E035
:101B9000008200200749D1F890200023C2F30722D9
:101BA0001846934200DB7047C1F89830C1F8A00096
:101BB0000133F6E700ED00E008B572B6002383F3C9
:101BC0001388FFF7E7FF144B4FF0FF32C3F8802074
:101BD000C3F88420C3F88820C3F88C20C3F8902071
:101BE000C3F89420C3F89820C3F89C20C3F8802140
:101BF000C3F88421C3F88821C3F88C21C3F890214D
:101C0000C3F89421C3F89821C3F89C2162B6BFF3AE
:101C10004F8FBFF36F8F08BD00E100E01EF0040F8F
:101C20000CBFEFF30880EFF30980816911F8021C03
:101C30000229FFD001B5724610F00FFD01BD00BFB3
:101C400040B2002807DB044A4109012300F01F00CD
:101C5000834042F82130704700E100E040B20028A4
:101C60000CDB4309064900F01F00203301228240AB
:101C700041F82320BFF34F8FBFF36F8F704700BF32
:101C800000E100E0054B420900F01F0053F822205C
:101C9000012303FA00F01040704700BF00E100E0AC
:101CA00040B2D30754BF023100210028ACBF00F17D
:101CB0006040074A4FEA4113ACBF00F5614000F0B5
:101CC0000F00DBB2B4BF135480F80033704700BF7D
:101CD00014ED00E0044B054A23F07F039360BFF34B
:101CE0004F8FBFF36F8F70470000000000ED00E0E2
:101CF00008B5FFF7EFFF074AD2F8883023F47003E6
:101D0000C2F88830FFF732FCFFF73CFC00F0B0F877
:101D10000BF0ECFE00ED00E042F8203C009B42F8A6
:101D20001C3C0A49019B42F8183C029B42F8143CB7
:101D300021F001014FF0807342F8043C42F8081C86
:101D40000023203A02654367704700BFAD050100DC
:101D5000094A0346906870B113F1160F006E05D062
:101D6000A0F14002934205D3834203D2814228BFAF
:101D70000020704700207047185F002008B5154606
:101D80000B4A0C4B9060026F1A600E4600F0A0F8F0
:101D90002C4686F309880020034B984720460021F3
:101DA00000220023014C204787260200AD050100D8
:101DB000185F00208C5B0020014B10221A617047D5
:101DC00000ED00E0054B5A699B689A421FBF044A28
:101DD000536843F080535360704700BF185F002082
:101DE00000ED00E0084B9B6883420BD1EFF30583C5
:101DF00043B1064B5A6842F080525A605A6A22F444
:101E000000425A620CF09CBD185F002000ED00E01B
:101E100014498A684FF030001044EFF3098C80E8D1
:101E2000F01F402080F31288BFF36F8F0E4F4FF0EA
:101E300000664A698A603E60106F0C4C2060506FEB
:101E40000023536780F3118804B5104600F040F872
:101E5000BDE8044002F1300090E8F01F8CF30988DF
:101E600070470000185F002004ED00E08C5B00204C
:101E7000044800234021C2180133302B82F800139C
:101E8000F9D1704700E100E008B5EFF30583064A99
:101E9000103B02EBC30152F8330049688847BDE8A4
:101EA0000840FFF78FBF00BFB07202000148006812
:101EB000704700008C5B0020024B034A034801215D
:101EC00000F08AB80000022000000020A87C020078
:101ED000036E054A403B1360044B4021C2E90113E5
:101EE0001046012100F082B8905B002000000B1525
:101EF00008B503461048D0F89020C2F30722013AF3
:101F0000934207D90D480E4A012110F0DCFA6FF018
:101F1000150008BDC0F898300A6822F01F021A4365
:101F200042F01002C0F89C208A6842F00102C0F81A
:101F3000A0201846EDE700BF00ED00E04476020067
:101F400032960200F0B50E4685B01F4604460025C5
:101F5000B5420DDA606810B397B1431E18420AD03B
:101F6000104A11482B46012110F0ADFA6FF015020E
:101F7000104605B0F0BD1F28F2D921680B42EFD101
:101F80002368019310F0A2FBA36801A90343D0B218
:101F90000393FFF7ADFF10F1160FE7D0421C013598
:101FA0000C34D5E75896020044760200044B052213
:101FB000C3F89420BFF34F8FBFF36F8F704700BFFC
:101FC00000ED00E0BFF35F8F024B0022C3F89420C6
:101FD000704700BF00ED00E010B5034C01232278EC
:101FE000FFF7B0FF207010BDD763002008B50B4A83
:101FF00000231278FFF7A6FF10F1160F07D0084A4A
:102000000021D2F89030C3F30723984200DB08BDCB
:10201000C2F89800C2F8A0100130F2E7D7630020A0
:1020200000ED00E02DE9F0435D485E49D0F89030C6
:102030000C68C3F307239C4285B000F2AE80FFF723
:10204000C1FF49680022944201F10C011AD1564F98
:10205000564D3C706846FFF767F9554C554E814622
:102060004FF00008C14520D13B784D490020D1F800
:102070009020C2F307229342C0F28980FFF796FFB7
:10208000002050E0C0F8982051F80C3C23F01F03CA
:10209000134343F01003C0F89C3051F8043C43F064
:1020A0000103C0F8A0300132CDE7009800EB081121
:1020B0004FEA081CCB682340B3F5000F49D00BD87A
:1020C000B3F5001F32D0B3F5800F37D0B3F5801FC2
:1020D00014D008F10108C5E7B3F1007F42D0B3F195
:1020E000805F48D0B3F1807FF3D150F80C3088681E
:1020F0004A6810F0EBFA40F0887009E050F80C30B4
:1021000088684A6810F0E2FA40F0885040F43020C5
:10211000039001A93878CDE90123FFF7E9FE0028F3
:1021200031DA6FF0150005B0BDE8F08350F80C30DF
:1021300088684A6810F0CAFA3043E9E750F80C3072
:1021400088684A6810F0C2FA40F0C06040F400307D
:10215000DEE750F80C3088684A6810F0B7FA40F0B3
:102160008270D5E750F80C3088684A6810F0AEFAF3
:1021700040F48020CCE750F80C3088684A6810F0B2
:10218000A5FA2843C4E73B7801333B70A1E7C1F8C7
:102190009830C1F8A000013369E74FF0FF30C2E783
:1021A00000ED00E0B47C0200D763002000000211C3
:1021B0000000F0FF00000811F0B587B007460E469A
:1021C00014460021102268461D4614F0E1FE022349
:1021D0008DF802302A46054B019321466846CDE929
:1021E00004760EF041FE07B0F0BD00BFED26020000
:1021F00008B502480EF0EEFDFEE700BF8D96020026
:1022000008B5024B1B689847002008BD9C5B002066
:10221000034B044A1860937843F0020393707047AD
:102220009C5B00208424002008B50649064821F064
:102230000701C1F1005202F500320FF0B3FC00209B
:1022400008BD00BFFDB80020A05B002070B541694B
:10225000867A0B4D044659B1437ADB0706D4242312
:1022600003FB0653DB691B689B6898470023636187
:102270002420214600FB0650BDE8704013F089BCC5
:10228000F4270020024B242202FB0030704700BFDD
:10229000F4270020827A064B242101FB02331A6ABC
:1022A0001B7D1B33801A23F00303B0FBF3F0704750
:1022B000F427002038B5074B827A242404FB02332C
:1022C000DB69D3E901240C601568FFF7E3FF04FB29
:1022D000005038BDF42700202DE9F04385B00546B5
:1022E0006846039190461C4613F001FFDDE9006744
:1022F000EFF31189402383F31288BFF36F8F6B8A4A
:10230000002B41D02A8A9A4225D900220023284650
:102310000BF06AFD0446F0B189F31188BFF36F8FAB
:10232000039B002B41D032463B46684613F004FF26
:10233000A27A264B242101FB02332046DB691B686D
:1023400003A91D68DDE90023A847606170BB204632
:10235000FFF77CFF24E0698A4B1E6B8289F31188AA
:10236000BFF36F8F2B7D2A8A2C6A1B3323F0030364
:10237000521A02FB0344154B154AEB1A9B105343A8
:10238000A3722B7DE372CBE789F31188BFF36F8FC4
:102390002346424628460BF027FD04460028BFD1BD
:1023A0000024204605B0BDE8F083636101230025C9
:1023B0002381039B6382E27A6560294604F1180059
:1023C00014F0E6FD63692582E360EAE7F427002064
:1023D000398EE33870B50D4C242500B970BD037AF1
:1023E0004668002BFAD0013BDBB20372002BF5D11B
:1023F000C3604360837A05FB03439B6913B198472D
:102400003046EAE7FFF722FFFAE700BFF427002093
:10241000044A0123C2F840354FF080420020C2F840
:102420007835704700E0014048B1054B054A1B680C
:10243000B3FBF2F35843044B43F0010318477047D2
:102440008426002040420F0050790200BFF34F8FD6
:102450000549064BCA6802F4E0621343CB60BFF340
:102460004F8F00BFFDE700BF00ED00E00400FA055C
:1024700070B50B7892B006460C4607AD032B31D8E9
:10248000DFE803F0022A2C2E19492846FBF769FAE7
:10249000059563780493A3780393E37802932379F3
:1024A000019363790093A379124A1E210AA80EF0C2
:1024B000B1FC10AD0AAB32461C4603CCAC421060F6
:1024C0005160234602F10802F6D120681060A3880B
:1024D0009380304612B070BD0749D6E70749D4E76C
:1024E0000749D2E7074A0A2128460EF093FCCFE7B6
:1024F000908A0200B28A0200978A02009E8A020035
:10250000A88A0200678C02000E4B402970B528BFD4
:1025100040210D4C46181D46B04203F1020304D180
:10252000002305F81130074870BD02781209A25C3B
:1025300003F8022C10F8012B02F00F02A25C03F842
:10254000012CE9E7D8630020D5B7020010B586B0AA
:10255000094B0A4803930024CDE9044413F0F6FB29
:1025600003AB0093064905480A234FF4E8620BF0D9
:102570003FFE204606B010BDB4960200D8450020AC
:10258000C06B0020014601480BF072BED845002008
:102590000146014813F0AFBBD845002030B50378A1
:1025A000012B11D0022B21D06BB9154B0A4603F138
:1025B000100453F8045B42F8045BA342F9D143884A
:1025C0001A0A8A70CB7030BD0D4B0A4603F1100415
:1025D00053F8045B42F8045BA342F9D143681A0C38
:1025E000180E4A700870C3F30722EAE700F11003DF
:1025F000013913F8012901F8012F9842F9D1E2E7D6
:10260000E6B7020010B510F0C4F913F0FCFB044665
:1026100008B90CF0CBF8BFF35B8F064B1B68BFF318
:102620005B8F0BB10A2098471CB9BDE810400CF035
:10263000D1B810BDAC5B002038B50446084810F096
:1026400066F8054648B1631EDBB21F2B96BF054AEC
:102650000021D15C0C3010F0C9F8284638BD00BF0D
:10266000A8280020F6B70200054BBFF35B8F53E8A4
:10267000002F43E800010029F9D1BFF35B8F7047B9
:10268000AC5B00200F2810B50CD80D280CD90A48D7
:1026900010F03DF8044618B104210C3010F0A6F8F3
:1026A000204610BD1328F2D009B10448F0E7BDE878
:1026B00010400220FFF7C0BFF02800203C28002077
:1026C000C3681B78024A0348022110F0EAB900BF30
:1026D000CC960200A475020038B5C5682B7893B972
:1026E000B5F801400F21204602F088FEEB78054640
:1026F00050B90A4A118831B96FEA04506FEA105094
:102700001080074A137038BD0373012102F094FD55
:102710002846BDE8384002F03FBD00BF8863002076
:102720005964002070B5C3681D78BDB9B3F8016065
:102730000F21304602F062FE044638B9084A0948C3
:1027400033460121BDE8704010F0ABB9294602F0D4
:1027500073FD2046BDE8704002F01EBD70BD00BF95
:10276000F4960200A475020010B5C368B3F80140E6
:102770000121204602F042FE38B9064A06482346A7
:102780000121BDE8104010F08CB9BDE8104002F006
:1027900003BD00BF1A970200A475020010B5C368FC
:1027A0001C880121204602F029FE38B9054A064856
:1027B00023460121BDE8104010F073B9BDE8104078
:1027C00002F0EABC1A970200A475020010B50121BC
:1027D0000C3010F02CF80378034A0448BDE8104090
:1027E000012110F05EB900BF3E970200A4750200FF
:1027F000014610B508480FF08EFF0849084813F04D
:102800007AFA031E06DA074A0748BDE8104001219C
:1028100010F047B910BD00BF742200202825002009
:102820001847002060970200A475020010B586B01A
:1028300003AB002400930749074805944FF0FF338A
:102840004FF48062CDE903440BF0D2FC204606B081
:1028500010BD00BF407300207846002010B5084C22
:102860000146062294F86F0003F036F938B994F85F
:102870006F000449BDE81040052203F02DB910BDDA
:1028800040210020BBB70200024A0348012110F09A
:1028900006B900BF7D970200A4750200B0B50B46D3
:1028A0000D8A00AF04462946D868FFF72DFE8AB08E
:1028B0006A46094BCDE9053440F20243ADF82430B5
:1028C000064BCDE907504FF4325142F8103F04480F
:1028D00010F0F8F8BD46B0BD979702000500000162
:1028E000A475020070B5C568B5F8016001213046D5
:1028F00002F084FD044638B90D4A0E4833460121E2
:10290000BDE8704010F0CDB82B783BB9D5F8033056
:10291000C0F89930D5F80730C0F89D30201D4FF42D
:10292000803110F0C0F82046BDE8704002F034BCA1
:102930001A970200A47502002DE9F84FD0F80C9008
:10294000018A99F80040A30001338B4200AF63D99C
:102950006D468AB06A463248CDE907310523CDE994
:1029600005044FF4215142F8103F2E4810F0AAF808
:10297000AD46BD46BDE8F88F2B4A2A482B460121BB
:1029800010F08FF8013699F800309E42F1DA09EB29
:1029900086030F21B3F80150B3F80380284602F0F4
:1029A0002DFD04460028E7D000F1C00AB8F1000F61
:1029B00006D0656945B91D4A1A48012110F06FF823
:1029C000204602F0E9FBDDE7A2692B6863619542CE
:1029D00008BFA361204602F001FB0BF037FAC5F8EF
:1029E00000B0236AABB9C4E90755BFF35B8F5AE85F
:1029F000003F013B4AE80032002AF8D1BFF35B8F69
:102A00000021204608F1FF3802F0F4FA1FFA88F896
:102A1000CCE71D602562E8E70026B346B3E700BFB8
:102A2000B9970200A4750200E49702000098020022
:102A300037B502EBC303044608469A4202D16FF051
:102A40005E0010E0114611F8085BA54211D1038A1F
:102A50005178994209D90848084A009401210FF099
:102A60003CFD6FF0150003B030BD5368984700205F
:102A7000F9E70A46E1E700BFA475020017980200D3
:102A80002DE9F0470C460BF091FEE5682B78022B00
:102A900075D0042B0AD03E4A3E48012110F001F8BF
:102AA0002046FFF797FC6FF015040EE0B4F8108095
:102AB000B8F1020F0ED8384A4346364801210FF0CC
:102AC000F0FF2046FFF786FC00240BF083FE204633
:102AD000BDE8F08768783E280CD1B8F1030F02D129
:102AE0002E4A4346E9E7EB78012B01D00A2B46D169
:102AF000032704E00FF0C1FF0746F8073FD504F1B4
:102B00000C0601213046D4F814A00FF088FE0221F3
:102B100030460FF08CFE814600783E2807D1E368EE
:102B20001B78012B01D00A2B06D1032614E00FF0ED
:102B3000A4FFC10706460FD4194A1A491A4841F2A0
:102B400068130FF0CFF8002383F31188BFF36F8F62
:102B50000323184602DF0226144A99F800000623D0
:102B600021460FF0EAFFB2070DD56369A4F8108083
:102B7000A5EB0A0513FA85F5E560BB07A4D5204649
:102B8000FFF736FEA0E72046FFF724FCF5E700BF7D
:102B9000DF980200A47502003998020055980200DF
:102BA00075980200A9980200C29802005C7D02009C
:102BB00010B5012104460C300FF039FE2146034ABE
:102BC0000078BDE8104002230FF0B7BF8C7D0200F3
:102BD00073B53E480FF0B4FD0446002873D000F1F1
:102BE0000C0528460FF02BFE0228034603D00428CC
:102BF00047D0374A03E0238A032B05D8354A3648A5
:102C000001210FF04EFF13E0042128460FF00FFEC4
:102C1000FF23428806882376238AC6F30B009A4254
:102C2000608309D02C48009201212C4A0FF055FCFA
:102C30002046FFF7CFFB12E00F2102F0DFFB054635
:102C400010B9638B264ADAE702F0FEFB320B2076DE
:102C50002146284602F024FA284602F09DFA214B2C
:102C6000D3F834317BB32049204813F044F8031ED5
:102C700029DA1F4A1848012102B0BDE870400FF060
:102C800010BF284602210FF0D2FD054600783E28ED
:102C900012D00FF0F2FE10F002060DD1154A1649BF
:102CA000164840F69A430FF01DF886F31188BFF3DB
:102CB0006F8F0323184602DF114A28780623214626
:102CC0000FF03BFFB4E702B070BD00BF74220020DC
:102CD00088990200F3980200A4750200149902007A
:102CE00038990200402100202825002018470020A4
:102CF00060970200759802005A990200C29802007B
:102D00009C7D020010B5012104460C300FF08FFDB0
:102D10002146034A0078BDE8104008230FF00DBF9C
:102D2000CC7D0200F8B5012100AF04460C300FF055
:102D30007EFD0678114A002321463046FFF778FED3
:102D40005F3019D1258AE0682946FFF7DDFB6C4624
:102D50008AB06A460A4BCDE9053640F20243ADF827
:102D60002430084BCDE907504FF4325142F8103F60
:102D700005480FF0A7FEA546BD46F8BD0C7E020033
:102D80009C99020005000001A47502002DE9F74F8F
:102D9000DFF818A1BFF35B8F8046894617460023F2
:102DA0005AE8004F4AE80032002AF9D1BFF35B8F9E
:102DB000264644B93E4A3F484346012103B0BDE898
:102DC000F04F0FF06EBE2046FFF764FA3A4D4FF019
:102DD0000C0B0BFB0050438843451FD02046FFF7E8
:102DE00059FA0BFB00504388344A0093314843465C
:102DF00001210FF072FBBFF35B8F5AE8003F4AE8F6
:102E00000062002AF9D1BFF35B8F002B4BD01E4626
:102E1000304603B0BDE8F04FFFF7DCBAA74208D058
:102E200020460FF06FFC3A8AF96804F10C000FF0AD
:102E3000D4FC2046FFF72EFA0C2707FB005043680E
:102E4000ABB1B9F1000F12D12046FFF723FA07FB0F
:102E5000005001214268536803F01F008140106850
:102E60005B0900EB8300137ACBB10FF01CFE204608
:102E7000FFF710FA0C2707FB00508368002BC7D020
:102E80002046FFF707FA784305F800902046FFF741
:102E900001FA07FB0055A8680AF0D8FFB8E7C94354
:102EA0000FF013FEE3E703B0BDE8F08F70220020BF
:102EB000CE990200A4750200B05B0020F6990200D2
:102EC00073B5C568B5F801600121304602F096FA85
:102ED000044640B93E4A3F483346012102B0BDE8AE
:102EE00070400FF0DEBD2B781A2B00F1040619D1CB
:102EF000C378012B50D14FF4804130460FF0D3FD01
:102F000042040FD4D4F88C3000936946D4F894303E
:102F10000193204603F020F9204602B0BDE870403E
:102F200002F03AB92B78BBBBB5F803302A4940F21E
:102F3000E2425343C4F88830B5F80520A4F8902045
:102F4000B5F80720A4F89220A3F5EA520C3A8A4279
:102F500004D9224A1F4802210FF0A3FDB4F8903093
:102F6000B3F5FA7F04D31E4A1A4802210FF099FDE7
:102F7000B4F89230A3F10A0292B240F676418A4246
:102F800004D9184A134802210FF08BFD6FF48051C9
:102F900030460FF09AFD17E0BFF35B8F6368BFF315
:102FA0005B8FDB04F2D52B78202BEFD194F898308F
:102FB000002BEBD0013B84F898304FF420320023F3
:102FC00004F140000BF07EF9204602F01FFCA3E75D
:102FD0001A970200A475020095F03C00299A02009D
:102FE000509A0200779A0200B0B53C2800AF044620
:102FF0001AD101F0BDFA6FF4807110300FF065FD49
:103000000020FFF72BFC054630B9124A1248012177
:103010000FF045FDBD46B0BD0473002102F00CF970
:10302000284602F0B9F8F5E76D468AB06A460B4BC0
:10303000CDE905300A4B079340F20133ADF820305B
:10304000084B42F8103F04484FF412510FF03AFD7C
:10305000AD46DFE7A39A0200A4750200C49A0200FD
:103060000E91020004000001094BBFF35B8F1A6848
:10307000BFF35B8F02F00B02BFF35B8F53E8001FBF
:1030800043E800200028F9D1BFF35B8F704700BFF1
:103090001422002010B5C1E900239DF808300B72FE
:1030A0000C46FFF7F7F8034B0C2202FB00335C6081
:1030B00010BD00BFB05B0020F8B502460B461048BB
:1030C0000FF025FB0446C0B104210C300FF074FB57
:1030D0002046FFF7DFF80B4D0C2707FB00500026BA
:1030E00046802046FFF7D6F807FB00508660204652
:1030F000FFF7D0F807FB00556E602046F8BD00BF13
:1031000084280020B05B002029289ABF014B185C5E
:103110000920704716B8020070B5C368B3F80160A3
:103120001D780F21304602F069F9044638B91A4A71
:103130001A4833460121BDE870400FF0B2BC65B1BA
:103140002846FFF7E1FF29460246204602F01CFC14
:103150002046BDE8704002F01FB88378012B07D1EC
:1031600006F04AFC20460FF070FC002808BF052539
:103170002846FFF7C9FF29460246204602F004FC14
:10318000002DE5D0064A054801210FF088FC0521F5
:1031900020460FF04EFFDBE7F4960200A475020014
:1031A000E09A02002DE9F041C668B6F80170357862
:1031B0000F21384602F022F9044638B9204A214846
:1031C0003B460121BDE8F0410FF06BBC65B12846DC
:1031D000FFF79AFF29460246204602F0D5FB20461B
:1031E000BDE8F04101F0D8BFF278C37A934205D12F
:1031F000154A144802210FF054FCF0E78378C2729C
:10320000012B08D10AB106F0F7FB20460FF01DFC98
:10321000002808BF05252846FFF776FF2946024605
:10322000204602F0B1FB002DD9D0084A0548012103
:103230000FF035FC052120460FF0FBFECFE700BF65
:10324000F4960200A4750200069B0200E09A0200B8
:1032500010B592B0044607494822684613F08AFE2A
:10326000112C9BBF12AB03EB8404034854F8480CA9
:1032700012B010BDE4760200359B0200034B0146FC
:10328000D3F84C0182689268104700BF40210020AB
:103290002DE9F04F91B0042100AF4A480FF003FC34
:1032A0006D4688B06A46484B0593484B06934FF4E9
:1032B0000073ADF81C30464C464B42F8103F464870
:1032C000464E4FF4E6510FF0FDFB454BE17907F117
:1032D0002008AD46012998BF1E4640462146FFF70B
:1032E000C7F88AB06A463F4BCDF81C80CDE9053659
:1032F0003D4B08933D4B42F8103F37483C4EDFF8BA
:10330000F4804FF423510FF0DDFBA246AD460125BA
:10331000E3799D420AF1070A3BDB94F87050284696
:10332000FFF796FF6E468CB0B4F87210B4F87630A2
:103330006A46DFF8C4C00993CDE907512F4B4FF41B
:103340000075CDE905C0ADF828504FF4535142F84F
:10335000103F21480FF0B6FBB54694F87160304637
:10336000FFF776FF8AB0B4F874306A462449ADF8A6
:103370002450CDE90763234BCDE9051042F8103FF7
:1033800015484FF433510FF09DFB4437BD46BDE85F
:10339000F08F51463846FFF76BF8E9468AB06A4627
:1033A00040F20133CDE905650797ADF820300A48B2
:1033B00042F8108F4FF413510FF084FB0135CD46C6
:1033C000A6E700BF14220020419B0200539B02008D
:1033D0004021002003000001A47502003D9B020073
:1033E0000E910200579B020000020103040000023C
:1033F000669B020004000001779B020006000001AA
:10340000B59B02000500000100487047F98B0200DF
:103410000149024812F06FBC1825002078460020B0
:1034200070B505460C4639B1CB684A699B1A032B27
:103430000ED86FF0150509E04FF0FF304FF0FF3167
:10344000FFF73AFE044618B96FF06805284670BDCC
:103450002046FEF71FFF174B0C2202FB0033A61875
:10346000032130465D800FF0C9F90580238A033BB4
:103470008370012130460FF0C9F940F635439D4273
:103480000FD12046FFF7FAFE05460028DED00A4A93
:103490000346012109480FF004FB2046FEF79AFF7E
:1034A000D4E70748214612F069FB0025FFF7B0FF7B
:1034B000CCE700BFB05B0020DC9B0200A4750200DB
:1034C0007C2200202DE9F04784B0804600AF914671
:1034D0000C4671B94FF0FF304FF0FF31FFF7ECFDB4
:1034E000044660B96FF0680528461037BD46BDE850
:1034F000F087887AFEF7C6FE3C4B83426FD10122EB
:103500000021384612F053FB2046FEF7C3FEDFF8D9
:10351000E0A00C2303FB00A0876020460FF026F9F3
:1035200001464046FFF77CFF054618B12046FEF7EE
:1035300051FFD9E74FF4A022002338460AF0BAFC25
:10354000064690B14FF4F1732A4A2B492B480EF0EE
:10355000C9FB2B48324641460EF0C4FB85F3118867
:10356000BFF36F8F0323184602DF2046FEF792FE5B
:103570000C2358431AF800605EB36D468AB06A4661
:10358000204B0796CDE905381F4B089340F20243C4
:10359000ADF824301D4B42F8103F1D484FF4325116
:1035A0000FF090FA2046AD46093EFEF713FF092EB4
:1035B0000CD8DFE806F0050B0B08170B0B0B0B14F0
:1035C0006FF06E0590E76FF00C058DE76FF0040566
:1035D0008AE7B9F1000FA9D0C9F8004084E76FF07D
:1035E000150581E76FF00B057EE700BF84280020FA
:1035F000B05B002075980200FE9B0200C29802009A
:10360000079C02004C9C02000E9102000500000184
:10361000A475020073B506460D4601AA002142F2C8
:103620002F00FFF74FFF044638B1154A1548012116
:103630000FF035FA204602B070BD0198C368B3F8A8
:1036400001203280B3F803302B80FEF7C3FE3388AD
:10365000A3F11B02E02A04D90B4A0A4802210FF009
:1036600020FA2B88A3F5A47292B244F248118A4240
:10367000E0D9064A034802210FF013FADAE700BF47
:103680006B9C0200A47502008B9C0200B09C02009F
:103690002DE9F04F8DB0604BB0F80190198849F4D6
:1036A000704291424FF0000608BF1E80054608BFD9
:1036B0005A4B00AF08BF1E7800F0A8FCEB78012B36
:1036C00008BF574B05F1040A50460CBF93F86F40F2
:1036D00000240FF05AF907F10808514680B340461C
:1036E0000FF048F9D5F81130C7F80130B5F81530AA
:1036F000A7F805304FF0010BEB78012B37D007F11D
:10370000100451462046FEF7B3FE6D4688B06A4667
:10371000444B4548CDE905344FF40073ADF81C30F7
:10372000424B42F8103F4FF4E2510FF0CBF9132116
:10373000AD4648460FF03DFA3437BD46BDE8F08F40
:1037400020460FF088FB03460068B8609A889B7992
:103750006868A8F8042088F80630BAF804209AF8B7
:10376000063095F804B03860BA80BB71C4E74046B3
:10377000FFF774F804460028C1D00346B5F80120CD
:1037800023F8702BB86898F80620B8F80410206762
:103790009A719980B5F8173040F2E2425343C4F869
:1037A0008830B5F81930A4F89030B5F81B30A4F87B
:1037B0009230EB78E3700022012B22731AD187F844
:1037C00000B0BA88BB793868A4F87B2084F87D30D3
:1037D000C4F8770000F0CCFE237A1149C3EBC30391
:1037E0005A18CB58C4F87E309388A4F88230937965
:1037F00084F884300721204601F01EFD26B126738F
:103800000121204601F018FD204601F059FE204616
:1038100001F0C2FC90E700BF8863002059640020DB
:1038200040210020D39C0200A47502000300000187
:1038300000B5C368187889B020B109B05DF804EB11
:10384000FFF7D2BBB3F80120ADF80120DA788DF88C
:1038500000008DF80320B3F80B20ADF81720B3F863
:103860000D20ADF81920B3F80F20ADF81B205A7CBD
:103870008DF81D20586801901A899B7A8DF80A30BE
:10388000094BADF8082068461A689B88CDF80B20D4
:10389000ADF80F30CDF81120ADF81530FFF7F8FE78
:1038A00009B05DF804FB00BFCFB7020010B5FAF70E
:1038B000C7F9034B1B6813B1BDE81040184710BD92
:1038C000D45B002073B52A4D0646D5F84C0112F0A2
:1038D0002BF848B9274A284801210FF0E0F86FF08B
:1038E0001204204602B070BD6FF0020105F1D40051
:1038F0000FF0EBF801210FF0D6F810EA010434D1F3
:103900001E4B1E600A4605F5907012F050F905F541
:103910009E7012F02BF91A4812F018FA194918483B
:1039200000946FF007034FF4C0620AF061FC16497F
:10393000134812F06EFAD5F84C01144983681B68DD
:103940009847044630B1124A034601210A480FF055
:10395000A8F8C6E726B902B0BDE87040FAF770B91A
:1039600005F1C4000AF03EFCBBE76FF07704B8E74E
:1039700040210020509E0200A4750200D45B00206C
:103980001847002080770020689E0200812A0100ED
:10399000719E0200F0B5C5682F88BCB287B00121C6
:1039A000204601F02BFD064640B9284A2848234608
:1039B000012107B0BDE8F0400FF073B802ACD5F8B4
:1039C0000220D5F8063001946989009110F01BFDA2
:1039D00048B34FF0FF304FF0FF31FFF76DFB054666
:1039E00048B91C4A1A4801210FF059F8304601F035
:1039F000D3FB07B0F0BD12210C300EF0E8FE0346F9
:103A0000224623F8027B144603CC596006A98C4257
:103A10001860224603F10803F5D1294642F21A0044
:103A2000FFF7FEFCE2E74FF0FF304FF0FF31FFF70A
:103A300043FB04460028D4D002210C300EF0C7FE10
:103A40002146078042F21B00EAE700BF1A970200F6
:103A5000A47502008D9E020073B5C368D9789A7868
:103A60001E8842EA0122ADF8002059791A7942EA0B
:103A70000122ADF80220D9799A7942EA0122ADF803
:103A800004201A7A5B7AB4B242EA03230121204669
:103A9000ADF8063001F0B2FC054658B91D481E4A83
:103AA000012123460EF0FDFF022120460FF0DFF832
:103AB00002B070BD694601F0FBFE38B91E212046F8
:103AC0000FF0D5F8284601F067FBF1E74FF0FF3023
:103AD0004FF0FF31FFF7F0FA04460028F2D00E2134
:103AE0000C300EF074FE00230680C0F80A30BDF8DA
:103AF00000304380BDF802308380BDF80430C380BD
:103B0000BDF806300381214642F22000FFF788FC11
:103B1000D8E700BFA47502001A97020038B5042147
:103B200004460C300EF083FE034640885D7818B1E1
:103B300019782246FFF72AF935B104480AF086F9C8
:103B4000BDE83840FFF764BC38BD00BF60220020EC
:103B5000B0B50321044600AF0C300EF068FEE268F9
:103B60000346B0F80100117840F63542904216D174
:103B70006C468AB06A46104B1048CDE90531104BAF
:103B8000079340F20133ADF820300E4B42F8103F5E
:103B90004FF412510EF096FFA546BD46B0BD1D78FC
:103BA00010B12246FFF7F2F8002DF6D006480AF0D1
:103BB0004DF9FFF72DFCF0E7A49E0200A47502006A
:103BC0000E910200040000016022002038B50AF0C6
:103BD000EDFD2F4DD5F83C31002B56D000220023AF
:103BE00005F590700AF066F900284ED100220023F6
:103BF00005F59E700AF0F8F8044668B9254A26498A
:103C0000264840F6AA430EF06DF884F31188BFF3FE
:103C10006F8F0323184602DFD5F830315BB1204A9D
:103C2000204801210EF03BFFD5F83001FEF7D2FB12
:103C30000023C5F8303120460EF098FDC5F830015C
:103C40002046FFF71BFB0346C8B1174A1548012160
:103C50000EF027FF15480AF0F9F82046FEF71AFB88
:103C6000134B0C2202FB0033588818B122461F2147
:103C7000FFF78CF82046FEF7ADFBFFF7C9FBFFF717
:103C8000C7FBBDE838400AF0A5BD01F029FCF8E704
:103C90004021002075980200C0960200C2980200E0
:103CA000DC9E0200A4750200DC9B02006022002062
:103CB000B05B0020F8B50A4DEF7906460024E3B268
:103CC0009F4202D86FF0010007E0294630460EF00F
:103CD000EAFF0735631C08B12046F8BD1C46EEE735
:103CE0004021002037B504460D4671B112492846DF
:103CF0000EF0D9FF48B91148C4EBC404294620444A
:103D00000EF0DBFF002003B030BD68460EF024FE4D
:103D10000028F8D16846FFF7CDFF0028F5DA074BF9
:103D2000C4EBC400184469460EF0C7FF002DE9D06B
:103D300001462846E4E700BFC2B702004021002048
:103D400070B51A4E06223146054613F030F938B3E5
:103D50004FF0FF304FF0FF31FFF7AEF9044608B3E4
:103D6000062229460C300EF038FD2146002242F290
:103D70000500FFF7A7FB044648B110F10D0F04D171
:103D80000B4A0C4802210EF096FF204670BD3346C8
:103D90002A6843F86929AA88B280012283F868203A
:103DA0000024F2E76FF06804EFE700BFA9210020CC
:103DB0001CA00200AC750200084BBFF35B8F53E8F8
:103DC00000CF4CF4806C43E800C2002AF7D1BFF367
:103DD0005B8F037A19430172704700BF14220020E1
:103DE000F7B5002104460222084601F075FE06469A
:103DF00048B120460121FFF7DFFF304603B0BDE8A0
:103E0000F04001F0C9B93B4D01463B4800F0AAFB28
:103E100095F813317BB130460EF099FF58B1374A0F
:103E2000022137480EF047FF3648002103B0BDE8B5
:103E3000F04000F097BB95F8132195F812319A42A3
:103E400018D1314A2E4802210EF035FF00221146CA
:103E500042F22900FFF736FB10B12C4A0121E0E7BE
:103E600095F81331013385F81331237A43F00403B5
:103E70002372D9E72246671C12F82E0B39460EF042
:103E800029FF064610B1224A01210EE095F81331B0
:103E9000013385F81331237A43F00403237295F834
:103EA000A7305B0708D41B4A022115480EF003FF18
:103EB00001200EF04CFFB7E7394668460EF0FDFED4
:103EC00001234FF0FF304FF0FF318DF80730FFF73F
:103ED000F3F8044660B1082269460C300EF07DFC10
:103EE0003246214642F24E00FFF7ECFA0028DFD0BE
:103EF000094AC9E7402100201F2E02002BA0020022
:103F0000AC750200812D020050A0020081A00200C9
:103F1000A1A00200C1A00200EBA0020000212DE937
:103F2000F04102220446084601F0D6FD054640B1A4
:103F300020460221FFF740FF2846BDE8F04101F08E
:103F40002BB901462A4800F00DFB28460EF0FFFE73
:103F5000284D064688B1284A0346012127480EF01D
:103F6000B2FA95F8133113B101200EF0F0FEBDE85E
:103F7000F0412348002100F0F5BA95F8133195F887
:103F800012219A420CD2013B85F81331237A1D4944
:103F900023F0040302462372022005F017FEE0E737
:103FA0004FF0FF304FF0FF31FFF786F804F10108C2
:103FB000074668B107210C300EF009FC41460EF0AF
:103FC0007CFE3246394642F22800FFF77BFA28B1E0
:103FD0000D4A0A4801210EF06EFEC2E795F8133132
:103FE000013B85F81331237A23F004032372B8E7E9
:103FF0001F2E02004021002006A10200AC75020025
:10400000812D0200392D020033A102000A4BBFF3BB
:104010005B8F53E8002F22F4806143E800100028F2
:10402000F7D1BFF35B8F530504D50449002202206A
:1040300005F0CCBD704700BF14220020B52E020051
:104040001FB50023CDE9023301908DF80C1001AAB1
:104050000349022005F0BAFD029805B05DF804FBA3
:10406000F52D020010B4034670B10A4991F81241CF
:1040700091F813210CB1944208D2013281F8132136
:104080001A7A42F004021A7210BC704710BCFFF793
:10409000A7BE00BF4021002010B4034698B10B4CCE
:1040A00094F8121194F8132129B101318A4203DCEA
:1040B00010BCFFF733BF12B1013A84F813211A7A0A
:1040C00022F004021A7210BC704700BF4021002089
:1040D00038B50D460649CC7938B12B689C4228BFCB
:1040E0001C46C4EBC40212F045FF2C6038BD00BF73
:1040F0004021002070B5044611BB20B325490EF0C5
:10410000D2FD00BB2046FFF7D5FD00283BDA23781F
:1041100053B92148C279002A35D121460EF0CDFD90
:104120000123C371104670BD012B04D1A37903F0A4
:10413000C003C02B07D0194A194801210EF0BBFD5E
:104140006FF01500EFE7144DEB79012B1ED005F150
:10415000D4000EF0B9FDC30707D4002CF0D00D49F0
:1041600020460EF0A0FD0028EAD1EE792146731C0E
:104170003046EB71FFF7B6FD08B93046D3E7EB796F
:10418000013BEB71CFE76FF07700CCE76FF00B00EE
:10419000C9E700BFC2B702004021002058A10200B9
:1041A000AC7502002DE9F341044640B91A4A1B4898
:1041B00002210EF080FD002002B0BDE8F08101AACE
:1041C000002141F20900FFF77DF9054608B1144AC4
:1041D000EDE7019E1349D6F80C8008F1010706228D
:1041E000384612F0E4FE28B10F490622384612F094
:1041F000DEFE18B93046FEF7EDF8DCE7D8F80130FE
:10420000C4F80130BB88A4F8053030462570FEF7AD
:10421000E1F80120D0E700BF86A10200AC750200E2
:104220009FA10200CFB70200C9B7020007B56846D8
:10423000FFF7B8FF044BD87118B169460020FFF7AB
:1042400051FD03B05DF804FB402100202DE9F04151
:10425000304EF17988B0002954D196F8C24014F05C
:10426000010411D12C4A2D4802210EF024FD002416
:10427000F471162500240127F379E0B283422BD88C
:10428000002B3FD000203AE06A464FF60940FFF786
:1042900019F908B1224AE6E7DDF800C0DCF80C5055
:1042A00095F80180B8F1000F0ED0AB1C02AA1235B0
:1042B00018685968174603C70833AB423A46F7D126
:1042C000186838609B88BB806046FEF783F8B8F1B9
:1042D000000FCDD1134AC6E708AB05FB0033694692
:1042E00053F8182C33F8143CCDF80120ADF8053004
:1042F0008DF80070FFF7F6FC01340028BCD008B040
:10430000BDE8F0810021084608B0BDE8F041FFF7A4
:10431000F1BE00BF40210020BDA10200AC7502002B
:10432000E9A1020009A202002DE9F0411D460E4656
:104330001746034648B145B10A0311D54C0708D5C5
:10434000284A294801210EF0B6FC6FF01500BDE89F
:10435000F0810EF094FD0028F9D101232B70F6E7CF
:10436000B107047824D021492FB1B20603D591F8C2
:10437000D820500632D5C4EBC40411F80480B8F13B
:10438000010F09D10134214418460EF070FD0028B8
:10439000DDD185F8008002E0B8F1000FF9D02FB12F
:1043A000B30642BF2B7843F002032B700020CEE708
:1043B000720710D50D49C4EBC4040F5D012F07D15E
:1043C000013421440EF053FD0028C0D12F70E7E7DF
:1043D000002FE5D1FAE70EF052FDBEE76FF0850041
:1043E000B5E700BF32A20200AC75020040210020F8
:1043F00038B5104DEB7913B10024204638BDFFF7D6
:1044000015FF044628B10C4A0C4801210EF053FC5C
:10441000F3E7EB79002BEFD1FFF718FF04460028F4
:10442000F1D1681CFFF78CFC04460028E5D0044A53
:10443000EAE700BF4021002051A20200AC75020053
:1044400070A202002DE9F74F884601904FF0FF312E
:104450004FF0FF30FEF730FE044600284ED02021FA
:104460000C300EF0B4F9002120220646002712F08D
:104470008FFDD8F8005006F1010B3946D8F804300A
:104480009F4208D3019831700022214603B0BDE855
:10449000F04FFFF717B86A7895F800C0881C13181A
:1044A0001F2B5FFA80F915D9BCF1090FC9F11F0262
:1044B00001D1002A0CDC134A134801210DF0FAFF48
:1044C0002046FDF787FF6FF0150003B0BDE8F08FC1
:1044D0004FF0080C5FFA82FA0AF1010E0BF801E0C6
:1044E0000131C9B258440BF801C0D144696812F0D7
:1044F00041FD01375FFA89F10835BFE76FF06800C9
:10450000E3E700BF93A2020064750200F7B5CDE9AE
:104510000001694642F208009DF8207016461D46CB
:10452000FFF790FF044668B97FB9BFF35B8F0C4B70
:1045300053E8001F41F0040143E80012002AF7D1BC
:10454000BFF35B8F204603B0F0BD694642F209001D
:10455000CDE90065FFF776FF0028E6D00446F1E7D5
:104560006821002003460148184700BF5821002059
:1045700000487047582100202DE9F04FD0F81090E6
:1045800089B0B9F100040546A248029118BF012480
:1045900003930EF09FFC4607924640F19A816E68A5
:1045A00070050CD56FF01504029B002240F201103B
:1045B000924540F09781204609B0BDE8F08FD5F8CC
:1045C0001080B8F1000F01D0B107EBD0924F2878DE
:1045D000FB798342E6D9C0EBC000904907223844FA
:1045E00012F0E5FC0028DDD0B20706D197F8703054
:1045F000082B02D8AB689F2BD4D916F0300F7ED091
:10460000B8F1000FCED0F3067CD406F46036B6F5D0
:10461000603FC7D028460EF049FC80460028C1D034
:104620007F487F4E0EF056FC10F4807F40F054819E
:1046300006F1AC000EF04EFC10F4806F06F1AC0BEE
:1046400001D0FFF7E3FC6A680023CDE90533CDF81C
:104650001B30AB68ADF8103012F4004FEB68ADF8CA
:10466000123014BF06230723D00348BF03F005030D
:10467000910348BF03F0FB038DF81D30BFF35B8F40
:104680005BE8003F23F480734BE80032002AF7D147
:10469000BFF35B8F2B783B7687F86F3022466968D3
:1046A00060480DF11503FFF73FFE044600287FF434
:1046B0007BAF5D4BB9F1000F31D02A6911684BF81F
:1046C000B31C9188998092799A716B689A0728D067
:1046D000B9F1000F2CD013F0100F0CBF01230423ED
:1046E0008DF814302B691A68CDF816209A88ADF829
:1046F0001A209B798DF81C304FF000081BE0B8F1B0
:10470000000F82D1D5E902239A423FF64BAF1F2A10
:104710007FF648AFB3F5804F7FF677AF42E73F4A69
:10472000CCE79B0502D4039B002B3CD0022300E086
:104730004B468DF814304FF0FF304FF0FF31FEF74D
:10474000BBFC0446002800F0CA800F2204A90C30EC
:104750000EF043F82146002242F20600FEF7B2FEB8
:10476000044600287FF420AFB9F1000F1FD068681D
:1047700010F0030027D107462A4801210EF0B0FBB4
:104780000446002858D0294A294801210DF092FEFC
:10479000002F3FF409AF3846002100F04DFD3846A8
:1047A00000F0FAFC00E703238DF81430A4E7129B15
:1047B000039A0298CDF800805146FFF7A7FE044601
:1047C0000028D4D0F0E63C7E1449174887F86F40A3
:1047D000072212F0ECFB60B91649204601F0FCF804
:1047E000074610B96FF00B04DEE6052100F024FD4A
:1047F000C2E70D49204601F035F900287FF4D2AE1A
:10480000387E094901F0E8F807460028EAD0062179
:10481000ECE700BF1422002040210020C2B70200B4
:10482000682100205821002061210020ACA2020054
:1048300064750200BBB7020017B1384600F0ACFC4B
:104840006B68BFF35B8F9F0728D056E8003F43F4A7
:10485000007346E80032002AF7D1BFF35B8FBFF345
:104860005B8FB8F1000F22D056E8003F43F480631D
:1048700046E80032002AF7D1BFF35B8F6B68BFF3C5
:104880005B8F58071CD556E8003F43F4805346E839
:104890000032002AF7D1BFF35B8F85E656E8003F70
:1048A00023F4007346E80032002AD6D0F6E756E833
:1048B000003F23F4806346E80032002ADCD0F6E7AC
:1048C00056E8003F23F4805346E80032002AE2D045
:1048D000F6E76FF00A0467E66FF0770464E66FF0BE
:1048E000680461E61988814204D1596811B10978D8
:1048F000C90702D4013208335AE60549054811F0C8
:104900002BFA4FF470220023024809F00FFD52E603
:10491000954901007021002010B518480EF008FBE1
:1049200017480EF0D7FA0346DA05C0F3002023D566
:1049300013480EF0CFFA830515D512491248072205
:1049400012F035FB11490346087E93B91049052240
:1049500001F0C2F8044630B10021017300F06CFC94
:10496000204600F019FCBDE81040044800210EF07C
:10497000B7BA06222131EBE710BD00BF5821002055
:1049800068210020C2B702006121002040210020E0
:10499000BBB7020010B5FFF7BFFF034630B1044AB2
:1049A0000448BDE8104002210DF08DBD10BD00BFD0
:1049B000C7A202006475020070B59AB018220021E7
:1049C00003A812F0E5FA47F21213ADF808304FF4DD
:1049D0008073ADF80A303B4B44F20102694602A8ED
:1049E000CDE904230BF0B8F8034638B3364A37480C
:1049F00001210DF068FD1F25354BBFF35B8F53E898
:104A0000001F21F0010143E80012002AF7D1BFF393
:104A10005B8F304E09F0CAFE346804B1043C002DAF
:104A20002D4D18BF0025002C45D023680BB128461A
:104A300098476468002C3ED0043CF6E701AB009830
:104A4000412209A911F07FFD034608B1234ACEE7B0
:104A5000234A0DF125030DF1650153F8040B42F8CB
:104A6000040B8B42F9D101AB1E490098202211F0B2
:104A700015FD034608B11C4AB9E700980AF062FF29
:104A8000054610B1194A0346B1E7154912480EF020
:104A900052FA174820310EF04EFABFF35B8F154BD8
:104AA00053E8001F41F0100143E80012002AF7D13B
:104AB000BFF35B8FA0E70023C6E9003309F08AFE4D
:104AC0001AB070BD00000209EDA202009475020048
:104AD000D85B0020E05B0020BA6400200BA302003A
:104AE0007A6400205A6400202EA3020052A3020020
:104AF000DA6400201422002030B5A7B0182200216B
:104B000007A812F045FA04233D22002116A81593A8
:104B100012F03EFA47F21213ADF818304FF48073DA
:104B2000ADF81A302B4B2C4944F20102CDE9082391
:104B300006A804AB20220AF043FF034600B3274A2D
:104B4000274801210DF0BFFC6FF0040409F02EFE90
:104B5000244B1D6885B100201860234BBFF35B8F89
:104B600053E8001F21F0020143E80012002AF7D1A8
:104B7000BFF35B8F44B3A84709F02CFE27B030BDCC
:104B80001A4B0DF1550203F14000194653F8044B3E
:104B900042F8044B8342F9D105AB02932023CDE9BF
:104BA00000130C480499412315AA11F09BFD0346FC
:104BB00008B10F4AC4E704980AF0C4FE044600286E
:104BC000C4D00C4A0346BBE70DA808490EF0B3F960
:104BD0000DA8D0E7000002095A64002072A3020069
:104BE00094750200DC5B0020D85B00207A64002012
:104BF000A8A30200C4A3020008B50449402212F091
:104C0000D6F9B0FA80F0400908BD00BF40B80200F4
:104C100010B59AB004461822002103A812F0B8F982
:104C200044F21213ADF808304FF48073ADF80A3037
:104C3000154B4FF48042CDE90423214604230DF1A6
:104C400025008DF824300EF076F904F120010DF1E5
:104C500045000EF070F901AB412209A902A80AF043
:104C6000AFFE044602A811F089FD2CB901980AF0A4
:104C700069FE01201AB010BD0448054A23460121EF
:104C80000DF021FC0020F5E70000020994750200F8
:104C9000E1A3020010B500283FD0234A136823B1D6
:104CA000043B98423CD05B68F9E7204BBFF35B8F35
:104CB0001968BFF35B8F890707D51D481D4A02217C
:104CC0000DF0F8FB6FF00F0010BD14684460011D7B
:104CD0005068116000B95160BFF35B8F53E8002F3B
:104CE00042F0010143E800100028F7D1BFF35B8FC9
:104CF000D30701D50020E7E70F4BBFF35B8F53E8E5
:104D0000001F21F0100143E80012002AF7D1BFF381
:104D10005B8F0A48FDF73CFCECE76FF01500D3E72A
:104D20006FF07700D0E700BFE05B0020D85B002089
:104D30009475020005A402001422002048250020DA
:104D4000054BBFF35B8F1B68BFF35B8F13F0100F36
:104D5000024808BF0020704714220020BA640020D7
:104D600070B505461E4803688B4232D0BFF35B8F97
:104D70001C4B1B68BFF35B8FDA062DD5036813B19C
:104D80006FF00F0070BD184ABFF35B8F1368BFF35D
:104D90005B8FDB07F4D4BFF35B8F52E8003F43F037
:104DA000020442E80046002EF7D1BFF35B8F13F0F8
:104DB0000204E5D101600D4829460EF0BCF80C480C
:104DC00005F120010EF0B7F80A48FDF7E1FB204697
:104DD000D8E76FF07700D5E76FF07C00D2E700BF2F
:104DE000DC5B002014220020D85B00207A640020C5
:104DF0009A6400203825002070B50C4B1C680546CD
:104E000044B154F81C3C1C3C13B1297B28469847FC
:104E1000E469F5E7064C074EB44200D370BD236841
:104E200013B1297B284698472034F5E71C5C002005
:104E3000047502002475020010B50446FDF72AFA35
:104E4000044901EB001120460DF0E0FDBDE81040E3
:104E5000FEF7DEBAE85B002070B5D1E9015600220A
:104E60000446C1E90122064810F088FE3DB13146F2
:104E700020462B466FF06D02BDE87040184770BDAC
:104E8000E427002013B504464FF4806104300EF08F
:104E900078F840053FD4BFF35B8F6368BFF35B8F47
:104EA000D90326D5E37823B91C4A1D4802210EF008
:104EB00066F8637B072B2ED11A4B93F8D8309B06EC
:104EC00029D50DF048FE30B30DF1060101A8FEF71B
:104ED000A1FB00BBBDF80620BDF8041020460DF074
:104EE000A7FE0346B8B1104A0D4801210EF047F85D
:104EF00011E00C4B93F8D8301A07D3D520460DF0AB
:104F00007CFE034620B1094A054801210EF037F81E
:104F1000637B072BC6D002B010BD00BF54A40200B3
:104F20007C750200402100206DA4020033A4020021
:104F300070B505460F480022002308F0BBFFB8B942
:104F40000D4B1C6834B154F8143C1C3C03B1984719
:104F5000E469F7E7094C0A4EB44204D32846BDE899
:104F6000704009F03FB9A36803B198472034F3E7D4
:104F700070BD00BFD42700201C5C00200475020017
:104F8000247502002DE9F041044640270025EFF387
:104F9000118287F31288BFF36F8FE16929B1206A0C
:104FA0000B68E361814208BF236282F31188BFF37B
:104FB0006F8F71B1D1E901680748C1E9015510F05F
:104FC000DDFD1EB1002241462046B047FEF720FA23
:104FD000DDE7BDE8F08100BFE42700200448B0F819
:104FE000FC30002B00F5807008BF0020704700BF28
:104FF0004021002030B50446FCF758FF0D4A0D460D
:105000000D490858D2F88010884289B005D1204651
:1050100009B0BDE83040FFF7B5BF24342146104643
:1050200010F069FE1DB16946204610F074FE09B00B
:1050300030BD00BF805700200800000038B50022B6
:1050400004468A4202D10024204638BD04F1C80338
:105050000120BFF35B8F53E8005F002D04D143E8CC
:10506000000CBCF1000FF6D1BFF35B8F02D0D0343F
:105070000244E6E7002CE6D0C8220021204611F0C9
:1050800087FF04F14000044910F066FE034904F173
:10509000240010F014FED7E73D5C0100AD2F0200A4
:1050A000F7B516460D4601210446FFF7A3FF012E72
:1050B00023D0022E52D123693BB13148314A01211C
:1050C0000DF0F8F920460DF08FFF256121690B8A5C
:1050D000012B53D9CA681288043292B293424DD33D
:1050E00043D9274800920121274A0DF0F6F92046BE
:1050F00003B0BDE8F0400DF077BF206940B9234A06
:105100001F4831460DF0D6F920460DF06DFF01E045
:105110002A8A2AB9284603B0BDE8F040FDF75AB9FB
:10512000018A438A47695B1AC168C91B5B1A9A42A4
:105130000CD9174A124831460DF0BCF921690022FA
:10514000204600F0DDFF00232361E3E7E9680C302F
:105150000DF043FB2846FDF73DF9B7E70D4A084837
:10516000334601210DF00BFFCEE70023012220463C
:10517000236103B0BDE8F04000F0C2BF03B0F0BD52
:105180007C75020089A4020009A50200A6A4020001
:10519000C4A40200EBA4020008B500F1C803BFF3E9
:1051A0005B8F53E8002F013A43E800210029F8D132
:1051B000BFF35B8FAAB90B4B984212D303F1D00215
:1051C00090420ED2C01AD023B0FBF3F203FB1200C0
:1051D00038B9054808F03AFEBDE80840034809F030
:1051E00001B808BDB8470020D4270020682500205A
:1051F00010B504460DF001FF09F0D8FA0C4BD3F8B6
:10520000143104F1BC0143B90A480DF09EFE09F0C7
:10521000E1FABDE81040FEF7FBB8994201D01B68E7
:10522000F1E709F0D7FA2046FFF7B6FFF1E700BF34
:105230004021002054220020F8B5467B8E4200AF6A
:1052400004460D461BD1082E96BF534B534B53F8C3
:1052500026306C4688B06A465149CDE905134FF4B3
:105260000073ADF81C304F4B42F8103F4E480023FE
:105270004FF4E451FBF748FDA546BD46F8BD417328
:105280000EB90DF0BAFE637B082B00F2818001A2FB
:1052900052F823F0E1520100375301007B52010024
:1052A0007B5201007B5201007B5201007B520100C6
:1052B000B95201007B5201000023C4E90D33E378A9
:1052C000012BDAD1A378012B04BF032384F8983093
:1052D0004FF42032002304F1400008F0F3FFCCE744
:1052E000082ECAD8DFE806F02005171C1C1C172062
:1052F000200004F14005284610F03AFD0121204627
:10530000FFF778FE20460DF06FFE002200232846AE
:1053100009F00CF8B1E7237B13B12046FFF76CFDD1
:105320002046FFF739FFA8E7204A2B461E480221F6
:105330000DF025FEA1E7237B3E2B0FD16D4688B0F3
:105340006A461B4BCDE90534032342F8103F16484B
:1053500000234FF4C451FBF7D7FCAD46154D05F5BE
:105360008076616911B9FEF753F886E7A2690B6888
:105370006361914208BFA3612046FFF76DFDB5F858
:10538000FC30002B14BF3046002008F05FFDE8E73A
:10539000094A2B46CAE700BF207E020024A502006E
:1053A0002EA50200030000017C7502003FA502004B
:1053B00056A50200402100207DA50200F8B5074651
:1053C00009480D4616460DF018FE044650B1837884
:1053D0001F4203D1BDE8F840FFF7DEBE3146A847C3
:1053E0002046F7E7F8BD00BFB84700200249002279
:1053F0000120FFF7E3BF00BFA12F020070B50546F3
:105400000E480E460DF0F9FD0446A0B1437B012B7A
:1054100002D0073B012B0CD82388AB4208D1A378DC
:105420001E4209D1064A07482B4602210DF0A7FD6E
:105430002046FFF7B1FE0024204670BDB84700208B
:1054400099A502007C750200034BC01A034B0011A2
:105450005843C0B2704700BFB8470020C54EECC4E7
:1054600070B51C46144305460E460DD00F49FCF797
:105470001DFDD1F880400E4909588C4206D10D4AD5
:105480000D4802210DF016F8002213460B49002D9D
:1054900014BF284608460DF03AF9044618B1711DAC
:1054A0000C300DF089F9204670BD00BF80570020F8
:1054B00008000000B0A502007C750200F42700205F
:1054C00010B50446054808F08DFE204600F05EFD4C
:1054D0002046BDE81040FFF78FBC00BF58250020D4
:1054E0002DE9F04F87B000AF0023FB607B61BF4B1D
:1054F0005A8A3AB1BE4DD5F814413CB91C37BD4665
:10550000BDE8F08F1B68002BF4D1F7E754F8BC39E5
:1055100003B1BC3BB749002601E01C461346B5F871
:10552000FC20002A00F05F81D5F808214AB904F177
:10553000BC06002BE2D0D3F8BC20002AEDD0BC3A48
:10554000EBE70A68002AF2D0D4F8A820002AEED0AF
:10555000D4F8AC20002AEAD0D4F8B020002AE6D053
:10556000637B072B6CD120469047002868D0BFF39F
:105570005B8FD4F8C030BFF35B8F022B60DC20461A
:105580000DF03BFD04460028B8D0637B072B40F0AC
:105590002781D4F8A830B5F8FC1007F11002204696
:1055A00098478146002800F00E81B5F8FC203B6941
:1055B0009A4208D30146D4F8AC6007F1140307F10E
:1055C0000C022046B0477B693B60B9F81030D7F831
:1055D0000C80002B00F0FE804846D7F810A00DF09C
:1055E0002BFA7860002840F0F880B5F8FC30DFF83E
:1055F00008B2002B14BF584600200022002308F0F8
:1056000059FC78B97B480022002308F0EDFB0646E0
:1056100000283BD1B5F8FC30002B18BF5E46304661
:1056200008F014FC6FF00B054846FCF7D3FEB8F108
:10563000000F00F0B38039682A462046C047ADE02D
:10564000D4F8BC3004F1BC02C6B9D5F81811C5F8BD
:1056500014318A4201D1C5F818310023C4F8BC3096
:105660002046D4F8B030984700288ED0637B072BB3
:1056700040F0B6802046FFF7BBFD86E73360D5F8E3
:1056800018319A4208BFC5F81861E6E73B68C0F8D0
:1056900004808360B5F8FCB05448DA454FF000024E
:1056A0004FF000034FF0000198BF1FFA8AFBFCF790
:1056B00013FE804650B1FCF7EDFD504B5A4603EB0C
:1056C0000013494640460DF07CF98046B5F8FC30A1
:1056D00094F8C4909A4584BF01237B607B6884F86A
:1056E000C4309CBF09F102095FFA89F904F1C00ACC
:1056F000BFF35B8F5AE8003F01334AE80032002ACB
:10570000F8D1BFF35B8F04F1140B314658460DF00E
:105710001CFCA378012B5AD108F10C030421184674
:105720007B600DF06BF822887B6809F0FD0942EA86
:1057300009320280B8F81020043A4280022118464B
:105740000DF064F84046FDF799FD8146002847D0EA
:10575000BFF35B8F5AE8003F013B4AE80032002A62
:10576000F8D1BFF35B8F314658460DF022FC244A36
:1057700024484B4601210DF002FC4046FCF72AFE6E
:1057800020463146FFF768FBB5F8FC301A48002B7D
:1057900008BF002008F05AFB6FF004056E4688B081
:1057A000194A0794CDE905256A46042342F8103FBB
:1057B00014484FF401510023FBF7A6FA1321B54614
:1057C00020460DF036FC2046FFF7E6FC96E66FF02B
:1057D0001509BDE76FF0790526E76FF0040523E7AB
:1057E000FDF716FEEFE79368FFDE00BF602800209C
:1057F00040210020E427002040220020E85B002018
:10580000DC9B02007C750200D9A502002DE9F04165
:1058100040F2E243D0F88860B6FBF3F60446B6B235
:10582000031DBFF35B8F4268BFF35B8F920417D5F4
:10583000B0F88C20B24213D8B0F88E20B2420FD309
:10584000D0E9241291420BD1BFF35B8F53E8001FC4
:1058500021F4005143E80012002AF7D1BFF35B8F17
:10586000104B1D6865B155F80C7C1C3D37B1B4F880
:105870009230B4F8902031462046B847ED69F1E700
:10588000094DDFF82880454501D3BDE8F0812F6937
:1058900037B1B4F89230B4F8902031462046B8477A
:1058A0002035F0E71C5C002004750200247502001E
:1058B0002DE9F041074608460D460DF04EF9064623
:1058C00018B900263046BDE8F081144B1C6884B13D
:1058D00054F8103C1C3C0BB9E469F8E729463846FB
:1058E00098470028EDD028460DF037F90028F3D16D
:1058F000E7E70B4CDFF82C804445E3D2E3680BB9B3
:105900002034F9E72946384698470028D9D0284658
:105910000DF023F90028F3D1D3E700BF1C5C002071
:1059200004750200247502002DE9F041C378044695
:105930008BB900F17E06114B1D687DB11C3D04F151
:1059400070076B691BB13A46314620469847ED69AE
:1059500025B11C3DF5E700F17706ECE7084D094F4E
:1059600004F17008BD4201D3BDE8F0816B691BB141
:1059700042463146204698472035F3E71C5C00201C
:105980000475020024750200F8B5437A8372054657
:1059900016460DF096FC0D4B1C684CB154F8043CB7
:1059A0001C3C1BB1697A324628469847E469F4E703
:1059B000074C084FBC4200D3F8BDA3691BB1697AFC
:1059C0003246284698472034F4E700BF1C5C00208C
:1059D000047502002475020038B505460C460F48D0
:1059E0000121FFF72BFBC0B1057223680367A38871
:1059F000A0F87430A37980F8763001234372837263
:105A00008370074BC0F8A830064BC0F8AC30064B8B
:105A1000C0F8B030054BC0F88C3038BDB847002016
:105A2000895E01006B2F02005F2F02001800280022
:105A300070B505460A480E460DF0DFFA044620B15F
:105A40008378012B04D0FFF7A7FB0024204670BD0C
:105A5000324629460DF05FFB0028F7D12046F2E7D9
:105A6000B8470020F0B589B000AF0D46FFF7E0FF62
:105A7000044610B329463846FCF7FAFC637B082B32
:105A800096BF0F4A0F4B52F823306D468AB06A46D4
:105A90000D49CDE907730D4B09930D4BCDE9051465
:105AA00042F8103F0B4800234FF44251FBF72CF90A
:105AB0002046AD46FFF770FB01202437BD46F0BD00
:105AC000207E020024A50200FCA5020001030204BE
:105AD000050000027C750200F8B505460E480E462A
:105AE00017460DF08AFA044620B18378012B03D0C3
:105AF000FFF752FB00240DE036B1324629460DF087
:105B00000AFB08B92046F3E7637BBB42FAD1237A4C
:105B1000AB42F7D12046F8BDB847002070B58B786E
:105B2000012B92B006460C4642D191F8703007AD79
:105B3000032B37D8DFE803F0023032341E49284601
:105B4000F7F70FFF059594F87130049394F87230CD
:105B5000039394F87330029394F87430019394F89B
:105B60007530009394F87630144A1E210AA80BF081
:105B700051F90AAB324610AD1C4603CCAC42106062
:105B80005160234602F10802F6D120681060A38814
:105B90009380304612B070BD0949D0E70949CEE77D
:105BA0000949CCE7094A0A2128460BF033F9C9E72D
:105BB00000238DF82830DCE7908A0200B28A0200C8
:105BC000978A02009E8A0200A88A0200678C02005F
:105BD00038B5044608460D460CF0BFFF48B3164BD7
:105BE00093F8D830990707D4E37883B12946204643
:105BF000BDE8384000F0B0BA94F899309A07F3D570
:105C0000BFF35B8F6368BFF35B8F5B04ECD4294603
:105C100020460DF0A6FA58B92B88A4F88C306B8872
:105C2000A4F88E30AB88A4F89430EB88A4F89630B2
:105C300038BD6FF01500FBE740210020F7B510F8E4
:105C4000333C0446A0F140060BBB30460DF0DCFAB5
:105C5000354B1D684DB155F8183C1C3D1BB114F86F
:105C6000341C30469847ED69F4E7304D304FBD4263
:105C700005D3304603B0BDE8F040FFF78DBA6B683E
:105C80001BB114F8341C304698472035EFE710F864
:105C90003E3C012B46D1BFF35B8FA0F13C0555E89C
:105CA000003F23F4005245E800210029F7D1BFF35B
:105CB0005B8F990423D5E36C00936946636D019370
:105CC0003046FFF785FF034698B9BFF35B8F55E871
:105CD000003F23F4805345E80032002AF7D1BFF398
:105CE0005B8F4FF40061284603B0BDE8F0400DF033
:105CF00048B9104A104802210DF041F9F1E70F4A66
:105D00004FF4281369463046CDE90023FFF760FFC2
:105D1000034628B94FF4805128460DF032F9E0E7E8
:105D2000074AE7E703B0F0BD1C5C002004750200E1
:105D30002475020035A602007C75020018002800B8
:105D40005AA6020010B50E480FF010FF0D490C487E
:105D50000FF014FF0C490A480FF010FF0B490848D8
:105D60000FF00CFF0DF0A2FE02F06AFC044628B909
:105D700003F0F0FE044608B90DF007FB204610BD05
:105D8000E4270020F85B0020045C0020105C002069
:105D90000346024A024801210CF095BB0DA7020000
:105DA000BC75020080B500AF88B06A46074BCDE9EC
:105DB0000530032342F8103F054800234FF4C25139
:105DC000FAF7A2FF6FF00B00BD4680BD35A70200B9
:105DD000BC75020008B5064A136823B9054850602F
:105DE0000A60184608BDFFF7DDFF6FF00B00F9E70A
:105DF000305C00206C7E020070B5044652EA03005D
:105E000008D0FCF753F8074D074ED5F880503058AE
:105E1000854201D10022134620460431BDE870407E
:105E2000FFF71EBB805700200800000073B5054631
:105E300018462B680BB35B7B072B1ED1002A0E7A0A
:105E40000CBF012302239E4209DD0D4A0D48009636
:105E500001210CF042FB6FF0150002B070BDCB7A4F
:105E6000072BF8D9C8618A6105F130000FF086FE72
:105E700028460DF0A0F90020EFE76FF07F00ECE777
:105E80005CA70200BC7502002DE9F84FD0F8B440C1
:105E900000AF8846914644B1403C236B63B920680B
:105EA000B4300DF0A7F9246CF5E7FDF7B1FA002640
:105EB0003046BD46BDE8F88F04F1300A50460FF079
:105EC00072FE05460028F0D00CF0B6FD80B16C469D
:105ED00088B06A462A4BCDE90535032342F8103FC6
:105EE000284800234FF4C251FAF70EFFA546DEE71B
:105EF00028460CF03BFC656C06469DB9A38C058AD0
:105F0000403B9BB23F2B03D8238D9D4228BF1D46AB
:105F1000042106F10C000CF071FC0580A38C438079
:105F200004356564454520D8B6F810B0AB4506D1B8
:105F300000220023504607F057FFFCF74BFAA38CD2
:105F4000A3F140023F2A07D8AB4514BF00220E4AF6
:105F5000B26118BF1346F3612068B4300DF04AF9FE
:105F6000236B13B120460DF026F9636CC9F800309D
:105F7000984534BFA3EB08010021616498E700BF96
:105F80007CA70200BC7502003B330200F7B5284D28
:105F9000284F04460026BD4201D303B0F0BD298836
:105FA00020460DF0C0F96B68019001A92046984782
:105FB000002838DB019B2A889A829A8403F1100218
:105FC000BFF35B8F52E8001F42E800600028F9D160
:105FD000BFF35B8F1E645E649E60A16B03F10802D9
:105FE00019BBC4E90D221C60DE6003F130000FF024
:105FF000BDFD019843681B6803B19847019BBFF33F
:106000005B8F103353E8001F41F0010143E8001299
:10601000002AF7D1BFF35B8F01984368DB6913B1A6
:1060200000F1100198470835B5E70A60A263DAE786
:10603000EC7402000475020073B50D460646042197
:1060400005F10C000CF0F3FB2B8A42889A420446BF
:1060500007D000921C4A1D4801210CF03EFA02B004
:1060600070BD43783BB91A4A1848012102B0BDE817
:1060700070400CF01FBA0378012BF0D0132B06D11F
:10608000022AECD0022300931346124AE3E7124A95
:106090000E4802210CF017FA6178356802220120BF
:1060A0000DF027F904460028D9D002210C300CF05D
:1060B0008EFB0023037043702146284602B0BDE8E2
:1060C00070400DF047B900BF94A70200BC750200F4
:1060D000B5A70200D6A7020001A8020008B50B8AE6
:1060E000032B06D8044A054801210CF0E3F90020EF
:1060F00008BDFFF7A1FFFAE729A80200BC7502005E
:1061000038B50B8A032B05460C4609D80F4A1048B0
:1061100001210CF0CFF92046BDE83840FCF75AB910
:10612000042104F10C000CF082FB418828460DF09C
:1061300022F930B9074A06480B4602210CF0C3F990
:10614000E9E7436821465B699847E4E747A802000E
:10615000BC75020064A8020070B5144A13780133BC
:106160000C4613F0FF010CBF01230B4613700646CB
:1061700008BF1946082212200DF0BBF8054688B169
:1061800008210C300CF023FB2288028062884280B8
:10619000A2888280E288C28029463046BDE87040ED
:1061A0000DF0D8B86FF00B0070BD00BFFA6400208E
:1061B00023281FD81A2804D8431E182B0ED90620CE
:1061C0007047A0F11B03082B1ED8DFE803F0051D64
:1061D0001B231D19251D0500032070470F4A0123AD
:1061E00083401A40C2B90E4A1A40002A0CBF06204A
:1061F0000120704700F07F03522B05D1002070472B
:10620000012070470520704710F0400F14BF002098
:10621000062070470420704702207047AAAA8A020D
:10622000545545012DE9F74F064608460C46FCF744
:1062300031F82E4F18234343FA180546916801910F
:10624000E168BFF35B8FF06CBFF35B8FC0070AD4CC
:10625000274A284801210DF0BBF86FF01509484680
:1062600003B0BDE8F08FE068007810710022FA50AA
:106270000B78D22B0FD13368214618680EF030F915
:10628000814640B11C4A1B4801210DF0A1F820466F
:10629000FCF7A0F8E3E7182303FB0573D4F80C80A0
:1062A000D4F814B0B4F810A09E6000231A4621461A
:1062B000301DFFF7BBFD81460028D0D010F1690FDB
:1062C00004D10E4A0B4801210DF082F86269019B4E
:1062D000A4F810A0A8EB0B0812FA88F2E2601822CA
:1062E00055437A1947F805909360B8E7805C002021
:1062F000A0A802006C750200BAA80200CDA8020096
:1063000008B5EFF31181402383F31288BFF36F8F39
:10631000002303600F4B5A68C2B9C3E9000081F340
:106320001188BFF36F8F0C4807F05CFF031E0CDA77
:106330000A4A0B4801210CF0C6F8002383F31188A8
:10634000BFF36F8F0323184602DF08BD106058604B
:10635000E5E700BF785C0020AC250020F0A8020033
:106360006C750200011F01480FF02FBB7827002039
:10637000024A034801210DF02BB800BF19A9020001
:106380006C75020010B500F148030446BFF35B8F43
:1063900053E8001F41F0010143E80012002AF7D141
:1063A000BFF35B8F201F0DF0E7F804F16400044990
:1063B0000FF0D2FC2068BDE8104002F0C3B800BF67
:1063C0006176010073B50E46438D418B8B4202F11D
:1063D000010228BF0B469A42054609D91E48009281
:1063E00002211E4A0CF079F80024204602B070BD4C
:1063F0003046FFF7DDFE6FF01403034113F0010395
:1064000010D0FBF753FD164B1958164BD3F88030BC
:1064100099421ED0144B1B685A1A18BF4FF0FF3216
:10642000134601E04FF4702210480021FFF7E4FC0E
:1064300004460028D9D0FBF72DFF0D4B182202FB94
:106440000033012104F10C009D600CF0C0F90670CE
:10645000CBE70022E4E700BF6C75020036A902001A
:106460000800000080570020C85C00201828002089
:10647000805C0020F0B51E4603680D46003987B0E9
:10648000044618BF0121186817460DF012FE38B9EE
:1064900004F14C000DF0D8F8002848D1122014E087
:1064A000002E46D018220021684610F071FD77B109
:1064B000002213212046FFF785FF019038B91E48BE
:1064C0001E4A01210CF084FF112007B0F0BD2368A3
:1064D0001B4A1B680093BDF83030ADF812300D9B9D
:1064E0000393BDF83830ADF8103001238DF8143027
:1064F00031466B4630468DF808500DF081F89DF816
:1065000014307BB14FB10198FBF764FF9DF8143054
:106510003246294620460DF0A6F8182D07D19DF8E1
:106520001400D2E7019911B120460CF0BBFF002006
:10653000CBE70120C9E700BF6C7502005BA9020030
:1065400033340200F7B5144605460E464FF49572F3
:10655000014620680DF03BFD207430B920682946C3
:106560000DF0EFFD20B908232374002003B0F0BD27
:106570006B8A5B0612D501230193E3890093AF6810
:10658000A389A26820682946B84738B110F1FF0FE7
:1065900026BF4042C0B20E202074E6E70A4800221F
:1065A00000230CF0B4F8606008B90923DCE7068327
:1065B000E38943836068A289A1680C300CF00DF96F
:1065C000002323740120D1E7CC2800202DE9F341DA
:1065D0000B8A04460D4643B9294A2A4801210CF08A
:1065E000F7FE002002B0BDE8F0810768012105F147
:1065F0000C000CF01CF97B7B072B0646F1D154F8FC
:10660000043C002BEDD003781F4F043C002217F808
:10661000320098424FEAC20807EBC20114D12A8A1D
:106620004878904226D91748009301211346174A0B
:106630000BF053FF04234744BA78012AD1D1002B31
:10664000CFD03178002211E001320E2ADFD1104A7A
:106650000C4802210BF037FF31780846FFF7A8FD00
:106660002122C24012F00102BBD1062320460CF0C9
:10667000FAFFB6E74B682046294698470346DAE713
:1066800074A902006C750200947E0200A9A90200A0
:106690008FA90200F8B54FF4702207460023114875
:1066A0000D460CF034F8044638B90F4A0F482B4613
:1066B00001210BF008FF2046F8BD00F10C0609216E
:1066C00030460CF079F82046FBF7E4FD084B182221
:1066D00002FB0033012130469F600CF078F8057012
:1066E000E9E700BF182800200DA702006C75020022
:1066F000805C00202DE9F04FCB68524F1B7887B0AB
:106700000646049300253068C36973B9002D40F034
:106710008E8019213046FFF7BDFF0146002800F0AA
:106720008E8030460CF0BEFE81E01C300CF008F884
:106730004FF00003B0F818A0028AC168BB8004467D
:10674000BB6840483B600CF048F8D6F80080D8F8A9
:106750001C5035B1638BD5F8009005934FF0000BBA
:10676000D5B9049B012B68D1BB8802933B68019388
:10677000638B00930022534618213046FFF77AFEC0
:10678000054628B10346228B182130460CF06BFFDA
:106790002046FBF71FFEB6E72A8B524532D16A8BA3
:1067A000002ADED0B988059B581882422ED12A8A49
:1067B000F888114481423EDCE96838460CF00DF857
:1067C0002A68BBF1000F14D1D8F82010C8F81C209B
:1067D0008D4201D1C8F8202000232B602846FBF70A
:1067E000F9FDB9F1000F0FD0D9F800204D469146C0
:1067F000B6E7CBF80020D8F82020954208BFC8F8AB
:1068000020B0E9E7AB46ECE74A46EFE7072520462C
:10681000FBF7E0FD30681C300BF092FF04460028C7
:10682000F5D12B465246182130460CF01CFF0020B3
:1068300007B0BDE8F08F0D25E9E70025A8E70E2099
:10684000F6E700BF782500202DE9F0410E8A043ECE
:10685000F6B2022E04468CB0084601D0102E64D148
:1068600004210C300BF0E3FF0DF108080588478880
:10687000011D324640460CF04FF8002857D0A5B312
:1068800000268FB3AF4230D34FF4205301A94046C6
:106890008DF80460ADF806300CF011F848BB1422F6
:1068A000002107A810F074FB11212046FFF7F2FE2B
:1068B0000990002837D001210C30CDE907480BF0B2
:1068C00086FF00230A90394603701A4A0B93284624
:1068D00007AB0CF095FEDDE909131B78FBB9084600
:1068E000FBF778FD0A2301E03D4601232A461021EB
:1068F0000EE042F6010307A940468DF81C60ADF892
:106900001E300BF0DCFF0028C9D010232A461946A0
:1069100020460CF0A8FE00200CB0BDE8F081204617
:106920000CF0C0FDF7E71120F6E70420F4E70E2095
:10693000F2E700BF696F01002DE9FF4103680446DB
:106940000D46186801210DF0B4FB40B904F14C006C
:106950000CF07AFEA0BB122004B0BDE8F08110223A
:106960000021684610F014FB21212046FFF792FE1B
:10697000029038B3009405F10C074FF001082B8A00
:10698000012B04D8029920460CF08CFD18E0384603
:106990000BF05DFF6B460C4A8DF80C8001460646F5
:1069A0000CF02EFE9DF80C30002BE8D00298FBF77F
:1069B00011FD9DF80C303246202120460CF053FE8C
:1069C0000020C9E71120C7E7BD3802002DE9FF41CB
:1069D000036804460D46186801210DF06AFB40B9B2
:1069E00004F14C000CF030FEA0BB122004B0BDE856
:1069F000F08110220021684610F0CAFA0F212046CB
:106A0000FFF748FE029038B3009405F10C074FF0F1
:106A100001082B8A012B04D8029920460CF042FD74
:106A200018E038460BF013FF6B460C4A8DF80C80CB
:106A3000014606460CF0E4FD9DF80C30002BE8D032
:106A40000298FBF7C7FC9DF80C3032460E21204619
:106A50000CF009FE0020C9E71120C7E74139020008
:106A6000F0B51D46036885B004460E46186801213E
:106A700017460DF01EFB38B904F14C000CF0E4FD94
:106A800050BB122005B0F0BD65B31022002168464E
:106A900010F07EFA39462046FFF7FCFD029018B34D
:106AA000BDF82830ADF8043001238DF80C302946AC
:106AB0006B460E4A009428460CF0A2FD9DF80C305F
:106AC00002995BB10846FBF785FC9DF80C302A461D
:106AD000314620460CF0C7FD0020D3E720460CF0DD
:106AE000E1FCF9E70120CDE71120CBE741390200B5
:106AF0002DE9F0410E8A043EF6B2022E04468CB017
:106B0000084601D0102E76D104210C300BF08FFEF8
:106B10000DF1040805884788011D324640460BF0F8
:106B2000FBFE002869D085B377B3BD422DD86068DD
:106B300001210DF0BEFA064678BB8DF8000042F642
:106B4000020369464046ADF802300BF0B8FE20B3B0
:106B500042F6030306A940468DF81860ADF81A30D6
:106B60000BF0ADFEC8B1012D03D14FF6FF739F426C
:106B700013D004F14C000CF067FD002814BF002076
:106B800012200CB0BDE8F0813D4601232A460821C1
:106B900020460CF068FD0020F3E7182200210DEBE1
:106BA000020010F0F5F909212046FFF773FD089067
:106BB000F8B101210C30CDE906480BF008FE0023A6
:106BC000099003700A238DF82C30394606AB0C4A25
:106BD00028460CF015FD9DF82C3008992BB108467D
:106BE000FBF7F8FB9DF82C30D0E720460CF05AFC60
:106BF000D1E71120C5E70420C3E70E20C1E700BF9D
:106C0000217001002DE9F0430F4687B004460621AC
:106C100007F10C000BF00BFE0588EDB1B0F8028017
:106C2000B8F1000F17D0454516D8002382888DF89B
:106C300000308DF8043001A94FF420536846D7F88E
:106C40000C90ADF80220ADF806300BF038FE064689
:106C500060B10A2301E0454601232A460621204669
:106C60000CF001FD002007B0BDE8F08301461422BE
:106C700001A83F7C10F08CF907212046FFF70AFDA0
:106C80000290D8B10A238DF81530414601AB0C4A69
:106C900001942846CDE903698DF814700CF0B0FC1E
:106CA0009DF8153002992BB10846FBF793FB9DF830
:106CB0001530D2E720460CF0F5FBD3E71120D2E7E0
:106CC0000D6E01007FB5CB681D8804468DB15E88CE
:106CD00076B1B5420DD810220021684610F058F95F
:106CE00005212046FFF7D6FC019058B9112007E096
:106CF000354601232A46042120460CF0B4FC00202E
:106D000004B070BD6B463146084A009428460CF02A
:106D100077FCDDE9011323B90846FBF75BFB0A2387
:106D2000E8E720460CF0BEFBE9E700BFC1340200F3
:106D30002DE9F0470D4686B00446042105F10C000C
:106D40000BF075FD2368B0F80090B0F80280186869
:106D5000EF682E8A01211FFA89FA0DF0AAF940B9CD
:106D600004F14C000CF070FC28BB122006B0BDE80A
:106D7000F087BAF1000F43D01422002101A810F0CF
:106D800007F92368204A1B68019301238DF814300A
:106D9000F6B201AB51465046ADF812800397ADF8FC
:106DA00010600CF02DFC9DF8143033B152461621C2
:106DB00020460CF058FC0020D8E7206802991C30CF
:106DC0000BF0A9FC17212046FFF764FC0290C8B124
:106DD00004210C300BF0FBFCA0F80090A0F802801E
:106DE0000546029831460C300BF0F1FC394632462C
:106DF000281D10F0BFF8029920460CF053FBDAE78B
:106E00000120B3E71120B1E7456501002DE9F0430A
:106E100091B0D2F8008006460F46002542F60103E5
:106E20000068D8F804908DF82C500BA91446ADF8E2
:106E30002E300BF044FD00286DD04FF42053306805
:106E40008DF82C500BA9ADF82E300BF038FD38B171
:106E5000A3681BB15A88BA4200D25F80012010E0BB
:106E6000616808460CF09CFAB8F82A20B8F81A3085
:106E70009A4294BFC0EB0200C0EB0300032803D882
:106E8000002011B0BDE8F08308460BF073FC616888
:106E9000054608460CF084FA6B8A2A8AA3EB020C9A
:106EA0006B69EA68D21AACEB0203B8F82AC0B8F8EA
:106EB0001A20944594BFC0EB0C00C0EB0200834243
:106EC00028BF03466BB9887AFBF7DCF90022002360
:106ED0000BF01DFC05460028D2D0014660680BF07F
:106EE0005AFC00230093D6F804803146102302AAEE
:106EF0004846C047061E0EDB227CE068964227D03B
:106F000001460BA80BF008FD40B9237C134A144836
:106F100002210BF0D8FA0023A3609FE7F2B202A986
:106F200006A80BF0F9FC10B90E4A3346EFE706A9A4
:106F30000BA80BF0C4FC0028EDD1002363740421DE
:106F400005F10C000BF043FCA0600780A36884E708
:106F5000324602A910F02BF8EDE700BFC8A90200E5
:106F60006C750200E7A902002DE9FF4105460E46B7
:106F70004FF000084FF42053006817688DF8088020
:106F800002A91446ADF80A300BF099FCA0B142F604
:106F9000010328688DF80C8003A9ADF80E300BF0C2
:106FA0008EFC48B123691BB15A88B24200D25E8080
:106FB000012004B0BDE8F081616828680BF07FFC17
:106FC00010B100232361F3E7E368A0681A786AB17F
:106FD000B7F81AC0798D038A8C4594BFC3EB0C03B4
:106FE000C3EB0103934201DA0020E2E704210C30F5
:106FF0000BF0EDFB2061068023695E80074B009358
:107000000194A2680023294638460CF0CEFB0028E4
:10701000EADB2069003818BF0120CAE7E135020029
:107020002DE9F34717680546894600685168D7F887
:1070300004A014460BF043FC804600284BD1952257
:10704000294650460CF0C3FF0646207540B1E36860
:107050001B780BB184F81480002002B0BDE8F087E3
:10706000294650460DF06BF810B908232375F3E755
:10707000A06826750BF07EFB02210C300BF0A7FBFD
:10708000164B2061A0F8009000930194A26833464B
:10709000294638460CF089FB002807DA10F1FF0F6B
:1070A00026BF4042C0B20E202075D5E72369002BD1
:1070B000D2D0A0680CF074F97B8D7A8B9A4294BF81
:1070C000C0EB0200C0EB0300E3681B78984294BF5A
:1070D00000200120C1E70120BFE700BFB13302005B
:1070E0002DE9F04182B000AF044688463F480022B7
:1070F0000023394606F088FD0546B0B16D4688B0DC
:107100006A463B4BCDE90534032342F8103F39482A
:1071100000234FF4C251F9F7F7FDAD466FF00B06AF
:1071200030460837BD46BDE8F081FAF7BFFE324B66
:107130001A58324B38681A6029462C220FF028FF63
:107140003B682F481C603C687D60C4E90155C4E978
:10715000095500220023391D06F056FD064688B168
:1071600023686C4688B06A462649CDE90513032397
:1071700042F8103F1F482B464FF4C451F9F7C4FDA5
:10718000A546CBE70146A02278680FF001FF78689A
:107190001D4B836054300EF0E9FC7B68BFF35B8FBE
:1071A0004C3353E8002F43E800610029F9D1BFF3C5
:1071B0005B8F7B681C60636A7D682BB904F10C00EF
:1071C0000EF0D4FCC4E90766626AC5F89820A26A8A
:1071D00005F19803636202B9A3627B6817225A859E
:1071E0005A830433C8F800309AE700BF5C270020B8
:1071F00006AA02006C75020008000000C85C0020AE
:10720000782700202BAA02008425002008B5437BA4
:10721000072B06D00C4A02210C480CF0D9F80020AC
:1072200008BD04210CF0A7F810B9094A0121F3E7C1
:10723000BFF35B8F836CBFF35B8FDB0701D4054A21
:10724000F4E750F8040CEBE750AA02006C7502005A
:107250005EAA0200A0A802002DE9F04F85B000AFA1
:10726000B860EFF31188402383F31288BFF36F8F68
:107270005B4D28460CF08AF82E68044688F3118886
:10728000BFF36F8F00285FD0FBF704F85549182231
:1072900002FB00F3C81851F803A00369FB6000214A
:1072A000D0E9025890F80490B0F806B00FF070FEE4
:1072B000A07AFAF7E7FF6169034659B1627AD0070D
:1072C00006D4DA697B6012682046926890477B6832
:1072D00000226261214618460EF05BFCB9F1000FF6
:1072E0000DD065B12B6853B11B6843B1BAF1000FE3
:1072F0002ED03D4A3D48534601210BF0E4F81EB321
:10730000B96800200EF0F7FC00281DDA6C468AB040
:107310006A46374B0593374BCDE906304FF400737F
:10732000ADF82030344B42F8103F304800234FF482
:107330001151F9F7E9FC0023A54683F31188BFF347
:107340006F8F0323184602DF1437BD46BDE8F08F68
:10735000281D0CF025FB4846FEF72AFF0528CED84D
:1073600001A353F820F000BFB17301008173010045
:10737000FF720100B1730100FF720100817301000F
:10738000BFF35B8FEB6CBFF35B8FDA0705D41B4A4F
:10739000164801210CF01CF8B1E72B6D002BAED084
:1073A0004FF47022002305F1680006F0BFFFA6E746
:1073B0002B68D3F80090BFF35B8FEB6CBFF35B8F50
:1073C000DB07E4D5B8F1000F99D0002403E0F96899
:1073D0004846C0470134A3B29B45F8D88FE700BFA9
:1073E000785C0020805C002079AA02006C750200A5
:1073F00098AA020080B8020004000001A0A80200C0
:10740000F8B50F461646FFF701FFB0B1446A2046B3
:107410001CB150F8984904B1983C731C194638B116
:10742000428B458DAA4228BF2A469A4207D264B9A8
:107430000A4A0B4802210BF046F80020F8BD3246FC
:107440003946BDE8F840FEF7BDBFD4F8985005B105
:10745000983D20460B462C46E2E700BFB3AA020047
:107460006C75020007B50B4602460021FAF71EFDB7
:1074700001910E4909580E480068884204D00D4811
:10748000D0F88000884201D10022134601A90A48A1
:1074900006F0BAFB014638B901981C220FF078FDBE
:1074A000019803B05DF804FB0020FAE70800000033
:1074B000C85C0020805700209427002010B50446A7
:1074C000806818B1FAF786FF0023A36021460248BE
:1074D000BDE810400EF079BA942700202DE9F7435B
:1074E000044668300F4690461E460EF041FC206D63
:1074F00050B9154A154802210BF06AFF204603B027
:10750000BDE8F04300F094B8114B98424FF00003EF
:1075100017D045684360206DD0F81890FFF7CEFF74
:107520000023206823650CF070FA3DB12068CDF887
:107530000090006843463A463146A84703B0BDE88C
:10754000F0831D46ECE700BFCEAA02006C75020076
:10755000CC5C0020F7B550F8044C0546002C63D0F5
:1075600000F1940104F124000CF055F82E1F05F1F0
:10757000500700220023384606F036FC0246B0BB16
:10758000EB6C2BB101466FF067033046FFF7A6FFA7
:10759000002345F8043C05F14803BFF35B8F53E833
:1075A000001F21F0010143E80012002AF7D1BFF3C8
:1075B0005B8F636A002B37D104F11C0630460BF059
:1075C000BFF8B8B904F10C0600220023304606F0DB
:1075D0000BFC90B966689EB91448266021460EF0EF
:1075E000F4F9286803B0BDE8F04001F005B8FAF7F7
:1075F000F1FEBEE7FAF7EEFEE0E7FAF7EBFEE3E7AF
:10760000A26833686360964208BFA36077683FB1A1
:10761000B3690093002320681A466FF06701B847EA
:107620003046FFF74BFFD5E703B0F0BD5C270020E5
:1076300010B504460430FFF78DFF606813210BF08E
:10764000F8FC034630B1044A0448BDE8104001216B
:107650000AF039BF10BD00BFE5AA02006C75020038
:10766000F0B5044689B054F8683D00AF1968384653
:10767000FEF754FA6E4688B06A460B4BCDE90537E3
:107680004FF40073ADF81C30084B42F8103F002354
:107690004FF4E2510648F9F737FB2046B546FFF7AD
:1076A000C7FF2437BD46F0BD03AB02000300000155
:1076B0006C75020070B550F8043C0446061F002BA0
:1076C0003BD039B1C36C002B37D01B7CDA0734D5E3
:1076D00005231CE00568284600F07AFF6B7A012B31
:1076E0002BD0E46C4CB3237CDB0726D5E368002B5E
:1076F000EED06269617C3046FEF764FE054668B9EB
:10770000637C0E4A0E4801210AF0DDFE0E230022A2
:1077100030461146BDE87040FFF7E0BED4E90512DF
:10772000E368984718B12846FAF754FEEEE7294671
:107730003046FEF777FD0028F5D170BD2FAB020073
:107740006C750200F8B51D460F461646FAF7A2FD05
:10775000044C182303FB0040C0E903760123C380D7
:107760000575F8BD805C002008B50EF06FFF38B1DC
:10777000044A0346012104480AF0A5FE6FF0040004
:1077800008BD00BF56AB02009C75020038B5054627
:1077900048B1154B13F8011C1A465C1E0BF0BBFCDC
:1077A00058B1204606E011490F480CF091FA78B123
:1077B0000D4B581E38BD0020FCE7217C04F111025E
:1077C00028460BF0A8FC0028F5D004F11000F1E7E2
:1077D000054B064903F110000CF07AFA0028EAD0B4
:1077E000014B03F10F00E5E7015D0020C2B7020085
:1077F00070B50E4C2378834205460E4603D1601CBB
:107800000CF066FA68B9237BAB420CD108483146CC
:107810000CF05EFA20B10120404200F00C00204440
:1078200070BD0020F8E70020FAE700BF8E6300205B
:107830009B63002070B54A1C0C46054688B90E496A
:1078400010460CF045FAA8B904F10A0604F10B023F
:107850005DB1A17A28460BF05EFC00B900263046E7
:1078600070BD09780BF057FCEDE7034910460CF0AA
:107870002FFAF2E72646F2E7C2B70200024608B541
:10788000084901300CF03BFA002313720C32BFF3AD
:107890005B8F52E8001F42E800300028F9D1BFF3A7
:1078A0005B8F08BDC2B702002DE9F04180460F464C
:1078B00016461D46FFF79CFF044680B91249FFF7A4
:1078C00097FF044630B9114A1148BDE8F041012143
:1078D0000AF0F0BD00F8018B39460CF010FA23894C
:1078E0002BB962892AB926816581BDE8F0819E4263
:1078F00004D36289AA42F8D29E42F5D263892681D6
:10790000AB42F2D2F0E700BFC2B702006CAB02009C
:107910009C7502002DE9F047284B164682689A4272
:1079200007462BD1C568AB8A43B36C1C05F115091A
:107930004FF00008B4F807309BB114F8011C224640
:1079400030460BF0E8FBE0B914F8010C2146FEF7D5
:107950006FF830B1437B072B08BF48F00108FDF7F3
:107960001BFC0A344C45E5D1B8F1000F06D1AB69D8
:10797000A5F8148013B14146384698470120BDE868
:10798000F08706F1700A307A51460BF009F978B9A0
:107990000B4B9D4202D130460CF049FA0949204672
:1079A0000CF0ADF9002304F8013CA4F80730D8E747
:1079B000514620460CF0A3F9D3E700BFC979010076
:1079C000D4250020C2B702002DE9F8431E46BDF8B9
:1079D0002030D1F80C8081460F46002B45D1731E14
:1079E000012B45D8012E41460CBF15781588FFF7AD
:1079F00021FF0446C0B915B93046BDE8F8834146B9
:107A0000FFF718FF044638B91B481C4A02210AF048
:107A100051FD6FF01000F0E709F1700101300CF03A
:107A20006EF999F808302370D8F81C308BB925818D
:107A3000B8F81430AB4203D0414638460CF066F932
:107A4000002DD9D10E49601C0CF059F92570258103
:107A5000D2E72A463946484698470028CDDB013808
:107A60000128E4D96FF00D00C7E76FF00600C4E706
:107A70006FF00C00C1E700BF9C7502008BAB0200E9
:107A8000C2B702002DE9F0419846BDF81830012B2D
:107A90000646174635D84344012B454634DCFFF7EC
:107AA00075FE044668B9FFF771FE044648B9194AE5
:107AB000194802210AF0FEFC6FF010052846BDE8C7
:107AC000F081B8F1000F11D0217A002321FA03F2DE
:107AD000D00703D53A78DA40D20718D50133032B03
:107AE000F4D13B7803F0070319432172601C06F1BF
:107AF00070010CF004F9337A237020460CF0BDF9C4
:107B0000DCE76FF00605D9E76FF00C05D6E76FF0FC
:107B10001205D3E7A5AB02009C75020010B5044620
:107B20001448BFF35B8F50E8003F23F0020340E8A6
:107B30000032002AF7D1BFF35B8FBFF35B8F03687E
:107B4000BFF35B8FDA0704D500220023303806F03C
:107B5000EDFB20460CF020F850B12046FFF716FE52
:107B600030B1037ADB0703D5BDE810400CF085B9CE
:107B700010BD00BF3849002010B5154801210CF098
:107B8000AFF8C30723D4022111480CF0A9F808402C
:107B900007D11049104A0B88104CA24211D300B1F2
:107BA0000B800F490F480EF0D7F80E484FF4A4721F
:107BB0000023FAF7E7FCBDE810400B490B480EF034
:107BC000CBB8506803449BB208320120E5E710BDF2
:107BD000205D0020A6630020247502004C75020081
:107BE000597E010098480020B98101000849002011
:107BF0002DE9F041034648B1008A38B91249DFF84F
:107C00004CE001244FF0140C714501D3BDE8F08124
:107C1000D1E90076BB4204D30CFB0672143A9342BE
:107C20000ED93444A2B208311446EDE70CFB0578B6
:107C3000434507D001356219AE4292B2F6D1F2E760
:107C40000025F8E71046E1E7247502004C750200B4
:107C50002DE9F74FBDF83050009199464FF6FF736C
:107C6000002D08BF1D46244B1B88834207469046C3
:107C70003CD203B0BDE8F08F73682344BB4232D2DC
:107C80009CB208361D4B9E42F6D3F2E78958019309
:107C900040460AF014FE019B90B101340AF1010A3A
:107CA000A4B273685345ECD9009B9C42E1D8BC4216
:107CB000F3D331680BFB0AF28B18B8F1000FE5D152
:107CC000B9F1000F0BD1013DADB218460E9A0D9BD4
:107CD00021469847002DCCD00028DED1C9E7DA68CC
:107CE0009145DAD1EFE74FF0000ADAE7044E0124BC
:107CF0004FF0140BC6E700BFA66300204C750200CE
:107D00002475020030B5E5B01022002101A80FF063
:107D10003FF9182200210DEB02000FF039F94FF462
:107D20001053ADF81430274C8023ADF816304FF4C3
:107D30008063CDE90734102262AB01A905A807F0E2
:107D40003FFE0CAD034630B11F4A204801210AF026
:107D5000BAFB65B030BD01464FF4AC7228460FF057
:107D600017F9D5F85811224628460EF06CFC034648
:107D700008B1174AE9E7174A2B464FF6FF71012071
:107D80000CF0FAF8144905AB102228460EF070FCEE
:107D90000446D5F8580107F0D5FD14B10F4A234623
:107DA000D3E70D4B214603F110020131187812F888
:107DB000014D03F8014B08291070F6D108480BF06B
:107DC0008FFFC6E70002C003D1AB02009C75020022
:107DD000FAAB0200253C02008848002018AC0200E3
:107DE000384900202DE9F0411849BDF818700446C3
:107DF000A1F1300015461E460DF0CDFFBFF35B8F9D
:107E0000134B1B68BFF35B8F190701D4FFF77AFF91
:107E10002046FFF7BBFC044668B1037ADA070AD5AF
:107E20000C30BFF35B8FE368BFF35B8FDB0702D4DB
:107E300002210BF055FF102306933A46314628469F
:107E4000044BBDE8F0410BF085BF00BFC8480020DF
:107E50003849002088480020054BBFF35B8F1B6822
:107E6000BFF35B8F1B0701D4FFF74CBF704700BF08
:107E70003849002007B500230193FFF7B9FE411CE4
:107E800089B20846034A01AB0CF076F8019803B0BA
:107E90005DF804FBE93B02002DE9F04387B0437B2A
:107EA000072B02AF80460C46154640F0A680002303
:107EB0003B73206842F6030307F10C01FB810AF0D3
:107EC000FEFC0646002834D1D4F80490B9F1000F26
:107ED00005D14C4A4C4801210AF0ECFA8DE001230F
:107EE000009007F108022146C847031E11DA6D46CB
:107EF00088B002AA4549D3610423C2E9051442F8B7
:107F0000103F414833464FF40151F8F7FDFEAD46AE
:107F100073E0012B05D03E4A3B4801210AF0D3FA19
:107F20006BE03B7A13F0300F67D02046FFF7A2FFDB
:107F30000446002320683B7307F10C0142F602134C
:107F4000FB810AF0BCFC18B12046FFF793FF044602
:107F5000002642F6021920683E703946A7F80290C2
:107F60000AF0ADFC18BB002320683B7307F10C013D
:107F700042F60213FB810AF0A2FC064600283CD11F
:107F8000D4F80490B9F1000FA3D00090022307F1B8
:107F90000C0221464046C847031EA8DB022BBAD17B
:107FA000BB8905EA0300003818BF012026E02068DD
:107FB0003E7142F60303391DFB800AF080FC002865
:107FC000D1D020683E724FF4205307F108017B8125
:107FD0000AF075FC0028C6D020683E7342F6010303
:107FE00007F10C01FB810AF06AFC0028BBD0204697
:107FF000FFF740FF04460028ADD100201437BD46EE
:10800000BDE8F0832EAC02009C75020042AC020079
:1080100068AC02002DE9F843154689469422696848
:1080200006460BF0D4FF8046002842D16968022240
:108030003046FFF731FF00283ED04FF4702000217A
:10804000AF8AFFF70FFA0237044680B11C4B476135
:108050001D214174C0F80C80436085613A4630466A
:10806000FFF7CEF9074638B92046FFF727FA6FF039
:108070000B052846BDE8F883012342464146FFF739
:1080800061FBA98A07F10C0002310AF0A0FB20F87D
:10809000029BAA8A29690EF06DFFA760214630462F
:1080A0000BF05DFD05460028E3D02046FFF706FAF9
:1080B000DFE74FF0FF35DCE76FF01505D9E700BFCC
:1080C000EF3B020070B504468AB00D46374BBFF354
:1080D0005B8F1B68BFF35B8F5A0761D510B1437B81
:1080E000072B60D16E6805963046FFF781FD2A6840
:1080F000ADF8180032B305A902912D490191012173
:10810000002300914FF6FF710593FFF7A1FD059E37
:108110001EB96FF001000AB070BD6E6000233068B8
:108120008DF8103004A942F60303ADF812300AF0BE
:10813000C6FB70B90598C3689B799B0605D46FF0A0
:108140001500E8E70028E9D1E3E70BF0CEFEADF833
:108150001800BDF818003CB101230146AB752A4652
:108160002046FFF757FFD6E76FF07F030793022300
:10817000ADF8203042F60213ADF8123005ABAC7505
:1081800002930C4B01930123009304AA23464FF65C
:10819000FF7109958DF81040FFF75AFD0798BAE76F
:1081A0006FF00A00B7E76FF07F00B4E714220020F9
:1081B0001D3C02002D84010013B550F8082C0192DB
:1081C0000346A0F1200100F13004BFF35B8F54E8B7
:1081D000002F22F0010244E800200028F7D1BFF36D
:1081E0005B8F0D4A43F81C2C0C4A43F8182C01AA4B
:1081F000002043F8102C042223F8080C23F8060C66
:1082000023F80C2CFFF75EFF18B9022120460BF073
:1082100067FD02B010BD00BF547F02001D7B01004E
:108220002DE9F84F3D4B904682689A4200AF0546D3
:1082300070D1D0F80C90D8F8004009F1010609F18E
:10824000150AB6F80730F3B116F8011C324620467D
:108250000AF061FFB8B14FF49572294620460BF041
:10826000B6FE30B3032812D1EB4688B06A462C4BD9
:10827000CDE9053542F8100F2A4800234FF4C451C8
:10828000F8F742FDDD460A36564543D0D9E70528C2
:1082900020460CBF4FF0030B4FF0020B0AF035FFE6
:1082A000834506D998F804305B45ECD288F804B0D1
:1082B000E9E7494628460BF029FD1B4B994529D192
:1082C000207A04F17001FFF793FA054610B3038991
:1082D0000BB94389F3B12046FDF7B6F8134B2A8951
:1082E00023F8202003EB80036A8911495A80182261
:1082F00002FB00110F4A4A600B610F4A8A60042397
:1083000020468B82FFF7DEFE20B10C4A0548012192
:108310000AF0D0F80120BD46BDE8F88FC979010008
:1083200081AC02009C750200D42500208A630020E5
:10833000E85C0020547F0200833E020095AC0200FE
:1083400070B504468AB00D46354BBFF35B8F1B6892
:10835000BFF35B8F5A075DD510B1437B072B5CD110
:108360006E6805963046FFF743FC2A68ADF81800A2
:1083700032B305A902912B490191012100230091FB
:108380004FF6FF710593FFF763FC059E1EB96FF072
:1083900001000AB070BD6E60002330688DF81030A7
:1083A00004A942F60303ADF812300AF088FA70B956
:1083B0000598C3689B79DB0605D46FF01500E8E7E4
:1083C0000028E9D1E3E70BF090FDADF81800BDF807
:1083D00018002CB101462A4620460BF033FED8E7A0
:1083E00042F60212ADF8122005AA6FF07F03029246
:1083F0000D4A07930123CDE90032ADF8203004AADD
:1084000023464FF6FF7109958DF81040FFF720FCC9
:108410000798BEE76FF00A00BBE76FF07F00B8E790
:10842000142200201D3C02002D8401002DE9F84F8C
:10843000404B144682689A4280463AD1D0F80C905C
:108440003D4B99451DD13D4D00263D4928460BF039
:108450003FFC78B915F8010C07222946FDF73CFBD3
:1084600050BB236915F8010C1A69294653881288F4
:10847000FFF71AFA731C022B05F10C054FF00106E9
:10848000E3D109F1010709F1150AB7F80720A3891B
:108490009A420BD117F8010C3946FDF7C9FA064686
:1084A00020B1437B072B0AD0FCF776FE0A375745ED
:1084B000EBD14FF0010B2AE0FCF76EFEDAE7D9F8BA
:1084C000203023B14146984708B93046ECE7942262
:1084D000414630460BF07BFD83460028F5D1A38949
:1084E000022B17D1B7F807309A0720D52269A18847
:1084F0003046FFF78FFD054618B92269937D013399
:1085000093753046FCF748FE002DA560CEDA58463C
:10851000BDE8F88F012B0AD1B7F80730DB0706D585
:108520002269A18830460BF08DFD0546E9E75D46DE
:10853000E7E700BFC9790100D42500208F63002040
:10854000C2B7020013B50F4A00904FF6FF71044600
:108550006B4601208DF804000BF00EFD20460AF05A
:10856000D4FD9DF80410884209D220460AF098FDF7
:10857000034620B1044A0548022109F0A4FF02B0D5
:1085800010BD00BF21820100B2AC02009C75020048
:108590002DE9F0410D4B1B6806460F46904623B16E
:1085A00053F8044904B1043C0BB9BDE8F0811B68E1
:1085B0001BB142463946304698472CB1656805B133
:1085C000043D23462C46EFE72546FAE7245D0020CC
:1085D00013B5084A009004466B4601204FF6FF7120
:1085E0008DF804000BF0C8FC002120460BF061FD63
:1085F00002B010BD2182010070B503460F4A044647
:108600004FF6FF7101200BF0B7FC2046FFF7BEF8D4
:10861000054688B104F17006207A31460AF0C0FAA6
:1086200020B92846BDE87040FFF728B93146681CDC
:10863000BDE870400BF063BB70BD00BF1579010051
:108640007FB54FF42052ADF8162004AA02920B4ACF
:1086500000230120CDE900324FF6FF7105AA0493F3
:108660008DF81430FFF7F4FA049B012B14BF6FF060
:108670001500002007B05DF804FB00BF4741020071
:1086800008B501460448044B0BF076FD043B002876
:1086900014BF1846002008BD4449002010B50C4AFC
:1086A00011680C4ABFF35B8F00F5B47353E8004FB9
:1086B000944204D143E8001CBCF1000FF6D1BFF393
:1086C0005B8FBFF35B8FD0F86801BFF35B8F10BD8A
:1086D0002C5C00204049002008B5FFF7DFFFB8B14F
:1086E000036843B1426832B1826812B90B4A12780A
:1086F0003AB904200BE0094A127812B10BB1826832
:1087000042B9426842B9002B14BF0020032008BDC3
:108710000320FCE70120FAE70220F8E7FB640020D1
:1087200008B5034A034801210BF024FD002008BDD1
:10873000E6AC0200DC750200024A034802210BF09D
:1087400019BD00BF01AD0200DC75020038B5002381
:1087500004461A46EC300D46FDF768FB58B1693007
:1087600004D1074A074801210BF004FD2846BDE863
:108770003840F9F72FBE2046BDE838400BF058BD11
:10878000CDA80200DC75020038B5051D044608219D
:1087900028460BF056FD084904F15700FCF7E0FAB3
:1087A00048B1082128460BF025FD0448044A012160
:1087B0000BF0E0FC082038BDE7440200DC75020045
:1087C0001AAD020038B5EC22054600210EF0E0FBA0
:1087D000102105F1270003F0EBFC044648B9052100
:1087E00028460BF02EFDFCF7ABFA034B1860204631
:1087F00038BD0824FBE700BF2C5D002070B50E4695
:1088000086B00446FFF74AFFF36804F137020546D5
:10881000114603F1100053F8046B41F8046B8342D6
:10882000F9D1237A052B00F29580DFE803F01723B6
:108830002303936A02AB4B490093096804F12703B1
:1088400004F1570001F0A8FA58BB0A21201D0BF0D3
:10885000F8FCAB680299D4F8EC00984720460D214B
:108860000BF0EFFC201D10210BF0EBFC20460BF071
:108870001BFD17E094F8DC10D4F8D83002ADCB40E3
:108880003849009503F00103096843F0800304F1BF
:1088900057000BF0DCFE38B1334A344801210BF0AD
:1088A00069FC082006B070BD1022294604F11700AB
:1088B0000EF07DFB08B10420F4E7032120460BF005
:1088C000C0FC0BF0F1FC0028EBD194F8DC30013354
:1088D000DBB2142B84F8DC3009D10D2120460BF0DB
:1088E000B0FC1021201D0BF0ACFC0020DAE71021B9
:1088F00004F1270003F05CFC003818BF0120C00021
:10890000D0E7102104F1270003F052FC0028C8D161
:1089100035B3EB6823B3164BE27A1B88ADF8083009
:10892000A37C12F0010F08BF0320DB0703D500284A
:1089300014BF012002200023C4E938338DF8090058
:108940000C21201D0BF07DFCEB68D4F8EC0002A993
:108950009847CAE7074A054801210BF05AFCA0E7EF
:1089600002209FE72C5D002033AD0200DC75020081
:10897000187902004CAD02002DE9F04790B0044692
:108980000CAD1022002128460EF002FB237A052BA5
:1089900034D8DFE803F0060303063323D4F8D830D5
:1089A0000C93D4F8EC3004F1470204F1C707CDE989
:1089B000017204F1370803F17E0204F127090092E5
:1089C00077334A46414604F1970001F07DF9F0B152
:1089D000454A464801210BF0CDFB14E0D4F8E430C1
:1089E000002BDED02E4603F1100718685968324676
:1089F00003C20833BB421646F7D1D2E73C4A3B4894
:108A000001210BF006FC082010B0BDE8F087D4F877
:108A1000EC3003F177027E3308AE019304F11103C9
:108A20000292009303962B464246494638460BF085
:108A300033FE08B12F4ACCE7237A052B0ED1D4F8A8
:108A4000E01011B30B46AC4601F1100E18685968DE
:108A5000624603C2083373459446F7D1D4F8EC302C
:108A600003F17E0277330DF1100A019304F10A033A
:108A700002920093CDF80CA02B464A464146384658
:108A80000BF00AFE30B11C4AA3E7102228460EF074
:108A90007FFAE3E71022514604F1B7000EF087FA9F
:108AA000F8B90D2120460BF0E0FB07460028AAD0BC
:108AB00010210C3009F08BFE32460346164603CED9
:108AC000AE4218605960324603F10803F6D13946C8
:108AD0002046FFF73BFE201D01210BF0B2FB0020DA
:108AE00092E70B2090E700BF68AD0200DC75020042
:108AF0004CAD02007DAD0200A0AD020073B5047A5A
:108B0000022C054623D844B190F8DC30D0F8D84088
:108B1000DC4004F0010444F08004032128460BF0FB
:108B2000A4FB0646D8B110210C3009F050FE00908D
:108B300012482346006805F1270205F157010BF0A2
:108B400086FD044680B13046F9F744FC07E0032C6B
:108B500008D00B4A0B48234601210BF05AFB082092
:108B600002B070BD0024D8E731462846FFF7EEFD7D
:108B7000281D21460BF03EFB2046F1E72C5D00202E
:108B80004CAD0200DC75020070B5061DCD680446D0
:108B90000B2130460BF02EFB2B4604F1170205F19A
:108BA000100153F8040B42F8040B8B42F9D1237ADD
:108BB000012B09D0022B13D1204604210BF041FBDD
:108BC000BDE87040FFF79ABF0A2130460BF0D4FA97
:108BD0000028F1D0304600210BF033FB002070BD9F
:108BE0000348044A01210BF014FB0820F7E700BFFB
:108BF000DC7502004CAD0200F7B50446FFF74EFDF0
:108C0000261D05460E2130460BF0B6FA78B94E4BBC
:108C10002022196804F157000EF0C9F938B94B4AFF
:108C20004B4802210BF0A6FA082003B0F0BD0C213E
:108C300020460BF01AFB07460028F5D040210C30E7
:108C400009F0C5FD404B1B680246014603F12000B8
:108C500053F804CB41F804CB8342F9D1203203F11D
:108C6000200153F8040B42F8040B8B42F9D139462A
:108C70002046FFF76BFD237A052B5DD8DFE803F074
:108C800003491A035C59042120460BF0DAFAFFF776
:108C900035FF0028C8D1304607210BF0D2FA082052
:108CA000FFF7EEFC00284DD1204603B0BDE8F040B0
:108CB000FFF76ABD2046D4F8EC70FFF7EFFC042103
:108CC00005464FF0FF330DEB0100019303F070FAFE
:108CD0000028A9D1019B1F4AB3FBF2F102FB11331B
:108CE0000193C4F8D83084F8DC0055B12B6843B147
:108CF0000B2130460BF0A5FA2B68D4F8D810384673
:108D00009847032120460BF09CFA0E210BF099FAAC
:108D1000C1E7204603210BF094FA0E210BF091FAE3
:108D200030460A210BF08DFA6B68D4F8EC009847B6
:108D3000B1E704212046E9E7074A054801210BF085
:108D400068FA71E7002070E72C5D0020C4AD0200D6
:108D5000DC75020040420F004CAD020070B50E46BB
:108D60000546FFF79BFCF36805F15704224603F123
:108D7000200153F8040B42F8040B8B42F9D105F1A2
:108D8000770203F1200153F8040B42F8040B8B42E5
:108D9000F9D12046FBF730FFF0B11D4A1D480321F1
:108DA0000BF0E8F9281D0E210BF04BFAD5F8EC403A
:108DB000D4F8A40038B9207A04F1700100F0D8FE8C
:108DC000C4F8A40098B1438A03F024037BB1437C28
:108DD0009B070CD4032070BD2046FBF719FF30B968
:108DE0000C480D4A02210BF0C5F90B20F3E70B4BA1
:108DF0001C682CB9281D06210BF023FA2046EAE74F
:108E00002846FFF7F9FE003818BF0120C000E2E74E
:108E1000DFAD0200DC75020000AE02002C5D002018
:108E200038B512490446A0F1EC054C300CF094FF23
:108E300028460BF0A1FABFF35B8F0D4A04F17C03C7
:108E400053E8001F43E800200028F9D1BFF35B8FEF
:108E5000BFF35B8F80344FF0FF3354E8002F44E8BA
:108E600000310029F9D1BFF35B8F38BDB199010002
:108E70004049002080B500AF88B06A46074BCDE975
:108E80000530032342F8103F054800234FF4C25138
:108E9000F7F73AFF6FF00B00BD4680BD1CAE020035
:108EA000DC75020008B5084AD2F8EC3033B907483F
:108EB000C2F8F000EC320A60184608BDFFF7DAFF8E
:108EC0006FF00B00F9E700BF40490020CC7F0200A3
:108ED0002DE9F04188B0064600AF0B4604300D2165
:108EE0000BF04AF990B3DD68D6F8EC3003F1700866
:108EF000197A424602200BF070FB0446E0B9414665
:108F00003846F9F7B5FA6E4688B06A46124BCDE995
:108F100005374FF40073ADF81C30104B42F8103F8A
:108F20000F4823464FF4E251F7F7EEFE0820B5460E
:108F30002037BD46BDE8F0812B462E3405F11002E6
:108F400053F8041B44F8041B9342F9D1304609211D
:108F50000BF077F90020EBE741AE020003000001BF
:108F6000DC75020038B5174B1B78054623B301F0BA
:108F70000F042846FFF7B0FB134A03280CBF04F088
:108F80000B0444F0040405F5B6731278BFF35B8F4D
:108F900053E8001F013103D143E800200028F7D136
:108FA000BFF35B8FBFF35B8FD5F86C31BFF35B8F83
:108FB0002BB144F0010038BD01F00704D9E704F0FB
:108FC000FE00F8E7FB64002008270020F8B50D46F6
:108FD000D0F8EC700446FFF761FBED68EB78102BDE
:108FE00001D00620F8BDD7F8A430002B73D0261D81
:108FF0000F2130460BF0C0F820B92046FFF7E2FB06
:10900000002871D1012363722B68C4F80A30AB8841
:10901000E38102232374A9782046FFF7A3FFE074BD
:109020002046FFF759FB1023607423752B7903F05A
:10903000030363756B7903F00103A375E37C1A07DF
:1090400054D4052130460BF097F800285CD0574BDC
:109050001B78A374E37C980606D5AB78990603D5F4
:10906000142130460BF0EDF8E37CDA074ED5AB78EF
:10907000DB074BD50D2130460BF0E3F8A37D84F8D8
:10908000E830637D84F8E930032130460BF0D9F8ED
:10909000237BE17C2D7803EA0102100704D5E27AF4
:1090A000A07C0243D20735D4042D35D80B4313F0EE
:1090B000040307D02046FFF70FFB3D4B05EB85056A
:1090C0002B441B5C2372D7F8A41020460BF05DF8EC
:1090D00020BB032086E7387A07F1700100F048FDD5
:1090E000C7F8A400002882D108207BE7AB781B07D3
:1090F000A7D5052130460BF0A4F8637D03F00203E9
:1091000063750023A3759CE72A4BA1E700236375D1
:10911000A375B3E70523D5E70023D3E7D4F8EC30F4
:109120009B7A032B33D022D8013B012BDCD80521BD
:1091300030460BF021F80028CBD00C2120460BF054
:1091400080F802210BF091F805460028CCD00621CA
:109150000C3009F03CFBD4F811300360B4F8153042
:10916000838029462046FFF7F1FA00203AE7042BD6
:10917000BAD1237D627B934228BF1346102B7FF424
:1091800030AF052130460AF0F7FF0028A1D0237A3E
:10919000002B9ED0052130460AF0EEFF0028C6D1F4
:1091A000237A013B012BC2D893E700BFFD64002066
:1091B000BCB80200FC6400202DE9F041C778012F03
:1091C000044604D06FF015042046BDE8F0810BF092
:1091D00022F80546002800F0A980061D042130462B
:1091E0000AF0CAFF002840F0A480032130460AF0AC
:1091F000C3FF10B16FF00F04E6E7394630460AF0BE
:10920000BBFF0028F6D12846FFF748FAD5F8EC3026
:109210009B7A032B074640D030D8013B012B46D91F
:109220000F21201D0AF0A8FF0028CBD1D4F8A400FC
:1092300090B904F17007217A3A46202000F0DAFC58
:10924000C4F8A40040B9217A3A46042000F0D2FCC8
:10925000C4F8A4000028B5D0438A13F0240FB1D07D
:10926000A27A022A23D9417CC907ABD5032A1ED092
:109270009B06A7D5037C102BA4D118E0042BCFD1DB
:109280002846FFF729FA032804D1002FC8D0FB682D
:10929000002BC5D0284B1B7807E02846FFF71CFAA7
:1092A000032804D1002FBBD0FB68002BB8D0D4F822
:1092B000A4303BB12846FFF785FA044670B16FF041
:1092C000680481E7207A04F1700100F051FCC4F8D1
:1092D000A4000028EED16FF00B0475E70B2128469F
:1092E0000AF0C3FF07460028E9D001210C3009F03D
:1092F0006EFA092180462846FFF734FE234688F897
:1093000000002246394605F1EC00FCF78FFD0446CB
:1093100018B13846F9F75EF856E730460F210AF0E3
:1093200090FF012128460AF08CFF4DE76FF07F0483
:109330004AE76FF0040447E7FB640020F8B5D0F873
:10934000EC40D4F8A4300546061D002B3CD1022188
:109350003B4A3C480AF00EFF07213B4B5F5CD4F8C8
:10936000A4304BB11B7C002B5FD1D4F8A4000BF0D0
:1093700048F90023C4F8A430022130460AF0FCFE6C
:1093800040B9072F96BF314B1F21D95D3A46204681
:10939000FCF7FAFA032130460AF0EEFE10B32C4B2C
:1093A0001B68FBB153F80C6906B10C3ED3B15B6886
:1093B00013B1394620469847002E3DD0F26802B1DD
:1093C0000C3A33461646F1E749BB214B0D21304696
:1093D0000AF0D2FE1B68074623B153F80C6906B1A8
:1093E0000C3E73B928460AF0C7FF637B072B25D1D3
:1093F000627AA37A9A4221D02046BDE8F840FFF76E
:10940000DBBE1B6813B13946204698472EB1F2687F
:1094100002B10C3A33461646E3E73246FAE7013921
:10942000C9B20E2999D9092799E7022130460AF0D5
:10943000A3FE002899D19FE73246C2E7F8BD00BFDE
:109440005BAE0200DC750200ADB802009CB8020001
:10945000245C0020F8B5031D06460F46184602217D
:109460000AF08AFE044620B1B6F8E840B4FA84F463
:109470006409032118460AF07FFE80B13946304660
:10948000FFF75CFFC4B11A481A4A02210AF072FEC3
:10949000D6F8EC00052109F0CCFD0020F8BD012133
:1094A00018460AF069FE0028E8D10F2118460AF094
:1094B00063FE0028E2D1E5E7052130460AF0D5FE3B
:1094C000054688B101210C3009F081F92346077067
:1094D0002246294606F1EC00FCF7A8FC0028DCD067
:1094E0002846F8F777FFD8E76FF06800D6E700BFA7
:1094F000DC75020085AE0200134B10B504461860FF
:109500004FF0FF324FF0FF33104804F0ABFB104830
:1095100004F012FF0D4804F017FC1CB9BDE8104020
:10952000FFF70AB90B4CBFF35B8F2368BFF35B8F68
:109530005B0607D5201FFFF75FFB18B10821201F2E
:10954000FFF788FF10BD00BF2C5D0020F82500202C
:109550000C260020444900202DE9F3410B8A0446E3
:109560000E4643B92D4A2E4801210AF003FE002081
:1095700002B0BDE8F081012106F10C0009F057F9B5
:10958000A4F1EC05E83C0746042120460AF0F4FD6E
:109590003B7828B1234A224802210AF03AFEE6E746
:1095A0000E2B01D9204AF6E7DFF8808058F83320E7
:1095B0004AB902211E4A1A480AF02BFE0721284602
:1095C000FFF748FFD3E7194628460AF0BEFE3B786E
:1095D00060B91348174A02210AF01BFE03212046F6
:1095E0000AF0CAFD0028C2D00821E8E708EBC30151
:1095F000328A0979914208D0012100930848134624
:109600000D4A08F06AFF0A21D9E7314658F833308D
:109610002846984701460028A9D0D0E7DDAE0200D1
:10962000DC750200F8AE020029AF0200F47F0200F0
:109630004BAF020065AF0200A9A902002DE9F04F6F
:1096400099B090F8E930D1F80C80D0F8EC6023F0B4
:10965000020380F8E93098F8003000AF054606F1C3
:109660007009002B3BD098F8063003F0C003C02BE4
:1096700035D041463846F8F7FBFE6E4688B06C465A
:10968000614BDFF888816D464FF4007ACDE90537EC
:10969000ADF81CA045F8108F00232A465C484FF413
:1096A000E25107F1200BF7F72FFB4946B546584624
:1096B000F8F7DEFEA546574BA4F81CA0C4E9053B0D
:1096C000C4F81080524800232A464FF4E251F7F7BD
:1096D0001BFB0A20B5466437BD46BDE8F08F072264
:1096E000414648460DF063FC68B1307A414600F0CF
:1096F000D9FA044638B1014628460AF046FD48B377
:1097000020460AF07EFF0D21281D0AF035FD0028B5
:1097100068D0317A4A4602200AF05FFF0446D8B981
:1097200007F1400549462846F8F7A2FE6E4688B084
:109730006A46394BCDE905354FF40073ADF81C305E
:10974000324B42F8103F324823464FF4E251F7F7CC
:10975000DBFAB5460820BEE7F378002B3CD106F1D2
:109760007E03187801282BD19A7902F0C002402A92
:1097700026D1D3F80120C4F83E20B3F80530A4F870
:10978000423096F87030DBB196F8763003F0C003C3
:10979000C02B15D02149BC6407F14002C7E91098DD
:1097A000FBF70CFED8F80030C4F80130B8F80430EC
:1097B000A4F8053098F80630E3713046FCF7B4F8A9
:1097C00000212046FAF73CFC48B11148144A022116
:1097D0000AF0D0FC03207EE706F17703C1E72046BC
:1097E000FAF740FC95F8E9305B0703D50A212846D3
:1097F0000AF027FDB5F8E81009B100206BE728460C
:10980000FFF79CFDF9E700BF80AF020003000001F5
:10981000DC750200FEAF020041AE0200BF43020051
:1098200094AF02002DE9F0410E46D0F8EC800446DA
:10983000FEF734FFF668054633781048104A0121D8
:10984000271D0AF0E6FC0A2138460AF07EFD38B1F1
:109850006DB920463178FFF771FD0020BDE8F08139
:109860000B2138460AF071FD0028F1D1F1E72B6990
:10987000002BEED040469847EBE700BFDC750200B6
:10988000CFAF02002DE9F043054689B0A0F1E8060C
:10989000044600AF88463046012155F8EC990AF09D
:1098A00054FD28B3B8F1000F17D0032130460AF059
:1098B00063FCE8B14046F9F727FC0138C0B208283C
:1098C0009ABF374B1C5C0024022130460AF0B9FCD9
:1098D00021462846FFF732FD0AE099F80B303BB1EC
:1098E000032130460AF048FC30B928460AF044FD0E
:1098F0002437BD46BDE8F083052130460AF03CFC24
:10990000B8B114F8043C1B0707D514F8033C18073A
:1099100003D5112130460AF094FC14F8043C23F0DE
:10992000080304F8043C14F8033C23F0080304F88B
:10993000033C14F8033CD90710D5062128460AF049
:1099400080FC022130460AF07CFC2168D1F8A4603A
:1099500066B134F8041C0029CAD1BAE79A0701D5C8
:109960000821EBE75B07ECD50A21E7E770313846C1
:10997000F8F77EFD6D4688B06A460A4BCDE905379B
:109980004FF40073ADF81C30074B42F8103F074806
:1099900033464FF4E251F7F7B7F9AD46A8E700BFF9
:1099A000A4B80200F1AF020003000001DC75020060
:1099B00037B5A0F59C75A0F59A74BFF35B8F23684B
:1099C000BFF35B8FBFF35B8F2A68BFF35B8F0848E1
:1099D00000920121074A08F080FD28460821FFF780
:1099E000ADFC0421204603B0BDE830400AF029BC9C
:1099F000DC75020006B002002DE9F04389B000AF2B
:109A000004460AF008FC054680B3061D03213046D3
:109A10000AF0B2FB50B3D4F8A40008B10AF0F1FD8B
:109A200004F17009207A494600F0A2F88046C4F893
:109A3000A400F8B949463846F8F71AFD6E4688B0D2
:109A40006A46414BCDE905374FF40073ADF81C3041
:109A50003E4B42F8103F3E484FF4E2514346F7F781
:109A600053F90821B5462846FFF7F4FC2437BD46D4
:109A7000BDE8F0830E2130460AF07EFB28B1D4F811
:109A8000A420537C43F0020353742B7A032B0DD88C
:109A9000002B4DD1D4F8A420537C23F02003537421
:109AA000D4F8A420537C23F001030DE0053B012BE7
:109AB000F0D8D4F8A420537C43F020035374D4F896
:109AC000A420537C43F0010353742B7D697BD4F8AD
:109AD000A4208B4228BF0B461374052130460AF0A0
:109AE0004BFBD4F8A420537C48B343F010035374C9
:109AF0000D2130460AF040FB0028B7D0D4F8A4006E
:109B000020210AF07AFDD4F8A43005F147021E3373
:109B1000573552F8041B43F8041BAA42F9D1D4F874
:109B2000A420002353619361D4F8A42093839DE77C
:109B3000052130460AF020FB0028ABD0BFE723F018
:109B40001003537492E700BF41AE0200030000010E
:109B5000DC75020008B5044B044801221A70FBF7BB
:109B600099F8002008BD00BFFB64002014260020E7
:109B700070B5054612480378AB420C464FF001061B
:109B800004D1072230440DF012FAA0B12EB10D49D4
:109B90000D4807220DF00BFA78B9094A134603F86D
:109BA000015B2168C2F80110A1889980A17999719F
:109BB00040F21123D360024870BD0020FCE700BFD3
:109BC000305D0020C2B70200315D0020F8B5084FBB
:109BD000164604460D4600227B8A234002B1F8BD9A
:109BE000002BFCD031463846A8470122F4E700BFDD
:109BF000305D002070B50B4C638A03400D464FF07A
:109C000000061146227808D0954204D10722601C34
:109C10000DF0CDF918B1304600E0184670BD204671
:109C2000FCE700BF305D0020F8B50B78012B06463D
:109C30000C4601D00020F8BD8B7903F0C003402B07
:109C4000F8D1154D6F8A2946BF0711F83E2B4FF00A
:109C5000000304F1010006D5B24204D106220DF042
:109C6000A6F9B8B10023002BE4D16B8A9B07E1D59C
:109C70002B78B342DED1661C0848314608F00CFE52
:109C80000028D7D0D4F80130C5F83E30044BB4F8E2
:109C900005209A800048CEE7305D00205E5D002000
:109CA0006E5D002010B5074C2378834208D107224F
:109CB000601C0DF07CF900280CBF2046002010BD70
:109CC0000020FCE7305D00202DE9F0439BB0304CD4
:109CD000DDE923871D468446894616460CAB04F110
:109CE000300E206861681A4603C208347445134672
:109CF000F7D12068106022791A716146202204A8E9
:109D00000AF08DFC23486B46202204A900F072F86B
:109D10000446C0BB102249460DF135000AF07FFC15
:109D2000102231460DF145000AF079FC2946062241
:109D300011F8013B8DF855300DF156000AF06FFC1B
:109D40002299062211F8013B8DF85C300DF15D007F
:109D50000AF065FC434635220CA9684600F04AF833
:109D6000044680B940460AF064FC01238DF8303087
:109D700035223B460CA9684600F03CF8044610B971
:109D800038460AF056FC20461BB0BDE8F08300BF01
:109D90001A790200D5B8020070B598B00E46144684
:109DA0000146202204A81D460AF039FC2022314633
:109DB0000CA80AF034FC1022294614A80AF02FFC43
:109DC0001022214668460AF02AFC6B46502204A95C
:109DD000684600F00FF840B9039B054A1BBAB3FB75
:109DE000F2F102FB11331C9A136018B070BD00BF72
:109DF00040420F002DE9F0418EB007460C46154653
:109E00000021182208A81E460DF0C2F84FF4105386
:109E1000ADF81C30DFF85C808023ADF81E304FF4C5
:109E20004063CDE90938102205AB394607A805F093
:109E3000C7FD034648B1104A1048012108F043FB12
:109E40006FF004000EB0BDE8F08106AB0293102362
:109E50002246CDE9006341462B4605980CF035FCBF
:109E60000446059805F06EFD2043EBD0044A2346D6
:109E7000E2E700BF0002C0034EB00200847502009A
:109E80006AB00200142870B503460C4612D80B4A7B
:109E900012F81010D4E9000502EB4302A0FB010602
:109EA0005278002301FB0561F0F730FCC4E90001A2
:109EB000002070BD6FF01500FBE700BFE5B80200A1
:109EC00008B502F03BFF034668B10748074A012185
:109ED00008F0F9FA06486FF004034362BDE8084051
:109EE00014300AF029BC08BD4C75020083B0020092
:109EF00090220020044B93F83A3013B1034802F04B
:109F0000CBBFFFF7DDBF00BF90220020C59F01003F
:109F1000094BBFF35B8F53E8002F511C43E800103F
:109F20000028F8D1BFF35B8F0AB9FFF7E3BF6FF0EA
:109F30000F025A62704700BF9022002080B500AF28
:109F400088B06A46094BCDE905304FF40073ADF88F
:109F50001C30074B42F8103F064800234FF4E251F3
:109F6000F6F7D2FE6FF00400BD4680BD9DB0020042
:109F7000030000014C75020038B50F490022054668
:109F80000E480CF0FAF8002002F0C4FD044630B18F
:109F90002868FFF7D3FF6FF00404204638BD02465F
:109FA00001210720F7F77CFE0548C368002BF4D198
:109FB00004300AF0C1FBF0E7119F0100F0220020FD
:109FC00090220020F8B50378002B40F09A80574C7F
:109FD000E36A94F850701F42254607D1A36A002B0C
:109FE0003FD15348BDE8F8400AF0A6BB94F898105A
:109FF000A26D94F85160A1B90121DBB20B420BD0E4
:10A000000F4208D016EA010CB2F9000024D000EB90
:10A01000D070401010800232490089B2B942EDD9A7
:10A02000DCE73340018915D002EB41019142D5D0E4
:10A03000B2F9003003EBD3735B1022F8023BF5E773
:10A0400032F91360002EB8BF22F8130001338B429F
:10A05000F6DBC3E71846FAE70028B8BFA2F800C04D
:10A06000D9E7236C43B1B4F84C20324932489847C1
:10A0700001280BD0022837D0B4F84C30B4F848206F
:10A080009A4231D90133A4F84C30002094F898302A
:10A09000B3B994F8521018B9A36D03EB4103A3654B
:10A0A000A06D02F00BFE034650B12448244A012162
:10A0B00008F009FA6FF004031D4863620AF03CFBE4
:10A0C000E36B1BB9BDE8F840FFF714BFBFF35B8F2C
:10A0D00055E8003F5A1E45E800210029F8D1BFF39A
:10A0E0005B8F012BEEDCF8BDE36B002B3FF479AF07
:10A0F00094F89830002B7FF474AF124804F03EFFC0
:10A100006FE7022B0FD102F019FE03460028EAD0B8
:10A110000A480D4A012108F0D6F904486FF00403FB
:10A12000436214305EE7052BDDD15AE79022002010
:10A13000A4220020B82200205C7202004C750200AC
:10A14000BDB00200F022002083B002002DE9FF41E3
:10A150000F464FF0FF3380484FF0FF3203F0AAFE66
:10A160007E68731EFE2B05D97C4A7D48012108F0CC
:10A17000A1F910E00024254626FA04F3DA0715D5E4
:10A1800002F010FDE040C3070ED4764A234674481F
:10A19000012108F098F96FF015046F480AF0CCFA25
:10A1A000204604B0BDE8F0810135EDB20134082C41
:10A1B000E2D10DB96C4AD8E73B7CA3F10802062A2C
:10A1C0000FD8DFE802F0100E120E040E0C00022170
:10A1D000012D7A7C0BD0002A46D0644AC5E70321C2
:10A1E000F6E7634AD3E70021F2E70121F0E7082A06
:10A1F00006D8DFE802F00808080808080808080080
:10A2000013465C4AC3E73B6873B35C6864BB186879
:10A2100001387F2828D88DF808208DF809401B6860
:10A22000554A1B01013BADF80A30012382F89830F2
:10A230008DF80C3002AA514B304602F0EFFC044678
:10A240000028AAD13B686A0013B19B8903FB022254
:10A25000FB68934211D2424800920121484A08F01B
:10A260003CF96FF00B0498E7434B002083F898000B
:10A27000424B304602F09CFCE1E73F4E86F85250DC
:10A2800096F89830B868B065B04673B13B689D8960
:10A290000135A9B202F012FD044640B1394A034625
:10A2A00001212F4808F00FF977E72946F2E7BC466D
:10A2B000BCE80F00344D0FC5DCF800302B60746231
:10A2C0003B68002B45D00FCB2F1D87E80F00F36BA9
:10A2D000B762A6F84C40002B3BD0BFF35B8F58E829
:10A2E000003F48E80042002AF9D1BFF35B8F96F89F
:10A2F0009810E1B9F46B2548254A4FF40047002334
:10A30000E4FB0701F0F752FA0022CDE90001002337
:10A3100005F1280004F0FAFD1E484FF0FF324FF01F
:10A32000FF3303F0C7FD00B17062746A35E702F0D5
:10A3300005FD03460028EFD0174A0948012108F01F
:10A34000C2F86FF00403A5F1240073620AF0F4F977
:10A35000E2E7FFF7CFFDDFE794220020D6B002004E
:10A360004C750200F4B002000EB1020049B10200C7
:10A3700024B102007BB1020090220020C59F0100A1
:10A380009EB10200BDB00200B82200203F420F0083
:10A3900040420F00A422002083B0020030B587B0F5
:10A3A00000230393CDF80F304B798DF813300B79E0
:10A3B00013F020050C4615D08A797F2A08BFFF22AA
:10A3C0008DF81420C3F3040203F01F03072B8DF84C
:10A3D000152009D95A4A5B48012108F074F86FF03A
:10A3E00015059DE0FF22EBE722780C2A1ED8DFE856
:10A3F00002F00A07111D131D151D1D17191D1B0045
:10A4000001228DF80E206278032A15D0042A16D076
:10A410004D4A0CE00222F4E70322F2E70422F0E7BF
:10A420000522EEE70622ECE70722EAE7474A45481D
:10A43000012108F03FF8D2E701228DF80F20628851
:10A4400044F20A018A4227D843F6FE718A4203D8B1
:10A45000002A4BD03E4AEAE7A2F57F523F3A0B2A48
:10A46000F8D801A151F822F0F5A4010055A401008B
:10A4700055A4010055A40100BBA4010055A401008E
:10A48000B5A4010055A4010055A4010055A4010084
:10A4900055A40100EDA4010044F214018A4227D022
:10A4A00044F228018A4225D044F20F018A42D1D1D8
:10A4B000032200E001228DF810202649012000FA35
:10A4C00003F391F85020DBB26DB3A5797F2D13D142
:10A4D000134381F85030237991F8512003F01F0382
:10A4E00000FA03F3134381F851300BE00222E2E754
:10A4F0000422E0E70522DEE722EA03028DF81100DC
:10A5000081F8502003A80BF04BF8054640B12379A1
:10A5100003F01F03104A009001210A4807F0DDFFF5
:10A52000284607B030BD134381F85030237991F8A5
:10A53000512003F01F0300FA03F322EA0303D2E7DA
:10A54000C3B102004C750200F9B10200DAB1020099
:10A550001DB202009022002048B20200084B70B5E4
:10A56000C31A0D4607499B1004465943064840222A
:10A570000AF0EDF82B4601462046BDE8704018472A
:10A58000885D0020B76DDBB6B471020073B50C4C6A
:10A590000C4A4023041B00930D460B460A49A410A5
:10A5A0006143064609480AF0FEF8014628B13046E4
:10A5B0002B4602B0BDE87040184702B070BD00BF26
:10A5C000885D002013480200B76DDBB6B47102004D
:10A5D0000022F8B5012105461046F7F761FB104847
:10A5E00001F0F0FE0446B8B90AF0B8FC2F690D4935
:10A5F000384607F03EFE031E09DB01263E642D6946
:10A60000084905F11C0007F034FE031E02DA1C465F
:10A610002046F8BDEE64FBE76FF00404F8E700BFE6
:10A6200051A701006C8002001FB500220123CDE973
:10A6300002236C46074A6B46CDE900440AF0E2F873
:10A6400028B94FF480420023684603F033FC04B07D
:10A6500010BD00BF2548020010B5EFF31184402360
:10A6600083F31288BFF36F8F074A136823F0020148
:10A67000DB07116002D401200AF06AFC84F3118820
:10A68000BFF36F8F10BD00BFD85D002030B4104BFA
:10A690000C2202FB003301460020D3E90E529863DE
:10A6A000EFF31180402484F31288BFF36F8F1C6C8A
:10A6B00004F0C00444F002041C6480F31188BFF36A
:10A6C0006F8F1DB12B46034830BC184730BC704714
:10A6D000885D0020B471020010B4EFF311804022B5
:10A6E00082F31288BFF36F8F17490B6843F002049F
:10A6F00013F001030C601AD04FF08043D3F80C1410
:10A70000D3F80C3413F0010311D0EFF3118182F36D
:10A710001288BFF36F8F0D4A136C03F0C00343F030
:10A720000203136481F31188BFF36F8F012380F359
:10A730001188BFF36F8F1BB110BC0020FFF7A6BFBD
:10A7400010BC012001F02EBED85D0020885D0020E5
:10A7500010B1012804D07047034B1B6C5B0701D17B
:10A76000FFF794BF704700BF885D0020F8B5284907
:10A77000BFF35B8F0646012251E8003F41E800200D
:10A780000028F9D1BFF35B8F33B9224922484B60CF
:10A79000CB608A6007F080FD731E012B2CD80BF074
:10A7A00032FB044650B1EFF31185402383F3128846
:10A7B000BFF36F8F01244FF080470EE0174B1B78DB
:10A7C000002BF0D04FF080430222C3F80823054647
:10A7D000F1E794B1284607F06AFFD7F81824D7F8B4
:10A7E0001834D203F5D59B0701D0012EF1D14CB11D
:10A7F00085F31188BFF36F8FF8BD002121200BF086
:10A80000C9FBEAE74FF080430222C3F80423F3E7D1
:10A81000845D0020745D0020A45D00205868002045
:10A8200008B50448F5F7BCFE0248F7F7F1FC002034
:10A8300008BD00BF39A8010073B5104E8DF80700A0
:10A840000446032501220DF10701002002F0EEFF6E
:10A8500020B101233370204602B070BD3378002B45
:10A86000F9D0013D08D00BF0CEFA0028EAD1002142
:10A8700042200BF08FFBE5E73570ECE7FE6400202B
:10A88000EFF31182402383F31288BFF36F8F0A4BDB
:10A89000D3F8001161B10021D3F80805C3F8001105
:10A8A000D3F80031C0B282F31188BFF36F8F7047C5
:10A8B0006FF00A00F7E700BF00D00040F0B5034694
:10A8C0008478C678EFF3118E402080F31288BFF3AE
:10A8D0006F8F1D7893F801C0641B3440A24288BF7B
:10A8E000A2B2AF18374028461F708EF31188BFF30D
:10A8F0006F8F8F188F4218D165450CD1EFF31181FE
:10A90000402080F31288BFF36F8F1878587081F35E
:10A910001188BFF36F8F1B79A41AA34228BF074B7E
:10A9200090B224BF01221A60F0BD03EB000E01308B
:10A930009EF805E001F801EB3040DBE700D0004075
:10A94000DB432DE9F04713F001050F46144604D010
:10A950002448FFF7B3FFBDE8F087B2B3EFF31186E9
:10A96000402383F31288BFF36F8F0D20F7F78AF926
:10A9700080460D20F7F772F986F31188BFF36F8FC9
:10A98000DFF864A0194ECAF80051DAF800314FF42C
:10A9900000590123CAF800302546C6F88091DAF83C
:10A9A0000031A3B1FFF76CFF031EA4BF05F1FF3513
:10A9B000ADB2C6F88091A8BF7B55002DEFD1B8F19C
:10A9C000000F02D00D20F7F73BF92046C3E7EFF365
:10A9D0001180402383F31288BFF36F8F07F067FE67
:10A9E000DDE700BFFC5D002000D0004000E100E09A
:10A9F00070B50D4614460CB9204670BD4FF0FF33BC
:10AA00004FF0FF320C4803F055FA224629460B4816
:10AA1000FFF754FF0646084803F018FA3EB94FF016
:10AA2000FF324FF0FF33064803F044FAE6E7A41B79
:10AA3000A4B23544DFE700BFDC5D0020115E0020DA
:10AA4000EC5D002038B50122114617480BF0AFF835
:10AA5000154D0122002105F110000BF0A8F840F27D
:10AA600007432B874FF070632B620C2385F824304B
:10AA700000240E4B85F83540EC86D3F8042522F0EF
:10AA80000102C3F804250121C3F80041D3F80021D5
:10AA9000C3F80413224619600D20F7F701F90D20C1
:10AAA000F7F7CEF8204638BDDC5D002000D000402E
:10AAB00010B5FFF7E5FE002820DB174B93F82220A6
:10AAC00093F8214093F82310141B31EA0404C0B218
:10AAD0000DD193F8372093F8364093F83810141BB3
:10AAE00031EA04040BD10D4B01225A600EE09C1890
:10AAF0000132114084F8250083F8221010BD9C1803
:10AB00000132114084F83A0083F837100448BDE858
:10AB1000104003F09BB900BFDC5D002000D0004076
:10AB2000EC5D00202DE9F043476840F20636D00680
:10AB30003B7C87B002EA060654BFC2F3401C4FF0CC
:10AB4000030C01F01F05B6F5837F144645EA431553
:10AB50008DF803C044D00DD8062E16D005D8A6B166
:10AB6000022E3FD06FF0150037E0B6F5807FF9D1A7
:10AB700001260AE040F20222964235D0B6F5407F27
:10AB800034D0B6F5007FEDD10226220330D57A68A5
:10AB900001238B40C2F80835B868A0BB05F01F033D
:10ABA0006D092DD0012D77D13E4A02EB8302C4F30B
:10ABB0000043D2F8001783F00103C4F3404444EA91
:10ABC000430421F4E16144EA8C0421F0070144EAE2
:10ABD00006230B43C2F80037002007B0BDE8F0831E
:10ABE0000726D2E70426D0E70526CEE70326CCE7E2
:10ABF000630341BF01237A688B40C2F80C35CBE771
:10AC00004FF0A042D1E70DF1020229460AF01EFCE6
:10AC100014F4403F80460CD1B86829460AF04BFC3A
:10AC2000B8F1000FD8D19DF80210B86801F0C8FC47
:10AC3000D2E74FF0000901ABCDE90199CDE9043924
:10AC4000CDF80C90B86803AA29460AF0D4FA484512
:10AC5000C2DB14F4003314D0C4F300449DF8033075
:10AC60008DF80E3084F001048DF80C608DF80D40E5
:10AC7000B8684B4603AA29460AF070FB0028CFDAD1
:10AC8000AAE7CDE904330DF103030393B86803AADF
:10AC900029460AF0B0FAF1E703F5E07350F82330E3
:10ACA000FFDE00BF00030050420970B5034602D02A
:10ACB000012A17D070BD0D4E326951680029F9D0B4
:10ACC00003F01F0301250C689D400029F2D08A681B
:10ACD0002A4002D04B68304698472CB12368214661
:10ACE0001C46F2E7024EE7E72346F8E7EC71020064
:10ACF000D071020038B54568A86890B10AF0D5FB5C
:10AD0000014670B9A8680AF0B4FB044658B9024677
:10AD10000649A8680AF097FB224605210620F6F7A7
:10AD2000BFFF002038BD6FF00400FBE7A9AC0100B5
:10AD3000F0B544681646A068227C01F01F0587B074
:10AD400045EA421500286DD0B6F5001F04D129460A
:10AD50000AF004FC002056E06268607CC2F824051A
:10AD600001AA0020B6F5800F0190506037D1B3F1F1
:10AD7000007F14BF052304238DF804300023CDE9A0
:10AD800004230393E36823FA01F111F001010DF1AB
:10AD900003073AD1B6F1A07F37D105F01F036A0946
:10ADA00003F5E07326D0012A3FD1214A52F823301F
:10ADB000DB072AD4A0683A4629460AF047FB16303A
:10ADC0001BD00297A06803AA29460AF014FA0028AB
:10ADD00019DBA068012229460AF06FFBBAE7B3F13C
:10ADE000C06F05D0B3F1007F14BF01230223C3E776
:10ADF0000323C1E74FF0A042D8E7A068394601F02D
:10AE0000E5FB0028DDDA07B0F0BDA0683A46294628
:10AE10000AF01CFB0028D5D19DF80310A06801F0B2
:10AE2000CFFBCFE76FF08500EDE751F82330FFDE71
:10AE300000030050044A054B9362054A1A60012141
:10AE400000220320F6F72CBF1C260020385E0020CD
:10AE5000003000402DE9F04F89B002AFD0F810A0CB
:10AE6000BB6043683A61D3F820B09B8A7B614FF0A6
:10AE7000FF324FF0FF3305460C4609F08FFD0AF113
:10AE80003C03FB60002300220AF13C00002603F093
:10AE900011F833463A69964201D300235DE0207AE7
:10AEA000010700F19B803A692168013696420BD276
:10AEB000820709D4227D80EA020C0CF0010C02F01A
:10AEC00004025CEA020C24D0002B50D101F0604255
:10AED000B2F1005F4ED1D4F80080A3884FF0000992
:10AEE000BA68CAF85080217A00922846424600F09B
:10AEF000A5F8031E31DB4FF48042F868002302F00E
:10AF0000D9FF00284BD0284609F05FFD6FF073038E
:10AF100023E04FF001086268D7F814E003EB020C5D
:10AF2000F44529D96C468CB0286802A92E4ECA6116
:10AF3000C1E905637B690A46C1E9083040F2035361
:10AF40000B852A4B42F8103F002329484FF45151FA
:10AF5000F5F7DAFE6FF01B03A54628467B6109F082
:10AF600021FD7B691C371846BD46BDE8F08F4FF0C8
:10AF70000008D0E79846CEE7C00705D40BEB0300E6
:10AF80007B600BF0F7FF7B6862681A4493B2B8F1FC
:10AF9000000F0CD1002B9ED09946D846A0E7DAF8D6
:10AFA0004C30002B1DDB237ADB0702D400230C344A
:10AFB00070E7C345FAD123460AE0A9EB0201D8683D
:10AFC0007B601FFA81F918FA81F10BF0D3FF7B68DF
:10AFD0005A689145A3F10C03EFD2E7E76FF08503C0
:10AFE000BBE76FF00403B8E7DDB202000600000122
:10AFF0000C76020008B5CA0743680AD4C1F34201BF
:10B00000012909D002290FD00A4A0B48012107F073
:10B0100051FA6FF0150006E09B6A1B684FF0CC7286
:10B02000C3F82425002008BD9B6A4FF0C8621B6846
:10B03000F6E700BFC3B302000C760200F0B589B09A
:10B0400047680C461646002112220DF10E001D46DF
:10B050000BF09EFF04F001038DF80C30BDF8383082
:10B060008DF80D30BB8C0495AB4206960AD20A4887
:10B0700000930A4A2B46012107F02FFA6FF01B00BC
:10B0800009B0F0BDC4F3400282F00102B86A520177
:10B0900003A902F08BF8F3E70C760200D5B30200A7
:10B0A000B0B5456800AFAB6904469847E86901212F
:10B0B00009F07CFC2A69A86A234629460AF00BFBA2
:10B0C000002818DA23686C4688B06A460C49CDE936
:10B0D00005134FF40073ADF81C300A4B42F8103FD3
:10B0E000094800234FF4E251F5F70EFE6FF004001B
:10B0F000A546BD46B0BD204609F07FFC0020F8E71C
:10B100009DB00200030000010C7602002DE9F04121
:10B110002C4E002440F2FF15E3B28B4201D30020F5
:10B1200015E050F8247017F4804FC7F3C32CC7F311
:10B1300008033ED13F0EAB4208BF4FF0FF330B2F49
:10B1400016F80CC005D00C2F2DD06FF08500BDE88F
:10B15000F081C2F80835BCF1000F01D14FF0060CA8
:10B160005F1C1ED003F01F075B091FD0012B23D1EA
:10B17000DFF854E050F824300EEB8707DFF84CE09E
:10B18000D7F8008708EA0E0EC3F3C038C3F3412393
:10B190009B0043EA480343EA0C2343EA0E03C7F843
:10B1A00000370134B8E7C2F80C35D4E74FF0A04EB1
:10B1B000E0E76FF01500CAE707F5E077002353F8E2
:10B1C0002730FFDE0FB9020000030050F0F8FCFF4B
:10B1D00008B578B10849094A4FF4004E8C46002161
:10B1E000E0FB0EC100236046EFF7E0FABDE808403F
:10B1F0000AF0D0BE08BD00BF3F420F0040420F0022
:10B200002DE9F041466896F8268008F00308B8F169
:10B21000000500AF044618BF012509F00CFCB06A18
:10B2200030B92946204609F0AFFCBD46BDE8F081A3
:10B230000AF07AFB0346B8B9B26A6C4688B0116866
:10B240006A461F48CDE905014FF40071ADF81C10A6
:10B250001C4942F8101F1C484FF4E251F5F754FD09
:10B260006FF01200A546E0E7B8F1000FF28DB06A6A
:10B2700096F82C100CBF4FF4B0134FF4D0131A43B0
:10B28000D0F810E0D0F80880DEF8006042F3000348
:10B2900003F4402353404FF0010C23F480120CFAC6
:10B2A00001FCDB074CBF4CEA060626EA0C06CEF88A
:10B2B0000060D8F8003098470028B2DAB5E700BF40
:10B2C0001CB40200030000017476020070B5012373
:10B2D00083400F4ABFF35B8FDC4352E8001F01EA53
:10B2E000040542E80056002EF7D1BFF35B8F4FF400
:10B2F000803282400748C0F80823BFF35F8FBFF356
:10B300006F8F03EA0100003818BF012070BD00BF35
:10B31000A85E00200010014070B41249D1E9003449
:10B32000D01AC31844F1000422F07F46C1E900346A
:10B33000A6F50013B3F5400F09D20B4B1B681A0A90
:10B340001B069C19094B42F10005C3E90045EFF3C8
:10B350001181402383F31288BFF36F8F70BC03F019
:10B36000DDBC00BFC04A0020AC5E0020C84A0020FF
:10B3700011B3BFF35B8F0123104A834052E800CF23
:10B380004CEA030C42E800C10029F7D1BFF35B8F00
:10B390000B4A4FF480338340C2F80433094BBFF3A8
:10B3A0005B8F1B68BFF35B8FC340DB0742BF064B5D
:10B3B0004FF40032C3F80021704700BFA85E0020A0
:10B3C00000100140A45E002000E100E00D4B186871
:10B3D000010A0006BFF35F8F0B4BD3F80435181832
:10B3E00041F10001B3F5801F0AD2084BD3E90023D5
:10B3F000904271EB030303D210F1807041F1000120
:10B40000704700BFAC5E002000100140C84A002019
:10B410002DE9F04F85B016461F469DF840A0044622
:10B42000FFF754FF0190FFF7D1FFB04271EB070324
:10B430005ED23E4B301A67EB0101984271F1000178
:10B4400009D36FF0150520460199FFF791FF2846B3
:10B4500005B0BDE8F08F364B03EB0413D3E90223AC
:10B460009F4208BF964254D032494FF4803804F1CD
:10B47000500508FA04F8AD00C1F848832046ADB283
:10B4800009F049FC26F07F4B05F1804504F5A873CF
:10B4900005F58835DC464FF003090293029A2CF03B
:10B4A0007F4341F82230C1F84483D1F80435224A61
:10B4B0006FF00200C01A604420F07F40904228D90B
:10B4C000286868B1D1F804350393A3EB0B0020F092
:10B4D0007F40B0F5000F1CD9204609F01CFC039BEF
:10B4E000BAF1000FADD109EB030C09F10109D5E761
:10B4F000BAF1000FA5D10123104ABFF35B8FA3401F
:10B5000052E8000F184342E800010029F8D1BFF3C8
:10B510005B8F07490E98230101EB0412C8500F9B63
:10B520005360C2E9026700258DE700BF010080007B
:10B53000B04A002000100140FDFF7F00A45E002003
:10B540007FB51C4C1C4BC4F80833C4F848331B4B64
:10B5500000254FF0FF304FF0FF31C4F80855C3E924
:10B5600002014FF48033C4F80433154B02264FF424
:10B5700000320121C4F804631120C3F880212A4657
:10B58000F6F78EFB1120F6F75BFB0E4A0123A36052
:10B59000236013600C4B0D4A0093CDE90155002345
:10B5A0002846FFF735FF3046FFF7E0F8284604B09D
:10B5B00070BD00BF0010014003000F00B04A002022
:10B5C00000E100E0A85E002019B30100FFFF7F004A
:10B5D0002DE9F7432B4CD4F8043399070BD5D4F855
:10B5E000043143B1284A0023C4F80431D4F80431AB
:10B5F000136801331360D4F80433DA0323D5BFF39F
:10B600005B8F224B53E8002F22F0010143E800102A
:10B610000028F7D1BFF35B8FD30702D4D4F84031B1
:10B620008BB10025C4F84051D4F84031FFF7CEFE6D
:10B63000EFF3108272B6164BD3E90267B042B941FC
:10B6400004D282F3108803B0BDE8F0834FF0FF38D6
:10B650004FF0FF39C3E90289D3E900101D604FF4B0
:10B660008033C4F84833C4F84051D4F8403182F3F1
:10B6700010880029E7D0009032463B46284688478C
:10B68000E1E700BF00100140AC5E0020A45E002096
:10B69000B04A002030B5431C124C85B005D084421E
:10B6A000A8BF0446012CB8BF0124FFF78FFE0E4B44
:10B6B0000C4DD3E90013401AB0F5000F10D2221838
:10B6C000AA4228BF2A4652184FF0000007490091AD
:10B6D000CDE9010043F10003FFF79AFE05B030BD4C
:10B6E0002A46F0E7FFFF7F00C04A002019B301009F
:10B6F00008B5FFF76BFE024B1B68C01A08BD00BF00
:10B70000C04A002037B5046994F835300D464BBB6C
:10B710000B7B022B29D10B680BBB94F834204B68B0
:10B72000D2B9134A591E914219D823630DF107016A
:10B7300020460AF03FF810F10C0F0BD0AB689DF8D3
:10B74000070013B1021D44F8223094F8343001335D
:10B7500084F8343003B030BD226B9A42E6D06FF0EB
:10B760001500F7E76FF00F00F4E76FF08500F1E7E1
:10B77000FEFFCF0710B50022046901211020F6F763
:10B780008FFA00232046034ABDE81040194609F00D
:10B79000EDBF00BF99B70100F8B50A4E0C4601276E
:10B7A00004B9F8BD94FAA4F5B5FA85F52B1D56F841
:10B7B000233013B104482946984707FA05F524EACF
:10B7C0000504EDE74C2600202472020002460B46D9
:10B7D000014802F047BA00BFB0270020014802F03C
:10B7E000B3BA00BFB027002008B5F5F7BFF9044889
:10B7F000044A012106F05EFE0020F6F727FE00BF96
:10B80000F47502006AB40200014902480AF073BAF2
:10B81000B45E0020E0550020094B93F80031042B62
:10B8200002D1810709D47047022B02D1020704D448
:10B830007047082B03D1830601D5FFF7E5BF70479A
:10B840000F65002010B403460A46034881680C685F
:10B850001946234610BC184708720200B0B584B0E0
:10B8600000AF3B1D00247C600A22BC60C7F80B407F
:10B870003960014618460BF0AAFB6D468AB039685C
:10B8800003466A460D480791CDE905034FF400735E
:10B89000ADF820300A4B42F8103F0A4823464FF4D7
:10B8A0001151F5F731FAAD4684F31188BFF36F8F6C
:10B8B0000323184602DF1037BD46B0BD87B402002F
:10B8C00004000001D4750200F0B589B0064600AF4F
:10B8D00034480D4634490AF0F2F907F10C00EEF74E
:10B8E00088FF6C4688B06A46304B0593304B069310
:10B8F0004FF40073ADF81C302E4B42F8103F2E4928
:10B900002E4807F10C03F5F7FFF9A5462C480AF07D
:10B910000BF850B92B4A2948012106F0CBFD6FF0F6
:10B92000120420462437BD46F0BD274B7B60381DEE
:10B93000E5F7B4FF034638B1244A2048012106F058
:10B94000C2FD6FF01504ECE74FF0FF304FF0FF3110
:10B95000FFF73CFF04460028E3D11D491D48E5F7E9
:10B96000E9FB044610B1FFF739FFDAE741F64C5323
:10B9700007F10800BB60E7F767F820B1FFF72EFF7B
:10B980006FF08504CDE7012338463B70EFF75BFF8E
:10B990000028F3D1FFF722FF33690F481D60F6F747
:10B9A00063FEBEE7B45E00204D4E0200749B0200B1
:10B9B000ACB4020003000001C01C4001D4750200B9
:10B9C00008720200D3B4020045B80100F3B40200CB
:10B9D000D04A0020ADBA010019B8010030B5304896
:10B9E00087B0E5F72BFB0446002854D1E5F7E0FBD0
:10B9F0000125E5F7E9FBEEF7FEFEEEF7FEFEEEF7BA
:10BA0000FEFEEEF7FEFE03AA022120468DF80C5042
:10BA1000E5F742FB00283DDB082303AA0721204667
:10BA2000ADF80C30E5F738FB002833DB4FF0FB13A3
:10BA3000039303AA40F2032303212046ADF81030FC
:10BA4000E5F72AFB002825DB03AA042120468DF810
:10BA50000C50E5F721FB00281CDB1F2303AA06215D
:10BA60002046ADF80C30E5F717FB002812DB40F656
:10BA70000C33984212D90B4A009029460A4806F026
:10BA80002CFD84F31188BFF36F8F0423184602DF67
:10BA90006FF00B000446204607B030BD2046F9E7A2
:10BAA0005DB8010017B50200D475020073B5434CB0
:10BAB00094F800313BB394F80031042B56D1207830
:10BAC0003E2833D1A678B31E5E425E416378FF2BD9
:10BAD0002ED14FF48073009340F20113384A394855
:10BAE000012106F0FAFC384A36486FF00B030121B9
:10BAF00006F0E9FC002383F31188BFF36F8F042362
:10BB0000184602DF1DE04FF0FF304FF0FF31FFF726
:10BB10005DFE48B904F58071204600F033FB054610
:10BB2000FFF75CFE002DC6D002B070BD0026CDE749
:10BB3000002200233146F6F7A5FD054648B9002E40
:10BB4000F2D0002384F8003102B0BDE87040FFF766
:10BB50005BBE62780232194905F10C0006F03DFE29
:10BB60001A4B1B481B6829469847EAE7022B10D15D
:10BB7000002200230820F6F75FFD05460028D3D0F9
:10BB800063880433B3F5807F0FD94FF4807200923D
:10BB9000A4E7082B0BD1002300222020F6F74CFD50
:10BBA000638805460028ECD1BEE71A46D3E7094A68
:10BBB0000448012106F087FCC3E700BF0F650020A1
:10BBC0003AB50200D475020094B50200B05E0020C0
:10BBD000407202005BB502002DE9F341A94D2C78BB
:10BBE0000746002C40F0C68204238DF80730A64B90
:10BBF0000688D3F80080B8F1000F15D1B6F5105FB4
:10BC00004FEA96230BD2002B00F0A782013B072BB3
:10BC100062D8DFE803F026614D95616161DD3F2B5D
:10BC200000F0DE81012019E20DF106030DF107029B
:10BC3000691CC0470128E1D09DF8063013B90128DE
:10BC400040F08E820F236B700423AB700123E870E9
:10BC50002B71A5F8056001232B70002002B0BDE810
:10BC6000F081384640F2064230F9033B934219D046
:10BC700040F21D42934218D0012042F219039E4225
:10BC800000F2588242F20C039E4200F24C8240F2D3
:10BC9000064340F21D429E4218BF964214BF012443
:10BCA000002430E0E6F77EFCE7E7E6F7F1FCE4E7A6
:10BCB000384640F6634230F9033B934234D00EDC01
:10BCC00040F60342934223D040F62D42934222D0C5
:10BCD00040F60142934213D00120044613E040F69F
:10BCE0007B42934223D040F67C429342F4D19DF8AC
:10BCF0000730664902338DF80730EFF741FD01E068
:10BD0000E5F7A0FA012484F001038DF8063093E7EB
:10BD1000EEF766FDF6E79DF807305C4903338DF8D2
:10BD20000730EFF765FBEDE7E5F79EFAEAE79DF8E8
:10BD30000730564904338DF80730EFF713FDE1E77C
:10BD40003B88A3F58053013B082BC5D801A252F8CC
:10BD500023F000BF79BD01008BBD01009FBD010034
:10BD6000D9BC0100D9BC0100D9BC0100D9BC01007B
:10BD7000D9BC0100BFBD01009DF80730434808331E
:10BD80008DF80730EFF722FBBCE79DF807303F48FE
:10BD900040338DF8073009F05BF80020B2E79DF8DA
:10BDA000073008338DF80730384B00221A605A608C
:10BDB000EB7A23F0600343F06003EB72EDE79DF84C
:10BDC0000730324806338DF80730EFF746FB99E726
:10BDD000384630F8033BA3F50053013B4D2B00F2EE
:10BDE0009381DFE813F0550062006B00910174004D
:10BDF000770091017A007D0080009101910191010D
:10BE000091019101910191019101910191019101A2
:10BE1000830086008F0091019800A100AA00910183
:10BE20009101910191019101B5009101BE00910133
:10BE30009101C100C400C700CA0091019101D30063
:10BE4000D600D900E200EB00EE00910191019101D2
:10BE50009101910191019101910191019101910152
:10BE60009101910191019101910191019101910142
:10BE700091019101910191019101F10091019101D3
:10BE8000FA0000BF10660020C45E00201766002084
:10BE9000E5F7F4F942F264039E423FF434AF42F214
:10BEA00064039E4200F2DA80E7E69DF80730B3486B
:10BEB00003338DF80730E6F76BFBEBE79DF80730AF
:10BEC000AE4808338DF80730EFF7DAFBE2E7EFF71B
:10BED000E0FADFE7E6F7B8FCDCE7EFF7FEFBD9E7CF
:10BEE000EFF7D6FBD6E7E6F709FDD3E7EFF7B8FBA8
:10BEF000D0E79DF80730A14910338DF80730EFF7F0
:10BF0000A3FAC7E79DF807309C4808338DF807303F
:10BF1000EFF768FABEE79DF80730984902338DF8CD
:10BF20000730EFF7FFFBB5E79DF807309349023381
:10BF30008DF80730EFF707FCACE79DF807300833C2
:10BF40008DF807308F23EB71C023EB720020A1E73F
:10BF50009DF80730894902338DF80730EFF7A8FACA
:10BF600098E7E6F751FB95E7EFF7C5F992E7EFF7AA
:10BF7000E5F98FE7EFF718FA8CE79DF807307F486F
:10BF800001338DF80730EFF71DFA83E7EFF7FCF97F
:10BF900080E7EFF7F0F97DE79DF807307748083341
:10BFA0008DF80730EFF7B4FA74E79DF8073073495E
:10BFB00004338DF80730EFF7D6FA6BE7E6F73CFB72
:10BFC00068E7EFF716FB65E79DF807306B4802332B
:10BFD0008DF80730EFF727FA5CE7EFF7A9FA59E792
:10BFE00038464FF60C5230F8033B934222D84FF6B6
:10BFF0000252934212D803F2FF3292B20A2A3FF65B
:10C0000011AEA3F57C43013B0A2B7FD8DFE803F098
:10C010001E347E7E7E5B7E7E49525E00A3F57D43AC
:10C02000033B092B72D8DFE803F05A715D7171711F
:10C03000607171634FF6145293425CD04FF6165202
:10C0400093427FF4EFADE6F707FD07E09DF8073078
:10C050004A480C338DF80730EEF7D5FB42F28503E2
:10C060009E4274D842F267039E4251D842F2660360
:10C07000F41A18BF012446E69DF8073040338DF8C6
:10C0800007303E4B00201880EB7923F0230343F068
:10C090002303EB712B7A23F0070343F007032B7282
:10C0A000DCE79DF80730354817338DF80730EEF799
:10C0B000C4FBD3E79DF80730304820338DF80730B4
:10C0C000EEF7DFFBCAE7EEF7B6FBC7E79DF80730F0
:10C0D0002A4801338DF80730EEF7F0FBBEE7EFF7A3
:10C0E000B2FBBBE7E6F7B0FCB8E7EEF7FDFBB5E760
:10C0F000EFF792FBB2E79DF80730204904338DF843
:10C100000730EEF7F5FBA9E70120C3E60120C6E6FC
:10C11000A6F50153283B9AB2194BD34003F0010313
:10C1200083F00104EFE5A6F500530D3B9AB241F20E
:10C130004123F2E742F232039E423FF4E4ADA6F51A
:10C140000153033B012B94BF00240124DBE526F0BF
:10C1500008034FF602529C1A8BE701242046D2E5D1
:10C160009DF80730AB700E2201236A70EB70AE8031
:10C17000A87170E54FF0FF3070E500BF1766002032
:10C180002F80402038B5094C23780D461BB9BDE8F7
:10C190003840EEF78EBCA278611C02320AF0EAFE4B
:10C1A0000020042320702B7038BD00BF10660020D3
:10C1B00070B505460E46084C204609F0B5FB38B16F
:10C1C000A368B2B2294620461B68BDE870401847F4
:10C1D0006FF0120070BD00BF0872020002484FF4F9
:10C1E000007103F07BB800BF5866002013B54FF410
:10C1F000FA73ADF8043000238DF806304FF4805305
:10C20000ADF80030104A0223192168468DF802303B
:10C21000EDF7C8FE044698B908F00BFB80B2EBF7C7
:10C2200017FF012221460820F5F73AFD0122214699
:10C230000B20F5F735FD012221461046F5F730FDBC
:10C24000204602B010BD00BF5DC201000149024896
:10C2500009F051BDCC5E0020E0550020B0B584B09F
:10C2600000AF3B1D00247C600A22BC60C7F80B4075
:10C270003960014618460AF0AAFE6D468AB0396850
:10C2800003466A460D480791CDE905034FF4007354
:10C29000ADF820300A4B42F8103F0A4823464FF4CD
:10C2A0001151F4F731FDAD4684F31188BFF36F8F60
:10C2B0000323184602DF1037BD46B0BDECB50200BF
:10C2C000040000013C76020013B50024154916480D
:10C2D00000946FF009034FF4806201F089FF134965
:10C2E000114809F096FD1249124809F0E8FC22466F
:10C2F00004211920F5F7D4FCBFF35B8F0E4B01220C
:10C3000053E8001F43E800200028F9D1BFF35B8FFA
:10C310000A4905484FF40032002301F0A9FF2046E6
:10C3200002B010BDC07D0020E055002000B6020024
:10C33000E94E0200CC5E0020C85E002030230020C1
:10C3400010B5BFF35B8F084B1B68BFF35B8F53B116
:10C35000EBF714FEBDE81040044905484FF40032E5
:10C36000002301F085BF10BDC85E002030230020EF
:10C37000E05500200346024A0248022106F0A3B815
:10C3800014B602005C76020010B9024B1B68184715
:10C39000FFF7F0BFDC5E0020014B01201B6818474F
:10C3A000DC5E002028B1012807D104490020EBF70A
:10C3B00067BD034B01201B681847704789C3010004
:10C3C000DC5E0020014B186000207047DC5E00201E
:10C3D0004FF08053D3F830210D2A55D14FF08041D2
:10C3E0000022C1F80C21C1F81021C1F83825304ACB
:10C3F000D3F80404C2F82005D3F80804C2F82405D1
:10C40000D3F80C04C2F82805D3F81004C2F82C05A0
:10C41000D3F81404C2F83005D3F81804C2F8340570
:10C42000D3F81C04C2F84005D3F82004C2F8440530
:10C43000D3F82404C2F84805D3F82804C2F84C0500
:10C44000D3F82C04C2F85005D3F83004C2F85405D0
:10C45000D3F83404C2F86005D3F83804C2F8640590
:10C46000D3F83C04C2F86805D3F84004C2F86C0560
:10C47000D3F84434C2F87035D1F80034DB0709D55D
:10C480006FF00103C1F800344FF08053D3F830311E
:10C490000D2B0CD14FF08053D3F834313BB14FF01A
:10C4A0001023D3F808224FF08043C3F85825704773
:10C4B00000C00040036803F01F025B09026004D063
:10C4C000012B034818BF002070474FF0A040704771
:10C4D00000030050034A430900F01F00D35C1844D6
:10C4E000C0B2704717B90200024611F0010030B522
:10C4F00015D18B07C1F3400022D51249D1F8200590
:10C5000050604FF08052C1F82005D2F830210D2A3A
:10C5100008BFD1F82025003818BF012010E04FF0E7
:10C52000A0444FF08055D4F820351360C4F820356E
:10C53000D5F830510D2D08BFD4F82045002BD8D0A8
:10C5400030BD00BF00030050F7B504460846FFF7B2
:10C55000C1FF04EB40060D46B38ADB072AD520460F
:10C5600008F027FE2946204608F093FD50B12046EA
:10C5700008F0A5FD276807EB80000023C0F8103500
:10C58000C0F810352946204608F0C2FD0021B182CE
:10C5900001A80195FFF78EFF019B00EB8300074B7D
:10C5A000D0F80027134043F00203C0F800370846D4
:10C5B00003B0F0BD6FF01500FAE700BFF0F8FCFF24
:10C5C000014808F0F1BC00BF8826002010B50448DF
:10C5D0000C4608F0CBFC0028A4BF2070002010BD42
:10C5E000882600202DE9F04F074689B057F8049BB4
:10C5F000D9F80413C9B28346082241F000414846E5
:10C6000008F0AFFD051E2FDA0023032106A8CDE9AF
:10C610000633FFF769FF634B01930DF118084FF0E4
:10C62000000A019A604912F8013B0192DA0803F00E
:10C6300007038A5C22FA03F3DB071CD40AF1010327
:10C64000022B08F104084FF0010AEAD14FF0004133
:10C650000022484608F085FD032106A8FFF744FFA5
:10C660000028D8D125F000450124002D40F0848019
:10C6700009B0BDE8F08F4D4B53440293D8F80060E9
:10C68000002EDBD0029B96FAA6F61C78B6FA86F648
:10C6900046EA44142046FFF71DFF0BEB4000F2086A
:10C6A000818A18F802000594C1F382030393009372
:10C6B00006F00706012303FA06F620EA060008F84A
:10C6C000020005A8FFF7F6FE059A039B02F5E0724B
:10C6D00011F0100F50F82260C6F3014633D0009AD3
:10C6E0003846214608F0F5FC05A80594FFF7E2FE60
:10C6F000059B03F5E073F6B250F82330C3F3014312
:10C700009E4207D10021204608F0B4FC3146204665
:10C7100008F0B0FC05A80594FFF7CCFE059B0122AC
:10C7200002FA03F3C0F820354FF08053D3F83031CC
:10C730000D2B01BFD0F82035D0F82035D0F82035AA
:10C74000D0F820359AE7022E14BF0221032120469B
:10C75000039308F08FFC039B032B03D0022E07D119
:10C76000012BD7D1009A2146384608F0B2FCD1E718
:10C77000032ECFD1022BF4E795FAA5F3B3FA83F396
:10C7800004FA03F225EA020503F5A2720BEB430358
:10C7900059F82220B3F87010C2F30142384608F06D
:10C7A00098FC62E727B902001481020027B9020051
:10C7B00080F08003042B04D8054B034413F8800C4D
:10C7C000704707289ABF034B185C0020704700BFD2
:10C7D00029B902002EB90200064B93F82E00012859
:10C7E00006D0022818BF042814BF0120002070477B
:10C7F00000207047E05E002010B5164B164A00205E
:10C80000C3F8000592F82F40D3F8041382F82E40A5
:10C81000146821F033010CB141F02301C3F81C016D
:10C82000D3F81C41C3F81801D3F81841C3F8080124
:10C83000D3F8080192F8340092F8332002F0010294
:10C8400000F00100D20142EA80120A43C3F800233B
:10C8500010BD00BF00700040E05E002070B50D4AC2
:10C86000002392F8301001251E4618B90BB182F84A
:10C87000301070BD90FAA0F3B3FA83F305FA03F415
:10C880000C3302EB430320EA0400DE8021EA0401BA
:10C890000123EAE7E05E002073B50023044601AA05
:10C8A0000E464FF48071019308F05AFE4FF48A71DE
:10C8B000204608F055FE4FF482710546204608F0E8
:10C8C0004FFE20B11EB115B1144BD3F8343601AA76
:10C8D0004FF48471204608F043FE4FF486712046E1
:10C8E00008F03EFE4FF48871204608F039FE0C4BEC
:10C8F000234083B14FF48E75294601AA204608F0E3
:10C900002FFE291F083589B22046ADB208F028FE57
:10C91000B5F5AE7FF0D1019802B070BD0070004057
:10C92000C0FF3F002DE9F04F9A464FF0805393B07F
:10C93000D3F830311C9D0D2B3BD10DF1080C0AAF03
:10C940003E4C3E46E046002304EB031E0133DEF876
:10C95000189548F8049B082BDEF81CE546F804EB14
:10C96000F2D1D4F8F065D4F8403601934FF0010EBF
:10C970000023D4F84496D4F84886C4F8FC3FC4F8A1
:10C98000FCEF2E4C5CF804BB04EB031E0133CEF825
:10C9900018B557F804BBCEF81CB5082BF2D1019B93
:10C9A000C4F84036F6B2C4F84496C4F84886C4F8D1
:10C9B000F065234B002483F8334083F834409C60B7
:10C9C0001C611D6083F831009C831C4BC3F8F0157B
:10C9D000C3F8F4257DB32322C3F80023184D174C68
:10C9E00000220127110107FA02F301F180460340FA
:10C9F00006F5E04619BF95F81EE095F81FC09C4665
:10CA00009E46002B04EB0103C6F810E5C6F814C5DA
:10CA1000D3F8181514BF5646002621F08071013254
:10CA200041EA0661082AC3F8181505F10205D9D1B3
:10CA300013B0BDE8F08FC3F80053CFE7007000409B
:10CA4000E05E0020F8B50446067A4779417AC0795D
:10CA5000FFF7AEFE10B96FF01500F8BD214A01F1E5
:10CA60000C0502EB4503012F987139D13046FFF7D1
:10CA70009FFE0028EFD002EB4505E871E378A0782F
:10CA80001B03000200F4E06003F4805303432078AA
:10CA900000F0030003432079000400F4E020034386
:10CAA0006078000100F030000343A079000600F038
:10CAB000807003436079000500F48010034308018F
:10CAC00000F1804000F5E040C0F81835012303FA7A
:10CAD00001F192F830300B4382F830300020BCE78F
:10CAE0000020C8E7E05E0020084B01229A60002287
:10CAF000C3F81421D3F8141105498020C1F880012E
:10CB0000C3F80025C3F80025704700BF007000403F
:10CB100000E100E070B5204D95F82E40002C38D192
:10CB2000FF20012685F82E60FFF798FE1B4B1C485E
:10CB3000C3F80041D3F80021C3F80441D3F804211D
:10CB4000C3F81041D3F81021C3F81441D3F81431BD
:10CB50001C239A0806FA02F111F0330F1CBF03F1EF
:10CB6000804101F5E24102F1FF3218BF0C6006FA84
:10CB700002F218BF096812F0330F1CBF1C501A587C
:10CB800008335C2BE5D10720F5F75AF80020286020
:10CB900070BD6FF07700FBE7E05E002000700040A2
:10CBA000FC700040014B93F830007047E05E0020BD
:10CBB0002DE9F74307469946FFF70EFE044608BBEA
:10CBC000DFF8508098F83030082601252F4203D036
:10CBD0002B421CD00134E4B2013E4FEA4505F5D1A9
:10CBE0000D4BC3F8F865131E18BF01233846CDF866
:10CBF0000090FFF797FE022388F8324088F82E3025
:10CC0000304601E06FF00F0003B0BDE8F0836FF035
:10CC10001500F9E7E05E0020007000402DE9F341C7
:10CC2000804615461A46FFF7D7FD0646002837D13D
:10CC3000204F97F830C008203446012318EA030F2C
:10CC400004D013EA0C0F2ED00134E4B201384FEABD
:10CC50004303F3D16B8813B1012C27D832B3287862
:10CC60006B7818B113B9012C20D801260092024626
:10CC70004046FFF757FE6B880F4A0BB143F48053D1
:10CC8000C2F8F83587F832402B7987F8353004231D
:10CC900087F8366087F82E30002002B0BDE8F081BA
:10CCA0006FF00F00F9E76FF01500F6E76FF0850001
:10CCB000F3E700BFE05E00200070004030B51D4A81
:10CCC000136904466BBB00F06043B3F1005F2BD1E6
:10CCD00092F83250B1FBF5F305FB131038BB0BB2E1
:10CCE000002B24DD92F82E30052B06D8032B0BD811
:10CCF000022B0ED06FF0760030BD062BFAD10E4B12
:10CD0000C3F82C46C3F8301693683BB1C2E904411E
:10CD1000F2E78D420BD1C2E90245EDE7C2E90241DB
:10CD2000EAE76FF07700E7E76FF00C00E4E76FF0F9
:10CD30000600E1E7E05E0020007000402DE9FF41C1
:10CD4000524CA368002B00F09D8094F82E20022AFC
:10CD500006D0042A33D06FF0760004B0BDE8F0812D
:10CD60004B4D0126C5F800652168E26849B10321F1
:10CD700084F82E10C5F82C36C5F830262E60002019
:10CD8000EBE7C5F82C36C5F830262E6008F000FC1D
:10CD900004F108036E60019301990220FFF77CFD06
:10CDA0000028F9D03A4B0022C3F80821D3F8081123
:10CDB000C3F80C21D3F80C11C3F80025DFE7344D7C
:10CDC0004FF00108C5F80085276857B1052284F89F
:10CDD0002E20E268C5F82C36C5F83026C5F800804C
:10CDE000CDE7A18B94F83220039203EB4103029329
:10CDF000C5F82C36C5F83026C5F8008008F0C8FB09
:10CE000094F8363063BB224D01236B6002A90220E7
:10CE1000FFF742FD0028F9D00023C5F80831D5F806
:10CE20000821C5F80C31D5F80C21A18B94F83220DB
:10CE30000A44E16892B28A42A28321BF154AA383C1
:10CE4000D2E90201236124BFC2E900011846104B58
:10CE50004FF0000238BF6FF00F00C3F800257CE7E9
:10CE6000D5F8F465F6B208FA06F6013EBE42CAD914
:10CE7000C5F8048000210420FFF70EFD0028F9D03A
:10CE80000137F3E76FF00B0067E700BFE05E0020BB
:10CE900000700040E85E0020F8B50246FFF79CFCF9
:10CEA000002851D12A4E2B4C96F82E3086F82F3080
:10CEB000072386F82E3001237260C4F80035D4F8B9
:10CEC0000453C4F80003E3603AB125F0C00545F00F
:10CED0003305C4F800530020F8BD00211020FFF7EF
:10CEE000DBFC0028F9D00023C4F80431D4F8043165
:10CEF000194BC4F82C3601270223C4F830362760BA
:10CF000008F046FBA76000212020FFF7C5FC0028A1
:10CF1000F9D0104B0022C3F80421D3F80411C3F850
:10CF20000821D3F80811C3F8002596F82F1086F8C9
:10CF30002E10C3F81C21D3F81C11C3F81821D3F804
:10CF40001821C3F80053C6E76FF00F00C4E700BF15
:10CF5000E05E002000700040F85E00207FB562496E
:10CF6000614E3320FFF798FC10F0100F05460BD0F0
:10CF70005E4B1022C3F80823B218C3F82C260222F5
:10CF8000C3F8302601221A6015F0200F584C10D03B
:10CF900094F82E30554A072B05D0D2F834369BB280
:10CFA000E36000232361D2F80433DB0601D5FFF7E9
:10CFB00023FCA80717D5002294F82E308DF8042002
:10CFC000A2680292062BE268ADF80C2017D0072B5E
:10CFD00033D0032B07D1FFF787FD022384F82E30CF
:10CFE000236801A89847E9074ED594F82E30033BF3
:10CFF000042B49D8DFE803F0594828405D0094F835
:10D00000353023B1236913B1384B01221A602368EC
:10D0100001A89847374B93E8030086E803000023F4
:10D020002361A368002BDED1FFF75EFD042384F8A3
:10D030002E3005238DF80430D2E7FFF7DDFB022305
:10D040008DF804306368CCE704238DF8043001A820
:10D0500023689847254BD3F8F825D20444BF012212
:10D060005A602269062384F82E302AB11F4B616969
:10D07000C3F82C26C3F8301623692BB903238DF887
:10D08000043001A82368984794F82E30072B0AD063
:10D09000164B1948D3F8043300211840FFF7FCFB66
:10D0A000012685094DB904B070BD104B01225A60AC
:10D0B000EAE70E4B01229A60E6E795FAA5F3B3FA88
:10D0C00083F306FA03F225EA02055A08DB4303F06C
:10D0D00001038DF809308DF8046023688DF808206D
:10D0E00001A89847DEE700BFE85E0020007000401E
:10D0F000E05E0020F05E0020C0FF3F00827B002A3F
:10D1000038D1036803F01F015B0922D0012B26D11F
:10D11000194A02EB81021949D2F800370B4043F457
:10D12000C16343F00403C2F80037436803F01F00F3
:10D130005B0911D0012B17D10F4A02EB8002D2F804
:10D1400000370B4043F4C16343F00403C2F80037D7
:10D1500070474FF0A042DCE74FF0A042EDE701F549
:10D16000E07152F82130FFDE00F5E070002353F843
:10D170002030F8E7704700BF00030050F0F8FCFFD4
:10D18000036809490022C260C3F80813D3F80012EB
:10D1900021F4BC51C3F80012C3F80025012380F824
:10D1A000263080F82820704702029C012DE9F047C4
:10D1B000002380F827304B68046805460E46174662
:10D1C00033B1CB6803F06043B3F1005F40F04081BE
:10D1D0003378023B012B06D8336903F06043B3F187
:10D1E000005F40F035819C4BC4F8083395F8283037
:10D1F00003F0FF023BB1EB68C4F804336FF00F0893
:10D200004046BDE8F08707F01403B3FA83F35B09E7
:10D2100085F82830337885F82430737885F8253000
:10D22000F3682B6173686B613369AB61B368EB6161
:10D23000C7F3001385F829302F627378C4F8883556
:10D24000C4F86021D4F86031C4F84821D4F84831DA
:10D25000C4F82421D4F82431C4F80421D4F80431CA
:10D2600017F0010318BF0123C4F8503517F002036B
:10D2700018BF0123C4F840353378032B00F28180B6
:10D28000DFE803F05E764A024FF48073C4F80032A0
:10D29000D5E90423C4F84425C4F848350123A36024
:10D2A0004FF48011204608F0CAF90028F8D1D5E9DA
:10D2B0000623C4F84425C4F848354FF48023EB60B6
:10D2C0004FF0000817F0080910D13378032B0DD068
:10D2D000012B6A686BD12360002A55D073682BB983
:10D2E0006B68002B00F09280012363616B68002B58
:10D2F00000F08C80780744BF0023EB6079065EBFA6
:10D30000EB6843F00203EB60EB6843F40073EB60FF
:10D31000EB68C4F8043373E7D5E90423C4F8442563
:10D32000C4F84835D5E90623C4F83425C4F838359F
:10D330004FF48453C4F80032012323620223BEE772
:10D34000D5E90423B806C4F84425C4F848354BBFD2
:10D350004FF480734FF40073C4F80032C4F8003205
:10D360004CBF4FF480230223EB6001232362A7E725
:10D37000D5E90423C4F83425C4F838354FF4805374
:10D38000D8E76FF015089DE76A6902B96361DFF8B5
:10D39000CC904FF0010A3249204608F050F981053F
:10D3A00001D5C4F814A010EA090FF4D096E70123C0
:10D3B000A360002A92D16A6932B3DFF8A0A019EA0B
:10D3C0000A0F8BD12649204608F039F910F4007F66
:10D3D0008146F4D04FF08071204608F030F9D4F83F
:10D3E000003208B19A0505D401222262626140B17F
:10D3F0004FF00009DB05E2D54FF48021204608F00C
:10D400001EF94FF00009DAE76361D6E7D4F8C434B7
:10D41000C4F8C434002285F828206BB19A075ABF9B
:10D4200003F00108A8F18C086FF00D0813F0040F49
:10D4300018BF6FF00A08E3E67B063FF5E1AE291D51
:10D44000204608F0BAF8002808BF6FF08B08D7E62E
:10D450006FF00C08D4E600BF02029C010200040039
:10D460000202040070B5056886B002210446284611
:10D4700008F0E5F84FF400710646284608F0DFF89A
:10D48000D0B1D6B9E368C5F808330223E360E36896
:10D49000C5F804334FF08071284608F0D0F818B171
:10D4A000D5F800329B0502D401232B626B61012366
:10D4B00084F8273006B070BDAEB3236A5E060AD486
:10D4C00094F827303BB9211D284608F076F880F003
:10D4D000010084F82700236A13F004033BD1C5F848
:10D4E0006031D5F86021C5F85C31D5F85C3194F82D
:10D4F000293013B194F8273013B30023C5F8003254
:10D50000E360314BC5F8083345F30733002B17DBD5
:10D510005A09012103F01F03994002F160032B4ACD
:10D5200042F823100CE04FF48021284608F087F8D9
:10D5300094F82430002B2FD194F82930002BDDD023
:10D54000A38CADF804302369049363690293A36943
:10D550000593E3690393D5F8C434C5F8C434980738
:10D560002CD459072CD4DA072CD494F827309B00FC
:10D57000DBB28DF8003094F829300BB984F82830EC
:10D58000236A5B0703D594F82730002B92D0D4E9A7
:10D590000131684698478DE74FF40073C5F80032B3
:10D5A00040F20223E36003F1CE73C5F80833E36869
:10D5B000C5F804330123AB602B627BE70123D8E776
:10D5C0000223D6E70323D4E702029C0100E100E036
:10D5D0000368034A01F5C07143F82120704700BF7A
:10D5E0003546526E036803F01F025B09026004D0E7
:10D5F000012B034818BF002070474FF0A040704730
:10D6000000030050F7B5064608F005F9084608F093
:10D6100002F901A80196FFF7E5FF019B00EB8300EB
:10D620000C46D0F800372D49019440F20D650B40AF
:10D630002B43C0F8003701A8FFF7D4FF019B00EB94
:10D6400083000127D0F800370B402B43C0F8003788
:10D65000042007F089FC092501A80194FFF7C2FF07
:10D66000019AD0F81035D340DB0715D401A80196F4
:10D67000FFF7B8FF019B07FA03F3C0F80C3504204D
:10D6800007F072FC304608F0C6F8013D042007F0B0
:10D690006BFC15F0FF05DFD101A80194FFF7A2FF95
:10D6A000019A01239340C0F80C35042007F05CFC7C
:10D6B000204608F0B0F8042007F056FC01A80194B9
:10D6C000FFF790FF019AD0F81035D34013F0010F07
:10D6D0000CBF6FF08B00002003B0F0BDF0F8FCFF32
:10D6E00008B5124BA8220021184609F051FC03226C
:10D6F00002610F4942610F4A8161C2614FF40052D9
:10D700000262002282624262C26201660A49416686
:10D7100010218166094902670346C266426711F813
:10D72000010D98540132102AF9D108BD10200020B3
:10D7300040B60200100000200000002046B90200A0
:10D740002DE9F74FDFF88880182606FB008700FBDD
:10D75000066646447D6AD7F828C07368AC458146A2
:10D760008B46144603EB050025D83B6AA3EB050A5C
:10D770000AF1FF3E724507D82C4409F0FBFB7C629E
:10D78000012003B0BDE8F08FE64472451ED8524632
:10D79000019309F0EFFB019B2C44E41A05D070685B
:10D7A00022460BEB0A0109F0E5FB182303FB09886D
:10D7B000C8F82440E4E70CF1FF3CACEB050C9445C1
:10D7C00004D3254409F0D6FB7D62D9E70020D8E7D1
:10D7D00010200020F8B5144B182700FB07751D44D6
:10D7E00007FB00330E46DB6A012B14460AD0022BDE
:10D7F00014D023B9284608F01BF8844208D9002425
:10D800002046F8BD284608F013F8844228BF044695
:10D8100022463146284608F014F8F1E72846BDE8CC
:10D82000F84008F029B800BF10200020F8B50B4BD5
:10D830001B78532B04460E46174601D0FFF750FFC6
:10D8400008F049F83A46054631462046FFF7C2FF40
:10D850000446284608F047F82046F8BD102000206E
:10D86000034B182202FB00339A6A586A801A7047E9
:10D870001020002010B4084A08490023C85C12F8A0
:10D88000014D844204D10133102BF7D110BC7047F5
:10D8900010BCFFF725BF00BF46B9020010200020D2
:10D8A0002DE9F843044600AF0D46EFF311884023FD
:10D8B00083F31288BFF36F8F04282A4A98BF2A4B3C
:10D8C0009668117C94BF53F82030284BE9468AB003
:10D8D0006A462748CDE9073140F20133ADF82430DC
:10D8E000244BCDE9050442F8103F234800234FF4B0
:10D8F0003151F3F709FACD4645B1EB69C3F308039B
:10D9000023B11E4A1C48012104F0D4FD2EB130463B
:10D9100008F082FA08B1037803B91948E9468AB0D9
:10D920006A46184B0790CDE9053640F20133ADF851
:10D930002030154B42F8103F00230F484FF411518F
:10D94000F3F7E2F92946CD462046FDF74DFF88F36F
:10D950001188BFF36F8F3046F4F744FABD46BDE837
:10D96000F88300BF185F00201881020049B602004A
:10D9700057B6020005000001647602007FB602007F
:10D98000359B0200A0B602000400000138B50A4B26
:10D9900053F82040013053F82050A54200D838BD3C
:10D9A000606830B1037EDB0701D407F0A5FF0834BF
:10D9B000F3E723689847FAE72C81020070B52A4BF9
:10D9C0002A4C2B4D86B0012203201A70FFF7DEFF90
:10D9D00008F0E6FB0420FFF7D9FF2646AE4204F12B
:10D9E00030040FD300F0E2FE204CAC4226D300F00E
:10D9F000F1FEF0F7D3FC1F4A938923F001039381D2
:10DA000006B070BD54F80C3C059354F8103C0493D8
:10DA100054F8143C039354F8183C029354F81C3CFB
:10DA2000019354F8203C009354E90A2354E90C0173
:10DA300000F0BCFC54F8303C5E65CEE7D4E90A2324
:10DA4000B3F1FF3F08BFB2F1FF3F05D052EA030137
:10DA5000206803D108F0B7FA3034C6E70649183019
:10DA600001F0CCF8F8E700BF5868002030740200DD
:10DA70003074020000570020F55E020070B50023EC
:10DA800086B00122CDE90423134E144D01930F22D9
:10DA9000CDE902321249142303FB005506EBC016F0
:10DAA00004464FF4C07000FB04110E4B00954FF478
:10DAB000A072304600F07AFC337C0B4AEE6023F013
:10DAC000040333744FF4046304FB033313442C74D2
:10DAD0006B6006B070BD00BF80560020185F00204C
:10DAE000408A0020395A0200008200207FB50020C1
:10DAF000FFF74CFF294B83F30888294C636943F4F3
:10DB000000736361E02384F8223000252023E3774B
:10DB100025766576A57684F82050636A43F4E02381
:10DB2000636284F82350F3F7F5FFF4F745F94FF0FB
:10DB3000FF33A362E362F4F775FAF4F7BDF9F2F785
:10DB40006FFF1848184C00F0A9FC0120FFF71EFFDA
:10DB50000220FFF71BFF00F067FE144B14495C61C5
:10DB6000144B059301234FF40062CDE90353CDE933
:10DB70000155114B0095204600F018FC237C064609
:10DB800023F004032046237408F080F92846FFF7A9
:10DB900075FF094A31462046F4F7F0F8408A002024
:10DBA00000ED00E02058002000570020185F002002
:10DBB000C08B0020FC870200BDD9010038B5064C9F
:10DBC000064DAC4201D3002038BDD4E901122046F5
:10DBD00007F0B5FE1434F4E7B0270020B02700208A
:10DBE00038B5074C074DAC4201D3002038BD204664
:10DBF00007F0C9FE08B91C34F5E76FF01500F5E72A
:10DC00005C270020B027002073B50C46EFF311818C
:10DC1000402585F31288BFF36F8FC5685DB125601D
:10DC20002B68C360836901338361002081F311880D
:10DC3000BFF36F8F11E052EA030603D125606FF046
:10DC40000B00F3E7CDE900230246083000F00CFD9D
:10DC500018B9034B9B685B69236002B070BD00BFBD
:10DC6000185F00202DE9F341044617461E46EFF3E6
:10DC70001188402383F31288BFF36F8F304BC26843
:10DC80009B6872B18068984217D057EA060216D195
:10DC900088F31188BFF36F8F6FF00F0002B0BDE8FB
:10DCA000F08193F90E1021610132C4E9023288F348
:10DCB0001188BFF36F8F0020F0E72169F3E793F934
:10DCC0000E1090F90E30994230DA9942A8BF1946E9
:10DCD00007F0BDFE0546CDE900761A4822464146CA
:10DCE00000F0C2FC0028E6D0EFF31186402383F356
:10DCF0001288BFF36F8FA068D0B1236821699C425E
:10DD00000AD04BB193F90E309942A8BF19466FF073
:10DD10007F039942B8BF194607F099FE40B1094800
:10DD2000314608F00DF96FF00A00B7E70025D2E799
:10DD3000002DF4D186F31188BFF36F8FF3E700BF96
:10DD4000185F002059680020F8B583680546002B4D
:10DD50003FD0234A926893423ED1C368012B03D936
:10DD6000013BC3600020F8BDEFF31187402383F32C
:10DD70001288BFF36F8F0169806807F068FE2C6816
:10DD8000A54207D10023C5E9023387F31188BFF309
:10DD90006F8FE7E7002CF5D0D4E9003213605A60AA
:10DDA000237C002623F002032374C4E90066A660E6
:10DDB00004F1180008F060F9AC6094F90E302B61A2
:10DDC0002046A66708F062F80648394608F0B8F819
:10DDD000C8E76FF01500C6E74FF0FF30C3E700BF9C
:10DDE000185F00205968002037B51146EFF3118500
:10DDF000402282F31288BFF36F8F04689CB12368BE
:10DE0000426823F003039442036008BF436001218A
:10DE1000204607F09FFE044685F31188BFF36F8FFD
:10DE2000204603B030BD51EA0302F5D000F10802EC
:10DE3000CDE900131046294600F016FC0028EFD16A
:10DE4000014B9B685C69EBE7185F002070B5EFF34E
:10DE50001186402383F31288BFF36F8F0468A042BA
:10DE60001AD0CCB1D4E9003213605A60237C00256B
:10DE700023F002032374C4E90055A56004F11800DF
:10DE800008F0FAF82046A56708F000F8314608487F
:10DE9000BDE8704008F054B8D0E902329A4218BF89
:10DEA0000133836086F31188BFF36F8F70BD00BFAD
:10DEB0005968002013B5EFF31181402484F31288D0
:10DEC000BFF36F8F846844B1013C846081F3118893
:10DED000BFF36F8F002002B010BD52EA030406D1D9
:10DEE00081F31188BFF36F8F6FF00F00F3E7CDE977
:10DEF00000230246014800F0B7FBECE75968002018
:10DF000007B5074B0093074907484FF0FF334FF41D
:10DF1000006200F06DF9002003B05DF804FB00BF63
:10DF20004481020000940020805700202DE9FF4129
:10DF3000544E04464027EFF3118887F31288BFF34D
:10DF40006F8FD4F88450F5B9022104F19C0007F0DA
:10DF50003AFE002870D004F19405002201212846E1
:10DF600008F051F80028F8D1002302934FF0FF3257
:10DF70004FF0FF33CDE90023414604F18C024248C3
:10DF800000F07CFDD7E7D4F888202B68C4F88430F3
:10DF9000954208BFC4F88830D4F89C3043F002039F
:10DFA000C4F89C30EB6823F0040343F00103EB60FA
:10DFB0006B6888F31188BFF36F8F28469847EFF39B
:10DFC000118887F31288BFF36F8FEB68D80623F0B0
:10DFD00001023ED4EA60EB689A0717D5306823F057
:10DFE0000203EB6090B10368002178B1426895426A
:10DFF0003DD10368002934D172683360904200D16A
:10E000007360002340F8083BFFF720FFD4F89C30F2
:10E0100023F00203C4F89C30DB0530D4D4F88430FC
:10E02000003B18BF012388F31188BFF36F8F002BCB
:10E0300081D000F001FC7EE7D4F89C30D90693D55E
:10E04000C4F89C0088F31188BFF36F8F04B0BDE85B
:10E05000F08123F01103EB6005F11000FFF7F6FEED
:10E06000B9E70B607368984208BF7160C9E7014661
:10E070001BB11A6818461346B7E71A46FAE7002399
:10E08000D1E700BF385F00205968002070B5C36831
:10E09000C3F340069B0705460C460DD5012200211F
:10E0A00004F1080007F083FD00232360054B656041
:10E0B0005A681AB9C3E90044304670BD14605C6008
:10E0C000FAE700BF385F0020F8B5C3689A07044636
:10E0D0000E46C3F3400542D45F0742D40B680BB928
:10E0E00083680B60E368D80744BFA3683360376870
:10E0F0004CBF0225012557B31B4B9A68D7F88030D7
:10E100009A421ED107F07FFE80F00100C0B2D7F81E
:10E110009C30D907C3F380021CD5F2B1F8B10023BB
:10E120002360D7F8883073B9C7E92144384607F02F
:10E1300065FDE36843F00403E3603368A3602846A9
:10E14000F8BD0020E3E71C60C7F88840EEE76FF0F9
:10E15000150506E06FF0120503E01B07DFD56FF031
:10E160000F0500233360EAE7185F0020F8B5C368A5
:10E1700003F00503002B06460C4614BF01270027B9
:10E180001CD085680122002104F1100007F00FFD6A
:10E190001349204607F093FDE36843F01003E36062
:10E1A000F3685B0712D5336823606BB9D5F8883004
:10E1B00033B9C5E92144284607F020FD3846F8BDAB
:10E1C0001C60C5F88840F6E73460F4E7D5F8843081
:10E1D0002360D5F88830C5F88440002BEBD1F0E7F8
:10E1E000DD5B02000146014807F085BD8057002035
:10E1F000F0B589B004460020C4E921000E9D04F169
:10E200008C00C4E9230004F19400C4E9250055B34F
:10E210002879002840F2011008BF0120C4F89C00B2
:10E2200000204FF0FF364FF0FF37CDE90330CDE946
:10E230000100CDE906670D4B0094204600F002F97D
:10E2400055B1296811B1204607F0E3FD6B791BB188
:10E25000A38943F00103A381204607F0B4FEC4F86C
:10E26000804009B0F0BD0120D8E700BF2DDF0100DC
:10E2700037B501900846EFF31184402181F31288ED
:10E28000BFF36F8FC16811F01E0F16D153EA02055C
:10E2900008D101A9FFF718FF84F31188BFF36F8F2E
:10E2A00003B030BD41F00801C160019981620449A9
:10E2B000103000F0A3FC0120EEE70020ECE700BFE7
:10E2C000715C020001460148FFF7D2BF8057002071
:10E2D000F7B50C46019016461D46EFF31187402313
:10E2E00083F31288BFF36F8F084607F078FC55EA76
:10E2F000060309D101A92046FFF7E6FE87F311883E
:10E30000BFF36F8F03B0F0BDE368074943F0080324
:10E31000E360019BA36232462B4604F1100000F03B
:10E320006DFC0120EAE700BF715C02000146014874
:10E33000FFF7CEBF805700202DE9F0410546EFF3EF
:10E340001187402383F31288BFF36F8F0468A042C4
:10E350001CD0DCB1204607F049FD04F1180007F09D
:10E360008BFE0026B046C4F87880204607F08EFD6C
:10E370002C68A54206F1010610D07CB1204607F0BA
:10E3800035FD04F1180007F077FEECE787F31188FC
:10E39000BFF36F8F00263046BDE8F0810248394652
:10E3A00007F0CEFDF7E700BF596800202DE9F043E4
:10E3B000073285B022F007020E461F461099818170
:10E3C00000F158037F32C0E916330446002322F0DF
:10E3D0003F020421836001743F2A0F98A073C4E9AF
:10E3E0000633E37306F14009A2F1400805D883F330
:10E3F0001188BFF36F8F084602DFB5182946204603
:10E40000F3F73CF907300E9B20F00700A066C4E943
:10E41000189802930D9B01932D1A0C9B00932A468A
:10E420003B4631462046F3F777FC00236365044BF7
:10E430009B6803B1DB6EE366284605B0BDE8F08358
:10E44000185F0020F0B587B000250595109D049554
:10E450000F9D03950E9D0295DDE912760D9D0195A8
:10E460000C9D00950446FFF7A1FFB6F1FF3F08BFE2
:10E47000B7F1FF3F05D056EA070305D1204607F064
:10E48000A2FD204607B0F0BD3A46334604F118001D
:10E49000014900F0B3FBF4E7F55E020001230374C9
:10E4A00083810023C0E91833C366014B986070472D
:10E4B000185F0020094A93686FF00A0199670849BC
:10E4C00058674B6843F080534B60002383F31188F7
:10E4D000BFF36F8F9368986F704700BF185F00207D
:10E4E00000ED00E070B590F91020037C002A2FDBCE
:10E4F000D9062DD11A4C63F07F032246037452F8DB
:10E50000183FE169934207D1C0E900210860E0614A
:10E510000FE09942F8D01B68002BF5D093F90E60FC
:10E5200090F90E50AE42F4DD5968C0E90031086040
:10E530005860A569954200D005B9E568A3681A7CC2
:10E54000D20606D1DA897F2A03D9AA690AB963619A
:10E5500070BDAB4202D0284600F0D2FA6561F7E701
:10E56000185F002038B590F91020037C002A01467E
:10E5700004DA03F07F03037407F050FC0D4D2A46C4
:10E58000AB6852F8184F944200D004B9EC688B4243
:10E5900007D01A7CD20604D1DA897F2A01D9A26970
:10E5A0002AB1A34202D0204600F0AAFA23466B61AA
:10E5B00038BD00BF185F0020B3F1FF3F08BFB2F1C4
:10E5C000FF3F03D00249183000F018BB704700BF6E
:10E5D000F55E0200034648B9EFF3058232B9064AF8
:10E5E00051699268914201D0FFF764BF83F31188AB
:10E5F000BFF36F8F704700BF185F002038B5184C0D
:10E60000A168E0690B68814214BF1A46002249687C
:10E610000B605960A368E1692AB9124AC3E9002175
:10E620000B60E3610AE092F90E5093F90E00854207
:10E6300012DD5168C3E900210B605360A569094BE5
:10E640009D4200D005B9E568A3689D4202D02846E6
:10E6500000F056FA656138BD8A42DED01268DBE709
:10E66000185F0020305F0020F8B50E4B0C461146B5
:10E670000D4A98681060DDE90667EFF311824022C9
:10E6800082F31288BFF36F8F9D68284607F0D8FB8E
:10E69000284632463B46FFF78FFF2046BDE8F8404C
:10E6A000FFF708BF185F0020405F0020F8B5044660
:10E6B000EFF31187402383F31288BFF36F8F037C3E
:10E6C00003F01F02002A0CBF0126002649B235D1F3
:10E6D00003F07F03037407F0A1FB294D037C8173D2
:10E6E00063F07F032A46037452F8183FE8699342A7
:10E6F00007D1C4E900200460EC610DE09842F8D035
:10E700001B68002BF5D093F90EC08C45F6DD5968D7
:10E71000C4E900310C605C60AC69944200D004B97B
:10E72000EC68AB689C4202D0204600F0E9F96C61CD
:10E7300087F31188BFF36F8F3046F8BD9B071CD558
:10E74000856807F06BFB81732B689D4209D16B686C
:10E75000C4E900531C606C60EAE76A689A42F6D02C
:10E760001B68002BF3D093F90E208A42F5DD5A681E
:10E77000C4E9003214605C60DAE78173D8E700BF57
:10E78000185F0020034648B9EFF3058232B9064A04
:10E7900051699268914201D0FFF78CBE83F31188D2
:10E7A000BFF36F8F704700BF185F0020EFF3118138
:10E7B000402383F31288BFF36F8F054B9A68D37B96
:10E7C000013BD37381F31188BFF36F8F704700BF94
:10E7D000185F002070B5EFF31186402383F3128891
:10E7E000BFF36F8F0F4DAB68DA7B0132DA732A46C5
:10E7F00052F8184F944200D004B9EC681A7CD20643
:10E8000004D1DA897F2A01D9A2692AB19C4202D0B7
:10E81000204600F075F923466B613046BDE8704034
:10E82000FFF7D8BE185F0020024B03F11802C3E9BE
:10E8300006227047185F002070B5EFF31186402361
:10E8400083F31288BFF36F8F1A4CA168E0690B68DD
:10E85000814214BF1A46002249680B605960A368C0
:10E86000E1692AB9144AC3E900210B60E3610AE0B7
:10E8700092F90E5093F90E00854216DD5168C3E9F6
:10E8800000210B605360A5690B4B9D4200D005B978
:10E89000E568A3689D4202D0284600F031F9656121
:10E8A0003046BDE87040FFF705BE8A42DAD01268F4
:10E8B000D7E700BF185F0020305F0020F8B550EAAE
:10E8C000010306460C4603D1FFF7B6FF0020F8BD52
:10E8D000EFF31187402383F31288BFF36F8F124D3C
:10E8E000124BA8681860FFF73DFEA8681049234640
:10E8F0003246183000F082F9AA68137C43F0040312
:10E90000137404463846FFF7D5FDAB68D3E90A23F4
:10E91000B3F1004F08BF002AD8D107F0E2FB201A5C
:10E9200020EAE070D3E700BF185F0020405F0020BE
:10E93000F55E0200014B9868704700BF185F002029
:10E940002DE9F84304468789EFF31186402383F3CA
:10E950001288BFF36F8F037C190705D586F31188E2
:10E96000BFF36F8FBDE8F883D90943F008026FD178
:10E970000274A36813B1204607F058FA04F1180096
:10E9800007F07AFBA56D04F15808A84511D04FF0A7
:10E99000000975B1284607F049FA05F1180007F09B
:10E9A0006BFBC5F878902846FFF79CFDA56DA84540
:10E9B000EFD1DFF8BC80D8F808309C4250D1EFF39B
:10E9C0000589B9F1000918BF4FF00109D8F81850AE
:10E9D000284A954200D00DB9D8F80C50AB4202D06D
:10E9E000284600F08DF82046C8F8145003F048FE81
:10E9F000B9F1000F02D02048FFF750FDD8F80830D9
:10EA00009C4230D1EFF305836BBBA289D20711D5AD
:10EA100086F31188BFF36F8F83F31188BFF36F8F75
:10EA20000423184602DFEFF31186402383F3128894
:10EA3000BFF36F8F3046FFF73DFDFB0792D50023F4
:10EA400083F31188BFF36F8F0423184602DF89E731
:10EA500003F07F0343F00803037407F0DFF988E74E
:10EA60004FF00009B2E786F31188BFF36F8FE4E738
:10EA7000185F0020305F002020580020D3B5DDE96A
:10EA80000667089CCDE90067FFF7EEFD1CB1034B5C
:10EA90009B685B69236002B0D0BD00BF185F002097
:10EAA000027C12F01F02034610D10A4988420DD0A1
:10EAB0000949086868B1D9897F2909D893F90E20D6
:10EAC000064B1B689A42B8BF002070470020704771
:10EAD00010467047805600208C260020445F00209E
:10EAE000044BC01A044BC0105843044B01221A5463
:10EAF000704700BFA0580020ABAAAAAA59680020FE
:10EB000070B50C4B0C4D1E7CFFF7CAFF182303FB9E
:10EB100006550446284607F0AFFA084B00229A55DE
:10EB20003CB1621E28460649BDE87040D31700F08C
:10EB300065B870BD185F0020A058002059680020FB
:10EB4000E1EA010038B5EFF31185402383F3128821
:10EB5000BFF36F8F0F4B104A9C681068A04206D11C
:10EB6000FFF7CEFF85F31188BFF36F8F38BD00210B
:10EB70001B7C1160094AD35C002BF3D02046FFF7C1
:10EB80008FFF0028EED0237CDB0601D1FFF736FD96
:10EB90002046E5E7185F0020405F0020596800200C
:10EBA000024B1868984208BF00207047902600204A
:10EBB000034B1B680BB9FCF79BBD0020704700BFDF
:10EBC000485F002030B570B10B4B5B6898420AD0AB
:10EBD000036843B1D3E90421D0E90445121941EB9C
:10EBE0000501C3E90421D0E9003213605A60002313
:10EBF000C0E9003330BD00BF90260020B3F1FF3FD5
:10EC000008BFB2F1FF3F2DE9F84F0446994615467B
:10EC10001F467AD08160EFF31188402383F3128876
:10EC2000BFF36F8FB9F1000FDFF8E4A020DBFFF72F
:10EC3000BFFFDAE90027013549F100092D1849EB3A
:10EC4000E073C4E90453AD18064643EB07074FF0E1
:10EC50000109FFF7A5FFDFF8BCE0DEF804A00346DA
:10EC6000EBB9C4E900EACAF80040CEF8044028E055
:10EC7000DAE900126FF001035B1A4FF0FF3161EB2C
:10EC800002025B1B62EB0902012B72F10001BCBFA7
:10EC900001230022C0E904324FF00009D9E7D3E98B
:10ECA000041CD4E904208A4270EB0C0B24DA891A84
:10ECB0005A686CEB0000C3E90410C4E90032146028
:10ECC0005C60FFF76DFF84420ED1134B1B685BB98C
:10ECD000B9F1000F02D1FFF76BFF0646304607F08F
:10ECE000B4F90021FCF7D6FC88F31188BFF36F8FCD
:10ECF00028463946BDE8F88F521A60EB0C005345A0
:10ED0000C4E90420ADD01B68AAE700252F46EFE731
:10ED1000B858002090260020485F00202DE9F047D9
:10ED2000DFF8A890DFF8A880C9F800000246FFF7D6
:10ED300037FF0D4600260027D8E900134FEAE27E90
:10ED400050B1D0E9044CA2427EEB0C0A1BDAA41AA3
:10ED50006CEB0E06C0E9044652184FF0000443EB7A
:10ED60000E032046C8E90023C9F8004007F06DF9FA
:10ED70002146FCF78FFC85F31188BFF36F8FBDE848
:10ED8000F047FFF7DFBE611843EBE473C0E90467A7
:10ED9000C8E90013FFF716FF01224FF00043C0E956
:10EDA000042385F31188BFF36F8F83689847EFF3CF
:10EDB0001185402383F31288BFF36F8FD9F80020A9
:10EDC000121BC9F80020FFF7EBFEB5E7485F0020F3
:10EDD000B858002010B5EFF31184402383F3128854
:10EDE000BFF36F8FFFF7E4FE054A0346D2E9000147
:10EDF000181841EBE37184F31188BFF36F8F10BDD6
:10EE0000B8580020F8B50446EFF31187402383F388
:10EE10001288BFF36F8FD0E90423B3F1004F08BF0E
:10EE2000012A04D087F31188BFF36F8FF8BDD0E9B2
:10EE30000A566A1C46F10003022A73F1000334D318
:10EE4000013D46F1FF36002EBCBF00252E4607F0DF
:10EE50004CF9013041F10001401946EB0101012854
:10EE600071F1000147DB07F040F9013041F1000189
:10EE70006FF00203401946EB010183426FF000433B
:10EE80008B413DDB07F031F9013041F100016FF0BA
:10EE90000102401946EB0103121A4FF0FF3161EBFA
:10EEA000030319492046FFF7A9FE236B01332363AF
:10EEB000236A63B187F31188BFF36F8F20469847A9
:10EEC000EFF31187402383F31288BFF36F8F54F859
:10EED000185FA542A6D0002DA4D0284606F0E5FF75
:10EEE0000023AB6787F31188BFF36F8F2846BDE817
:10EEF000F84006F0CBBF6FF001024FF0FF33D0E7D0
:10EF000000224FF00043CCE705EE01002DE9F0416F
:10EF100005461C4690461F46EFF31186402383F3B7
:10EF20001288BFF36F8FB4F1FF3F08BFB2F1FF3F0C
:10EF300005D186F31188BFF36F8FBDE8F081002CF7
:10EF400009DB012A74F10003BCBF0122002412F185
:10EF5000FF3844F1FF37284607F08EF8DDE9060157
:10EF60000023C5E90A012B6342463B462846024975
:10EF7000FFF744FEDDE700BF05EE010070B5054672
:10EF8000EFF31184402686F31288BFF36F8F07F0EA
:10EF900073F820B184F31188BFF36F8F70BD6B6A73
:10EFA00063B184F31188BFF36F8F6B6A284698476B
:10EFB000EFF3118486F31288BFF36F8F05F1180009
:10EFC00006F0A8FF0028E5D006F060FF21460248C1
:10EFD000BDE8704006F0B4BF5A680020F8B5074697
:10EFE0000C46164606F00FFF08B10020F8BD0D4B89
:10EFF0009B68DD6E002DF8D0221DF6D2EFF3118450
:10F00000402383F31288BFF36F8F47F00401284633
:10F01000B04784F31188BFF36F8F0028E5D040F824
:10F02000045BE3E7185F00200146024A0020FFF777
:10F03000D5BF00BF9F1B020001680E4A91420346E4
:10F0400015D1C169A2F11022A2F1EF1291420ED1A5
:10F050008268012A0BD8C26812B101698A4206D0BF
:10F06000586928B19B691B1A5842584170470120C2
:10F07000704700BF55AA00FF70B50E4B9E68B6B131
:10F080003046FFF7D9FF044618B9F3687BB93569F4
:10F090000DB9204670BD2846FFF7CEFF28B9EB68B2
:10F0A000B34204D12E462D69F2E70446F1E701246C
:10F0B000EFE700BF4C5F00202DE9F041404D0646D0
:10F0C0006869884607F070F818B100242046BDE84A
:10F0D000F0812C68DCB1AC68CCB1002E6AD0B8F1FC
:10F0E000000F69D008FB06F7B7FBF6F6B04565D10F
:10F0F000391D63D8BA0710D027F003020432EC6838
:10F1000003E0616891420AD2A469002CF9D16869D0
:10F1100007F050F80028D9D0D7E73A46EFE7D4F8FF
:10F1200008C0BCF1000F02D0012007F039FF891A96
:10F13000232904F120061CD80123A360D4E9052368
:10F14000AAB19361A3690BB162695A610023C4E952
:10F1500005332B69DB0703D5FFF78EFF0028E3D1CA
:10F160003A4600213046344607F012FFCFE7EB6005
:10F17000E8E702F1200023182039C3E9011CDC6014
:10F180002169DFF840C0196144F800C00E48D86119
:10F1900001B1CB6061695961A069986141B18B612E
:10F1A000996901B14B610121C4E901212361CDE7D6
:10F1B000EB60F5E73446AAE74446A8E70446A6E72D
:10F1C0004C5F002055AA00FF669911EE70B5424EC3
:10F1D0000546706906F0E8FF00287BD1002D5FD05E
:10F1E0003368002B5CD0B268002A59D09D4203D30B
:10F1F000726813449D4202D3012007F0D1FEA5F1AD
:10F2000020042046FFF718FF0028F5D155F8183CD8
:10F21000012BF1D155F8143C45F8180CC3B19A688C
:10F22000002A42D155F81C2C02F120015A680A44E8
:10F230005A6055E905321A6155F8145C2B6903B11F
:10F24000DD6020462022002107F0A2FE23462C4646
:10F250002069002836D08268002A33D1636842686A
:10F2600020331344636003692361D4E90523F2B9B1
:10F2700023BB436963618269A2610BB39C61A3698B
:10F2800003B15C61236903B1DC602022002107F037
:10F290007FFE33699B0703D5FFF7EEFE0028ABD155
:10F2A0007069BDE8704006F085BF0023D0E7936128
:10F2B000A369002BDDD062695A61DAE7F360F7E7F2
:10F2C000F460DCE7002BE4D1F368A36103B15C6177
:10F2D000F460DEE770BD00BF4C5F002070B5174ED4
:10F2E00014220C4605460021304607F051FE144812
:10F2F000706106F056FF1349134800F035F8232CCF
:10F300001BD915F003031FBF043CE418C3F1040329
:10F31000ED1822460021284607F03AFEC6E90054BF
:10F32000203CB5606C60B368084A1A60B368F3604B
:10F33000A2F11022A2F1EF12DA6170BD4C5F002041
:10F3400098260020CDF10100B9F0010055AA00FF78
:10F35000014B1B68184700BFFC260020014B1B68AF
:10F36000184700BFF8260020024B1860024B00200F
:10F3700019607047FC260020F826002010B50A46C8
:10F38000044619B1024B00211B68984710BD00BF0D
:10F39000508102000E4B0340B3F1607F06D1B1F5FE
:10F3A000885F0CBF00206FF086007047B3F1707F5C
:10F3B0000BD101F4E043B3F5005F06D111F4E06F27
:10F3C00014BF00206FF0860070476FF08600704712
:10F3D0000000C07F8A42F8B506460D4600F00A815B
:10F3E00001F0FE41B1F1C06F61D1884C22F4FF7190
:10F3F00021F00101A14222F0FF0014D004F588544D
:10F40000A04210D022F47F7626F00306A4F57064A3
:10F41000A64208D004F5A064A04204D004F57454B8
:10F42000A14240F0EB80D1B2784E19B922F480614C
:10F43000B14224D125F4FF7424F00104B44225F034
:10F44000FF0112D0724EB1420FD025F47F7727F022
:10F450000307A6F57066B74207D006F5A066B1426D
:10F4600003D006F57456B44209D115F0FF0406D056
:10F47000684E44F00074B44204BF02460D468BB19E
:10F4800022F4FF7323F00103B3F1062F06D0624B81
:10F4900022F4FF6121F00701994203D122F4807226
:10F4A00025F48075954214BF00200120F8BDB1F10C
:10F4B000A06F16D102F0FE43B3F1A06F40F0888038
:10F4C00082EA050333F47E1340F0828028047FD55E
:10F4D000C5F30540C2F3054290428CBF00200120D5
:10F4E000E4E74E4B9D4209D1A3F500439A4200F058
:10F4F00081804B4B22F47E109842D4E7B1F1407FDB
:10F5000060D102F0FE43B3F1407F5BD182EA050097
:10F5100030F47E1456D131462846FFF73BFF0028D1
:10F520006AD1404912F47C1701EA020113D0B1F10B
:10F53000607FC2F3054333D1D1B241F0007101F1D4
:10F540007E410339122901D83748445C15F47C1FE9
:10F550002DD19C42A7E7B1F1607F0AD1D3B243F02D
:10F56000007303F17E43033B122B4BD82F49CB5C36
:10F57000E2E7B1F1707F17D106F4E043B3F5005F25
:10F5800042D1C6F3022101238B4006F4E041B1F5DC
:10F59000005FDBD1C6F30226012000FA06F4D5E7AE
:10F5A000B1F1707FD2D1F0E700242346CEE71FB936
:10F5B000C5F30541A1421DD0290403D5C5F305407B
:10F5C00098428AE71A4B9D4202D1B2F1082F6AE7AE
:10F5D00025F0004323F47F03B3F1106F0CD102F048
:10F5E000FE43B3F1106F07D11248104040F0106095
:10F5F000A84258E7012059E7002057E7002B7FF485
:10F6000046AF4FE7002397E70023BEE7000200065E
:10F6100000130006FF000002004000060093C00433
:10F62000000140050000C07F47B9020047B9020051
:10F630000002C0030000FFF670B505460F480E46F5
:10F6400006F0B2FD044618B16FF08F04204670BD7D
:10F650006B6933602B7F012B0ABF022330602B774D
:10F66000064818BF6FF0960406F0A4FD0028EDD000
:10F67000002CE9D06FF09604E8E700BFE0260020F8
:10F6800038B50C4C0C4806F08FFD65780A4806F03A
:10F6900091FD0A4806F088FD022D08D12478E31F69
:10F6A0005C425C41054806F085FD204638BD0024DB
:10F6B000F8E700BF645F0020B0260020C8260020C5
:10F6C0002DE9F047894615461C4600F0C3FC064666
:10F6D000002851D1D9F80070B7F800A00AF4E0432F
:10F6E000B3F5804FBB6808BF25F0010535EA030379
:10F6F0003AD1002C40D0B5F5006F40D0A5F50052AE
:10F7000055425541284A24F4FF7323F001039342E4
:10F7100013D0264924F0FF028A420ED024F47F70D1
:10F7200020F00300A1F57061884206D001F5A061C8
:10F730008A4202D01E4A934223D114F0FF0304D020
:10F740001C4A43F00073934222D0F9682B462246AC
:10F750005046FFF73FFE804670B939692B46224676
:10F760005046FFF737FEE0B96FF084060023C9F872
:10F770000030384600F0A6FC3046BDE8F087012591
:10F78000C0E704F0FE43B3F1407F04D12304DCD58D
:10F790006FF08606EAE7B3F1A06FF7D0054B9C4205
:10F7A000D2E74646E8E700BF000200060013000665
:10F7B00000460006FF00000238B500F0FE43B3F13A
:10F7C000407F04460D4602D06FF0860038BDFFF73B
:10F7D000E1FD0028F8D114F47C1F18D0C4F30543D0
:10F7E000032B137022D9224A2240B2F1607F31D11B
:10F7F000E4B244F0007404F17E44033C122CE3D8DC
:10F800001C4A125D9342DFD8202BDFD90EE0184B43
:10F810002340B3F1607F0FD1E3B243F0007303F1F3
:10F820007E43033B122B04D9002313706FF0850035
:10F83000CCE71149CB5CD3E7B3F1707FF4D101F48D
:10F84000E043B3F5005FEFD1C1F3022101238B4008
:10F85000DBB2C5E7B2F1707FB6D105F4E042B2F594
:10F86000005FB1D1C5F302250122AA40CAE700BF5B
:10F870000000C07F47B9020047B902002DE9F341FB
:10F880004768D0F81480044638460E4606F08FFFCD
:10F890000546E8B9FFB22FB9B8F1000F05D06FF0F7
:10F8A000860515E0B8F1000FF9D0A36823F0031323
:10F8B00023F47F43002BF2D162884FF6F8739A420B
:10F8C00028D81648277906F06FFC28B16FF08F050D
:10F8D000284602B0BDE8F08107B901A8314600F022
:10F8E00069FB05460D4806F065FC10B1002DEFD10F
:10F8F000ECE7002DECD10FCCD6F800C066460FC661
:10F9000094E8070086E80700002FE1D1019BCCF8BE
:10F910001430DDE76FF08505DAE700BFE026002050
:10F9200010B5044650B1064806F03EFC204606F0ED
:10F9300072FDBDE81040024806F03CBC10BD00BF9F
:10F94000E026002013B5044610B301A900F082FBA5
:10F950000446E8B9194806F027FC0346019853B15C
:10F96000002406F00FFF002818BF0446134806F0D5
:10F9700021FC68B109E0037F032B11D106F002FFDF
:10F9800004460E4806F016FC28B10CB96FF08F043F
:10F99000204602B010BD002C08BF6FF08704F7E7C7
:10F9A000022B07D1032303770379FF2BD8D16FF004
:10F9B0008404D6E76FF09604D3E700BFE02600206A
:10F9C0002DE9F0411E4688B090460022038805923A
:10F9D00005460F46CDF81C803260B8F1000F65D0A7
:10F9E000B8F1005F80F0A18023F0FF03B3F5E24F90
:10F9F00002D0B3F5824F25D1284606F0EAFB044633
:10FA0000002840F08680EB6883B16A8872B12B8849
:10FA100003F44F41B1F5824F02D0B1F5884F05D1C3
:10FA2000DBB2222B36D02CD8122B38D03A4608EB3A
:10FA30000701002312F8010B8A4243EA0003F9D1BF
:10FA4000002B33D005A92846FFF718FF0446A0B9BC
:10FA5000059B9B6A6BB3059B5A88069206AA029285
:10FA600003F1280201929A6A00925B6A4246394683
:10FA7000284606F0CEFE044680B30598FFF750FFF7
:10FA800047E0273BDBB21B2BD0D8294921FA03F3EF
:10FA9000DB07CBD50732B8EBD20FC7D206E040F276
:10FAA00009239A42F6D1B8F1400FBFD86FF086040F
:10FAB0002FE06B681B0A07D10799059806F06BFCCD
:10FAC00004460028C7D0D8E707AB42463946284647
:10FAD00006F077FE04460028EED0CEE70599069B97
:10FAE0004A88D2B94B80069A4FF6F8739A4219D8D1
:10FAF0002B88059813B102889A4210D16B8813B1F4
:10FB000042889A420BD13146FFF796FD0446002801
:10FB1000B3D1204608B0BDE8F0819A42E3D06FF03F
:10FB20008604AAE76FF08504A7E76FF08504F0E785
:10FB30000102000C38B504460D46FFF7A1FD30B1B7
:10FB40002A4621460348BDE8384006F009BF6FF059
:10FB5000880038BD685F002073B5002203880A6002
:10FB60000092428804460D46002A00F0FF80028879
:10FB700002F4E042B2F5804F00F0F88023F0FF037A
:10FB8000B3F5E24F02D0B3F5824F04D1204606F020
:10FB900020FB0646D0B969462046FFF76FFE0646B1
:10FBA00060BB009B9B6AA3B10099204601F128032A
:10FBB000D1E9091206F00FFE06460098002E40F02B
:10FBC000D2802946FFF738FD0646B8B9304602B064
:10FBD00070BD63681B0A40F0BD802288618802F412
:10FBE000E043B3F5805F0DD0B3F5005F0AD002F4B7
:10FBF0004F40B0F5824F1ED06FF085060098FFF79A
:10FC00008FFEE3E7104606F097FB06460028F5D185
:10FC100047F201039A4220D14B080133DB0803EB82
:10FC2000C3033B330193DDE9000106F0B4FB064654
:10FC30000028B9D0E2E7B3F5E04FDDD147F2010388
:10FC40009A42E9D022F0FF03B3F5884F15D1CB1DBE
:10FC5000DB0803EB43030133E4E744F201039A4278
:10FC600002D1CB081033DDE722F0FF03B3F5E84FF4
:10FC7000EAD1CB1DDB085B00D4E7B3F5EE4F67D0CC
:10FC8000B3F58E4F02D1CB1DDB08CBE702F44F401A
:10FC9000B0F5824F02D0B0F5884F06D1D0B24228DD
:10FCA00001D1CB08D7E74128EDD0B3F5E24FEAD038
:10FCB000B3F5824F03D1CB1DDB085B00CBE744F2E9
:10FCC0000D039A4224D844F201039A42DBD9A2F5EB
:10FCD0008042023A0B2AD6D801A353F822F000BF83
:10FCE00025FD010087FC010031FD010087FC0100BA
:10FCF00087FC010039FD010041FD010087FC010086
:10FD000087FC010049FD010087FC010049FD01005D
:10FD100047F202039A421BD047F204039A42B2D13F
:10FD200040237FE74B094FF4A0725343203379E718
:10FD30000B0A4FF4C072F8E7CB1DDB08183371E7EC
:10FD4000CB1DDB081C336DE7CB1DDB08023392E7CC
:10FD5000202367E701A9204606F038FD0646002863
:10FD60003FF461AF4AE706F04BFB47E76FF08606CA
:10FD70002CE700BF10B51C4C1C4806F015FA237880
:10FD8000590744BF03F0FB0323709A0705D500F021
:10FD9000F7F8237823F002032370144806F00AFAD8
:10FDA000134806F001FA637813B1124806F0DAFD41
:10FDB00000234FF4AC710F486370FFF7DFFA0C4873
:10FDC00006F0F8F9094806F0EFF92378DB0705D5C6
:10FDD00006F0F6FC237823F001032370BDE8104001
:10FDE000024806F0E7B900BF645F0020C826002083
:10FDF000B0260020685F002070B5FFF741FC10B10D
:10FE00000024204670BD344806F0CEF9044620B1E7
:10FE10006FF08F04FFF7AEFFF3E7304D2B789E07AE
:10FE200006D400F0A5F82B7843F0020304462B70AB
:10FE3000294806F0BFF910B1002CE9D0EAE7002C00
:10FE4000E8D1254806F0B0F904460028E0D12B7827
:10FE5000D80706D406F0B2FC2B7843F00103044621
:10FE60002B701D4806F0A6F90028E5D1002CD1D151
:10FE7000194806F099F90028CAD117482E7806F0DB
:10FE800099F90028C4D1164806F08EF904460028D6
:10FE9000BED16B783BB9F10705D5124806F05EFD7F
:10FEA000022304466B700E4806F084F90028C3D183
:10FEB000002CAFD1084806F077F90028A8D12B789C
:10FEC00005485A075CBF43F004032B7006F072F933
:10FED000002895D09CE700BFC8260020645F002062
:10FEE000B0260020685F002000F140420F2A30B5A4
:10FEF0000CD81D4B2C2404FB02331A7F022A02D19A
:10FF00005A69824224D06FF08B001AE0441E6FF0D1
:10FF100040439C420ED2144A00241346157F022D02
:10FF200002D15569854210D00134102C02F12C0207
:10FF3000F4D1E8E70D4BA2F580529A42EBD96FF06D
:10FF4000870030BD6FF09600FBE72C2202FB0433E4
:10FF50001A7F022AF6D11A6A501CF3D001321A62B3
:10FF600000200B60EDE700BFC0600020FFDFFF3F17
:10FF7000024B012283F8C02200207047C06000209D
:10FF80002DE9F0410A4C002526464FF001080327D1
:10FF9000C4F8208027772046013506F03CFA102D62
:10FFA00004F12C04F4D1002386F8C032BDE8F081BE
:10FFB000C0600020F8B5244D064624480F4606F0E0
:10FFC000F3F895F8C042214806F0F4F8002C34D03C
:10FFD00000242B462246197FF9B13CB9022905D1EC
:10FFE000196A19B91979002918BF1C460132102A5B
:10FFF00003F12C03EFD114B96FF08C000BE0237FD9
:020000022000DC
:10000000022B04D1236A5A1C1CBF013323622046F1
:1000100006F001FA10B100240DE01C46237F7BB9E5
:100020000123237736B10A4B651BAD105D4305F103
:100030008045356000203C60F8BD6FF08800EAE73D
:100040006FF09600E7E700BFC0600020C8260020E0
:10005000A38B2EBA002370B50B60044616480D46DC
:1000600006F0A2F8154B144893F8C06206F0A2F807
:10007000FEB1134806F098F8064618B16FF08F04E9
:10008000204670BD20462946FFF72EFF10F18C0F49
:10009000044607D00A4806F08DF80028F0D0002C5E
:1000A000EED1EBE706482E6006F084F86FF0870487
:1000B000E6E76FF08804E3E7C8260020C060002070
:1000C000E026002010B50446084806F06DF840B957
:1000D000204606F057FB0446044806F06BF810B1C2
:1000E0000CB96FF08F04204610BD00BFE026002041
:1000F00070B40A4E4568DCB244F00074B4424FEA72
:10010000152503D035B970BC00F0CCB86FF0850070
:1001100070BC70476FF08600FAE700BF0500000270
:10012000F7B5089E0D4FF5B2044645F000754868D6
:10013000BD424FEA10200AD060B9009604F10800D1
:1001400000F07CF808B91C23236003B0F0BD6FF009
:100150008500FAE76FF08600F7E700BF05000002B0
:10016000F7B5089E0D4FF5B2044645F00075486896
:10017000BD424FEA10200AD060B9009604F1080091
:1001800006F0EFFC08B91C23236003B0F0BD6FF04C
:100190008500FAE76FF08600F7E700BF0500000270
:1001A0002DE9F0414FF6FF749C4228BF1C460D46D6
:1001B0001FFA84F81646AAB1A1B19BB10B4F38467D
:1001C00005F0B2FB18B96FF09200BDE8F081BB6892
:1001D00042461B683146384698470028F3D1E40070
:1001E0002C60F2E76FF08600EFE700BF08720200B4
:1001F0007FB50024C0F848410F4C0094054606F036
:100200005EFB044698B903AB102205F59C7601937A
:100210000092334605F59471284606F063FB0446C8
:1002200028B9304606F0CCFB204604B070BD284605
:1002300006F064FBF8E700BF004440042DE9F041FC
:100240001E46069B1746154A23F47E139342044626
:100250000D461BD10B88B3F5105F17D1A6F1100224
:10026000102A17D80E4BD340DB0713D54FF4A672D4
:10027000002106F08DFE022384F84C313A463346C5
:1002800029462046BDE8F041FFF7B2BF6FF0850078
:10029000BDE8F0816FF08600FAE700BF0002C003FE
:1002A000010101002DE9F04323F47E16124BDDF825
:1002B0002C909E42DDE9077CDDE909E815D1038831
:1002C000B3F5105F11D1A2F11004102C11D80B4D11
:1002D00025FA04F4E3070CD5CDE90989CDE907CE69
:1002E0003B46BDE8F04306F013BC6FF08500BDE867
:1002F000F0836FF08600FAE70002C00301010100FD
:1003000073B50C4611461A462388069EB3F5105F56
:10031000054619D1A2F11004102C12D80C4BE34061
:10032000DB070ED50B4B9E420ED1002400942346D2
:1003300000F0A0F885F81C41C5F81861204602B00D
:1003400070BD6FF08600FAE76FF08500F7E700BF39
:1003500001010100004440042DE9F04116461F460A
:10036000D0F818210E4B9A420546884611D13146E5
:1003700000F0A0F8069B984204460DD83346284664
:100380004246394600F0A4F8079B00201C60BDE8F7
:10039000F0816FF08500FAE76FF08900F7E700BFA2
:1003A0000044400430B58BB0044618220D4604A822
:1003B000002106F0EDFD4FF41053ADF80C3020464F
:1003C0004FF48073ADF80E30059306F097FA4FF4B2
:1003D00094720021204606F0DBFD0B4B00932A4669
:1003E000202303A9204606F06AFA50B905F120033C
:1003F00004F59474303553F8042B44F8042BAB42C5
:10040000F9D10BB030BD00BF0044400470B5184EA8
:10041000049C4588B34202D06FF0850070BDEE1D8C
:10042000B2EBD60F4FEAD60302D06FF08600F5E7A5
:10043000079A934218D8089A1360008847F212125C
:100440009042E9D1059A5B0001339342EDD12378C4
:10045000042BEAD1B5F5807FDED10698621C00F04E
:1004600067F90028DAD0E0E76FF08900D6E700BF2F
:1004700000000209F8B5069F04461D4661B1164604
:10048000AFB9E0F73DF8002384F8116184F810312A
:1004900084F8127184F8133145B11022294604F111
:1004A000F00006F067FD012384F81331F8BDE0F792
:1004B000BBF9E8E751B190F8103190F812210B44E4
:1004C00002F001029B1A23F00F00704708467047A4
:1004D0002DE9F04F044687B090F8120194F810917E
:1004E0000090002B55D0924600F00108C9F110028F
:1004F0001E4608EB0203B34204F5807700F2C48085
:100500000D46002A40F0B380009B002B6AD194F87E
:10051000133104F1F009C846002B40F0C18094F873
:100520001131224639464846DFF796FE0F2E40F23B
:10053000CE80A6F1100323F00F031033019305EBD7
:10054000030BD04694F813C1102341464A4638465F
:10055000BCF1000F20D0E0F799FB10224946284655
:1005600006F008FD103594F8113122463946484608
:10057000DFF772FE5D4508F11008E3D116F00F06B3
:1005800021D184F81061C84610224146584606F031
:10059000F1FC07B0BDE8F08F102206F0EBFC102252
:1005A0004946284606F0E6FC103594F811312246FB
:1005B00039464846DFF750FEAB4508F11008C1D177
:1005C00016F00F06DDD0019B9A445146384632465C
:1005D00006F0D0FC009B84F81061002B7DD00DF15B
:1005E0000808D1E794F811312246394602A8DFF70E
:1005F000C9FF94F81331002B5BD1B8F1000F0CBF89
:100600004FF010094FF011094E4529D304F1F008BD
:1006100001E04E4524D3514610223846924406F05C
:10062000A9FC102202A9284606F0A4FC94F8113176
:100630002246394602A8DFF7A5FF94F81331103E91
:100640001035002BE5D002A9084642461023E0F7FA
:100650001DFB10223946404606F08CFC4E45DAD28E
:100660002EBB84F81061AB460DF108088CE75146AB
:1006700007EB0900924406F07DFC009B103E4E44BF
:10068000002B3FF444AFADE707EB0900514632467B
:1006900006F070FCB14484F8109107B0BDE8F08F0B
:1006A00010234A4639463846E0F7F0FA37E7AB46BA
:1006B0008BE702A904F1F0094A4608461023E0F747
:1006C000E5FA48461022394606F054FC95E7002E1C
:1006D000EDD184F81061AB4656E704F1F00952E71A
:1006E00000B589B00146684600F03CF809B05DF8F5
:1006F00004FB00BF00B591B00146684600F06AF9FE
:1007000011B05DF804FB00BF30B599B005466846EE
:1007100000F028F86946044608A800F053FA08A932
:100720000443284600F08AF9204619B030BD00BFC6
:1007300070B598B005466846164600F013F8314685
:10074000044608A800F046F908A96A46044308468A
:1007500000F082F908A90443284600F06DF920460C
:1007600018B070BD70B50B68124E1BBAC3614B68F0
:100770001BBA83618B681BBA4361CB681BBA0361E8
:100780000B691BBAC3604B691BBA83608B691BBAC8
:100790004360CB691BBA3246036001460446E0F76A
:1007A00065F83146054602462046E0F77FF8681EA8
:1007B00070BD00BF548102002DE9F04188B00C46A5
:1007C000064602F12001684606F120079046E0F750
:1007D00047FB6A4669466846E0F764FA6946384668
:1007E000E0F73EFB3A463946384604F12005E0F78B
:1007F00059FA6A4669466846E0F754FA414628467F
:10080000E0F72EFB6A4641463046E0F711FB2A46E8
:1008100029466846E0F746FA2A4669466846E0F700
:1008200041FA124A69466846E0F73CFA69462046B2
:10083000E0F716FB324621462046E0F771FA3246D1
:1008400021462046E0F76CFA224631462846E0F77A
:1008500067FA6A4629462846E0F7EAFA3A46294600
:100860002846E0F75DFA08B0BDE8F0813482020066
:10087000F0B599B004460D460A4601466846E0F7D1
:100880004FFA69466846E0F7EBFA6A46214608A83F
:1008900005F1200604F12007E0F7CAFA6A46294666
:1008A0006846E0F7C5FA3246394610A8E0F7FAF98B
:1008B000324639463046E0F733FA31462846E0F70B
:1008C000CFFA6A4608A92046E0F7ECF92246294605
:1008D0002846E0F725FA6A4608A96846E0F720FAB4
:1008E0006A4639463846E0F7A3FA2A4608A9684618
:1008F000E0F716FA6A4631463046E0F799FA3A468A
:1009000031463046E0F70CFA10A96846E0F7A8FA3D
:10091000224669462046E0F703FA08A9224608461F
:10092000E0F7FEF910A908AA0846E0F781FA3A466E
:1009300010A93846E0F7F4F919B0F0BD2DE9F041FF
:1009400088B00C46054690460A4601466846E0F7E0
:10095000E7F969466846E0F783FA6A462946284679
:1009600004F12006E0F764FA05F120076A46214603
:100970006846E0F75DFA324639463046E0F7D0F98E
:1009800031462046E0F76CFA2A4621462046E0F739
:10099000C7F96A4621462046E0F7C2F96A46294669
:1009A0004046E0F7BDF9424639463846E0F740FA9E
:1009B000224629466846E0F7B3F96A463146304692
:1009C000E0F736FA3A4631463046E0F7A9F908B082
:1009D000BDE8F08170B500F1200690B00D460446E8
:1009E00000F014F905F12001304600F00FF921461E
:1009F00008A8E0F735FA08A908460D4AE0F752F9C9
:100A000008A922460846E0F713FA08A9094A084649
:100A1000E0F748F931466846E0F722FA20226946B5
:100A20000DEB0200E0F710F9013810B070BD00BF07
:100A3000348202001482020000F002B938B5044684
:100A40000D4600F0FDF805F1200104F12000BDE89D
:100A5000384000F0F5B800BF2DE9F0471346B8B0B4
:100A6000544A89468046194610A8DFF7FFFE5249CE
:100A7000024610A8DFF71AFF179E4E4900EAD67605
:100A80000746C6F1010210A8DFF710FF179B4A4680
:100A90006FEA030A28A918A8FFF78EFE4FEADA7A50
:100AA00020A9CAF10102084600F092F8C7F1010737
:100AB000FE246A4618A928A8FFF740FF631138AA48
:100AC00002EB830304F01F0253F8A03CD3405546C9
:100AD00003F0010A8AEA05052A4628A918A8DFF7C3
:100AE00041FF2A4630A920A8DFF73CFF013C28A996
:100AF00018A8FFF7BDFE631CDBD1CAF1010220A9D3
:100B000008A800F065F886EA0A066A4618A928A827
:100B1000FFF714FF28A9324618A8DFF723FF324653
:100B200030A920A8DFF71EFF08A96A460846E0F7AB
:100B30007FF908A9084600F09DF808A908F12004EB
:100B400009F120020846E0F773F920A908AA204617
:100B5000E0F76EF908AA18A96846E0F769F969464E
:100B60006846E0F77DF918AA694608A8E0F760F939
:100B700021466846E0F774F908AA69461046E0F78E
:100B8000CFF80E4A08A96846E0F7CAF820462021A7
:100B9000E0F76EF808A9024644426846DFF7E2FE35
:100BA0004046074A6946E0F743F93C43204638B0DF
:100BB000BDE8F08794810200B48102001482020033
:100BC000748102000A460149FFF746BFD481020042
:100BD00070B588B004460D461646002120226846AE
:100BE00006F0D6F90023294620222046009306F07D
:100BF000C1F92A4669466846E0F792F832466946E6
:100C00002046DFF7AFFE08B070BD00BF0B681BBA0F
:100C1000C3614B681BBA83618B681BBA4361CB68A5
:100C20001BBA03610B691BBAC3604B691BBA8360B3
:100C30008B691BBA4360CB691BBA0360704700BF66
:100C4000CB691BBA03608B691BBA43604B691BBA43
:100C500083600B691BBAC360CB681BBA03618B68E6
:100C60001BBA43614B681BBA83610B681BBAC36133
:100C7000704700BF70B598B00D46064610A8E0F763
:100C8000EFF82A4610A96846E0F7D2F8694610A89E
:100C9000E0F7E6F810A90846E0F7E2F86A4610A97E
:100CA00008A8E0F7C5F808A910A8E0F7D9F810A936
:100CB0000846E0F7D5F810A90846E0F7D1F810A9E2
:100CC0000846E0F7CDF810A908AA0846E0F7B0F802
:100CD00010A90846E0F7C4F810A90846E0F7C0F8E4
:100CE00010A96A4608A8E0F7A3F8052408A910A8E7
:100CF000E0F7B6F810A90846E0F7B2F8013C10A9F1
:100D0000F5D108AA0846E0F793F8052410A908468B
:100D1000E0F7A6F810A90846E0F7A2F8013CF5D1E3
:100D200010A908AA0846E0F783F810A908A8E0F778
:100D300097F808A90846E0F793F808A96A466846B4
:100D4000E0F776F81024694610A8E0F789F810A9B2
:100D50000846E0F785F8013C10A9F5D12A46084677
:100D6000E0F766F8402410A90846E0F779F810A9E2
:100D70000846E0F775F8013CF5D110A96A46084627
:100D8000E0F756F8102410A90846E0F769F810A912
:100D90000846E0F765F8013CF5D110A96A46084617
:100DA000E0F746F8102410A90846E0F759F810A912
:100DB0000846E0F755F8013CF5D110A908AA084605
:100DC000E0F736F82A4610A93046E0F731F818B0B7
:100DD00070BD00BFF8B50E4B1D68AB789B0706468B
:100DE00012D56F6816F8014B29462CB90A20B8476E
:100DF000002805DB204609E02046B8470028F1DA44
:100E0000AB7843F00403AB704FF0FF30F8BD00BF88
:100E1000D47C02000CB430B58BB004460D462022C1
:100E2000002102A806F0B4F802238DF80A30002D44
:100E30000C4B0393069412DB01D06B1E1C440FAACB
:100E40000E99079402A8019200F00EF815B1069BC6
:100E500000221A700BB0BDE8304002B07047002489
:100E6000EDE700BFBB7002002DE9F04F8BB0436887
:100E7000009383789C078046924640F1F9800025D4
:100E80000878002800F0F68025280AD04B1C019332
:100E900001354146009B98470028C0F2E380019944
:100EA000EEE74E788B1C252E0193F1D00027B94632
:100EB0003C460A221F2C22D8A6F12003102B20D852
:100EC000DFE803F0141F1F1A1F1F1F0B1F1F1F1225
:100ED0001F171F1F090044F00104019B13F8016B49
:100EE0000193002EE6D13AE044F0020444F00404F9
:100EF000F3E744F00804F0E744F01004EDE77F2C3A
:100F000024D8A6F13003092B08D860064EBF02FB97
:100F1000073702FB093944F02004DEE72A2E0DD101
:100F200061065AF8043B53D4002BA7BF44F02004B9
:100F30009946C3F1000944F02804CEE72E2E05D1CE
:100F4000630600F1978044F04004C6E76C2E2ED073
:100F500028D8682E32D06A2E37D04C2E35D0002FAC
:100F600046F02003B8BF24F04004A3F16502BCBFE3
:100F7000A4B20027022A01D9612B2BD10AF1070A5A
:100F80002AF0070A9C4E0AF1080A0727210760D5B4
:100F900006EB070B34465C455DD1AE1BA219A9EBED
:100FA000070959E1742E98D07A2E96D0D7E72606F5
:100FB00048BF44F4007444F080048EE7E00548BF65
:100FC00044F4007444F4807487E744F4207484E7A4
:100FD0001F4682E7A6F16302122A00F2D880DFE8FA
:100FE00012F013004D00D600D600D600D6004D00FA
:100FF000D600D600D600D600D600E800D100D60034
:10100000D6001A00D600A0005AF8043B8DF8103024
:10101000012704AEBAE75AF8046B784B002E08BFDC
:101020001E4614F0400F14BF39464FF0FF313046D2
:1010300005F0E0FF0746A9E7009B414620209847BE
:1010400000280FDB013CA742F6D34D442D1BA146DF
:101050009EE74C46F7E714F8010B009B4146984782
:10106000002898DA98F8023043F0040388F8023038
:101070004FF0FF3528460BB0BDE8F08F220630D583
:10108000A3052AD50AF1070A2AF007039A465968E8
:101090005AF8080B24F0100B00291FFA8BFB2FDAEB
:1010A000404261EB41014BF4806B04AC0A232246C1
:1010B00005F0ACFF1BF0400FA0EB040200F08E80A7
:1010C0002BF001049742A4B240F38F80002E40F031
:1010D0008E802BF01104A4B21DE05AF8040BC11746
:1010E000D8E7E0055AF8041B01D40846F7E7A20543
:1010F0004BBF48B208B241F3C01141F3C031C9E758
:1011000050EA0103D1D16306CFD5002FCDD124F011
:101110001104A4B23A463B4640F206410C4262D169
:1011200024E024F01004A4B20A2314F0800243D077
:1011300014F400711FBF0AF1070A2AF00702924651
:10114000516814BF5AF8080B5AF8040B50EA010210
:101150003ED124F0160B62061FFA8BFB3CD5002F04
:101160003AD124F01704A4B23A463B4621075AD498
:10117000E10705D5994572DDA9EB03039F184B469E
:101180009B464AE044F0100410237826CDE7782BE4
:1011900004D1C6F1780343F01003C6E7009B414633
:1011A000252098470028FFF65DAF023541463046BE
:1011B00070E608230026B8E714F480715AF8040B8F
:1011C000C4D014F400711ABFC0B2114680B2BDE79A
:1011D00024F006041FFA84FB04AC68E713465C465F
:1011E000E10699D52EB90133C0E71346F8E73B462F
:1011F000F6E70233BAE700BF2AB7020023B70200BE
:10120000CDE902324146009B202098470028FFF696
:1012100029AFDDE902320BF1010BD945F0DCEB1A05
:1012200003EB0B055B46E10627D5CDE902324146CB
:10123000009B302098470028FFF614AFDDE902320A
:101240007EB901352F44791B8A4229DB144604AE4E
:101250009CBB2A44A9EB03091546914442E017467A
:101260008EE7CDE90232023541463046009B984771
:101270000028DDE90232E5DAF4E640F206410C42EC
:10128000E0D014F0020F14BF2B20202014F4806F44
:10129000CDE9023205F10105414618BF2D20E5E7F1
:1012A000CDE902324146009B302098470028DDE915
:1012B000023205F10105C6DAD4E6013CCDE902327D
:1012C000305D009B414698470028DDE90232BFDAD5
:1012D000C8E6009B414620209847002805F10105FB
:1012E000FFF6C0AEA9EB0503002BF2DCD7E500BF8B
:1012F00038B5044C044DAC4200D138BD54F8043D1F
:101300009847F8E70000000000000000704708B5AB
:1013100004F0EBFE4FF47A72A0FB020302FB0131F2
:10132000C00B40EA4140C90B08BD0023EFF7ECBCFD
:10133000014640F2E73008B54FF47A72002300EB23
:10134000C130490CE9F732FABDE8084004F022BE8A
:10135000F0B40C2707FB0214866814F8045C45F00F
:10136000020504F8045CB468A446F0BC604710B5FC
:1013700088B003798DF807109BB10DF10701029138
:101380000121CDE905210722039100248DF81C20BD
:1013900000688DF81040022202A9FFF7D9FF08B0BB
:1013A00010BD6FF01200FAE71FB503798DF8001039
:1013B0008DF801206BB1022202928DF80C2000689A
:1013C000CDF804D0012201A9FFF7C2FF05B05DF8F6
:1013D00004FB6FF01200F9E738B502220D21054633
:1013E000FFF7E2FF0446E8B9024620212846FFF74E
:1013F000DBFF224621212846FFF7D6FF2246222185
:101400002846FFF7D1FF224623212846FFF7CCFFCD
:10141000224624212846FFF7C7FF224625212846D9
:10142000FFF7C2FF204638BDF8B50E4617460D211E
:1014300002220446FFF7B8FF0546002857D10B22C9
:1014400011212046FFF7B0FF882212212046FFF726
:10145000ABFF3F222A212046FFF7A6FF012E4FF0C7
:10146000FF3218BF0022D2B223212046FFF79CFF93
:10147000022E4FF0FF3218BF0022D2B224212046A4
:10148000FFF792FF032E4FF0FF3218BF0022D2B2B7
:1014900025212046FFF788FF324620212046FFF70E
:1014A00083FF2A4621212046FFF77EFF2A4622217C
:1014B0002046FFF779FF2A460D212046FFF774FFEB
:1014C0000546A0B927EAE776294640F2E7304FF40F
:1014D00000454FF47A720023E6FB0501E9F766F94F
:1014E00004F058FD2046BDE8F840FFF775BF2846D8
:1014F000F8BD07B507210DF10702FFF738FF30B936
:101500009DF907309DF80700002BB8BF802003B07D
:101510005DF804FBF0B5E9B008238DF807300379D6
:1015200007460E4615460DF10704ABB3FFF7E1FF82
:10153000002822DD85424FF00103A8BF0546039332
:1015400000238DF810302BB203EB430306930723DF
:1015500002948DF81C3008AC3B793868059402225F
:1015600002A9FFF7F5FE40B92346314606EB850098
:10157000814203F1030302D1284669B0F0BD13F89C
:10158000022C13F8034C120242EA044213F8014CF5
:10159000224341F8042BEBE76FF01200EDE770B542
:1015A00090F8444088B04CB300F12401A200684692
:1015B00005F0E0FC6A460121CBB29C4207D86408E2
:1015C00008AB03EB840454F8200C08B070BD013B59
:1015D00055685BB2104650F80469AE4204D9013B2D
:1015E0005BB286605E1CF6D101335BB208A800EBEB
:1015F0008303013143F8205C0432DDE72046E4E751
:1016000038B504460D464C22002105F0C1FC25608A
:1016100038BDC0687047406870470346007E30B1EF
:10162000586843F697239842D4BF002001207047A2
:101630002DE9F04FC36990F818B003F1010A85B0A5
:1016400004461746C0F81CA0BBF1000F0FD1C0E93B
:10165000011BC0E904BB012303762FB94FF000083A
:10166000404605B0BDE8F08F00233B80F6E74368B5
:10167000CA1A03EBA21343F697229342436005DC98
:101680000023A0F8443003624376E6E785680668E5
:10169000BAFBF6F2C91A491B436905EBA1050169BA
:1016A0008560AB42B8BF2B46A942A8BF294606FBBE
:1016B00012A2436101613AB9C2685B1A9B1AC0E980
:1016C000045502EB6302C26094F84420E1684FF0D5
:1016D0003C09012A09FB06F94FF0DC03B9FBF3F3DF
:1016E00013D92046CDE902230191FFF758FF039B50
:1016F0004FF0060CDDE901120CFB00F04FF00A0C74
:10170000B0FBFCF0834238BF034694F81980B8F16F
:10171000000F61D10A2091FBF0F0854263DD28299A
:1017200005DC0023A4F844304FF0000825E0012137
:101730006176216AF9B1AAEB01018B421BD8B9FB92
:10174000F1F9A9F11E09B9F1BE0F14D894F845308A
:1017500004EB83000133416203F0070384F8453052
:10176000A36C072A98BF013203F1010398BF84F8E4
:101770004420A364D846C4F820A0002F3FF470AFE3
:101780002046FFF70CFF94F844C0BCF1030F2DD99D
:1017900000B3282500224543203411464FF0640E43
:1017A00054F8043F984234BF1B1AC31A0EFB03F3CC
:1017B000AB4201F1010198BF0132C9B298BFD2B268
:1017C0008C45EDD1032A11D94FF416735E43B6FB55
:1017D000F0F6B0B2388043E7142391FBF3F39D4257
:1017E000BCBF0023637628299BDD9DE70020F1E73D
:1017F000F0B406698768336801248C4023EA040347
:1018000033603B6822F48012F0BC1847014640F276
:10181000E73008B54FF47A72002300EBC130490C71
:10182000E8F7C4FFBDE8084004F0B4BB10B588B0C9
:1018300000248DF807100DF1070102910121CDE977
:101840000521072203918DF810408DF81C209DF88A
:101850001C30826843F002038DF81C3094686A23C0
:10186000022202A9A04708B010BD41F267039842C6
:101870000ADC40F6E443984208DD0923A0F6E44080
:10188000B0FBF3F0C0B2704764207047002070478F
:1018900070B586B006460D461446002118226846EB
:1018A00005F076FB69460020CDE90165ADF80C40F6
:1018B000F6F746FD06B070BDBFF35B8F50E8003F02
:1018C00040E80012002AF9D1BFF35B8F704708B5DA
:1018D0000246EDF7D7FE20B1BDE808401046EFF70D
:1018E000B5BD08BD642828BF6420EFF709BE13B555
:1018F0000622044669462820EDF7E6FF40B9BDF808
:1019000000302380BDF802306380BDF80430A3802E
:1019100002B010BD07B56846FFF7E9FF00283CD1CB
:10192000BDF800304FF4FA6213FB02F3002BBCBF8A
:1019300003F5FF437F33DA13BDF802304FF4FA6149
:1019400013FB01F3002BBCBF03F5FF437F33D91317
:10195000BDF804304FF4FA6013FB00F3002BBCBF5A
:1019600003F5FF437F33494302FB0212DB1303FB02
:1019700003234FF080429A4204D8002022B903B0DA
:101980005DF804FB9208F6E7811899424FEA50008F
:101990009CBF80185B1A9208F0E76FF00400EEE736
:1019A00007B501220DF107011D20EDF78DFF012282
:1019B0000DF107014520EDF787FF03B05DF804FB4B
:1019C000704700EBC100408840087047F8B50346F7
:1019D000FFF7F7FFB0FA80F0C0F11F0003EB800CB7
:1019E000CA00DCF81060171D0C4606328DB256B9DD
:1019F000012101FA00F0D9680143D960CCF8104008
:101A0000DD539D52F8BDF1000431585AD85303EB11
:101A1000C0009E52C5805D52F4E710B500EBC104D2
:101A2000E3888B4202F104010AD1012303FA02F296
:101A3000C36823EA0203C360002340F8213010BDCD
:101A4000A28840F8213000EBC20100EBC300CB803C
:101A50008280F4E708B50346FFF7B3FFB0FA80F2DF
:101A6000C2F11F021846BDE80840FFF7D6BF2DE9B6
:101A7000F843B1FA81F3C3F11F0200EB8209064675
:101A8000D9F810700D4687B9C3F120034FF0FF3429
:101A90009C40F3681C4014D094FAA4F2B2FA82F28B
:101AA000131D56F82340214608E03C464FF003083A
:101AB00021463046FFF785FF854205D83046FFF7BF
:101AC000ACFF2046BDE8F88306EBC404B8F101087A
:101AD000E488C9F81040D7D0BC42E9D1D4E738B582
:101AE0000446FFF76EFF0D46034611462046FFF7FA
:101AF00068FF03449BB204EBC5055A006A80204688
:101B0000FFF75FFF014424F8313038BD70B504465B
:101B1000FFF757FF0B4604EBC305511A9B1A89B216
:101B200003444E009BB204EBC2006E805D00458012
:101B300024F8321020461146FFF743FF014424F8F1
:101B4000313070BD70B509B9002070BD056801F075
:101B500007030B33CC0804EBD304AB689C4228BFCB
:101B60001C4621462846FFF782FF06460028EBD098
:101B700001462846FFF725FFA04207D9321928461B
:101B8000FFF7C4FF11462846FFF720FF05EBC6020A
:101B90001046538843F0010353800430D5E71146C3
:101BA000FFF7D0BF043A2DE9F843CC1D114424F0CF
:101BB000070421F00706A6EB04084FEAD807B7FA96
:101BC00087F2C2F12405AD004FF000090735C2F1DC
:101BD0002002ED0804604946A760C4F80C9092000A
:101BE00004F1100005F0D4F9AAB2530043F0010348
:101BF00063807B1B9BB204EBC5015800A4F80090E6
:101C0000488024F83520A6F8029024F8083004EB28
:101C1000C70329465A8842F001025A802046BDE88F
:101C2000F843FFF7D3BE2DE9F04706460D461746A9
:101C300098462BB398F8004093F80190DB78A40005
:101C400004EB430498F802301C4444444FF0000A6B
:101C5000CA4509D3D8F8042008F1080339463046AC
:101C6000AC46BDE8F047604714F8013B48F8234014
:101C70002046EBF77EFE013004440AF1010AE7E753
:101C80006FF01500BDE8F08730B502460024002053
:101C900012F8013B43B178B18C4207D1702B04D0CC
:101CA000A3F140053A2D07D8002030BDA3F140052F
:101CB0003A2D01D80134EAE7252B08BF80F0010056
:101CC000E6E70020704700F072BB0FB407B504A927
:101CD00051F8040B019100F06AFB03B05DF804EBCE
:101CE00004B070470FB407B504A951F8040B019173
:101CF000FFF7E9FF03B05DF804EB04B0704710B5DF
:101D00000369024613F0080009D11368D4689C42A5
:101D100097BF126AE31AD31A01200B6010BD00238B
:101D20001846FAE713B501A90446FFF7E8FF20B10A
:101D3000019BE268013B13440193206A019BC01A96
:101D4000013802B010BD10B5044650182269236A4C
:101D5000D20702D5013B184010BD984228BFC01AD7
:101D6000FAE710B504460A46C168FFF7ECFF23699D
:101D7000E06023F00803236110BD38B50D46C26949
:101D80008B00016843F0020342F8213004460168E9
:101D90002A46FFF7D8FFE36861682060984202BFD7
:101DA000236943F0080323612A462046FFF7CBFF4F
:101DB000606038BD2DE9F74FD0F80CB0C6690092CD
:101DC00016F82B2002F00302022A08BF56F82B2037
:101DD0009A4606EB8B030F4601934FF00001009BE0
:101DE0000CBFC2F39D09894619600446CAF8001069
:101DF000B9F1000F07D04946FFF7B3FFE368A360CE
:101E00004FF0010804E001698A0705D44FF000088B
:101E1000404603B0BDE8F08F816906EB8B00884730
:101E200016F82B1011F001080546EFD08B071DD5D1
:101E30001FB139462046FFF7A0FF61682A462046B9
:101E4000FFF781FFD4E902138B42606007D12A4675
:101E50002046FFF778FF4FF000080146A060236995
:101E6000216043F00803E1602361D1E70146204689
:101E7000FFF777FFE168A1601FB12068E16941F8D1
:101E80002090EA19CAF8002021682046FFF75BFF7E
:101E90002269206042F00802226116F82B2022F00D
:101EA000010206F82B20DDE900321A60A8E770B5C0
:101EB00004461546FFF747FF2368834205D123698F
:101EC000216023F00803236170BDE269AB0043F099
:101ED000020342F82130204661682A46FFF733FFAB
:101EE0006060F1E738B503695B07044606D5456ACB
:101EF000FFF718FF85422CBF6562606238BD38B5B8
:101F00000D4604461C22002105F042F8EB68A3614F
:101F1000AB6863612B68E3616B68236200226262D5
:101F20002A6923B1591E194208BF42F001022261F9
:101F3000012204F128000021BDE8384003F037BE3B
:101F40002DE9F04F9846036A87B000258B4204467E
:101F50000E46934603950595AA4638D3EFF31189AB
:101F6000402383F31288BFF36F8F059A2AB1294665
:101F70002046FFF79CFF0023059304A92046FFF7A6
:101F8000BEFE0499B14207462AD32268E36913F8DA
:101F9000221021F0030103F8221003EB820A2168CA
:101FA00032462046FFF7CFFEE3682060984212D009
:101FB000002789F31188BFF36F8F039929B16269F4
:101FC0000AB12046904700230393002FC6D1504604
:101FD00007B0BDE8F08F236943F008032361E7E70A
:101FE00018B12046FFF7C9FEE3E75BEA08031CD0FF
:101FF000019103F008FF0199B8B9B9F1000F14D1AC
:1020000089F31188BFF36F8F5A46434604F12800C5
:10201000FBF750FFEFF31189402383F31288BFF3DE
:102020006F8FB0FA80F77F09C3E705AB03AA20469C
:102030002568FFF7BFFE0746BBE770B50446836916
:1020400008460D4698470246EFF31186402383F376
:102050001288BFF36F8F2B7843F001032B706168F8
:102060002046FFF770FE60602046FFF73BFF86F3D7
:102070001188BFF36F8F70BD2DE9F8430446002728
:102080004026EFF3118586F31288BFF36F8F236923
:10209000A268190702D46368934200D2236A9B1A8C
:1020A000002B42D0E06910F8221011F0030300EB7E
:1020B00082093AD0022B04D150F822305FEA93080B
:1020C00005D1CB0720D4A369484698478046A1682C
:1020D00042462046FFF737FE0127A06041462046D2
:1020E000FFF73FFE3B4685F31188BFF36F8F002B50
:1020F000C7D137B1B9F1000F03D104F12800FBF7C4
:10210000A5FE4846BDE8F88341F0020100F8221020
:102110004846A369D4F808809847414602462046BD
:10212000FFF711FE0023A060DDE79946DBE7F8B575
:102130000446836908460D4698470646EFF3118723
:10214000402383F31288BFF36F8F2B7823F00103B2
:102150002B7023699B0705D5E268E36903EB8203D3
:102160009D421AD12B7823F002032B70D4E902315F
:10217000994204D132462046FFF7E5FDA060314682
:102180002046FFF7EEFD87F31188BFF36F8F04F150
:102190002800BDE8F840FBF759BE2B6860F39F03A9
:1021A0002B60F0E7EFF31181402383F31288BFF334
:1021B0006F8F02698368120702D442689A4200D284
:1021C000026AD31A81F31188BFF36F8F181E18BFEC
:1021D00001207047038B13F0070306D10368002B1F
:1021E00018BF032008BF00207047022B05D1408B89
:1021F000B0FA80F0400980007047012B04D10368D9
:10220000002B18BF0520EDE70020704710B50C46E5
:1022100000B111B96FF0150010BD081D00F087F86E
:102220000028F9D1A368032BF6D9F3E72DE9F04193
:102230000D4607461946281D90461E4600F088F8B0
:10224000044638B13346424629463846A446BDE8DE
:10225000F0416047BDE8F08110B4EFF311824024F3
:1022600084F31288BFF36F8F416110BC0121EEF738
:10227000B7B938B50C46054658B151B10B6843B1F2
:102280004B6833B11C22002104F082FE2C61002037
:1022900038BD6FF01500FBE7F8B504460E46FFF7B2
:1022A000B5FF051E3BDBEFF31182402383F3128859
:1022B000BFF36F8F638B278B4FF6FF718B4207F055
:1022C00007072ED0062F2FD8DFE807F0182E082E8C
:1022D000180418006FF08505002303E001336383C1
:1022E0000225012382F31188BFF36F8FBBB1002356
:1022F0003A4631462046FFF799FF10E0002333604D
:10230000636823B9C4E9006627B13D46E4E71E606F
:102310006660F9E702212046EEF762F93D4628465D
:10232000F8BD6FF00A05D7E76FF00405D4E7034660
:1023300058B1426802F00302012A03D0032A04D1F3
:10234000026812B10020986070476FF01500704766
:102350004268816002F00302032A4FF00002034644
:102360000CBF006810465A607047704703785B07DF
:102370005FBF03684288C3F34A2303EB12105DBFBB
:10238000173020F0070080080020704700207047B9
:1023900002F0CDBC0346BFF35B8F53E8000F421C35
:1023A00043E800210029F8D1BFF35B8F70471FB5C8
:1023B0000023CDE90201CDE900331A46194618463B
:1023C000EEF722FD05B05DF804FB0120EEF7CEBA72
:1023D000002070474368DA7143681960436801223E
:1023E0005A71EEF7B5BA70B515460C4669B1D2E927
:1023F00001369B1B99420AD813680A460146981970
:1024000004F0B8FDAB682344AB60204670BD6FF0AC
:102410001B00FBE770B50E4615461946044618B971
:10242000BDE87040EEF7A2BA33B1C2F34A231030D0
:10243000120D184404F09EFDC4E900562046BDE884
:102440007040EEF741BC2DE9F3415F1C4FEA87086D
:10245000064608F1170020F0070080080C461546D4
:10246000EEF706FB0023ADF805308DF807308DF848
:10247000047068B10346019A43F8102FA8F10401D3
:102480002A46294452F8045B43F8045F8A42F9D192
:10249000A20102F4E07242EA482222F07F4222F4D2
:1024A0007002002322F03F02314602B0BDE8F04145
:1024B000FFF7B0BF07B50123019201AAFFF7C3FFE1
:1024C00003B05DF804FB07B5CDE9002302236A469B
:1024D000FFF7B9FF03B05DF804FB1FB5CDE9012399
:1024E000069B039301AA0323FFF7ADFF05B05DF838
:1024F00004FBF8B506460D4614461F4604B9F8BD60
:10250000214628463A46B047241A0544F6E710B556
:10251000426881680446D2E900230068FFF7E9FFBA
:10252000636800221A6010BD38B54B681A68CB6822
:102530009A4205460C4602D10846FFF7E8FF636859
:10254000BFF35B8F53E8002F511C43E800100028B5
:10255000F8D1BFF35B8FA3689D54002038BD0A28D3
:1025600038B504460D4602D10D20FFF7DDFF2946A0
:102570002046FFF7D9FF002038BD2DE9F04305467E
:1025800089B008460E8891F80090D1F808800C4672
:102590001746EEF78BFC011EC6F38216C9F3C2097B
:1025A0001FDB4846EEF7A2FB03462146608851F840
:1025B000102B0296C2F34A22002A01EB0204C0F358
:1025C0000B1008BF00210022CDE90507CDE9031457
:1025D000CDE9002241462846EEF794FC09B0BDE85B
:1025E000F0830023E1E7F0B587B01F4604460D46AF
:1025F000164600F0D2FA022302930DF1160301935E
:10260000BDF83030ADF81600009332463B462946FF
:10261000204601F04EFC07B0F0BD2DE9FF411F46FA
:102620000D4616460446F0F7EFFE8046EBF7A1F99B
:10263000BDF82830009380B2CDE901803B46324698
:102640002946204601F035FC04B0BDE8F0810020A9
:10265000704704F09DBC04F08DBC01460068EEF7A5
:10266000ADBF08B5EFF706F8BDE80840EFF7AABB25
:102670000A460121FFF71EBF00210120EEF79EBF91
:102680006FF08500704761B662B680F31188BFF3C2
:102690006F8F704772B6002383F31188BFF36F8F7B
:1026A000BFF34F8F30BF62B6BFF36F8F704772B604
:1026B000002383F31188BFF36F8FBFF34F8F20BFC9
:1026C00080F31188BFF36F8F62B67047202809D955
:1026D000B0F1004F08D80138B0FA80F0C0F11F0007
:1026E00040007047082070473E20704708B5D1E988
:1026F00004319847002008BD08B5EFF781FD0020A0
:1027000008BD7047002303824369C3607047C169F5
:102710008968EFF7E1BDEFF31182402383F312885C
:10272000BFF36F8F00230B60436833B9C0E900111A
:1027300082F31188BFF36F8F704719604160F7E72C
:1027400010B50346EFF31181402282F31288BFF3E4
:102750006F8F006828B15C6802681A60A04208BFE9
:102760005A6081F31188BFF36F8F10BD027A013276
:1027700002727047034618465B68002BFBD1704716
:10278000426810B52AB10B461C465B68002BFBD192
:102790006260416010BD10B5044620B90B7A013368
:1027A0000B72084610BD034618465B68002BFBD130
:1027B000FFF7E6FF2046F5E783680B4403607047A8
:1027C00003680B6043684B6083688B607047838845
:1027D000026819448180D018704730B48488056835
:1027E000A3188380281930BC04F0C4BB10B58388BB
:1027F00002685C1C8480D154D01810BD0346006868
:102800009A88401A11441860998070470268531ED4
:10281000036083880133838002F8011C704782883B
:10282000521A0346828000680844186070470346C5
:1028300000689A88521A01449A801960704710B54E
:1028400003681C780121FFF7EAFF204610BD10B590
:1028500003681C880221FFF7E2FF204610BD7FB508
:1028600014460A888B78ADF8002006460D22002118
:102870000DF103008DF8023004F08AFB6A466946C8
:10288000304602F017FB28B9BDF800209DF8023051
:102890002280A37004B070BD13B50C4601AA0331A9
:1028A000FFF7DDFF48B9032201A9204604F07FFBB2
:1028B000B0FA80F0400902B010BD0020FBE710B56F
:1028C0000C46017822788A4288B00ED06946EFF72C
:1028D00065FE04A92046EFF761FE10220DEB020110
:1028E000684604F064FB08B010BD012A06D0022A35
:1028F00007D072B940886388C01AF4E740686368FB
:10290000FAE71022611C013008B0BDE8104004F065
:102910004EBB6FF01500E6E7042A0AD0102A0DD04E
:10292000022A4FF0000315D103700B884380012069
:102930007047012303700B684360F8E7022300F837
:10294000013B01F1100351F8042B40F8042B99428C
:10295000F9D1ECE718467047012310B5062104466B
:1029600000F8013BF9F724FC18B9A37963F03F03A1
:10297000A37110BD0B6803608B8883808B79837192
:10298000037823F00203037070470078C0F340001F
:10299000704738B50446807AEFF774FC61690546E4
:1029A00049B1637ADB0704D4C3691B6820469B687E
:1029B00098470023636121462846BDE8384003F06C
:1029C000E8B82DE9F0410C4601F10C08054600F18C
:1029D0000C01404617461E46FFF7F2FE6269E368A7
:1029E0002F829B1A13FA87F36B8201236B7239468D
:1029F0004046FFF714FFE3687360628A0023E360D8
:102A00007281638234602846BDE8F08138B5D1E92F
:102A10000032DA600B684A895A820C46054608681B
:102A2000EFF7D8FC20461022002104F0B1FA284626
:102A3000BDE83840FFF7ADBF438A23B9C068B0FA9C
:102A400080F04009704700207047D0F8A43083B16F
:102A50005A7CD1070DD5D2060DD51B7C102B0CBF8F
:102A6000042303234372807A98428CBF0020012004
:102A700070470223F6E70323F4E70F2806D80D2852
:102A80000BD8052814BF022003207047132804D058
:102A90001A2814BF02200120704701207047FFF759
:102AA00009BDFFF710BD10B50346BFF35B8F53E8B8
:102AB000000F40EA010243E80024002CF7D1BFF3E5
:102AC0005B8F10BD0023EEF71FB9BFF35B8F50E89B
:102AD000003F0B4040E80032002AF8D1BFF35B8F83
:102AE000704710B5F1F744FD6FF480710446103063
:102AF000FFF7EBFF2046BDE8104000F019BAC368AD
:102B0000DB78012B01D1FFF7ECBF7047C0F307233F
:102B10001070000E5370D0700023C1F30720090E0F
:102B20009370137150719371D1717047C368DB78E2
:102B3000012B01D1FFF7D5BF704738B504460D46CC
:102B4000EFF776FF5F3005D129462046BDE83840D3
:102B5000EFF7A4BE38BD0020704710B50288438847
:102B60009A4218D8052A16D9B3F5486F13D8848825
:102B7000B4F5FA7F0FD2C188A1F10A0292B240F6F1
:102B80007640824207D804FB0333B3EB810F34BF96
:102B90000120002010BD0020FCE740F241307047CA
:102BA00008B5F7F77FF818B1408A003818BF012040
:102BB00008BD70B506460D464FF0FF304FF0FF31AF
:102BC000F0F77AFA044668B103210C30FFF7FFFDF5
:102BD0000680857021460022BDE8704040F2064024
:102BE000F0F770BC6FF0680070BDC368187808B16A
:102BF000F0F7FAB91846F0F74BBD38B54FF0FF3192
:102C000005464FF0FF30F0F757FA044668B102214D
:102C10000C30FFF7DCFD2B88038021460022BDE845
:102C2000384042F21600F0F74DBC6FF0680038BD36
:102C3000F8B507460E464FF0FF304FF0FF3115460E
:102C4000F0F73AFA044678B106210C30FFF7BFFDE1
:102C50003B8803804680858021460022BDE8F840FD
:102C600042F22200F0F72EBC6FF06800F8BD70B59C
:102C700006460D464FF0FF304FF0FF31F0F71CFADB
:102C8000044618B9BDE87040EFF7FEBD03210C30D3
:102C9000FFF79DFD06808570214642F22100BDE8C8
:102CA0007040F0F7BDBB08B5072204F080F9B0FA18
:102CB00080F0400908BDFFF7FDBB0B6803608B88FF
:102CC00083808B7983717047BFF35B8F0068BFF39C
:102CD0005B8F7047F8B50F46144638BB4FF0FF3096
:102CE0004FF0FF31F0F7E8F9054610B327210C301B
:102CF000FFF76DFD3946FFF7E0FF06462246C31D8C
:102D000004F1100152F8040B43F8040B8A42F9D184
:102D10001022002106F1170004F03AF9294600229A
:102D2000BDE8F84042F22700F0F7CCBB6FF0150089
:102D3000F8BD6FF06800FBE7037A5B07024605D534
:102D400001462E3211F8010BFFF7C4BF704738B5AA
:102D50004FF0FF3105464FF0FF30F0F7ADF9044674
:102D600058B129460C30FFF741FD21460022BDE84D
:102D7000384042F22D00F0F7A5BB6FF0680038BD77
:102D800010B400F11003BFF35B8F53E8002F22F45F
:102D9000005143E80014002CF7D1BFF35B8F93047C
:102DA00003D510BC012100F0C1B810BC704770B54C
:102DB000044686B00E4601300131FFF774FF2E3411
:102DC000162200210546684604F0E2F81022694602
:102DD000204604F0ECF840B1102206F12E01204606
:102DE00004F0E5F8B0FA80F04009284300F0010053
:102DF00006B070BD38B54B6805460C4673B90B7A02
:102E000013B9037A5B0709D520682A7803789A42B8
:102E100004D02946FFF7CBFF00B1656038BD00F153
:102E2000100208B503461046FFF74EFFC10511D545
:102E3000BFF35B8F52E8000F40F4005042E80001FE
:102E40000029F7D1BFF35B8F18460021BDE8084089
:102E500000F06CB808BD10B50C4630B919B1F6F7E2
:102E6000E3FE00B1441C204610BD0024FBE718B16E
:102E700011B10846F0F764BF6FF01500704713B545
:102E8000044680B106216846F9F792F948B99DF8E1
:102E90000530694603F03F0320468DF80530FFF703
:102EA000E6FF02B010BD6FF01500FAE7003818BF5A
:102EB00001207047037AD90704D523F00103037278
:102EC000F1F7D0B8990704D523F002030372F1F7A4
:102ED000E3B87047BFF35B8F0068BFF35B8F704749
:102EE00070B5064686B00D464FF0FF304FF0FF310B
:102EF000F0F7E2F80446B0B10C3095B10121FFF7CC
:102F000075FC06F1100203A9204600950823F0F78E
:102F1000C1F80022214642F20A00F0F7D3FA06B0C7
:102F200070BD2946EBE76FF06800F8E7FFF7D8BF00
:102F3000183002F01DBF01F12003013813F8012DF4
:102F400000F8012F8B42F9D1704700230B604368D2
:102F500013B9C0E900117047196041607047D0F89B
:102F6000B400003818BF0120704708468969116015
:102F7000C2691A60C27A0021183004F009B8FFF75C
:102F8000A2BA10B50346BFF35B8F53E8000F40EAC7
:102F9000010243E80024002CF7D1BFF35B8F10BD82
:102FA000437B072B01D1F1F76DBF70472438F1F750
:102FB000E9BF036800220BB9184670478B4210D155
:102FC0000B6842B942680360914200D1436000231C
:102FD0000B600120704713604368994208BF42604C
:102FE000F5E71A461B68E6E710B50446006918B114
:102FF000EFF7F0F90023236110BD10B500F1C8020E
:10300000BFF35B8FD0F8C830BFF35B8F7BB1BFF3EA
:103010005B8F591C52E8004F9C4204D142E8001CCF
:10302000BCF1000FF6D1BFF35B8FE7D110BD18469E
:10303000FCE710B5437B023B0446062B16D8DFE8BD
:1030400003F009041515150B090001730021204632
:10305000F2F7F2F8002010BD0088FFF7AAFD002863
:10306000F9D1637B072BF5D10821F0E76FF07F00E2
:10307000F1E710B50446D0F8A40028B9207A04F18D
:103080007001F6F70FFE38B1E278438A2AB903F0EF
:103090002100003818BF012010BD03F02400F8E71C
:1030A00038B58378012B044627D1437B072B27D1E2
:1030B0000B0601F07F050CD54FF400410430FFF7FB
:1030C00060FFA5722046F6F777F808B1637AA3721D
:1030D00038BD437AAB4216D2837AAB4213D2BFF3E8
:1030E0005B8F031D53E8001F21F4004143E80012E9
:1030F000002AF7D1BFF35B8FE3E76FF01500E7E736
:103100006FF07F00E4E70020E2E78378012B0CBF3B
:10311000407A0020704738B5037A8B420446154642
:1031200015D100F170010722284603F040FF80B15D
:10313000E378072243B904F17E01284603F037FF04
:10314000B0FA80F0400938BD04F17701F5E70020BE
:10315000F9E70120F7E78378012B0CBF70300020DE
:103160007047F8B507460D464FF0FF304FF0FF317E
:10317000EFF7A2FF0646D0B10E210C30FFF727FB78
:103180000E220446002103F003FF3B8823802B8896
:1031900063806B88A380AB88E380EB882381314612
:1031A0000022BDE8F84042F21300F0F78BB96FF04F
:1031B0006800F8BD704710B50446FBF7F7FA2346E0
:1031C00053F8402BD2F8B41061B92164D2F8B8108A
:1031D00061B9C2E92D33FBF7FDFA2068BDE8104064
:1031E000F2F706B88B42F6D00968EDE70B60C2F83B
:1031F000B830F0E703682BB141681A6802608B426F
:1032000008BF4260704770472DE9F843446B2CB10A
:1032100054F8085905B1083D00270CB9BDE8F883FA
:10322000D4E900682EB3FBF7C1FAD6F8B43004F144
:103230004001002263B1994233D1236C4ABBD6F8D6
:10324000B820C6F8B430914201D1C6F8B83027642E
:10325000FBF7C0FA04F13009002200234846FAF7D0
:10326000C3FD064600BBD8F804300BB12046984792
:103270002760E3680BB120469847D8F820300BB19F
:1032800020469847DDB1AB6803B1083B2C461D468C
:10329000C3E71360D6F8B830994208BFC6F8B82023
:1032A000D5E71A461B68C5E7B36923B1F169206801
:1032B0006FF06D0298473046EFF78CF8CCE72B465D
:1032C000E4E738B5406B0D4620B150F8084904B129
:1032D000083C00B938BD43689B680BB12946984744
:1032E0002CB1A36803B1083B20461C46F1E72346F6
:1032F000FAE7F8B50F4600210546164600234FF4BD
:1033000080320846F2F778FD044620B92846F2F7E5
:103310003FFD2046F8BD04210C30FFF758FA057038
:1033200047704680F5E7406B30B1838B8B42A0F14C
:10333000080001D08068F7E7704710B54AB989B234
:10334000FFF7F1FF28B143689B6913B1BDE8104056
:10335000184710BD38B50D460521FFF7E4FF0023DF
:103360001A462946F2F762FD044610B12846EFF7E7
:1033700031F8204638BD406B30B183898B42A0F1D3
:10338000080001D08068F7E770477047034600687F
:1033900028B1596802681A60884208BF5A607047AD
:1033A0000346002003B970471A8A5B681044F9E7A6
:1033B00010B5D4682378023113B92170012010BDF3
:1033C0008B42FBD0038A023B038200201061F6E7A8
:1033D000FFF770B82DE9F04104468868FFF7E0FF79
:1033E000638D628B934228BF134683420D461DD3E3
:1033F0002165D1F8088000278F60FBF7D7F9414697
:103400002046F2F70FFF064638B1C5F80880276559
:10341000FBF7E0F93046BDE8F081618D638B99429E
:1034200028BF1946284600F089FEF1E76FF07906BB
:10343000F0E773B51446014605464FF495722068CF
:1034400000F0C5FD207530B92068294600F079FEEE
:1034500020B908232375002002B070BD237AB3B1D0
:10346000A3F11802534253419B000193638A0093D6
:10347000AE68238AE26820682946B047002808DB46
:10348000238A98420CD1002323750120E4E702230C
:10349000EBE710F1FF0F03D34042C0B22075DAE72B
:1034A0000E20FBE738B504460D46F2F7BBFE30B1FF
:1034B000294604F15400BDE8384002F05FBB38BD36
:1034C000F8B59368166805460F46144663B9506808
:1034D00001210C30FFF77BF9A0602B681B78002BD3
:1034E00014BF022301230370A3681B78012B03D0B0
:1034F000022B1FD000201CE02B681B78002BF9D179
:10350000606804210C30FFF762F9E06007802A68E8
:10351000E36852885A806168728D738B088A9A4278
:1035200094BFC0EB0200C0EB0300042894BF00204E
:103530000120F8BD2B681B78022BDBD160681221BB
:103540000C30FFF744F9E06007802B68E268591CF3
:103550000232113351F8040B42F8040B9942F9D1AD
:103560006168728D738B088A9A4294BFC0EB020027
:10357000C0EB03001228D9E770B40668726A5AB328
:10358000144654F8983903B1983B002211467CB98F
:10359000438D408B8B4201D890421FD9824238BF65
:1035A00002469942306838BF194670BCF4F7F0BF44
:1035B000844207D0658D648BA94238BF2946A24258
:1035C00038BF224633B1D3F8985005B1983D1C4618
:1035D0002B46DCE71D46FAE71146D9E770BC704779
:1035E000D0680378043113B90170012070478B4211
:1035F000FBD091680B8A0020043B0B82106170475E
:103600001FB5CDE90123002300931A46F4F720FBF0
:1036100005B05DF804FB0368002203B970478B42D4
:103620000FD10B683AB942680360914200D1436000
:1036300000230B60704713604368994208BF4260E3
:10364000F6E71A461B68E8E7BFF35B8F50E8003FD8
:1036500043F0080240E800210029F7D1BFF35B8F57
:10366000C3F3C00070472DE9F041064690461F465F
:103670000D46B9B104220121F2F7A4FE044618B99F
:10368000BDE8F041F2F774BE04210C30FFF79FF85B
:103690000570A0F80180C77021463046BDE8F041B2
:1036A000FFF700BFBDE8F08130B50C4685B0054698
:1036B00001F10C00FFF7CBF8228A0292E268019236
:1036C00000220346009211462846F2F7D3FE05B0C9
:1036D00030BD30B50C4685B0054601F10C00FFF752
:1036E000B6F8228A0292E268019200220346009212
:1036F000122113222846F2F7BDFE05B030BD70B589
:1037000004460E46002200230846FAF76DFB0546E4
:1037100058B101462046F2F785FD044618B1294606
:10372000304602F036FA204670BD6FF00104FAE729
:1037300007B5CA681388528800920C210D22F3F74E
:103740008FF903B05DF804FB07B5CB6800221B8836
:1037500000920A210B22F3F783F903B05DF804FB12
:10376000F8B5CB681F88BBB2162B054619D90321C3
:10377000F2F790FF0646B0B102210C30FFF727F8B0
:1037800000246FF008030370447031462846FFF7A9
:1037900089FEF72328466B836F85FFF7EDFE2046F1
:1037A000F8BD0420FCE70E20FAE72DE9F04F0646AD
:1037B00085B0104690469946FFF7F2FD738B728DE7
:1037C000934228BF134683428B4675D9736803938F
:1037D0004046FEF7CFFF4FF0000A04464046FFF791
:1037E000DFFDE168228A658A6369778BCB1AAD1A9F
:1037F000ED1A738D9F4294BFC0EB0700C0EB03002E
:10380000854228BF054625BB98F80A00EEF73AFD29
:1038100000220023FEF77BFF044608B9574627E045
:1038200001464046FEF7B7FF4046FFF7B9FDE168A5
:10383000228A658A6369778DCB1AAD1AED1A738B6C
:103840009F4294BFC0EB0700C0EB0300854228BF36
:103850000546CDF80090DBF8047003980A44ABB23B
:103860005946B847071E07DABAF1000F18BF574686
:10387000384605B0BDE8F08F0E9BABB9394604F170
:103880000C00FEF7A4FF4046FFF78AFD738D728B94
:10389000934228BF1346B9448342BA441FFA89F9B8
:1038A000BCD9AF429AD0B9E70F9A0E9B3946204651
:1038B00098470028E2D1B1E70027D9E72DE9F34185
:1038C0001768D7F804800023144613730146064690
:1038D0009522404600F07BFB0546207330B9314607
:1038E000404600F02CFC28B908232373002002B0C6
:1038F000BDE8F081A068798D7A8B038A914294BFEC
:10390000C3EB0103C3EB0203012BEFDD02210C30FB
:10391000FEF75DFFCDE900558046A388A2683146D9
:103920003846FFF742FF031E06DA13F1FF0F26BFEA
:103930005B42DBB20E23D8E7A8F800300120D6E7BF
:103940002DE9F3411768D7F8048000231446137358
:10395000014606469522404600F039FB0546207395
:1039600030B93146404600F0EAFB28B908232373FA
:10397000002002B0BDE8F081CDE900553146A388B2
:10398000A2683846FFF711FF002807DA10F1FF0F91
:1039900026BF4042C0B20E202073E9E70120E8E7CD
:1039A000F8B50546071F00F1480350F8044CBFF373
:1039B0005B8F53E8001F21F0040143E80012002A46
:1039C000F7D1BFF35B8FFCB1EB6C83B9636873B164
:1039D000201DFFF7DBFC064601463846FFF7FAFCE0
:1039E00090B163683360A368666003B9A66005F1AF
:1039F00050013846FFF783FE30B104F10C01384620
:103A0000BDE8F840FFF77BBEF8BD2DE9F041446A00
:103A1000074644B154F8986906B1983E002215460D
:103A200007F104080CB9BDE8F081236D9BB905B915
:103A30008AB94046FFF7AAFC054658B10146204620
:103A4000FFF7C8FC0028EED07B682B60BB687D6068
:103A500003B9BD60224636B1D6F8983003B1983B21
:103A600034461E46DEE73346FAE738B50546BFF36F
:103A70005B8F0B68BFF35B8FDB0716D550F8040C28
:103A800098B1EB6C8BB90430FFF780FC044660B151
:103A90000146281FFFF79EFC38B155F8043C5A68D0
:103AA00022609A685C6002B99C6038BDF4F764B823
:103AB00008B5F3F7ABFB40B1406A30B1024652F8AB
:103AC000983903B1983B002002B908BD518B528D43
:103AD0008A4228BF0A46904238BF104633B1D3F815
:103AE000981001B198391A460B46EDE71946FAE7E6
:103AF00008B500230A8AC968F3F7F0FC002008BD66
:103B000070B50D46F3F782FB044628B92846EEF758
:103B100061FC6FF07F0070BD00F10C062946304655
:103B200002F02CF8646AC4B154F8985905B1983D74
:103B30000022104607E022467DB1D5F8983003B147
:103B4000983B2C461D46831C01D1002AF4D13146F6
:103B50002046FFF7D4FD0028EDD10020DBE738B583
:103B600005460C46FAF722FE2846F3F74FFB20B92C
:103B7000FAF730FE6FF07F0038BD002323608368C2
:103B80003BB9C0E90144FFF740FFFAF723FE0020EC
:103B9000F2E71C608460F6E70120704708B5F3F790
:103BA00035FB98B1436A8BB1BFF35B8F983B03F150
:103BB0004C0252E8000F20F0080042E80001002902
:103BC000F7D1BFF35B8FD3F89830ECE708BD08B5A9
:103BD0000421FFF7D0FB30B1BFF35B8F806CBFF3E4
:103BE0005B8FC0F3C00008BD10600020704710B5A7
:103BF000029CA36833B1B1F5807F28BF0E21CAB201
:103C000021469847A37DE268013BDBB2A37522B150
:103C10001BB92046BDE81040104710BD10609180D0
:103C200000207047F0B507683D7889B00646144615
:103C3000E5B97B88B3F5245F04D011D8A3F52053F0
:103C4000032B13D8ADF80A1002220DF10A01204609
:103C5000F3F78AFD70B16FF01503C4F85C3106E02C
:103C600003F55643FF339BB2042B20D90125284688
:103C700009B0F0BD7B88ADF80A3002220DF10A01CF
:103C80002046F3F771FD0028E5D1009003AA77687C
:103C900013233146B847021E02DAC4F85C21E6E776
:103CA00003A92046F3F760FD0028DFD0D3E7ADF885
:103CB0000A1002220DF10A012046F3F755FD0028F3
:103CC000C9D17B88ADF80A3002220DF10A01E8E77C
:103CD00008B5072203F06BF9B0FA80F0400908BD7F
:103CE00010B50346BFF35B8F53E8000F40EA0102B3
:103CF00043E80024002CF7D1BFF35B8F10BD0B68A5
:103D000003608B8883808B798371704770B50D4613
:103D1000064611F8010BF1F78BFE044610B12C8911
:103D2000F1F73AFAA87A05F10B01F1F781FE28B113
:103D30006B8A9C4238BF1C46F1F72EFAAB8AA3422D
:103D400007D0AB69AC8223B121463046BDE8704054
:103D5000184770BD38B5BDF81040A24215460CD8C2
:103D60004CB16BB1A41A8C42A8BF0C46A4B2224637
:103D7000591903F0FFF8204638BD6FF00604FAE742
:103D80006FF00D04F7E730B585B0C96814461D46DD
:103D9000F3F750FD00B10089ADF80E000223009347
:103DA000BDF820200DF10E0329462046FFF7D2FF73
:103DB00005B030BD1FB50C461946E3681C781046A7
:103DC000BDF818203CB110240133069404B0BDE8BE
:103DD0001040FFF7BFBF5B88ADF80E3002230093A1
:103DE0000DF10E03FFF7B6FF04B010BD30B585B07E
:103DF0001D46002314468DF80C30F3F7C7FC10B1B4
:103E0000037A8DF80C3001230093BDF8202003AB1A
:103E100029462046FFF79EFF05B030BD08B5F3F7F1
:103E2000E7FC18B1002303604360836008BD70B5F0
:103E300000F1700605463146007AFEF7B1FE0446F1
:103E40003146287A1CB1BDE87040FFF7E7BFF3F7B1
:103E5000CFFC10B104604460846070BD022A10B5CC
:103E600008D1002300F170011A46007AF3F71CFD17
:103E7000022010BDFFF7DBFFFAE701210C30FFF74E
:103E80002FBF38B504461546FFF786FE40B12046E1
:103E9000F3F77CFC20B1037ADB0701D5FFF7EDFFD8
:103EA00035B9207A04F17001F3F7A2FC00B1856006
:103EB00038BD38B5BDF81010BDF81840059DA142B9
:103EC00010460CD84CB16DB1641A9C42A8BF1C4678
:103ED000A4B22246294403F04DF8204638BD6FF0C5
:103EE0000604FAE76FF00D04F7E713B5044610B9BE
:103EF000002002B010BD00238DF80430006842F6A7
:103F0000030301A9ADF80630FEF7D9FC0028EFD174
:103F1000E36898880028ECD12046F3F769FE013069
:103F200080B2E6E770B5CC6888B008461E46A37933
:103F30008DF80C301546FFF7D8FFADF80D0024685A
:103F400023786BB96388ADF80F3005230093BDF873
:103F5000302003AB31462846FFF7FCFE08B070BDA9
:103F6000631C0DF10F02113453F8041B42F8041BBB
:103F7000A342F9D11323E9E71FB5CDE901230023BB
:103F800000931A46F3F764FE05B05DF804FB1FB515
:103F90000C461946E36810461A788DF8082093F904
:103FA00001208DF809205A88ADF80A201A79DB889B
:103FB000ADF80D3007238DF80C200093BDF81820C4
:103FC00002ABFFF7C7FE04B010BDFFF771BD38B5F7
:103FD0004C8AD3070546C4F30E0404D514F0950F9C
:103FE0002AD04B6843B3900704D514F4957F25D0AD
:103FF0008B681BB3144014F4DE7F0DD0EB7A2BB921
:104000002846FFF736F8D8B9052038BD14F0300F30
:1040100004D114F4C07F07D10020F6E72846FFF74B
:1040200074F80228F5D8EFE7D5F8A430002BEBD0D0
:104030005B7CDB06E8D5EFE70220E6E70320E4E758
:104040000F20E2E7F8B514460F4694226168064651
:10405000FFF7BDFF20BB616801223046F3F71CFF6C
:1040600008B3A2891B2102323046F3F7C9F905468D
:10407000E0B1A1890C300231FEF7A9FB20F8027BE8
:10408000A289A16802F076FFD4E904122846012330
:10409000F3F758FB29463046BDE8F840FFF730BD3E
:1040A0004FF0FF30F8BD6FF01500FBE76FF00B002D
:1040B000F8E72DE9F04105460F46F3F767FB0446A4
:1040C00008B3037ADA071ED500F10C08BFF35B8F43
:1040D000C668BFF35B8F16F0010614D1A7B1BFF31A
:1040E0005B8F58E8003F23F0020248E800210029D6
:1040F000F7D1BFF35B8F9B07284608D5FFF74EFD2E
:104100002046FFF7BAFE01263046BDE8F081FFF7F2
:1041100043FD0028F8D02846FFF759FD0028F3D0CA
:10412000BFF35B8F58E8003F23F0020348E80032FA
:10413000002AF7D1BFF35B8F2846DFE770470120E5
:1041400070470120704713B5C068144668B100235A
:104150008DF8043001A94FF4C053ADF80630FEF7D6
:10416000AEFB10B9236801332360012002B010BDFB
:1041700007207047FEF79EB9BFF35B8F0068BFF35F
:104180005B8F084100F00100704738B50A460346CE
:1041900009B9012038BD488A10F0240FF9D0197DE3
:1041A0005D7B147CA94228BF29468C4201D900209E
:1041B000F0E7800607D4517CC9070BD4187A003881
:1041C00018BF0120E6E70521181DFFF7D5FF0028DD
:1041D000F1D1ECE7197A0029E9D00521181DFFF784
:1041E000CBFF18B9197A01390129E0D9527CD207DD
:1041F000CFD4E3E701238B40DB43BFF35B8F50E871
:10420000002F1A4040E800210029F8D1BFF35B8F4E
:104210007047FEF758B910B50621FFF7ACF8044611
:1042200018B9F4F77DFA204610BDA0F1EC04FAE7C6
:104230004FF47022002300F59C70FAF777B807203E
:10424000704701238B40BFF35B8F50E8002F1A4368
:1042500040E800210029F8D1BFF35B8F704708B513
:104260000E21FFF7EEFF002008BD70B5051D0E46BC
:1042700028460421FFF780FF68B1002200210023B7
:104280000846F1F7B9FD044640B904212846FFF776
:10429000D8FF204670BD4FF47022EFE701210C30AB
:1042A000FEF795FA0670F4E738B504210446FFF7E7
:1042B000DCFF054698B110210C30FEF788FA04F1B6
:1042C000270304F1370253F8041B40F8041B934200
:1042D000F9D120462946F4F739FA002038BD0820E4
:1042E000FCE770B5D0F8EC30DB78012B044619D12F
:1042F000CD68061D10213046FFF77CFF2B4604F1E8
:10430000B70205F1100153F8040B42F8040B8B427D
:10431000F9D107213046FFF72FFF28B10921304698
:10432000FFF78FFF002070BD0A213046FFF724FF02
:104330000028F3D12046BDE87040F4F71DBB0720EC
:104340007047072070470720704730B5012303FAF4
:1043500001F1CA43BFF35B8F50E8003F03EA020458
:1043600040E80045002DF7D1BFF35B8F01EA030061
:10437000003818BF012030BD38B50446031D0025A4
:10438000BFF35B8F53E8002F43E800510029F9D1B8
:10439000BFF35B8F04F59C7001F0EAFC2572BFF35C
:1043A0005B8F54E8003F44E80052002AF9D1BFF384
:1043B0005B8F20460121BDE83840FFF742BF70B552
:1043C00000F1700605460C4607220968304602F0E7
:1043D000EEFDB8B963681A682A679A88A5F8742050
:1043E0009B7985F87630D5F8A4305BB1A26893420A
:1043F00008D062681168C3F801109188A3F805100D
:104400009279DA7170BD2DE9F84FDDF82C80BDF896
:104410002890044692461F46FFF7FDFE05460028F9
:104420005CD0061DB9F1000F27D15AEA070324D149
:1044300003213046FFF7A0FEF8B101213046FFF717
:104440009BFED0B12C7D6B7B9C4228BF1C46224634
:1044500005F14701404602F08DFD0F2C06D8C4F14E
:104460001002494608EB040002F092FD304601219B
:10447000FFF7E7FE0120BDE8F88FD4F8A43083B938
:1044800004F1700B217A5A462020F5F7B3FBC4F8EB
:10449000A40030B9217A5A460120F5F7ABFBC4F8E5
:1044A000A400B9F1000F0CD15AEA070709D1D4F8DA
:1044B000A41031B14B8A9B0603D50C7C1E312246D9
:1044C000C8E70F213046FFF757FE20B10222062130
:1044D0002046F1F759FA2846FFF74EFF0020CAE7B9
:1044E0006FF08500704770B504460820F4F7C8F8EF
:1044F0000546E0B1061D08213046FFF77BFEBCB340
:104500000721FFF777FE234605F1970204F120010A
:1045100053F8040B42F8040B8B42F9D10A213046C0
:10452000FFF72AFE70B109213046FFF78AFE072007
:10453000F4F7A6F80446E8B1F4F726F9D0B108215B
:10454000204612E010213046FFF716FE0921002810
:10455000EAD13046FFF710FE0028E8D02846F4F7ED
:104560000BFA01460028E2D02846F4F773FFDEE795
:104570000B21F9E770BD70B50446A0F1EC0650F8C8
:104580004C3BE83CD3F8A45001F0F2FB0321204659
:10459000FFF7F2FDA0B108213046F4F7CFFE3DB1A0
:1045A0006B8A13B16B7C9B0702D5284600F029F873
:1045B00030464FF4B872BDE87040002102F0E8BC0C
:1045C00001212046FFF7D8FD0028E4D10F21204625
:1045D000FFF7D2FD0028DED1E1E770B504460D46B5
:1045E0001646F5F707FB38B931462846F5F7C0FA05
:1045F00010B1438A1C43448270BD438A19434182EF
:10460000704710B5037A5B07044601D5EFF744FD08
:1046100020464422BDE81040002102F0B9BC531EE0
:104620001944024411F8013900F8013B9042F9D1D4
:10463000704710B5431E00F11002073013F8011F38
:1046400012F8014D1C7083421170F7D110BDF0B506
:1046500097B014460E462022014605A81D461C9F11
:10466000FFF7DDFF202231460DA8FFF7D8FF2146D6
:10467000102201A88DF85450FFF7D1FF3B4641228C
:1046800005A901A8F5F7B6FB044610B93846FFF7AF
:10469000D0FF204617B0F0BD2DE9F04397B0044697
:1046A000164605A810221D46DDE91F98219FFFF739
:1046B000B6FF1022314609A8FFF7B1FF10222946A4
:1046C0000DA8FFF7ACFF1E99032211A8FFF7A7FF63
:1046D0004946D9F8010011F8013B8DF84730129096
:1046E0008B88ADF84C30062212A8FFF798FF4146A0
:1046F000062211F8013B8DF84E30D8F80130CDF884
:104700004F300DF14F008B88ADF85330FFF787FF26
:104710002146102201A8FFF782FF3B46412205A94E
:1047200001A8F5F767FB044610B93846FFF781FF8B
:10473000204617B0BDE8F083F9F788BB0369C9B21A
:104740000C2202FB0133186C00F00700704770B5B3
:104750000346C9B20069EFF31186402484F312883E
:10476000BFF36F8F0C2505FB0104246C14F0C0040B
:1047700001D0A24211D105FB0100012202640020F8
:1047800086F31188BFF36F8F30B95B680C2202FB90
:1047900001335B689847002070BD4FF0FF30EFE7B2
:1047A0008022FFF7D4BFF8B5069F04690546C9B259
:1047B000EFF3118C402080F31288BFF36F8F0C262B
:1047C00006FB0146306C00F0070EBEF1010F10D160
:1047D000376400268CF31188BFF36F8F3EB90C202D
:1047E00041430C44C4E90E236B685B58984730463C
:1047F000F8BD00F0C00087420CBF6FF077064FF0A5
:10480000FF36E7E713B580240094FFF7CCFF02B032
:1048100010BD10B40069CBB21C2404FB03000021BE
:1048200010BC10471046F9F711BB00F090BBF7F72A
:10483000B3BD4FF4AF60704743685B68D3F8103581
:104840000B600020704743685B6802EA010021EAC0
:104850000201C3F80805C3F80C150020704743682F
:104860005B680020C3F80815704743685B68002048
:10487000C3F80C15704743685B68D3F8042521EA38
:1048800002001140C3F80805C3F80C15002070475A
:1048900030B50369586800B30024884219D108680C
:1048A0008CB99C685860A14200D1986000200860D3
:1048B0002AB15A680A609A68596002B99960002062
:1048C0000FE02846E9E720609868814208BF9C60B5
:1048D000ECE705680446002DF3D1002AE9D16FF01A
:1048E000150030BDF7F77EBE4FF08043D3F80024AB
:1048F00002F00103910748BF43F01003110748BFBE
:1049000043F48073D10348BF43F08003510348BF91
:1049100043F02003510748BF43F00203910348BF0F
:1049200043F08003110348BF43F08003D20248BF25
:1049300043F008030360002070474FF080434FF0BE
:10494000FF32C3F800240020704702780B69012A67
:1049500007D0022A08D052B9DA6403F13C00F9F713
:1049600075BA6FF00D02F7E76FF00A02F4E76FF027
:104970000402F1E738B5044605690122114605F144
:104980002C0001F014F9012205F13C00002101F096
:104990000EF92046BDE83840F6F782BB00692C309E
:1049A000F9F788BA00692C30F9F750BA13B501AAA3
:1049B000044600F02DF8002805DB019B22681979D8
:1049C0001868F6F7A3FB02B010BD70B54568A86A79
:1049D0000368D3F80845D3F80C65F8F7D1FB3146E6
:1049E0002046F8F70FFE00210446E869FFF7DEFFD6
:1049F000A86A00F093FE204670BD10B544680021FF
:104A0000E069FFF7D3FFA06ABDE8104000F086BE62
:104A100030B543681360057A446804EBC504A342CB
:104A200002D36FF0010030BD5C798C4203F10803C2
:104A3000F0D10020F7E710B50469204601F00FF827
:104A40000023636110BD2DE9F041D0F80880D8F84B
:104A500000400646F4B1476897F8264014F0010478
:104A60001FD105694FF0FF334FF0FF322846F9F7A9
:104A7000F9F86B690133012B6B6108D1D8F800306C
:104A800030469847041E08DA6B69013B6B61284683
:104A9000F9F75AF92046BDE8F081F869F6F798FB76
:104AA000F5E70024F6E7F8B587687C6806469CB110
:104AB000436893F82630DB071DD405694FF0FF33B8
:104AC0004FF0FF322846F9F7CDF86B69002B05DC73
:104AD00000242846F9F738F92046F8BD013B6B6100
:104AE000002BF5D17B6830469847041EBEBF6B692A
:104AF00001336B61EDE70024EEE7F0B4D0E9016328
:104B00001B693BB177688F4208DB3568954205DC4D
:104B1000F0BC18476FF05700F0BC70476FF01500FD
:104B2000FAE7F0B4D0E901631B6A3BB137698F4201
:104B300008DBF568954205DCF0BC18476FF05700BC
:104B4000F0BC70476FF01500FAE770B4D0E901626D
:104B5000956A03460C46A5B196F8242012B92B4657
:104B600070BC1847306A024410F8011BA14202D100
:104B700021461846F3E79042F6D16FF0850070BCED
:104B800070476FF05700FAE72DE9F341D0E901478C
:104B90000E4694F825100569FF2980460FD194F838
:104BA000261001F00C01082914D0D8F808301B6B2E
:104BB000003918BF01214BB96FF0570003E0FFF730
:104BC000C4FF0028EBDA02B0BDE8F0814046984708
:104BD0000028F8DBA268B2F1004F05D0114640462C
:104BE000FFF78BFF0028EEDB6269B2F1004F05D0C2
:104BF00011464046FFF795FF0028E4DB2368B3F138
:104C0000004F14D0D8F808305B69002BD4D001A92C
:104C1000404698470028D6DB2268019B9A421CDD5B
:104C200011464046FFF769FF002805DACBE76268C6
:104C30006FF000439A42E5D19EB994F826309B0765
:104C400016D03B68404698470028BCDBA069F6F7C1
:104C5000BFFA6B6901336B610AE062689342EBDD76
:104C6000DEE76B6901336B6194F82630DA0601D414
:104C70000020A8E74046FFF716FFA4E7012303FA48
:104C800001F103691B68194218BF82F0010212B1D9
:104C90008368DB68184783681B69FBE708B54368CE
:104CA000986A38B193F82C100122FFF7E7FF00EA69
:104CB000E07008BD6FF08500FBE743681B68B3F147
:104CC000004F14BF00206FF00100B0FA80F04009DF
:104CD00070470346084631B95B681B68B3F1004F63
:104CE00001D0136070476FF01500704743681B6870
:104CF000B3F1004F1ABF00200B606FF00100704746
:104D00004368986A20B193F82C100022FFF7B6BFD1
:104D10006FF08500704700F150039B009BB203F1D8
:104D2000804303F5883300221A601B68704708B57A
:104D3000F6F74CFB08BD4FF0FF30704708B500692F
:104D400090F83430994207D290F835303BB1C9B26F
:104D5000F8F73EFC002008BD6FF01500FBE76FF090
:104D60000A00F8E71FB5046900230193CA070393FB
:104D7000236B02935CBF012301938B0758BF019BF8
:104D800001A958BF43F00803204658BF019300F023
:104D9000FCFC002806DB204600F006FD012384F819
:104DA0003530002004B010BD10B54FF0FF304FF08B
:104DB000FF31F6F70BFD044628B9DCF7E9F90446A4
:104DC00018B1F6F70BFD204610BDF6F707FD20469B
:104DD000EDF74AFCF7E738B50B8A0D463BB101F118
:104DE0000C00FDF72CFD012818D0022803D06FF02D
:104DF0001504204638BD4FF0FF304FF0FF31F6F775
:104E0000E5FC04460028F4D1E868E5F747FE0446CF
:104E1000F6F7E4FCACB1F6F7F7FCEAE74FF0FF3049
:104E20004FF0FF31F6F7D2FC04460028E1D1E868E4
:104E3000F6F7D2FE0446F6F7D1FC002CD9D1F6F7EE
:104E4000E3FC2846EDF7C6FA0024D2E7F6F72EBEBB
:104E500010B532220446002102F09AF82023237074
:104E60008023A3706FF03F0363710423A372282390
:104E7000A3730223E3730423A3756FF048036376DF
:104E80000323A3766FF01F03E3760E2323773023EB
:104E900084F82030402384F82130792384F82230AC
:104EA0007E2384F82330802384F82630042384F87A
:104EB000273010BD08B50323E5F790F9002008BDA1
:104EC00008B5F7F78BF9002008BD08B5FAF794FF8D
:104ED00048B1002383F31188BFF36F8F0423184672
:104EE00002DF6FF0040008BD08B54FF0FF314FF04E
:104EF000FF30F6F76BFCE8F71EFDBDE80840F6F75B
:104F00006DBC684620F007018D4601B5E4F744F911
:104F1000BDE8014085467047684620F007018D4690
:104F200001B5E4F72DF9BDE80140854670476846B4
:104F300020F007018D4601B5E4F710FFBDE8014000
:104F40008546704708B5E8F71EFC002008BD70478D
:104F5000012802D10020E2F7AFBF70477047E2F7A7
:104F6000A9BD03460020184700F0C2BC10B5024698
:104F70001168B1B1BFF35B8FB1FA81F3C3F11F00C8
:104F80000123834021EA030352E8004F8C4204D1FD
:104F900042E8003CBCF1000FF6D1BFF35B8FE7D1D4
:104FA00010BD6FF00B00FBE710B50368CB40DB07CB
:104FB00014D401238B400268BFF35B8F43EA0201E4
:104FC00050E8004F944204D140E8001CBCF1000FAF
:104FD000F6D1BFF35B8FEED1002010BD6FF015004E
:104FE000FBE7F7B5019001A8DDE9084716461D4625
:104FF000F7F760FA019BB6F1000C18BF4FF0010CF7
:1050000000EB83000B1E18BF0123002D43EA4C0365
:105010000CBF4FF0000C4FF00C0C002C43EA0C03BB
:105020000CBF4FF0000C4FF4E06C002F43EA0C0370
:10503000D0F800270CBF4FF0000C4FF4403C43EA7F
:105040000C0322EA030301B109780EB13678760029
:1050500019430DB12D78AD0031430CB124782402F1
:1050600029430FB13F783F040C433C43C0F800474D
:1050700003B0F0BD1FB50DF10F03019300238DF8B0
:105080000F1000931A461946FFF7ABFF05B05DF805
:1050900004FB10B504460846F7F71CFA04EB40047D
:1050A000207DC0F3401010BD10B504460846F7F748
:1050B00011FA04EB4004207DC0F3400010BD10B590
:1050C00004460846F7F706FA04EB4004A08A400BB2
:1050D00010BD70B5044608461646F7F7FBF90830D0
:1050E0000D4634F81030DA0509D5C3F3432304EB39
:1050F000C302314654F83330526828469847A368B3
:105100002BB1E26831462846BDE87040184770BDB3
:1051100010B504460846F7F7DDF904EB4000838A32
:10512000DA051DD5C3F3432123F4F853838204F138
:10513000120204F1660032F8023F13F4807F03D0BC
:10514000C3F3432399420BD08242F4D104EBC10351
:1051500000225A6004F16C00BDE81040FFF724BF44
:1051600010BDF0B5034600F5807400200546012708
:10517000844695420AD1D3F87C2132B10022C3F88B
:105180007C21D3F87C3140F00040F0BD25F0404652
:1051900007FA06F6314209D0D4F800E0BEF1000F5C
:1051A00004D0C4F800C0D4F800E030430135043422
:1051B000DFE738B504460D46FFF76BFFA8B1204680
:1051C000FFF772FF88B92046FFF779FF22680123B5
:1051D0008340C2F80833236803EB8000D0F8103511
:1051E00023F00303C0F8103538BD28460021BDE880
:1051F0003840FFF73FBF2DE9F043174685B004461E
:105200000846F7F767F9D7F800800E460546B8F16B
:10521000000F1ED02046FFF747FF18B12046FFF7CA
:1052200038FF20BB0023CDE900338DF80E308DF818
:105230000F300DF10F0243460DF10E013046FFF71E
:10524000D0FE04EB4502938A23F0020343F00103EE
:1052500093827B689BB33146204693F80080D3F855
:105260000490FFF721FF28B1B9F1000F1FD06FF0B4
:10527000150027E004EB4500838A23F4604323F004
:1052800020038382B9F1000F11D0B8F1030FEED8DB
:105290007B6821685B6893F800C04FEA8C0319446F
:1052A000B8F1000F11D1C1F81085C1F8108504EBD9
:1052B0004502938A23F01C0343EA88039382BB6868
:1052C00043BB002005B0BDE8F083D1F8102522F0E3
:1052D0000302C1F8102522681344D3F8102522F4E4
:1052E0004F3222F44072C3F810253202D3F8101561
:1052F00002F47C5242EA08420A43C3F8102504EB48
:105300004C03A3F87060838A43EA4C3343F02003D4
:105310008382CCE7D3E9007831462046FFF7F8FED8
:10532000002FCED063689F4206D004F16C00FFF7D7
:105330001DFE002804DAC5E7A3689845F5D10020D2
:1053400004EBC003C3E9017804EB4505C0B2AB8AA6
:1053500043EA402343F48073AB82B2E72DE9F04384
:10536000054685B0084616461F46F7F7B3F80C46C3
:10537000804626B32846FFF797FE18B92846FFF760
:1053800088FE18BB05EB4809B9F8143003F01C037C
:1053900013B17378012B19D001238DF80F3000233E
:1053A000CDE90063721CB31C0DF10F012046FFF71D
:1053B00018FEB9F8143043F00303A9F81430002F95
:1053C0003FD021462846FFF76FFE20B96FF0150049
:1053D00005B0BDE8F0833E782B6803EB860300221E
:1053E000C3F81025C3F8102505EB48024FEA860CD8
:1053F000938A23F4604323F020039382787800B3E8
:105400002968BF7861440004D1F8103523F499135A
:1054100023F4F853C1F81035230200F4403003F4AC
:105420007C5303433805D1F8105500F48010034332
:105430002B43C1F81035938A43EA463343F02003E7
:1054400093820020C4E7C0E90312704770B5044698
:105450001546FFF71EFE48B10846F7F73BF804EB88
:1054600040040020A38A5B0B2B7070BD6FF0150009
:10547000FBE738B590F8804005469CB95422214698
:10548000143001F085FD2868C0F87C41D0F87C31EB
:1054900040F30730ECF7D4FB012385F88030EB664E
:1054A000204638BD6FF07700FBE790F880000038A9
:1054B00018BF01207047F7F747B82DE9F3410446BC
:1054C0001746FFF7E6FD0D462668F0B12046FFF7C8
:1054D000EBFD8046C8B92046FFF7F1FD820002F5DA
:1054E000807346F80380F35823681344D3F81025DB
:1054F00042F00102C3F8102527B12268012383403E
:10550000C2F8043302B0BDE8F081D6F80433002BB2
:10551000A4BF4FF00043C6F804332846F6F7DAFF7D
:1055200004EB4004A38AC3F38203042B12D0052B9F
:1055300012D001A80195F6F7BDFF019BD0F8101518
:10554000D94001F001010231284602B0BDE8F04126
:10555000FFF790BD0321F7E70221F5E7FFF729BE2A
:1055600010B5A1F58074A4080123A34018400AD007
:1055700001F1804101F5E041086820B10020086098
:1055800009680AB9012010BD116819431160F9E7D3
:1055900008B500210120F7F77FF90028F9D008BDF0
:1055A00008B50246F7F718F920B9BDE808401046DB
:1055B000F7F748BA6FF00F0008BD91F820200346B6
:1055C000032A29D8DFE802F0212519028A6850034E
:1055D00004D5D3F84C250869904207D18A68520354
:1055E0001AD4D3F84C258969914215D0002006229F
:1055F000C3F80005C3F800257047D3F84C250869A7
:105600009042F3D1D3F83C25EDE7D3F84C25096956
:10561000EAE7D3F83C25FAE70120704730B5950852
:10562000403D0124AC400C4208D0815831B10021EA
:105630008150825813B11A6822431A6030BD13B5E5
:1056400000230C4601934FF4A47201ABFFF7E6FF71
:1056500021464FF48272FFF7E1FF21464FF4927228
:10566000FFF7DCFF21464FF4A872FFF7D7FF214672
:105670004FF4A672FFF7D2FF21464FF4B072FFF746
:10568000CDFF4FF4AE722146FFF7C8FF019802B07C
:1056900010BD10B44FF080528B68D2F83021CC7B13
:1056A0000D2A04D1B3F1C86F08BF4FF0C46302687C
:1056B0002CB9D1E90041C2F80845C2F80C15C2F86E
:1056C000243543682BB1006810BC40F30730ECF779
:1056D000B7BA10BC704738B50D4690F8261004468E
:1056E000C9B9C160C0E9012380F8291080F82810E9
:1056F00065B1AB7B80F82B302846F7F7FFFC6B7B5E
:1057000084F82A3029462046FFF7C3FF012384F896
:105710002630002038BD6FF07700FBE703680622D3
:10572000C3F80025022380F82630704738B5D1E948
:10573000005104460023C8034FF47A72490CE5F780
:1057400035F82368C3F80C55C3F80405A36863B1A2
:1057500024680023C4F8003144F30730D4F8003142
:10576000ECF76EFA0123C4F8043338BD38B5C0E94C
:105770000223437933B90123437109B1FFF7D6FFFF
:10578000002038BD6FF07700FBE708B543792BB1F7
:10579000022B06D0FFF7CAFF002008BD6FF076008D
:1057A000FBE76FF00F00F8E7036801221A6002239D
:1057B0004371704710B5EFF31184402383F31288CF
:1057C000BFF36F8F0379072B11D80B70013303716F
:1057D00002680978D2F8080501238B400343C2F818
:1057E0000835002084F31188BFF36F8F10BD6FF070
:1057F0000B00F7E70368D3F80414D3F800214AB18B
:105800000022C3F80021D3F80031D0E902324FF46E
:1058100080701847704707B5019001A8F7F7E2FEBE
:10582000019A01239340C0F8083503B05DF804FBEA
:105830000369C26893429CBF81685B18013B981A58
:1058400070472DE9F041D0E902840546A8EB040633
:105850004068964220440F46144404D901F08AFB64
:10586000EC60BDE8F0813246A4EB080401F082FB55
:1058700068682246B919F1E72DE9F843C56806467C
:10588000894617464FF000083369B46870689D4236
:1058900028BF1B19641BBC4203F1FF3328BF3C46E1
:1058A0005B1B9C4228BF1C4649462844224601F007
:1058B00061FBB3682544AB4208BF00253F1BA044F1
:1058C000A144F560E0D14046BDE8F88308B5F7F79C
:1058D000D1FF002008BDEFF31180402383F312882D
:1058E000BFF36F8F704780F31188BFF36F8F7047DE
:1058F00008B1ECF799BD704710B5436904463BB950
:105900000020E268537843F001035370404210BD19
:1059100098470028F4D00028B8BF4042E368FF2829
:10592000A8BFFF201870ECE740B1C368587810F0AA
:1059300001001EBF1878B0FA80F04009704710B41B
:1059400000F10C04C0E9034410BCFCF72BB938B5D6
:105950000446EFF31185402383F31288BFF36F8F62
:10596000EAF702FA04F10C0000F005FB30B1294619
:1059700004F11400BDE8384000F0E2BA85F3118864
:10598000BFF36F8F38BD10B542696AB1836842EAD0
:105990000301890708D10169A2FB011424B95B182E
:1059A0002CBF0121002102D36FF0150005E0C1607A
:1059B0009B1A02698A4201D8002010BDC2681A6091
:1059C0004269C36001319B1AF3E72DE9F0410546B6
:1059D0000F46EFF31188402383F31288BFF36F8FD4
:1059E000C668F6B90468A0421BD0D4B1D4E900322D
:1059F00013605A60237CA66023F002032374C4E979
:105A0000006604F1180000F037FB2046A6676761C6
:105A100000F03CFA414605F10800BDE8F04100F015
:105A20008FBA3E60AB69EF60013BAB6188F31188D0
:105A3000BFF36F8FBDE8F08108B54024EFF3118309
:105A400084F31288BFF36F8FFCF724FEF6E790F91A
:105A50000E308B4201D0F8F729BE00207047034674
:105A60000020C3E90200C3E900337047D0E90032E7
:105A700013605A60027C002322F00202C0E9003366
:105A80000274836070472DE9F843904604469DF800
:105A900020200D46EFF31187402181F31288BFF3D8
:105AA0006F8F02B14568A66804F10809B14515D0A9
:105AB000A6B13046FFF7DAFF002406F1180000F027
:105AC000DBFA3046B467C6F8148000F0DFF94846C8
:105AD000394600F035FA2046BDE8F883A3B1082026
:105AE000F9F7A2FA002832D00122C0F8048002603F
:105AF000016801F003015DB922680A43026062682F
:105B000020606AB960600BE0C8F800304046EFE7FB
:105B10002A68032A10D80160616839B9C4E9000015
:105B2000002087F31188BFF36F8FD5E70A6802F072
:105B3000030202430A60E5E722F003020A4302601F
:105B40002A6802F0030240EA02032B60E8E76FF0E4
:105B50000B00E6E710B5044630B10268930703D0A6
:105B6000446809B100F015FB204610BD0023C0E9D0
:105B7000003300F10803C0E90233704707B5012381
:105B8000009300230A461946FFF77DFF03B05DF836
:105B900004FB07B500230A4600931946FFF773FF7D
:105BA00003B05DF804FB00680021FFF7D3BF3AB1F2
:105BB0008A4205D3C0E90212C0E900000020704704
:105BC0006FF015007047026801238B4022EA03033F
:105BD000036022FA01F000F001007047704710B531
:105BE000032104460C30FFF7EEFF30B104F1100042
:105BF00000F042FAB0FA80F0400910BD20B1002256
:105C000011468C3000F0FFB9704770B5C368C3F31C
:105C100040069B07044616D4856802210C30FFF726
:105C2000D2FF80B1D5F884206AB194421DD1226898
:105C30009EB9D5F88830C5F884209C4201D1C5F8BA
:105C4000882000232360E36813F01F001EBF43F089
:105C50000203E36040F0020070BD3260D5F8882096
:105C6000944208BFC5F88860EBE716461268DBE788
:105C700073B50446EFF31185402383F31288BFF315
:105C80006F8F00230193D0E90423B3F1004F08BFC5
:105C9000012A05D085F31188BFF36F8F02B070BD64
:105CA000A0F1100603210438FFF78DFF0028F1D082
:105CB000A369019301A93046F8F706FAEAE738B577
:105CC00004460D461022002101F062F9656038BDDE
:105CD00013B501900846EFF31184402383F3128833
:105CE000BFF36F8F01A9F8F7EFF984F31188BFF3C1
:105CF0006F8F02B010BD10B5FFF7EAFF041E08DD7C
:105D0000EFF31180402383F31288BFF36F8FF8F70E
:105D100039FD204610BD70B50D46EFF311864023C6
:105D200083F31288BFF36F8FF8F720FA044686F3E7
:105D30001188BFF36F8F38B14FF0FF324FF0FF3350
:105D400005F11000F8F7B6F8204670BD08B5A0229E
:105D5000002101F01DF908BD38B5302204460D467A
:105D6000002101F015F94FF480736560E36038BDE0
:105D700038B50446EFF31185402383F31288BFF34F
:105D80006F8FFFF72CFF2046FFF73FFF85F3118849
:105D9000BFF36F8F38BDF8B504460D46EFF311879A
:105DA000402383F31288BFF36F8FC36803F01F0390
:105DB000002B14BF0126002609D0FFF710FF204654
:105DC000FFF723FF29462046F8F760F9034687F3DB
:105DD0001188BFF36F8F3BB14FF0FF324FF0FF33AD
:105DE00005F10800F8F766F83046F8BDD0E9003252
:105DF00013605A60027C002322F00202C0E90033E3
:105E0000027483607047EFF30580003818BF0120EB
:105E100070476FF05700704700207047D0E900329C
:105E200013605A600023C0E90033704708B5FFF7DC
:105E3000F5FF037C23F0020303740023836008BD95
:105E400038B504460D46F8F78DFB237C43F002037A
:105E50002374D5B1A5602B689D4209D16B68C4E954
:105E600000531C606C6010E06A689A42F6D01B68B0
:105E7000002BF3D093F90E1094F90E209142F3DD2C
:105E80005A68C4E9003214605C6038BD10B5EFF3A5
:105E90001184402383F31288BFF36F8FF8F722FB3E
:105EA00084F31188BFF36F8F10BD08B5EFF3118134
:105EB000402282F31288BFF36F8F83680BB1FFF724
:105EC000B5FF81F31188BFF36F8F08BD08B5037C60
:105ED00013F0280F01460CD183680BB1FFF7A6FF22
:105EE0000B7C23F004030B740846BDE80840F8F768
:105EF000F9BA08BD10B5EFF31184402383F312887B
:105F0000BFF36F8F1838FFF7E1FF84F31188BFF3F9
:105F10006F8F10BD08B50346EFF31181402282F365
:105F20001288BFF36F8F0068834207D008B1FFF774
:105F30007DFF81F31188BFF36F8F08BD0020F8E764
:105F40000846F8F747BB38B504680546AC424FF041
:105F5000000000D138BD002CFCD02046FFF766FFC2
:105F600004F1180000F088F82046F8F7BBFA2C6816
:105F70000120A542EDE710B5EFF31184402383F330
:105F80001288BFF36F8FFFF7DEFF84F31188BFF332
:105F90006F8F10BD38B50C460546F8F78FFCB4F18D
:105FA000FF3F08BFB5F1FF3F1FBF47F6FF73002259
:105FB0004FF47A71E0FB01321ABFD80B40EA42403D
:105FC0004FF0FF3038BD38B50446EFF3118540235C
:105FD00083F31288BFF36F8F037C5B070ED51830F5
:105FE00000F04AF8237C23F0040320462374F8F7DA
:105FF00079FA2846BDE83840F8F7ECBA85F31188FD
:10600000BFF36F8F38BD38B5EFF31185402383F3AD
:106010001288BFF36F8F0468A04212D09CB1A167B1
:1060200062612046FFF702FF04F1180000F024F837
:106030002046F8F757FA012085F31188BFF36F8FD8
:1060400038BD0020F8E72046F6E708B50246F8F725
:10605000A7FD70B1D0E904319B1A61EBE272B3F194
:10606000004F72F1000104DA002AACBF184600208C
:1060700008BD6FF00040FBE738B50246EFF311852D
:10608000402383F31288BFF36F8F0368D3B1F8F70F
:1060900087FD04461046F8F795FD00224FF00043B7
:1060A0008442C0E9042305D0002085F31188BFF3A2
:1060B0006F8F38BDF8F77CFDFFF7C7FF0021F5F7BC
:1060C000E9FAF1E7D0E90413B3F1004F08BF012961
:1060D00004D100204FF00041C2E904016FF0150027
:1060E000E3E708B5F8F776FE08BDF8F773BEB3F13D
:1060F000FF3F08BFB2F1FF3F70B506461D4614468C
:1061000014D01A4316D0002B08DBF8F763FE0419ED
:1061100041EB0501C6E90041304670BD6FF0010357
:106120001C1B4FF0FF3363EB0501F3E74FF0FF3427
:106130002146EFE70024FBE7B3F1FF3F08BFB2F1D0
:10614000FF3FF8B5074616461C4610D054EA020336
:1061500011D0F8F73FFEB0420A46A14103460AD2E9
:10616000F31A64EB0204C7E900343846F8BD4FF077
:10617000FF331C46F7E70023FBE70023C0E90812C2
:1061800000F11802C0E90622C0E90033036343634B
:10619000704720B1011F50F8040CFFF7D8BB7047BF
:1061A0007047FFF75CBC70474FF0FF324FF0FF3392
:1061B000F7F758BDF7F7C8BD00207047704710B516
:1061C000044608B1F9F7DAF82046BDE81040F9F7BF
:1061D000C5B80346C068F8B15888E8B11B8803F415
:1061E0004F42B2F5824F02D0B2F5884F09D1DBB2EF
:1061F000272B2AD008D8172B0FD0222B34D0122BC4
:1062000016D06FF085007047302B2FD0413B012B0B
:10621000F7D8FF2839D100207047C028FBD0E128EB
:10622000F9D0B0F5807F14BF6FF086000020704772
:1062300020F02003C02BEED020F08003B3F5807F48
:10624000E9D040F209239842EDE7E928E3D0EF28AE
:10625000E1D040F21B139842DDD040F299139842EE
:10626000D9D040F23B23EEE7E928F1E720F0200304
:10627000C02BD0D020F04003B3F5807FCBD0B0F559
:10628000C07FC8D0B0F5007FCDE7B0F5E07FCAE7AA
:106290003AB1002918BF0023D21A2121184400F076
:1062A00077BE70472DE9F04F89B09B4600238DF8EB
:1062B0001B30159BDDF85080002B91460B460D4698
:1062C0000CBF4FF400624FF4806207A9DDE912A70A
:1062D000F9F7F6F90446D0B9079E0DF11B02318893
:1062E0002846F9F769FA044688B99DF81B30BB4285
:1062F0001FD8CDE90338CDE901BACDF80090D6E931
:1063000009122B463046F9F7F3FE044608B1C8F8E7
:106310000070D8F800303A4621465046FFF7B8FFE3
:106320000798F9F7CFFE002C18BF204609B0BDE84A
:10633000F08F6FF08904EAE741F2062398421AD8F9
:10634000B0F5905F09D241F2010398420CD0B0F54C
:10635000885F09D06FF085007047A0F5905080B23B
:106360006923C340DB07F5D511F0070F14BF6FF0A9
:10637000860000207047B0F5105FEBD121F040039C
:10638000802B06D0B1F5807F14BF6FF0860000200F
:1063900070470020704770B5446A05460E463CB908
:1063A0000120F8F7D5FF686228B1AE62204670BDC3
:1063B0006FF08A00FBE76FF08C00F8E7F8B51E4637
:1063C0000F4603881546C2B103F4E043B3F5805F7E
:1063D00002D0B3F5005F10D1089BE9001960008876
:1063E000FFF7AAFF044630B92A463946304600F086
:1063F000C1FD079B1D602046F8BD6FF08504FAE7DC
:1064000010B50446406A10B1A16AFFF7D8FE00201B
:10641000C4E9090010BD38B50446FFF7F1FF237F3A
:10642000012B0FD0023B012B0FD8236A012B14BF85
:106430006FF0960500252C220021204600F0A8FDD3
:10644000284638BD236A002BF1E76FF09605F2E786
:1064500038B514460288049D02F4E040B0F5805F30
:1064600007D0B0F5005F04D002F44F42B2F5824F7E
:106470000ED1AC420FD81846224600F07BFD2A1BF5
:106480000021204400F084FD059B00201C6038BDE5
:106490006FF08500FBE76FF08900F8E7F0B50F4675
:1064A00085B01E461546CAB100233360012203A9F8
:1064B000F9F706F9044670B9CDE9005603983B4652
:1064C000D0E9091200F0CEF904460398F9F7FAFD75
:1064D000002C08BF0446204605B0F0BD6FF08904CB
:1064E000F9E770B50488049E154604F4E042B2F55D
:1064F000804F22D124F4405044F2010290420DD04A
:1065000004F44F44B4F5824F08D0B4F5844F05D05D
:10651000B4F5884F02D0B4F58E4F0ED1B5420FD8E6
:1065200018462A4600F026FD721B0021284400F080
:106530002FFD059B00201D6070BD6FF08500FBE7FF
:106540006FF08900F8E7F0B50F4685B01E46154696
:10655000FAB1002333601A4603A9F9F7B1F80446EB
:1065600088B9039803885B0410D5CDE900563B46F3
:10657000D0E9091200F081F904460398F9F7A2FD69
:10658000002C08BF0446204605B0F0BD6FF086041D
:10659000F3E76FF08904F6E710B50368044643B1EA
:1065A00000F0C9F900232360A3886FF30803A380D8
:1065B00010BD1846FCE72DE9FF410C4601689846DE
:1065C0000023054616460393002939D14FF4A872DB
:1065D000083000F0DDFCB8F1000F204633460CBF58
:1065E0004FF400624FF4806203A9F9F769F804469A
:1065F000B8B9039F2A1D39883046F9F7DDF80446FB
:1066000078B96B7968F300036B71D7E909233946D0
:1066100000962846B8F1000F0FD0F9F781FD044627
:1066200010B12846FFF7B8FF0398F9F74BFD002C8F
:1066300018BF204604B0BDE8F081F9F791FDEEE700
:106640006FF08804EDE70123FFF7B5BF38B50368A5
:10665000054614464BB132B100F058F9044610B16A
:106660002846FFF799FF204638BD6FF08804FAE707
:106670002DE9F0411646026805460F469846F2B1EC
:106680004279D2071BD50279CAB1B2421AD800F0BA
:1066900046F9044618B10023C8F800602B7137B1E1
:1066A000D8F80030324621463846FFF7F1FD28463B
:1066B000FFF772FF002C18BF2046BDE8F0816FF095
:1066C0008804E8E76FF08904E5E71FB50124039427
:1066D000089C0294079C0194069C0094FFF7E2FD3D
:1066E00004B010BD2DE9F04788B005469A46002356
:1066F000079325F0004323F47F03B3F1106FDDE926
:106700001096DDF848800846174623D12B464FF4F3
:10671000804207A9F8F7D4FF044660B9CDE90368C1
:10672000CDE901A907980097D0E909122B4600F09E
:106730000AF9044628B131464846F9F7FBF9C8F88A
:1067400000600798F9F7BEFC002C18BF204608B07F
:10675000BDE8F0876FF08604EDE7034608461B8826
:1067600003F4E043B3F5805F114602D0B3F5005F58
:1067700001D1F9F7DFB96FF0850070471C220021C5
:1067800000F006BC034668B1017F8A1E012A0BD8BF
:106790000329026A03D1012A01D1FFF73CBE1AB1D5
:1067A000013A1A62002070476FF096007047C0B23D
:1067B000002814BF6FF0850000207047002070474C
:1067C000704700221A606FF08600704700230B604C
:1067D0006FF0860070472DE9F04147683F0A044694
:1067E0000D461646984611D107887F0407D44346C4
:1067F000324629462046BDE8F041FFF7AEBF00F023
:10680000D1F810F1860FF2D0BDE8F0816FF086006C
:10681000FAE72DE9F04F476885B03F0ADDE90E9AA7
:10682000DDF840B004460D461646984615D1CDE930
:1068300001ABCDF8009000F0A7F810F1860F0ED153
:106840004346324629462046CDE90FABCDF8389075
:1068500005B0BDE8F04FFFF7B1BD6FF0860005B0A1
:10686000BDE8F08F10B44468240A02D110BCFFF7D1
:10687000EFBD6FF0860010BC70472DE9F347476805
:106880003F0ADDE90A9A04460D461646984611D19C
:10689000CDE9009A00F06AF810F1860F0CD143465A
:1068A000324629462046CDE90A9A02B0BDE8F047B3
:1068B000FFF717BE6FF0860002B0BDE8F08713B592
:1068C00004464868000A0AD10498009004F10800C0
:1068D000F9F716FD08B91C23236002B010BD6FF054
:1068E0008600FAE710B404681C2C03D110BC0830F1
:1068F000F9F732BD6FF0860010BC704703681C2B9F
:1069000002D1083000F054B90020704703681C2BF6
:1069100002D1083000F027B96FF08600704710B43C
:1069200004681C2C03D110BC083000F025B96FF0AE
:10693000860010BC704703681C2B02D1083000F0A1
:1069400027B90020704710B44468240A02D110BC53
:1069500000F036B96FF0860010BC704700F0C5B982
:1069600000F0E6B900F031BAF9F71ABC10B40488A7
:1069700004F44F44B4F5824F02D110BC00F04CBA7D
:106980006FF0850010BC704710B4048804F44F44C5
:10699000B4F5824F02D110BC00F06EBA6FF08500E2
:1069A00010BC704710B4048824F0FF04B4F5E24F23
:1069B00002D110BC00F0B3BA6FF0850010BC704774
:1069C000024612F8103B43F3C01303F0870312F89A
:1069D000011D83EA4103904213704FEA1323F6D15D
:1069E00070472DE9FF4705468846144622B3D0F884
:1069F000486100F5947786B9A0444FF010090DF175
:106A00000C0A102CA8EB040237D823463946384626
:106A100000F0F5F9C5F848410EE0C6F110094A4505
:106A20000FD8B91913460846424600F0E8F9D5F8E0
:106A300048312344C5F848310026304604B0BDE84B
:106A4000F087B9F1000F08D0B91942464B46084605
:106A500000F0D5F9103EC844344403AB1022019332
:106A600000923B4639462846FFF73CFF0646002881
:106A7000C2D02846FFF742FFDFE7102339463846E9
:106A800000F0BDF9CDE9009A3B4610223946284670
:106A9000FFF728FF06460028EBD1103CB1E72DE9AF
:106AA000F0439846D0F84831102B174685B004467D
:106AB000894600F5947500F59C721CD1294628463C
:106AC00000F09DF903AB1022019300922B4629465A
:106AD0002046FFF707FF064630B93A4629464846A2
:106AE00000F048FAC8F800702046FFF707FF30466C
:106AF00005B0BDE8F083C618104696F8283183F03B
:106B0000800386F82831FFF75BFF10230246D5E7A4
:106B1000F0B5D5B004460E46174600214FF4A672D4
:106B200001A81D4600F034FA21463B46324601A832
:106B3000F9F75EFB044680B95A9A294601A8FFF787
:106B400050FF044648B9DDE95C235B9901A8FFF7D3
:106B5000A6FF0446204655B0F0BD01A8FFF7CEFEC3
:106B6000F8E7F9F76BBB90F84C31022B01D1FFF736
:106B700038BF6FF08800704710B490F84C41022C79
:106B800002D110BCFFF78BBF6FF0880010BC7047BC
:106B900010B590F84C31022B044607D1FFF7AEFE3A
:106BA0004FF4A8720021204600F0F2F9002010BD39
:106BB00008B54FF49072002100F0EAF9002008BDFA
:106BC00010B4048804F44F44B4F5824F02D110BCD1
:106BD000F9F71CBC6FF0850010BC70472DE9F04F31
:106BE00089B005460E461C4602EB030800F5947A70
:106BF0000DF110090F2CA8EB040704D81CBB0020D2
:106C000009B0BDE8F08FD5F82831002E03F101035B
:106C100003AA4FF0100BC5F8283151460CBF3B4674
:106C20004B460192CDF800B05A462846FFF75AFE6F
:106C30000028E5D12EB15B4632464946384600F081
:106C4000DEF8103CD6E7D5F828310133C5F82831F5
:106C5000102203AB019300920DEB020305F5947132
:106C60002846FFF73FFE0028CAD136B123463246F8
:106C700004A9384600F0C3F8C1E7224604A9384603
:106C800000F078F9BBE72DE9F34105468846164642
:106C90001F460246302301A90020FFF765FE044687
:106CA00058B9019B43450CD33EB1302F0CD83B461D
:106CB00032462946284600F0A2F8204602B0BDE838
:106CC000F0816FF09304F8E76FF08504F5E710B5F5
:106CD0008CB030236A460446FFF780FF18B9694636
:106CE0002046F9F75FFB0CB010BD10B504468CB020
:106CF00000F5A070FFF755FA00213022684600F039
:106D000047F969462046F9F74DFB78B90346024634
:106D10004FF4C0716846FFF7B6FF38B969462046A0
:106D2000FFF7D5FF10B90123C4F838310CB010BDFE
:106D3000F0B500F5A0768DB0044630460F461546F6
:106D4000FFF732FA18B16FF083000DB0F0BDD4F840
:106D50003831A3B3B5F5803F34D8D4F83C211AB903
:106D600042F21072934211D900231A464FF48071F7
:106D70006846FFF788FF0028E7D169462046FFF7FD
:106D8000A6FF0028E1D10123C4F838312B463A464A
:106D900000212046FFF722FF0028D6D101462046D9
:106DA000FFF795FF0028D0D1D4F838310133C4F86B
:106DB00038313046FFF7FEF90028C6D0C3E76FF040
:106DC0008800C2E76FF08600BFE710B50446FFF702
:106DD00095FD04F5A070FFF7E6F94FF4AC720021C1
:106DE000204600F0D5F8002010BD034601440020E5
:106DF00013F8012B8B4240EA0200F9D1704730B5FD
:106E00000B4411F8014B12F8015B994284EA050426
:106E100000F8014BF5D130BDF8B5054614462F8872
:106E200007F4E04CBCF5804F1846DDE9063606D184
:106E30009A421ED800F09EF834600020F8BD47F258
:106E40001212974202D06FF08500F7E76400013418
:106E50009C420ED86B8834600422B3F5807F0270A8
:106E6000F1D10130F9F750FC0028E6D06FF0860030
:106E7000E4E76FF08900E1E72DE9F0411F46038860
:106E8000DDF820800E4644F212118B4215464288EE
:106E90002ED047F212118B423BD102B9EA00B2F573
:106EA000807F36D1202D03D06FF08600BDE8F081C1
:106EB00029463046FFF799FF0028F5D03046F9F70C
:106EC0000FFC0028F0D1D8F8004034F48074EBD1E6
:106ED000069B9D4220D82A463146384600F04AF8A3
:106EE000079B1D604FF48073C8F800302046DDE733
:106EF0001AB9EB07D8D56A08D200B2F5807F08D15D
:106F0000412DD1D13378042BCED1701CF9F7F2FB8F
:106F1000D7E76FF08500C9E76FF08900C6E7F8B5DD
:106F20000C46478801881E4647F21213FD1D994200
:106F30004FEAD50502D06FF08500F8BD954216D80E
:106F400029462046F8F7F6FD0028F6D129462046C6
:106F5000FFF74BFF0028F3D0B7F5807FEBD1204639
:106F6000F9F7BEFB0028EBD120233360E5E76FF093
:106F70008900E2E70A44914200F1FF3300D17047F3
:106F800010B511F8014B03F8014F9142F9D110BD32
:106F900002440346934200D1704703F8011BF9E70E
:106FA000044608B5FAF7A4F92046EBF721F910B525
:106FB00001390244904201D1002005E0037811F824
:106FC000014FA34201D0181B10BD0130F2E710B5EC
:106FD0000139034632B111F8014F03F8014B013A70
:106FE000002CF7D11A440021934200D110BD03F8C0
:106FF000011BF9E710B5024601448A42134603D04B
:107000001C780132002CF8D1181A10BDF0B5C3F16C
:1070100037070446FFB203F01F031046082BE6B201
:1070200033D0102B3ED06508A40844EA817445EAA9
:10703000C1752D194FEA910242EB5102290941EA2B
:1070400002716D1842EB1212290A41EA02616D18B1
:1070500042EB1222290C41EA02416D1842EB124226
:10706000AD1842F10002EC0844EA4274D10804EB86
:107070008402A6EB4205EDB2092D0CD90134A5F12D
:107080000A0541F10001EDB212E0E40844EA41745E
:1070900006F00705C908303554EA010200F8015B23
:1070A000BCD1F0BD240944EA017406F00F050909BA
:1070B000092D84BFED19EDB2EDE7D1E90432934219
:0C70C0001EBF5A1C0A61187070470000C7
:0870CC00B668FE7F0100000020
:1070D400112401000000000000000000B47102004F
:1070E400CD58020000000000BDDB010000000000DC
:1070F400E1DB01000000000000000000EC71020070
:1071040000000000D071020021A80100000000006E
:10711400EDC1010000000000454F02000000000026
:107124000000000008720200000000002472020047
:1071340041B5010000000000290801000000000022
:10714400292201000000000000000000407202003B
:10715400C9C201000000000001DF010000000000BE
:10716400000000005C72020000000000787202005F
:107174004D25010000000000C14E02000000000087
:10718400CB4E0200000000000000000094720200D8
:107194002D2801000000000051150100000000002E
:1071A40061130100000000004F26020000000000EF
:1071B40084B2020078800200907402000E2700203E
:1071C400885D0020D1A5010000000000BDB20200CE
:1071D400908002004474020012270020205E0020E8
:1071E400F5AC010000000000CBB20200A480020054
:1071F40044740200142700202C5E0020F5AC01002A
:1072040000000000ADB20200000000003C74020067
:1072140010270020DC5D002045AA010000000000CA
:107224004FB4020000000000807402001A270020FE
:107234004C26002075B7010000000000C1B5020013
:1072440000000000048102001C270020B05E002022
:10725400DDB901000000000068B202000000000077
:10726400307402000C27002000000000799F010008
:1072740000000000A8B302001C260020687402006D
:1072840016270020385E0020754902000000000027
:1072940034B40200D4800200AC7402001827002029
:0C72A4008C5E002001B201000000000020
:1072B0005F4F0200634F02000000000079260200C9
:1072C0000000000079260200385E002065D401002D
:1072D000000000007926020000000000792602006C
:1072E00094240020E54802005DCF0100634F0200B6
:1072F000000000007926020000000000792602004C
:10730000000000007926020000000000792602003B
:107310000000000079260200DC5D0020B1AA010017
:10732000000000007926020000000000792602001B
:107330004C260020F557020000000000D1B50100E6
:1073400000000000792602000000000079260200FB
:1073500000000000792602000000000079260200EB
:1073600000000000792602000000000079260200DB
:107370000000000079260200000000004DC201005C
:1073800000000000792602000000000079260200BB
:1073900000000000792602000000000079260200AB
:1073A000000000007926020000000000792602009B
:1073B000000000007926020000000000792602008B
:1073C000000000007926020000000000792602007B
:1073D000000000007926020000000000792602006B
:1073E000000000007926020000000000792602005B
:1073F000000000007926020000000000792602004B
:10740000000000007926020000000000792602003A
:10741000000000007926020000000000792602002A
:10742000000000007926020000000000792602001A
:0C7430009DA301004DA1010058020000C6
:08743C00F1A9010041A90100C2
:1074440025AB010039480200474802005F480200AA
:107454006B4802007748020031AD010091480200F8
:047464000000000024
:10746800F5AF01000000000055AE0100000000006B
:0874780000000000CB490200F6
:10748000654D0200374D020005B701003D4D020079
:1074900029A60100A14702000548020000000000E3
:0C74A0003D47020000000000000000005A
:1074AC009D4C0200014D0200BB4C0200D34C02006B
:1074BC0000000000ED4C0200000000000000000085
:1074CC0000000000000000000000000000000000B0
:1074DC0000000000000000000000000000000000A0
:1074EC0005000000D55D010006000000A58E01001E
:0874FC0004000000E170010032
:1075040019F6000035F6000000000000000000003D
:107514000000000000000000000000000000000067
:107524002C7F020008000000187B02000700000006
:10753400447C020005000000A47B02000800000057
:08754400987902000C00000020
:10754C0075B2020003000000DC9102000300000091
:10755C00E5A1020003000000E6A202000300000007
:10756C004FAB020003000000BD96020003000000B8
:10757C0005A702000300000044B002000300000055
:10758C00C4960200030000002CA4020003000000BB
:10759C00DEAC02000300000010A00200030000009B
:1075AC008DA20200030000003CB0020003000000AA
:1075BC0097A8020003000000AD9602000300000033
:1075CC00DEB5020003000000CCB502000300000091
:1075DC0035B00200030000006490020003000000BC
:1075EC009FB20200030000007BB402000300000005
:1075FC00C391020003000000D9B202000300000096
:10760C00B5B30200030000006D8E02000300000001
:10761C0088900200030000008C9002000300000020
:10762C00FC870200030000002C890200030000000C
:10763C000AB60200030000002E96020003000000B0
:10764C0092960200030000009A96020003000000CC
:10765C0030B602000300000002B702000300000075
:10766C00B98F0200030000003FB4020003000000C9
:10767C00878A020003000000A996020003000000A4
:10768C007590020003000000438F0200030000000D
:08769C0061B4020003000000CC
:1076A400EC7A02006C5B00207B9102000100000078
:1076C0000000000003000000300000006000000027
:1076D0000000000000000000102700000000000073
:1076E00002000000F79E0200FC9E0200009F0200C4
:1076F000049F0200089F02000C9F0200109F0200DE
:10770000149F0200189F02001C9F0200209F02008D
:10771000249F0200289F02002C9F0200309F02003D
:10772000349F0200389F02003C9F020001000100CC
:107730000001010000010001000001000100000043
:1077400001000B0002000A00050009000A00080001
:10775000140007001E000600320005004B00040064
:107760006400030096000200FA000100F40100002A
:10777000F401FA00960064004B0032001E00140071
:107780000A000500020001000C0802170D010102A9
:107790000909010106020918180301010909838377
:1077A00085030201230202240910040405050B0BC2
:1077B000040B2B1B1B159A9A1C021D16130501495D
:1077C0000D150508061B1B0F01010000FEFEFEFE45
:1077D000FEFEFEFEFEFEFEFEFEFEFEFEFEFEFEFEC9
:1077E000FE16FEFEFEFEFEFEFEFEFEFEFEFE1F1F5F
:1077F000FE26FEFEFEFEFEFEFEFEFEFEFEFEFEFE81
:10780000FEFEFEFE3E3EFEFEFEFE3B3BA301B1033E
:10781000BF05EF024906A309C505F50B25120000B7
:1078200001000000101100400000000000000000F6
:1078300000000000000000000406080A0C0E1012F0
:107840001416181C1E20222426282A2C2E303234EE
:1078500036383A3C3E40424446484A4C4E021A5062
:1078600000000000280000001800000000000000D8
:10787000141E00003011000000000000701700000E
:10788000A00F00000000DC05E8030000000000007D
:10789000141E00003011000000002CA6E0A1000022
:1078A0003408E803D8ECF0F4F8FC00020304050601
:1078B00007080000000000000000000000000000B9
:1078C00000000000000001010101020202020303A6
:1078D000030304040404050505050606060809005B
:1078E0000000000000000000000000000000000098
:1078F000000000010101010202020203030303046C
:107900000404040505050506060708090A0B0C0D05
:1079100000100200FA00000001030062746C6500B0
:107920000000000000000000000000000000000057
:107930000000000000000000000000000000000047
:107940000000000000000000000000000001000036
:107950000338FDD870470000EDE200000000000091
:107960007DE300007DE20000B48602001087020083
:10797000AB86020000000000FE8802000F890200B2
:107980001D8902005C72020001010203284001010E
:107990000000C2010C00000098820200B53D020008
:1079A0000000000082B70200000001009482020083
:1079B000253F020000000000F0230020000001002D
:1079C00071B702009DF300000000000000000000FD
:1079D0000000010090820200873D0200C979010089
:1079E000CC230020000003008C820200253F02000F
:1079F00000000000C42300200000010060B7020066
:107A00000000000000000000000000000000000076
:107A100088820200873D0200C9790100A02300206E
:107A20000000030084820200253F020000000000E5
:107A300098230020000001004FB702000000000062
:107A40000000000000000000000000008082020032
:107A5000873D0200C9790100742300200000030063
:107A60007C820200253F0200000000006C23002001
:107A7000000001003EB702000000000061F40000B9
:107A8000000000000000020009080000F98B02005D
:107A90000101000006270020030400000227002047
:107AA0009835002000040000CB2302006D23020063
:107AB000020000007B250200000000000000000022
:107AC00000000000000000005B91020063910200D2
:107AD0000000000000000000000000006B910200A8
:107AE0006F91020073910200779102001912010058
:107AF0000D1201003D120100F5110100000000000F
:107B0000011201000000000099120100745B0020C6
:107B1000C463002010000000C4820200B53D0200D2
:107B200000000000C082020000000100BC820200D0
:107B3000253F020000000000142400200000010086
:107B4000B48202001B2602000000000000000000BA
:107B500000000100B0820200253F0200000000008A
:107B60000C24002000000100A8820200E72502008A
:107B7000000000000000000000000100A4820200DC
:107B8000253F020000000000042400200000010046
:107B90009C8202003513010000000000000000007C
:107BA00000000100F4820200B53D02000000000068
:107BB000F082020000000100EC820200253F02007A
:107BC000000000005024002000000100E4820200B8
:107BD00000000000000000000000000000000000A5
:107BE000E0820200873D0200C97901002C240020B8
:107BF00000000300DC820200253F020000000000BC
:107C00002424002000000100D4820200711301002E
:107C1000000000000000000000000100D08202000F
:107C2000253F0200000000001C240020000001008D
:107C3000C882020000000000F913010000000000EB
:107C40000000020010830200B53D020000000000A9
:107C50000C8302000000010008830200253F02009F
:107C6000000000007C2400200000010000830200CE
:107C70008D14010000000000000000000000010061
:107C8000FC820200873D0200C979010058240020CF
:107C900000000300F88202008F3F02000000000095
:107CA0001483020000000100C0200020000000003A
:107CB00000000B0602000000BC7C02000000000077
:107CC0007E96020024000206000000208696020034
:107CD00020000B1184240020B522010000000000C8
:107CE00003270200D87C0200F47C0200000100009F
:107CF00000000000E09C0020D87C0200087D02000B
:107D00002E0000000000000030AA0020D87C0200F5
:107D10001C7D0200020100000000000004AB0020F6
:107D2000409F02005E9F0200799F0200899F02002F
:107D3000969F02009F9F0200A69F0200AD9F020037
:107D4000B49F0200BC9F0200969F0200C49F0200E5
:107D5000D69F0200EB9F0200FE9F02000E03000070
:107D6000513B01000F0400001D3B01001A010000FF
:107D7000C126010005040000D926010013010000FE
:107D8000392901003E010000B12B01000112000061
:107D9000FF2A02000A1E00002D2B0200FF01000036
:107DA000252D01003E010000052D01000504000005
:107DB0002527010008040000A53101003003000060
:107DC0001931010010010000CD270100011200004F
:107DD000313801000A1E0000EB2B020003090000ED
:107DE000C12E0100040B0000E5280100060A000076
:107DF000593A0100070A00009D2701000C05000008
:107E000069270100050C000095390100D87C0200AB
:107E10001C7E0200470000000000000020AC002093
:107E200084A6020091A60200B1A60200A5A6020047
:107E3000BCA60200D3A60200E3A6020054AA0200D8
:107E4000F7A60200D87C0200547E02000000000069
:107E50000000000040AD0020D87C0200687E0200D7
:107E6000000100000000000068AD0020B5310200F4
:107E700007320200000000000000000000000000C7
:107E8000DD600100000000000000000000000000B4
:107E9000000000000202010061370200040401003A
:107EA000C56C010006060100056C01000804010014
:107EB000F16A01000A020100493702000C040100C6
:107EC000313702000E040100CD69010020040100D9
:107ED0003969010010040100496801001202010023
:107EE000D336020016040100316D010018010100B3
:107EF000F56601001E000400F13A02005202000083
:107F0000A9360200D87C0200147F020002010000A2
:107F100000000000E0B00020D87C0200287F0200B2
:107F2000F700000000000000E0B4002048830200D9
:107F3000B53D020000000000448302000000010083
:107F400040830200253F020000000000CC250020F5
:107F50000000010038830200000000000000000063
:107F6000000000000000000034830200873D020092
:107F7000C9790100D42500200000030030830200ED
:107F8000253F020000000000C42500200000010081
:107F900028830200ED3D0200857A01000000000008
:107FA0000000030024830200253F020000000000BF
:107FB000BC250020000001001C830200E57D0100BB
:107FC000000000000000000000000100218E010000
:107FD00077450200859801000000000000000000C5
:107FE00059950100000000000000000000000000A2
:107FF000000000000000000000000000CD8F010024
:10800000060000004343020006000000898B0100C7
:1080100010000000FD8701001000000025980100FD
:108020000100000071410200100000003F43020007
:108030000A000000D18E0100100000003D960100F2
:108040000700000047430200100000003F4202000A
:10805000010000005D8D010040000000E3420200CD
:10806000100000005F420200010000008DA5010029
:108070005DA5010000000000D9A6010059A601007D
:1080800093B202002F4802002B48020099B202006E
:10809000FF030000000300509424002000000000B3
:1080A00001000000FFFFFFFF0000005094240020AB
:1080B000000000000000000000300040C48002000A
:1080C00001000000CC800200020000001400000C3F
:1080D0000E00000B00000080FFFFFF7F000000800B
:1080E00000000080FFFFFF7F000000808813000079
:1080F0000000000017B9020000FF0800EC71020048
:108100000C000000C9B80100A94D0200D74D0200C3
:108110000800000003000000B8B60200C6B6020066
:10812000DAB60200E9B60200F5B60200D470020029
:10813000D4700200347102003C7102009C71020094
:10814000B471020005B70200000100000000000049
:10815000916F0200512563FCC2CAB9F3849E17A730
:10816000ADFAE6BCFFFFFFFFFFFFFFFF00000000CE
:10817000FFFFFFFFAAAAAAAAAAAAAAAAAAAAAAAA0B
:1081800055555555555555555555555500000000F3
:1081900055555555522563FCC2CAB9F3849E17A79D
:1081A000ADFAE6BCFFFFFFFFFFFFFFFF000000008E
:1081B000FFFFFFFF512563FCC2CAB9F3849E17A7D6
:1081C000ADFAE6BCFFFFFFFFFFFFFFFF000000006E
:1081D000FFFFFFFF96C298D84539A1F4A033EB2DDD
:1081E000817D0377F240A463E5E6BCF847422CE1C9
:1081F000F2D1176BF551BF376840B6CBCE5E316B0D
:108200005733CE2B169E0F7C4AEBE78E9B7F1AFED0
:10821000E242E34F4B60D2273E3CCE3BF6B053CC1C
:10822000B0061D65BC86987655BDEBB3E7933AAAB8
:10823000D835C65AFCFFFFFFFFFFFFFFFFFFFFFF20
:10824000000000000000000000000000010000002D
:10825000FFFFFFFF647261676F6F6E2F6C6962735F
:108260002F73636865642F7372632F73636865642B
:108270005F68616C5F7274632E6300000000032806
:108280000000022900000328000002290000032842
:108290000000022900000328000000280000042A32
:1082A0000000042A000003280000012A0000012A1F
:1082B000000003280000002A0000002A0000032814
:1082C00000000018000000280000392A0000392AA8
:1082D000000003280000382A0000382A0000032884
:1082E000000002290000372A0000372A0000032876
:1082F00000000D18000000280000042900000229D9
:108300000000192A0000192A0000032800000F1895
:10831000000000280400AD270100060100002A2B00
:1083200000002A2B000003280000292B0000292B25
:1083300000000328000002290000052A0000052A89
:1083400000000328000001180000002864757479FB
:10835000207365743A20257520732077696E646FE9
:10836000772065766572792025752073202825751C
:108370002525290020706F7765722D6F6E002070A3
:10838000696E0020646562756700206C702D7761EE
:108390006B6500424F54482048454C44204C4F5791
:1083A000202D2D2073686F72746564207261696C72
:1083B000206F7220474E44206272696467650062D4
:1083C0006F74682072656C65617365642C206275DA
:1083D00073206C6F6F6B73206865616C74687900D3
:1083E00053434C2048454C44204C4F57202D2D20C2
:1083F000627269646765206F6E2055352E313120B9
:10840000286E6F20736C6176652063616E20646FE7
:10841000207468697329005344412048454C442026
:108420004C4F57202D2D20737475636B20736C6136
:108430007665206F7220627269646765206F6E20B6
:1084400055352E31300020286170702072657175AD
:10845000657374656429005B424C455D0066696E16
:10846000676572206F6E2C20616371756972696E29
:1084700067006E6F2066696E6765720020286E6FF8
:108480002066696E676572290072696E6720666989
:10849000726D77617265207374617274696E6700C2
:1084A00072657365742063617573653A2057415432
:1084B0004348444F47202830782530387829202DEC
:1084C0002D20746865206D61696E206C6F6F70205F
:1084D00073746F707065642066656564696E67208B
:1084E00069740072657365742063617573653A2001
:1084F000534F46545741524520283078253038781C
:1085000029202D2D20666174616C206572726F7256
:108510002068616E646C6572206F72207379735F7E
:108520007265626F6F740072657365742063617544
:1085300073653A2030782530387825732573257394
:1085400025730069326330206F7220626F6F73741D
:1085500020726567756C61746F72206E6F74207223
:10856000656164790042555320202069646C652060
:108570006C6576656C733A205344412850302E3236
:1085800030293D25642053434C2850302E31342966
:108590003D256420202D3E20257300425553202088
:1085A000207265636F7665722025643A2072633DA0
:1085B0002564202D3E205344413D25642053434CE7
:1085C0003D25640042555320202072656C6561731F
:1085D0006564206166746572202564207265636F2E
:1085E000766572792070617373286573290042552E
:1085F00053202020534441207374696C6C206C6FAD
:1086000077206166746572207265636F7665727932
:10861000202D2D206E6F742061206C61746368655D
:108620006420736C6176653B207375737065637449
:108630002061206272696467652066726F6D2055E3
:10864000352E31302F53444120746F20474E440063
:108650004D41584D3836313631206E6F7420726579
:1086600073706F6E64696E6720617420626F6F74DF
:10867000202D2D2077696C6C2072657472792077BB
:1086800068656E2061206D6561737572656D656EDC
:10869000742077696E646F77206F70656E730073F6
:1086A00074617465202D3E202573006368617267D4
:1086B000696E670069646C650062617474657279E3
:1086C000202564206D56006D6F74696F6E20776190
:1086D0006B6500626F6F737420656E61626C6520FC
:1086E0006661696C65642028256429005050472024
:1086F0007374617274206661696C656420282564F6
:1087000029007374617465202D3E20257325730044
:108710006D6561737572696E6700756E65787065F9
:1087200063746564204649464F2074616720307841
:108730002530327820286461746120257529006213
:1087400065617420202025752E25752062706D00CE
:108750006463202564202061632025642020504923
:108760002025642E25642525202048522025752E9D
:1087700025752062706D20257300646320256420B8
:10878000206163202564202050492025642E256423
:108790002525202028257329004649464F2072654B
:1087A0006164206661696C65642028256429005035
:1087B000504720756E726573706F6E7369766520B1
:1087C0006166746572202564207265616473202D72
:1087D0002D206D61726B696E6720616273656E74C6
:1087E0002C2077696C6C2072652D70726F62652029
:1087F0006E6578742077696E646F77006D61696E5D
:108800000030782530327820207074725F7772697A
:1088100074653D2564202073706C69743D2564285F
:108820003078253032782920207265737461727433
:108830003D2564283078253032782900307825307D
:10884000327820616E73776572656420627574207A
:10885000504152545F4944206973203078253032AA
:10886000782C2065787065637465642030782530D5
:108870003278004D41584D383631363120666F75AB
:108880006E64206174203078253032782028504181
:1088900052545F4944203078253032782C2052459C
:1088A0005620307825303278290077726974652037
:1088B000307825303278203D2030782530327820CD
:1088C0006661696C65642028256429005050472042
:1088D00072756E6E696E673A2025732C20504120A8
:1088E00030782530327820287E25752E2530327557
:1088F000206D41292C2031303020737073004C459D
:10890000443120677265656E203533306E6D004CE2
:10891000454432204952203838306E6D004C454471
:108920003320726564203636306E6D006D61786D6F
:10893000383631363100504D4943202042513235CE
:1089400031323041204030782530327820756E72D7
:108950006561636861626C652028256429202D2D7E
:10896000206E6F7420636F6E666967757265643B15
:10897000206368617267696E672077696C6C206E2E
:108980006F7420776F726B00504D494320206368ED
:10899000617267652063757272656E74202564204C
:1089A0006D41202D3E203230206D4100504D494315
:1089B00020205453206D6F6E69746F722064697348
:1089C00061626C6564202D2D206368617267696E39
:1089D000672077697468206E6F20626174746572B5
:1089E000792074656D7065726174757265206C694B
:1089F0006D69740009636F6E76657273696F6E20BE
:108A0000726573756C74206973206F7574206F665E
:108A10002072616E67650A00636861726765722023
:108A200061747461636865642C206368617267694E
:108A30006E6720656E61626C6564006F6E206261B6
:108A400074746572792C20434420686967682066D5
:108A50006F722049324300504D49432020756E7299
:108A60006561636861626C65202825642900504D4A
:108A70004943202025732028737461747573203056
:108A80007825303278290073656C667465737400DC
:108A90007075626C69630072616E646F6D007075F1
:108AA000626C69632D69640072616E646F6D2D691B
:108AB0006400253032583A253032583A2530325841
:108AC0003A253032583A253032583A25303258203B
:108AD00028257329006F666600636F6E74726F6C71
:108AE0003A205050472073747265616D696E67203B
:108AF000257300636F6E74726F6C3A20494D552078
:108B000073747265616D696E6720257300636F6EA3
:108B100074726F6C3A206D656173757265206E6F4B
:108B20007700636F6E74726F6C3A2064757479208D
:108B30002575207320657665727920257520730070
:108B4000636F6E74726F6C3A20756E6B6E6F776EBA
:108B5000206F70636F646520307825303278006351
:108B60006F6E6E656374656420746F202573006397
:108B70006F6E6E656374696F6E206661696C6564A3
:108B800020283078253032782900646973636F6E4D
:108B90006E65637465642028726561736F6E203042
:108BA0007825303278290062745F656E61626C6589
:108BB000206661696C6564202825642900616476FB
:108BC0006572746973696E67206661696C6564209B
:108BD000746F2073746172742028256429006164A5
:108BE000766572746973696E672061732025732CD2
:108BF00020616464722025730052696E67205050B2
:108C0000470073657276696365733A2048656172DF
:108C10007420526174652C20426174746572792CE1
:108C20002052696E67004C534D36445356313642DC
:108C300058004C534D36445356006E6F20616E738E
:108C400077657220617420307825303278202825AD
:108C5000642900756E657870656374656420574893
:108C60004F5F414D5F4920307825303278002573C1
:108C7000206174203078253032780072656164623A
:108C800061636B2042414E4B3D3078253032782075
:108C900049465F4346473D3078253032782043547B
:108CA000524C313D307825303278205441505F436A
:108CB0004647303D30782530327820494E41435484
:108CC0005F4455523D3078253032780072656164DA
:108CD0006261636B2057414B455F5448533D307888
:108CE000253032782057414B455F4455523D30780E
:108CF00025303278204D44315F4346473D3078255A
:108D00003032782046554E435F454E3D3078253011
:108D10003278006E6F7420696E20746865206D6112
:108D2000696E2072656769737465722062616E6B2B
:108D3000202846554E435F4346475F4143434553D2
:108D4000533D30782530327829202D2D20657665E9
:108D500072792077726974652061626F7665207719
:108D6000656E7420746F207468652077726F6E670B
:108D7000207061676500494E5431206973206F701F
:108D8000656E2D647261696E202849465F434647CF
:108D90003D3078253032782920616E64204143438C
:108DA0005F494E5420686173206E6F2070756C6C43
:108DB0002D7570202D2D2069742063616E206E65E5
:108DC0007665722064726976652068696768004913
:108DD0004E5431206973206163746976652D6C6F20
:108DE00077202849465F4346473D30782530327822
:108DF000292062757420746865204750494F2069A6
:108E0000732061726D656420666F722061207269E3
:108E100073696E6720656467650077616B652063C1
:108E20006F6E66696720646964206E6F7420737466
:108E300069636B0077616B652D6F6E2D6D6F746963
:108E40006F6E2061726D65643A202575206D672014
:108E500028574B5F5448533D257529202D3E204906
:108E60004E5431202D3E2050302E256400696D7502
:108E7000007761746368646F672064657669636511
:108E8000206E6F74207265616479202D2D207275BB
:108E90006E6E696E6720756E70726F74656374654F
:108EA00064007764745F696E7374616C6C5F74697D
:108EB0006D656F7574206661696C65642028256432
:108EC00029202D2D2072756E6E696E6720756E706B
:108ED000726F746563746564007764745F7365743E
:108EE0007570206661696C65642028256429202DD1
:108EF0002D2072756E6E696E6720756E70726F745C
:108F00006563746564007761746368646F6720618A
:108F1000726D65643A202564206D732C2072657330
:108F20006574732074686520536F432C20706175DD
:108F300073657320756E646572206465627567671A
:108F4000657200776474006865617020636F727287
:108F5000757074696F6E20286E6F7420696E20754D
:108F600073653F2920617420257000686561702059
:108F7000636F7272757074696F6E202862756666B1
:108F80006572206F766572666C6F773F2920617419
:108F9000202570006865617020636F72727570744F
:108FA000696F6E2028646F75626C652066726565F6
:108FB0003F29206174202570006F735F68656170C0
:108FC0000028756E7369676E656429206368617235
:108FD000202A207573656420666F72202525702015
:108FE000617267756D656E742E20497427732072E7
:108FF00065636F6D6D656E64656420746F20636179
:10900000737420697420746F20766F6964202A203D
:1090100062656361757365206974206D6179206391
:1090200061757365206D69736265686176696F72D9
:1090300020696E206365727461696E20636F6E666D
:10904000696775726174696F6E732E2053747269EB
:109050006E673A2225732220617267756D656E74A2
:109060003A25640063627072696E74665F70616352
:109070006B616765007379735F6765746F70740007
:109080006C6F6767696E67006C6F67006C6F675F16
:109090006D676D74004D65737361676520282225C7
:1090A0007322292064726F70706564206265636149
:1090B00075736520697420657863656564732073D2
:1090C000697A65206C696D69746174696F6E2028B6
:1090D000257529004D6573736167652064726F7033
:1090E00070656420626563617573652069742065CD
:1090F0007863656564732073697A65206C696D694E
:10910000746174696F6E2028257529000D0A001B93
:109110005B306D00257320005B2530386C755D2059
:10912000005B253032753A253032753A253032757C
:109130002E253033752C253033755D20003C25738A
:109140003E200025732F0025733A20002530327809
:109150002000202020007C002563001B5B313B3376
:10916000316D001B5B313B33336D006572720077EC
:10917000726E00696E6600646267006C6F675F62A2
:1091800061636B656E645F727474006469736162BD
:109190006C656400485253206E6F74696669636140
:1091A00074696F6E732025730048525320435452E4
:1091B0004C20506F696E74205772697474656E200C
:1091C00025640068727300424153204E6F746966D3
:1091D00069636174696F6E73202573006261730047
:1091E0002A2A2A20426F6F74696E67206E524620C9
:1091F000436F6E6E6563742053444B2076332E3478
:109200002E302D393935353330353536303762200B
:109210002A2A2A0A002A2A2A205573696E67205AA8
:109220006570687972204F532076342E342E302D9D
:10923000626638303165346533643139202A2A2A30
:109240000A0072302F61313A20203078253038788A
:10925000202072312F61323A202030782530387842
:10926000202072322F61333A202030782530387830
:109270000072332F61343A2020307825303878203E
:109280007231322F69703A202030782530387820BA
:109290007231342F6C723A202030782530387800C3
:1092A00020787073723A2020307825303878004664
:1092B00061756C74696E6720696E7374727563741E
:1092C000696F6E2061646472657373202872313532
:1092D0002F7063293A2030782530387800556E6831
:1092E000616E646C6564204952516E3A20256400B9
:1092F0002A2A2A2A2A205553414745204641554CBF
:1093000054202A2A2A2A2A0020204469766973696F
:109310006F6E206279207A65726F002020556E6131
:109320006C69676E6564206D656D6F72792061632D
:10933000636573730020204E6F20636F70726F63DC
:109340006573736F7220696E737472756374696F7D
:109350006E73002020496C6C6567616C206C6F61D6
:1093600064206F66204558435F52455455524E2045
:10937000696E746F205043002020496C6C656761F2
:109380006C20757365206F662074686520455053A6
:1093900052002020417474656D707420746F2065D4
:1093A00078656375746520756E646566696E65645D
:1093B00020696E737472756374696F6E002A2A2A4D
:1093C0002A2A20425553204641554C54202A2A2A05
:1093D0002A2A002020537461636B696E67206572CE
:1093E000726F72002020556E737461636B696E67D3
:1093F000206572726F720020205072656369736518
:10940000206461746120627573206572726F7200EE
:1094100020204246415220416464726573733A20B1
:1094200030782578002020496D7072656369736516
:10943000206461746120627573206572726F7200BE
:109440002020496E737472756374696F6E20627543
:1094500073206572726F72002020466C6F617469B0
:109460006E672D706F696E74206C617A79207374E9
:1094700061746520707265736572766174696F6E70
:10948000206572726F72002A2A2A2A2A204D5055AE
:10949000204641554C54202A2A2A2A2A00202053AB
:1094A0007461636B696E67206572726F72202863E6
:1094B0006F6E746578742061726561206D6967688C
:1094C00074206265206E6F742076616C6964290077
:1094D0002020446174612041636365737320566981
:1094E0006F6C6174696F6E0020204D4D46415220B3
:1094F000416464726573733A2030782578002020C7
:10950000496E737472756374696F6E20416363652D
:1095100073732056696F6C6174696F6E0052657366
:10952000657276656420457863657074696F6E2036
:10953000280053707572696F757320696E74657257
:109540007275707420284952512000535053454C75
:1095500020696E20746872656164206D6F64652097
:10956000646F6573206E6F7420696E6469636174E3
:109570006520505350002A2A2A2A2A204841524462
:10958000204641554C54202A2A2A2A2A00202042CB
:109590007573206661756C74206F6E2076656374D8
:1095A0006F72207461626C652072656164002020B6
:1095B0004465627567206576656E7400202046619B
:1095C000756C7420657363616C6174696F6E2028BB
:1095D0007365652062656C6F772900415243485F6F
:1095E000455843455054207769746820726561730B
:1095F0006F6E2025780A002A2A2A2A2A20446562CA
:109600007567206D6F6E69746F7220657863657021
:1096100074696F6E202A2A2A2A2A002A2A2A2A2ACC
:1096200020257320256429202A2A2A2A2A006D70E1
:1096300075004661696C656420746F20616C6C6FA5
:1096400063617465206E6577204D505520726567A3
:10965000696F6E2025750A00506172746974696FB4
:109660006E2025753A20636F686572656E636520AC
:10967000636865636B206661696C65642E00464CA7
:109680004153485F30005352414D5F300065786967
:1096900074006E65745F627566006E65745F6275F6
:1096A000665F73696D706C6500736F630062745FF1
:1096B000727061004254204C572057510062745F11
:1096C0006275660062745F64617461004461746114
:1096D00020627566666572206F766572666C6F775C
:1096E00020286C696E6B2074797065203078253085
:1096F00032782900556E61626C6520746F206C6F42
:109700006F6B20757020636F6E6E207769746820B0
:1097100068616E646C6520257500556E61626C65CC
:1097200020746F206C6F6F6B757020636F6E6E208E
:10973000666F722068616E646C65202575004861F3
:10974000726477617265206572726F722C20686135
:1097500072647761726520636F64653A20256400E6
:10976000436F756C64206E6F74207375626D6974DD
:109770002072785F776F726B3A20256400556E61B6
:10978000626C6520746F20616C6C6F63617465201E
:1097900062756666657200556E68616E646C6564BC
:1097A000206576656E7420307825303278206C65BF
:1097B0006E2025753A20257300657674206E756DD0
:1097C0005F68616E646C657320283D25752920747F
:1097D0006F6F206C617267652028257A75203E20A6
:1097E000257529004E6F20636F6E6E656374696F17
:1097F0006E20666F722068616E646C65202575004E
:109800007061636B65747320636F756E74206D692E
:10981000736D6174636800546F6F20736D616C6C5D
:109820002028257520627974657329206576656E18
:10983000742030782530327800496E76616C696426
:1098400020484349206576656E742073697A6520E7
:109850002825752900496E76616C6964204C452085
:109860006D657461206576656E742073697A652014
:109870002825752900574553545F544F5044495289
:109880002F7A65706879722F7375627379732F629E
:109890006C7565746F6F74682F686F73742F68636D
:1098A000695F636F72652E63006576745F666C61D5
:1098B00067732026202831554C203C3C2028302935
:1098C0002900415353455254494F4E204641494C7B
:1098D000205B25735D20402025733A25640A0049EA
:1098E0006E76616C6964206275662074797065209B
:1098F000257500496E76616C6964204843492041B2
:10990000434C207061636B65742073697A6520280D
:109910002575290041434C2064617461206C656E9B
:10992000677468206D69736D61746368202825759C
:1099300020213D2025752900556E61626C652074DB
:109940006F2066696E6420636F6E6E20666F722092
:1099500068616E646C652025750062745F68636978
:109960005F6576745F6765745F666C6167732868AE
:1099700064722D3E657674292026202831554C20AE
:109980003C3C202831292900556E6B6E6F776E2084
:10999000627566207479706520257500556E686162
:1099A0006E646C65642076656E646F722D7370658D
:1099B0006369666963206576656E7420307825304A
:1099C0003278206C656E2025753A202573004E6F25
:1099D00020636F6D6D616E642073656E7420666FB9
:1099E0007220636D6420636F6D706C6574652030E8
:1099F0007825303478004F70436F646520307825C7
:109A000030347820636F6D706C6574656420696EA6
:109A10007374656164206F66206578706563746532
:109A2000642030782530347800696E746572766110
:109A30006C20657863656564732074686520766161
:109A40006C69642072616E676520257520757300EE
:109A50006C6174656E6379206578636565647320F5
:109A60007468652076616C69642072616E67652038
:109A700030782530347800737570765F74696D6561
:109A80006F757420657863656564732074686520FC
:109A900076616C69642072616E676520307825306C
:109AA0003478004E6F2070656E64696E6720706553
:109AB000726970686572616C20636F6E6E65637445
:109AC000696F6E00556E65787065637465642073A8
:109AD00074617475732030782530327820257300D6
:109AE0004661696C656420746F20736574207265CB
:109AF0007175697265642073656375726974792024
:109B00006C6576656C004E6F206368616E676520DA
:109B1000746F20656E6372797074696F6E207374F0
:109B20006174652028656E637279707420307825C1
:109B30003032782900756E6B6E6F776E005B305D2A
:109B400000484349207472616E73706F72743A20DA
:109B5000257300534443004964656E746974792524
:109B6000733A202573004964656E746974795B25C6
:109B7000645D3A202573004843493A207665727344
:109B8000696F6E202573202830782530327829209F
:109B90007265766973696F6E203078253034782C61
:109BA000206D616E756661637475726572203078C0
:109BB00025303478004C4D503A2076657273696FC9
:109BC0006E2025732028307825303278292073754F
:109BD000627665722030782530347800556E616287
:109BE0006C6520746F2073656E6420746F206472DE
:109BF0006976657220286572722025642900657275
:109C000072203D3D20300009436F6E74726F6C6CA2
:109C1000657220756E726573706F6E736976652CF0
:109C200020636F6D6D616E64206F70636F6465207B
:109C30003078253034782074696D656F75742077BD
:109C4000697468206572722025640A006F70636F02
:109C500064652030782530347820737461747573AE
:109C600020307825303278202573004661696C6594
:109C70006420746F207265616420444C45206D61DE
:109C8000782064617461206C656E0074785F6F6326
:109C900074657473206578636565647320746865A2
:109CA0002076616C69642072616E6765202575009D
:109CB00074785F74696D6520657863656564732089
:109CC0007468652076616C69642072616E676520D6
:109CD0002575004E6F2070656E64696E6720636F36
:109CE0006E6E20666F722070656572202573004E5F
:109CF0006F6E2D4C452063617061626C6520636FEF
:109D00006E74726F6C6C65722064657465637465E3
:109D10006421004E756D206F6620436F6E74726F04
:109D20006C6C657227732041434C207061636B65D6
:109D3000747320213D2041434C2062745F636F6E39
:109D40006E5F747820636F6E746578747320282555
:109D50007520213D202575290041434C2042522F7A
:109D60004544522062756666657273206E6F74207A
:109D7000696E697469616C697A65640056656E64C0
:109D80006F722048434920657874656E73696F6E01
:109D900073206E6F7420617661696C61626C65001E
:109DA000485720506C6174666F726D3A202573209D
:109DB0002830782530347829004857205661726958
:109DC000616E743A20257320283078253034782944
:109DD000004669726D776172653A202573202830DC
:109DE0007825303278292056657273696F6E202588
:109DF000752E2575204275696C64202575004661B5
:109E0000696C656420746F2072656164207375707D
:109E1000706F727465642076656E646F7220636F14
:109E20006D6D616E6473004661696C656420746F6A
:109E3000207265616420737570706F727465642040
:109E400076656E646F722066656174757265730005
:109E500048434920647269766572206973206E6F89
:109E60007420726561647900425420525820575121
:109E70000048434920647269766572206F70656E90
:109E8000206661696C65642028256429004F75741B
:109E9000206F6620636F6D6D616E6420627566660B
:109EA00065727300556E65787065637465642048EB
:109EB0004F53545F4E554D5F434F4D504C455445A5
:109EC000445F5041434B4554532C20737461747567
:109ED000732030782530327820257300556E636CFE
:109EE00065617265642070656E64696E6720736574
:109EF0006E745F636D6400312E306200312E31006C
:109F0000312E3200322E3000322E3100332E30000E
:109F1000342E3000342E3100342E3200352E3000F5
:109F2000352E3100352E3200352E3300352E3400DB
:109F3000362E3000362E3100362E3200362E3300CB
:109F40005374616E6461726420426C7565746F6FE6
:109F5000746820636F6E74726F6C6C657200566506
:109F60006E646F7220737065636966696320636FE6
:109F70006E74726F6C6C6572004669726D77617297
:109F800065206C6F6164657200526573637565204E
:109F9000696D616765007265736572766564006EF0
:109FA0005246353178006E5246353278006E524650
:109FB000353378006E524635344878006E52463557
:109FC000344C7800496E74656C20436F72706F7208
:109FD0006174696F6E004E6F726469632053656DC2
:109FE00069636F6E647563746F72004E58502053CE
:109FF000656D69636F6E647563746F72730045732A
:10A00000707265737369662053797374656D73003C
:10A0100062745F6863695F636F726500636D64207B
:10A02000646973616C6C6F776564004661696C6527
:10A030006420746F2064697361626C65206164647C
:10A0400072657373207265736F6C7574696F6E00DF
:10A050005265736F6C76696E67206C6973742073D8
:10A06000697A652065786365656465642E20537739
:10A0700069746368696E6720746F20686F73742EEB
:10A08000004661696C656420746F20636C65617261
:10A09000207265736F6C7574696F6E206C69737470
:10A0A000004661696C656420746F206164642049B6
:10A0B000524B20746F20636F6E74726F6C6C65729C
:10A0C000005365742070726976616379206D6F64E6
:10A0D0006520636F6D6D616E64206973206E6F74AF
:10A0E00020737570706F72746564004661696C6589
:10A0F0006420746F2073657420707269766163796F
:10A10000206D6F64650044697361626C696E6720DD
:10A1100061646472657373207265736F6C757469C2
:10A120006F6E206661696C656420286572722025F7
:10A130006429004661696C656420746F2072656DE6
:10A140006F76652049524B2066726F6D20636F6E8B
:10A1500074726F6C6C6572004F6E6C792072616EF8
:10A16000646F6D20737461746963206964656E74D3
:10A17000697479206164647265737320737570709B
:10A180006F7274656400496E76616C696420696EF3
:10A1900070757420706172616D65746572730046CC
:10A1A00061696C656420746F2072656164207075EC
:10A1B000626C6963206164647265737300526561E7
:10A1C00064205374617469632041646472657373BD
:10A1D000657320636F6D6D616E64206E6F742061B6
:10A1E0007661696C61626C65004661696C656420CA
:10A1F000746F207265616420737461746963206197
:10A200006464726573736573004E6F207374617458
:10A210006963206164647265737365732073746F1E
:10A2200072656420696E20636F6E74726F6C6C650A
:10A23000720043616E27742073657420626F7468C6
:10A24000204944454E544954592026204E525041ED
:10A2500000556E61626C6520746F207365742069AF
:10A2600064656E74697479206164647265737300E7
:10A27000556E61626C6520746F2073657420726125
:10A280006E646F6D20616464726573730062745FE5
:10A29000696400546F6F206269672061647665723B
:10A2A000746973696E672064617461004661696CEA
:10A2B000656420746F2073746172742061647665C4
:10A2C000727469736572004661696C656420746FAD
:10A2D0002073746F70206164766572746973696E3F
:10A2E000673A2025640062745F61647600466169A4
:10A2F0006C656420746F2067656E6572617465209B
:10A30000454343206B6579202564004661696C658F
:10A310006420746F206578706F7274204543432009
:10A320007075626C6963206B6579202564004661F5
:10A33000696C656420746F206578706F7274204555
:10A3400043432070726976617465206B65792025BE
:10A3500064004661696C656420746F206465737481
:10A36000726F7920454343206B657920494420254D
:10A3700064004661696C656420746F20696D706F5C
:10A380007274207468652070726976617465206BE0
:10A39000657920666F72206B6579206167726565EB
:10A3A0006D656E7420256400526177206B6579209D
:10A3B00061677265656D656E74206661696C656460
:10A3C000202564004661696C656420746F206465B3
:10A3D0007374726F7920746865206B6579202564C9
:10A3E000007073615F696D706F72745F6B6579285F
:10A3F000292072657475726E65642073746174755A
:10A4000073202564004275737920706572666F72DF
:10A410006D696E6720616E6F746865722045434494
:10A4200048206F7065726174696F6E0062745F6559
:10A430006363004661696C656420726561642072C3
:10A44000656D6F746520666561747572657320282B
:10A450002564290050485920307825303278206E04
:10A460006F7420737570706F7274656400466169F3
:10A470006C656420746F207365742064617461205E
:10A480006C656E202825642900556E6578706563BB
:10A49000746564206669727374204C3243415020A5
:10A4A0006672616D6500556E65787065637465648C
:10A4B000204C3243415020636F6E74696E75617435
:10A4C000696F6E004E6F7420656E6F7567682062ED
:10A4D000756666657220737061636520666F7220B1
:10A4E0004C32434150206461746100556E65787050
:10A4F00065637465642041434C20666C616773201A
:10A5000028307825303278290041434C206C656E24
:10A51000206D69736D6174636820282575203E2065
:10A520002575290028756E6B6E6F776E29006E6F2A
:10A53000207472616E736974696F6E2025730049AF
:10A540006E76616C69642028257529206F6C642003
:10A55000737461746500636F6E6E20257020666190
:10A56000696C656420746F2065737461626C6973D3
:10A57000682E205246206E6F6973653F006E6F2013
:10A5800076616C696420282575292073746174656F
:10A59000207761732073657400696E636F6D7061FD
:10A5A0007469626C652068616E646C652025750055
:10A5B00054696D656F757420646973636172646555
:10A5C000642E204E6F20626C6F636B696E6720692A
:10A5D0006E2073797377712E00466174616C20650B
:10A5E00072726F7220282564292E20446973636F6C
:10A5F0006E6E656374696E6720257000466F756EB8
:10A60000642076616C696420636F6E6E6563746943
:10A610006F6E202825702920776974682061646432
:10A620007265737320257320696E202573207374FF
:10A63000617465200053656E64204C452070617222
:10A64000616D20757064617465206661696C656414
:10A650002028657272202564290053656E6420618C
:10A6600075746F204C4520706172616D2075706447
:10A67000617465206661696C65642028657272206A
:10A6800025642900646973636F6E6E656374656425
:10A6900000646973636F6E6E6563742D636F6D70B4
:10A6A0006C657465007363616E2D6265666F7265BB
:10A6B0002D696E6974696174696E6700696E697489
:10A6C000696174696E672D66696C7465722D6C6959
:10A6D0007374006164762D636F6E6E65637461627E
:10A6E0006C65006164762D6469722D636F6E6E65B2
:10A6F000637461626C6500646973636F6E6E656339
:10A7000074696E670062745F636F6E6E00556E6190
:10A71000626C6520746F20616C6C6F63617465207E
:10A7200062756666657220666F72206F7020307881
:10A7300025303278004E6F20617661696C61626C01
:10A7400065204C3243415020636F6E7465787420ED
:10A75000666F7220636F6E6E20257000457870659D
:10A760006374696E6720757020746F202564207291
:10A770006566732C20676F7420256400616C7265B8
:10A7800061647920686176652076696577206F6EEF
:10A79000202570004C32434150206C656E67746810
:10A7A000206D69736D617463682028257520213DD3
:10A7B0002025752900496E76616C6964206964659D
:10A7C0006E742076616C756520696E204C32434151
:10A7D000502050445500496E76616C6964204C45A8
:10A7E00020636F6E6E20706172616D2072737020D5
:10A7F00073697A652028257520213D20257A7529E1
:10A800000052656A656374696E6720756E6B6E6F62
:10A81000776E204C324341502050445520636F6482
:10A82000652030782530327800546F6F20736D6169
:10A830006C6C204C32434150207369676E616C69C7
:10A840006E672050445500546F6F20736D616C6CBF
:10A85000204C324341502050445520726563656955
:10A860007665640049676E6F72696E672064617413
:10A870006120666F7220756E6B6E6F776E206368F5
:10A88000616E6E656C204944203078253034780044
:10A89000636F6E6669670062745F6C32636170003B
:10A8A000415454206368616E6E656C206E6F742035
:10A8B000636F6E6E6563746564004572726F7220BB
:10A8C0007369676E696E6720646174610052616EBE
:10A8D000206F7574206F6620545820627566666517
:10A8E0007273206F7220636F6E74657874732E00BC
:10A8F0004661696C656420746F207375626D69745C
:10A90000206174745F74785F64657374726F795FCB
:10A91000776F726B3A20256400556E61626C65201A
:10A92000746F206372656174652065727220727342
:10A93000702050445500415454204D5455206578A2
:10A940006365656465642C206D61782025752C2015
:10A9500077616E74656420257A7500556E61626C4E
:10A960006520746F20637265617465207273702056
:10A9700050445500546F6F20736D616C6C204154CE
:10A9800054205044552072656365697665640055AE
:10A990006E68616E646C65642041545420636F641A
:10A9A000652030782530327800496E76616C6964B4
:10A9B000206C656E20257520666F7220636F64655C
:10A9C0002030782530327800556E61626C652074D5
:10A9D0006F2063726561746520555549443A207350
:10A9E000697A6520257500556E61626C6520746F0B
:10A9F0002063726561746520555549443A20736936
:10AA00007A65202564004E6F20617661696C616211
:10AA10006C652041545420636F6E746578742066B1
:10AA20006F7220636F6E6E202570004E6F2061760E
:10AA300061696C61626C6520415454206368616E89
:10AA40006E656C20666F7220636F6E6E20257000DD
:10AA50004E6F7420636F6E6E656374656400556E2F
:10AA600061626C6520746F2066696E642041545485
:10AA7000206368616E6E656C00476F74206572724A
:10AA80002025642C206E6F742063616C6C696E6786
:10AA900020415454206362004661696C65642074EF
:10AAA0006F2072652D7375626D69742025733A206D
:10AAB0002564004E6F20415454206368616E6E65BA
:10AAC0006C20666F72204D545520257A75004E6FAC
:10AAD0002070656E64696E67204154542072657100
:10AAE0007565737400446973636F6E6E6563746932
:10AAF0006E67206661696C65642028657272202526
:10AB00006429004154542054696D656F7574206642
:10AB10006F72206465766963652025732E20446911
:10AB200073636F6E6E656374696E672E2E2E0055AB
:10AB30006E61626C6520746F20637265617465205C
:10AB40007265747279205044552028257529006259
:10AB5000745F61747400434D414320757064617487
:10AB600065206661696C656420256400756E6162AC
:10AB70006C6520746F20736176652053433A206EB4
:10AB80006F20636667206C656674004E6F2073707B
:10AB900061636520746F2073746F72652043434353
:10ABA00020636667004E6F20737061636520746F69
:10ABB0002073746F726520436C69656E74205375E1
:10ABC00070706F7274656420466561747572657328
:10ABD00000556E61626C6520746F20696D706F72D4
:10ABE0007420746865206B657920666F722041451A
:10ABF0005320434D414320256400434D4143206F82
:10AC00007065726174696F6E20696E697420666127
:10AC1000696C656420256400434D41432066696E7C
:10AC2000697368206661696C6564202564005265FB
:10AC30006164206D6574686F64206E6F7420736545
:10AC400074004661696C656420746F20726561648C
:10AC5000206174747269627574652025702028659E
:10AC6000727220257A642900496E76616C696420CD
:10AC700072656164206C656E6774683A20257A6439
:10AC800000434343202570206E6F742077726974EF
:10AC900061626C6500534320726573746F72652046
:10ACA000696E6469636174696F6E206661696C6561
:10ACB00064004661696C656420746F20736574205C
:10ACC000736563757269747920666F7220626F6E46
:10ACD00064656420706565722028256429006274AB
:10ACE0005F6761747400556E61626C6520746F20DB
:10ACF00066696E6420534D50206368616E6E656CAA
:10AD0000005075626C6963206B6579206E6F7420EA
:10AD1000617661696C61626C65004661696C65644D
:10AD200020746F2067656E65726174652044484BBE
:10AD300065790043616C63756C61746520636F6E47
:10AD40006669726D206661696C656400556E6B6E34
:10AD50006F776E2070616972696E67206D657468C7
:10AD60006F6420282575290043616C63756C6174DC
:10AD700065204C544B206661696C65640043616CCE
:10AD800063756C617465206C6F63616C2044484B23
:10AD9000657920636865636B206661696C65640032
:10ADA00043616C63756C6174652072656D6F746569
:10ADB0002044484B657920636865636B2066616950
:10ADC0006C65640052656D6F7465207075626C69A6
:10ADD00063206B65792072656A65637465640052EF
:10ADE000656D6F7465206973207573696E672044A3
:10ADF00065627567205075626C6963206B657900C8
:10AE0000526563656976656420696E76616C696414
:10AE1000207075626C6963206B6579004E6F2061EC
:10AE20007661696C61626C6520534D5020636F6E72
:10AE30007465787420666F7220636F6E6E20257063
:10AE400000556E61626C6520746F20676574206BBD
:10AE500065797320666F72202573005468652069D8
:10AE60006E2D70726F67726573732070616972699D
:10AE70006E6720686173206265656E2064656C652D
:10AE80007465642100534D5020646F6573206E6FAC
:10AE90007420616C6C6F7720612070616972696EDB
:10AEA00067206661696C75726520617420746869D9
:10AEB0007320706F696E742E204B6E6F776E2069F1
:10AEC000737375652E20446973636F6E6E6563746A
:10AED000696E6720696E73746561642E00546F6FCC
:10AEE00020736D616C6C20534D502050445520727E
:10AEF0006563656976656400534D5020636F6D6DC1
:10AF0000616E642028636F64652030782530327864
:10AF1000292072656365697665642061667465726F
:10AF20002074696D656F7574005265636569766537
:10AF30006420726573657276656420534D5020639A
:10AF40006F64652030782530327800556E68616E08
:10AF5000646C656420534D5020636F6465203078C5
:10AF60002530327800556E657870656374656420AD
:10AF7000534D5020636F646520307825303278005F
:10AF8000496E76616C6964206964656E7469747970
:10AF9000202573005265667573696E67206E65774C
:10AFA0002070616972696E672E20546865206F6C2D
:10AFB0006420626F6E64206D757374206265207505
:10AFC0006E7061697265642066697273742E0070B8
:10AFD000616972696E67206661696C6564202870BA
:10AFE00065657220726561736F6E203078257829EF
:10AFF000004E6F206B657973207370616365206606
:10B000006F7220257300534D502054696D656F7524
:10B01000742028666C6167733A3078253038782060
:10B02000616C6C6F7765645F636D64733A3078252B
:10B03000303878290062745F736D700062745F6BE2
:10B040006579730062745F63727970746F00466132
:10B05000696C656420746F20696D706F7274204133
:10B060004553206B6579202564004661696C6564F1
:10B0700020746F20636F6D70757465204D4143209F
:10B0800025640043616E6E6F742073746172742066
:10B0900073616D706C696E673A2025640046616962
:10B0A0006C656420746F20696E697469616C697A7B
:10B0B00065206465766963653A2025730046616999
:10B0C0006C656420746F20736574206275666665B4
:10B0D000723A20256400496E76616C69642073655C
:10B0E0006C656374696F6E206F66206368616E6E55
:10B0F000656C73004368616E6E656C202575206E0B
:10B100006F7420636F6E66696775726564004E6F59
:10B11000206368616E6E656C20636F6E666967752B
:10B1200072656400414443207265736F6C75746985
:10B130006F6E2076616C7565202564206973206EC2
:10B140006F742076616C6964004F76657273616D0F
:10B15000706C696E6720697320737570706F72749C
:10B16000656420666F722073696E676C6520636822
:10B17000616E6E656C206F6E6C79004F76657273D0
:10B18000616D706C696E672076616C7565202564F1
:10B19000206973206E6F742076616C696400507250
:10B1A0006F7669646564206275666665722069738E
:10B1B00020746F6F20736D616C6C202825752F25AE
:10B1C000752900496E76616C6964206368616E6EF2
:10B1D000656C2049443A2025640053656C656374AE
:10B1E000656420414443206761696E206973206E65
:10B1F0006F742076616C69640053656C6563746577
:10B200006420414443207265666572656E63652003
:10B210006973206E6F742076616C69640053656C8D
:10B22000656374656420414443206163717569738B
:10B230006974696F6E2074696D65206973206E6F23
:10B24000742076616C69640043616E6E6F74206374
:10B250006F6E666967757265206368616E6E656C96
:10B260002025643A20256400616463403430303026
:10B2700037303030006164635F6E7266785F73618F
:10B2800061646300636C6F636B4034303030303026
:10B290003030006866636C6B006C66636C6B0063D7
:10B2A0006C6F636B5F636F6E74726F6C0072616E54
:10B2B000646F6D4034303030643030300067706916
:10B2C0006F403530303030333030006770696F4058
:10B2D000353030303030303000693263004E6565D3
:10B2E0006420746F207573652074686520696E74BE
:10B2F00065726E616C206472697665722062756633
:10B3000066657220627574206974732073697A654A
:10B3100020697320696E73756666696369656E740A
:10B3200020282575202B202575203E202575292EC7
:10B330002041646A75737420746865207A6570684A
:10B3400079722C636F6E6361742D6275662D7369FB
:10B350007A65206F72207A65706879722C666C61EC
:10B3600073682D6275662D6D61782D73697A65201D
:10B3700070726F70657274792028746865206F6EC2
:10B3800065207769746820677265617465722076DC
:10B39000616C75652920696E2074686520222573AB
:10B3A00022206E6F64652E00693263403430303085
:10B3B00033303030006932635F6E7266785F747765
:10B3C000696D00756E737570706F7274656420734B
:10B3D0007065656400547279696E6720746F2074BB
:10B3E00072616E73666572206D6F7265207468613C
:10B3F0006E20746865206D6178696D756D20736964
:10B400007A6520666F722074686973206465766956
:10B4100063653A202564203E202564004750494F4B
:10B4200020706F72743A202573206E6F74207265DD
:10B4300061647900766C65642D626F6F737400725D
:10B440006567756C61746F725F66697865640077B3
:10B4500061746368646F674034303031303030304D
:10B46000007764745F6E72667800526573657474F9
:10B47000696E672073797374656D00666174616CC1
:10B480005F6572726F7200536F66744465766963AC
:10B490006520436F6E74726F6C6C657220415353FC
:10B4A0004552543A2025732C20256400536F66744E
:10B4B00044657669636520436F6E74726F6C6C656A
:10B4C00072206275696C64207265766973696F6E4B
:10B4D0003A2000456E74726F707920736F757263D5
:10B4E0006520646576696365206E6F74207265619E
:10B4F0006479004661696C656420746F20726567C9
:10B5000069737465722072616E6420736F75726303
:10B5100065202825642900416C6C6F636174656443
:10B52000206D656D6F727920746F6F206C6F773A44
:10B5300020257A75203C202575004576656E74209F
:10B5400062756666657220746F6F20736D616C6CD6
:10B550002E20257A75203E20257500556E65787061
:10B560006563746564206D73675F747970653A20F4
:10B5700025752E20546869732069662D656C736586
:10B58000206E656564732061206E6577206272614C
:10B590006E636800556E6B6E6F776E206572726FAA
:10B5A00072207768656E2070726F63657373696E61
:10B5B0006720686369206D65737361676520256422
:10B5C0000062745F6863695F7364630062745F73D1
:10B5D00064635F6863695F64726976657200627450
:10B5E0005F7364635F63727970746F004D50534C86
:10B5F000204153534552543A2025732C2025640092
:10B600004D50534C20576F726B006D70736C5F69B7
:10B610006E697400556E737570706F727465642016
:10B620004846434C4B206576656E743A202564008D
:10B630006E7266785F636C6F636B5F6D70736C00C6
:10B640005465726D696E616C00556E6B6E6F776ECE
:10B65000206572726F72003E3E3E205A4550485936
:10B660005220464154414C204552524F52202564AD
:10B670003A202573206F6E204350552025640046E4
:10B6800061756C7420647572696E6720696E74658B
:10B6900072727570742068616E646C696E670A00FE
:10B6A00043757272656E74207468726561643A20C5
:10B6B000257020282573290043505520657863653F
:10B6C0007074696F6E00556E68616E646C6564209D
:10B6D000696E7465727275707400537461636B2067
:10B6E0006F766572666C6F77004B65726E656C2065
:10B6F0006F6F7073004B65726E656C2070616E6960
:10B7000063006F7300737973776F726B7100C8DABF
:10B710003098F9F034A44B6EBAD30819CC0CEA5126
:10B72000DA4700286E756C6C29002A666C6F6174AC
:10B730002A0062630204000006083C46505A0221B7
:10B740004D5A6E7B9C3F8D2B4A5C1E0400A1F0027B
:10B75000214D5A6E7B9C3F8D2B4A5C1E0300A1F04D
:10B7600002214D5A6E7B9C3F8D2B4A5C1E0200A12C
:10B77000F002214D5A6E7B9C3F8D2B4A5C1E0100CE
:10B78000A1F002214D5A6E7B9C3F8D2B4A5C1E001E
:10B7900000A1F0206D657373616765732064726F3B
:10B7A00070706564202D2D2D0D0A1B5B306D001B04
:10B7B0005B313B33316D2D2D2D200000FFFFFFFF4E
:10B7C000FFFF00000000000000FFFFFFFFFFFF0081
:10B7D00000000000003031323334353637383961FB
:10B7E00062636465660000000000000010008000D5
:10B7F00000805F9B34FB0104000200000002000097
:10B800000000000000050000000000000000000033
:10B8100000000000000500090909090102090909E1
:10B82000090909090909090907090909090906098D
:10B83000090909090909090909090909090909057C
:10B84000E69D350E480103CCDBFDF4AC1191F4EF1D
:10B85000B9A5F9E9A7832C5E2CBE97F2D203B020DC
:10B860008BD28915D08E1C742430ED8FC24563763F
:10B870005C15525ABF9A32636DEB2A65499C80DC95
:10B880006174745F74785F64657374726F795F77E5
:10B890006F726B5F68616E646C6572000005061FF5
:10B8A0001F2918120308020305080A0008010304EF
:10B8B000010504050906070101060608000001004C
:10B8C0000100030100030202010002000000000069
:10B8D00002030100036C888391AAF5A53860370B39
:10B8E000DB5A6083BE06010501040107020301055E
:10B8F0000202010302050401010102010301040126
:10B90000060108010C01100118012001400180000E
:10B910000102030405060700202A2A2A2A2A2A2AC5
:10B920002A2A2A2A2A2A2A0001090000000D0102D7
:10B9300003040506070800000000000054545220CC
:10B940005245474745530010141400001C20304056
:0CB950001C2000001C20304000400000C3
:10B96400FFFFFFFFFF1F00001F000000000000009A
:10B974001D40000000000000FFFFFFFF1FFF00004C
:10B98400BAABBABA101010100000000000800040DA
:10B9940000000000000000000C0000000000000097
:10B9A40000FF7F000000000095B8000000000000C8
:10B9B400C9B80000000000008D2A0000000000004B
:10B9C400E9B8000000000000A7B800000000000073
:10B9D400AC760000FF000000F8A6000001000000A3
:10B9E4000000000000000000000000000000000053
:10B9F4000000000000000000000000000000000043
:10BA04000000000000000000000000000000000032
:10BA14000000000000000000000000000000000022
:10BA24000000000000000000000000000000000012
:10BA34000000000000000000000000000000000002
:10BA440000000000000000000000000000000000F2
:10BA540000000000000000000000000000000000E2
:10BA640000000000000000000000000000000000D2
:10BA740000000000000000000000000000000000C2
:10BA840000000000000000000000000000000000B2
:10BA940000000000000000000000000000000000A2
:10BAA4000000000000000000AD38010000000000AC
:10BAB4000000000000000000000000000000000082
:10BAC4000000000000000000000000000000000072
:10BAD4000000000000000000000000000000000062
:10BAE4000000000000000000000000000000000052
:10BAF4000000000000000000000000000000000042
:10BB04000000000000000000000000000000000031
:10BB14000000000000000000000000000000000021
:10BB2400000000000000000000000000407202005D
:10BB34000000000094220020942200200000000055
:10BB440001000000A4220020A42200200000000024
:10BB540001000000000000000000000000000000E0
:10BB640000000000000000000000000000000000D1
:10BB740000000000000000000000000000000000C1
:10BB840000000000000000000000000000000000B1
:10BB940000000000000000000000000000000000A1
:10BBA4000000000000000000000000000000000091
:10BBB4000000000000000000000000000000000081
:10BBC4000000000000000000000000000000000071
:10BBD4000000000041C3010000000000000100005B
:10BBE4000000000000000000000000000000000051
:10BBF4000000000000000000000000000000000041
:10BC040060EA0000983A0000FFFFFFFF3EB7020021
:10BC140000000C0000000000000000000000000014
:10BC240000000000000000000000000051F40000CB
:10BC340000000000000000004FB7020000001000E8
:10BC440000000000000000000000000000000000F0
:10BC5400000000000000000041F4000000000000AB
:10BC64000000000060B702000000100000000000A7
:10BC740000000000000000000000000000000000C0
:10BC84000000000031F4000000000000000000008B
:10BC940071B7020000001200FFFFFFFFC31C020087
:10BCA4008D230200A082020000000200AC82020088
:10BCB40000000200B882020000000200CC820200F0
:10BCC40000000800D882020000000200000000000A
:10BCD4000000000000000000000000000000000060
:10BCE400000000008D1301000000000000000000AF
:10BCF400E8820200000010000000000000000000C4
:10BD0400000000000000000000000000000000002F
:10BD1400B5140100000000000000000004830200CC
:10BD24000000120000000000F926020000000000DC
:10BD3400000000000060004000000000000000005F
:10BD440000000000000000000000000000000000EF
:10BD540000000000000000000000000000000000DF
:10BD640000000000000000000000000000000000CF
:10BD740000000000000000000000000000000000BF
:10BD840000000000000000000000000000000000AF
:10BD9400000000000000000000000000000000009F
:10BDA400000000000000000000000000000000008F
:10BDB400000000000000000000000000CD3B010076
:10BDC400000000000000000000000000D12B010072
:10BDD400000000000000000000000000F94A01001B
:10BDE400000000000000000000000000B94901004C
:10BDF400000000000000000000000000ED530100FE
:10BE0400000000000000000000000000314F0100AD
:10BE1400000000000000000008B700200000EE0150
:10BE240008B700208563010055750100B57601004F
:10BE34000000000000000000CD650100A1390200EF
:10BE44006B3A02006563010000000000000000007E
:10BE5400597201000000000000000000208302006D
:10BE6400000002002C83020000000A003C83020050
:10BE7400000020000000000000000000000000009E
:10BE840000000000000000000000000000000000AE
:10BE94005D3E020000000000F8250020F825002087
:10BEA40000000000000000000E0000000C2600202E
:10BEB4000C260020F994010000000000000000009E
:10BEC4000000000000009801000001014B4902003D
:10BED4001000000035AE0100B8800200FF640020AD
:10BEE400FFFF00000000000000000000000001400F
:10BEF400000000000000000000000000000000003E
:10BF0400000000000000000000000000000000002D
:10BF1400000000000000000000000000000000001D
:10BF2400000000000090D003FF0000009002000019
:10BF34009026002090260020982600209826002095
:10BF440000000000000000000E00000000000000DF
:10BF5400B0260020B02600200000000000000000F1
:10BF64000E00000000000000C8260020C8260020A3
:10BF740000000000000000000E00000000000000AF
:10BF8400E0260020E0260020000000000000000061
:10BF94000E00000000000000BD610200B961020053
:09BFA400FFFF0D180F18066401DF
:10BFAD000000000000000000000000000000000084
:07BFBD00000000000000007D
:10BFC400000000000000000000000000000000006D
:10BFD400000000000000000000000000000000005D
:10BFE400000000000000000000000000000000004D
:08BFF400000000000000000045
:04BFFC000000000041
:10C000005C2700205C27002060B4002000000000B6
:10C01000010000002C000000000000007827002034
:10C0200078270020409C0020000000000100000054
:10C03000A0000000000000009427002094270020AA
:10C040008CB4002000000000030000001C00000071
:04C0500000000000EC
:10C05400B0270020B02700200000000000000000EE
:04C064000E000000CA
:10C06800C4270020C42700200000000001000000B1
:10C07800D4270020D427002000000000FFFFFFFF86
:10C088000000000000000000EC270020EC27002042
:10C098000000000000000000FC270020FC27002012
:10C0A800030003001000000000000000587E02009A
:10C0B80068B00020000000000000000020280020D8
:10C0C8002028002003000300100000000163010085
:10C0D800047F0200E8B30020000000000000000018
:10C0E800442800204428002003000300000000002A
:10C0F80000000000F87C0200BCAA0020000000003C
:10C1080000000000682800206828002001000100C5
:10C1180010000000394E0100447E020040AD0020AE
:10C1280000000000000000008C2800208C2800205F
:10C138000300030000000000000000000C7E020065
:10C14800F8AC00200000000000000000B02800202B
:10C15800B02800200C000C00040000000526010097
:10C16800E47C0200E0A800200000000000000000BD
:10C17800D4280020D4280020020002000400000077
:10C1880000000000187F0200D0B600200000000068
:10C1980000000000F8280020F82800200100010015
:10C1A80000000000000000000C7D020008AC002028
:04C1B80015E015E099
:0400000310001B418D
:00000001FF
